# Unreal legacy OBJ adapter: canonical vertices are UE cm; this file is written with Y reflected and triangle winding reversed. One object, no g groups, so the importer creates exactly one material slot.
# OldCityFacadesV1 20260908T024235646425Z
# source jerusalem.json sha256 76a2b76c0d97f45db7e532b3adbe8b58c02956fa0d3de73db71e31e097ea6463
# alignment UEcm = ((x+17.509700315687695)*50, (z-0.551349644938533)*50, y*50) - already baked, never reapplied
# shell standoff 6.0 cm outside every imported face
# AUTHORED detail: invented Old City massing, not survey
o SM_OldCityInfill_Grid_N008_P004
s off
v -73355.77 -47397.24 2892.35
v -71945.77 -47396.30 2892.35
v -71944.80 -48853.30 2892.35
v -73354.80 -48854.24 2892.35
v -73355.77 -47397.24 3852.35
v -71945.77 -47396.30 3852.35
v -71944.80 -48853.30 3852.35
v -73354.80 -48854.24 3852.35
v -73211.53 -47385.14 2982.35
v -73111.53 -47385.08 2982.35
v -73111.53 -47385.08 3162.35
v -73211.53 -47385.14 3162.35
v -73211.54 -47371.14 2982.35
v -73111.54 -47371.08 2982.35
v -73111.54 -47371.08 3162.35
v -73211.54 -47371.14 3162.35
v -73197.53 -47385.14 2996.35
v -73125.53 -47385.09 2996.35
v -73125.53 -47385.09 3148.35
v -73197.53 -47385.14 3148.35
v -73197.54 -47371.14 2996.35
v -73125.54 -47371.09 2996.35
v -73125.54 -47371.09 3148.35
v -73197.54 -47371.14 3148.35
v -73211.53 -47385.14 3302.35
v -73111.53 -47385.08 3302.35
v -73111.53 -47385.08 3482.35
v -73211.53 -47385.14 3482.35
v -73211.54 -47371.14 3302.35
v -73111.54 -47371.08 3302.35
v -73111.54 -47371.08 3482.35
v -73211.54 -47371.14 3482.35
v -73197.53 -47385.14 3316.35
v -73125.53 -47385.09 3316.35
v -73125.53 -47385.09 3468.35
v -73197.53 -47385.14 3468.35
v -73197.54 -47371.14 3316.35
v -73125.54 -47371.09 3316.35
v -73125.54 -47371.09 3468.35
v -73197.54 -47371.14 3468.35
v -72871.03 -47384.92 2982.35
v -72771.03 -47384.85 2982.35
v -72771.03 -47384.85 3162.35
v -72871.03 -47384.92 3162.35
v -72871.04 -47370.92 2982.35
v -72771.04 -47370.85 2982.35
v -72771.04 -47370.85 3162.35
v -72871.04 -47370.92 3162.35
v -72857.03 -47384.91 2996.35
v -72785.03 -47384.86 2996.35
v -72785.03 -47384.86 3148.35
v -72857.03 -47384.91 3148.35
v -72857.04 -47370.91 2996.35
v -72785.04 -47370.86 2996.35
v -72785.04 -47370.86 3148.35
v -72857.04 -47370.91 3148.35
v -72871.03 -47384.92 3302.35
v -72771.03 -47384.85 3302.35
v -72771.03 -47384.85 3432.35
v -72796.03 -47384.87 3475.65
v -72846.03 -47384.90 3475.65
v -72871.03 -47384.92 3432.35
v -72871.04 -47370.92 3302.35
v -72771.04 -47370.85 3302.35
v -72771.04 -47370.85 3432.35
v -72796.04 -47370.87 3475.65
v -72846.04 -47370.90 3475.65
v -72871.04 -47370.92 3432.35
v -72857.03 -47384.91 3316.35
v -72785.03 -47384.86 3316.35
v -72785.03 -47384.86 3432.35
v -72803.03 -47384.87 3463.52
v -72839.03 -47384.89 3463.52
v -72857.03 -47384.91 3432.35
v -72857.04 -47370.91 3316.35
v -72785.04 -47370.86 3316.35
v -72785.04 -47370.86 3432.35
v -72803.04 -47370.87 3463.52
v -72839.04 -47370.89 3463.52
v -72857.04 -47370.91 3432.35
v -72530.53 -47384.69 2982.35
v -72430.53 -47384.62 2982.35
v -72430.53 -47384.62 3162.35
v -72530.53 -47384.69 3162.35
v -72530.54 -47370.69 2982.35
v -72430.54 -47370.62 2982.35
v -72430.54 -47370.62 3162.35
v -72530.54 -47370.69 3162.35
v -72516.53 -47384.68 2996.35
v -72444.53 -47384.63 2996.35
v -72444.53 -47384.63 3148.35
v -72516.53 -47384.68 3148.35
v -72516.54 -47370.68 2996.35
v -72444.54 -47370.63 2996.35
v -72444.54 -47370.63 3148.35
v -72516.54 -47370.68 3148.35
v -72530.53 -47384.69 3302.35
v -72430.53 -47384.62 3302.35
v -72430.53 -47384.62 3482.35
v -72530.53 -47384.69 3482.35
v -72530.54 -47370.69 3302.35
v -72430.54 -47370.62 3302.35
v -72430.54 -47370.62 3482.35
v -72530.54 -47370.69 3482.35
v -72516.53 -47384.68 3316.35
v -72444.53 -47384.63 3316.35
v -72444.53 -47384.63 3468.35
v -72516.53 -47384.68 3468.35
v -72516.54 -47370.68 3316.35
v -72444.54 -47370.63 3316.35
v -72444.54 -47370.63 3468.35
v -72516.54 -47370.68 3468.35
v -72190.03 -47384.46 2982.35
v -72090.03 -47384.39 2982.35
v -72090.03 -47384.39 3162.35
v -72190.03 -47384.46 3162.35
v -72190.04 -47370.46 2982.35
v -72090.04 -47370.39 2982.35
v -72090.04 -47370.39 3162.35
v -72190.04 -47370.46 3162.35
v -72176.03 -47384.45 2996.35
v -72104.03 -47384.40 2996.35
v -72104.03 -47384.40 3148.35
v -72176.03 -47384.45 3148.35
v -72176.04 -47370.45 2996.35
v -72104.04 -47370.40 2996.35
v -72104.04 -47370.40 3148.35
v -72176.04 -47370.45 3148.35
v -72190.03 -47384.46 3302.35
v -72090.03 -47384.39 3302.35
v -72090.03 -47384.39 3482.35
v -72190.03 -47384.46 3482.35
v -72190.04 -47370.46 3302.35
v -72090.04 -47370.39 3302.35
v -72090.04 -47370.39 3482.35
v -72190.04 -47370.46 3482.35
v -72176.03 -47384.45 3316.35
v -72104.03 -47384.40 3316.35
v -72104.03 -47384.40 3468.35
v -72176.03 -47384.45 3468.35
v -72176.04 -47370.45 3316.35
v -72104.04 -47370.40 3316.35
v -72104.04 -47370.40 3468.35
v -72176.04 -47370.45 3468.35
v -71933.67 -47546.41 2982.35
v -71933.61 -47646.41 2982.35
v -71933.61 -47646.41 3162.35
v -71933.67 -47546.41 3162.35
v -71919.67 -47546.40 2982.35
v -71919.61 -47646.40 2982.35
v -71919.61 -47646.40 3162.35
v -71919.67 -47546.40 3162.35
v -71933.66 -47560.41 2996.35
v -71933.62 -47632.41 2996.35
v -71933.62 -47632.41 3148.35
v -71933.66 -47560.41 3148.35
v -71919.66 -47560.40 2996.35
v -71919.62 -47632.40 2996.35
v -71919.62 -47632.40 3148.35
v -71919.66 -47560.40 3148.35
v -71933.67 -47546.41 3302.35
v -71933.61 -47646.41 3302.35
v -71933.61 -47646.41 3432.35
v -71933.62 -47621.41 3475.65
v -71933.66 -47571.41 3475.65
v -71933.67 -47546.41 3432.35
v -71919.67 -47546.40 3302.35
v -71919.61 -47646.40 3302.35
v -71919.61 -47646.40 3432.35
v -71919.62 -47621.40 3475.65
v -71919.66 -47571.40 3475.65
v -71919.67 -47546.40 3432.35
v -71933.66 -47560.41 3316.35
v -71933.62 -47632.41 3316.35
v -71933.62 -47632.41 3432.35
v -71933.63 -47614.41 3463.52
v -71933.65 -47578.41 3463.52
v -71933.66 -47560.41 3432.35
v -71919.66 -47560.40 3316.35
v -71919.62 -47632.40 3316.35
v -71919.62 -47632.40 3432.35
v -71919.63 -47614.40 3463.52
v -71919.65 -47578.40 3463.52
v -71919.66 -47560.40 3432.35
v -71933.44 -47898.66 2982.35
v -71933.37 -47998.66 2982.35
v -71933.37 -47998.66 3162.35
v -71933.44 -47898.66 3162.35
v -71919.44 -47898.65 2982.35
v -71919.37 -47998.65 2982.35
v -71919.37 -47998.65 3162.35
v -71919.44 -47898.65 3162.35
v -71933.43 -47912.66 2996.35
v -71933.38 -47984.66 2996.35
v -71933.38 -47984.66 3148.35
v -71933.43 -47912.66 3148.35
v -71919.43 -47912.65 2996.35
v -71919.38 -47984.65 2996.35
v -71919.38 -47984.65 3148.35
v -71919.43 -47912.65 3148.35
v -71933.44 -47898.66 3302.35
v -71933.37 -47998.66 3302.35
v -71933.37 -47998.66 3432.35
v -71933.39 -47973.66 3475.65
v -71933.42 -47923.66 3475.65
v -71933.44 -47898.66 3432.35
v -71919.44 -47898.65 3302.35
v -71919.37 -47998.65 3302.35
v -71919.37 -47998.65 3432.35
v -71919.39 -47973.65 3475.65
v -71919.42 -47923.65 3475.65
v -71919.44 -47898.65 3432.35
v -71933.43 -47912.66 3316.35
v -71933.38 -47984.66 3316.35
v -71933.38 -47984.66 3432.35
v -71933.39 -47966.66 3463.52
v -71933.42 -47930.66 3463.52
v -71933.43 -47912.66 3432.35
v -71919.43 -47912.65 3316.35
v -71919.38 -47984.65 3316.35
v -71919.38 -47984.65 3432.35
v -71919.39 -47966.65 3463.52
v -71919.42 -47930.65 3463.52
v -71919.43 -47912.65 3432.35
v -71933.20 -48250.91 2982.35
v -71933.13 -48350.91 2982.35
v -71933.13 -48350.91 3162.35
v -71933.20 -48250.91 3162.35
v -71919.20 -48250.90 2982.35
v -71919.13 -48350.90 2982.35
v -71919.13 -48350.90 3162.35
v -71919.20 -48250.90 3162.35
v -71933.19 -48264.91 2996.35
v -71933.14 -48336.91 2996.35
v -71933.14 -48336.91 3148.35
v -71933.19 -48264.91 3148.35
v -71919.19 -48264.90 2996.35
v -71919.14 -48336.90 2996.35
v -71919.14 -48336.90 3148.35
v -71919.19 -48264.90 3148.35
v -71933.20 -48250.91 3302.35
v -71933.13 -48350.91 3302.35
v -71933.13 -48350.91 3482.35
v -71933.20 -48250.91 3482.35
v -71919.20 -48250.90 3302.35
v -71919.13 -48350.90 3302.35
v -71919.13 -48350.90 3482.35
v -71919.20 -48250.90 3482.35
v -71933.19 -48264.91 3316.35
v -71933.14 -48336.91 3316.35
v -71933.14 -48336.91 3468.35
v -71933.19 -48264.91 3468.35
v -71919.19 -48264.90 3316.35
v -71919.14 -48336.90 3316.35
v -71919.14 -48336.90 3468.35
v -71919.19 -48264.90 3468.35
v -71932.96 -48603.16 2982.35
v -71932.90 -48703.16 2982.35
v -71932.90 -48703.16 3162.35
v -71932.96 -48603.16 3162.35
v -71918.96 -48603.15 2982.35
v -71918.90 -48703.15 2982.35
v -71918.90 -48703.15 3162.35
v -71918.96 -48603.15 3162.35
v -71932.95 -48617.16 2996.35
v -71932.91 -48689.16 2996.35
v -71932.91 -48689.16 3148.35
v -71932.95 -48617.16 3148.35
v -71918.95 -48617.15 2996.35
v -71918.91 -48689.15 2996.35
v -71918.91 -48689.15 3148.35
v -71918.95 -48617.15 3148.35
v -71932.96 -48603.16 3302.35
v -71932.90 -48703.16 3302.35
v -71932.90 -48703.16 3432.35
v -71932.91 -48678.16 3475.65
v -71932.95 -48628.16 3475.65
v -71932.96 -48603.16 3432.35
v -71918.96 -48603.15 3302.35
v -71918.90 -48703.15 3302.35
v -71918.90 -48703.15 3432.35
v -71918.91 -48678.15 3475.65
v -71918.95 -48628.15 3475.65
v -71918.96 -48603.15 3432.35
v -71932.95 -48617.16 3316.35
v -71932.91 -48689.16 3316.35
v -71932.91 -48689.16 3432.35
v -71932.92 -48671.16 3463.52
v -71932.94 -48635.16 3463.52
v -71932.95 -48617.16 3432.35
v -71918.95 -48617.15 3316.35
v -71918.91 -48689.15 3316.35
v -71918.91 -48689.15 3432.35
v -71918.92 -48671.15 3463.52
v -71918.94 -48635.15 3463.52
v -71918.95 -48617.15 3432.35
v -72089.04 -48865.39 2982.35
v -72189.04 -48865.46 2982.35
v -72189.04 -48865.46 3162.35
v -72089.04 -48865.39 3162.35
v -72089.03 -48879.39 2982.35
v -72189.03 -48879.46 2982.35
v -72189.03 -48879.46 3162.35
v -72089.03 -48879.39 3162.35
v -72103.04 -48865.40 2996.35
v -72175.04 -48865.45 2996.35
v -72175.04 -48865.45 3148.35
v -72103.04 -48865.40 3148.35
v -72103.03 -48879.40 2996.35
v -72175.03 -48879.45 2996.35
v -72175.03 -48879.45 3148.35
v -72103.03 -48879.40 3148.35
v -72089.04 -48865.39 3302.35
v -72189.04 -48865.46 3302.35
v -72189.04 -48865.46 3482.35
v -72089.04 -48865.39 3482.35
v -72089.03 -48879.39 3302.35
v -72189.03 -48879.46 3302.35
v -72189.03 -48879.46 3482.35
v -72089.03 -48879.39 3482.35
v -72103.04 -48865.40 3316.35
v -72175.04 -48865.45 3316.35
v -72175.04 -48865.45 3468.35
v -72103.04 -48865.40 3468.35
v -72103.03 -48879.40 3316.35
v -72175.03 -48879.45 3316.35
v -72175.03 -48879.45 3468.35
v -72103.03 -48879.40 3468.35
v -72429.54 -48865.62 2982.35
v -72529.54 -48865.69 2982.35
v -72529.54 -48865.69 3162.35
v -72429.54 -48865.62 3162.35
v -72429.53 -48879.62 2982.35
v -72529.53 -48879.69 2982.35
v -72529.53 -48879.69 3162.35
v -72429.53 -48879.62 3162.35
v -72443.54 -48865.63 2996.35
v -72515.54 -48865.68 2996.35
v -72515.54 -48865.68 3148.35
v -72443.54 -48865.63 3148.35
v -72443.53 -48879.63 2996.35
v -72515.53 -48879.68 2996.35
v -72515.53 -48879.68 3148.35
v -72443.53 -48879.63 3148.35
v -72429.54 -48865.62 3302.35
v -72529.54 -48865.69 3302.35
v -72529.54 -48865.69 3482.35
v -72429.54 -48865.62 3482.35
v -72429.53 -48879.62 3302.35
v -72529.53 -48879.69 3302.35
v -72529.53 -48879.69 3482.35
v -72429.53 -48879.62 3482.35
v -72443.54 -48865.63 3316.35
v -72515.54 -48865.68 3316.35
v -72515.54 -48865.68 3468.35
v -72443.54 -48865.63 3468.35
v -72443.53 -48879.63 3316.35
v -72515.53 -48879.68 3316.35
v -72515.53 -48879.68 3468.35
v -72443.53 -48879.63 3468.35
v -72770.04 -48865.85 2982.35
v -72870.04 -48865.92 2982.35
v -72870.04 -48865.92 3162.35
v -72770.04 -48865.85 3162.35
v -72770.03 -48879.85 2982.35
v -72870.03 -48879.92 2982.35
v -72870.03 -48879.92 3162.35
v -72770.03 -48879.85 3162.35
v -72784.04 -48865.86 2996.35
v -72856.04 -48865.91 2996.35
v -72856.04 -48865.91 3148.35
v -72784.04 -48865.86 3148.35
v -72784.03 -48879.86 2996.35
v -72856.03 -48879.91 2996.35
v -72856.03 -48879.91 3148.35
v -72784.03 -48879.86 3148.35
v -72770.04 -48865.85 3302.35
v -72870.04 -48865.92 3302.35
v -72870.04 -48865.92 3432.35
v -72845.04 -48865.90 3475.65
v -72795.04 -48865.87 3475.65
v -72770.04 -48865.85 3432.35
v -72770.03 -48879.85 3302.35
v -72870.03 -48879.92 3302.35
v -72870.03 -48879.92 3432.35
v -72845.03 -48879.90 3475.65
v -72795.03 -48879.87 3475.65
v -72770.03 -48879.85 3432.35
v -72784.04 -48865.86 3316.35
v -72856.04 -48865.91 3316.35
v -72856.04 -48865.91 3432.35
v -72838.04 -48865.89 3463.52
v -72802.04 -48865.87 3463.52
v -72784.04 -48865.86 3432.35
v -72784.03 -48879.86 3316.35
v -72856.03 -48879.91 3316.35
v -72856.03 -48879.91 3432.35
v -72838.03 -48879.89 3463.52
v -72802.03 -48879.87 3463.52
v -72784.03 -48879.86 3432.35
v -73110.54 -48866.08 2982.35
v -73210.54 -48866.14 2982.35
v -73210.54 -48866.14 3162.35
v -73110.54 -48866.08 3162.35
v -73110.53 -48880.08 2982.35
v -73210.53 -48880.14 2982.35
v -73210.53 -48880.14 3162.35
v -73110.53 -48880.08 3162.35
v -73124.54 -48866.09 2996.35
v -73196.54 -48866.13 2996.35
v -73196.54 -48866.13 3148.35
v -73124.54 -48866.09 3148.35
v -73124.53 -48880.09 2996.35
v -73196.53 -48880.13 2996.35
v -73196.53 -48880.13 3148.35
v -73124.53 -48880.09 3148.35
v -73110.54 -48866.08 3302.35
v -73210.54 -48866.14 3302.35
v -73210.54 -48866.14 3432.35
v -73185.54 -48866.13 3475.65
v -73135.54 -48866.09 3475.65
v -73110.54 -48866.08 3432.35
v -73110.53 -48880.08 3302.35
v -73210.53 -48880.14 3302.35
v -73210.53 -48880.14 3432.35
v -73185.53 -48880.13 3475.65
v -73135.53 -48880.09 3475.65
v -73110.53 -48880.08 3432.35
v -73124.54 -48866.09 3316.35
v -73196.54 -48866.13 3316.35
v -73196.54 -48866.13 3432.35
v -73178.54 -48866.12 3463.52
v -73142.54 -48866.10 3463.52
v -73124.54 -48866.09 3432.35
v -73124.53 -48880.09 3316.35
v -73196.53 -48880.13 3316.35
v -73196.53 -48880.13 3432.35
v -73178.53 -48880.12 3463.52
v -73142.53 -48880.10 3463.52
v -73124.53 -48880.09 3432.35
v -72589.79 -48865.73 2892.35
v -72709.79 -48865.81 2892.35
v -72709.79 -48865.81 3062.35
v -72679.79 -48865.79 3114.31
v -72619.79 -48865.75 3114.31
v -72589.79 -48865.73 3062.35
v -72589.77 -48885.73 2892.35
v -72709.77 -48885.81 2892.35
v -72709.77 -48885.81 3062.35
v -72679.77 -48885.79 3114.31
v -72619.77 -48885.75 3114.31
v -72589.77 -48885.73 3062.35
v -72607.79 -48865.74 2910.35
v -72691.79 -48865.80 2910.35
v -72691.79 -48865.80 3062.35
v -72670.79 -48865.78 3098.72
v -72628.79 -48865.75 3098.72
v -72607.79 -48865.74 3062.35
v -72607.77 -48885.74 2910.35
v -72691.77 -48885.80 2910.35
v -72691.77 -48885.80 3062.35
v -72670.77 -48885.78 3098.72
v -72628.77 -48885.75 3098.72
v -72607.77 -48885.74 3062.35
v -72569.79 -48865.71 2888.35
v -72729.79 -48865.82 2888.35
v -72729.77 -48891.82 2888.35
v -72569.77 -48891.71 2888.35
v -72569.79 -48865.71 2904.35
v -72729.79 -48865.82 2904.35
v -72729.77 -48891.82 2904.35
v -72569.77 -48891.71 2904.35
v -73366.90 -48704.12 2982.35
v -73366.96 -48604.12 2982.35
v -73366.96 -48604.12 3162.35
v -73366.90 -48704.12 3162.35
v -73380.90 -48704.13 2982.35
v -73380.96 -48604.13 2982.35
v -73380.96 -48604.13 3162.35
v -73380.90 -48704.13 3162.35
v -73366.91 -48690.12 2996.35
v -73366.95 -48618.12 2996.35
v -73366.95 -48618.12 3148.35
v -73366.91 -48690.12 3148.35
v -73380.91 -48690.13 2996.35
v -73380.95 -48618.13 2996.35
v -73380.95 -48618.13 3148.35
v -73380.91 -48690.13 3148.35
v -73366.90 -48704.12 3302.35
v -73366.96 -48604.12 3302.35
v -73366.96 -48604.12 3432.35
v -73366.95 -48629.12 3475.65
v -73366.91 -48679.12 3475.65
v -73366.90 -48704.12 3432.35
v -73380.90 -48704.13 3302.35
v -73380.96 -48604.13 3302.35
v -73380.96 -48604.13 3432.35
v -73380.95 -48629.13 3475.65
v -73380.91 -48679.13 3475.65
v -73380.90 -48704.13 3432.35
v -73366.91 -48690.12 3316.35
v -73366.95 -48618.12 3316.35
v -73366.95 -48618.12 3432.35
v -73366.94 -48636.12 3463.52
v -73366.92 -48672.12 3463.52
v -73366.91 -48690.12 3432.35
v -73380.91 -48690.13 3316.35
v -73380.95 -48618.13 3316.35
v -73380.95 -48618.13 3432.35
v -73380.94 -48636.13 3463.52
v -73380.92 -48672.13 3463.52
v -73380.91 -48690.13 3432.35
v -73367.13 -48351.87 2982.35
v -73367.20 -48251.87 2982.35
v -73367.20 -48251.87 3162.35
v -73367.13 -48351.87 3162.35
v -73381.13 -48351.88 2982.35
v -73381.20 -48251.88 2982.35
v -73381.20 -48251.88 3162.35
v -73381.13 -48351.88 3162.35
v -73367.14 -48337.87 2996.35
v -73367.19 -48265.87 2996.35
v -73367.19 -48265.87 3148.35
v -73367.14 -48337.87 3148.35
v -73381.14 -48337.88 2996.35
v -73381.19 -48265.88 2996.35
v -73381.19 -48265.88 3148.35
v -73381.14 -48337.88 3148.35
v -73367.13 -48351.87 3302.35
v -73367.20 -48251.87 3302.35
v -73367.20 -48251.87 3482.35
v -73367.13 -48351.87 3482.35
v -73381.13 -48351.88 3302.35
v -73381.20 -48251.88 3302.35
v -73381.20 -48251.88 3482.35
v -73381.13 -48351.88 3482.35
v -73367.14 -48337.87 3316.35
v -73367.19 -48265.87 3316.35
v -73367.19 -48265.87 3468.35
v -73367.14 -48337.87 3468.35
v -73381.14 -48337.88 3316.35
v -73381.19 -48265.88 3316.35
v -73381.19 -48265.88 3468.35
v -73381.14 -48337.88 3468.35
v -73367.37 -47999.62 2982.35
v -73367.44 -47899.62 2982.35
v -73367.44 -47899.62 3162.35
v -73367.37 -47999.62 3162.35
v -73381.37 -47999.63 2982.35
v -73381.44 -47899.63 2982.35
v -73381.44 -47899.63 3162.35
v -73381.37 -47999.63 3162.35
v -73367.38 -47985.62 2996.35
v -73367.43 -47913.62 2996.35
v -73367.43 -47913.62 3148.35
v -73367.38 -47985.62 3148.35
v -73381.38 -47985.63 2996.35
v -73381.43 -47913.63 2996.35
v -73381.43 -47913.63 3148.35
v -73381.38 -47985.63 3148.35
v -73367.37 -47999.62 3302.35
v -73367.44 -47899.62 3302.35
v -73367.44 -47899.62 3482.35
v -73367.37 -47999.62 3482.35
v -73381.37 -47999.63 3302.35
v -73381.44 -47899.63 3302.35
v -73381.44 -47899.63 3482.35
v -73381.37 -47999.63 3482.35
v -73367.38 -47985.62 3316.35
v -73367.43 -47913.62 3316.35
v -73367.43 -47913.62 3468.35
v -73367.38 -47985.62 3468.35
v -73381.38 -47985.63 3316.35
v -73381.43 -47913.63 3316.35
v -73381.43 -47913.63 3468.35
v -73381.38 -47985.63 3468.35
v -73367.61 -47647.37 2982.35
v -73367.67 -47547.37 2982.35
v -73367.67 -47547.37 3162.35
v -73367.61 -47647.37 3162.35
v -73381.61 -47647.38 2982.35
v -73381.67 -47547.38 2982.35
v -73381.67 -47547.38 3162.35
v -73381.61 -47647.38 3162.35
v -73367.61 -47633.37 2996.35
v -73367.66 -47561.37 2996.35
v -73367.66 -47561.37 3148.35
v -73367.61 -47633.37 3148.35
v -73381.61 -47633.38 2996.35
v -73381.66 -47561.38 2996.35
v -73381.66 -47561.38 3148.35
v -73381.61 -47633.38 3148.35
v -73367.61 -47647.37 3302.35
v -73367.67 -47547.37 3302.35
v -73367.67 -47547.37 3482.35
v -73367.61 -47647.37 3482.35
v -73381.61 -47647.38 3302.35
v -73381.67 -47547.38 3302.35
v -73381.67 -47547.38 3482.35
v -73381.61 -47647.38 3482.35
v -73367.61 -47633.37 3316.35
v -73367.66 -47561.37 3316.35
v -73367.66 -47561.37 3468.35
v -73367.61 -47633.37 3468.35
v -73381.61 -47633.38 3316.35
v -73381.66 -47561.38 3316.35
v -73381.66 -47561.38 3468.35
v -73381.61 -47633.38 3468.35
v -73373.79 -47379.25 3822.35
v -71927.79 -47378.28 3822.35
v -71926.78 -48871.28 3822.35
v -73372.78 -48872.25 3822.35
v -73373.79 -47379.25 3836.35
v -71927.79 -47378.28 3836.35
v -71926.78 -48871.28 3836.35
v -73372.78 -48872.25 3836.35
v -73361.78 -47391.25 3822.35
v -71939.78 -47390.29 3822.35
v -71938.79 -48859.29 3822.35
v -73360.79 -48860.24 3822.35
v -73361.78 -47391.25 3836.35
v -71939.78 -47390.29 3836.35
v -71938.79 -48859.29 3836.35
v -73360.79 -48860.24 3836.35
v -73383.79 -47369.26 3800.35
v -71917.79 -47368.28 3800.35
v -71916.78 -48881.28 3800.35
v -73382.78 -48882.26 3800.35
v -73383.79 -47369.26 3828.35
v -71917.79 -47368.28 3828.35
v -71916.78 -48881.28 3828.35
v -73382.78 -48882.26 3828.35
v -73361.78 -47391.25 3800.35
v -71939.78 -47390.29 3800.35
v -71938.79 -48859.29 3800.35
v -73360.79 -48860.24 3800.35
v -73361.78 -47391.25 3828.35
v -71939.78 -47390.29 3828.35
v -71938.79 -48859.29 3828.35
v -73360.79 -48860.24 3828.35
v -73377.79 -47375.26 3858.35
v -71923.79 -47374.28 3858.35
v -71922.78 -48875.28 3858.35
v -73376.78 -48876.26 3858.35
v -73377.79 -47375.26 3928.35
v -71923.79 -47374.28 3928.35
v -71922.78 -48875.28 3928.35
v -73376.78 -48876.26 3928.35
v -73325.75 -47427.22 3858.35
v -71975.75 -47426.32 3858.35
v -71974.82 -48823.32 3858.35
v -73324.82 -48824.22 3858.35
v -73325.75 -47427.22 3928.35
v -71975.75 -47426.32 3928.35
v -71974.82 -48823.32 3928.35
v -73324.82 -48824.22 3928.35
v -73361.72 -47471.25 2917.35
v -73361.78 -47391.25 2917.35
v -73371.78 -47391.25 2917.35
v -73371.72 -47471.25 2917.35
v -73361.72 -47471.25 2972.35
v -73361.78 -47391.25 2972.35
v -73371.78 -47391.25 2972.35
v -73371.72 -47471.25 2972.35
v -73361.78 -47391.25 2989.35
v -73305.78 -47391.21 2989.35
v -73305.78 -47381.21 2989.35
v -73361.78 -47381.25 2989.35
v -73361.78 -47391.25 3044.35
v -73305.78 -47391.21 3044.35
v -73305.78 -47381.21 3044.35
v -73361.78 -47381.25 3044.35
v -73361.72 -47471.25 3061.35
v -73361.78 -47391.25 3061.35
v -73371.78 -47391.25 3061.35
v -73371.72 -47471.25 3061.35
v -73361.72 -47471.25 3116.35
v -73361.78 -47391.25 3116.35
v -73371.78 -47391.25 3116.35
v -73371.72 -47471.25 3116.35
v -73361.78 -47391.25 3133.35
v -73305.78 -47391.21 3133.35
v -73305.78 -47381.21 3133.35
v -73361.78 -47381.25 3133.35
v -73361.78 -47391.25 3188.35
v -73305.78 -47391.21 3188.35
v -73305.78 -47381.21 3188.35
v -73361.78 -47381.25 3188.35
v -71938.85 -48779.29 2917.35
v -71938.79 -48859.29 2917.35
v -71928.79 -48859.28 2917.35
v -71928.85 -48779.28 2917.35
v -71938.85 -48779.29 2972.35
v -71938.79 -48859.29 2972.35
v -71928.79 -48859.28 2972.35
v -71928.85 -48779.28 2972.35
v -71938.79 -48859.29 2989.35
v -71994.79 -48859.33 2989.35
v -71994.79 -48869.33 2989.35
v -71938.79 -48869.29 2989.35
v -71938.79 -48859.29 3044.35
v -71994.79 -48859.33 3044.35
v -71994.79 -48869.33 3044.35
v -71938.79 -48869.29 3044.35
v -71938.85 -48779.29 3061.35
v -71938.79 -48859.29 3061.35
v -71928.79 -48859.28 3061.35
v -71928.85 -48779.28 3061.35
v -71938.85 -48779.29 3116.35
v -71938.79 -48859.29 3116.35
v -71928.79 -48859.28 3116.35
v -71928.85 -48779.28 3116.35
v -71938.79 -48859.29 3133.35
v -71994.79 -48859.33 3133.35
v -71994.79 -48869.33 3133.35
v -71938.79 -48869.29 3133.35
v -71938.79 -48859.29 3188.35
v -71994.79 -48859.33 3188.35
v -71994.79 -48869.33 3188.35
v -71938.79 -48869.29 3188.35
v -72019.78 -47390.35 2917.35
v -71939.78 -47390.29 2917.35
v -71939.78 -47380.29 2917.35
v -72019.78 -47380.35 2917.35
v -72019.78 -47390.35 2972.35
v -71939.78 -47390.29 2972.35
v -71939.78 -47380.29 2972.35
v -72019.78 -47380.35 2972.35
v -71939.78 -47390.29 2989.35
v -71939.74 -47446.29 2989.35
v -71929.74 -47446.29 2989.35
v -71929.78 -47390.29 2989.35
v -71939.78 -47390.29 3044.35
v -71939.74 -47446.29 3044.35
v -71929.74 -47446.29 3044.35
v -71929.78 -47390.29 3044.35
v -72019.78 -47390.35 3061.35
v -71939.78 -47390.29 3061.35
v -71939.78 -47380.29 3061.35
v -72019.78 -47380.35 3061.35
v -72019.78 -47390.35 3116.35
v -71939.78 -47390.29 3116.35
v -71939.78 -47380.29 3116.35
v -72019.78 -47380.35 3116.35
v -71939.78 -47390.29 3133.35
v -71939.74 -47446.29 3133.35
v -71929.74 -47446.29 3133.35
v -71929.78 -47390.29 3133.35
v -71939.78 -47390.29 3188.35
v -71939.74 -47446.29 3188.35
v -71929.74 -47446.29 3188.35
v -71929.78 -47390.29 3188.35
v -73280.79 -48860.19 2917.35
v -73360.79 -48860.24 2917.35
v -73360.79 -48870.24 2917.35
v -73280.79 -48870.19 2917.35
v -73280.79 -48860.19 2972.35
v -73360.79 -48860.24 2972.35
v -73360.79 -48870.24 2972.35
v -73280.79 -48870.19 2972.35
v -73360.79 -48860.24 2989.35
v -73360.83 -48804.24 2989.35
v -73370.83 -48804.25 2989.35
v -73370.79 -48860.25 2989.35
v -73360.79 -48860.24 3044.35
v -73360.83 -48804.24 3044.35
v -73370.83 -48804.25 3044.35
v -73370.79 -48860.25 3044.35
v -73280.79 -48860.19 3061.35
v -73360.79 -48860.24 3061.35
v -73360.79 -48870.24 3061.35
v -73280.79 -48870.19 3061.35
v -73280.79 -48860.19 3116.35
v -73360.79 -48860.24 3116.35
v -73360.79 -48870.24 3116.35
v -73280.79 -48870.19 3116.35
v -73360.79 -48860.24 3133.35
v -73360.83 -48804.24 3133.35
v -73370.83 -48804.25 3133.35
v -73370.79 -48860.25 3133.35
v -73360.79 -48860.24 3188.35
v -73360.83 -48804.24 3188.35
v -73370.83 -48804.25 3188.35
v -73370.79 -48860.25 3188.35
v -72964.60 -47309.99 2893.55
v -73042.46 -46137.57 2893.55
v -72010.74 -46069.05 2893.55
v -71932.87 -47241.46 2893.55
v -72964.60 -47309.99 3533.55
v -73042.46 -46137.57 3533.55
v -72010.74 -46069.05 3533.55
v -71932.87 -47241.46 3533.55
v -72987.29 -47149.31 2983.55
v -72993.92 -47049.53 2983.55
v -72993.92 -47049.53 3163.55
v -72987.29 -47149.31 3163.55
v -73001.26 -47150.23 2983.55
v -73007.89 -47050.45 2983.55
v -73007.89 -47050.45 3163.55
v -73001.26 -47150.23 3163.55
v -72988.22 -47135.34 2997.55
v -72992.99 -47063.50 2997.55
v -72992.99 -47063.50 3149.55
v -72988.22 -47135.34 3149.55
v -73002.19 -47136.26 2997.55
v -73006.96 -47064.42 2997.55
v -73006.96 -47064.42 3149.55
v -73002.19 -47136.26 3149.55
v -73037.09 -46399.62 2983.55
v -73043.71 -46299.84 2983.55
v -73043.71 -46299.84 3163.55
v -73037.09 -46399.62 3163.55
v -73051.05 -46400.55 2983.55
v -73057.68 -46300.77 2983.55
v -73057.68 -46300.77 3163.55
v -73051.05 -46400.55 3163.55
v -73038.01 -46385.66 2997.55
v -73042.78 -46313.81 2997.55
v -73042.78 -46313.81 3149.55
v -73038.01 -46385.66 3149.55
v -73051.98 -46386.58 2997.55
v -73056.75 -46314.74 2997.55
v -73056.75 -46314.74 3149.55
v -73051.98 -46386.58 3149.55
v -73011.53 -46784.44 2893.55
v -73019.48 -46664.71 2893.55
v -73019.48 -46664.71 3123.55
v -73011.53 -46784.44 3123.55
v -73031.48 -46785.77 2893.55
v -73039.44 -46666.03 2893.55
v -73039.44 -46666.03 3123.55
v -73031.48 -46785.77 3123.55
v -73012.72 -46766.48 2911.55
v -73018.29 -46682.67 2911.55
v -73018.29 -46682.67 3105.55
v -73012.72 -46766.48 3105.55
v -73032.68 -46767.81 2911.55
v -73038.24 -46683.99 2911.55
v -73038.24 -46683.99 3105.55
v -73032.68 -46767.81 3105.55
v -73010.20 -46804.40 2889.55
v -73020.80 -46644.75 2889.55
v -73046.75 -46646.47 2889.55
v -73036.14 -46806.12 2889.55
v -73010.20 -46804.40 2905.55
v -73020.80 -46644.75 2905.55
v -73046.75 -46646.47 2905.55
v -73036.14 -46806.12 2905.55
v -72905.23 -46116.43 2983.55
v -72805.45 -46109.80 2983.55
v -72805.45 -46109.80 3163.55
v -72905.23 -46116.43 3163.55
v -72906.16 -46102.46 2983.55
v -72806.38 -46095.83 2983.55
v -72806.38 -46095.83 3163.55
v -72906.16 -46102.46 3163.55
v -72891.26 -46115.50 2997.55
v -72819.42 -46110.73 2997.55
v -72819.42 -46110.73 3149.55
v -72891.26 -46115.50 3149.55
v -72892.19 -46101.53 2997.55
v -72820.35 -46096.76 2997.55
v -72820.35 -46096.76 3149.55
v -72892.19 -46101.53 3149.55
v -72577.29 -46094.65 2983.55
v -72477.51 -46088.02 2983.55
v -72477.51 -46088.02 3163.55
v -72577.29 -46094.65 3163.55
v -72578.21 -46080.68 2983.55
v -72478.43 -46074.05 2983.55
v -72478.43 -46074.05 3163.55
v -72578.21 -46080.68 3163.55
v -72563.32 -46093.72 2997.55
v -72491.47 -46088.95 2997.55
v -72491.47 -46088.95 3149.55
v -72563.32 -46093.72 3149.55
v -72564.24 -46079.75 2997.55
v -72492.40 -46074.98 2997.55
v -72492.40 -46074.98 3149.55
v -72564.24 -46079.75 3149.55
v -72249.34 -46072.87 2983.55
v -72149.56 -46066.24 2983.55
v -72149.56 -46066.24 3163.55
v -72249.34 -46072.87 3163.55
v -72250.27 -46058.90 2983.55
v -72150.49 -46052.27 2983.55
v -72150.49 -46052.27 3163.55
v -72250.27 -46058.90 3163.55
v -72235.37 -46071.94 2997.55
v -72163.53 -46067.17 2997.55
v -72163.53 -46067.17 3149.55
v -72235.37 -46071.94 3149.55
v -72236.30 -46057.97 2997.55
v -72164.46 -46053.20 2997.55
v -72164.46 -46053.20 3149.55
v -72236.30 -46057.97 3149.55
v -71988.04 -46229.73 2983.55
v -71981.41 -46329.51 2983.55
v -71981.41 -46329.51 3163.55
v -71988.04 -46229.73 3163.55
v -71974.07 -46228.80 2983.55
v -71967.44 -46328.58 2983.55
v -71967.44 -46328.58 3163.55
v -71974.07 -46228.80 3163.55
v -71987.11 -46243.70 2997.55
v -71982.34 -46315.54 2997.55
v -71982.34 -46315.54 3149.55
v -71987.11 -46243.70 3149.55
v -71973.14 -46242.77 2997.55
v -71968.37 -46314.61 2997.55
v -71968.37 -46314.61 3149.55
v -71973.14 -46242.77 3149.55
v -71963.14 -46604.57 2983.55
v -71956.52 -46704.35 2983.55
v -71956.52 -46704.35 3163.55
v -71963.14 -46604.57 3163.55
v -71949.17 -46603.64 2983.55
v -71942.55 -46703.42 2983.55
v -71942.55 -46703.42 3163.55
v -71949.17 -46603.64 3163.55
v -71962.21 -46618.54 2997.55
v -71957.44 -46690.38 2997.55
v -71957.44 -46690.38 3149.55
v -71962.21 -46618.54 3149.55
v -71948.25 -46617.61 2997.55
v -71943.47 -46689.45 2997.55
v -71943.47 -46689.45 3149.55
v -71948.25 -46617.61 3149.55
v -71938.25 -46979.41 2983.55
v -71931.62 -47079.19 2983.55
v -71931.62 -47079.19 3163.55
v -71938.25 -46979.41 3163.55
v -71924.28 -46978.48 2983.55
v -71917.65 -47078.26 2983.55
v -71917.65 -47078.26 3163.55
v -71924.28 -46978.48 3163.55
v -71937.32 -46993.38 2997.55
v -71932.55 -47065.22 2997.55
v -71932.55 -47065.22 3149.55
v -71937.32 -46993.38 3149.55
v -71923.35 -46992.45 2997.55
v -71918.58 -47064.29 2997.55
v -71918.58 -47064.29 3149.55
v -71923.35 -46992.45 3149.55
v -72070.10 -47262.61 2983.55
v -72169.88 -47269.23 2983.55
v -72169.88 -47269.23 3163.55
v -72070.10 -47262.61 3163.55
v -72069.17 -47276.57 2983.55
v -72168.95 -47283.20 2983.55
v -72168.95 -47283.20 3163.55
v -72069.17 -47276.57 3163.55
v -72084.07 -47263.53 2997.55
v -72155.91 -47268.31 2997.55
v -72155.91 -47268.31 3149.55
v -72084.07 -47263.53 3149.55
v -72083.14 -47277.50 2997.55
v -72154.99 -47282.27 2997.55
v -72154.99 -47282.27 3149.55
v -72083.14 -47277.50 3149.55
v -72398.05 -47284.39 2983.55
v -72497.83 -47291.01 2983.55
v -72497.83 -47291.01 3163.55
v -72398.05 -47284.39 3163.55
v -72397.12 -47298.36 2983.55
v -72496.90 -47304.98 2983.55
v -72496.90 -47304.98 3163.55
v -72397.12 -47298.36 3163.55
v -72412.02 -47285.31 2997.55
v -72483.86 -47290.09 2997.55
v -72483.86 -47290.09 3149.55
v -72412.02 -47285.31 3149.55
v -72411.09 -47299.28 2997.55
v -72482.93 -47304.06 2997.55
v -72482.93 -47304.06 3149.55
v -72411.09 -47299.28 3149.55
v -72725.99 -47306.17 2983.55
v -72825.77 -47312.79 2983.55
v -72825.77 -47312.79 3163.55
v -72725.99 -47306.17 3163.55
v -72725.06 -47320.14 2983.55
v -72824.84 -47326.76 2983.55
v -72824.84 -47326.76 3163.55
v -72725.06 -47320.14 3163.55
v -72739.96 -47307.10 2997.55
v -72811.80 -47311.87 2997.55
v -72811.80 -47311.87 3149.55
v -72739.96 -47307.10 3149.55
v -72739.03 -47321.06 2997.55
v -72810.87 -47325.84 2997.55
v -72810.87 -47325.84 3149.55
v -72739.03 -47321.06 3149.55
v -72981.36 -47329.14 3503.55
v -73061.62 -46120.80 3503.55
v -71993.97 -46049.89 3503.55
v -71913.72 -47258.23 3503.55
v -72981.36 -47329.14 3517.55
v -73061.62 -46120.80 3517.55
v -71993.97 -46049.89 3517.55
v -71913.72 -47258.23 3517.55
v -72970.18 -47316.37 3503.55
v -73048.85 -46131.98 3503.55
v -72005.15 -46062.66 3503.55
v -71926.48 -47247.05 3503.55
v -72970.18 -47316.37 3517.55
v -73048.85 -46131.98 3517.55
v -72005.15 -46062.66 3517.55
v -71926.48 -47247.05 3517.55
v -72990.68 -47339.78 3481.55
v -73072.26 -46111.49 3481.55
v -71984.65 -46039.25 3481.55
v -71903.07 -47267.55 3481.55
v -72990.68 -47339.78 3509.55
v -73072.26 -46111.49 3509.55
v -71984.65 -46039.25 3509.55
v -71903.07 -47267.55 3509.55
v -72970.18 -47316.37 3481.55
v -73048.85 -46131.98 3481.55
v -72005.15 -46062.66 3481.55
v -71926.48 -47247.05 3481.55
v -72970.18 -47316.37 3509.55
v -73048.85 -46131.98 3509.55
v -72005.15 -46062.66 3509.55
v -71926.48 -47247.05 3509.55
v -72985.09 -47333.40 3539.55
v -73065.87 -46117.08 3539.55
v -71990.24 -46045.64 3539.55
v -71909.46 -47261.96 3539.55
v -72985.09 -47333.40 3609.55
v -73065.87 -46117.08 3609.55
v -71990.24 -46045.64 3609.55
v -71909.46 -47261.96 3609.55
v -72936.65 -47278.07 3539.55
v -73010.54 -46165.52 3539.55
v -72038.68 -46100.97 3539.55
v -71964.79 -47213.52 3539.55
v -72936.65 -47278.07 3609.55
v -73010.54 -46165.52 3609.55
v -72038.68 -46100.97 3609.55
v -71964.79 -47213.52 3609.55
v -72890.36 -47311.07 2918.55
v -72970.18 -47316.37 2918.55
v -72969.52 -47326.35 2918.55
v -72889.70 -47321.05 2918.55
v -72890.36 -47311.07 2973.55
v -72970.18 -47316.37 2973.55
v -72969.52 -47326.35 2973.55
v -72889.70 -47321.05 2973.55
v -72970.18 -47316.37 2990.55
v -72973.90 -47260.50 2990.55
v -72983.87 -47261.16 2990.55
v -72980.16 -47317.04 2990.55
v -72970.18 -47316.37 3045.55
v -72973.90 -47260.50 3045.55
v -72983.87 -47261.16 3045.55
v -72980.16 -47317.04 3045.55
v -72890.36 -47311.07 3062.55
v -72970.18 -47316.37 3062.55
v -72969.52 -47326.35 3062.55
v -72889.70 -47321.05 3062.55
v -72890.36 -47311.07 3117.55
v -72970.18 -47316.37 3117.55
v -72969.52 -47326.35 3117.55
v -72889.70 -47321.05 3117.55
v -72970.18 -47316.37 3134.55
v -72973.90 -47260.50 3134.55
v -72983.87 -47261.16 3134.55
v -72980.16 -47317.04 3134.55
v -72970.18 -47316.37 3189.55
v -72973.90 -47260.50 3189.55
v -72983.87 -47261.16 3189.55
v -72980.16 -47317.04 3189.55
v -73043.55 -46211.81 2918.55
v -73048.85 -46131.98 2918.55
v -73058.83 -46132.65 2918.55
v -73053.52 -46212.47 2918.55
v -73043.55 -46211.81 2973.55
v -73048.85 -46131.98 2973.55
v -73058.83 -46132.65 2973.55
v -73053.52 -46212.47 2973.55
v -73048.85 -46131.98 2990.55
v -72992.97 -46128.27 2990.55
v -72993.63 -46118.29 2990.55
v -73049.51 -46122.00 2990.55
v -73048.85 -46131.98 3045.55
v -72992.97 -46128.27 3045.55
v -72993.63 -46118.29 3045.55
v -73049.51 -46122.00 3045.55
v -73043.55 -46211.81 3062.55
v -73048.85 -46131.98 3062.55
v -73058.83 -46132.65 3062.55
v -73053.52 -46212.47 3062.55
v -73043.55 -46211.81 3117.55
v -73048.85 -46131.98 3117.55
v -73058.83 -46132.65 3117.55
v -73053.52 -46212.47 3117.55
v -73048.85 -46131.98 3134.55
v -72992.97 -46128.27 3134.55
v -72993.63 -46118.29 3134.55
v -73049.51 -46122.00 3134.55
v -73048.85 -46131.98 3189.55
v -72992.97 -46128.27 3189.55
v -72993.63 -46118.29 3189.55
v -73049.51 -46122.00 3189.55
v -72084.97 -46067.96 2918.55
v -72005.15 -46062.66 2918.55
v -72005.81 -46052.69 2918.55
v -72085.63 -46057.99 2918.55
v -72084.97 -46067.96 2973.55
v -72005.15 -46062.66 2973.55
v -72005.81 -46052.69 2973.55
v -72085.63 -46057.99 2973.55
v -72005.15 -46062.66 2990.55
v -72001.44 -46118.54 2990.55
v -71991.46 -46117.88 2990.55
v -71995.17 -46062.00 2990.55
v -72005.15 -46062.66 3045.55
v -72001.44 -46118.54 3045.55
v -71991.46 -46117.88 3045.55
v -71995.17 -46062.00 3045.55
v -72084.97 -46067.96 3062.55
v -72005.15 -46062.66 3062.55
v -72005.81 -46052.69 3062.55
v -72085.63 -46057.99 3062.55
v -72084.97 -46067.96 3117.55
v -72005.15 -46062.66 3117.55
v -72005.81 -46052.69 3117.55
v -72085.63 -46057.99 3117.55
v -72005.15 -46062.66 3134.55
v -72001.44 -46118.54 3134.55
v -71991.46 -46117.88 3134.55
v -71995.17 -46062.00 3134.55
v -72005.15 -46062.66 3189.55
v -72001.44 -46118.54 3189.55
v -71991.46 -46117.88 3189.55
v -71995.17 -46062.00 3189.55
v -71931.79 -47167.23 2918.55
v -71926.48 -47247.05 2918.55
v -71916.51 -47246.39 2918.55
v -71921.81 -47166.57 2918.55
v -71931.79 -47167.23 2973.55
v -71926.48 -47247.05 2973.55
v -71916.51 -47246.39 2973.55
v -71921.81 -47166.57 2973.55
v -71926.48 -47247.05 2990.55
v -71982.36 -47250.77 2990.55
v -71981.70 -47260.74 2990.55
v -71925.82 -47257.03 2990.55
v -71926.48 -47247.05 3045.55
v -71982.36 -47250.77 3045.55
v -71981.70 -47260.74 3045.55
v -71925.82 -47257.03 3045.55
v -71931.79 -47167.23 3062.55
v -71926.48 -47247.05 3062.55
v -71916.51 -47246.39 3062.55
v -71921.81 -47166.57 3062.55
v -71931.79 -47167.23 3117.55
v -71926.48 -47247.05 3117.55
v -71916.51 -47246.39 3117.55
v -71921.81 -47166.57 3117.55
v -71926.48 -47247.05 3134.55
v -71982.36 -47250.77 3134.55
v -71981.70 -47260.74 3134.55
v -71925.82 -47257.03 3134.55
v -71926.48 -47247.05 3189.55
v -71982.36 -47250.77 3189.55
v -71981.70 -47260.74 3189.55
v -71925.82 -47257.03 3189.55
v -76249.83 -42120.88 2268.33
v -77377.75 -42107.51 2268.33
v -77363.82 -40932.60 2268.33
v -76235.90 -40945.96 2268.33
v -76249.83 -42120.88 3228.33
v -77377.75 -42107.51 3228.33
v -77363.82 -40932.60 3228.33
v -76235.90 -40945.96 3228.33
v -76403.96 -42131.05 2358.33
v -76503.95 -42129.87 2358.33
v -76503.95 -42129.87 2538.33
v -76403.96 -42131.05 2538.33
v -76404.12 -42145.05 2358.33
v -76504.12 -42143.87 2358.33
v -76504.12 -42143.87 2538.33
v -76404.12 -42145.05 2538.33
v -76417.96 -42130.89 2372.33
v -76489.95 -42130.03 2372.33
v -76489.95 -42130.03 2524.33
v -76417.96 -42130.89 2524.33
v -76418.12 -42144.89 2372.33
v -76490.12 -42144.03 2372.33
v -76490.12 -42144.03 2524.33
v -76418.12 -42144.89 2524.33
v -76403.96 -42131.05 2678.33
v -76503.95 -42129.87 2678.33
v -76503.95 -42129.87 2858.33
v -76403.96 -42131.05 2858.33
v -76404.12 -42145.05 2678.33
v -76504.12 -42143.87 2678.33
v -76504.12 -42143.87 2858.33
v -76404.12 -42145.05 2858.33
v -76417.96 -42130.89 2692.33
v -76489.95 -42130.03 2692.33
v -76489.95 -42130.03 2844.33
v -76417.96 -42130.89 2844.33
v -76418.12 -42144.89 2692.33
v -76490.12 -42144.03 2692.33
v -76490.12 -42144.03 2844.33
v -76418.12 -42144.89 2844.33
v -76763.93 -42126.79 2678.33
v -76863.92 -42125.60 2678.33
v -76863.92 -42125.60 2858.33
v -76763.93 -42126.79 2858.33
v -76764.10 -42140.79 2678.33
v -76864.09 -42139.60 2678.33
v -76864.09 -42139.60 2858.33
v -76764.10 -42140.79 2858.33
v -76777.93 -42126.62 2692.33
v -76849.93 -42125.77 2692.33
v -76849.93 -42125.77 2844.33
v -76777.93 -42126.62 2844.33
v -76778.10 -42140.62 2692.33
v -76850.09 -42139.77 2692.33
v -76850.09 -42139.77 2844.33
v -76778.10 -42140.62 2844.33
v -77123.91 -42122.52 2358.33
v -77223.90 -42121.34 2358.33
v -77223.90 -42121.34 2538.33
v -77123.91 -42122.52 2538.33
v -77124.07 -42136.52 2358.33
v -77224.07 -42135.34 2358.33
v -77224.07 -42135.34 2538.33
v -77124.07 -42136.52 2538.33
v -77137.91 -42122.36 2372.33
v -77209.90 -42121.50 2372.33
v -77209.90 -42121.50 2524.33
v -77137.91 -42122.36 2524.33
v -77138.07 -42136.35 2372.33
v -77210.07 -42135.50 2372.33
v -77210.07 -42135.50 2524.33
v -77138.07 -42136.35 2524.33
v -77123.91 -42122.52 2678.33
v -77223.90 -42121.34 2678.33
v -77223.90 -42121.34 2858.33
v -77123.91 -42122.52 2858.33
v -77124.07 -42136.52 2678.33
v -77224.07 -42135.34 2678.33
v -77224.07 -42135.34 2858.33
v -77124.07 -42136.52 2858.33
v -77137.91 -42122.36 2692.33
v -77209.90 -42121.50 2692.33
v -77209.90 -42121.50 2844.33
v -77137.91 -42122.36 2844.33
v -77138.07 -42136.35 2692.33
v -77210.07 -42135.50 2692.33
v -77210.07 -42135.50 2844.33
v -77138.07 -42136.35 2844.33
v -76753.93 -42126.91 2268.33
v -76873.92 -42125.48 2268.33
v -76873.92 -42125.48 2498.33
v -76753.93 -42126.91 2498.33
v -76754.17 -42146.90 2268.33
v -76874.16 -42145.48 2268.33
v -76874.16 -42145.48 2498.33
v -76754.17 -42146.90 2498.33
v -76771.93 -42126.69 2286.33
v -76855.93 -42125.70 2286.33
v -76855.93 -42125.70 2480.33
v -76771.93 -42126.69 2480.33
v -76772.17 -42146.69 2286.33
v -76856.16 -42145.70 2286.33
v -76856.16 -42145.70 2480.33
v -76772.17 -42146.69 2480.33
v -76733.93 -42127.14 2264.33
v -76893.92 -42125.25 2264.33
v -76894.23 -42151.25 2264.33
v -76734.24 -42153.14 2264.33
v -76733.93 -42127.14 2280.33
v -76893.92 -42125.25 2280.33
v -76894.23 -42151.25 2280.33
v -76734.24 -42153.14 2280.33
v -77387.83 -41945.55 2358.33
v -77386.64 -41845.56 2358.33
v -77386.64 -41845.56 2538.33
v -77387.83 -41945.55 2538.33
v -77401.83 -41945.38 2358.33
v -77400.64 -41845.39 2358.33
v -77400.64 -41845.39 2538.33
v -77401.83 -41945.38 2538.33
v -77387.66 -41931.55 2372.33
v -77386.81 -41859.55 2372.33
v -77386.81 -41859.55 2524.33
v -77387.66 -41931.55 2524.33
v -77401.66 -41931.38 2372.33
v -77400.81 -41859.39 2372.33
v -77400.81 -41859.39 2524.33
v -77401.66 -41931.38 2524.33
v -77387.83 -41945.55 2678.33
v -77386.64 -41845.56 2678.33
v -77386.64 -41845.56 2858.33
v -77387.83 -41945.55 2858.33
v -77401.83 -41945.38 2678.33
v -77400.64 -41845.39 2678.33
v -77400.64 -41845.39 2858.33
v -77401.83 -41945.38 2858.33
v -77387.66 -41931.55 2692.33
v -77386.81 -41859.55 2692.33
v -77386.81 -41859.55 2844.33
v -77387.66 -41931.55 2844.33
v -77401.66 -41931.38 2692.33
v -77400.81 -41859.39 2692.33
v -77400.81 -41859.39 2844.33
v -77401.66 -41931.38 2844.33
v -77383.38 -41569.91 2358.33
v -77382.19 -41469.92 2358.33
v -77382.19 -41469.92 2538.33
v -77383.38 -41569.91 2538.33
v -77397.38 -41569.74 2358.33
v -77396.19 -41469.75 2358.33
v -77396.19 -41469.75 2538.33
v -77397.38 -41569.74 2538.33
v -77383.21 -41555.91 2372.33
v -77382.36 -41483.91 2372.33
v -77382.36 -41483.91 2524.33
v -77383.21 -41555.91 2524.33
v -77397.21 -41555.74 2372.33
v -77396.36 -41483.75 2372.33
v -77396.36 -41483.75 2524.33
v -77397.21 -41555.74 2524.33
v -77383.38 -41569.91 2678.33
v -77382.19 -41469.92 2678.33
v -77382.19 -41469.92 2858.33
v -77383.38 -41569.91 2858.33
v -77397.38 -41569.74 2678.33
v -77396.19 -41469.75 2678.33
v -77396.19 -41469.75 2858.33
v -77397.38 -41569.74 2858.33
v -77383.21 -41555.91 2692.33
v -77382.36 -41483.91 2692.33
v -77382.36 -41483.91 2844.33
v -77383.21 -41555.91 2844.33
v -77397.21 -41555.74 2692.33
v -77396.36 -41483.75 2692.33
v -77396.36 -41483.75 2844.33
v -77397.21 -41555.74 2844.33
v -77378.92 -41194.27 2358.33
v -77377.74 -41094.27 2358.33
v -77377.74 -41094.27 2538.33
v -77378.92 -41194.27 2538.33
v -77392.92 -41194.10 2358.33
v -77391.74 -41094.11 2358.33
v -77391.74 -41094.11 2538.33
v -77392.92 -41194.10 2538.33
v -77378.76 -41180.27 2372.33
v -77377.91 -41108.27 2372.33
v -77377.91 -41108.27 2524.33
v -77378.76 -41180.27 2524.33
v -77392.76 -41180.10 2372.33
v -77391.90 -41108.11 2372.33
v -77391.90 -41108.11 2524.33
v -77392.76 -41180.10 2524.33
v -77378.92 -41194.27 2678.33
v -77377.74 -41094.27 2678.33
v -77377.74 -41094.27 2858.33
v -77378.92 -41194.27 2858.33
v -77392.92 -41194.10 2678.33
v -77391.74 -41094.11 2678.33
v -77391.74 -41094.11 2858.33
v -77392.92 -41194.10 2858.33
v -77378.76 -41180.27 2692.33
v -77377.91 -41108.27 2692.33
v -77377.91 -41108.27 2844.33
v -77378.76 -41180.27 2844.33
v -77392.76 -41180.10 2692.33
v -77391.90 -41108.11 2692.33
v -77391.90 -41108.11 2844.33
v -77392.76 -41180.10 2844.33
v -77209.69 -40922.42 2358.33
v -77109.70 -40923.61 2358.33
v -77109.70 -40923.61 2538.33
v -77209.69 -40922.42 2538.33
v -77209.53 -40908.42 2358.33
v -77109.53 -40909.61 2358.33
v -77109.53 -40909.61 2538.33
v -77209.53 -40908.42 2538.33
v -77195.69 -40922.59 2372.33
v -77123.70 -40923.44 2372.33
v -77123.70 -40923.44 2524.33
v -77195.69 -40922.59 2524.33
v -77195.53 -40908.59 2372.33
v -77123.53 -40909.44 2372.33
v -77123.53 -40909.44 2524.33
v -77195.53 -40908.59 2524.33
v -77209.69 -40922.42 2678.33
v -77109.70 -40923.61 2678.33
v -77109.70 -40923.61 2858.33
v -77209.69 -40922.42 2858.33
v -77209.53 -40908.42 2678.33
v -77109.53 -40909.61 2678.33
v -77109.53 -40909.61 2858.33
v -77209.53 -40908.42 2858.33
v -77195.69 -40922.59 2692.33
v -77123.70 -40923.44 2692.33
v -77123.70 -40923.44 2844.33
v -77195.69 -40922.59 2844.33
v -77195.53 -40908.59 2692.33
v -77123.53 -40909.44 2692.33
v -77123.53 -40909.44 2844.33
v -77195.53 -40908.59 2844.33
v -76849.72 -40926.69 2358.33
v -76749.72 -40927.87 2358.33
v -76749.72 -40927.87 2538.33
v -76849.72 -40926.69 2538.33
v -76849.55 -40912.69 2358.33
v -76749.56 -40913.87 2358.33
v -76749.56 -40913.87 2538.33
v -76849.55 -40912.69 2538.33
v -76835.72 -40926.85 2372.33
v -76763.72 -40927.71 2372.33
v -76763.72 -40927.71 2524.33
v -76835.72 -40926.85 2524.33
v -76835.55 -40912.85 2372.33
v -76763.56 -40913.71 2372.33
v -76763.56 -40913.71 2524.33
v -76835.55 -40912.85 2524.33
v -76849.72 -40926.69 2678.33
v -76749.72 -40927.87 2678.33
v -76749.72 -40927.87 2858.33
v -76849.72 -40926.69 2858.33
v -76849.55 -40912.69 2678.33
v -76749.56 -40913.87 2678.33
v -76749.56 -40913.87 2858.33
v -76849.55 -40912.69 2858.33
v -76835.72 -40926.85 2692.33
v -76763.72 -40927.71 2692.33
v -76763.72 -40927.71 2844.33
v -76835.72 -40926.85 2844.33
v -76835.55 -40912.85 2692.33
v -76763.56 -40913.71 2692.33
v -76763.56 -40913.71 2844.33
v -76835.55 -40912.85 2844.33
v -76489.74 -40930.95 2358.33
v -76389.75 -40932.14 2358.33
v -76389.75 -40932.14 2538.33
v -76489.74 -40930.95 2538.33
v -76489.58 -40916.95 2358.33
v -76389.58 -40918.14 2358.33
v -76389.58 -40918.14 2538.33
v -76489.58 -40916.95 2538.33
v -76475.74 -40931.12 2372.33
v -76403.75 -40931.97 2372.33
v -76403.75 -40931.97 2524.33
v -76475.74 -40931.12 2524.33
v -76475.58 -40917.12 2372.33
v -76403.58 -40917.97 2372.33
v -76403.58 -40917.97 2524.33
v -76475.58 -40917.12 2524.33
v -76489.74 -40930.95 2678.33
v -76389.75 -40932.14 2678.33
v -76389.75 -40932.14 2858.33
v -76489.74 -40930.95 2858.33
v -76489.58 -40916.95 2678.33
v -76389.58 -40918.14 2678.33
v -76389.58 -40918.14 2858.33
v -76489.58 -40916.95 2858.33
v -76475.74 -40931.12 2692.33
v -76403.75 -40931.97 2692.33
v -76403.75 -40931.97 2844.33
v -76475.74 -40931.12 2844.33
v -76475.58 -40917.12 2692.33
v -76403.58 -40917.97 2692.33
v -76403.58 -40917.97 2844.33
v -76475.58 -40917.12 2844.33
v -76225.82 -41107.93 2358.33
v -76227.01 -41207.92 2358.33
v -76227.01 -41207.92 2538.33
v -76225.82 -41107.93 2538.33
v -76211.82 -41108.09 2358.33
v -76213.01 -41208.08 2358.33
v -76213.01 -41208.08 2538.33
v -76211.82 -41108.09 2538.33
v -76225.99 -41121.92 2372.33
v -76226.84 -41193.92 2372.33
v -76226.84 -41193.92 2524.33
v -76225.99 -41121.92 2524.33
v -76211.99 -41122.09 2372.33
v -76212.84 -41194.09 2372.33
v -76212.84 -41194.09 2524.33
v -76211.99 -41122.09 2524.33
v -76225.82 -41107.93 2678.33
v -76227.01 -41207.92 2678.33
v -76227.01 -41207.92 2858.33
v -76225.82 -41107.93 2858.33
v -76211.82 -41108.09 2678.33
v -76213.01 -41208.08 2678.33
v -76213.01 -41208.08 2858.33
v -76211.82 -41108.09 2858.33
v -76225.99 -41121.92 2692.33
v -76226.84 -41193.92 2692.33
v -76226.84 -41193.92 2844.33
v -76225.99 -41121.92 2844.33
v -76211.99 -41122.09 2692.33
v -76212.84 -41194.09 2692.33
v -76212.84 -41194.09 2844.33
v -76211.99 -41122.09 2844.33
v -76230.27 -41483.57 2358.33
v -76231.46 -41583.56 2358.33
v -76231.46 -41583.56 2538.33
v -76230.27 -41483.57 2538.33
v -76216.27 -41483.73 2358.33
v -76217.46 -41583.72 2358.33
v -76217.46 -41583.72 2538.33
v -76216.27 -41483.73 2538.33
v -76230.44 -41497.57 2372.33
v -76231.29 -41569.56 2372.33
v -76231.29 -41569.56 2524.33
v -76230.44 -41497.57 2524.33
v -76216.44 -41497.73 2372.33
v -76217.29 -41569.73 2372.33
v -76217.29 -41569.73 2524.33
v -76216.44 -41497.73 2524.33
v -76230.27 -41483.57 2678.33
v -76231.46 -41583.56 2678.33
v -76231.46 -41583.56 2858.33
v -76230.27 -41483.57 2858.33
v -76216.27 -41483.73 2678.33
v -76217.46 -41583.72 2678.33
v -76217.46 -41583.72 2858.33
v -76216.27 -41483.73 2858.33
v -76230.44 -41497.57 2692.33
v -76231.29 -41569.56 2692.33
v -76231.29 -41569.56 2844.33
v -76230.44 -41497.57 2844.33
v -76216.44 -41497.73 2692.33
v -76217.29 -41569.73 2692.33
v -76217.29 -41569.73 2844.33
v -76216.44 -41497.73 2844.33
v -76234.72 -41859.21 2358.33
v -76235.91 -41959.20 2358.33
v -76235.91 -41959.20 2538.33
v -76234.72 -41859.21 2538.33
v -76220.72 -41859.37 2358.33
v -76221.91 -41959.37 2358.33
v -76221.91 -41959.37 2538.33
v -76220.72 -41859.37 2538.33
v -76234.89 -41873.21 2372.33
v -76235.74 -41945.20 2372.33
v -76235.74 -41945.20 2524.33
v -76234.89 -41873.21 2524.33
v -76220.89 -41873.37 2372.33
v -76221.74 -41945.37 2372.33
v -76221.74 -41945.37 2524.33
v -76220.89 -41873.37 2524.33
v -76234.72 -41859.21 2678.33
v -76235.91 -41959.20 2678.33
v -76235.91 -41959.20 2808.33
v -76235.61 -41934.20 2851.63
v -76235.02 -41884.20 2851.63
v -76234.72 -41859.21 2808.33
v -76220.72 -41859.37 2678.33
v -76221.91 -41959.37 2678.33
v -76221.91 -41959.37 2808.33
v -76221.61 -41934.37 2851.63
v -76221.02 -41884.37 2851.63
v -76220.72 -41859.37 2808.33
v -76234.89 -41873.21 2692.33
v -76235.74 -41945.20 2692.33
v -76235.74 -41945.20 2808.33
v -76235.53 -41927.20 2839.51
v -76235.10 -41891.20 2839.51
v -76234.89 -41873.21 2808.33
v -76220.89 -41873.37 2692.33
v -76221.74 -41945.37 2692.33
v -76221.74 -41945.37 2808.33
v -76221.53 -41927.37 2839.51
v -76221.10 -41891.37 2839.51
v -76220.89 -41873.37 2808.33
v -76232.04 -42139.09 3198.33
v -77395.96 -42125.30 3198.33
v -77381.61 -40914.38 3198.33
v -76217.69 -40928.18 3198.33
v -76232.04 -42139.09 3212.33
v -77395.96 -42125.30 3212.33
v -77381.61 -40914.38 3212.33
v -76217.69 -40928.18 3212.33
v -76243.90 -42126.95 3198.33
v -77383.82 -42113.44 3198.33
v -77369.75 -40926.52 3198.33
v -76229.83 -40940.03 3198.33
v -76243.90 -42126.95 3212.33
v -77383.82 -42113.44 3212.33
v -77369.75 -40926.52 3212.33
v -76229.83 -40940.03 3212.33
v -76222.16 -42149.21 3176.33
v -77406.08 -42135.18 3176.33
v -77391.49 -40904.27 3176.33
v -76207.57 -40918.30 3176.33
v -76222.16 -42149.21 3204.33
v -77406.08 -42135.18 3204.33
v -77391.49 -40904.27 3204.33
v -76207.57 -40918.30 3204.33
v -76243.90 -42126.95 3176.33
v -77383.82 -42113.44 3176.33
v -77369.75 -40926.52 3176.33
v -76229.83 -40940.03 3176.33
v -76243.90 -42126.95 3204.33
v -77383.82 -42113.44 3204.33
v -77369.75 -40926.52 3204.33
v -76229.83 -40940.03 3204.33
v -76228.09 -42143.14 3234.33
v -77400.01 -42129.25 3234.33
v -77385.56 -40910.34 3234.33
v -76213.64 -40924.22 3234.33
v -76228.09 -42143.14 3304.33
v -77400.01 -42129.25 3304.33
v -77385.56 -40910.34 3304.33
v -76213.64 -40924.22 3304.33
v -76279.47 -42090.53 3234.33
v -77347.39 -42077.87 3234.33
v -77334.18 -40962.95 3234.33
v -76266.26 -40975.60 3234.33
v -76279.47 -42090.53 3304.33
v -77347.39 -42077.87 3304.33
v -77334.18 -40962.95 3304.33
v -76266.26 -40975.60 3304.33
v -76242.95 -42046.96 2293.33
v -76243.90 -42126.95 2293.33
v -76233.90 -42127.07 2293.33
v -76232.95 -42047.07 2293.33
v -76242.95 -42046.96 2348.33
v -76243.90 -42126.95 2348.33
v -76233.90 -42127.07 2348.33
v -76232.95 -42047.07 2348.33
v -76243.90 -42126.95 2365.33
v -76299.89 -42126.29 2365.33
v -76300.01 -42136.29 2365.33
v -76244.02 -42136.95 2365.33
v -76243.90 -42126.95 2420.33
v -76299.89 -42126.29 2420.33
v -76300.01 -42136.29 2420.33
v -76244.02 -42136.95 2420.33
v -76242.95 -42046.96 2437.33
v -76243.90 -42126.95 2437.33
v -76233.90 -42127.07 2437.33
v -76232.95 -42047.07 2437.33
v -76242.95 -42046.96 2492.33
v -76243.90 -42126.95 2492.33
v -76233.90 -42127.07 2492.33
v -76232.95 -42047.07 2492.33
v -76243.90 -42126.95 2509.33
v -76299.89 -42126.29 2509.33
v -76300.01 -42136.29 2509.33
v -76244.02 -42136.95 2509.33
v -76243.90 -42126.95 2564.33
v -76299.89 -42126.29 2564.33
v -76300.01 -42136.29 2564.33
v -76244.02 -42136.95 2564.33
v -77303.82 -42114.39 2293.33
v -77383.82 -42113.44 2293.33
v -77383.94 -42123.44 2293.33
v -77303.94 -42124.39 2293.33
v -77303.82 -42114.39 2348.33
v -77383.82 -42113.44 2348.33
v -77383.94 -42123.44 2348.33
v -77303.94 -42124.39 2348.33
v -77383.82 -42113.44 2365.33
v -77383.15 -42057.45 2365.33
v -77393.15 -42057.33 2365.33
v -77393.82 -42113.32 2365.33
v -77383.82 -42113.44 2420.33
v -77383.15 -42057.45 2420.33
v -77393.15 -42057.33 2420.33
v -77393.82 -42113.32 2420.33
v -77303.82 -42114.39 2437.33
v -77383.82 -42113.44 2437.33
v -77383.94 -42123.44 2437.33
v -77303.94 -42124.39 2437.33
v -77303.82 -42114.39 2492.33
v -77383.82 -42113.44 2492.33
v -77383.94 -42123.44 2492.33
v -77303.94 -42124.39 2492.33
v -77383.82 -42113.44 2509.33
v -77383.15 -42057.45 2509.33
v -77393.15 -42057.33 2509.33
v -77393.82 -42113.32 2509.33
v -77383.82 -42113.44 2564.33
v -77383.15 -42057.45 2564.33
v -77393.15 -42057.33 2564.33
v -77393.82 -42113.32 2564.33
v -77370.70 -41006.52 2293.33
v -77369.75 -40926.52 2293.33
v -77379.75 -40926.41 2293.33
v -77380.70 -41006.40 2293.33
v -77370.70 -41006.52 2348.33
v -77369.75 -40926.52 2348.33
v -77379.75 -40926.41 2348.33
v -77380.70 -41006.40 2348.33
v -77369.75 -40926.52 2365.33
v -77313.76 -40927.19 2365.33
v -77313.64 -40917.19 2365.33
v -77369.63 -40916.53 2365.33
v -77369.75 -40926.52 2420.33
v -77313.76 -40927.19 2420.33
v -77313.64 -40917.19 2420.33
v -77369.63 -40916.53 2420.33
v -77370.70 -41006.52 2437.33
v -77369.75 -40926.52 2437.33
v -77379.75 -40926.41 2437.33
v -77380.70 -41006.40 2437.33
v -77370.70 -41006.52 2492.33
v -77369.75 -40926.52 2492.33
v -77379.75 -40926.41 2492.33
v -77380.70 -41006.40 2492.33
v -77369.75 -40926.52 2509.33
v -77313.76 -40927.19 2509.33
v -77313.64 -40917.19 2509.33
v -77369.63 -40916.53 2509.33
v -77369.75 -40926.52 2564.33
v -77313.76 -40927.19 2564.33
v -77313.64 -40917.19 2564.33
v -77369.63 -40916.53 2564.33
v -76309.83 -40939.09 2293.33
v -76229.83 -40940.03 2293.33
v -76229.71 -40930.03 2293.33
v -76309.71 -40929.09 2293.33
v -76309.83 -40939.09 2348.33
v -76229.83 -40940.03 2348.33
v -76229.71 -40930.03 2348.33
v -76309.71 -40929.09 2348.33
v -76229.83 -40940.03 2365.33
v -76230.49 -40996.03 2365.33
v -76220.50 -40996.15 2365.33
v -76219.83 -40940.15 2365.33
v -76229.83 -40940.03 2420.33
v -76230.49 -40996.03 2420.33
v -76220.50 -40996.15 2420.33
v -76219.83 -40940.15 2420.33
v -76309.83 -40939.09 2437.33
v -76229.83 -40940.03 2437.33
v -76229.71 -40930.03 2437.33
v -76309.71 -40929.09 2437.33
v -76309.83 -40939.09 2492.33
v -76229.83 -40940.03 2492.33
v -76229.71 -40930.03 2492.33
v -76309.71 -40929.09 2492.33
v -76229.83 -40940.03 2509.33
v -76230.49 -40996.03 2509.33
v -76220.50 -40996.15 2509.33
v -76219.83 -40940.15 2509.33
v -76229.83 -40940.03 2564.33
v -76230.49 -40996.03 2564.33
v -76220.50 -40996.15 2564.33
v -76219.83 -40940.15 2564.33
v -76821.04 -41502.69 3234.33
v -76950.97 -41654.73 3234.33
v -77072.61 -41550.79 3234.33
v -76942.68 -41398.74 3234.33
v -76821.04 -41502.69 3454.33
v -76950.97 -41654.73 3454.33
v -77072.61 -41550.79 3454.33
v -76942.68 -41398.74 3454.33
v -73240.50 -46135.34 2689.11
v -74196.39 -44408.22 2689.11
v -73086.09 -43793.72 2689.11
v -72130.20 -45520.84 2689.11
v -73240.50 -46135.34 3329.11
v -74196.39 -44408.22 3329.11
v -73086.09 -43793.72 3329.11
v -72130.20 -45520.84 3329.11
v -73316.13 -46023.48 2779.11
v -73364.55 -45935.98 2779.11
v -73364.55 -45935.98 2959.11
v -73316.13 -46023.48 2959.11
v -73328.37 -46030.26 2779.11
v -73376.80 -45942.76 2779.11
v -73376.80 -45942.76 2959.11
v -73328.37 -46030.26 2959.11
v -73322.90 -46011.23 2793.11
v -73357.77 -45948.23 2793.11
v -73357.77 -45948.23 2945.11
v -73322.90 -46011.23 2945.11
v -73335.15 -46018.01 2793.11
v -73370.02 -45955.01 2793.11
v -73370.02 -45955.01 2945.11
v -73335.15 -46018.01 2945.11
v -73471.57 -45742.62 2779.11
v -73519.99 -45655.13 2779.11
v -73519.99 -45655.13 2959.11
v -73471.57 -45742.62 2959.11
v -73483.82 -45749.40 2779.11
v -73532.24 -45661.91 2779.11
v -73532.24 -45661.91 2959.11
v -73483.82 -45749.40 2959.11
v -73478.35 -45730.37 2793.11
v -73513.21 -45667.38 2793.11
v -73513.21 -45667.38 2945.11
v -73478.35 -45730.37 2945.11
v -73490.60 -45737.15 2793.11
v -73525.46 -45674.16 2793.11
v -73525.46 -45674.16 2945.11
v -73490.60 -45737.15 2945.11
v -73627.01 -45461.77 2779.11
v -73675.43 -45374.28 2779.11
v -73675.43 -45374.28 2959.11
v -73627.01 -45461.77 2959.11
v -73639.26 -45468.55 2779.11
v -73687.68 -45381.05 2779.11
v -73687.68 -45381.05 2959.11
v -73639.26 -45468.55 2959.11
v -73633.79 -45449.52 2793.11
v -73668.65 -45386.52 2793.11
v -73668.65 -45386.52 2945.11
v -73633.79 -45449.52 2945.11
v -73646.04 -45456.30 2793.11
v -73680.90 -45393.30 2793.11
v -73680.90 -45393.30 2945.11
v -73646.04 -45456.30 2945.11
v -73782.45 -45180.91 2779.11
v -73830.87 -45093.42 2779.11
v -73830.87 -45093.42 2959.11
v -73782.45 -45180.91 2959.11
v -73794.70 -45187.69 2779.11
v -73843.12 -45100.20 2779.11
v -73843.12 -45100.20 2959.11
v -73794.70 -45187.69 2959.11
v -73789.23 -45168.67 2793.11
v -73824.09 -45105.67 2793.11
v -73824.09 -45105.67 2945.11
v -73789.23 -45168.67 2945.11
v -73801.48 -45175.44 2793.11
v -73836.34 -45112.45 2793.11
v -73836.34 -45112.45 2945.11
v -73801.48 -45175.44 2945.11
v -73937.89 -44900.06 2779.11
v -73986.31 -44812.57 2779.11
v -73986.31 -44812.57 2959.11
v -73937.89 -44900.06 2959.11
v -73950.14 -44906.84 2779.11
v -73998.56 -44819.35 2779.11
v -73998.56 -44819.35 2959.11
v -73950.14 -44906.84 2959.11
v -73944.67 -44887.81 2793.11
v -73979.54 -44824.82 2793.11
v -73979.54 -44824.82 2945.11
v -73944.67 -44887.81 2945.11
v -73956.92 -44894.59 2793.11
v -73991.78 -44831.60 2793.11
v -73991.78 -44831.60 2945.11
v -73956.92 -44894.59 2945.11
v -74093.33 -44619.21 2779.11
v -74141.76 -44531.71 2779.11
v -74141.76 -44531.71 2959.11
v -74093.33 -44619.21 2959.11
v -74105.58 -44625.99 2779.11
v -74154.00 -44538.49 2779.11
v -74154.00 -44538.49 2959.11
v -74105.58 -44625.99 2959.11
v -74100.11 -44606.96 2793.11
v -74134.98 -44543.96 2793.11
v -74134.98 -44543.96 2945.11
v -74100.11 -44606.96 2945.11
v -74112.36 -44613.74 2793.11
v -74147.23 -44550.74 2793.11
v -74147.23 -44550.74 2945.11
v -74112.36 -44613.74 2945.11
v -73699.89 -45330.09 2689.11
v -73758.00 -45225.10 2689.11
v -73758.00 -45225.10 2919.11
v -73699.89 -45330.09 2919.11
v -73717.38 -45339.78 2689.11
v -73775.49 -45234.78 2689.11
v -73775.49 -45234.78 2919.11
v -73717.38 -45339.78 2919.11
v -73708.60 -45314.34 2707.11
v -73749.28 -45240.85 2707.11
v -73749.28 -45240.85 2901.11
v -73708.60 -45314.34 2901.11
v -73726.10 -45324.03 2707.11
v -73766.78 -45250.53 2707.11
v -73766.78 -45250.53 2901.11
v -73726.10 -45324.03 2901.11
v -73690.20 -45347.59 2685.11
v -73767.68 -45207.60 2685.11
v -73790.43 -45220.19 2685.11
v -73712.95 -45360.18 2685.11
v -73690.20 -45347.59 2701.11
v -73767.68 -45207.60 2701.11
v -73790.43 -45220.19 2701.11
v -73712.95 -45360.18 2701.11
v -74091.41 -44336.41 2779.11
v -74003.92 -44287.98 2779.11
v -74003.92 -44287.98 2959.11
v -74091.41 -44336.41 2959.11
v -74098.19 -44324.16 2779.11
v -74010.70 -44275.73 2779.11
v -74010.70 -44275.73 2959.11
v -74098.19 -44324.16 2959.11
v -74079.16 -44329.63 2793.11
v -74016.16 -44294.76 2793.11
v -74016.16 -44294.76 2945.11
v -74079.16 -44329.63 2945.11
v -74085.94 -44317.38 2793.11
v -74022.94 -44282.51 2793.11
v -74022.94 -44282.51 2945.11
v -74085.94 -44317.38 2945.11
v -73824.34 -44188.59 2779.11
v -73736.84 -44140.17 2779.11
v -73736.84 -44140.17 2959.11
v -73824.34 -44188.59 2959.11
v -73831.11 -44176.34 2779.11
v -73743.62 -44127.92 2779.11
v -73743.62 -44127.92 2959.11
v -73831.11 -44176.34 2959.11
v -73812.09 -44181.81 2793.11
v -73749.09 -44146.95 2793.11
v -73749.09 -44146.95 2945.11
v -73812.09 -44181.81 2945.11
v -73818.87 -44169.56 2793.11
v -73755.87 -44134.70 2793.11
v -73755.87 -44134.70 2945.11
v -73818.87 -44169.56 2945.11
v -73557.26 -44040.78 2779.11
v -73469.77 -43992.35 2779.11
v -73469.77 -43992.35 2959.11
v -73557.26 -44040.78 2959.11
v -73564.04 -44028.53 2779.11
v -73476.55 -43980.11 2779.11
v -73476.55 -43980.11 2959.11
v -73564.04 -44028.53 2959.11
v -73545.01 -44034.00 2793.11
v -73482.02 -43999.13 2793.11
v -73482.02 -43999.13 2945.11
v -73545.01 -44034.00 2945.11
v -73551.79 -44021.75 2793.11
v -73488.80 -43986.88 2793.11
v -73488.80 -43986.88 2945.11
v -73551.79 -44021.75 2945.11
v -73290.19 -43892.96 2779.11
v -73202.69 -43844.54 2779.11
v -73202.69 -43844.54 2959.11
v -73290.19 -43892.96 2959.11
v -73296.97 -43880.71 2779.11
v -73209.47 -43832.29 2779.11
v -73209.47 -43832.29 2959.11
v -73296.97 -43880.71 2959.11
v -73277.94 -43886.18 2793.11
v -73214.94 -43851.32 2793.11
v -73214.94 -43851.32 2945.11
v -73277.94 -43886.18 2945.11
v -73284.72 -43873.94 2793.11
v -73221.72 -43839.07 2793.11
v -73221.72 -43839.07 2945.11
v -73284.72 -43873.94 2945.11
v -73010.47 -43905.59 2779.11
v -72962.04 -43993.08 2779.11
v -72962.04 -43993.08 2959.11
v -73010.47 -43905.59 2959.11
v -72998.22 -43898.81 2779.11
v -72949.79 -43986.30 2779.11
v -72949.79 -43986.30 2959.11
v -72998.22 -43898.81 2959.11
v -73003.69 -43917.84 2793.11
v -72968.82 -43980.83 2793.11
v -72968.82 -43980.83 2945.11
v -73003.69 -43917.84 2945.11
v -72991.44 -43911.06 2793.11
v -72956.57 -43974.05 2793.11
v -72956.57 -43974.05 2945.11
v -72991.44 -43911.06 2945.11
v -72855.02 -44186.44 2779.11
v -72806.60 -44273.94 2779.11
v -72806.60 -44273.94 2959.11
v -72855.02 -44186.44 2959.11
v -72842.77 -44179.66 2779.11
v -72794.35 -44267.16 2779.11
v -72794.35 -44267.16 2959.11
v -72842.77 -44179.66 2959.11
v -72848.24 -44198.69 2793.11
v -72813.38 -44261.69 2793.11
v -72813.38 -44261.69 2945.11
v -72848.24 -44198.69 2945.11
v -72836.00 -44191.91 2793.11
v -72801.13 -44254.91 2793.11
v -72801.13 -44254.91 2945.11
v -72836.00 -44191.91 2945.11
v -72699.58 -44467.30 2779.11
v -72651.16 -44554.79 2779.11
v -72651.16 -44554.79 2959.11
v -72699.58 -44467.30 2959.11
v -72687.33 -44460.52 2779.11
v -72638.91 -44548.01 2779.11
v -72638.91 -44548.01 2959.11
v -72687.33 -44460.52 2959.11
v -72692.80 -44479.55 2793.11
v -72657.94 -44542.54 2793.11
v -72657.94 -44542.54 2945.11
v -72692.80 -44479.55 2945.11
v -72680.55 -44472.77 2793.11
v -72645.69 -44535.76 2793.11
v -72645.69 -44535.76 2945.11
v -72680.55 -44472.77 2945.11
v -72544.14 -44748.15 2779.11
v -72495.72 -44835.65 2779.11
v -72495.72 -44835.65 2959.11
v -72544.14 -44748.15 2959.11
v -72531.89 -44741.37 2779.11
v -72483.47 -44828.87 2779.11
v -72483.47 -44828.87 2959.11
v -72531.89 -44741.37 2959.11
v -72537.36 -44760.40 2793.11
v -72502.50 -44823.40 2793.11
v -72502.50 -44823.40 2945.11
v -72537.36 -44760.40 2945.11
v -72525.11 -44753.62 2793.11
v -72490.25 -44816.62 2793.11
v -72490.25 -44816.62 2945.11
v -72525.11 -44753.62 2945.11
v -72388.70 -45029.01 2779.11
v -72340.28 -45116.50 2779.11
v -72340.28 -45116.50 2959.11
v -72388.70 -45029.01 2959.11
v -72376.45 -45022.23 2779.11
v -72328.03 -45109.72 2779.11
v -72328.03 -45109.72 2959.11
v -72376.45 -45022.23 2959.11
v -72381.92 -45041.26 2793.11
v -72347.06 -45104.25 2793.11
v -72347.06 -45104.25 2945.11
v -72381.92 -45041.26 2945.11
v -72369.67 -45034.48 2793.11
v -72334.81 -45097.47 2793.11
v -72334.81 -45097.47 2945.11
v -72369.67 -45034.48 2945.11
v -72233.26 -45309.86 2779.11
v -72184.83 -45397.35 2779.11
v -72184.83 -45397.35 2959.11
v -72233.26 -45309.86 2959.11
v -72221.01 -45303.08 2779.11
v -72172.59 -45390.57 2779.11
v -72172.59 -45390.57 2959.11
v -72221.01 -45303.08 2959.11
v -72226.48 -45322.11 2793.11
v -72191.61 -45385.10 2793.11
v -72191.61 -45385.10 2945.11
v -72226.48 -45322.11 2945.11
v -72214.23 -45315.33 2793.11
v -72179.37 -45378.33 2793.11
v -72179.37 -45378.33 2945.11
v -72214.23 -45315.33 2945.11
v -72235.18 -45592.66 2779.11
v -72322.67 -45641.08 2779.11
v -72322.67 -45641.08 2959.11
v -72235.18 -45592.66 2959.11
v -72228.40 -45604.91 2779.11
v -72315.90 -45653.33 2779.11
v -72315.90 -45653.33 2959.11
v -72228.40 -45604.91 2959.11
v -72247.43 -45599.44 2793.11
v -72310.43 -45634.30 2793.11
v -72310.43 -45634.30 2945.11
v -72247.43 -45599.44 2945.11
v -72240.65 -45611.69 2793.11
v -72303.65 -45646.55 2793.11
v -72303.65 -45646.55 2945.11
v -72240.65 -45611.69 2945.11
v -72502.26 -45740.47 2779.11
v -72589.75 -45788.90 2779.11
v -72589.75 -45788.90 2959.11
v -72502.26 -45740.47 2959.11
v -72495.48 -45752.72 2779.11
v -72582.97 -45801.15 2779.11
v -72582.97 -45801.15 2959.11
v -72495.48 -45752.72 2959.11
v -72514.50 -45747.25 2793.11
v -72577.50 -45782.12 2793.11
v -72577.50 -45782.12 2945.11
v -72514.50 -45747.25 2945.11
v -72507.72 -45759.50 2793.11
v -72570.72 -45794.37 2793.11
v -72570.72 -45794.37 2945.11
v -72507.72 -45759.50 2945.11
v -72769.33 -45888.29 2779.11
v -72856.82 -45936.71 2779.11
v -72856.82 -45936.71 2959.11
v -72769.33 -45888.29 2959.11
v -72762.55 -45900.54 2779.11
v -72850.04 -45948.96 2779.11
v -72850.04 -45948.96 2959.11
v -72762.55 -45900.54 2959.11
v -72781.58 -45895.07 2793.11
v -72844.57 -45929.93 2793.11
v -72844.57 -45929.93 2945.11
v -72781.58 -45895.07 2945.11
v -72774.80 -45907.32 2793.11
v -72837.79 -45942.18 2793.11
v -72837.79 -45942.18 2945.11
v -72774.80 -45907.32 2945.11
v -73036.40 -46036.10 2779.11
v -73123.90 -46084.53 2779.11
v -73123.90 -46084.53 2959.11
v -73036.40 -46036.10 2959.11
v -73029.62 -46048.35 2779.11
v -73117.12 -46096.78 2779.11
v -73117.12 -46096.78 2959.11
v -73029.62 -46048.35 2959.11
v -73048.65 -46042.88 2793.11
v -73111.65 -46077.75 2793.11
v -73111.65 -46077.75 2945.11
v -73048.65 -46042.88 2945.11
v -73041.87 -46055.13 2793.11
v -73104.87 -46090.00 2793.11
v -73104.87 -46090.00 2945.11
v -73041.87 -46055.13 2945.11
v -73247.53 -46159.81 3299.11
v -74220.85 -44401.19 3299.11
v -73079.06 -43769.26 3299.11
v -72105.74 -45527.88 3299.11
v -73247.53 -46159.81 3313.11
v -74220.85 -44401.19 3313.11
v -73079.06 -43769.26 3313.11
v -72105.74 -45527.88 3313.11
v -73242.84 -46143.50 3299.11
v -74204.54 -44405.88 3299.11
v -73083.75 -43785.57 3299.11
v -72122.05 -45523.19 3299.11
v -73242.84 -46143.50 3313.11
v -74204.54 -44405.88 3313.11
v -73083.75 -43785.57 3313.11
v -72122.05 -45523.19 3313.11
v -73251.44 -46173.40 3277.11
v -74234.44 -44397.28 3277.11
v -73075.16 -43755.67 3277.11
v -72092.15 -45531.78 3277.11
v -73251.44 -46173.40 3305.11
v -74234.44 -44397.28 3305.11
v -73075.16 -43755.67 3305.11
v -72092.15 -45531.78 3305.11
v -73242.84 -46143.50 3277.11
v -74204.54 -44405.88 3277.11
v -73083.75 -43785.57 3277.11
v -72122.05 -45523.19 3277.11
v -73242.84 -46143.50 3305.11
v -74204.54 -44405.88 3305.11
v -73083.75 -43785.57 3305.11
v -72122.05 -45523.19 3305.11
v -73249.09 -46165.25 3335.11
v -74226.29 -44399.63 3335.11
v -73077.50 -43763.82 3335.11
v -72100.30 -45529.44 3335.11
v -73249.09 -46165.25 3405.11
v -74226.29 -44399.63 3405.11
v -73077.50 -43763.82 3405.11
v -72100.30 -45529.44 3405.11
v -73228.78 -46094.57 3335.11
v -74155.61 -44419.94 3335.11
v -73097.82 -43834.50 3335.11
v -72170.98 -45509.12 3335.11
v -73228.78 -46094.57 3405.11
v -74155.61 -44419.94 3405.11
v -73097.82 -43834.50 3405.11
v -72170.98 -45509.12 3405.11
v -73172.85 -46104.76 2714.11
v -73242.84 -46143.50 2714.11
v -73238.00 -46152.25 2714.11
v -73168.00 -46113.51 2714.11
v -73172.85 -46104.76 2769.11
v -73242.84 -46143.50 2769.11
v -73238.00 -46152.25 2769.11
v -73168.00 -46113.51 2769.11
v -73242.84 -46143.50 2786.11
v -73269.96 -46094.50 2786.11
v -73278.71 -46099.35 2786.11
v -73251.59 -46148.34 2786.11
v -73242.84 -46143.50 2841.11
v -73269.96 -46094.50 2841.11
v -73278.71 -46099.35 2841.11
v -73251.59 -46148.34 2841.11
v -73172.85 -46104.76 2858.11
v -73242.84 -46143.50 2858.11
v -73238.00 -46152.25 2858.11
v -73168.00 -46113.51 2858.11
v -73172.85 -46104.76 2913.11
v -73242.84 -46143.50 2913.11
v -73238.00 -46152.25 2913.11
v -73168.00 -46113.51 2913.11
v -73242.84 -46143.50 2930.11
v -73269.96 -46094.50 2930.11
v -73278.71 -46099.35 2930.11
v -73251.59 -46148.34 2930.11
v -73242.84 -46143.50 2985.11
v -73269.96 -46094.50 2985.11
v -73278.71 -46099.35 2985.11
v -73251.59 -46148.34 2985.11
v -73153.75 -43824.31 2714.11
v -73083.75 -43785.57 2714.11
v -73088.59 -43776.82 2714.11
v -73158.59 -43815.56 2714.11
v -73153.75 -43824.31 2769.11
v -73083.75 -43785.57 2769.11
v -73088.59 -43776.82 2769.11
v -73158.59 -43815.56 2769.11
v -73083.75 -43785.57 2786.11
v -73056.63 -43834.56 2786.11
v -73047.88 -43829.72 2786.11
v -73075.00 -43780.72 2786.11
v -73083.75 -43785.57 2841.11
v -73056.63 -43834.56 2841.11
v -73047.88 -43829.72 2841.11
v -73075.00 -43780.72 2841.11
v -73153.75 -43824.31 2858.11
v -73083.75 -43785.57 2858.11
v -73088.59 -43776.82 2858.11
v -73158.59 -43815.56 2858.11
v -73153.75 -43824.31 2913.11
v -73083.75 -43785.57 2913.11
v -73088.59 -43776.82 2913.11
v -73158.59 -43815.56 2913.11
v -73083.75 -43785.57 2930.11
v -73056.63 -43834.56 2930.11
v -73047.88 -43829.72 2930.11
v -73075.00 -43780.72 2930.11
v -73083.75 -43785.57 2985.11
v -73056.63 -43834.56 2985.11
v -73047.88 -43829.72 2985.11
v -73075.00 -43780.72 2985.11
v -74165.80 -44475.87 2714.11
v -74204.54 -44405.88 2714.11
v -74213.29 -44410.72 2714.11
v -74174.55 -44480.72 2714.11
v -74165.80 -44475.87 2769.11
v -74204.54 -44405.88 2769.11
v -74213.29 -44410.72 2769.11
v -74174.55 -44480.72 2769.11
v -74204.54 -44405.88 2786.11
v -74155.55 -44378.76 2786.11
v -74160.39 -44370.01 2786.11
v -74209.38 -44397.13 2786.11
v -74204.54 -44405.88 2841.11
v -74155.55 -44378.76 2841.11
v -74160.39 -44370.01 2841.11
v -74209.38 -44397.13 2841.11
v -74165.80 -44475.87 2858.11
v -74204.54 -44405.88 2858.11
v -74213.29 -44410.72 2858.11
v -74174.55 -44480.72 2858.11
v -74165.80 -44475.87 2913.11
v -74204.54 -44405.88 2913.11
v -74213.29 -44410.72 2913.11
v -74174.55 -44480.72 2913.11
v -74204.54 -44405.88 2930.11
v -74155.55 -44378.76 2930.11
v -74160.39 -44370.01 2930.11
v -74209.38 -44397.13 2930.11
v -74204.54 -44405.88 2985.11
v -74155.55 -44378.76 2985.11
v -74160.39 -44370.01 2985.11
v -74209.38 -44397.13 2985.11
v -72160.79 -45453.19 2714.11
v -72122.05 -45523.19 2714.11
v -72113.30 -45518.35 2714.11
v -72152.04 -45448.35 2714.11
v -72160.79 -45453.19 2769.11
v -72122.05 -45523.19 2769.11
v -72113.30 -45518.35 2769.11
v -72152.04 -45448.35 2769.11
v -72122.05 -45523.19 2786.11
v -72171.04 -45550.31 2786.11
v -72166.20 -45559.05 2786.11
v -72117.21 -45531.94 2786.11
v -72122.05 -45523.19 2841.11
v -72171.04 -45550.31 2841.11
v -72166.20 -45559.05 2841.11
v -72117.21 -45531.94 2841.11
v -72160.79 -45453.19 2858.11
v -72122.05 -45523.19 2858.11
v -72113.30 -45518.35 2858.11
v -72152.04 -45448.35 2858.11
v -72160.79 -45453.19 2913.11
v -72122.05 -45523.19 2913.11
v -72113.30 -45518.35 2913.11
v -72152.04 -45448.35 2913.11
v -72122.05 -45523.19 2930.11
v -72171.04 -45550.31 2930.11
v -72166.20 -45559.05 2930.11
v -72117.21 -45531.94 2930.11
v -72122.05 -45523.19 2985.11
v -72171.04 -45550.31 2985.11
v -72166.20 -45559.05 2985.11
v -72117.21 -45531.94 2985.11
v -73175.69 -44953.72 3335.11
v -73320.76 -45091.40 3335.11
v -73430.90 -44975.35 3335.11
v -73285.84 -44837.67 3335.11
v -73175.69 -44953.72 3555.11
v -73320.76 -45091.40 3555.11
v -73430.90 -44975.35 3555.11
v -73285.84 -44837.67 3555.11
v -72597.85 -40948.52 2654.43
v -74336.54 -40981.04 2654.43
v -74354.12 -40041.21 2654.43
v -72615.42 -40008.69 2654.43
v -72597.85 -40948.52 3614.43
v -74336.54 -40981.04 3614.43
v -74354.12 -40041.21 3614.43
v -72615.42 -40008.69 3614.43
v -72740.70 -40963.20 2744.43
v -72840.68 -40965.07 2744.43
v -72840.68 -40965.07 2924.43
v -72740.70 -40963.20 2924.43
v -72740.43 -40977.20 2744.43
v -72840.42 -40979.07 2744.43
v -72840.42 -40979.07 2924.43
v -72740.43 -40977.20 2924.43
v -72754.69 -40963.46 2758.43
v -72826.68 -40964.81 2758.43
v -72826.68 -40964.81 2910.43
v -72754.69 -40963.46 2910.43
v -72754.43 -40977.46 2758.43
v -72826.42 -40978.80 2758.43
v -72826.42 -40978.80 2910.43
v -72754.43 -40977.46 2910.43
v -72740.70 -40963.20 3064.43
v -72840.68 -40965.07 3064.43
v -72840.68 -40965.07 3244.43
v -72740.70 -40963.20 3244.43
v -72740.43 -40977.20 3064.43
v -72840.42 -40979.07 3064.43
v -72840.42 -40979.07 3244.43
v -72740.43 -40977.20 3244.43
v -72754.69 -40963.46 3078.43
v -72826.68 -40964.81 3078.43
v -72826.68 -40964.81 3230.43
v -72754.69 -40963.46 3230.43
v -72754.43 -40977.46 3078.43
v -72826.42 -40978.80 3078.43
v -72826.42 -40978.80 3230.43
v -72754.43 -40977.46 3230.43
v -73078.84 -40969.52 2744.43
v -73178.82 -40971.39 2744.43
v -73178.82 -40971.39 2924.43
v -73078.84 -40969.52 2924.43
v -73078.58 -40983.52 2744.43
v -73178.56 -40985.39 2744.43
v -73178.56 -40985.39 2924.43
v -73078.58 -40983.52 2924.43
v -73092.84 -40969.78 2758.43
v -73164.82 -40971.13 2758.43
v -73164.82 -40971.13 2910.43
v -73092.84 -40969.78 2910.43
v -73092.57 -40983.78 2758.43
v -73164.56 -40985.13 2758.43
v -73164.56 -40985.13 2910.43
v -73092.57 -40983.78 2910.43
v -73078.84 -40969.52 3064.43
v -73178.82 -40971.39 3064.43
v -73178.82 -40971.39 3244.43
v -73078.84 -40969.52 3244.43
v -73078.58 -40983.52 3064.43
v -73178.56 -40985.39 3064.43
v -73178.56 -40985.39 3244.43
v -73078.58 -40983.52 3244.43
v -73092.84 -40969.78 3078.43
v -73164.82 -40971.13 3078.43
v -73164.82 -40971.13 3230.43
v -73092.84 -40969.78 3230.43
v -73092.57 -40983.78 3078.43
v -73164.56 -40985.13 3078.43
v -73164.56 -40985.13 3230.43
v -73092.57 -40983.78 3230.43
v -73416.98 -40975.85 3064.43
v -73516.96 -40977.72 3064.43
v -73516.96 -40977.72 3244.43
v -73416.98 -40975.85 3244.43
v -73416.72 -40989.84 3064.43
v -73516.70 -40991.71 3064.43
v -73516.70 -40991.71 3244.43
v -73416.72 -40989.84 3244.43
v -73430.98 -40976.11 3078.43
v -73502.96 -40977.46 3078.43
v -73502.96 -40977.46 3230.43
v -73430.98 -40976.11 3230.43
v -73430.71 -40990.11 3078.43
v -73502.70 -40991.45 3078.43
v -73502.70 -40991.45 3230.43
v -73430.71 -40990.11 3230.43
v -73755.12 -40982.17 2744.43
v -73855.10 -40984.04 2744.43
v -73855.10 -40984.04 2924.43
v -73755.12 -40982.17 2924.43
v -73754.86 -40996.17 2744.43
v -73854.84 -40998.04 2744.43
v -73854.84 -40998.04 2924.43
v -73754.86 -40996.17 2924.43
v -73769.12 -40982.43 2758.43
v -73841.10 -40983.78 2758.43
v -73841.10 -40983.78 2910.43
v -73769.12 -40982.43 2910.43
v -73768.86 -40996.43 2758.43
v -73840.84 -40997.78 2758.43
v -73840.84 -40997.78 2910.43
v -73768.86 -40996.43 2910.43
v -73755.12 -40982.17 3064.43
v -73855.10 -40984.04 3064.43
v -73855.10 -40984.04 3244.43
v -73755.12 -40982.17 3244.43
v -73754.86 -40996.17 3064.43
v -73854.84 -40998.04 3064.43
v -73854.84 -40998.04 3244.43
v -73754.86 -40996.17 3244.43
v -73769.12 -40982.43 3078.43
v -73841.10 -40983.78 3078.43
v -73841.10 -40983.78 3230.43
v -73769.12 -40982.43 3230.43
v -73768.86 -40996.43 3078.43
v -73840.84 -40997.78 3078.43
v -73840.84 -40997.78 3230.43
v -73768.86 -40996.43 3230.43
v -74093.26 -40988.50 2744.43
v -74193.24 -40990.37 2744.43
v -74193.24 -40990.37 2924.43
v -74093.26 -40988.50 2924.43
v -74093.00 -41002.49 2744.43
v -74192.98 -41004.36 2744.43
v -74192.98 -41004.36 2924.43
v -74093.00 -41002.49 2924.43
v -74107.26 -40988.76 2758.43
v -74179.25 -40990.10 2758.43
v -74179.25 -40990.10 2910.43
v -74107.26 -40988.76 2910.43
v -74107.00 -41002.75 2758.43
v -74178.98 -41004.10 2758.43
v -74178.98 -41004.10 2910.43
v -74107.00 -41002.75 2910.43
v -74093.26 -40988.50 3064.43
v -74193.24 -40990.37 3064.43
v -74193.24 -40990.37 3244.43
v -74093.26 -40988.50 3244.43
v -74093.00 -41002.49 3064.43
v -74192.98 -41004.36 3064.43
v -74192.98 -41004.36 3244.43
v -74093.00 -41002.49 3244.43
v -74107.26 -40988.76 3078.43
v -74179.25 -40990.10 3078.43
v -74179.25 -40990.10 3230.43
v -74107.26 -40988.76 3230.43
v -74107.00 -41002.75 3078.43
v -74178.98 -41004.10 3078.43
v -74178.98 -41004.10 3230.43
v -74107.00 -41002.75 3230.43
v -73406.98 -40975.66 2654.43
v -73526.96 -40977.90 2654.43
v -73526.96 -40977.90 2884.43
v -73406.98 -40975.66 2884.43
v -73406.61 -40995.66 2654.43
v -73526.59 -40997.90 2654.43
v -73526.59 -40997.90 2884.43
v -73406.61 -40995.66 2884.43
v -73424.98 -40976.00 2672.43
v -73508.96 -40977.57 2672.43
v -73508.96 -40977.57 2866.43
v -73424.98 -40976.00 2866.43
v -73424.60 -40995.99 2672.43
v -73508.59 -40997.56 2672.43
v -73508.59 -40997.56 2866.43
v -73424.60 -40995.99 2866.43
v -73386.98 -40975.29 2650.43
v -73546.96 -40978.28 2650.43
v -73546.47 -41004.27 2650.43
v -73386.50 -41001.28 2650.43
v -73386.98 -40975.29 2666.43
v -73546.96 -40978.28 2666.43
v -73546.47 -41004.27 2666.43
v -73386.50 -41001.28 2666.43
v -74350.83 -40858.62 2744.43
v -74352.70 -40758.64 2744.43
v -74352.70 -40758.64 2924.43
v -74350.83 -40858.62 2924.43
v -74364.83 -40858.88 2744.43
v -74366.70 -40758.90 2744.43
v -74366.70 -40758.90 2924.43
v -74364.83 -40858.88 2924.43
v -74351.10 -40844.63 2758.43
v -74352.44 -40772.64 2758.43
v -74352.44 -40772.64 2910.43
v -74351.10 -40844.63 2910.43
v -74365.09 -40844.89 2758.43
v -74366.44 -40772.90 2758.43
v -74366.44 -40772.90 2910.43
v -74365.09 -40844.89 2910.43
v -74350.83 -40858.62 3064.43
v -74352.70 -40758.64 3064.43
v -74352.70 -40758.64 3244.43
v -74350.83 -40858.62 3244.43
v -74364.83 -40858.88 3064.43
v -74366.70 -40758.90 3064.43
v -74366.70 -40758.90 3244.43
v -74364.83 -40858.88 3244.43
v -74351.10 -40844.63 3078.43
v -74352.44 -40772.64 3078.43
v -74352.44 -40772.64 3230.43
v -74351.10 -40844.63 3230.43
v -74365.09 -40844.89 3078.43
v -74366.44 -40772.90 3078.43
v -74366.44 -40772.90 3230.43
v -74365.09 -40844.89 3230.43
v -74356.39 -40561.34 2744.43
v -74358.26 -40461.36 2744.43
v -74358.26 -40461.36 2924.43
v -74356.39 -40561.34 2924.43
v -74370.39 -40561.60 2744.43
v -74372.26 -40461.62 2744.43
v -74372.26 -40461.62 2924.43
v -74370.39 -40561.60 2924.43
v -74356.66 -40547.34 2758.43
v -74358.00 -40475.36 2758.43
v -74358.00 -40475.36 2910.43
v -74356.66 -40547.34 2910.43
v -74370.65 -40547.61 2758.43
v -74372.00 -40475.62 2758.43
v -74372.00 -40475.62 2910.43
v -74370.65 -40547.61 2910.43
v -74356.39 -40561.34 3064.43
v -74358.26 -40461.36 3064.43
v -74358.26 -40461.36 3194.43
v -74357.80 -40486.35 3237.73
v -74356.86 -40536.35 3237.73
v -74356.39 -40561.34 3194.43
v -74370.39 -40561.60 3064.43
v -74372.26 -40461.62 3064.43
v -74372.26 -40461.62 3194.43
v -74371.79 -40486.62 3237.73
v -74370.86 -40536.61 3237.73
v -74370.39 -40561.60 3194.43
v -74356.66 -40547.34 3078.43
v -74358.00 -40475.36 3078.43
v -74358.00 -40475.36 3194.43
v -74357.67 -40493.35 3225.60
v -74356.99 -40529.35 3225.60
v -74356.66 -40547.34 3194.43
v -74370.65 -40547.61 3078.43
v -74372.00 -40475.62 3078.43
v -74372.00 -40475.62 3194.43
v -74371.66 -40493.62 3225.60
v -74370.99 -40529.61 3225.60
v -74370.65 -40547.61 3194.43
v -74361.95 -40264.06 2744.43
v -74363.82 -40164.08 2744.43
v -74363.82 -40164.08 2924.43
v -74361.95 -40264.06 2924.43
v -74375.95 -40264.32 2744.43
v -74377.82 -40164.34 2744.43
v -74377.82 -40164.34 2924.43
v -74375.95 -40264.32 2924.43
v -74362.22 -40250.06 2758.43
v -74363.56 -40178.08 2758.43
v -74363.56 -40178.08 2910.43
v -74362.22 -40250.06 2910.43
v -74376.21 -40250.32 2758.43
v -74377.56 -40178.34 2758.43
v -74377.56 -40178.34 2910.43
v -74376.21 -40250.32 2910.43
v -74361.95 -40264.06 3064.43
v -74363.82 -40164.08 3064.43
v -74363.82 -40164.08 3194.43
v -74363.36 -40189.07 3237.73
v -74362.42 -40239.06 3237.73
v -74361.95 -40264.06 3194.43
v -74375.95 -40264.32 3064.43
v -74377.82 -40164.34 3064.43
v -74377.82 -40164.34 3194.43
v -74377.35 -40189.34 3237.73
v -74376.42 -40239.33 3237.73
v -74375.95 -40264.32 3194.43
v -74362.22 -40250.06 3078.43
v -74363.56 -40178.08 3078.43
v -74363.56 -40178.08 3194.43
v -74363.23 -40196.07 3225.60
v -74362.55 -40232.07 3225.60
v -74362.22 -40250.06 3194.43
v -74376.21 -40250.32 3078.43
v -74377.56 -40178.34 3078.43
v -74377.56 -40178.34 3194.43
v -74377.22 -40196.33 3225.60
v -74376.55 -40232.33 3225.60
v -74376.21 -40250.32 3194.43
v -74211.27 -40026.53 2744.43
v -74111.29 -40024.66 2744.43
v -74111.29 -40024.66 2924.43
v -74211.27 -40026.53 2924.43
v -74211.53 -40012.54 2744.43
v -74111.55 -40010.67 2744.43
v -74111.55 -40010.67 2924.43
v -74211.53 -40012.54 2924.43
v -74197.27 -40026.27 2758.43
v -74125.28 -40024.93 2758.43
v -74125.28 -40024.93 2910.43
v -74197.27 -40026.27 2910.43
v -74197.53 -40012.27 2758.43
v -74125.55 -40010.93 2758.43
v -74125.55 -40010.93 2910.43
v -74197.53 -40012.27 2910.43
v -74211.27 -40026.53 3064.43
v -74111.29 -40024.66 3064.43
v -74111.29 -40024.66 3244.43
v -74211.27 -40026.53 3244.43
v -74211.53 -40012.54 3064.43
v -74111.55 -40010.67 3064.43
v -74111.55 -40010.67 3244.43
v -74211.53 -40012.54 3244.43
v -74197.27 -40026.27 3078.43
v -74125.28 -40024.93 3078.43
v -74125.28 -40024.93 3230.43
v -74197.27 -40026.27 3230.43
v -74197.53 -40012.27 3078.43
v -74125.55 -40010.93 3078.43
v -74125.55 -40010.93 3230.43
v -74197.53 -40012.27 3230.43
v -73873.13 -40020.21 2744.43
v -73773.15 -40018.34 2744.43
v -73773.15 -40018.34 2924.43
v -73873.13 -40020.21 2924.43
v -73873.39 -40006.21 2744.43
v -73773.41 -40004.34 2744.43
v -73773.41 -40004.34 2924.43
v -73873.39 -40006.21 2924.43
v -73859.13 -40019.95 2758.43
v -73787.14 -40018.60 2758.43
v -73787.14 -40018.60 2910.43
v -73859.13 -40019.95 2910.43
v -73859.39 -40005.95 2758.43
v -73787.41 -40004.60 2758.43
v -73787.41 -40004.60 2910.43
v -73859.39 -40005.95 2910.43
v -73873.13 -40020.21 3064.43
v -73773.15 -40018.34 3064.43
v -73773.15 -40018.34 3244.43
v -73873.13 -40020.21 3244.43
v -73873.39 -40006.21 3064.43
v -73773.41 -40004.34 3064.43
v -73773.41 -40004.34 3244.43
v -73873.39 -40006.21 3244.43
v -73859.13 -40019.95 3078.43
v -73787.14 -40018.60 3078.43
v -73787.14 -40018.60 3230.43
v -73859.13 -40019.95 3230.43
v -73859.39 -40005.95 3078.43
v -73787.41 -40004.60 3078.43
v -73787.41 -40004.60 3230.43
v -73859.39 -40005.95 3230.43
v -73534.99 -40013.89 2744.43
v -73435.01 -40012.02 2744.43
v -73435.01 -40012.02 2924.43
v -73534.99 -40013.89 2924.43
v -73535.25 -39999.89 2744.43
v -73435.27 -39998.02 2744.43
v -73435.27 -39998.02 2924.43
v -73535.25 -39999.89 2924.43
v -73520.99 -40013.62 2758.43
v -73449.00 -40012.28 2758.43
v -73449.00 -40012.28 2910.43
v -73520.99 -40013.62 2910.43
v -73521.25 -39999.63 2758.43
v -73449.26 -39998.28 2758.43
v -73449.26 -39998.28 2910.43
v -73521.25 -39999.63 2910.43
v -73534.99 -40013.89 3064.43
v -73435.01 -40012.02 3064.43
v -73435.01 -40012.02 3244.43
v -73534.99 -40013.89 3244.43
v -73535.25 -39999.89 3064.43
v -73435.27 -39998.02 3064.43
v -73435.27 -39998.02 3244.43
v -73535.25 -39999.89 3244.43
v -73520.99 -40013.62 3078.43
v -73449.00 -40012.28 3078.43
v -73449.00 -40012.28 3230.43
v -73520.99 -40013.62 3230.43
v -73521.25 -39999.63 3078.43
v -73449.26 -39998.28 3078.43
v -73449.26 -39998.28 3230.43
v -73521.25 -39999.63 3230.43
v -73196.85 -40007.56 2744.43
v -73096.86 -40005.69 2744.43
v -73096.86 -40005.69 2924.43
v -73196.85 -40007.56 2924.43
v -73197.11 -39993.56 2744.43
v -73097.13 -39991.69 2744.43
v -73097.13 -39991.69 2924.43
v -73197.11 -39993.56 2924.43
v -73182.85 -40007.30 2758.43
v -73110.86 -40005.95 2758.43
v -73110.86 -40005.95 2910.43
v -73182.85 -40007.30 2910.43
v -73183.11 -39993.30 2758.43
v -73111.12 -39991.96 2758.43
v -73111.12 -39991.96 2910.43
v -73183.11 -39993.30 2910.43
v -73196.85 -40007.56 3064.43
v -73096.86 -40005.69 3064.43
v -73096.86 -40005.69 3194.43
v -73121.86 -40006.16 3237.73
v -73171.85 -40007.09 3237.73
v -73196.85 -40007.56 3194.43
v -73197.11 -39993.56 3064.43
v -73097.13 -39991.69 3064.43
v -73097.13 -39991.69 3194.43
v -73122.12 -39992.16 3237.73
v -73172.11 -39993.10 3237.73
v -73197.11 -39993.56 3194.43
v -73182.85 -40007.30 3078.43
v -73110.86 -40005.95 3078.43
v -73110.86 -40005.95 3194.43
v -73128.86 -40006.29 3225.60
v -73164.85 -40006.96 3225.60
v -73182.85 -40007.30 3194.43
v -73183.11 -39993.30 3078.43
v -73111.12 -39991.96 3078.43
v -73111.12 -39991.96 3194.43
v -73129.12 -39992.29 3225.60
v -73165.11 -39992.97 3225.60
v -73183.11 -39993.30 3194.43
v -72858.71 -40001.24 2744.43
v -72758.72 -39999.37 2744.43
v -72758.72 -39999.37 2924.43
v -72858.71 -40001.24 2924.43
v -72858.97 -39987.24 2744.43
v -72758.99 -39985.37 2744.43
v -72758.99 -39985.37 2924.43
v -72858.97 -39987.24 2924.43
v -72844.71 -40000.98 2758.43
v -72772.72 -39999.63 2758.43
v -72772.72 -39999.63 2910.43
v -72844.71 -40000.98 2910.43
v -72844.97 -39986.98 2758.43
v -72772.98 -39985.63 2758.43
v -72772.98 -39985.63 2910.43
v -72844.97 -39986.98 2910.43
v -72858.71 -40001.24 3064.43
v -72758.72 -39999.37 3064.43
v -72758.72 -39999.37 3194.43
v -72783.72 -39999.83 3237.73
v -72833.71 -40000.77 3237.73
v -72858.71 -40001.24 3194.43
v -72858.97 -39987.24 3064.43
v -72758.99 -39985.37 3064.43
v -72758.99 -39985.37 3194.43
v -72783.98 -39985.84 3237.73
v -72833.97 -39986.77 3237.73
v -72858.97 -39987.24 3194.43
v -72844.71 -40000.98 3078.43
v -72772.72 -39999.63 3078.43
v -72772.72 -39999.63 3194.43
v -72790.72 -39999.97 3225.60
v -72826.71 -40000.64 3225.60
v -72844.71 -40000.98 3194.43
v -72844.97 -39986.98 3078.43
v -72772.98 -39985.63 3078.43
v -72772.98 -39985.63 3194.43
v -72790.98 -39985.97 3225.60
v -72826.97 -39986.64 3225.60
v -72844.97 -39986.98 3194.43
v -72601.13 -40131.11 2744.43
v -72599.26 -40231.09 2744.43
v -72599.26 -40231.09 2924.43
v -72601.13 -40131.11 2924.43
v -72587.13 -40130.85 2744.43
v -72585.26 -40230.83 2744.43
v -72585.26 -40230.83 2924.43
v -72587.13 -40130.85 2924.43
v -72600.87 -40145.11 2758.43
v -72599.52 -40217.09 2758.43
v -72599.52 -40217.09 2910.43
v -72600.87 -40145.11 2910.43
v -72586.87 -40144.85 2758.43
v -72585.53 -40216.83 2758.43
v -72585.53 -40216.83 2910.43
v -72586.87 -40144.85 2910.43
v -72601.13 -40131.11 3064.43
v -72599.26 -40231.09 3064.43
v -72599.26 -40231.09 3244.43
v -72601.13 -40131.11 3244.43
v -72587.13 -40130.85 3064.43
v -72585.26 -40230.83 3064.43
v -72585.26 -40230.83 3244.43
v -72587.13 -40130.85 3244.43
v -72600.87 -40145.11 3078.43
v -72599.52 -40217.09 3078.43
v -72599.52 -40217.09 3230.43
v -72600.87 -40145.11 3230.43
v -72586.87 -40144.85 3078.43
v -72585.53 -40216.83 3078.43
v -72585.53 -40216.83 3230.43
v -72586.87 -40144.85 3230.43
v -72595.57 -40428.39 2744.43
v -72593.70 -40528.37 2744.43
v -72593.70 -40528.37 2924.43
v -72595.57 -40428.39 2924.43
v -72581.57 -40428.13 2744.43
v -72579.70 -40528.11 2744.43
v -72579.70 -40528.11 2924.43
v -72581.57 -40428.13 2924.43
v -72595.31 -40442.39 2758.43
v -72593.96 -40514.38 2758.43
v -72593.96 -40514.38 2910.43
v -72595.31 -40442.39 2910.43
v -72581.31 -40442.13 2758.43
v -72579.97 -40514.11 2758.43
v -72579.97 -40514.11 2910.43
v -72581.31 -40442.13 2910.43
v -72595.57 -40428.39 3064.43
v -72593.70 -40528.37 3064.43
v -72593.70 -40528.37 3244.43
v -72595.57 -40428.39 3244.43
v -72581.57 -40428.13 3064.43
v -72579.70 -40528.11 3064.43
v -72579.70 -40528.11 3244.43
v -72581.57 -40428.13 3244.43
v -72595.31 -40442.39 3078.43
v -72593.96 -40514.38 3078.43
v -72593.96 -40514.38 3230.43
v -72595.31 -40442.39 3230.43
v -72581.31 -40442.13 3078.43
v -72579.97 -40514.11 3078.43
v -72579.97 -40514.11 3230.43
v -72581.31 -40442.13 3230.43
v -72590.01 -40725.67 2744.43
v -72588.14 -40825.65 2744.43
v -72588.14 -40825.65 2924.43
v -72590.01 -40725.67 2924.43
v -72576.01 -40725.41 2744.43
v -72574.14 -40825.39 2744.43
v -72574.14 -40825.39 2924.43
v -72576.01 -40725.41 2924.43
v -72589.75 -40739.67 2758.43
v -72588.40 -40811.66 2758.43
v -72588.40 -40811.66 2910.43
v -72589.75 -40739.67 2910.43
v -72575.75 -40739.41 2758.43
v -72574.41 -40811.40 2758.43
v -72574.41 -40811.40 2910.43
v -72575.75 -40739.41 2910.43
v -72590.01 -40725.67 3064.43
v -72588.14 -40825.65 3064.43
v -72588.14 -40825.65 3244.43
v -72590.01 -40725.67 3244.43
v -72576.01 -40725.41 3064.43
v -72574.14 -40825.39 3064.43
v -72574.14 -40825.39 3244.43
v -72576.01 -40725.41 3244.43
v -72589.75 -40739.67 3078.43
v -72588.40 -40811.66 3078.43
v -72588.40 -40811.66 3230.43
v -72589.75 -40739.67 3230.43
v -72575.75 -40739.41 3078.43
v -72574.41 -40811.40 3078.43
v -72574.41 -40811.40 3230.43
v -72575.75 -40739.41 3230.43
v -72579.51 -40966.18 3584.43
v -74354.20 -40999.38 3584.43
v -74372.45 -40023.55 3584.43
v -72597.76 -39990.36 3584.43
v -72579.51 -40966.18 3598.43
v -74354.20 -40999.38 3598.43
v -74372.45 -40023.55 3598.43
v -72597.76 -39990.36 3598.43
v -72591.73 -40954.41 3584.43
v -74342.43 -40987.15 3584.43
v -74360.23 -40035.32 3584.43
v -72609.54 -40002.58 3584.43
v -72591.73 -40954.41 3598.43
v -74342.43 -40987.15 3598.43
v -74360.23 -40035.32 3598.43
v -72609.54 -40002.58 3598.43
v -72569.33 -40976.00 3562.43
v -74364.01 -41009.56 3562.43
v -74382.64 -40013.74 3562.43
v -72587.95 -39980.17 3562.43
v -72569.33 -40976.00 3590.43
v -74364.01 -41009.56 3590.43
v -74382.64 -40013.74 3590.43
v -72587.95 -39980.17 3590.43
v -72591.73 -40954.41 3562.43
v -74342.43 -40987.15 3562.43
v -74360.23 -40035.32 3562.43
v -72609.54 -40002.58 3562.43
v -72591.73 -40954.41 3590.43
v -74342.43 -40987.15 3590.43
v -74360.23 -40035.32 3590.43
v -72609.54 -40002.58 3590.43
v -72575.44 -40970.11 3620.43
v -74358.13 -41003.45 3620.43
v -74376.53 -40019.62 3620.43
v -72593.84 -39986.28 3620.43
v -72575.44 -40970.11 3690.43
v -74358.13 -41003.45 3690.43
v -74376.53 -40019.62 3690.43
v -72593.84 -39986.28 3690.43
v -72628.40 -40919.09 3620.43
v -74307.11 -40950.49 3620.43
v -74323.56 -40070.64 3620.43
v -72644.86 -40039.24 3620.43
v -72628.40 -40919.09 3690.43
v -74307.11 -40950.49 3690.43
v -74323.56 -40070.64 3690.43
v -72644.86 -40039.24 3690.43
v -72593.23 -40874.43 2679.43
v -72591.73 -40954.41 2679.43
v -72581.74 -40954.22 2679.43
v -72583.23 -40874.24 2679.43
v -72593.23 -40874.43 2734.43
v -72591.73 -40954.41 2734.43
v -72581.74 -40954.22 2734.43
v -72583.23 -40874.24 2734.43
v -72591.73 -40954.41 2751.43
v -72647.73 -40955.46 2751.43
v -72647.54 -40965.46 2751.43
v -72591.55 -40964.41 2751.43
v -72591.73 -40954.41 2806.43
v -72647.73 -40955.46 2806.43
v -72647.54 -40965.46 2806.43
v -72591.55 -40964.41 2806.43
v -72593.23 -40874.43 2823.43
v -72591.73 -40954.41 2823.43
v -72581.74 -40954.22 2823.43
v -72583.23 -40874.24 2823.43
v -72593.23 -40874.43 2878.43
v -72591.73 -40954.41 2878.43
v -72581.74 -40954.22 2878.43
v -72583.23 -40874.24 2878.43
v -72591.73 -40954.41 2895.43
v -72647.73 -40955.46 2895.43
v -72647.54 -40965.46 2895.43
v -72591.55 -40964.41 2895.43
v -72591.73 -40954.41 2950.43
v -72647.73 -40955.46 2950.43
v -72647.54 -40965.46 2950.43
v -72591.55 -40964.41 2950.43
v -74262.44 -40985.66 2679.43
v -74342.43 -40987.15 2679.43
v -74342.24 -40997.15 2679.43
v -74262.26 -40995.66 2679.43
v -74262.44 -40985.66 2734.43
v -74342.43 -40987.15 2734.43
v -74342.24 -40997.15 2734.43
v -74262.26 -40995.66 2734.43
v -74342.43 -40987.15 2751.43
v -74343.48 -40931.16 2751.43
v -74353.47 -40931.35 2751.43
v -74352.43 -40987.34 2751.43
v -74342.43 -40987.15 2806.43
v -74343.48 -40931.16 2806.43
v -74353.47 -40931.35 2806.43
v -74352.43 -40987.34 2806.43
v -74262.44 -40985.66 2823.43
v -74342.43 -40987.15 2823.43
v -74342.24 -40997.15 2823.43
v -74262.26 -40995.66 2823.43
v -74262.44 -40985.66 2878.43
v -74342.43 -40987.15 2878.43
v -74342.24 -40997.15 2878.43
v -74262.26 -40995.66 2878.43
v -74342.43 -40987.15 2895.43
v -74343.48 -40931.16 2895.43
v -74353.47 -40931.35 2895.43
v -74352.43 -40987.34 2895.43
v -74342.43 -40987.15 2950.43
v -74343.48 -40931.16 2950.43
v -74353.47 -40931.35 2950.43
v -74352.43 -40987.34 2950.43
v -74358.74 -40115.31 2679.43
v -74360.23 -40035.32 2679.43
v -74370.23 -40035.51 2679.43
v -74368.73 -40115.49 2679.43
v -74358.74 -40115.31 2734.43
v -74360.23 -40035.32 2734.43
v -74370.23 -40035.51 2734.43
v -74368.73 -40115.49 2734.43
v -74360.23 -40035.32 2751.43
v -74304.24 -40034.27 2751.43
v -74304.43 -40024.28 2751.43
v -74360.42 -40025.32 2751.43
v -74360.23 -40035.32 2806.43
v -74304.24 -40034.27 2806.43
v -74304.43 -40024.28 2806.43
v -74360.42 -40025.32 2806.43
v -74358.74 -40115.31 2823.43
v -74360.23 -40035.32 2823.43
v -74370.23 -40035.51 2823.43
v -74368.73 -40115.49 2823.43
v -74358.74 -40115.31 2878.43
v -74360.23 -40035.32 2878.43
v -74370.23 -40035.51 2878.43
v -74368.73 -40115.49 2878.43
v -74360.23 -40035.32 2895.43
v -74304.24 -40034.27 2895.43
v -74304.43 -40024.28 2895.43
v -74360.42 -40025.32 2895.43
v -74360.23 -40035.32 2950.43
v -74304.24 -40034.27 2950.43
v -74304.43 -40024.28 2950.43
v -74360.42 -40025.32 2950.43
v -72689.52 -40004.07 2679.43
v -72609.54 -40002.58 2679.43
v -72609.72 -39992.58 2679.43
v -72689.71 -39994.08 2679.43
v -72689.52 -40004.07 2734.43
v -72609.54 -40002.58 2734.43
v -72609.72 -39992.58 2734.43
v -72689.71 -39994.08 2734.43
v -72609.54 -40002.58 2751.43
v -72608.49 -40058.57 2751.43
v -72598.49 -40058.38 2751.43
v -72599.54 -40002.39 2751.43
v -72609.54 -40002.58 2806.43
v -72608.49 -40058.57 2806.43
v -72598.49 -40058.38 2806.43
v -72599.54 -40002.39 2806.43
v -72689.52 -40004.07 2823.43
v -72609.54 -40002.58 2823.43
v -72609.72 -39992.58 2823.43
v -72689.71 -39994.08 2823.43
v -72689.52 -40004.07 2878.43
v -72609.54 -40002.58 2878.43
v -72609.72 -39992.58 2878.43
v -72689.71 -39994.08 2878.43
v -72609.54 -40002.58 2895.43
v -72608.49 -40058.57 2895.43
v -72598.49 -40058.38 2895.43
v -72599.54 -40002.39 2895.43
v -72609.54 -40002.58 2950.43
v -72608.49 -40058.57 2950.43
v -72598.49 -40058.38 2950.43
v -72599.54 -40002.39 2950.43
v -73293.98 -40494.87 3650.43
v -73312.14 -40538.71 3650.43
v -73355.98 -40556.87 3650.43
v -73399.82 -40538.71 3650.43
v -73417.98 -40494.87 3650.43
v -73399.82 -40451.03 3650.43
v -73355.98 -40432.87 3650.43
v -73312.14 -40451.03 3650.43
v -73293.98 -40494.87 3760.43
v -73312.14 -40538.71 3760.43
v -73355.98 -40556.87 3760.43
v -73399.82 -40538.71 3760.43
v -73417.98 -40494.87 3760.43
v -73399.82 -40451.03 3760.43
v -73355.98 -40432.87 3760.43
v -73312.14 -40451.03 3760.43
v -73421.98 -40428.87 3620.43
v -73289.98 -40428.87 3620.43
v -73289.98 -40560.87 3620.43
v -73421.98 -40560.87 3620.43
v -73421.98 -40428.87 3650.43
v -73289.98 -40428.87 3650.43
v -73289.98 -40560.87 3650.43
v -73421.98 -40560.87 3650.43
v -73667.24 -40377.51 3620.43
v -73490.24 -40470.62 3620.43
v -73564.72 -40612.22 3620.43
v -73741.73 -40519.12 3620.43
v -73667.24 -40377.51 3840.43
v -73490.24 -40470.62 3840.43
v -73564.72 -40612.22 3840.43
v -73741.73 -40519.12 3840.43
v -73526.81 -47209.13 2722.50
v -73585.13 -46331.07 2722.50
v -73186.01 -46304.56 2722.50
v -73127.69 -47182.63 2722.50
v -73526.81 -47209.13 3362.50
v -73585.13 -46331.07 3362.50
v -73186.01 -46304.56 3362.50
v -73127.69 -47182.63 3362.50
v -73546.25 -47097.51 2812.50
v -73552.88 -46997.73 2812.50
v -73552.88 -46997.73 2992.50
v -73546.25 -47097.51 2992.50
v -73560.22 -47098.44 2812.50
v -73566.84 -46998.66 2812.50
v -73566.84 -46998.66 2992.50
v -73560.22 -47098.44 2992.50
v -73547.18 -47083.54 2826.50
v -73551.95 -47011.70 2826.50
v -73551.95 -47011.70 2978.50
v -73547.18 -47083.54 2978.50
v -73561.15 -47084.47 2826.50
v -73565.92 -47012.63 2826.50
v -73565.92 -47012.63 2978.50
v -73561.15 -47084.47 2978.50
v -73583.01 -46544.06 2812.50
v -73589.63 -46444.28 2812.50
v -73589.63 -46444.28 2992.50
v -73583.01 -46544.06 2992.50
v -73596.98 -46544.99 2812.50
v -73603.60 -46445.21 2812.50
v -73603.60 -46445.21 2992.50
v -73596.98 -46544.99 2992.50
v -73583.93 -46530.09 2826.50
v -73588.71 -46458.25 2826.50
v -73588.71 -46458.25 2978.50
v -73583.93 -46530.09 2978.50
v -73597.90 -46531.02 2826.50
v -73602.68 -46459.18 2826.50
v -73602.68 -46459.18 2978.50
v -73597.90 -46531.02 2978.50
v -73563.96 -46830.76 2722.50
v -73571.92 -46711.03 2722.50
v -73571.92 -46711.03 2892.50
v -73569.93 -46740.96 2944.46
v -73565.95 -46800.83 2944.46
v -73563.96 -46830.76 2892.50
v -73583.92 -46832.09 2722.50
v -73591.87 -46712.35 2722.50
v -73591.87 -46712.35 2892.50
v -73589.89 -46742.29 2944.46
v -73585.91 -46802.16 2944.46
v -73583.92 -46832.09 2892.50
v -73565.16 -46812.80 2740.50
v -73570.72 -46728.99 2740.50
v -73570.72 -46728.99 2892.50
v -73569.33 -46749.94 2928.87
v -73566.55 -46791.85 2928.87
v -73565.16 -46812.80 2892.50
v -73585.11 -46814.13 2740.50
v -73590.68 -46730.31 2740.50
v -73590.68 -46730.31 2892.50
v -73589.29 -46751.27 2928.87
v -73586.51 -46793.18 2928.87
v -73585.11 -46814.13 2892.50
v -73562.64 -46850.72 2718.50
v -73573.24 -46691.07 2718.50
v -73599.19 -46692.80 2718.50
v -73588.58 -46852.44 2718.50
v -73562.64 -46850.72 2734.50
v -73573.24 -46691.07 2734.50
v -73599.19 -46692.80 2734.50
v -73588.58 -46852.44 2734.50
v -73436.25 -46309.15 2812.50
v -73336.47 -46302.53 2812.50
v -73336.47 -46302.53 2992.50
v -73436.25 -46309.15 2992.50
v -73437.18 -46295.18 2812.50
v -73337.40 -46288.56 2812.50
v -73337.40 -46288.56 2992.50
v -73437.18 -46295.18 2992.50
v -73422.28 -46308.23 2826.50
v -73350.44 -46303.45 2826.50
v -73350.44 -46303.45 2978.50
v -73422.28 -46308.23 2978.50
v -73423.21 -46294.26 2826.50
v -73351.37 -46289.49 2826.50
v -73351.37 -46289.49 2978.50
v -73423.21 -46294.26 2978.50
v -73166.57 -46416.18 2812.50
v -73159.94 -46515.96 2812.50
v -73159.94 -46515.96 2992.50
v -73166.57 -46416.18 2992.50
v -73152.60 -46415.26 2812.50
v -73145.97 -46515.04 2812.50
v -73145.97 -46515.04 2992.50
v -73152.60 -46415.26 2992.50
v -73165.64 -46430.15 2826.50
v -73160.87 -46501.99 2826.50
v -73160.87 -46501.99 2978.50
v -73165.64 -46430.15 2978.50
v -73151.67 -46429.23 2826.50
v -73146.90 -46501.07 2826.50
v -73146.90 -46501.07 2978.50
v -73151.67 -46429.23 2978.50
v -73148.19 -46692.91 2812.50
v -73141.56 -46792.69 2812.50
v -73141.56 -46792.69 2992.50
v -73148.19 -46692.91 2992.50
v -73134.22 -46691.98 2812.50
v -73127.59 -46791.76 2812.50
v -73127.59 -46791.76 2992.50
v -73134.22 -46691.98 2992.50
v -73147.26 -46706.88 2826.50
v -73142.49 -46778.72 2826.50
v -73142.49 -46778.72 2978.50
v -73147.26 -46706.88 2978.50
v -73133.29 -46705.95 2826.50
v -73128.52 -46777.79 2826.50
v -73128.52 -46777.79 2978.50
v -73133.29 -46705.95 2978.50
v -73129.81 -46969.63 2812.50
v -73123.18 -47069.41 2812.50
v -73123.18 -47069.41 2992.50
v -73129.81 -46969.63 2992.50
v -73115.84 -46968.70 2812.50
v -73109.21 -47068.48 2812.50
v -73109.21 -47068.48 2992.50
v -73115.84 -46968.70 2992.50
v -73128.88 -46983.60 2826.50
v -73124.11 -47055.44 2826.50
v -73124.11 -47055.44 2978.50
v -73128.88 -46983.60 2978.50
v -73114.91 -46982.67 2826.50
v -73110.14 -47054.51 2826.50
v -73110.14 -47054.51 2978.50
v -73114.91 -46982.67 2978.50
v -73276.56 -47204.54 2812.50
v -73376.34 -47211.17 2812.50
v -73376.34 -47211.17 2992.50
v -73276.56 -47204.54 2992.50
v -73275.63 -47218.51 2812.50
v -73375.42 -47225.14 2812.50
v -73375.42 -47225.14 2992.50
v -73275.63 -47218.51 2992.50
v -73290.53 -47205.47 2826.50
v -73362.37 -47210.24 2826.50
v -73362.37 -47210.24 2978.50
v -73290.53 -47205.47 2978.50
v -73289.60 -47219.44 2826.50
v -73361.45 -47224.21 2826.50
v -73361.45 -47224.21 2978.50
v -73289.60 -47219.44 2978.50
v -73543.58 -47228.29 3332.50
v -73604.28 -46314.30 3332.50
v -73169.24 -46285.41 3332.50
v -73108.53 -47199.39 3332.50
v -73543.58 -47228.29 3346.50
v -73604.28 -46314.30 3346.50
v -73169.24 -46285.41 3346.50
v -73108.53 -47199.39 3346.50
v -73532.40 -47215.52 3332.50
v -73591.51 -46325.48 3332.50
v -73180.42 -46298.18 3332.50
v -73121.30 -47188.21 3332.50
v -73532.40 -47215.52 3346.50
v -73591.51 -46325.48 3346.50
v -73180.42 -46298.18 3346.50
v -73121.30 -47188.21 3346.50
v -73552.89 -47238.93 3310.50
v -73614.92 -46304.99 3310.50
v -73159.92 -46274.77 3310.50
v -73097.89 -47208.71 3310.50
v -73552.89 -47238.93 3338.50
v -73614.92 -46304.99 3338.50
v -73159.92 -46274.77 3338.50
v -73097.89 -47208.71 3338.50
v -73532.40 -47215.52 3310.50
v -73591.51 -46325.48 3310.50
v -73180.42 -46298.18 3310.50
v -73121.30 -47188.21 3310.50
v -73532.40 -47215.52 3338.50
v -73591.51 -46325.48 3338.50
v -73180.42 -46298.18 3338.50
v -73121.30 -47188.21 3338.50
v -73547.30 -47232.54 3368.50
v -73608.54 -46310.57 3368.50
v -73165.51 -46281.15 3368.50
v -73104.28 -47203.12 3368.50
v -73547.30 -47232.54 3438.50
v -73608.54 -46310.57 3438.50
v -73165.51 -46281.15 3438.50
v -73104.28 -47203.12 3438.50
v -73498.86 -47177.21 3368.50
v -73553.20 -46359.01 3368.50
v -73213.95 -46336.48 3368.50
v -73159.61 -47154.68 3368.50
v -73498.86 -47177.21 3438.50
v -73553.20 -46359.01 3438.50
v -73213.95 -46336.48 3438.50
v -73159.61 -47154.68 3438.50
v -73452.57 -47210.22 2747.50
v -73532.40 -47215.52 2747.50
v -73531.73 -47225.50 2747.50
v -73451.91 -47220.19 2747.50
v -73452.57 -47210.22 2802.50
v -73532.40 -47215.52 2802.50
v -73531.73 -47225.50 2802.50
v -73451.91 -47220.19 2802.50
v -73532.40 -47215.52 2819.50
v -73536.11 -47159.64 2819.50
v -73546.09 -47160.30 2819.50
v -73542.38 -47216.18 2819.50
v -73532.40 -47215.52 2874.50
v -73536.11 -47159.64 2874.50
v -73546.09 -47160.30 2874.50
v -73542.38 -47216.18 2874.50
v -73452.57 -47210.22 2891.50
v -73532.40 -47215.52 2891.50
v -73531.73 -47225.50 2891.50
v -73451.91 -47220.19 2891.50
v -73452.57 -47210.22 2946.50
v -73532.40 -47215.52 2946.50
v -73531.73 -47225.50 2946.50
v -73451.91 -47220.19 2946.50
v -73532.40 -47215.52 2963.50
v -73536.11 -47159.64 2963.50
v -73546.09 -47160.30 2963.50
v -73542.38 -47216.18 2963.50
v -73532.40 -47215.52 3018.50
v -73536.11 -47159.64 3018.50
v -73546.09 -47160.30 3018.50
v -73542.38 -47216.18 3018.50
v -73586.21 -46405.30 2747.50
v -73591.51 -46325.48 2747.50
v -73601.49 -46326.14 2747.50
v -73596.19 -46405.97 2747.50
v -73586.21 -46405.30 2802.50
v -73591.51 -46325.48 2802.50
v -73601.49 -46326.14 2802.50
v -73596.19 -46405.97 2802.50
v -73591.51 -46325.48 2819.50
v -73535.63 -46321.77 2819.50
v -73536.30 -46311.79 2819.50
v -73592.17 -46315.50 2819.50
v -73591.51 -46325.48 2874.50
v -73535.63 -46321.77 2874.50
v -73536.30 -46311.79 2874.50
v -73592.17 -46315.50 2874.50
v -73586.21 -46405.30 2891.50
v -73591.51 -46325.48 2891.50
v -73601.49 -46326.14 2891.50
v -73596.19 -46405.97 2891.50
v -73586.21 -46405.30 2946.50
v -73591.51 -46325.48 2946.50
v -73601.49 -46326.14 2946.50
v -73596.19 -46405.97 2946.50
v -73591.51 -46325.48 2963.50
v -73535.63 -46321.77 2963.50
v -73536.30 -46311.79 2963.50
v -73592.17 -46315.50 2963.50
v -73591.51 -46325.48 3018.50
v -73535.63 -46321.77 3018.50
v -73536.30 -46311.79 3018.50
v -73592.17 -46315.50 3018.50
v -73260.24 -46303.48 2747.50
v -73180.42 -46298.18 2747.50
v -73181.08 -46288.20 2747.50
v -73260.90 -46293.50 2747.50
v -73260.24 -46303.48 2802.50
v -73180.42 -46298.18 2802.50
v -73181.08 -46288.20 2802.50
v -73260.90 -46293.50 2802.50
v -73180.42 -46298.18 2819.50
v -73176.71 -46354.05 2819.50
v -73166.73 -46353.39 2819.50
v -73170.44 -46297.51 2819.50
v -73180.42 -46298.18 2874.50
v -73176.71 -46354.05 2874.50
v -73166.73 -46353.39 2874.50
v -73170.44 -46297.51 2874.50
v -73260.24 -46303.48 2891.50
v -73180.42 -46298.18 2891.50
v -73181.08 -46288.20 2891.50
v -73260.90 -46293.50 2891.50
v -73260.24 -46303.48 2946.50
v -73180.42 -46298.18 2946.50
v -73181.08 -46288.20 2946.50
v -73260.90 -46293.50 2946.50
v -73180.42 -46298.18 2963.50
v -73176.71 -46354.05 2963.50
v -73166.73 -46353.39 2963.50
v -73170.44 -46297.51 2963.50
v -73180.42 -46298.18 3018.50
v -73176.71 -46354.05 3018.50
v -73166.73 -46353.39 3018.50
v -73170.44 -46297.51 3018.50
v -73126.60 -47108.39 2747.50
v -73121.30 -47188.21 2747.50
v -73111.33 -47187.55 2747.50
v -73116.63 -47107.73 2747.50
v -73126.60 -47108.39 2802.50
v -73121.30 -47188.21 2802.50
v -73111.33 -47187.55 2802.50
v -73116.63 -47107.73 2802.50
v -73121.30 -47188.21 2819.50
v -73177.18 -47191.93 2819.50
v -73176.52 -47201.90 2819.50
v -73120.64 -47198.19 2819.50
v -73121.30 -47188.21 2874.50
v -73177.18 -47191.93 2874.50
v -73176.52 -47201.90 2874.50
v -73120.64 -47198.19 2874.50
v -73126.60 -47108.39 2891.50
v -73121.30 -47188.21 2891.50
v -73111.33 -47187.55 2891.50
v -73116.63 -47107.73 2891.50
v -73126.60 -47108.39 2946.50
v -73121.30 -47188.21 2946.50
v -73111.33 -47187.55 2946.50
v -73116.63 -47107.73 2946.50
v -73121.30 -47188.21 2963.50
v -73177.18 -47191.93 2963.50
v -73176.52 -47201.90 2963.50
v -73120.64 -47198.19 2963.50
v -73121.30 -47188.21 3018.50
v -73177.18 -47191.93 3018.50
v -73176.52 -47201.90 3018.50
v -73120.64 -47198.19 3018.50
v -70588.82 -44713.86 2945.76
v -72139.55 -44742.87 2945.76
v -72159.30 -43687.05 2945.76
v -70608.57 -43658.05 2945.76
v -70588.82 -44713.86 3905.76
v -72139.55 -44742.87 3905.76
v -72159.30 -43687.05 3905.76
v -70608.57 -43658.05 3905.76
v -70712.88 -44728.19 3035.76
v -70812.86 -44730.06 3035.76
v -70812.86 -44730.06 3215.76
v -70712.88 -44728.19 3215.76
v -70712.61 -44742.18 3035.76
v -70812.60 -44744.05 3035.76
v -70812.60 -44744.05 3215.76
v -70712.61 -44742.18 3215.76
v -70726.87 -44728.45 3049.76
v -70798.86 -44729.80 3049.76
v -70798.86 -44729.80 3201.76
v -70726.87 -44728.45 3201.76
v -70726.61 -44742.45 3049.76
v -70798.60 -44743.79 3049.76
v -70798.60 -44743.79 3201.76
v -70726.61 -44742.45 3201.76
v -70712.88 -44728.19 3355.76
v -70812.86 -44730.06 3355.76
v -70812.86 -44730.06 3485.76
v -70787.86 -44729.59 3529.06
v -70737.87 -44728.65 3529.06
v -70712.88 -44728.19 3485.76
v -70712.61 -44742.18 3355.76
v -70812.60 -44744.05 3355.76
v -70812.60 -44744.05 3485.76
v -70787.60 -44743.59 3529.06
v -70737.61 -44742.65 3529.06
v -70712.61 -44742.18 3485.76
v -70726.87 -44728.45 3369.76
v -70798.86 -44729.80 3369.76
v -70798.86 -44729.80 3485.76
v -70780.86 -44729.46 3516.94
v -70744.87 -44728.79 3516.94
v -70726.87 -44728.45 3485.76
v -70726.61 -44742.45 3369.76
v -70798.60 -44743.79 3369.76
v -70798.60 -44743.79 3485.76
v -70780.60 -44743.46 3516.94
v -70744.61 -44742.78 3516.94
v -70726.61 -44742.45 3485.76
v -71013.42 -44733.81 3035.76
v -71113.41 -44735.68 3035.76
v -71113.41 -44735.68 3215.76
v -71013.42 -44733.81 3215.76
v -71013.16 -44747.81 3035.76
v -71113.14 -44749.68 3035.76
v -71113.14 -44749.68 3215.76
v -71013.16 -44747.81 3215.76
v -71027.42 -44734.07 3049.76
v -71099.41 -44735.42 3049.76
v -71099.41 -44735.42 3201.76
v -71027.42 -44734.07 3201.76
v -71027.16 -44748.07 3049.76
v -71099.15 -44749.41 3049.76
v -71099.15 -44749.41 3201.76
v -71027.16 -44748.07 3201.76
v -71013.42 -44733.81 3355.76
v -71113.41 -44735.68 3355.76
v -71113.41 -44735.68 3535.76
v -71013.42 -44733.81 3535.76
v -71013.16 -44747.81 3355.76
v -71113.14 -44749.68 3355.76
v -71113.14 -44749.68 3535.76
v -71013.16 -44747.81 3535.76
v -71027.42 -44734.07 3369.76
v -71099.41 -44735.42 3369.76
v -71099.41 -44735.42 3521.76
v -71027.42 -44734.07 3521.76
v -71027.16 -44748.07 3369.76
v -71099.15 -44749.41 3369.76
v -71099.15 -44749.41 3521.76
v -71027.16 -44748.07 3521.76
v -71313.97 -44739.43 3035.76
v -71413.95 -44741.30 3035.76
v -71413.95 -44741.30 3215.76
v -71313.97 -44739.43 3215.76
v -71313.71 -44753.43 3035.76
v -71413.69 -44755.30 3035.76
v -71413.69 -44755.30 3215.76
v -71313.71 -44753.43 3215.76
v -71327.97 -44739.69 3049.76
v -71399.96 -44741.04 3049.76
v -71399.96 -44741.04 3201.76
v -71327.97 -44739.69 3201.76
v -71327.71 -44753.69 3049.76
v -71399.69 -44755.04 3049.76
v -71399.69 -44755.04 3201.76
v -71327.71 -44753.69 3201.76
v -71313.97 -44739.43 3355.76
v -71413.95 -44741.30 3355.76
v -71413.95 -44741.30 3535.76
v -71313.97 -44739.43 3535.76
v -71313.71 -44753.43 3355.76
v -71413.69 -44755.30 3355.76
v -71413.69 -44755.30 3535.76
v -71313.71 -44753.43 3535.76
v -71327.97 -44739.69 3369.76
v -71399.96 -44741.04 3369.76
v -71399.96 -44741.04 3521.76
v -71327.97 -44739.69 3521.76
v -71327.71 -44753.69 3369.76
v -71399.69 -44755.04 3369.76
v -71399.69 -44755.04 3521.76
v -71327.71 -44753.69 3521.76
v -71614.52 -44745.05 3035.76
v -71714.50 -44746.92 3035.76
v -71714.50 -44746.92 3215.76
v -71614.52 -44745.05 3215.76
v -71614.26 -44759.05 3035.76
v -71714.24 -44760.92 3035.76
v -71714.24 -44760.92 3215.76
v -71614.26 -44759.05 3215.76
v -71628.52 -44745.31 3049.76
v -71700.50 -44746.66 3049.76
v -71700.50 -44746.66 3201.76
v -71628.52 -44745.31 3201.76
v -71628.25 -44759.31 3049.76
v -71700.24 -44760.66 3049.76
v -71700.24 -44760.66 3201.76
v -71628.25 -44759.31 3201.76
v -71614.52 -44745.05 3355.76
v -71714.50 -44746.92 3355.76
v -71714.50 -44746.92 3535.76
v -71614.52 -44745.05 3535.76
v -71614.26 -44759.05 3355.76
v -71714.24 -44760.92 3355.76
v -71714.24 -44760.92 3535.76
v -71614.26 -44759.05 3535.76
v -71628.52 -44745.31 3369.76
v -71700.50 -44746.66 3369.76
v -71700.50 -44746.66 3521.76
v -71628.52 -44745.31 3521.76
v -71628.25 -44759.31 3369.76
v -71700.24 -44760.66 3369.76
v -71700.24 -44760.66 3521.76
v -71628.25 -44759.31 3521.76
v -71915.07 -44750.67 3035.76
v -72015.05 -44752.54 3035.76
v -72015.05 -44752.54 3215.76
v -71915.07 -44750.67 3215.76
v -71914.80 -44764.67 3035.76
v -72014.79 -44766.54 3035.76
v -72014.79 -44766.54 3215.76
v -71914.80 -44764.67 3215.76
v -71929.06 -44750.93 3049.76
v -72001.05 -44752.28 3049.76
v -72001.05 -44752.28 3201.76
v -71929.06 -44750.93 3201.76
v -71928.80 -44764.93 3049.76
v -72000.79 -44766.28 3049.76
v -72000.79 -44766.28 3201.76
v -71928.80 -44764.93 3201.76
v -71915.07 -44750.67 3355.76
v -72015.05 -44752.54 3355.76
v -72015.05 -44752.54 3535.76
v -71915.07 -44750.67 3535.76
v -71914.80 -44764.67 3355.76
v -72014.79 -44766.54 3355.76
v -72014.79 -44766.54 3535.76
v -71914.80 -44764.67 3535.76
v -71929.06 -44750.93 3369.76
v -72001.05 -44752.28 3369.76
v -72001.05 -44752.28 3521.76
v -71929.06 -44750.93 3521.76
v -71928.80 -44764.93 3369.76
v -72000.79 -44766.28 3369.76
v -72000.79 -44766.28 3521.76
v -71928.80 -44764.93 3521.76
v -72154.20 -44601.12 3035.76
v -72156.07 -44501.13 3035.76
v -72156.07 -44501.13 3215.76
v -72154.20 -44601.12 3215.76
v -72168.20 -44601.38 3035.76
v -72170.07 -44501.40 3035.76
v -72170.07 -44501.40 3215.76
v -72168.20 -44601.38 3215.76
v -72154.47 -44587.12 3049.76
v -72155.81 -44515.13 3049.76
v -72155.81 -44515.13 3201.76
v -72154.47 -44587.12 3201.76
v -72168.46 -44587.38 3049.76
v -72169.81 -44515.39 3049.76
v -72169.81 -44515.39 3201.76
v -72168.46 -44587.38 3201.76
v -72154.20 -44601.12 3355.76
v -72156.07 -44501.13 3355.76
v -72156.07 -44501.13 3535.76
v -72154.20 -44601.12 3535.76
v -72168.20 -44601.38 3355.76
v -72170.07 -44501.40 3355.76
v -72170.07 -44501.40 3535.76
v -72168.20 -44601.38 3535.76
v -72154.47 -44587.12 3369.76
v -72155.81 -44515.13 3369.76
v -72155.81 -44515.13 3521.76
v -72154.47 -44587.12 3521.76
v -72168.46 -44587.38 3369.76
v -72169.81 -44515.39 3369.76
v -72169.81 -44515.39 3521.76
v -72168.46 -44587.38 3521.76
v -72160.49 -44265.18 3035.76
v -72162.36 -44165.19 3035.76
v -72162.36 -44165.19 3215.76
v -72160.49 -44265.18 3215.76
v -72174.49 -44265.44 3035.76
v -72176.36 -44165.46 3035.76
v -72176.36 -44165.46 3215.76
v -72174.49 -44265.44 3215.76
v -72160.75 -44251.18 3049.76
v -72162.10 -44179.19 3049.76
v -72162.10 -44179.19 3201.76
v -72160.75 -44251.18 3201.76
v -72174.75 -44251.44 3049.76
v -72176.09 -44179.45 3049.76
v -72176.09 -44179.45 3201.76
v -72174.75 -44251.44 3201.76
v -72160.49 -44265.18 3355.76
v -72162.36 -44165.19 3355.76
v -72162.36 -44165.19 3535.76
v -72160.49 -44265.18 3535.76
v -72174.49 -44265.44 3355.76
v -72176.36 -44165.46 3355.76
v -72176.36 -44165.46 3535.76
v -72174.49 -44265.44 3535.76
v -72160.75 -44251.18 3369.76
v -72162.10 -44179.19 3369.76
v -72162.10 -44179.19 3521.76
v -72160.75 -44251.18 3521.76
v -72174.75 -44251.44 3369.76
v -72176.09 -44179.45 3369.76
v -72176.09 -44179.45 3521.76
v -72174.75 -44251.44 3521.76
v -72166.77 -43929.23 3035.76
v -72168.64 -43829.25 3035.76
v -72168.64 -43829.25 3215.76
v -72166.77 -43929.23 3215.76
v -72180.77 -43929.50 3035.76
v -72182.64 -43829.51 3035.76
v -72182.64 -43829.51 3215.76
v -72180.77 -43929.50 3215.76
v -72167.03 -43915.24 3049.76
v -72168.38 -43843.25 3049.76
v -72168.38 -43843.25 3201.76
v -72167.03 -43915.24 3201.76
v -72181.03 -43915.50 3049.76
v -72182.38 -43843.51 3049.76
v -72182.38 -43843.51 3201.76
v -72181.03 -43915.50 3201.76
v -72166.77 -43929.23 3355.76
v -72168.64 -43829.25 3355.76
v -72168.64 -43829.25 3485.76
v -72168.17 -43854.25 3529.06
v -72167.24 -43904.24 3529.06
v -72166.77 -43929.23 3485.76
v -72180.77 -43929.50 3355.76
v -72182.64 -43829.51 3355.76
v -72182.64 -43829.51 3485.76
v -72182.17 -43854.51 3529.06
v -72181.24 -43904.50 3529.06
v -72180.77 -43929.50 3485.76
v -72167.03 -43915.24 3369.76
v -72168.38 -43843.25 3369.76
v -72168.38 -43843.25 3485.76
v -72168.04 -43861.25 3516.94
v -72167.37 -43897.24 3516.94
v -72167.03 -43915.24 3485.76
v -72181.03 -43915.50 3369.76
v -72182.38 -43843.51 3369.76
v -72182.38 -43843.51 3485.76
v -72182.04 -43861.51 3516.94
v -72181.37 -43897.50 3516.94
v -72181.03 -43915.50 3485.76
v -72035.24 -43672.73 3035.76
v -71935.26 -43670.86 3035.76
v -71935.26 -43670.86 3215.76
v -72035.24 -43672.73 3215.76
v -72035.51 -43658.73 3035.76
v -71935.52 -43656.86 3035.76
v -71935.52 -43656.86 3215.76
v -72035.51 -43658.73 3215.76
v -72021.25 -43672.47 3049.76
v -71949.26 -43671.12 3049.76
v -71949.26 -43671.12 3201.76
v -72021.25 -43672.47 3201.76
v -72021.51 -43658.47 3049.76
v -71949.52 -43657.12 3049.76
v -71949.52 -43657.12 3201.76
v -72021.51 -43658.47 3201.76
v -72035.24 -43672.73 3355.76
v -71935.26 -43670.86 3355.76
v -71935.26 -43670.86 3535.76
v -72035.24 -43672.73 3535.76
v -72035.51 -43658.73 3355.76
v -71935.52 -43656.86 3355.76
v -71935.52 -43656.86 3535.76
v -72035.51 -43658.73 3535.76
v -72021.25 -43672.47 3369.76
v -71949.26 -43671.12 3369.76
v -71949.26 -43671.12 3521.76
v -72021.25 -43672.47 3521.76
v -72021.51 -43658.47 3369.76
v -71949.52 -43657.12 3369.76
v -71949.52 -43657.12 3521.76
v -72021.51 -43658.47 3521.76
v -71734.70 -43667.11 3035.76
v -71634.71 -43665.24 3035.76
v -71634.71 -43665.24 3215.76
v -71734.70 -43667.11 3215.76
v -71734.96 -43653.11 3035.76
v -71634.98 -43651.24 3035.76
v -71634.98 -43651.24 3215.76
v -71734.96 -43653.11 3215.76
v -71720.70 -43666.85 3049.76
v -71648.71 -43665.50 3049.76
v -71648.71 -43665.50 3201.76
v -71720.70 -43666.85 3201.76
v -71720.96 -43652.85 3049.76
v -71648.97 -43651.50 3049.76
v -71648.97 -43651.50 3201.76
v -71720.96 -43652.85 3201.76
v -71734.70 -43667.11 3355.76
v -71634.71 -43665.24 3355.76
v -71634.71 -43665.24 3485.76
v -71659.71 -43665.71 3529.06
v -71709.70 -43666.64 3529.06
v -71734.70 -43667.11 3485.76
v -71734.96 -43653.11 3355.76
v -71634.98 -43651.24 3355.76
v -71634.98 -43651.24 3485.76
v -71659.97 -43651.71 3529.06
v -71709.96 -43652.64 3529.06
v -71734.96 -43653.11 3485.76
v -71720.70 -43666.85 3369.76
v -71648.71 -43665.50 3369.76
v -71648.71 -43665.50 3485.76
v -71666.71 -43665.84 3516.94
v -71702.70 -43666.51 3516.94
v -71720.70 -43666.85 3485.76
v -71720.96 -43652.85 3369.76
v -71648.97 -43651.50 3369.76
v -71648.97 -43651.50 3485.76
v -71666.97 -43651.84 3516.94
v -71702.96 -43652.51 3516.94
v -71720.96 -43652.85 3485.76
v -71434.15 -43661.49 3355.76
v -71334.17 -43659.62 3355.76
v -71334.17 -43659.62 3535.76
v -71434.15 -43661.49 3535.76
v -71434.41 -43647.49 3355.76
v -71334.43 -43645.62 3355.76
v -71334.43 -43645.62 3535.76
v -71434.41 -43647.49 3535.76
v -71420.15 -43661.23 3369.76
v -71348.16 -43659.88 3369.76
v -71348.16 -43659.88 3521.76
v -71420.15 -43661.23 3521.76
v -71420.41 -43647.23 3369.76
v -71348.43 -43645.88 3369.76
v -71348.43 -43645.88 3521.76
v -71420.41 -43647.23 3521.76
v -71133.60 -43655.87 3035.76
v -71033.62 -43654.00 3035.76
v -71033.62 -43654.00 3215.76
v -71133.60 -43655.87 3215.76
v -71133.86 -43641.87 3035.76
v -71033.88 -43640.00 3035.76
v -71033.88 -43640.00 3215.76
v -71133.86 -43641.87 3215.76
v -71119.60 -43655.61 3049.76
v -71047.62 -43654.26 3049.76
v -71047.62 -43654.26 3201.76
v -71119.60 -43655.61 3201.76
v -71119.87 -43641.61 3049.76
v -71047.88 -43640.26 3049.76
v -71047.88 -43640.26 3201.76
v -71119.87 -43641.61 3201.76
v -71133.60 -43655.87 3355.76
v -71033.62 -43654.00 3355.76
v -71033.62 -43654.00 3485.76
v -71058.62 -43654.46 3529.06
v -71108.61 -43655.40 3529.06
v -71133.60 -43655.87 3485.76
v -71133.86 -43641.87 3355.76
v -71033.88 -43640.00 3355.76
v -71033.88 -43640.00 3485.76
v -71058.88 -43640.47 3529.06
v -71108.87 -43641.40 3529.06
v -71133.86 -43641.87 3485.76
v -71119.60 -43655.61 3369.76
v -71047.62 -43654.26 3369.76
v -71047.62 -43654.26 3485.76
v -71065.61 -43654.60 3516.94
v -71101.61 -43655.27 3516.94
v -71119.60 -43655.61 3485.76
v -71119.87 -43641.61 3369.76
v -71047.88 -43640.26 3369.76
v -71047.88 -43640.26 3485.76
v -71065.88 -43640.60 3516.94
v -71101.87 -43641.27 3516.94
v -71119.87 -43641.61 3485.76
v -70833.05 -43650.25 3035.76
v -70733.07 -43648.38 3035.76
v -70733.07 -43648.38 3215.76
v -70833.05 -43650.25 3215.76
v -70833.32 -43636.25 3035.76
v -70733.33 -43634.38 3035.76
v -70733.33 -43634.38 3215.76
v -70833.32 -43636.25 3215.76
v -70819.06 -43649.98 3049.76
v -70747.07 -43648.64 3049.76
v -70747.07 -43648.64 3201.76
v -70819.06 -43649.98 3201.76
v -70819.32 -43635.99 3049.76
v -70747.33 -43634.64 3049.76
v -70747.33 -43634.64 3201.76
v -70819.32 -43635.99 3201.76
v -70833.05 -43650.25 3355.76
v -70733.07 -43648.38 3355.76
v -70733.07 -43648.38 3485.76
v -70758.07 -43648.84 3529.06
v -70808.06 -43649.78 3529.06
v -70833.05 -43650.25 3485.76
v -70833.32 -43636.25 3355.76
v -70733.33 -43634.38 3355.76
v -70733.33 -43634.38 3485.76
v -70758.33 -43634.85 3529.06
v -70808.32 -43635.78 3529.06
v -70833.32 -43636.25 3485.76
v -70819.06 -43649.98 3369.76
v -70747.07 -43648.64 3369.76
v -70747.07 -43648.64 3485.76
v -70765.07 -43648.97 3516.94
v -70801.06 -43649.65 3516.94
v -70819.06 -43649.98 3485.76
v -70819.32 -43635.99 3369.76
v -70747.33 -43634.64 3369.76
v -70747.33 -43634.64 3485.76
v -70765.33 -43634.98 3516.94
v -70801.32 -43635.65 3516.94
v -70819.32 -43635.99 3485.76
v -71444.15 -43661.68 2945.76
v -71324.17 -43659.43 2945.76
v -71324.17 -43659.43 3175.76
v -71444.15 -43661.68 3175.76
v -71444.52 -43641.68 2945.76
v -71324.54 -43639.43 2945.76
v -71324.54 -43639.43 3175.76
v -71444.52 -43641.68 3175.76
v -71426.15 -43661.34 2963.76
v -71342.17 -43659.77 2963.76
v -71342.17 -43659.77 3157.76
v -71426.15 -43661.34 3157.76
v -71426.53 -43641.34 2963.76
v -71342.54 -43639.77 2963.76
v -71342.54 -43639.77 3157.76
v -71426.53 -43641.34 3157.76
v -71464.14 -43662.05 2941.76
v -71304.17 -43659.06 2941.76
v -71304.66 -43633.06 2941.76
v -71464.63 -43636.05 2941.76
v -71464.14 -43662.05 2957.76
v -71304.17 -43659.06 2957.76
v -71304.66 -43633.06 2957.76
v -71464.63 -43636.05 2957.76
v -70593.92 -43799.80 3035.76
v -70592.05 -43899.78 3035.76
v -70592.05 -43899.78 3215.76
v -70593.92 -43799.80 3215.76
v -70579.92 -43799.54 3035.76
v -70578.05 -43899.52 3035.76
v -70578.05 -43899.52 3215.76
v -70579.92 -43799.54 3215.76
v -70593.65 -43813.80 3049.76
v -70592.31 -43885.78 3049.76
v -70592.31 -43885.78 3201.76
v -70593.65 -43813.80 3201.76
v -70579.66 -43813.54 3049.76
v -70578.31 -43885.52 3049.76
v -70578.31 -43885.52 3201.76
v -70579.66 -43813.54 3201.76
v -70593.92 -43799.80 3355.76
v -70592.05 -43899.78 3355.76
v -70592.05 -43899.78 3535.76
v -70593.92 -43799.80 3535.76
v -70579.92 -43799.54 3355.76
v -70578.05 -43899.52 3355.76
v -70578.05 -43899.52 3535.76
v -70579.92 -43799.54 3535.76
v -70593.65 -43813.80 3369.76
v -70592.31 -43885.78 3369.76
v -70592.31 -43885.78 3521.76
v -70593.65 -43813.80 3521.76
v -70579.66 -43813.54 3369.76
v -70578.31 -43885.52 3369.76
v -70578.31 -43885.52 3521.76
v -70579.66 -43813.54 3521.76
v -70587.63 -44135.74 3035.76
v -70585.76 -44235.72 3035.76
v -70585.76 -44235.72 3215.76
v -70587.63 -44135.74 3215.76
v -70573.64 -44135.48 3035.76
v -70571.77 -44235.46 3035.76
v -70571.77 -44235.46 3215.76
v -70573.64 -44135.48 3215.76
v -70587.37 -44149.74 3049.76
v -70586.03 -44221.73 3049.76
v -70586.03 -44221.73 3201.76
v -70587.37 -44149.74 3201.76
v -70573.37 -44149.48 3049.76
v -70572.03 -44221.46 3049.76
v -70572.03 -44221.46 3201.76
v -70573.37 -44149.48 3201.76
v -70587.63 -44135.74 3355.76
v -70585.76 -44235.72 3355.76
v -70585.76 -44235.72 3535.76
v -70587.63 -44135.74 3535.76
v -70573.64 -44135.48 3355.76
v -70571.77 -44235.46 3355.76
v -70571.77 -44235.46 3535.76
v -70573.64 -44135.48 3535.76
v -70587.37 -44149.74 3369.76
v -70586.03 -44221.73 3369.76
v -70586.03 -44221.73 3521.76
v -70587.37 -44149.74 3521.76
v -70573.37 -44149.48 3369.76
v -70572.03 -44221.46 3369.76
v -70572.03 -44221.46 3521.76
v -70573.37 -44149.48 3521.76
v -70581.35 -44471.68 3035.76
v -70579.48 -44571.67 3035.76
v -70579.48 -44571.67 3215.76
v -70581.35 -44471.68 3215.76
v -70567.35 -44471.42 3035.76
v -70565.48 -44571.40 3035.76
v -70565.48 -44571.40 3215.76
v -70567.35 -44471.42 3215.76
v -70581.09 -44485.68 3049.76
v -70579.74 -44557.67 3049.76
v -70579.74 -44557.67 3201.76
v -70581.09 -44485.68 3201.76
v -70567.09 -44485.42 3049.76
v -70565.74 -44557.41 3049.76
v -70565.74 -44557.41 3201.76
v -70567.09 -44485.42 3201.76
v -70581.35 -44471.68 3355.76
v -70579.48 -44571.67 3355.76
v -70579.48 -44571.67 3535.76
v -70581.35 -44471.68 3535.76
v -70567.35 -44471.42 3355.76
v -70565.48 -44571.40 3355.76
v -70565.48 -44571.40 3535.76
v -70567.35 -44471.42 3535.76
v -70581.09 -44485.68 3369.76
v -70579.74 -44557.67 3369.76
v -70579.74 -44557.67 3521.76
v -70581.09 -44485.68 3521.76
v -70567.09 -44485.42 3369.76
v -70565.74 -44557.41 3369.76
v -70565.74 -44557.41 3521.76
v -70567.09 -44485.42 3521.76
v -70570.49 -44731.52 3875.76
v -72157.21 -44761.20 3875.76
v -72177.63 -43669.39 3875.76
v -70590.91 -43639.72 3875.76
v -70570.49 -44731.52 3889.76
v -72157.21 -44761.20 3889.76
v -72177.63 -43669.39 3889.76
v -70590.91 -43639.72 3889.76
v -70582.71 -44719.75 3875.76
v -72145.44 -44748.98 3875.76
v -72165.41 -43681.17 3875.76
v -70602.68 -43651.94 3875.76
v -70582.71 -44719.75 3889.76
v -72145.44 -44748.98 3889.76
v -72165.41 -43681.17 3889.76
v -70602.68 -43651.94 3889.76
v -70560.30 -44741.34 3853.76
v -72167.02 -44771.39 3853.76
v -72187.82 -43659.58 3853.76
v -70581.10 -43629.53 3853.76
v -70560.30 -44741.34 3881.76
v -72167.02 -44771.39 3881.76
v -72187.82 -43659.58 3881.76
v -70581.10 -43629.53 3881.76
v -70582.71 -44719.75 3853.76
v -72145.44 -44748.98 3853.76
v -72165.41 -43681.17 3853.76
v -70602.68 -43651.94 3853.76
v -70582.71 -44719.75 3881.76
v -72145.44 -44748.98 3881.76
v -72165.41 -43681.17 3881.76
v -70602.68 -43651.94 3881.76
v -70566.42 -44735.45 3911.76
v -72161.14 -44765.28 3911.76
v -72181.71 -43665.47 3911.76
v -70586.99 -43635.64 3911.76
v -70566.42 -44735.45 3981.76
v -72161.14 -44765.28 3981.76
v -72181.71 -43665.47 3981.76
v -70586.99 -43635.64 3981.76
v -70619.38 -44684.43 3911.76
v -72110.12 -44712.31 3911.76
v -72128.74 -43716.49 3911.76
v -70638.00 -43688.61 3911.76
v -70619.38 -44684.43 3981.76
v -72110.12 -44712.31 3981.76
v -72128.74 -43716.49 3981.76
v -70638.00 -43688.61 3981.76
v -70584.21 -44639.77 2970.76
v -70582.71 -44719.75 2970.76
v -70572.71 -44719.56 2970.76
v -70574.21 -44639.58 2970.76
v -70584.21 -44639.77 3025.76
v -70582.71 -44719.75 3025.76
v -70572.71 -44719.56 3025.76
v -70574.21 -44639.58 3025.76
v -70582.71 -44719.75 3042.76
v -70638.70 -44720.80 3042.76
v -70638.51 -44730.80 3042.76
v -70582.52 -44729.75 3042.76
v -70582.71 -44719.75 3097.76
v -70638.70 -44720.80 3097.76
v -70638.51 -44730.80 3097.76
v -70582.52 -44729.75 3097.76
v -70584.21 -44639.77 3114.76
v -70582.71 -44719.75 3114.76
v -70572.71 -44719.56 3114.76
v -70574.21 -44639.58 3114.76
v -70584.21 -44639.77 3169.76
v -70582.71 -44719.75 3169.76
v -70572.71 -44719.56 3169.76
v -70574.21 -44639.58 3169.76
v -70582.71 -44719.75 3186.76
v -70638.70 -44720.80 3186.76
v -70638.51 -44730.80 3186.76
v -70582.52 -44729.75 3186.76
v -70582.71 -44719.75 3241.76
v -70638.70 -44720.80 3241.76
v -70638.51 -44730.80 3241.76
v -70582.52 -44729.75 3241.76
v -72065.45 -44747.48 2970.76
v -72145.44 -44748.98 2970.76
v -72145.25 -44758.98 2970.76
v -72065.27 -44757.48 2970.76
v -72065.45 -44747.48 3025.76
v -72145.44 -44748.98 3025.76
v -72145.25 -44758.98 3025.76
v -72065.27 -44757.48 3025.76
v -72145.44 -44748.98 3042.76
v -72146.49 -44692.99 3042.76
v -72156.48 -44693.18 3042.76
v -72155.44 -44749.17 3042.76
v -72145.44 -44748.98 3097.76
v -72146.49 -44692.99 3097.76
v -72156.48 -44693.18 3097.76
v -72155.44 -44749.17 3097.76
v -72065.45 -44747.48 3114.76
v -72145.44 -44748.98 3114.76
v -72145.25 -44758.98 3114.76
v -72065.27 -44757.48 3114.76
v -72065.45 -44747.48 3169.76
v -72145.44 -44748.98 3169.76
v -72145.25 -44758.98 3169.76
v -72065.27 -44757.48 3169.76
v -72145.44 -44748.98 3186.76
v -72146.49 -44692.99 3186.76
v -72156.48 -44693.18 3186.76
v -72155.44 -44749.17 3186.76
v -72145.44 -44748.98 3241.76
v -72146.49 -44692.99 3241.76
v -72156.48 -44693.18 3241.76
v -72155.44 -44749.17 3241.76
v -72163.91 -43761.15 2970.76
v -72165.41 -43681.17 2970.76
v -72175.41 -43681.35 2970.76
v -72173.91 -43761.34 2970.76
v -72163.91 -43761.15 3025.76
v -72165.41 -43681.17 3025.76
v -72175.41 -43681.35 3025.76
v -72173.91 -43761.34 3025.76
v -72165.41 -43681.17 3042.76
v -72109.42 -43680.12 3042.76
v -72109.61 -43670.12 3042.76
v -72165.60 -43671.17 3042.76
v -72165.41 -43681.17 3097.76
v -72109.42 -43680.12 3097.76
v -72109.61 -43670.12 3097.76
v -72165.60 -43671.17 3097.76
v -72163.91 -43761.15 3114.76
v -72165.41 -43681.17 3114.76
v -72175.41 -43681.35 3114.76
v -72173.91 -43761.34 3114.76
v -72163.91 -43761.15 3169.76
v -72165.41 -43681.17 3169.76
v -72175.41 -43681.35 3169.76
v -72173.91 -43761.34 3169.76
v -72165.41 -43681.17 3186.76
v -72109.42 -43680.12 3186.76
v -72109.61 -43670.12 3186.76
v -72165.60 -43671.17 3186.76
v -72165.41 -43681.17 3241.76
v -72109.42 -43680.12 3241.76
v -72109.61 -43670.12 3241.76
v -72165.60 -43671.17 3241.76
v -70682.67 -43653.43 2970.76
v -70602.68 -43651.94 2970.76
v -70602.87 -43641.94 2970.76
v -70682.86 -43643.44 2970.76
v -70682.67 -43653.43 3025.76
v -70602.68 -43651.94 3025.76
v -70602.87 -43641.94 3025.76
v -70682.86 -43643.44 3025.76
v -70602.68 -43651.94 3042.76
v -70601.64 -43707.93 3042.76
v -70591.64 -43707.74 3042.76
v -70592.68 -43651.75 3042.76
v -70602.68 -43651.94 3097.76
v -70601.64 -43707.93 3097.76
v -70591.64 -43707.74 3097.76
v -70592.68 -43651.75 3097.76
v -70682.67 -43653.43 3114.76
v -70602.68 -43651.94 3114.76
v -70602.87 -43641.94 3114.76
v -70682.86 -43643.44 3114.76
v -70682.67 -43653.43 3169.76
v -70602.68 -43651.94 3169.76
v -70602.87 -43641.94 3169.76
v -70682.86 -43643.44 3169.76
v -70602.68 -43651.94 3186.76
v -70601.64 -43707.93 3186.76
v -70591.64 -43707.74 3186.76
v -70592.68 -43651.75 3186.76
v -70602.68 -43651.94 3241.76
v -70601.64 -43707.93 3241.76
v -70591.64 -43707.74 3241.76
v -70592.68 -43651.75 3241.76
v -70156.45 -40576.50 2871.06
v -70762.66 -41024.86 2871.06
v -71010.03 -40690.40 2871.06
v -70403.82 -40242.04 2871.06
v -70156.45 -40576.50 3511.06
v -70762.66 -41024.86 3511.06
v -71010.03 -40690.40 3511.06
v -70403.82 -40242.04 3511.06
v -70270.32 -40675.64 2961.06
v -70350.71 -40735.11 2961.06
v -70350.71 -40735.11 3141.06
v -70270.32 -40675.64 3141.06
v -70261.99 -40686.90 2961.06
v -70342.39 -40746.36 2961.06
v -70342.39 -40746.36 3141.06
v -70261.99 -40686.90 3141.06
v -70281.57 -40683.97 2975.06
v -70339.46 -40726.78 2975.06
v -70339.46 -40726.78 3127.06
v -70281.57 -40683.97 3127.06
v -70273.25 -40695.23 2975.06
v -70331.13 -40738.04 2975.06
v -70331.13 -40738.04 3127.06
v -70273.25 -40695.23 3127.06
v -70554.13 -40885.55 2961.06
v -70634.53 -40945.01 2961.06
v -70634.53 -40945.01 3141.06
v -70554.13 -40885.55 3141.06
v -70545.80 -40896.81 2961.06
v -70626.20 -40956.27 2961.06
v -70626.20 -40956.27 3141.06
v -70545.80 -40896.81 3141.06
v -70565.38 -40893.88 2975.06
v -70623.27 -40936.69 2975.06
v -70623.27 -40936.69 3127.06
v -70565.38 -40893.88 3127.06
v -70557.06 -40905.13 2975.06
v -70614.94 -40947.95 2975.06
v -70614.94 -40947.95 3127.06
v -70557.06 -40905.13 3127.06
v -70404.18 -40774.65 2871.06
v -70500.66 -40846.01 2871.06
v -70500.66 -40846.01 3101.06
v -70404.18 -40774.65 3101.06
v -70392.29 -40790.73 2871.06
v -70488.77 -40862.09 2871.06
v -70488.77 -40862.09 3101.06
v -70392.29 -40790.73 3101.06
v -70418.65 -40785.35 2889.06
v -70486.19 -40835.30 2889.06
v -70486.19 -40835.30 3083.06
v -70418.65 -40785.35 3083.06
v -70406.76 -40801.43 2889.06
v -70474.30 -40851.38 2889.06
v -70474.30 -40851.38 3083.06
v -70406.76 -40801.43 3083.06
v -70388.10 -40762.76 2867.06
v -70516.74 -40857.90 2867.06
v -70501.28 -40878.80 2867.06
v -70372.64 -40783.66 2867.06
v -70388.10 -40762.76 2883.06
v -70516.74 -40857.90 2883.06
v -70501.28 -40878.80 2883.06
v -70372.64 -40783.66 2883.06
v -70866.26 -40904.96 2961.06
v -70925.73 -40824.56 2961.06
v -70925.73 -40824.56 3141.06
v -70866.26 -40904.96 3141.06
v -70877.52 -40913.29 2961.06
v -70936.98 -40832.89 2961.06
v -70936.98 -40832.89 3141.06
v -70877.52 -40913.29 3141.06
v -70874.59 -40893.71 2975.06
v -70917.40 -40835.82 2975.06
v -70917.40 -40835.82 3127.06
v -70874.59 -40893.71 3127.06
v -70885.84 -40902.03 2975.06
v -70928.66 -40844.14 2975.06
v -70928.66 -40844.14 3127.06
v -70885.84 -40902.03 3127.06
v -70896.16 -40591.26 2961.06
v -70815.76 -40531.79 2961.06
v -70815.76 -40531.79 3141.06
v -70896.16 -40591.26 3141.06
v -70904.49 -40580.00 2961.06
v -70824.09 -40520.54 2961.06
v -70824.09 -40520.54 3141.06
v -70904.49 -40580.00 3141.06
v -70884.91 -40582.93 2975.06
v -70827.02 -40540.12 2975.06
v -70827.02 -40540.12 3127.06
v -70884.91 -40582.93 3127.06
v -70893.23 -40571.67 2975.06
v -70835.35 -40528.86 2975.06
v -70835.35 -40528.86 3127.06
v -70893.23 -40571.67 3127.06
v -70612.35 -40381.35 2961.06
v -70531.95 -40321.89 2961.06
v -70531.95 -40321.89 3141.06
v -70612.35 -40381.35 3141.06
v -70620.68 -40370.09 2961.06
v -70540.28 -40310.63 2961.06
v -70540.28 -40310.63 3141.06
v -70620.68 -40370.09 3141.06
v -70601.10 -40373.03 2975.06
v -70543.21 -40330.21 2975.06
v -70543.21 -40330.21 3127.06
v -70601.10 -40373.03 3127.06
v -70609.42 -40361.77 2975.06
v -70551.53 -40318.96 2975.06
v -70551.53 -40318.96 3127.06
v -70609.42 -40361.77 3127.06
v -70300.22 -40361.94 2961.06
v -70240.75 -40442.34 2961.06
v -70240.75 -40442.34 3141.06
v -70300.22 -40361.94 3141.06
v -70288.96 -40353.61 2961.06
v -70229.50 -40434.01 2961.06
v -70229.50 -40434.01 3141.06
v -70288.96 -40353.61 3141.06
v -70291.89 -40373.19 2975.06
v -70249.08 -40431.08 2975.06
v -70249.08 -40431.08 3127.06
v -70291.89 -40373.19 3127.06
v -70280.64 -40364.87 2975.06
v -70237.82 -40422.76 2975.06
v -70237.82 -40422.76 3127.06
v -70280.64 -40364.87 3127.06
v -70131.27 -40580.27 3481.06
v -70766.43 -41050.03 3481.06
v -71035.21 -40686.63 3481.06
v -70400.05 -40216.87 3481.06
v -70131.27 -40580.27 3495.06
v -70766.43 -41050.03 3495.06
v -71035.21 -40686.63 3495.06
v -70400.05 -40216.87 3495.06
v -70148.06 -40577.76 3481.06
v -70763.92 -41033.25 3481.06
v -71018.42 -40689.14 3481.06
v -70402.56 -40233.65 3481.06
v -70148.06 -40577.76 3495.06
v -70763.92 -41033.25 3495.06
v -71018.42 -40689.14 3495.06
v -70402.56 -40233.65 3495.06
v -70117.29 -40582.37 3459.06
v -70768.52 -41064.02 3459.06
v -71049.19 -40684.53 3459.06
v -70397.95 -40202.88 3459.06
v -70117.29 -40582.37 3487.06
v -70768.52 -41064.02 3487.06
v -71049.19 -40684.53 3487.06
v -70397.95 -40202.88 3487.06
v -70148.06 -40577.76 3459.06
v -70763.92 -41033.25 3459.06
v -71018.42 -40689.14 3459.06
v -70402.56 -40233.65 3459.06
v -70148.06 -40577.76 3487.06
v -70763.92 -41033.25 3487.06
v -71018.42 -40689.14 3487.06
v -70402.56 -40233.65 3487.06
v -70125.68 -40581.11 3517.06
v -70767.27 -41055.63 3517.06
v -71040.80 -40685.79 3517.06
v -70399.21 -40211.27 3517.06
v -70125.68 -40581.11 3587.06
v -70767.27 -41055.63 3587.06
v -71040.80 -40685.79 3587.06
v -70399.21 -40211.27 3587.06
v -70198.41 -40570.22 3517.06
v -70756.38 -40982.90 3517.06
v -70968.07 -40696.68 3517.06
v -70410.10 -40284.00 3517.06
v -70198.41 -40570.22 3587.06
v -70756.38 -40982.90 3587.06
v -70968.07 -40696.68 3587.06
v -70410.10 -40284.00 3587.06
v -70195.63 -40513.44 2896.06
v -70148.06 -40577.76 2896.06
v -70140.02 -40571.81 2896.06
v -70187.59 -40507.49 2896.06
v -70195.63 -40513.44 2951.06
v -70148.06 -40577.76 2951.06
v -70140.02 -40571.81 2951.06
v -70187.59 -40507.49 2951.06
v -70148.06 -40577.76 2968.06
v -70193.08 -40611.06 2968.06
v -70187.13 -40619.10 2968.06
v -70142.11 -40585.80 2968.06
v -70148.06 -40577.76 3023.06
v -70193.08 -40611.06 3023.06
v -70187.13 -40619.10 3023.06
v -70142.11 -40585.80 3023.06
v -70195.63 -40513.44 3040.06
v -70148.06 -40577.76 3040.06
v -70140.02 -40571.81 3040.06
v -70187.59 -40507.49 3040.06
v -70195.63 -40513.44 3095.06
v -70148.06 -40577.76 3095.06
v -70140.02 -40571.81 3095.06
v -70187.59 -40507.49 3095.06
v -70148.06 -40577.76 3112.06
v -70193.08 -40611.06 3112.06
v -70187.13 -40619.10 3112.06
v -70142.11 -40585.80 3112.06
v -70148.06 -40577.76 3167.06
v -70193.08 -40611.06 3167.06
v -70187.13 -40619.10 3167.06
v -70142.11 -40585.80 3167.06
v -70970.85 -40753.46 2896.06
v -71018.42 -40689.14 2896.06
v -71026.46 -40695.09 2896.06
v -70978.89 -40759.41 2896.06
v -70970.85 -40753.46 2951.06
v -71018.42 -40689.14 2951.06
v -71026.46 -40695.09 2951.06
v -70978.89 -40759.41 2951.06
v -71018.42 -40689.14 2968.06
v -70973.40 -40655.84 2968.06
v -70979.34 -40647.80 2968.06
v -71024.37 -40681.10 2968.06
v -71018.42 -40689.14 3023.06
v -70973.40 -40655.84 3023.06
v -70979.34 -40647.80 3023.06
v -71024.37 -40681.10 3023.06
v -70970.85 -40753.46 3040.06
v -71018.42 -40689.14 3040.06
v -71026.46 -40695.09 3040.06
v -70978.89 -40759.41 3040.06
v -70970.85 -40753.46 3095.06
v -71018.42 -40689.14 3095.06
v -71026.46 -40695.09 3095.06
v -70978.89 -40759.41 3095.06
v -71018.42 -40689.14 3112.06
v -70973.40 -40655.84 3112.06
v -70979.34 -40647.80 3112.06
v -71024.37 -40681.10 3112.06
v -71018.42 -40689.14 3167.06
v -70973.40 -40655.84 3167.06
v -70979.34 -40647.80 3167.06
v -71024.37 -40681.10 3167.06
v -70699.60 -40985.68 2896.06
v -70763.92 -41033.25 2896.06
v -70757.97 -41041.29 2896.06
v -70693.65 -40993.72 2896.06
v -70699.60 -40985.68 2951.06
v -70763.92 -41033.25 2951.06
v -70757.97 -41041.29 2951.06
v -70693.65 -40993.72 2951.06
v -70763.92 -41033.25 2968.06
v -70797.22 -40988.23 2968.06
v -70805.26 -40994.17 2968.06
v -70771.96 -41039.20 2968.06
v -70763.92 -41033.25 3023.06
v -70797.22 -40988.23 3023.06
v -70805.26 -40994.17 3023.06
v -70771.96 -41039.20 3023.06
v -70699.60 -40985.68 3040.06
v -70763.92 -41033.25 3040.06
v -70757.97 -41041.29 3040.06
v -70693.65 -40993.72 3040.06
v -70699.60 -40985.68 3095.06
v -70763.92 -41033.25 3095.06
v -70757.97 -41041.29 3095.06
v -70693.65 -40993.72 3095.06
v -70763.92 -41033.25 3112.06
v -70797.22 -40988.23 3112.06
v -70805.26 -40994.17 3112.06
v -70771.96 -41039.20 3112.06
v -70763.92 -41033.25 3167.06
v -70797.22 -40988.23 3167.06
v -70805.26 -40994.17 3167.06
v -70771.96 -41039.20 3167.06
v -70466.88 -40281.22 2896.06
v -70402.56 -40233.65 2896.06
v -70408.51 -40225.61 2896.06
v -70472.83 -40273.18 2896.06
v -70466.88 -40281.22 2951.06
v -70402.56 -40233.65 2951.06
v -70408.51 -40225.61 2951.06
v -70472.83 -40273.18 2951.06
v -70402.56 -40233.65 2968.06
v -70369.26 -40278.67 2968.06
v -70361.22 -40272.73 2968.06
v -70394.52 -40227.70 2968.06
v -70402.56 -40233.65 3023.06
v -70369.26 -40278.67 3023.06
v -70361.22 -40272.73 3023.06
v -70394.52 -40227.70 3023.06
v -70466.88 -40281.22 3040.06
v -70402.56 -40233.65 3040.06
v -70408.51 -40225.61 3040.06
v -70472.83 -40273.18 3040.06
v -70466.88 -40281.22 3095.06
v -70402.56 -40233.65 3095.06
v -70408.51 -40225.61 3095.06
v -70472.83 -40273.18 3095.06
v -70402.56 -40233.65 3112.06
v -70369.26 -40278.67 3112.06
v -70361.22 -40272.73 3112.06
v -70394.52 -40227.70 3112.06
v -70402.56 -40233.65 3167.06
v -70369.26 -40278.67 3167.06
v -70361.22 -40272.73 3167.06
v -70394.52 -40227.70 3167.06
v -72387.24 -44001.26 2708.57
v -72803.17 -44009.04 2708.57
v -72810.94 -43593.11 2708.57
v -72395.02 -43585.33 2708.57
v -72387.24 -44001.26 3668.57
v -72803.17 -44009.04 3668.57
v -72810.94 -43593.11 3668.57
v -72395.02 -43585.33 3668.57
v -72544.99 -44016.21 2798.57
v -72644.97 -44018.08 2798.57
v -72644.97 -44018.08 2978.57
v -72544.99 -44016.21 2978.57
v -72544.72 -44030.21 2798.57
v -72644.71 -44032.08 2798.57
v -72644.71 -44032.08 2978.57
v -72544.72 -44030.21 2978.57
v -72558.98 -44016.47 2812.57
v -72630.97 -44017.82 2812.57
v -72630.97 -44017.82 2964.57
v -72558.98 -44016.47 2964.57
v -72558.72 -44030.47 2812.57
v -72630.71 -44031.82 2812.57
v -72630.71 -44031.82 2964.57
v -72558.72 -44030.47 2964.57
v -72544.99 -44016.21 3118.57
v -72644.97 -44018.08 3118.57
v -72644.97 -44018.08 3248.57
v -72619.97 -44017.62 3291.87
v -72569.98 -44016.68 3291.87
v -72544.99 -44016.21 3248.57
v -72544.72 -44030.21 3118.57
v -72644.71 -44032.08 3118.57
v -72644.71 -44032.08 3248.57
v -72619.71 -44031.61 3291.87
v -72569.72 -44030.68 3291.87
v -72544.72 -44030.21 3248.57
v -72558.98 -44016.47 3132.57
v -72630.97 -44017.82 3132.57
v -72630.97 -44017.82 3248.57
v -72612.97 -44017.48 3279.74
v -72576.98 -44016.81 3279.74
v -72558.98 -44016.47 3248.57
v -72558.72 -44030.47 3132.57
v -72630.71 -44031.82 3132.57
v -72630.71 -44031.82 3248.57
v -72612.71 -44031.48 3279.74
v -72576.72 -44030.81 3279.74
v -72558.72 -44030.47 3248.57
v -72818.12 -43851.29 2798.57
v -72819.99 -43751.31 2798.57
v -72819.99 -43751.31 2978.57
v -72818.12 -43851.29 2978.57
v -72832.12 -43851.55 2798.57
v -72833.99 -43751.57 2798.57
v -72833.99 -43751.57 2978.57
v -72832.12 -43851.55 2978.57
v -72818.38 -43837.29 2812.57
v -72819.73 -43765.31 2812.57
v -72819.73 -43765.31 2964.57
v -72818.38 -43837.29 2964.57
v -72832.38 -43837.56 2812.57
v -72833.72 -43765.57 2812.57
v -72833.72 -43765.57 2964.57
v -72832.38 -43837.56 2964.57
v -72818.12 -43851.29 3118.57
v -72819.99 -43751.31 3118.57
v -72819.99 -43751.31 3248.57
v -72819.52 -43776.30 3291.87
v -72818.59 -43826.30 3291.87
v -72818.12 -43851.29 3248.57
v -72832.12 -43851.55 3118.57
v -72833.99 -43751.57 3118.57
v -72833.99 -43751.57 3248.57
v -72833.52 -43776.57 3291.87
v -72832.58 -43826.56 3291.87
v -72832.12 -43851.55 3248.57
v -72818.38 -43837.29 3132.57
v -72819.73 -43765.31 3132.57
v -72819.73 -43765.31 3248.57
v -72819.39 -43783.30 3279.74
v -72818.72 -43819.30 3279.74
v -72818.38 -43837.29 3248.57
v -72832.38 -43837.56 3132.57
v -72833.72 -43765.57 3132.57
v -72833.72 -43765.57 3248.57
v -72833.39 -43783.57 3279.74
v -72832.71 -43819.56 3279.74
v -72832.38 -43837.56 3248.57
v -72653.20 -43578.16 3118.57
v -72553.21 -43576.29 3118.57
v -72553.21 -43576.29 3298.57
v -72653.20 -43578.16 3298.57
v -72653.46 -43564.16 3118.57
v -72553.48 -43562.29 3118.57
v -72553.48 -43562.29 3298.57
v -72653.46 -43564.16 3298.57
v -72639.20 -43577.90 3132.57
v -72567.21 -43576.55 3132.57
v -72567.21 -43576.55 3284.57
v -72639.20 -43577.90 3284.57
v -72639.46 -43563.90 3132.57
v -72567.47 -43562.55 3132.57
v -72567.47 -43562.55 3284.57
v -72639.46 -43563.90 3284.57
v -72663.19 -43578.35 2708.57
v -72543.22 -43576.10 2708.57
v -72543.22 -43576.10 2938.57
v -72663.19 -43578.35 2938.57
v -72663.57 -43558.35 2708.57
v -72543.59 -43556.11 2708.57
v -72543.59 -43556.11 2938.57
v -72663.57 -43558.35 2938.57
v -72645.20 -43578.01 2726.57
v -72561.21 -43576.44 2726.57
v -72561.21 -43576.44 2920.57
v -72645.20 -43578.01 2920.57
v -72645.57 -43558.01 2726.57
v -72561.59 -43556.44 2726.57
v -72561.59 -43556.44 2920.57
v -72645.57 -43558.01 2920.57
v -72683.19 -43578.72 2704.57
v -72523.22 -43575.73 2704.57
v -72523.71 -43549.73 2704.57
v -72683.68 -43552.73 2704.57
v -72683.19 -43578.72 2720.57
v -72523.22 -43575.73 2720.57
v -72523.71 -43549.73 2720.57
v -72683.68 -43552.73 2720.57
v -72380.06 -43743.08 2798.57
v -72378.19 -43843.06 2798.57
v -72378.19 -43843.06 2978.57
v -72380.06 -43743.08 2978.57
v -72366.07 -43742.82 2798.57
v -72364.20 -43842.80 2798.57
v -72364.20 -43842.80 2978.57
v -72366.07 -43742.82 2978.57
v -72379.80 -43757.08 2812.57
v -72378.46 -43829.07 2812.57
v -72378.46 -43829.07 2964.57
v -72379.80 -43757.08 2964.57
v -72365.81 -43756.82 2812.57
v -72364.46 -43828.80 2812.57
v -72364.46 -43828.80 2964.57
v -72365.81 -43756.82 2964.57
v -72380.06 -43743.08 3118.57
v -72378.19 -43843.06 3118.57
v -72378.19 -43843.06 3298.57
v -72380.06 -43743.08 3298.57
v -72366.07 -43742.82 3118.57
v -72364.20 -43842.80 3118.57
v -72364.20 -43842.80 3298.57
v -72366.07 -43742.82 3298.57
v -72379.80 -43757.08 3132.57
v -72378.46 -43829.07 3132.57
v -72378.46 -43829.07 3284.57
v -72379.80 -43757.08 3284.57
v -72365.81 -43756.82 3132.57
v -72364.46 -43828.80 3132.57
v -72364.46 -43828.80 3284.57
v -72365.81 -43756.82 3284.57
v -72368.90 -44018.92 3638.57
v -72820.83 -44027.37 3638.57
v -72829.28 -43575.45 3638.57
v -72377.36 -43567.00 3638.57
v -72368.90 -44018.92 3652.57
v -72820.83 -44027.37 3652.57
v -72829.28 -43575.45 3652.57
v -72377.36 -43567.00 3652.57
v -72381.13 -44007.15 3638.57
v -72809.05 -44015.15 3638.57
v -72817.06 -43587.23 3638.57
v -72389.13 -43579.22 3638.57
v -72381.13 -44007.15 3652.57
v -72809.05 -44015.15 3652.57
v -72817.06 -43587.23 3652.57
v -72389.13 -43579.22 3652.57
v -72358.72 -44028.73 3616.57
v -72830.64 -44037.56 3616.57
v -72839.46 -43565.64 3616.57
v -72367.55 -43556.81 3616.57
v -72358.72 -44028.73 3644.57
v -72830.64 -44037.56 3644.57
v -72839.46 -43565.64 3644.57
v -72367.55 -43556.81 3644.57
v -72381.13 -44007.15 3616.57
v -72809.05 -44015.15 3616.57
v -72817.06 -43587.23 3616.57
v -72389.13 -43579.22 3616.57
v -72381.13 -44007.15 3644.57
v -72809.05 -44015.15 3644.57
v -72817.06 -43587.23 3644.57
v -72389.13 -43579.22 3644.57
v -72364.83 -44022.85 3674.57
v -72824.75 -44031.45 3674.57
v -72833.35 -43571.53 3674.57
v -72373.43 -43562.93 3674.57
v -72364.83 -44022.85 3744.57
v -72824.75 -44031.45 3744.57
v -72833.35 -43571.53 3744.57
v -72373.43 -43562.93 3744.57
v -72417.79 -43971.83 3674.57
v -72773.73 -43978.48 3674.57
v -72780.39 -43622.55 3674.57
v -72424.45 -43615.89 3674.57
v -72417.79 -43971.83 3744.57
v -72773.73 -43978.48 3744.57
v -72780.39 -43622.55 3744.57
v -72424.45 -43615.89 3744.57
v -72382.62 -43927.16 2733.57
v -72381.13 -44007.15 2733.57
v -72371.13 -44006.96 2733.57
v -72372.62 -43926.97 2733.57
v -72382.62 -43927.16 2788.57
v -72381.13 -44007.15 2788.57
v -72371.13 -44006.96 2788.57
v -72372.62 -43926.97 2788.57
v -72381.13 -44007.15 2805.57
v -72437.12 -44008.19 2805.57
v -72436.93 -44018.19 2805.57
v -72380.94 -44017.15 2805.57
v -72381.13 -44007.15 2860.57
v -72437.12 -44008.19 2860.57
v -72436.93 -44018.19 2860.57
v -72380.94 -44017.15 2860.57
v -72382.62 -43927.16 2877.57
v -72381.13 -44007.15 2877.57
v -72371.13 -44006.96 2877.57
v -72372.62 -43926.97 2877.57
v -72382.62 -43927.16 2932.57
v -72381.13 -44007.15 2932.57
v -72371.13 -44006.96 2932.57
v -72372.62 -43926.97 2932.57
v -72381.13 -44007.15 2949.57
v -72437.12 -44008.19 2949.57
v -72436.93 -44018.19 2949.57
v -72380.94 -44017.15 2949.57
v -72381.13 -44007.15 3004.57
v -72437.12 -44008.19 3004.57
v -72436.93 -44018.19 3004.57
v -72380.94 -44017.15 3004.57
v -72729.07 -44013.65 2733.57
v -72809.05 -44015.15 2733.57
v -72808.87 -44025.15 2733.57
v -72728.88 -44023.65 2733.57
v -72729.07 -44013.65 2788.57
v -72809.05 -44015.15 2788.57
v -72808.87 -44025.15 2788.57
v -72728.88 -44023.65 2788.57
v -72809.05 -44015.15 2805.57
v -72810.10 -43959.16 2805.57
v -72820.10 -43959.35 2805.57
v -72819.05 -44015.34 2805.57
v -72809.05 -44015.15 2860.57
v -72810.10 -43959.16 2860.57
v -72820.10 -43959.35 2860.57
v -72819.05 -44015.34 2860.57
v -72729.07 -44013.65 2877.57
v -72809.05 -44015.15 2877.57
v -72808.87 -44025.15 2877.57
v -72728.88 -44023.65 2877.57
v -72729.07 -44013.65 2932.57
v -72809.05 -44015.15 2932.57
v -72808.87 -44025.15 2932.57
v -72728.88 -44023.65 2932.57
v -72809.05 -44015.15 2949.57
v -72810.10 -43959.16 2949.57
v -72820.10 -43959.35 2949.57
v -72819.05 -44015.34 2949.57
v -72809.05 -44015.15 3004.57
v -72810.10 -43959.16 3004.57
v -72820.10 -43959.35 3004.57
v -72819.05 -44015.34 3004.57
v -72815.56 -43667.21 2733.57
v -72817.06 -43587.23 2733.57
v -72827.05 -43587.41 2733.57
v -72825.56 -43667.40 2733.57
v -72815.56 -43667.21 2788.57
v -72817.06 -43587.23 2788.57
v -72827.05 -43587.41 2788.57
v -72825.56 -43667.40 2788.57
v -72817.06 -43587.23 2805.57
v -72761.07 -43586.18 2805.57
v -72761.25 -43576.18 2805.57
v -72817.24 -43577.23 2805.57
v -72817.06 -43587.23 2860.57
v -72761.07 -43586.18 2860.57
v -72761.25 -43576.18 2860.57
v -72817.24 -43577.23 2860.57
v -72815.56 -43667.21 2877.57
v -72817.06 -43587.23 2877.57
v -72827.05 -43587.41 2877.57
v -72825.56 -43667.40 2877.57
v -72815.56 -43667.21 2932.57
v -72817.06 -43587.23 2932.57
v -72827.05 -43587.41 2932.57
v -72825.56 -43667.40 2932.57
v -72817.06 -43587.23 2949.57
v -72761.07 -43586.18 2949.57
v -72761.25 -43576.18 2949.57
v -72817.24 -43577.23 2949.57
v -72817.06 -43587.23 3004.57
v -72761.07 -43586.18 3004.57
v -72761.25 -43576.18 3004.57
v -72817.24 -43577.23 3004.57
v -72469.12 -43580.72 2733.57
v -72389.13 -43579.22 2733.57
v -72389.32 -43569.22 2733.57
v -72469.30 -43570.72 2733.57
v -72469.12 -43580.72 2788.57
v -72389.13 -43579.22 2788.57
v -72389.32 -43569.22 2788.57
v -72469.30 -43570.72 2788.57
v -72389.13 -43579.22 2805.57
v -72388.08 -43635.21 2805.57
v -72378.08 -43635.03 2805.57
v -72379.13 -43579.03 2805.57
v -72389.13 -43579.22 2860.57
v -72388.08 -43635.21 2860.57
v -72378.08 -43635.03 2860.57
v -72379.13 -43579.03 2860.57
v -72469.12 -43580.72 2877.57
v -72389.13 -43579.22 2877.57
v -72389.32 -43569.22 2877.57
v -72469.30 -43570.72 2877.57
v -72469.12 -43580.72 2932.57
v -72389.13 -43579.22 2932.57
v -72389.32 -43569.22 2932.57
v -72469.30 -43570.72 2932.57
v -72389.13 -43579.22 2949.57
v -72388.08 -43635.21 2949.57
v -72378.08 -43635.03 2949.57
v -72379.13 -43579.03 2949.57
v -72389.13 -43579.22 3004.57
v -72388.08 -43635.21 3004.57
v -72378.08 -43635.03 3004.57
v -72379.13 -43579.03 3004.57
v -75503.08 -44012.06 2351.82
v -76343.05 -44112.88 2351.82
v -76387.86 -43739.56 2351.82
v -75547.89 -43638.74 2351.82
v -75503.08 -44012.06 2991.82
v -76343.05 -44112.88 2991.82
v -76387.86 -43739.56 2991.82
v -75547.89 -43638.74 2991.82
v -75673.91 -44044.65 2441.82
v -75773.20 -44056.57 2441.82
v -75773.20 -44056.57 2621.82
v -75673.91 -44044.65 2621.82
v -75672.24 -44058.55 2441.82
v -75771.53 -44070.47 2441.82
v -75771.53 -44070.47 2621.82
v -75672.24 -44058.55 2621.82
v -75687.81 -44046.32 2455.82
v -75759.30 -44054.90 2455.82
v -75759.30 -44054.90 2607.82
v -75687.81 -44046.32 2607.82
v -75686.14 -44060.22 2455.82
v -75757.63 -44068.80 2455.82
v -75757.63 -44068.80 2607.82
v -75686.14 -44060.22 2607.82
v -76070.07 -44092.20 2441.82
v -76169.35 -44104.12 2441.82
v -76169.35 -44104.12 2621.82
v -76070.07 -44092.20 2621.82
v -76068.40 -44106.10 2441.82
v -76167.69 -44118.02 2441.82
v -76167.69 -44118.02 2621.82
v -76068.40 -44106.10 2621.82
v -76083.97 -44093.87 2455.82
v -76155.45 -44102.45 2455.82
v -76155.45 -44102.45 2607.82
v -76083.97 -44093.87 2607.82
v -76082.30 -44107.77 2455.82
v -76153.79 -44116.35 2455.82
v -76153.79 -44116.35 2607.82
v -76082.30 -44107.77 2607.82
v -76371.41 -43977.29 2441.82
v -76383.33 -43878.01 2441.82
v -76383.33 -43878.01 2621.82
v -76371.41 -43977.29 2621.82
v -76385.31 -43978.96 2441.82
v -76397.23 -43879.67 2441.82
v -76397.23 -43879.67 2621.82
v -76385.31 -43978.96 2621.82
v -76373.08 -43963.39 2455.82
v -76381.66 -43891.91 2455.82
v -76381.66 -43891.91 2607.82
v -76373.08 -43963.39 2607.82
v -76386.98 -43965.06 2455.82
v -76395.56 -43893.57 2455.82
v -76395.56 -43893.57 2607.82
v -76386.98 -43965.06 2607.82
v -76217.02 -43706.97 2441.82
v -76117.74 -43695.05 2441.82
v -76117.74 -43695.05 2621.82
v -76217.02 -43706.97 2621.82
v -76218.69 -43693.07 2441.82
v -76119.40 -43681.15 2441.82
v -76119.40 -43681.15 2621.82
v -76218.69 -43693.07 2621.82
v -76203.12 -43705.30 2455.82
v -76131.64 -43696.72 2455.82
v -76131.64 -43696.72 2607.82
v -76203.12 -43705.30 2607.82
v -76204.79 -43691.40 2455.82
v -76133.30 -43682.82 2455.82
v -76133.30 -43682.82 2607.82
v -76204.79 -43691.40 2607.82
v -75820.87 -43659.42 2441.82
v -75721.58 -43647.50 2441.82
v -75721.58 -43647.50 2621.82
v -75820.87 -43659.42 2621.82
v -75822.54 -43645.52 2441.82
v -75723.25 -43633.60 2441.82
v -75723.25 -43633.60 2621.82
v -75822.54 -43645.52 2621.82
v -75806.97 -43657.75 2455.82
v -75735.48 -43649.17 2455.82
v -75735.48 -43649.17 2607.82
v -75806.97 -43657.75 2607.82
v -75808.64 -43643.85 2455.82
v -75737.15 -43635.27 2455.82
v -75737.15 -43635.27 2607.82
v -75808.64 -43643.85 2607.82
v -76028.87 -43684.38 2351.82
v -75909.73 -43670.08 2351.82
v -75909.73 -43670.08 2521.82
v -75939.52 -43673.66 2573.79
v -75999.09 -43680.81 2573.79
v -76028.87 -43684.38 2521.82
v -76031.26 -43664.53 2351.82
v -75912.11 -43650.23 2351.82
v -75912.11 -43650.23 2521.82
v -75941.90 -43653.80 2573.79
v -76001.47 -43660.95 2573.79
v -76031.26 -43664.53 2521.82
v -76011.00 -43682.24 2369.82
v -75927.60 -43672.23 2369.82
v -75927.60 -43672.23 2521.82
v -75948.45 -43674.73 2558.20
v -75990.15 -43679.74 2558.20
v -76011.00 -43682.24 2521.82
v -76013.39 -43662.38 2369.82
v -75929.98 -43652.37 2369.82
v -75929.98 -43652.37 2521.82
v -75950.83 -43654.87 2558.20
v -75992.54 -43659.88 2558.20
v -76013.39 -43662.38 2521.82
v -76048.73 -43686.77 2347.82
v -75889.87 -43667.70 2347.82
v -75892.97 -43641.89 2347.82
v -76051.83 -43660.95 2347.82
v -76048.73 -43686.77 2363.82
v -75889.87 -43667.70 2363.82
v -75892.97 -43641.89 2363.82
v -76051.83 -43660.95 2363.82
v -75519.53 -43774.32 2441.82
v -75507.61 -43873.61 2441.82
v -75507.61 -43873.61 2621.82
v -75519.53 -43774.32 2621.82
v -75505.63 -43772.66 2441.82
v -75493.71 -43871.94 2441.82
v -75493.71 -43871.94 2621.82
v -75505.63 -43772.66 2621.82
v -75517.86 -43788.22 2455.82
v -75509.28 -43859.71 2455.82
v -75509.28 -43859.71 2607.82
v -75517.86 -43788.22 2607.82
v -75503.96 -43786.56 2455.82
v -75495.38 -43858.04 2455.82
v -75495.38 -43858.04 2607.82
v -75503.96 -43786.56 2607.82
v -75483.06 -44027.79 2961.82
v -76358.77 -44132.90 2961.82
v -76407.87 -43723.83 2961.82
v -75532.16 -43618.72 2961.82
v -75483.06 -44027.79 2975.82
v -76358.77 -44132.90 2975.82
v -76407.87 -43723.83 2975.82
v -75532.16 -43618.72 2975.82
v -75496.40 -44017.30 2961.82
v -76348.29 -44119.55 2961.82
v -76394.53 -43734.32 2961.82
v -75542.64 -43632.07 2961.82
v -75496.40 -44017.30 2975.82
v -76348.29 -44119.55 2975.82
v -76394.53 -43734.32 2975.82
v -75542.64 -43632.07 2975.82
v -75471.94 -44036.52 2939.82
v -76367.51 -44144.02 2939.82
v -76418.99 -43715.10 2939.82
v -75523.42 -43607.60 2939.82
v -75471.94 -44036.52 2967.82
v -76367.51 -44144.02 2967.82
v -76418.99 -43715.10 2967.82
v -75523.42 -43607.60 2967.82
v -75496.40 -44017.30 2939.82
v -76348.29 -44119.55 2939.82
v -76394.53 -43734.32 2939.82
v -75542.64 -43632.07 2939.82
v -75496.40 -44017.30 2967.82
v -76348.29 -44119.55 2967.82
v -76394.53 -43734.32 2967.82
v -75542.64 -43632.07 2967.82
v -75478.61 -44031.28 2997.82
v -76362.27 -44137.34 2997.82
v -76412.32 -43720.34 2997.82
v -75528.66 -43614.27 2997.82
v -75478.61 -44031.28 3067.82
v -76362.27 -44137.34 3067.82
v -76412.32 -43720.34 3067.82
v -75528.66 -43614.27 3067.82
v -75536.44 -43985.85 2997.82
v -76316.84 -44079.52 2997.82
v -76354.50 -43765.77 2997.82
v -75574.10 -43672.10 2997.82
v -75536.44 -43985.85 3067.82
v -76316.84 -44079.52 3067.82
v -76354.50 -43765.77 3067.82
v -75574.10 -43672.10 3067.82
v -75505.94 -43937.87 2376.82
v -75496.40 -44017.30 2376.82
v -75486.48 -44016.11 2376.82
v -75496.01 -43936.68 2376.82
v -75505.94 -43937.87 2431.82
v -75496.40 -44017.30 2431.82
v -75486.48 -44016.11 2431.82
v -75496.01 -43936.68 2431.82
v -75496.40 -44017.30 2448.82
v -75552.01 -44023.97 2448.82
v -75550.81 -44033.90 2448.82
v -75495.21 -44027.23 2448.82
v -75496.40 -44017.30 2503.82
v -75552.01 -44023.97 2503.82
v -75550.81 -44033.90 2503.82
v -75495.21 -44027.23 2503.82
v -75505.94 -43937.87 2520.82
v -75496.40 -44017.30 2520.82
v -75486.48 -44016.11 2520.82
v -75496.01 -43936.68 2520.82
v -75505.94 -43937.87 2575.82
v -75496.40 -44017.30 2575.82
v -75486.48 -44016.11 2575.82
v -75496.01 -43936.68 2575.82
v -75496.40 -44017.30 2592.82
v -75552.01 -44023.97 2592.82
v -75550.81 -44033.90 2592.82
v -75495.21 -44027.23 2592.82
v -75496.40 -44017.30 2647.82
v -75552.01 -44023.97 2647.82
v -75550.81 -44033.90 2647.82
v -75495.21 -44027.23 2647.82
v -76268.86 -44110.02 2376.82
v -76348.29 -44119.55 2376.82
v -76347.10 -44129.48 2376.82
v -76267.67 -44119.95 2376.82
v -76268.86 -44110.02 2431.82
v -76348.29 -44119.55 2431.82
v -76347.10 -44129.48 2431.82
v -76267.67 -44119.95 2431.82
v -76348.29 -44119.55 2448.82
v -76354.96 -44063.95 2448.82
v -76364.89 -44065.14 2448.82
v -76358.22 -44120.74 2448.82
v -76348.29 -44119.55 2503.82
v -76354.96 -44063.95 2503.82
v -76364.89 -44065.14 2503.82
v -76358.22 -44120.74 2503.82
v -76268.86 -44110.02 2520.82
v -76348.29 -44119.55 2520.82
v -76347.10 -44129.48 2520.82
v -76267.67 -44119.95 2520.82
v -76268.86 -44110.02 2575.82
v -76348.29 -44119.55 2575.82
v -76347.10 -44129.48 2575.82
v -76267.67 -44119.95 2575.82
v -76348.29 -44119.55 2592.82
v -76354.96 -44063.95 2592.82
v -76364.89 -44065.14 2592.82
v -76358.22 -44120.74 2592.82
v -76348.29 -44119.55 2647.82
v -76354.96 -44063.95 2647.82
v -76364.89 -44065.14 2647.82
v -76358.22 -44120.74 2647.82
v -76385.00 -43813.75 2376.82
v -76394.53 -43734.32 2376.82
v -76404.46 -43735.51 2376.82
v -76394.92 -43814.94 2376.82
v -76385.00 -43813.75 2431.82
v -76394.53 -43734.32 2431.82
v -76404.46 -43735.51 2431.82
v -76394.92 -43814.94 2431.82
v -76394.53 -43734.32 2448.82
v -76338.93 -43727.64 2448.82
v -76340.12 -43717.71 2448.82
v -76395.72 -43724.39 2448.82
v -76394.53 -43734.32 2503.82
v -76338.93 -43727.64 2503.82
v -76340.12 -43717.71 2503.82
v -76395.72 -43724.39 2503.82
v -76385.00 -43813.75 2520.82
v -76394.53 -43734.32 2520.82
v -76404.46 -43735.51 2520.82
v -76394.92 -43814.94 2520.82
v -76385.00 -43813.75 2575.82
v -76394.53 -43734.32 2575.82
v -76404.46 -43735.51 2575.82
v -76394.92 -43814.94 2575.82
v -76394.53 -43734.32 2592.82
v -76338.93 -43727.64 2592.82
v -76340.12 -43717.71 2592.82
v -76395.72 -43724.39 2592.82
v -76394.53 -43734.32 2647.82
v -76338.93 -43727.64 2647.82
v -76340.12 -43717.71 2647.82
v -76395.72 -43724.39 2647.82
v -75622.07 -43641.60 2376.82
v -75542.64 -43632.07 2376.82
v -75543.84 -43622.14 2376.82
v -75623.27 -43631.67 2376.82
v -75622.07 -43641.60 2431.82
v -75542.64 -43632.07 2431.82
v -75543.84 -43622.14 2431.82
v -75623.27 -43631.67 2431.82
v -75542.64 -43632.07 2448.82
v -75535.97 -43687.67 2448.82
v -75526.04 -43686.48 2448.82
v -75532.71 -43630.87 2448.82
v -75542.64 -43632.07 2503.82
v -75535.97 -43687.67 2503.82
v -75526.04 -43686.48 2503.82
v -75532.71 -43630.87 2503.82
v -75622.07 -43641.60 2520.82
v -75542.64 -43632.07 2520.82
v -75543.84 -43622.14 2520.82
v -75623.27 -43631.67 2520.82
v -75622.07 -43641.60 2575.82
v -75542.64 -43632.07 2575.82
v -75543.84 -43622.14 2575.82
v -75623.27 -43631.67 2575.82
v -75542.64 -43632.07 2592.82
v -75535.97 -43687.67 2592.82
v -75526.04 -43686.48 2592.82
v -75532.71 -43630.87 2592.82
v -75542.64 -43632.07 2647.82
v -75535.97 -43687.67 2647.82
v -75526.04 -43686.48 2647.82
v -75532.71 -43630.87 2647.82
v -71771.72 -40726.10 2808.76
v -72027.51 -41028.40 2808.76
v -72480.96 -40644.71 2808.76
v -72225.17 -40342.41 2808.76
v -71771.72 -40726.10 3768.76
v -72027.51 -41028.40 3768.76
v -72480.96 -40644.71 3768.76
v -72225.17 -40342.41 3768.76
v -71858.16 -40846.83 3218.76
v -71922.75 -40923.17 3218.76
v -71922.75 -40923.17 3398.76
v -71858.16 -40846.83 3398.76
v -71847.47 -40855.88 3218.76
v -71912.06 -40932.21 3218.76
v -71912.06 -40932.21 3398.76
v -71847.47 -40855.88 3398.76
v -71867.20 -40857.52 3232.76
v -71913.71 -40912.48 3232.76
v -71913.71 -40912.48 3384.76
v -71867.20 -40857.52 3384.76
v -71856.51 -40866.56 3232.76
v -71903.02 -40921.53 3232.76
v -71903.02 -40921.53 3384.76
v -71856.51 -40866.56 3384.76
v -71851.70 -40839.20 2808.76
v -71929.21 -40930.81 2808.76
v -71929.21 -40930.81 2978.76
v -71909.83 -40907.90 3030.72
v -71871.07 -40862.10 3030.72
v -71851.70 -40839.20 2978.76
v -71836.43 -40852.12 2808.76
v -71913.94 -40943.72 2808.76
v -71913.94 -40943.72 2978.76
v -71894.56 -40920.82 3030.72
v -71855.81 -40875.02 3030.72
v -71836.43 -40852.12 2978.76
v -71863.32 -40852.94 2826.76
v -71917.58 -40917.06 2826.76
v -71917.58 -40917.06 2978.76
v -71904.02 -40901.03 3015.14
v -71876.89 -40868.97 3015.14
v -71863.32 -40852.94 2978.76
v -71848.05 -40865.86 2826.76
v -71902.31 -40929.98 2826.76
v -71902.31 -40929.98 2978.76
v -71888.75 -40913.95 3015.14
v -71861.62 -40881.89 3015.14
v -71848.05 -40865.86 2978.76
v -71838.78 -40823.93 2804.76
v -71942.13 -40946.07 2804.76
v -71922.28 -40962.87 2804.76
v -71818.93 -40840.73 2804.76
v -71838.78 -40823.93 2820.76
v -71942.13 -40946.07 2820.76
v -71922.28 -40962.87 2820.76
v -71818.93 -40840.73 2820.76
v -72119.61 -40966.19 2898.76
v -72195.95 -40901.59 2898.76
v -72195.95 -40901.59 3078.76
v -72119.61 -40966.19 3078.76
v -72128.66 -40976.87 2898.76
v -72205.00 -40912.28 2898.76
v -72205.00 -40912.28 3078.76
v -72128.66 -40976.87 3078.76
v -72130.30 -40957.14 2912.76
v -72185.27 -40910.63 2912.76
v -72185.27 -40910.63 3064.76
v -72130.30 -40957.14 3064.76
v -72139.35 -40967.83 2912.76
v -72194.31 -40921.32 2912.76
v -72194.31 -40921.32 3064.76
v -72139.35 -40967.83 3064.76
v -72119.61 -40966.19 3218.76
v -72195.95 -40901.59 3218.76
v -72195.95 -40901.59 3348.76
v -72176.87 -40917.74 3392.06
v -72138.70 -40950.04 3392.06
v -72119.61 -40966.19 3348.76
v -72128.66 -40976.87 3218.76
v -72205.00 -40912.28 3218.76
v -72205.00 -40912.28 3348.76
v -72185.91 -40928.43 3392.06
v -72147.74 -40960.72 3392.06
v -72128.66 -40976.87 3348.76
v -72130.30 -40957.14 3232.76
v -72185.27 -40910.63 3232.76
v -72185.27 -40910.63 3348.76
v -72171.53 -40922.26 3379.94
v -72144.04 -40945.51 3379.94
v -72130.30 -40957.14 3348.76
v -72139.35 -40967.83 3232.76
v -72194.31 -40921.32 3232.76
v -72194.31 -40921.32 3348.76
v -72180.57 -40932.95 3379.94
v -72153.09 -40956.20 3379.94
v -72139.35 -40967.83 3348.76
v -72328.02 -40789.84 2898.76
v -72404.36 -40725.25 2898.76
v -72404.36 -40725.25 3078.76
v -72328.02 -40789.84 3078.76
v -72337.06 -40800.53 2898.76
v -72413.40 -40735.94 2898.76
v -72413.40 -40735.94 3078.76
v -72337.06 -40800.53 3078.76
v -72338.71 -40780.80 2912.76
v -72393.67 -40734.29 2912.76
v -72393.67 -40734.29 3064.76
v -72338.71 -40780.80 3064.76
v -72347.75 -40791.49 2912.76
v -72402.71 -40744.98 2912.76
v -72402.71 -40744.98 3064.76
v -72347.75 -40791.49 3064.76
v -72328.02 -40789.84 3218.76
v -72404.36 -40725.25 3218.76
v -72404.36 -40725.25 3398.76
v -72328.02 -40789.84 3398.76
v -72337.06 -40800.53 3218.76
v -72413.40 -40735.94 3218.76
v -72413.40 -40735.94 3398.76
v -72337.06 -40800.53 3398.76
v -72338.71 -40780.80 3232.76
v -72393.67 -40734.29 3232.76
v -72393.67 -40734.29 3384.76
v -72338.71 -40780.80 3384.76
v -72347.75 -40791.49 3232.76
v -72402.71 -40744.98 3232.76
v -72402.71 -40744.98 3384.76
v -72347.75 -40791.49 3384.76
v -72394.52 -40523.98 2898.76
v -72329.93 -40447.64 2898.76
v -72329.93 -40447.64 3078.76
v -72394.52 -40523.98 3078.76
v -72405.21 -40514.94 2898.76
v -72340.62 -40438.60 2898.76
v -72340.62 -40438.60 3078.76
v -72405.21 -40514.94 3078.76
v -72385.48 -40513.29 2912.76
v -72338.97 -40458.33 2912.76
v -72338.97 -40458.33 3064.76
v -72385.48 -40513.29 3064.76
v -72396.17 -40504.25 2912.76
v -72349.66 -40449.28 2912.76
v -72349.66 -40449.28 3064.76
v -72396.17 -40504.25 3064.76
v -72394.52 -40523.98 3218.76
v -72329.93 -40447.64 3218.76
v -72329.93 -40447.64 3398.76
v -72394.52 -40523.98 3398.76
v -72405.21 -40514.94 3218.76
v -72340.62 -40438.60 3218.76
v -72340.62 -40438.60 3398.76
v -72405.21 -40514.94 3398.76
v -72385.48 -40513.29 3232.76
v -72338.97 -40458.33 3232.76
v -72338.97 -40458.33 3384.76
v -72385.48 -40513.29 3384.76
v -72396.17 -40504.25 3232.76
v -72349.66 -40449.28 3232.76
v -72349.66 -40449.28 3384.76
v -72396.17 -40504.25 3384.76
v -72133.06 -40404.63 2898.76
v -72056.72 -40469.22 2898.76
v -72056.72 -40469.22 3078.76
v -72133.06 -40404.63 3078.76
v -72124.02 -40393.94 2898.76
v -72047.68 -40458.53 2898.76
v -72047.68 -40458.53 3078.76
v -72124.02 -40393.94 3078.76
v -72122.37 -40413.67 2912.76
v -72067.41 -40460.18 2912.76
v -72067.41 -40460.18 3064.76
v -72122.37 -40413.67 3064.76
v -72113.33 -40402.98 2912.76
v -72058.37 -40449.49 2912.76
v -72058.37 -40449.49 3064.76
v -72113.33 -40402.98 3064.76
v -72133.06 -40404.63 3218.76
v -72056.72 -40469.22 3218.76
v -72056.72 -40469.22 3398.76
v -72133.06 -40404.63 3398.76
v -72124.02 -40393.94 3218.76
v -72047.68 -40458.53 3218.76
v -72047.68 -40458.53 3398.76
v -72124.02 -40393.94 3398.76
v -72122.37 -40413.67 3232.76
v -72067.41 -40460.18 3232.76
v -72067.41 -40460.18 3384.76
v -72122.37 -40413.67 3384.76
v -72113.33 -40402.98 3232.76
v -72058.37 -40449.49 3232.76
v -72058.37 -40449.49 3384.76
v -72113.33 -40402.98 3384.76
v -71924.66 -40580.97 2898.76
v -71848.32 -40645.56 2898.76
v -71848.32 -40645.56 3078.76
v -71924.66 -40580.97 3078.76
v -71915.61 -40570.28 2898.76
v -71839.28 -40634.88 2898.76
v -71839.28 -40634.88 3078.76
v -71915.61 -40570.28 3078.76
v -71913.97 -40590.01 2912.76
v -71859.01 -40636.52 2912.76
v -71859.01 -40636.52 3064.76
v -71913.97 -40590.01 3064.76
v -71904.93 -40579.32 2912.76
v -71849.96 -40625.83 2912.76
v -71849.96 -40625.83 3064.76
v -71904.93 -40579.32 3064.76
v -71924.66 -40580.97 3218.76
v -71848.32 -40645.56 3218.76
v -71848.32 -40645.56 3398.76
v -71924.66 -40580.97 3398.76
v -71915.61 -40570.28 3218.76
v -71839.28 -40634.88 3218.76
v -71839.28 -40634.88 3398.76
v -71915.61 -40570.28 3398.76
v -71913.97 -40590.01 3232.76
v -71859.01 -40636.52 3232.76
v -71859.01 -40636.52 3384.76
v -71913.97 -40590.01 3384.76
v -71904.93 -40579.32 3232.76
v -71849.96 -40625.83 3232.76
v -71849.96 -40625.83 3384.76
v -71904.93 -40579.32 3384.76
v -71746.35 -40723.99 3738.76
v -72025.40 -41053.77 3738.76
v -72506.33 -40646.83 3738.76
v -72227.28 -40317.04 3738.76
v -71746.35 -40723.99 3752.76
v -72025.40 -41053.77 3752.76
v -72506.33 -40646.83 3752.76
v -72227.28 -40317.04 3752.76
v -71763.26 -40725.40 3738.76
v -72026.80 -41036.86 3738.76
v -72489.42 -40645.42 3738.76
v -72225.87 -40333.95 3738.76
v -71763.26 -40725.40 3752.76
v -72026.80 -41036.86 3752.76
v -72489.42 -40645.42 3752.76
v -72225.87 -40333.95 3752.76
v -71732.26 -40722.81 3716.76
v -72024.22 -41067.86 3716.76
v -72520.42 -40648.00 3716.76
v -72228.46 -40302.95 3716.76
v -71732.26 -40722.81 3744.76
v -72024.22 -41067.86 3744.76
v -72520.42 -40648.00 3744.76
v -72228.46 -40302.95 3744.76
v -71763.26 -40725.40 3716.76
v -72026.80 -41036.86 3716.76
v -72489.42 -40645.42 3716.76
v -72225.87 -40333.95 3716.76
v -71763.26 -40725.40 3744.76
v -72026.80 -41036.86 3744.76
v -72489.42 -40645.42 3744.76
v -72225.87 -40333.95 3744.76
v -71740.71 -40723.52 3774.76
v -72024.93 -41059.41 3774.76
v -72511.97 -40647.30 3774.76
v -72227.75 -40311.41 3774.76
v -71740.71 -40723.52 3844.76
v -72024.93 -41059.41 3844.76
v -72511.97 -40647.30 3844.76
v -72227.75 -40311.41 3844.76
v -71814.00 -40729.62 3774.76
v -72031.03 -40986.12 3774.76
v -72438.68 -40641.19 3774.76
v -72221.64 -40384.69 3774.76
v -71814.00 -40729.62 3844.76
v -72031.03 -40986.12 3844.76
v -72438.68 -40641.19 3844.76
v -72221.64 -40384.69 3844.76
v -71824.33 -40673.72 2833.76
v -71763.26 -40725.40 2833.76
v -71756.80 -40717.76 2833.76
v -71817.87 -40666.09 2833.76
v -71824.33 -40673.72 2888.76
v -71763.26 -40725.40 2888.76
v -71756.80 -40717.76 2888.76
v -71817.87 -40666.09 2888.76
v -71763.26 -40725.40 2905.76
v -71799.43 -40768.15 2905.76
v -71791.80 -40774.60 2905.76
v -71755.63 -40731.85 2905.76
v -71763.26 -40725.40 2960.76
v -71799.43 -40768.15 2960.76
v -71791.80 -40774.60 2960.76
v -71755.63 -40731.85 2960.76
v -71824.33 -40673.72 2977.76
v -71763.26 -40725.40 2977.76
v -71756.80 -40717.76 2977.76
v -71817.87 -40666.09 2977.76
v -71824.33 -40673.72 3032.76
v -71763.26 -40725.40 3032.76
v -71756.80 -40717.76 3032.76
v -71817.87 -40666.09 3032.76
v -71763.26 -40725.40 3049.76
v -71799.43 -40768.15 3049.76
v -71791.80 -40774.60 3049.76
v -71755.63 -40731.85 3049.76
v -71763.26 -40725.40 3104.76
v -71799.43 -40768.15 3104.76
v -71791.80 -40774.60 3104.76
v -71755.63 -40731.85 3104.76
v -72428.35 -40697.09 2833.76
v -72489.42 -40645.42 2833.76
v -72495.88 -40653.05 2833.76
v -72434.81 -40704.73 2833.76
v -72428.35 -40697.09 2888.76
v -72489.42 -40645.42 2888.76
v -72495.88 -40653.05 2888.76
v -72434.81 -40704.73 2888.76
v -72489.42 -40645.42 2905.76
v -72453.24 -40602.67 2905.76
v -72460.88 -40596.21 2905.76
v -72497.05 -40638.96 2905.76
v -72489.42 -40645.42 2960.76
v -72453.24 -40602.67 2960.76
v -72460.88 -40596.21 2960.76
v -72497.05 -40638.96 2960.76
v -72428.35 -40697.09 2977.76
v -72489.42 -40645.42 2977.76
v -72495.88 -40653.05 2977.76
v -72434.81 -40704.73 2977.76
v -72428.35 -40697.09 3032.76
v -72489.42 -40645.42 3032.76
v -72495.88 -40653.05 3032.76
v -72434.81 -40704.73 3032.76
v -72489.42 -40645.42 3049.76
v -72453.24 -40602.67 3049.76
v -72460.88 -40596.21 3049.76
v -72497.05 -40638.96 3049.76
v -72489.42 -40645.42 3104.76
v -72453.24 -40602.67 3104.76
v -72460.88 -40596.21 3104.76
v -72497.05 -40638.96 3104.76
v -71975.13 -40975.79 2833.76
v -72026.80 -41036.86 2833.76
v -72019.17 -41043.32 2833.76
v -71967.50 -40982.25 2833.76
v -71975.13 -40975.79 2888.76
v -72026.80 -41036.86 2888.76
v -72019.17 -41043.32 2888.76
v -71967.50 -40982.25 2888.76
v -72026.80 -41036.86 2905.76
v -72069.55 -41000.68 2905.76
v -72076.01 -41008.32 2905.76
v -72033.26 -41044.49 2905.76
v -72026.80 -41036.86 2960.76
v -72069.55 -41000.68 2960.76
v -72076.01 -41008.32 2960.76
v -72033.26 -41044.49 2960.76
v -71975.13 -40975.79 2977.76
v -72026.80 -41036.86 2977.76
v -72019.17 -41043.32 2977.76
v -71967.50 -40982.25 2977.76
v -71975.13 -40975.79 3032.76
v -72026.80 -41036.86 3032.76
v -72019.17 -41043.32 3032.76
v -71967.50 -40982.25 3032.76
v -72026.80 -41036.86 3049.76
v -72069.55 -41000.68 3049.76
v -72076.01 -41008.32 3049.76
v -72033.26 -41044.49 3049.76
v -72026.80 -41036.86 3104.76
v -72069.55 -41000.68 3104.76
v -72076.01 -41008.32 3104.76
v -72033.26 -41044.49 3104.76
v -72277.55 -40395.03 2833.76
v -72225.87 -40333.95 2833.76
v -72233.51 -40327.50 2833.76
v -72285.18 -40388.57 2833.76
v -72277.55 -40395.03 2888.76
v -72225.87 -40333.95 2888.76
v -72233.51 -40327.50 2888.76
v -72285.18 -40388.57 2888.76
v -72225.87 -40333.95 2905.76
v -72183.12 -40370.13 2905.76
v -72176.66 -40362.49 2905.76
v -72219.41 -40326.32 2905.76
v -72225.87 -40333.95 2960.76
v -72183.12 -40370.13 2960.76
v -72176.66 -40362.49 2960.76
v -72219.41 -40326.32 2960.76
v -72277.55 -40395.03 2977.76
v -72225.87 -40333.95 2977.76
v -72233.51 -40327.50 2977.76
v -72285.18 -40388.57 2977.76
v -72277.55 -40395.03 3032.76
v -72225.87 -40333.95 3032.76
v -72233.51 -40327.50 3032.76
v -72285.18 -40388.57 3032.76
v -72225.87 -40333.95 3049.76
v -72183.12 -40370.13 3049.76
v -72176.66 -40362.49 3049.76
v -72219.41 -40326.32 3049.76
v -72225.87 -40333.95 3104.76
v -72183.12 -40370.13 3104.76
v -72176.66 -40362.49 3104.76
v -72219.41 -40326.32 3104.76
v -69553.71 -46991.08 3132.69
v -69501.60 -48823.34 3132.69
v -70159.33 -48842.04 3132.69
v -70211.44 -47009.79 3132.69
v -69553.71 -46991.08 3772.69
v -69501.60 -48823.34 3772.69
v -70159.33 -48842.04 3772.69
v -70211.44 -47009.79 3772.69
v -69537.38 -47143.18 3222.69
v -69534.53 -47243.14 3222.69
v -69534.53 -47243.14 3402.69
v -69537.38 -47143.18 3402.69
v -69523.38 -47142.78 3222.69
v -69520.54 -47242.74 3222.69
v -69520.54 -47242.74 3402.69
v -69523.38 -47142.78 3402.69
v -69536.98 -47157.17 3236.69
v -69534.93 -47229.14 3236.69
v -69534.93 -47229.14 3388.69
v -69536.98 -47157.17 3388.69
v -69522.98 -47156.77 3236.69
v -69520.94 -47228.74 3236.69
v -69520.94 -47228.74 3388.69
v -69522.98 -47156.77 3388.69
v -69527.23 -47500.03 3222.69
v -69524.38 -47599.99 3222.69
v -69524.38 -47599.99 3402.69
v -69527.23 -47500.03 3402.69
v -69513.23 -47499.63 3222.69
v -69510.39 -47599.59 3222.69
v -69510.39 -47599.59 3402.69
v -69513.23 -47499.63 3402.69
v -69526.83 -47514.03 3236.69
v -69524.78 -47586.00 3236.69
v -69524.78 -47586.00 3388.69
v -69526.83 -47514.03 3388.69
v -69512.83 -47513.63 3236.69
v -69510.79 -47585.60 3236.69
v -69510.79 -47585.60 3388.69
v -69512.83 -47513.63 3388.69
v -69506.93 -48213.74 3222.69
v -69504.09 -48313.70 3222.69
v -69504.09 -48313.70 3402.69
v -69506.93 -48213.74 3402.69
v -69492.93 -48213.35 3222.69
v -69490.09 -48313.31 3222.69
v -69490.09 -48313.31 3402.69
v -69492.93 -48213.35 3402.69
v -69506.53 -48227.74 3236.69
v -69504.48 -48299.71 3236.69
v -69504.48 -48299.71 3388.69
v -69506.53 -48227.74 3388.69
v -69492.54 -48227.34 3236.69
v -69490.49 -48299.31 3236.69
v -69490.49 -48299.31 3388.69
v -69492.54 -48227.34 3388.69
v -69496.78 -48570.60 3222.69
v -69493.94 -48670.56 3222.69
v -69493.94 -48670.56 3402.69
v -69496.78 -48570.60 3402.69
v -69482.78 -48570.20 3222.69
v -69479.94 -48670.16 3222.69
v -69479.94 -48670.16 3402.69
v -69482.78 -48570.20 3402.69
v -69496.38 -48584.59 3236.69
v -69494.33 -48656.57 3236.69
v -69494.33 -48656.57 3388.69
v -69496.38 -48584.59 3388.69
v -69482.39 -48584.20 3236.69
v -69480.34 -48656.17 3236.69
v -69480.34 -48656.17 3388.69
v -69482.39 -48584.20 3388.69
v -69517.36 -47846.89 3132.69
v -69513.95 -47966.84 3132.69
v -69513.95 -47966.84 3302.69
v -69514.80 -47936.86 3354.65
v -69516.51 -47876.88 3354.65
v -69517.36 -47846.89 3302.69
v -69497.37 -47846.32 3132.69
v -69493.96 -47966.28 3132.69
v -69493.96 -47966.28 3302.69
v -69494.81 -47936.29 3354.65
v -69496.52 -47876.31 3354.65
v -69497.37 -47846.32 3302.69
v -69516.85 -47864.89 3150.69
v -69514.46 -47948.85 3150.69
v -69514.46 -47948.85 3302.69
v -69515.06 -47927.86 3339.06
v -69516.25 -47885.88 3339.06
v -69516.85 -47864.89 3302.69
v -69496.86 -47864.32 3150.69
v -69494.47 -47948.28 3150.69
v -69494.47 -47948.28 3302.69
v -69495.07 -47927.29 3339.06
v -69496.26 -47885.31 3339.06
v -69496.86 -47864.32 3302.69
v -69517.93 -47826.90 3128.69
v -69513.38 -47986.84 3128.69
v -69487.39 -47986.10 3128.69
v -69491.94 -47826.16 3128.69
v -69517.93 -47826.90 3144.69
v -69513.38 -47986.84 3144.69
v -69487.39 -47986.10 3144.69
v -69491.94 -47826.16 3144.69
v -69627.70 -48838.93 3222.69
v -69727.66 -48841.77 3222.69
v -69727.66 -48841.77 3402.69
v -69627.70 -48838.93 3402.69
v -69627.31 -48852.92 3222.69
v -69727.27 -48855.77 3222.69
v -69727.27 -48855.77 3402.69
v -69627.31 -48852.92 3402.69
v -69641.70 -48839.33 3236.69
v -69713.67 -48841.38 3236.69
v -69713.67 -48841.38 3388.69
v -69641.70 -48839.33 3388.69
v -69641.30 -48853.32 3236.69
v -69713.27 -48855.37 3236.69
v -69713.27 -48855.37 3388.69
v -69641.30 -48853.32 3388.69
v -69932.58 -48847.60 3222.69
v -70032.54 -48850.44 3222.69
v -70032.54 -48850.44 3402.69
v -69932.58 -48847.60 3402.69
v -69932.18 -48861.60 3222.69
v -70032.14 -48864.44 3222.69
v -70032.14 -48864.44 3402.69
v -69932.18 -48861.60 3402.69
v -69946.57 -48848.00 3236.69
v -70018.55 -48850.05 3236.69
v -70018.55 -48850.05 3388.69
v -69946.57 -48848.00 3388.69
v -69946.18 -48861.99 3236.69
v -70018.15 -48864.04 3236.69
v -70018.15 -48864.04 3388.69
v -69946.18 -48861.99 3388.69
v -70175.66 -48689.95 3222.69
v -70178.50 -48589.99 3222.69
v -70178.50 -48589.99 3402.69
v -70175.66 -48689.95 3402.69
v -70189.65 -48690.35 3222.69
v -70192.50 -48590.39 3222.69
v -70192.50 -48590.39 3402.69
v -70189.65 -48690.35 3402.69
v -70176.06 -48675.95 3236.69
v -70178.11 -48603.98 3236.69
v -70178.11 -48603.98 3388.69
v -70176.06 -48675.95 3388.69
v -70190.05 -48676.35 3236.69
v -70192.10 -48604.38 3236.69
v -70192.10 -48604.38 3388.69
v -70190.05 -48676.35 3388.69
v -70185.81 -48333.09 3222.69
v -70188.65 -48233.13 3222.69
v -70188.65 -48233.13 3402.69
v -70185.81 -48333.09 3402.69
v -70199.80 -48333.49 3222.69
v -70202.65 -48233.53 3222.69
v -70202.65 -48233.53 3402.69
v -70199.80 -48333.49 3402.69
v -70186.21 -48319.10 3236.69
v -70188.25 -48247.13 3236.69
v -70188.25 -48247.13 3388.69
v -70186.21 -48319.10 3388.69
v -70200.20 -48319.50 3236.69
v -70202.25 -48247.52 3236.69
v -70202.25 -48247.52 3388.69
v -70200.20 -48319.50 3388.69
v -70195.96 -47976.24 3222.69
v -70198.80 -47876.28 3222.69
v -70198.80 -47876.28 3402.69
v -70195.96 -47976.24 3402.69
v -70209.95 -47976.63 3222.69
v -70212.80 -47876.67 3222.69
v -70212.80 -47876.67 3402.69
v -70209.95 -47976.63 3402.69
v -70196.36 -47962.24 3236.69
v -70198.40 -47890.27 3236.69
v -70198.40 -47890.27 3388.69
v -70196.36 -47962.24 3388.69
v -70210.35 -47962.64 3236.69
v -70212.40 -47890.67 3236.69
v -70212.40 -47890.67 3388.69
v -70210.35 -47962.64 3388.69
v -70206.11 -47619.38 3222.69
v -70208.95 -47519.42 3222.69
v -70208.95 -47519.42 3402.69
v -70206.11 -47619.38 3402.69
v -70220.10 -47619.78 3222.69
v -70222.94 -47519.82 3222.69
v -70222.94 -47519.82 3402.69
v -70220.10 -47619.78 3402.69
v -70206.51 -47605.39 3236.69
v -70208.55 -47533.42 3236.69
v -70208.55 -47533.42 3388.69
v -70206.51 -47605.39 3388.69
v -70220.50 -47605.78 3236.69
v -70222.55 -47533.81 3236.69
v -70222.55 -47533.81 3388.69
v -70220.50 -47605.78 3388.69
v -70216.26 -47262.52 3222.69
v -70219.10 -47162.57 3222.69
v -70219.10 -47162.57 3402.69
v -70216.26 -47262.52 3402.69
v -70230.25 -47262.92 3222.69
v -70233.09 -47162.96 3222.69
v -70233.09 -47162.96 3402.69
v -70230.25 -47262.92 3402.69
v -70216.65 -47248.53 3236.69
v -70218.70 -47176.56 3236.69
v -70218.70 -47176.56 3388.69
v -70216.65 -47248.53 3388.69
v -70230.65 -47248.93 3236.69
v -70232.70 -47176.96 3236.69
v -70232.70 -47176.96 3388.69
v -70230.65 -47248.93 3388.69
v -70085.33 -46994.19 3222.69
v -69985.37 -46991.35 3222.69
v -69985.37 -46991.35 3402.69
v -70085.33 -46994.19 3402.69
v -70085.73 -46980.20 3222.69
v -69985.77 -46977.36 3222.69
v -69985.77 -46977.36 3402.69
v -70085.73 -46980.20 3402.69
v -70071.34 -46993.80 3236.69
v -69999.37 -46991.75 3236.69
v -69999.37 -46991.75 3388.69
v -70071.34 -46993.80 3388.69
v -70071.74 -46979.80 3236.69
v -69999.76 -46977.76 3236.69
v -69999.76 -46977.76 3388.69
v -70071.74 -46979.80 3388.69
v -69780.46 -46985.52 3222.69
v -69680.50 -46982.68 3222.69
v -69680.50 -46982.68 3402.69
v -69780.46 -46985.52 3402.69
v -69780.85 -46971.53 3222.69
v -69680.89 -46968.69 3222.69
v -69680.89 -46968.69 3402.69
v -69780.85 -46971.53 3402.69
v -69766.46 -46985.13 3236.69
v -69694.49 -46983.08 3236.69
v -69694.49 -46983.08 3388.69
v -69766.46 -46985.13 3388.69
v -69766.86 -46971.13 3236.69
v -69694.89 -46969.08 3236.69
v -69694.89 -46969.08 3388.69
v -69766.86 -46971.13 3388.69
v -69536.22 -46972.58 3742.69
v -69483.09 -48840.82 3742.69
v -70176.81 -48860.55 3742.69
v -70229.94 -46992.30 3742.69
v -69536.22 -46972.58 3756.69
v -69483.09 -48840.82 3756.69
v -70176.81 -48860.55 3756.69
v -70229.94 -46992.30 3756.69
v -69547.88 -46984.91 3742.69
v -69495.43 -48829.17 3742.69
v -70165.16 -48848.21 3742.69
v -70217.61 -47003.96 3742.69
v -69547.88 -46984.91 3756.69
v -69495.43 -48829.17 3756.69
v -70165.16 -48848.21 3756.69
v -70217.61 -47003.96 3756.69
v -69526.51 -46962.30 3720.69
v -69472.81 -48850.53 3720.69
v -70186.52 -48870.83 3720.69
v -70240.22 -46982.59 3720.69
v -69526.51 -46962.30 3748.69
v -69472.81 -48850.53 3748.69
v -70186.52 -48870.83 3748.69
v -70240.22 -46982.59 3748.69
v -69547.88 -46984.91 3720.69
v -69495.43 -48829.17 3720.69
v -70165.16 -48848.21 3720.69
v -70217.61 -47003.96 3720.69
v -69547.88 -46984.91 3748.69
v -69495.43 -48829.17 3748.69
v -70165.16 -48848.21 3748.69
v -70217.61 -47003.96 3748.69
v -69532.34 -46968.46 3778.69
v -69478.98 -48844.70 3778.69
v -70180.70 -48864.66 3778.69
v -70234.06 -46988.42 3778.69
v -69532.34 -46968.46 3848.69
v -69478.98 -48844.70 3848.69
v -70180.70 -48864.66 3848.69
v -70234.06 -46988.42 3848.69
v -69582.84 -47021.92 3778.69
v -69532.44 -48794.20 3778.69
v -70130.19 -48811.20 3778.69
v -70180.60 -47038.92 3778.69
v -69582.84 -47021.92 3848.69
v -69532.44 -48794.20 3848.69
v -70130.19 -48811.20 3848.69
v -70180.60 -47038.92 3848.69
v -69627.85 -46987.19 3157.69
v -69547.88 -46984.91 3157.69
v -69548.16 -46974.92 3157.69
v -69628.13 -46977.19 3157.69
v -69627.85 -46987.19 3212.69
v -69547.88 -46984.91 3212.69
v -69548.16 -46974.92 3212.69
v -69628.13 -46977.19 3212.69
v -69547.88 -46984.91 3229.69
v -69546.29 -47040.89 3229.69
v -69536.29 -47040.60 3229.69
v -69537.88 -46984.63 3229.69
v -69547.88 -46984.91 3284.69
v -69546.29 -47040.89 3284.69
v -69536.29 -47040.60 3284.69
v -69537.88 -46984.63 3284.69
v -69627.85 -46987.19 3301.69
v -69547.88 -46984.91 3301.69
v -69548.16 -46974.92 3301.69
v -69628.13 -46977.19 3301.69
v -69627.85 -46987.19 3356.69
v -69547.88 -46984.91 3356.69
v -69548.16 -46974.92 3356.69
v -69628.13 -46977.19 3356.69
v -69547.88 -46984.91 3373.69
v -69546.29 -47040.89 3373.69
v -69536.29 -47040.60 3373.69
v -69537.88 -46984.63 3373.69
v -69547.88 -46984.91 3428.69
v -69546.29 -47040.89 3428.69
v -69536.29 -47040.60 3428.69
v -69537.88 -46984.63 3428.69
v -69497.70 -48749.20 3157.69
v -69495.43 -48829.17 3157.69
v -69485.43 -48828.88 3157.69
v -69487.71 -48748.91 3157.69
v -69497.70 -48749.20 3212.69
v -69495.43 -48829.17 3212.69
v -69485.43 -48828.88 3212.69
v -69487.71 -48748.91 3212.69
v -69495.43 -48829.17 3229.69
v -69551.41 -48830.76 3229.69
v -69551.12 -48840.75 3229.69
v -69495.14 -48839.16 3229.69
v -69495.43 -48829.17 3284.69
v -69551.41 -48830.76 3284.69
v -69551.12 -48840.75 3284.69
v -69495.14 -48839.16 3284.69
v -69497.70 -48749.20 3301.69
v -69495.43 -48829.17 3301.69
v -69485.43 -48828.88 3301.69
v -69487.71 -48748.91 3301.69
v -69497.70 -48749.20 3356.69
v -69495.43 -48829.17 3356.69
v -69485.43 -48828.88 3356.69
v -69487.71 -48748.91 3356.69
v -69495.43 -48829.17 3373.69
v -69551.41 -48830.76 3373.69
v -69551.12 -48840.75 3373.69
v -69495.14 -48839.16 3373.69
v -69495.43 -48829.17 3428.69
v -69551.41 -48830.76 3428.69
v -69551.12 -48840.75 3428.69
v -69495.14 -48839.16 3428.69
v -70085.19 -48845.94 3157.69
v -70165.16 -48848.21 3157.69
v -70164.87 -48858.21 3157.69
v -70084.90 -48855.93 3157.69
v -70085.19 -48845.94 3212.69
v -70165.16 -48848.21 3212.69
v -70164.87 -48858.21 3212.69
v -70084.90 -48855.93 3212.69
v -70165.16 -48848.21 3229.69
v -70166.75 -48792.24 3229.69
v -70176.74 -48792.52 3229.69
v -70175.15 -48848.50 3229.69
v -70165.16 -48848.21 3284.69
v -70166.75 -48792.24 3284.69
v -70176.74 -48792.52 3284.69
v -70175.15 -48848.50 3284.69
v -70085.19 -48845.94 3301.69
v -70165.16 -48848.21 3301.69
v -70164.87 -48858.21 3301.69
v -70084.90 -48855.93 3301.69
v -70085.19 -48845.94 3356.69
v -70165.16 -48848.21 3356.69
v -70164.87 -48858.21 3356.69
v -70084.90 -48855.93 3356.69
v -70165.16 -48848.21 3373.69
v -70166.75 -48792.24 3373.69
v -70176.74 -48792.52 3373.69
v -70175.15 -48848.50 3373.69
v -70165.16 -48848.21 3428.69
v -70166.75 -48792.24 3428.69
v -70176.74 -48792.52 3428.69
v -70175.15 -48848.50 3428.69
v -70215.33 -47083.93 3157.69
v -70217.61 -47003.96 3157.69
v -70227.60 -47004.24 3157.69
v -70225.33 -47084.21 3157.69
v -70215.33 -47083.93 3212.69
v -70217.61 -47003.96 3212.69
v -70227.60 -47004.24 3212.69
v -70225.33 -47084.21 3212.69
v -70217.61 -47003.96 3229.69
v -70161.63 -47002.37 3229.69
v -70161.91 -46992.37 3229.69
v -70217.89 -46993.96 3229.69
v -70217.61 -47003.96 3284.69
v -70161.63 -47002.37 3284.69
v -70161.91 -46992.37 3284.69
v -70217.89 -46993.96 3284.69
v -70215.33 -47083.93 3301.69
v -70217.61 -47003.96 3301.69
v -70227.60 -47004.24 3301.69
v -70225.33 -47084.21 3301.69
v -70215.33 -47083.93 3356.69
v -70217.61 -47003.96 3356.69
v -70227.60 -47004.24 3356.69
v -70225.33 -47084.21 3356.69
v -70217.61 -47003.96 3373.69
v -70161.63 -47002.37 3373.69
v -70161.91 -46992.37 3373.69
v -70217.89 -46993.96 3373.69
v -70217.61 -47003.96 3428.69
v -70161.63 -47002.37 3428.69
v -70161.91 -46992.37 3428.69
v -70217.89 -46993.96 3428.69
v -69708.47 -47916.56 3778.69
v -69736.74 -48003.58 3778.69
v -69810.77 -48057.37 3778.69
v -69902.27 -48057.37 3778.69
v -69976.29 -48003.58 3778.69
v -70004.57 -47916.56 3778.69
v -69976.29 -47829.54 3778.69
v -69902.27 -47775.76 3778.69
v -69810.77 -47775.76 3778.69
v -69736.74 -47829.54 3778.69
v -69708.47 -47916.56 3833.69
v -69736.74 -48003.58 3833.69
v -69810.77 -48057.37 3833.69
v -69902.27 -48057.37 3833.69
v -69976.29 -48003.58 3833.69
v -70004.57 -47916.56 3833.69
v -69976.29 -47829.54 3833.69
v -69902.27 -47775.76 3833.69
v -69810.77 -47775.76 3833.69
v -69736.74 -47829.54 3833.69
v -69728.30 -47916.56 3907.71
v -69752.79 -47991.93 3907.71
v -69816.90 -48038.50 3907.71
v -69896.14 -48038.50 3907.71
v -69960.25 -47991.93 3907.71
v -69984.73 -47916.56 3907.71
v -69960.25 -47841.20 3907.71
v -69896.14 -47794.62 3907.71
v -69816.90 -47794.62 3907.71
v -69752.79 -47841.20 3907.71
v -69782.49 -47916.56 3961.90
v -69796.63 -47960.07 3961.90
v -69833.64 -47986.96 3961.90
v -69879.39 -47986.96 3961.90
v -69916.41 -47960.07 3961.90
v -69930.54 -47916.56 3961.90
v -69916.41 -47873.05 3961.90
v -69879.39 -47846.16 3961.90
v -69833.64 -47846.16 3961.90
v -69796.63 -47873.05 3961.90
v -69856.52 -47916.56 3981.74
v -70725.12 -40353.86 2878.37
v -71494.59 -40893.78 2878.37
v -71737.56 -40547.52 2878.37
v -70968.09 -40007.60 2878.37
v -70725.12 -40353.86 3838.37
v -71494.59 -40893.78 3838.37
v -71737.56 -40547.52 3838.37
v -70968.09 -40007.60 3838.37
v -70818.64 -40434.14 2968.37
v -70900.50 -40491.58 2968.37
v -70900.50 -40491.58 3148.37
v -70818.64 -40434.14 3148.37
v -70810.60 -40445.60 2968.37
v -70892.46 -40503.04 2968.37
v -70892.46 -40503.04 3148.37
v -70810.60 -40445.60 3148.37
v -70830.10 -40442.18 2982.37
v -70889.04 -40483.54 2982.37
v -70889.04 -40483.54 3134.37
v -70830.10 -40442.18 3134.37
v -70822.06 -40453.64 2982.37
v -70881.00 -40495.00 2982.37
v -70881.00 -40495.00 3134.37
v -70822.06 -40453.64 3134.37
v -70818.64 -40434.14 3288.37
v -70900.50 -40491.58 3288.37
v -70900.50 -40491.58 3418.37
v -70880.04 -40477.22 3461.67
v -70839.11 -40448.50 3461.67
v -70818.64 -40434.14 3418.37
v -70810.60 -40445.60 3288.37
v -70892.46 -40503.04 3288.37
v -70892.46 -40503.04 3418.37
v -70872.00 -40488.68 3461.67
v -70831.07 -40459.96 3461.67
v -70810.60 -40445.60 3418.37
v -70830.10 -40442.18 3302.37
v -70889.04 -40483.54 3302.37
v -70889.04 -40483.54 3418.37
v -70874.31 -40473.20 3449.55
v -70844.84 -40452.52 3449.55
v -70830.10 -40442.18 3418.37
v -70822.06 -40453.64 3302.37
v -70881.00 -40495.00 3302.37
v -70881.00 -40495.00 3418.37
v -70866.27 -40484.66 3449.55
v -70836.80 -40463.98 3449.55
v -70822.06 -40453.64 3418.37
v -71062.03 -40604.92 3288.37
v -71143.89 -40662.36 3288.37
v -71143.89 -40662.36 3468.37
v -71062.03 -40604.92 3468.37
v -71053.99 -40616.38 3288.37
v -71135.85 -40673.82 3288.37
v -71135.85 -40673.82 3468.37
v -71053.99 -40616.38 3468.37
v -71073.49 -40612.97 3302.37
v -71132.43 -40654.32 3302.37
v -71132.43 -40654.32 3454.37
v -71073.49 -40612.97 3454.37
v -71065.45 -40624.43 3302.37
v -71124.39 -40665.78 3302.37
v -71124.39 -40665.78 3454.37
v -71065.45 -40624.43 3454.37
v -71305.43 -40775.71 2968.37
v -71387.28 -40833.15 2968.37
v -71387.28 -40833.15 3148.37
v -71305.43 -40775.71 3148.37
v -71297.39 -40787.17 2968.37
v -71379.24 -40844.61 2968.37
v -71379.24 -40844.61 3148.37
v -71297.39 -40787.17 3148.37
v -71316.89 -40783.75 2982.37
v -71375.82 -40825.11 2982.37
v -71375.82 -40825.11 3134.37
v -71316.89 -40783.75 3134.37
v -71308.85 -40795.21 2982.37
v -71367.78 -40836.57 2982.37
v -71367.78 -40836.57 3134.37
v -71308.85 -40795.21 3134.37
v -71305.43 -40775.71 3288.37
v -71387.28 -40833.15 3288.37
v -71387.28 -40833.15 3418.37
v -71366.82 -40818.79 3461.67
v -71325.89 -40790.07 3461.67
v -71305.43 -40775.71 3418.37
v -71297.39 -40787.17 3288.37
v -71379.24 -40844.61 3288.37
v -71379.24 -40844.61 3418.37
v -71358.78 -40830.25 3461.67
v -71317.85 -40801.53 3461.67
v -71297.39 -40787.17 3418.37
v -71316.89 -40783.75 3302.37
v -71375.82 -40825.11 3302.37
v -71375.82 -40825.11 3418.37
v -71361.09 -40814.77 3449.55
v -71331.62 -40794.09 3449.55
v -71316.89 -40783.75 3418.37
v -71308.85 -40795.21 3302.37
v -71367.78 -40836.57 3302.37
v -71367.78 -40836.57 3418.37
v -71353.05 -40826.23 3449.55
v -71323.58 -40805.55 3449.55
v -71308.85 -40795.21 3418.37
v -71053.85 -40599.18 2878.37
v -71152.08 -40668.11 2878.37
v -71152.08 -40668.11 3108.37
v -71053.85 -40599.18 3108.37
v -71042.36 -40615.55 2878.37
v -71140.59 -40684.48 2878.37
v -71140.59 -40684.48 3108.37
v -71042.36 -40615.55 3108.37
v -71068.58 -40609.52 2896.37
v -71137.34 -40657.77 2896.37
v -71137.34 -40657.77 3090.37
v -71068.58 -40609.52 3090.37
v -71057.10 -40625.89 2896.37
v -71125.86 -40674.14 2896.37
v -71125.86 -40674.14 3090.37
v -71057.10 -40625.89 3090.37
v -71037.48 -40587.69 2874.37
v -71168.45 -40679.60 2874.37
v -71153.52 -40700.88 2874.37
v -71022.54 -40608.98 2874.37
v -71037.48 -40587.69 2890.37
v -71168.45 -40679.60 2890.37
v -71153.52 -40700.88 2890.37
v -71022.54 -40608.98 2890.37
v -71597.18 -40768.48 2968.37
v -71654.62 -40686.62 2968.37
v -71654.62 -40686.62 3148.37
v -71597.18 -40768.48 3148.37
v -71608.64 -40776.52 2968.37
v -71666.08 -40694.66 2968.37
v -71666.08 -40694.66 3148.37
v -71608.64 -40776.52 3148.37
v -71605.22 -40757.02 2982.37
v -71646.57 -40698.08 2982.37
v -71646.57 -40698.08 3134.37
v -71605.22 -40757.02 3134.37
v -71616.68 -40765.06 2982.37
v -71658.03 -40706.12 2982.37
v -71658.03 -40706.12 3134.37
v -71616.68 -40765.06 3134.37
v -71597.18 -40768.48 3288.37
v -71654.62 -40686.62 3288.37
v -71654.62 -40686.62 3468.37
v -71597.18 -40768.48 3468.37
v -71608.64 -40776.52 3288.37
v -71666.08 -40694.66 3288.37
v -71666.08 -40694.66 3468.37
v -71608.64 -40776.52 3468.37
v -71605.22 -40757.02 3302.37
v -71646.57 -40698.08 3302.37
v -71646.57 -40698.08 3454.37
v -71605.22 -40757.02 3454.37
v -71616.68 -40765.06 3302.37
v -71658.03 -40706.12 3302.37
v -71658.03 -40706.12 3454.37
v -71616.68 -40765.06 3454.37
v -71644.04 -40467.24 2968.37
v -71562.18 -40409.80 2968.37
v -71562.18 -40409.80 3148.37
v -71644.04 -40467.24 3148.37
v -71652.08 -40455.78 2968.37
v -71570.22 -40398.34 2968.37
v -71570.22 -40398.34 3148.37
v -71652.08 -40455.78 3148.37
v -71632.58 -40459.20 2982.37
v -71573.64 -40417.84 2982.37
v -71573.64 -40417.84 3134.37
v -71632.58 -40459.20 3134.37
v -71640.62 -40447.74 2982.37
v -71581.68 -40406.38 2982.37
v -71581.68 -40406.38 3134.37
v -71640.62 -40447.74 3134.37
v -71644.04 -40467.24 3288.37
v -71562.18 -40409.80 3288.37
v -71562.18 -40409.80 3468.37
v -71644.04 -40467.24 3468.37
v -71652.08 -40455.78 3288.37
v -71570.22 -40398.34 3288.37
v -71570.22 -40398.34 3468.37
v -71652.08 -40455.78 3468.37
v -71632.58 -40459.20 3302.37
v -71573.64 -40417.84 3302.37
v -71573.64 -40417.84 3454.37
v -71632.58 -40459.20 3454.37
v -71640.62 -40447.74 3302.37
v -71581.68 -40406.38 3302.37
v -71581.68 -40406.38 3454.37
v -71640.62 -40447.74 3454.37
v -71400.65 -40296.46 2968.37
v -71318.79 -40239.02 2968.37
v -71318.79 -40239.02 3148.37
v -71400.65 -40296.46 3148.37
v -71408.69 -40285.00 2968.37
v -71326.83 -40227.56 2968.37
v -71326.83 -40227.56 3148.37
v -71408.69 -40285.00 3148.37
v -71389.19 -40288.42 2982.37
v -71330.25 -40247.06 2982.37
v -71330.25 -40247.06 3134.37
v -71389.19 -40288.42 3134.37
v -71397.23 -40276.96 2982.37
v -71338.29 -40235.60 2982.37
v -71338.29 -40235.60 3134.37
v -71397.23 -40276.96 3134.37
v -71400.65 -40296.46 3288.37
v -71318.79 -40239.02 3288.37
v -71318.79 -40239.02 3468.37
v -71400.65 -40296.46 3468.37
v -71408.69 -40285.00 3288.37
v -71326.83 -40227.56 3288.37
v -71326.83 -40227.56 3468.37
v -71408.69 -40285.00 3468.37
v -71389.19 -40288.42 3302.37
v -71330.25 -40247.06 3302.37
v -71330.25 -40247.06 3454.37
v -71389.19 -40288.42 3454.37
v -71397.23 -40276.96 3302.37
v -71338.29 -40235.60 3302.37
v -71338.29 -40235.60 3454.37
v -71397.23 -40276.96 3454.37
v -71157.25 -40125.67 2968.37
v -71075.40 -40068.23 2968.37
v -71075.40 -40068.23 3148.37
v -71157.25 -40125.67 3148.37
v -71165.29 -40114.21 2968.37
v -71083.44 -40056.77 2968.37
v -71083.44 -40056.77 3148.37
v -71165.29 -40114.21 3148.37
v -71145.79 -40117.63 2982.37
v -71086.86 -40076.27 2982.37
v -71086.86 -40076.27 3134.37
v -71145.79 -40117.63 3134.37
v -71153.83 -40106.17 2982.37
v -71094.90 -40064.81 2982.37
v -71094.90 -40064.81 3134.37
v -71153.83 -40106.17 3134.37
v -71157.25 -40125.67 3288.37
v -71075.40 -40068.23 3288.37
v -71075.40 -40068.23 3418.37
v -71095.86 -40082.59 3461.67
v -71136.79 -40111.31 3461.67
v -71157.25 -40125.67 3418.37
v -71165.29 -40114.21 3288.37
v -71083.44 -40056.77 3288.37
v -71083.44 -40056.77 3418.37
v -71103.90 -40071.13 3461.67
v -71144.83 -40099.85 3461.67
v -71165.29 -40114.21 3418.37
v -71145.79 -40117.63 3302.37
v -71086.86 -40076.27 3302.37
v -71086.86 -40076.27 3418.37
v -71101.59 -40086.61 3449.55
v -71131.06 -40107.29 3449.55
v -71145.79 -40117.63 3418.37
v -71153.83 -40106.17 3302.37
v -71094.90 -40064.81 3302.37
v -71094.90 -40064.81 3418.37
v -71109.63 -40075.15 3449.55
v -71139.10 -40095.83 3449.55
v -71153.83 -40106.17 3418.37
v -70865.50 -40132.91 2968.37
v -70808.06 -40214.76 2968.37
v -70808.06 -40214.76 3148.37
v -70865.50 -40132.91 3148.37
v -70854.04 -40124.86 2968.37
v -70796.60 -40206.72 2968.37
v -70796.60 -40206.72 3148.37
v -70854.04 -40124.86 3148.37
v -70857.46 -40144.37 2982.37
v -70816.11 -40203.30 2982.37
v -70816.11 -40203.30 3134.37
v -70857.46 -40144.37 3134.37
v -70846.00 -40136.32 2982.37
v -70804.65 -40195.26 2982.37
v -70804.65 -40195.26 3134.37
v -70846.00 -40136.32 3134.37
v -70865.50 -40132.91 3288.37
v -70808.06 -40214.76 3288.37
v -70808.06 -40214.76 3418.37
v -70822.42 -40194.30 3461.67
v -70851.14 -40153.37 3461.67
v -70865.50 -40132.91 3418.37
v -70854.04 -40124.86 3288.37
v -70796.60 -40206.72 3288.37
v -70796.60 -40206.72 3418.37
v -70810.96 -40186.26 3461.67
v -70839.68 -40145.33 3461.67
v -70854.04 -40124.86 3418.37
v -70857.46 -40144.37 3302.37
v -70816.11 -40203.30 3302.37
v -70816.11 -40203.30 3418.37
v -70826.44 -40188.57 3449.55
v -70847.12 -40159.10 3449.55
v -70857.46 -40144.37 3418.37
v -70846.00 -40136.32 3302.37
v -70804.65 -40195.26 3302.37
v -70804.65 -40195.26 3418.37
v -70814.98 -40180.53 3449.55
v -70835.66 -40151.06 3449.55
v -70846.00 -40136.32 3418.37
v -70700.05 -40358.25 3808.37
v -71498.99 -40918.86 3808.37
v -71762.63 -40543.13 3808.37
v -70963.69 -39982.52 3808.37
v -70700.05 -40358.25 3822.37
v -71498.99 -40918.86 3822.37
v -71762.63 -40543.13 3822.37
v -70963.69 -39982.52 3822.37
v -70716.77 -40355.32 3808.37
v -71496.06 -40902.14 3808.37
v -71745.91 -40546.06 3808.37
v -70966.62 -39999.24 3808.37
v -70716.77 -40355.32 3822.37
v -71496.06 -40902.14 3822.37
v -71745.91 -40546.06 3822.37
v -70966.62 -39999.24 3822.37
v -70686.12 -40360.70 3786.37
v -71501.43 -40932.79 3786.37
v -71776.56 -40540.69 3786.37
v -70961.25 -39968.59 3786.37
v -70686.12 -40360.70 3814.37
v -71501.43 -40932.79 3814.37
v -71776.56 -40540.69 3814.37
v -70961.25 -39968.59 3814.37
v -70716.77 -40355.32 3786.37
v -71496.06 -40902.14 3786.37
v -71745.91 -40546.06 3786.37
v -70966.62 -39999.24 3786.37
v -70716.77 -40355.32 3814.37
v -71496.06 -40902.14 3814.37
v -71745.91 -40546.06 3814.37
v -70966.62 -39999.24 3814.37
v -70694.48 -40359.23 3844.37
v -71499.96 -40924.43 3844.37
v -71768.20 -40542.15 3844.37
v -70962.72 -39976.95 3844.37
v -70694.48 -40359.23 3914.37
v -71499.96 -40924.43 3914.37
v -71768.20 -40542.15 3914.37
v -70962.72 -39976.95 3914.37
v -70766.91 -40346.53 3844.37
v -71487.26 -40851.99 3844.37
v -71695.77 -40554.85 3844.37
v -70975.42 -40049.39 3844.37
v -70766.91 -40346.53 3914.37
v -71487.26 -40851.99 3914.37
v -71695.77 -40554.85 3914.37
v -70975.42 -40049.39 3914.37
v -70762.72 -40289.84 2903.37
v -70716.77 -40355.32 2903.37
v -70708.58 -40349.58 2903.37
v -70754.53 -40284.09 2903.37
v -70762.72 -40289.84 2958.37
v -70716.77 -40355.32 2958.37
v -70708.58 -40349.58 2958.37
v -70754.53 -40284.09 2958.37
v -70716.77 -40355.32 2975.37
v -70762.61 -40387.49 2975.37
v -70756.86 -40395.67 2975.37
v -70711.02 -40363.51 2975.37
v -70716.77 -40355.32 3030.37
v -70762.61 -40387.49 3030.37
v -70756.86 -40395.67 3030.37
v -70711.02 -40363.51 3030.37
v -70762.72 -40289.84 3047.37
v -70716.77 -40355.32 3047.37
v -70708.58 -40349.58 3047.37
v -70754.53 -40284.09 3047.37
v -70762.72 -40289.84 3102.37
v -70716.77 -40355.32 3102.37
v -70708.58 -40349.58 3102.37
v -70754.53 -40284.09 3102.37
v -70716.77 -40355.32 3119.37
v -70762.61 -40387.49 3119.37
v -70756.86 -40395.67 3119.37
v -70711.02 -40363.51 3119.37
v -70716.77 -40355.32 3174.37
v -70762.61 -40387.49 3174.37
v -70756.86 -40395.67 3174.37
v -70711.02 -40363.51 3174.37
v -71699.96 -40611.55 2903.37
v -71745.91 -40546.06 2903.37
v -71754.10 -40551.80 2903.37
v -71708.15 -40617.29 2903.37
v -71699.96 -40611.55 2958.37
v -71745.91 -40546.06 2958.37
v -71754.10 -40551.80 2958.37
v -71708.15 -40617.29 2958.37
v -71745.91 -40546.06 2975.37
v -71700.07 -40513.89 2975.37
v -71705.82 -40505.71 2975.37
v -71751.66 -40537.87 2975.37
v -71745.91 -40546.06 3030.37
v -71700.07 -40513.89 3030.37
v -71705.82 -40505.71 3030.37
v -71751.66 -40537.87 3030.37
v -71699.96 -40611.55 3047.37
v -71745.91 -40546.06 3047.37
v -71754.10 -40551.80 3047.37
v -71708.15 -40617.29 3047.37
v -71699.96 -40611.55 3102.37
v -71745.91 -40546.06 3102.37
v -71754.10 -40551.80 3102.37
v -71708.15 -40617.29 3102.37
v -71745.91 -40546.06 3119.37
v -71700.07 -40513.89 3119.37
v -71705.82 -40505.71 3119.37
v -71751.66 -40537.87 3119.37
v -71745.91 -40546.06 3174.37
v -71700.07 -40513.89 3174.37
v -71705.82 -40505.71 3174.37
v -71751.66 -40537.87 3174.37
v -71430.57 -40856.19 2903.37
v -71496.06 -40902.14 2903.37
v -71490.31 -40910.33 2903.37
v -71424.82 -40864.38 2903.37
v -71430.57 -40856.19 2958.37
v -71496.06 -40902.14 2958.37
v -71490.31 -40910.33 2958.37
v -71424.82 -40864.38 2958.37
v -71496.06 -40902.14 2975.37
v -71528.22 -40856.30 2975.37
v -71536.41 -40862.05 2975.37
v -71504.24 -40907.89 2975.37
v -71496.06 -40902.14 3030.37
v -71528.22 -40856.30 3030.37
v -71536.41 -40862.05 3030.37
v -71504.24 -40907.89 3030.37
v -71430.57 -40856.19 3047.37
v -71496.06 -40902.14 3047.37
v -71490.31 -40910.33 3047.37
v -71424.82 -40864.38 3047.37
v -71430.57 -40856.19 3102.37
v -71496.06 -40902.14 3102.37
v -71490.31 -40910.33 3102.37
v -71424.82 -40864.38 3102.37
v -71496.06 -40902.14 3119.37
v -71528.22 -40856.30 3119.37
v -71536.41 -40862.05 3119.37
v -71504.24 -40907.89 3119.37
v -71496.06 -40902.14 3174.37
v -71528.22 -40856.30 3174.37
v -71536.41 -40862.05 3174.37
v -71504.24 -40907.89 3174.37
v -71032.11 -40045.19 2903.37
v -70966.62 -39999.24 2903.37
v -70972.37 -39991.05 2903.37
v -71037.86 -40037.01 2903.37
v -71032.11 -40045.19 2958.37
v -70966.62 -39999.24 2958.37
v -70972.37 -39991.05 2958.37
v -71037.86 -40037.01 2958.37
v -70966.62 -39999.24 2975.37
v -70934.46 -40045.08 2975.37
v -70926.27 -40039.34 2975.37
v -70958.44 -39993.50 2975.37
v -70966.62 -39999.24 3030.37
v -70934.46 -40045.08 3030.37
v -70926.27 -40039.34 3030.37
v -70958.44 -39993.50 3030.37
v -71032.11 -40045.19 3047.37
v -70966.62 -39999.24 3047.37
v -70972.37 -39991.05 3047.37
v -71037.86 -40037.01 3047.37
v -71032.11 -40045.19 3102.37
v -70966.62 -39999.24 3102.37
v -70972.37 -39991.05 3102.37
v -71037.86 -40037.01 3102.37
v -70966.62 -39999.24 3119.37
v -70934.46 -40045.08 3119.37
v -70926.27 -40039.34 3119.37
v -70958.44 -39993.50 3119.37
v -70966.62 -39999.24 3174.37
v -70934.46 -40045.08 3174.37
v -70926.27 -40039.34 3174.37
v -70958.44 -39993.50 3174.37
v -73489.99 -43850.75 2530.00
v -74209.87 -43864.21 2530.00
v -74217.35 -43464.28 2530.00
v -73497.47 -43450.82 2530.00
v -73489.99 -43850.75 3170.00
v -74209.87 -43864.21 3170.00
v -74217.35 -43464.28 3170.00
v -73497.47 -43450.82 3170.00
v -73631.74 -43865.40 2620.00
v -73731.73 -43867.27 2620.00
v -73731.73 -43867.27 2800.00
v -73631.74 -43865.40 2800.00
v -73631.48 -43879.40 2620.00
v -73731.46 -43881.27 2620.00
v -73731.46 -43881.27 2800.00
v -73631.48 -43879.40 2800.00
v -73645.74 -43865.66 2634.00
v -73717.73 -43867.01 2634.00
v -73717.73 -43867.01 2786.00
v -73645.74 -43865.66 2786.00
v -73645.48 -43879.66 2634.00
v -73717.47 -43881.01 2634.00
v -73717.47 -43881.01 2786.00
v -73645.48 -43879.66 2786.00
v -73967.69 -43871.68 2620.00
v -74067.67 -43873.55 2620.00
v -74067.67 -43873.55 2800.00
v -73967.69 -43871.68 2800.00
v -73967.42 -43885.68 2620.00
v -74067.41 -43887.55 2620.00
v -74067.41 -43887.55 2800.00
v -73967.42 -43885.68 2800.00
v -73981.68 -43871.95 2634.00
v -74053.67 -43873.29 2634.00
v -74053.67 -43873.29 2786.00
v -73981.68 -43871.95 2786.00
v -73981.42 -43885.94 2634.00
v -74053.41 -43887.29 2634.00
v -74053.41 -43887.29 2786.00
v -73981.42 -43885.94 2786.00
v -74224.67 -43714.46 2620.00
v -74226.54 -43614.48 2620.00
v -74226.54 -43614.48 2800.00
v -74224.67 -43714.46 2800.00
v -74238.67 -43714.72 2620.00
v -74240.54 -43614.74 2620.00
v -74240.54 -43614.74 2800.00
v -74238.67 -43714.72 2800.00
v -74224.93 -43700.47 2634.00
v -74226.28 -43628.48 2634.00
v -74226.28 -43628.48 2786.00
v -74224.93 -43700.47 2786.00
v -74238.93 -43700.73 2634.00
v -74240.28 -43628.74 2634.00
v -74240.28 -43628.74 2786.00
v -74238.93 -43700.73 2786.00
v -74075.60 -43449.63 2620.00
v -73975.61 -43447.76 2620.00
v -73975.61 -43447.76 2800.00
v -74075.60 -43449.63 2800.00
v -74075.86 -43435.63 2620.00
v -73975.88 -43433.76 2620.00
v -73975.88 -43433.76 2800.00
v -74075.86 -43435.63 2800.00
v -74061.60 -43449.37 2634.00
v -73989.61 -43448.02 2634.00
v -73989.61 -43448.02 2786.00
v -74061.60 -43449.37 2786.00
v -74061.86 -43435.37 2634.00
v -73989.87 -43434.02 2634.00
v -73989.87 -43434.02 2786.00
v -74061.86 -43435.37 2786.00
v -73739.66 -43443.35 2620.00
v -73639.67 -43441.48 2620.00
v -73639.67 -43441.48 2800.00
v -73739.66 -43443.35 2800.00
v -73739.92 -43429.35 2620.00
v -73639.93 -43427.48 2620.00
v -73639.93 -43427.48 2800.00
v -73739.92 -43429.35 2800.00
v -73725.66 -43443.08 2634.00
v -73653.67 -43441.74 2634.00
v -73653.67 -43441.74 2786.00
v -73725.66 -43443.08 2786.00
v -73725.92 -43429.09 2634.00
v -73653.93 -43427.74 2634.00
v -73653.93 -43427.74 2786.00
v -73725.92 -43429.09 2786.00
v -73917.62 -43446.67 2530.00
v -73797.64 -43444.43 2530.00
v -73797.64 -43444.43 2700.00
v -73827.64 -43444.99 2751.96
v -73887.63 -43446.11 2751.96
v -73917.62 -43446.67 2700.00
v -73918.00 -43426.68 2530.00
v -73798.02 -43424.43 2530.00
v -73798.02 -43424.43 2700.00
v -73828.01 -43424.99 2751.96
v -73888.00 -43426.12 2751.96
v -73918.00 -43426.68 2700.00
v -73899.63 -43446.34 2548.00
v -73815.64 -43444.77 2548.00
v -73815.64 -43444.77 2700.00
v -73836.64 -43445.16 2736.37
v -73878.63 -43445.94 2736.37
v -73899.63 -43446.34 2700.00
v -73900.00 -43426.34 2548.00
v -73816.02 -43424.77 2548.00
v -73816.02 -43424.77 2700.00
v -73837.01 -43425.16 2736.37
v -73879.00 -43425.95 2736.37
v -73900.00 -43426.34 2700.00
v -73937.62 -43447.05 2526.00
v -73777.65 -43444.06 2526.00
v -73778.13 -43418.06 2526.00
v -73938.11 -43421.05 2526.00
v -73937.62 -43447.05 2542.00
v -73777.65 -43444.06 2542.00
v -73778.13 -43418.06 2542.00
v -73938.11 -43421.05 2542.00
v -73482.67 -43600.57 2620.00
v -73480.80 -43700.55 2620.00
v -73480.80 -43700.55 2800.00
v -73482.67 -43600.57 2800.00
v -73468.67 -43600.31 2620.00
v -73466.80 -43700.29 2620.00
v -73466.80 -43700.29 2800.00
v -73468.67 -43600.31 2800.00
v -73482.41 -43614.56 2634.00
v -73481.06 -43686.55 2634.00
v -73481.06 -43686.55 2786.00
v -73482.41 -43614.56 2786.00
v -73468.41 -43614.30 2634.00
v -73467.06 -43686.29 2634.00
v -73467.06 -43686.29 2786.00
v -73468.41 -43614.30 2786.00
v -73471.66 -43868.41 3140.00
v -74227.53 -43882.55 3140.00
v -74235.68 -43446.62 3140.00
v -73479.81 -43432.48 3140.00
v -73471.66 -43868.41 3154.00
v -74227.53 -43882.55 3154.00
v -74235.68 -43446.62 3154.00
v -73479.81 -43432.48 3154.00
v -73483.88 -43856.63 3140.00
v -74215.75 -43870.32 3140.00
v -74223.46 -43458.40 3140.00
v -73491.59 -43444.71 3140.00
v -73483.88 -43856.63 3154.00
v -74215.75 -43870.32 3154.00
v -74223.46 -43458.40 3154.00
v -73491.59 -43444.71 3154.00
v -73461.47 -43878.22 3118.00
v -74237.34 -43892.73 3118.00
v -74245.87 -43436.81 3118.00
v -73470.00 -43422.30 3118.00
v -73461.47 -43878.22 3146.00
v -74237.34 -43892.73 3146.00
v -74245.87 -43436.81 3146.00
v -73470.00 -43422.30 3146.00
v -73483.88 -43856.63 3118.00
v -74215.75 -43870.32 3118.00
v -74223.46 -43458.40 3118.00
v -73491.59 -43444.71 3118.00
v -73483.88 -43856.63 3146.00
v -74215.75 -43870.32 3146.00
v -74223.46 -43458.40 3146.00
v -73491.59 -43444.71 3146.00
v -73467.59 -43872.33 3176.00
v -74231.45 -43886.62 3176.00
v -74239.75 -43442.70 3176.00
v -73475.89 -43428.41 3176.00
v -73467.59 -43872.33 3246.00
v -74231.45 -43886.62 3246.00
v -74239.75 -43442.70 3246.00
v -73475.89 -43428.41 3246.00
v -73520.55 -43821.31 3176.00
v -74180.43 -43833.66 3176.00
v -74186.79 -43493.72 3176.00
v -73526.91 -43481.37 3176.00
v -73520.55 -43821.31 3246.00
v -74180.43 -43833.66 3246.00
v -74186.79 -43493.72 3246.00
v -73526.91 -43481.37 3246.00
v -73485.38 -43776.65 2555.00
v -73483.88 -43856.63 2555.00
v -73473.88 -43856.45 2555.00
v -73475.38 -43776.46 2555.00
v -73485.38 -43776.65 2610.00
v -73483.88 -43856.63 2610.00
v -73473.88 -43856.45 2610.00
v -73475.38 -43776.46 2610.00
v -73483.88 -43856.63 2627.00
v -73539.87 -43857.68 2627.00
v -73539.69 -43867.68 2627.00
v -73483.69 -43866.63 2627.00
v -73483.88 -43856.63 2682.00
v -73539.87 -43857.68 2682.00
v -73539.69 -43867.68 2682.00
v -73483.69 -43866.63 2682.00
v -73485.38 -43776.65 2699.00
v -73483.88 -43856.63 2699.00
v -73473.88 -43856.45 2699.00
v -73475.38 -43776.46 2699.00
v -73485.38 -43776.65 2754.00
v -73483.88 -43856.63 2754.00
v -73473.88 -43856.45 2754.00
v -73475.38 -43776.46 2754.00
v -73483.88 -43856.63 2771.00
v -73539.87 -43857.68 2771.00
v -73539.69 -43867.68 2771.00
v -73483.69 -43866.63 2771.00
v -73483.88 -43856.63 2826.00
v -73539.87 -43857.68 2826.00
v -73539.69 -43867.68 2826.00
v -73483.69 -43866.63 2826.00
v -74221.96 -43538.38 2555.00
v -74223.46 -43458.40 2555.00
v -74233.46 -43458.58 2555.00
v -74231.96 -43538.57 2555.00
v -74221.96 -43538.38 2610.00
v -74223.46 -43458.40 2610.00
v -74233.46 -43458.58 2610.00
v -74231.96 -43538.57 2610.00
v -74223.46 -43458.40 2627.00
v -74167.47 -43457.35 2627.00
v -74167.66 -43447.35 2627.00
v -74223.65 -43448.40 2627.00
v -74223.46 -43458.40 2682.00
v -74167.47 -43457.35 2682.00
v -74167.66 -43447.35 2682.00
v -74223.65 -43448.40 2682.00
v -74221.96 -43538.38 2699.00
v -74223.46 -43458.40 2699.00
v -74233.46 -43458.58 2699.00
v -74231.96 -43538.57 2699.00
v -74221.96 -43538.38 2754.00
v -74223.46 -43458.40 2754.00
v -74233.46 -43458.58 2754.00
v -74231.96 -43538.57 2754.00
v -74223.46 -43458.40 2771.00
v -74167.47 -43457.35 2771.00
v -74167.66 -43447.35 2771.00
v -74223.65 -43448.40 2771.00
v -74223.46 -43458.40 2826.00
v -74167.47 -43457.35 2826.00
v -74167.66 -43447.35 2826.00
v -74223.65 -43448.40 2826.00
v -74135.77 -43868.83 2555.00
v -74215.75 -43870.32 2555.00
v -74215.57 -43880.32 2555.00
v -74135.58 -43878.83 2555.00
v -74135.77 -43868.83 2610.00
v -74215.75 -43870.32 2610.00
v -74215.57 -43880.32 2610.00
v -74135.58 -43878.83 2610.00
v -74215.75 -43870.32 2627.00
v -74216.80 -43814.33 2627.00
v -74226.80 -43814.52 2627.00
v -74225.75 -43870.51 2627.00
v -74215.75 -43870.32 2682.00
v -74216.80 -43814.33 2682.00
v -74226.80 -43814.52 2682.00
v -74225.75 -43870.51 2682.00
v -74135.77 -43868.83 2699.00
v -74215.75 -43870.32 2699.00
v -74215.57 -43880.32 2699.00
v -74135.58 -43878.83 2699.00
v -74135.77 -43868.83 2754.00
v -74215.75 -43870.32 2754.00
v -74215.57 -43880.32 2754.00
v -74135.58 -43878.83 2754.00
v -74215.75 -43870.32 2771.00
v -74216.80 -43814.33 2771.00
v -74226.80 -43814.52 2771.00
v -74225.75 -43870.51 2771.00
v -74215.75 -43870.32 2826.00
v -74216.80 -43814.33 2826.00
v -74226.80 -43814.52 2826.00
v -74225.75 -43870.51 2826.00
v -73571.57 -43446.20 2555.00
v -73491.59 -43444.71 2555.00
v -73491.77 -43434.71 2555.00
v -73571.76 -43436.20 2555.00
v -73571.57 -43446.20 2610.00
v -73491.59 -43444.71 2610.00
v -73491.77 -43434.71 2610.00
v -73571.76 -43436.20 2610.00
v -73491.59 -43444.71 2627.00
v -73490.54 -43500.70 2627.00
v -73480.54 -43500.51 2627.00
v -73481.59 -43444.52 2627.00
v -73491.59 -43444.71 2682.00
v -73490.54 -43500.70 2682.00
v -73480.54 -43500.51 2682.00
v -73481.59 -43444.52 2682.00
v -73571.57 -43446.20 2699.00
v -73491.59 -43444.71 2699.00
v -73491.77 -43434.71 2699.00
v -73571.76 -43436.20 2699.00
v -73571.57 -43446.20 2754.00
v -73491.59 -43444.71 2754.00
v -73491.77 -43434.71 2754.00
v -73571.76 -43436.20 2754.00
v -73491.59 -43444.71 2771.00
v -73490.54 -43500.70 2771.00
v -73480.54 -43500.51 2771.00
v -73481.59 -43444.52 2771.00
v -73491.59 -43444.71 2826.00
v -73490.54 -43500.70 2826.00
v -73480.54 -43500.51 2826.00
v -73481.59 -43444.52 2826.00
v -69603.78 -40416.99 2883.97
v -69925.37 -40654.85 2883.97
v -70258.37 -40204.61 2883.97
v -69936.77 -39966.75 2883.97
v -69603.78 -40416.99 3843.97
v -69925.37 -40654.85 3843.97
v -70258.37 -40204.61 3843.97
v -69936.77 -39966.75 3843.97
v -69717.24 -40515.83 3293.97
v -69797.64 -40575.30 3293.97
v -69797.64 -40575.30 3423.97
v -69777.54 -40560.43 3467.27
v -69737.34 -40530.70 3467.27
v -69717.24 -40515.83 3423.97
v -69708.92 -40527.09 3293.97
v -69789.31 -40586.55 3293.97
v -69789.31 -40586.55 3423.97
v -69769.22 -40571.69 3467.27
v -69729.02 -40541.96 3467.27
v -69708.92 -40527.09 3423.97
v -69728.50 -40524.16 3307.97
v -69786.38 -40566.97 3307.97
v -69786.38 -40566.97 3423.97
v -69771.91 -40556.27 3455.14
v -69742.97 -40534.86 3455.14
v -69728.50 -40524.16 3423.97
v -69720.17 -40535.42 3307.97
v -69778.06 -40578.23 3307.97
v -69778.06 -40578.23 3423.97
v -69763.59 -40567.53 3455.14
v -69734.64 -40546.12 3455.14
v -69720.17 -40535.42 3423.97
v -69709.20 -40509.89 2883.97
v -69805.68 -40581.24 2883.97
v -69805.68 -40581.24 3053.97
v -69781.56 -40563.41 3105.93
v -69733.32 -40527.73 3105.93
v -69709.20 -40509.89 3053.97
v -69697.31 -40525.97 2883.97
v -69793.79 -40597.32 2883.97
v -69793.79 -40597.32 3053.97
v -69769.67 -40579.49 3105.93
v -69721.43 -40543.81 3105.93
v -69697.31 -40525.97 3053.97
v -69723.67 -40520.59 2901.97
v -69791.21 -40570.54 2901.97
v -69791.21 -40570.54 3053.97
v -69774.32 -40558.05 3090.34
v -69740.56 -40533.08 3090.34
v -69723.67 -40520.59 3053.97
v -69711.78 -40536.67 2901.97
v -69779.32 -40586.62 2901.97
v -69779.32 -40586.62 3053.97
v -69762.43 -40574.13 3090.34
v -69728.66 -40549.16 3090.34
v -69711.78 -40536.67 3053.97
v -69693.12 -40498.00 2879.97
v -69821.76 -40593.14 2879.97
v -69806.30 -40614.04 2879.97
v -69677.66 -40518.90 2879.97
v -69693.12 -40498.00 2895.97
v -69821.76 -40593.14 2895.97
v -69806.30 -40614.04 2895.97
v -69677.66 -40518.90 2895.97
v -69995.68 -40579.97 2973.97
v -70055.14 -40499.57 2973.97
v -70055.14 -40499.57 3153.97
v -69995.68 -40579.97 3153.97
v -70006.93 -40588.30 2973.97
v -70066.39 -40507.90 2973.97
v -70066.39 -40507.90 3153.97
v -70006.93 -40588.30 3153.97
v -70004.00 -40568.72 2987.97
v -70046.81 -40510.83 2987.97
v -70046.81 -40510.83 3139.97
v -70004.00 -40568.72 3139.97
v -70015.26 -40577.04 2987.97
v -70058.07 -40519.15 2987.97
v -70058.07 -40519.15 3139.97
v -70015.26 -40577.04 3139.97
v -69995.68 -40579.97 3293.97
v -70055.14 -40499.57 3293.97
v -70055.14 -40499.57 3473.97
v -69995.68 -40579.97 3473.97
v -70006.93 -40588.30 3293.97
v -70066.39 -40507.90 3293.97
v -70066.39 -40507.90 3473.97
v -70006.93 -40588.30 3473.97
v -70004.00 -40568.72 3307.97
v -70046.81 -40510.83 3307.97
v -70046.81 -40510.83 3459.97
v -70004.00 -40568.72 3459.97
v -70015.26 -40577.04 3307.97
v -70058.07 -40519.15 3307.97
v -70058.07 -40519.15 3459.97
v -70015.26 -40577.04 3459.97
v -70147.90 -40374.15 2973.97
v -70207.37 -40293.75 2973.97
v -70207.37 -40293.75 3153.97
v -70147.90 -40374.15 3153.97
v -70159.16 -40382.47 2973.97
v -70218.62 -40302.08 2973.97
v -70218.62 -40302.08 3153.97
v -70159.16 -40382.47 3153.97
v -70156.23 -40362.89 2987.97
v -70199.04 -40305.01 2987.97
v -70199.04 -40305.01 3139.97
v -70156.23 -40362.89 3139.97
v -70167.48 -40371.22 2987.97
v -70210.30 -40313.33 2987.97
v -70210.30 -40313.33 3139.97
v -70167.48 -40371.22 3139.97
v -70147.90 -40374.15 3293.97
v -70207.37 -40293.75 3293.97
v -70207.37 -40293.75 3473.97
v -70147.90 -40374.15 3473.97
v -70159.16 -40382.47 3293.97
v -70218.62 -40302.08 3293.97
v -70218.62 -40302.08 3473.97
v -70159.16 -40382.47 3473.97
v -70156.23 -40362.89 3307.97
v -70199.04 -40305.01 3307.97
v -70199.04 -40305.01 3459.97
v -70156.23 -40362.89 3459.97
v -70167.48 -40371.22 3307.97
v -70210.30 -40313.33 3307.97
v -70210.30 -40313.33 3459.97
v -70167.48 -40371.22 3459.97
v -70144.91 -40105.76 2973.97
v -70064.51 -40046.30 2973.97
v -70064.51 -40046.30 3153.97
v -70144.91 -40105.76 3153.97
v -70153.23 -40094.51 2973.97
v -70072.83 -40035.04 2973.97
v -70072.83 -40035.04 3153.97
v -70153.23 -40094.51 3153.97
v -70133.65 -40097.44 2987.97
v -70075.76 -40054.63 2987.97
v -70075.76 -40054.63 3139.97
v -70133.65 -40097.44 3139.97
v -70141.98 -40086.18 2987.97
v -70084.09 -40043.37 2987.97
v -70084.09 -40043.37 3139.97
v -70141.98 -40086.18 3139.97
v -70144.91 -40105.76 3293.97
v -70064.51 -40046.30 3293.97
v -70064.51 -40046.30 3423.97
v -70084.61 -40061.17 3467.27
v -70124.81 -40090.90 3467.27
v -70144.91 -40105.76 3423.97
v -70153.23 -40094.51 3293.97
v -70072.83 -40035.04 3293.97
v -70072.83 -40035.04 3423.97
v -70092.93 -40049.91 3467.27
v -70133.13 -40079.64 3467.27
v -70153.23 -40094.51 3423.97
v -70133.65 -40097.44 3307.97
v -70075.76 -40054.63 3307.97
v -70075.76 -40054.63 3423.97
v -70090.23 -40065.33 3455.14
v -70119.18 -40086.74 3455.14
v -70133.65 -40097.44 3423.97
v -70141.98 -40086.18 3307.97
v -70084.09 -40043.37 3307.97
v -70084.09 -40043.37 3423.97
v -70098.56 -40054.07 3455.14
v -70127.50 -40075.48 3455.14
v -70141.98 -40086.18 3423.97
v -69866.47 -40041.63 2973.97
v -69807.01 -40122.03 2973.97
v -69807.01 -40122.03 3153.97
v -69866.47 -40041.63 3153.97
v -69855.21 -40033.30 2973.97
v -69795.75 -40113.70 2973.97
v -69795.75 -40113.70 3153.97
v -69855.21 -40033.30 3153.97
v -69858.15 -40052.88 2987.97
v -69815.33 -40110.77 2987.97
v -69815.33 -40110.77 3139.97
v -69858.15 -40052.88 3139.97
v -69846.89 -40044.56 2987.97
v -69804.08 -40102.44 2987.97
v -69804.08 -40102.44 3139.97
v -69846.89 -40044.56 3139.97
v -69866.47 -40041.63 3293.97
v -69807.01 -40122.03 3293.97
v -69807.01 -40122.03 3423.97
v -69821.87 -40101.93 3467.27
v -69851.60 -40061.73 3467.27
v -69866.47 -40041.63 3423.97
v -69855.21 -40033.30 3293.97
v -69795.75 -40113.70 3293.97
v -69795.75 -40113.70 3423.97
v -69810.62 -40093.60 3467.27
v -69840.35 -40053.40 3467.27
v -69855.21 -40033.30 3423.97
v -69858.15 -40052.88 3307.97
v -69815.33 -40110.77 3307.97
v -69815.33 -40110.77 3423.97
v -69826.04 -40096.30 3455.14
v -69847.44 -40067.35 3455.14
v -69858.15 -40052.88 3423.97
v -69846.89 -40044.56 3307.97
v -69804.08 -40102.44 3307.97
v -69804.08 -40102.44 3423.97
v -69814.78 -40087.97 3455.14
v -69836.19 -40059.03 3455.14
v -69846.89 -40044.56 3423.97
v -69714.24 -40247.45 2973.97
v -69654.78 -40327.85 2973.97
v -69654.78 -40327.85 3153.97
v -69714.24 -40247.45 3153.97
v -69702.99 -40239.12 2973.97
v -69643.53 -40319.52 2973.97
v -69643.53 -40319.52 3153.97
v -69702.99 -40239.12 3153.97
v -69705.92 -40258.70 2987.97
v -69663.11 -40316.59 2987.97
v -69663.11 -40316.59 3139.97
v -69705.92 -40258.70 3139.97
v -69694.66 -40250.38 2987.97
v -69651.85 -40308.27 2987.97
v -69651.85 -40308.27 3139.97
v -69694.66 -40250.38 3139.97
v -69714.24 -40247.45 3293.97
v -69654.78 -40327.85 3293.97
v -69654.78 -40327.85 3473.97
v -69714.24 -40247.45 3473.97
v -69702.99 -40239.12 3293.97
v -69643.53 -40319.52 3293.97
v -69643.53 -40319.52 3473.97
v -69702.99 -40239.12 3473.97
v -69705.92 -40258.70 3307.97
v -69663.11 -40316.59 3307.97
v -69663.11 -40316.59 3459.97
v -69705.92 -40258.70 3459.97
v -69694.66 -40250.38 3307.97
v -69651.85 -40308.27 3307.97
v -69651.85 -40308.27 3459.97
v -69694.66 -40250.38 3459.97
v -69578.60 -40420.76 3813.97
v -69929.14 -40680.02 3813.97
v -70283.55 -40200.84 3813.97
v -69933.00 -39941.58 3813.97
v -69578.60 -40420.76 3827.97
v -69929.14 -40680.02 3827.97
v -70283.55 -40200.84 3827.97
v -69933.00 -39941.58 3827.97
v -69595.38 -40418.25 3813.97
v -69926.63 -40663.24 3813.97
v -70266.76 -40203.35 3813.97
v -69935.52 -39958.36 3813.97
v -69595.38 -40418.25 3827.97
v -69926.63 -40663.24 3827.97
v -70266.76 -40203.35 3827.97
v -69935.52 -39958.36 3827.97
v -69564.61 -40422.85 3791.97
v -69931.24 -40694.01 3791.97
v -70297.53 -40198.74 3791.97
v -69930.91 -39927.59 3791.97
v -69564.61 -40422.85 3819.97
v -69931.24 -40694.01 3819.97
v -70297.53 -40198.74 3819.97
v -69930.91 -39927.59 3819.97
v -69595.38 -40418.25 3791.97
v -69926.63 -40663.24 3791.97
v -70266.76 -40203.35 3791.97
v -69935.52 -39958.36 3791.97
v -69595.38 -40418.25 3819.97
v -69926.63 -40663.24 3819.97
v -70266.76 -40203.35 3819.97
v -69935.52 -39958.36 3819.97
v -69573.01 -40421.60 3849.97
v -69929.98 -40685.61 3849.97
v -70289.14 -40200.00 3849.97
v -69932.17 -39935.98 3849.97
v -69573.01 -40421.60 3919.97
v -69929.98 -40685.61 3919.97
v -70289.14 -40200.00 3919.97
v -69932.17 -39935.98 3919.97
v -69645.74 -40410.71 3849.97
v -69919.09 -40612.89 3849.97
v -70216.41 -40210.89 3849.97
v -69943.05 -40008.71 3849.97
v -69645.74 -40410.71 3919.97
v -69919.09 -40612.89 3919.97
v -70216.41 -40210.89 3919.97
v -69943.05 -40008.71 3919.97
v -69642.96 -40353.93 2908.97
v -69595.38 -40418.25 2908.97
v -69587.34 -40412.30 2908.97
v -69634.92 -40347.98 2908.97
v -69642.96 -40353.93 2963.97
v -69595.38 -40418.25 2963.97
v -69587.34 -40412.30 2963.97
v -69634.92 -40347.98 2963.97
v -69595.38 -40418.25 2980.97
v -69640.41 -40451.55 2980.97
v -69634.46 -40459.59 2980.97
v -69589.44 -40426.29 2980.97
v -69595.38 -40418.25 3035.97
v -69640.41 -40451.55 3035.97
v -69634.46 -40459.59 3035.97
v -69589.44 -40426.29 3035.97
v -69642.96 -40353.93 3052.97
v -69595.38 -40418.25 3052.97
v -69587.34 -40412.30 3052.97
v -69634.92 -40347.98 3052.97
v -69642.96 -40353.93 3107.97
v -69595.38 -40418.25 3107.97
v -69587.34 -40412.30 3107.97
v -69634.92 -40347.98 3107.97
v -69595.38 -40418.25 3124.97
v -69640.41 -40451.55 3124.97
v -69634.46 -40459.59 3124.97
v -69589.44 -40426.29 3124.97
v -69595.38 -40418.25 3179.97
v -69640.41 -40451.55 3179.97
v -69634.46 -40459.59 3179.97
v -69589.44 -40426.29 3179.97
v -69862.31 -40615.67 2908.97
v -69926.63 -40663.24 2908.97
v -69920.68 -40671.28 2908.97
v -69856.37 -40623.71 2908.97
v -69862.31 -40615.67 2963.97
v -69926.63 -40663.24 2963.97
v -69920.68 -40671.28 2963.97
v -69856.37 -40623.71 2963.97
v -69926.63 -40663.24 2980.97
v -69959.93 -40618.21 2980.97
v -69967.97 -40624.16 2980.97
v -69934.67 -40669.18 2980.97
v -69926.63 -40663.24 3035.97
v -69959.93 -40618.21 3035.97
v -69967.97 -40624.16 3035.97
v -69934.67 -40669.18 3035.97
v -69862.31 -40615.67 3052.97
v -69926.63 -40663.24 3052.97
v -69920.68 -40671.28 3052.97
v -69856.37 -40623.71 3052.97
v -69862.31 -40615.67 3107.97
v -69926.63 -40663.24 3107.97
v -69920.68 -40671.28 3107.97
v -69856.37 -40623.71 3107.97
v -69926.63 -40663.24 3124.97
v -69959.93 -40618.21 3124.97
v -69967.97 -40624.16 3124.97
v -69934.67 -40669.18 3124.97
v -69926.63 -40663.24 3179.97
v -69959.93 -40618.21 3179.97
v -69967.97 -40624.16 3179.97
v -69934.67 -40669.18 3179.97
v -70219.19 -40267.67 2908.97
v -70266.76 -40203.35 2908.97
v -70274.80 -40209.30 2908.97
v -70227.23 -40273.62 2908.97
v -70219.19 -40267.67 2963.97
v -70266.76 -40203.35 2963.97
v -70274.80 -40209.30 2963.97
v -70227.23 -40273.62 2963.97
v -70266.76 -40203.35 2980.97
v -70221.74 -40170.05 2980.97
v -70227.68 -40162.01 2980.97
v -70272.71 -40195.31 2980.97
v -70266.76 -40203.35 3035.97
v -70221.74 -40170.05 3035.97
v -70227.68 -40162.01 3035.97
v -70272.71 -40195.31 3035.97
v -70219.19 -40267.67 3052.97
v -70266.76 -40203.35 3052.97
v -70274.80 -40209.30 3052.97
v -70227.23 -40273.62 3052.97
v -70219.19 -40267.67 3107.97
v -70266.76 -40203.35 3107.97
v -70274.80 -40209.30 3107.97
v -70227.23 -40273.62 3107.97
v -70266.76 -40203.35 3124.97
v -70221.74 -40170.05 3124.97
v -70227.68 -40162.01 3124.97
v -70272.71 -40195.31 3124.97
v -70266.76 -40203.35 3179.97
v -70221.74 -40170.05 3179.97
v -70227.68 -40162.01 3179.97
v -70272.71 -40195.31 3179.97
v -69999.83 -40005.93 2908.97
v -69935.52 -39958.36 2908.97
v -69941.46 -39950.32 2908.97
v -70005.78 -39997.89 2908.97
v -69999.83 -40005.93 2963.97
v -69935.52 -39958.36 2963.97
v -69941.46 -39950.32 2963.97
v -70005.78 -39997.89 2963.97
v -69935.52 -39958.36 2980.97
v -69902.22 -40003.39 2980.97
v -69894.18 -39997.44 2980.97
v -69927.48 -39952.42 2980.97
v -69935.52 -39958.36 3035.97
v -69902.22 -40003.39 3035.97
v -69894.18 -39997.44 3035.97
v -69927.48 -39952.42 3035.97
v -69999.83 -40005.93 3052.97
v -69935.52 -39958.36 3052.97
v -69941.46 -39950.32 3052.97
v -70005.78 -39997.89 3052.97
v -69999.83 -40005.93 3107.97
v -69935.52 -39958.36 3107.97
v -69941.46 -39950.32 3107.97
v -70005.78 -39997.89 3107.97
v -69935.52 -39958.36 3124.97
v -69902.22 -40003.39 3124.97
v -69894.18 -39997.44 3124.97
v -69927.48 -39952.42 3124.97
v -69935.52 -39958.36 3179.97
v -69902.22 -40003.39 3179.97
v -69894.18 -39997.44 3179.97
v -69927.48 -39952.42 3179.97
v -72209.53 -44578.66 2792.01
v -72585.47 -44585.69 2792.01
v -72594.26 -44115.77 2792.01
v -72218.32 -44108.74 2792.01
v -72209.53 -44578.66 3432.01
v -72585.47 -44585.69 3432.01
v -72594.26 -44115.77 3432.01
v -72218.32 -44108.74 3432.01
v -72347.29 -44593.23 2882.01
v -72447.27 -44595.10 2882.01
v -72447.27 -44595.10 3062.01
v -72347.29 -44593.23 3062.01
v -72347.02 -44607.23 2882.01
v -72447.01 -44609.10 2882.01
v -72447.01 -44609.10 3062.01
v -72347.02 -44607.23 3062.01
v -72361.28 -44593.50 2896.01
v -72433.27 -44594.84 2896.01
v -72433.27 -44594.84 3048.01
v -72361.28 -44593.50 3048.01
v -72361.02 -44607.49 2896.01
v -72433.01 -44608.84 2896.01
v -72433.01 -44608.84 3048.01
v -72361.02 -44607.49 3048.01
v -72600.93 -44400.94 2882.01
v -72602.80 -44300.96 2882.01
v -72602.80 -44300.96 3062.01
v -72600.93 -44400.94 3062.01
v -72614.92 -44401.21 2882.01
v -72616.79 -44301.22 2882.01
v -72616.79 -44301.22 3062.01
v -72614.92 -44401.21 3062.01
v -72601.19 -44386.95 2896.01
v -72602.53 -44314.96 2896.01
v -72602.53 -44314.96 3048.01
v -72601.19 -44386.95 3048.01
v -72615.19 -44387.21 2896.01
v -72616.53 -44315.22 2896.01
v -72616.53 -44315.22 3048.01
v -72615.19 -44387.21 3048.01
v -72466.50 -44101.38 2792.01
v -72346.53 -44099.13 2792.01
v -72346.53 -44099.13 2962.01
v -72376.52 -44099.69 3013.97
v -72436.51 -44100.82 3013.97
v -72466.50 -44101.38 2962.01
v -72466.88 -44081.38 2792.01
v -72346.90 -44079.14 2792.01
v -72346.90 -44079.14 2962.01
v -72376.89 -44079.70 3013.97
v -72436.88 -44080.82 3013.97
v -72466.88 -44081.38 2962.01
v -72448.51 -44101.04 2810.01
v -72364.52 -44099.47 2810.01
v -72364.52 -44099.47 2962.01
v -72385.52 -44099.86 2998.38
v -72427.51 -44100.65 2998.38
v -72448.51 -44101.04 2962.01
v -72448.88 -44081.04 2810.01
v -72364.90 -44079.47 2810.01
v -72364.90 -44079.47 2962.01
v -72385.89 -44079.87 2998.38
v -72427.89 -44080.65 2998.38
v -72448.88 -44081.04 2962.01
v -72486.50 -44101.75 2788.01
v -72326.53 -44098.76 2788.01
v -72327.02 -44072.76 2788.01
v -72486.99 -44075.76 2788.01
v -72486.50 -44101.75 2804.01
v -72326.53 -44098.76 2804.01
v -72327.02 -44072.76 2804.01
v -72486.99 -44075.76 2804.01
v -72202.87 -44293.48 2882.01
v -72201.00 -44393.46 2882.01
v -72201.00 -44393.46 3062.01
v -72202.87 -44293.48 3062.01
v -72188.87 -44293.22 2882.01
v -72187.00 -44393.20 2882.01
v -72187.00 -44393.20 3062.01
v -72188.87 -44293.22 3062.01
v -72202.60 -44307.48 2896.01
v -72201.26 -44379.47 2896.01
v -72201.26 -44379.47 3048.01
v -72202.60 -44307.48 3048.01
v -72188.61 -44307.22 2896.01
v -72187.26 -44379.20 2896.01
v -72187.26 -44379.20 3048.01
v -72188.61 -44307.22 3048.01
v -72191.20 -44596.32 3402.01
v -72603.13 -44604.02 3402.01
v -72612.59 -44098.11 3402.01
v -72200.66 -44090.40 3402.01
v -72191.20 -44596.32 3416.01
v -72603.13 -44604.02 3416.01
v -72612.59 -44098.11 3416.01
v -72200.66 -44090.40 3416.01
v -72203.42 -44584.54 3402.01
v -72591.36 -44591.80 3402.01
v -72600.37 -44109.88 3402.01
v -72212.44 -44102.63 3402.01
v -72203.42 -44584.54 3416.01
v -72591.36 -44591.80 3416.01
v -72600.37 -44109.88 3416.01
v -72212.44 -44102.63 3416.01
v -72181.02 -44606.13 3380.01
v -72612.94 -44614.21 3380.01
v -72622.78 -44088.30 3380.01
v -72190.85 -44080.22 3380.01
v -72181.02 -44606.13 3408.01
v -72612.94 -44614.21 3408.01
v -72622.78 -44088.30 3408.01
v -72190.85 -44080.22 3408.01
v -72203.42 -44584.54 3380.01
v -72591.36 -44591.80 3380.01
v -72600.37 -44109.88 3380.01
v -72212.44 -44102.63 3380.01
v -72203.42 -44584.54 3408.01
v -72591.36 -44591.80 3408.01
v -72600.37 -44109.88 3408.01
v -72212.44 -44102.63 3408.01
v -72187.13 -44600.24 3438.01
v -72607.05 -44608.09 3438.01
v -72616.67 -44094.18 3438.01
v -72196.74 -44086.33 3438.01
v -72187.13 -44600.24 3508.01
v -72607.05 -44608.09 3508.01
v -72616.67 -44094.18 3508.01
v -72196.74 -44086.33 3508.01
v -72240.09 -44549.22 3438.01
v -72556.04 -44555.13 3438.01
v -72563.70 -44145.20 3438.01
v -72247.76 -44139.29 3438.01
v -72240.09 -44549.22 3508.01
v -72556.04 -44555.13 3508.01
v -72563.70 -44145.20 3508.01
v -72247.76 -44139.29 3508.01
v -72204.92 -44504.56 2817.01
v -72203.42 -44584.54 2817.01
v -72193.43 -44584.36 2817.01
v -72194.92 -44504.37 2817.01
v -72204.92 -44504.56 2872.01
v -72203.42 -44584.54 2872.01
v -72193.43 -44584.36 2872.01
v -72194.92 -44504.37 2872.01
v -72203.42 -44584.54 2889.01
v -72259.41 -44585.59 2889.01
v -72259.23 -44595.59 2889.01
v -72203.24 -44594.54 2889.01
v -72203.42 -44584.54 2944.01
v -72259.41 -44585.59 2944.01
v -72259.23 -44595.59 2944.01
v -72203.24 -44594.54 2944.01
v -72204.92 -44504.56 2961.01
v -72203.42 -44584.54 2961.01
v -72193.43 -44584.36 2961.01
v -72194.92 -44504.37 2961.01
v -72204.92 -44504.56 3016.01
v -72203.42 -44584.54 3016.01
v -72193.43 -44584.36 3016.01
v -72194.92 -44504.37 3016.01
v -72203.42 -44584.54 3033.01
v -72259.41 -44585.59 3033.01
v -72259.23 -44595.59 3033.01
v -72203.24 -44594.54 3033.01
v -72203.42 -44584.54 3088.01
v -72259.41 -44585.59 3088.01
v -72259.23 -44595.59 3088.01
v -72203.24 -44594.54 3088.01
v -72598.87 -44189.87 2817.01
v -72600.37 -44109.88 2817.01
v -72610.37 -44110.07 2817.01
v -72608.87 -44190.06 2817.01
v -72598.87 -44189.87 2872.01
v -72600.37 -44109.88 2872.01
v -72610.37 -44110.07 2872.01
v -72608.87 -44190.06 2872.01
v -72600.37 -44109.88 2889.01
v -72544.38 -44108.84 2889.01
v -72544.57 -44098.84 2889.01
v -72600.56 -44099.88 2889.01
v -72600.37 -44109.88 2944.01
v -72544.38 -44108.84 2944.01
v -72544.57 -44098.84 2944.01
v -72600.56 -44099.88 2944.01
v -72598.87 -44189.87 2961.01
v -72600.37 -44109.88 2961.01
v -72610.37 -44110.07 2961.01
v -72608.87 -44190.06 2961.01
v -72598.87 -44189.87 3016.01
v -72600.37 -44109.88 3016.01
v -72610.37 -44110.07 3016.01
v -72608.87 -44190.06 3016.01
v -72600.37 -44109.88 3033.01
v -72544.38 -44108.84 3033.01
v -72544.57 -44098.84 3033.01
v -72600.56 -44099.88 3033.01
v -72600.37 -44109.88 3088.01
v -72544.38 -44108.84 3088.01
v -72544.57 -44098.84 3088.01
v -72600.56 -44099.88 3088.01
v -72511.37 -44590.30 2817.01
v -72591.36 -44591.80 2817.01
v -72591.17 -44601.80 2817.01
v -72511.18 -44600.30 2817.01
v -72511.37 -44590.30 2872.01
v -72591.36 -44591.80 2872.01
v -72591.17 -44601.80 2872.01
v -72511.18 -44600.30 2872.01
v -72591.36 -44591.80 2889.01
v -72592.40 -44535.81 2889.01
v -72602.40 -44535.99 2889.01
v -72601.35 -44591.99 2889.01
v -72591.36 -44591.80 2944.01
v -72592.40 -44535.81 2944.01
v -72602.40 -44535.99 2944.01
v -72601.35 -44591.99 2944.01
v -72511.37 -44590.30 2961.01
v -72591.36 -44591.80 2961.01
v -72591.17 -44601.80 2961.01
v -72511.18 -44600.30 2961.01
v -72511.37 -44590.30 3016.01
v -72591.36 -44591.80 3016.01
v -72591.17 -44601.80 3016.01
v -72511.18 -44600.30 3016.01
v -72591.36 -44591.80 3033.01
v -72592.40 -44535.81 3033.01
v -72602.40 -44535.99 3033.01
v -72601.35 -44591.99 3033.01
v -72591.36 -44591.80 3088.01
v -72592.40 -44535.81 3088.01
v -72602.40 -44535.99 3088.01
v -72601.35 -44591.99 3088.01
v -72292.42 -44104.12 2817.01
v -72212.44 -44102.63 2817.01
v -72212.62 -44092.63 2817.01
v -72292.61 -44094.12 2817.01
v -72292.42 -44104.12 2872.01
v -72212.44 -44102.63 2872.01
v -72212.62 -44092.63 2872.01
v -72292.61 -44094.12 2872.01
v -72212.44 -44102.63 2889.01
v -72211.39 -44158.62 2889.01
v -72201.39 -44158.43 2889.01
v -72202.44 -44102.44 2889.01
v -72212.44 -44102.63 2944.01
v -72211.39 -44158.62 2944.01
v -72201.39 -44158.43 2944.01
v -72202.44 -44102.44 2944.01
v -72292.42 -44104.12 2961.01
v -72212.44 -44102.63 2961.01
v -72212.62 -44092.63 2961.01
v -72292.61 -44094.12 2961.01
v -72292.42 -44104.12 3016.01
v -72212.44 -44102.63 3016.01
v -72212.62 -44092.63 3016.01
v -72292.61 -44094.12 3016.01
v -72212.44 -44102.63 3033.01
v -72211.39 -44158.62 3033.01
v -72201.39 -44158.43 3033.01
v -72202.44 -44102.44 3033.01
v -72212.44 -44102.63 3088.01
v -72211.39 -44158.62 3088.01
v -72201.39 -44158.43 3088.01
v -72202.44 -44102.44 3088.01
v -74945.79 -46626.84 2449.72
v -74704.56 -47756.36 2449.72
v -75027.28 -47825.29 2449.72
v -75268.51 -46695.76 2449.72
v -74945.79 -46626.84 3409.72
v -74704.56 -47756.36 3409.72
v -75027.28 -47825.29 3409.72
v -75268.51 -46695.76 3409.72
v -74900.95 -46779.33 2539.72
v -74880.06 -46877.13 2539.72
v -74880.06 -46877.13 2719.72
v -74900.95 -46779.33 2719.72
v -74887.26 -46776.41 2539.72
v -74866.37 -46874.20 2539.72
v -74866.37 -46874.20 2719.72
v -74887.26 -46776.41 2719.72
v -74898.02 -46793.03 2553.72
v -74882.99 -46863.44 2553.72
v -74882.99 -46863.44 2705.72
v -74898.02 -46793.03 2705.72
v -74884.33 -46790.10 2553.72
v -74869.29 -46860.51 2553.72
v -74869.29 -46860.51 2705.72
v -74884.33 -46790.10 2705.72
v -74900.95 -46779.33 2859.72
v -74880.06 -46877.13 2859.72
v -74880.06 -46877.13 2989.72
v -74885.28 -46852.68 3033.02
v -74895.73 -46803.78 3033.02
v -74900.95 -46779.33 2989.72
v -74887.26 -46776.41 2859.72
v -74866.37 -46874.20 2859.72
v -74866.37 -46874.20 2989.72
v -74871.59 -46849.76 3033.02
v -74882.03 -46800.86 3033.02
v -74887.26 -46776.41 2989.72
v -74898.02 -46793.03 2873.72
v -74882.99 -46863.44 2873.72
v -74882.99 -46863.44 2989.72
v -74886.74 -46845.83 3020.90
v -74894.26 -46810.63 3020.90
v -74898.02 -46793.03 2989.72
v -74884.33 -46790.10 2873.72
v -74869.29 -46860.51 2873.72
v -74869.29 -46860.51 2989.72
v -74873.05 -46842.91 3020.90
v -74880.57 -46807.70 3020.90
v -74884.33 -46790.10 2989.72
v -74823.88 -47140.20 2859.72
v -74802.99 -47237.99 2859.72
v -74802.99 -47237.99 3039.72
v -74823.88 -47140.20 3039.72
v -74810.19 -47137.27 2859.72
v -74789.30 -47235.07 2859.72
v -74789.30 -47235.07 3039.72
v -74810.19 -47137.27 3039.72
v -74820.95 -47153.89 2873.72
v -74805.92 -47224.30 2873.72
v -74805.92 -47224.30 3025.72
v -74820.95 -47153.89 3025.72
v -74807.26 -47150.96 2873.72
v -74792.23 -47221.38 2873.72
v -74792.23 -47221.38 3025.72
v -74807.26 -47150.96 3025.72
v -74746.81 -47501.06 2539.72
v -74725.92 -47598.85 2539.72
v -74725.92 -47598.85 2719.72
v -74746.81 -47501.06 2719.72
v -74733.12 -47498.13 2539.72
v -74712.23 -47595.93 2539.72
v -74712.23 -47595.93 2719.72
v -74733.12 -47498.13 2719.72
v -74743.89 -47514.75 2553.72
v -74728.85 -47585.16 2553.72
v -74728.85 -47585.16 2705.72
v -74743.89 -47514.75 2705.72
v -74730.20 -47511.83 2553.72
v -74715.16 -47582.24 2553.72
v -74715.16 -47582.24 2705.72
v -74730.20 -47511.83 2705.72
v -74746.81 -47501.06 2859.72
v -74725.92 -47598.85 2859.72
v -74725.92 -47598.85 3039.72
v -74746.81 -47501.06 3039.72
v -74733.12 -47498.13 2859.72
v -74712.23 -47595.93 2859.72
v -74712.23 -47595.93 3039.72
v -74733.12 -47498.13 3039.72
v -74743.89 -47514.75 2873.72
v -74728.85 -47585.16 2873.72
v -74728.85 -47585.16 3025.72
v -74743.89 -47514.75 3025.72
v -74730.20 -47511.83 2873.72
v -74715.16 -47582.24 2873.72
v -74715.16 -47582.24 3025.72
v -74730.20 -47511.83 3025.72
v -74825.97 -47130.42 2449.72
v -74800.90 -47247.77 2449.72
v -74800.90 -47247.77 2679.72
v -74825.97 -47130.42 2679.72
v -74806.41 -47126.24 2449.72
v -74781.35 -47243.59 2449.72
v -74781.35 -47243.59 2679.72
v -74806.41 -47126.24 2679.72
v -74822.21 -47148.02 2467.72
v -74804.66 -47230.17 2467.72
v -74804.66 -47230.17 2661.72
v -74822.21 -47148.02 2661.72
v -74802.65 -47143.84 2467.72
v -74785.10 -47225.99 2467.72
v -74785.10 -47225.99 2661.72
v -74802.65 -47143.84 2661.72
v -74830.14 -47110.86 2445.72
v -74796.73 -47267.33 2445.72
v -74771.30 -47261.90 2445.72
v -74804.72 -47105.43 2445.72
v -74830.14 -47110.86 2461.72
v -74796.73 -47267.33 2461.72
v -74771.30 -47261.90 2461.72
v -74804.72 -47105.43 2461.72
v -74814.51 -47792.12 2539.72
v -74912.31 -47813.00 2539.72
v -74912.31 -47813.00 2719.72
v -74814.51 -47792.12 2719.72
v -74811.59 -47805.81 2539.72
v -74909.38 -47826.69 2539.72
v -74909.38 -47826.69 2719.72
v -74811.59 -47805.81 2719.72
v -74828.21 -47795.04 2553.72
v -74898.62 -47810.08 2553.72
v -74898.62 -47810.08 2705.72
v -74828.21 -47795.04 2705.72
v -74825.28 -47808.73 2553.72
v -74895.69 -47823.77 2553.72
v -74895.69 -47823.77 2705.72
v -74825.28 -47808.73 2705.72
v -74814.51 -47792.12 2859.72
v -74912.31 -47813.00 2859.72
v -74912.31 -47813.00 2989.72
v -74887.86 -47807.78 3033.02
v -74838.96 -47797.34 3033.02
v -74814.51 -47792.12 2989.72
v -74811.59 -47805.81 2859.72
v -74909.38 -47826.69 2859.72
v -74909.38 -47826.69 2989.72
v -74884.94 -47821.47 3033.02
v -74836.04 -47811.03 3033.02
v -74811.59 -47805.81 2989.72
v -74828.21 -47795.04 2873.72
v -74898.62 -47810.08 2873.72
v -74898.62 -47810.08 2989.72
v -74881.01 -47806.32 3020.90
v -74845.81 -47798.80 3020.90
v -74828.21 -47795.04 2989.72
v -74825.28 -47808.73 2873.72
v -74895.69 -47823.77 2873.72
v -74895.69 -47823.77 2989.72
v -74878.09 -47820.01 3020.90
v -74842.88 -47812.49 3020.90
v -74825.28 -47808.73 2989.72
v -75072.12 -47672.79 2539.72
v -75093.00 -47574.99 2539.72
v -75093.00 -47574.99 2719.72
v -75072.12 -47672.79 2719.72
v -75085.81 -47675.71 2539.72
v -75106.69 -47577.92 2539.72
v -75106.69 -47577.92 2719.72
v -75085.81 -47675.71 2719.72
v -75075.04 -47659.10 2553.72
v -75090.08 -47588.68 2553.72
v -75090.08 -47588.68 2705.72
v -75075.04 -47659.10 2705.72
v -75088.73 -47662.02 2553.72
v -75103.77 -47591.61 2553.72
v -75103.77 -47591.61 2705.72
v -75088.73 -47662.02 2705.72
v -75072.12 -47672.79 2859.72
v -75093.00 -47574.99 2859.72
v -75093.00 -47574.99 3039.72
v -75072.12 -47672.79 3039.72
v -75085.81 -47675.71 2859.72
v -75106.69 -47577.92 2859.72
v -75106.69 -47577.92 3039.72
v -75085.81 -47675.71 3039.72
v -75075.04 -47659.10 2873.72
v -75090.08 -47588.68 2873.72
v -75090.08 -47588.68 3025.72
v -75075.04 -47659.10 3025.72
v -75088.73 -47662.02 2873.72
v -75103.77 -47591.61 2873.72
v -75103.77 -47591.61 3025.72
v -75088.73 -47662.02 3025.72
v -75149.19 -47311.93 2539.72
v -75170.07 -47214.13 2539.72
v -75170.07 -47214.13 2719.72
v -75149.19 -47311.93 2719.72
v -75162.88 -47314.85 2539.72
v -75183.76 -47217.06 2539.72
v -75183.76 -47217.06 2719.72
v -75162.88 -47314.85 2719.72
v -75152.11 -47298.23 2553.72
v -75167.15 -47227.82 2553.72
v -75167.15 -47227.82 2705.72
v -75152.11 -47298.23 2705.72
v -75165.80 -47301.16 2553.72
v -75180.84 -47230.75 2553.72
v -75180.84 -47230.75 2705.72
v -75165.80 -47301.16 2705.72
v -75149.19 -47311.93 2859.72
v -75170.07 -47214.13 2859.72
v -75170.07 -47214.13 3039.72
v -75149.19 -47311.93 3039.72
v -75162.88 -47314.85 2859.72
v -75183.76 -47217.06 2859.72
v -75183.76 -47217.06 3039.72
v -75162.88 -47314.85 3039.72
v -75152.11 -47298.23 2873.72
v -75167.15 -47227.82 2873.72
v -75167.15 -47227.82 3025.72
v -75152.11 -47298.23 3025.72
v -75165.80 -47301.16 2873.72
v -75180.84 -47230.75 2873.72
v -75180.84 -47230.75 3025.72
v -75165.80 -47301.16 3025.72
v -75226.25 -46951.06 2539.72
v -75247.14 -46853.27 2539.72
v -75247.14 -46853.27 2719.72
v -75226.25 -46951.06 2719.72
v -75239.95 -46953.99 2539.72
v -75260.83 -46856.19 2539.72
v -75260.83 -46856.19 2719.72
v -75239.95 -46953.99 2719.72
v -75229.18 -46937.37 2553.72
v -75244.22 -46866.96 2553.72
v -75244.22 -46866.96 2705.72
v -75229.18 -46937.37 2705.72
v -75242.87 -46940.30 2553.72
v -75257.91 -46869.88 2553.72
v -75257.91 -46869.88 2705.72
v -75242.87 -46940.30 2705.72
v -75226.25 -46951.06 2859.72
v -75247.14 -46853.27 2859.72
v -75247.14 -46853.27 3039.72
v -75226.25 -46951.06 3039.72
v -75239.95 -46953.99 2859.72
v -75260.83 -46856.19 2859.72
v -75260.83 -46856.19 3039.72
v -75239.95 -46953.99 3039.72
v -75229.18 -46937.37 2873.72
v -75244.22 -46866.96 2873.72
v -75244.22 -46866.96 3025.72
v -75229.18 -46937.37 3025.72
v -75242.87 -46940.30 2873.72
v -75257.91 -46869.88 2873.72
v -75257.91 -46869.88 3025.72
v -75242.87 -46940.30 3025.72
v -75158.55 -46660.00 2539.72
v -75060.76 -46639.12 2539.72
v -75060.76 -46639.12 2719.72
v -75158.55 -46660.00 2719.72
v -75161.47 -46646.31 2539.72
v -75063.68 -46625.43 2539.72
v -75063.68 -46625.43 2719.72
v -75161.47 -46646.31 2719.72
v -75144.86 -46657.08 2553.72
v -75074.45 -46642.04 2553.72
v -75074.45 -46642.04 2705.72
v -75144.86 -46657.08 2705.72
v -75147.78 -46643.39 2553.72
v -75077.37 -46628.35 2553.72
v -75077.37 -46628.35 2705.72
v -75147.78 -46643.39 2705.72
v -75158.55 -46660.00 2859.72
v -75060.76 -46639.12 2859.72
v -75060.76 -46639.12 3039.72
v -75158.55 -46660.00 3039.72
v -75161.47 -46646.31 2859.72
v -75063.68 -46625.43 2859.72
v -75063.68 -46625.43 3039.72
v -75161.47 -46646.31 3039.72
v -75144.86 -46657.08 2873.72
v -75074.45 -46642.04 2873.72
v -75074.45 -46642.04 3025.72
v -75144.86 -46657.08 3025.72
v -75147.78 -46643.39 2873.72
v -75077.37 -46628.35 2873.72
v -75077.37 -46628.35 3025.72
v -75147.78 -46643.39 3025.72
v -74931.94 -46605.47 3379.72
v -74683.19 -47770.21 3379.72
v -75041.12 -47846.65 3379.72
v -75289.87 -46681.91 3379.72
v -74931.94 -46605.47 3393.72
v -74683.19 -47770.21 3393.72
v -75041.12 -47846.65 3393.72
v -75289.87 -46681.91 3393.72
v -74941.17 -46619.72 3379.72
v -74697.44 -47760.98 3379.72
v -75031.89 -47832.41 3379.72
v -75275.63 -46691.14 3379.72
v -74941.17 -46619.72 3393.72
v -74697.44 -47760.98 3393.72
v -75031.89 -47832.41 3393.72
v -75275.63 -46691.14 3393.72
v -74924.25 -46593.61 3357.72
v -74671.33 -47777.90 3357.72
v -75048.81 -47858.52 3357.72
v -75301.74 -46674.22 3357.72
v -74924.25 -46593.61 3385.72
v -74671.33 -47777.90 3385.72
v -75048.81 -47858.52 3385.72
v -75301.74 -46674.22 3385.72
v -74941.17 -46619.72 3357.72
v -74697.44 -47760.98 3357.72
v -75031.89 -47832.41 3357.72
v -75275.63 -46691.14 3357.72
v -74941.17 -46619.72 3385.72
v -74697.44 -47760.98 3385.72
v -75031.89 -47832.41 3385.72
v -75275.63 -46691.14 3385.72
v -74928.87 -46600.73 3415.72
v -74678.45 -47773.28 3415.72
v -75044.20 -47851.40 3415.72
v -75294.62 -46678.84 3415.72
v -74928.87 -46600.73 3485.72
v -74678.45 -47773.28 3485.72
v -75044.20 -47851.40 3485.72
v -75294.62 -46678.84 3485.72
v -74968.86 -46662.44 3415.72
v -74740.16 -47733.29 3415.72
v -75004.21 -47789.68 3415.72
v -75232.90 -46718.83 3415.72
v -74968.86 -46662.44 3485.72
v -74740.16 -47733.29 3485.72
v -75004.21 -47789.68 3485.72
v -75232.90 -46718.83 3485.72
v -75019.41 -46636.42 2474.72
v -74941.17 -46619.72 2474.72
v -74943.26 -46609.94 2474.72
v -75021.50 -46626.64 2474.72
v -75019.41 -46636.42 2529.72
v -74941.17 -46619.72 2529.72
v -74943.26 -46609.94 2529.72
v -75021.50 -46626.64 2529.72
v -74941.17 -46619.72 2546.72
v -74929.48 -46674.48 2546.72
v -74919.70 -46672.39 2546.72
v -74931.39 -46617.63 2546.72
v -74941.17 -46619.72 2601.72
v -74929.48 -46674.48 2601.72
v -74919.70 -46672.39 2601.72
v -74931.39 -46617.63 2601.72
v -75019.41 -46636.42 2618.72
v -74941.17 -46619.72 2618.72
v -74943.26 -46609.94 2618.72
v -75021.50 -46626.64 2618.72
v -75019.41 -46636.42 2673.72
v -74941.17 -46619.72 2673.72
v -74943.26 -46609.94 2673.72
v -75021.50 -46626.64 2673.72
v -74941.17 -46619.72 2690.72
v -74929.48 -46674.48 2690.72
v -74919.70 -46672.39 2690.72
v -74931.39 -46617.63 2690.72
v -74941.17 -46619.72 2745.72
v -74929.48 -46674.48 2745.72
v -74919.70 -46672.39 2745.72
v -74931.39 -46617.63 2745.72
v -74953.66 -47815.70 2474.72
v -75031.89 -47832.41 2474.72
v -75029.80 -47842.19 2474.72
v -74951.57 -47825.48 2474.72
v -74953.66 -47815.70 2529.72
v -75031.89 -47832.41 2529.72
v -75029.80 -47842.19 2529.72
v -74951.57 -47825.48 2529.72
v -75031.89 -47832.41 2546.72
v -75043.59 -47777.64 2546.72
v -75053.37 -47779.73 2546.72
v -75041.67 -47834.50 2546.72
v -75031.89 -47832.41 2601.72
v -75043.59 -47777.64 2601.72
v -75053.37 -47779.73 2601.72
v -75041.67 -47834.50 2601.72
v -74953.66 -47815.70 2618.72
v -75031.89 -47832.41 2618.72
v -75029.80 -47842.19 2618.72
v -74951.57 -47825.48 2618.72
v -74953.66 -47815.70 2673.72
v -75031.89 -47832.41 2673.72
v -75029.80 -47842.19 2673.72
v -74951.57 -47825.48 2673.72
v -75031.89 -47832.41 2690.72
v -75043.59 -47777.64 2690.72
v -75053.37 -47779.73 2690.72
v -75041.67 -47834.50 2690.72
v -75031.89 -47832.41 2745.72
v -75043.59 -47777.64 2745.72
v -75053.37 -47779.73 2745.72
v -75041.67 -47834.50 2745.72
v -74714.14 -47682.74 2474.72
v -74697.44 -47760.98 2474.72
v -74687.66 -47758.89 2474.72
v -74704.36 -47680.65 2474.72
v -74714.14 -47682.74 2529.72
v -74697.44 -47760.98 2529.72
v -74687.66 -47758.89 2529.72
v -74704.36 -47680.65 2529.72
v -74697.44 -47760.98 2546.72
v -74752.20 -47772.67 2546.72
v -74750.11 -47782.45 2546.72
v -74695.35 -47770.76 2546.72
v -74697.44 -47760.98 2601.72
v -74752.20 -47772.67 2601.72
v -74750.11 -47782.45 2601.72
v -74695.35 -47770.76 2601.72
v -74714.14 -47682.74 2618.72
v -74697.44 -47760.98 2618.72
v -74687.66 -47758.89 2618.72
v -74704.36 -47680.65 2618.72
v -74714.14 -47682.74 2673.72
v -74697.44 -47760.98 2673.72
v -74687.66 -47758.89 2673.72
v -74704.36 -47680.65 2673.72
v -74697.44 -47760.98 2690.72
v -74752.20 -47772.67 2690.72
v -74750.11 -47782.45 2690.72
v -74695.35 -47770.76 2690.72
v -74697.44 -47760.98 2745.72
v -74752.20 -47772.67 2745.72
v -74750.11 -47782.45 2745.72
v -74695.35 -47770.76 2745.72
v -75258.92 -46769.38 2474.72
v -75275.63 -46691.14 2474.72
v -75285.41 -46693.23 2474.72
v -75268.70 -46771.47 2474.72
v -75258.92 -46769.38 2529.72
v -75275.63 -46691.14 2529.72
v -75285.41 -46693.23 2529.72
v -75268.70 -46771.47 2529.72
v -75275.63 -46691.14 2546.72
v -75220.86 -46679.45 2546.72
v -75222.95 -46669.67 2546.72
v -75277.72 -46681.36 2546.72
v -75275.63 -46691.14 2601.72
v -75220.86 -46679.45 2601.72
v -75222.95 -46669.67 2601.72
v -75277.72 -46681.36 2601.72
v -75258.92 -46769.38 2618.72
v -75275.63 -46691.14 2618.72
v -75285.41 -46693.23 2618.72
v -75268.70 -46771.47 2618.72
v -75258.92 -46769.38 2673.72
v -75275.63 -46691.14 2673.72
v -75285.41 -46693.23 2673.72
v -75268.70 -46771.47 2673.72
v -75275.63 -46691.14 2690.72
v -75220.86 -46679.45 2690.72
v -75222.95 -46669.67 2690.72
v -75277.72 -46681.36 2690.72
v -75275.63 -46691.14 2745.72
v -75220.86 -46679.45 2745.72
v -75222.95 -46669.67 2745.72
v -75277.72 -46681.36 2745.72
vt -64.8963 7.2309
vt -61.3737 7.2309
vt -57.7287 7.2309
vt -61.2514 7.2309
vt -64.8963 9.6309
vt -61.3737 9.6309
vt -57.7287 9.6309
vt -61.2514 9.6309
vt -64.5660 7.4559
vt -64.3161 7.4559
vt -64.3161 7.9059
vt -64.5660 7.9059
vt -64.6010 7.4559
vt -64.3511 7.4559
vt -64.3511 7.9059
vt -64.6010 7.9059
vt -64.5310 7.4909
vt -64.3511 7.4909
vt -64.3511 7.8709
vt -64.5310 7.8709
vt -64.5660 7.4909
vt -64.3861 7.4909
vt -64.3861 7.8709
vt -64.5660 7.8709
vt -64.5660 8.2559
vt -64.3161 8.2559
vt -64.3161 8.7059
vt -64.5660 8.7059
vt -64.6010 8.2559
vt -64.3511 8.2559
vt -64.3511 8.7059
vt -64.6010 8.7059
vt -64.5310 8.2909
vt -64.3511 8.2909
vt -64.3511 8.6709
vt -64.5310 8.6709
vt -64.5660 8.2909
vt -64.3861 8.2909
vt -64.3861 8.6709
vt -64.5660 8.6709
vt -63.7153 7.4559
vt -63.4655 7.4559
vt -63.4655 7.9059
vt -63.7153 7.9059
vt -63.7503 7.4559
vt -63.5005 7.4559
vt -63.5005 7.9059
vt -63.7503 7.9059
vt -63.6803 7.4909
vt -63.5004 7.4909
vt -63.5004 7.8709
vt -63.6803 7.8709
vt -63.7153 7.4909
vt -63.5354 7.4909
vt -63.5354 7.8709
vt -63.7153 7.8709
vt -63.7153 8.2559
vt -63.4655 8.2559
vt -63.4655 8.5809
vt -63.5279 8.6891
vt -63.6528 8.6891
vt -63.7153 8.5809
vt -63.7503 8.2559
vt -63.5005 8.2559
vt -63.5005 8.5809
vt -63.5629 8.6891
vt -63.6878 8.6891
vt -63.7503 8.5809
vt -63.6803 8.2909
vt -63.5004 8.2909
vt -63.5004 8.5809
vt -63.5454 8.6588
vt -63.6353 8.6588
vt -63.6803 8.5809
vt -63.7153 8.2909
vt -63.5354 8.2909
vt -63.5354 8.5809
vt -63.5804 8.6588
vt -63.6704 8.6588
vt -63.7153 8.5809
vt -62.8646 7.4559
vt -62.6148 7.4559
vt -62.6148 7.9059
vt -62.8646 7.9059
vt -62.8996 7.4559
vt -62.6498 7.4559
vt -62.6498 7.9059
vt -62.8996 7.9059
vt -62.8296 7.4909
vt -62.6498 7.4909
vt -62.6498 7.8709
vt -62.8296 7.8709
vt -62.8646 7.4909
vt -62.6848 7.4909
vt -62.6848 7.8709
vt -62.8646 7.8709
vt -62.8646 8.2559
vt -62.6148 8.2559
vt -62.6148 8.7059
vt -62.8646 8.7059
vt -62.8996 8.2559
vt -62.6498 8.2559
vt -62.6498 8.7059
vt -62.8996 8.7059
vt -62.8296 8.2909
vt -62.6498 8.2909
vt -62.6498 8.6709
vt -62.8296 8.6709
vt -62.8646 8.2909
vt -62.6848 8.2909
vt -62.6848 8.6709
vt -62.8646 8.6709
vt -62.0139 7.4559
vt -61.7641 7.4559
vt -61.7641 7.9059
vt -62.0139 7.9059
vt -62.0489 7.4559
vt -61.7991 7.4559
vt -61.7991 7.9059
vt -62.0489 7.9059
vt -61.9790 7.4909
vt -61.7991 7.4909
vt -61.7991 7.8709
vt -61.9790 7.8709
vt -62.0140 7.4909
vt -61.8341 7.4909
vt -61.8341 7.8709
vt -62.0140 7.8709
vt -62.0139 8.2559
vt -61.7641 8.2559
vt -61.7641 8.7059
vt -62.0139 8.7059
vt -62.0489 8.2559
vt -61.7991 8.2559
vt -61.7991 8.7059
vt -62.0489 8.7059
vt -61.9790 8.2909
vt -61.7991 8.2909
vt -61.7991 8.6709
vt -61.9790 8.6709
vt -62.0140 8.2909
vt -61.8341 8.2909
vt -61.8341 8.6709
vt -62.0140 8.6709
vt -60.9681 7.4559
vt -60.7180 7.4559
vt -60.7180 7.9059
vt -60.9681 7.9059
vt -60.9332 7.4559
vt -60.6830 7.4559
vt -60.6830 7.9059
vt -60.9332 7.9059
vt -60.9331 7.4909
vt -60.7530 7.4909
vt -60.7530 7.8709
vt -60.9331 7.8709
vt -60.8982 7.4909
vt -60.7180 7.4909
vt -60.7180 7.8709
vt -60.8982 7.8709
vt -60.9681 8.2559
vt -60.7180 8.2559
vt -60.7180 8.5809
vt -60.7805 8.6891
vt -60.9056 8.6891
vt -60.9681 8.5809
vt -60.9332 8.2559
vt -60.6830 8.2559
vt -60.6830 8.5809
vt -60.7455 8.6891
vt -60.8707 8.6891
vt -60.9332 8.5809
vt -60.9331 8.2909
vt -60.7530 8.2909
vt -60.7530 8.5809
vt -60.7981 8.6588
vt -60.8881 8.6588
vt -60.9331 8.5809
vt -60.8982 8.2909
vt -60.7180 8.2909
vt -60.7180 8.5809
vt -60.7631 8.6588
vt -60.8531 8.6588
vt -60.8982 8.5809
vt -60.0869 7.4559
vt -59.8368 7.4559
vt -59.8368 7.9059
vt -60.0869 7.9059
vt -60.0520 7.4559
vt -59.8018 7.4559
vt -59.8018 7.9059
vt -60.0520 7.9059
vt -60.0519 7.4909
vt -59.8718 7.4909
vt -59.8718 7.8709
vt -60.0519 7.8709
vt -60.0169 7.4909
vt -59.8368 7.4909
vt -59.8368 7.8709
vt -60.0169 7.8709
vt -60.0869 8.2559
vt -59.8368 8.2559
vt -59.8368 8.5809
vt -59.8993 8.6891
vt -60.0244 8.6891
vt -60.0869 8.5809
vt -60.0520 8.2559
vt -59.8018 8.2559
vt -59.8018 8.5809
vt -59.8643 8.6891
vt -59.9894 8.6891
vt -60.0520 8.5809
vt -60.0519 8.2909
vt -59.8718 8.2909
vt -59.8718 8.5809
vt -59.9168 8.6588
vt -60.0069 8.6588
vt -60.0519 8.5809
vt -60.0169 8.2909
vt -59.8368 8.2909
vt -59.8368 8.5809
vt -59.8818 8.6588
vt -59.9719 8.6588
vt -60.0169 8.5809
vt -59.2057 7.4559
vt -58.9556 7.4559
vt -58.9556 7.9059
vt -59.2057 7.9059
vt -59.1707 7.4559
vt -58.9206 7.4559
vt -58.9206 7.9059
vt -59.1707 7.9059
vt -59.1707 7.4909
vt -58.9906 7.4909
vt -58.9906 7.8709
vt -59.1707 7.8709
vt -59.1357 7.4909
vt -58.9556 7.4909
vt -58.9556 7.8709
vt -59.1357 7.8709
vt -59.2057 8.2559
vt -58.9556 8.2559
vt -58.9556 8.7059
vt -59.2057 8.7059
vt -59.1707 8.2559
vt -58.9206 8.2559
vt -58.9206 8.7059
vt -59.1707 8.7059
vt -59.1707 8.2909
vt -58.9906 8.2909
vt -58.9906 8.6709
vt -59.1707 8.6709
vt -59.1357 8.2909
vt -58.9556 8.2909
vt -58.9556 8.6709
vt -59.1357 8.6709
vt -58.3245 7.4559
vt -58.0743 7.4559
vt -58.0743 7.9059
vt -58.3245 7.9059
vt -58.2895 7.4559
vt -58.0394 7.4559
vt -58.0394 7.9059
vt -58.2895 7.9059
vt -58.2895 7.4909
vt -58.1094 7.4909
vt -58.1094 7.8709
vt -58.2895 7.8709
vt -58.2545 7.4909
vt -58.0744 7.4909
vt -58.0744 7.8709
vt -58.2545 7.8709
vt -58.3245 8.2559
vt -58.0743 8.2559
vt -58.0743 8.5809
vt -58.1369 8.6891
vt -58.2620 8.6891
vt -58.3245 8.5809
vt -58.2895 8.2559
vt -58.0394 8.2559
vt -58.0394 8.5809
vt -58.1019 8.6891
vt -58.2270 8.6891
vt -58.2895 8.5809
vt -58.2895 8.2909
vt -58.1094 8.2909
vt -58.1094 8.5809
vt -58.1544 8.6588
vt -58.2445 8.6588
vt -58.2895 8.5809
vt -58.2545 8.2909
vt -58.0744 8.2909
vt -58.0744 8.5809
vt -58.1194 8.6588
vt -58.2095 8.6588
vt -58.2545 8.5809
vt -58.0591 7.4559
vt -58.3089 7.4559
vt -58.3089 7.9059
vt -58.0591 7.9059
vt -58.0241 7.4559
vt -58.2739 7.4559
vt -58.2739 7.9059
vt -58.0241 7.9059
vt -58.0941 7.4909
vt -58.2740 7.4909
vt -58.2740 7.8709
vt -58.0941 7.8709
vt -58.0591 7.4909
vt -58.2390 7.4909
vt -58.2390 7.8709
vt -58.0591 7.8709
vt -58.0591 8.2559
vt -58.3089 8.2559
vt -58.3089 8.7059
vt -58.0591 8.7059
vt -58.0241 8.2559
vt -58.2739 8.2559
vt -58.2739 8.7059
vt -58.0241 8.7059
vt -58.0941 8.2909
vt -58.2740 8.2909
vt -58.2740 8.6709
vt -58.0941 8.6709
vt -58.0591 8.2909
vt -58.2390 8.2909
vt -58.2390 8.6709
vt -58.0591 8.6709
vt -58.9098 7.4559
vt -59.1596 7.4559
vt -59.1596 7.9059
vt -58.9098 7.9059
vt -58.8748 7.4559
vt -59.1246 7.4559
vt -59.1246 7.9059
vt -58.8748 7.9059
vt -58.9448 7.4909
vt -59.1246 7.4909
vt -59.1246 7.8709
vt -58.9448 7.8709
vt -58.9098 7.4909
vt -59.0896 7.4909
vt -59.0896 7.8709
vt -58.9098 7.8709
vt -58.9098 8.2559
vt -59.1596 8.2559
vt -59.1596 8.7059
vt -58.9098 8.7059
vt -58.8748 8.2559
vt -59.1246 8.2559
vt -59.1246 8.7059
vt -58.8748 8.7059
vt -58.9448 8.2909
vt -59.1246 8.2909
vt -59.1246 8.6709
vt -58.9448 8.6709
vt -58.9098 8.2909
vt -59.0896 8.2909
vt -59.0896 8.6709
vt -58.9098 8.6709
vt -59.7605 7.4559
vt -60.0103 7.4559
vt -60.0103 7.9059
vt -59.7605 7.9059
vt -59.7255 7.4559
vt -59.9753 7.4559
vt -59.9753 7.9059
vt -59.7255 7.9059
vt -59.7954 7.4909
vt -59.9753 7.4909
vt -59.9753 7.8709
vt -59.7954 7.8709
vt -59.7604 7.4909
vt -59.9403 7.4909
vt -59.9403 7.8709
vt -59.7604 7.8709
vt -59.7605 8.2559
vt -60.0103 8.2559
vt -60.0103 8.5809
vt -59.9478 8.6891
vt -59.8229 8.6891
vt -59.7605 8.5809
vt -59.7255 8.2559
vt -59.9753 8.2559
vt -59.9753 8.5809
vt -59.9128 8.6891
vt -59.7879 8.6891
vt -59.7255 8.5809
vt -59.7954 8.2909
vt -59.9753 8.2909
vt -59.9753 8.5809
vt -59.9304 8.6588
vt -59.8404 8.6588
vt -59.7954 8.5809
vt -59.7604 8.2909
vt -59.9403 8.2909
vt -59.9403 8.5809
vt -59.8954 8.6588
vt -59.8054 8.6588
vt -59.7604 8.5809
vt -60.6111 7.4559
vt -60.8610 7.4559
vt -60.8610 7.9059
vt -60.6111 7.9059
vt -60.5761 7.4559
vt -60.8260 7.4559
vt -60.8260 7.9059
vt -60.5761 7.9059
vt -60.6461 7.4909
vt -60.8260 7.4909
vt -60.8260 7.8709
vt -60.6461 7.8709
vt -60.6111 7.4909
vt -60.7910 7.4909
vt -60.7910 7.8709
vt -60.6111 7.8709
vt -60.6111 8.2559
vt -60.8610 8.2559
vt -60.8610 8.5809
vt -60.7985 8.6891
vt -60.6736 8.6891
vt -60.6111 8.5809
vt -60.5761 8.2559
vt -60.8260 8.2559
vt -60.8260 8.5809
vt -60.7635 8.6891
vt -60.6386 8.6891
vt -60.5761 8.5809
vt -60.6461 8.2909
vt -60.8260 8.2909
vt -60.8260 8.5809
vt -60.7810 8.6588
vt -60.6911 8.6588
vt -60.6461 8.5809
vt -60.6111 8.2909
vt -60.7910 8.2909
vt -60.7910 8.5809
vt -60.7460 8.6588
vt -60.6561 8.6588
vt -60.6111 8.5809
vt -59.3101 7.2309
vt -59.6099 7.2309
vt -59.6099 7.6559
vt -59.5350 7.7858
vt -59.3851 7.7858
vt -59.3101 7.6559
vt -59.2601 7.2309
vt -59.5599 7.2309
vt -59.5599 7.6559
vt -59.4850 7.7858
vt -59.3351 7.7858
vt -59.2601 7.6559
vt -59.3551 7.2759
vt -59.5650 7.2759
vt -59.5650 7.6559
vt -59.5125 7.7468
vt -59.4076 7.7468
vt -59.3551 7.6559
vt -59.3051 7.2759
vt -59.5149 7.2759
vt -59.5149 7.6559
vt -59.4625 7.7468
vt -59.3576 7.7468
vt -59.3051 7.6559
vt -59.2602 7.2209
vt -59.6599 7.2209
vt -59.5949 7.2209
vt -59.1952 7.2209
vt -59.2602 7.2609
vt -59.6599 7.2609
vt -59.5949 7.2609
vt -59.1952 7.2609
vt -61.6569 7.4559
vt -61.9071 7.4559
vt -61.9071 7.9059
vt -61.6569 7.9059
vt -61.6919 7.4559
vt -61.9421 7.4559
vt -61.9421 7.9059
vt -61.6919 7.9059
vt -61.6920 7.4909
vt -61.8721 7.4909
vt -61.8721 7.8709
vt -61.6920 7.8709
vt -61.7270 7.4909
vt -61.9070 7.4909
vt -61.9070 7.8709
vt -61.7270 7.8709
vt -61.6569 8.2559
vt -61.9071 8.2559
vt -61.9071 8.5809
vt -61.8446 8.6891
vt -61.7195 8.6891
vt -61.6569 8.5809
vt -61.6919 8.2559
vt -61.9421 8.2559
vt -61.9421 8.5809
vt -61.8796 8.6891
vt -61.7545 8.6891
vt -61.6919 8.5809
vt -61.6920 8.2909
vt -61.8721 8.2909
vt -61.8721 8.5809
vt -61.8270 8.6588
vt -61.7370 8.6588
vt -61.6920 8.5809
vt -61.7270 8.2909
vt -61.9070 8.2909
vt -61.9070 8.5809
vt -61.8620 8.6588
vt -61.7720 8.6588
vt -61.7270 8.5809
vt -62.5382 7.4559
vt -62.7883 7.4559
vt -62.7883 7.9059
vt -62.5382 7.9059
vt -62.5731 7.4559
vt -62.8233 7.4559
vt -62.8233 7.9059
vt -62.5731 7.9059
vt -62.5732 7.4909
vt -62.7533 7.4909
vt -62.7533 7.8709
vt -62.5732 7.8709
vt -62.6082 7.4909
vt -62.7883 7.4909
vt -62.7883 7.8709
vt -62.6082 7.8709
vt -62.5382 8.2559
vt -62.7883 8.2559
vt -62.7883 8.7059
vt -62.5382 8.7059
vt -62.5731 8.2559
vt -62.8233 8.2559
vt -62.8233 8.7059
vt -62.5731 8.7059
vt -62.5732 8.2909
vt -62.7533 8.2909
vt -62.7533 8.6709
vt -62.5732 8.6709
vt -62.6082 8.2909
vt -62.7883 8.2909
vt -62.7883 8.6709
vt -62.6082 8.6709
vt -63.4194 7.4559
vt -63.6696 7.4559
vt -63.6696 7.9059
vt -63.4194 7.9059
vt -63.4543 7.4559
vt -63.7045 7.4559
vt -63.7045 7.9059
vt -63.4543 7.9059
vt -63.4544 7.4909
vt -63.6345 7.4909
vt -63.6345 7.8709
vt -63.4544 7.8709
vt -63.4894 7.4909
vt -63.6695 7.4909
vt -63.6695 7.8709
vt -63.4894 7.8709
vt -63.4194 8.2559
vt -63.6696 8.2559
vt -63.6696 8.7059
vt -63.4194 8.7059
vt -63.4543 8.2559
vt -63.7045 8.2559
vt -63.7045 8.7059
vt -63.4543 8.7059
vt -63.4544 8.2909
vt -63.6345 8.2909
vt -63.6345 8.6709
vt -63.4544 8.6709
vt -63.4894 8.2909
vt -63.6695 8.2909
vt -63.6695 8.6709
vt -63.4894 8.6709
vt -64.3006 7.4559
vt -64.5507 7.4559
vt -64.5507 7.9059
vt -64.3006 7.9059
vt -64.3356 7.4559
vt -64.5857 7.4559
vt -64.5857 7.9059
vt -64.3356 7.9059
vt -64.3356 7.4909
vt -64.5157 7.4909
vt -64.5157 7.8709
vt -64.3356 7.8709
vt -64.3706 7.4909
vt -64.5507 7.4909
vt -64.5507 7.8709
vt -64.3706 7.8709
vt -64.3006 8.2559
vt -64.5507 8.2559
vt -64.5507 8.7059
vt -64.3006 8.7059
vt -64.3356 8.2559
vt -64.5857 8.2559
vt -64.5857 8.7059
vt -64.3356 8.7059
vt -64.3356 8.2909
vt -64.5157 8.2909
vt -64.5157 8.6709
vt -64.3356 8.6709
vt -64.3706 8.2909
vt -64.5507 8.2909
vt -64.5507 8.6709
vt -64.3706 8.6709
vt -64.9863 9.5559
vt -61.3738 9.5559
vt -57.6388 9.5559
vt -61.2513 9.5559
vt -64.9863 9.5909
vt -61.3738 9.5909
vt -57.6388 9.5909
vt -61.2513 9.5909
vt -64.9263 9.5559
vt -61.3737 9.5559
vt -57.6987 9.5559
vt -61.2514 9.5559
vt -64.9263 9.5909
vt -61.3737 9.5909
vt -57.6987 9.5909
vt -61.2514 9.5909
vt -65.0363 9.5009
vt -61.3738 9.5009
vt -57.5887 9.5009
vt -61.2513 9.5009
vt -65.0363 9.5709
vt -61.3738 9.5709
vt -57.5887 9.5709
vt -61.2513 9.5709
vt -64.9263 9.5009
vt -61.3737 9.5009
vt -57.6987 9.5009
vt -61.2514 9.5009
vt -64.9263 9.5709
vt -61.3737 9.5709
vt -57.6987 9.5709
vt -61.2514 9.5709
vt -65.0063 9.6459
vt -61.3738 9.6459
vt -57.6187 9.6459
vt -61.2513 9.6459
vt -65.0063 9.8209
vt -61.3738 9.8209
vt -57.6187 9.8209
vt -61.2513 9.8209
vt -64.7463 9.6459
vt -61.3736 9.6459
vt -57.8788 9.6459
vt -61.2515 9.6459
vt -64.7463 9.8209
vt -61.3736 9.8209
vt -57.8788 9.8209
vt -61.2515 9.8209
vt -64.7262 7.2934
vt -64.9263 7.2934
vt -64.9513 7.2934
vt -64.7512 7.2934
vt -64.7262 7.4309
vt -64.9263 7.4309
vt -64.9513 7.4309
vt -64.7512 7.4309
vt -64.9263 7.4734
vt -64.7864 7.4734
vt -64.8114 7.4734
vt -64.9513 7.4734
vt -64.9263 7.6109
vt -64.7864 7.6109
vt -64.8114 7.6109
vt -64.9513 7.6109
vt -64.7262 7.6534
vt -64.9263 7.6534
vt -64.9513 7.6534
vt -64.7512 7.6534
vt -64.7262 7.7909
vt -64.9263 7.7909
vt -64.9513 7.7909
vt -64.7512 7.7909
vt -64.9263 7.8334
vt -64.7864 7.8334
vt -64.8114 7.8334
vt -64.9513 7.8334
vt -64.9263 7.9709
vt -64.7864 7.9709
vt -64.8114 7.9709
vt -64.9513 7.9709
vt -57.8989 7.2934
vt -57.6987 7.2934
vt -57.6738 7.2934
vt -57.8739 7.2934
vt -57.8989 7.4309
vt -57.6987 7.4309
vt -57.6738 7.4309
vt -57.8739 7.4309
vt -57.6987 7.4734
vt -57.8386 7.4734
vt -57.8136 7.4734
vt -57.6737 7.4734
vt -57.6987 7.6109
vt -57.8386 7.6109
vt -57.8136 7.6109
vt -57.6737 7.6109
vt -57.8989 7.6534
vt -57.6987 7.6534
vt -57.6738 7.6534
vt -57.8739 7.6534
vt -57.8989 7.7909
vt -57.6987 7.7909
vt -57.6738 7.7909
vt -57.8739 7.7909
vt -57.6987 7.8334
vt -57.8386 7.8334
vt -57.8136 7.8334
vt -57.6737 7.8334
vt -57.6987 7.9709
vt -57.8386 7.9709
vt -57.8136 7.9709
vt -57.6737 7.9709
vt -61.5736 7.2934
vt -61.3737 7.2934
vt -61.3987 7.2934
vt -61.5986 7.2934
vt -61.5736 7.4309
vt -61.3737 7.4309
vt -61.3987 7.4309
vt -61.5986 7.4309
vt -61.3737 7.4734
vt -61.2336 7.4734
vt -61.2086 7.4734
vt -61.3487 7.4734
vt -61.3737 7.6109
vt -61.2336 7.6109
vt -61.2086 7.6109
vt -61.3487 7.6109
vt -61.5736 7.6534
vt -61.3737 7.6534
vt -61.3987 7.6534
vt -61.5986 7.6534
vt -61.5736 7.7909
vt -61.3737 7.7909
vt -61.3987 7.7909
vt -61.5986 7.7909
vt -61.3737 7.8334
vt -61.2336 7.8334
vt -61.2086 7.8334
vt -61.3487 7.8334
vt -61.3737 7.9709
vt -61.2336 7.9709
vt -61.2086 7.9709
vt -61.3487 7.9709
vt -61.0515 7.2934
vt -61.2514 7.2934
vt -61.2264 7.2934
vt -61.0265 7.2934
vt -61.0515 7.4309
vt -61.2514 7.4309
vt -61.2264 7.4309
vt -61.0265 7.4309
vt -61.2514 7.4734
vt -61.3915 7.4734
vt -61.4165 7.4734
vt -61.2763 7.4734
vt -61.2514 7.6109
vt -61.3915 7.6109
vt -61.4165 7.6109
vt -61.2763 7.6109
vt -61.0515 7.6534
vt -61.2514 7.6534
vt -61.2264 7.6534
vt -61.0265 7.6534
vt -61.0515 7.7909
vt -61.2514 7.7909
vt -61.2264 7.7909
vt -61.0265 7.7909
vt -61.2514 7.8334
vt -61.3915 7.8334
vt -61.4165 7.8334
vt -61.2763 7.8334
vt -61.2514 7.9709
vt -61.3915 7.9709
vt -61.4165 7.9709
vt -61.2763 7.9709
vt -64.1365 7.2339
vt -67.2622 7.2339
vt -64.8542 7.2339
vt -61.7285 7.2339
vt -64.1365 8.8339
vt -67.2622 8.8339
vt -64.8542 8.8339
vt -61.7285 8.8339
vt -64.5949 7.4589
vt -64.8610 7.4589
vt -64.8610 7.9089
vt -64.5949 7.9089
vt -64.6276 7.4589
vt -64.8936 7.4589
vt -64.8936 7.9089
vt -64.6276 7.9089
vt -64.6322 7.4939
vt -64.8237 7.4939
vt -64.8237 7.8739
vt -64.6322 7.8739
vt -64.6648 7.4939
vt -64.8564 7.4939
vt -64.8564 7.8739
vt -64.6648 7.8739
vt -66.5937 7.4589
vt -66.8597 7.4589
vt -66.8597 7.9089
vt -66.5937 7.9089
vt -66.6262 7.4589
vt -66.8923 7.4589
vt -66.8923 7.9089
vt -66.6262 7.9089
vt -66.6309 7.4939
vt -66.8224 7.4939
vt -66.8224 7.8739
vt -66.6309 7.8739
vt -66.6635 7.4939
vt -66.8550 7.4939
vt -66.8550 7.8739
vt -66.6635 7.8739
vt -65.5677 7.2339
vt -65.8869 7.2339
vt -65.8869 7.8089
vt -65.5677 7.8089
vt -65.6143 7.2339
vt -65.9335 7.2339
vt -65.9335 7.8089
vt -65.6143 7.8089
vt -65.6156 7.2789
vt -65.8390 7.2789
vt -65.8390 7.7639
vt -65.6156 7.7639
vt -65.6622 7.2789
vt -65.8856 7.2789
vt -65.8856 7.7639
vt -65.6622 7.7639
vt -65.5145 7.2239
vt -65.9401 7.2239
vt -66.0007 7.2239
vt -65.5750 7.2239
vt -65.5145 7.2639
vt -65.9401 7.2639
vt -66.0007 7.2639
vt -65.5750 7.2639
vt -66.9720 7.4589
vt -66.7391 7.4589
vt -66.7391 7.9089
vt -66.9720 7.9089
vt -67.0093 7.4589
vt -66.7764 7.4589
vt -66.7764 7.9089
vt -67.0093 7.9089
vt -66.9394 7.4939
vt -66.7717 7.4939
vt -66.7717 7.8739
vt -66.9394 7.8739
vt -66.9767 7.4939
vt -66.8090 7.4939
vt -66.8090 7.8739
vt -66.9767 7.8739
vt -66.2066 7.4589
vt -65.9737 7.4589
vt -65.9737 7.9089
vt -66.2066 7.9089
vt -66.2438 7.4589
vt -66.0109 7.4589
vt -66.0109 7.9089
vt -66.2438 7.9089
vt -66.1740 7.4939
vt -66.0063 7.4939
vt -66.0063 7.8739
vt -66.1740 7.8739
vt -66.2112 7.4939
vt -66.0435 7.4939
vt -66.0435 7.8739
vt -66.2112 7.8739
vt -65.4412 7.4589
vt -65.2083 7.4589
vt -65.2083 7.9089
vt -65.4412 7.9089
vt -65.4784 7.4589
vt -65.2456 7.4589
vt -65.2456 7.9089
vt -65.4784 7.9089
vt -65.4086 7.4939
vt -65.2409 7.4939
vt -65.2409 7.8739
vt -65.4086 7.8739
vt -65.4458 7.4939
vt -65.2782 7.4939
vt -65.2782 7.8739
vt -65.4458 7.8739
vt -64.3958 7.4589
vt -64.1298 7.4589
vt -64.1298 7.9089
vt -64.3958 7.9089
vt -64.3632 7.4589
vt -64.0971 7.4589
vt -64.0971 7.9089
vt -64.3632 7.9089
vt -64.3585 7.4939
vt -64.1670 7.4939
vt -64.1670 7.8739
vt -64.3585 7.8739
vt -64.3259 7.4939
vt -64.1344 7.4939
vt -64.1344 7.8739
vt -64.3259 7.8739
vt -63.3964 7.4589
vt -63.1304 7.4589
vt -63.1304 7.9089
vt -63.3964 7.9089
vt -63.3638 7.4589
vt -63.0978 7.4589
vt -63.0978 7.9089
vt -63.3638 7.9089
vt -63.3592 7.4939
vt -63.1677 7.4939
vt -63.1677 7.8739
vt -63.3592 7.8739
vt -63.3266 7.4939
vt -63.1351 7.4939
vt -63.1351 7.8739
vt -63.3266 7.8739
vt -62.3971 7.4589
vt -62.1311 7.4589
vt -62.1311 7.9089
vt -62.3971 7.9089
vt -62.3645 7.4589
vt -62.0985 7.4589
vt -62.0985 7.9089
vt -62.3645 7.9089
vt -62.3599 7.4939
vt -62.1683 7.4939
vt -62.1683 7.8739
vt -62.3599 7.8739
vt -62.3273 7.4939
vt -62.1357 7.4939
vt -62.1357 7.8739
vt -62.3273 7.8739
vt -62.0187 7.4589
vt -62.2516 7.4589
vt -62.2516 7.9089
vt -62.0187 7.9089
vt -61.9815 7.4589
vt -62.2144 7.4589
vt -62.2144 7.9089
vt -61.9815 7.9089
vt -62.0514 7.4939
vt -62.2190 7.4939
vt -62.2190 7.8739
vt -62.0514 7.8739
vt -62.0141 7.4939
vt -62.1818 7.4939
vt -62.1818 7.8739
vt -62.0141 7.8739
vt -62.7842 7.4589
vt -63.0170 7.4589
vt -63.0170 7.9089
vt -62.7842 7.9089
vt -62.7469 7.4589
vt -62.9798 7.4589
vt -62.9798 7.9089
vt -62.7469 7.9089
vt -62.8168 7.4939
vt -62.9844 7.4939
vt -62.9844 7.8739
vt -62.8168 7.8739
vt -62.7795 7.4939
vt -62.9472 7.4939
vt -62.9472 7.8739
vt -62.7795 7.8739
vt -63.5496 7.4589
vt -63.7825 7.4589
vt -63.7825 7.9089
vt -63.5496 7.9089
vt -63.5123 7.4589
vt -63.7452 7.4589
vt -63.7452 7.9089
vt -63.5123 7.9089
vt -63.5822 7.4939
vt -63.7498 7.4939
vt -63.7498 7.8739
vt -63.5822 7.8739
vt -63.5449 7.4939
vt -63.7126 7.4939
vt -63.7126 7.8739
vt -63.5449 7.8739
vt -64.1305 8.7589
vt -67.3520 8.7589
vt -64.8602 8.7589
vt -61.6387 8.7589
vt -64.1305 8.7939
vt -67.3520 8.7939
vt -64.8602 8.7939
vt -61.6387 8.7939
vt -64.1345 8.7589
vt -67.2922 8.7589
vt -64.8562 8.7589
vt -61.6986 8.7589
vt -64.1345 8.7939
vt -67.2922 8.7939
vt -64.8562 8.7939
vt -61.6986 8.7939
vt -64.1272 8.7039
vt -67.4019 8.7039
vt -64.8635 8.7039
vt -61.5888 8.7039
vt -64.1272 8.7739
vt -67.4019 8.7739
vt -64.8635 8.7739
vt -61.5888 8.7739
vt -64.1345 8.7039
vt -67.2922 8.7039
vt -64.8562 8.7039
vt -61.6986 8.7039
vt -64.1345 8.7739
vt -67.2922 8.7739
vt -64.8562 8.7739
vt -61.6986 8.7739
vt -64.1292 8.8489
vt -67.3720 8.8489
vt -64.8615 8.8489
vt -61.6188 8.8489
vt -64.1292 9.0239
vt -67.3720 9.0239
vt -64.8615 9.0239
vt -61.6188 9.0239
vt -64.1464 8.8489
vt -67.1125 8.8489
vt -64.8443 8.8489
vt -61.8782 8.8489
vt -64.1464 9.0239
vt -67.1125 9.0239
vt -64.8443 9.0239
vt -61.8782 9.0239
vt -63.9482 7.2964
vt -64.1345 7.2964
vt -64.1079 7.2964
vt -63.9216 7.2964
vt -63.9482 7.4339
vt -64.1345 7.4339
vt -64.1079 7.4339
vt -63.9216 7.4339
vt -64.1345 7.4764
vt -64.2835 7.4764
vt -64.3068 7.4764
vt -64.1578 7.4764
vt -64.1345 7.6139
vt -64.2835 7.6139
vt -64.3068 7.6139
vt -64.1578 7.6139
vt -63.9482 7.6564
vt -64.1345 7.6564
vt -64.1079 7.6564
vt -63.9216 7.6564
vt -63.9482 7.7939
vt -64.1345 7.7939
vt -64.1079 7.7939
vt -63.9216 7.7939
vt -64.1345 7.8364
vt -64.2835 7.8364
vt -64.3068 7.8364
vt -64.1578 7.8364
vt -64.1345 7.9739
vt -64.2835 7.9739
vt -64.3068 7.9739
vt -64.1578 7.9739
vt -67.0794 7.2964
vt -67.2922 7.2964
vt -67.3154 7.2964
vt -67.1026 7.2964
vt -67.0794 7.4339
vt -67.2922 7.4339
vt -67.3154 7.4339
vt -67.1026 7.4339
vt -67.2922 7.4764
vt -67.1618 7.4764
vt -67.1884 7.4764
vt -67.3188 7.4764
vt -67.2922 7.6139
vt -67.1618 7.6139
vt -67.1884 7.6139
vt -67.3188 7.6139
vt -67.0794 7.6564
vt -67.2922 7.6564
vt -67.3154 7.6564
vt -67.1026 7.6564
vt -67.0794 7.7939
vt -67.2922 7.7939
vt -67.3154 7.7939
vt -67.1026 7.7939
vt -67.2922 7.8364
vt -67.1618 7.8364
vt -67.1884 7.8364
vt -67.3188 7.8364
vt -67.2922 7.9739
vt -67.1618 7.9739
vt -67.1884 7.9739
vt -67.3188 7.9739
vt -65.0425 7.2964
vt -64.8562 7.2964
vt -64.8828 7.2964
vt -65.0691 7.2964
vt -65.0425 7.4339
vt -64.8562 7.4339
vt -64.8828 7.4339
vt -65.0691 7.4339
vt -64.8562 7.4764
vt -64.7073 7.4764
vt -64.6840 7.4764
vt -64.8329 7.4764
vt -64.8562 7.6139
vt -64.7073 7.6139
vt -64.6840 7.6139
vt -64.8329 7.6139
vt -65.0425 7.6564
vt -64.8562 7.6564
vt -64.8828 7.6564
vt -65.0691 7.6564
vt -65.0425 7.7939
vt -64.8562 7.7939
vt -64.8828 7.7939
vt -65.0691 7.7939
vt -64.8562 7.8364
vt -64.7073 7.8364
vt -64.6840 7.8364
vt -64.8329 7.8364
vt -64.8562 7.9739
vt -64.7073 7.9739
vt -64.6840 7.9739
vt -64.8329 7.9739
vt -61.9114 7.2964
vt -61.6986 7.2964
vt -61.6753 7.2964
vt -61.8881 7.2964
vt -61.9114 7.4339
vt -61.6986 7.4339
vt -61.6753 7.4339
vt -61.8881 7.4339
vt -61.6986 7.4764
vt -61.8290 7.4764
vt -61.8024 7.4764
vt -61.6720 7.4764
vt -61.6986 7.6139
vt -61.8290 7.6139
vt -61.8024 7.6139
vt -61.6720 7.6139
vt -61.9114 7.6564
vt -61.6986 7.6564
vt -61.6753 7.6564
vt -61.8881 7.6564
vt -61.9114 7.7939
vt -61.6986 7.7939
vt -61.6753 7.7939
vt -61.8881 7.7939
vt -61.6986 7.8364
vt -61.8290 7.8364
vt -61.8024 7.8364
vt -61.6720 7.8364
vt -61.6986 7.9739
vt -61.8290 7.9739
vt -61.8024 7.9739
vt -61.6720 7.9739
vt -85.3224 5.6708
vt -88.1756 5.6708
vt -91.0781 5.6708
vt -88.2248 5.6708
vt -85.3224 8.0708
vt -88.1756 8.0708
vt -91.0781 8.0708
vt -88.2248 8.0708
vt -85.6823 5.8958
vt -85.9352 5.8958
vt -85.9352 6.3458
vt -85.6823 6.3458
vt -85.6477 5.8958
vt -85.9006 5.8958
vt -85.9006 6.3458
vt -85.6477 6.3458
vt -85.7177 5.9308
vt -85.8998 5.9308
vt -85.8998 6.3108
vt -85.7177 6.3108
vt -85.6831 5.9308
vt -85.8652 5.9308
vt -85.8652 6.3108
vt -85.6831 6.3108
vt -85.6823 6.6958
vt -85.9352 6.6958
vt -85.9352 7.1458
vt -85.6823 7.1458
vt -85.6477 6.6958
vt -85.9006 6.6958
vt -85.9006 7.1458
vt -85.6477 7.1458
vt -85.7177 6.7308
vt -85.8998 6.7308
vt -85.8998 7.1108
vt -85.7177 7.1108
vt -85.6831 6.7308
vt -85.8652 6.7308
vt -85.8652 7.1108
vt -85.6831 7.1108
vt -86.5928 6.6958
vt -86.8458 6.6958
vt -86.8458 7.1458
vt -86.5928 7.1458
vt -86.5583 6.6958
vt -86.8112 6.6958
vt -86.8112 7.1458
vt -86.5583 7.1458
vt -86.6283 6.7308
vt -86.8104 6.7308
vt -86.8104 7.1108
vt -86.6283 7.1108
vt -86.5937 6.7308
vt -86.7758 6.7308
vt -86.7758 7.1108
vt -86.5937 7.1108
vt -87.5035 5.8958
vt -87.7564 5.8958
vt -87.7564 6.3458
vt -87.5035 6.3458
vt -87.4689 5.8958
vt -87.7218 5.8958
vt -87.7218 6.3458
vt -87.4689 6.3458
vt -87.5389 5.9308
vt -87.7210 5.9308
vt -87.7210 6.3108
vt -87.5389 6.3108
vt -87.5043 5.9308
vt -87.6864 5.9308
vt -87.6864 6.3108
vt -87.5043 6.3108
vt -87.5035 6.6958
vt -87.7564 6.6958
vt -87.7564 7.1458
vt -87.5035 7.1458
vt -87.4689 6.6958
vt -87.7218 6.6958
vt -87.7218 7.1458
vt -87.4689 7.1458
vt -87.5389 6.7308
vt -87.7210 6.7308
vt -87.7210 7.1108
vt -87.5389 7.1108
vt -87.5043 6.7308
vt -87.6864 6.7308
vt -87.6864 7.1108
vt -87.5043 7.1108
vt -86.5675 5.6708
vt -86.8711 5.6708
vt -86.8711 6.2458
vt -86.5675 6.2458
vt -86.5182 5.6708
vt -86.8217 5.6708
vt -86.8217 6.2458
vt -86.5182 6.2458
vt -86.6131 5.7158
vt -86.8256 5.7158
vt -86.8256 6.2008
vt -86.6131 6.2008
vt -86.5637 5.7158
vt -86.7762 5.7158
vt -86.7762 6.2008
vt -86.5637 6.2008
vt -86.5170 5.6608
vt -86.9217 5.6608
vt -86.8574 5.6608
vt -86.4528 5.6608
vt -86.5170 5.7008
vt -86.9217 5.7008
vt -86.8574 5.7008
vt -86.4528 5.7008
vt -88.6057 5.8958
vt -88.8527 5.8958
vt -88.8527 6.3458
vt -88.6057 6.3458
vt -88.6411 5.8958
vt -88.8881 5.8958
vt -88.8881 6.3458
vt -88.6411 6.3458
vt -88.6403 5.9308
vt -88.8181 5.9308
vt -88.8181 6.3108
vt -88.6403 6.3108
vt -88.6757 5.9308
vt -88.8535 5.9308
vt -88.8535 6.3108
vt -88.6757 6.3108
vt -88.6057 6.6958
vt -88.8527 6.6958
vt -88.8527 7.1458
vt -88.6057 7.1458
vt -88.6411 6.6958
vt -88.8881 6.6958
vt -88.8881 7.1458
vt -88.6411 7.1458
vt -88.6403 6.7308
vt -88.8181 6.7308
vt -88.8181 7.1108
vt -88.6403 7.1108
vt -88.6757 6.7308
vt -88.8535 6.7308
vt -88.8535 7.1108
vt -88.6757 7.1108
vt -89.5337 5.8958
vt -89.7807 5.8958
vt -89.7807 6.3458
vt -89.5337 6.3458
vt -89.5691 5.8958
vt -89.8161 5.8958
vt -89.8161 6.3458
vt -89.5691 6.3458
vt -89.5683 5.9308
vt -89.7461 5.9308
vt -89.7461 6.3108
vt -89.5683 6.3108
vt -89.6037 5.9308
vt -89.7815 5.9308
vt -89.7815 6.3108
vt -89.6037 6.3108
vt -89.5337 6.6958
vt -89.7807 6.6958
vt -89.7807 7.1458
vt -89.5337 7.1458
vt -89.5691 6.6958
vt -89.8161 6.6958
vt -89.8161 7.1458
vt -89.5691 7.1458
vt -89.5683 6.7308
vt -89.7461 6.7308
vt -89.7461 7.1108
vt -89.5683 7.1108
vt -89.6037 6.7308
vt -89.7815 6.7308
vt -89.7815 7.1108
vt -89.6037 7.1108
vt -90.4616 5.8958
vt -90.7087 5.8958
vt -90.7087 6.3458
vt -90.4616 6.3458
vt -90.4971 5.8958
vt -90.7441 5.8958
vt -90.7441 6.3458
vt -90.4971 6.3458
vt -90.4962 5.9308
vt -90.6741 5.9308
vt -90.6741 6.3108
vt -90.4962 6.3108
vt -90.5316 5.9308
vt -90.7095 5.9308
vt -90.7095 6.3108
vt -90.5316 6.3108
vt -90.4616 6.6958
vt -90.7087 6.6958
vt -90.7087 7.1458
vt -90.4616 7.1458
vt -90.4971 6.6958
vt -90.7441 6.6958
vt -90.7441 7.1458
vt -90.4971 7.1458
vt -90.4962 6.7308
vt -90.6741 6.7308
vt -90.6741 7.1108
vt -90.4962 7.1108
vt -90.5316 6.7308
vt -90.7095 6.7308
vt -90.7095 7.1108
vt -90.5316 7.1108
vt -90.7182 5.8958
vt -90.4652 5.8958
vt -90.4652 6.3458
vt -90.7182 6.3458
vt -90.7528 5.8958
vt -90.4998 5.8958
vt -90.4998 6.3458
vt -90.7528 6.3458
vt -90.6828 5.9308
vt -90.5006 5.9308
vt -90.5006 6.3108
vt -90.6828 6.3108
vt -90.7174 5.9308
vt -90.5352 5.9308
vt -90.5352 6.3108
vt -90.7174 6.3108
vt -90.7182 6.6958
vt -90.4652 6.6958
vt -90.4652 7.1458
vt -90.7182 7.1458
vt -90.7528 6.6958
vt -90.4998 6.6958
vt -90.4998 7.1458
vt -90.7528 7.1458
vt -90.6828 6.7308
vt -90.5006 6.7308
vt -90.5006 7.1108
vt -90.6828 7.1108
vt -90.7174 6.7308
vt -90.5352 6.7308
vt -90.5352 7.1108
vt -90.7174 7.1108
vt -89.8076 5.8958
vt -89.5546 5.8958
vt -89.5546 6.3458
vt -89.8076 6.3458
vt -89.8422 5.8958
vt -89.5892 5.8958
vt -89.5892 6.3458
vt -89.8422 6.3458
vt -89.7722 5.9308
vt -89.5900 5.9308
vt -89.5900 6.3108
vt -89.7722 6.3108
vt -89.8068 5.9308
vt -89.6246 5.9308
vt -89.6246 6.3108
vt -89.8068 6.3108
vt -89.8076 6.6958
vt -89.5546 6.6958
vt -89.5546 7.1458
vt -89.8076 7.1458
vt -89.8422 6.6958
vt -89.5892 6.6958
vt -89.5892 7.1458
vt -89.8422 7.1458
vt -89.7722 6.7308
vt -89.5900 6.7308
vt -89.5900 7.1108
vt -89.7722 7.1108
vt -89.8068 6.7308
vt -89.6246 6.7308
vt -89.6246 7.1108
vt -89.8068 7.1108
vt -88.8970 5.8958
vt -88.6440 5.8958
vt -88.6440 6.3458
vt -88.8970 6.3458
vt -88.9316 5.8958
vt -88.6786 5.8958
vt -88.6786 6.3458
vt -88.9316 6.3458
vt -88.8616 5.9308
vt -88.6795 5.9308
vt -88.6795 6.3108
vt -88.8616 6.3108
vt -88.8961 5.9308
vt -88.7140 5.9308
vt -88.7140 6.3108
vt -88.8961 6.3108
vt -88.8970 6.6958
vt -88.6440 6.6958
vt -88.6440 7.1458
vt -88.8970 7.1458
vt -88.9316 6.6958
vt -88.6786 6.6958
vt -88.6786 7.1458
vt -88.9316 7.1458
vt -88.8616 6.7308
vt -88.6795 6.7308
vt -88.6795 7.1108
vt -88.8616 7.1108
vt -88.8961 6.7308
vt -88.7140 6.7308
vt -88.7140 7.1108
vt -88.8961 7.1108
vt -87.7947 5.8958
vt -87.5477 5.8958
vt -87.5477 6.3458
vt -87.7947 6.3458
vt -87.7593 5.8958
vt -87.5123 5.8958
vt -87.5123 6.3458
vt -87.7593 6.3458
vt -87.7602 5.9308
vt -87.5823 5.9308
vt -87.5823 6.3108
vt -87.7602 6.3108
vt -87.7248 5.9308
vt -87.5469 5.9308
vt -87.5469 6.3108
vt -87.7248 6.3108
vt -87.7947 6.6958
vt -87.5477 6.6958
vt -87.5477 7.1458
vt -87.7947 7.1458
vt -87.7593 6.6958
vt -87.5123 6.6958
vt -87.5123 7.1458
vt -87.7593 7.1458
vt -87.7602 6.7308
vt -87.5823 6.7308
vt -87.5823 7.1108
vt -87.7602 7.1108
vt -87.7248 6.7308
vt -87.5469 6.7308
vt -87.5469 7.1108
vt -87.7248 7.1108
vt -86.8668 5.8958
vt -86.6198 5.8958
vt -86.6198 6.3458
vt -86.8668 6.3458
vt -86.8314 5.8958
vt -86.5844 5.8958
vt -86.5844 6.3458
vt -86.8314 6.3458
vt -86.8322 5.9308
vt -86.6543 5.9308
vt -86.6543 6.3108
vt -86.8322 6.3108
vt -86.7968 5.9308
vt -86.6189 5.9308
vt -86.6189 6.3108
vt -86.7968 6.3108
vt -86.8668 6.6958
vt -86.6198 6.6958
vt -86.6198 7.1458
vt -86.8668 7.1458
vt -86.8314 6.6958
vt -86.5844 6.6958
vt -86.5844 7.1458
vt -86.8314 7.1458
vt -86.8322 6.7308
vt -86.6543 6.7308
vt -86.6543 7.1108
vt -86.8322 7.1108
vt -86.7968 6.7308
vt -86.6189 6.7308
vt -86.6189 7.1108
vt -86.7968 7.1108
vt -85.9388 5.8958
vt -85.6918 5.8958
vt -85.6918 6.3458
vt -85.9388 6.3458
vt -85.9034 5.8958
vt -85.6564 5.8958
vt -85.6564 6.3458
vt -85.9034 6.3458
vt -85.9042 5.9308
vt -85.7264 5.9308
vt -85.7264 6.3108
vt -85.9042 6.3108
vt -85.8688 5.9308
vt -85.6909 5.9308
vt -85.6909 6.3108
vt -85.8688 6.3108
vt -85.9388 6.6958
vt -85.6918 6.6958
vt -85.6918 7.0208
vt -85.7535 7.1291
vt -85.8771 7.1291
vt -85.9388 7.0208
vt -85.9034 6.6958
vt -85.6564 6.6958
vt -85.6564 7.0208
vt -85.7181 7.1291
vt -85.8416 7.1291
vt -85.9034 7.0208
vt -85.9042 6.7308
vt -85.7264 6.7308
vt -85.7264 7.0208
vt -85.7708 7.0988
vt -85.8598 7.0988
vt -85.9042 7.0208
vt -85.8688 6.7308
vt -85.6909 6.7308
vt -85.6909 7.0208
vt -85.7354 7.0988
vt -85.8243 7.0988
vt -85.8688 7.0208
vt -85.2324 7.9958
vt -88.1767 7.9958
vt -91.1681 7.9958
vt -88.2238 7.9958
vt -85.2324 8.0308
vt -88.1767 8.0308
vt -91.1681 8.0308
vt -88.2238 8.0308
vt -85.2924 7.9958
vt -88.1760 7.9958
vt -91.1081 7.9958
vt -88.2245 7.9958
vt -85.2924 8.0308
vt -88.1760 8.0308
vt -91.1081 8.0308
vt -88.2245 8.0308
vt -85.1824 7.9408
vt -88.1773 7.9408
vt -91.2181 7.9408
vt -88.2232 7.9408
vt -85.1824 8.0108
vt -88.1773 8.0108
vt -91.2181 8.0108
vt -88.2232 8.0108
vt -85.2924 7.9408
vt -88.1760 7.9408
vt -91.1081 7.9408
vt -88.2245 7.9408
vt -85.2924 8.0108
vt -88.1760 8.0108
vt -91.1081 8.0108
vt -88.2245 8.0108
vt -85.2124 8.0858
vt -88.1769 8.0858
vt -91.1881 8.0858
vt -88.2235 8.0858
vt -85.2124 8.2608
vt -88.1769 8.2608
vt -91.1881 8.2608
vt -88.2235 8.2608
vt -85.4724 8.0858
vt -88.1738 8.0858
vt -90.9281 8.0858
vt -88.2266 8.0858
vt -85.4724 8.2608
vt -88.1738 8.2608
vt -90.9281 8.2608
vt -88.2266 8.2608
vt -85.4900 5.7333
vt -85.2924 5.7333
vt -85.2671 5.7333
vt -85.4647 5.7333
vt -85.4900 5.8708
vt -85.2924 5.8708
vt -85.2671 5.8708
vt -85.4647 5.8708
vt -85.2924 5.9133
vt -85.4340 5.9133
vt -85.4093 5.9133
vt -85.2677 5.9133
vt -85.2924 6.0508
vt -85.4340 6.0508
vt -85.4093 6.0508
vt -85.2677 6.0508
vt -85.4900 6.0933
vt -85.2924 6.0933
vt -85.2671 6.0933
vt -85.4647 6.0933
vt -85.4900 6.2308
vt -85.2924 6.2308
vt -85.2671 6.2308
vt -85.4647 6.2308
vt -85.2924 6.2733
vt -85.4340 6.2733
vt -85.4093 6.2733
vt -85.2677 6.2733
vt -85.2924 6.4108
vt -85.4340 6.4108
vt -85.4093 6.4108
vt -85.2677 6.4108
vt -87.9736 5.7333
vt -88.1760 5.7333
vt -88.1513 5.7333
vt -87.9489 5.7333
vt -87.9736 5.8708
vt -88.1760 5.8708
vt -88.1513 5.8708
vt -87.9489 5.8708
vt -88.1760 5.9133
vt -88.3142 5.9133
vt -88.3395 5.9133
vt -88.2013 5.9133
vt -88.1760 6.0508
vt -88.3142 6.0508
vt -88.3395 6.0508
vt -88.2013 6.0508
vt -87.9736 6.0933
vt -88.1760 6.0933
vt -88.1513 6.0933
vt -87.9489 6.0933
vt -87.9736 6.2308
vt -88.1760 6.2308
vt -88.1513 6.2308
vt -87.9489 6.2308
vt -88.1760 6.2733
vt -88.3142 6.2733
vt -88.3395 6.2733
vt -88.2013 6.2733
vt -88.1760 6.4108
vt -88.3142 6.4108
vt -88.3395 6.4108
vt -88.2013 6.4108
vt -90.9104 5.7333
vt -91.1081 5.7333
vt -91.1333 5.7333
vt -90.9357 5.7333
vt -90.9104 5.8708
vt -91.1081 5.8708
vt -91.1333 5.8708
vt -90.9357 5.8708
vt -91.1081 5.9133
vt -90.9664 5.9133
vt -90.9911 5.9133
vt -91.1328 5.9133
vt -91.1081 6.0508
vt -90.9664 6.0508
vt -90.9911 6.0508
vt -91.1328 6.0508
vt -90.9104 6.0933
vt -91.1081 6.0933
vt -91.1333 6.0933
vt -90.9357 6.0933
vt -90.9104 6.2308
vt -91.1081 6.2308
vt -91.1333 6.2308
vt -90.9357 6.2308
vt -91.1081 6.2733
vt -90.9664 6.2733
vt -90.9911 6.2733
vt -91.1328 6.2733
vt -91.1081 6.4108
vt -90.9664 6.4108
vt -90.9911 6.4108
vt -91.1328 6.4108
vt -88.4269 5.7333
vt -88.2245 5.7333
vt -88.2492 5.7333
vt -88.4516 5.7333
vt -88.4269 5.8708
vt -88.2245 5.8708
vt -88.2492 5.8708
vt -88.4516 5.8708
vt -88.2245 5.9133
vt -88.0862 5.9133
vt -88.0609 5.9133
vt -88.1992 5.9133
vt -88.2245 6.0508
vt -88.0862 6.0508
vt -88.0609 6.0508
vt -88.1992 6.0508
vt -88.4269 6.0933
vt -88.2245 6.0933
vt -88.2492 6.0933
vt -88.4516 6.0933
vt -88.4269 6.2308
vt -88.2245 6.2308
vt -88.2492 6.2308
vt -88.4516 6.2308
vt -88.2245 6.2733
vt -88.0862 6.2733
vt -88.0609 6.2733
vt -88.1992 6.2733
vt -88.2245 6.4108
vt -88.0862 6.4108
vt -88.0609 6.4108
vt -88.1992 6.4108
vt -88.2959 8.0858
vt -88.2406 8.0858
vt -88.8046 8.0858
vt -88.8598 8.0858
vt -88.2959 8.6358
vt -88.2406 8.6358
vt -88.8046 8.6358
vt -88.8598 8.6358
vt -67.7629 6.7228
vt -74.4704 6.7228
vt -73.2309 6.7228
vt -66.5234 6.7228
vt -67.7629 8.3228
vt -74.4704 8.3228
vt -73.2309 8.3228
vt -66.5234 8.3228
vt -68.2316 6.9478
vt -68.5714 6.9478
vt -68.5714 7.3978
vt -68.2316 7.3978
vt -68.2453 6.9478
vt -68.5851 6.9478
vt -68.5851 7.3978
vt -68.2453 7.3978
vt -68.2792 6.9828
vt -68.5238 6.9828
vt -68.5238 7.3628
vt -68.2792 7.3628
vt -68.2928 6.9828
vt -68.5375 6.9828
vt -68.5375 7.3628
vt -68.2928 7.3628
vt -69.3224 6.9478
vt -69.6622 6.9478
vt -69.6622 7.3978
vt -69.3224 7.3978
vt -69.3361 6.9478
vt -69.6758 6.9478
vt -69.6758 7.3978
vt -69.3361 7.3978
vt -69.3700 6.9828
vt -69.6146 6.9828
vt -69.6146 7.3628
vt -69.3700 7.3628
vt -69.3836 6.9828
vt -69.6283 6.9828
vt -69.6283 7.3628
vt -69.3836 7.3628
vt -70.4131 6.9478
vt -70.7529 6.9478
vt -70.7529 7.3978
vt -70.4131 7.3978
vt -70.4268 6.9478
vt -70.7666 6.9478
vt -70.7666 7.3978
vt -70.4268 7.3978
vt -70.4607 6.9828
vt -70.7053 6.9828
vt -70.7053 7.3628
vt -70.4607 7.3628
vt -70.4743 6.9828
vt -70.7190 6.9828
vt -70.7190 7.3628
vt -70.4743 7.3628
vt -71.5038 6.9478
vt -71.8436 6.9478
vt -71.8436 7.3978
vt -71.5038 7.3978
vt -71.5175 6.9478
vt -71.8573 6.9478
vt -71.8573 7.3978
vt -71.5175 7.3978
vt -71.5514 6.9828
vt -71.7960 6.9828
vt -71.7960 7.3628
vt -71.5514 7.3628
vt -71.5651 6.9828
vt -71.8097 6.9828
vt -71.8097 7.3628
vt -71.5651 7.3628
vt -72.5946 6.9478
vt -72.9343 6.9478
vt -72.9343 7.3978
vt -72.5946 7.3978
vt -72.6083 6.9478
vt -72.9480 6.9478
vt -72.9480 7.3978
vt -72.6083 7.3978
vt -72.6422 6.9828
vt -72.8868 6.9828
vt -72.8868 7.3628
vt -72.6422 7.3628
vt -72.6558 6.9828
vt -72.9005 6.9828
vt -72.9005 7.3628
vt -72.6558 7.3628
vt -73.6853 6.9478
vt -74.0251 6.9478
vt -74.0251 7.3978
vt -73.6853 7.3978
vt -73.6990 6.9478
vt -74.0388 6.9478
vt -74.0388 7.3978
vt -73.6990 7.3978
vt -73.7329 6.9828
vt -73.9775 6.9828
vt -73.9775 7.3628
vt -73.7329 7.3628
vt -73.7466 6.9828
vt -73.9912 6.9828
vt -73.9912 7.3628
vt -73.7466 7.3628
vt -70.9245 6.7228
vt -71.3323 6.7228
vt -71.3323 7.2978
vt -70.9245 7.2978
vt -70.9440 6.7228
vt -71.3518 6.7228
vt -71.3518 7.2978
vt -70.9440 7.2978
vt -70.9857 6.7678
vt -71.2711 6.7678
vt -71.2711 7.2528
vt -70.9857 7.2528
vt -71.0052 6.7678
vt -71.2906 6.7678
vt -71.2906 7.2528
vt -71.0052 7.2528
vt -70.8565 6.7128
vt -71.4002 6.7128
vt -71.4256 6.7128
vt -70.8819 6.7128
vt -70.8565 6.7528
vt -71.4002 6.7528
vt -71.4256 6.7528
vt -70.8819 6.7528
vt -74.3875 6.9478
vt -74.2898 6.9478
vt -74.2898 7.3978
vt -74.3875 7.3978
vt -74.4351 6.9478
vt -74.3374 6.9478
vt -74.3374 7.3978
vt -74.4351 7.3978
vt -74.3738 6.9828
vt -74.3035 6.9828
vt -74.3035 7.3628
vt -74.3738 7.3628
vt -74.4214 6.9828
vt -74.3511 6.9828
vt -74.3511 7.3628
vt -74.4214 7.3628
vt -74.0894 6.9478
vt -73.9917 6.9478
vt -73.9917 7.3978
vt -74.0894 7.3978
vt -74.1369 6.9478
vt -74.0392 6.9478
vt -74.0392 7.3978
vt -74.1369 7.3978
vt -74.0757 6.9828
vt -74.0053 6.9828
vt -74.0053 7.3628
vt -74.0757 7.3628
vt -74.1233 6.9828
vt -74.0529 6.9828
vt -74.0529 7.3628
vt -74.1233 7.3628
vt -73.7912 6.9478
vt -73.6936 6.9478
vt -73.6936 7.3978
vt -73.7912 7.3978
vt -73.8388 6.9478
vt -73.7411 6.9478
vt -73.7411 7.3978
vt -73.8388 7.3978
vt -73.7775 6.9828
vt -73.7072 6.9828
vt -73.7072 7.3628
vt -73.7775 7.3628
vt -73.8251 6.9828
vt -73.7548 6.9828
vt -73.7548 7.3628
vt -73.8251 7.3628
vt -73.4931 6.9478
vt -73.3954 6.9478
vt -73.3954 7.3978
vt -73.4931 7.3978
vt -73.5406 6.9478
vt -73.4429 6.9478
vt -73.4429 7.3978
vt -73.5406 7.3978
vt -73.4794 6.9828
vt -73.4091 6.9828
vt -73.4091 7.3628
vt -73.4794 7.3628
vt -73.5269 6.9828
vt -73.4566 6.9828
vt -73.4566 7.3628
vt -73.5269 7.3628
vt -72.7622 6.9478
vt -72.4224 6.9478
vt -72.4224 7.3978
vt -72.7622 7.3978
vt -72.7485 6.9478
vt -72.4087 6.9478
vt -72.4087 7.3978
vt -72.7485 7.3978
vt -72.7146 6.9828
vt -72.4700 6.9828
vt -72.4700 7.3628
vt -72.7146 7.3628
vt -72.7010 6.9828
vt -72.4563 6.9828
vt -72.4563 7.3628
vt -72.7010 7.3628
vt -71.6715 6.9478
vt -71.3317 6.9478
vt -71.3317 7.3978
vt -71.6715 7.3978
vt -71.6578 6.9478
vt -71.3180 6.9478
vt -71.3180 7.3978
vt -71.6578 7.3978
vt -71.6239 6.9828
vt -71.3792 6.9828
vt -71.3792 7.3628
vt -71.6239 7.3628
vt -71.6102 6.9828
vt -71.3655 6.9828
vt -71.3655 7.3628
vt -71.6102 7.3628
vt -70.5807 6.9478
vt -70.2409 6.9478
vt -70.2409 7.3978
vt -70.5807 7.3978
vt -70.5670 6.9478
vt -70.2272 6.9478
vt -70.2272 7.3978
vt -70.5670 7.3978
vt -70.5331 6.9828
vt -70.2885 6.9828
vt -70.2885 7.3628
vt -70.5331 7.3628
vt -70.5195 6.9828
vt -70.2748 6.9828
vt -70.2748 7.3628
vt -70.5195 7.3628
vt -69.4900 6.9478
vt -69.1502 6.9478
vt -69.1502 7.3978
vt -69.4900 7.3978
vt -69.4763 6.9478
vt -69.1365 6.9478
vt -69.1365 7.3978
vt -69.4763 7.3978
vt -69.4424 6.9828
vt -69.1977 6.9828
vt -69.1977 7.3628
vt -69.4424 7.3628
vt -69.4287 6.9828
vt -69.1841 6.9828
vt -69.1841 7.3628
vt -69.4287 7.3628
vt -68.3992 6.9478
vt -68.0594 6.9478
vt -68.0594 7.3978
vt -68.3992 7.3978
vt -68.3855 6.9478
vt -68.0458 6.9478
vt -68.0458 7.3978
vt -68.3855 7.3978
vt -68.3516 6.9828
vt -68.1070 6.9828
vt -68.1070 7.3628
vt -68.3516 7.3628
vt -68.3380 6.9828
vt -68.0933 6.9828
vt -68.0933 7.3628
vt -68.3380 7.3628
vt -67.3085 6.9478
vt -66.9687 6.9478
vt -66.9687 7.3978
vt -67.3085 7.3978
vt -67.2948 6.9478
vt -66.9550 6.9478
vt -66.9550 7.3978
vt -67.2948 7.3978
vt -67.2609 6.9828
vt -67.0163 6.9828
vt -67.0163 7.3628
vt -67.2609 7.3628
vt -67.2472 6.9828
vt -67.0026 6.9828
vt -67.0026 7.3628
vt -67.2472 7.3628
vt -66.6063 6.9478
vt -66.7040 6.9478
vt -66.7040 7.3978
vt -66.6063 7.3978
vt -66.5587 6.9478
vt -66.6564 6.9478
vt -66.6564 7.3978
vt -66.5587 7.3978
vt -66.6200 6.9828
vt -66.6903 6.9828
vt -66.6903 7.3628
vt -66.6200 7.3628
vt -66.5724 6.9828
vt -66.6427 6.9828
vt -66.6427 7.3628
vt -66.5724 7.3628
vt -66.9045 6.9478
vt -67.0021 6.9478
vt -67.0021 7.3978
vt -66.9045 7.3978
vt -66.8569 6.9478
vt -66.9545 6.9478
vt -66.9545 7.3978
vt -66.8569 7.3978
vt -66.9181 6.9828
vt -66.9885 6.9828
vt -66.9885 7.3628
vt -66.9181 7.3628
vt -66.8706 6.9828
vt -66.9409 6.9828
vt -66.9409 7.3628
vt -66.8706 7.3628
vt -67.2026 6.9478
vt -67.3003 6.9478
vt -67.3003 7.3978
vt -67.2026 7.3978
vt -67.1550 6.9478
vt -67.2527 6.9478
vt -67.2527 7.3978
vt -67.1550 7.3978
vt -67.2163 6.9828
vt -67.2866 6.9828
vt -67.2866 7.3628
vt -67.2163 7.3628
vt -67.1687 6.9828
vt -67.2390 6.9828
vt -67.2390 7.3628
vt -67.1687 7.3628
vt -67.5007 6.9478
vt -67.5984 6.9478
vt -67.5984 7.3978
vt -67.5007 7.3978
vt -67.4532 6.9478
vt -67.5508 6.9478
vt -67.5508 7.3978
vt -67.4532 7.3978
vt -67.5144 6.9828
vt -67.5847 6.9828
vt -67.5847 7.3628
vt -67.5144 7.3628
vt -67.4668 6.9828
vt -67.5372 6.9828
vt -67.5372 7.3628
vt -67.4668 7.3628
vt -67.7193 8.2478
vt -74.5492 8.2478
vt -73.2745 8.2478
vt -66.4447 8.2478
vt -67.7193 8.2828
vt -74.5492 8.2828
vt -73.2745 8.2828
vt -66.4447 8.2828
vt -67.7483 8.2478
vt -74.4966 8.2478
vt -73.2455 8.2478
vt -66.4972 8.2478
vt -67.7483 8.2828
vt -74.4966 8.2828
vt -73.2455 8.2828
vt -66.4972 8.2828
vt -67.6951 8.1928
vt -74.5929 8.1928
vt -73.2987 8.1928
vt -66.4009 8.1928
vt -67.6951 8.2628
vt -74.5929 8.2628
vt -73.2987 8.2628
vt -66.4009 8.2628
vt -67.7483 8.1928
vt -74.4966 8.1928
vt -73.2455 8.1928
vt -66.4972 8.1928
vt -67.7483 8.2628
vt -74.4966 8.2628
vt -73.2455 8.2628
vt -66.4972 8.2628
vt -67.7096 8.3378
vt -74.5666 8.3378
vt -73.2842 8.3378
vt -66.4271 8.3378
vt -67.7096 8.5128
vt -74.5666 8.5128
vt -73.2842 8.5128
vt -66.4271 8.5128
vt -67.8355 8.3378
vt -74.3392 8.3378
vt -73.1583 8.3378
vt -66.6546 8.3378
vt -67.8355 8.5128
vt -74.3392 8.5128
vt -73.1583 8.5128
vt -66.6546 8.5128
vt -67.6702 6.7853
vt -67.7483 6.7853
vt -67.7144 6.7853
vt -67.6362 6.7853
vt -67.6702 6.9228
vt -67.7483 6.9228
vt -67.7144 6.9228
vt -67.6362 6.9228
vt -67.7483 6.9653
vt -67.9387 6.9653
vt -67.9484 6.9653
vt -67.7581 6.9653
vt -67.7483 7.1028
vt -67.9387 7.1028
vt -67.9484 7.1028
vt -67.7581 7.1028
vt -67.6702 7.1453
vt -67.7483 7.1453
vt -67.7144 7.1453
vt -67.6362 7.1453
vt -67.6702 7.2828
vt -67.7483 7.2828
vt -67.7144 7.2828
vt -67.6362 7.2828
vt -67.7483 7.3253
vt -67.9387 7.3253
vt -67.9484 7.3253
vt -67.7581 7.3253
vt -67.7483 7.4628
vt -67.9387 7.4628
vt -67.9484 7.4628
vt -67.7581 7.4628
vt -73.3236 6.7853
vt -73.2455 6.7853
vt -73.2794 6.7853
vt -73.3576 6.7853
vt -73.3236 6.9228
vt -73.2455 6.9228
vt -73.2794 6.9228
vt -73.3576 6.9228
vt -73.2455 6.9653
vt -73.0552 6.9653
vt -73.0454 6.9653
vt -73.2357 6.9653
vt -73.2455 7.1028
vt -73.0552 7.1028
vt -73.0454 7.1028
vt -73.2357 7.1028
vt -73.3236 7.1453
vt -73.2455 7.1453
vt -73.2794 7.1453
vt -73.3576 7.1453
vt -73.3236 7.2828
vt -73.2455 7.2828
vt -73.2794 7.2828
vt -73.3576 7.2828
vt -73.2455 7.3253
vt -73.0552 7.3253
vt -73.0454 7.3253
vt -73.2357 7.3253
vt -73.2455 7.4628
vt -73.0552 7.4628
vt -73.0454 7.4628
vt -73.2357 7.4628
vt -74.2248 6.7853
vt -74.4966 6.7853
vt -74.5064 6.7853
vt -74.2346 6.7853
vt -74.2248 6.9228
vt -74.4966 6.9228
vt -74.5064 6.9228
vt -74.2346 6.9228
vt -74.4966 6.9653
vt -74.4420 6.9653
vt -74.4759 6.9653
vt -74.5306 6.9653
vt -74.4966 7.1028
vt -74.4420 7.1028
vt -74.4759 7.1028
vt -74.5306 7.1028
vt -74.2248 7.1453
vt -74.4966 7.1453
vt -74.5064 7.1453
vt -74.2346 7.1453
vt -74.2248 7.2828
vt -74.4966 7.2828
vt -74.5064 7.2828
vt -74.2346 7.2828
vt -74.4966 7.3253
vt -74.4420 7.3253
vt -74.4759 7.3253
vt -74.5306 7.3253
vt -74.4966 7.4628
vt -74.4420 7.4628
vt -74.4759 7.4628
vt -74.5306 7.4628
vt -66.7690 6.7853
vt -66.4972 6.7853
vt -66.4874 6.7853
vt -66.7592 6.7853
vt -66.7690 6.9228
vt -66.4972 6.9228
vt -66.4874 6.9228
vt -66.7592 6.9228
vt -66.4972 6.9653
vt -66.5518 6.9653
vt -66.5179 6.9653
vt -66.4632 6.9653
vt -66.4972 7.1028
vt -66.5518 7.1028
vt -66.5179 7.1028
vt -66.4632 7.1028
vt -66.7690 7.1453
vt -66.4972 7.1453
vt -66.4874 7.1453
vt -66.7592 7.1453
vt -66.7690 7.2828
vt -66.4972 7.2828
vt -66.4874 7.2828
vt -66.7592 7.2828
vt -66.4972 7.3253
vt -66.5518 7.3253
vt -66.5179 7.3253
vt -66.4632 7.3253
vt -66.4972 7.4628
vt -66.5518 7.4628
vt -66.5179 7.4628
vt -66.4632 7.4628
vt -70.5549 8.3378
vt -70.5734 8.3378
vt -71.1389 8.3378
vt -71.1204 8.3378
vt -70.5549 8.8878
vt -70.5734 8.8878
vt -71.1389 8.8878
vt -71.1204 8.8878
vt -79.1233 6.6361
vt -83.3887 6.6361
vt -85.7823 6.6361
vt -81.5168 6.6361
vt -79.1233 9.0361
vt -83.3887 9.0361
vt -85.7823 9.0361
vt -81.5168 9.0361
vt -79.4437 6.8611
vt -79.6890 6.8611
vt -79.6890 7.3111
vt -79.4437 7.3111
vt -79.4081 6.8611
vt -79.6534 6.8611
vt -79.6534 7.3111
vt -79.4081 7.3111
vt -79.4781 6.8961
vt -79.6547 6.8961
vt -79.6547 7.2761
vt -79.4781 7.2761
vt -79.4424 6.8961
vt -79.6190 6.8961
vt -79.6190 7.2761
vt -79.4424 7.2761
vt -79.4437 7.6611
vt -79.6890 7.6611
vt -79.6890 8.1111
vt -79.4437 8.1111
vt -79.4081 7.6611
vt -79.6534 7.6611
vt -79.6534 8.1111
vt -79.4081 8.1111
vt -79.4781 7.6961
vt -79.6547 7.6961
vt -79.6547 8.0761
vt -79.4781 8.0761
vt -79.4424 7.6961
vt -79.6190 7.6961
vt -79.6190 8.0761
vt -79.4424 8.0761
vt -80.2733 6.8611
vt -80.5186 6.8611
vt -80.5186 7.3111
vt -80.2733 7.3111
vt -80.2377 6.8611
vt -80.4829 6.8611
vt -80.4829 7.3111
vt -80.2377 7.3111
vt -80.3076 6.8961
vt -80.4842 6.8961
vt -80.4842 7.2761
vt -80.3076 7.2761
vt -80.2720 6.8961
vt -80.4486 6.8961
vt -80.4486 7.2761
vt -80.2720 7.2761
vt -80.2733 7.6611
vt -80.5186 7.6611
vt -80.5186 8.1111
vt -80.2733 8.1111
vt -80.2377 7.6611
vt -80.4829 7.6611
vt -80.4829 8.1111
vt -80.2377 8.1111
vt -80.3076 7.6961
vt -80.4842 7.6961
vt -80.4842 8.0761
vt -80.3076 8.0761
vt -80.2720 7.6961
vt -80.4486 7.6961
vt -80.4486 8.0761
vt -80.2720 8.0761
vt -81.1028 7.6611
vt -81.3481 7.6611
vt -81.3481 8.1111
vt -81.1028 8.1111
vt -81.0672 7.6611
vt -81.3125 7.6611
vt -81.3125 8.1111
vt -81.0672 8.1111
vt -81.1372 7.6961
vt -81.3138 7.6961
vt -81.3138 8.0761
vt -81.1372 8.0761
vt -81.1015 7.6961
vt -81.2781 7.6961
vt -81.2781 8.0761
vt -81.1015 8.0761
vt -81.9324 6.8611
vt -82.1777 6.8611
vt -82.1777 7.3111
vt -81.9324 7.3111
vt -81.8967 6.8611
vt -82.1420 6.8611
vt -82.1420 7.3111
vt -81.8967 7.3111
vt -81.9667 6.8961
vt -82.1433 6.8961
vt -82.1433 7.2761
vt -81.9667 7.2761
vt -81.9311 6.8961
vt -82.1076 6.8961
vt -82.1076 7.2761
vt -81.9311 7.2761
vt -81.9324 7.6611
vt -82.1777 7.6611
vt -82.1777 8.1111
vt -81.9324 8.1111
vt -81.8967 7.6611
vt -82.1420 7.6611
vt -82.1420 8.1111
vt -81.8967 8.1111
vt -81.9667 7.6961
vt -82.1433 7.6961
vt -82.1433 8.0761
vt -81.9667 8.0761
vt -81.9311 7.6961
vt -82.1076 7.6961
vt -82.1076 8.0761
vt -81.9311 8.0761
vt -82.7619 6.8611
vt -83.0072 6.8611
vt -83.0072 7.3111
vt -82.7619 7.3111
vt -82.7263 6.8611
vt -82.9715 6.8611
vt -82.9715 7.3111
vt -82.7263 7.3111
vt -82.7962 6.8961
vt -82.9729 6.8961
vt -82.9729 7.2761
vt -82.7962 7.2761
vt -82.7606 6.8961
vt -82.9372 6.8961
vt -82.9372 7.2761
vt -82.7606 7.2761
vt -82.7619 7.6611
vt -83.0072 7.6611
vt -83.0072 8.1111
vt -82.7619 8.1111
vt -82.7263 7.6611
vt -82.9715 7.6611
vt -82.9715 8.1111
vt -82.7263 8.1111
vt -82.7962 7.6961
vt -82.9729 7.6961
vt -82.9729 8.0761
vt -82.7962 8.0761
vt -82.7606 7.6961
vt -82.9372 7.6961
vt -82.9372 8.0761
vt -82.7606 8.0761
vt -81.0783 6.6361
vt -81.3727 6.6361
vt -81.3727 7.2111
vt -81.0783 7.2111
vt -81.0274 6.6361
vt -81.3217 6.6361
vt -81.3217 7.2111
vt -81.0274 7.2111
vt -81.1224 6.6811
vt -81.3285 6.6811
vt -81.3285 7.1661
vt -81.1224 7.1661
vt -81.0715 6.6811
vt -81.2776 6.6811
vt -81.2776 7.1661
vt -81.0715 7.1661
vt -81.0292 6.6261
vt -81.4217 6.6261
vt -81.3555 6.6261
vt -80.9631 6.6261
vt -81.0292 6.6661
vt -81.4217 6.6661
vt -81.3555 6.6661
vt -80.9631 6.6661
vt -83.7305 6.8611
vt -83.9851 6.8611
vt -83.9851 7.3111
vt -83.7305 7.3111
vt -83.7649 6.8611
vt -84.0195 6.8611
vt -84.0195 7.3111
vt -83.7649 7.3111
vt -83.7662 6.8961
vt -83.9495 6.8961
vt -83.9495 7.2761
vt -83.7662 7.2761
vt -83.8005 6.8961
vt -83.9839 6.8961
vt -83.9839 7.2761
vt -83.8005 7.2761
vt -83.7305 7.6611
vt -83.9851 7.6611
vt -83.9851 8.1111
vt -83.7305 8.1111
vt -83.7649 7.6611
vt -84.0195 7.6611
vt -84.0195 8.1111
vt -83.7649 8.1111
vt -83.7662 7.6961
vt -83.9495 7.6961
vt -83.9495 8.0761
vt -83.7662 8.0761
vt -83.8005 7.6961
vt -83.9839 7.6961
vt -83.9839 8.0761
vt -83.8005 8.0761
vt -84.4876 6.8611
vt -84.7422 6.8611
vt -84.7422 7.3111
vt -84.4876 7.3111
vt -84.5220 6.8611
vt -84.7766 6.8611
vt -84.7766 7.3111
vt -84.5220 7.3111
vt -84.5233 6.8961
vt -84.7066 6.8961
vt -84.7066 7.2761
vt -84.5233 7.2761
vt -84.5576 6.8961
vt -84.7409 6.8961
vt -84.7409 7.2761
vt -84.5576 7.2761
vt -84.4876 7.6611
vt -84.7422 7.6611
vt -84.7422 7.9861
vt -84.6786 8.0943
vt -84.5513 8.0943
vt -84.4876 7.9861
vt -84.5220 7.6611
vt -84.7766 7.6611
vt -84.7766 7.9861
vt -84.7129 8.0943
vt -84.5856 8.0943
vt -84.5220 7.9861
vt -84.5233 7.6961
vt -84.7066 7.6961
vt -84.7066 7.9861
vt -84.6608 8.0640
vt -84.5691 8.0640
vt -84.5233 7.9861
vt -84.5576 7.6961
vt -84.7409 7.6961
vt -84.7409 7.9861
vt -84.6951 8.0640
vt -84.6035 8.0640
vt -84.5576 7.9861
vt -85.2447 6.8611
vt -85.4994 6.8611
vt -85.4994 7.3111
vt -85.2447 7.3111
vt -85.2791 6.8611
vt -85.5337 6.8611
vt -85.5337 7.3111
vt -85.2791 7.3111
vt -85.2804 6.8961
vt -85.4637 6.8961
vt -85.4637 7.2761
vt -85.2804 7.2761
vt -85.3147 6.8961
vt -85.4981 6.8961
vt -85.4981 7.2761
vt -85.3147 7.2761
vt -85.2447 7.6611
vt -85.4994 7.6611
vt -85.4994 7.9861
vt -85.4357 8.0943
vt -85.3084 8.0943
vt -85.2447 7.9861
vt -85.2791 7.6611
vt -85.5337 7.6611
vt -85.5337 7.9861
vt -85.4700 8.0943
vt -85.3427 8.0943
vt -85.2791 7.9861
vt -85.2804 7.6961
vt -85.4637 7.6961
vt -85.4637 7.9861
vt -85.4179 8.0640
vt -85.3262 8.0640
vt -85.2804 7.9861
vt -85.3147 7.6961
vt -85.4981 7.6961
vt -85.4981 7.9861
vt -85.4522 8.0640
vt -85.3606 8.0640
vt -85.3147 7.9861
vt -85.4619 6.8611
vt -85.2166 6.8611
vt -85.2166 7.3111
vt -85.4619 7.3111
vt -85.4975 6.8611
vt -85.2522 6.8611
vt -85.2522 7.3111
vt -85.4975 7.3111
vt -85.4275 6.8961
vt -85.2509 6.8961
vt -85.2509 7.2761
vt -85.4275 7.2761
vt -85.4631 6.8961
vt -85.2866 6.8961
vt -85.2866 7.2761
vt -85.4631 7.2761
vt -85.4619 7.6611
vt -85.2166 7.6611
vt -85.2166 8.1111
vt -85.4619 8.1111
vt -85.4975 7.6611
vt -85.2522 7.6611
vt -85.2522 8.1111
vt -85.4975 8.1111
vt -85.4275 7.6961
vt -85.2509 7.6961
vt -85.2509 8.0761
vt -85.4275 8.0761
vt -85.4631 7.6961
vt -85.2866 7.6961
vt -85.2866 8.0761
vt -85.4631 8.0761
vt -84.6323 6.8611
vt -84.3870 6.8611
vt -84.3870 7.3111
vt -84.6323 7.3111
vt -84.6680 6.8611
vt -84.4227 6.8611
vt -84.4227 7.3111
vt -84.6680 7.3111
vt -84.5980 6.8961
vt -84.4214 6.8961
vt -84.4214 7.2761
vt -84.5980 7.2761
vt -84.6336 6.8961
vt -84.4570 6.8961
vt -84.4570 7.2761
vt -84.6336 7.2761
vt -84.6323 7.6611
vt -84.3870 7.6611
vt -84.3870 8.1111
vt -84.6323 8.1111
vt -84.6680 7.6611
vt -84.4227 7.6611
vt -84.4227 8.1111
vt -84.6680 8.1111
vt -84.5980 7.6961
vt -84.4214 7.6961
vt -84.4214 8.0761
vt -84.5980 8.0761
vt -84.6336 7.6961
vt -84.4570 7.6961
vt -84.4570 8.0761
vt -84.6336 8.0761
vt -83.8028 6.8611
vt -83.5575 6.8611
vt -83.5575 7.3111
vt -83.8028 7.3111
vt -83.8384 6.8611
vt -83.5931 6.8611
vt -83.5931 7.3111
vt -83.8384 7.3111
vt -83.7684 6.8961
vt -83.5918 6.8961
vt -83.5918 7.2761
vt -83.7684 7.2761
vt -83.8041 6.8961
vt -83.6274 6.8961
vt -83.6274 7.2761
vt -83.8041 7.2761
vt -83.8028 7.6611
vt -83.5575 7.6611
vt -83.5575 8.1111
vt -83.8028 8.1111
vt -83.8384 7.6611
vt -83.5931 7.6611
vt -83.5931 8.1111
vt -83.8384 8.1111
vt -83.7684 7.6961
vt -83.5918 7.6961
vt -83.5918 8.0761
vt -83.7684 8.0761
vt -83.8041 7.6961
vt -83.6274 7.6961
vt -83.6274 8.0761
vt -83.8041 8.0761
vt -82.9732 6.8611
vt -82.7279 6.8611
vt -82.7279 7.3111
vt -82.9732 7.3111
vt -83.0089 6.8611
vt -82.7636 6.8611
vt -82.7636 7.3111
vt -83.0089 7.3111
vt -82.9389 6.8961
vt -82.7623 6.8961
vt -82.7623 7.2761
vt -82.9389 7.2761
vt -82.9745 6.8961
vt -82.7979 6.8961
vt -82.7979 7.2761
vt -82.9745 7.2761
vt -82.9732 7.6611
vt -82.7279 7.6611
vt -82.7279 7.9861
vt -82.7892 8.0943
vt -82.9119 8.0943
vt -82.9732 7.9861
vt -83.0089 7.6611
vt -82.7636 7.6611
vt -82.7636 7.9861
vt -82.8249 8.0943
vt -82.9475 8.0943
vt -83.0089 7.9861
vt -82.9389 7.6961
vt -82.7623 7.6961
vt -82.7623 7.9861
vt -82.8064 8.0640
vt -82.8947 8.0640
vt -82.9389 7.9861
vt -82.9745 7.6961
vt -82.7979 7.6961
vt -82.7979 7.9861
vt -82.8421 8.0640
vt -82.9304 8.0640
vt -82.9745 7.9861
vt -82.1437 6.8611
vt -81.8984 6.8611
vt -81.8984 7.3111
vt -82.1437 7.3111
vt -82.1793 6.8611
vt -81.9341 6.8611
vt -81.9341 7.3111
vt -82.1793 7.3111
vt -82.1093 6.8961
vt -81.9327 6.8961
vt -81.9327 7.2761
vt -82.1093 7.2761
vt -82.1450 6.8961
vt -81.9684 6.8961
vt -81.9684 7.2761
vt -82.1450 7.2761
vt -82.1437 7.6611
vt -81.8984 7.6611
vt -81.8984 7.9861
vt -81.9597 8.0943
vt -82.0824 8.0943
vt -82.1437 7.9861
vt -82.1793 7.6611
vt -81.9341 7.6611
vt -81.9341 7.9861
vt -81.9954 8.0943
vt -82.1180 8.0943
vt -82.1793 7.9861
vt -82.1093 7.6961
vt -81.9327 7.6961
vt -81.9327 7.9861
vt -81.9769 8.0640
vt -82.0652 8.0640
vt -82.1093 7.9861
vt -82.1450 7.6961
vt -81.9684 7.6961
vt -81.9684 7.9861
vt -82.0125 8.0640
vt -82.1008 8.0640
vt -82.1450 7.9861
vt -81.1751 6.8611
vt -80.9204 6.8611
vt -80.9204 7.3111
vt -81.1751 7.3111
vt -81.1407 6.8611
vt -80.8861 6.8611
vt -80.8861 7.3111
vt -81.1407 7.3111
vt -81.1394 6.8961
vt -80.9561 6.8961
vt -80.9561 7.2761
vt -81.1394 7.2761
vt -81.1050 6.8961
vt -80.9217 6.8961
vt -80.9217 7.2761
vt -81.1050 7.2761
vt -81.1751 7.6611
vt -80.9204 7.6611
vt -80.9204 8.1111
vt -81.1751 8.1111
vt -81.1407 7.6611
vt -80.8861 7.6611
vt -80.8861 8.1111
vt -81.1407 8.1111
vt -81.1394 7.6961
vt -80.9561 7.6961
vt -80.9561 8.0761
vt -81.1394 8.0761
vt -81.1050 7.6961
vt -80.9217 7.6961
vt -80.9217 8.0761
vt -81.1050 8.0761
vt -80.4180 6.8611
vt -80.1633 6.8611
vt -80.1633 7.3111
vt -80.4180 7.3111
vt -80.3836 6.8611
vt -80.1290 6.8611
vt -80.1290 7.3111
vt -80.3836 7.3111
vt -80.3823 6.8961
vt -80.1990 6.8961
vt -80.1990 7.2761
vt -80.3823 7.2761
vt -80.3479 6.8961
vt -80.1646 6.8961
vt -80.1646 7.2761
vt -80.3479 7.2761
vt -80.4180 7.6611
vt -80.1633 7.6611
vt -80.1633 8.1111
vt -80.4180 8.1111
vt -80.3836 7.6611
vt -80.1290 7.6611
vt -80.1290 8.1111
vt -80.3836 8.1111
vt -80.3823 7.6961
vt -80.1990 7.6961
vt -80.1990 8.0761
vt -80.3823 8.0761
vt -80.3479 7.6961
vt -80.1646 7.6961
vt -80.1646 8.0761
vt -80.3479 8.0761
vt -79.6608 6.8611
vt -79.4062 6.8611
vt -79.4062 7.3111
vt -79.6608 7.3111
vt -79.6265 6.8611
vt -79.3719 6.8611
vt -79.3719 7.3111
vt -79.6265 7.3111
vt -79.6252 6.8961
vt -79.4418 6.8961
vt -79.4418 7.2761
vt -79.6252 7.2761
vt -79.5908 6.8961
vt -79.4075 6.8961
vt -79.4075 7.2761
vt -79.5908 7.2761
vt -79.6608 7.6611
vt -79.4062 7.6611
vt -79.4062 8.1111
vt -79.6608 8.1111
vt -79.6265 7.6611
vt -79.3719 7.6611
vt -79.3719 8.1111
vt -79.6265 8.1111
vt -79.6252 7.6961
vt -79.4418 7.6961
vt -79.4418 8.0761
vt -79.6252 8.0761
vt -79.5908 7.6961
vt -79.4075 7.6961
vt -79.4075 8.0761
vt -79.5908 8.0761
vt -79.0333 8.9611
vt -83.3871 8.9611
vt -85.8722 8.9611
vt -81.5185 8.9611
vt -79.0333 8.9961
vt -83.3871 8.9961
vt -85.8722 8.9961
vt -81.5185 8.9961
vt -79.0933 8.9611
vt -83.3882 8.9611
vt -85.8123 8.9611
vt -81.5174 8.9611
vt -79.0933 8.9961
vt -83.3882 8.9961
vt -85.8123 8.9961
vt -81.5174 8.9961
vt -78.9833 8.9061
vt -83.3861 8.9061
vt -85.9223 8.9061
vt -81.5194 8.9061
vt -78.9833 8.9761
vt -83.3861 8.9761
vt -85.9223 8.9761
vt -81.5194 8.9761
vt -79.0933 8.9061
vt -83.3882 8.9061
vt -85.8123 8.9061
vt -81.5174 8.9061
vt -79.0933 8.9761
vt -83.3882 8.9761
vt -85.8123 8.9761
vt -81.5174 8.9761
vt -79.0133 9.0511
vt -83.3867 9.0511
vt -85.8923 9.0511
vt -81.5189 9.0511
vt -79.0133 9.2261
vt -83.3867 9.2261
vt -85.8923 9.2261
vt -81.5189 9.2261
vt -79.2733 9.0511
vt -83.3916 9.0511
vt -85.6323 9.0511
vt -81.5141 9.0511
vt -79.2733 9.2261
vt -83.3916 9.2261
vt -85.6323 9.2261
vt -81.5141 9.2261
vt -79.2970 6.6986
vt -79.0933 6.6986
vt -79.0688 6.6986
vt -79.2725 6.6986
vt -79.2970 6.8361
vt -79.0933 6.8361
vt -79.0688 6.8361
vt -79.2725 6.8361
vt -79.0933 6.8786
vt -79.2307 6.8786
vt -79.2052 6.8786
vt -79.0678 6.8786
vt -79.0933 7.0161
vt -79.2307 7.0161
vt -79.2052 7.0161
vt -79.0678 7.0161
vt -79.2970 7.0586
vt -79.0933 7.0586
vt -79.0688 7.0586
vt -79.2725 7.0586
vt -79.2970 7.1961
vt -79.0933 7.1961
vt -79.0688 7.1961
vt -79.2725 7.1961
vt -79.0933 7.2386
vt -79.2307 7.2386
vt -79.2052 7.2386
vt -79.0678 7.2386
vt -79.0933 7.3761
vt -79.2307 7.3761
vt -79.2052 7.3761
vt -79.0678 7.3761
vt -83.1919 6.6986
vt -83.3882 6.6986
vt -83.3627 6.6986
vt -83.1665 6.6986
vt -83.1919 6.8361
vt -83.3882 6.8361
vt -83.3627 6.8361
vt -83.1665 6.8361
vt -83.3882 6.8786
vt -83.5308 6.8786
vt -83.5553 6.8786
vt -83.4127 6.8786
vt -83.3882 7.0161
vt -83.5308 7.0161
vt -83.5553 7.0161
vt -83.4127 7.0161
vt -83.1919 7.0586
vt -83.3882 7.0586
vt -83.3627 7.0586
vt -83.1665 7.0586
vt -83.1919 7.1961
vt -83.3882 7.1961
vt -83.3627 7.1961
vt -83.1665 7.1961
vt -83.3882 7.2386
vt -83.5308 7.2386
vt -83.5553 7.2386
vt -83.4127 7.2386
vt -83.3882 7.3761
vt -83.5308 7.3761
vt -83.5553 7.3761
vt -83.4127 7.3761
vt -85.6086 6.6986
vt -85.8123 6.6986
vt -85.8368 6.6986
vt -85.6331 6.6986
vt -85.6086 6.8361
vt -85.8123 6.8361
vt -85.8368 6.8361
vt -85.6331 6.8361
vt -85.8123 6.8786
vt -85.6749 6.8786
vt -85.7004 6.8786
vt -85.8377 6.8786
vt -85.8123 7.0161
vt -85.6749 7.0161
vt -85.7004 7.0161
vt -85.8377 7.0161
vt -85.6086 7.0586
vt -85.8123 7.0586
vt -85.8368 7.0586
vt -85.6331 7.0586
vt -85.6086 7.1961
vt -85.8123 7.1961
vt -85.8368 7.1961
vt -85.6331 7.1961
vt -85.8123 7.2386
vt -85.6749 7.2386
vt -85.7004 7.2386
vt -85.8377 7.2386
vt -85.8123 7.3761
vt -85.6749 7.3761
vt -85.7004 7.3761
vt -85.8377 7.3761
vt -81.7136 6.6986
vt -81.5174 6.6986
vt -81.5429 6.6986
vt -81.7391 6.6986
vt -81.7136 6.8361
vt -81.5174 6.8361
vt -81.5429 6.8361
vt -81.7391 6.8361
vt -81.5174 6.8786
vt -81.3748 6.8786
vt -81.3503 6.8786
vt -81.4929 6.8786
vt -81.5174 7.0161
vt -81.3748 7.0161
vt -81.3503 7.0161
vt -81.4929 7.0161
vt -81.7136 7.0586
vt -81.5174 7.0586
vt -81.5429 7.0586
vt -81.7391 7.0586
vt -81.7136 7.1961
vt -81.5174 7.1961
vt -81.5429 7.1961
vt -81.7391 7.1961
vt -81.5174 7.2386
vt -81.3748 7.2386
vt -81.3503 7.2386
vt -81.4929 7.2386
vt -81.5174 7.3761
vt -81.3748 7.3761
vt -81.3503 7.3761
vt -81.4929 7.3761
vt -81.9978 9.1261
vt -81.9336 9.1261
vt -81.9978 9.1261
vt -82.1528 9.1261
vt -82.3078 9.1261
vt -82.3720 9.1261
vt -82.3078 9.1261
vt -82.1528 9.1261
vt -81.9978 9.4011
vt -81.9336 9.4011
vt -81.9978 9.4011
vt -82.1528 9.4011
vt -82.3078 9.4011
vt -82.3720 9.4011
vt -82.3078 9.4011
vt -82.1528 9.4011
vt -82.4828 9.0511
vt -82.1528 9.0511
vt -81.8228 9.0511
vt -82.1528 9.0511
vt -82.4828 9.1261
vt -82.1528 9.1261
vt -81.8228 9.1261
vt -82.1528 9.1261
vt -83.2243 9.0511
vt -82.5491 9.0511
vt -82.3812 9.0511
vt -83.0565 9.0511
vt -83.2243 9.6011
vt -82.5491 9.6011
vt -82.3812 9.6011
vt -83.0565 9.6011
vt -65.7942 6.8063
vt -68.1352 6.8063
vt -67.2036 6.8063
vt -64.8627 6.8063
vt -65.7942 8.4062
vt -68.1352 8.4062
vt -67.2036 8.4062
vt -64.8627 8.4062
vt -66.1218 7.0312
vt -66.3879 7.0312
vt -66.3879 7.4813
vt -66.1218 7.4813
vt -66.1544 7.0312
vt -66.4204 7.0312
vt -66.4204 7.4813
vt -66.1544 7.4813
vt -66.1591 7.0663
vt -66.3506 7.0663
vt -66.3506 7.4463
vt -66.1591 7.4463
vt -66.1917 7.0663
vt -66.3832 7.0663
vt -66.3832 7.4463
vt -66.1917 7.4463
vt -67.5974 7.0312
vt -67.8634 7.0312
vt -67.8634 7.4813
vt -67.5974 7.4813
vt -67.6300 7.0312
vt -67.8960 7.0312
vt -67.8960 7.4813
vt -67.6300 7.4813
vt -67.6346 7.0663
vt -67.8262 7.0663
vt -67.8262 7.4463
vt -67.6346 7.4463
vt -67.6672 7.0663
vt -67.8587 7.0663
vt -67.8587 7.4463
vt -67.6672 7.4463
vt -66.8330 6.8063
vt -67.1522 6.8063
vt -67.1522 7.2313
vt -67.0724 7.3612
vt -66.9128 7.3612
vt -66.8330 7.2313
vt -66.8796 6.8063
vt -67.1988 6.8063
vt -67.1988 7.2313
vt -67.1190 7.3612
vt -66.9594 7.3612
vt -66.8796 7.2313
vt -66.8809 6.8513
vt -67.1043 6.8513
vt -67.1043 7.2313
vt -67.0485 7.3222
vt -66.9368 7.3222
vt -66.8809 7.2313
vt -66.9275 6.8513
vt -67.1509 6.8513
vt -67.1509 7.2313
vt -67.0950 7.3222
vt -66.9833 7.3222
vt -66.9275 7.2313
vt -66.7798 6.7962
vt -67.2054 6.7962
vt -67.2660 6.7962
vt -66.8404 6.7962
vt -66.7798 6.8362
vt -67.2054 6.8362
vt -67.2660 6.8362
vt -66.8404 6.8362
vt -67.8177 7.0312
vt -67.5849 7.0312
vt -67.5849 7.4813
vt -67.8177 7.4813
vt -67.8550 7.0312
vt -67.6221 7.0312
vt -67.6221 7.4813
vt -67.8550 7.4813
vt -67.7851 7.0663
vt -67.6175 7.0663
vt -67.6175 7.4463
vt -67.7851 7.4463
vt -67.8224 7.0663
vt -67.6547 7.0663
vt -67.6547 7.4463
vt -67.8224 7.4463
vt -66.8760 7.0312
vt -66.6100 7.0312
vt -66.6100 7.4813
vt -66.8760 7.4813
vt -66.8434 7.0312
vt -66.5773 7.0312
vt -66.5773 7.4813
vt -66.8434 7.4813
vt -66.8387 7.0663
vt -66.6472 7.0663
vt -66.6472 7.4463
vt -66.8387 7.4463
vt -66.8061 7.0663
vt -66.6146 7.0663
vt -66.6146 7.4463
vt -66.8061 7.4463
vt -66.1382 7.0312
vt -65.8722 7.0312
vt -65.8722 7.4813
vt -66.1382 7.4813
vt -66.1056 7.0312
vt -65.8396 7.0312
vt -65.8396 7.4813
vt -66.1056 7.4813
vt -66.1009 7.0663
vt -65.9094 7.0663
vt -65.9094 7.4463
vt -66.1009 7.4463
vt -66.0683 7.0663
vt -65.8768 7.0663
vt -65.8768 7.4463
vt -66.0683 7.4463
vt -65.4005 7.0312
vt -65.1344 7.0312
vt -65.1344 7.4813
vt -65.4005 7.4813
vt -65.3679 7.0312
vt -65.1018 7.0312
vt -65.1018 7.4813
vt -65.3679 7.4813
vt -65.3632 7.0663
vt -65.1717 7.0663
vt -65.1717 7.4463
vt -65.3632 7.4463
vt -65.3306 7.0663
vt -65.1391 7.0663
vt -65.1391 7.4463
vt -65.3306 7.4463
vt -65.1800 7.0312
vt -65.4129 7.0312
vt -65.4129 7.4813
vt -65.1800 7.4813
vt -65.1428 7.0312
vt -65.3757 7.0312
vt -65.3757 7.4813
vt -65.1428 7.4813
vt -65.2126 7.0663
vt -65.3803 7.0663
vt -65.3803 7.4463
vt -65.2126 7.4463
vt -65.1754 7.0663
vt -65.3431 7.0663
vt -65.3431 7.4463
vt -65.1754 7.4463
vt -65.7882 8.3313
vt -68.2249 8.3313
vt -67.2096 8.3313
vt -64.7729 8.3313
vt -65.7882 8.3663
vt -68.2249 8.3663
vt -67.2096 8.3663
vt -64.7729 8.3663
vt -65.7922 8.3313
vt -68.1651 8.3313
vt -67.2056 8.3313
vt -64.8327 8.3313
vt -65.7922 8.3663
vt -68.1651 8.3663
vt -67.2056 8.3663
vt -64.8327 8.3663
vt -65.7849 8.2762
vt -68.2748 8.2762
vt -67.2129 8.2762
vt -64.7229 8.2762
vt -65.7849 8.3462
vt -68.2748 8.3462
vt -67.2129 8.3462
vt -64.7229 8.3462
vt -65.7922 8.2762
vt -68.1651 8.2762
vt -67.2056 8.2762
vt -64.8327 8.2762
vt -65.7922 8.3462
vt -68.1651 8.3462
vt -67.2056 8.3462
vt -64.8327 8.3462
vt -65.7869 8.4213
vt -68.2449 8.4213
vt -67.2109 8.4213
vt -64.7529 8.4213
vt -65.7869 8.5962
vt -68.2449 8.5962
vt -67.2109 8.5962
vt -64.7529 8.5962
vt -65.8041 8.4213
vt -67.9855 8.4213
vt -67.1937 8.4213
vt -65.0123 8.4213
vt -65.8041 8.5962
vt -67.9855 8.5962
vt -67.1937 8.5962
vt -65.0123 8.5962
vt -65.6059 6.8688
vt -65.7922 6.8688
vt -65.7656 6.8688
vt -65.5793 6.8688
vt -65.6059 7.0062
vt -65.7922 7.0062
vt -65.7656 7.0062
vt -65.5793 7.0062
vt -65.7922 7.0488
vt -65.9412 7.0488
vt -65.9645 7.0488
vt -65.8155 7.0488
vt -65.7922 7.1863
vt -65.9412 7.1863
vt -65.9645 7.1863
vt -65.8155 7.1863
vt -65.6059 7.2287
vt -65.7922 7.2287
vt -65.7656 7.2287
vt -65.5793 7.2287
vt -65.6059 7.3662
vt -65.7922 7.3662
vt -65.7656 7.3662
vt -65.5793 7.3662
vt -65.7922 7.4088
vt -65.9412 7.4088
vt -65.9645 7.4088
vt -65.8155 7.4088
vt -65.7922 7.5462
vt -65.9412 7.5462
vt -65.9645 7.5462
vt -65.8155 7.5462
vt -67.9523 6.8688
vt -68.1651 6.8688
vt -68.1884 6.8688
vt -67.9755 6.8688
vt -67.9523 7.0062
vt -68.1651 7.0062
vt -68.1884 7.0062
vt -67.9755 7.0062
vt -68.1651 7.0488
vt -68.0347 7.0488
vt -68.0613 7.0488
vt -68.1917 7.0488
vt -68.1651 7.1863
vt -68.0347 7.1863
vt -68.0613 7.1863
vt -68.1917 7.1863
vt -67.9523 7.2287
vt -68.1651 7.2287
vt -68.1884 7.2287
vt -67.9755 7.2287
vt -67.9523 7.3662
vt -68.1651 7.3662
vt -68.1884 7.3662
vt -67.9755 7.3662
vt -68.1651 7.4088
vt -68.0347 7.4088
vt -68.0613 7.4088
vt -68.1917 7.4088
vt -68.1651 7.5462
vt -68.0347 7.5462
vt -68.0613 7.5462
vt -68.1917 7.5462
vt -67.3919 6.8688
vt -67.2056 6.8688
vt -67.2322 6.8688
vt -67.4185 6.8688
vt -67.3919 7.0062
vt -67.2056 7.0062
vt -67.2322 7.0062
vt -67.4185 7.0062
vt -67.2056 7.0488
vt -67.0567 7.0488
vt -67.0333 7.0488
vt -67.1823 7.0488
vt -67.2056 7.1863
vt -67.0567 7.1863
vt -67.0333 7.1863
vt -67.1823 7.1863
vt -67.3919 7.2287
vt -67.2056 7.2287
vt -67.2322 7.2287
vt -67.4185 7.2287
vt -67.3919 7.3662
vt -67.2056 7.3662
vt -67.2322 7.3662
vt -67.4185 7.3662
vt -67.2056 7.4088
vt -67.0567 7.4088
vt -67.0333 7.4088
vt -67.1823 7.4088
vt -67.2056 7.5462
vt -67.0567 7.5462
vt -67.0333 7.5462
vt -67.1823 7.5462
vt -65.0455 6.8688
vt -64.8327 6.8688
vt -64.8094 6.8688
vt -65.0222 6.8688
vt -65.0455 7.0062
vt -64.8327 7.0062
vt -64.8094 7.0062
vt -65.0222 7.0062
vt -64.8327 7.0488
vt -64.9631 7.0488
vt -64.9366 7.0488
vt -64.8061 7.0488
vt -64.8327 7.1863
vt -64.9631 7.1863
vt -64.9366 7.1863
vt -64.8061 7.1863
vt -65.0455 7.2287
vt -64.8327 7.2287
vt -64.8094 7.2287
vt -65.0222 7.2287
vt -65.0455 7.3662
vt -64.8327 7.3662
vt -64.8094 7.3662
vt -65.0222 7.3662
vt -64.8327 7.4088
vt -64.9631 7.4088
vt -64.9366 7.4088
vt -64.8061 7.4088
vt -64.8327 7.5462
vt -64.9631 7.5462
vt -64.9366 7.5462
vt -64.8061 7.5462
vt -64.6874 7.3644
vt -68.4917 7.3644
vt -71.1806 7.3644
vt -67.3763 7.3644
vt -64.6874 9.7644
vt -68.4917 9.7644
vt -71.1806 9.7644
vt -67.3763 9.7644
vt -64.9617 7.5894
vt -65.2070 7.5894
vt -65.2070 8.0394
vt -64.9617 8.0394
vt -64.9261 7.5894
vt -65.1714 7.5894
vt -65.1714 8.0394
vt -64.9261 8.0394
vt -64.9960 7.6244
vt -65.1726 7.6244
vt -65.1726 8.0044
vt -64.9960 8.0044
vt -64.9604 7.6244
vt -65.1370 7.6244
vt -65.1370 8.0044
vt -64.9604 8.0044
vt -64.9617 8.3894
vt -65.2070 8.3894
vt -65.2070 8.7144
vt -65.1457 8.8226
vt -65.0230 8.8226
vt -64.9617 8.7144
vt -64.9261 8.3894
vt -65.1714 8.3894
vt -65.1714 8.7144
vt -65.1100 8.8226
vt -64.9874 8.8226
vt -64.9261 8.7144
vt -64.9960 8.4244
vt -65.1726 8.4244
vt -65.1726 8.7144
vt -65.1285 8.7924
vt -65.0402 8.7924
vt -64.9960 8.7144
vt -64.9604 8.4244
vt -65.1370 8.4244
vt -65.1370 8.7144
vt -65.0929 8.7924
vt -65.0046 8.7924
vt -64.9604 8.7144
vt -65.6990 7.5894
vt -65.9443 7.5894
vt -65.9443 8.0394
vt -65.6990 8.0394
vt -65.6634 7.5894
vt -65.9086 7.5894
vt -65.9086 8.0394
vt -65.6634 8.0394
vt -65.7334 7.6244
vt -65.9100 7.6244
vt -65.9100 8.0044
vt -65.7334 8.0044
vt -65.6977 7.6244
vt -65.8743 7.6244
vt -65.8743 8.0044
vt -65.6977 8.0044
vt -65.6990 8.3894
vt -65.9443 8.3894
vt -65.9443 8.8394
vt -65.6990 8.8394
vt -65.6634 8.3894
vt -65.9086 8.3894
vt -65.9086 8.8394
vt -65.6634 8.8394
vt -65.7334 8.4244
vt -65.9100 8.4244
vt -65.9100 8.8044
vt -65.7334 8.8044
vt -65.6977 8.4244
vt -65.8743 8.4244
vt -65.8743 8.8044
vt -65.6977 8.8044
vt -66.4364 7.5894
vt -66.6816 7.5894
vt -66.6816 8.0394
vt -66.4364 8.0394
vt -66.4007 7.5894
vt -66.6460 7.5894
vt -66.6460 8.0394
vt -66.4007 8.0394
vt -66.4707 7.6244
vt -66.6473 7.6244
vt -66.6473 8.0044
vt -66.4707 8.0044
vt -66.4351 7.6244
vt -66.6116 7.6244
vt -66.6116 8.0044
vt -66.4351 8.0044
vt -66.4364 8.3894
vt -66.6816 8.3894
vt -66.6816 8.8394
vt -66.4364 8.8394
vt -66.4007 8.3894
vt -66.6460 8.3894
vt -66.6460 8.8394
vt -66.4007 8.8394
vt -66.4707 8.4244
vt -66.6473 8.4244
vt -66.6473 8.8044
vt -66.4707 8.8044
vt -66.4351 8.4244
vt -66.6116 8.4244
vt -66.6116 8.8044
vt -66.4351 8.8044
vt -67.1737 7.5894
vt -67.4190 7.5894
vt -67.4190 8.0394
vt -67.1737 8.0394
vt -67.1380 7.5894
vt -67.3833 7.5894
vt -67.3833 8.0394
vt -67.1380 8.0394
vt -67.2080 7.6244
vt -67.3846 7.6244
vt -67.3846 8.0044
vt -67.2080 8.0044
vt -67.1724 7.6244
vt -67.3490 7.6244
vt -67.3490 8.0044
vt -67.1724 8.0044
vt -67.1737 8.3894
vt -67.4190 8.3894
vt -67.4190 8.8394
vt -67.1737 8.8394
vt -67.1380 8.3894
vt -67.3833 8.3894
vt -67.3833 8.8394
vt -67.1380 8.8394
vt -67.2080 8.4244
vt -67.3846 8.4244
vt -67.3846 8.8044
vt -67.2080 8.8044
vt -67.1724 8.4244
vt -67.3490 8.4244
vt -67.3490 8.8044
vt -67.1724 8.8044
vt -67.9110 7.5894
vt -68.1563 7.5894
vt -68.1563 8.0394
vt -67.9110 8.0394
vt -67.8753 7.5894
vt -68.1206 7.5894
vt -68.1206 8.0394
vt -67.8753 8.0394
vt -67.9453 7.6244
vt -68.1219 7.6244
vt -68.1219 8.0044
vt -67.9453 8.0044
vt -67.9097 7.6244
vt -68.0863 7.6244
vt -68.0863 8.0044
vt -67.9097 8.0044
vt -67.9110 8.3894
vt -68.1563 8.3894
vt -68.1563 8.8394
vt -67.9110 8.8394
vt -67.8753 8.3894
vt -68.1206 8.3894
vt -68.1206 8.8394
vt -67.8753 8.8394
vt -67.9453 8.4244
vt -68.1219 8.4244
vt -68.1219 8.8044
vt -67.9453 8.8044
vt -67.9097 8.4244
vt -68.0863 8.4244
vt -68.0863 8.8044
vt -67.9097 8.8044
vt -68.8827 7.5894
vt -69.1374 7.5894
vt -69.1374 8.0394
vt -68.8827 8.0394
vt -68.9171 7.5894
vt -69.1717 7.5894
vt -69.1717 8.0394
vt -68.9171 8.0394
vt -68.9184 7.6244
vt -69.1017 7.6244
vt -69.1017 8.0044
vt -68.9184 8.0044
vt -68.9527 7.6244
vt -69.1360 7.6244
vt -69.1360 8.0044
vt -68.9527 8.0044
vt -68.8827 8.3894
vt -69.1374 8.3894
vt -69.1374 8.8394
vt -68.8827 8.8394
vt -68.9171 8.3894
vt -69.1717 8.3894
vt -69.1717 8.8394
vt -68.9171 8.8394
vt -68.9184 8.4244
vt -69.1017 8.4244
vt -69.1017 8.8044
vt -68.9184 8.8044
vt -68.9527 8.4244
vt -69.1360 8.4244
vt -69.1360 8.8044
vt -68.9527 8.8044
vt -69.7383 7.5894
vt -69.9929 7.5894
vt -69.9929 8.0394
vt -69.7383 8.0394
vt -69.7726 7.5894
vt -70.0273 7.5894
vt -70.0273 8.0394
vt -69.7726 8.0394
vt -69.7739 7.6244
vt -69.9573 7.6244
vt -69.9573 8.0044
vt -69.7739 8.0044
vt -69.8083 7.6244
vt -69.9916 7.6244
vt -69.9916 8.0044
vt -69.8083 8.0044
vt -69.7383 8.3894
vt -69.9929 8.3894
vt -69.9929 8.8394
vt -69.7383 8.8394
vt -69.7726 8.3894
vt -70.0273 8.3894
vt -70.0273 8.8394
vt -69.7726 8.8394
vt -69.7739 8.4244
vt -69.9573 8.4244
vt -69.9573 8.8044
vt -69.7739 8.8044
vt -69.8083 8.4244
vt -69.9916 8.4244
vt -69.9916 8.8044
vt -69.8083 8.8044
vt -70.5939 7.5894
vt -70.8485 7.5894
vt -70.8485 8.0394
vt -70.5939 8.0394
vt -70.6282 7.5894
vt -70.8828 7.5894
vt -70.8828 8.0394
vt -70.6282 8.0394
vt -70.6295 7.6244
vt -70.8128 7.6244
vt -70.8128 8.0044
vt -70.6295 8.0044
vt -70.6638 7.6244
vt -70.8472 7.6244
vt -70.8472 8.0044
vt -70.6638 8.0044
vt -70.5939 8.3894
vt -70.8485 8.3894
vt -70.8485 8.7144
vt -70.7848 8.8226
vt -70.6575 8.8226
vt -70.5939 8.7144
vt -70.6282 8.3894
vt -70.8828 8.3894
vt -70.8828 8.7144
vt -70.8191 8.8226
vt -70.6919 8.8226
vt -70.6282 8.7144
vt -70.6295 8.4244
vt -70.8128 8.4244
vt -70.8128 8.7144
vt -70.7670 8.7924
vt -70.6753 8.7924
vt -70.6295 8.7144
vt -70.6638 8.4244
vt -70.8472 8.4244
vt -70.8472 8.7144
vt -70.8013 8.7924
vt -70.7097 8.7924
vt -70.6638 8.7144
vt -70.9063 7.5894
vt -70.6610 7.5894
vt -70.6610 8.0394
vt -70.9063 8.0394
vt -70.9419 7.5894
vt -70.6967 7.5894
vt -70.6967 8.0394
vt -70.9419 8.0394
vt -70.8719 7.6244
vt -70.6953 7.6244
vt -70.6953 8.0044
vt -70.8719 8.0044
vt -70.9076 7.6244
vt -70.7310 7.6244
vt -70.7310 8.0044
vt -70.9076 8.0044
vt -70.9063 8.3894
vt -70.6610 8.3894
vt -70.6610 8.8394
vt -70.9063 8.8394
vt -70.9419 8.3894
vt -70.6967 8.3894
vt -70.6967 8.8394
vt -70.9419 8.8394
vt -70.8719 8.4244
vt -70.6953 8.4244
vt -70.6953 8.8044
vt -70.8719 8.8044
vt -70.9076 8.4244
vt -70.7310 8.4244
vt -70.7310 8.8044
vt -70.9076 8.8044
vt -70.1690 7.5894
vt -69.9237 7.5894
vt -69.9237 8.0394
vt -70.1690 8.0394
vt -70.2046 7.5894
vt -69.9594 7.5894
vt -69.9594 8.0394
vt -70.2046 8.0394
vt -70.1346 7.6244
vt -69.9580 7.6244
vt -69.9580 8.0044
vt -70.1346 8.0044
vt -70.1703 7.6244
vt -69.9937 7.6244
vt -69.9937 8.0044
vt -70.1703 8.0044
vt -70.1690 8.3894
vt -69.9237 8.3894
vt -69.9237 8.7144
vt -69.9850 8.8226
vt -70.1076 8.8226
vt -70.1690 8.7144
vt -70.2046 8.3894
vt -69.9594 8.3894
vt -69.9594 8.7144
vt -70.0207 8.8226
vt -70.1433 8.8226
vt -70.2046 8.7144
vt -70.1346 8.4244
vt -69.9580 8.4244
vt -69.9580 8.7144
vt -70.0022 8.7924
vt -70.0905 8.7924
vt -70.1346 8.7144
vt -70.1703 8.4244
vt -69.9937 8.4244
vt -69.9937 8.7144
vt -70.0378 8.7924
vt -70.1261 8.7924
vt -70.1703 8.7144
vt -69.4316 8.3894
vt -69.1864 8.3894
vt -69.1864 8.8394
vt -69.4316 8.8394
vt -69.4673 8.3894
vt -69.2220 8.3894
vt -69.2220 8.8394
vt -69.4673 8.8394
vt -69.3973 8.4244
vt -69.2207 8.4244
vt -69.2207 8.8044
vt -69.3973 8.8044
vt -69.4330 8.4244
vt -69.2564 8.4244
vt -69.2564 8.8044
vt -69.4330 8.8044
vt -68.6943 7.5894
vt -68.4490 7.5894
vt -68.4490 8.0394
vt -68.6943 8.0394
vt -68.7300 7.5894
vt -68.4847 7.5894
vt -68.4847 8.0394
vt -68.7300 8.0394
vt -68.6600 7.6244
vt -68.4834 7.6244
vt -68.4834 8.0044
vt -68.6600 8.0044
vt -68.6956 7.6244
vt -68.5191 7.6244
vt -68.5191 8.0044
vt -68.6956 8.0044
vt -68.6943 8.3894
vt -68.4490 8.3894
vt -68.4490 8.7144
vt -68.5104 8.8226
vt -68.6330 8.8226
vt -68.6943 8.7144
vt -68.7300 8.3894
vt -68.4847 8.3894
vt -68.4847 8.7144
vt -68.5460 8.8226
vt -68.6687 8.8226
vt -68.7300 8.7144
vt -68.6600 8.4244
vt -68.4834 8.4244
vt -68.4834 8.7144
vt -68.5275 8.7924
vt -68.6159 8.7924
vt -68.6600 8.7144
vt -68.6956 8.4244
vt -68.5191 8.4244
vt -68.5191 8.7144
vt -68.5632 8.7924
vt -68.6515 8.7924
vt -68.6956 8.7144
vt -67.9570 7.5894
vt -67.7117 7.5894
vt -67.7117 8.0394
vt -67.9570 8.0394
vt -67.9927 7.5894
vt -67.7474 7.5894
vt -67.7474 8.0394
vt -67.9927 8.0394
vt -67.9227 7.6244
vt -67.7461 7.6244
vt -67.7461 8.0044
vt -67.9227 8.0044
vt -67.9583 7.6244
vt -67.7817 7.6244
vt -67.7817 8.0044
vt -67.9583 8.0044
vt -67.9570 8.3894
vt -67.7117 8.3894
vt -67.7117 8.7144
vt -67.7731 8.8226
vt -67.8957 8.8226
vt -67.9570 8.7144
vt -67.9927 8.3894
vt -67.7474 8.3894
vt -67.7474 8.7144
vt -67.8087 8.8226
vt -67.9314 8.8226
vt -67.9927 8.7144
vt -67.9227 8.4244
vt -67.7461 8.4244
vt -67.7461 8.7144
vt -67.7903 8.7924
vt -67.8785 8.7924
vt -67.9227 8.7144
vt -67.9583 8.4244
vt -67.7817 8.4244
vt -67.7817 8.7144
vt -67.8259 8.7924
vt -67.9142 8.7924
vt -67.9583 8.7144
vt -69.4562 7.3644
vt -69.1619 7.3644
vt -69.1619 7.9394
vt -69.4562 7.9394
vt -69.5071 7.3644
vt -69.2128 7.3644
vt -69.2128 7.9394
vt -69.5071 7.9394
vt -69.4120 7.4094
vt -69.2060 7.4094
vt -69.2060 7.8944
vt -69.4120 7.8944
vt -69.4630 7.4094
vt -69.2569 7.4094
vt -69.2569 7.8944
vt -69.4630 7.8944
vt -69.5052 7.3544
vt -69.1128 7.3544
vt -69.1790 7.3544
vt -69.5714 7.3544
vt -69.5052 7.3944
vt -69.1128 7.3944
vt -69.1790 7.3944
vt -69.5714 7.3944
vt -66.9853 7.5894
vt -66.7307 7.5894
vt -66.7307 8.0394
vt -66.9853 8.0394
vt -66.9509 7.5894
vt -66.6963 7.5894
vt -66.6963 8.0394
vt -66.9509 8.0394
vt -66.9496 7.6244
vt -66.7663 7.6244
vt -66.7663 8.0044
vt -66.9496 8.0044
vt -66.9153 7.6244
vt -66.7320 7.6244
vt -66.7320 8.0044
vt -66.9153 8.0044
vt -66.9853 8.3894
vt -66.7307 8.3894
vt -66.7307 8.8394
vt -66.9853 8.8394
vt -66.9509 8.3894
vt -66.6963 8.3894
vt -66.6963 8.8394
vt -66.9509 8.8394
vt -66.9496 8.4244
vt -66.7663 8.4244
vt -66.7663 8.8044
vt -66.9496 8.8044
vt -66.9153 8.4244
vt -66.7320 8.4244
vt -66.7320 8.8044
vt -66.9153 8.8044
vt -66.1297 7.5894
vt -65.8751 7.5894
vt -65.8751 8.0394
vt -66.1297 8.0394
vt -66.0954 7.5894
vt -65.8408 7.5894
vt -65.8408 8.0394
vt -66.0954 8.0394
vt -66.0941 7.6244
vt -65.9107 7.6244
vt -65.9107 8.0044
vt -66.0941 8.0044
vt -66.0597 7.6244
vt -65.8764 7.6244
vt -65.8764 8.0044
vt -66.0597 8.0044
vt -66.1297 8.3894
vt -65.8751 8.3894
vt -65.8751 8.8394
vt -66.1297 8.8394
vt -66.0954 8.3894
vt -65.8408 8.3894
vt -65.8408 8.8394
vt -66.0954 8.8394
vt -66.0941 8.4244
vt -65.9107 8.4244
vt -65.9107 8.8044
vt -66.0941 8.8044
vt -66.0597 8.4244
vt -65.8764 8.4244
vt -65.8764 8.8044
vt -66.0597 8.8044
vt -65.2742 7.5894
vt -65.0195 7.5894
vt -65.0195 8.0394
vt -65.2742 8.0394
vt -65.2398 7.5894
vt -64.9852 7.5894
vt -64.9852 8.0394
vt -65.2398 8.0394
vt -65.2385 7.6244
vt -65.0552 7.6244
vt -65.0552 8.0044
vt -65.2385 8.0044
vt -65.2042 7.6244
vt -65.0208 7.6244
vt -65.0208 8.0044
vt -65.2042 8.0044
vt -65.2742 8.3894
vt -65.0195 8.3894
vt -65.0195 8.8394
vt -65.2742 8.8394
vt -65.2398 8.3894
vt -64.9852 8.3894
vt -64.9852 8.8394
vt -65.2398 8.8394
vt -65.2385 8.4244
vt -65.0552 8.4244
vt -65.0552 8.8044
vt -65.2385 8.8044
vt -65.2042 8.4244
vt -65.0208 8.4244
vt -65.0208 8.8044
vt -65.2042 8.8044
vt -64.5974 9.6894
vt -68.4900 9.6894
vt -71.2706 9.6894
vt -67.3780 9.6894
vt -64.5974 9.7244
vt -68.4900 9.7244
vt -71.2706 9.7244
vt -67.3780 9.7244
vt -64.6574 9.6894
vt -68.4912 9.6894
vt -71.2106 9.6894
vt -67.3768 9.6894
vt -64.6574 9.7244
vt -68.4912 9.7244
vt -71.2106 9.7244
vt -67.3768 9.7244
vt -64.5474 9.6344
vt -68.4891 9.6344
vt -71.3206 9.6344
vt -67.3789 9.6344
vt -64.5474 9.7044
vt -68.4891 9.7044
vt -71.3206 9.7044
vt -67.3789 9.7044
vt -64.6574 9.6344
vt -68.4912 9.6344
vt -71.2106 9.6344
vt -67.3768 9.6344
vt -64.6574 9.7044
vt -68.4912 9.7044
vt -71.2106 9.7044
vt -67.3768 9.7044
vt -64.5774 9.7794
vt -68.4896 9.7794
vt -71.2906 9.7794
vt -67.3784 9.7794
vt -64.5774 9.9544
vt -68.4896 9.9544
vt -71.2906 9.9544
vt -67.3784 9.9544
vt -64.8374 9.7794
vt -68.4945 9.7794
vt -71.0306 9.7794
vt -67.3735 9.7794
vt -64.8374 9.9544
vt -68.4945 9.9544
vt -71.0306 9.9544
vt -67.3735 9.9544
vt -64.8611 7.4269
vt -64.6574 7.4269
vt -64.6329 7.4269
vt -64.8366 7.4269
vt -64.8611 7.5644
vt -64.6574 7.5644
vt -64.6329 7.5644
vt -64.8366 7.5644
vt -64.6574 7.6069
vt -64.7947 7.6069
vt -64.7693 7.6069
vt -64.6319 7.6069
vt -64.6574 7.7444
vt -64.7947 7.7444
vt -64.7693 7.7444
vt -64.6319 7.7444
vt -64.8611 7.7869
vt -64.6574 7.7869
vt -64.6329 7.7869
vt -64.8366 7.7869
vt -64.8611 7.9244
vt -64.6574 7.9244
vt -64.6329 7.9244
vt -64.8366 7.9244
vt -64.6574 7.9669
vt -64.7947 7.9669
vt -64.7693 7.9669
vt -64.6319 7.9669
vt -64.6574 8.1044
vt -64.7947 8.1044
vt -64.7693 8.1044
vt -64.6319 8.1044
vt -68.2949 7.4269
vt -68.4912 7.4269
vt -68.4657 7.4269
vt -68.2695 7.4269
vt -68.2949 7.5644
vt -68.4912 7.5644
vt -68.4657 7.5644
vt -68.2695 7.5644
vt -68.4912 7.6069
vt -68.6338 7.6069
vt -68.6582 7.6069
vt -68.5157 7.6069
vt -68.4912 7.7444
vt -68.6338 7.7444
vt -68.6582 7.7444
vt -68.5157 7.7444
vt -68.2949 7.7869
vt -68.4912 7.7869
vt -68.4657 7.7869
vt -68.2695 7.7869
vt -68.2949 7.9244
vt -68.4912 7.9244
vt -68.4657 7.9244
vt -68.2695 7.9244
vt -68.4912 7.9669
vt -68.6338 7.9669
vt -68.6582 7.9669
vt -68.5157 7.9669
vt -68.4912 8.1044
vt -68.6338 8.1044
vt -68.6582 8.1044
vt -68.5157 8.1044
vt -71.0069 7.4269
vt -71.2106 7.4269
vt -71.2352 7.4269
vt -71.0314 7.4269
vt -71.0069 7.5644
vt -71.2106 7.5644
vt -71.2352 7.5644
vt -71.0314 7.5644
vt -71.2106 7.6069
vt -71.0732 7.6069
vt -71.0987 7.6069
vt -71.2361 7.6069
vt -71.2106 7.7444
vt -71.0732 7.7444
vt -71.0987 7.7444
vt -71.2361 7.7444
vt -71.0069 7.7869
vt -71.2106 7.7869
vt -71.2352 7.7869
vt -71.0314 7.7869
vt -71.0069 7.9244
vt -71.2106 7.9244
vt -71.2352 7.9244
vt -71.0314 7.9244
vt -71.2106 7.9669
vt -71.0732 7.9669
vt -71.0987 7.9669
vt -71.2361 7.9669
vt -71.2106 8.1044
vt -71.0732 8.1044
vt -71.0987 8.1044
vt -71.2361 8.1044
vt -67.5731 7.4269
vt -67.3768 7.4269
vt -67.4023 7.4269
vt -67.5985 7.4269
vt -67.5731 7.5644
vt -67.3768 7.5644
vt -67.4023 7.5644
vt -67.5985 7.5644
vt -67.3768 7.6069
vt -67.2343 7.6069
vt -67.2097 7.6069
vt -67.3523 7.6069
vt -67.3768 7.7444
vt -67.2343 7.7444
vt -67.2097 7.7444
vt -67.3523 7.7444
vt -67.5731 7.7869
vt -67.3768 7.7869
vt -67.4023 7.7869
vt -67.5985 7.7869
vt -67.5731 7.9244
vt -67.3768 7.9244
vt -67.4023 7.9244
vt -67.5985 7.9244
vt -67.3768 7.9669
vt -67.2343 7.9669
vt -67.2097 7.9669
vt -67.3523 7.9669
vt -67.3768 8.1044
vt -67.2343 8.1044
vt -67.2097 8.1044
vt -67.3523 8.1044
vt -73.9499 7.1776
vt -74.3445 7.1776
vt -75.7991 7.1776
vt -75.4045 7.1776
vt -73.9499 8.7776
vt -74.3445 8.7776
vt -75.7991 8.7776
vt -75.4045 8.7776
vt -73.9867 7.4026
vt -74.0390 7.4026
vt -74.0390 7.8526
vt -73.9867 7.8526
vt -73.9377 7.4026
vt -73.9901 7.4026
vt -73.9901 7.8526
vt -73.9377 7.8526
vt -73.9940 7.4376
vt -74.0317 7.4376
vt -74.0317 7.8176
vt -73.9940 7.8176
vt -73.9450 7.4376
vt -73.9827 7.4376
vt -73.9827 7.8176
vt -73.9450 7.8176
vt -74.1715 7.4026
vt -74.2238 7.4026
vt -74.2238 7.8526
vt -74.1715 7.8526
vt -74.1225 7.4026
vt -74.1748 7.4026
vt -74.1748 7.8526
vt -74.1225 7.8526
vt -74.1788 7.4376
vt -74.2165 7.4376
vt -74.2165 7.8176
vt -74.1788 7.8176
vt -74.1298 7.4376
vt -74.1675 7.4376
vt -74.1675 7.8176
vt -74.1298 7.8176
vt -74.0738 7.1776
vt -74.1366 7.1776
vt -74.1366 7.7527
vt -74.0738 7.7527
vt -74.0039 7.1776
vt -74.0667 7.1776
vt -74.0667 7.7527
vt -74.0039 7.7527
vt -74.0832 7.2226
vt -74.1272 7.2226
vt -74.1272 7.7077
vt -74.0832 7.7077
vt -74.0133 7.2226
vt -74.0573 7.2226
vt -74.0573 7.7077
vt -74.0133 7.7077
vt -74.0634 7.1677
vt -74.1471 7.1677
vt -74.0562 7.1677
vt -73.9724 7.1677
vt -74.0634 7.2077
vt -74.1471 7.2077
vt -74.0562 7.2077
vt -73.9724 7.2077
vt -74.9032 7.4026
vt -75.2529 7.4026
vt -75.2529 7.8526
vt -74.9032 7.8526
vt -74.9106 7.4026
vt -75.2602 7.4026
vt -75.2602 7.8526
vt -74.9106 7.8526
vt -74.9522 7.4376
vt -75.2039 7.4376
vt -75.2039 7.8176
vt -74.9522 7.8176
vt -74.9595 7.4376
vt -75.2113 7.4376
vt -75.2113 7.8176
vt -74.9595 7.8176
vt -75.7623 7.4026
vt -75.7099 7.4026
vt -75.7099 7.8526
vt -75.7623 7.8526
vt -75.8112 7.4026
vt -75.7589 7.4026
vt -75.7589 7.8526
vt -75.8112 7.8526
vt -75.7550 7.4376
vt -75.7173 7.4376
vt -75.7173 7.8176
vt -75.7550 7.8176
vt -75.8039 7.4376
vt -75.7662 7.4376
vt -75.7662 7.8176
vt -75.8039 7.8176
vt -75.5775 7.4026
vt -75.5251 7.4026
vt -75.5251 7.8526
vt -75.5775 7.8526
vt -75.6265 7.4026
vt -75.5741 7.4026
vt -75.5741 7.8526
vt -75.6265 7.8526
vt -75.5702 7.4376
vt -75.5325 7.4376
vt -75.5325 7.8176
vt -75.5702 7.8176
vt -75.6191 7.4376
vt -75.5814 7.4376
vt -75.5814 7.8176
vt -75.6191 7.8176
vt -74.8457 7.4026
vt -74.4960 7.4026
vt -74.4960 7.8526
vt -74.8457 7.8526
vt -74.8384 7.4026
vt -74.4887 7.4026
vt -74.4887 7.8526
vt -74.8384 7.8526
vt -74.7967 7.4376
vt -74.5450 7.4376
vt -74.5450 7.8176
vt -74.7967 7.8176
vt -74.7894 7.4376
vt -74.5377 7.4376
vt -74.5377 7.8176
vt -74.7894 7.8176
vt -73.8775 8.7027
vt -74.2910 8.7027
vt -75.8715 8.7027
vt -75.4579 8.7027
vt -73.8775 8.7377
vt -74.2910 8.7377
vt -75.8715 8.7377
vt -75.4579 8.7377
vt -73.9257 8.7027
vt -74.3267 8.7027
vt -75.8232 8.7027
vt -75.4223 8.7027
vt -73.9257 8.7377
vt -74.3267 8.7377
vt -75.8232 8.7377
vt -75.4223 8.7377
vt -73.8373 8.6477
vt -74.2613 8.6477
vt -75.9117 8.6477
vt -75.4877 8.6477
vt -73.8373 8.7176
vt -74.2613 8.7176
vt -75.9117 8.7176
vt -75.4877 8.7176
vt -73.9257 8.6477
vt -74.3267 8.6477
vt -75.8232 8.6477
vt -75.4223 8.6477
vt -73.9257 8.7176
vt -74.3267 8.7176
vt -75.8232 8.7176
vt -75.4223 8.7176
vt -73.8614 8.7927
vt -74.2791 8.7927
vt -75.8875 8.7927
vt -75.4699 8.7927
vt -73.8614 8.9676
vt -74.2791 8.9676
vt -75.8875 8.9676
vt -75.4699 8.9676
vt -74.0705 8.7927
vt -74.4337 8.7927
vt -75.6785 8.7927
vt -75.3153 8.7927
vt -74.0705 8.9676
vt -74.4337 8.9676
vt -75.6785 8.9676
vt -75.3153 8.9676
vt -74.2055 7.2401
vt -73.9257 7.2401
vt -73.9205 7.2401
vt -74.2002 7.2401
vt -74.2055 7.3777
vt -73.9257 7.3777
vt -73.9205 7.3777
vt -74.2002 7.3777
vt -73.9257 7.4201
vt -73.9551 7.4201
vt -73.9201 7.4201
vt -73.8908 7.4201
vt -73.9257 7.5576
vt -73.9551 7.5576
vt -73.9201 7.5576
vt -73.8908 7.5576
vt -74.2055 7.6002
vt -73.9257 7.6002
vt -73.9205 7.6002
vt -74.2002 7.6002
vt -74.2055 7.7376
vt -73.9257 7.7376
vt -73.9205 7.7376
vt -74.2002 7.7376
vt -73.9257 7.7801
vt -73.9551 7.7801
vt -73.9201 7.7801
vt -73.8908 7.7801
vt -73.9257 7.9177
vt -73.9551 7.9177
vt -73.9201 7.9177
vt -73.8908 7.9177
vt -75.5435 7.2401
vt -75.8232 7.2401
vt -75.8284 7.2401
vt -75.5487 7.2401
vt -75.5435 7.3777
vt -75.8232 7.3777
vt -75.8284 7.3777
vt -75.5487 7.3777
vt -75.8232 7.4201
vt -75.7939 7.4201
vt -75.8288 7.4201
vt -75.8582 7.4201
vt -75.8232 7.5576
vt -75.7939 7.5576
vt -75.8288 7.5576
vt -75.8582 7.5576
vt -75.5435 7.6002
vt -75.8232 7.6002
vt -75.8284 7.6002
vt -75.5487 7.6002
vt -75.5435 7.7376
vt -75.8232 7.7376
vt -75.8284 7.7376
vt -75.5487 7.7376
vt -75.8232 7.7801
vt -75.7939 7.7801
vt -75.8288 7.7801
vt -75.8582 7.7801
vt -75.8232 7.9177
vt -75.7939 7.9177
vt -75.8288 7.9177
vt -75.8582 7.9177
vt -74.2848 7.2401
vt -74.3267 7.2401
vt -74.2917 7.2401
vt -74.2498 7.2401
vt -74.2848 7.3777
vt -74.3267 7.3777
vt -74.2917 7.3777
vt -74.2498 7.3777
vt -74.3267 7.4201
vt -74.5225 7.4201
vt -74.5277 7.4201
vt -74.3319 7.4201
vt -74.3267 7.5576
vt -74.5225 7.5576
vt -74.5277 7.5576
vt -74.3319 7.5576
vt -74.2848 7.6002
vt -74.3267 7.6002
vt -74.2917 7.6002
vt -74.2498 7.6002
vt -74.2848 7.7376
vt -74.3267 7.7376
vt -74.2917 7.7376
vt -74.2498 7.7376
vt -74.3267 7.7801
vt -74.5225 7.7801
vt -74.5277 7.7801
vt -74.3319 7.7801
vt -74.3267 7.9177
vt -74.5225 7.9177
vt -74.5277 7.9177
vt -74.3319 7.9177
vt -75.4642 7.2401
vt -75.4223 7.2401
vt -75.4572 7.2401
vt -75.4991 7.2401
vt -75.4642 7.3777
vt -75.4223 7.3777
vt -75.4572 7.3777
vt -75.4991 7.3777
vt -75.4223 7.4201
vt -75.2265 7.4201
vt -75.2212 7.4201
vt -75.4171 7.4201
vt -75.4223 7.5576
vt -75.2265 7.5576
vt -75.2212 7.5576
vt -75.4171 7.5576
vt -75.4642 7.6002
vt -75.4223 7.6002
vt -75.4572 7.6002
vt -75.4991 7.6002
vt -75.4642 7.7376
vt -75.4223 7.7376
vt -75.4572 7.7376
vt -75.4991 7.7376
vt -75.4223 7.7801
vt -75.2265 7.7801
vt -75.2212 7.7801
vt -75.4171 7.7801
vt -75.4223 7.9177
vt -75.2265 7.9177
vt -75.2212 7.9177
vt -75.4171 7.9177
vt -70.9650 6.7714
vt -71.9853 6.7714
vt -73.0446 6.7714
vt -72.0242 6.7714
vt -70.9650 9.1714
vt -71.9853 9.1714
vt -73.0446 9.1714
vt -72.0242 9.1714
vt -71.3220 6.9964
vt -71.5672 6.9964
vt -71.5672 7.4464
vt -71.3220 7.4464
vt -71.2863 6.9964
vt -71.5316 6.9964
vt -71.5316 7.4464
vt -71.2863 7.4464
vt -71.3563 7.0314
vt -71.5329 7.0314
vt -71.5329 7.4114
vt -71.3563 7.4114
vt -71.3206 7.0314
vt -71.4972 7.0314
vt -71.4972 7.4114
vt -71.3206 7.4114
vt -71.3220 7.7964
vt -71.5672 7.7964
vt -71.5672 8.1214
vt -71.5059 8.2297
vt -71.3832 8.2297
vt -71.3220 8.1214
vt -71.2863 7.7964
vt -71.5316 7.7964
vt -71.5316 8.1214
vt -71.4703 8.2297
vt -71.3476 8.2297
vt -71.2863 8.1214
vt -71.3563 7.8314
vt -71.5329 7.8314
vt -71.5329 8.1214
vt -71.4887 8.1993
vt -71.4004 8.1993
vt -71.3563 8.1214
vt -71.3206 7.8314
vt -71.4972 7.8314
vt -71.4972 8.1214
vt -71.4531 8.1993
vt -71.3648 8.1993
vt -71.3206 8.1214
vt -72.4171 6.9964
vt -72.6717 6.9964
vt -72.6717 7.4464
vt -72.4171 7.4464
vt -72.4514 6.9964
vt -72.7061 6.9964
vt -72.7061 7.4464
vt -72.4514 7.4464
vt -72.4527 7.0314
vt -72.6360 7.0314
vt -72.6360 7.4114
vt -72.4527 7.4114
vt -72.4871 7.0314
vt -72.6704 7.0314
vt -72.6704 7.4114
vt -72.4871 7.4114
vt -72.4171 7.7964
vt -72.6717 7.7964
vt -72.6717 8.1214
vt -72.6081 8.2297
vt -72.4807 8.2297
vt -72.4171 8.1214
vt -72.4514 7.7964
vt -72.7061 7.7964
vt -72.7061 8.1214
vt -72.6424 8.2297
vt -72.5151 8.2297
vt -72.4514 8.1214
vt -72.4527 7.8314
vt -72.6360 7.8314
vt -72.6360 8.1214
vt -72.5902 8.1993
vt -72.4985 8.1993
vt -72.4527 8.1214
vt -72.4871 7.8314
vt -72.6704 7.8314
vt -72.6704 8.1214
vt -72.6245 8.1993
vt -72.5329 8.1993
vt -72.4871 8.1214
vt -72.6876 7.7964
vt -72.4423 7.7964
vt -72.4423 8.2464
vt -72.6876 8.2464
vt -72.7233 7.7964
vt -72.4780 7.7964
vt -72.4780 8.2464
vt -72.7233 8.2464
vt -72.6532 7.8314
vt -72.4767 7.8314
vt -72.4767 8.2114
vt -72.6532 8.2114
vt -72.6889 7.8314
vt -72.5123 7.8314
vt -72.5123 8.2114
vt -72.6889 8.2114
vt -72.7121 6.7714
vt -72.4178 6.7714
vt -72.4178 7.3464
vt -72.7121 7.3464
vt -72.7631 6.7714
vt -72.4687 6.7714
vt -72.4687 7.3464
vt -72.7631 7.3464
vt -72.6680 6.8164
vt -72.4619 6.8164
vt -72.4619 7.3014
vt -72.6680 7.3014
vt -72.7189 6.8164
vt -72.5129 6.8164
vt -72.5129 7.3014
vt -72.7189 7.3014
vt -72.7612 6.7614
vt -72.3687 6.7614
vt -72.4350 6.7614
vt -72.8274 6.7614
vt -72.7612 6.8014
vt -72.3687 6.8014
vt -72.4350 6.8014
vt -72.8274 6.8014
vt -71.5924 6.9964
vt -71.3378 6.9964
vt -71.3378 7.4464
vt -71.5924 7.4464
vt -71.5581 6.9964
vt -71.3035 6.9964
vt -71.3035 7.4464
vt -71.5581 7.4464
vt -71.5568 7.0314
vt -71.3735 7.0314
vt -71.3735 7.4114
vt -71.5568 7.4114
vt -71.5225 7.0314
vt -71.3392 7.0314
vt -71.3392 7.4114
vt -71.5225 7.4114
vt -71.5924 7.7964
vt -71.3378 7.7964
vt -71.3378 8.2464
vt -71.5924 8.2464
vt -71.5581 7.7964
vt -71.3035 7.7964
vt -71.3035 8.2464
vt -71.5581 8.2464
vt -71.5568 7.8314
vt -71.3735 7.8314
vt -71.3735 8.2114
vt -71.5568 8.2114
vt -71.5225 7.8314
vt -71.3392 7.8314
vt -71.3392 8.2114
vt -71.5225 8.2114
vt -70.8749 9.0964
vt -71.9836 9.0964
vt -73.1346 9.0964
vt -72.0259 9.0964
vt -70.8749 9.1314
vt -71.9836 9.1314
vt -73.1346 9.1314
vt -72.0259 9.1314
vt -70.9350 9.0964
vt -71.9848 9.0964
vt -73.0746 9.0964
vt -72.0248 9.0964
vt -70.9350 9.1314
vt -71.9848 9.1314
vt -73.0746 9.1314
vt -72.0248 9.1314
vt -70.8250 9.0414
vt -71.9827 9.0414
vt -73.1846 9.0414
vt -72.0269 9.0414
vt -70.8250 9.1114
vt -71.9827 9.1114
vt -73.1846 9.1114
vt -72.0269 9.1114
vt -70.9350 9.0414
vt -71.9848 9.0414
vt -73.0746 9.0414
vt -72.0248 9.0414
vt -70.9350 9.1114
vt -71.9848 9.1114
vt -73.0746 9.1114
vt -72.0248 9.1114
vt -70.8550 9.1864
vt -71.9833 9.1864
vt -73.1546 9.1864
vt -72.0262 9.1864
vt -70.8550 9.3614
vt -71.9833 9.3614
vt -73.1546 9.3614
vt -72.0262 9.3614
vt -71.1149 9.1864
vt -71.9881 9.1864
vt -72.8946 9.1864
vt -72.0214 9.1864
vt -71.1149 9.3614
vt -71.9881 9.3614
vt -72.8946 9.3614
vt -72.0214 9.3614
vt -71.1386 6.8339
vt -70.9350 6.8339
vt -70.9104 6.8339
vt -71.1141 6.8339
vt -71.1386 6.9714
vt -70.9350 6.9714
vt -70.9104 6.9714
vt -71.1141 6.9714
vt -70.9350 7.0139
vt -71.0723 7.0139
vt -71.0468 7.0139
vt -70.9095 7.0139
vt -70.9350 7.1514
vt -71.0723 7.1514
vt -71.0468 7.1514
vt -70.9095 7.1514
vt -71.1386 7.1939
vt -70.9350 7.1939
vt -70.9104 7.1939
vt -71.1141 7.1939
vt -71.1386 7.3314
vt -70.9350 7.3314
vt -70.9104 7.3314
vt -71.1141 7.3314
vt -70.9350 7.3739
vt -71.0723 7.3739
vt -71.0468 7.3739
vt -70.9095 7.3739
vt -70.9350 7.5114
vt -71.0723 7.5114
vt -71.0468 7.5114
vt -70.9095 7.5114
vt -71.7886 6.8339
vt -71.9848 6.8339
vt -71.9593 6.8339
vt -71.7631 6.8339
vt -71.7886 6.9714
vt -71.9848 6.9714
vt -71.9593 6.9714
vt -71.7631 6.9714
vt -71.9848 7.0139
vt -72.1274 7.0139
vt -72.1519 7.0139
vt -72.0093 7.0139
vt -71.9848 7.1514
vt -72.1274 7.1514
vt -72.1519 7.1514
vt -72.0093 7.1514
vt -71.7886 7.1939
vt -71.9848 7.1939
vt -71.9593 7.1939
vt -71.7631 7.1939
vt -71.7886 7.3314
vt -71.9848 7.3314
vt -71.9593 7.3314
vt -71.7631 7.3314
vt -71.9848 7.3739
vt -72.1274 7.3739
vt -72.1519 7.3739
vt -72.0093 7.3739
vt -71.9848 7.5114
vt -72.1274 7.5114
vt -72.1519 7.5114
vt -72.0093 7.5114
vt -72.8709 6.8339
vt -73.0746 6.8339
vt -73.0991 6.8339
vt -72.8954 6.8339
vt -72.8709 6.9714
vt -73.0746 6.9714
vt -73.0991 6.9714
vt -72.8954 6.9714
vt -73.0746 7.0139
vt -72.9372 7.0139
vt -72.9627 7.0139
vt -73.1000 7.0139
vt -73.0746 7.1514
vt -72.9372 7.1514
vt -72.9627 7.1514
vt -73.1000 7.1514
vt -72.8709 7.1939
vt -73.0746 7.1939
vt -73.0991 7.1939
vt -72.8954 7.1939
vt -72.8709 7.3314
vt -73.0746 7.3314
vt -73.0991 7.3314
vt -72.8954 7.3314
vt -73.0746 7.3739
vt -72.9372 7.3739
vt -72.9627 7.3739
vt -73.1000 7.3739
vt -73.0746 7.5114
vt -72.9372 7.5114
vt -72.9627 7.5114
vt -73.1000 7.5114
vt -72.2210 6.8339
vt -72.0248 6.8339
vt -72.0503 6.8339
vt -72.2465 6.8339
vt -72.2210 6.9714
vt -72.0248 6.9714
vt -72.0503 6.9714
vt -72.2465 6.9714
vt -72.0248 7.0139
vt -71.8822 7.0139
vt -71.8576 7.0139
vt -72.0003 7.0139
vt -72.0248 7.1514
vt -71.8822 7.1514
vt -71.8576 7.1514
vt -72.0003 7.1514
vt -72.2210 7.1939
vt -72.0248 7.1939
vt -72.0503 7.1939
vt -72.2465 7.1939
vt -72.2210 7.3314
vt -72.0248 7.3314
vt -72.0503 7.3314
vt -72.2465 7.3314
vt -72.0248 7.3739
vt -71.8822 7.3739
vt -71.8576 7.3739
vt -72.0003 7.3739
vt -72.0248 7.5114
vt -71.8822 7.5114
vt -71.8576 7.5114
vt -72.0003 7.5114
vt -78.7276 5.8796
vt -80.5754 5.8796
vt -81.6208 5.8796
vt -79.7729 5.8796
vt -78.7276 7.4796
vt -80.5754 7.4796
vt -81.6208 7.4796
vt -79.7729 7.4796
vt -79.0731 6.1046
vt -79.2916 6.1046
vt -79.2916 6.5546
vt -79.0731 6.5546
vt -79.0342 6.1046
vt -79.2526 6.1046
vt -79.2526 6.5546
vt -79.0342 6.5546
vt -79.1037 6.1396
vt -79.2610 6.1396
vt -79.2610 6.5196
vt -79.1037 6.5196
vt -79.0648 6.1396
vt -79.2221 6.1396
vt -79.2221 6.5196
vt -79.0648 6.5196
vt -79.9447 6.1046
vt -80.1631 6.1046
vt -80.1631 6.5546
vt -79.9447 6.5546
vt -79.9057 6.1046
vt -80.1242 6.1046
vt -80.1242 6.5546
vt -79.9057 6.5546
vt -79.9753 6.1396
vt -80.1325 6.1396
vt -80.1325 6.5196
vt -79.9753 6.5196
vt -79.9363 6.1396
vt -80.0936 6.1396
vt -80.0936 6.5196
vt -79.9363 6.5196
vt -80.9853 6.1046
vt -81.2633 6.1046
vt -81.2633 6.5546
vt -80.9853 6.5546
vt -81.0159 6.1046
vt -81.2939 6.1046
vt -81.2939 6.5546
vt -81.0159 6.5546
vt -81.0242 6.1396
vt -81.2244 6.1396
vt -81.2244 6.5196
vt -81.0242 6.5196
vt -81.0548 6.1396
vt -81.2550 6.1396
vt -81.2550 6.5196
vt -81.0548 6.5196
vt -81.2751 6.1046
vt -81.0567 6.1046
vt -81.0567 6.5546
vt -81.2751 6.5546
vt -81.3141 6.1046
vt -81.0956 6.1046
vt -81.0956 6.5546
vt -81.3141 6.5546
vt -81.2445 6.1396
vt -81.0873 6.1396
vt -81.0873 6.5196
vt -81.2445 6.5196
vt -81.2835 6.1396
vt -81.1262 6.1396
vt -81.1262 6.5196
vt -81.2835 6.5196
vt -80.4036 6.1046
vt -80.1852 6.1046
vt -80.1852 6.5546
vt -80.4036 6.5546
vt -80.4425 6.1046
vt -80.2241 6.1046
vt -80.2241 6.5546
vt -80.4425 6.5546
vt -80.3731 6.1396
vt -80.2158 6.1396
vt -80.2158 6.5196
vt -80.3731 6.5196
vt -80.4120 6.1396
vt -80.2547 6.1396
vt -80.2547 6.5196
vt -80.4120 6.5196
vt -80.8612 5.8796
vt -80.5991 5.8796
vt -80.5991 6.3046
vt -80.6646 6.4345
vt -80.7957 6.4345
vt -80.8612 6.3046
vt -80.9168 5.8796
vt -80.6547 5.8796
vt -80.6547 6.3046
vt -80.7202 6.4345
vt -80.8513 6.4345
vt -80.9168 6.3046
vt -80.8219 5.9245
vt -80.6384 5.9245
vt -80.6384 6.3046
vt -80.6843 6.3955
vt -80.7760 6.3955
vt -80.8219 6.3046
vt -80.8775 5.9245
vt -80.6940 5.9245
vt -80.6940 6.3046
vt -80.7399 6.3955
vt -80.8316 6.3955
vt -80.8775 6.3046
vt -80.9049 5.8696
vt -80.5554 5.8696
vt -80.6277 5.8696
vt -80.9772 5.8696
vt -80.9049 5.9096
vt -80.5554 5.9096
vt -80.6277 5.9096
vt -80.9772 5.9096
vt -79.3630 6.1046
vt -79.0850 6.1046
vt -79.0850 6.5546
vt -79.3630 6.5546
vt -79.3324 6.1046
vt -79.0544 6.1046
vt -79.0544 6.5546
vt -79.3324 6.5546
vt -79.3241 6.1396
vt -79.1239 6.1396
vt -79.1239 6.5196
vt -79.3241 6.5196
vt -79.2935 6.1396
vt -79.0934 6.1396
vt -79.0934 6.5196
vt -79.2935 6.5196
vt -78.6382 7.4046
vt -80.5647 7.4046
vt -81.7101 7.4046
vt -79.7836 7.4046
vt -78.6382 7.4396
vt -80.5647 7.4396
vt -81.7101 7.4396
vt -79.7836 7.4396
vt -78.6977 7.4046
vt -80.5718 7.4046
vt -81.6505 7.4046
vt -79.7764 7.4046
vt -78.6977 7.4396
vt -80.5718 7.4396
vt -81.6505 7.4396
vt -79.7764 7.4396
vt -78.5886 7.3496
vt -80.5587 7.3496
vt -81.7597 7.3496
vt -79.7896 7.3496
vt -78.5886 7.4196
vt -80.5587 7.4196
vt -81.7597 7.4196
vt -79.7896 7.4196
vt -78.6977 7.3496
vt -80.5718 7.3496
vt -81.6505 7.3496
vt -79.7764 7.3496
vt -78.6977 7.4196
vt -80.5718 7.4196
vt -81.6505 7.4196
vt -79.7764 7.4196
vt -78.6183 7.4946
vt -80.5623 7.4946
vt -81.7300 7.4946
vt -79.7860 7.4946
vt -78.6183 7.6696
vt -80.5623 7.6696
vt -81.7300 7.6696
vt -79.7860 7.6696
vt -78.8765 7.4946
vt -80.5933 7.4946
vt -81.4718 7.4946
vt -79.7550 7.4946
vt -78.8765 7.6696
vt -80.5933 7.6696
vt -81.4718 7.6696
vt -79.7550 7.6696
vt -78.9202 5.9421
vt -78.6977 5.9421
vt -78.6759 5.9421
vt -78.8983 5.9421
vt -78.9202 6.0796
vt -78.6977 6.0796
vt -78.6759 6.0796
vt -78.8983 6.0796
vt -78.6977 6.1221
vt -78.8201 6.1221
vt -78.7923 6.1221
vt -78.6700 6.1221
vt -78.6977 6.2596
vt -78.8201 6.2596
vt -78.7923 6.2596
vt -78.6700 6.2596
vt -78.9202 6.3021
vt -78.6977 6.3021
vt -78.6759 6.3021
vt -78.8983 6.3021
vt -78.9202 6.4396
vt -78.6977 6.4396
vt -78.6759 6.4396
vt -78.8983 6.4396
vt -78.6977 6.4821
vt -78.8201 6.4821
vt -78.7923 6.4821
vt -78.6700 6.4821
vt -78.6977 6.6196
vt -78.8201 6.6196
vt -78.7923 6.6196
vt -78.6700 6.6196
vt -80.3971 5.9421
vt -80.5718 5.9421
vt -80.5441 5.9421
vt -80.3693 5.9421
vt -80.3971 6.0796
vt -80.5718 6.0796
vt -80.5441 6.0796
vt -80.3693 6.0796
vt -80.5718 6.1221
vt -80.7275 6.1221
vt -80.7494 6.1221
vt -80.5937 6.1221
vt -80.5718 6.2596
vt -80.7275 6.2596
vt -80.7494 6.2596
vt -80.5937 6.2596
vt -80.3971 6.3021
vt -80.5718 6.3021
vt -80.5441 6.3021
vt -80.3693 6.3021
vt -80.3971 6.4396
vt -80.5718 6.4396
vt -80.5441 6.4396
vt -80.3693 6.4396
vt -80.5718 6.4821
vt -80.7275 6.4821
vt -80.7494 6.4821
vt -80.5937 6.4821
vt -80.5718 6.6196
vt -80.7275 6.6196
vt -80.7494 6.6196
vt -80.5937 6.6196
vt -81.4281 5.9421
vt -81.6505 5.9421
vt -81.6724 5.9421
vt -81.4499 5.9421
vt -81.4281 6.0796
vt -81.6505 6.0796
vt -81.6724 6.0796
vt -81.4499 6.0796
vt -81.6505 6.1221
vt -81.5282 6.1221
vt -81.5560 6.1221
vt -81.6783 6.1221
vt -81.6505 6.2596
vt -81.5282 6.2596
vt -81.5560 6.2596
vt -81.6783 6.2596
vt -81.4281 6.3021
vt -81.6505 6.3021
vt -81.6724 6.3021
vt -81.4499 6.3021
vt -81.4281 6.4396
vt -81.6505 6.4396
vt -81.6724 6.4396
vt -81.4499 6.4396
vt -81.6505 6.4821
vt -81.5282 6.4821
vt -81.5560 6.4821
vt -81.6783 6.4821
vt -81.6505 6.6196
vt -81.5282 6.6196
vt -81.5560 6.6196
vt -81.6783 6.6196
vt -79.9512 5.9421
vt -79.7764 5.9421
vt -79.8042 5.9421
vt -79.9790 5.9421
vt -79.9512 6.0796
vt -79.7764 6.0796
vt -79.8042 6.0796
vt -79.9790 6.0796
vt -79.7764 6.1221
vt -79.6208 6.1221
vt -79.5989 6.1221
vt -79.7546 6.1221
vt -79.7764 6.2596
vt -79.6208 6.2596
vt -79.5989 6.2596
vt -79.7546 6.2596
vt -79.9512 6.3021
vt -79.7764 6.3021
vt -79.8042 6.3021
vt -79.9790 6.3021
vt -79.9512 6.4396
vt -79.7764 6.4396
vt -79.8042 6.4396
vt -79.9790 6.4396
vt -79.7764 6.4821
vt -79.6208 6.4821
vt -79.5989 6.4821
vt -79.7546 6.4821
vt -79.7764 6.6196
vt -79.6208 6.6196
vt -79.5989 6.6196
vt -79.7546 6.6196
vt -77.6141 7.0219
vt -77.4978 7.0219
vt -79.5906 7.0219
vt -79.7069 7.0219
vt -77.6141 9.4219
vt -77.4978 9.4219
vt -79.5906 9.4219
vt -79.7069 9.4219
vt -77.5283 8.0469
vt -77.4990 8.0469
vt -77.4990 8.4969
vt -77.5283 8.4969
vt -77.4790 8.0469
vt -77.4496 8.0469
vt -77.4496 8.4969
vt -77.4790 8.4969
vt -77.5242 8.0819
vt -77.5031 8.0819
vt -77.5031 8.4619
vt -77.5242 8.4619
vt -77.4749 8.0819
vt -77.4537 8.0819
vt -77.4537 8.4619
vt -77.4749 8.4619
vt -77.5312 7.0219
vt -77.4960 7.0219
vt -77.4960 7.4469
vt -77.5048 7.5768
vt -77.5224 7.5768
vt -77.5312 7.4469
vt -77.4608 7.0219
vt -77.4256 7.0219
vt -77.4256 7.4469
vt -77.4343 7.5768
vt -77.4520 7.5768
vt -77.4608 7.4469
vt -77.5260 7.0669
vt -77.5013 7.0669
vt -77.5013 7.4469
vt -77.5075 7.5378
vt -77.5198 7.5378
vt -77.5260 7.4469
vt -77.4555 7.0669
vt -77.4308 7.0669
vt -77.4308 7.4469
vt -77.4370 7.5378
vt -77.4493 7.5378
vt -77.4555 7.4469
vt -77.5371 7.0119
vt -77.4902 7.0119
vt -77.3985 7.0119
vt -77.4455 7.0119
vt -77.5371 7.0519
vt -77.4902 7.0519
vt -77.3985 7.0519
vt -77.4455 7.0519
vt -77.8835 7.2469
vt -78.2359 7.2469
vt -78.2359 7.6969
vt -77.8835 7.6969
vt -77.8795 7.2469
vt -78.2318 7.2469
vt -78.2318 7.6969
vt -77.8795 7.6969
vt -77.9329 7.2819
vt -78.1866 7.2819
vt -78.1866 7.6619
vt -77.9329 7.6619
vt -77.9288 7.2819
vt -78.1825 7.2819
vt -78.1825 7.6619
vt -77.9288 7.6619
vt -77.8835 8.0469
vt -78.2359 8.0469
vt -78.2359 8.3719
vt -78.1478 8.4802
vt -77.9716 8.4802
vt -77.8835 8.3719
vt -77.8795 8.0469
vt -78.2318 8.0469
vt -78.2318 8.3719
vt -78.1437 8.4802
vt -77.9676 8.4802
vt -77.8795 8.3719
vt -77.9329 8.0819
vt -78.1866 8.0819
vt -78.1866 8.3719
vt -78.1232 8.4498
vt -77.9963 8.4498
vt -77.9329 8.3719
vt -77.9288 8.0819
vt -78.1825 8.0819
vt -78.1825 8.3719
vt -78.1191 8.4498
vt -77.9922 8.4498
vt -77.9288 8.3719
vt -78.8455 7.2469
vt -79.1978 7.2469
vt -79.1978 7.6969
vt -78.8455 7.6969
vt -78.8413 7.2469
vt -79.1936 7.2469
vt -79.1936 7.6969
vt -78.8413 7.6969
vt -78.8948 7.2819
vt -79.1484 7.2819
vt -79.1484 7.6619
vt -78.8948 7.6619
vt -78.8907 7.2819
vt -79.1443 7.2819
vt -79.1443 7.6619
vt -78.8907 7.6619
vt -78.8455 8.0469
vt -79.1978 8.0469
vt -79.1978 8.4969
vt -78.8455 8.4969
vt -78.8413 8.0469
vt -79.1936 8.0469
vt -79.1936 8.4969
vt -78.8413 8.4969
vt -78.8948 8.0819
vt -79.1484 8.0819
vt -79.1484 8.4619
vt -78.8948 8.4619
vt -78.8907 8.0819
vt -79.1443 8.0819
vt -79.1443 8.4619
vt -78.8907 8.4619
vt -79.6763 7.2469
vt -79.7057 7.2469
vt -79.7057 7.6969
vt -79.6763 7.6969
vt -79.7257 7.2469
vt -79.7550 7.2469
vt -79.7550 7.6969
vt -79.7257 7.6969
vt -79.6805 7.2819
vt -79.7016 7.2819
vt -79.7016 7.6619
vt -79.6805 7.6619
vt -79.7298 7.2819
vt -79.7510 7.2819
vt -79.7510 7.6619
vt -79.7298 7.6619
vt -79.6763 8.0469
vt -79.7057 8.0469
vt -79.7057 8.4969
vt -79.6763 8.4969
vt -79.7257 8.0469
vt -79.7550 8.0469
vt -79.7550 8.4969
vt -79.7257 8.4969
vt -79.6805 8.0819
vt -79.7016 8.0819
vt -79.7016 8.4619
vt -79.6805 8.4619
vt -79.7298 8.0819
vt -79.7510 8.0819
vt -79.7510 8.4619
vt -79.7298 8.4619
vt -79.3211 7.2469
vt -78.9688 7.2469
vt -78.9688 7.6969
vt -79.3211 7.6969
vt -79.3252 7.2469
vt -78.9729 7.2469
vt -78.9729 7.6969
vt -79.3252 7.6969
vt -79.2717 7.2819
vt -79.0181 7.2819
vt -79.0181 7.6619
vt -79.2717 7.6619
vt -79.2759 7.2819
vt -79.0222 7.2819
vt -79.0222 7.6619
vt -79.2759 7.6619
vt -79.3211 8.0469
vt -78.9688 8.0469
vt -78.9688 8.4969
vt -79.3211 8.4969
vt -79.3252 8.0469
vt -78.9729 8.0469
vt -78.9729 8.4969
vt -79.3252 8.4969
vt -79.2717 8.0819
vt -79.0181 8.0819
vt -79.0181 8.4619
vt -79.2717 8.4619
vt -79.2759 8.0819
vt -79.0222 8.0819
vt -79.0222 8.4619
vt -79.2759 8.4619
vt -78.3592 7.2469
vt -78.0069 7.2469
vt -78.0069 7.6969
vt -78.3592 7.6969
vt -78.3633 7.2469
vt -78.0110 7.2469
vt -78.0110 7.6969
vt -78.3633 7.6969
vt -78.3099 7.2819
vt -78.0562 7.2819
vt -78.0562 7.6619
vt -78.3099 7.6619
vt -78.3140 7.2819
vt -78.0603 7.2819
vt -78.0603 7.6619
vt -78.3140 7.6619
vt -78.3592 8.0469
vt -78.0069 8.0469
vt -78.0069 8.4969
vt -78.3592 8.4969
vt -78.3633 8.0469
vt -78.0110 8.0469
vt -78.0110 8.4969
vt -78.3633 8.4969
vt -78.3099 8.0819
vt -78.0562 8.0819
vt -78.0562 8.4619
vt -78.3099 8.4619
vt -78.3140 8.0819
vt -78.0603 8.0819
vt -78.0603 8.4619
vt -78.3140 8.4619
vt -77.5559 9.3469
vt -77.4291 9.3469
vt -79.6488 9.3469
vt -79.7756 9.3469
vt -77.5559 9.3819
vt -77.4291 9.3819
vt -79.6488 9.3819
vt -79.7756 9.3819
vt -77.5946 9.3469
vt -77.4749 9.3469
vt -79.6100 9.3469
vt -79.7298 9.3469
vt -77.5946 9.3819
vt -77.4749 9.3819
vt -79.6100 9.3819
vt -79.7298 9.3819
vt -77.5236 9.2919
vt -77.3909 9.2919
vt -79.6810 9.2919
vt -79.8138 9.2919
vt -77.5236 9.3619
vt -77.3909 9.3619
vt -79.6810 9.3619
vt -79.8138 9.3619
vt -77.5946 9.2919
vt -77.4749 9.2919
vt -79.6100 9.2919
vt -79.7298 9.2919
vt -77.5946 9.3619
vt -77.4749 9.3619
vt -79.6100 9.3619
vt -79.7298 9.3619
vt -77.5430 9.4369
vt -77.4138 9.4369
vt -79.6617 9.4369
vt -79.7908 9.4369
vt -77.5430 9.6119
vt -77.4138 9.6119
vt -79.6617 9.6119
vt -79.7908 9.6119
vt -77.7109 9.4369
vt -77.6123 9.4369
vt -79.4937 9.4369
vt -79.5924 9.4369
vt -77.7109 9.6119
vt -77.6123 9.6119
vt -79.4937 9.6119
vt -79.5924 9.6119
vt -77.8765 7.0844
vt -77.5946 7.0844
vt -77.5976 7.0844
vt -77.8794 7.0844
vt -77.8765 7.2219
vt -77.5946 7.2219
vt -77.5976 7.2219
vt -77.8794 7.2219
vt -77.5946 7.2644
vt -77.5782 7.2644
vt -77.5430 7.2644
vt -77.5595 7.2644
vt -77.5946 7.4019
vt -77.5782 7.4019
vt -77.5430 7.4019
vt -77.5595 7.4019
vt -77.8765 7.4444
vt -77.5946 7.4444
vt -77.5976 7.4444
vt -77.8794 7.4444
vt -77.8765 7.5819
vt -77.5946 7.5819
vt -77.5976 7.5819
vt -77.8794 7.5819
vt -77.5946 7.6244
vt -77.5782 7.6244
vt -77.5430 7.6244
vt -77.5595 7.6244
vt -77.5946 7.7619
vt -77.5782 7.7619
vt -77.5430 7.7619
vt -77.5595 7.7619
vt -79.3282 7.0844
vt -79.6100 7.0844
vt -79.6071 7.0844
vt -79.3252 7.0844
vt -79.3282 7.2219
vt -79.6100 7.2219
vt -79.6071 7.2219
vt -79.3252 7.2219
vt -79.6100 7.2644
vt -79.6264 7.2644
vt -79.6617 7.2644
vt -79.6452 7.2644
vt -79.6100 7.4019
vt -79.6264 7.4019
vt -79.6617 7.4019
vt -79.6452 7.4019
vt -79.3282 7.4444
vt -79.6100 7.4444
vt -79.6071 7.4444
vt -79.3252 7.4444
vt -79.3282 7.5819
vt -79.6100 7.5819
vt -79.6071 7.5819
vt -79.3252 7.5819
vt -79.6100 7.6244
vt -79.6264 7.6244
vt -79.6617 7.6244
vt -79.6452 7.6244
vt -79.6100 7.7619
vt -79.6264 7.7619
vt -79.6617 7.7619
vt -79.6452 7.7619
vt -77.4984 7.0844
vt -77.4749 7.0844
vt -77.4396 7.0844
vt -77.4631 7.0844
vt -77.4984 7.2219
vt -77.4749 7.2219
vt -77.4396 7.2219
vt -77.4631 7.2219
vt -77.4749 7.2644
vt -77.6722 7.2644
vt -77.6692 7.2644
vt -77.4719 7.2644
vt -77.4749 7.4019
vt -77.6722 7.4019
vt -77.6692 7.4019
vt -77.4719 7.4019
vt -77.4984 7.4444
vt -77.4749 7.4444
vt -77.4396 7.4444
vt -77.4631 7.4444
vt -77.4984 7.5819
vt -77.4749 7.5819
vt -77.4396 7.5819
vt -77.4631 7.5819
vt -77.4749 7.6244
vt -77.6722 7.6244
vt -77.6692 7.6244
vt -77.4719 7.6244
vt -77.4749 7.7619
vt -77.6722 7.7619
vt -77.6692 7.7619
vt -77.4719 7.7619
vt -79.7063 7.0844
vt -79.7298 7.0844
vt -79.7650 7.0844
vt -79.7415 7.0844
vt -79.7063 7.2219
vt -79.7298 7.2219
vt -79.7650 7.2219
vt -79.7415 7.2219
vt -79.7298 7.2644
vt -79.5325 7.2644
vt -79.5354 7.2644
vt -79.7327 7.2644
vt -79.7298 7.4019
vt -79.5325 7.4019
vt -79.5354 7.4019
vt -79.7327 7.4019
vt -79.7063 7.4444
vt -79.7298 7.4444
vt -79.7650 7.4444
vt -79.7415 7.4444
vt -79.7063 7.5819
vt -79.7298 7.5819
vt -79.7650 7.5819
vt -79.7415 7.5819
vt -79.7298 7.6244
vt -79.5325 7.6244
vt -79.5354 7.6244
vt -79.7327 7.6244
vt -79.7298 7.7619
vt -79.5325 7.7619
vt -79.5354 7.7619
vt -79.7327 7.7619
vt -56.4066 7.8317
vt -51.6957 7.8317
vt -53.2932 7.8317
vt -58.0041 7.8317
vt -56.4066 9.4317
vt -51.6957 9.4317
vt -53.2932 9.4317
vt -58.0041 9.4317
vt -55.9855 8.0567
vt -55.7285 8.0567
vt -55.7285 8.5067
vt -55.9855 8.5067
vt -55.9515 8.0567
vt -55.6945 8.0567
vt -55.6945 8.5067
vt -55.9515 8.5067
vt -55.9495 8.0917
vt -55.7645 8.0917
vt -55.7645 8.4717
vt -55.9495 8.4717
vt -55.9155 8.0917
vt -55.7305 8.0917
vt -55.7305 8.4717
vt -55.9155 8.4717
vt -55.0680 8.0567
vt -54.8110 8.0567
vt -54.8110 8.5067
vt -55.0680 8.5067
vt -55.0340 8.0567
vt -54.7770 8.0567
vt -54.7770 8.5067
vt -55.0340 8.5067
vt -55.0320 8.0917
vt -54.8469 8.0917
vt -54.8469 8.4717
vt -55.0320 8.4717
vt -54.9980 8.0917
vt -54.8130 8.0917
vt -54.8130 8.4717
vt -54.9980 8.4717
vt -53.2330 8.0567
vt -52.9760 8.0567
vt -52.9760 8.5067
vt -53.2330 8.5067
vt -53.1989 8.0567
vt -52.9419 8.0567
vt -52.9419 8.5067
vt -53.1989 8.5067
vt -53.1970 8.0917
vt -53.0119 8.0917
vt -53.0119 8.4717
vt -53.1970 8.4717
vt -53.1630 8.0917
vt -52.9780 8.0917
vt -52.9780 8.4717
vt -53.1630 8.4717
vt -52.3154 8.0567
vt -52.0585 8.0567
vt -52.0585 8.5067
vt -52.3154 8.5067
vt -52.2815 8.0567
vt -52.0244 8.0567
vt -52.0244 8.5067
vt -52.2815 8.5067
vt -52.2795 8.0917
vt -52.0944 8.0917
vt -52.0944 8.4717
vt -52.2795 8.4717
vt -52.2455 8.0917
vt -52.0604 8.0917
vt -52.0604 8.4717
vt -52.2455 8.4717
vt -54.1762 7.8317
vt -53.8678 7.8317
vt -53.8678 8.2567
vt -53.9449 8.3866
vt -54.0991 8.3866
vt -54.1762 8.2567
vt -54.1276 7.8317
vt -53.8192 7.8317
vt -53.8192 8.2567
vt -53.8963 8.3866
vt -54.0505 8.3866
vt -54.1276 8.2567
vt -54.1299 7.8767
vt -53.9140 7.8767
vt -53.9140 8.2567
vt -53.9680 8.3476
vt -54.0759 8.3476
vt -54.1299 8.2567
vt -54.0814 7.8767
vt -53.8655 7.8767
vt -53.8655 8.2567
vt -53.9195 8.3476
vt -54.0274 8.3476
vt -54.0814 8.2567
vt -54.2276 7.8217
vt -53.8164 7.8217
vt -53.7532 7.8217
vt -54.1644 7.8217
vt -54.2276 7.8617
vt -53.8164 7.8617
vt -53.7532 7.8617
vt -54.1644 7.8617
vt -51.9719 8.0567
vt -52.2147 8.0567
vt -52.2147 8.5067
vt -51.9719 8.5067
vt -51.9360 8.0567
vt -52.1788 8.0567
vt -52.1788 8.5067
vt -51.9360 8.5067
vt -52.0059 8.0917
vt -52.1807 8.0917
vt -52.1807 8.4717
vt -52.0059 8.4717
vt -51.9700 8.0917
vt -52.1448 8.0917
vt -52.1448 8.4717
vt -51.9700 8.4717
vt -52.7125 8.0567
vt -52.9552 8.0567
vt -52.9552 8.5067
vt -52.7125 8.5067
vt -52.6764 8.0567
vt -52.9192 8.0567
vt -52.9192 8.5067
vt -52.6764 8.5067
vt -52.7464 8.0917
vt -52.9213 8.0917
vt -52.9213 8.4717
vt -52.7464 8.4717
vt -52.7105 8.0917
vt -52.8853 8.0917
vt -52.8853 8.4717
vt -52.7105 8.4717
vt -53.7143 8.0567
vt -53.9713 8.0567
vt -53.9713 8.5067
vt -53.7143 8.5067
vt -53.7482 8.0567
vt -54.0053 8.0567
vt -54.0053 8.5067
vt -53.7482 8.5067
vt -53.7503 8.0917
vt -53.9353 8.0917
vt -53.9353 8.4717
vt -53.7503 8.4717
vt -53.7843 8.0917
vt -53.9693 8.0917
vt -53.9693 8.4717
vt -53.7843 8.4717
vt -54.6318 8.0567
vt -54.8888 8.0567
vt -54.8888 8.5067
vt -54.6318 8.5067
vt -54.6658 8.0567
vt -54.9228 8.0567
vt -54.9228 8.5067
vt -54.6658 8.5067
vt -54.6678 8.0917
vt -54.8528 8.0917
vt -54.8528 8.4717
vt -54.6678 8.4717
vt -54.7017 8.0917
vt -54.8868 8.0917
vt -54.8868 8.4717
vt -54.7017 8.4717
vt -55.5493 8.0567
vt -55.8063 8.0567
vt -55.8063 8.5067
vt -55.5493 8.5067
vt -55.5833 8.0567
vt -55.8403 8.0567
vt -55.8403 8.5067
vt -55.5833 8.5067
vt -55.5853 8.0917
vt -55.7703 8.0917
vt -55.7703 8.4717
vt -55.5853 8.4717
vt -55.6193 8.0917
vt -55.8043 8.0917
vt -55.8043 8.4717
vt -55.6193 8.4717
vt -56.4668 8.0567
vt -56.7238 8.0567
vt -56.7238 8.5067
vt -56.4668 8.5067
vt -56.5008 8.0567
vt -56.7578 8.0567
vt -56.7578 8.5067
vt -56.5008 8.5067
vt -56.5028 8.0917
vt -56.6878 8.0917
vt -56.6878 8.4717
vt -56.5028 8.4717
vt -56.5368 8.0917
vt -56.7219 8.0917
vt -56.7219 8.4717
vt -56.5368 8.4717
vt -57.3843 8.0567
vt -57.6413 8.0567
vt -57.6413 8.5067
vt -57.3843 8.5067
vt -57.4183 8.0567
vt -57.6753 8.0567
vt -57.6753 8.5067
vt -57.4183 8.5067
vt -57.4203 8.0917
vt -57.6054 8.0917
vt -57.6054 8.4717
vt -57.4203 8.4717
vt -57.4543 8.0917
vt -57.6393 8.0917
vt -57.6393 8.4717
vt -57.4543 8.4717
vt -57.7278 8.0567
vt -57.4850 8.0567
vt -57.4850 8.5067
vt -57.7278 8.5067
vt -57.7638 8.0567
vt -57.5210 8.0567
vt -57.5210 8.5067
vt -57.7638 8.5067
vt -57.6938 8.0917
vt -57.5190 8.0917
vt -57.5190 8.4717
vt -57.6938 8.4717
vt -57.7299 8.0917
vt -57.5550 8.0917
vt -57.5550 8.4717
vt -57.7299 8.4717
vt -56.9874 8.0567
vt -56.7445 8.0567
vt -56.7445 8.5067
vt -56.9874 8.5067
vt -57.0233 8.0567
vt -56.7805 8.0567
vt -56.7805 8.5067
vt -57.0233 8.5067
vt -56.9533 8.0917
vt -56.7785 8.0917
vt -56.7785 8.4717
vt -56.9533 8.4717
vt -56.9893 8.0917
vt -56.8145 8.0917
vt -56.8145 8.4717
vt -56.9893 8.4717
vt -56.4091 9.3567
vt -51.6057 9.3567
vt -53.2906 9.3567
vt -58.0941 9.3567
vt -56.4091 9.3917
vt -51.6057 9.3917
vt -53.2906 9.3917
vt -58.0941 9.3917
vt -56.4074 9.3567
vt -51.6656 9.3567
vt -53.2924 9.3567
vt -58.0341 9.3567
vt -56.4074 9.3917
vt -51.6656 9.3917
vt -53.2924 9.3917
vt -58.0341 9.3917
vt -56.4105 9.3017
vt -51.5557 9.3017
vt -53.2892 9.3017
vt -58.1441 9.3017
vt -56.4105 9.3717
vt -51.5557 9.3717
vt -53.2892 9.3717
vt -58.1441 9.3717
vt -56.4074 9.3017
vt -51.6656 9.3017
vt -53.2924 9.3017
vt -58.0341 9.3017
vt -56.4074 9.3717
vt -51.6656 9.3717
vt -53.2924 9.3717
vt -58.0341 9.3717
vt -56.4097 9.4467
vt -51.5857 9.4467
vt -53.2901 9.4467
vt -58.1141 9.4467
vt -56.4097 9.6217
vt -51.5857 9.6217
vt -53.2901 9.6217
vt -58.1141 9.6217
vt -56.4023 9.4467
vt -51.8456 9.4467
vt -53.2975 9.4467
vt -57.8542 9.4467
vt -56.4023 9.6217
vt -51.8456 9.6217
vt -53.2975 9.6217
vt -57.8542 9.6217
vt -56.6017 7.8942
vt -56.4074 7.8942
vt -56.4331 7.8942
vt -56.6274 7.8942
vt -56.6017 8.0317
vt -56.4074 8.0317
vt -56.4331 8.0317
vt -56.6274 8.0317
vt -56.4074 8.0742
vt -56.2635 8.0742
vt -56.2392 8.0742
vt -56.3831 8.0742
vt -56.4074 8.2117
vt -56.2635 8.2117
vt -56.2392 8.2117
vt -56.3831 8.2117
vt -56.6017 8.2542
vt -56.4074 8.2542
vt -56.4331 8.2542
vt -56.6274 8.2542
vt -56.6017 8.3917
vt -56.4074 8.3917
vt -56.4331 8.3917
vt -56.6274 8.3917
vt -56.4074 8.4342
vt -56.2635 8.4342
vt -56.2392 8.4342
vt -56.3831 8.4342
vt -56.4074 8.5717
vt -56.2635 8.5717
vt -56.2392 8.5717
vt -56.3831 8.5717
vt -51.8713 7.8942
vt -51.6656 7.8942
vt -51.6414 7.8942
vt -51.8470 7.8942
vt -51.8713 8.0317
vt -51.6656 8.0317
vt -51.6414 8.0317
vt -51.8470 8.0317
vt -51.6656 8.0742
vt -51.8016 8.0742
vt -51.7759 8.0742
vt -51.6399 8.0742
vt -51.6656 8.2117
vt -51.8016 8.2117
vt -51.7759 8.2117
vt -51.6399 8.2117
vt -51.8713 8.2542
vt -51.6656 8.2542
vt -51.6414 8.2542
vt -51.8470 8.2542
vt -51.8713 8.3917
vt -51.6656 8.3917
vt -51.6414 8.3917
vt -51.8470 8.3917
vt -51.6656 8.4342
vt -51.8016 8.4342
vt -51.7759 8.4342
vt -51.6399 8.4342
vt -51.6656 8.5717
vt -51.8016 8.5717
vt -51.7759 8.5717
vt -51.6399 8.5717
vt -53.0981 7.8942
vt -53.2924 7.8942
vt -53.2666 7.8942
vt -53.0724 7.8942
vt -53.0981 8.0317
vt -53.2924 8.0317
vt -53.2666 8.0317
vt -53.0724 8.0317
vt -53.2924 8.0742
vt -53.4363 8.0742
vt -53.4606 8.0742
vt -53.3166 8.0742
vt -53.2924 8.2117
vt -53.4363 8.2117
vt -53.4606 8.2117
vt -53.3166 8.2117
vt -53.0981 8.2542
vt -53.2924 8.2542
vt -53.2666 8.2542
vt -53.0724 8.2542
vt -53.0981 8.3917
vt -53.2924 8.3917
vt -53.2666 8.3917
vt -53.0724 8.3917
vt -53.2924 8.4342
vt -53.4363 8.4342
vt -53.4606 8.4342
vt -53.3166 8.4342
vt -53.2924 8.5717
vt -53.4363 8.5717
vt -53.4606 8.5717
vt -53.3166 8.5717
vt -57.8285 7.8942
vt -58.0341 7.8942
vt -58.0584 7.8942
vt -57.8528 7.8942
vt -57.8285 8.0317
vt -58.0341 8.0317
vt -58.0584 8.0317
vt -57.8528 8.0317
vt -58.0341 8.0742
vt -57.8982 8.0742
vt -57.9239 8.0742
vt -58.0598 8.0742
vt -58.0341 8.2117
vt -57.8982 8.2117
vt -57.9239 8.2117
vt -58.0598 8.2117
vt -57.8285 8.2542
vt -58.0341 8.2542
vt -58.0584 8.2542
vt -57.8528 8.2542
vt -57.8285 8.3917
vt -58.0341 8.3917
vt -58.0584 8.3917
vt -57.8528 8.3917
vt -58.0341 8.4342
vt -57.8982 8.4342
vt -57.9239 8.4342
vt -58.0598 8.4342
vt -58.0341 8.5717
vt -57.8982 8.5717
vt -57.9239 8.5717
vt -58.0598 8.5717
vt -54.4798 9.4467
vt -54.3329 9.4467
vt -54.3835 9.4467
vt -54.6123 9.4467
vt -54.9318 9.4467
vt -55.2200 9.4467
vt -55.3669 9.4467
vt -55.3163 9.4467
vt -55.0875 9.4467
vt -54.7680 9.4467
vt -54.4798 9.5842
vt -54.3329 9.5842
vt -54.3835 9.5842
vt -54.6123 9.5842
vt -54.9318 9.5842
vt -55.2200 9.5842
vt -55.3669 9.5842
vt -55.3163 9.5842
vt -55.0875 9.5842
vt -54.7680 9.5842
vt -54.5294 9.7693
vt -54.4021 9.7693
vt -54.4460 9.7693
vt -54.6441 9.7693
vt -54.9208 9.7693
vt -55.1704 9.7693
vt -55.2976 9.7693
vt -55.2538 9.7693
vt -55.0557 9.7693
vt -54.7790 9.7693
vt -54.6648 9.9047
vt -54.5914 9.9047
vt -54.6167 9.9047
vt -54.7311 9.9047
vt -54.8909 9.9047
vt -55.0349 9.9047
vt -55.1084 9.9047
vt -55.0831 9.9047
vt -54.9687 9.9047
vt -54.8090 9.9047
vt -54.8499 9.9543
vt -75.9281 7.1959
vt -76.5020 7.1959
vt -77.9751 7.1959
vt -77.4012 7.1959
vt -75.9281 9.5959
vt -76.5020 9.5959
vt -77.9751 9.5959
vt -77.4012 9.5959
vt -75.9613 7.4209
vt -76.0223 7.4209
vt -76.0223 7.8709
vt -75.9613 7.8709
vt -75.9125 7.4209
vt -75.9736 7.4209
vt -75.9736 7.8709
vt -75.9125 7.8709
vt -75.9698 7.4559
vt -76.0137 7.4559
vt -76.0137 7.8359
vt -75.9698 7.8359
vt -75.9210 7.4559
vt -75.9650 7.4559
vt -75.9650 7.8359
vt -75.9210 7.8359
vt -75.9613 8.2209
vt -76.0223 8.2209
vt -76.0223 8.5459
vt -76.0070 8.6542
vt -75.9765 8.6542
vt -75.9613 8.5459
vt -75.9125 8.2209
vt -75.9736 8.2209
vt -75.9736 8.5459
vt -75.9583 8.6542
vt -75.9278 8.6542
vt -75.9125 8.5459
vt -75.9698 8.2559
vt -76.0137 8.2559
vt -76.0137 8.5459
vt -76.0028 8.6239
vt -75.9808 8.6239
vt -75.9698 8.5459
vt -75.9210 8.2559
vt -75.9650 8.2559
vt -75.9650 8.5459
vt -75.9540 8.6239
vt -75.9321 8.6239
vt -75.9210 8.5459
vt -76.1428 8.2209
vt -76.2038 8.2209
vt -76.2038 8.6709
vt -76.1428 8.6709
vt -76.0940 8.2209
vt -76.1551 8.2209
vt -76.1551 8.6709
vt -76.0940 8.6709
vt -76.1513 8.2559
vt -76.1953 8.2559
vt -76.1953 8.6359
vt -76.1513 8.6359
vt -76.1025 8.2559
vt -76.1465 8.2559
vt -76.1465 8.6359
vt -76.1025 8.6359
vt -76.3243 7.4209
vt -76.3853 7.4209
vt -76.3853 7.8709
vt -76.3243 7.8709
vt -76.2756 7.4209
vt -76.3366 7.4209
vt -76.3366 7.8709
vt -76.2756 7.8709
vt -76.3328 7.4559
vt -76.3768 7.4559
vt -76.3768 7.8359
vt -76.3328 7.8359
vt -76.2841 7.4559
vt -76.3280 7.4559
vt -76.3280 7.8359
vt -76.2841 7.8359
vt -76.3243 8.2209
vt -76.3853 8.2209
vt -76.3853 8.5459
vt -76.3701 8.6542
vt -76.3396 8.6542
vt -76.3243 8.5459
vt -76.2756 8.2209
vt -76.3366 8.2209
vt -76.3366 8.5459
vt -76.3213 8.6542
vt -76.2908 8.6542
vt -76.2756 8.5459
vt -76.3328 8.2559
vt -76.3768 8.2559
vt -76.3768 8.5459
vt -76.3658 8.6239
vt -76.3438 8.6239
vt -76.3328 8.5459
vt -76.2841 8.2559
vt -76.3280 8.2559
vt -76.3280 8.5459
vt -76.3170 8.6239
vt -76.2951 8.6239
vt -76.2841 8.5459
vt -76.1367 7.1959
vt -76.2099 7.1959
vt -76.2099 7.7709
vt -76.1367 7.7709
vt -76.0670 7.1959
vt -76.1403 7.1959
vt -76.1403 7.7709
vt -76.0670 7.7709
vt -76.1477 7.2409
vt -76.1989 7.2409
vt -76.1989 7.7259
vt -76.1477 7.7259
vt -76.0780 7.2409
vt -76.1293 7.2409
vt -76.1293 7.7259
vt -76.0780 7.7259
vt -76.1245 7.1859
vt -76.2221 7.1859
vt -76.1316 7.1859
vt -76.0339 7.1859
vt -76.1245 7.2259
vt -76.2221 7.2259
vt -76.1316 7.2259
vt -76.0339 7.2259
vt -77.0717 7.4209
vt -77.4200 7.4209
vt -77.4200 7.8709
vt -77.0717 7.8709
vt -77.0803 7.4209
vt -77.4286 7.4209
vt -77.4286 7.8709
vt -77.0803 7.8709
vt -77.1205 7.4559
vt -77.3712 7.4559
vt -77.3712 7.8359
vt -77.1205 7.8359
vt -77.1290 7.4559
vt -77.3798 7.4559
vt -77.3798 7.8359
vt -77.1290 7.8359
vt -77.0717 8.2209
vt -77.4200 8.2209
vt -77.4200 8.6709
vt -77.0717 8.6709
vt -77.0803 8.2209
vt -77.4286 8.2209
vt -77.4286 8.6709
vt -77.0803 8.6709
vt -77.1205 8.2559
vt -77.3712 8.2559
vt -77.3712 8.6359
vt -77.1205 8.6359
vt -77.1290 8.2559
vt -77.3798 8.2559
vt -77.3798 8.6359
vt -77.1290 8.6359
vt -77.9420 7.4209
vt -77.8809 7.4209
vt -77.8809 7.8709
vt -77.9420 7.8709
vt -77.9908 7.4209
vt -77.9297 7.4209
vt -77.9297 7.8709
vt -77.9908 7.8709
vt -77.9335 7.4559
vt -77.8895 7.4559
vt -77.8895 7.8359
vt -77.9335 7.8359
vt -77.9822 7.4559
vt -77.9382 7.4559
vt -77.9382 7.8359
vt -77.9822 7.8359
vt -77.9420 8.2209
vt -77.8809 8.2209
vt -77.8809 8.6709
vt -77.9420 8.6709
vt -77.9908 8.2209
vt -77.9297 8.2209
vt -77.9297 8.6709
vt -77.9908 8.6709
vt -77.9335 8.2559
vt -77.8895 8.2559
vt -77.8895 8.6359
vt -77.9335 8.6359
vt -77.9822 8.2559
vt -77.9382 8.2559
vt -77.9382 8.6359
vt -77.9822 8.6359
vt -77.7605 7.4209
vt -77.6994 7.4209
vt -77.6994 7.8709
vt -77.7605 7.8709
vt -77.8092 7.4209
vt -77.7482 7.4209
vt -77.7482 7.8709
vt -77.8092 7.8709
vt -77.7519 7.4559
vt -77.7080 7.4559
vt -77.7080 7.8359
vt -77.7519 7.8359
vt -77.8007 7.4559
vt -77.7567 7.4559
vt -77.7567 7.8359
vt -77.8007 7.8359
vt -77.7605 8.2209
vt -77.6994 8.2209
vt -77.6994 8.6709
vt -77.7605 8.6709
vt -77.8092 8.2209
vt -77.7482 8.2209
vt -77.7482 8.6709
vt -77.8092 8.6709
vt -77.7519 8.2559
vt -77.7080 8.2559
vt -77.7080 8.6359
vt -77.7519 8.6359
vt -77.8007 8.2559
vt -77.7567 8.2559
vt -77.7567 8.6359
vt -77.8007 8.6359
vt -77.5790 7.4209
vt -77.5179 7.4209
vt -77.5179 7.8709
vt -77.5790 7.8709
vt -77.6277 7.4209
vt -77.5667 7.4209
vt -77.5667 7.8709
vt -77.6277 7.8709
vt -77.5704 7.4559
vt -77.5265 7.4559
vt -77.5265 7.8359
vt -77.5704 7.8359
vt -77.6192 7.4559
vt -77.5752 7.4559
vt -77.5752 7.8359
vt -77.6192 7.8359
vt -77.5790 8.2209
vt -77.5179 8.2209
vt -77.5179 8.5459
vt -77.5332 8.6542
vt -77.5637 8.6542
vt -77.5790 8.5459
vt -77.6277 8.2209
vt -77.5667 8.2209
vt -77.5667 8.5459
vt -77.5819 8.6542
vt -77.6125 8.6542
vt -77.6277 8.5459
vt -77.5704 8.2559
vt -77.5265 8.2559
vt -77.5265 8.5459
vt -77.5374 8.6239
vt -77.5594 8.6239
vt -77.5704 8.5459
vt -77.6192 8.2559
vt -77.5752 8.2559
vt -77.5752 8.5459
vt -77.5862 8.6239
vt -77.6082 8.6239
vt -77.6192 8.5459
vt -76.8315 7.4209
vt -76.4832 7.4209
vt -76.4832 7.8709
vt -76.8315 7.8709
vt -76.8229 7.4209
vt -76.4747 7.4209
vt -76.4747 7.8709
vt -76.8229 7.8709
vt -76.7827 7.4559
vt -76.5320 7.4559
vt -76.5320 7.8359
vt -76.7827 7.8359
vt -76.7742 7.4559
vt -76.5235 7.4559
vt -76.5235 7.8359
vt -76.7742 7.8359
vt -76.8315 8.2209
vt -76.4832 8.2209
vt -76.4832 8.5459
vt -76.5703 8.6542
vt -76.7444 8.6542
vt -76.8315 8.5459
vt -76.8229 8.2209
vt -76.4747 8.2209
vt -76.4747 8.5459
vt -76.5618 8.6542
vt -76.7359 8.6542
vt -76.8229 8.5459
vt -76.7827 8.2559
vt -76.5320 8.2559
vt -76.5320 8.5459
vt -76.5947 8.6239
vt -76.7200 8.6239
vt -76.7827 8.5459
vt -76.7742 8.2559
vt -76.5235 8.2559
vt -76.5235 8.5459
vt -76.5861 8.6239
vt -76.7115 8.6239
vt -76.7742 8.5459
vt -75.8545 9.5209
vt -76.4503 9.5209
vt -78.0488 9.5209
vt -77.4529 9.5209
vt -75.8545 9.5559
vt -76.4503 9.5559
vt -78.0488 9.5559
vt -77.4529 9.5559
vt -75.9036 9.5209
vt -76.4848 9.5209
vt -77.9996 9.5209
vt -77.4184 9.5209
vt -75.9036 9.5559
vt -76.4848 9.5559
vt -77.9996 9.5559
vt -77.4184 9.5559
vt -75.8135 9.4659
vt -76.4216 9.4659
vt -78.0897 9.4659
vt -77.4817 9.4659
vt -75.8135 9.5359
vt -76.4216 9.5359
vt -78.0897 9.5359
vt -77.4817 9.5359
vt -75.9036 9.4659
vt -76.4848 9.4659
vt -77.9996 9.4659
vt -77.4184 9.4659
vt -75.9036 9.5359
vt -76.4848 9.5359
vt -77.9996 9.5359
vt -77.4184 9.5359
vt -75.8381 9.6109
vt -76.4388 9.6109
vt -78.0651 9.6109
vt -77.4644 9.6109
vt -75.8381 9.7859
vt -76.4388 9.7859
vt -78.0651 9.7859
vt -77.4644 9.7859
vt -76.0510 9.6109
vt -76.5882 9.6109
vt -77.8523 9.6109
vt -77.3151 9.6109
vt -76.0510 9.7859
vt -76.5882 9.7859
vt -77.8523 9.7859
vt -77.3151 9.7859
vt -76.1822 7.2584
vt -75.9036 7.2584
vt -75.8975 7.2584
vt -76.1761 7.2584
vt -76.1822 7.3959
vt -75.9036 7.3959
vt -75.8975 7.3959
vt -76.1761 7.3959
vt -75.9036 7.4384
vt -75.9378 7.4384
vt -75.9030 7.4384
vt -75.8688 7.4384
vt -75.9036 7.5759
vt -75.9378 7.5759
vt -75.9030 7.5759
vt -75.8688 7.5759
vt -76.1822 7.6184
vt -75.9036 7.6184
vt -75.8975 7.6184
vt -76.1761 7.6184
vt -76.1822 7.7559
vt -75.9036 7.7559
vt -75.8975 7.7559
vt -76.1761 7.7559
vt -75.9036 7.7984
vt -75.9378 7.7984
vt -75.9030 7.7984
vt -75.8688 7.7984
vt -75.9036 7.9359
vt -75.9378 7.9359
vt -75.9030 7.9359
vt -75.8688 7.9359
vt -77.7210 7.2584
vt -77.9996 7.2584
vt -78.0058 7.2584
vt -77.7271 7.2584
vt -77.7210 7.3959
vt -77.9996 7.3959
vt -78.0058 7.3959
vt -77.7271 7.3959
vt -77.9996 7.4384
vt -77.9655 7.4384
vt -78.0003 7.4384
vt -78.0345 7.4384
vt -77.9996 7.5759
vt -77.9655 7.5759
vt -78.0003 7.5759
vt -78.0345 7.5759
vt -77.7210 7.6184
vt -77.9996 7.6184
vt -78.0058 7.6184
vt -77.7271 7.6184
vt -77.7210 7.7559
vt -77.9996 7.7559
vt -78.0058 7.7559
vt -77.7271 7.7559
vt -77.9996 7.7984
vt -77.9655 7.7984
vt -78.0003 7.7984
vt -78.0345 7.7984
vt -77.9996 7.9359
vt -77.9655 7.9359
vt -78.0003 7.9359
vt -78.0345 7.9359
vt -76.4360 7.2584
vt -76.4848 7.2584
vt -76.4499 7.2584
vt -76.4011 7.2584
vt -76.4360 7.3959
vt -76.4848 7.3959
vt -76.4499 7.3959
vt -76.4011 7.3959
vt -76.4848 7.4384
vt -76.6798 7.4384
vt -76.6859 7.4384
vt -76.4909 7.4384
vt -76.4848 7.5759
vt -76.6798 7.5759
vt -76.6859 7.5759
vt -76.4909 7.5759
vt -76.4360 7.6184
vt -76.4848 7.6184
vt -76.4499 7.6184
vt -76.4011 7.6184
vt -76.4360 7.7559
vt -76.4848 7.7559
vt -76.4499 7.7559
vt -76.4011 7.7559
vt -76.4848 7.7984
vt -76.6798 7.7984
vt -76.6859 7.7984
vt -76.4909 7.7984
vt -76.4848 7.9359
vt -76.6798 7.9359
vt -76.6859 7.9359
vt -76.4909 7.9359
vt -77.4673 7.2584
vt -77.4184 7.2584
vt -77.4533 7.2584
vt -77.5021 7.2584
vt -77.4673 7.3959
vt -77.4184 7.3959
vt -77.4533 7.3959
vt -77.5021 7.3959
vt -77.4184 7.4384
vt -77.2235 7.4384
vt -77.2173 7.4384
vt -77.4124 7.4384
vt -77.4184 7.5759
vt -77.2235 7.5759
vt -77.2173 7.5759
vt -77.4124 7.5759
vt -77.4673 7.6184
vt -77.4184 7.6184
vt -77.4533 7.6184
vt -77.5021 7.6184
vt -77.4673 7.7559
vt -77.4184 7.7559
vt -77.4533 7.7559
vt -77.5021 7.7559
vt -77.4184 7.7984
vt -77.2235 7.7984
vt -77.2173 7.7984
vt -77.4124 7.7984
vt -77.4184 7.9359
vt -77.2235 7.9359
vt -77.2173 7.9359
vt -77.4124 7.9359
vt -74.0981 6.3250
vt -75.8641 6.3250
vt -76.8827 6.3250
vt -75.1166 6.3250
vt -74.0981 7.9250
vt -75.8641 7.9250
vt -76.8827 7.9250
vt -75.1166 7.9250
vt -74.4159 6.5500
vt -74.6611 6.5500
vt -74.6611 7.0000
vt -74.4159 7.0000
vt -74.3802 6.5500
vt -74.6255 6.5500
vt -74.6255 7.0000
vt -74.3802 7.0000
vt -74.4502 6.5850
vt -74.6268 6.5850
vt -74.6268 6.9650
vt -74.4502 6.9650
vt -74.4145 6.5850
vt -74.5911 6.5850
vt -74.5911 6.9650
vt -74.4145 6.9650
vt -75.2400 6.5500
vt -75.4853 6.5500
vt -75.4853 7.0000
vt -75.2400 7.0000
vt -75.2043 6.5500
vt -75.4497 6.5500
vt -75.4497 7.0000
vt -75.2043 7.0000
vt -75.2743 6.5850
vt -75.4509 6.5850
vt -75.4509 6.9650
vt -75.2743 6.9650
vt -75.2387 6.5850
vt -75.4153 6.5850
vt -75.4153 6.9650
vt -75.2387 6.9650
vt -76.2755 6.5500
vt -76.5301 6.5500
vt -76.5301 7.0000
vt -76.2755 7.0000
vt -76.3099 6.5500
vt -76.5645 6.5500
vt -76.5645 7.0000
vt -76.3099 7.0000
vt -76.3111 6.5850
vt -76.4945 6.5850
vt -76.4945 6.9650
vt -76.3111 6.9650
vt -76.3455 6.5850
vt -76.5289 6.5850
vt -76.5289 6.9650
vt -76.3455 6.9650
vt -76.5649 6.5500
vt -76.3196 6.5500
vt -76.3196 7.0000
vt -76.5649 7.0000
vt -76.6006 6.5500
vt -76.3553 6.5500
vt -76.3553 7.0000
vt -76.6006 7.0000
vt -76.5306 6.5850
vt -76.3540 6.5850
vt -76.3540 6.9650
vt -76.5306 6.9650
vt -76.5662 6.5850
vt -76.3896 6.5850
vt -76.3896 6.9650
vt -76.5662 6.9650
vt -75.7408 6.5500
vt -75.4955 6.5500
vt -75.4955 7.0000
vt -75.7408 7.0000
vt -75.7764 6.5500
vt -75.5311 6.5500
vt -75.5311 7.0000
vt -75.7764 7.0000
vt -75.7065 6.5850
vt -75.5298 6.5850
vt -75.5298 6.9650
vt -75.7065 6.9650
vt -75.7421 6.5850
vt -75.5655 6.5850
vt -75.5655 6.9650
vt -75.7421 6.9650
vt -76.1774 6.3250
vt -75.8830 6.3250
vt -75.8830 6.7500
vt -75.9566 6.8799
vt -76.1038 6.8799
vt -76.1774 6.7500
vt -76.2283 6.3250
vt -75.9340 6.3250
vt -75.9340 6.7500
vt -76.0075 6.8799
vt -76.1547 6.8799
vt -76.2283 6.7500
vt -76.1332 6.3700
vt -75.9272 6.3700
vt -75.9272 6.7500
vt -75.9787 6.8409
vt -76.0817 6.8409
vt -76.1332 6.7500
vt -76.1842 6.3700
vt -75.9781 6.3700
vt -75.9781 6.7500
vt -76.0296 6.8409
vt -76.1326 6.8409
vt -76.1842 6.7500
vt -76.2264 6.3150
vt -75.8340 6.3150
vt -75.9002 6.3150
vt -76.2926 6.3150
vt -76.2264 6.3550
vt -75.8340 6.3550
vt -75.9002 6.3550
vt -76.2926 6.3550
vt -74.7052 6.5500
vt -74.4506 6.5500
vt -74.4506 7.0000
vt -74.7052 7.0000
vt -74.6709 6.5500
vt -74.4163 6.5500
vt -74.4163 7.0000
vt -74.6709 7.0000
vt -74.6696 6.5850
vt -74.4863 6.5850
vt -74.4863 6.9650
vt -74.6696 6.9650
vt -74.6353 6.5850
vt -74.4519 6.5850
vt -74.4519 6.9650
vt -74.6353 6.9650
vt -74.0081 7.8500
vt -75.8624 7.8500
vt -76.9726 7.8500
vt -75.1183 7.8500
vt -74.0081 7.8850
vt -75.8624 7.8850
vt -76.9726 7.8850
vt -75.1183 7.8850
vt -74.0681 7.8500
vt -75.8636 7.8500
vt -76.9127 7.8500
vt -75.1172 7.8500
vt -74.0681 7.8850
vt -75.8636 7.8850
vt -76.9127 7.8850
vt -75.1172 7.8850
vt -73.9581 7.7950
vt -75.8615 7.7950
vt -77.0226 7.7950
vt -75.1192 7.7950
vt -73.9581 7.8650
vt -75.8615 7.8650
vt -77.0226 7.8650
vt -75.1192 7.8650
vt -74.0681 7.7950
vt -75.8636 7.7950
vt -76.9127 7.7950
vt -75.1172 7.7950
vt -74.0681 7.8650
vt -75.8636 7.8650
vt -76.9127 7.8650
vt -75.1172 7.8650
vt -73.9881 7.9400
vt -75.8621 7.9400
vt -76.9926 7.9400
vt -75.1187 7.9400
vt -73.9881 8.1150
vt -75.8621 8.1150
vt -76.9926 8.1150
vt -75.1187 8.1150
vt -74.2481 7.9400
vt -75.8669 7.9400
vt -76.7327 7.9400
vt -75.1138 7.9400
vt -74.2481 8.1150
vt -75.8669 8.1150
vt -76.7327 8.1150
vt -75.1138 8.1150
vt -74.2718 6.3875
vt -74.0681 6.3875
vt -74.0436 6.3875
vt -74.2473 6.3875
vt -74.2718 6.5250
vt -74.0681 6.5250
vt -74.0436 6.5250
vt -74.2473 6.5250
vt -74.0681 6.5675
vt -74.2055 6.5675
vt -74.1800 6.5675
vt -74.0427 6.5675
vt -74.0681 6.7050
vt -74.2055 6.7050
vt -74.1800 6.7050
vt -74.0427 6.7050
vt -74.2718 6.7475
vt -74.0681 6.7475
vt -74.0436 6.7475
vt -74.2473 6.7475
vt -74.2718 6.8850
vt -74.0681 6.8850
vt -74.0436 6.8850
vt -74.2473 6.8850
vt -74.0681 6.9275
vt -74.2055 6.9275
vt -74.1800 6.9275
vt -74.0427 6.9275
vt -74.0681 7.0650
vt -74.2055 7.0650
vt -74.1800 7.0650
vt -74.0427 7.0650
vt -76.7090 6.3875
vt -76.9127 6.3875
vt -76.9372 6.3875
vt -76.7335 6.3875
vt -76.7090 6.5250
vt -76.9127 6.5250
vt -76.9372 6.5250
vt -76.7335 6.5250
vt -76.9127 6.5675
vt -76.7753 6.5675
vt -76.8008 6.5675
vt -76.9381 6.5675
vt -76.9127 6.7050
vt -76.7753 6.7050
vt -76.8008 6.7050
vt -76.9381 6.7050
vt -76.7090 6.7475
vt -76.9127 6.7475
vt -76.9372 6.7475
vt -76.7335 6.7475
vt -76.7090 6.8850
vt -76.9127 6.8850
vt -76.9372 6.8850
vt -76.7335 6.8850
vt -76.9127 6.9275
vt -76.7753 6.9275
vt -76.8008 6.9275
vt -76.9381 6.9275
vt -76.9127 7.0650
vt -76.7753 7.0650
vt -76.8008 7.0650
vt -76.9381 7.0650
vt -75.6673 6.3875
vt -75.8636 6.3875
vt -75.8381 6.3875
vt -75.6419 6.3875
vt -75.6673 6.5250
vt -75.8636 6.5250
vt -75.8381 6.5250
vt -75.6419 6.5250
vt -75.8636 6.5675
vt -76.0062 6.5675
vt -76.0307 6.5675
vt -75.8881 6.5675
vt -75.8636 6.7050
vt -76.0062 6.7050
vt -76.0307 6.7050
vt -75.8881 6.7050
vt -75.6673 6.7475
vt -75.8636 6.7475
vt -75.8381 6.7475
vt -75.6419 6.7475
vt -75.6673 6.8850
vt -75.8636 6.8850
vt -75.8381 6.8850
vt -75.6419 6.8850
vt -75.8636 6.9275
vt -76.0062 6.9275
vt -76.0307 6.9275
vt -75.8881 6.9275
vt -75.8636 7.0650
vt -76.0062 7.0650
vt -76.0307 7.0650
vt -75.8881 7.0650
vt -75.3134 6.3875
vt -75.1172 6.3875
vt -75.1427 6.3875
vt -75.3389 6.3875
vt -75.3134 6.5250
vt -75.1172 6.5250
vt -75.1427 6.5250
vt -75.3389 6.5250
vt -75.1172 6.5675
vt -74.9746 6.5675
vt -74.9501 6.5675
vt -75.0927 6.5675
vt -75.1172 6.7050
vt -74.9746 6.7050
vt -74.9501 6.7050
vt -75.0927 6.7050
vt -75.3134 6.7475
vt -75.1172 6.7475
vt -75.1427 6.7475
vt -75.3389 6.7475
vt -75.3134 6.8850
vt -75.1172 6.8850
vt -75.1427 6.8850
vt -75.3389 6.8850
vt -75.1172 6.9275
vt -74.9746 6.9275
vt -74.9501 6.9275
vt -75.0927 6.9275
vt -75.1172 7.0650
vt -74.9746 7.0650
vt -74.9501 7.0650
vt -75.0927 7.0650
vt -72.9670 7.2099
vt -73.1763 7.2099
vt -75.1344 7.2099
vt -74.9251 7.2099
vt -72.9670 9.6099
vt -73.1763 9.6099
vt -75.1344 9.6099
vt -74.9251 9.6099
vt -73.0035 8.2349
vt -73.0558 8.2349
vt -73.0558 8.5599
vt -73.0428 8.6682
vt -73.0166 8.6682
vt -73.0035 8.5599
vt -72.9546 8.2349
vt -73.0069 8.2349
vt -73.0069 8.5599
vt -72.9938 8.6682
vt -72.9677 8.6682
vt -72.9546 8.5599
vt -73.0108 8.2699
vt -73.0485 8.2699
vt -73.0485 8.5599
vt -73.0391 8.6379
vt -73.0203 8.6379
vt -73.0108 8.5599
vt -72.9619 8.2699
vt -72.9996 8.2699
vt -72.9996 8.5599
vt -72.9901 8.6379
vt -72.9713 8.6379
vt -72.9619 8.5599
vt -72.9983 7.2099
vt -73.0611 7.2099
vt -73.0611 7.6349
vt -73.0454 7.7648
vt -73.0140 7.7648
vt -72.9983 7.6349
vt -72.9283 7.2099
vt -72.9912 7.2099
vt -72.9912 7.6349
vt -72.9754 7.7648
vt -72.9440 7.7648
vt -72.9283 7.6349
vt -73.0077 7.2549
vt -73.0517 7.2549
vt -73.0517 7.6349
vt -73.0407 7.7259
vt -73.0187 7.7259
vt -73.0077 7.6349
vt -72.9378 7.2549
vt -72.9818 7.2549
vt -72.9818 7.6349
vt -72.9707 7.7259
vt -72.9488 7.7259
vt -72.9378 7.6349
vt -72.9878 7.1999
vt -73.0715 7.1999
vt -72.9807 7.1999
vt -72.8969 7.1999
vt -72.9878 7.2399
vt -73.0715 7.2399
vt -72.9807 7.2399
vt -72.8969 7.2399
vt -73.5393 7.4349
vt -73.8889 7.4349
vt -73.8889 7.8849
vt -73.5393 7.8849
vt -73.5466 7.4349
vt -73.8962 7.4349
vt -73.8962 7.8849
vt -73.5466 7.8849
vt -73.5882 7.4699
vt -73.8399 7.4699
vt -73.8399 7.8499
vt -73.5882 7.8499
vt -73.5955 7.4699
vt -73.8473 7.4699
vt -73.8473 7.8499
vt -73.5955 7.8499
vt -73.5393 8.2349
vt -73.8889 8.2349
vt -73.8889 8.6849
vt -73.5393 8.6849
vt -73.5466 8.2349
vt -73.8962 8.2349
vt -73.8962 8.6849
vt -73.5466 8.6849
vt -73.5882 8.2699
vt -73.8399 8.2699
vt -73.8399 8.6499
vt -73.5882 8.6499
vt -73.5955 8.2699
vt -73.8473 8.2699
vt -73.8473 8.6499
vt -73.5955 8.6499
vt -74.4344 7.4349
vt -74.7840 7.4349
vt -74.7840 7.8849
vt -74.4344 7.8849
vt -74.4417 7.4349
vt -74.7913 7.4349
vt -74.7913 7.8849
vt -74.4417 7.8849
vt -74.4833 7.4699
vt -74.7351 7.4699
vt -74.7351 7.8499
vt -74.4833 7.8499
vt -74.4906 7.4699
vt -74.7424 7.4699
vt -74.7424 7.8499
vt -74.4906 7.8499
vt -74.4344 8.2349
vt -74.7840 8.2349
vt -74.7840 8.6849
vt -74.4344 8.6849
vt -74.4417 8.2349
vt -74.7913 8.2349
vt -74.7913 8.6849
vt -74.4417 8.6849
vt -74.4833 8.2699
vt -74.7351 8.2699
vt -74.7351 8.6499
vt -74.4833 8.6499
vt -74.4906 8.2699
vt -74.7424 8.2699
vt -74.7424 8.6499
vt -74.4906 8.6499
vt -75.0979 7.4349
vt -75.0455 7.4349
vt -75.0455 7.8849
vt -75.0979 7.8849
vt -75.1468 7.4349
vt -75.0945 7.4349
vt -75.0945 7.8849
vt -75.1468 7.8849
vt -75.0905 7.4699
vt -75.0528 7.4699
vt -75.0528 7.8499
vt -75.0905 7.8499
vt -75.1395 7.4699
vt -75.1018 7.4699
vt -75.1018 7.8499
vt -75.1395 7.8499
vt -75.0979 8.2349
vt -75.0455 8.2349
vt -75.0455 8.5599
vt -75.0586 8.6682
vt -75.0848 8.6682
vt -75.0979 8.5599
vt -75.1468 8.2349
vt -75.0945 8.2349
vt -75.0945 8.5599
vt -75.1075 8.6682
vt -75.1337 8.6682
vt -75.1468 8.5599
vt -75.0905 8.2699
vt -75.0528 8.2699
vt -75.0528 8.5599
vt -75.0622 8.6379
vt -75.0811 8.6379
vt -75.0905 8.5599
vt -75.1395 8.2699
vt -75.1018 8.2699
vt -75.1018 8.5599
vt -75.1112 8.6379
vt -75.1300 8.6379
vt -75.1395 8.5599
vt -74.5621 7.4349
vt -74.2124 7.4349
vt -74.2124 7.8849
vt -74.5621 7.8849
vt -74.5548 7.4349
vt -74.2051 7.4349
vt -74.2051 7.8849
vt -74.5548 7.8849
vt -74.5132 7.4699
vt -74.2614 7.4699
vt -74.2614 7.8499
vt -74.5132 7.8499
vt -74.5058 7.4699
vt -74.2541 7.4699
vt -74.2541 7.8499
vt -74.5058 7.8499
vt -74.5621 8.2349
vt -74.2124 8.2349
vt -74.2124 8.5599
vt -74.2998 8.6682
vt -74.4747 8.6682
vt -74.5621 8.5599
vt -74.5548 8.2349
vt -74.2051 8.2349
vt -74.2051 8.5599
vt -74.2925 8.6682
vt -74.4674 8.6682
vt -74.5548 8.5599
vt -74.5132 8.2699
vt -74.2614 8.2699
vt -74.2614 8.5599
vt -74.3243 8.6379
vt -74.4502 8.6379
vt -74.5132 8.5599
vt -74.5058 8.2699
vt -74.2541 8.2699
vt -74.2541 8.5599
vt -74.3170 8.6379
vt -74.4429 8.6379
vt -74.5058 8.5599
vt -73.6670 7.4349
vt -73.3173 7.4349
vt -73.3173 7.8849
vt -73.6670 7.8849
vt -73.6597 7.4349
vt -73.3100 7.4349
vt -73.3100 7.8849
vt -73.6597 7.8849
vt -73.6180 7.4699
vt -73.3663 7.4699
vt -73.3663 7.8499
vt -73.6180 7.8499
vt -73.6107 7.4699
vt -73.3590 7.4699
vt -73.3590 7.8499
vt -73.6107 7.8499
vt -73.6670 8.2349
vt -73.3173 8.2349
vt -73.3173 8.6849
vt -73.6670 8.6849
vt -73.6597 8.2349
vt -73.3100 8.2349
vt -73.3100 8.6849
vt -73.6597 8.6849
vt -73.6180 8.2699
vt -73.3663 8.2699
vt -73.3663 8.6499
vt -73.6180 8.6499
vt -73.6107 8.2699
vt -73.3590 8.2699
vt -73.3590 8.6499
vt -73.6107 8.6499
vt -72.8946 9.5349
vt -73.1228 9.5349
vt -75.2068 9.5349
vt -74.9785 9.5349
vt -72.8946 9.5699
vt -73.1228 9.5699
vt -75.2068 9.5699
vt -74.9785 9.5699
vt -72.9428 9.5349
vt -73.1585 9.5349
vt -75.1585 9.5349
vt -74.9429 9.5349
vt -72.9428 9.5699
vt -73.1585 9.5699
vt -75.1585 9.5699
vt -74.9429 9.5699
vt -72.8544 9.4799
vt -73.0931 9.4799
vt -75.2470 9.4799
vt -75.0083 9.4799
vt -72.8544 9.5499
vt -73.0931 9.5499
vt -75.2470 9.5499
vt -75.0083 9.5499
vt -72.9428 9.4799
vt -73.1585 9.4799
vt -75.1585 9.4799
vt -74.9429 9.4799
vt -72.9428 9.5499
vt -73.1585 9.5499
vt -75.1585 9.5499
vt -74.9429 9.5499
vt -72.8785 9.6249
vt -73.1109 9.6249
vt -75.2228 9.6249
vt -74.9905 9.6249
vt -72.8785 9.7999
vt -73.1109 9.7999
vt -75.2228 9.7999
vt -74.9905 9.7999
vt -73.0876 9.6249
vt -73.2655 9.6249
vt -75.0138 9.6249
vt -74.8359 9.6249
vt -73.0876 9.7999
vt -73.2655 9.7999
vt -75.0138 9.7999
vt -74.8359 9.7999
vt -73.2226 7.2724
vt -72.9428 7.2724
vt -72.9376 7.2724
vt -73.2173 7.2724
vt -73.2226 7.4099
vt -72.9428 7.4099
vt -72.9376 7.4099
vt -73.2173 7.4099
vt -72.9428 7.4524
vt -72.9721 7.4524
vt -72.9372 7.4524
vt -72.9079 7.4524
vt -72.9428 7.5899
vt -72.9721 7.5899
vt -72.9372 7.5899
vt -72.9079 7.5899
vt -73.2226 7.6324
vt -72.9428 7.6324
vt -72.9376 7.6324
vt -73.2173 7.6324
vt -73.2226 7.7699
vt -72.9428 7.7699
vt -72.9376 7.7699
vt -73.2173 7.7699
vt -72.9428 7.8124
vt -72.9721 7.8124
vt -72.9372 7.8124
vt -72.9079 7.8124
vt -72.9428 7.9499
vt -72.9721 7.9499
vt -72.9372 7.9499
vt -72.9079 7.9499
vt -73.1166 7.2724
vt -73.1585 7.2724
vt -73.1235 7.2724
vt -73.0816 7.2724
vt -73.1166 7.4099
vt -73.1585 7.4099
vt -73.1235 7.4099
vt -73.0816 7.4099
vt -73.1585 7.4524
vt -73.3543 7.4524
vt -73.3595 7.4524
vt -73.1637 7.4524
vt -73.1585 7.5899
vt -73.3543 7.5899
vt -73.3595 7.5899
vt -73.1637 7.5899
vt -73.1166 7.6324
vt -73.1585 7.6324
vt -73.1235 7.6324
vt -73.0816 7.6324
vt -73.1166 7.7699
vt -73.1585 7.7699
vt -73.1235 7.7699
vt -73.0816 7.7699
vt -73.1585 7.8124
vt -73.3543 7.8124
vt -73.3595 7.8124
vt -73.1637 7.8124
vt -73.1585 7.9499
vt -73.3543 7.9499
vt -73.3595 7.9499
vt -73.1637 7.9499
vt -74.8788 7.2724
vt -75.1585 7.2724
vt -75.1637 7.2724
vt -74.8840 7.2724
vt -74.8788 7.4099
vt -75.1585 7.4099
vt -75.1637 7.4099
vt -74.8840 7.4099
vt -75.1585 7.4524
vt -75.1292 7.4524
vt -75.1642 7.4524
vt -75.1935 7.4524
vt -75.1585 7.5899
vt -75.1292 7.5899
vt -75.1642 7.5899
vt -75.1935 7.5899
vt -74.8788 7.6324
vt -75.1585 7.6324
vt -75.1637 7.6324
vt -74.8840 7.6324
vt -74.8788 7.7699
vt -75.1585 7.7699
vt -75.1637 7.7699
vt -74.8840 7.7699
vt -75.1585 7.8124
vt -75.1292 7.8124
vt -75.1642 7.8124
vt -75.1935 7.8124
vt -75.1585 7.9499
vt -75.1292 7.9499
vt -75.1642 7.9499
vt -75.1935 7.9499
vt -74.9848 7.2724
vt -74.9429 7.2724
vt -74.9779 7.2724
vt -75.0197 7.2724
vt -74.9848 7.4099
vt -74.9429 7.4099
vt -74.9779 7.4099
vt -75.0197 7.4099
vt -74.9429 7.4524
vt -74.7471 7.4524
vt -74.7418 7.4524
vt -74.9376 7.4524
vt -74.9429 7.5899
vt -74.7471 7.5899
vt -74.7418 7.5899
vt -74.9376 7.5899
vt -74.9848 7.6324
vt -74.9429 7.6324
vt -74.9779 7.6324
vt -75.0197 7.6324
vt -74.9848 7.7699
vt -74.9429 7.7699
vt -74.9779 7.7699
vt -75.0197 7.7699
vt -74.9429 7.8124
vt -74.7471 7.8124
vt -74.7418 7.8124
vt -74.9376 7.8124
vt -74.9429 7.9499
vt -74.7471 7.9499
vt -74.7418 7.9499
vt -74.9376 7.9499
vt -69.0772 6.9800
vt -69.9994 6.9800
vt -71.1962 6.9800
vt -70.2740 6.9800
vt -69.0772 8.5800
vt -69.9994 8.5800
vt -71.1962 8.5800
vt -70.2740 8.5800
vt -69.3851 7.2050
vt -69.6304 7.2050
vt -69.6304 7.6550
vt -69.3851 7.6550
vt -69.3495 7.2050
vt -69.5948 7.2050
vt -69.5948 7.6550
vt -69.3495 7.6550
vt -69.4194 7.2400
vt -69.5961 7.2400
vt -69.5961 7.6200
vt -69.4194 7.6200
vt -69.3838 7.2400
vt -69.5604 7.2400
vt -69.5604 7.6200
vt -69.3838 7.6200
vt -70.5000 7.2050
vt -70.7546 7.2050
vt -70.7546 7.6550
vt -70.5000 7.6550
vt -70.5343 7.2050
vt -70.7889 7.2050
vt -70.7889 7.6550
vt -70.5343 7.6550
vt -70.5356 7.2400
vt -70.7189 7.2400
vt -70.7189 7.6200
vt -70.5356 7.6200
vt -70.5700 7.2400
vt -70.7533 7.2400
vt -70.7533 7.6200
vt -70.5700 7.6200
vt -70.9128 6.9800
vt -70.6185 6.9800
vt -70.6185 7.4050
vt -70.6921 7.5349
vt -70.8392 7.5349
vt -70.9128 7.4050
vt -70.9638 6.9800
vt -70.6694 6.9800
vt -70.6694 7.4050
vt -70.7430 7.5349
vt -70.8902 7.5349
vt -70.9638 7.4050
vt -70.8687 7.0250
vt -70.6626 7.0250
vt -70.6626 7.4050
vt -70.7142 7.4960
vt -70.8171 7.4960
vt -70.8687 7.4050
vt -70.9196 7.0250
vt -70.7136 7.0250
vt -70.7136 7.4050
vt -70.7650 7.4960
vt -70.8681 7.4960
vt -70.9196 7.4050
vt -70.9619 6.9700
vt -70.5694 6.9700
vt -70.6356 6.9700
vt -71.0281 6.9700
vt -70.9619 7.0100
vt -70.5694 7.0100
vt -70.6356 7.0100
vt -71.0281 7.0100
vt -69.7735 7.2050
vt -69.5189 7.2050
vt -69.5189 7.6550
vt -69.7735 7.6550
vt -69.7391 7.2050
vt -69.4845 7.2050
vt -69.4845 7.6550
vt -69.7391 7.6550
vt -69.7378 7.2400
vt -69.5545 7.2400
vt -69.5545 7.6200
vt -69.7378 7.6200
vt -69.7035 7.2400
vt -69.5202 7.2400
vt -69.5202 7.6200
vt -69.7035 7.6200
vt -68.9872 8.5050
vt -69.9978 8.5050
vt -71.2862 8.5050
vt -70.2756 8.5050
vt -68.9872 8.5400
vt -69.9978 8.5400
vt -71.2862 8.5400
vt -70.2756 8.5400
vt -69.0472 8.5050
vt -69.9989 8.5050
vt -71.2262 8.5050
vt -70.2745 8.5050
vt -69.0472 8.5400
vt -69.9989 8.5400
vt -71.2262 8.5400
vt -70.2745 8.5400
vt -68.9372 8.4500
vt -69.9968 8.4500
vt -71.3362 8.4500
vt -70.2766 8.4500
vt -68.9372 8.5200
vt -69.9968 8.5200
vt -71.3362 8.5200
vt -70.2766 8.5200
vt -69.0472 8.4500
vt -69.9989 8.4500
vt -71.2262 8.4500
vt -70.2745 8.4500
vt -69.0472 8.5200
vt -69.9989 8.5200
vt -71.2262 8.5200
vt -70.2745 8.5200
vt -68.9672 8.5950
vt -69.9974 8.5950
vt -71.3062 8.5950
vt -70.2760 8.5950
vt -68.9672 8.7700
vt -69.9974 8.7700
vt -71.3062 8.7700
vt -70.2760 8.7700
vt -69.2272 8.5950
vt -70.0023 8.5950
vt -71.0463 8.5950
vt -70.2712 8.5950
vt -69.2272 8.7700
vt -70.0023 8.7700
vt -71.0463 8.7700
vt -70.2712 8.7700
vt -69.2509 7.0425
vt -69.0472 7.0425
vt -69.0227 7.0425
vt -69.2264 7.0425
vt -69.2509 7.1800
vt -69.0472 7.1800
vt -69.0227 7.1800
vt -69.2264 7.1800
vt -69.0472 7.2225
vt -69.1846 7.2225
vt -69.1591 7.2225
vt -69.0218 7.2225
vt -69.0472 7.3600
vt -69.1846 7.3600
vt -69.1591 7.3600
vt -69.0218 7.3600
vt -69.2509 7.4025
vt -69.0472 7.4025
vt -69.0227 7.4025
vt -69.2264 7.4025
vt -69.2509 7.5400
vt -69.0472 7.5400
vt -69.0227 7.5400
vt -69.2264 7.5400
vt -69.0472 7.5825
vt -69.1846 7.5825
vt -69.1591 7.5825
vt -69.0218 7.5825
vt -69.0472 7.7200
vt -69.1846 7.7200
vt -69.1591 7.7200
vt -69.0218 7.7200
vt -71.0225 7.0425
vt -71.2262 7.0425
vt -71.2507 7.0425
vt -71.0470 7.0425
vt -71.0225 7.1800
vt -71.2262 7.1800
vt -71.2507 7.1800
vt -71.0470 7.1800
vt -71.2262 7.2225
vt -71.0889 7.2225
vt -71.1143 7.2225
vt -71.2517 7.2225
vt -71.2262 7.3600
vt -71.0889 7.3600
vt -71.1143 7.3600
vt -71.2517 7.3600
vt -71.0225 7.4025
vt -71.2262 7.4025
vt -71.2507 7.4025
vt -71.0470 7.4025
vt -71.0225 7.5400
vt -71.2262 7.5400
vt -71.2507 7.5400
vt -71.0470 7.5400
vt -71.2262 7.5825
vt -71.0889 7.5825
vt -71.1143 7.5825
vt -71.2517 7.5825
vt -71.2262 7.7200
vt -71.0889 7.7200
vt -71.1143 7.7200
vt -71.2517 7.7200
vt -69.8027 7.0425
vt -69.9989 7.0425
vt -69.9734 7.0425
vt -69.7772 7.0425
vt -69.8027 7.1800
vt -69.9989 7.1800
vt -69.9734 7.1800
vt -69.7772 7.1800
vt -69.9989 7.2225
vt -70.1415 7.2225
vt -70.1660 7.2225
vt -70.0234 7.2225
vt -69.9989 7.3600
vt -70.1415 7.3600
vt -70.1660 7.3600
vt -70.0234 7.3600
vt -69.8027 7.4025
vt -69.9989 7.4025
vt -69.9734 7.4025
vt -69.7772 7.4025
vt -69.8027 7.5400
vt -69.9989 7.5400
vt -69.9734 7.5400
vt -69.7772 7.5400
vt -69.9989 7.5825
vt -70.1415 7.5825
vt -70.1660 7.5825
vt -70.0234 7.5825
vt -69.9989 7.7200
vt -70.1415 7.7200
vt -70.1660 7.7200
vt -70.0234 7.7200
vt -70.4707 7.0425
vt -70.2745 7.0425
vt -70.3000 7.0425
vt -70.4962 7.0425
vt -70.4707 7.1800
vt -70.2745 7.1800
vt -70.3000 7.1800
vt -70.4962 7.1800
vt -70.2745 7.2225
vt -70.1319 7.2225
vt -70.1074 7.2225
vt -70.2500 7.2225
vt -70.2745 7.3600
vt -70.1319 7.3600
vt -70.1074 7.3600
vt -70.2500 7.3600
vt -70.4707 7.4025
vt -70.2745 7.4025
vt -70.3000 7.4025
vt -70.4962 7.4025
vt -70.4707 7.5400
vt -70.2745 7.5400
vt -70.3000 7.5400
vt -70.4962 7.5400
vt -70.2745 7.5825
vt -70.1319 7.5825
vt -70.1074 7.5825
vt -70.2500 7.5825
vt -70.2745 7.7200
vt -70.1319 7.7200
vt -70.1074 7.7200
vt -70.2500 7.7200
vt -70.7974 6.1243
vt -67.3705 6.1243
vt -68.0050 6.1243
vt -71.4319 6.1243
vt -70.7974 8.5243
vt -67.3705 8.5243
vt -68.0050 8.5243
vt -71.4319 8.5243
vt -70.3040 6.3493
vt -70.0073 6.3493
vt -70.0073 6.7993
vt -70.3040 6.7993
vt -70.2771 6.3493
vt -69.9804 6.3493
vt -69.9804 6.7993
vt -70.2771 6.7993
vt -70.2625 6.3843
vt -70.0489 6.3843
vt -70.0489 6.7643
vt -70.2625 6.7643
vt -70.2356 6.3843
vt -70.0219 6.3843
vt -70.0219 6.7643
vt -70.2356 6.7643
vt -70.3040 7.1493
vt -70.0073 7.1493
vt -70.0073 7.4743
vt -70.0815 7.5826
vt -70.2299 7.5826
vt -70.3040 7.4743
vt -70.2771 7.1493
vt -69.9804 7.1493
vt -69.9804 7.4743
vt -70.0546 7.5826
vt -70.2029 7.5826
vt -70.2771 7.4743
vt -70.2625 7.1843
vt -70.0489 7.1843
vt -70.0489 7.4743
vt -70.1023 7.5522
vt -70.2091 7.5522
vt -70.2625 7.4743
vt -70.2356 7.1843
vt -70.0219 7.1843
vt -70.0219 7.4743
vt -70.0754 7.5522
vt -70.1822 7.5522
vt -70.2356 7.4743
vt -69.2092 7.1493
vt -68.9125 7.1493
vt -68.9125 7.5993
vt -69.2092 7.5993
vt -69.1823 7.1493
vt -68.8856 7.1493
vt -68.8856 7.5993
vt -69.1823 7.5993
vt -69.1676 7.1843
vt -68.9540 7.1843
vt -68.9540 7.5643
vt -69.1676 7.5643
vt -69.1407 7.1843
vt -68.9271 7.1843
vt -68.9271 7.5643
vt -69.1407 7.5643
vt -68.1144 6.3493
vt -67.8177 6.3493
vt -67.8177 6.7993
vt -68.1144 6.7993
vt -68.0875 6.3493
vt -67.7907 6.3493
vt -67.7907 6.7993
vt -68.0875 6.7993
vt -68.0729 6.3843
vt -67.8592 6.3843
vt -67.8592 6.7643
vt -68.0729 6.7643
vt -68.0459 6.3843
vt -67.8323 6.3843
vt -67.8323 6.7643
vt -68.0459 6.7643
vt -68.1144 7.1493
vt -67.8177 7.1493
vt -67.8177 7.5993
vt -68.1144 7.5993
vt -68.0875 7.1493
vt -67.7907 7.1493
vt -67.7907 7.5993
vt -68.0875 7.5993
vt -68.0729 7.1843
vt -67.8592 7.1843
vt -67.8592 7.5643
vt -68.0729 7.5643
vt -68.0459 7.1843
vt -67.8323 7.1843
vt -67.8323 7.5643
vt -68.0459 7.5643
vt -69.2389 6.1243
vt -68.8828 6.1243
vt -68.8828 6.6993
vt -69.2389 6.6993
vt -69.2004 6.1243
vt -68.8444 6.1243
vt -68.8444 6.6993
vt -69.2004 6.6993
vt -69.1855 6.1693
vt -68.9362 6.1693
vt -68.9362 6.6543
vt -69.1855 6.6543
vt -69.1470 6.1693
vt -68.8978 6.1693
vt -68.8978 6.6543
vt -69.1470 6.6543
vt -69.2982 6.1143
vt -68.8235 6.1143
vt -68.7735 6.1143
vt -69.2482 6.1143
vt -69.2982 6.1543
vt -68.8235 6.1543
vt -68.7735 6.1543
vt -69.2482 6.1543
vt -67.5560 6.3493
vt -67.7483 6.3493
vt -67.7483 6.7993
vt -67.5560 6.7993
vt -67.5144 6.3493
vt -67.7067 6.3493
vt -67.7067 6.7993
vt -67.5144 6.7993
vt -67.5829 6.3843
vt -67.7213 6.3843
vt -67.7213 6.7643
vt -67.5829 6.7643
vt -67.5414 6.3843
vt -67.6798 6.3843
vt -67.6798 6.7643
vt -67.5414 6.7643
vt -67.5560 7.1493
vt -67.7483 7.1493
vt -67.7483 7.4743
vt -67.7002 7.5826
vt -67.6041 7.5826
vt -67.5560 7.4743
vt -67.5144 7.1493
vt -67.7067 7.1493
vt -67.7067 7.4743
vt -67.6587 7.5826
vt -67.5625 7.5826
vt -67.5144 7.4743
vt -67.5829 7.1843
vt -67.7213 7.1843
vt -67.7213 7.4743
vt -67.6867 7.5522
vt -67.6175 7.5522
vt -67.5829 7.4743
vt -67.5414 7.1843
vt -67.6798 7.1843
vt -67.6798 7.4743
vt -67.6452 7.5522
vt -67.5760 7.5522
vt -67.5414 7.4743
vt -68.4983 6.3493
vt -68.7950 6.3493
vt -68.7950 6.7993
vt -68.4983 6.7993
vt -68.5252 6.3493
vt -68.8219 6.3493
vt -68.8219 6.7993
vt -68.5252 6.7993
vt -68.5398 6.3843
vt -68.7535 6.3843
vt -68.7535 6.7643
vt -68.5398 6.7643
vt -68.5668 6.3843
vt -68.7804 6.3843
vt -68.7804 6.7643
vt -68.5668 6.7643
vt -68.4983 7.1493
vt -68.7950 7.1493
vt -68.7950 7.5993
vt -68.4983 7.5993
vt -68.5252 7.1493
vt -68.8219 7.1493
vt -68.8219 7.5993
vt -68.5252 7.5993
vt -68.5398 7.1843
vt -68.7535 7.1843
vt -68.7535 7.5643
vt -68.5398 7.5643
vt -68.5668 7.1843
vt -68.7804 7.1843
vt -68.7804 7.5643
vt -68.5668 7.5643
vt -69.5932 6.3493
vt -69.8899 6.3493
vt -69.8899 6.7993
vt -69.5932 6.7993
vt -69.6201 6.3493
vt -69.9167 6.3493
vt -69.9167 6.7993
vt -69.6201 6.7993
vt -69.6347 6.3843
vt -69.8483 6.3843
vt -69.8483 6.7643
vt -69.6347 6.7643
vt -69.6616 6.3843
vt -69.8752 6.3843
vt -69.8752 6.7643
vt -69.6616 6.7643
vt -69.5932 7.1493
vt -69.8899 7.1493
vt -69.8899 7.5993
vt -69.5932 7.5993
vt -69.6201 7.1493
vt -69.9167 7.1493
vt -69.9167 7.5993
vt -69.6201 7.5993
vt -69.6347 7.1843
vt -69.8483 7.1843
vt -69.8483 7.5643
vt -69.6347 7.5643
vt -69.6616 7.1843
vt -69.8752 7.1843
vt -69.8752 7.5643
vt -69.6616 7.5643
vt -70.6880 6.3493
vt -70.9847 6.3493
vt -70.9847 6.7993
vt -70.6880 6.7993
vt -70.7149 6.3493
vt -71.0116 6.3493
vt -71.0116 6.7993
vt -70.7149 6.7993
vt -70.7295 6.3843
vt -70.9432 6.3843
vt -70.9432 6.7643
vt -70.7295 6.7643
vt -70.7564 6.3843
vt -70.9701 6.3843
vt -70.9701 6.7643
vt -70.7564 6.7643
vt -70.6880 7.1493
vt -70.9847 7.1493
vt -70.9847 7.5993
vt -70.6880 7.5993
vt -70.7149 7.1493
vt -71.0116 7.1493
vt -71.0116 7.5993
vt -70.7149 7.5993
vt -70.7295 7.1843
vt -70.9432 7.1843
vt -70.9432 7.5643
vt -70.7295 7.5643
vt -70.7564 7.1843
vt -70.9701 7.1843
vt -70.9701 7.5643
vt -70.7564 7.5643
vt -71.2464 6.3493
vt -71.0541 6.3493
vt -71.0541 6.7993
vt -71.2464 6.7993
vt -71.2879 6.3493
vt -71.0956 6.3493
vt -71.0956 6.7993
vt -71.2879 6.7993
vt -71.2194 6.3843
vt -71.0810 6.3843
vt -71.0810 6.7643
vt -71.2194 6.7643
vt -71.2610 6.3843
vt -71.1225 6.3843
vt -71.1225 6.7643
vt -71.2610 6.7643
vt -71.2464 7.1493
vt -71.0541 7.1493
vt -71.0541 7.5993
vt -71.2464 7.5993
vt -71.2879 7.1493
vt -71.0956 7.1493
vt -71.0956 7.5993
vt -71.2879 7.5993
vt -71.2194 7.1843
vt -71.0810 7.1843
vt -71.0810 7.5643
vt -71.2194 7.5643
vt -71.2610 7.1843
vt -71.1225 7.1843
vt -71.1225 7.5643
vt -71.2610 7.5643
vt -70.8162 8.4493
vt -67.2825 8.4493
vt -67.9862 8.4493
vt -71.5199 8.4493
vt -70.8162 8.4843
vt -67.2825 8.4843
vt -67.9862 8.4843
vt -71.5199 8.4843
vt -70.8036 8.4493
vt -67.3411 8.4493
vt -67.9987 8.4493
vt -71.4612 8.4493
vt -70.8036 8.4843
vt -67.3411 8.4843
vt -67.9987 8.4843
vt -71.4612 8.4843
vt -70.8266 8.3943
vt -67.2336 8.3943
vt -67.9757 8.3943
vt -71.5688 8.3943
vt -70.8266 8.4643
vt -67.2336 8.4643
vt -67.9757 8.4643
vt -71.5688 8.4643
vt -70.8036 8.3943
vt -67.3411 8.3943
vt -67.9987 8.3943
vt -71.4612 8.3943
vt -70.8036 8.4643
vt -67.3411 8.4643
vt -67.9987 8.4643
vt -71.4612 8.4643
vt -70.8203 8.5393
vt -67.2629 8.5393
vt -67.9820 8.5393
vt -71.5395 8.5393
vt -70.8203 8.7143
vt -67.2629 8.7143
vt -67.9820 8.7143
vt -71.5395 8.7143
vt -70.7660 8.5393
vt -67.5172 8.5393
vt -68.0363 8.5393
vt -71.2852 8.5393
vt -70.7660 8.7143
vt -67.5172 8.7143
vt -68.0363 8.7143
vt -71.2852 8.7143
vt -70.9575 6.1868
vt -70.8036 6.1868
vt -70.8333 6.1868
vt -70.9871 6.1868
vt -70.9575 6.3243
vt -70.8036 6.3243
vt -70.8333 6.3243
vt -70.9871 6.3243
vt -70.8036 6.3668
vt -70.6375 6.3668
vt -70.6183 6.3668
vt -70.7844 6.3668
vt -70.8036 6.5043
vt -70.6375 6.5043
vt -70.6183 6.5043
vt -70.7844 6.5043
vt -70.9575 6.5468
vt -70.8036 6.5468
vt -70.8333 6.5468
vt -70.9871 6.5468
vt -70.9575 6.6843
vt -70.8036 6.6843
vt -70.8333 6.6843
vt -70.9871 6.6843
vt -70.8036 6.7268
vt -70.6375 6.7268
vt -70.6183 6.7268
vt -70.7844 6.7268
vt -70.8036 6.8643
vt -70.6375 6.8643
vt -70.6183 6.8643
vt -70.7844 6.8643
vt -67.8449 6.1868
vt -67.9987 6.1868
vt -67.9690 6.1868
vt -67.8152 6.1868
vt -67.8449 6.3243
vt -67.9987 6.3243
vt -67.9690 6.3243
vt -67.8152 6.3243
vt -67.9987 6.3668
vt -68.1649 6.3668
vt -68.1841 6.3668
vt -68.0179 6.3668
vt -67.9987 6.5043
vt -68.1649 6.5043
vt -68.1841 6.5043
vt -68.0179 6.5043
vt -67.8449 6.5468
vt -67.9987 6.5468
vt -67.9690 6.5468
vt -67.8152 6.5468
vt -67.8449 6.6843
vt -67.9987 6.6843
vt -67.9690 6.6843
vt -67.8152 6.6843
vt -67.9987 6.7268
vt -68.1649 6.7268
vt -68.1841 6.7268
vt -68.0179 6.7268
vt -67.9987 6.8643
vt -68.1649 6.8643
vt -68.1841 6.8643
vt -68.0179 6.8643
vt -67.5785 6.1868
vt -67.3411 6.1868
vt -67.3219 6.1868
vt -67.5593 6.1868
vt -67.5785 6.3243
vt -67.3411 6.3243
vt -67.3219 6.3243
vt -67.5593 6.3243
vt -67.3411 6.3668
vt -67.4488 6.3668
vt -67.4192 6.3668
vt -67.3115 6.3668
vt -67.3411 6.5043
vt -67.4488 6.5043
vt -67.4192 6.5043
vt -67.3115 6.5043
vt -67.5785 6.5468
vt -67.3411 6.5468
vt -67.3219 6.5468
vt -67.5593 6.5468
vt -67.5785 6.6843
vt -67.3411 6.6843
vt -67.3219 6.6843
vt -67.5593 6.6843
vt -67.3411 6.7268
vt -67.4488 6.7268
vt -67.4192 6.7268
vt -67.3115 6.7268
vt -67.3411 6.8643
vt -67.4488 6.8643
vt -67.4192 6.8643
vt -67.3115 6.8643
vt -71.2238 6.1868
vt -71.4612 6.1868
vt -71.4805 6.1868
vt -71.2431 6.1868
vt -71.2238 6.3243
vt -71.4612 6.3243
vt -71.4805 6.3243
vt -71.2431 6.3243
vt -71.4612 6.3668
vt -71.3535 6.3668
vt -71.3832 6.3668
vt -71.4909 6.3668
vt -71.4612 6.5043
vt -71.3535 6.5043
vt -71.3832 6.5043
vt -71.4909 6.5043
vt -71.2238 6.5468
vt -71.4612 6.5468
vt -71.4805 6.5468
vt -71.2431 6.5468
vt -71.2238 6.6843
vt -71.4612 6.6843
vt -71.4805 6.6843
vt -71.2431 6.6843
vt -71.4612 6.7268
vt -71.3535 6.7268
vt -71.3832 6.7268
vt -71.4909 6.7268
vt -71.4612 6.8643
vt -71.3535 6.8643
vt -71.3832 6.8643
vt -71.4909 6.8643
vn -0.0007 1.0000 0.0000
vn 1.0000 0.0007 0.0000
vn 0.0007 -1.0000 0.0000
vn -1.0000 -0.0007 0.0000
vn -0.0000 -0.0000 1.0000
vn 0.0000 -0.0000 -1.0000
vn 0.8660 0.0006 0.5000
vn -0.8660 -0.0006 -0.5000
vn -0.8660 -0.0006 0.5000
vn 0.8660 0.0006 -0.5000
vn 0.0006 -0.8660 0.5000
vn -0.0006 0.8660 -0.5000
vn -0.0006 0.8660 0.5000
vn 0.0006 -0.8660 -0.5000
vn -0.9978 -0.0663 0.0000
vn -0.0663 0.9978 0.0000
vn 0.9978 0.0663 0.0000
vn 0.0663 -0.9978 0.0000
vn -0.0118 -0.9999 0.0000
vn -0.9999 0.0118 0.0000
vn 0.0118 0.9999 0.0000
vn 0.9999 -0.0118 0.0000
vn -0.0103 -0.8660 0.5000
vn 0.0103 0.8660 -0.5000
vn 0.0103 0.8660 0.5000
vn -0.0103 -0.8660 -0.5000
vn 0.7602 -0.6496 0.0000
vn -0.6496 -0.7602 0.0000
vn -0.7602 0.6496 0.0000
vn 0.6496 0.7602 0.0000
vn -0.8749 -0.4842 0.0000
vn -0.4842 0.8749 0.0000
vn 0.8749 0.4842 0.0000
vn 0.4842 -0.8749 0.0000
vn 0.6884 -0.7253 0.0000
vn -0.7253 -0.6884 0.0000
vn -0.6884 0.7253 0.0000
vn 0.7253 0.6884 0.0000
vn 0.0187 -0.9998 0.0000
vn -0.9998 -0.0187 0.0000
vn -0.0187 0.9998 0.0000
vn 0.9998 0.0187 0.0000
vn -0.0162 0.8659 0.5000
vn 0.0162 -0.8659 -0.5000
vn 0.0162 -0.8659 0.5000
vn -0.0162 0.8659 -0.5000
vn 0.8659 0.0162 0.5000
vn -0.8659 -0.0162 -0.5000
vn -0.8659 -0.0162 0.5000
vn 0.8659 0.0162 -0.5000
vn 0.9239 -0.3827 0.0000
vn 0.3827 -0.9239 0.0000
vn -0.3827 -0.9239 0.0000
vn -0.9239 -0.3827 0.0000
vn -0.9239 0.3827 0.0000
vn -0.3827 0.9239 0.0000
vn 0.3827 0.9239 0.0000
vn 0.9239 0.3827 0.0000
vn 0.0000 1.0000 0.0000
vn 1.0000 -0.0000 0.0000
vn 0.0000 -1.0000 0.0000
vn -1.0000 -0.0000 0.0000
vn 0.4655 0.8850 0.0000
vn 0.8850 -0.4655 0.0000
vn -0.4655 -0.8850 0.0000
vn -0.8850 0.4655 0.0000
vn -0.0574 0.8641 0.5000
vn 0.0574 -0.8641 -0.5000
vn 0.0574 -0.8641 0.5000
vn -0.0574 0.8641 -0.5000
vn 0.5946 -0.8040 0.0000
vn -0.8040 -0.5946 0.0000
vn -0.5946 0.8040 0.0000
vn 0.8040 0.5946 0.0000
vn 0.1192 -0.9929 0.0000
vn -0.9929 -0.1192 0.0000
vn -0.1192 0.9929 0.0000
vn 0.9929 0.1192 0.0000
vn 0.8599 0.1032 0.5000
vn -0.8599 -0.1032 -0.5000
vn -0.8599 -0.1032 0.5000
vn 0.8599 0.1032 -0.5000
vn 0.7634 -0.6459 0.0000
vn -0.6459 -0.7634 0.0000
vn -0.7634 0.6459 0.0000
vn 0.6459 0.7634 0.0000
vn -0.5594 -0.6611 0.5000
vn 0.5594 0.6611 -0.5000
vn 0.5594 0.6611 0.5000
vn -0.5594 -0.6611 -0.5000
vn -0.6611 0.5594 0.5000
vn 0.6611 -0.5594 -0.5000
vn 0.6611 -0.5594 0.5000
vn -0.6611 0.5594 -0.5000
vn 0.9996 0.0284 0.0000
vn 0.0284 -0.9996 0.0000
vn -0.9996 -0.0284 0.0000
vn -0.0284 0.9996 0.0000
vn 0.0246 -0.8657 0.5000
vn -0.0246 0.8657 -0.5000
vn -0.0246 0.8657 0.5000
vn 0.0246 -0.8657 -0.5000
vn 0.9511 -0.3090 0.0000
vn 0.5878 -0.8090 0.0000
vn -0.5878 -0.8090 0.0000
vn -0.9511 -0.3090 0.0000
vn -0.9511 0.3090 0.0000
vn -0.5878 0.8090 0.0000
vn 0.5878 0.8090 0.0000
vn 0.9511 0.3090 0.0000
vn 0.9216 -0.2994 0.2469
vn 0.5696 -0.7840 0.2469
vn 0.0000 -0.9690 0.2469
vn -0.5696 -0.7840 0.2469
vn -0.9216 -0.2994 0.2469
vn -0.9216 0.2994 0.2469
vn -0.5696 0.7840 0.2469
vn 0.0000 0.9690 0.2469
vn 0.5696 0.7840 0.2469
vn 0.9216 0.2994 0.2469
vn 0.6892 -0.2239 0.6892
vn 0.4259 -0.5862 0.6892
vn 0.0000 -0.7246 0.6892
vn -0.4259 -0.5862 0.6892
vn -0.6892 -0.2239 0.6892
vn -0.6892 0.2239 0.6892
vn -0.4259 0.5862 0.6892
vn 0.0000 0.7246 0.6892
vn 0.4259 0.5862 0.6892
vn 0.6892 0.2239 0.6892
vn 0.2579 -0.0838 0.9625
vn 0.1594 -0.2194 0.9625
vn 0.0000 -0.2712 0.9625
vn -0.1594 -0.2194 0.9625
vn -0.2579 -0.0838 0.9625
vn -0.2579 0.0838 0.9625
vn -0.1594 0.2194 0.9625
vn 0.0000 0.2712 0.9625
vn 0.1594 0.2194 0.9625
vn 0.2579 0.0838 0.9625
vn 0.5744 -0.8186 0.0000
vn -0.8186 -0.5744 0.0000
vn -0.5744 0.8186 0.0000
vn 0.8186 0.5744 0.0000
vn -0.7089 -0.4974 0.5000
vn 0.7089 0.4974 -0.5000
vn 0.7089 0.4974 0.5000
vn -0.7089 -0.4974 -0.5000
vn 0.4974 -0.7089 0.5000
vn -0.4974 0.7089 -0.5000
vn -0.4974 0.7089 0.5000
vn 0.4974 -0.7089 -0.5000
vn -0.6963 -0.5150 0.5000
vn 0.6963 0.5150 -0.5000
vn 0.6963 0.5150 0.5000
vn -0.6963 -0.5150 -0.5000
vn 0.5150 -0.6963 0.5000
vn -0.5150 0.6963 -0.5000
vn -0.5150 0.6963 0.5000
vn 0.5150 -0.6963 -0.5000
vn 0.9779 0.2089 0.0000
vn 0.2089 -0.9779 0.0000
vn -0.9779 -0.2089 0.0000
vn -0.2089 0.9779 0.0000
vn 0.1809 -0.8469 0.5000
vn -0.1809 0.8469 -0.5000
vn -0.1809 0.8469 0.5000
vn 0.1809 -0.8469 -0.5000
vn -0.8469 -0.1809 0.5000
vn 0.8469 0.1809 -0.5000
vn 0.8469 0.1809 0.5000
vn -0.8469 -0.1809 -0.5000
f 1/1/1 6/6/1 2/2/1
f 1/1/1 5/5/1 6/6/1
f 2/2/2 7/7/2 3/3/2
f 2/2/2 6/6/2 7/7/2
f 3/3/3 8/8/3 4/4/3
f 3/3/3 7/7/3 8/8/3
f 4/4/4 5/5/4 1/1/4
f 4/4/4 8/8/4 5/5/4
f 5/5/5 7/7/5 6/6/5
f 5/5/5 8/8/5 7/7/5
f 4/4/6 2/2/6 3/3/6
f 4/4/6 1/1/6 2/2/6
f 9/9/6 14/14/6 10/10/6
f 9/9/6 13/13/6 14/14/6
f 18/18/5 21/21/5 17/17/5
f 18/18/5 22/22/5 21/21/5
f 13/13/1 22/22/1 14/14/1
f 13/13/1 21/21/1 22/22/1
f 10/10/3 17/17/3 9/9/3
f 10/10/3 18/18/3 17/17/3
f 10/10/2 15/15/2 11/11/2
f 10/10/2 14/14/2 15/15/2
f 19/19/4 22/22/4 18/18/4
f 19/19/4 23/23/4 22/22/4
f 14/14/1 23/23/1 15/15/1
f 14/14/1 22/22/1 23/23/1
f 11/11/3 18/18/3 10/10/3
f 11/11/3 19/19/3 18/18/3
f 11/11/5 16/16/5 12/12/5
f 11/11/5 15/15/5 16/16/5
f 20/20/6 23/23/6 19/19/6
f 20/20/6 24/24/6 23/23/6
f 15/15/1 24/24/1 16/16/1
f 15/15/1 23/23/1 24/24/1
f 12/12/3 19/19/3 11/11/3
f 12/12/3 20/20/3 19/19/3
f 12/12/4 13/13/4 9/9/4
f 12/12/4 16/16/4 13/13/4
f 17/17/2 24/24/2 20/20/2
f 17/17/2 21/21/2 24/24/2
f 16/16/1 21/21/1 13/13/1
f 16/16/1 24/24/1 21/21/1
f 9/9/3 20/20/3 12/12/3
f 9/9/3 17/17/3 20/20/3
f 25/25/6 30/30/6 26/26/6
f 25/25/6 29/29/6 30/30/6
f 34/34/5 37/37/5 33/33/5
f 34/34/5 38/38/5 37/37/5
f 29/29/1 38/38/1 30/30/1
f 29/29/1 37/37/1 38/38/1
f 26/26/3 33/33/3 25/25/3
f 26/26/3 34/34/3 33/33/3
f 26/26/2 31/31/2 27/27/2
f 26/26/2 30/30/2 31/31/2
f 35/35/4 38/38/4 34/34/4
f 35/35/4 39/39/4 38/38/4
f 30/30/1 39/39/1 31/31/1
f 30/30/1 38/38/1 39/39/1
f 27/27/3 34/34/3 26/26/3
f 27/27/3 35/35/3 34/34/3
f 27/27/5 32/32/5 28/28/5
f 27/27/5 31/31/5 32/32/5
f 36/36/6 39/39/6 35/35/6
f 36/36/6 40/40/6 39/39/6
f 31/31/1 40/40/1 32/32/1
f 31/31/1 39/39/1 40/40/1
f 28/28/3 35/35/3 27/27/3
f 28/28/3 36/36/3 35/35/3
f 28/28/4 29/29/4 25/25/4
f 28/28/4 32/32/4 29/29/4
f 33/33/2 40/40/2 36/36/2
f 33/33/2 37/37/2 40/40/2
f 32/32/1 37/37/1 29/29/1
f 32/32/1 40/40/1 37/37/1
f 25/25/3 36/36/3 28/28/3
f 25/25/3 33/33/3 36/36/3
f 41/41/6 46/46/6 42/42/6
f 41/41/6 45/45/6 46/46/6
f 50/50/5 53/53/5 49/49/5
f 50/50/5 54/54/5 53/53/5
f 45/45/1 54/54/1 46/46/1
f 45/45/1 53/53/1 54/54/1
f 42/42/3 49/49/3 41/41/3
f 42/42/3 50/50/3 49/49/3
f 42/42/2 47/47/2 43/43/2
f 42/42/2 46/46/2 47/47/2
f 51/51/4 54/54/4 50/50/4
f 51/51/4 55/55/4 54/54/4
f 46/46/1 55/55/1 47/47/1
f 46/46/1 54/54/1 55/55/1
f 43/43/3 50/50/3 42/42/3
f 43/43/3 51/51/3 50/50/3
f 43/43/5 48/48/5 44/44/5
f 43/43/5 47/47/5 48/48/5
f 52/52/6 55/55/6 51/51/6
f 52/52/6 56/56/6 55/55/6
f 47/47/1 56/56/1 48/48/1
f 47/47/1 55/55/1 56/56/1
f 44/44/3 51/51/3 43/43/3
f 44/44/3 52/52/3 51/51/3
f 44/44/4 45/45/4 41/41/4
f 44/44/4 48/48/4 45/45/4
f 49/49/2 56/56/2 52/52/2
f 49/49/2 53/53/2 56/56/2
f 48/48/1 53/53/1 45/45/1
f 48/48/1 56/56/1 53/53/1
f 41/41/3 52/52/3 44/44/3
f 41/41/3 49/49/3 52/52/3
f 57/57/6 64/64/6 58/58/6
f 57/57/6 63/63/6 64/64/6
f 70/70/5 75/75/5 69/69/5
f 70/70/5 76/76/5 75/75/5
f 63/63/1 76/76/1 64/64/1
f 63/63/1 75/75/1 76/76/1
f 58/58/3 69/69/3 57/57/3
f 58/58/3 70/70/3 69/69/3
f 58/58/2 65/65/2 59/59/2
f 58/58/2 64/64/2 65/65/2
f 71/71/4 76/76/4 70/70/4
f 71/71/4 77/77/4 76/76/4
f 64/64/1 77/77/1 65/65/1
f 64/64/1 76/76/1 77/77/1
f 59/59/3 70/70/3 58/58/3
f 59/59/3 71/71/3 70/70/3
f 59/59/7 66/66/7 60/60/7
f 59/59/7 65/65/7 66/66/7
f 72/72/8 77/77/8 71/71/8
f 72/72/8 78/78/8 77/77/8
f 65/65/1 78/78/1 66/66/1
f 65/65/1 77/77/1 78/78/1
f 60/60/3 71/71/3 59/59/3
f 60/60/3 72/72/3 71/71/3
f 60/60/5 67/67/5 61/61/5
f 60/60/5 66/66/5 67/67/5
f 73/73/6 78/78/6 72/72/6
f 73/73/6 79/79/6 78/78/6
f 66/66/1 79/79/1 67/67/1
f 66/66/1 78/78/1 79/79/1
f 61/61/3 72/72/3 60/60/3
f 61/61/3 73/73/3 72/72/3
f 61/61/9 68/68/9 62/62/9
f 61/61/9 67/67/9 68/68/9
f 74/74/10 79/79/10 73/73/10
f 74/74/10 80/80/10 79/79/10
f 67/67/1 80/80/1 68/68/1
f 67/67/1 79/79/1 80/80/1
f 62/62/3 73/73/3 61/61/3
f 62/62/3 74/74/3 73/73/3
f 62/62/4 63/63/4 57/57/4
f 62/62/4 68/68/4 63/63/4
f 69/69/2 80/80/2 74/74/2
f 69/69/2 75/75/2 80/80/2
f 68/68/1 75/75/1 63/63/1
f 68/68/1 80/80/1 75/75/1
f 57/57/3 74/74/3 62/62/3
f 57/57/3 69/69/3 74/74/3
f 81/81/6 86/86/6 82/82/6
f 81/81/6 85/85/6 86/86/6
f 90/90/5 93/93/5 89/89/5
f 90/90/5 94/94/5 93/93/5
f 85/85/1 94/94/1 86/86/1
f 85/85/1 93/93/1 94/94/1
f 82/82/3 89/89/3 81/81/3
f 82/82/3 90/90/3 89/89/3
f 82/82/2 87/87/2 83/83/2
f 82/82/2 86/86/2 87/87/2
f 91/91/4 94/94/4 90/90/4
f 91/91/4 95/95/4 94/94/4
f 86/86/1 95/95/1 87/87/1
f 86/86/1 94/94/1 95/95/1
f 83/83/3 90/90/3 82/82/3
f 83/83/3 91/91/3 90/90/3
f 83/83/5 88/88/5 84/84/5
f 83/83/5 87/87/5 88/88/5
f 92/92/6 95/95/6 91/91/6
f 92/92/6 96/96/6 95/95/6
f 87/87/1 96/96/1 88/88/1
f 87/87/1 95/95/1 96/96/1
f 84/84/3 91/91/3 83/83/3
f 84/84/3 92/92/3 91/91/3
f 84/84/4 85/85/4 81/81/4
f 84/84/4 88/88/4 85/85/4
f 89/89/2 96/96/2 92/92/2
f 89/89/2 93/93/2 96/96/2
f 88/88/1 93/93/1 85/85/1
f 88/88/1 96/96/1 93/93/1
f 81/81/3 92/92/3 84/84/3
f 81/81/3 89/89/3 92/92/3
f 97/97/6 102/102/6 98/98/6
f 97/97/6 101/101/6 102/102/6
f 106/106/5 109/109/5 105/105/5
f 106/106/5 110/110/5 109/109/5
f 101/101/1 110/110/1 102/102/1
f 101/101/1 109/109/1 110/110/1
f 98/98/3 105/105/3 97/97/3
f 98/98/3 106/106/3 105/105/3
f 98/98/2 103/103/2 99/99/2
f 98/98/2 102/102/2 103/103/2
f 107/107/4 110/110/4 106/106/4
f 107/107/4 111/111/4 110/110/4
f 102/102/1 111/111/1 103/103/1
f 102/102/1 110/110/1 111/111/1
f 99/99/3 106/106/3 98/98/3
f 99/99/3 107/107/3 106/106/3
f 99/99/5 104/104/5 100/100/5
f 99/99/5 103/103/5 104/104/5
f 108/108/6 111/111/6 107/107/6
f 108/108/6 112/112/6 111/111/6
f 103/103/1 112/112/1 104/104/1
f 103/103/1 111/111/1 112/112/1
f 100/100/3 107/107/3 99/99/3
f 100/100/3 108/108/3 107/107/3
f 100/100/4 101/101/4 97/97/4
f 100/100/4 104/104/4 101/101/4
f 105/105/2 112/112/2 108/108/2
f 105/105/2 109/109/2 112/112/2
f 104/104/1 109/109/1 101/101/1
f 104/104/1 112/112/1 109/109/1
f 97/97/3 108/108/3 100/100/3
f 97/97/3 105/105/3 108/108/3
f 113/113/6 118/118/6 114/114/6
f 113/113/6 117/117/6 118/118/6
f 122/122/5 125/125/5 121/121/5
f 122/122/5 126/126/5 125/125/5
f 117/117/1 126/126/1 118/118/1
f 117/117/1 125/125/1 126/126/1
f 114/114/3 121/121/3 113/113/3
f 114/114/3 122/122/3 121/121/3
f 114/114/2 119/119/2 115/115/2
f 114/114/2 118/118/2 119/119/2
f 123/123/4 126/126/4 122/122/4
f 123/123/4 127/127/4 126/126/4
f 118/118/1 127/127/1 119/119/1
f 118/118/1 126/126/1 127/127/1
f 115/115/3 122/122/3 114/114/3
f 115/115/3 123/123/3 122/122/3
f 115/115/5 120/120/5 116/116/5
f 115/115/5 119/119/5 120/120/5
f 124/124/6 127/127/6 123/123/6
f 124/124/6 128/128/6 127/127/6
f 119/119/1 128/128/1 120/120/1
f 119/119/1 127/127/1 128/128/1
f 116/116/3 123/123/3 115/115/3
f 116/116/3 124/124/3 123/123/3
f 116/116/4 117/117/4 113/113/4
f 116/116/4 120/120/4 117/117/4
f 121/121/2 128/128/2 124/124/2
f 121/121/2 125/125/2 128/128/2
f 120/120/1 125/125/1 117/117/1
f 120/120/1 128/128/1 125/125/1
f 113/113/3 124/124/3 116/116/3
f 113/113/3 121/121/3 124/124/3
f 129/129/6 134/134/6 130/130/6
f 129/129/6 133/133/6 134/134/6
f 138/138/5 141/141/5 137/137/5
f 138/138/5 142/142/5 141/141/5
f 133/133/1 142/142/1 134/134/1
f 133/133/1 141/141/1 142/142/1
f 130/130/3 137/137/3 129/129/3
f 130/130/3 138/138/3 137/137/3
f 130/130/2 135/135/2 131/131/2
f 130/130/2 134/134/2 135/135/2
f 139/139/4 142/142/4 138/138/4
f 139/139/4 143/143/4 142/142/4
f 134/134/1 143/143/1 135/135/1
f 134/134/1 142/142/1 143/143/1
f 131/131/3 138/138/3 130/130/3
f 131/131/3 139/139/3 138/138/3
f 131/131/5 136/136/5 132/132/5
f 131/131/5 135/135/5 136/136/5
f 140/140/6 143/143/6 139/139/6
f 140/140/6 144/144/6 143/143/6
f 135/135/1 144/144/1 136/136/1
f 135/135/1 143/143/1 144/144/1
f 132/132/3 139/139/3 131/131/3
f 132/132/3 140/140/3 139/139/3
f 132/132/4 133/133/4 129/129/4
f 132/132/4 136/136/4 133/133/4
f 137/137/2 144/144/2 140/140/2
f 137/137/2 141/141/2 144/144/2
f 136/136/1 141/141/1 133/133/1
f 136/136/1 144/144/1 141/141/1
f 129/129/3 140/140/3 132/132/3
f 129/129/3 137/137/3 140/140/3
f 145/145/6 150/150/6 146/146/6
f 145/145/6 149/149/6 150/150/6
f 154/154/5 157/157/5 153/153/5
f 154/154/5 158/158/5 157/157/5
f 149/149/2 158/158/2 150/150/2
f 149/149/2 157/157/2 158/158/2
f 146/146/4 153/153/4 145/145/4
f 146/146/4 154/154/4 153/153/4
f 146/146/3 151/151/3 147/147/3
f 146/146/3 150/150/3 151/151/3
f 155/155/1 158/158/1 154/154/1
f 155/155/1 159/159/1 158/158/1
f 150/150/2 159/159/2 151/151/2
f 150/150/2 158/158/2 159/159/2
f 147/147/4 154/154/4 146/146/4
f 147/147/4 155/155/4 154/154/4
f 147/147/5 152/152/5 148/148/5
f 147/147/5 151/151/5 152/152/5
f 156/156/6 159/159/6 155/155/6
f 156/156/6 160/160/6 159/159/6
f 151/151/2 160/160/2 152/152/2
f 151/151/2 159/159/2 160/160/2
f 148/148/4 155/155/4 147/147/4
f 148/148/4 156/156/4 155/155/4
f 148/148/1 149/149/1 145/145/1
f 148/148/1 152/152/1 149/149/1
f 153/153/3 160/160/3 156/156/3
f 153/153/3 157/157/3 160/160/3
f 152/152/2 157/157/2 149/149/2
f 152/152/2 160/160/2 157/157/2
f 145/145/4 156/156/4 148/148/4
f 145/145/4 153/153/4 156/156/4
f 161/161/6 168/168/6 162/162/6
f 161/161/6 167/167/6 168/168/6
f 174/174/5 179/179/5 173/173/5
f 174/174/5 180/180/5 179/179/5
f 167/167/2 180/180/2 168/168/2
f 167/167/2 179/179/2 180/180/2
f 162/162/4 173/173/4 161/161/4
f 162/162/4 174/174/4 173/173/4
f 162/162/3 169/169/3 163/163/3
f 162/162/3 168/168/3 169/169/3
f 175/175/1 180/180/1 174/174/1
f 175/175/1 181/181/1 180/180/1
f 168/168/2 181/181/2 169/169/2
f 168/168/2 180/180/2 181/181/2
f 163/163/4 174/174/4 162/162/4
f 163/163/4 175/175/4 174/174/4
f 163/163/11 170/170/11 164/164/11
f 163/163/11 169/169/11 170/170/11
f 176/176/12 181/181/12 175/175/12
f 176/176/12 182/182/12 181/181/12
f 169/169/2 182/182/2 170/170/2
f 169/169/2 181/181/2 182/182/2
f 164/164/4 175/175/4 163/163/4
f 164/164/4 176/176/4 175/175/4
f 164/164/5 171/171/5 165/165/5
f 164/164/5 170/170/5 171/171/5
f 177/177/6 182/182/6 176/176/6
f 177/177/6 183/183/6 182/182/6
f 170/170/2 183/183/2 171/171/2
f 170/170/2 182/182/2 183/183/2
f 165/165/4 176/176/4 164/164/4
f 165/165/4 177/177/4 176/176/4
f 165/165/13 172/172/13 166/166/13
f 165/165/13 171/171/13 172/172/13
f 178/178/14 183/183/14 177/177/14
f 178/178/14 184/184/14 183/183/14
f 171/171/2 184/184/2 172/172/2
f 171/171/2 183/183/2 184/184/2
f 166/166/4 177/177/4 165/165/4
f 166/166/4 178/178/4 177/177/4
f 166/166/1 167/167/1 161/161/1
f 166/166/1 172/172/1 167/167/1
f 173/173/3 184/184/3 178/178/3
f 173/173/3 179/179/3 184/184/3
f 172/172/2 179/179/2 167/167/2
f 172/172/2 184/184/2 179/179/2
f 161/161/4 178/178/4 166/166/4
f 161/161/4 173/173/4 178/178/4
f 185/185/6 190/190/6 186/186/6
f 185/185/6 189/189/6 190/190/6
f 194/194/5 197/197/5 193/193/5
f 194/194/5 198/198/5 197/197/5
f 189/189/2 198/198/2 190/190/2
f 189/189/2 197/197/2 198/198/2
f 186/186/4 193/193/4 185/185/4
f 186/186/4 194/194/4 193/193/4
f 186/186/3 191/191/3 187/187/3
f 186/186/3 190/190/3 191/191/3
f 195/195/1 198/198/1 194/194/1
f 195/195/1 199/199/1 198/198/1
f 190/190/2 199/199/2 191/191/2
f 190/190/2 198/198/2 199/199/2
f 187/187/4 194/194/4 186/186/4
f 187/187/4 195/195/4 194/194/4
f 187/187/5 192/192/5 188/188/5
f 187/187/5 191/191/5 192/192/5
f 196/196/6 199/199/6 195/195/6
f 196/196/6 200/200/6 199/199/6
f 191/191/2 200/200/2 192/192/2
f 191/191/2 199/199/2 200/200/2
f 188/188/4 195/195/4 187/187/4
f 188/188/4 196/196/4 195/195/4
f 188/188/1 189/189/1 185/185/1
f 188/188/1 192/192/1 189/189/1
f 193/193/3 200/200/3 196/196/3
f 193/193/3 197/197/3 200/200/3
f 192/192/2 197/197/2 189/189/2
f 192/192/2 200/200/2 197/197/2
f 185/185/4 196/196/4 188/188/4
f 185/185/4 193/193/4 196/196/4
f 201/201/6 208/208/6 202/202/6
f 201/201/6 207/207/6 208/208/6
f 214/214/5 219/219/5 213/213/5
f 214/214/5 220/220/5 219/219/5
f 207/207/2 220/220/2 208/208/2
f 207/207/2 219/219/2 220/220/2
f 202/202/4 213/213/4 201/201/4
f 202/202/4 214/214/4 213/213/4
f 202/202/3 209/209/3 203/203/3
f 202/202/3 208/208/3 209/209/3
f 215/215/1 220/220/1 214/214/1
f 215/215/1 221/221/1 220/220/1
f 208/208/2 221/221/2 209/209/2
f 208/208/2 220/220/2 221/221/2
f 203/203/4 214/214/4 202/202/4
f 203/203/4 215/215/4 214/214/4
f 203/203/11 210/210/11 204/204/11
f 203/203/11 209/209/11 210/210/11
f 216/216/12 221/221/12 215/215/12
f 216/216/12 222/222/12 221/221/12
f 209/209/2 222/222/2 210/210/2
f 209/209/2 221/221/2 222/222/2
f 204/204/4 215/215/4 203/203/4
f 204/204/4 216/216/4 215/215/4
f 204/204/5 211/211/5 205/205/5
f 204/204/5 210/210/5 211/211/5
f 217/217/6 222/222/6 216/216/6
f 217/217/6 223/223/6 222/222/6
f 210/210/2 223/223/2 211/211/2
f 210/210/2 222/222/2 223/223/2
f 205/205/4 216/216/4 204/204/4
f 205/205/4 217/217/4 216/216/4
f 205/205/13 212/212/13 206/206/13
f 205/205/13 211/211/13 212/212/13
f 218/218/14 223/223/14 217/217/14
f 218/218/14 224/224/14 223/223/14
f 211/211/2 224/224/2 212/212/2
f 211/211/2 223/223/2 224/224/2
f 206/206/4 217/217/4 205/205/4
f 206/206/4 218/218/4 217/217/4
f 206/206/1 207/207/1 201/201/1
f 206/206/1 212/212/1 207/207/1
f 213/213/3 224/224/3 218/218/3
f 213/213/3 219/219/3 224/224/3
f 212/212/2 219/219/2 207/207/2
f 212/212/2 224/224/2 219/219/2
f 201/201/4 218/218/4 206/206/4
f 201/201/4 213/213/4 218/218/4
f 225/225/6 230/230/6 226/226/6
f 225/225/6 229/229/6 230/230/6
f 234/234/5 237/237/5 233/233/5
f 234/234/5 238/238/5 237/237/5
f 229/229/2 238/238/2 230/230/2
f 229/229/2 237/237/2 238/238/2
f 226/226/4 233/233/4 225/225/4
f 226/226/4 234/234/4 233/233/4
f 226/226/3 231/231/3 227/227/3
f 226/226/3 230/230/3 231/231/3
f 235/235/1 238/238/1 234/234/1
f 235/235/1 239/239/1 238/238/1
f 230/230/2 239/239/2 231/231/2
f 230/230/2 238/238/2 239/239/2
f 227/227/4 234/234/4 226/226/4
f 227/227/4 235/235/4 234/234/4
f 227/227/5 232/232/5 228/228/5
f 227/227/5 231/231/5 232/232/5
f 236/236/6 239/239/6 235/235/6
f 236/236/6 240/240/6 239/239/6
f 231/231/2 240/240/2 232/232/2
f 231/231/2 239/239/2 240/240/2
f 228/228/4 235/235/4 227/227/4
f 228/228/4 236/236/4 235/235/4
f 228/228/1 229/229/1 225/225/1
f 228/228/1 232/232/1 229/229/1
f 233/233/3 240/240/3 236/236/3
f 233/233/3 237/237/3 240/240/3
f 232/232/2 237/237/2 229/229/2
f 232/232/2 240/240/2 237/237/2
f 225/225/4 236/236/4 228/228/4
f 225/225/4 233/233/4 236/236/4
f 241/241/6 246/246/6 242/242/6
f 241/241/6 245/245/6 246/246/6
f 250/250/5 253/253/5 249/249/5
f 250/250/5 254/254/5 253/253/5
f 245/245/2 254/254/2 246/246/2
f 245/245/2 253/253/2 254/254/2
f 242/242/4 249/249/4 241/241/4
f 242/242/4 250/250/4 249/249/4
f 242/242/3 247/247/3 243/243/3
f 242/242/3 246/246/3 247/247/3
f 251/251/1 254/254/1 250/250/1
f 251/251/1 255/255/1 254/254/1
f 246/246/2 255/255/2 247/247/2
f 246/246/2 254/254/2 255/255/2
f 243/243/4 250/250/4 242/242/4
f 243/243/4 251/251/4 250/250/4
f 243/243/5 248/248/5 244/244/5
f 243/243/5 247/247/5 248/248/5
f 252/252/6 255/255/6 251/251/6
f 252/252/6 256/256/6 255/255/6
f 247/247/2 256/256/2 248/248/2
f 247/247/2 255/255/2 256/256/2
f 244/244/4 251/251/4 243/243/4
f 244/244/4 252/252/4 251/251/4
f 244/244/1 245/245/1 241/241/1
f 244/244/1 248/248/1 245/245/1
f 249/249/3 256/256/3 252/252/3
f 249/249/3 253/253/3 256/256/3
f 248/248/2 253/253/2 245/245/2
f 248/248/2 256/256/2 253/253/2
f 241/241/4 252/252/4 244/244/4
f 241/241/4 249/249/4 252/252/4
f 257/257/6 262/262/6 258/258/6
f 257/257/6 261/261/6 262/262/6
f 266/266/5 269/269/5 265/265/5
f 266/266/5 270/270/5 269/269/5
f 261/261/2 270/270/2 262/262/2
f 261/261/2 269/269/2 270/270/2
f 258/258/4 265/265/4 257/257/4
f 258/258/4 266/266/4 265/265/4
f 258/258/3 263/263/3 259/259/3
f 258/258/3 262/262/3 263/263/3
f 267/267/1 270/270/1 266/266/1
f 267/267/1 271/271/1 270/270/1
f 262/262/2 271/271/2 263/263/2
f 262/262/2 270/270/2 271/271/2
f 259/259/4 266/266/4 258/258/4
f 259/259/4 267/267/4 266/266/4
f 259/259/5 264/264/5 260/260/5
f 259/259/5 263/263/5 264/264/5
f 268/268/6 271/271/6 267/267/6
f 268/268/6 272/272/6 271/271/6
f 263/263/2 272/272/2 264/264/2
f 263/263/2 271/271/2 272/272/2
f 260/260/4 267/267/4 259/259/4
f 260/260/4 268/268/4 267/267/4
f 260/260/1 261/261/1 257/257/1
f 260/260/1 264/264/1 261/261/1
f 265/265/3 272/272/3 268/268/3
f 265/265/3 269/269/3 272/272/3
f 264/264/2 269/269/2 261/261/2
f 264/264/2 272/272/2 269/269/2
f 257/257/4 268/268/4 260/260/4
f 257/257/4 265/265/4 268/268/4
f 273/273/6 280/280/6 274/274/6
f 273/273/6 279/279/6 280/280/6
f 286/286/5 291/291/5 285/285/5
f 286/286/5 292/292/5 291/291/5
f 279/279/2 292/292/2 280/280/2
f 279/279/2 291/291/2 292/292/2
f 274/274/4 285/285/4 273/273/4
f 274/274/4 286/286/4 285/285/4
f 274/274/3 281/281/3 275/275/3
f 274/274/3 280/280/3 281/281/3
f 287/287/1 292/292/1 286/286/1
f 287/287/1 293/293/1 292/292/1
f 280/280/2 293/293/2 281/281/2
f 280/280/2 292/292/2 293/293/2
f 275/275/4 286/286/4 274/274/4
f 275/275/4 287/287/4 286/286/4
f 275/275/11 282/282/11 276/276/11
f 275/275/11 281/281/11 282/282/11
f 288/288/12 293/293/12 287/287/12
f 288/288/12 294/294/12 293/293/12
f 281/281/2 294/294/2 282/282/2
f 281/281/2 293/293/2 294/294/2
f 276/276/4 287/287/4 275/275/4
f 276/276/4 288/288/4 287/287/4
f 276/276/5 283/283/5 277/277/5
f 276/276/5 282/282/5 283/283/5
f 289/289/6 294/294/6 288/288/6
f 289/289/6 295/295/6 294/294/6
f 282/282/2 295/295/2 283/283/2
f 282/282/2 294/294/2 295/295/2
f 277/277/4 288/288/4 276/276/4
f 277/277/4 289/289/4 288/288/4
f 277/277/13 284/284/13 278/278/13
f 277/277/13 283/283/13 284/284/13
f 290/290/14 295/295/14 289/289/14
f 290/290/14 296/296/14 295/295/14
f 283/283/2 296/296/2 284/284/2
f 283/283/2 295/295/2 296/296/2
f 278/278/4 289/289/4 277/277/4
f 278/278/4 290/290/4 289/289/4
f 278/278/1 279/279/1 273/273/1
f 278/278/1 284/284/1 279/279/1
f 285/285/3 296/296/3 290/290/3
f 285/285/3 291/291/3 296/296/3
f 284/284/2 291/291/2 279/279/2
f 284/284/2 296/296/2 291/291/2
f 273/273/4 290/290/4 278/278/4
f 273/273/4 285/285/4 290/290/4
f 297/297/6 302/302/6 298/298/6
f 297/297/6 301/301/6 302/302/6
f 306/306/5 309/309/5 305/305/5
f 306/306/5 310/310/5 309/309/5
f 301/301/3 310/310/3 302/302/3
f 301/301/3 309/309/3 310/310/3
f 298/298/1 305/305/1 297/297/1
f 298/298/1 306/306/1 305/305/1
f 298/298/4 303/303/4 299/299/4
f 298/298/4 302/302/4 303/303/4
f 307/307/2 310/310/2 306/306/2
f 307/307/2 311/311/2 310/310/2
f 302/302/3 311/311/3 303/303/3
f 302/302/3 310/310/3 311/311/3
f 299/299/1 306/306/1 298/298/1
f 299/299/1 307/307/1 306/306/1
f 299/299/5 304/304/5 300/300/5
f 299/299/5 303/303/5 304/304/5
f 308/308/6 311/311/6 307/307/6
f 308/308/6 312/312/6 311/311/6
f 303/303/3 312/312/3 304/304/3
f 303/303/3 311/311/3 312/312/3
f 300/300/1 307/307/1 299/299/1
f 300/300/1 308/308/1 307/307/1
f 300/300/2 301/301/2 297/297/2
f 300/300/2 304/304/2 301/301/2
f 305/305/4 312/312/4 308/308/4
f 305/305/4 309/309/4 312/312/4
f 304/304/3 309/309/3 301/301/3
f 304/304/3 312/312/3 309/309/3
f 297/297/1 308/308/1 300/300/1
f 297/297/1 305/305/1 308/308/1
f 313/313/6 318/318/6 314/314/6
f 313/313/6 317/317/6 318/318/6
f 322/322/5 325/325/5 321/321/5
f 322/322/5 326/326/5 325/325/5
f 317/317/3 326/326/3 318/318/3
f 317/317/3 325/325/3 326/326/3
f 314/314/1 321/321/1 313/313/1
f 314/314/1 322/322/1 321/321/1
f 314/314/4 319/319/4 315/315/4
f 314/314/4 318/318/4 319/319/4
f 323/323/2 326/326/2 322/322/2
f 323/323/2 327/327/2 326/326/2
f 318/318/3 327/327/3 319/319/3
f 318/318/3 326/326/3 327/327/3
f 315/315/1 322/322/1 314/314/1
f 315/315/1 323/323/1 322/322/1
f 315/315/5 320/320/5 316/316/5
f 315/315/5 319/319/5 320/320/5
f 324/324/6 327/327/6 323/323/6
f 324/324/6 328/328/6 327/327/6
f 319/319/3 328/328/3 320/320/3
f 319/319/3 327/327/3 328/328/3
f 316/316/1 323/323/1 315/315/1
f 316/316/1 324/324/1 323/323/1
f 316/316/2 317/317/2 313/313/2
f 316/316/2 320/320/2 317/317/2
f 321/321/4 328/328/4 324/324/4
f 321/321/4 325/325/4 328/328/4
f 320/320/3 325/325/3 317/317/3
f 320/320/3 328/328/3 325/325/3
f 313/313/1 324/324/1 316/316/1
f 313/313/1 321/321/1 324/324/1
f 329/329/6 334/334/6 330/330/6
f 329/329/6 333/333/6 334/334/6
f 338/338/5 341/341/5 337/337/5
f 338/338/5 342/342/5 341/341/5
f 333/333/3 342/342/3 334/334/3
f 333/333/3 341/341/3 342/342/3
f 330/330/1 337/337/1 329/329/1
f 330/330/1 338/338/1 337/337/1
f 330/330/4 335/335/4 331/331/4
f 330/330/4 334/334/4 335/335/4
f 339/339/2 342/342/2 338/338/2
f 339/339/2 343/343/2 342/342/2
f 334/334/3 343/343/3 335/335/3
f 334/334/3 342/342/3 343/343/3
f 331/331/1 338/338/1 330/330/1
f 331/331/1 339/339/1 338/338/1
f 331/331/5 336/336/5 332/332/5
f 331/331/5 335/335/5 336/336/5
f 340/340/6 343/343/6 339/339/6
f 340/340/6 344/344/6 343/343/6
f 335/335/3 344/344/3 336/336/3
f 335/335/3 343/343/3 344/344/3
f 332/332/1 339/339/1 331/331/1
f 332/332/1 340/340/1 339/339/1
f 332/332/2 333/333/2 329/329/2
f 332/332/2 336/336/2 333/333/2
f 337/337/4 344/344/4 340/340/4
f 337/337/4 341/341/4 344/344/4
f 336/336/3 341/341/3 333/333/3
f 336/336/3 344/344/3 341/341/3
f 329/329/1 340/340/1 332/332/1
f 329/329/1 337/337/1 340/340/1
f 345/345/6 350/350/6 346/346/6
f 345/345/6 349/349/6 350/350/6
f 354/354/5 357/357/5 353/353/5
f 354/354/5 358/358/5 357/357/5
f 349/349/3 358/358/3 350/350/3
f 349/349/3 357/357/3 358/358/3
f 346/346/1 353/353/1 345/345/1
f 346/346/1 354/354/1 353/353/1
f 346/346/4 351/351/4 347/347/4
f 346/346/4 350/350/4 351/351/4
f 355/355/2 358/358/2 354/354/2
f 355/355/2 359/359/2 358/358/2
f 350/350/3 359/359/3 351/351/3
f 350/350/3 358/358/3 359/359/3
f 347/347/1 354/354/1 346/346/1
f 347/347/1 355/355/1 354/354/1
f 347/347/5 352/352/5 348/348/5
f 347/347/5 351/351/5 352/352/5
f 356/356/6 359/359/6 355/355/6
f 356/356/6 360/360/6 359/359/6
f 351/351/3 360/360/3 352/352/3
f 351/351/3 359/359/3 360/360/3
f 348/348/1 355/355/1 347/347/1
f 348/348/1 356/356/1 355/355/1
f 348/348/2 349/349/2 345/345/2
f 348/348/2 352/352/2 349/349/2
f 353/353/4 360/360/4 356/356/4
f 353/353/4 357/357/4 360/360/4
f 352/352/3 357/357/3 349/349/3
f 352/352/3 360/360/3 357/357/3
f 345/345/1 356/356/1 348/348/1
f 345/345/1 353/353/1 356/356/1
f 361/361/6 366/366/6 362/362/6
f 361/361/6 365/365/6 366/366/6
f 370/370/5 373/373/5 369/369/5
f 370/370/5 374/374/5 373/373/5
f 365/365/3 374/374/3 366/366/3
f 365/365/3 373/373/3 374/374/3
f 362/362/1 369/369/1 361/361/1
f 362/362/1 370/370/1 369/369/1
f 362/362/4 367/367/4 363/363/4
f 362/362/4 366/366/4 367/367/4
f 371/371/2 374/374/2 370/370/2
f 371/371/2 375/375/2 374/374/2
f 366/366/3 375/375/3 367/367/3
f 366/366/3 374/374/3 375/375/3
f 363/363/1 370/370/1 362/362/1
f 363/363/1 371/371/1 370/370/1
f 363/363/5 368/368/5 364/364/5
f 363/363/5 367/367/5 368/368/5
f 372/372/6 375/375/6 371/371/6
f 372/372/6 376/376/6 375/375/6
f 367/367/3 376/376/3 368/368/3
f 367/367/3 375/375/3 376/376/3
f 364/364/1 371/371/1 363/363/1
f 364/364/1 372/372/1 371/371/1
f 364/364/2 365/365/2 361/361/2
f 364/364/2 368/368/2 365/365/2
f 369/369/4 376/376/4 372/372/4
f 369/369/4 373/373/4 376/376/4
f 368/368/3 373/373/3 365/365/3
f 368/368/3 376/376/3 373/373/3
f 361/361/1 372/372/1 364/364/1
f 361/361/1 369/369/1 372/372/1
f 377/377/6 384/384/6 378/378/6
f 377/377/6 383/383/6 384/384/6
f 390/390/5 395/395/5 389/389/5
f 390/390/5 396/396/5 395/395/5
f 383/383/3 396/396/3 384/384/3
f 383/383/3 395/395/3 396/396/3
f 378/378/1 389/389/1 377/377/1
f 378/378/1 390/390/1 389/389/1
f 378/378/4 385/385/4 379/379/4
f 378/378/4 384/384/4 385/385/4
f 391/391/2 396/396/2 390/390/2
f 391/391/2 397/397/2 396/396/2
f 384/384/3 397/397/3 385/385/3
f 384/384/3 396/396/3 397/397/3
f 379/379/1 390/390/1 378/378/1
f 379/379/1 391/391/1 390/390/1
f 379/379/9 386/386/9 380/380/9
f 379/379/9 385/385/9 386/386/9
f 392/392/10 397/397/10 391/391/10
f 392/392/10 398/398/10 397/397/10
f 385/385/3 398/398/3 386/386/3
f 385/385/3 397/397/3 398/398/3
f 380/380/1 391/391/1 379/379/1
f 380/380/1 392/392/1 391/391/1
f 380/380/5 387/387/5 381/381/5
f 380/380/5 386/386/5 387/387/5
f 393/393/6 398/398/6 392/392/6
f 393/393/6 399/399/6 398/398/6
f 386/386/3 399/399/3 387/387/3
f 386/386/3 398/398/3 399/399/3
f 381/381/1 392/392/1 380/380/1
f 381/381/1 393/393/1 392/392/1
f 381/381/7 388/388/7 382/382/7
f 381/381/7 387/387/7 388/388/7
f 394/394/8 399/399/8 393/393/8
f 394/394/8 400/400/8 399/399/8
f 387/387/3 400/400/3 388/388/3
f 387/387/3 399/399/3 400/400/3
f 382/382/1 393/393/1 381/381/1
f 382/382/1 394/394/1 393/393/1
f 382/382/2 383/383/2 377/377/2
f 382/382/2 388/388/2 383/383/2
f 389/389/4 400/400/4 394/394/4
f 389/389/4 395/395/4 400/400/4
f 388/388/3 395/395/3 383/383/3
f 388/388/3 400/400/3 395/395/3
f 377/377/1 394/394/1 382/382/1
f 377/377/1 389/389/1 394/394/1
f 401/401/6 406/406/6 402/402/6
f 401/401/6 405/405/6 406/406/6
f 410/410/5 413/413/5 409/409/5
f 410/410/5 414/414/5 413/413/5
f 405/405/3 414/414/3 406/406/3
f 405/405/3 413/413/3 414/414/3
f 402/402/1 409/409/1 401/401/1
f 402/402/1 410/410/1 409/409/1
f 402/402/4 407/407/4 403/403/4
f 402/402/4 406/406/4 407/407/4
f 411/411/2 414/414/2 410/410/2
f 411/411/2 415/415/2 414/414/2
f 406/406/3 415/415/3 407/407/3
f 406/406/3 414/414/3 415/415/3
f 403/403/1 410/410/1 402/402/1
f 403/403/1 411/411/1 410/410/1
f 403/403/5 408/408/5 404/404/5
f 403/403/5 407/407/5 408/408/5
f 412/412/6 415/415/6 411/411/6
f 412/412/6 416/416/6 415/415/6
f 407/407/3 416/416/3 408/408/3
f 407/407/3 415/415/3 416/416/3
f 404/404/1 411/411/1 403/403/1
f 404/404/1 412/412/1 411/411/1
f 404/404/2 405/405/2 401/401/2
f 404/404/2 408/408/2 405/405/2
f 409/409/4 416/416/4 412/412/4
f 409/409/4 413/413/4 416/416/4
f 408/408/3 413/413/3 405/405/3
f 408/408/3 416/416/3 413/413/3
f 401/401/1 412/412/1 404/404/1
f 401/401/1 409/409/1 412/412/1
f 417/417/6 424/424/6 418/418/6
f 417/417/6 423/423/6 424/424/6
f 430/430/5 435/435/5 429/429/5
f 430/430/5 436/436/5 435/435/5
f 423/423/3 436/436/3 424/424/3
f 423/423/3 435/435/3 436/436/3
f 418/418/1 429/429/1 417/417/1
f 418/418/1 430/430/1 429/429/1
f 418/418/4 425/425/4 419/419/4
f 418/418/4 424/424/4 425/425/4
f 431/431/2 436/436/2 430/430/2
f 431/431/2 437/437/2 436/436/2
f 424/424/3 437/437/3 425/425/3
f 424/424/3 436/436/3 437/437/3
f 419/419/1 430/430/1 418/418/1
f 419/419/1 431/431/1 430/430/1
f 419/419/9 426/426/9 420/420/9
f 419/419/9 425/425/9 426/426/9
f 432/432/10 437/437/10 431/431/10
f 432/432/10 438/438/10 437/437/10
f 425/425/3 438/438/3 426/426/3
f 425/425/3 437/437/3 438/438/3
f 420/420/1 431/431/1 419/419/1
f 420/420/1 432/432/1 431/431/1
f 420/420/5 427/427/5 421/421/5
f 420/420/5 426/426/5 427/427/5
f 433/433/6 438/438/6 432/432/6
f 433/433/6 439/439/6 438/438/6
f 426/426/3 439/439/3 427/427/3
f 426/426/3 438/438/3 439/439/3
f 421/421/1 432/432/1 420/420/1
f 421/421/1 433/433/1 432/432/1
f 421/421/7 428/428/7 422/422/7
f 421/421/7 427/427/7 428/428/7
f 434/434/8 439/439/8 433/433/8
f 434/434/8 440/440/8 439/439/8
f 427/427/3 440/440/3 428/428/3
f 427/427/3 439/439/3 440/440/3
f 422/422/1 433/433/1 421/421/1
f 422/422/1 434/434/1 433/433/1
f 422/422/2 423/423/2 417/417/2
f 422/422/2 428/428/2 423/423/2
f 429/429/4 440/440/4 434/434/4
f 429/429/4 435/435/4 440/440/4
f 428/428/3 435/435/3 423/423/3
f 428/428/3 440/440/3 435/435/3
f 417/417/1 434/434/1 422/422/1
f 417/417/1 429/429/1 434/434/1
f 441/441/6 448/448/6 442/442/6
f 441/441/6 447/447/6 448/448/6
f 454/454/5 459/459/5 453/453/5
f 454/454/5 460/460/5 459/459/5
f 447/447/3 460/460/3 448/448/3
f 447/447/3 459/459/3 460/460/3
f 442/442/1 453/453/1 441/441/1
f 442/442/1 454/454/1 453/453/1
f 442/442/4 449/449/4 443/443/4
f 442/442/4 448/448/4 449/449/4
f 455/455/2 460/460/2 454/454/2
f 455/455/2 461/461/2 460/460/2
f 448/448/3 461/461/3 449/449/3
f 448/448/3 460/460/3 461/461/3
f 443/443/1 454/454/1 442/442/1
f 443/443/1 455/455/1 454/454/1
f 443/443/9 450/450/9 444/444/9
f 443/443/9 449/449/9 450/450/9
f 456/456/10 461/461/10 455/455/10
f 456/456/10 462/462/10 461/461/10
f 449/449/3 462/462/3 450/450/3
f 449/449/3 461/461/3 462/462/3
f 444/444/1 455/455/1 443/443/1
f 444/444/1 456/456/1 455/455/1
f 444/444/5 451/451/5 445/445/5
f 444/444/5 450/450/5 451/451/5
f 457/457/6 462/462/6 456/456/6
f 457/457/6 463/463/6 462/462/6
f 450/450/3 463/463/3 451/451/3
f 450/450/3 462/462/3 463/463/3
f 445/445/1 456/456/1 444/444/1
f 445/445/1 457/457/1 456/456/1
f 445/445/7 452/452/7 446/446/7
f 445/445/7 451/451/7 452/452/7
f 458/458/8 463/463/8 457/457/8
f 458/458/8 464/464/8 463/463/8
f 451/451/3 464/464/3 452/452/3
f 451/451/3 463/463/3 464/464/3
f 446/446/1 457/457/1 445/445/1
f 446/446/1 458/458/1 457/457/1
f 446/446/2 447/447/2 441/441/2
f 446/446/2 452/452/2 447/447/2
f 453/453/4 464/464/4 458/458/4
f 453/453/4 459/459/4 464/464/4
f 452/452/3 459/459/3 447/447/3
f 452/452/3 464/464/3 459/459/3
f 441/441/1 458/458/1 446/446/1
f 441/441/1 453/453/1 458/458/1
f 465/465/1 466/466/1 470/470/1
f 465/465/1 470/470/1 469/469/1
f 466/466/4 467/467/4 471/471/4
f 466/466/4 471/471/4 470/470/4
f 467/467/3 468/468/3 472/472/3
f 467/467/3 472/472/3 471/471/3
f 468/468/2 465/465/2 469/469/2
f 468/468/2 469/469/2 472/472/2
f 469/469/5 470/470/5 471/471/5
f 469/469/5 471/471/5 472/472/5
f 468/468/6 467/467/6 466/466/6
f 468/468/6 466/466/6 465/465/6
f 473/473/6 478/478/6 474/474/6
f 473/473/6 477/477/6 478/478/6
f 482/482/5 485/485/5 481/481/5
f 482/482/5 486/486/5 485/485/5
f 477/477/4 486/486/4 478/478/4
f 477/477/4 485/485/4 486/486/4
f 474/474/2 481/481/2 473/473/2
f 474/474/2 482/482/2 481/481/2
f 474/474/1 479/479/1 475/475/1
f 474/474/1 478/478/1 479/479/1
f 483/483/3 486/486/3 482/482/3
f 483/483/3 487/487/3 486/486/3
f 478/478/4 487/487/4 479/479/4
f 478/478/4 486/486/4 487/487/4
f 475/475/2 482/482/2 474/474/2
f 475/475/2 483/483/2 482/482/2
f 475/475/5 480/480/5 476/476/5
f 475/475/5 479/479/5 480/480/5
f 484/484/6 487/487/6 483/483/6
f 484/484/6 488/488/6 487/487/6
f 479/479/4 488/488/4 480/480/4
f 479/479/4 487/487/4 488/488/4
f 476/476/2 483/483/2 475/475/2
f 476/476/2 484/484/2 483/483/2
f 476/476/3 477/477/3 473/473/3
f 476/476/3 480/480/3 477/477/3
f 481/481/1 488/488/1 484/484/1
f 481/481/1 485/485/1 488/488/1
f 480/480/4 485/485/4 477/477/4
f 480/480/4 488/488/4 485/485/4
f 473/473/2 484/484/2 476/476/2
f 473/473/2 481/481/2 484/484/2
f 489/489/6 496/496/6 490/490/6
f 489/489/6 495/495/6 496/496/6
f 502/502/5 507/507/5 501/501/5
f 502/502/5 508/508/5 507/507/5
f 495/495/4 508/508/4 496/496/4
f 495/495/4 507/507/4 508/508/4
f 490/490/2 501/501/2 489/489/2
f 490/490/2 502/502/2 501/501/2
f 490/490/1 497/497/1 491/491/1
f 490/490/1 496/496/1 497/497/1
f 503/503/3 508/508/3 502/502/3
f 503/503/3 509/509/3 508/508/3
f 496/496/4 509/509/4 497/497/4
f 496/496/4 508/508/4 509/509/4
f 491/491/2 502/502/2 490/490/2
f 491/491/2 503/503/2 502/502/2
f 491/491/13 498/498/13 492/492/13
f 491/491/13 497/497/13 498/498/13
f 504/504/14 509/509/14 503/503/14
f 504/504/14 510/510/14 509/509/14
f 497/497/4 510/510/4 498/498/4
f 497/497/4 509/509/4 510/510/4
f 492/492/2 503/503/2 491/491/2
f 492/492/2 504/504/2 503/503/2
f 492/492/5 499/499/5 493/493/5
f 492/492/5 498/498/5 499/499/5
f 505/505/6 510/510/6 504/504/6
f 505/505/6 511/511/6 510/510/6
f 498/498/4 511/511/4 499/499/4
f 498/498/4 510/510/4 511/511/4
f 493/493/2 504/504/2 492/492/2
f 493/493/2 505/505/2 504/504/2
f 493/493/11 500/500/11 494/494/11
f 493/493/11 499/499/11 500/500/11
f 506/506/12 511/511/12 505/505/12
f 506/506/12 512/512/12 511/511/12
f 499/499/4 512/512/4 500/500/4
f 499/499/4 511/511/4 512/512/4
f 494/494/2 505/505/2 493/493/2
f 494/494/2 506/506/2 505/505/2
f 494/494/3 495/495/3 489/489/3
f 494/494/3 500/500/3 495/495/3
f 501/501/1 512/512/1 506/506/1
f 501/501/1 507/507/1 512/512/1
f 500/500/4 507/507/4 495/495/4
f 500/500/4 512/512/4 507/507/4
f 489/489/2 506/506/2 494/494/2
f 489/489/2 501/501/2 506/506/2
f 513/513/6 518/518/6 514/514/6
f 513/513/6 517/517/6 518/518/6
f 522/522/5 525/525/5 521/521/5
f 522/522/5 526/526/5 525/525/5
f 517/517/4 526/526/4 518/518/4
f 517/517/4 525/525/4 526/526/4
f 514/514/2 521/521/2 513/513/2
f 514/514/2 522/522/2 521/521/2
f 514/514/1 519/519/1 515/515/1
f 514/514/1 518/518/1 519/519/1
f 523/523/3 526/526/3 522/522/3
f 523/523/3 527/527/3 526/526/3
f 518/518/4 527/527/4 519/519/4
f 518/518/4 526/526/4 527/527/4
f 515/515/2 522/522/2 514/514/2
f 515/515/2 523/523/2 522/522/2
f 515/515/5 520/520/5 516/516/5
f 515/515/5 519/519/5 520/520/5
f 524/524/6 527/527/6 523/523/6
f 524/524/6 528/528/6 527/527/6
f 519/519/4 528/528/4 520/520/4
f 519/519/4 527/527/4 528/528/4
f 516/516/2 523/523/2 515/515/2
f 516/516/2 524/524/2 523/523/2
f 516/516/3 517/517/3 513/513/3
f 516/516/3 520/520/3 517/517/3
f 521/521/1 528/528/1 524/524/1
f 521/521/1 525/525/1 528/528/1
f 520/520/4 525/525/4 517/517/4
f 520/520/4 528/528/4 525/525/4
f 513/513/2 524/524/2 516/516/2
f 513/513/2 521/521/2 524/524/2
f 529/529/6 534/534/6 530/530/6
f 529/529/6 533/533/6 534/534/6
f 538/538/5 541/541/5 537/537/5
f 538/538/5 542/542/5 541/541/5
f 533/533/4 542/542/4 534/534/4
f 533/533/4 541/541/4 542/542/4
f 530/530/2 537/537/2 529/529/2
f 530/530/2 538/538/2 537/537/2
f 530/530/1 535/535/1 531/531/1
f 530/530/1 534/534/1 535/535/1
f 539/539/3 542/542/3 538/538/3
f 539/539/3 543/543/3 542/542/3
f 534/534/4 543/543/4 535/535/4
f 534/534/4 542/542/4 543/543/4
f 531/531/2 538/538/2 530/530/2
f 531/531/2 539/539/2 538/538/2
f 531/531/5 536/536/5 532/532/5
f 531/531/5 535/535/5 536/536/5
f 540/540/6 543/543/6 539/539/6
f 540/540/6 544/544/6 543/543/6
f 535/535/4 544/544/4 536/536/4
f 535/535/4 543/543/4 544/544/4
f 532/532/2 539/539/2 531/531/2
f 532/532/2 540/540/2 539/539/2
f 532/532/3 533/533/3 529/529/3
f 532/532/3 536/536/3 533/533/3
f 537/537/1 544/544/1 540/540/1
f 537/537/1 541/541/1 544/544/1
f 536/536/4 541/541/4 533/533/4
f 536/536/4 544/544/4 541/541/4
f 529/529/2 540/540/2 532/532/2
f 529/529/2 537/537/2 540/540/2
f 545/545/6 550/550/6 546/546/6
f 545/545/6 549/549/6 550/550/6
f 554/554/5 557/557/5 553/553/5
f 554/554/5 558/558/5 557/557/5
f 549/549/4 558/558/4 550/550/4
f 549/549/4 557/557/4 558/558/4
f 546/546/2 553/553/2 545/545/2
f 546/546/2 554/554/2 553/553/2
f 546/546/1 551/551/1 547/547/1
f 546/546/1 550/550/1 551/551/1
f 555/555/3 558/558/3 554/554/3
f 555/555/3 559/559/3 558/558/3
f 550/550/4 559/559/4 551/551/4
f 550/550/4 558/558/4 559/559/4
f 547/547/2 554/554/2 546/546/2
f 547/547/2 555/555/2 554/554/2
f 547/547/5 552/552/5 548/548/5
f 547/547/5 551/551/5 552/552/5
f 556/556/6 559/559/6 555/555/6
f 556/556/6 560/560/6 559/559/6
f 551/551/4 560/560/4 552/552/4
f 551/551/4 559/559/4 560/560/4
f 548/548/2 555/555/2 547/547/2
f 548/548/2 556/556/2 555/555/2
f 548/548/3 549/549/3 545/545/3
f 548/548/3 552/552/3 549/549/3
f 553/553/1 560/560/1 556/556/1
f 553/553/1 557/557/1 560/560/1
f 552/552/4 557/557/4 549/549/4
f 552/552/4 560/560/4 557/557/4
f 545/545/2 556/556/2 548/548/2
f 545/545/2 553/553/2 556/556/2
f 561/561/6 566/566/6 562/562/6
f 561/561/6 565/565/6 566/566/6
f 570/570/5 573/573/5 569/569/5
f 570/570/5 574/574/5 573/573/5
f 565/565/4 574/574/4 566/566/4
f 565/565/4 573/573/4 574/574/4
f 562/562/2 569/569/2 561/561/2
f 562/562/2 570/570/2 569/569/2
f 562/562/1 567/567/1 563/563/1
f 562/562/1 566/566/1 567/567/1
f 571/571/3 574/574/3 570/570/3
f 571/571/3 575/575/3 574/574/3
f 566/566/4 575/575/4 567/567/4
f 566/566/4 574/574/4 575/575/4
f 563/563/2 570/570/2 562/562/2
f 563/563/2 571/571/2 570/570/2
f 563/563/5 568/568/5 564/564/5
f 563/563/5 567/567/5 568/568/5
f 572/572/6 575/575/6 571/571/6
f 572/572/6 576/576/6 575/575/6
f 567/567/4 576/576/4 568/568/4
f 567/567/4 575/575/4 576/576/4
f 564/564/2 571/571/2 563/563/2
f 564/564/2 572/572/2 571/571/2
f 564/564/3 565/565/3 561/561/3
f 564/564/3 568/568/3 565/565/3
f 569/569/1 576/576/1 572/572/1
f 569/569/1 573/573/1 576/576/1
f 568/568/4 573/573/4 565/565/4
f 568/568/4 576/576/4 573/573/4
f 561/561/2 572/572/2 564/564/2
f 561/561/2 569/569/2 572/572/2
f 577/577/6 582/582/6 578/578/6
f 577/577/6 581/581/6 582/582/6
f 586/586/5 589/589/5 585/585/5
f 586/586/5 590/590/5 589/589/5
f 581/581/4 590/590/4 582/582/4
f 581/581/4 589/589/4 590/590/4
f 578/578/2 585/585/2 577/577/2
f 578/578/2 586/586/2 585/585/2
f 578/578/1 583/583/1 579/579/1
f 578/578/1 582/582/1 583/583/1
f 587/587/3 590/590/3 586/586/3
f 587/587/3 591/591/3 590/590/3
f 582/582/4 591/591/4 583/583/4
f 582/582/4 590/590/4 591/591/4
f 579/579/2 586/586/2 578/578/2
f 579/579/2 587/587/2 586/586/2
f 579/579/5 584/584/5 580/580/5
f 579/579/5 583/583/5 584/584/5
f 588/588/6 591/591/6 587/587/6
f 588/588/6 592/592/6 591/591/6
f 583/583/4 592/592/4 584/584/4
f 583/583/4 591/591/4 592/592/4
f 580/580/2 587/587/2 579/579/2
f 580/580/2 588/588/2 587/587/2
f 580/580/3 581/581/3 577/577/3
f 580/580/3 584/584/3 581/581/3
f 585/585/1 592/592/1 588/588/1
f 585/585/1 589/589/1 592/592/1
f 584/584/4 589/589/4 581/581/4
f 584/584/4 592/592/4 589/589/4
f 577/577/2 588/588/2 580/580/2
f 577/577/2 585/585/2 588/588/2
f 593/593/6 598/598/6 594/594/6
f 593/593/6 597/597/6 598/598/6
f 602/602/5 605/605/5 601/601/5
f 602/602/5 606/606/5 605/605/5
f 597/597/4 606/606/4 598/598/4
f 597/597/4 605/605/4 606/606/4
f 594/594/2 601/601/2 593/593/2
f 594/594/2 602/602/2 601/601/2
f 594/594/1 599/599/1 595/595/1
f 594/594/1 598/598/1 599/599/1
f 603/603/3 606/606/3 602/602/3
f 603/603/3 607/607/3 606/606/3
f 598/598/4 607/607/4 599/599/4
f 598/598/4 606/606/4 607/607/4
f 595/595/2 602/602/2 594/594/2
f 595/595/2 603/603/2 602/602/2
f 595/595/5 600/600/5 596/596/5
f 595/595/5 599/599/5 600/600/5
f 604/604/6 607/607/6 603/603/6
f 604/604/6 608/608/6 607/607/6
f 599/599/4 608/608/4 600/600/4
f 599/599/4 607/607/4 608/608/4
f 596/596/2 603/603/2 595/595/2
f 596/596/2 604/604/2 603/603/2
f 596/596/3 597/597/3 593/593/3
f 596/596/3 600/600/3 597/597/3
f 601/601/1 608/608/1 604/604/1
f 601/601/1 605/605/1 608/608/1
f 600/600/4 605/605/4 597/597/4
f 600/600/4 608/608/4 605/605/4
f 593/593/2 604/604/2 596/596/2
f 593/593/2 601/601/2 604/604/2
f 609/609/1 614/614/1 610/610/1
f 609/609/1 613/613/1 614/614/1
f 618/618/3 621/621/3 617/617/3
f 618/618/3 622/622/3 621/621/3
f 613/613/5 622/622/5 614/614/5
f 613/613/5 621/621/5 622/622/5
f 610/610/6 617/617/6 609/609/6
f 610/610/6 618/618/6 617/617/6
f 610/610/2 615/615/2 611/611/2
f 610/610/2 614/614/2 615/615/2
f 619/619/4 622/622/4 618/618/4
f 619/619/4 623/623/4 622/622/4
f 614/614/5 623/623/5 615/615/5
f 614/614/5 622/622/5 623/623/5
f 611/611/6 618/618/6 610/610/6
f 611/611/6 619/619/6 618/618/6
f 611/611/3 616/616/3 612/612/3
f 611/611/3 615/615/3 616/616/3
f 620/620/1 623/623/1 619/619/1
f 620/620/1 624/624/1 623/623/1
f 615/615/5 624/624/5 616/616/5
f 615/615/5 623/623/5 624/624/5
f 612/612/6 619/619/6 611/611/6
f 612/612/6 620/620/6 619/619/6
f 612/612/4 613/613/4 609/609/4
f 612/612/4 616/616/4 613/613/4
f 617/617/2 624/624/2 620/620/2
f 617/617/2 621/621/2 624/624/2
f 616/616/5 621/621/5 613/613/5
f 616/616/5 624/624/5 621/621/5
f 609/609/6 620/620/6 612/612/6
f 609/609/6 617/617/6 620/620/6
f 625/625/1 630/630/1 626/626/1
f 625/625/1 629/629/1 630/630/1
f 634/634/3 637/637/3 633/633/3
f 634/634/3 638/638/3 637/637/3
f 629/629/5 638/638/5 630/630/5
f 629/629/5 637/637/5 638/638/5
f 626/626/6 633/633/6 625/625/6
f 626/626/6 634/634/6 633/633/6
f 626/626/2 631/631/2 627/627/2
f 626/626/2 630/630/2 631/631/2
f 635/635/4 638/638/4 634/634/4
f 635/635/4 639/639/4 638/638/4
f 630/630/5 639/639/5 631/631/5
f 630/630/5 638/638/5 639/639/5
f 627/627/6 634/634/6 626/626/6
f 627/627/6 635/635/6 634/634/6
f 627/627/3 632/632/3 628/628/3
f 627/627/3 631/631/3 632/632/3
f 636/636/1 639/639/1 635/635/1
f 636/636/1 640/640/1 639/639/1
f 631/631/5 640/640/5 632/632/5
f 631/631/5 639/639/5 640/640/5
f 628/628/6 635/635/6 627/627/6
f 628/628/6 636/636/6 635/635/6
f 628/628/4 629/629/4 625/625/4
f 628/628/4 632/632/4 629/629/4
f 633/633/2 640/640/2 636/636/2
f 633/633/2 637/637/2 640/640/2
f 632/632/5 637/637/5 629/629/5
f 632/632/5 640/640/5 637/637/5
f 625/625/6 636/636/6 628/628/6
f 625/625/6 633/633/6 636/636/6
f 641/641/1 646/646/1 642/642/1
f 641/641/1 645/645/1 646/646/1
f 650/650/3 653/653/3 649/649/3
f 650/650/3 654/654/3 653/653/3
f 645/645/5 654/654/5 646/646/5
f 645/645/5 653/653/5 654/654/5
f 642/642/6 649/649/6 641/641/6
f 642/642/6 650/650/6 649/649/6
f 642/642/2 647/647/2 643/643/2
f 642/642/2 646/646/2 647/647/2
f 651/651/4 654/654/4 650/650/4
f 651/651/4 655/655/4 654/654/4
f 646/646/5 655/655/5 647/647/5
f 646/646/5 654/654/5 655/655/5
f 643/643/6 650/650/6 642/642/6
f 643/643/6 651/651/6 650/650/6
f 643/643/3 648/648/3 644/644/3
f 643/643/3 647/647/3 648/648/3
f 652/652/1 655/655/1 651/651/1
f 652/652/1 656/656/1 655/655/1
f 647/647/5 656/656/5 648/648/5
f 647/647/5 655/655/5 656/656/5
f 644/644/6 651/651/6 643/643/6
f 644/644/6 652/652/6 651/651/6
f 644/644/4 645/645/4 641/641/4
f 644/644/4 648/648/4 645/645/4
f 649/649/2 656/656/2 652/652/2
f 649/649/2 653/653/2 656/656/2
f 648/648/5 653/653/5 645/645/5
f 648/648/5 656/656/5 653/653/5
f 641/641/6 652/652/6 644/644/6
f 641/641/6 649/649/6 652/652/6
f 657/657/2 658/658/2 662/662/2
f 657/657/2 662/662/2 661/661/2
f 658/658/1 659/659/1 663/663/1
f 658/658/1 663/663/1 662/662/1
f 659/659/4 660/660/4 664/664/4
f 659/659/4 664/664/4 663/663/4
f 660/660/3 657/657/3 661/661/3
f 660/660/3 661/661/3 664/664/3
f 661/661/5 662/662/5 663/663/5
f 661/661/5 663/663/5 664/664/5
f 660/660/6 659/659/6 658/658/6
f 660/660/6 658/658/6 657/657/6
f 665/665/3 666/666/3 670/670/3
f 665/665/3 670/670/3 669/669/3
f 666/666/2 667/667/2 671/671/2
f 666/666/2 671/671/2 670/670/2
f 667/667/1 668/668/1 672/672/1
f 667/667/1 672/672/1 671/671/1
f 668/668/4 665/665/4 669/669/4
f 668/668/4 669/669/4 672/672/4
f 669/669/5 670/670/5 671/671/5
f 669/669/5 671/671/5 672/672/5
f 668/668/6 667/667/6 666/666/6
f 668/668/6 666/666/6 665/665/6
f 673/673/2 674/674/2 678/678/2
f 673/673/2 678/678/2 677/677/2
f 674/674/1 675/675/1 679/679/1
f 674/674/1 679/679/1 678/678/1
f 675/675/4 676/676/4 680/680/4
f 675/675/4 680/680/4 679/679/4
f 676/676/3 673/673/3 677/677/3
f 676/676/3 677/677/3 680/680/3
f 677/677/5 678/678/5 679/679/5
f 677/677/5 679/679/5 680/680/5
f 676/676/6 675/675/6 674/674/6
f 676/676/6 674/674/6 673/673/6
f 681/681/3 682/682/3 686/686/3
f 681/681/3 686/686/3 685/685/3
f 682/682/2 683/683/2 687/687/2
f 682/682/2 687/687/2 686/686/2
f 683/683/1 684/684/1 688/688/1
f 683/683/1 688/688/1 687/687/1
f 684/684/4 681/681/4 685/685/4
f 684/684/4 685/685/4 688/688/4
f 685/685/5 686/686/5 687/687/5
f 685/685/5 687/687/5 688/688/5
f 684/684/6 683/683/6 682/682/6
f 684/684/6 682/682/6 681/681/6
f 689/689/4 690/690/4 694/694/4
f 689/689/4 694/694/4 693/693/4
f 690/690/3 691/691/3 695/695/3
f 690/690/3 695/695/3 694/694/3
f 691/691/2 692/692/2 696/696/2
f 691/691/2 696/696/2 695/695/2
f 692/692/1 689/689/1 693/693/1
f 692/692/1 693/693/1 696/696/1
f 693/693/5 694/694/5 695/695/5
f 693/693/5 695/695/5 696/696/5
f 692/692/6 691/691/6 690/690/6
f 692/692/6 690/690/6 689/689/6
f 697/697/1 698/698/1 702/702/1
f 697/697/1 702/702/1 701/701/1
f 698/698/4 699/699/4 703/703/4
f 698/698/4 703/703/4 702/702/4
f 699/699/3 700/700/3 704/704/3
f 699/699/3 704/704/3 703/703/3
f 700/700/2 697/697/2 701/701/2
f 700/700/2 701/701/2 704/704/2
f 701/701/5 702/702/5 703/703/5
f 701/701/5 703/703/5 704/704/5
f 700/700/6 699/699/6 698/698/6
f 700/700/6 698/698/6 697/697/6
f 705/705/4 706/706/4 710/710/4
f 705/705/4 710/710/4 709/709/4
f 706/706/3 707/707/3 711/711/3
f 706/706/3 711/711/3 710/710/3
f 707/707/2 708/708/2 712/712/2
f 707/707/2 712/712/2 711/711/2
f 708/708/1 705/705/1 709/709/1
f 708/708/1 709/709/1 712/712/1
f 709/709/5 710/710/5 711/711/5
f 709/709/5 711/711/5 712/712/5
f 708/708/6 707/707/6 706/706/6
f 708/708/6 706/706/6 705/705/6
f 713/713/1 714/714/1 718/718/1
f 713/713/1 718/718/1 717/717/1
f 714/714/4 715/715/4 719/719/4
f 714/714/4 719/719/4 718/718/4
f 715/715/3 716/716/3 720/720/3
f 715/715/3 720/720/3 719/719/3
f 716/716/2 713/713/2 717/717/2
f 716/716/2 717/717/2 720/720/2
f 717/717/5 718/718/5 719/719/5
f 717/717/5 719/719/5 720/720/5
f 716/716/6 715/715/6 714/714/6
f 716/716/6 714/714/6 713/713/6
f 721/721/3 722/722/3 726/726/3
f 721/721/3 726/726/3 725/725/3
f 722/722/2 723/723/2 727/727/2
f 722/722/2 727/727/2 726/726/2
f 723/723/1 724/724/1 728/728/1
f 723/723/1 728/728/1 727/727/1
f 724/724/4 721/721/4 725/725/4
f 724/724/4 725/725/4 728/728/4
f 725/725/5 726/726/5 727/727/5
f 725/725/5 727/727/5 728/728/5
f 724/724/6 723/723/6 722/722/6
f 724/724/6 722/722/6 721/721/6
f 729/729/4 730/730/4 734/734/4
f 729/729/4 734/734/4 733/733/4
f 730/730/3 731/731/3 735/735/3
f 730/730/3 735/735/3 734/734/3
f 731/731/2 732/732/2 736/736/2
f 731/731/2 736/736/2 735/735/2
f 732/732/1 729/729/1 733/733/1
f 732/732/1 733/733/1 736/736/1
f 733/733/5 734/734/5 735/735/5
f 733/733/5 735/735/5 736/736/5
f 732/732/6 731/731/6 730/730/6
f 732/732/6 730/730/6 729/729/6
f 737/737/3 738/738/3 742/742/3
f 737/737/3 742/742/3 741/741/3
f 738/738/2 739/739/2 743/743/2
f 738/738/2 743/743/2 742/742/2
f 739/739/1 740/740/1 744/744/1
f 739/739/1 744/744/1 743/743/1
f 740/740/4 737/737/4 741/741/4
f 740/740/4 741/741/4 744/744/4
f 741/741/5 742/742/5 743/743/5
f 741/741/5 743/743/5 744/744/5
f 740/740/6 739/739/6 738/738/6
f 740/740/6 738/738/6 737/737/6
f 745/745/4 746/746/4 750/750/4
f 745/745/4 750/750/4 749/749/4
f 746/746/3 747/747/3 751/751/3
f 746/746/3 751/751/3 750/750/3
f 747/747/2 748/748/2 752/752/2
f 747/747/2 752/752/2 751/751/2
f 748/748/1 745/745/1 749/749/1
f 748/748/1 749/749/1 752/752/1
f 749/749/5 750/750/5 751/751/5
f 749/749/5 751/751/5 752/752/5
f 748/748/6 747/747/6 746/746/6
f 748/748/6 746/746/6 745/745/6
f 753/753/1 754/754/1 758/758/1
f 753/753/1 758/758/1 757/757/1
f 754/754/4 755/755/4 759/759/4
f 754/754/4 759/759/4 758/758/4
f 755/755/3 756/756/3 760/760/3
f 755/755/3 760/760/3 759/759/3
f 756/756/2 753/753/2 757/757/2
f 756/756/2 757/757/2 760/760/2
f 757/757/5 758/758/5 759/759/5
f 757/757/5 759/759/5 760/760/5
f 756/756/6 755/755/6 754/754/6
f 756/756/6 754/754/6 753/753/6
f 761/761/2 762/762/2 766/766/2
f 761/761/2 766/766/2 765/765/2
f 762/762/1 763/763/1 767/767/1
f 762/762/1 767/767/1 766/766/1
f 763/763/4 764/764/4 768/768/4
f 763/763/4 768/768/4 767/767/4
f 764/764/3 761/761/3 765/765/3
f 764/764/3 765/765/3 768/768/3
f 765/765/5 766/766/5 767/767/5
f 765/765/5 767/767/5 768/768/5
f 764/764/6 763/763/6 762/762/6
f 764/764/6 762/762/6 761/761/6
f 769/769/1 770/770/1 774/774/1
f 769/769/1 774/774/1 773/773/1
f 770/770/4 771/771/4 775/775/4
f 770/770/4 775/775/4 774/774/4
f 771/771/3 772/772/3 776/776/3
f 771/771/3 776/776/3 775/775/3
f 772/772/2 769/769/2 773/773/2
f 772/772/2 773/773/2 776/776/2
f 773/773/5 774/774/5 775/775/5
f 773/773/5 775/775/5 776/776/5
f 772/772/6 771/771/6 770/770/6
f 772/772/6 770/770/6 769/769/6
f 777/777/2 778/778/2 782/782/2
f 777/777/2 782/782/2 781/781/2
f 778/778/1 779/779/1 783/783/1
f 778/778/1 783/783/1 782/782/1
f 779/779/4 780/780/4 784/784/4
f 779/779/4 784/784/4 783/783/4
f 780/780/3 777/777/3 781/781/3
f 780/780/3 781/781/3 784/784/3
f 781/781/5 782/782/5 783/783/5
f 781/781/5 783/783/5 784/784/5
f 780/780/6 779/779/6 778/778/6
f 780/780/6 778/778/6 777/777/6
f 785/785/15 790/790/15 786/786/15
f 785/785/15 789/789/15 790/790/15
f 786/786/16 791/791/16 787/787/16
f 786/786/16 790/790/16 791/791/16
f 787/787/17 792/792/17 788/788/17
f 787/787/17 791/791/17 792/792/17
f 788/788/18 789/789/18 785/785/18
f 788/788/18 792/792/18 789/789/18
f 789/789/5 791/791/5 790/790/5
f 789/789/5 792/792/5 791/791/5
f 788/788/6 786/786/6 787/787/6
f 788/788/6 785/785/6 786/786/6
f 793/793/6 798/798/6 794/794/6
f 793/793/6 797/797/6 798/798/6
f 802/802/5 805/805/5 801/801/5
f 802/802/5 806/806/5 805/805/5
f 797/797/15 806/806/15 798/798/15
f 797/797/15 805/805/15 806/806/15
f 794/794/17 801/801/17 793/793/17
f 794/794/17 802/802/17 801/801/17
f 794/794/16 799/799/16 795/795/16
f 794/794/16 798/798/16 799/799/16
f 803/803/18 806/806/18 802/802/18
f 803/803/18 807/807/18 806/806/18
f 798/798/15 807/807/15 799/799/15
f 798/798/15 806/806/15 807/807/15
f 795/795/17 802/802/17 794/794/17
f 795/795/17 803/803/17 802/802/17
f 795/795/5 800/800/5 796/796/5
f 795/795/5 799/799/5 800/800/5
f 804/804/6 807/807/6 803/803/6
f 804/804/6 808/808/6 807/807/6
f 799/799/15 808/808/15 800/800/15
f 799/799/15 807/807/15 808/808/15
f 796/796/17 803/803/17 795/795/17
f 796/796/17 804/804/17 803/803/17
f 796/796/18 797/797/18 793/793/18
f 796/796/18 800/800/18 797/797/18
f 801/801/16 808/808/16 804/804/16
f 801/801/16 805/805/16 808/808/16
f 800/800/15 805/805/15 797/797/15
f 800/800/15 808/808/15 805/805/15
f 793/793/17 804/804/17 796/796/17
f 793/793/17 801/801/17 804/804/17
f 809/809/6 814/814/6 810/810/6
f 809/809/6 813/813/6 814/814/6
f 818/818/5 821/821/5 817/817/5
f 818/818/5 822/822/5 821/821/5
f 813/813/15 822/822/15 814/814/15
f 813/813/15 821/821/15 822/822/15
f 810/810/17 817/817/17 809/809/17
f 810/810/17 818/818/17 817/817/17
f 810/810/16 815/815/16 811/811/16
f 810/810/16 814/814/16 815/815/16
f 819/819/18 822/822/18 818/818/18
f 819/819/18 823/823/18 822/822/18
f 814/814/15 823/823/15 815/815/15
f 814/814/15 822/822/15 823/823/15
f 811/811/17 818/818/17 810/810/17
f 811/811/17 819/819/17 818/818/17
f 811/811/5 816/816/5 812/812/5
f 811/811/5 815/815/5 816/816/5
f 820/820/6 823/823/6 819/819/6
f 820/820/6 824/824/6 823/823/6
f 815/815/15 824/824/15 816/816/15
f 815/815/15 823/823/15 824/824/15
f 812/812/17 819/819/17 811/811/17
f 812/812/17 820/820/17 819/819/17
f 812/812/18 813/813/18 809/809/18
f 812/812/18 816/816/18 813/813/18
f 817/817/16 824/824/16 820/820/16
f 817/817/16 821/821/16 824/824/16
f 816/816/15 821/821/15 813/813/15
f 816/816/15 824/824/15 821/821/15
f 809/809/17 820/820/17 812/812/17
f 809/809/17 817/817/17 820/820/17
f 825/825/6 830/830/6 826/826/6
f 825/825/6 829/829/6 830/830/6
f 834/834/5 837/837/5 833/833/5
f 834/834/5 838/838/5 837/837/5
f 829/829/15 838/838/15 830/830/15
f 829/829/15 837/837/15 838/838/15
f 826/826/17 833/833/17 825/825/17
f 826/826/17 834/834/17 833/833/17
f 826/826/16 831/831/16 827/827/16
f 826/826/16 830/830/16 831/831/16
f 835/835/18 838/838/18 834/834/18
f 835/835/18 839/839/18 838/838/18
f 830/830/15 839/839/15 831/831/15
f 830/830/15 838/838/15 839/839/15
f 827/827/17 834/834/17 826/826/17
f 827/827/17 835/835/17 834/834/17
f 827/827/5 832/832/5 828/828/5
f 827/827/5 831/831/5 832/832/5
f 836/836/6 839/839/6 835/835/6
f 836/836/6 840/840/6 839/839/6
f 831/831/15 840/840/15 832/832/15
f 831/831/15 839/839/15 840/840/15
f 828/828/17 835/835/17 827/827/17
f 828/828/17 836/836/17 835/835/17
f 828/828/18 829/829/18 825/825/18
f 828/828/18 832/832/18 829/829/18
f 833/833/16 840/840/16 836/836/16
f 833/833/16 837/837/16 840/840/16
f 832/832/15 837/837/15 829/829/15
f 832/832/15 840/840/15 837/837/15
f 825/825/17 836/836/17 828/828/17
f 825/825/17 833/833/17 836/836/17
f 841/841/17 842/842/17 846/846/17
f 841/841/17 846/846/17 845/845/17
f 842/842/16 843/843/16 847/847/16
f 842/842/16 847/847/16 846/846/16
f 843/843/15 844/844/15 848/848/15
f 843/843/15 848/848/15 847/847/15
f 844/844/18 841/841/18 845/845/18
f 844/844/18 845/845/18 848/848/18
f 845/845/5 846/846/5 847/847/5
f 845/845/5 847/847/5 848/848/5
f 844/844/6 843/843/6 842/842/6
f 844/844/6 842/842/6 841/841/6
f 849/849/6 854/854/6 850/850/6
f 849/849/6 853/853/6 854/854/6
f 858/858/5 861/861/5 857/857/5
f 858/858/5 862/862/5 861/861/5
f 853/853/16 862/862/16 854/854/16
f 853/853/16 861/861/16 862/862/16
f 850/850/18 857/857/18 849/849/18
f 850/850/18 858/858/18 857/857/18
f 850/850/17 855/855/17 851/851/17
f 850/850/17 854/854/17 855/855/17
f 859/859/15 862/862/15 858/858/15
f 859/859/15 863/863/15 862/862/15
f 854/854/16 863/863/16 855/855/16
f 854/854/16 862/862/16 863/863/16
f 851/851/18 858/858/18 850/850/18
f 851/851/18 859/859/18 858/858/18
f 851/851/5 856/856/5 852/852/5
f 851/851/5 855/855/5 856/856/5
f 860/860/6 863/863/6 859/859/6
f 860/860/6 864/864/6 863/863/6
f 855/855/16 864/864/16 856/856/16
f 855/855/16 863/863/16 864/864/16
f 852/852/18 859/859/18 851/851/18
f 852/852/18 860/860/18 859/859/18
f 852/852/15 853/853/15 849/849/15
f 852/852/15 856/856/15 853/853/15
f 857/857/17 864/864/17 860/860/17
f 857/857/17 861/861/17 864/864/17
f 856/856/16 861/861/16 853/853/16
f 856/856/16 864/864/16 861/861/16
f 849/849/18 860/860/18 852/852/18
f 849/849/18 857/857/18 860/860/18
f 865/865/6 870/870/6 866/866/6
f 865/865/6 869/869/6 870/870/6
f 874/874/5 877/877/5 873/873/5
f 874/874/5 878/878/5 877/877/5
f 869/869/16 878/878/16 870/870/16
f 869/869/16 877/877/16 878/878/16
f 866/866/18 873/873/18 865/865/18
f 866/866/18 874/874/18 873/873/18
f 866/866/17 871/871/17 867/867/17
f 866/866/17 870/870/17 871/871/17
f 875/875/15 878/878/15 874/874/15
f 875/875/15 879/879/15 878/878/15
f 870/870/16 879/879/16 871/871/16
f 870/870/16 878/878/16 879/879/16
f 867/867/18 874/874/18 866/866/18
f 867/867/18 875/875/18 874/874/18
f 867/867/5 872/872/5 868/868/5
f 867/867/5 871/871/5 872/872/5
f 876/876/6 879/879/6 875/875/6
f 876/876/6 880/880/6 879/879/6
f 871/871/16 880/880/16 872/872/16
f 871/871/16 879/879/16 880/880/16
f 868/868/18 875/875/18 867/867/18
f 868/868/18 876/876/18 875/875/18
f 868/868/15 869/869/15 865/865/15
f 868/868/15 872/872/15 869/869/15
f 873/873/17 880/880/17 876/876/17
f 873/873/17 877/877/17 880/880/17
f 872/872/16 877/877/16 869/869/16
f 872/872/16 880/880/16 877/877/16
f 865/865/18 876/876/18 868/868/18
f 865/865/18 873/873/18 876/876/18
f 881/881/6 886/886/6 882/882/6
f 881/881/6 885/885/6 886/886/6
f 890/890/5 893/893/5 889/889/5
f 890/890/5 894/894/5 893/893/5
f 885/885/16 894/894/16 886/886/16
f 885/885/16 893/893/16 894/894/16
f 882/882/18 889/889/18 881/881/18
f 882/882/18 890/890/18 889/889/18
f 882/882/17 887/887/17 883/883/17
f 882/882/17 886/886/17 887/887/17
f 891/891/15 894/894/15 890/890/15
f 891/891/15 895/895/15 894/894/15
f 886/886/16 895/895/16 887/887/16
f 886/886/16 894/894/16 895/895/16
f 883/883/18 890/890/18 882/882/18
f 883/883/18 891/891/18 890/890/18
f 883/883/5 888/888/5 884/884/5
f 883/883/5 887/887/5 888/888/5
f 892/892/6 895/895/6 891/891/6
f 892/892/6 896/896/6 895/895/6
f 887/887/16 896/896/16 888/888/16
f 887/887/16 895/895/16 896/896/16
f 884/884/18 891/891/18 883/883/18
f 884/884/18 892/892/18 891/891/18
f 884/884/15 885/885/15 881/881/15
f 884/884/15 888/888/15 885/885/15
f 889/889/17 896/896/17 892/892/17
f 889/889/17 893/893/17 896/896/17
f 888/888/16 893/893/16 885/885/16
f 888/888/16 896/896/16 893/893/16
f 881/881/18 892/892/18 884/884/18
f 881/881/18 889/889/18 892/892/18
f 897/897/6 902/902/6 898/898/6
f 897/897/6 901/901/6 902/902/6
f 906/906/5 909/909/5 905/905/5
f 906/906/5 910/910/5 909/909/5
f 901/901/17 910/910/17 902/902/17
f 901/901/17 909/909/17 910/910/17
f 898/898/15 905/905/15 897/897/15
f 898/898/15 906/906/15 905/905/15
f 898/898/18 903/903/18 899/899/18
f 898/898/18 902/902/18 903/903/18
f 907/907/16 910/910/16 906/906/16
f 907/907/16 911/911/16 910/910/16
f 902/902/17 911/911/17 903/903/17
f 902/902/17 910/910/17 911/911/17
f 899/899/15 906/906/15 898/898/15
f 899/899/15 907/907/15 906/906/15
f 899/899/5 904/904/5 900/900/5
f 899/899/5 903/903/5 904/904/5
f 908/908/6 911/911/6 907/907/6
f 908/908/6 912/912/6 911/911/6
f 903/903/17 912/912/17 904/904/17
f 903/903/17 911/911/17 912/912/17
f 900/900/15 907/907/15 899/899/15
f 900/900/15 908/908/15 907/907/15
f 900/900/16 901/901/16 897/897/16
f 900/900/16 904/904/16 901/901/16
f 905/905/18 912/912/18 908/908/18
f 905/905/18 909/909/18 912/912/18
f 904/904/17 909/909/17 901/901/17
f 904/904/17 912/912/17 909/909/17
f 897/897/15 908/908/15 900/900/15
f 897/897/15 905/905/15 908/908/15
f 913/913/6 918/918/6 914/914/6
f 913/913/6 917/917/6 918/918/6
f 922/922/5 925/925/5 921/921/5
f 922/922/5 926/926/5 925/925/5
f 917/917/17 926/926/17 918/918/17
f 917/917/17 925/925/17 926/926/17
f 914/914/15 921/921/15 913/913/15
f 914/914/15 922/922/15 921/921/15
f 914/914/18 919/919/18 915/915/18
f 914/914/18 918/918/18 919/919/18
f 923/923/16 926/926/16 922/922/16
f 923/923/16 927/927/16 926/926/16
f 918/918/17 927/927/17 919/919/17
f 918/918/17 926/926/17 927/927/17
f 915/915/15 922/922/15 914/914/15
f 915/915/15 923/923/15 922/922/15
f 915/915/5 920/920/5 916/916/5
f 915/915/5 919/919/5 920/920/5
f 924/924/6 927/927/6 923/923/6
f 924/924/6 928/928/6 927/927/6
f 919/919/17 928/928/17 920/920/17
f 919/919/17 927/927/17 928/928/17
f 916/916/15 923/923/15 915/915/15
f 916/916/15 924/924/15 923/923/15
f 916/916/16 917/917/16 913/913/16
f 916/916/16 920/920/16 917/917/16
f 921/921/18 928/928/18 924/924/18
f 921/921/18 925/925/18 928/928/18
f 920/920/17 925/925/17 917/917/17
f 920/920/17 928/928/17 925/925/17
f 913/913/15 924/924/15 916/916/15
f 913/913/15 921/921/15 924/924/15
f 929/929/6 934/934/6 930/930/6
f 929/929/6 933/933/6 934/934/6
f 938/938/5 941/941/5 937/937/5
f 938/938/5 942/942/5 941/941/5
f 933/933/17 942/942/17 934/934/17
f 933/933/17 941/941/17 942/942/17
f 930/930/15 937/937/15 929/929/15
f 930/930/15 938/938/15 937/937/15
f 930/930/18 935/935/18 931/931/18
f 930/930/18 934/934/18 935/935/18
f 939/939/16 942/942/16 938/938/16
f 939/939/16 943/943/16 942/942/16
f 934/934/17 943/943/17 935/935/17
f 934/934/17 942/942/17 943/943/17
f 931/931/15 938/938/15 930/930/15
f 931/931/15 939/939/15 938/938/15
f 931/931/5 936/936/5 932/932/5
f 931/931/5 935/935/5 936/936/5
f 940/940/6 943/943/6 939/939/6
f 940/940/6 944/944/6 943/943/6
f 935/935/17 944/944/17 936/936/17
f 935/935/17 943/943/17 944/944/17
f 932/932/15 939/939/15 931/931/15
f 932/932/15 940/940/15 939/939/15
f 932/932/16 933/933/16 929/929/16
f 932/932/16 936/936/16 933/933/16
f 937/937/18 944/944/18 940/940/18
f 937/937/18 941/941/18 944/944/18
f 936/936/17 941/941/17 933/933/17
f 936/936/17 944/944/17 941/941/17
f 929/929/15 940/940/15 932/932/15
f 929/929/15 937/937/15 940/940/15
f 945/945/6 950/950/6 946/946/6
f 945/945/6 949/949/6 950/950/6
f 954/954/5 957/957/5 953/953/5
f 954/954/5 958/958/5 957/957/5
f 949/949/18 958/958/18 950/950/18
f 949/949/18 957/957/18 958/958/18
f 946/946/16 953/953/16 945/945/16
f 946/946/16 954/954/16 953/953/16
f 946/946/15 951/951/15 947/947/15
f 946/946/15 950/950/15 951/951/15
f 955/955/17 958/958/17 954/954/17
f 955/955/17 959/959/17 958/958/17
f 950/950/18 959/959/18 951/951/18
f 950/950/18 958/958/18 959/959/18
f 947/947/16 954/954/16 946/946/16
f 947/947/16 955/955/16 954/954/16
f 947/947/5 952/952/5 948/948/5
f 947/947/5 951/951/5 952/952/5
f 956/956/6 959/959/6 955/955/6
f 956/956/6 960/960/6 959/959/6
f 951/951/18 960/960/18 952/952/18
f 951/951/18 959/959/18 960/960/18
f 948/948/16 955/955/16 947/947/16
f 948/948/16 956/956/16 955/955/16
f 948/948/17 949/949/17 945/945/17
f 948/948/17 952/952/17 949/949/17
f 953/953/15 960/960/15 956/956/15
f 953/953/15 957/957/15 960/960/15
f 952/952/18 957/957/18 949/949/18
f 952/952/18 960/960/18 957/957/18
f 945/945/16 956/956/16 948/948/16
f 945/945/16 953/953/16 956/956/16
f 961/961/6 966/966/6 962/962/6
f 961/961/6 965/965/6 966/966/6
f 970/970/5 973/973/5 969/969/5
f 970/970/5 974/974/5 973/973/5
f 965/965/18 974/974/18 966/966/18
f 965/965/18 973/973/18 974/974/18
f 962/962/16 969/969/16 961/961/16
f 962/962/16 970/970/16 969/969/16
f 962/962/15 967/967/15 963/963/15
f 962/962/15 966/966/15 967/967/15
f 971/971/17 974/974/17 970/970/17
f 971/971/17 975/975/17 974/974/17
f 966/966/18 975/975/18 967/967/18
f 966/966/18 974/974/18 975/975/18
f 963/963/16 970/970/16 962/962/16
f 963/963/16 971/971/16 970/970/16
f 963/963/5 968/968/5 964/964/5
f 963/963/5 967/967/5 968/968/5
f 972/972/6 975/975/6 971/971/6
f 972/972/6 976/976/6 975/975/6
f 967/967/18 976/976/18 968/968/18
f 967/967/18 975/975/18 976/976/18
f 964/964/16 971/971/16 963/963/16
f 964/964/16 972/972/16 971/971/16
f 964/964/17 965/965/17 961/961/17
f 964/964/17 968/968/17 965/965/17
f 969/969/15 976/976/15 972/972/15
f 969/969/15 973/973/15 976/976/15
f 968/968/18 973/973/18 965/965/18
f 968/968/18 976/976/18 973/973/18
f 961/961/16 972/972/16 964/964/16
f 961/961/16 969/969/16 972/972/16
f 977/977/6 982/982/6 978/978/6
f 977/977/6 981/981/6 982/982/6
f 986/986/5 989/989/5 985/985/5
f 986/986/5 990/990/5 989/989/5
f 981/981/18 990/990/18 982/982/18
f 981/981/18 989/989/18 990/990/18
f 978/978/16 985/985/16 977/977/16
f 978/978/16 986/986/16 985/985/16
f 978/978/15 983/983/15 979/979/15
f 978/978/15 982/982/15 983/983/15
f 987/987/17 990/990/17 986/986/17
f 987/987/17 991/991/17 990/990/17
f 982/982/18 991/991/18 983/983/18
f 982/982/18 990/990/18 991/991/18
f 979/979/16 986/986/16 978/978/16
f 979/979/16 987/987/16 986/986/16
f 979/979/5 984/984/5 980/980/5
f 979/979/5 983/983/5 984/984/5
f 988/988/6 991/991/6 987/987/6
f 988/988/6 992/992/6 991/991/6
f 983/983/18 992/992/18 984/984/18
f 983/983/18 991/991/18 992/992/18
f 980/980/16 987/987/16 979/979/16
f 980/980/16 988/988/16 987/987/16
f 980/980/17 981/981/17 977/977/17
f 980/980/17 984/984/17 981/981/17
f 985/985/15 992/992/15 988/988/15
f 985/985/15 989/989/15 992/992/15
f 984/984/18 989/989/18 981/981/18
f 984/984/18 992/992/18 989/989/18
f 977/977/16 988/988/16 980/980/16
f 977/977/16 985/985/16 988/988/16
f 993/993/15 998/998/15 994/994/15
f 993/993/15 997/997/15 998/998/15
f 1002/1002/17 1005/1005/17 1001/1001/17
f 1002/1002/17 1006/1006/17 1005/1005/17
f 997/997/5 1006/1006/5 998/998/5
f 997/997/5 1005/1005/5 1006/1006/5
f 994/994/6 1001/1001/6 993/993/6
f 994/994/6 1002/1002/6 1001/1001/6
f 994/994/16 999/999/16 995/995/16
f 994/994/16 998/998/16 999/999/16
f 1003/1003/18 1006/1006/18 1002/1002/18
f 1003/1003/18 1007/1007/18 1006/1006/18
f 998/998/5 1007/1007/5 999/999/5
f 998/998/5 1006/1006/5 1007/1007/5
f 995/995/6 1002/1002/6 994/994/6
f 995/995/6 1003/1003/6 1002/1002/6
f 995/995/17 1000/1000/17 996/996/17
f 995/995/17 999/999/17 1000/1000/17
f 1004/1004/15 1007/1007/15 1003/1003/15
f 1004/1004/15 1008/1008/15 1007/1007/15
f 999/999/5 1008/1008/5 1000/1000/5
f 999/999/5 1007/1007/5 1008/1008/5
f 996/996/6 1003/1003/6 995/995/6
f 996/996/6 1004/1004/6 1003/1003/6
f 996/996/18 997/997/18 993/993/18
f 996/996/18 1000/1000/18 997/997/18
f 1001/1001/16 1008/1008/16 1004/1004/16
f 1001/1001/16 1005/1005/16 1008/1008/16
f 1000/1000/5 1005/1005/5 997/997/5
f 1000/1000/5 1008/1008/5 1005/1005/5
f 993/993/6 1004/1004/6 996/996/6
f 993/993/6 1001/1001/6 1004/1004/6
f 1009/1009/15 1014/1014/15 1010/1010/15
f 1009/1009/15 1013/1013/15 1014/1014/15
f 1018/1018/17 1021/1021/17 1017/1017/17
f 1018/1018/17 1022/1022/17 1021/1021/17
f 1013/1013/5 1022/1022/5 1014/1014/5
f 1013/1013/5 1021/1021/5 1022/1022/5
f 1010/1010/6 1017/1017/6 1009/1009/6
f 1010/1010/6 1018/1018/6 1017/1017/6
f 1010/1010/16 1015/1015/16 1011/1011/16
f 1010/1010/16 1014/1014/16 1015/1015/16
f 1019/1019/18 1022/1022/18 1018/1018/18
f 1019/1019/18 1023/1023/18 1022/1022/18
f 1014/1014/5 1023/1023/5 1015/1015/5
f 1014/1014/5 1022/1022/5 1023/1023/5
f 1011/1011/6 1018/1018/6 1010/1010/6
f 1011/1011/6 1019/1019/6 1018/1018/6
f 1011/1011/17 1016/1016/17 1012/1012/17
f 1011/1011/17 1015/1015/17 1016/1016/17
f 1020/1020/15 1023/1023/15 1019/1019/15
f 1020/1020/15 1024/1024/15 1023/1023/15
f 1015/1015/5 1024/1024/5 1016/1016/5
f 1015/1015/5 1023/1023/5 1024/1024/5
f 1012/1012/6 1019/1019/6 1011/1011/6
f 1012/1012/6 1020/1020/6 1019/1019/6
f 1012/1012/18 1013/1013/18 1009/1009/18
f 1012/1012/18 1016/1016/18 1013/1013/18
f 1017/1017/16 1024/1024/16 1020/1020/16
f 1017/1017/16 1021/1021/16 1024/1024/16
f 1016/1016/5 1021/1021/5 1013/1013/5
f 1016/1016/5 1024/1024/5 1021/1021/5
f 1009/1009/6 1020/1020/6 1012/1012/6
f 1009/1009/6 1017/1017/6 1020/1020/6
f 1025/1025/15 1030/1030/15 1026/1026/15
f 1025/1025/15 1029/1029/15 1030/1030/15
f 1034/1034/17 1037/1037/17 1033/1033/17
f 1034/1034/17 1038/1038/17 1037/1037/17
f 1029/1029/5 1038/1038/5 1030/1030/5
f 1029/1029/5 1037/1037/5 1038/1038/5
f 1026/1026/6 1033/1033/6 1025/1025/6
f 1026/1026/6 1034/1034/6 1033/1033/6
f 1026/1026/16 1031/1031/16 1027/1027/16
f 1026/1026/16 1030/1030/16 1031/1031/16
f 1035/1035/18 1038/1038/18 1034/1034/18
f 1035/1035/18 1039/1039/18 1038/1038/18
f 1030/1030/5 1039/1039/5 1031/1031/5
f 1030/1030/5 1038/1038/5 1039/1039/5
f 1027/1027/6 1034/1034/6 1026/1026/6
f 1027/1027/6 1035/1035/6 1034/1034/6
f 1027/1027/17 1032/1032/17 1028/1028/17
f 1027/1027/17 1031/1031/17 1032/1032/17
f 1036/1036/15 1039/1039/15 1035/1035/15
f 1036/1036/15 1040/1040/15 1039/1039/15
f 1031/1031/5 1040/1040/5 1032/1032/5
f 1031/1031/5 1039/1039/5 1040/1040/5
f 1028/1028/6 1035/1035/6 1027/1027/6
f 1028/1028/6 1036/1036/6 1035/1035/6
f 1028/1028/18 1029/1029/18 1025/1025/18
f 1028/1028/18 1032/1032/18 1029/1029/18
f 1033/1033/16 1040/1040/16 1036/1036/16
f 1033/1033/16 1037/1037/16 1040/1040/16
f 1032/1032/5 1037/1037/5 1029/1029/5
f 1032/1032/5 1040/1040/5 1037/1037/5
f 1025/1025/6 1036/1036/6 1028/1028/6
f 1025/1025/6 1033/1033/6 1036/1036/6
f 1041/1041/16 1042/1042/16 1046/1046/16
f 1041/1041/16 1046/1046/16 1045/1045/16
f 1042/1042/15 1043/1043/15 1047/1047/15
f 1042/1042/15 1047/1047/15 1046/1046/15
f 1043/1043/18 1044/1044/18 1048/1048/18
f 1043/1043/18 1048/1048/18 1047/1047/18
f 1044/1044/17 1041/1041/17 1045/1045/17
f 1044/1044/17 1045/1045/17 1048/1048/17
f 1045/1045/5 1046/1046/5 1047/1047/5
f 1045/1045/5 1047/1047/5 1048/1048/5
f 1044/1044/6 1043/1043/6 1042/1042/6
f 1044/1044/6 1042/1042/6 1041/1041/6
f 1049/1049/17 1050/1050/17 1054/1054/17
f 1049/1049/17 1054/1054/17 1053/1053/17
f 1050/1050/16 1051/1051/16 1055/1055/16
f 1050/1050/16 1055/1055/16 1054/1054/16
f 1051/1051/15 1052/1052/15 1056/1056/15
f 1051/1051/15 1056/1056/15 1055/1055/15
f 1052/1052/18 1049/1049/18 1053/1053/18
f 1052/1052/18 1053/1053/18 1056/1056/18
f 1053/1053/5 1054/1054/5 1055/1055/5
f 1053/1053/5 1055/1055/5 1056/1056/5
f 1052/1052/6 1051/1051/6 1050/1050/6
f 1052/1052/6 1050/1050/6 1049/1049/6
f 1057/1057/16 1058/1058/16 1062/1062/16
f 1057/1057/16 1062/1062/16 1061/1061/16
f 1058/1058/15 1059/1059/15 1063/1063/15
f 1058/1058/15 1063/1063/15 1062/1062/15
f 1059/1059/18 1060/1060/18 1064/1064/18
f 1059/1059/18 1064/1064/18 1063/1063/18
f 1060/1060/17 1057/1057/17 1061/1061/17
f 1060/1060/17 1061/1061/17 1064/1064/17
f 1061/1061/5 1062/1062/5 1063/1063/5
f 1061/1061/5 1063/1063/5 1064/1064/5
f 1060/1060/6 1059/1059/6 1058/1058/6
f 1060/1060/6 1058/1058/6 1057/1057/6
f 1065/1065/17 1066/1066/17 1070/1070/17
f 1065/1065/17 1070/1070/17 1069/1069/17
f 1066/1066/16 1067/1067/16 1071/1071/16
f 1066/1066/16 1071/1071/16 1070/1070/16
f 1067/1067/15 1068/1068/15 1072/1072/15
f 1067/1067/15 1072/1072/15 1071/1071/15
f 1068/1068/18 1065/1065/18 1069/1069/18
f 1068/1068/18 1069/1069/18 1072/1072/18
f 1069/1069/5 1070/1070/5 1071/1071/5
f 1069/1069/5 1071/1071/5 1072/1072/5
f 1068/1068/6 1067/1067/6 1066/1066/6
f 1068/1068/6 1066/1066/6 1065/1065/6
f 1073/1073/17 1074/1074/17 1078/1078/17
f 1073/1073/17 1078/1078/17 1077/1077/17
f 1074/1074/16 1075/1075/16 1079/1079/16
f 1074/1074/16 1079/1079/16 1078/1078/16
f 1075/1075/15 1076/1076/15 1080/1080/15
f 1075/1075/15 1080/1080/15 1079/1079/15
f 1076/1076/18 1073/1073/18 1077/1077/18
f 1076/1076/18 1077/1077/18 1080/1080/18
f 1077/1077/5 1078/1078/5 1079/1079/5
f 1077/1077/5 1079/1079/5 1080/1080/5
f 1076/1076/6 1075/1075/6 1074/1074/6
f 1076/1076/6 1074/1074/6 1073/1073/6
f 1081/1081/18 1082/1082/18 1086/1086/18
f 1081/1081/18 1086/1086/18 1085/1085/18
f 1082/1082/17 1083/1083/17 1087/1087/17
f 1082/1082/17 1087/1087/17 1086/1086/17
f 1083/1083/16 1084/1084/16 1088/1088/16
f 1083/1083/16 1088/1088/16 1087/1087/16
f 1084/1084/15 1081/1081/15 1085/1085/15
f 1084/1084/15 1085/1085/15 1088/1088/15
f 1085/1085/5 1086/1086/5 1087/1087/5
f 1085/1085/5 1087/1087/5 1088/1088/5
f 1084/1084/6 1083/1083/6 1082/1082/6
f 1084/1084/6 1082/1082/6 1081/1081/6
f 1089/1089/17 1090/1090/17 1094/1094/17
f 1089/1089/17 1094/1094/17 1093/1093/17
f 1090/1090/16 1091/1091/16 1095/1095/16
f 1090/1090/16 1095/1095/16 1094/1094/16
f 1091/1091/15 1092/1092/15 1096/1096/15
f 1091/1091/15 1096/1096/15 1095/1095/15
f 1092/1092/18 1089/1089/18 1093/1093/18
f 1092/1092/18 1093/1093/18 1096/1096/18
f 1093/1093/5 1094/1094/5 1095/1095/5
f 1093/1093/5 1095/1095/5 1096/1096/5
f 1092/1092/6 1091/1091/6 1090/1090/6
f 1092/1092/6 1090/1090/6 1089/1089/6
f 1097/1097/18 1098/1098/18 1102/1102/18
f 1097/1097/18 1102/1102/18 1101/1101/18
f 1098/1098/17 1099/1099/17 1103/1103/17
f 1098/1098/17 1103/1103/17 1102/1102/17
f 1099/1099/16 1100/1100/16 1104/1104/16
f 1099/1099/16 1104/1104/16 1103/1103/16
f 1100/1100/15 1097/1097/15 1101/1101/15
f 1100/1100/15 1101/1101/15 1104/1104/15
f 1101/1101/5 1102/1102/5 1103/1103/5
f 1101/1101/5 1103/1103/5 1104/1104/5
f 1100/1100/6 1099/1099/6 1098/1098/6
f 1100/1100/6 1098/1098/6 1097/1097/6
f 1105/1105/18 1106/1106/18 1110/1110/18
f 1105/1105/18 1110/1110/18 1109/1109/18
f 1106/1106/17 1107/1107/17 1111/1111/17
f 1106/1106/17 1111/1111/17 1110/1110/17
f 1107/1107/16 1108/1108/16 1112/1112/16
f 1107/1107/16 1112/1112/16 1111/1111/16
f 1108/1108/15 1105/1105/15 1109/1109/15
f 1108/1108/15 1109/1109/15 1112/1112/15
f 1109/1109/5 1110/1110/5 1111/1111/5
f 1109/1109/5 1111/1111/5 1112/1112/5
f 1108/1108/6 1107/1107/6 1106/1106/6
f 1108/1108/6 1106/1106/6 1105/1105/6
f 1113/1113/15 1114/1114/15 1118/1118/15
f 1113/1113/15 1118/1118/15 1117/1117/15
f 1114/1114/18 1115/1115/18 1119/1119/18
f 1114/1114/18 1119/1119/18 1118/1118/18
f 1115/1115/17 1116/1116/17 1120/1120/17
f 1115/1115/17 1120/1120/17 1119/1119/17
f 1116/1116/16 1113/1113/16 1117/1117/16
f 1116/1116/16 1117/1117/16 1120/1120/16
f 1117/1117/5 1118/1118/5 1119/1119/5
f 1117/1117/5 1119/1119/5 1120/1120/5
f 1116/1116/6 1115/1115/6 1114/1114/6
f 1116/1116/6 1114/1114/6 1113/1113/6
f 1121/1121/18 1122/1122/18 1126/1126/18
f 1121/1121/18 1126/1126/18 1125/1125/18
f 1122/1122/17 1123/1123/17 1127/1127/17
f 1122/1122/17 1127/1127/17 1126/1126/17
f 1123/1123/16 1124/1124/16 1128/1128/16
f 1123/1123/16 1128/1128/16 1127/1127/16
f 1124/1124/15 1121/1121/15 1125/1125/15
f 1124/1124/15 1125/1125/15 1128/1128/15
f 1125/1125/5 1126/1126/5 1127/1127/5
f 1125/1125/5 1127/1127/5 1128/1128/5
f 1124/1124/6 1123/1123/6 1122/1122/6
f 1124/1124/6 1122/1122/6 1121/1121/6
f 1129/1129/15 1130/1130/15 1134/1134/15
f 1129/1129/15 1134/1134/15 1133/1133/15
f 1130/1130/18 1131/1131/18 1135/1135/18
f 1130/1130/18 1135/1135/18 1134/1134/18
f 1131/1131/17 1132/1132/17 1136/1136/17
f 1131/1131/17 1136/1136/17 1135/1135/17
f 1132/1132/16 1129/1129/16 1133/1133/16
f 1132/1132/16 1133/1133/16 1136/1136/16
f 1133/1133/5 1134/1134/5 1135/1135/5
f 1133/1133/5 1135/1135/5 1136/1136/5
f 1132/1132/6 1131/1131/6 1130/1130/6
f 1132/1132/6 1130/1130/6 1129/1129/6
f 1137/1137/15 1138/1138/15 1142/1142/15
f 1137/1137/15 1142/1142/15 1141/1141/15
f 1138/1138/18 1139/1139/18 1143/1143/18
f 1138/1138/18 1143/1143/18 1142/1142/18
f 1139/1139/17 1140/1140/17 1144/1144/17
f 1139/1139/17 1144/1144/17 1143/1143/17
f 1140/1140/16 1137/1137/16 1141/1141/16
f 1140/1140/16 1141/1141/16 1144/1144/16
f 1141/1141/5 1142/1142/5 1143/1143/5
f 1141/1141/5 1143/1143/5 1144/1144/5
f 1140/1140/6 1139/1139/6 1138/1138/6
f 1140/1140/6 1138/1138/6 1137/1137/6
f 1145/1145/16 1146/1146/16 1150/1150/16
f 1145/1145/16 1150/1150/16 1149/1149/16
f 1146/1146/15 1147/1147/15 1151/1151/15
f 1146/1146/15 1151/1151/15 1150/1150/15
f 1147/1147/18 1148/1148/18 1152/1152/18
f 1147/1147/18 1152/1152/18 1151/1151/18
f 1148/1148/17 1145/1145/17 1149/1149/17
f 1148/1148/17 1149/1149/17 1152/1152/17
f 1149/1149/5 1150/1150/5 1151/1151/5
f 1149/1149/5 1151/1151/5 1152/1152/5
f 1148/1148/6 1147/1147/6 1146/1146/6
f 1148/1148/6 1146/1146/6 1145/1145/6
f 1153/1153/15 1154/1154/15 1158/1158/15
f 1153/1153/15 1158/1158/15 1157/1157/15
f 1154/1154/18 1155/1155/18 1159/1159/18
f 1154/1154/18 1159/1159/18 1158/1158/18
f 1155/1155/17 1156/1156/17 1160/1160/17
f 1155/1155/17 1160/1160/17 1159/1159/17
f 1156/1156/16 1153/1153/16 1157/1157/16
f 1156/1156/16 1157/1157/16 1160/1160/16
f 1157/1157/5 1158/1158/5 1159/1159/5
f 1157/1157/5 1159/1159/5 1160/1160/5
f 1156/1156/6 1155/1155/6 1154/1154/6
f 1156/1156/6 1154/1154/6 1153/1153/6
f 1161/1161/16 1162/1162/16 1166/1166/16
f 1161/1161/16 1166/1166/16 1165/1165/16
f 1162/1162/15 1163/1163/15 1167/1167/15
f 1162/1162/15 1167/1167/15 1166/1166/15
f 1163/1163/18 1164/1164/18 1168/1168/18
f 1163/1163/18 1168/1168/18 1167/1167/18
f 1164/1164/17 1161/1161/17 1165/1165/17
f 1164/1164/17 1165/1165/17 1168/1168/17
f 1165/1165/5 1166/1166/5 1167/1167/5
f 1165/1165/5 1167/1167/5 1168/1168/5
f 1164/1164/6 1163/1163/6 1162/1162/6
f 1164/1164/6 1162/1162/6 1161/1161/6
f 1169/1169/19 1174/1174/19 1170/1170/19
f 1169/1169/19 1173/1173/19 1174/1174/19
f 1170/1170/20 1175/1175/20 1171/1171/20
f 1170/1170/20 1174/1174/20 1175/1175/20
f 1171/1171/21 1176/1176/21 1172/1172/21
f 1171/1171/21 1175/1175/21 1176/1176/21
f 1172/1172/22 1173/1173/22 1169/1169/22
f 1172/1172/22 1176/1176/22 1173/1173/22
f 1173/1173/5 1175/1175/5 1174/1174/5
f 1173/1173/5 1176/1176/5 1175/1175/5
f 1172/1172/6 1170/1170/6 1171/1171/6
f 1172/1172/6 1169/1169/6 1170/1170/6
f 1177/1177/6 1182/1182/6 1178/1178/6
f 1177/1177/6 1181/1181/6 1182/1182/6
f 1186/1186/5 1189/1189/5 1185/1185/5
f 1186/1186/5 1190/1190/5 1189/1189/5
f 1181/1181/19 1190/1190/19 1182/1182/19
f 1181/1181/19 1189/1189/19 1190/1190/19
f 1178/1178/21 1185/1185/21 1177/1177/21
f 1178/1178/21 1186/1186/21 1185/1185/21
f 1178/1178/20 1183/1183/20 1179/1179/20
f 1178/1178/20 1182/1182/20 1183/1183/20
f 1187/1187/22 1190/1190/22 1186/1186/22
f 1187/1187/22 1191/1191/22 1190/1190/22
f 1182/1182/19 1191/1191/19 1183/1183/19
f 1182/1182/19 1190/1190/19 1191/1191/19
f 1179/1179/21 1186/1186/21 1178/1178/21
f 1179/1179/21 1187/1187/21 1186/1186/21
f 1179/1179/5 1184/1184/5 1180/1180/5
f 1179/1179/5 1183/1183/5 1184/1184/5
f 1188/1188/6 1191/1191/6 1187/1187/6
f 1188/1188/6 1192/1192/6 1191/1191/6
f 1183/1183/19 1192/1192/19 1184/1184/19
f 1183/1183/19 1191/1191/19 1192/1192/19
f 1180/1180/21 1187/1187/21 1179/1179/21
f 1180/1180/21 1188/1188/21 1187/1187/21
f 1180/1180/22 1181/1181/22 1177/1177/22
f 1180/1180/22 1184/1184/22 1181/1181/22
f 1185/1185/20 1192/1192/20 1188/1188/20
f 1185/1185/20 1189/1189/20 1192/1192/20
f 1184/1184/19 1189/1189/19 1181/1181/19
f 1184/1184/19 1192/1192/19 1189/1189/19
f 1177/1177/21 1188/1188/21 1180/1180/21
f 1177/1177/21 1185/1185/21 1188/1188/21
f 1193/1193/6 1198/1198/6 1194/1194/6
f 1193/1193/6 1197/1197/6 1198/1198/6
f 1202/1202/5 1205/1205/5 1201/1201/5
f 1202/1202/5 1206/1206/5 1205/1205/5
f 1197/1197/19 1206/1206/19 1198/1198/19
f 1197/1197/19 1205/1205/19 1206/1206/19
f 1194/1194/21 1201/1201/21 1193/1193/21
f 1194/1194/21 1202/1202/21 1201/1201/21
f 1194/1194/20 1199/1199/20 1195/1195/20
f 1194/1194/20 1198/1198/20 1199/1199/20
f 1203/1203/22 1206/1206/22 1202/1202/22
f 1203/1203/22 1207/1207/22 1206/1206/22
f 1198/1198/19 1207/1207/19 1199/1199/19
f 1198/1198/19 1206/1206/19 1207/1207/19
f 1195/1195/21 1202/1202/21 1194/1194/21
f 1195/1195/21 1203/1203/21 1202/1202/21
f 1195/1195/5 1200/1200/5 1196/1196/5
f 1195/1195/5 1199/1199/5 1200/1200/5
f 1204/1204/6 1207/1207/6 1203/1203/6
f 1204/1204/6 1208/1208/6 1207/1207/6
f 1199/1199/19 1208/1208/19 1200/1200/19
f 1199/1199/19 1207/1207/19 1208/1208/19
f 1196/1196/21 1203/1203/21 1195/1195/21
f 1196/1196/21 1204/1204/21 1203/1203/21
f 1196/1196/22 1197/1197/22 1193/1193/22
f 1196/1196/22 1200/1200/22 1197/1197/22
f 1201/1201/20 1208/1208/20 1204/1204/20
f 1201/1201/20 1205/1205/20 1208/1208/20
f 1200/1200/19 1205/1205/19 1197/1197/19
f 1200/1200/19 1208/1208/19 1205/1205/19
f 1193/1193/21 1204/1204/21 1196/1196/21
f 1193/1193/21 1201/1201/21 1204/1204/21
f 1209/1209/6 1214/1214/6 1210/1210/6
f 1209/1209/6 1213/1213/6 1214/1214/6
f 1218/1218/5 1221/1221/5 1217/1217/5
f 1218/1218/5 1222/1222/5 1221/1221/5
f 1213/1213/19 1222/1222/19 1214/1214/19
f 1213/1213/19 1221/1221/19 1222/1222/19
f 1210/1210/21 1217/1217/21 1209/1209/21
f 1210/1210/21 1218/1218/21 1217/1217/21
f 1210/1210/20 1215/1215/20 1211/1211/20
f 1210/1210/20 1214/1214/20 1215/1215/20
f 1219/1219/22 1222/1222/22 1218/1218/22
f 1219/1219/22 1223/1223/22 1222/1222/22
f 1214/1214/19 1223/1223/19 1215/1215/19
f 1214/1214/19 1222/1222/19 1223/1223/19
f 1211/1211/21 1218/1218/21 1210/1210/21
f 1211/1211/21 1219/1219/21 1218/1218/21
f 1211/1211/5 1216/1216/5 1212/1212/5
f 1211/1211/5 1215/1215/5 1216/1216/5
f 1220/1220/6 1223/1223/6 1219/1219/6
f 1220/1220/6 1224/1224/6 1223/1223/6
f 1215/1215/19 1224/1224/19 1216/1216/19
f 1215/1215/19 1223/1223/19 1224/1224/19
f 1212/1212/21 1219/1219/21 1211/1211/21
f 1212/1212/21 1220/1220/21 1219/1219/21
f 1212/1212/22 1213/1213/22 1209/1209/22
f 1212/1212/22 1216/1216/22 1213/1213/22
f 1217/1217/20 1224/1224/20 1220/1220/20
f 1217/1217/20 1221/1221/20 1224/1224/20
f 1216/1216/19 1221/1221/19 1213/1213/19
f 1216/1216/19 1224/1224/19 1221/1221/19
f 1209/1209/21 1220/1220/21 1212/1212/21
f 1209/1209/21 1217/1217/21 1220/1220/21
f 1225/1225/6 1230/1230/6 1226/1226/6
f 1225/1225/6 1229/1229/6 1230/1230/6
f 1234/1234/5 1237/1237/5 1233/1233/5
f 1234/1234/5 1238/1238/5 1237/1237/5
f 1229/1229/19 1238/1238/19 1230/1230/19
f 1229/1229/19 1237/1237/19 1238/1238/19
f 1226/1226/21 1233/1233/21 1225/1225/21
f 1226/1226/21 1234/1234/21 1233/1233/21
f 1226/1226/20 1231/1231/20 1227/1227/20
f 1226/1226/20 1230/1230/20 1231/1231/20
f 1235/1235/22 1238/1238/22 1234/1234/22
f 1235/1235/22 1239/1239/22 1238/1238/22
f 1230/1230/19 1239/1239/19 1231/1231/19
f 1230/1230/19 1238/1238/19 1239/1239/19
f 1227/1227/21 1234/1234/21 1226/1226/21
f 1227/1227/21 1235/1235/21 1234/1234/21
f 1227/1227/5 1232/1232/5 1228/1228/5
f 1227/1227/5 1231/1231/5 1232/1232/5
f 1236/1236/6 1239/1239/6 1235/1235/6
f 1236/1236/6 1240/1240/6 1239/1239/6
f 1231/1231/19 1240/1240/19 1232/1232/19
f 1231/1231/19 1239/1239/19 1240/1240/19
f 1228/1228/21 1235/1235/21 1227/1227/21
f 1228/1228/21 1236/1236/21 1235/1235/21
f 1228/1228/22 1229/1229/22 1225/1225/22
f 1228/1228/22 1232/1232/22 1229/1229/22
f 1233/1233/20 1240/1240/20 1236/1236/20
f 1233/1233/20 1237/1237/20 1240/1240/20
f 1232/1232/19 1237/1237/19 1229/1229/19
f 1232/1232/19 1240/1240/19 1237/1237/19
f 1225/1225/21 1236/1236/21 1228/1228/21
f 1225/1225/21 1233/1233/21 1236/1236/21
f 1241/1241/6 1246/1246/6 1242/1242/6
f 1241/1241/6 1245/1245/6 1246/1246/6
f 1250/1250/5 1253/1253/5 1249/1249/5
f 1250/1250/5 1254/1254/5 1253/1253/5
f 1245/1245/19 1254/1254/19 1246/1246/19
f 1245/1245/19 1253/1253/19 1254/1254/19
f 1242/1242/21 1249/1249/21 1241/1241/21
f 1242/1242/21 1250/1250/21 1249/1249/21
f 1242/1242/20 1247/1247/20 1243/1243/20
f 1242/1242/20 1246/1246/20 1247/1247/20
f 1251/1251/22 1254/1254/22 1250/1250/22
f 1251/1251/22 1255/1255/22 1254/1254/22
f 1246/1246/19 1255/1255/19 1247/1247/19
f 1246/1246/19 1254/1254/19 1255/1255/19
f 1243/1243/21 1250/1250/21 1242/1242/21
f 1243/1243/21 1251/1251/21 1250/1250/21
f 1243/1243/5 1248/1248/5 1244/1244/5
f 1243/1243/5 1247/1247/5 1248/1248/5
f 1252/1252/6 1255/1255/6 1251/1251/6
f 1252/1252/6 1256/1256/6 1255/1255/6
f 1247/1247/19 1256/1256/19 1248/1248/19
f 1247/1247/19 1255/1255/19 1256/1256/19
f 1244/1244/21 1251/1251/21 1243/1243/21
f 1244/1244/21 1252/1252/21 1251/1251/21
f 1244/1244/22 1245/1245/22 1241/1241/22
f 1244/1244/22 1248/1248/22 1245/1245/22
f 1249/1249/20 1256/1256/20 1252/1252/20
f 1249/1249/20 1253/1253/20 1256/1256/20
f 1248/1248/19 1253/1253/19 1245/1245/19
f 1248/1248/19 1256/1256/19 1253/1253/19
f 1241/1241/21 1252/1252/21 1244/1244/21
f 1241/1241/21 1249/1249/21 1252/1252/21
f 1257/1257/6 1262/1262/6 1258/1258/6
f 1257/1257/6 1261/1261/6 1262/1262/6
f 1266/1266/5 1269/1269/5 1265/1265/5
f 1266/1266/5 1270/1270/5 1269/1269/5
f 1261/1261/19 1270/1270/19 1262/1262/19
f 1261/1261/19 1269/1269/19 1270/1270/19
f 1258/1258/21 1265/1265/21 1257/1257/21
f 1258/1258/21 1266/1266/21 1265/1265/21
f 1258/1258/20 1263/1263/20 1259/1259/20
f 1258/1258/20 1262/1262/20 1263/1263/20
f 1267/1267/22 1270/1270/22 1266/1266/22
f 1267/1267/22 1271/1271/22 1270/1270/22
f 1262/1262/19 1271/1271/19 1263/1263/19
f 1262/1262/19 1270/1270/19 1271/1271/19
f 1259/1259/21 1266/1266/21 1258/1258/21
f 1259/1259/21 1267/1267/21 1266/1266/21
f 1259/1259/5 1264/1264/5 1260/1260/5
f 1259/1259/5 1263/1263/5 1264/1264/5
f 1268/1268/6 1271/1271/6 1267/1267/6
f 1268/1268/6 1272/1272/6 1271/1271/6
f 1263/1263/19 1272/1272/19 1264/1264/19
f 1263/1263/19 1271/1271/19 1272/1272/19
f 1260/1260/21 1267/1267/21 1259/1259/21
f 1260/1260/21 1268/1268/21 1267/1267/21
f 1260/1260/22 1261/1261/22 1257/1257/22
f 1260/1260/22 1264/1264/22 1261/1261/22
f 1265/1265/20 1272/1272/20 1268/1268/20
f 1265/1265/20 1269/1269/20 1272/1272/20
f 1264/1264/19 1269/1269/19 1261/1261/19
f 1264/1264/19 1272/1272/19 1269/1269/19
f 1257/1257/21 1268/1268/21 1260/1260/21
f 1257/1257/21 1265/1265/21 1268/1268/21
f 1273/1273/21 1274/1274/21 1278/1278/21
f 1273/1273/21 1278/1278/21 1277/1277/21
f 1274/1274/20 1275/1275/20 1279/1279/20
f 1274/1274/20 1279/1279/20 1278/1278/20
f 1275/1275/19 1276/1276/19 1280/1280/19
f 1275/1275/19 1280/1280/19 1279/1279/19
f 1276/1276/22 1273/1273/22 1277/1277/22
f 1276/1276/22 1277/1277/22 1280/1280/22
f 1277/1277/5 1278/1278/5 1279/1279/5
f 1277/1277/5 1279/1279/5 1280/1280/5
f 1276/1276/6 1275/1275/6 1274/1274/6
f 1276/1276/6 1274/1274/6 1273/1273/6
f 1281/1281/6 1286/1286/6 1282/1282/6
f 1281/1281/6 1285/1285/6 1286/1286/6
f 1290/1290/5 1293/1293/5 1289/1289/5
f 1290/1290/5 1294/1294/5 1293/1293/5
f 1285/1285/20 1294/1294/20 1286/1286/20
f 1285/1285/20 1293/1293/20 1294/1294/20
f 1282/1282/22 1289/1289/22 1281/1281/22
f 1282/1282/22 1290/1290/22 1289/1289/22
f 1282/1282/21 1287/1287/21 1283/1283/21
f 1282/1282/21 1286/1286/21 1287/1287/21
f 1291/1291/19 1294/1294/19 1290/1290/19
f 1291/1291/19 1295/1295/19 1294/1294/19
f 1286/1286/20 1295/1295/20 1287/1287/20
f 1286/1286/20 1294/1294/20 1295/1295/20
f 1283/1283/22 1290/1290/22 1282/1282/22
f 1283/1283/22 1291/1291/22 1290/1290/22
f 1283/1283/5 1288/1288/5 1284/1284/5
f 1283/1283/5 1287/1287/5 1288/1288/5
f 1292/1292/6 1295/1295/6 1291/1291/6
f 1292/1292/6 1296/1296/6 1295/1295/6
f 1287/1287/20 1296/1296/20 1288/1288/20
f 1287/1287/20 1295/1295/20 1296/1296/20
f 1284/1284/22 1291/1291/22 1283/1283/22
f 1284/1284/22 1292/1292/22 1291/1291/22
f 1284/1284/19 1285/1285/19 1281/1281/19
f 1284/1284/19 1288/1288/19 1285/1285/19
f 1289/1289/21 1296/1296/21 1292/1292/21
f 1289/1289/21 1293/1293/21 1296/1296/21
f 1288/1288/20 1293/1293/20 1285/1285/20
f 1288/1288/20 1296/1296/20 1293/1293/20
f 1281/1281/22 1292/1292/22 1284/1284/22
f 1281/1281/22 1289/1289/22 1292/1292/22
f 1297/1297/6 1302/1302/6 1298/1298/6
f 1297/1297/6 1301/1301/6 1302/1302/6
f 1306/1306/5 1309/1309/5 1305/1305/5
f 1306/1306/5 1310/1310/5 1309/1309/5
f 1301/1301/20 1310/1310/20 1302/1302/20
f 1301/1301/20 1309/1309/20 1310/1310/20
f 1298/1298/22 1305/1305/22 1297/1297/22
f 1298/1298/22 1306/1306/22 1305/1305/22
f 1298/1298/21 1303/1303/21 1299/1299/21
f 1298/1298/21 1302/1302/21 1303/1303/21
f 1307/1307/19 1310/1310/19 1306/1306/19
f 1307/1307/19 1311/1311/19 1310/1310/19
f 1302/1302/20 1311/1311/20 1303/1303/20
f 1302/1302/20 1310/1310/20 1311/1311/20
f 1299/1299/22 1306/1306/22 1298/1298/22
f 1299/1299/22 1307/1307/22 1306/1306/22
f 1299/1299/5 1304/1304/5 1300/1300/5
f 1299/1299/5 1303/1303/5 1304/1304/5
f 1308/1308/6 1311/1311/6 1307/1307/6
f 1308/1308/6 1312/1312/6 1311/1311/6
f 1303/1303/20 1312/1312/20 1304/1304/20
f 1303/1303/20 1311/1311/20 1312/1312/20
f 1300/1300/22 1307/1307/22 1299/1299/22
f 1300/1300/22 1308/1308/22 1307/1307/22
f 1300/1300/19 1301/1301/19 1297/1297/19
f 1300/1300/19 1304/1304/19 1301/1301/19
f 1305/1305/21 1312/1312/21 1308/1308/21
f 1305/1305/21 1309/1309/21 1312/1312/21
f 1304/1304/20 1309/1309/20 1301/1301/20
f 1304/1304/20 1312/1312/20 1309/1309/20
f 1297/1297/22 1308/1308/22 1300/1300/22
f 1297/1297/22 1305/1305/22 1308/1308/22
f 1313/1313/6 1318/1318/6 1314/1314/6
f 1313/1313/6 1317/1317/6 1318/1318/6
f 1322/1322/5 1325/1325/5 1321/1321/5
f 1322/1322/5 1326/1326/5 1325/1325/5
f 1317/1317/20 1326/1326/20 1318/1318/20
f 1317/1317/20 1325/1325/20 1326/1326/20
f 1314/1314/22 1321/1321/22 1313/1313/22
f 1314/1314/22 1322/1322/22 1321/1321/22
f 1314/1314/21 1319/1319/21 1315/1315/21
f 1314/1314/21 1318/1318/21 1319/1319/21
f 1323/1323/19 1326/1326/19 1322/1322/19
f 1323/1323/19 1327/1327/19 1326/1326/19
f 1318/1318/20 1327/1327/20 1319/1319/20
f 1318/1318/20 1326/1326/20 1327/1327/20
f 1315/1315/22 1322/1322/22 1314/1314/22
f 1315/1315/22 1323/1323/22 1322/1322/22
f 1315/1315/5 1320/1320/5 1316/1316/5
f 1315/1315/5 1319/1319/5 1320/1320/5
f 1324/1324/6 1327/1327/6 1323/1323/6
f 1324/1324/6 1328/1328/6 1327/1327/6
f 1319/1319/20 1328/1328/20 1320/1320/20
f 1319/1319/20 1327/1327/20 1328/1328/20
f 1316/1316/22 1323/1323/22 1315/1315/22
f 1316/1316/22 1324/1324/22 1323/1323/22
f 1316/1316/19 1317/1317/19 1313/1313/19
f 1316/1316/19 1320/1320/19 1317/1317/19
f 1321/1321/21 1328/1328/21 1324/1324/21
f 1321/1321/21 1325/1325/21 1328/1328/21
f 1320/1320/20 1325/1325/20 1317/1317/20
f 1320/1320/20 1328/1328/20 1325/1325/20
f 1313/1313/22 1324/1324/22 1316/1316/22
f 1313/1313/22 1321/1321/22 1324/1324/22
f 1329/1329/6 1334/1334/6 1330/1330/6
f 1329/1329/6 1333/1333/6 1334/1334/6
f 1338/1338/5 1341/1341/5 1337/1337/5
f 1338/1338/5 1342/1342/5 1341/1341/5
f 1333/1333/20 1342/1342/20 1334/1334/20
f 1333/1333/20 1341/1341/20 1342/1342/20
f 1330/1330/22 1337/1337/22 1329/1329/22
f 1330/1330/22 1338/1338/22 1337/1337/22
f 1330/1330/21 1335/1335/21 1331/1331/21
f 1330/1330/21 1334/1334/21 1335/1335/21
f 1339/1339/19 1342/1342/19 1338/1338/19
f 1339/1339/19 1343/1343/19 1342/1342/19
f 1334/1334/20 1343/1343/20 1335/1335/20
f 1334/1334/20 1342/1342/20 1343/1343/20
f 1331/1331/22 1338/1338/22 1330/1330/22
f 1331/1331/22 1339/1339/22 1338/1338/22
f 1331/1331/5 1336/1336/5 1332/1332/5
f 1331/1331/5 1335/1335/5 1336/1336/5
f 1340/1340/6 1343/1343/6 1339/1339/6
f 1340/1340/6 1344/1344/6 1343/1343/6
f 1335/1335/20 1344/1344/20 1336/1336/20
f 1335/1335/20 1343/1343/20 1344/1344/20
f 1332/1332/22 1339/1339/22 1331/1331/22
f 1332/1332/22 1340/1340/22 1339/1339/22
f 1332/1332/19 1333/1333/19 1329/1329/19
f 1332/1332/19 1336/1336/19 1333/1333/19
f 1337/1337/21 1344/1344/21 1340/1340/21
f 1337/1337/21 1341/1341/21 1344/1344/21
f 1336/1336/20 1341/1341/20 1333/1333/20
f 1336/1336/20 1344/1344/20 1341/1341/20
f 1329/1329/22 1340/1340/22 1332/1332/22
f 1329/1329/22 1337/1337/22 1340/1340/22
f 1345/1345/6 1350/1350/6 1346/1346/6
f 1345/1345/6 1349/1349/6 1350/1350/6
f 1354/1354/5 1357/1357/5 1353/1353/5
f 1354/1354/5 1358/1358/5 1357/1357/5
f 1349/1349/20 1358/1358/20 1350/1350/20
f 1349/1349/20 1357/1357/20 1358/1358/20
f 1346/1346/22 1353/1353/22 1345/1345/22
f 1346/1346/22 1354/1354/22 1353/1353/22
f 1346/1346/21 1351/1351/21 1347/1347/21
f 1346/1346/21 1350/1350/21 1351/1351/21
f 1355/1355/19 1358/1358/19 1354/1354/19
f 1355/1355/19 1359/1359/19 1358/1358/19
f 1350/1350/20 1359/1359/20 1351/1351/20
f 1350/1350/20 1358/1358/20 1359/1359/20
f 1347/1347/22 1354/1354/22 1346/1346/22
f 1347/1347/22 1355/1355/22 1354/1354/22
f 1347/1347/5 1352/1352/5 1348/1348/5
f 1347/1347/5 1351/1351/5 1352/1352/5
f 1356/1356/6 1359/1359/6 1355/1355/6
f 1356/1356/6 1360/1360/6 1359/1359/6
f 1351/1351/20 1360/1360/20 1352/1352/20
f 1351/1351/20 1359/1359/20 1360/1360/20
f 1348/1348/22 1355/1355/22 1347/1347/22
f 1348/1348/22 1356/1356/22 1355/1355/22
f 1348/1348/19 1349/1349/19 1345/1345/19
f 1348/1348/19 1352/1352/19 1349/1349/19
f 1353/1353/21 1360/1360/21 1356/1356/21
f 1353/1353/21 1357/1357/21 1360/1360/21
f 1352/1352/20 1357/1357/20 1349/1349/20
f 1352/1352/20 1360/1360/20 1357/1357/20
f 1345/1345/22 1356/1356/22 1348/1348/22
f 1345/1345/22 1353/1353/22 1356/1356/22
f 1361/1361/6 1366/1366/6 1362/1362/6
f 1361/1361/6 1365/1365/6 1366/1366/6
f 1370/1370/5 1373/1373/5 1369/1369/5
f 1370/1370/5 1374/1374/5 1373/1373/5
f 1365/1365/20 1374/1374/20 1366/1366/20
f 1365/1365/20 1373/1373/20 1374/1374/20
f 1362/1362/22 1369/1369/22 1361/1361/22
f 1362/1362/22 1370/1370/22 1369/1369/22
f 1362/1362/21 1367/1367/21 1363/1363/21
f 1362/1362/21 1366/1366/21 1367/1367/21
f 1371/1371/19 1374/1374/19 1370/1370/19
f 1371/1371/19 1375/1375/19 1374/1374/19
f 1366/1366/20 1375/1375/20 1367/1367/20
f 1366/1366/20 1374/1374/20 1375/1375/20
f 1363/1363/22 1370/1370/22 1362/1362/22
f 1363/1363/22 1371/1371/22 1370/1370/22
f 1363/1363/5 1368/1368/5 1364/1364/5
f 1363/1363/5 1367/1367/5 1368/1368/5
f 1372/1372/6 1375/1375/6 1371/1371/6
f 1372/1372/6 1376/1376/6 1375/1375/6
f 1367/1367/20 1376/1376/20 1368/1368/20
f 1367/1367/20 1375/1375/20 1376/1376/20
f 1364/1364/22 1371/1371/22 1363/1363/22
f 1364/1364/22 1372/1372/22 1371/1371/22
f 1364/1364/19 1365/1365/19 1361/1361/19
f 1364/1364/19 1368/1368/19 1365/1365/19
f 1369/1369/21 1376/1376/21 1372/1372/21
f 1369/1369/21 1373/1373/21 1376/1376/21
f 1368/1368/20 1373/1373/20 1365/1365/20
f 1368/1368/20 1376/1376/20 1373/1373/20
f 1361/1361/22 1372/1372/22 1364/1364/22
f 1361/1361/22 1369/1369/22 1372/1372/22
f 1377/1377/6 1382/1382/6 1378/1378/6
f 1377/1377/6 1381/1381/6 1382/1382/6
f 1386/1386/5 1389/1389/5 1385/1385/5
f 1386/1386/5 1390/1390/5 1389/1389/5
f 1381/1381/21 1390/1390/21 1382/1382/21
f 1381/1381/21 1389/1389/21 1390/1390/21
f 1378/1378/19 1385/1385/19 1377/1377/19
f 1378/1378/19 1386/1386/19 1385/1385/19
f 1378/1378/22 1383/1383/22 1379/1379/22
f 1378/1378/22 1382/1382/22 1383/1383/22
f 1387/1387/20 1390/1390/20 1386/1386/20
f 1387/1387/20 1391/1391/20 1390/1390/20
f 1382/1382/21 1391/1391/21 1383/1383/21
f 1382/1382/21 1390/1390/21 1391/1391/21
f 1379/1379/19 1386/1386/19 1378/1378/19
f 1379/1379/19 1387/1387/19 1386/1386/19
f 1379/1379/5 1384/1384/5 1380/1380/5
f 1379/1379/5 1383/1383/5 1384/1384/5
f 1388/1388/6 1391/1391/6 1387/1387/6
f 1388/1388/6 1392/1392/6 1391/1391/6
f 1383/1383/21 1392/1392/21 1384/1384/21
f 1383/1383/21 1391/1391/21 1392/1392/21
f 1380/1380/19 1387/1387/19 1379/1379/19
f 1380/1380/19 1388/1388/19 1387/1387/19
f 1380/1380/20 1381/1381/20 1377/1377/20
f 1380/1380/20 1384/1384/20 1381/1381/20
f 1385/1385/22 1392/1392/22 1388/1388/22
f 1385/1385/22 1389/1389/22 1392/1392/22
f 1384/1384/21 1389/1389/21 1381/1381/21
f 1384/1384/21 1392/1392/21 1389/1389/21
f 1377/1377/19 1388/1388/19 1380/1380/19
f 1377/1377/19 1385/1385/19 1388/1388/19
f 1393/1393/6 1398/1398/6 1394/1394/6
f 1393/1393/6 1397/1397/6 1398/1398/6
f 1402/1402/5 1405/1405/5 1401/1401/5
f 1402/1402/5 1406/1406/5 1405/1405/5
f 1397/1397/21 1406/1406/21 1398/1398/21
f 1397/1397/21 1405/1405/21 1406/1406/21
f 1394/1394/19 1401/1401/19 1393/1393/19
f 1394/1394/19 1402/1402/19 1401/1401/19
f 1394/1394/22 1399/1399/22 1395/1395/22
f 1394/1394/22 1398/1398/22 1399/1399/22
f 1403/1403/20 1406/1406/20 1402/1402/20
f 1403/1403/20 1407/1407/20 1406/1406/20
f 1398/1398/21 1407/1407/21 1399/1399/21
f 1398/1398/21 1406/1406/21 1407/1407/21
f 1395/1395/19 1402/1402/19 1394/1394/19
f 1395/1395/19 1403/1403/19 1402/1402/19
f 1395/1395/5 1400/1400/5 1396/1396/5
f 1395/1395/5 1399/1399/5 1400/1400/5
f 1404/1404/6 1407/1407/6 1403/1403/6
f 1404/1404/6 1408/1408/6 1407/1407/6
f 1399/1399/21 1408/1408/21 1400/1400/21
f 1399/1399/21 1407/1407/21 1408/1408/21
f 1396/1396/19 1403/1403/19 1395/1395/19
f 1396/1396/19 1404/1404/19 1403/1403/19
f 1396/1396/20 1397/1397/20 1393/1393/20
f 1396/1396/20 1400/1400/20 1397/1397/20
f 1401/1401/22 1408/1408/22 1404/1404/22
f 1401/1401/22 1405/1405/22 1408/1408/22
f 1400/1400/21 1405/1405/21 1397/1397/21
f 1400/1400/21 1408/1408/21 1405/1405/21
f 1393/1393/19 1404/1404/19 1396/1396/19
f 1393/1393/19 1401/1401/19 1404/1404/19
f 1409/1409/6 1414/1414/6 1410/1410/6
f 1409/1409/6 1413/1413/6 1414/1414/6
f 1418/1418/5 1421/1421/5 1417/1417/5
f 1418/1418/5 1422/1422/5 1421/1421/5
f 1413/1413/21 1422/1422/21 1414/1414/21
f 1413/1413/21 1421/1421/21 1422/1422/21
f 1410/1410/19 1417/1417/19 1409/1409/19
f 1410/1410/19 1418/1418/19 1417/1417/19
f 1410/1410/22 1415/1415/22 1411/1411/22
f 1410/1410/22 1414/1414/22 1415/1415/22
f 1419/1419/20 1422/1422/20 1418/1418/20
f 1419/1419/20 1423/1423/20 1422/1422/20
f 1414/1414/21 1423/1423/21 1415/1415/21
f 1414/1414/21 1422/1422/21 1423/1423/21
f 1411/1411/19 1418/1418/19 1410/1410/19
f 1411/1411/19 1419/1419/19 1418/1418/19
f 1411/1411/5 1416/1416/5 1412/1412/5
f 1411/1411/5 1415/1415/5 1416/1416/5
f 1420/1420/6 1423/1423/6 1419/1419/6
f 1420/1420/6 1424/1424/6 1423/1423/6
f 1415/1415/21 1424/1424/21 1416/1416/21
f 1415/1415/21 1423/1423/21 1424/1424/21
f 1412/1412/19 1419/1419/19 1411/1411/19
f 1412/1412/19 1420/1420/19 1419/1419/19
f 1412/1412/20 1413/1413/20 1409/1409/20
f 1412/1412/20 1416/1416/20 1413/1413/20
f 1417/1417/22 1424/1424/22 1420/1420/22
f 1417/1417/22 1421/1421/22 1424/1424/22
f 1416/1416/21 1421/1421/21 1413/1413/21
f 1416/1416/21 1424/1424/21 1421/1421/21
f 1409/1409/19 1420/1420/19 1412/1412/19
f 1409/1409/19 1417/1417/19 1420/1420/19
f 1425/1425/6 1430/1430/6 1426/1426/6
f 1425/1425/6 1429/1429/6 1430/1430/6
f 1434/1434/5 1437/1437/5 1433/1433/5
f 1434/1434/5 1438/1438/5 1437/1437/5
f 1429/1429/21 1438/1438/21 1430/1430/21
f 1429/1429/21 1437/1437/21 1438/1438/21
f 1426/1426/19 1433/1433/19 1425/1425/19
f 1426/1426/19 1434/1434/19 1433/1433/19
f 1426/1426/22 1431/1431/22 1427/1427/22
f 1426/1426/22 1430/1430/22 1431/1431/22
f 1435/1435/20 1438/1438/20 1434/1434/20
f 1435/1435/20 1439/1439/20 1438/1438/20
f 1430/1430/21 1439/1439/21 1431/1431/21
f 1430/1430/21 1438/1438/21 1439/1439/21
f 1427/1427/19 1434/1434/19 1426/1426/19
f 1427/1427/19 1435/1435/19 1434/1434/19
f 1427/1427/5 1432/1432/5 1428/1428/5
f 1427/1427/5 1431/1431/5 1432/1432/5
f 1436/1436/6 1439/1439/6 1435/1435/6
f 1436/1436/6 1440/1440/6 1439/1439/6
f 1431/1431/21 1440/1440/21 1432/1432/21
f 1431/1431/21 1439/1439/21 1440/1440/21
f 1428/1428/19 1435/1435/19 1427/1427/19
f 1428/1428/19 1436/1436/19 1435/1435/19
f 1428/1428/20 1429/1429/20 1425/1425/20
f 1428/1428/20 1432/1432/20 1429/1429/20
f 1433/1433/22 1440/1440/22 1436/1436/22
f 1433/1433/22 1437/1437/22 1440/1440/22
f 1432/1432/21 1437/1437/21 1429/1429/21
f 1432/1432/21 1440/1440/21 1437/1437/21
f 1425/1425/19 1436/1436/19 1428/1428/19
f 1425/1425/19 1433/1433/19 1436/1436/19
f 1441/1441/6 1446/1446/6 1442/1442/6
f 1441/1441/6 1445/1445/6 1446/1446/6
f 1450/1450/5 1453/1453/5 1449/1449/5
f 1450/1450/5 1454/1454/5 1453/1453/5
f 1445/1445/21 1454/1454/21 1446/1446/21
f 1445/1445/21 1453/1453/21 1454/1454/21
f 1442/1442/19 1449/1449/19 1441/1441/19
f 1442/1442/19 1450/1450/19 1449/1449/19
f 1442/1442/22 1447/1447/22 1443/1443/22
f 1442/1442/22 1446/1446/22 1447/1447/22
f 1451/1451/20 1454/1454/20 1450/1450/20
f 1451/1451/20 1455/1455/20 1454/1454/20
f 1446/1446/21 1455/1455/21 1447/1447/21
f 1446/1446/21 1454/1454/21 1455/1455/21
f 1443/1443/19 1450/1450/19 1442/1442/19
f 1443/1443/19 1451/1451/19 1450/1450/19
f 1443/1443/5 1448/1448/5 1444/1444/5
f 1443/1443/5 1447/1447/5 1448/1448/5
f 1452/1452/6 1455/1455/6 1451/1451/6
f 1452/1452/6 1456/1456/6 1455/1455/6
f 1447/1447/21 1456/1456/21 1448/1448/21
f 1447/1447/21 1455/1455/21 1456/1456/21
f 1444/1444/19 1451/1451/19 1443/1443/19
f 1444/1444/19 1452/1452/19 1451/1451/19
f 1444/1444/20 1445/1445/20 1441/1441/20
f 1444/1444/20 1448/1448/20 1445/1445/20
f 1449/1449/22 1456/1456/22 1452/1452/22
f 1449/1449/22 1453/1453/22 1456/1456/22
f 1448/1448/21 1453/1453/21 1445/1445/21
f 1448/1448/21 1456/1456/21 1453/1453/21
f 1441/1441/19 1452/1452/19 1444/1444/19
f 1441/1441/19 1449/1449/19 1452/1452/19
f 1457/1457/6 1462/1462/6 1458/1458/6
f 1457/1457/6 1461/1461/6 1462/1462/6
f 1466/1466/5 1469/1469/5 1465/1465/5
f 1466/1466/5 1470/1470/5 1469/1469/5
f 1461/1461/21 1470/1470/21 1462/1462/21
f 1461/1461/21 1469/1469/21 1470/1470/21
f 1458/1458/19 1465/1465/19 1457/1457/19
f 1458/1458/19 1466/1466/19 1465/1465/19
f 1458/1458/22 1463/1463/22 1459/1459/22
f 1458/1458/22 1462/1462/22 1463/1463/22
f 1467/1467/20 1470/1470/20 1466/1466/20
f 1467/1467/20 1471/1471/20 1470/1470/20
f 1462/1462/21 1471/1471/21 1463/1463/21
f 1462/1462/21 1470/1470/21 1471/1471/21
f 1459/1459/19 1466/1466/19 1458/1458/19
f 1459/1459/19 1467/1467/19 1466/1466/19
f 1459/1459/5 1464/1464/5 1460/1460/5
f 1459/1459/5 1463/1463/5 1464/1464/5
f 1468/1468/6 1471/1471/6 1467/1467/6
f 1468/1468/6 1472/1472/6 1471/1471/6
f 1463/1463/21 1472/1472/21 1464/1464/21
f 1463/1463/21 1471/1471/21 1472/1472/21
f 1460/1460/19 1467/1467/19 1459/1459/19
f 1460/1460/19 1468/1468/19 1467/1467/19
f 1460/1460/20 1461/1461/20 1457/1457/20
f 1460/1460/20 1464/1464/20 1461/1461/20
f 1465/1465/22 1472/1472/22 1468/1468/22
f 1465/1465/22 1469/1469/22 1472/1472/22
f 1464/1464/21 1469/1469/21 1461/1461/21
f 1464/1464/21 1472/1472/21 1469/1469/21
f 1457/1457/19 1468/1468/19 1460/1460/19
f 1457/1457/19 1465/1465/19 1468/1468/19
f 1473/1473/6 1478/1478/6 1474/1474/6
f 1473/1473/6 1477/1477/6 1478/1478/6
f 1482/1482/5 1485/1485/5 1481/1481/5
f 1482/1482/5 1486/1486/5 1485/1485/5
f 1477/1477/22 1486/1486/22 1478/1478/22
f 1477/1477/22 1485/1485/22 1486/1486/22
f 1474/1474/20 1481/1481/20 1473/1473/20
f 1474/1474/20 1482/1482/20 1481/1481/20
f 1474/1474/19 1479/1479/19 1475/1475/19
f 1474/1474/19 1478/1478/19 1479/1479/19
f 1483/1483/21 1486/1486/21 1482/1482/21
f 1483/1483/21 1487/1487/21 1486/1486/21
f 1478/1478/22 1487/1487/22 1479/1479/22
f 1478/1478/22 1486/1486/22 1487/1487/22
f 1475/1475/20 1482/1482/20 1474/1474/20
f 1475/1475/20 1483/1483/20 1482/1482/20
f 1475/1475/5 1480/1480/5 1476/1476/5
f 1475/1475/5 1479/1479/5 1480/1480/5
f 1484/1484/6 1487/1487/6 1483/1483/6
f 1484/1484/6 1488/1488/6 1487/1487/6
f 1479/1479/22 1488/1488/22 1480/1480/22
f 1479/1479/22 1487/1487/22 1488/1488/22
f 1476/1476/20 1483/1483/20 1475/1475/20
f 1476/1476/20 1484/1484/20 1483/1483/20
f 1476/1476/21 1477/1477/21 1473/1473/21
f 1476/1476/21 1480/1480/21 1477/1477/21
f 1481/1481/19 1488/1488/19 1484/1484/19
f 1481/1481/19 1485/1485/19 1488/1488/19
f 1480/1480/22 1485/1485/22 1477/1477/22
f 1480/1480/22 1488/1488/22 1485/1485/22
f 1473/1473/20 1484/1484/20 1476/1476/20
f 1473/1473/20 1481/1481/20 1484/1484/20
f 1489/1489/6 1494/1494/6 1490/1490/6
f 1489/1489/6 1493/1493/6 1494/1494/6
f 1498/1498/5 1501/1501/5 1497/1497/5
f 1498/1498/5 1502/1502/5 1501/1501/5
f 1493/1493/22 1502/1502/22 1494/1494/22
f 1493/1493/22 1501/1501/22 1502/1502/22
f 1490/1490/20 1497/1497/20 1489/1489/20
f 1490/1490/20 1498/1498/20 1497/1497/20
f 1490/1490/19 1495/1495/19 1491/1491/19
f 1490/1490/19 1494/1494/19 1495/1495/19
f 1499/1499/21 1502/1502/21 1498/1498/21
f 1499/1499/21 1503/1503/21 1502/1502/21
f 1494/1494/22 1503/1503/22 1495/1495/22
f 1494/1494/22 1502/1502/22 1503/1503/22
f 1491/1491/20 1498/1498/20 1490/1490/20
f 1491/1491/20 1499/1499/20 1498/1498/20
f 1491/1491/5 1496/1496/5 1492/1492/5
f 1491/1491/5 1495/1495/5 1496/1496/5
f 1500/1500/6 1503/1503/6 1499/1499/6
f 1500/1500/6 1504/1504/6 1503/1503/6
f 1495/1495/22 1504/1504/22 1496/1496/22
f 1495/1495/22 1503/1503/22 1504/1504/22
f 1492/1492/20 1499/1499/20 1491/1491/20
f 1492/1492/20 1500/1500/20 1499/1499/20
f 1492/1492/21 1493/1493/21 1489/1489/21
f 1492/1492/21 1496/1496/21 1493/1493/21
f 1497/1497/19 1504/1504/19 1500/1500/19
f 1497/1497/19 1501/1501/19 1504/1504/19
f 1496/1496/22 1501/1501/22 1493/1493/22
f 1496/1496/22 1504/1504/22 1501/1501/22
f 1489/1489/20 1500/1500/20 1492/1492/20
f 1489/1489/20 1497/1497/20 1500/1500/20
f 1505/1505/6 1510/1510/6 1506/1506/6
f 1505/1505/6 1509/1509/6 1510/1510/6
f 1514/1514/5 1517/1517/5 1513/1513/5
f 1514/1514/5 1518/1518/5 1517/1517/5
f 1509/1509/22 1518/1518/22 1510/1510/22
f 1509/1509/22 1517/1517/22 1518/1518/22
f 1506/1506/20 1513/1513/20 1505/1505/20
f 1506/1506/20 1514/1514/20 1513/1513/20
f 1506/1506/19 1511/1511/19 1507/1507/19
f 1506/1506/19 1510/1510/19 1511/1511/19
f 1515/1515/21 1518/1518/21 1514/1514/21
f 1515/1515/21 1519/1519/21 1518/1518/21
f 1510/1510/22 1519/1519/22 1511/1511/22
f 1510/1510/22 1518/1518/22 1519/1519/22
f 1507/1507/20 1514/1514/20 1506/1506/20
f 1507/1507/20 1515/1515/20 1514/1514/20
f 1507/1507/5 1512/1512/5 1508/1508/5
f 1507/1507/5 1511/1511/5 1512/1512/5
f 1516/1516/6 1519/1519/6 1515/1515/6
f 1516/1516/6 1520/1520/6 1519/1519/6
f 1511/1511/22 1520/1520/22 1512/1512/22
f 1511/1511/22 1519/1519/22 1520/1520/22
f 1508/1508/20 1515/1515/20 1507/1507/20
f 1508/1508/20 1516/1516/20 1515/1515/20
f 1508/1508/21 1509/1509/21 1505/1505/21
f 1508/1508/21 1512/1512/21 1509/1509/21
f 1513/1513/19 1520/1520/19 1516/1516/19
f 1513/1513/19 1517/1517/19 1520/1520/19
f 1512/1512/22 1517/1517/22 1509/1509/22
f 1512/1512/22 1520/1520/22 1517/1517/22
f 1505/1505/20 1516/1516/20 1508/1508/20
f 1505/1505/20 1513/1513/20 1516/1516/20
f 1521/1521/6 1526/1526/6 1522/1522/6
f 1521/1521/6 1525/1525/6 1526/1526/6
f 1530/1530/5 1533/1533/5 1529/1529/5
f 1530/1530/5 1534/1534/5 1533/1533/5
f 1525/1525/22 1534/1534/22 1526/1526/22
f 1525/1525/22 1533/1533/22 1534/1534/22
f 1522/1522/20 1529/1529/20 1521/1521/20
f 1522/1522/20 1530/1530/20 1529/1529/20
f 1522/1522/19 1527/1527/19 1523/1523/19
f 1522/1522/19 1526/1526/19 1527/1527/19
f 1531/1531/21 1534/1534/21 1530/1530/21
f 1531/1531/21 1535/1535/21 1534/1534/21
f 1526/1526/22 1535/1535/22 1527/1527/22
f 1526/1526/22 1534/1534/22 1535/1535/22
f 1523/1523/20 1530/1530/20 1522/1522/20
f 1523/1523/20 1531/1531/20 1530/1530/20
f 1523/1523/5 1528/1528/5 1524/1524/5
f 1523/1523/5 1527/1527/5 1528/1528/5
f 1532/1532/6 1535/1535/6 1531/1531/6
f 1532/1532/6 1536/1536/6 1535/1535/6
f 1527/1527/22 1536/1536/22 1528/1528/22
f 1527/1527/22 1535/1535/22 1536/1536/22
f 1524/1524/20 1531/1531/20 1523/1523/20
f 1524/1524/20 1532/1532/20 1531/1531/20
f 1524/1524/21 1525/1525/21 1521/1521/21
f 1524/1524/21 1528/1528/21 1525/1525/21
f 1529/1529/19 1536/1536/19 1532/1532/19
f 1529/1529/19 1533/1533/19 1536/1536/19
f 1528/1528/22 1533/1533/22 1525/1525/22
f 1528/1528/22 1536/1536/22 1533/1533/22
f 1521/1521/20 1532/1532/20 1524/1524/20
f 1521/1521/20 1529/1529/20 1532/1532/20
f 1537/1537/6 1542/1542/6 1538/1538/6
f 1537/1537/6 1541/1541/6 1542/1542/6
f 1546/1546/5 1549/1549/5 1545/1545/5
f 1546/1546/5 1550/1550/5 1549/1549/5
f 1541/1541/22 1550/1550/22 1542/1542/22
f 1541/1541/22 1549/1549/22 1550/1550/22
f 1538/1538/20 1545/1545/20 1537/1537/20
f 1538/1538/20 1546/1546/20 1545/1545/20
f 1538/1538/19 1543/1543/19 1539/1539/19
f 1538/1538/19 1542/1542/19 1543/1543/19
f 1547/1547/21 1550/1550/21 1546/1546/21
f 1547/1547/21 1551/1551/21 1550/1550/21
f 1542/1542/22 1551/1551/22 1543/1543/22
f 1542/1542/22 1550/1550/22 1551/1551/22
f 1539/1539/20 1546/1546/20 1538/1538/20
f 1539/1539/20 1547/1547/20 1546/1546/20
f 1539/1539/5 1544/1544/5 1540/1540/5
f 1539/1539/5 1543/1543/5 1544/1544/5
f 1548/1548/6 1551/1551/6 1547/1547/6
f 1548/1548/6 1552/1552/6 1551/1551/6
f 1543/1543/22 1552/1552/22 1544/1544/22
f 1543/1543/22 1551/1551/22 1552/1552/22
f 1540/1540/20 1547/1547/20 1539/1539/20
f 1540/1540/20 1548/1548/20 1547/1547/20
f 1540/1540/21 1541/1541/21 1537/1537/21
f 1540/1540/21 1544/1544/21 1541/1541/21
f 1545/1545/19 1552/1552/19 1548/1548/19
f 1545/1545/19 1549/1549/19 1552/1552/19
f 1544/1544/22 1549/1549/22 1541/1541/22
f 1544/1544/22 1552/1552/22 1549/1549/22
f 1537/1537/20 1548/1548/20 1540/1540/20
f 1537/1537/20 1545/1545/20 1548/1548/20
f 1553/1553/6 1560/1560/6 1554/1554/6
f 1553/1553/6 1559/1559/6 1560/1560/6
f 1566/1566/5 1571/1571/5 1565/1565/5
f 1566/1566/5 1572/1572/5 1571/1571/5
f 1559/1559/22 1572/1572/22 1560/1560/22
f 1559/1559/22 1571/1571/22 1572/1572/22
f 1554/1554/20 1565/1565/20 1553/1553/20
f 1554/1554/20 1566/1566/20 1565/1565/20
f 1554/1554/19 1561/1561/19 1555/1555/19
f 1554/1554/19 1560/1560/19 1561/1561/19
f 1567/1567/21 1572/1572/21 1566/1566/21
f 1567/1567/21 1573/1573/21 1572/1572/21
f 1560/1560/22 1573/1573/22 1561/1561/22
f 1560/1560/22 1572/1572/22 1573/1573/22
f 1555/1555/20 1566/1566/20 1554/1554/20
f 1555/1555/20 1567/1567/20 1566/1566/20
f 1555/1555/23 1562/1562/23 1556/1556/23
f 1555/1555/23 1561/1561/23 1562/1562/23
f 1568/1568/24 1573/1573/24 1567/1567/24
f 1568/1568/24 1574/1574/24 1573/1573/24
f 1561/1561/22 1574/1574/22 1562/1562/22
f 1561/1561/22 1573/1573/22 1574/1574/22
f 1556/1556/20 1567/1567/20 1555/1555/20
f 1556/1556/20 1568/1568/20 1567/1567/20
f 1556/1556/5 1563/1563/5 1557/1557/5
f 1556/1556/5 1562/1562/5 1563/1563/5
f 1569/1569/6 1574/1574/6 1568/1568/6
f 1569/1569/6 1575/1575/6 1574/1574/6
f 1562/1562/22 1575/1575/22 1563/1563/22
f 1562/1562/22 1574/1574/22 1575/1575/22
f 1557/1557/20 1568/1568/20 1556/1556/20
f 1557/1557/20 1569/1569/20 1568/1568/20
f 1557/1557/25 1564/1564/25 1558/1558/25
f 1557/1557/25 1563/1563/25 1564/1564/25
f 1570/1570/26 1575/1575/26 1569/1569/26
f 1570/1570/26 1576/1576/26 1575/1575/26
f 1563/1563/22 1576/1576/22 1564/1564/22
f 1563/1563/22 1575/1575/22 1576/1576/22
f 1558/1558/20 1569/1569/20 1557/1557/20
f 1558/1558/20 1570/1570/20 1569/1569/20
f 1558/1558/21 1559/1559/21 1553/1553/21
f 1558/1558/21 1564/1564/21 1559/1559/21
f 1565/1565/19 1576/1576/19 1570/1570/19
f 1565/1565/19 1571/1571/19 1576/1576/19
f 1564/1564/22 1571/1571/22 1559/1559/22
f 1564/1564/22 1576/1576/22 1571/1571/22
f 1553/1553/20 1570/1570/20 1558/1558/20
f 1553/1553/20 1565/1565/20 1570/1570/20
f 1577/1577/19 1582/1582/19 1578/1578/19
f 1577/1577/19 1581/1581/19 1582/1582/19
f 1586/1586/21 1589/1589/21 1585/1585/21
f 1586/1586/21 1590/1590/21 1589/1589/21
f 1581/1581/5 1590/1590/5 1582/1582/5
f 1581/1581/5 1589/1589/5 1590/1590/5
f 1578/1578/6 1585/1585/6 1577/1577/6
f 1578/1578/6 1586/1586/6 1585/1585/6
f 1578/1578/20 1583/1583/20 1579/1579/20
f 1578/1578/20 1582/1582/20 1583/1583/20
f 1587/1587/22 1590/1590/22 1586/1586/22
f 1587/1587/22 1591/1591/22 1590/1590/22
f 1582/1582/5 1591/1591/5 1583/1583/5
f 1582/1582/5 1590/1590/5 1591/1591/5
f 1579/1579/6 1586/1586/6 1578/1578/6
f 1579/1579/6 1587/1587/6 1586/1586/6
f 1579/1579/21 1584/1584/21 1580/1580/21
f 1579/1579/21 1583/1583/21 1584/1584/21
f 1588/1588/19 1591/1591/19 1587/1587/19
f 1588/1588/19 1592/1592/19 1591/1591/19
f 1583/1583/5 1592/1592/5 1584/1584/5
f 1583/1583/5 1591/1591/5 1592/1592/5
f 1580/1580/6 1587/1587/6 1579/1579/6
f 1580/1580/6 1588/1588/6 1587/1587/6
f 1580/1580/22 1581/1581/22 1577/1577/22
f 1580/1580/22 1584/1584/22 1581/1581/22
f 1585/1585/20 1592/1592/20 1588/1588/20
f 1585/1585/20 1589/1589/20 1592/1592/20
f 1584/1584/5 1589/1589/5 1581/1581/5
f 1584/1584/5 1592/1592/5 1589/1589/5
f 1577/1577/6 1588/1588/6 1580/1580/6
f 1577/1577/6 1585/1585/6 1588/1588/6
f 1593/1593/19 1598/1598/19 1594/1594/19
f 1593/1593/19 1597/1597/19 1598/1598/19
f 1602/1602/21 1605/1605/21 1601/1601/21
f 1602/1602/21 1606/1606/21 1605/1605/21
f 1597/1597/5 1606/1606/5 1598/1598/5
f 1597/1597/5 1605/1605/5 1606/1606/5
f 1594/1594/6 1601/1601/6 1593/1593/6
f 1594/1594/6 1602/1602/6 1601/1601/6
f 1594/1594/20 1599/1599/20 1595/1595/20
f 1594/1594/20 1598/1598/20 1599/1599/20
f 1603/1603/22 1606/1606/22 1602/1602/22
f 1603/1603/22 1607/1607/22 1606/1606/22
f 1598/1598/5 1607/1607/5 1599/1599/5
f 1598/1598/5 1606/1606/5 1607/1607/5
f 1595/1595/6 1602/1602/6 1594/1594/6
f 1595/1595/6 1603/1603/6 1602/1602/6
f 1595/1595/21 1600/1600/21 1596/1596/21
f 1595/1595/21 1599/1599/21 1600/1600/21
f 1604/1604/19 1607/1607/19 1603/1603/19
f 1604/1604/19 1608/1608/19 1607/1607/19
f 1599/1599/5 1608/1608/5 1600/1600/5
f 1599/1599/5 1607/1607/5 1608/1608/5
f 1596/1596/6 1603/1603/6 1595/1595/6
f 1596/1596/6 1604/1604/6 1603/1603/6
f 1596/1596/22 1597/1597/22 1593/1593/22
f 1596/1596/22 1600/1600/22 1597/1597/22
f 1601/1601/20 1608/1608/20 1604/1604/20
f 1601/1601/20 1605/1605/20 1608/1608/20
f 1600/1600/5 1605/1605/5 1597/1597/5
f 1600/1600/5 1608/1608/5 1605/1605/5
f 1593/1593/6 1604/1604/6 1596/1596/6
f 1593/1593/6 1601/1601/6 1604/1604/6
f 1609/1609/19 1614/1614/19 1610/1610/19
f 1609/1609/19 1613/1613/19 1614/1614/19
f 1618/1618/21 1621/1621/21 1617/1617/21
f 1618/1618/21 1622/1622/21 1621/1621/21
f 1613/1613/5 1622/1622/5 1614/1614/5
f 1613/1613/5 1621/1621/5 1622/1622/5
f 1610/1610/6 1617/1617/6 1609/1609/6
f 1610/1610/6 1618/1618/6 1617/1617/6
f 1610/1610/20 1615/1615/20 1611/1611/20
f 1610/1610/20 1614/1614/20 1615/1615/20
f 1619/1619/22 1622/1622/22 1618/1618/22
f 1619/1619/22 1623/1623/22 1622/1622/22
f 1614/1614/5 1623/1623/5 1615/1615/5
f 1614/1614/5 1622/1622/5 1623/1623/5
f 1611/1611/6 1618/1618/6 1610/1610/6
f 1611/1611/6 1619/1619/6 1618/1618/6
f 1611/1611/21 1616/1616/21 1612/1612/21
f 1611/1611/21 1615/1615/21 1616/1616/21
f 1620/1620/19 1623/1623/19 1619/1619/19
f 1620/1620/19 1624/1624/19 1623/1623/19
f 1615/1615/5 1624/1624/5 1616/1616/5
f 1615/1615/5 1623/1623/5 1624/1624/5
f 1612/1612/6 1619/1619/6 1611/1611/6
f 1612/1612/6 1620/1620/6 1619/1619/6
f 1612/1612/22 1613/1613/22 1609/1609/22
f 1612/1612/22 1616/1616/22 1613/1613/22
f 1617/1617/20 1624/1624/20 1620/1620/20
f 1617/1617/20 1621/1621/20 1624/1624/20
f 1616/1616/5 1621/1621/5 1613/1613/5
f 1616/1616/5 1624/1624/5 1621/1621/5
f 1609/1609/6 1620/1620/6 1612/1612/6
f 1609/1609/6 1617/1617/6 1620/1620/6
f 1625/1625/20 1626/1626/20 1630/1630/20
f 1625/1625/20 1630/1630/20 1629/1629/20
f 1626/1626/19 1627/1627/19 1631/1631/19
f 1626/1626/19 1631/1631/19 1630/1630/19
f 1627/1627/22 1628/1628/22 1632/1632/22
f 1627/1627/22 1632/1632/22 1631/1631/22
f 1628/1628/21 1625/1625/21 1629/1629/21
f 1628/1628/21 1629/1629/21 1632/1632/21
f 1629/1629/5 1630/1630/5 1631/1631/5
f 1629/1629/5 1631/1631/5 1632/1632/5
f 1628/1628/6 1627/1627/6 1626/1626/6
f 1628/1628/6 1626/1626/6 1625/1625/6
f 1633/1633/21 1634/1634/21 1638/1638/21
f 1633/1633/21 1638/1638/21 1637/1637/21
f 1634/1634/20 1635/1635/20 1639/1639/20
f 1634/1634/20 1639/1639/20 1638/1638/20
f 1635/1635/19 1636/1636/19 1640/1640/19
f 1635/1635/19 1640/1640/19 1639/1639/19
f 1636/1636/22 1633/1633/22 1637/1637/22
f 1636/1636/22 1637/1637/22 1640/1640/22
f 1637/1637/5 1638/1638/5 1639/1639/5
f 1637/1637/5 1639/1639/5 1640/1640/5
f 1636/1636/6 1635/1635/6 1634/1634/6
f 1636/1636/6 1634/1634/6 1633/1633/6
f 1641/1641/20 1642/1642/20 1646/1646/20
f 1641/1641/20 1646/1646/20 1645/1645/20
f 1642/1642/19 1643/1643/19 1647/1647/19
f 1642/1642/19 1647/1647/19 1646/1646/19
f 1643/1643/22 1644/1644/22 1648/1648/22
f 1643/1643/22 1648/1648/22 1647/1647/22
f 1644/1644/21 1641/1641/21 1645/1645/21
f 1644/1644/21 1645/1645/21 1648/1648/21
f 1645/1645/5 1646/1646/5 1647/1647/5
f 1645/1645/5 1647/1647/5 1648/1648/5
f 1644/1644/6 1643/1643/6 1642/1642/6
f 1644/1644/6 1642/1642/6 1641/1641/6
f 1649/1649/21 1650/1650/21 1654/1654/21
f 1649/1649/21 1654/1654/21 1653/1653/21
f 1650/1650/20 1651/1651/20 1655/1655/20
f 1650/1650/20 1655/1655/20 1654/1654/20
f 1651/1651/19 1652/1652/19 1656/1656/19
f 1651/1651/19 1656/1656/19 1655/1655/19
f 1652/1652/22 1649/1649/22 1653/1653/22
f 1652/1652/22 1653/1653/22 1656/1656/22
f 1653/1653/5 1654/1654/5 1655/1655/5
f 1653/1653/5 1655/1655/5 1656/1656/5
f 1652/1652/6 1651/1651/6 1650/1650/6
f 1652/1652/6 1650/1650/6 1649/1649/6
f 1657/1657/21 1658/1658/21 1662/1662/21
f 1657/1657/21 1662/1662/21 1661/1661/21
f 1658/1658/20 1659/1659/20 1663/1663/20
f 1658/1658/20 1663/1663/20 1662/1662/20
f 1659/1659/19 1660/1660/19 1664/1664/19
f 1659/1659/19 1664/1664/19 1663/1663/19
f 1660/1660/22 1657/1657/22 1661/1661/22
f 1660/1660/22 1661/1661/22 1664/1664/22
f 1661/1661/5 1662/1662/5 1663/1663/5
f 1661/1661/5 1663/1663/5 1664/1664/5
f 1660/1660/6 1659/1659/6 1658/1658/6
f 1660/1660/6 1658/1658/6 1657/1657/6
f 1665/1665/22 1666/1666/22 1670/1670/22
f 1665/1665/22 1670/1670/22 1669/1669/22
f 1666/1666/21 1667/1667/21 1671/1671/21
f 1666/1666/21 1671/1671/21 1670/1670/21
f 1667/1667/20 1668/1668/20 1672/1672/20
f 1667/1667/20 1672/1672/20 1671/1671/20
f 1668/1668/19 1665/1665/19 1669/1669/19
f 1668/1668/19 1669/1669/19 1672/1672/19
f 1669/1669/5 1670/1670/5 1671/1671/5
f 1669/1669/5 1671/1671/5 1672/1672/5
f 1668/1668/6 1667/1667/6 1666/1666/6
f 1668/1668/6 1666/1666/6 1665/1665/6
f 1673/1673/21 1674/1674/21 1678/1678/21
f 1673/1673/21 1678/1678/21 1677/1677/21
f 1674/1674/20 1675/1675/20 1679/1679/20
f 1674/1674/20 1679/1679/20 1678/1678/20
f 1675/1675/19 1676/1676/19 1680/1680/19
f 1675/1675/19 1680/1680/19 1679/1679/19
f 1676/1676/22 1673/1673/22 1677/1677/22
f 1676/1676/22 1677/1677/22 1680/1680/22
f 1677/1677/5 1678/1678/5 1679/1679/5
f 1677/1677/5 1679/1679/5 1680/1680/5
f 1676/1676/6 1675/1675/6 1674/1674/6
f 1676/1676/6 1674/1674/6 1673/1673/6
f 1681/1681/22 1682/1682/22 1686/1686/22
f 1681/1681/22 1686/1686/22 1685/1685/22
f 1682/1682/21 1683/1683/21 1687/1687/21
f 1682/1682/21 1687/1687/21 1686/1686/21
f 1683/1683/20 1684/1684/20 1688/1688/20
f 1683/1683/20 1688/1688/20 1687/1687/20
f 1684/1684/19 1681/1681/19 1685/1685/19
f 1684/1684/19 1685/1685/19 1688/1688/19
f 1685/1685/5 1686/1686/5 1687/1687/5
f 1685/1685/5 1687/1687/5 1688/1688/5
f 1684/1684/6 1683/1683/6 1682/1682/6
f 1684/1684/6 1682/1682/6 1681/1681/6
f 1689/1689/22 1690/1690/22 1694/1694/22
f 1689/1689/22 1694/1694/22 1693/1693/22
f 1690/1690/21 1691/1691/21 1695/1695/21
f 1690/1690/21 1695/1695/21 1694/1694/21
f 1691/1691/20 1692/1692/20 1696/1696/20
f 1691/1691/20 1696/1696/20 1695/1695/20
f 1692/1692/19 1689/1689/19 1693/1693/19
f 1692/1692/19 1693/1693/19 1696/1696/19
f 1693/1693/5 1694/1694/5 1695/1695/5
f 1693/1693/5 1695/1695/5 1696/1696/5
f 1692/1692/6 1691/1691/6 1690/1690/6
f 1692/1692/6 1690/1690/6 1689/1689/6
f 1697/1697/19 1698/1698/19 1702/1702/19
f 1697/1697/19 1702/1702/19 1701/1701/19
f 1698/1698/22 1699/1699/22 1703/1703/22
f 1698/1698/22 1703/1703/22 1702/1702/22
f 1699/1699/21 1700/1700/21 1704/1704/21
f 1699/1699/21 1704/1704/21 1703/1703/21
f 1700/1700/20 1697/1697/20 1701/1701/20
f 1700/1700/20 1701/1701/20 1704/1704/20
f 1701/1701/5 1702/1702/5 1703/1703/5
f 1701/1701/5 1703/1703/5 1704/1704/5
f 1700/1700/6 1699/1699/6 1698/1698/6
f 1700/1700/6 1698/1698/6 1697/1697/6
f 1705/1705/22 1706/1706/22 1710/1710/22
f 1705/1705/22 1710/1710/22 1709/1709/22
f 1706/1706/21 1707/1707/21 1711/1711/21
f 1706/1706/21 1711/1711/21 1710/1710/21
f 1707/1707/20 1708/1708/20 1712/1712/20
f 1707/1707/20 1712/1712/20 1711/1711/20
f 1708/1708/19 1705/1705/19 1709/1709/19
f 1708/1708/19 1709/1709/19 1712/1712/19
f 1709/1709/5 1710/1710/5 1711/1711/5
f 1709/1709/5 1711/1711/5 1712/1712/5
f 1708/1708/6 1707/1707/6 1706/1706/6
f 1708/1708/6 1706/1706/6 1705/1705/6
f 1713/1713/19 1714/1714/19 1718/1718/19
f 1713/1713/19 1718/1718/19 1717/1717/19
f 1714/1714/22 1715/1715/22 1719/1719/22
f 1714/1714/22 1719/1719/22 1718/1718/22
f 1715/1715/21 1716/1716/21 1720/1720/21
f 1715/1715/21 1720/1720/21 1719/1719/21
f 1716/1716/20 1713/1713/20 1717/1717/20
f 1716/1716/20 1717/1717/20 1720/1720/20
f 1717/1717/5 1718/1718/5 1719/1719/5
f 1717/1717/5 1719/1719/5 1720/1720/5
f 1716/1716/6 1715/1715/6 1714/1714/6
f 1716/1716/6 1714/1714/6 1713/1713/6
f 1721/1721/19 1722/1722/19 1726/1726/19
f 1721/1721/19 1726/1726/19 1725/1725/19
f 1722/1722/22 1723/1723/22 1727/1727/22
f 1722/1722/22 1727/1727/22 1726/1726/22
f 1723/1723/21 1724/1724/21 1728/1728/21
f 1723/1723/21 1728/1728/21 1727/1727/21
f 1724/1724/20 1721/1721/20 1725/1725/20
f 1724/1724/20 1725/1725/20 1728/1728/20
f 1725/1725/5 1726/1726/5 1727/1727/5
f 1725/1725/5 1727/1727/5 1728/1728/5
f 1724/1724/6 1723/1723/6 1722/1722/6
f 1724/1724/6 1722/1722/6 1721/1721/6
f 1729/1729/20 1730/1730/20 1734/1734/20
f 1729/1729/20 1734/1734/20 1733/1733/20
f 1730/1730/19 1731/1731/19 1735/1735/19
f 1730/1730/19 1735/1735/19 1734/1734/19
f 1731/1731/22 1732/1732/22 1736/1736/22
f 1731/1731/22 1736/1736/22 1735/1735/22
f 1732/1732/21 1729/1729/21 1733/1733/21
f 1732/1732/21 1733/1733/21 1736/1736/21
f 1733/1733/5 1734/1734/5 1735/1735/5
f 1733/1733/5 1735/1735/5 1736/1736/5
f 1732/1732/6 1731/1731/6 1730/1730/6
f 1732/1732/6 1730/1730/6 1729/1729/6
f 1737/1737/19 1738/1738/19 1742/1742/19
f 1737/1737/19 1742/1742/19 1741/1741/19
f 1738/1738/22 1739/1739/22 1743/1743/22
f 1738/1738/22 1743/1743/22 1742/1742/22
f 1739/1739/21 1740/1740/21 1744/1744/21
f 1739/1739/21 1744/1744/21 1743/1743/21
f 1740/1740/20 1737/1737/20 1741/1741/20
f 1740/1740/20 1741/1741/20 1744/1744/20
f 1741/1741/5 1742/1742/5 1743/1743/5
f 1741/1741/5 1743/1743/5 1744/1744/5
f 1740/1740/6 1739/1739/6 1738/1738/6
f 1740/1740/6 1738/1738/6 1737/1737/6
f 1745/1745/20 1746/1746/20 1750/1750/20
f 1745/1745/20 1750/1750/20 1749/1749/20
f 1746/1746/19 1747/1747/19 1751/1751/19
f 1746/1746/19 1751/1751/19 1750/1750/19
f 1747/1747/22 1748/1748/22 1752/1752/22
f 1747/1747/22 1752/1752/22 1751/1751/22
f 1748/1748/21 1745/1745/21 1749/1749/21
f 1748/1748/21 1749/1749/21 1752/1752/21
f 1749/1749/5 1750/1750/5 1751/1751/5
f 1749/1749/5 1751/1751/5 1752/1752/5
f 1748/1748/6 1747/1747/6 1746/1746/6
f 1748/1748/6 1746/1746/6 1745/1745/6
f 1753/1753/27 1758/1758/27 1754/1754/27
f 1753/1753/27 1757/1757/27 1758/1758/27
f 1754/1754/28 1759/1759/28 1755/1755/28
f 1754/1754/28 1758/1758/28 1759/1759/28
f 1755/1755/29 1760/1760/29 1756/1756/29
f 1755/1755/29 1759/1759/29 1760/1760/29
f 1756/1756/30 1757/1757/30 1753/1753/30
f 1756/1756/30 1760/1760/30 1757/1757/30
f 1757/1757/5 1759/1759/5 1758/1758/5
f 1757/1757/5 1760/1760/5 1759/1759/5
f 1756/1756/6 1754/1754/6 1755/1755/6
f 1756/1756/6 1753/1753/6 1754/1754/6
f 1761/1761/31 1766/1766/31 1762/1762/31
f 1761/1761/31 1765/1765/31 1766/1766/31
f 1762/1762/32 1767/1767/32 1763/1763/32
f 1762/1762/32 1766/1766/32 1767/1767/32
f 1763/1763/33 1768/1768/33 1764/1764/33
f 1763/1763/33 1767/1767/33 1768/1768/33
f 1764/1764/34 1765/1765/34 1761/1761/34
f 1764/1764/34 1768/1768/34 1765/1765/34
f 1765/1765/5 1767/1767/5 1766/1766/5
f 1765/1765/5 1768/1768/5 1767/1767/5
f 1764/1764/6 1762/1762/6 1763/1763/6
f 1764/1764/6 1761/1761/6 1762/1762/6
f 1769/1769/6 1774/1774/6 1770/1770/6
f 1769/1769/6 1773/1773/6 1774/1774/6
f 1778/1778/5 1781/1781/5 1777/1777/5
f 1778/1778/5 1782/1782/5 1781/1781/5
f 1773/1773/31 1782/1782/31 1774/1774/31
f 1773/1773/31 1781/1781/31 1782/1782/31
f 1770/1770/33 1777/1777/33 1769/1769/33
f 1770/1770/33 1778/1778/33 1777/1777/33
f 1770/1770/32 1775/1775/32 1771/1771/32
f 1770/1770/32 1774/1774/32 1775/1775/32
f 1779/1779/34 1782/1782/34 1778/1778/34
f 1779/1779/34 1783/1783/34 1782/1782/34
f 1774/1774/31 1783/1783/31 1775/1775/31
f 1774/1774/31 1782/1782/31 1783/1783/31
f 1771/1771/33 1778/1778/33 1770/1770/33
f 1771/1771/33 1779/1779/33 1778/1778/33
f 1771/1771/5 1776/1776/5 1772/1772/5
f 1771/1771/5 1775/1775/5 1776/1776/5
f 1780/1780/6 1783/1783/6 1779/1779/6
f 1780/1780/6 1784/1784/6 1783/1783/6
f 1775/1775/31 1784/1784/31 1776/1776/31
f 1775/1775/31 1783/1783/31 1784/1784/31
f 1772/1772/33 1779/1779/33 1771/1771/33
f 1772/1772/33 1780/1780/33 1779/1779/33
f 1772/1772/34 1773/1773/34 1769/1769/34
f 1772/1772/34 1776/1776/34 1773/1773/34
f 1777/1777/32 1784/1784/32 1780/1780/32
f 1777/1777/32 1781/1781/32 1784/1784/32
f 1776/1776/31 1781/1781/31 1773/1773/31
f 1776/1776/31 1784/1784/31 1781/1781/31
f 1769/1769/33 1780/1780/33 1772/1772/33
f 1769/1769/33 1777/1777/33 1780/1780/33
f 1785/1785/6 1790/1790/6 1786/1786/6
f 1785/1785/6 1789/1789/6 1790/1790/6
f 1794/1794/5 1797/1797/5 1793/1793/5
f 1794/1794/5 1798/1798/5 1797/1797/5
f 1789/1789/31 1798/1798/31 1790/1790/31
f 1789/1789/31 1797/1797/31 1798/1798/31
f 1786/1786/33 1793/1793/33 1785/1785/33
f 1786/1786/33 1794/1794/33 1793/1793/33
f 1786/1786/32 1791/1791/32 1787/1787/32
f 1786/1786/32 1790/1790/32 1791/1791/32
f 1795/1795/34 1798/1798/34 1794/1794/34
f 1795/1795/34 1799/1799/34 1798/1798/34
f 1790/1790/31 1799/1799/31 1791/1791/31
f 1790/1790/31 1798/1798/31 1799/1799/31
f 1787/1787/33 1794/1794/33 1786/1786/33
f 1787/1787/33 1795/1795/33 1794/1794/33
f 1787/1787/5 1792/1792/5 1788/1788/5
f 1787/1787/5 1791/1791/5 1792/1792/5
f 1796/1796/6 1799/1799/6 1795/1795/6
f 1796/1796/6 1800/1800/6 1799/1799/6
f 1791/1791/31 1800/1800/31 1792/1792/31
f 1791/1791/31 1799/1799/31 1800/1800/31
f 1788/1788/33 1795/1795/33 1787/1787/33
f 1788/1788/33 1796/1796/33 1795/1795/33
f 1788/1788/34 1789/1789/34 1785/1785/34
f 1788/1788/34 1792/1792/34 1789/1789/34
f 1793/1793/32 1800/1800/32 1796/1796/32
f 1793/1793/32 1797/1797/32 1800/1800/32
f 1792/1792/31 1797/1797/31 1789/1789/31
f 1792/1792/31 1800/1800/31 1797/1797/31
f 1785/1785/33 1796/1796/33 1788/1788/33
f 1785/1785/33 1793/1793/33 1796/1796/33
f 1801/1801/6 1806/1806/6 1802/1802/6
f 1801/1801/6 1805/1805/6 1806/1806/6
f 1810/1810/5 1813/1813/5 1809/1809/5
f 1810/1810/5 1814/1814/5 1813/1813/5
f 1805/1805/31 1814/1814/31 1806/1806/31
f 1805/1805/31 1813/1813/31 1814/1814/31
f 1802/1802/33 1809/1809/33 1801/1801/33
f 1802/1802/33 1810/1810/33 1809/1809/33
f 1802/1802/32 1807/1807/32 1803/1803/32
f 1802/1802/32 1806/1806/32 1807/1807/32
f 1811/1811/34 1814/1814/34 1810/1810/34
f 1811/1811/34 1815/1815/34 1814/1814/34
f 1806/1806/31 1815/1815/31 1807/1807/31
f 1806/1806/31 1814/1814/31 1815/1815/31
f 1803/1803/33 1810/1810/33 1802/1802/33
f 1803/1803/33 1811/1811/33 1810/1810/33
f 1803/1803/5 1808/1808/5 1804/1804/5
f 1803/1803/5 1807/1807/5 1808/1808/5
f 1812/1812/6 1815/1815/6 1811/1811/6
f 1812/1812/6 1816/1816/6 1815/1815/6
f 1807/1807/31 1816/1816/31 1808/1808/31
f 1807/1807/31 1815/1815/31 1816/1816/31
f 1804/1804/33 1811/1811/33 1803/1803/33
f 1804/1804/33 1812/1812/33 1811/1811/33
f 1804/1804/34 1805/1805/34 1801/1801/34
f 1804/1804/34 1808/1808/34 1805/1805/34
f 1809/1809/32 1816/1816/32 1812/1812/32
f 1809/1809/32 1813/1813/32 1816/1816/32
f 1808/1808/31 1813/1813/31 1805/1805/31
f 1808/1808/31 1816/1816/31 1813/1813/31
f 1801/1801/33 1812/1812/33 1804/1804/33
f 1801/1801/33 1809/1809/33 1812/1812/33
f 1817/1817/6 1822/1822/6 1818/1818/6
f 1817/1817/6 1821/1821/6 1822/1822/6
f 1826/1826/5 1829/1829/5 1825/1825/5
f 1826/1826/5 1830/1830/5 1829/1829/5
f 1821/1821/31 1830/1830/31 1822/1822/31
f 1821/1821/31 1829/1829/31 1830/1830/31
f 1818/1818/33 1825/1825/33 1817/1817/33
f 1818/1818/33 1826/1826/33 1825/1825/33
f 1818/1818/32 1823/1823/32 1819/1819/32
f 1818/1818/32 1822/1822/32 1823/1823/32
f 1827/1827/34 1830/1830/34 1826/1826/34
f 1827/1827/34 1831/1831/34 1830/1830/34
f 1822/1822/31 1831/1831/31 1823/1823/31
f 1822/1822/31 1830/1830/31 1831/1831/31
f 1819/1819/33 1826/1826/33 1818/1818/33
f 1819/1819/33 1827/1827/33 1826/1826/33
f 1819/1819/5 1824/1824/5 1820/1820/5
f 1819/1819/5 1823/1823/5 1824/1824/5
f 1828/1828/6 1831/1831/6 1827/1827/6
f 1828/1828/6 1832/1832/6 1831/1831/6
f 1823/1823/31 1832/1832/31 1824/1824/31
f 1823/1823/31 1831/1831/31 1832/1832/31
f 1820/1820/33 1827/1827/33 1819/1819/33
f 1820/1820/33 1828/1828/33 1827/1827/33
f 1820/1820/34 1821/1821/34 1817/1817/34
f 1820/1820/34 1824/1824/34 1821/1821/34
f 1825/1825/32 1832/1832/32 1828/1828/32
f 1825/1825/32 1829/1829/32 1832/1832/32
f 1824/1824/31 1829/1829/31 1821/1821/31
f 1824/1824/31 1832/1832/31 1829/1829/31
f 1817/1817/33 1828/1828/33 1820/1820/33
f 1817/1817/33 1825/1825/33 1828/1828/33
f 1833/1833/6 1838/1838/6 1834/1834/6
f 1833/1833/6 1837/1837/6 1838/1838/6
f 1842/1842/5 1845/1845/5 1841/1841/5
f 1842/1842/5 1846/1846/5 1845/1845/5
f 1837/1837/31 1846/1846/31 1838/1838/31
f 1837/1837/31 1845/1845/31 1846/1846/31
f 1834/1834/33 1841/1841/33 1833/1833/33
f 1834/1834/33 1842/1842/33 1841/1841/33
f 1834/1834/32 1839/1839/32 1835/1835/32
f 1834/1834/32 1838/1838/32 1839/1839/32
f 1843/1843/34 1846/1846/34 1842/1842/34
f 1843/1843/34 1847/1847/34 1846/1846/34
f 1838/1838/31 1847/1847/31 1839/1839/31
f 1838/1838/31 1846/1846/31 1847/1847/31
f 1835/1835/33 1842/1842/33 1834/1834/33
f 1835/1835/33 1843/1843/33 1842/1842/33
f 1835/1835/5 1840/1840/5 1836/1836/5
f 1835/1835/5 1839/1839/5 1840/1840/5
f 1844/1844/6 1847/1847/6 1843/1843/6
f 1844/1844/6 1848/1848/6 1847/1847/6
f 1839/1839/31 1848/1848/31 1840/1840/31
f 1839/1839/31 1847/1847/31 1848/1848/31
f 1836/1836/33 1843/1843/33 1835/1835/33
f 1836/1836/33 1844/1844/33 1843/1843/33
f 1836/1836/34 1837/1837/34 1833/1833/34
f 1836/1836/34 1840/1840/34 1837/1837/34
f 1841/1841/32 1848/1848/32 1844/1844/32
f 1841/1841/32 1845/1845/32 1848/1848/32
f 1840/1840/31 1845/1845/31 1837/1837/31
f 1840/1840/31 1848/1848/31 1845/1845/31
f 1833/1833/33 1844/1844/33 1836/1836/33
f 1833/1833/33 1841/1841/33 1844/1844/33
f 1849/1849/6 1854/1854/6 1850/1850/6
f 1849/1849/6 1853/1853/6 1854/1854/6
f 1858/1858/5 1861/1861/5 1857/1857/5
f 1858/1858/5 1862/1862/5 1861/1861/5
f 1853/1853/31 1862/1862/31 1854/1854/31
f 1853/1853/31 1861/1861/31 1862/1862/31
f 1850/1850/33 1857/1857/33 1849/1849/33
f 1850/1850/33 1858/1858/33 1857/1857/33
f 1850/1850/32 1855/1855/32 1851/1851/32
f 1850/1850/32 1854/1854/32 1855/1855/32
f 1859/1859/34 1862/1862/34 1858/1858/34
f 1859/1859/34 1863/1863/34 1862/1862/34
f 1854/1854/31 1863/1863/31 1855/1855/31
f 1854/1854/31 1862/1862/31 1863/1863/31
f 1851/1851/33 1858/1858/33 1850/1850/33
f 1851/1851/33 1859/1859/33 1858/1858/33
f 1851/1851/5 1856/1856/5 1852/1852/5
f 1851/1851/5 1855/1855/5 1856/1856/5
f 1860/1860/6 1863/1863/6 1859/1859/6
f 1860/1860/6 1864/1864/6 1863/1863/6
f 1855/1855/31 1864/1864/31 1856/1856/31
f 1855/1855/31 1863/1863/31 1864/1864/31
f 1852/1852/33 1859/1859/33 1851/1851/33
f 1852/1852/33 1860/1860/33 1859/1859/33
f 1852/1852/34 1853/1853/34 1849/1849/34
f 1852/1852/34 1856/1856/34 1853/1853/34
f 1857/1857/32 1864/1864/32 1860/1860/32
f 1857/1857/32 1861/1861/32 1864/1864/32
f 1856/1856/31 1861/1861/31 1853/1853/31
f 1856/1856/31 1864/1864/31 1861/1861/31
f 1849/1849/33 1860/1860/33 1852/1852/33
f 1849/1849/33 1857/1857/33 1860/1860/33
f 1865/1865/6 1870/1870/6 1866/1866/6
f 1865/1865/6 1869/1869/6 1870/1870/6
f 1874/1874/5 1877/1877/5 1873/1873/5
f 1874/1874/5 1878/1878/5 1877/1877/5
f 1869/1869/31 1878/1878/31 1870/1870/31
f 1869/1869/31 1877/1877/31 1878/1878/31
f 1866/1866/33 1873/1873/33 1865/1865/33
f 1866/1866/33 1874/1874/33 1873/1873/33
f 1866/1866/32 1871/1871/32 1867/1867/32
f 1866/1866/32 1870/1870/32 1871/1871/32
f 1875/1875/34 1878/1878/34 1874/1874/34
f 1875/1875/34 1879/1879/34 1878/1878/34
f 1870/1870/31 1879/1879/31 1871/1871/31
f 1870/1870/31 1878/1878/31 1879/1879/31
f 1867/1867/33 1874/1874/33 1866/1866/33
f 1867/1867/33 1875/1875/33 1874/1874/33
f 1867/1867/5 1872/1872/5 1868/1868/5
f 1867/1867/5 1871/1871/5 1872/1872/5
f 1876/1876/6 1879/1879/6 1875/1875/6
f 1876/1876/6 1880/1880/6 1879/1879/6
f 1871/1871/31 1880/1880/31 1872/1872/31
f 1871/1871/31 1879/1879/31 1880/1880/31
f 1868/1868/33 1875/1875/33 1867/1867/33
f 1868/1868/33 1876/1876/33 1875/1875/33
f 1868/1868/34 1869/1869/34 1865/1865/34
f 1868/1868/34 1872/1872/34 1869/1869/34
f 1873/1873/32 1880/1880/32 1876/1876/32
f 1873/1873/32 1877/1877/32 1880/1880/32
f 1872/1872/31 1877/1877/31 1869/1869/31
f 1872/1872/31 1880/1880/31 1877/1877/31
f 1865/1865/33 1876/1876/33 1868/1868/33
f 1865/1865/33 1873/1873/33 1876/1876/33
f 1881/1881/33 1882/1882/33 1886/1886/33
f 1881/1881/33 1886/1886/33 1885/1885/33
f 1882/1882/32 1883/1883/32 1887/1887/32
f 1882/1882/32 1887/1887/32 1886/1886/32
f 1883/1883/31 1884/1884/31 1888/1888/31
f 1883/1883/31 1888/1888/31 1887/1887/31
f 1884/1884/34 1881/1881/34 1885/1885/34
f 1884/1884/34 1885/1885/34 1888/1888/34
f 1885/1885/5 1886/1886/5 1887/1887/5
f 1885/1885/5 1887/1887/5 1888/1888/5
f 1884/1884/6 1883/1883/6 1882/1882/6
f 1884/1884/6 1882/1882/6 1881/1881/6
f 1889/1889/6 1894/1894/6 1890/1890/6
f 1889/1889/6 1893/1893/6 1894/1894/6
f 1898/1898/5 1901/1901/5 1897/1897/5
f 1898/1898/5 1902/1902/5 1901/1901/5
f 1893/1893/32 1902/1902/32 1894/1894/32
f 1893/1893/32 1901/1901/32 1902/1902/32
f 1890/1890/34 1897/1897/34 1889/1889/34
f 1890/1890/34 1898/1898/34 1897/1897/34
f 1890/1890/33 1895/1895/33 1891/1891/33
f 1890/1890/33 1894/1894/33 1895/1895/33
f 1899/1899/31 1902/1902/31 1898/1898/31
f 1899/1899/31 1903/1903/31 1902/1902/31
f 1894/1894/32 1903/1903/32 1895/1895/32
f 1894/1894/32 1902/1902/32 1903/1903/32
f 1891/1891/34 1898/1898/34 1890/1890/34
f 1891/1891/34 1899/1899/34 1898/1898/34
f 1891/1891/5 1896/1896/5 1892/1892/5
f 1891/1891/5 1895/1895/5 1896/1896/5
f 1900/1900/6 1903/1903/6 1899/1899/6
f 1900/1900/6 1904/1904/6 1903/1903/6
f 1895/1895/32 1904/1904/32 1896/1896/32
f 1895/1895/32 1903/1903/32 1904/1904/32
f 1892/1892/34 1899/1899/34 1891/1891/34
f 1892/1892/34 1900/1900/34 1899/1899/34
f 1892/1892/31 1893/1893/31 1889/1889/31
f 1892/1892/31 1896/1896/31 1893/1893/31
f 1897/1897/33 1904/1904/33 1900/1900/33
f 1897/1897/33 1901/1901/33 1904/1904/33
f 1896/1896/32 1901/1901/32 1893/1893/32
f 1896/1896/32 1904/1904/32 1901/1901/32
f 1889/1889/34 1900/1900/34 1892/1892/34
f 1889/1889/34 1897/1897/34 1900/1900/34
f 1905/1905/6 1910/1910/6 1906/1906/6
f 1905/1905/6 1909/1909/6 1910/1910/6
f 1914/1914/5 1917/1917/5 1913/1913/5
f 1914/1914/5 1918/1918/5 1917/1917/5
f 1909/1909/32 1918/1918/32 1910/1910/32
f 1909/1909/32 1917/1917/32 1918/1918/32
f 1906/1906/34 1913/1913/34 1905/1905/34
f 1906/1906/34 1914/1914/34 1913/1913/34
f 1906/1906/33 1911/1911/33 1907/1907/33
f 1906/1906/33 1910/1910/33 1911/1911/33
f 1915/1915/31 1918/1918/31 1914/1914/31
f 1915/1915/31 1919/1919/31 1918/1918/31
f 1910/1910/32 1919/1919/32 1911/1911/32
f 1910/1910/32 1918/1918/32 1919/1919/32
f 1907/1907/34 1914/1914/34 1906/1906/34
f 1907/1907/34 1915/1915/34 1914/1914/34
f 1907/1907/5 1912/1912/5 1908/1908/5
f 1907/1907/5 1911/1911/5 1912/1912/5
f 1916/1916/6 1919/1919/6 1915/1915/6
f 1916/1916/6 1920/1920/6 1919/1919/6
f 1911/1911/32 1920/1920/32 1912/1912/32
f 1911/1911/32 1919/1919/32 1920/1920/32
f 1908/1908/34 1915/1915/34 1907/1907/34
f 1908/1908/34 1916/1916/34 1915/1915/34
f 1908/1908/31 1909/1909/31 1905/1905/31
f 1908/1908/31 1912/1912/31 1909/1909/31
f 1913/1913/33 1920/1920/33 1916/1916/33
f 1913/1913/33 1917/1917/33 1920/1920/33
f 1912/1912/32 1917/1917/32 1909/1909/32
f 1912/1912/32 1920/1920/32 1917/1917/32
f 1905/1905/34 1916/1916/34 1908/1908/34
f 1905/1905/34 1913/1913/34 1916/1916/34
f 1921/1921/6 1926/1926/6 1922/1922/6
f 1921/1921/6 1925/1925/6 1926/1926/6
f 1930/1930/5 1933/1933/5 1929/1929/5
f 1930/1930/5 1934/1934/5 1933/1933/5
f 1925/1925/32 1934/1934/32 1926/1926/32
f 1925/1925/32 1933/1933/32 1934/1934/32
f 1922/1922/34 1929/1929/34 1921/1921/34
f 1922/1922/34 1930/1930/34 1929/1929/34
f 1922/1922/33 1927/1927/33 1923/1923/33
f 1922/1922/33 1926/1926/33 1927/1927/33
f 1931/1931/31 1934/1934/31 1930/1930/31
f 1931/1931/31 1935/1935/31 1934/1934/31
f 1926/1926/32 1935/1935/32 1927/1927/32
f 1926/1926/32 1934/1934/32 1935/1935/32
f 1923/1923/34 1930/1930/34 1922/1922/34
f 1923/1923/34 1931/1931/34 1930/1930/34
f 1923/1923/5 1928/1928/5 1924/1924/5
f 1923/1923/5 1927/1927/5 1928/1928/5
f 1932/1932/6 1935/1935/6 1931/1931/6
f 1932/1932/6 1936/1936/6 1935/1935/6
f 1927/1927/32 1936/1936/32 1928/1928/32
f 1927/1927/32 1935/1935/32 1936/1936/32
f 1924/1924/34 1931/1931/34 1923/1923/34
f 1924/1924/34 1932/1932/34 1931/1931/34
f 1924/1924/31 1925/1925/31 1921/1921/31
f 1924/1924/31 1928/1928/31 1925/1925/31
f 1929/1929/33 1936/1936/33 1932/1932/33
f 1929/1929/33 1933/1933/33 1936/1936/33
f 1928/1928/32 1933/1933/32 1925/1925/32
f 1928/1928/32 1936/1936/32 1933/1933/32
f 1921/1921/34 1932/1932/34 1924/1924/34
f 1921/1921/34 1929/1929/34 1932/1932/34
f 1937/1937/6 1942/1942/6 1938/1938/6
f 1937/1937/6 1941/1941/6 1942/1942/6
f 1946/1946/5 1949/1949/5 1945/1945/5
f 1946/1946/5 1950/1950/5 1949/1949/5
f 1941/1941/32 1950/1950/32 1942/1942/32
f 1941/1941/32 1949/1949/32 1950/1950/32
f 1938/1938/34 1945/1945/34 1937/1937/34
f 1938/1938/34 1946/1946/34 1945/1945/34
f 1938/1938/33 1943/1943/33 1939/1939/33
f 1938/1938/33 1942/1942/33 1943/1943/33
f 1947/1947/31 1950/1950/31 1946/1946/31
f 1947/1947/31 1951/1951/31 1950/1950/31
f 1942/1942/32 1951/1951/32 1943/1943/32
f 1942/1942/32 1950/1950/32 1951/1951/32
f 1939/1939/34 1946/1946/34 1938/1938/34
f 1939/1939/34 1947/1947/34 1946/1946/34
f 1939/1939/5 1944/1944/5 1940/1940/5
f 1939/1939/5 1943/1943/5 1944/1944/5
f 1948/1948/6 1951/1951/6 1947/1947/6
f 1948/1948/6 1952/1952/6 1951/1951/6
f 1943/1943/32 1952/1952/32 1944/1944/32
f 1943/1943/32 1951/1951/32 1952/1952/32
f 1940/1940/34 1947/1947/34 1939/1939/34
f 1940/1940/34 1948/1948/34 1947/1947/34
f 1940/1940/31 1941/1941/31 1937/1937/31
f 1940/1940/31 1944/1944/31 1941/1941/31
f 1945/1945/33 1952/1952/33 1948/1948/33
f 1945/1945/33 1949/1949/33 1952/1952/33
f 1944/1944/32 1949/1949/32 1941/1941/32
f 1944/1944/32 1952/1952/32 1949/1949/32
f 1937/1937/34 1948/1948/34 1940/1940/34
f 1937/1937/34 1945/1945/34 1948/1948/34
f 1953/1953/6 1958/1958/6 1954/1954/6
f 1953/1953/6 1957/1957/6 1958/1958/6
f 1962/1962/5 1965/1965/5 1961/1961/5
f 1962/1962/5 1966/1966/5 1965/1965/5
f 1957/1957/33 1966/1966/33 1958/1958/33
f 1957/1957/33 1965/1965/33 1966/1966/33
f 1954/1954/31 1961/1961/31 1953/1953/31
f 1954/1954/31 1962/1962/31 1961/1961/31
f 1954/1954/34 1959/1959/34 1955/1955/34
f 1954/1954/34 1958/1958/34 1959/1959/34
f 1963/1963/32 1966/1966/32 1962/1962/32
f 1963/1963/32 1967/1967/32 1966/1966/32
f 1958/1958/33 1967/1967/33 1959/1959/33
f 1958/1958/33 1966/1966/33 1967/1967/33
f 1955/1955/31 1962/1962/31 1954/1954/31
f 1955/1955/31 1963/1963/31 1962/1962/31
f 1955/1955/5 1960/1960/5 1956/1956/5
f 1955/1955/5 1959/1959/5 1960/1960/5
f 1964/1964/6 1967/1967/6 1963/1963/6
f 1964/1964/6 1968/1968/6 1967/1967/6
f 1959/1959/33 1968/1968/33 1960/1960/33
f 1959/1959/33 1967/1967/33 1968/1968/33
f 1956/1956/31 1963/1963/31 1955/1955/31
f 1956/1956/31 1964/1964/31 1963/1963/31
f 1956/1956/32 1957/1957/32 1953/1953/32
f 1956/1956/32 1960/1960/32 1957/1957/32
f 1961/1961/34 1968/1968/34 1964/1964/34
f 1961/1961/34 1965/1965/34 1968/1968/34
f 1960/1960/33 1965/1965/33 1957/1957/33
f 1960/1960/33 1968/1968/33 1965/1965/33
f 1953/1953/31 1964/1964/31 1956/1956/31
f 1953/1953/31 1961/1961/31 1964/1964/31
f 1969/1969/6 1974/1974/6 1970/1970/6
f 1969/1969/6 1973/1973/6 1974/1974/6
f 1978/1978/5 1981/1981/5 1977/1977/5
f 1978/1978/5 1982/1982/5 1981/1981/5
f 1973/1973/33 1982/1982/33 1974/1974/33
f 1973/1973/33 1981/1981/33 1982/1982/33
f 1970/1970/31 1977/1977/31 1969/1969/31
f 1970/1970/31 1978/1978/31 1977/1977/31
f 1970/1970/34 1975/1975/34 1971/1971/34
f 1970/1970/34 1974/1974/34 1975/1975/34
f 1979/1979/32 1982/1982/32 1978/1978/32
f 1979/1979/32 1983/1983/32 1982/1982/32
f 1974/1974/33 1983/1983/33 1975/1975/33
f 1974/1974/33 1982/1982/33 1983/1983/33
f 1971/1971/31 1978/1978/31 1970/1970/31
f 1971/1971/31 1979/1979/31 1978/1978/31
f 1971/1971/5 1976/1976/5 1972/1972/5
f 1971/1971/5 1975/1975/5 1976/1976/5
f 1980/1980/6 1983/1983/6 1979/1979/6
f 1980/1980/6 1984/1984/6 1983/1983/6
f 1975/1975/33 1984/1984/33 1976/1976/33
f 1975/1975/33 1983/1983/33 1984/1984/33
f 1972/1972/31 1979/1979/31 1971/1971/31
f 1972/1972/31 1980/1980/31 1979/1979/31
f 1972/1972/32 1973/1973/32 1969/1969/32
f 1972/1972/32 1976/1976/32 1973/1973/32
f 1977/1977/34 1984/1984/34 1980/1980/34
f 1977/1977/34 1981/1981/34 1984/1984/34
f 1976/1976/33 1981/1981/33 1973/1973/33
f 1976/1976/33 1984/1984/33 1981/1981/33
f 1969/1969/31 1980/1980/31 1972/1972/31
f 1969/1969/31 1977/1977/31 1980/1980/31
f 1985/1985/6 1990/1990/6 1986/1986/6
f 1985/1985/6 1989/1989/6 1990/1990/6
f 1994/1994/5 1997/1997/5 1993/1993/5
f 1994/1994/5 1998/1998/5 1997/1997/5
f 1989/1989/33 1998/1998/33 1990/1990/33
f 1989/1989/33 1997/1997/33 1998/1998/33
f 1986/1986/31 1993/1993/31 1985/1985/31
f 1986/1986/31 1994/1994/31 1993/1993/31
f 1986/1986/34 1991/1991/34 1987/1987/34
f 1986/1986/34 1990/1990/34 1991/1991/34
f 1995/1995/32 1998/1998/32 1994/1994/32
f 1995/1995/32 1999/1999/32 1998/1998/32
f 1990/1990/33 1999/1999/33 1991/1991/33
f 1990/1990/33 1998/1998/33 1999/1999/33
f 1987/1987/31 1994/1994/31 1986/1986/31
f 1987/1987/31 1995/1995/31 1994/1994/31
f 1987/1987/5 1992/1992/5 1988/1988/5
f 1987/1987/5 1991/1991/5 1992/1992/5
f 1996/1996/6 1999/1999/6 1995/1995/6
f 1996/1996/6 2000/2000/6 1999/1999/6
f 1991/1991/33 2000/2000/33 1992/1992/33
f 1991/1991/33 1999/1999/33 2000/2000/33
f 1988/1988/31 1995/1995/31 1987/1987/31
f 1988/1988/31 1996/1996/31 1995/1995/31
f 1988/1988/32 1989/1989/32 1985/1985/32
f 1988/1988/32 1992/1992/32 1989/1989/32
f 1993/1993/34 2000/2000/34 1996/1996/34
f 1993/1993/34 1997/1997/34 2000/2000/34
f 1992/1992/33 1997/1997/33 1989/1989/33
f 1992/1992/33 2000/2000/33 1997/1997/33
f 1985/1985/31 1996/1996/31 1988/1988/31
f 1985/1985/31 1993/1993/31 1996/1996/31
f 2001/2001/6 2006/2006/6 2002/2002/6
f 2001/2001/6 2005/2005/6 2006/2006/6
f 2010/2010/5 2013/2013/5 2009/2009/5
f 2010/2010/5 2014/2014/5 2013/2013/5
f 2005/2005/33 2014/2014/33 2006/2006/33
f 2005/2005/33 2013/2013/33 2014/2014/33
f 2002/2002/31 2009/2009/31 2001/2001/31
f 2002/2002/31 2010/2010/31 2009/2009/31
f 2002/2002/34 2007/2007/34 2003/2003/34
f 2002/2002/34 2006/2006/34 2007/2007/34
f 2011/2011/32 2014/2014/32 2010/2010/32
f 2011/2011/32 2015/2015/32 2014/2014/32
f 2006/2006/33 2015/2015/33 2007/2007/33
f 2006/2006/33 2014/2014/33 2015/2015/33
f 2003/2003/31 2010/2010/31 2002/2002/31
f 2003/2003/31 2011/2011/31 2010/2010/31
f 2003/2003/5 2008/2008/5 2004/2004/5
f 2003/2003/5 2007/2007/5 2008/2008/5
f 2012/2012/6 2015/2015/6 2011/2011/6
f 2012/2012/6 2016/2016/6 2015/2015/6
f 2007/2007/33 2016/2016/33 2008/2008/33
f 2007/2007/33 2015/2015/33 2016/2016/33
f 2004/2004/31 2011/2011/31 2003/2003/31
f 2004/2004/31 2012/2012/31 2011/2011/31
f 2004/2004/32 2005/2005/32 2001/2001/32
f 2004/2004/32 2008/2008/32 2005/2005/32
f 2009/2009/34 2016/2016/34 2012/2012/34
f 2009/2009/34 2013/2013/34 2016/2016/34
f 2008/2008/33 2013/2013/33 2005/2005/33
f 2008/2008/33 2016/2016/33 2013/2013/33
f 2001/2001/31 2012/2012/31 2004/2004/31
f 2001/2001/31 2009/2009/31 2012/2012/31
f 2017/2017/6 2022/2022/6 2018/2018/6
f 2017/2017/6 2021/2021/6 2022/2022/6
f 2026/2026/5 2029/2029/5 2025/2025/5
f 2026/2026/5 2030/2030/5 2029/2029/5
f 2021/2021/33 2030/2030/33 2022/2022/33
f 2021/2021/33 2029/2029/33 2030/2030/33
f 2018/2018/31 2025/2025/31 2017/2017/31
f 2018/2018/31 2026/2026/31 2025/2025/31
f 2018/2018/34 2023/2023/34 2019/2019/34
f 2018/2018/34 2022/2022/34 2023/2023/34
f 2027/2027/32 2030/2030/32 2026/2026/32
f 2027/2027/32 2031/2031/32 2030/2030/32
f 2022/2022/33 2031/2031/33 2023/2023/33
f 2022/2022/33 2030/2030/33 2031/2031/33
f 2019/2019/31 2026/2026/31 2018/2018/31
f 2019/2019/31 2027/2027/31 2026/2026/31
f 2019/2019/5 2024/2024/5 2020/2020/5
f 2019/2019/5 2023/2023/5 2024/2024/5
f 2028/2028/6 2031/2031/6 2027/2027/6
f 2028/2028/6 2032/2032/6 2031/2031/6
f 2023/2023/33 2032/2032/33 2024/2024/33
f 2023/2023/33 2031/2031/33 2032/2032/33
f 2020/2020/31 2027/2027/31 2019/2019/31
f 2020/2020/31 2028/2028/31 2027/2027/31
f 2020/2020/32 2021/2021/32 2017/2017/32
f 2020/2020/32 2024/2024/32 2021/2021/32
f 2025/2025/34 2032/2032/34 2028/2028/34
f 2025/2025/34 2029/2029/34 2032/2032/34
f 2024/2024/33 2029/2029/33 2021/2021/33
f 2024/2024/33 2032/2032/33 2029/2029/33
f 2017/2017/31 2028/2028/31 2020/2020/31
f 2017/2017/31 2025/2025/31 2028/2028/31
f 2033/2033/6 2038/2038/6 2034/2034/6
f 2033/2033/6 2037/2037/6 2038/2038/6
f 2042/2042/5 2045/2045/5 2041/2041/5
f 2042/2042/5 2046/2046/5 2045/2045/5
f 2037/2037/33 2046/2046/33 2038/2038/33
f 2037/2037/33 2045/2045/33 2046/2046/33
f 2034/2034/31 2041/2041/31 2033/2033/31
f 2034/2034/31 2042/2042/31 2041/2041/31
f 2034/2034/34 2039/2039/34 2035/2035/34
f 2034/2034/34 2038/2038/34 2039/2039/34
f 2043/2043/32 2046/2046/32 2042/2042/32
f 2043/2043/32 2047/2047/32 2046/2046/32
f 2038/2038/33 2047/2047/33 2039/2039/33
f 2038/2038/33 2046/2046/33 2047/2047/33
f 2035/2035/31 2042/2042/31 2034/2034/31
f 2035/2035/31 2043/2043/31 2042/2042/31
f 2035/2035/5 2040/2040/5 2036/2036/5
f 2035/2035/5 2039/2039/5 2040/2040/5
f 2044/2044/6 2047/2047/6 2043/2043/6
f 2044/2044/6 2048/2048/6 2047/2047/6
f 2039/2039/33 2048/2048/33 2040/2040/33
f 2039/2039/33 2047/2047/33 2048/2048/33
f 2036/2036/31 2043/2043/31 2035/2035/31
f 2036/2036/31 2044/2044/31 2043/2043/31
f 2036/2036/32 2037/2037/32 2033/2033/32
f 2036/2036/32 2040/2040/32 2037/2037/32
f 2041/2041/34 2048/2048/34 2044/2044/34
f 2041/2041/34 2045/2045/34 2048/2048/34
f 2040/2040/33 2045/2045/33 2037/2037/33
f 2040/2040/33 2048/2048/33 2045/2045/33
f 2033/2033/31 2044/2044/31 2036/2036/31
f 2033/2033/31 2041/2041/31 2044/2044/31
f 2049/2049/6 2054/2054/6 2050/2050/6
f 2049/2049/6 2053/2053/6 2054/2054/6
f 2058/2058/5 2061/2061/5 2057/2057/5
f 2058/2058/5 2062/2062/5 2061/2061/5
f 2053/2053/34 2062/2062/34 2054/2054/34
f 2053/2053/34 2061/2061/34 2062/2062/34
f 2050/2050/32 2057/2057/32 2049/2049/32
f 2050/2050/32 2058/2058/32 2057/2057/32
f 2050/2050/31 2055/2055/31 2051/2051/31
f 2050/2050/31 2054/2054/31 2055/2055/31
f 2059/2059/33 2062/2062/33 2058/2058/33
f 2059/2059/33 2063/2063/33 2062/2062/33
f 2054/2054/34 2063/2063/34 2055/2055/34
f 2054/2054/34 2062/2062/34 2063/2063/34
f 2051/2051/32 2058/2058/32 2050/2050/32
f 2051/2051/32 2059/2059/32 2058/2058/32
f 2051/2051/5 2056/2056/5 2052/2052/5
f 2051/2051/5 2055/2055/5 2056/2056/5
f 2060/2060/6 2063/2063/6 2059/2059/6
f 2060/2060/6 2064/2064/6 2063/2063/6
f 2055/2055/34 2064/2064/34 2056/2056/34
f 2055/2055/34 2063/2063/34 2064/2064/34
f 2052/2052/32 2059/2059/32 2051/2051/32
f 2052/2052/32 2060/2060/32 2059/2059/32
f 2052/2052/33 2053/2053/33 2049/2049/33
f 2052/2052/33 2056/2056/33 2053/2053/33
f 2057/2057/31 2064/2064/31 2060/2060/31
f 2057/2057/31 2061/2061/31 2064/2064/31
f 2056/2056/34 2061/2061/34 2053/2053/34
f 2056/2056/34 2064/2064/34 2061/2061/34
f 2049/2049/32 2060/2060/32 2052/2052/32
f 2049/2049/32 2057/2057/32 2060/2060/32
f 2065/2065/6 2070/2070/6 2066/2066/6
f 2065/2065/6 2069/2069/6 2070/2070/6
f 2074/2074/5 2077/2077/5 2073/2073/5
f 2074/2074/5 2078/2078/5 2077/2077/5
f 2069/2069/34 2078/2078/34 2070/2070/34
f 2069/2069/34 2077/2077/34 2078/2078/34
f 2066/2066/32 2073/2073/32 2065/2065/32
f 2066/2066/32 2074/2074/32 2073/2073/32
f 2066/2066/31 2071/2071/31 2067/2067/31
f 2066/2066/31 2070/2070/31 2071/2071/31
f 2075/2075/33 2078/2078/33 2074/2074/33
f 2075/2075/33 2079/2079/33 2078/2078/33
f 2070/2070/34 2079/2079/34 2071/2071/34
f 2070/2070/34 2078/2078/34 2079/2079/34
f 2067/2067/32 2074/2074/32 2066/2066/32
f 2067/2067/32 2075/2075/32 2074/2074/32
f 2067/2067/5 2072/2072/5 2068/2068/5
f 2067/2067/5 2071/2071/5 2072/2072/5
f 2076/2076/6 2079/2079/6 2075/2075/6
f 2076/2076/6 2080/2080/6 2079/2079/6
f 2071/2071/34 2080/2080/34 2072/2072/34
f 2071/2071/34 2079/2079/34 2080/2080/34
f 2068/2068/32 2075/2075/32 2067/2067/32
f 2068/2068/32 2076/2076/32 2075/2075/32
f 2068/2068/33 2069/2069/33 2065/2065/33
f 2068/2068/33 2072/2072/33 2069/2069/33
f 2073/2073/31 2080/2080/31 2076/2076/31
f 2073/2073/31 2077/2077/31 2080/2080/31
f 2072/2072/34 2077/2077/34 2069/2069/34
f 2072/2072/34 2080/2080/34 2077/2077/34
f 2065/2065/32 2076/2076/32 2068/2068/32
f 2065/2065/32 2073/2073/32 2076/2076/32
f 2081/2081/6 2086/2086/6 2082/2082/6
f 2081/2081/6 2085/2085/6 2086/2086/6
f 2090/2090/5 2093/2093/5 2089/2089/5
f 2090/2090/5 2094/2094/5 2093/2093/5
f 2085/2085/34 2094/2094/34 2086/2086/34
f 2085/2085/34 2093/2093/34 2094/2094/34
f 2082/2082/32 2089/2089/32 2081/2081/32
f 2082/2082/32 2090/2090/32 2089/2089/32
f 2082/2082/31 2087/2087/31 2083/2083/31
f 2082/2082/31 2086/2086/31 2087/2087/31
f 2091/2091/33 2094/2094/33 2090/2090/33
f 2091/2091/33 2095/2095/33 2094/2094/33
f 2086/2086/34 2095/2095/34 2087/2087/34
f 2086/2086/34 2094/2094/34 2095/2095/34
f 2083/2083/32 2090/2090/32 2082/2082/32
f 2083/2083/32 2091/2091/32 2090/2090/32
f 2083/2083/5 2088/2088/5 2084/2084/5
f 2083/2083/5 2087/2087/5 2088/2088/5
f 2092/2092/6 2095/2095/6 2091/2091/6
f 2092/2092/6 2096/2096/6 2095/2095/6
f 2087/2087/34 2096/2096/34 2088/2088/34
f 2087/2087/34 2095/2095/34 2096/2096/34
f 2084/2084/32 2091/2091/32 2083/2083/32
f 2084/2084/32 2092/2092/32 2091/2091/32
f 2084/2084/33 2085/2085/33 2081/2081/33
f 2084/2084/33 2088/2088/33 2085/2085/33
f 2089/2089/31 2096/2096/31 2092/2092/31
f 2089/2089/31 2093/2093/31 2096/2096/31
f 2088/2088/34 2093/2093/34 2085/2085/34
f 2088/2088/34 2096/2096/34 2093/2093/34
f 2081/2081/32 2092/2092/32 2084/2084/32
f 2081/2081/32 2089/2089/32 2092/2092/32
f 2097/2097/6 2102/2102/6 2098/2098/6
f 2097/2097/6 2101/2101/6 2102/2102/6
f 2106/2106/5 2109/2109/5 2105/2105/5
f 2106/2106/5 2110/2110/5 2109/2109/5
f 2101/2101/34 2110/2110/34 2102/2102/34
f 2101/2101/34 2109/2109/34 2110/2110/34
f 2098/2098/32 2105/2105/32 2097/2097/32
f 2098/2098/32 2106/2106/32 2105/2105/32
f 2098/2098/31 2103/2103/31 2099/2099/31
f 2098/2098/31 2102/2102/31 2103/2103/31
f 2107/2107/33 2110/2110/33 2106/2106/33
f 2107/2107/33 2111/2111/33 2110/2110/33
f 2102/2102/34 2111/2111/34 2103/2103/34
f 2102/2102/34 2110/2110/34 2111/2111/34
f 2099/2099/32 2106/2106/32 2098/2098/32
f 2099/2099/32 2107/2107/32 2106/2106/32
f 2099/2099/5 2104/2104/5 2100/2100/5
f 2099/2099/5 2103/2103/5 2104/2104/5
f 2108/2108/6 2111/2111/6 2107/2107/6
f 2108/2108/6 2112/2112/6 2111/2111/6
f 2103/2103/34 2112/2112/34 2104/2104/34
f 2103/2103/34 2111/2111/34 2112/2112/34
f 2100/2100/32 2107/2107/32 2099/2099/32
f 2100/2100/32 2108/2108/32 2107/2107/32
f 2100/2100/33 2101/2101/33 2097/2097/33
f 2100/2100/33 2104/2104/33 2101/2101/33
f 2105/2105/31 2112/2112/31 2108/2108/31
f 2105/2105/31 2109/2109/31 2112/2112/31
f 2104/2104/34 2109/2109/34 2101/2101/34
f 2104/2104/34 2112/2112/34 2109/2109/34
f 2097/2097/32 2108/2108/32 2100/2100/32
f 2097/2097/32 2105/2105/32 2108/2108/32
f 2113/2113/31 2118/2118/31 2114/2114/31
f 2113/2113/31 2117/2117/31 2118/2118/31
f 2122/2122/33 2125/2125/33 2121/2121/33
f 2122/2122/33 2126/2126/33 2125/2125/33
f 2117/2117/5 2126/2126/5 2118/2118/5
f 2117/2117/5 2125/2125/5 2126/2126/5
f 2114/2114/6 2121/2121/6 2113/2113/6
f 2114/2114/6 2122/2122/6 2121/2121/6
f 2114/2114/32 2119/2119/32 2115/2115/32
f 2114/2114/32 2118/2118/32 2119/2119/32
f 2123/2123/34 2126/2126/34 2122/2122/34
f 2123/2123/34 2127/2127/34 2126/2126/34
f 2118/2118/5 2127/2127/5 2119/2119/5
f 2118/2118/5 2126/2126/5 2127/2127/5
f 2115/2115/6 2122/2122/6 2114/2114/6
f 2115/2115/6 2123/2123/6 2122/2122/6
f 2115/2115/33 2120/2120/33 2116/2116/33
f 2115/2115/33 2119/2119/33 2120/2120/33
f 2124/2124/31 2127/2127/31 2123/2123/31
f 2124/2124/31 2128/2128/31 2127/2127/31
f 2119/2119/5 2128/2128/5 2120/2120/5
f 2119/2119/5 2127/2127/5 2128/2128/5
f 2116/2116/6 2123/2123/6 2115/2115/6
f 2116/2116/6 2124/2124/6 2123/2123/6
f 2116/2116/34 2117/2117/34 2113/2113/34
f 2116/2116/34 2120/2120/34 2117/2117/34
f 2121/2121/32 2128/2128/32 2124/2124/32
f 2121/2121/32 2125/2125/32 2128/2128/32
f 2120/2120/5 2125/2125/5 2117/2117/5
f 2120/2120/5 2128/2128/5 2125/2125/5
f 2113/2113/6 2124/2124/6 2116/2116/6
f 2113/2113/6 2121/2121/6 2124/2124/6
f 2129/2129/31 2134/2134/31 2130/2130/31
f 2129/2129/31 2133/2133/31 2134/2134/31
f 2138/2138/33 2141/2141/33 2137/2137/33
f 2138/2138/33 2142/2142/33 2141/2141/33
f 2133/2133/5 2142/2142/5 2134/2134/5
f 2133/2133/5 2141/2141/5 2142/2142/5
f 2130/2130/6 2137/2137/6 2129/2129/6
f 2130/2130/6 2138/2138/6 2137/2137/6
f 2130/2130/32 2135/2135/32 2131/2131/32
f 2130/2130/32 2134/2134/32 2135/2135/32
f 2139/2139/34 2142/2142/34 2138/2138/34
f 2139/2139/34 2143/2143/34 2142/2142/34
f 2134/2134/5 2143/2143/5 2135/2135/5
f 2134/2134/5 2142/2142/5 2143/2143/5
f 2131/2131/6 2138/2138/6 2130/2130/6
f 2131/2131/6 2139/2139/6 2138/2138/6
f 2131/2131/33 2136/2136/33 2132/2132/33
f 2131/2131/33 2135/2135/33 2136/2136/33
f 2140/2140/31 2143/2143/31 2139/2139/31
f 2140/2140/31 2144/2144/31 2143/2143/31
f 2135/2135/5 2144/2144/5 2136/2136/5
f 2135/2135/5 2143/2143/5 2144/2144/5
f 2132/2132/6 2139/2139/6 2131/2131/6
f 2132/2132/6 2140/2140/6 2139/2139/6
f 2132/2132/34 2133/2133/34 2129/2129/34
f 2132/2132/34 2136/2136/34 2133/2133/34
f 2137/2137/32 2144/2144/32 2140/2140/32
f 2137/2137/32 2141/2141/32 2144/2144/32
f 2136/2136/5 2141/2141/5 2133/2133/5
f 2136/2136/5 2144/2144/5 2141/2141/5
f 2129/2129/6 2140/2140/6 2132/2132/6
f 2129/2129/6 2137/2137/6 2140/2140/6
f 2145/2145/31 2150/2150/31 2146/2146/31
f 2145/2145/31 2149/2149/31 2150/2150/31
f 2154/2154/33 2157/2157/33 2153/2153/33
f 2154/2154/33 2158/2158/33 2157/2157/33
f 2149/2149/5 2158/2158/5 2150/2150/5
f 2149/2149/5 2157/2157/5 2158/2158/5
f 2146/2146/6 2153/2153/6 2145/2145/6
f 2146/2146/6 2154/2154/6 2153/2153/6
f 2146/2146/32 2151/2151/32 2147/2147/32
f 2146/2146/32 2150/2150/32 2151/2151/32
f 2155/2155/34 2158/2158/34 2154/2154/34
f 2155/2155/34 2159/2159/34 2158/2158/34
f 2150/2150/5 2159/2159/5 2151/2151/5
f 2150/2150/5 2158/2158/5 2159/2159/5
f 2147/2147/6 2154/2154/6 2146/2146/6
f 2147/2147/6 2155/2155/6 2154/2154/6
f 2147/2147/33 2152/2152/33 2148/2148/33
f 2147/2147/33 2151/2151/33 2152/2152/33
f 2156/2156/31 2159/2159/31 2155/2155/31
f 2156/2156/31 2160/2160/31 2159/2159/31
f 2151/2151/5 2160/2160/5 2152/2152/5
f 2151/2151/5 2159/2159/5 2160/2160/5
f 2148/2148/6 2155/2155/6 2147/2147/6
f 2148/2148/6 2156/2156/6 2155/2155/6
f 2148/2148/34 2149/2149/34 2145/2145/34
f 2148/2148/34 2152/2152/34 2149/2149/34
f 2153/2153/32 2160/2160/32 2156/2156/32
f 2153/2153/32 2157/2157/32 2160/2160/32
f 2152/2152/5 2157/2157/5 2149/2149/5
f 2152/2152/5 2160/2160/5 2157/2157/5
f 2145/2145/6 2156/2156/6 2148/2148/6
f 2145/2145/6 2153/2153/6 2156/2156/6
f 2161/2161/32 2162/2162/32 2166/2166/32
f 2161/2161/32 2166/2166/32 2165/2165/32
f 2162/2162/31 2163/2163/31 2167/2167/31
f 2162/2162/31 2167/2167/31 2166/2166/31
f 2163/2163/34 2164/2164/34 2168/2168/34
f 2163/2163/34 2168/2168/34 2167/2167/34
f 2164/2164/33 2161/2161/33 2165/2165/33
f 2164/2164/33 2165/2165/33 2168/2168/33
f 2165/2165/5 2166/2166/5 2167/2167/5
f 2165/2165/5 2167/2167/5 2168/2168/5
f 2164/2164/6 2163/2163/6 2162/2162/6
f 2164/2164/6 2162/2162/6 2161/2161/6
f 2169/2169/33 2170/2170/33 2174/2174/33
f 2169/2169/33 2174/2174/33 2173/2173/33
f 2170/2170/32 2171/2171/32 2175/2175/32
f 2170/2170/32 2175/2175/32 2174/2174/32
f 2171/2171/31 2172/2172/31 2176/2176/31
f 2171/2171/31 2176/2176/31 2175/2175/31
f 2172/2172/34 2169/2169/34 2173/2173/34
f 2172/2172/34 2173/2173/34 2176/2176/34
f 2173/2173/5 2174/2174/5 2175/2175/5
f 2173/2173/5 2175/2175/5 2176/2176/5
f 2172/2172/6 2171/2171/6 2170/2170/6
f 2172/2172/6 2170/2170/6 2169/2169/6
f 2177/2177/32 2178/2178/32 2182/2182/32
f 2177/2177/32 2182/2182/32 2181/2181/32
f 2178/2178/31 2179/2179/31 2183/2183/31
f 2178/2178/31 2183/2183/31 2182/2182/31
f 2179/2179/34 2180/2180/34 2184/2184/34
f 2179/2179/34 2184/2184/34 2183/2183/34
f 2180/2180/33 2177/2177/33 2181/2181/33
f 2180/2180/33 2181/2181/33 2184/2184/33
f 2181/2181/5 2182/2182/5 2183/2183/5
f 2181/2181/5 2183/2183/5 2184/2184/5
f 2180/2180/6 2179/2179/6 2178/2178/6
f 2180/2180/6 2178/2178/6 2177/2177/6
f 2185/2185/33 2186/2186/33 2190/2190/33
f 2185/2185/33 2190/2190/33 2189/2189/33
f 2186/2186/32 2187/2187/32 2191/2191/32
f 2186/2186/32 2191/2191/32 2190/2190/32
f 2187/2187/31 2188/2188/31 2192/2192/31
f 2187/2187/31 2192/2192/31 2191/2191/31
f 2188/2188/34 2185/2185/34 2189/2189/34
f 2188/2188/34 2189/2189/34 2192/2192/34
f 2189/2189/5 2190/2190/5 2191/2191/5
f 2189/2189/5 2191/2191/5 2192/2192/5
f 2188/2188/6 2187/2187/6 2186/2186/6
f 2188/2188/6 2186/2186/6 2185/2185/6
f 2193/2193/34 2194/2194/34 2198/2198/34
f 2193/2193/34 2198/2198/34 2197/2197/34
f 2194/2194/33 2195/2195/33 2199/2199/33
f 2194/2194/33 2199/2199/33 2198/2198/33
f 2195/2195/32 2196/2196/32 2200/2200/32
f 2195/2195/32 2200/2200/32 2199/2199/32
f 2196/2196/31 2193/2193/31 2197/2197/31
f 2196/2196/31 2197/2197/31 2200/2200/31
f 2197/2197/5 2198/2198/5 2199/2199/5
f 2197/2197/5 2199/2199/5 2200/2200/5
f 2196/2196/6 2195/2195/6 2194/2194/6
f 2196/2196/6 2194/2194/6 2193/2193/6
f 2201/2201/31 2202/2202/31 2206/2206/31
f 2201/2201/31 2206/2206/31 2205/2205/31
f 2202/2202/34 2203/2203/34 2207/2207/34
f 2202/2202/34 2207/2207/34 2206/2206/34
f 2203/2203/33 2204/2204/33 2208/2208/33
f 2203/2203/33 2208/2208/33 2207/2207/33
f 2204/2204/32 2201/2201/32 2205/2205/32
f 2204/2204/32 2205/2205/32 2208/2208/32
f 2205/2205/5 2206/2206/5 2207/2207/5
f 2205/2205/5 2207/2207/5 2208/2208/5
f 2204/2204/6 2203/2203/6 2202/2202/6
f 2204/2204/6 2202/2202/6 2201/2201/6
f 2209/2209/34 2210/2210/34 2214/2214/34
f 2209/2209/34 2214/2214/34 2213/2213/34
f 2210/2210/33 2211/2211/33 2215/2215/33
f 2210/2210/33 2215/2215/33 2214/2214/33
f 2211/2211/32 2212/2212/32 2216/2216/32
f 2211/2211/32 2216/2216/32 2215/2215/32
f 2212/2212/31 2209/2209/31 2213/2213/31
f 2212/2212/31 2213/2213/31 2216/2216/31
f 2213/2213/5 2214/2214/5 2215/2215/5
f 2213/2213/5 2215/2215/5 2216/2216/5
f 2212/2212/6 2211/2211/6 2210/2210/6
f 2212/2212/6 2210/2210/6 2209/2209/6
f 2217/2217/31 2218/2218/31 2222/2222/31
f 2217/2217/31 2222/2222/31 2221/2221/31
f 2218/2218/34 2219/2219/34 2223/2223/34
f 2218/2218/34 2223/2223/34 2222/2222/34
f 2219/2219/33 2220/2220/33 2224/2224/33
f 2219/2219/33 2224/2224/33 2223/2223/33
f 2220/2220/32 2217/2217/32 2221/2221/32
f 2220/2220/32 2221/2221/32 2224/2224/32
f 2221/2221/5 2222/2222/5 2223/2223/5
f 2221/2221/5 2223/2223/5 2224/2224/5
f 2220/2220/6 2219/2219/6 2218/2218/6
f 2220/2220/6 2218/2218/6 2217/2217/6
f 2225/2225/33 2226/2226/33 2230/2230/33
f 2225/2225/33 2230/2230/33 2229/2229/33
f 2226/2226/32 2227/2227/32 2231/2231/32
f 2226/2226/32 2231/2231/32 2230/2230/32
f 2227/2227/31 2228/2228/31 2232/2232/31
f 2227/2227/31 2232/2232/31 2231/2231/31
f 2228/2228/34 2225/2225/34 2229/2229/34
f 2228/2228/34 2229/2229/34 2232/2232/34
f 2229/2229/5 2230/2230/5 2231/2231/5
f 2229/2229/5 2231/2231/5 2232/2232/5
f 2228/2228/6 2227/2227/6 2226/2226/6
f 2228/2228/6 2226/2226/6 2225/2225/6
f 2233/2233/34 2234/2234/34 2238/2238/34
f 2233/2233/34 2238/2238/34 2237/2237/34
f 2234/2234/33 2235/2235/33 2239/2239/33
f 2234/2234/33 2239/2239/33 2238/2238/33
f 2235/2235/32 2236/2236/32 2240/2240/32
f 2235/2235/32 2240/2240/32 2239/2239/32
f 2236/2236/31 2233/2233/31 2237/2237/31
f 2236/2236/31 2237/2237/31 2240/2240/31
f 2237/2237/5 2238/2238/5 2239/2239/5
f 2237/2237/5 2239/2239/5 2240/2240/5
f 2236/2236/6 2235/2235/6 2234/2234/6
f 2236/2236/6 2234/2234/6 2233/2233/6
f 2241/2241/33 2242/2242/33 2246/2246/33
f 2241/2241/33 2246/2246/33 2245/2245/33
f 2242/2242/32 2243/2243/32 2247/2247/32
f 2242/2242/32 2247/2247/32 2246/2246/32
f 2243/2243/31 2244/2244/31 2248/2248/31
f 2243/2243/31 2248/2248/31 2247/2247/31
f 2244/2244/34 2241/2241/34 2245/2245/34
f 2244/2244/34 2245/2245/34 2248/2248/34
f 2245/2245/5 2246/2246/5 2247/2247/5
f 2245/2245/5 2247/2247/5 2248/2248/5
f 2244/2244/6 2243/2243/6 2242/2242/6
f 2244/2244/6 2242/2242/6 2241/2241/6
f 2249/2249/34 2250/2250/34 2254/2254/34
f 2249/2249/34 2254/2254/34 2253/2253/34
f 2250/2250/33 2251/2251/33 2255/2255/33
f 2250/2250/33 2255/2255/33 2254/2254/33
f 2251/2251/32 2252/2252/32 2256/2256/32
f 2251/2251/32 2256/2256/32 2255/2255/32
f 2252/2252/31 2249/2249/31 2253/2253/31
f 2252/2252/31 2253/2253/31 2256/2256/31
f 2253/2253/5 2254/2254/5 2255/2255/5
f 2253/2253/5 2255/2255/5 2256/2256/5
f 2252/2252/6 2251/2251/6 2250/2250/6
f 2252/2252/6 2250/2250/6 2249/2249/6
f 2257/2257/31 2258/2258/31 2262/2262/31
f 2257/2257/31 2262/2262/31 2261/2261/31
f 2258/2258/34 2259/2259/34 2263/2263/34
f 2258/2258/34 2263/2263/34 2262/2262/34
f 2259/2259/33 2260/2260/33 2264/2264/33
f 2259/2259/33 2264/2264/33 2263/2263/33
f 2260/2260/32 2257/2257/32 2261/2261/32
f 2260/2260/32 2261/2261/32 2264/2264/32
f 2261/2261/5 2262/2262/5 2263/2263/5
f 2261/2261/5 2263/2263/5 2264/2264/5
f 2260/2260/6 2259/2259/6 2258/2258/6
f 2260/2260/6 2258/2258/6 2257/2257/6
f 2265/2265/32 2266/2266/32 2270/2270/32
f 2265/2265/32 2270/2270/32 2269/2269/32
f 2266/2266/31 2267/2267/31 2271/2271/31
f 2266/2266/31 2271/2271/31 2270/2270/31
f 2267/2267/34 2268/2268/34 2272/2272/34
f 2267/2267/34 2272/2272/34 2271/2271/34
f 2268/2268/33 2265/2265/33 2269/2269/33
f 2268/2268/33 2269/2269/33 2272/2272/33
f 2269/2269/5 2270/2270/5 2271/2271/5
f 2269/2269/5 2271/2271/5 2272/2272/5
f 2268/2268/6 2267/2267/6 2266/2266/6
f 2268/2268/6 2266/2266/6 2265/2265/6
f 2273/2273/31 2274/2274/31 2278/2278/31
f 2273/2273/31 2278/2278/31 2277/2277/31
f 2274/2274/34 2275/2275/34 2279/2279/34
f 2274/2274/34 2279/2279/34 2278/2278/34
f 2275/2275/33 2276/2276/33 2280/2280/33
f 2275/2275/33 2280/2280/33 2279/2279/33
f 2276/2276/32 2273/2273/32 2277/2277/32
f 2276/2276/32 2277/2277/32 2280/2280/32
f 2277/2277/5 2278/2278/5 2279/2279/5
f 2277/2277/5 2279/2279/5 2280/2280/5
f 2276/2276/6 2275/2275/6 2274/2274/6
f 2276/2276/6 2274/2274/6 2273/2273/6
f 2281/2281/32 2282/2282/32 2286/2286/32
f 2281/2281/32 2286/2286/32 2285/2285/32
f 2282/2282/31 2283/2283/31 2287/2287/31
f 2282/2282/31 2287/2287/31 2286/2286/31
f 2283/2283/34 2284/2284/34 2288/2288/34
f 2283/2283/34 2288/2288/34 2287/2287/34
f 2284/2284/33 2281/2281/33 2285/2285/33
f 2284/2284/33 2285/2285/33 2288/2288/33
f 2285/2285/5 2286/2286/5 2287/2287/5
f 2285/2285/5 2287/2287/5 2288/2288/5
f 2284/2284/6 2283/2283/6 2282/2282/6
f 2284/2284/6 2282/2282/6 2281/2281/6
f 2289/2289/35 2294/2294/35 2290/2290/35
f 2289/2289/35 2293/2293/35 2294/2294/35
f 2290/2290/36 2295/2295/36 2291/2291/36
f 2290/2290/36 2294/2294/36 2295/2295/36
f 2291/2291/37 2296/2296/37 2292/2292/37
f 2291/2291/37 2295/2295/37 2296/2296/37
f 2292/2292/38 2293/2293/38 2289/2289/38
f 2292/2292/38 2296/2296/38 2293/2293/38
f 2293/2293/5 2295/2295/5 2294/2294/5
f 2293/2293/5 2296/2296/5 2295/2295/5
f 2292/2292/6 2290/2290/6 2291/2291/6
f 2292/2292/6 2289/2289/6 2290/2290/6
f 2297/2297/39 2302/2302/39 2298/2298/39
f 2297/2297/39 2301/2301/39 2302/2302/39
f 2298/2298/40 2303/2303/40 2299/2299/40
f 2298/2298/40 2302/2302/40 2303/2303/40
f 2299/2299/41 2304/2304/41 2300/2300/41
f 2299/2299/41 2303/2303/41 2304/2304/41
f 2300/2300/42 2301/2301/42 2297/2297/42
f 2300/2300/42 2304/2304/42 2301/2301/42
f 2301/2301/5 2303/2303/5 2302/2302/5
f 2301/2301/5 2304/2304/5 2303/2303/5
f 2300/2300/6 2298/2298/6 2299/2299/6
f 2300/2300/6 2297/2297/6 2298/2298/6
f 2305/2305/6 2310/2310/6 2306/2306/6
f 2305/2305/6 2309/2309/6 2310/2310/6
f 2314/2314/5 2317/2317/5 2313/2313/5
f 2314/2314/5 2318/2318/5 2317/2317/5
f 2309/2309/39 2318/2318/39 2310/2310/39
f 2309/2309/39 2317/2317/39 2318/2318/39
f 2306/2306/41 2313/2313/41 2305/2305/41
f 2306/2306/41 2314/2314/41 2313/2313/41
f 2306/2306/40 2311/2311/40 2307/2307/40
f 2306/2306/40 2310/2310/40 2311/2311/40
f 2315/2315/42 2318/2318/42 2314/2314/42
f 2315/2315/42 2319/2319/42 2318/2318/42
f 2310/2310/39 2319/2319/39 2311/2311/39
f 2310/2310/39 2318/2318/39 2319/2319/39
f 2307/2307/41 2314/2314/41 2306/2306/41
f 2307/2307/41 2315/2315/41 2314/2314/41
f 2307/2307/5 2312/2312/5 2308/2308/5
f 2307/2307/5 2311/2311/5 2312/2312/5
f 2316/2316/6 2319/2319/6 2315/2315/6
f 2316/2316/6 2320/2320/6 2319/2319/6
f 2311/2311/39 2320/2320/39 2312/2312/39
f 2311/2311/39 2319/2319/39 2320/2320/39
f 2308/2308/41 2315/2315/41 2307/2307/41
f 2308/2308/41 2316/2316/41 2315/2315/41
f 2308/2308/42 2309/2309/42 2305/2305/42
f 2308/2308/42 2312/2312/42 2309/2309/42
f 2313/2313/40 2320/2320/40 2316/2316/40
f 2313/2313/40 2317/2317/40 2320/2320/40
f 2312/2312/39 2317/2317/39 2309/2309/39
f 2312/2312/39 2320/2320/39 2317/2317/39
f 2305/2305/41 2316/2316/41 2308/2308/41
f 2305/2305/41 2313/2313/41 2316/2316/41
f 2321/2321/6 2326/2326/6 2322/2322/6
f 2321/2321/6 2325/2325/6 2326/2326/6
f 2330/2330/5 2333/2333/5 2329/2329/5
f 2330/2330/5 2334/2334/5 2333/2333/5
f 2325/2325/39 2334/2334/39 2326/2326/39
f 2325/2325/39 2333/2333/39 2334/2334/39
f 2322/2322/41 2329/2329/41 2321/2321/41
f 2322/2322/41 2330/2330/41 2329/2329/41
f 2322/2322/40 2327/2327/40 2323/2323/40
f 2322/2322/40 2326/2326/40 2327/2327/40
f 2331/2331/42 2334/2334/42 2330/2330/42
f 2331/2331/42 2335/2335/42 2334/2334/42
f 2326/2326/39 2335/2335/39 2327/2327/39
f 2326/2326/39 2334/2334/39 2335/2335/39
f 2323/2323/41 2330/2330/41 2322/2322/41
f 2323/2323/41 2331/2331/41 2330/2330/41
f 2323/2323/5 2328/2328/5 2324/2324/5
f 2323/2323/5 2327/2327/5 2328/2328/5
f 2332/2332/6 2335/2335/6 2331/2331/6
f 2332/2332/6 2336/2336/6 2335/2335/6
f 2327/2327/39 2336/2336/39 2328/2328/39
f 2327/2327/39 2335/2335/39 2336/2336/39
f 2324/2324/41 2331/2331/41 2323/2323/41
f 2324/2324/41 2332/2332/41 2331/2331/41
f 2324/2324/42 2325/2325/42 2321/2321/42
f 2324/2324/42 2328/2328/42 2325/2325/42
f 2329/2329/40 2336/2336/40 2332/2332/40
f 2329/2329/40 2333/2333/40 2336/2336/40
f 2328/2328/39 2333/2333/39 2325/2325/39
f 2328/2328/39 2336/2336/39 2333/2333/39
f 2321/2321/41 2332/2332/41 2324/2324/41
f 2321/2321/41 2329/2329/41 2332/2332/41
f 2337/2337/6 2342/2342/6 2338/2338/6
f 2337/2337/6 2341/2341/6 2342/2342/6
f 2346/2346/5 2349/2349/5 2345/2345/5
f 2346/2346/5 2350/2350/5 2349/2349/5
f 2341/2341/39 2350/2350/39 2342/2342/39
f 2341/2341/39 2349/2349/39 2350/2350/39
f 2338/2338/41 2345/2345/41 2337/2337/41
f 2338/2338/41 2346/2346/41 2345/2345/41
f 2338/2338/40 2343/2343/40 2339/2339/40
f 2338/2338/40 2342/2342/40 2343/2343/40
f 2347/2347/42 2350/2350/42 2346/2346/42
f 2347/2347/42 2351/2351/42 2350/2350/42
f 2342/2342/39 2351/2351/39 2343/2343/39
f 2342/2342/39 2350/2350/39 2351/2351/39
f 2339/2339/41 2346/2346/41 2338/2338/41
f 2339/2339/41 2347/2347/41 2346/2346/41
f 2339/2339/5 2344/2344/5 2340/2340/5
f 2339/2339/5 2343/2343/5 2344/2344/5
f 2348/2348/6 2351/2351/6 2347/2347/6
f 2348/2348/6 2352/2352/6 2351/2351/6
f 2343/2343/39 2352/2352/39 2344/2344/39
f 2343/2343/39 2351/2351/39 2352/2352/39
f 2340/2340/41 2347/2347/41 2339/2339/41
f 2340/2340/41 2348/2348/41 2347/2347/41
f 2340/2340/42 2341/2341/42 2337/2337/42
f 2340/2340/42 2344/2344/42 2341/2341/42
f 2345/2345/40 2352/2352/40 2348/2348/40
f 2345/2345/40 2349/2349/40 2352/2352/40
f 2344/2344/39 2349/2349/39 2341/2341/39
f 2344/2344/39 2352/2352/39 2349/2349/39
f 2337/2337/41 2348/2348/41 2340/2340/41
f 2337/2337/41 2345/2345/41 2348/2348/41
f 2353/2353/6 2358/2358/6 2354/2354/6
f 2353/2353/6 2357/2357/6 2358/2358/6
f 2362/2362/5 2365/2365/5 2361/2361/5
f 2362/2362/5 2366/2366/5 2365/2365/5
f 2357/2357/39 2366/2366/39 2358/2358/39
f 2357/2357/39 2365/2365/39 2366/2366/39
f 2354/2354/41 2361/2361/41 2353/2353/41
f 2354/2354/41 2362/2362/41 2361/2361/41
f 2354/2354/40 2359/2359/40 2355/2355/40
f 2354/2354/40 2358/2358/40 2359/2359/40
f 2363/2363/42 2366/2366/42 2362/2362/42
f 2363/2363/42 2367/2367/42 2366/2366/42
f 2358/2358/39 2367/2367/39 2359/2359/39
f 2358/2358/39 2366/2366/39 2367/2367/39
f 2355/2355/41 2362/2362/41 2354/2354/41
f 2355/2355/41 2363/2363/41 2362/2362/41
f 2355/2355/5 2360/2360/5 2356/2356/5
f 2355/2355/5 2359/2359/5 2360/2360/5
f 2364/2364/6 2367/2367/6 2363/2363/6
f 2364/2364/6 2368/2368/6 2367/2367/6
f 2359/2359/39 2368/2368/39 2360/2360/39
f 2359/2359/39 2367/2367/39 2368/2368/39
f 2356/2356/41 2363/2363/41 2355/2355/41
f 2356/2356/41 2364/2364/41 2363/2363/41
f 2356/2356/42 2357/2357/42 2353/2353/42
f 2356/2356/42 2360/2360/42 2357/2357/42
f 2361/2361/40 2368/2368/40 2364/2364/40
f 2361/2361/40 2365/2365/40 2368/2368/40
f 2360/2360/39 2365/2365/39 2357/2357/39
f 2360/2360/39 2368/2368/39 2365/2365/39
f 2353/2353/41 2364/2364/41 2356/2356/41
f 2353/2353/41 2361/2361/41 2364/2364/41
f 2369/2369/6 2374/2374/6 2370/2370/6
f 2369/2369/6 2373/2373/6 2374/2374/6
f 2378/2378/5 2381/2381/5 2377/2377/5
f 2378/2378/5 2382/2382/5 2381/2381/5
f 2373/2373/39 2382/2382/39 2374/2374/39
f 2373/2373/39 2381/2381/39 2382/2382/39
f 2370/2370/41 2377/2377/41 2369/2369/41
f 2370/2370/41 2378/2378/41 2377/2377/41
f 2370/2370/40 2375/2375/40 2371/2371/40
f 2370/2370/40 2374/2374/40 2375/2375/40
f 2379/2379/42 2382/2382/42 2378/2378/42
f 2379/2379/42 2383/2383/42 2382/2382/42
f 2374/2374/39 2383/2383/39 2375/2375/39
f 2374/2374/39 2382/2382/39 2383/2383/39
f 2371/2371/41 2378/2378/41 2370/2370/41
f 2371/2371/41 2379/2379/41 2378/2378/41
f 2371/2371/5 2376/2376/5 2372/2372/5
f 2371/2371/5 2375/2375/5 2376/2376/5
f 2380/2380/6 2383/2383/6 2379/2379/6
f 2380/2380/6 2384/2384/6 2383/2383/6
f 2375/2375/39 2384/2384/39 2376/2376/39
f 2375/2375/39 2383/2383/39 2384/2384/39
f 2372/2372/41 2379/2379/41 2371/2371/41
f 2372/2372/41 2380/2380/41 2379/2379/41
f 2372/2372/42 2373/2373/42 2369/2369/42
f 2372/2372/42 2376/2376/42 2373/2373/42
f 2377/2377/40 2384/2384/40 2380/2380/40
f 2377/2377/40 2381/2381/40 2384/2384/40
f 2376/2376/39 2381/2381/39 2373/2373/39
f 2376/2376/39 2384/2384/39 2381/2381/39
f 2369/2369/41 2380/2380/41 2372/2372/41
f 2369/2369/41 2377/2377/41 2380/2380/41
f 2385/2385/6 2390/2390/6 2386/2386/6
f 2385/2385/6 2389/2389/6 2390/2390/6
f 2394/2394/5 2397/2397/5 2393/2393/5
f 2394/2394/5 2398/2398/5 2397/2397/5
f 2389/2389/39 2398/2398/39 2390/2390/39
f 2389/2389/39 2397/2397/39 2398/2398/39
f 2386/2386/41 2393/2393/41 2385/2385/41
f 2386/2386/41 2394/2394/41 2393/2393/41
f 2386/2386/40 2391/2391/40 2387/2387/40
f 2386/2386/40 2390/2390/40 2391/2391/40
f 2395/2395/42 2398/2398/42 2394/2394/42
f 2395/2395/42 2399/2399/42 2398/2398/42
f 2390/2390/39 2399/2399/39 2391/2391/39
f 2390/2390/39 2398/2398/39 2399/2399/39
f 2387/2387/41 2394/2394/41 2386/2386/41
f 2387/2387/41 2395/2395/41 2394/2394/41
f 2387/2387/5 2392/2392/5 2388/2388/5
f 2387/2387/5 2391/2391/5 2392/2392/5
f 2396/2396/6 2399/2399/6 2395/2395/6
f 2396/2396/6 2400/2400/6 2399/2399/6
f 2391/2391/39 2400/2400/39 2392/2392/39
f 2391/2391/39 2399/2399/39 2400/2400/39
f 2388/2388/41 2395/2395/41 2387/2387/41
f 2388/2388/41 2396/2396/41 2395/2395/41
f 2388/2388/42 2389/2389/42 2385/2385/42
f 2388/2388/42 2392/2392/42 2389/2389/42
f 2393/2393/40 2400/2400/40 2396/2396/40
f 2393/2393/40 2397/2397/40 2400/2400/40
f 2392/2392/39 2397/2397/39 2389/2389/39
f 2392/2392/39 2400/2400/39 2397/2397/39
f 2385/2385/41 2396/2396/41 2388/2388/41
f 2385/2385/41 2393/2393/41 2396/2396/41
f 2401/2401/6 2406/2406/6 2402/2402/6
f 2401/2401/6 2405/2405/6 2406/2406/6
f 2410/2410/5 2413/2413/5 2409/2409/5
f 2410/2410/5 2414/2414/5 2413/2413/5
f 2405/2405/39 2414/2414/39 2406/2406/39
f 2405/2405/39 2413/2413/39 2414/2414/39
f 2402/2402/41 2409/2409/41 2401/2401/41
f 2402/2402/41 2410/2410/41 2409/2409/41
f 2402/2402/40 2407/2407/40 2403/2403/40
f 2402/2402/40 2406/2406/40 2407/2407/40
f 2411/2411/42 2414/2414/42 2410/2410/42
f 2411/2411/42 2415/2415/42 2414/2414/42
f 2406/2406/39 2415/2415/39 2407/2407/39
f 2406/2406/39 2414/2414/39 2415/2415/39
f 2403/2403/41 2410/2410/41 2402/2402/41
f 2403/2403/41 2411/2411/41 2410/2410/41
f 2403/2403/5 2408/2408/5 2404/2404/5
f 2403/2403/5 2407/2407/5 2408/2408/5
f 2412/2412/6 2415/2415/6 2411/2411/6
f 2412/2412/6 2416/2416/6 2415/2415/6
f 2407/2407/39 2416/2416/39 2408/2408/39
f 2407/2407/39 2415/2415/39 2416/2416/39
f 2404/2404/41 2411/2411/41 2403/2403/41
f 2404/2404/41 2412/2412/41 2411/2411/41
f 2404/2404/42 2405/2405/42 2401/2401/42
f 2404/2404/42 2408/2408/42 2405/2405/42
f 2409/2409/40 2416/2416/40 2412/2412/40
f 2409/2409/40 2413/2413/40 2416/2416/40
f 2408/2408/39 2413/2413/39 2405/2405/39
f 2408/2408/39 2416/2416/39 2413/2413/39
f 2401/2401/41 2412/2412/41 2404/2404/41
f 2401/2401/41 2409/2409/41 2412/2412/41
f 2417/2417/6 2422/2422/6 2418/2418/6
f 2417/2417/6 2421/2421/6 2422/2422/6
f 2426/2426/5 2429/2429/5 2425/2425/5
f 2426/2426/5 2430/2430/5 2429/2429/5
f 2421/2421/39 2430/2430/39 2422/2422/39
f 2421/2421/39 2429/2429/39 2430/2430/39
f 2418/2418/41 2425/2425/41 2417/2417/41
f 2418/2418/41 2426/2426/41 2425/2425/41
f 2418/2418/40 2423/2423/40 2419/2419/40
f 2418/2418/40 2422/2422/40 2423/2423/40
f 2427/2427/42 2430/2430/42 2426/2426/42
f 2427/2427/42 2431/2431/42 2430/2430/42
f 2422/2422/39 2431/2431/39 2423/2423/39
f 2422/2422/39 2430/2430/39 2431/2431/39
f 2419/2419/41 2426/2426/41 2418/2418/41
f 2419/2419/41 2427/2427/41 2426/2426/41
f 2419/2419/5 2424/2424/5 2420/2420/5
f 2419/2419/5 2423/2423/5 2424/2424/5
f 2428/2428/6 2431/2431/6 2427/2427/6
f 2428/2428/6 2432/2432/6 2431/2431/6
f 2423/2423/39 2432/2432/39 2424/2424/39
f 2423/2423/39 2431/2431/39 2432/2432/39
f 2420/2420/41 2427/2427/41 2419/2419/41
f 2420/2420/41 2428/2428/41 2427/2427/41
f 2420/2420/42 2421/2421/42 2417/2417/42
f 2420/2420/42 2424/2424/42 2421/2421/42
f 2425/2425/40 2432/2432/40 2428/2428/40
f 2425/2425/40 2429/2429/40 2432/2432/40
f 2424/2424/39 2429/2429/39 2421/2421/39
f 2424/2424/39 2432/2432/39 2429/2429/39
f 2417/2417/41 2428/2428/41 2420/2420/41
f 2417/2417/41 2425/2425/41 2428/2428/41
f 2433/2433/6 2438/2438/6 2434/2434/6
f 2433/2433/6 2437/2437/6 2438/2438/6
f 2442/2442/5 2445/2445/5 2441/2441/5
f 2442/2442/5 2446/2446/5 2445/2445/5
f 2437/2437/39 2446/2446/39 2438/2438/39
f 2437/2437/39 2445/2445/39 2446/2446/39
f 2434/2434/41 2441/2441/41 2433/2433/41
f 2434/2434/41 2442/2442/41 2441/2441/41
f 2434/2434/40 2439/2439/40 2435/2435/40
f 2434/2434/40 2438/2438/40 2439/2439/40
f 2443/2443/42 2446/2446/42 2442/2442/42
f 2443/2443/42 2447/2447/42 2446/2446/42
f 2438/2438/39 2447/2447/39 2439/2439/39
f 2438/2438/39 2446/2446/39 2447/2447/39
f 2435/2435/41 2442/2442/41 2434/2434/41
f 2435/2435/41 2443/2443/41 2442/2442/41
f 2435/2435/5 2440/2440/5 2436/2436/5
f 2435/2435/5 2439/2439/5 2440/2440/5
f 2444/2444/6 2447/2447/6 2443/2443/6
f 2444/2444/6 2448/2448/6 2447/2447/6
f 2439/2439/39 2448/2448/39 2440/2440/39
f 2439/2439/39 2447/2447/39 2448/2448/39
f 2436/2436/41 2443/2443/41 2435/2435/41
f 2436/2436/41 2444/2444/41 2443/2443/41
f 2436/2436/42 2437/2437/42 2433/2433/42
f 2436/2436/42 2440/2440/42 2437/2437/42
f 2441/2441/40 2448/2448/40 2444/2444/40
f 2441/2441/40 2445/2445/40 2448/2448/40
f 2440/2440/39 2445/2445/39 2437/2437/39
f 2440/2440/39 2448/2448/39 2445/2445/39
f 2433/2433/41 2444/2444/41 2436/2436/41
f 2433/2433/41 2441/2441/41 2444/2444/41
f 2449/2449/6 2454/2454/6 2450/2450/6
f 2449/2449/6 2453/2453/6 2454/2454/6
f 2458/2458/5 2461/2461/5 2457/2457/5
f 2458/2458/5 2462/2462/5 2461/2461/5
f 2453/2453/39 2462/2462/39 2454/2454/39
f 2453/2453/39 2461/2461/39 2462/2462/39
f 2450/2450/41 2457/2457/41 2449/2449/41
f 2450/2450/41 2458/2458/41 2457/2457/41
f 2450/2450/40 2455/2455/40 2451/2451/40
f 2450/2450/40 2454/2454/40 2455/2455/40
f 2459/2459/42 2462/2462/42 2458/2458/42
f 2459/2459/42 2463/2463/42 2462/2462/42
f 2454/2454/39 2463/2463/39 2455/2455/39
f 2454/2454/39 2462/2462/39 2463/2463/39
f 2451/2451/41 2458/2458/41 2450/2450/41
f 2451/2451/41 2459/2459/41 2458/2458/41
f 2451/2451/5 2456/2456/5 2452/2452/5
f 2451/2451/5 2455/2455/5 2456/2456/5
f 2460/2460/6 2463/2463/6 2459/2459/6
f 2460/2460/6 2464/2464/6 2463/2463/6
f 2455/2455/39 2464/2464/39 2456/2456/39
f 2455/2455/39 2463/2463/39 2464/2464/39
f 2452/2452/41 2459/2459/41 2451/2451/41
f 2452/2452/41 2460/2460/41 2459/2459/41
f 2452/2452/42 2453/2453/42 2449/2449/42
f 2452/2452/42 2456/2456/42 2453/2453/42
f 2457/2457/40 2464/2464/40 2460/2460/40
f 2457/2457/40 2461/2461/40 2464/2464/40
f 2456/2456/39 2461/2461/39 2453/2453/39
f 2456/2456/39 2464/2464/39 2461/2461/39
f 2449/2449/41 2460/2460/41 2452/2452/41
f 2449/2449/41 2457/2457/41 2460/2460/41
f 2465/2465/41 2466/2466/41 2470/2470/41
f 2465/2465/41 2470/2470/41 2469/2469/41
f 2466/2466/40 2467/2467/40 2471/2471/40
f 2466/2466/40 2471/2471/40 2470/2470/40
f 2467/2467/39 2468/2468/39 2472/2472/39
f 2467/2467/39 2472/2472/39 2471/2471/39
f 2468/2468/42 2465/2465/42 2469/2469/42
f 2468/2468/42 2469/2469/42 2472/2472/42
f 2469/2469/5 2470/2470/5 2471/2471/5
f 2469/2469/5 2471/2471/5 2472/2472/5
f 2468/2468/6 2467/2467/6 2466/2466/6
f 2468/2468/6 2466/2466/6 2465/2465/6
f 2473/2473/6 2478/2478/6 2474/2474/6
f 2473/2473/6 2477/2477/6 2478/2478/6
f 2482/2482/5 2485/2485/5 2481/2481/5
f 2482/2482/5 2486/2486/5 2485/2485/5
f 2477/2477/40 2486/2486/40 2478/2478/40
f 2477/2477/40 2485/2485/40 2486/2486/40
f 2474/2474/42 2481/2481/42 2473/2473/42
f 2474/2474/42 2482/2482/42 2481/2481/42
f 2474/2474/41 2479/2479/41 2475/2475/41
f 2474/2474/41 2478/2478/41 2479/2479/41
f 2483/2483/39 2486/2486/39 2482/2482/39
f 2483/2483/39 2487/2487/39 2486/2486/39
f 2478/2478/40 2487/2487/40 2479/2479/40
f 2478/2478/40 2486/2486/40 2487/2487/40
f 2475/2475/42 2482/2482/42 2474/2474/42
f 2475/2475/42 2483/2483/42 2482/2482/42
f 2475/2475/5 2480/2480/5 2476/2476/5
f 2475/2475/5 2479/2479/5 2480/2480/5
f 2484/2484/6 2487/2487/6 2483/2483/6
f 2484/2484/6 2488/2488/6 2487/2487/6
f 2479/2479/40 2488/2488/40 2480/2480/40
f 2479/2479/40 2487/2487/40 2488/2488/40
f 2476/2476/42 2483/2483/42 2475/2475/42
f 2476/2476/42 2484/2484/42 2483/2483/42
f 2476/2476/39 2477/2477/39 2473/2473/39
f 2476/2476/39 2480/2480/39 2477/2477/39
f 2481/2481/41 2488/2488/41 2484/2484/41
f 2481/2481/41 2485/2485/41 2488/2488/41
f 2480/2480/40 2485/2485/40 2477/2477/40
f 2480/2480/40 2488/2488/40 2485/2485/40
f 2473/2473/42 2484/2484/42 2476/2476/42
f 2473/2473/42 2481/2481/42 2484/2484/42
f 2489/2489/6 2494/2494/6 2490/2490/6
f 2489/2489/6 2493/2493/6 2494/2494/6
f 2498/2498/5 2501/2501/5 2497/2497/5
f 2498/2498/5 2502/2502/5 2501/2501/5
f 2493/2493/40 2502/2502/40 2494/2494/40
f 2493/2493/40 2501/2501/40 2502/2502/40
f 2490/2490/42 2497/2497/42 2489/2489/42
f 2490/2490/42 2498/2498/42 2497/2497/42
f 2490/2490/41 2495/2495/41 2491/2491/41
f 2490/2490/41 2494/2494/41 2495/2495/41
f 2499/2499/39 2502/2502/39 2498/2498/39
f 2499/2499/39 2503/2503/39 2502/2502/39
f 2494/2494/40 2503/2503/40 2495/2495/40
f 2494/2494/40 2502/2502/40 2503/2503/40
f 2491/2491/42 2498/2498/42 2490/2490/42
f 2491/2491/42 2499/2499/42 2498/2498/42
f 2491/2491/5 2496/2496/5 2492/2492/5
f 2491/2491/5 2495/2495/5 2496/2496/5
f 2500/2500/6 2503/2503/6 2499/2499/6
f 2500/2500/6 2504/2504/6 2503/2503/6
f 2495/2495/40 2504/2504/40 2496/2496/40
f 2495/2495/40 2503/2503/40 2504/2504/40
f 2492/2492/42 2499/2499/42 2491/2491/42
f 2492/2492/42 2500/2500/42 2499/2499/42
f 2492/2492/39 2493/2493/39 2489/2489/39
f 2492/2492/39 2496/2496/39 2493/2493/39
f 2497/2497/41 2504/2504/41 2500/2500/41
f 2497/2497/41 2501/2501/41 2504/2504/41
f 2496/2496/40 2501/2501/40 2493/2493/40
f 2496/2496/40 2504/2504/40 2501/2501/40
f 2489/2489/42 2500/2500/42 2492/2492/42
f 2489/2489/42 2497/2497/42 2500/2500/42
f 2505/2505/6 2510/2510/6 2506/2506/6
f 2505/2505/6 2509/2509/6 2510/2510/6
f 2514/2514/5 2517/2517/5 2513/2513/5
f 2514/2514/5 2518/2518/5 2517/2517/5
f 2509/2509/40 2518/2518/40 2510/2510/40
f 2509/2509/40 2517/2517/40 2518/2518/40
f 2506/2506/42 2513/2513/42 2505/2505/42
f 2506/2506/42 2514/2514/42 2513/2513/42
f 2506/2506/41 2511/2511/41 2507/2507/41
f 2506/2506/41 2510/2510/41 2511/2511/41
f 2515/2515/39 2518/2518/39 2514/2514/39
f 2515/2515/39 2519/2519/39 2518/2518/39
f 2510/2510/40 2519/2519/40 2511/2511/40
f 2510/2510/40 2518/2518/40 2519/2519/40
f 2507/2507/42 2514/2514/42 2506/2506/42
f 2507/2507/42 2515/2515/42 2514/2514/42
f 2507/2507/5 2512/2512/5 2508/2508/5
f 2507/2507/5 2511/2511/5 2512/2512/5
f 2516/2516/6 2519/2519/6 2515/2515/6
f 2516/2516/6 2520/2520/6 2519/2519/6
f 2511/2511/40 2520/2520/40 2512/2512/40
f 2511/2511/40 2519/2519/40 2520/2520/40
f 2508/2508/42 2515/2515/42 2507/2507/42
f 2508/2508/42 2516/2516/42 2515/2515/42
f 2508/2508/39 2509/2509/39 2505/2505/39
f 2508/2508/39 2512/2512/39 2509/2509/39
f 2513/2513/41 2520/2520/41 2516/2516/41
f 2513/2513/41 2517/2517/41 2520/2520/41
f 2512/2512/40 2517/2517/40 2509/2509/40
f 2512/2512/40 2520/2520/40 2517/2517/40
f 2505/2505/42 2516/2516/42 2508/2508/42
f 2505/2505/42 2513/2513/42 2516/2516/42
f 2521/2521/6 2528/2528/6 2522/2522/6
f 2521/2521/6 2527/2527/6 2528/2528/6
f 2534/2534/5 2539/2539/5 2533/2533/5
f 2534/2534/5 2540/2540/5 2539/2539/5
f 2527/2527/40 2540/2540/40 2528/2528/40
f 2527/2527/40 2539/2539/40 2540/2540/40
f 2522/2522/42 2533/2533/42 2521/2521/42
f 2522/2522/42 2534/2534/42 2533/2533/42
f 2522/2522/41 2529/2529/41 2523/2523/41
f 2522/2522/41 2528/2528/41 2529/2529/41
f 2535/2535/39 2540/2540/39 2534/2534/39
f 2535/2535/39 2541/2541/39 2540/2540/39
f 2528/2528/40 2541/2541/40 2529/2529/40
f 2528/2528/40 2540/2540/40 2541/2541/40
f 2523/2523/42 2534/2534/42 2522/2522/42
f 2523/2523/42 2535/2535/42 2534/2534/42
f 2523/2523/43 2530/2530/43 2524/2524/43
f 2523/2523/43 2529/2529/43 2530/2530/43
f 2536/2536/44 2541/2541/44 2535/2535/44
f 2536/2536/44 2542/2542/44 2541/2541/44
f 2529/2529/40 2542/2542/40 2530/2530/40
f 2529/2529/40 2541/2541/40 2542/2542/40
f 2524/2524/42 2535/2535/42 2523/2523/42
f 2524/2524/42 2536/2536/42 2535/2535/42
f 2524/2524/5 2531/2531/5 2525/2525/5
f 2524/2524/5 2530/2530/5 2531/2531/5
f 2537/2537/6 2542/2542/6 2536/2536/6
f 2537/2537/6 2543/2543/6 2542/2542/6
f 2530/2530/40 2543/2543/40 2531/2531/40
f 2530/2530/40 2542/2542/40 2543/2543/40
f 2525/2525/42 2536/2536/42 2524/2524/42
f 2525/2525/42 2537/2537/42 2536/2536/42
f 2525/2525/45 2532/2532/45 2526/2526/45
f 2525/2525/45 2531/2531/45 2532/2532/45
f 2538/2538/46 2543/2543/46 2537/2537/46
f 2538/2538/46 2544/2544/46 2543/2543/46
f 2531/2531/40 2544/2544/40 2532/2532/40
f 2531/2531/40 2543/2543/40 2544/2544/40
f 2526/2526/42 2537/2537/42 2525/2525/42
f 2526/2526/42 2538/2538/42 2537/2537/42
f 2526/2526/39 2527/2527/39 2521/2521/39
f 2526/2526/39 2532/2532/39 2527/2527/39
f 2533/2533/41 2544/2544/41 2538/2538/41
f 2533/2533/41 2539/2539/41 2544/2544/41
f 2532/2532/40 2539/2539/40 2527/2527/40
f 2532/2532/40 2544/2544/40 2539/2539/40
f 2521/2521/42 2538/2538/42 2526/2526/42
f 2521/2521/42 2533/2533/42 2538/2538/42
f 2545/2545/6 2550/2550/6 2546/2546/6
f 2545/2545/6 2549/2549/6 2550/2550/6
f 2554/2554/5 2557/2557/5 2553/2553/5
f 2554/2554/5 2558/2558/5 2557/2557/5
f 2549/2549/40 2558/2558/40 2550/2550/40
f 2549/2549/40 2557/2557/40 2558/2558/40
f 2546/2546/42 2553/2553/42 2545/2545/42
f 2546/2546/42 2554/2554/42 2553/2553/42
f 2546/2546/41 2551/2551/41 2547/2547/41
f 2546/2546/41 2550/2550/41 2551/2551/41
f 2555/2555/39 2558/2558/39 2554/2554/39
f 2555/2555/39 2559/2559/39 2558/2558/39
f 2550/2550/40 2559/2559/40 2551/2551/40
f 2550/2550/40 2558/2558/40 2559/2559/40
f 2547/2547/42 2554/2554/42 2546/2546/42
f 2547/2547/42 2555/2555/42 2554/2554/42
f 2547/2547/5 2552/2552/5 2548/2548/5
f 2547/2547/5 2551/2551/5 2552/2552/5
f 2556/2556/6 2559/2559/6 2555/2555/6
f 2556/2556/6 2560/2560/6 2559/2559/6
f 2551/2551/40 2560/2560/40 2552/2552/40
f 2551/2551/40 2559/2559/40 2560/2560/40
f 2548/2548/42 2555/2555/42 2547/2547/42
f 2548/2548/42 2556/2556/42 2555/2555/42
f 2548/2548/39 2549/2549/39 2545/2545/39
f 2548/2548/39 2552/2552/39 2549/2549/39
f 2553/2553/41 2560/2560/41 2556/2556/41
f 2553/2553/41 2557/2557/41 2560/2560/41
f 2552/2552/40 2557/2557/40 2549/2549/40
f 2552/2552/40 2560/2560/40 2557/2557/40
f 2545/2545/42 2556/2556/42 2548/2548/42
f 2545/2545/42 2553/2553/42 2556/2556/42
f 2561/2561/6 2568/2568/6 2562/2562/6
f 2561/2561/6 2567/2567/6 2568/2568/6
f 2574/2574/5 2579/2579/5 2573/2573/5
f 2574/2574/5 2580/2580/5 2579/2579/5
f 2567/2567/40 2580/2580/40 2568/2568/40
f 2567/2567/40 2579/2579/40 2580/2580/40
f 2562/2562/42 2573/2573/42 2561/2561/42
f 2562/2562/42 2574/2574/42 2573/2573/42
f 2562/2562/41 2569/2569/41 2563/2563/41
f 2562/2562/41 2568/2568/41 2569/2569/41
f 2575/2575/39 2580/2580/39 2574/2574/39
f 2575/2575/39 2581/2581/39 2580/2580/39
f 2568/2568/40 2581/2581/40 2569/2569/40
f 2568/2568/40 2580/2580/40 2581/2581/40
f 2563/2563/42 2574/2574/42 2562/2562/42
f 2563/2563/42 2575/2575/42 2574/2574/42
f 2563/2563/43 2570/2570/43 2564/2564/43
f 2563/2563/43 2569/2569/43 2570/2570/43
f 2576/2576/44 2581/2581/44 2575/2575/44
f 2576/2576/44 2582/2582/44 2581/2581/44
f 2569/2569/40 2582/2582/40 2570/2570/40
f 2569/2569/40 2581/2581/40 2582/2582/40
f 2564/2564/42 2575/2575/42 2563/2563/42
f 2564/2564/42 2576/2576/42 2575/2575/42
f 2564/2564/5 2571/2571/5 2565/2565/5
f 2564/2564/5 2570/2570/5 2571/2571/5
f 2577/2577/6 2582/2582/6 2576/2576/6
f 2577/2577/6 2583/2583/6 2582/2582/6
f 2570/2570/40 2583/2583/40 2571/2571/40
f 2570/2570/40 2582/2582/40 2583/2583/40
f 2565/2565/42 2576/2576/42 2564/2564/42
f 2565/2565/42 2577/2577/42 2576/2576/42
f 2565/2565/45 2572/2572/45 2566/2566/45
f 2565/2565/45 2571/2571/45 2572/2572/45
f 2578/2578/46 2583/2583/46 2577/2577/46
f 2578/2578/46 2584/2584/46 2583/2583/46
f 2571/2571/40 2584/2584/40 2572/2572/40
f 2571/2571/40 2583/2583/40 2584/2584/40
f 2566/2566/42 2577/2577/42 2565/2565/42
f 2566/2566/42 2578/2578/42 2577/2577/42
f 2566/2566/39 2567/2567/39 2561/2561/39
f 2566/2566/39 2572/2572/39 2567/2567/39
f 2573/2573/41 2584/2584/41 2578/2578/41
f 2573/2573/41 2579/2579/41 2584/2584/41
f 2572/2572/40 2579/2579/40 2567/2567/40
f 2572/2572/40 2584/2584/40 2579/2579/40
f 2561/2561/42 2578/2578/42 2566/2566/42
f 2561/2561/42 2573/2573/42 2578/2578/42
f 2585/2585/6 2590/2590/6 2586/2586/6
f 2585/2585/6 2589/2589/6 2590/2590/6
f 2594/2594/5 2597/2597/5 2593/2593/5
f 2594/2594/5 2598/2598/5 2597/2597/5
f 2589/2589/41 2598/2598/41 2590/2590/41
f 2589/2589/41 2597/2597/41 2598/2598/41
f 2586/2586/39 2593/2593/39 2585/2585/39
f 2586/2586/39 2594/2594/39 2593/2593/39
f 2586/2586/42 2591/2591/42 2587/2587/42
f 2586/2586/42 2590/2590/42 2591/2591/42
f 2595/2595/40 2598/2598/40 2594/2594/40
f 2595/2595/40 2599/2599/40 2598/2598/40
f 2590/2590/41 2599/2599/41 2591/2591/41
f 2590/2590/41 2598/2598/41 2599/2599/41
f 2587/2587/39 2594/2594/39 2586/2586/39
f 2587/2587/39 2595/2595/39 2594/2594/39
f 2587/2587/5 2592/2592/5 2588/2588/5
f 2587/2587/5 2591/2591/5 2592/2592/5
f 2596/2596/6 2599/2599/6 2595/2595/6
f 2596/2596/6 2600/2600/6 2599/2599/6
f 2591/2591/41 2600/2600/41 2592/2592/41
f 2591/2591/41 2599/2599/41 2600/2600/41
f 2588/2588/39 2595/2595/39 2587/2587/39
f 2588/2588/39 2596/2596/39 2595/2595/39
f 2588/2588/40 2589/2589/40 2585/2585/40
f 2588/2588/40 2592/2592/40 2589/2589/40
f 2593/2593/42 2600/2600/42 2596/2596/42
f 2593/2593/42 2597/2597/42 2600/2600/42
f 2592/2592/41 2597/2597/41 2589/2589/41
f 2592/2592/41 2600/2600/41 2597/2597/41
f 2585/2585/39 2596/2596/39 2588/2588/39
f 2585/2585/39 2593/2593/39 2596/2596/39
f 2601/2601/6 2606/2606/6 2602/2602/6
f 2601/2601/6 2605/2605/6 2606/2606/6
f 2610/2610/5 2613/2613/5 2609/2609/5
f 2610/2610/5 2614/2614/5 2613/2613/5
f 2605/2605/41 2614/2614/41 2606/2606/41
f 2605/2605/41 2613/2613/41 2614/2614/41
f 2602/2602/39 2609/2609/39 2601/2601/39
f 2602/2602/39 2610/2610/39 2609/2609/39
f 2602/2602/42 2607/2607/42 2603/2603/42
f 2602/2602/42 2606/2606/42 2607/2607/42
f 2611/2611/40 2614/2614/40 2610/2610/40
f 2611/2611/40 2615/2615/40 2614/2614/40
f 2606/2606/41 2615/2615/41 2607/2607/41
f 2606/2606/41 2614/2614/41 2615/2615/41
f 2603/2603/39 2610/2610/39 2602/2602/39
f 2603/2603/39 2611/2611/39 2610/2610/39
f 2603/2603/5 2608/2608/5 2604/2604/5
f 2603/2603/5 2607/2607/5 2608/2608/5
f 2612/2612/6 2615/2615/6 2611/2611/6
f 2612/2612/6 2616/2616/6 2615/2615/6
f 2607/2607/41 2616/2616/41 2608/2608/41
f 2607/2607/41 2615/2615/41 2616/2616/41
f 2604/2604/39 2611/2611/39 2603/2603/39
f 2604/2604/39 2612/2612/39 2611/2611/39
f 2604/2604/40 2605/2605/40 2601/2601/40
f 2604/2604/40 2608/2608/40 2605/2605/40
f 2609/2609/42 2616/2616/42 2612/2612/42
f 2609/2609/42 2613/2613/42 2616/2616/42
f 2608/2608/41 2613/2613/41 2605/2605/41
f 2608/2608/41 2616/2616/41 2613/2613/41
f 2601/2601/39 2612/2612/39 2604/2604/39
f 2601/2601/39 2609/2609/39 2612/2612/39
f 2617/2617/6 2622/2622/6 2618/2618/6
f 2617/2617/6 2621/2621/6 2622/2622/6
f 2626/2626/5 2629/2629/5 2625/2625/5
f 2626/2626/5 2630/2630/5 2629/2629/5
f 2621/2621/41 2630/2630/41 2622/2622/41
f 2621/2621/41 2629/2629/41 2630/2630/41
f 2618/2618/39 2625/2625/39 2617/2617/39
f 2618/2618/39 2626/2626/39 2625/2625/39
f 2618/2618/42 2623/2623/42 2619/2619/42
f 2618/2618/42 2622/2622/42 2623/2623/42
f 2627/2627/40 2630/2630/40 2626/2626/40
f 2627/2627/40 2631/2631/40 2630/2630/40
f 2622/2622/41 2631/2631/41 2623/2623/41
f 2622/2622/41 2630/2630/41 2631/2631/41
f 2619/2619/39 2626/2626/39 2618/2618/39
f 2619/2619/39 2627/2627/39 2626/2626/39
f 2619/2619/5 2624/2624/5 2620/2620/5
f 2619/2619/5 2623/2623/5 2624/2624/5
f 2628/2628/6 2631/2631/6 2627/2627/6
f 2628/2628/6 2632/2632/6 2631/2631/6
f 2623/2623/41 2632/2632/41 2624/2624/41
f 2623/2623/41 2631/2631/41 2632/2632/41
f 2620/2620/39 2627/2627/39 2619/2619/39
f 2620/2620/39 2628/2628/39 2627/2627/39
f 2620/2620/40 2621/2621/40 2617/2617/40
f 2620/2620/40 2624/2624/40 2621/2621/40
f 2625/2625/42 2632/2632/42 2628/2628/42
f 2625/2625/42 2629/2629/42 2632/2632/42
f 2624/2624/41 2629/2629/41 2621/2621/41
f 2624/2624/41 2632/2632/41 2629/2629/41
f 2617/2617/39 2628/2628/39 2620/2620/39
f 2617/2617/39 2625/2625/39 2628/2628/39
f 2633/2633/6 2638/2638/6 2634/2634/6
f 2633/2633/6 2637/2637/6 2638/2638/6
f 2642/2642/5 2645/2645/5 2641/2641/5
f 2642/2642/5 2646/2646/5 2645/2645/5
f 2637/2637/41 2646/2646/41 2638/2638/41
f 2637/2637/41 2645/2645/41 2646/2646/41
f 2634/2634/39 2641/2641/39 2633/2633/39
f 2634/2634/39 2642/2642/39 2641/2641/39
f 2634/2634/42 2639/2639/42 2635/2635/42
f 2634/2634/42 2638/2638/42 2639/2639/42
f 2643/2643/40 2646/2646/40 2642/2642/40
f 2643/2643/40 2647/2647/40 2646/2646/40
f 2638/2638/41 2647/2647/41 2639/2639/41
f 2638/2638/41 2646/2646/41 2647/2647/41
f 2635/2635/39 2642/2642/39 2634/2634/39
f 2635/2635/39 2643/2643/39 2642/2642/39
f 2635/2635/5 2640/2640/5 2636/2636/5
f 2635/2635/5 2639/2639/5 2640/2640/5
f 2644/2644/6 2647/2647/6 2643/2643/6
f 2644/2644/6 2648/2648/6 2647/2647/6
f 2639/2639/41 2648/2648/41 2640/2640/41
f 2639/2639/41 2647/2647/41 2648/2648/41
f 2636/2636/39 2643/2643/39 2635/2635/39
f 2636/2636/39 2644/2644/39 2643/2643/39
f 2636/2636/40 2637/2637/40 2633/2633/40
f 2636/2636/40 2640/2640/40 2637/2637/40
f 2641/2641/42 2648/2648/42 2644/2644/42
f 2641/2641/42 2645/2645/42 2648/2648/42
f 2640/2640/41 2645/2645/41 2637/2637/41
f 2640/2640/41 2648/2648/41 2645/2645/41
f 2633/2633/39 2644/2644/39 2636/2636/39
f 2633/2633/39 2641/2641/39 2644/2644/39
f 2649/2649/6 2654/2654/6 2650/2650/6
f 2649/2649/6 2653/2653/6 2654/2654/6
f 2658/2658/5 2661/2661/5 2657/2657/5
f 2658/2658/5 2662/2662/5 2661/2661/5
f 2653/2653/41 2662/2662/41 2654/2654/41
f 2653/2653/41 2661/2661/41 2662/2662/41
f 2650/2650/39 2657/2657/39 2649/2649/39
f 2650/2650/39 2658/2658/39 2657/2657/39
f 2650/2650/42 2655/2655/42 2651/2651/42
f 2650/2650/42 2654/2654/42 2655/2655/42
f 2659/2659/40 2662/2662/40 2658/2658/40
f 2659/2659/40 2663/2663/40 2662/2662/40
f 2654/2654/41 2663/2663/41 2655/2655/41
f 2654/2654/41 2662/2662/41 2663/2663/41
f 2651/2651/39 2658/2658/39 2650/2650/39
f 2651/2651/39 2659/2659/39 2658/2658/39
f 2651/2651/5 2656/2656/5 2652/2652/5
f 2651/2651/5 2655/2655/5 2656/2656/5
f 2660/2660/6 2663/2663/6 2659/2659/6
f 2660/2660/6 2664/2664/6 2663/2663/6
f 2655/2655/41 2664/2664/41 2656/2656/41
f 2655/2655/41 2663/2663/41 2664/2664/41
f 2652/2652/39 2659/2659/39 2651/2651/39
f 2652/2652/39 2660/2660/39 2659/2659/39
f 2652/2652/40 2653/2653/40 2649/2649/40
f 2652/2652/40 2656/2656/40 2653/2653/40
f 2657/2657/42 2664/2664/42 2660/2660/42
f 2657/2657/42 2661/2661/42 2664/2664/42
f 2656/2656/41 2661/2661/41 2653/2653/41
f 2656/2656/41 2664/2664/41 2661/2661/41
f 2649/2649/39 2660/2660/39 2652/2652/39
f 2649/2649/39 2657/2657/39 2660/2660/39
f 2665/2665/6 2670/2670/6 2666/2666/6
f 2665/2665/6 2669/2669/6 2670/2670/6
f 2674/2674/5 2677/2677/5 2673/2673/5
f 2674/2674/5 2678/2678/5 2677/2677/5
f 2669/2669/41 2678/2678/41 2670/2670/41
f 2669/2669/41 2677/2677/41 2678/2678/41
f 2666/2666/39 2673/2673/39 2665/2665/39
f 2666/2666/39 2674/2674/39 2673/2673/39
f 2666/2666/42 2671/2671/42 2667/2667/42
f 2666/2666/42 2670/2670/42 2671/2671/42
f 2675/2675/40 2678/2678/40 2674/2674/40
f 2675/2675/40 2679/2679/40 2678/2678/40
f 2670/2670/41 2679/2679/41 2671/2671/41
f 2670/2670/41 2678/2678/41 2679/2679/41
f 2667/2667/39 2674/2674/39 2666/2666/39
f 2667/2667/39 2675/2675/39 2674/2674/39
f 2667/2667/5 2672/2672/5 2668/2668/5
f 2667/2667/5 2671/2671/5 2672/2672/5
f 2676/2676/6 2679/2679/6 2675/2675/6
f 2676/2676/6 2680/2680/6 2679/2679/6
f 2671/2671/41 2680/2680/41 2672/2672/41
f 2671/2671/41 2679/2679/41 2680/2680/41
f 2668/2668/39 2675/2675/39 2667/2667/39
f 2668/2668/39 2676/2676/39 2675/2675/39
f 2668/2668/40 2669/2669/40 2665/2665/40
f 2668/2668/40 2672/2672/40 2669/2669/40
f 2673/2673/42 2680/2680/42 2676/2676/42
f 2673/2673/42 2677/2677/42 2680/2680/42
f 2672/2672/41 2677/2677/41 2669/2669/41
f 2672/2672/41 2680/2680/41 2677/2677/41
f 2665/2665/39 2676/2676/39 2668/2668/39
f 2665/2665/39 2673/2673/39 2676/2676/39
f 2681/2681/6 2686/2686/6 2682/2682/6
f 2681/2681/6 2685/2685/6 2686/2686/6
f 2690/2690/5 2693/2693/5 2689/2689/5
f 2690/2690/5 2694/2694/5 2693/2693/5
f 2685/2685/41 2694/2694/41 2686/2686/41
f 2685/2685/41 2693/2693/41 2694/2694/41
f 2682/2682/39 2689/2689/39 2681/2681/39
f 2682/2682/39 2690/2690/39 2689/2689/39
f 2682/2682/42 2687/2687/42 2683/2683/42
f 2682/2682/42 2686/2686/42 2687/2687/42
f 2691/2691/40 2694/2694/40 2690/2690/40
f 2691/2691/40 2695/2695/40 2694/2694/40
f 2686/2686/41 2695/2695/41 2687/2687/41
f 2686/2686/41 2694/2694/41 2695/2695/41
f 2683/2683/39 2690/2690/39 2682/2682/39
f 2683/2683/39 2691/2691/39 2690/2690/39
f 2683/2683/5 2688/2688/5 2684/2684/5
f 2683/2683/5 2687/2687/5 2688/2688/5
f 2692/2692/6 2695/2695/6 2691/2691/6
f 2692/2692/6 2696/2696/6 2695/2695/6
f 2687/2687/41 2696/2696/41 2688/2688/41
f 2687/2687/41 2695/2695/41 2696/2696/41
f 2684/2684/39 2691/2691/39 2683/2683/39
f 2684/2684/39 2692/2692/39 2691/2691/39
f 2684/2684/40 2685/2685/40 2681/2681/40
f 2684/2684/40 2688/2688/40 2685/2685/40
f 2689/2689/42 2696/2696/42 2692/2692/42
f 2689/2689/42 2693/2693/42 2696/2696/42
f 2688/2688/41 2693/2693/41 2685/2685/41
f 2688/2688/41 2696/2696/41 2693/2693/41
f 2681/2681/39 2692/2692/39 2684/2684/39
f 2681/2681/39 2689/2689/39 2692/2692/39
f 2697/2697/6 2704/2704/6 2698/2698/6
f 2697/2697/6 2703/2703/6 2704/2704/6
f 2710/2710/5 2715/2715/5 2709/2709/5
f 2710/2710/5 2716/2716/5 2715/2715/5
f 2703/2703/41 2716/2716/41 2704/2704/41
f 2703/2703/41 2715/2715/41 2716/2716/41
f 2698/2698/39 2709/2709/39 2697/2697/39
f 2698/2698/39 2710/2710/39 2709/2709/39
f 2698/2698/42 2705/2705/42 2699/2699/42
f 2698/2698/42 2704/2704/42 2705/2705/42
f 2711/2711/40 2716/2716/40 2710/2710/40
f 2711/2711/40 2717/2717/40 2716/2716/40
f 2704/2704/41 2717/2717/41 2705/2705/41
f 2704/2704/41 2716/2716/41 2717/2717/41
f 2699/2699/39 2710/2710/39 2698/2698/39
f 2699/2699/39 2711/2711/39 2710/2710/39
f 2699/2699/47 2706/2706/47 2700/2700/47
f 2699/2699/47 2705/2705/47 2706/2706/47
f 2712/2712/48 2717/2717/48 2711/2711/48
f 2712/2712/48 2718/2718/48 2717/2717/48
f 2705/2705/41 2718/2718/41 2706/2706/41
f 2705/2705/41 2717/2717/41 2718/2718/41
f 2700/2700/39 2711/2711/39 2699/2699/39
f 2700/2700/39 2712/2712/39 2711/2711/39
f 2700/2700/5 2707/2707/5 2701/2701/5
f 2700/2700/5 2706/2706/5 2707/2707/5
f 2713/2713/6 2718/2718/6 2712/2712/6
f 2713/2713/6 2719/2719/6 2718/2718/6
f 2706/2706/41 2719/2719/41 2707/2707/41
f 2706/2706/41 2718/2718/41 2719/2719/41
f 2701/2701/39 2712/2712/39 2700/2700/39
f 2701/2701/39 2713/2713/39 2712/2712/39
f 2701/2701/49 2708/2708/49 2702/2702/49
f 2701/2701/49 2707/2707/49 2708/2708/49
f 2714/2714/50 2719/2719/50 2713/2713/50
f 2714/2714/50 2720/2720/50 2719/2719/50
f 2707/2707/41 2720/2720/41 2708/2708/41
f 2707/2707/41 2719/2719/41 2720/2720/41
f 2702/2702/39 2713/2713/39 2701/2701/39
f 2702/2702/39 2714/2714/39 2713/2713/39
f 2702/2702/40 2703/2703/40 2697/2697/40
f 2702/2702/40 2708/2708/40 2703/2703/40
f 2709/2709/42 2720/2720/42 2714/2714/42
f 2709/2709/42 2715/2715/42 2720/2720/42
f 2708/2708/41 2715/2715/41 2703/2703/41
f 2708/2708/41 2720/2720/41 2715/2715/41
f 2697/2697/39 2714/2714/39 2702/2702/39
f 2697/2697/39 2709/2709/39 2714/2714/39
f 2721/2721/6 2726/2726/6 2722/2722/6
f 2721/2721/6 2725/2725/6 2726/2726/6
f 2730/2730/5 2733/2733/5 2729/2729/5
f 2730/2730/5 2734/2734/5 2733/2733/5
f 2725/2725/41 2734/2734/41 2726/2726/41
f 2725/2725/41 2733/2733/41 2734/2734/41
f 2722/2722/39 2729/2729/39 2721/2721/39
f 2722/2722/39 2730/2730/39 2729/2729/39
f 2722/2722/42 2727/2727/42 2723/2723/42
f 2722/2722/42 2726/2726/42 2727/2727/42
f 2731/2731/40 2734/2734/40 2730/2730/40
f 2731/2731/40 2735/2735/40 2734/2734/40
f 2726/2726/41 2735/2735/41 2727/2727/41
f 2726/2726/41 2734/2734/41 2735/2735/41
f 2723/2723/39 2730/2730/39 2722/2722/39
f 2723/2723/39 2731/2731/39 2730/2730/39
f 2723/2723/5 2728/2728/5 2724/2724/5
f 2723/2723/5 2727/2727/5 2728/2728/5
f 2732/2732/6 2735/2735/6 2731/2731/6
f 2732/2732/6 2736/2736/6 2735/2735/6
f 2727/2727/41 2736/2736/41 2728/2728/41
f 2727/2727/41 2735/2735/41 2736/2736/41
f 2724/2724/39 2731/2731/39 2723/2723/39
f 2724/2724/39 2732/2732/39 2731/2731/39
f 2724/2724/40 2725/2725/40 2721/2721/40
f 2724/2724/40 2728/2728/40 2725/2725/40
f 2729/2729/42 2736/2736/42 2732/2732/42
f 2729/2729/42 2733/2733/42 2736/2736/42
f 2728/2728/41 2733/2733/41 2725/2725/41
f 2728/2728/41 2736/2736/41 2733/2733/41
f 2721/2721/39 2732/2732/39 2724/2724/39
f 2721/2721/39 2729/2729/39 2732/2732/39
f 2737/2737/6 2744/2744/6 2738/2738/6
f 2737/2737/6 2743/2743/6 2744/2744/6
f 2750/2750/5 2755/2755/5 2749/2749/5
f 2750/2750/5 2756/2756/5 2755/2755/5
f 2743/2743/41 2756/2756/41 2744/2744/41
f 2743/2743/41 2755/2755/41 2756/2756/41
f 2738/2738/39 2749/2749/39 2737/2737/39
f 2738/2738/39 2750/2750/39 2749/2749/39
f 2738/2738/42 2745/2745/42 2739/2739/42
f 2738/2738/42 2744/2744/42 2745/2745/42
f 2751/2751/40 2756/2756/40 2750/2750/40
f 2751/2751/40 2757/2757/40 2756/2756/40
f 2744/2744/41 2757/2757/41 2745/2745/41
f 2744/2744/41 2756/2756/41 2757/2757/41
f 2739/2739/39 2750/2750/39 2738/2738/39
f 2739/2739/39 2751/2751/39 2750/2750/39
f 2739/2739/47 2746/2746/47 2740/2740/47
f 2739/2739/47 2745/2745/47 2746/2746/47
f 2752/2752/48 2757/2757/48 2751/2751/48
f 2752/2752/48 2758/2758/48 2757/2757/48
f 2745/2745/41 2758/2758/41 2746/2746/41
f 2745/2745/41 2757/2757/41 2758/2758/41
f 2740/2740/39 2751/2751/39 2739/2739/39
f 2740/2740/39 2752/2752/39 2751/2751/39
f 2740/2740/5 2747/2747/5 2741/2741/5
f 2740/2740/5 2746/2746/5 2747/2747/5
f 2753/2753/6 2758/2758/6 2752/2752/6
f 2753/2753/6 2759/2759/6 2758/2758/6
f 2746/2746/41 2759/2759/41 2747/2747/41
f 2746/2746/41 2758/2758/41 2759/2759/41
f 2741/2741/39 2752/2752/39 2740/2740/39
f 2741/2741/39 2753/2753/39 2752/2752/39
f 2741/2741/49 2748/2748/49 2742/2742/49
f 2741/2741/49 2747/2747/49 2748/2748/49
f 2754/2754/50 2759/2759/50 2753/2753/50
f 2754/2754/50 2760/2760/50 2759/2759/50
f 2747/2747/41 2760/2760/41 2748/2748/41
f 2747/2747/41 2759/2759/41 2760/2760/41
f 2742/2742/39 2753/2753/39 2741/2741/39
f 2742/2742/39 2754/2754/39 2753/2753/39
f 2742/2742/40 2743/2743/40 2737/2737/40
f 2742/2742/40 2748/2748/40 2743/2743/40
f 2749/2749/42 2760/2760/42 2754/2754/42
f 2749/2749/42 2755/2755/42 2760/2760/42
f 2748/2748/41 2755/2755/41 2743/2743/41
f 2748/2748/41 2760/2760/41 2755/2755/41
f 2737/2737/39 2754/2754/39 2742/2742/39
f 2737/2737/39 2749/2749/39 2754/2754/39
f 2761/2761/6 2766/2766/6 2762/2762/6
f 2761/2761/6 2765/2765/6 2766/2766/6
f 2770/2770/5 2773/2773/5 2769/2769/5
f 2770/2770/5 2774/2774/5 2773/2773/5
f 2765/2765/42 2774/2774/42 2766/2766/42
f 2765/2765/42 2773/2773/42 2774/2774/42
f 2762/2762/40 2769/2769/40 2761/2761/40
f 2762/2762/40 2770/2770/40 2769/2769/40
f 2762/2762/39 2767/2767/39 2763/2763/39
f 2762/2762/39 2766/2766/39 2767/2767/39
f 2771/2771/41 2774/2774/41 2770/2770/41
f 2771/2771/41 2775/2775/41 2774/2774/41
f 2766/2766/42 2775/2775/42 2767/2767/42
f 2766/2766/42 2774/2774/42 2775/2775/42
f 2763/2763/40 2770/2770/40 2762/2762/40
f 2763/2763/40 2771/2771/40 2770/2770/40
f 2763/2763/5 2768/2768/5 2764/2764/5
f 2763/2763/5 2767/2767/5 2768/2768/5
f 2772/2772/6 2775/2775/6 2771/2771/6
f 2772/2772/6 2776/2776/6 2775/2775/6
f 2767/2767/42 2776/2776/42 2768/2768/42
f 2767/2767/42 2775/2775/42 2776/2776/42
f 2764/2764/40 2771/2771/40 2763/2763/40
f 2764/2764/40 2772/2772/40 2771/2771/40
f 2764/2764/41 2765/2765/41 2761/2761/41
f 2764/2764/41 2768/2768/41 2765/2765/41
f 2769/2769/39 2776/2776/39 2772/2772/39
f 2769/2769/39 2773/2773/39 2776/2776/39
f 2768/2768/42 2773/2773/42 2765/2765/42
f 2768/2768/42 2776/2776/42 2773/2773/42
f 2761/2761/40 2772/2772/40 2764/2764/40
f 2761/2761/40 2769/2769/40 2772/2772/40
f 2777/2777/6 2782/2782/6 2778/2778/6
f 2777/2777/6 2781/2781/6 2782/2782/6
f 2786/2786/5 2789/2789/5 2785/2785/5
f 2786/2786/5 2790/2790/5 2789/2789/5
f 2781/2781/42 2790/2790/42 2782/2782/42
f 2781/2781/42 2789/2789/42 2790/2790/42
f 2778/2778/40 2785/2785/40 2777/2777/40
f 2778/2778/40 2786/2786/40 2785/2785/40
f 2778/2778/39 2783/2783/39 2779/2779/39
f 2778/2778/39 2782/2782/39 2783/2783/39
f 2787/2787/41 2790/2790/41 2786/2786/41
f 2787/2787/41 2791/2791/41 2790/2790/41
f 2782/2782/42 2791/2791/42 2783/2783/42
f 2782/2782/42 2790/2790/42 2791/2791/42
f 2779/2779/40 2786/2786/40 2778/2778/40
f 2779/2779/40 2787/2787/40 2786/2786/40
f 2779/2779/5 2784/2784/5 2780/2780/5
f 2779/2779/5 2783/2783/5 2784/2784/5
f 2788/2788/6 2791/2791/6 2787/2787/6
f 2788/2788/6 2792/2792/6 2791/2791/6
f 2783/2783/42 2792/2792/42 2784/2784/42
f 2783/2783/42 2791/2791/42 2792/2792/42
f 2780/2780/40 2787/2787/40 2779/2779/40
f 2780/2780/40 2788/2788/40 2787/2787/40
f 2780/2780/41 2781/2781/41 2777/2777/41
f 2780/2780/41 2784/2784/41 2781/2781/41
f 2785/2785/39 2792/2792/39 2788/2788/39
f 2785/2785/39 2789/2789/39 2792/2792/39
f 2784/2784/42 2789/2789/42 2781/2781/42
f 2784/2784/42 2792/2792/42 2789/2789/42
f 2777/2777/40 2788/2788/40 2780/2780/40
f 2777/2777/40 2785/2785/40 2788/2788/40
f 2793/2793/6 2798/2798/6 2794/2794/6
f 2793/2793/6 2797/2797/6 2798/2798/6
f 2802/2802/5 2805/2805/5 2801/2801/5
f 2802/2802/5 2806/2806/5 2805/2805/5
f 2797/2797/42 2806/2806/42 2798/2798/42
f 2797/2797/42 2805/2805/42 2806/2806/42
f 2794/2794/40 2801/2801/40 2793/2793/40
f 2794/2794/40 2802/2802/40 2801/2801/40
f 2794/2794/39 2799/2799/39 2795/2795/39
f 2794/2794/39 2798/2798/39 2799/2799/39
f 2803/2803/41 2806/2806/41 2802/2802/41
f 2803/2803/41 2807/2807/41 2806/2806/41
f 2798/2798/42 2807/2807/42 2799/2799/42
f 2798/2798/42 2806/2806/42 2807/2807/42
f 2795/2795/40 2802/2802/40 2794/2794/40
f 2795/2795/40 2803/2803/40 2802/2802/40
f 2795/2795/5 2800/2800/5 2796/2796/5
f 2795/2795/5 2799/2799/5 2800/2800/5
f 2804/2804/6 2807/2807/6 2803/2803/6
f 2804/2804/6 2808/2808/6 2807/2807/6
f 2799/2799/42 2808/2808/42 2800/2800/42
f 2799/2799/42 2807/2807/42 2808/2808/42
f 2796/2796/40 2803/2803/40 2795/2795/40
f 2796/2796/40 2804/2804/40 2803/2803/40
f 2796/2796/41 2797/2797/41 2793/2793/41
f 2796/2796/41 2800/2800/41 2797/2797/41
f 2801/2801/39 2808/2808/39 2804/2804/39
f 2801/2801/39 2805/2805/39 2808/2808/39
f 2800/2800/42 2805/2805/42 2797/2797/42
f 2800/2800/42 2808/2808/42 2805/2805/42
f 2793/2793/40 2804/2804/40 2796/2796/40
f 2793/2793/40 2801/2801/40 2804/2804/40
f 2809/2809/6 2814/2814/6 2810/2810/6
f 2809/2809/6 2813/2813/6 2814/2814/6
f 2818/2818/5 2821/2821/5 2817/2817/5
f 2818/2818/5 2822/2822/5 2821/2821/5
f 2813/2813/42 2822/2822/42 2814/2814/42
f 2813/2813/42 2821/2821/42 2822/2822/42
f 2810/2810/40 2817/2817/40 2809/2809/40
f 2810/2810/40 2818/2818/40 2817/2817/40
f 2810/2810/39 2815/2815/39 2811/2811/39
f 2810/2810/39 2814/2814/39 2815/2815/39
f 2819/2819/41 2822/2822/41 2818/2818/41
f 2819/2819/41 2823/2823/41 2822/2822/41
f 2814/2814/42 2823/2823/42 2815/2815/42
f 2814/2814/42 2822/2822/42 2823/2823/42
f 2811/2811/40 2818/2818/40 2810/2810/40
f 2811/2811/40 2819/2819/40 2818/2818/40
f 2811/2811/5 2816/2816/5 2812/2812/5
f 2811/2811/5 2815/2815/5 2816/2816/5
f 2820/2820/6 2823/2823/6 2819/2819/6
f 2820/2820/6 2824/2824/6 2823/2823/6
f 2815/2815/42 2824/2824/42 2816/2816/42
f 2815/2815/42 2823/2823/42 2824/2824/42
f 2812/2812/40 2819/2819/40 2811/2811/40
f 2812/2812/40 2820/2820/40 2819/2819/40
f 2812/2812/41 2813/2813/41 2809/2809/41
f 2812/2812/41 2816/2816/41 2813/2813/41
f 2817/2817/39 2824/2824/39 2820/2820/39
f 2817/2817/39 2821/2821/39 2824/2824/39
f 2816/2816/42 2821/2821/42 2813/2813/42
f 2816/2816/42 2824/2824/42 2821/2821/42
f 2809/2809/40 2820/2820/40 2812/2812/40
f 2809/2809/40 2817/2817/40 2820/2820/40
f 2825/2825/6 2830/2830/6 2826/2826/6
f 2825/2825/6 2829/2829/6 2830/2830/6
f 2834/2834/5 2837/2837/5 2833/2833/5
f 2834/2834/5 2838/2838/5 2837/2837/5
f 2829/2829/42 2838/2838/42 2830/2830/42
f 2829/2829/42 2837/2837/42 2838/2838/42
f 2826/2826/40 2833/2833/40 2825/2825/40
f 2826/2826/40 2834/2834/40 2833/2833/40
f 2826/2826/39 2831/2831/39 2827/2827/39
f 2826/2826/39 2830/2830/39 2831/2831/39
f 2835/2835/41 2838/2838/41 2834/2834/41
f 2835/2835/41 2839/2839/41 2838/2838/41
f 2830/2830/42 2839/2839/42 2831/2831/42
f 2830/2830/42 2838/2838/42 2839/2839/42
f 2827/2827/40 2834/2834/40 2826/2826/40
f 2827/2827/40 2835/2835/40 2834/2834/40
f 2827/2827/5 2832/2832/5 2828/2828/5
f 2827/2827/5 2831/2831/5 2832/2832/5
f 2836/2836/6 2839/2839/6 2835/2835/6
f 2836/2836/6 2840/2840/6 2839/2839/6
f 2831/2831/42 2840/2840/42 2832/2832/42
f 2831/2831/42 2839/2839/42 2840/2840/42
f 2828/2828/40 2835/2835/40 2827/2827/40
f 2828/2828/40 2836/2836/40 2835/2835/40
f 2828/2828/41 2829/2829/41 2825/2825/41
f 2828/2828/41 2832/2832/41 2829/2829/41
f 2833/2833/39 2840/2840/39 2836/2836/39
f 2833/2833/39 2837/2837/39 2840/2840/39
f 2832/2832/42 2837/2837/42 2829/2829/42
f 2832/2832/42 2840/2840/42 2837/2837/42
f 2825/2825/40 2836/2836/40 2828/2828/40
f 2825/2825/40 2833/2833/40 2836/2836/40
f 2841/2841/6 2846/2846/6 2842/2842/6
f 2841/2841/6 2845/2845/6 2846/2846/6
f 2850/2850/5 2853/2853/5 2849/2849/5
f 2850/2850/5 2854/2854/5 2853/2853/5
f 2845/2845/42 2854/2854/42 2846/2846/42
f 2845/2845/42 2853/2853/42 2854/2854/42
f 2842/2842/40 2849/2849/40 2841/2841/40
f 2842/2842/40 2850/2850/40 2849/2849/40
f 2842/2842/39 2847/2847/39 2843/2843/39
f 2842/2842/39 2846/2846/39 2847/2847/39
f 2851/2851/41 2854/2854/41 2850/2850/41
f 2851/2851/41 2855/2855/41 2854/2854/41
f 2846/2846/42 2855/2855/42 2847/2847/42
f 2846/2846/42 2854/2854/42 2855/2855/42
f 2843/2843/40 2850/2850/40 2842/2842/40
f 2843/2843/40 2851/2851/40 2850/2850/40
f 2843/2843/5 2848/2848/5 2844/2844/5
f 2843/2843/5 2847/2847/5 2848/2848/5
f 2852/2852/6 2855/2855/6 2851/2851/6
f 2852/2852/6 2856/2856/6 2855/2855/6
f 2847/2847/42 2856/2856/42 2848/2848/42
f 2847/2847/42 2855/2855/42 2856/2856/42
f 2844/2844/40 2851/2851/40 2843/2843/40
f 2844/2844/40 2852/2852/40 2851/2851/40
f 2844/2844/41 2845/2845/41 2841/2841/41
f 2844/2844/41 2848/2848/41 2845/2845/41
f 2849/2849/39 2856/2856/39 2852/2852/39
f 2849/2849/39 2853/2853/39 2856/2856/39
f 2848/2848/42 2853/2853/42 2845/2845/42
f 2848/2848/42 2856/2856/42 2853/2853/42
f 2841/2841/40 2852/2852/40 2844/2844/40
f 2841/2841/40 2849/2849/40 2852/2852/40
f 2857/2857/39 2862/2862/39 2858/2858/39
f 2857/2857/39 2861/2861/39 2862/2862/39
f 2866/2866/41 2869/2869/41 2865/2865/41
f 2866/2866/41 2870/2870/41 2869/2869/41
f 2861/2861/5 2870/2870/5 2862/2862/5
f 2861/2861/5 2869/2869/5 2870/2870/5
f 2858/2858/6 2865/2865/6 2857/2857/6
f 2858/2858/6 2866/2866/6 2865/2865/6
f 2858/2858/40 2863/2863/40 2859/2859/40
f 2858/2858/40 2862/2862/40 2863/2863/40
f 2867/2867/42 2870/2870/42 2866/2866/42
f 2867/2867/42 2871/2871/42 2870/2870/42
f 2862/2862/5 2871/2871/5 2863/2863/5
f 2862/2862/5 2870/2870/5 2871/2871/5
f 2859/2859/6 2866/2866/6 2858/2858/6
f 2859/2859/6 2867/2867/6 2866/2866/6
f 2859/2859/41 2864/2864/41 2860/2860/41
f 2859/2859/41 2863/2863/41 2864/2864/41
f 2868/2868/39 2871/2871/39 2867/2867/39
f 2868/2868/39 2872/2872/39 2871/2871/39
f 2863/2863/5 2872/2872/5 2864/2864/5
f 2863/2863/5 2871/2871/5 2872/2872/5
f 2860/2860/6 2867/2867/6 2859/2859/6
f 2860/2860/6 2868/2868/6 2867/2867/6
f 2860/2860/42 2861/2861/42 2857/2857/42
f 2860/2860/42 2864/2864/42 2861/2861/42
f 2865/2865/40 2872/2872/40 2868/2868/40
f 2865/2865/40 2869/2869/40 2872/2872/40
f 2864/2864/5 2869/2869/5 2861/2861/5
f 2864/2864/5 2872/2872/5 2869/2869/5
f 2857/2857/6 2868/2868/6 2860/2860/6
f 2857/2857/6 2865/2865/6 2868/2868/6
f 2873/2873/39 2878/2878/39 2874/2874/39
f 2873/2873/39 2877/2877/39 2878/2878/39
f 2882/2882/41 2885/2885/41 2881/2881/41
f 2882/2882/41 2886/2886/41 2885/2885/41
f 2877/2877/5 2886/2886/5 2878/2878/5
f 2877/2877/5 2885/2885/5 2886/2886/5
f 2874/2874/6 2881/2881/6 2873/2873/6
f 2874/2874/6 2882/2882/6 2881/2881/6
f 2874/2874/40 2879/2879/40 2875/2875/40
f 2874/2874/40 2878/2878/40 2879/2879/40
f 2883/2883/42 2886/2886/42 2882/2882/42
f 2883/2883/42 2887/2887/42 2886/2886/42
f 2878/2878/5 2887/2887/5 2879/2879/5
f 2878/2878/5 2886/2886/5 2887/2887/5
f 2875/2875/6 2882/2882/6 2874/2874/6
f 2875/2875/6 2883/2883/6 2882/2882/6
f 2875/2875/41 2880/2880/41 2876/2876/41
f 2875/2875/41 2879/2879/41 2880/2880/41
f 2884/2884/39 2887/2887/39 2883/2883/39
f 2884/2884/39 2888/2888/39 2887/2887/39
f 2879/2879/5 2888/2888/5 2880/2880/5
f 2879/2879/5 2887/2887/5 2888/2888/5
f 2876/2876/6 2883/2883/6 2875/2875/6
f 2876/2876/6 2884/2884/6 2883/2883/6
f 2876/2876/42 2877/2877/42 2873/2873/42
f 2876/2876/42 2880/2880/42 2877/2877/42
f 2881/2881/40 2888/2888/40 2884/2884/40
f 2881/2881/40 2885/2885/40 2888/2888/40
f 2880/2880/5 2885/2885/5 2877/2877/5
f 2880/2880/5 2888/2888/5 2885/2885/5
f 2873/2873/6 2884/2884/6 2876/2876/6
f 2873/2873/6 2881/2881/6 2884/2884/6
f 2889/2889/39 2894/2894/39 2890/2890/39
f 2889/2889/39 2893/2893/39 2894/2894/39
f 2898/2898/41 2901/2901/41 2897/2897/41
f 2898/2898/41 2902/2902/41 2901/2901/41
f 2893/2893/5 2902/2902/5 2894/2894/5
f 2893/2893/5 2901/2901/5 2902/2902/5
f 2890/2890/6 2897/2897/6 2889/2889/6
f 2890/2890/6 2898/2898/6 2897/2897/6
f 2890/2890/40 2895/2895/40 2891/2891/40
f 2890/2890/40 2894/2894/40 2895/2895/40
f 2899/2899/42 2902/2902/42 2898/2898/42
f 2899/2899/42 2903/2903/42 2902/2902/42
f 2894/2894/5 2903/2903/5 2895/2895/5
f 2894/2894/5 2902/2902/5 2903/2903/5
f 2891/2891/6 2898/2898/6 2890/2890/6
f 2891/2891/6 2899/2899/6 2898/2898/6
f 2891/2891/41 2896/2896/41 2892/2892/41
f 2891/2891/41 2895/2895/41 2896/2896/41
f 2900/2900/39 2903/2903/39 2899/2899/39
f 2900/2900/39 2904/2904/39 2903/2903/39
f 2895/2895/5 2904/2904/5 2896/2896/5
f 2895/2895/5 2903/2903/5 2904/2904/5
f 2892/2892/6 2899/2899/6 2891/2891/6
f 2892/2892/6 2900/2900/6 2899/2899/6
f 2892/2892/42 2893/2893/42 2889/2889/42
f 2892/2892/42 2896/2896/42 2893/2893/42
f 2897/2897/40 2904/2904/40 2900/2900/40
f 2897/2897/40 2901/2901/40 2904/2904/40
f 2896/2896/5 2901/2901/5 2893/2893/5
f 2896/2896/5 2904/2904/5 2901/2901/5
f 2889/2889/6 2900/2900/6 2892/2892/6
f 2889/2889/6 2897/2897/6 2900/2900/6
f 2905/2905/40 2906/2906/40 2910/2910/40
f 2905/2905/40 2910/2910/40 2909/2909/40
f 2906/2906/39 2907/2907/39 2911/2911/39
f 2906/2906/39 2911/2911/39 2910/2910/39
f 2907/2907/42 2908/2908/42 2912/2912/42
f 2907/2907/42 2912/2912/42 2911/2911/42
f 2908/2908/41 2905/2905/41 2909/2909/41
f 2908/2908/41 2909/2909/41 2912/2912/41
f 2909/2909/5 2910/2910/5 2911/2911/5
f 2909/2909/5 2911/2911/5 2912/2912/5
f 2908/2908/6 2907/2907/6 2906/2906/6
f 2908/2908/6 2906/2906/6 2905/2905/6
f 2913/2913/41 2914/2914/41 2918/2918/41
f 2913/2913/41 2918/2918/41 2917/2917/41
f 2914/2914/40 2915/2915/40 2919/2919/40
f 2914/2914/40 2919/2919/40 2918/2918/40
f 2915/2915/39 2916/2916/39 2920/2920/39
f 2915/2915/39 2920/2920/39 2919/2919/39
f 2916/2916/42 2913/2913/42 2917/2917/42
f 2916/2916/42 2917/2917/42 2920/2920/42
f 2917/2917/5 2918/2918/5 2919/2919/5
f 2917/2917/5 2919/2919/5 2920/2920/5
f 2916/2916/6 2915/2915/6 2914/2914/6
f 2916/2916/6 2914/2914/6 2913/2913/6
f 2921/2921/40 2922/2922/40 2926/2926/40
f 2921/2921/40 2926/2926/40 2925/2925/40
f 2922/2922/39 2923/2923/39 2927/2927/39
f 2922/2922/39 2927/2927/39 2926/2926/39
f 2923/2923/42 2924/2924/42 2928/2928/42
f 2923/2923/42 2928/2928/42 2927/2927/42
f 2924/2924/41 2921/2921/41 2925/2925/41
f 2924/2924/41 2925/2925/41 2928/2928/41
f 2925/2925/5 2926/2926/5 2927/2927/5
f 2925/2925/5 2927/2927/5 2928/2928/5
f 2924/2924/6 2923/2923/6 2922/2922/6
f 2924/2924/6 2922/2922/6 2921/2921/6
f 2929/2929/41 2930/2930/41 2934/2934/41
f 2929/2929/41 2934/2934/41 2933/2933/41
f 2930/2930/40 2931/2931/40 2935/2935/40
f 2930/2930/40 2935/2935/40 2934/2934/40
f 2931/2931/39 2932/2932/39 2936/2936/39
f 2931/2931/39 2936/2936/39 2935/2935/39
f 2932/2932/42 2929/2929/42 2933/2933/42
f 2932/2932/42 2933/2933/42 2936/2936/42
f 2933/2933/5 2934/2934/5 2935/2935/5
f 2933/2933/5 2935/2935/5 2936/2936/5
f 2932/2932/6 2931/2931/6 2930/2930/6
f 2932/2932/6 2930/2930/6 2929/2929/6
f 2937/2937/41 2938/2938/41 2942/2942/41
f 2937/2937/41 2942/2942/41 2941/2941/41
f 2938/2938/40 2939/2939/40 2943/2943/40
f 2938/2938/40 2943/2943/40 2942/2942/40
f 2939/2939/39 2940/2940/39 2944/2944/39
f 2939/2939/39 2944/2944/39 2943/2943/39
f 2940/2940/42 2937/2937/42 2941/2941/42
f 2940/2940/42 2941/2941/42 2944/2944/42
f 2941/2941/5 2942/2942/5 2943/2943/5
f 2941/2941/5 2943/2943/5 2944/2944/5
f 2940/2940/6 2939/2939/6 2938/2938/6
f 2940/2940/6 2938/2938/6 2937/2937/6
f 2945/2945/42 2946/2946/42 2950/2950/42
f 2945/2945/42 2950/2950/42 2949/2949/42
f 2946/2946/41 2947/2947/41 2951/2951/41
f 2946/2946/41 2951/2951/41 2950/2950/41
f 2947/2947/40 2948/2948/40 2952/2952/40
f 2947/2947/40 2952/2952/40 2951/2951/40
f 2948/2948/39 2945/2945/39 2949/2949/39
f 2948/2948/39 2949/2949/39 2952/2952/39
f 2949/2949/5 2950/2950/5 2951/2951/5
f 2949/2949/5 2951/2951/5 2952/2952/5
f 2948/2948/6 2947/2947/6 2946/2946/6
f 2948/2948/6 2946/2946/6 2945/2945/6
f 2953/2953/41 2954/2954/41 2958/2958/41
f 2953/2953/41 2958/2958/41 2957/2957/41
f 2954/2954/40 2955/2955/40 2959/2959/40
f 2954/2954/40 2959/2959/40 2958/2958/40
f 2955/2955/39 2956/2956/39 2960/2960/39
f 2955/2955/39 2960/2960/39 2959/2959/39
f 2956/2956/42 2953/2953/42 2957/2957/42
f 2956/2956/42 2957/2957/42 2960/2960/42
f 2957/2957/5 2958/2958/5 2959/2959/5
f 2957/2957/5 2959/2959/5 2960/2960/5
f 2956/2956/6 2955/2955/6 2954/2954/6
f 2956/2956/6 2954/2954/6 2953/2953/6
f 2961/2961/42 2962/2962/42 2966/2966/42
f 2961/2961/42 2966/2966/42 2965/2965/42
f 2962/2962/41 2963/2963/41 2967/2967/41
f 2962/2962/41 2967/2967/41 2966/2966/41
f 2963/2963/40 2964/2964/40 2968/2968/40
f 2963/2963/40 2968/2968/40 2967/2967/40
f 2964/2964/39 2961/2961/39 2965/2965/39
f 2964/2964/39 2965/2965/39 2968/2968/39
f 2965/2965/5 2966/2966/5 2967/2967/5
f 2965/2965/5 2967/2967/5 2968/2968/5
f 2964/2964/6 2963/2963/6 2962/2962/6
f 2964/2964/6 2962/2962/6 2961/2961/6
f 2969/2969/42 2970/2970/42 2974/2974/42
f 2969/2969/42 2974/2974/42 2973/2973/42
f 2970/2970/41 2971/2971/41 2975/2975/41
f 2970/2970/41 2975/2975/41 2974/2974/41
f 2971/2971/40 2972/2972/40 2976/2976/40
f 2971/2971/40 2976/2976/40 2975/2975/40
f 2972/2972/39 2969/2969/39 2973/2973/39
f 2972/2972/39 2973/2973/39 2976/2976/39
f 2973/2973/5 2974/2974/5 2975/2975/5
f 2973/2973/5 2975/2975/5 2976/2976/5
f 2972/2972/6 2971/2971/6 2970/2970/6
f 2972/2972/6 2970/2970/6 2969/2969/6
f 2977/2977/39 2978/2978/39 2982/2982/39
f 2977/2977/39 2982/2982/39 2981/2981/39
f 2978/2978/42 2979/2979/42 2983/2983/42
f 2978/2978/42 2983/2983/42 2982/2982/42
f 2979/2979/41 2980/2980/41 2984/2984/41
f 2979/2979/41 2984/2984/41 2983/2983/41
f 2980/2980/40 2977/2977/40 2981/2981/40
f 2980/2980/40 2981/2981/40 2984/2984/40
f 2981/2981/5 2982/2982/5 2983/2983/5
f 2981/2981/5 2983/2983/5 2984/2984/5
f 2980/2980/6 2979/2979/6 2978/2978/6
f 2980/2980/6 2978/2978/6 2977/2977/6
f 2985/2985/42 2986/2986/42 2990/2990/42
f 2985/2985/42 2990/2990/42 2989/2989/42
f 2986/2986/41 2987/2987/41 2991/2991/41
f 2986/2986/41 2991/2991/41 2990/2990/41
f 2987/2987/40 2988/2988/40 2992/2992/40
f 2987/2987/40 2992/2992/40 2991/2991/40
f 2988/2988/39 2985/2985/39 2989/2989/39
f 2988/2988/39 2989/2989/39 2992/2992/39
f 2989/2989/5 2990/2990/5 2991/2991/5
f 2989/2989/5 2991/2991/5 2992/2992/5
f 2988/2988/6 2987/2987/6 2986/2986/6
f 2988/2988/6 2986/2986/6 2985/2985/6
f 2993/2993/39 2994/2994/39 2998/2998/39
f 2993/2993/39 2998/2998/39 2997/2997/39
f 2994/2994/42 2995/2995/42 2999/2999/42
f 2994/2994/42 2999/2999/42 2998/2998/42
f 2995/2995/41 2996/2996/41 3000/3000/41
f 2995/2995/41 3000/3000/41 2999/2999/41
f 2996/2996/40 2993/2993/40 2997/2997/40
f 2996/2996/40 2997/2997/40 3000/3000/40
f 2997/2997/5 2998/2998/5 2999/2999/5
f 2997/2997/5 2999/2999/5 3000/3000/5
f 2996/2996/6 2995/2995/6 2994/2994/6
f 2996/2996/6 2994/2994/6 2993/2993/6
f 3001/3001/39 3002/3002/39 3006/3006/39
f 3001/3001/39 3006/3006/39 3005/3005/39
f 3002/3002/42 3003/3003/42 3007/3007/42
f 3002/3002/42 3007/3007/42 3006/3006/42
f 3003/3003/41 3004/3004/41 3008/3008/41
f 3003/3003/41 3008/3008/41 3007/3007/41
f 3004/3004/40 3001/3001/40 3005/3005/40
f 3004/3004/40 3005/3005/40 3008/3008/40
f 3005/3005/5 3006/3006/5 3007/3007/5
f 3005/3005/5 3007/3007/5 3008/3008/5
f 3004/3004/6 3003/3003/6 3002/3002/6
f 3004/3004/6 3002/3002/6 3001/3001/6
f 3009/3009/40 3010/3010/40 3014/3014/40
f 3009/3009/40 3014/3014/40 3013/3013/40
f 3010/3010/39 3011/3011/39 3015/3015/39
f 3010/3010/39 3015/3015/39 3014/3014/39
f 3011/3011/42 3012/3012/42 3016/3016/42
f 3011/3011/42 3016/3016/42 3015/3015/42
f 3012/3012/41 3009/3009/41 3013/3013/41
f 3012/3012/41 3013/3013/41 3016/3016/41
f 3013/3013/5 3014/3014/5 3015/3015/5
f 3013/3013/5 3015/3015/5 3016/3016/5
f 3012/3012/6 3011/3011/6 3010/3010/6
f 3012/3012/6 3010/3010/6 3009/3009/6
f 3017/3017/39 3018/3018/39 3022/3022/39
f 3017/3017/39 3022/3022/39 3021/3021/39
f 3018/3018/42 3019/3019/42 3023/3023/42
f 3018/3018/42 3023/3023/42 3022/3022/42
f 3019/3019/41 3020/3020/41 3024/3024/41
f 3019/3019/41 3024/3024/41 3023/3023/41
f 3020/3020/40 3017/3017/40 3021/3021/40
f 3020/3020/40 3021/3021/40 3024/3024/40
f 3021/3021/5 3022/3022/5 3023/3023/5
f 3021/3021/5 3023/3023/5 3024/3024/5
f 3020/3020/6 3019/3019/6 3018/3018/6
f 3020/3020/6 3018/3018/6 3017/3017/6
f 3025/3025/40 3026/3026/40 3030/3030/40
f 3025/3025/40 3030/3030/40 3029/3029/40
f 3026/3026/39 3027/3027/39 3031/3031/39
f 3026/3026/39 3031/3031/39 3030/3030/39
f 3027/3027/42 3028/3028/42 3032/3032/42
f 3027/3027/42 3032/3032/42 3031/3031/42
f 3028/3028/41 3025/3025/41 3029/3029/41
f 3028/3028/41 3029/3029/41 3032/3032/41
f 3029/3029/5 3030/3030/5 3031/3031/5
f 3029/3029/5 3031/3031/5 3032/3032/5
f 3028/3028/6 3027/3027/6 3026/3026/6
f 3028/3028/6 3026/3026/6 3025/3025/6
f 3033/3033/51 3042/3042/51 3034/3034/51
f 3033/3033/51 3041/3041/51 3042/3042/51
f 3034/3034/52 3043/3043/52 3035/3035/52
f 3034/3034/52 3042/3042/52 3043/3043/52
f 3035/3035/53 3044/3044/53 3036/3036/53
f 3035/3035/53 3043/3043/53 3044/3044/53
f 3036/3036/54 3045/3045/54 3037/3037/54
f 3036/3036/54 3044/3044/54 3045/3045/54
f 3037/3037/55 3046/3046/55 3038/3038/55
f 3037/3037/55 3045/3045/55 3046/3046/55
f 3038/3038/56 3047/3047/56 3039/3039/56
f 3038/3038/56 3046/3046/56 3047/3047/56
f 3039/3039/57 3048/3048/57 3040/3040/57
f 3039/3039/57 3047/3047/57 3048/3048/57
f 3040/3040/58 3041/3041/58 3033/3033/58
f 3040/3040/58 3048/3048/58 3041/3041/58
f 3041/3041/5 3043/3043/5 3042/3042/5
f 3041/3041/5 3044/3044/5 3043/3043/5
f 3041/3041/5 3045/3045/5 3044/3044/5
f 3041/3041/5 3046/3046/5 3045/3045/5
f 3041/3041/5 3047/3047/5 3046/3046/5
f 3041/3041/5 3048/3048/5 3047/3047/5
f 3040/3040/6 3038/3038/6 3039/3039/6
f 3040/3040/6 3037/3037/6 3038/3038/6
f 3040/3040/6 3036/3036/6 3037/3037/6
f 3040/3040/6 3035/3035/6 3036/3036/6
f 3040/3040/6 3034/3034/6 3035/3035/6
f 3040/3040/6 3033/3033/6 3034/3034/6
f 3049/3049/59 3054/3054/59 3050/3050/59
f 3049/3049/59 3053/3053/59 3054/3054/59
f 3050/3050/60 3055/3055/60 3051/3051/60
f 3050/3050/60 3054/3054/60 3055/3055/60
f 3051/3051/61 3056/3056/61 3052/3052/61
f 3051/3051/61 3055/3055/61 3056/3056/61
f 3052/3052/62 3053/3053/62 3049/3049/62
f 3052/3052/62 3056/3056/62 3053/3053/62
f 3053/3053/5 3055/3055/5 3054/3054/5
f 3053/3053/5 3056/3056/5 3055/3055/5
f 3052/3052/6 3050/3050/6 3051/3051/6
f 3052/3052/6 3049/3049/6 3050/3050/6
f 3057/3057/63 3062/3062/63 3058/3058/63
f 3057/3057/63 3061/3061/63 3062/3062/63
f 3058/3058/64 3063/3063/64 3059/3059/64
f 3058/3058/64 3062/3062/64 3063/3063/64
f 3059/3059/65 3064/3064/65 3060/3060/65
f 3059/3059/65 3063/3063/65 3064/3064/65
f 3060/3060/66 3061/3061/66 3057/3057/66
f 3060/3060/66 3064/3064/66 3061/3061/66
f 3061/3061/5 3063/3063/5 3062/3062/5
f 3061/3061/5 3064/3064/5 3063/3063/5
f 3060/3060/6 3058/3058/6 3059/3059/6
f 3060/3060/6 3057/3057/6 3058/3058/6
f 3065/3065/15 3070/3070/15 3066/3066/15
f 3065/3065/15 3069/3069/15 3070/3070/15
f 3066/3066/16 3071/3071/16 3067/3067/16
f 3066/3066/16 3070/3070/16 3071/3071/16
f 3067/3067/17 3072/3072/17 3068/3068/17
f 3067/3067/17 3071/3071/17 3072/3072/17
f 3068/3068/18 3069/3069/18 3065/3065/18
f 3068/3068/18 3072/3072/18 3069/3069/18
f 3069/3069/5 3071/3071/5 3070/3070/5
f 3069/3069/5 3072/3072/5 3071/3071/5
f 3068/3068/6 3066/3066/6 3067/3067/6
f 3068/3068/6 3065/3065/6 3066/3066/6
f 3073/3073/6 3078/3078/6 3074/3074/6
f 3073/3073/6 3077/3077/6 3078/3078/6
f 3082/3082/5 3085/3085/5 3081/3081/5
f 3082/3082/5 3086/3086/5 3085/3085/5
f 3077/3077/15 3086/3086/15 3078/3078/15
f 3077/3077/15 3085/3085/15 3086/3086/15
f 3074/3074/17 3081/3081/17 3073/3073/17
f 3074/3074/17 3082/3082/17 3081/3081/17
f 3074/3074/16 3079/3079/16 3075/3075/16
f 3074/3074/16 3078/3078/16 3079/3079/16
f 3083/3083/18 3086/3086/18 3082/3082/18
f 3083/3083/18 3087/3087/18 3086/3086/18
f 3078/3078/15 3087/3087/15 3079/3079/15
f 3078/3078/15 3086/3086/15 3087/3087/15
f 3075/3075/17 3082/3082/17 3074/3074/17
f 3075/3075/17 3083/3083/17 3082/3082/17
f 3075/3075/5 3080/3080/5 3076/3076/5
f 3075/3075/5 3079/3079/5 3080/3080/5
f 3084/3084/6 3087/3087/6 3083/3083/6
f 3084/3084/6 3088/3088/6 3087/3087/6
f 3079/3079/15 3088/3088/15 3080/3080/15
f 3079/3079/15 3087/3087/15 3088/3088/15
f 3076/3076/17 3083/3083/17 3075/3075/17
f 3076/3076/17 3084/3084/17 3083/3083/17
f 3076/3076/18 3077/3077/18 3073/3073/18
f 3076/3076/18 3080/3080/18 3077/3077/18
f 3081/3081/16 3088/3088/16 3084/3084/16
f 3081/3081/16 3085/3085/16 3088/3088/16
f 3080/3080/15 3085/3085/15 3077/3077/15
f 3080/3080/15 3088/3088/15 3085/3085/15
f 3073/3073/17 3084/3084/17 3076/3076/17
f 3073/3073/17 3081/3081/17 3084/3084/17
f 3089/3089/6 3094/3094/6 3090/3090/6
f 3089/3089/6 3093/3093/6 3094/3094/6
f 3098/3098/5 3101/3101/5 3097/3097/5
f 3098/3098/5 3102/3102/5 3101/3101/5
f 3093/3093/15 3102/3102/15 3094/3094/15
f 3093/3093/15 3101/3101/15 3102/3102/15
f 3090/3090/17 3097/3097/17 3089/3089/17
f 3090/3090/17 3098/3098/17 3097/3097/17
f 3090/3090/16 3095/3095/16 3091/3091/16
f 3090/3090/16 3094/3094/16 3095/3095/16
f 3099/3099/18 3102/3102/18 3098/3098/18
f 3099/3099/18 3103/3103/18 3102/3102/18
f 3094/3094/15 3103/3103/15 3095/3095/15
f 3094/3094/15 3102/3102/15 3103/3103/15
f 3091/3091/17 3098/3098/17 3090/3090/17
f 3091/3091/17 3099/3099/17 3098/3098/17
f 3091/3091/5 3096/3096/5 3092/3092/5
f 3091/3091/5 3095/3095/5 3096/3096/5
f 3100/3100/6 3103/3103/6 3099/3099/6
f 3100/3100/6 3104/3104/6 3103/3103/6
f 3095/3095/15 3104/3104/15 3096/3096/15
f 3095/3095/15 3103/3103/15 3104/3104/15
f 3092/3092/17 3099/3099/17 3091/3091/17
f 3092/3092/17 3100/3100/17 3099/3099/17
f 3092/3092/18 3093/3093/18 3089/3089/18
f 3092/3092/18 3096/3096/18 3093/3093/18
f 3097/3097/16 3104/3104/16 3100/3100/16
f 3097/3097/16 3101/3101/16 3104/3104/16
f 3096/3096/15 3101/3101/15 3093/3093/15
f 3096/3096/15 3104/3104/15 3101/3101/15
f 3089/3089/17 3100/3100/17 3092/3092/17
f 3089/3089/17 3097/3097/17 3100/3100/17
f 3105/3105/6 3112/3112/6 3106/3106/6
f 3105/3105/6 3111/3111/6 3112/3112/6
f 3118/3118/5 3123/3123/5 3117/3117/5
f 3118/3118/5 3124/3124/5 3123/3123/5
f 3111/3111/15 3124/3124/15 3112/3112/15
f 3111/3111/15 3123/3123/15 3124/3124/15
f 3106/3106/17 3117/3117/17 3105/3105/17
f 3106/3106/17 3118/3118/17 3117/3117/17
f 3106/3106/16 3113/3113/16 3107/3107/16
f 3106/3106/16 3112/3112/16 3113/3113/16
f 3119/3119/18 3124/3124/18 3118/3118/18
f 3119/3119/18 3125/3125/18 3124/3124/18
f 3112/3112/15 3125/3125/15 3113/3113/15
f 3112/3112/15 3124/3124/15 3125/3125/15
f 3107/3107/17 3118/3118/17 3106/3106/17
f 3107/3107/17 3119/3119/17 3118/3118/17
f 3107/3107/67 3114/3114/67 3108/3108/67
f 3107/3107/67 3113/3113/67 3114/3114/67
f 3120/3120/68 3125/3125/68 3119/3119/68
f 3120/3120/68 3126/3126/68 3125/3125/68
f 3113/3113/15 3126/3126/15 3114/3114/15
f 3113/3113/15 3125/3125/15 3126/3126/15
f 3108/3108/17 3119/3119/17 3107/3107/17
f 3108/3108/17 3120/3120/17 3119/3119/17
f 3108/3108/5 3115/3115/5 3109/3109/5
f 3108/3108/5 3114/3114/5 3115/3115/5
f 3121/3121/6 3126/3126/6 3120/3120/6
f 3121/3121/6 3127/3127/6 3126/3126/6
f 3114/3114/15 3127/3127/15 3115/3115/15
f 3114/3114/15 3126/3126/15 3127/3127/15
f 3109/3109/17 3120/3120/17 3108/3108/17
f 3109/3109/17 3121/3121/17 3120/3120/17
f 3109/3109/69 3116/3116/69 3110/3110/69
f 3109/3109/69 3115/3115/69 3116/3116/69
f 3122/3122/70 3127/3127/70 3121/3121/70
f 3122/3122/70 3128/3128/70 3127/3127/70
f 3115/3115/15 3128/3128/15 3116/3116/15
f 3115/3115/15 3127/3127/15 3128/3128/15
f 3110/3110/17 3121/3121/17 3109/3109/17
f 3110/3110/17 3122/3122/17 3121/3121/17
f 3110/3110/18 3111/3111/18 3105/3105/18
f 3110/3110/18 3116/3116/18 3111/3111/18
f 3117/3117/16 3128/3128/16 3122/3122/16
f 3117/3117/16 3123/3123/16 3128/3128/16
f 3116/3116/15 3123/3123/15 3111/3111/15
f 3116/3116/15 3128/3128/15 3123/3123/15
f 3105/3105/17 3122/3122/17 3110/3110/17
f 3105/3105/17 3117/3117/17 3122/3122/17
f 3129/3129/17 3130/3130/17 3134/3134/17
f 3129/3129/17 3134/3134/17 3133/3133/17
f 3130/3130/16 3131/3131/16 3135/3135/16
f 3130/3130/16 3135/3135/16 3134/3134/16
f 3131/3131/15 3132/3132/15 3136/3136/15
f 3131/3131/15 3136/3136/15 3135/3135/15
f 3132/3132/18 3129/3129/18 3133/3133/18
f 3132/3132/18 3133/3133/18 3136/3136/18
f 3133/3133/5 3134/3134/5 3135/3135/5
f 3133/3133/5 3135/3135/5 3136/3136/5
f 3132/3132/6 3131/3131/6 3130/3130/6
f 3132/3132/6 3130/3130/6 3129/3129/6
f 3137/3137/6 3142/3142/6 3138/3138/6
f 3137/3137/6 3141/3141/6 3142/3142/6
f 3146/3146/5 3149/3149/5 3145/3145/5
f 3146/3146/5 3150/3150/5 3149/3149/5
f 3141/3141/16 3150/3150/16 3142/3142/16
f 3141/3141/16 3149/3149/16 3150/3150/16
f 3138/3138/18 3145/3145/18 3137/3137/18
f 3138/3138/18 3146/3146/18 3145/3145/18
f 3138/3138/17 3143/3143/17 3139/3139/17
f 3138/3138/17 3142/3142/17 3143/3143/17
f 3147/3147/15 3150/3150/15 3146/3146/15
f 3147/3147/15 3151/3151/15 3150/3150/15
f 3142/3142/16 3151/3151/16 3143/3143/16
f 3142/3142/16 3150/3150/16 3151/3151/16
f 3139/3139/18 3146/3146/18 3138/3138/18
f 3139/3139/18 3147/3147/18 3146/3146/18
f 3139/3139/5 3144/3144/5 3140/3140/5
f 3139/3139/5 3143/3143/5 3144/3144/5
f 3148/3148/6 3151/3151/6 3147/3147/6
f 3148/3148/6 3152/3152/6 3151/3151/6
f 3143/3143/16 3152/3152/16 3144/3144/16
f 3143/3143/16 3151/3151/16 3152/3152/16
f 3140/3140/18 3147/3147/18 3139/3139/18
f 3140/3140/18 3148/3148/18 3147/3147/18
f 3140/3140/15 3141/3141/15 3137/3137/15
f 3140/3140/15 3144/3144/15 3141/3141/15
f 3145/3145/17 3152/3152/17 3148/3148/17
f 3145/3145/17 3149/3149/17 3152/3152/17
f 3144/3144/16 3149/3149/16 3141/3141/16
f 3144/3144/16 3152/3152/16 3149/3149/16
f 3137/3137/18 3148/3148/18 3140/3140/18
f 3137/3137/18 3145/3145/18 3148/3148/18
f 3153/3153/6 3158/3158/6 3154/3154/6
f 3153/3153/6 3157/3157/6 3158/3158/6
f 3162/3162/5 3165/3165/5 3161/3161/5
f 3162/3162/5 3166/3166/5 3165/3165/5
f 3157/3157/17 3166/3166/17 3158/3158/17
f 3157/3157/17 3165/3165/17 3166/3166/17
f 3154/3154/15 3161/3161/15 3153/3153/15
f 3154/3154/15 3162/3162/15 3161/3161/15
f 3154/3154/18 3159/3159/18 3155/3155/18
f 3154/3154/18 3158/3158/18 3159/3159/18
f 3163/3163/16 3166/3166/16 3162/3162/16
f 3163/3163/16 3167/3167/16 3166/3166/16
f 3158/3158/17 3167/3167/17 3159/3159/17
f 3158/3158/17 3166/3166/17 3167/3167/17
f 3155/3155/15 3162/3162/15 3154/3154/15
f 3155/3155/15 3163/3163/15 3162/3162/15
f 3155/3155/5 3160/3160/5 3156/3156/5
f 3155/3155/5 3159/3159/5 3160/3160/5
f 3164/3164/6 3167/3167/6 3163/3163/6
f 3164/3164/6 3168/3168/6 3167/3167/6
f 3159/3159/17 3168/3168/17 3160/3160/17
f 3159/3159/17 3167/3167/17 3168/3168/17
f 3156/3156/15 3163/3163/15 3155/3155/15
f 3156/3156/15 3164/3164/15 3163/3163/15
f 3156/3156/16 3157/3157/16 3153/3153/16
f 3156/3156/16 3160/3160/16 3157/3157/16
f 3161/3161/18 3168/3168/18 3164/3164/18
f 3161/3161/18 3165/3165/18 3168/3168/18
f 3160/3160/17 3165/3165/17 3157/3157/17
f 3160/3160/17 3168/3168/17 3165/3165/17
f 3153/3153/15 3164/3164/15 3156/3156/15
f 3153/3153/15 3161/3161/15 3164/3164/15
f 3169/3169/6 3174/3174/6 3170/3170/6
f 3169/3169/6 3173/3173/6 3174/3174/6
f 3178/3178/5 3181/3181/5 3177/3177/5
f 3178/3178/5 3182/3182/5 3181/3181/5
f 3173/3173/17 3182/3182/17 3174/3174/17
f 3173/3173/17 3181/3181/17 3182/3182/17
f 3170/3170/15 3177/3177/15 3169/3169/15
f 3170/3170/15 3178/3178/15 3177/3177/15
f 3170/3170/18 3175/3175/18 3171/3171/18
f 3170/3170/18 3174/3174/18 3175/3175/18
f 3179/3179/16 3182/3182/16 3178/3178/16
f 3179/3179/16 3183/3183/16 3182/3182/16
f 3174/3174/17 3183/3183/17 3175/3175/17
f 3174/3174/17 3182/3182/17 3183/3183/17
f 3171/3171/15 3178/3178/15 3170/3170/15
f 3171/3171/15 3179/3179/15 3178/3178/15
f 3171/3171/5 3176/3176/5 3172/3172/5
f 3171/3171/5 3175/3175/5 3176/3176/5
f 3180/3180/6 3183/3183/6 3179/3179/6
f 3180/3180/6 3184/3184/6 3183/3183/6
f 3175/3175/17 3184/3184/17 3176/3176/17
f 3175/3175/17 3183/3183/17 3184/3184/17
f 3172/3172/15 3179/3179/15 3171/3171/15
f 3172/3172/15 3180/3180/15 3179/3179/15
f 3172/3172/16 3173/3173/16 3169/3169/16
f 3172/3172/16 3176/3176/16 3173/3173/16
f 3177/3177/18 3184/3184/18 3180/3180/18
f 3177/3177/18 3181/3181/18 3184/3184/18
f 3176/3176/17 3181/3181/17 3173/3173/17
f 3176/3176/17 3184/3184/17 3181/3181/17
f 3169/3169/15 3180/3180/15 3172/3172/15
f 3169/3169/15 3177/3177/15 3180/3180/15
f 3185/3185/6 3190/3190/6 3186/3186/6
f 3185/3185/6 3189/3189/6 3190/3190/6
f 3194/3194/5 3197/3197/5 3193/3193/5
f 3194/3194/5 3198/3198/5 3197/3197/5
f 3189/3189/17 3198/3198/17 3190/3190/17
f 3189/3189/17 3197/3197/17 3198/3198/17
f 3186/3186/15 3193/3193/15 3185/3185/15
f 3186/3186/15 3194/3194/15 3193/3193/15
f 3186/3186/18 3191/3191/18 3187/3187/18
f 3186/3186/18 3190/3190/18 3191/3191/18
f 3195/3195/16 3198/3198/16 3194/3194/16
f 3195/3195/16 3199/3199/16 3198/3198/16
f 3190/3190/17 3199/3199/17 3191/3191/17
f 3190/3190/17 3198/3198/17 3199/3199/17
f 3187/3187/15 3194/3194/15 3186/3186/15
f 3187/3187/15 3195/3195/15 3194/3194/15
f 3187/3187/5 3192/3192/5 3188/3188/5
f 3187/3187/5 3191/3191/5 3192/3192/5
f 3196/3196/6 3199/3199/6 3195/3195/6
f 3196/3196/6 3200/3200/6 3199/3199/6
f 3191/3191/17 3200/3200/17 3192/3192/17
f 3191/3191/17 3199/3199/17 3200/3200/17
f 3188/3188/15 3195/3195/15 3187/3187/15
f 3188/3188/15 3196/3196/15 3195/3195/15
f 3188/3188/16 3189/3189/16 3185/3185/16
f 3188/3188/16 3192/3192/16 3189/3189/16
f 3193/3193/18 3200/3200/18 3196/3196/18
f 3193/3193/18 3197/3197/18 3200/3200/18
f 3192/3192/17 3197/3197/17 3189/3189/17
f 3192/3192/17 3200/3200/17 3197/3197/17
f 3185/3185/15 3196/3196/15 3188/3188/15
f 3185/3185/15 3193/3193/15 3196/3196/15
f 3201/3201/6 3206/3206/6 3202/3202/6
f 3201/3201/6 3205/3205/6 3206/3206/6
f 3210/3210/5 3213/3213/5 3209/3209/5
f 3210/3210/5 3214/3214/5 3213/3213/5
f 3205/3205/18 3214/3214/18 3206/3206/18
f 3205/3205/18 3213/3213/18 3214/3214/18
f 3202/3202/16 3209/3209/16 3201/3201/16
f 3202/3202/16 3210/3210/16 3209/3209/16
f 3202/3202/15 3207/3207/15 3203/3203/15
f 3202/3202/15 3206/3206/15 3207/3207/15
f 3211/3211/17 3214/3214/17 3210/3210/17
f 3211/3211/17 3215/3215/17 3214/3214/17
f 3206/3206/18 3215/3215/18 3207/3207/18
f 3206/3206/18 3214/3214/18 3215/3215/18
f 3203/3203/16 3210/3210/16 3202/3202/16
f 3203/3203/16 3211/3211/16 3210/3210/16
f 3203/3203/5 3208/3208/5 3204/3204/5
f 3203/3203/5 3207/3207/5 3208/3208/5
f 3212/3212/6 3215/3215/6 3211/3211/6
f 3212/3212/6 3216/3216/6 3215/3215/6
f 3207/3207/18 3216/3216/18 3208/3208/18
f 3207/3207/18 3215/3215/18 3216/3216/18
f 3204/3204/16 3211/3211/16 3203/3203/16
f 3204/3204/16 3212/3212/16 3211/3211/16
f 3204/3204/17 3205/3205/17 3201/3201/17
f 3204/3204/17 3208/3208/17 3205/3205/17
f 3209/3209/15 3216/3216/15 3212/3212/15
f 3209/3209/15 3213/3213/15 3216/3216/15
f 3208/3208/18 3213/3213/18 3205/3205/18
f 3208/3208/18 3216/3216/18 3213/3213/18
f 3201/3201/16 3212/3212/16 3204/3204/16
f 3201/3201/16 3209/3209/16 3212/3212/16
f 3217/3217/15 3222/3222/15 3218/3218/15
f 3217/3217/15 3221/3221/15 3222/3222/15
f 3226/3226/17 3229/3229/17 3225/3225/17
f 3226/3226/17 3230/3230/17 3229/3229/17
f 3221/3221/5 3230/3230/5 3222/3222/5
f 3221/3221/5 3229/3229/5 3230/3230/5
f 3218/3218/6 3225/3225/6 3217/3217/6
f 3218/3218/6 3226/3226/6 3225/3225/6
f 3218/3218/16 3223/3223/16 3219/3219/16
f 3218/3218/16 3222/3222/16 3223/3223/16
f 3227/3227/18 3230/3230/18 3226/3226/18
f 3227/3227/18 3231/3231/18 3230/3230/18
f 3222/3222/5 3231/3231/5 3223/3223/5
f 3222/3222/5 3230/3230/5 3231/3231/5
f 3219/3219/6 3226/3226/6 3218/3218/6
f 3219/3219/6 3227/3227/6 3226/3226/6
f 3219/3219/17 3224/3224/17 3220/3220/17
f 3219/3219/17 3223/3223/17 3224/3224/17
f 3228/3228/15 3231/3231/15 3227/3227/15
f 3228/3228/15 3232/3232/15 3231/3231/15
f 3223/3223/5 3232/3232/5 3224/3224/5
f 3223/3223/5 3231/3231/5 3232/3232/5
f 3220/3220/6 3227/3227/6 3219/3219/6
f 3220/3220/6 3228/3228/6 3227/3227/6
f 3220/3220/18 3221/3221/18 3217/3217/18
f 3220/3220/18 3224/3224/18 3221/3221/18
f 3225/3225/16 3232/3232/16 3228/3228/16
f 3225/3225/16 3229/3229/16 3232/3232/16
f 3224/3224/5 3229/3229/5 3221/3221/5
f 3224/3224/5 3232/3232/5 3229/3229/5
f 3217/3217/6 3228/3228/6 3220/3220/6
f 3217/3217/6 3225/3225/6 3228/3228/6
f 3233/3233/15 3238/3238/15 3234/3234/15
f 3233/3233/15 3237/3237/15 3238/3238/15
f 3242/3242/17 3245/3245/17 3241/3241/17
f 3242/3242/17 3246/3246/17 3245/3245/17
f 3237/3237/5 3246/3246/5 3238/3238/5
f 3237/3237/5 3245/3245/5 3246/3246/5
f 3234/3234/6 3241/3241/6 3233/3233/6
f 3234/3234/6 3242/3242/6 3241/3241/6
f 3234/3234/16 3239/3239/16 3235/3235/16
f 3234/3234/16 3238/3238/16 3239/3239/16
f 3243/3243/18 3246/3246/18 3242/3242/18
f 3243/3243/18 3247/3247/18 3246/3246/18
f 3238/3238/5 3247/3247/5 3239/3239/5
f 3238/3238/5 3246/3246/5 3247/3247/5
f 3235/3235/6 3242/3242/6 3234/3234/6
f 3235/3235/6 3243/3243/6 3242/3242/6
f 3235/3235/17 3240/3240/17 3236/3236/17
f 3235/3235/17 3239/3239/17 3240/3240/17
f 3244/3244/15 3247/3247/15 3243/3243/15
f 3244/3244/15 3248/3248/15 3247/3247/15
f 3239/3239/5 3248/3248/5 3240/3240/5
f 3239/3239/5 3247/3247/5 3248/3248/5
f 3236/3236/6 3243/3243/6 3235/3235/6
f 3236/3236/6 3244/3244/6 3243/3243/6
f 3236/3236/18 3237/3237/18 3233/3233/18
f 3236/3236/18 3240/3240/18 3237/3237/18
f 3241/3241/16 3248/3248/16 3244/3244/16
f 3241/3241/16 3245/3245/16 3248/3248/16
f 3240/3240/5 3245/3245/5 3237/3237/5
f 3240/3240/5 3248/3248/5 3245/3245/5
f 3233/3233/6 3244/3244/6 3236/3236/6
f 3233/3233/6 3241/3241/6 3244/3244/6
f 3249/3249/15 3254/3254/15 3250/3250/15
f 3249/3249/15 3253/3253/15 3254/3254/15
f 3258/3258/17 3261/3261/17 3257/3257/17
f 3258/3258/17 3262/3262/17 3261/3261/17
f 3253/3253/5 3262/3262/5 3254/3254/5
f 3253/3253/5 3261/3261/5 3262/3262/5
f 3250/3250/6 3257/3257/6 3249/3249/6
f 3250/3250/6 3258/3258/6 3257/3257/6
f 3250/3250/16 3255/3255/16 3251/3251/16
f 3250/3250/16 3254/3254/16 3255/3255/16
f 3259/3259/18 3262/3262/18 3258/3258/18
f 3259/3259/18 3263/3263/18 3262/3262/18
f 3254/3254/5 3263/3263/5 3255/3255/5
f 3254/3254/5 3262/3262/5 3263/3263/5
f 3251/3251/6 3258/3258/6 3250/3250/6
f 3251/3251/6 3259/3259/6 3258/3258/6
f 3251/3251/17 3256/3256/17 3252/3252/17
f 3251/3251/17 3255/3255/17 3256/3256/17
f 3260/3260/15 3263/3263/15 3259/3259/15
f 3260/3260/15 3264/3264/15 3263/3263/15
f 3255/3255/5 3264/3264/5 3256/3256/5
f 3255/3255/5 3263/3263/5 3264/3264/5
f 3252/3252/6 3259/3259/6 3251/3251/6
f 3252/3252/6 3260/3260/6 3259/3259/6
f 3252/3252/18 3253/3253/18 3249/3249/18
f 3252/3252/18 3256/3256/18 3253/3253/18
f 3257/3257/16 3264/3264/16 3260/3260/16
f 3257/3257/16 3261/3261/16 3264/3264/16
f 3256/3256/5 3261/3261/5 3253/3253/5
f 3256/3256/5 3264/3264/5 3261/3261/5
f 3249/3249/6 3260/3260/6 3252/3252/6
f 3249/3249/6 3257/3257/6 3260/3260/6
f 3265/3265/16 3266/3266/16 3270/3270/16
f 3265/3265/16 3270/3270/16 3269/3269/16
f 3266/3266/15 3267/3267/15 3271/3271/15
f 3266/3266/15 3271/3271/15 3270/3270/15
f 3267/3267/18 3268/3268/18 3272/3272/18
f 3267/3267/18 3272/3272/18 3271/3271/18
f 3268/3268/17 3265/3265/17 3269/3269/17
f 3268/3268/17 3269/3269/17 3272/3272/17
f 3269/3269/5 3270/3270/5 3271/3271/5
f 3269/3269/5 3271/3271/5 3272/3272/5
f 3268/3268/6 3267/3267/6 3266/3266/6
f 3268/3268/6 3266/3266/6 3265/3265/6
f 3273/3273/17 3274/3274/17 3278/3278/17
f 3273/3273/17 3278/3278/17 3277/3277/17
f 3274/3274/16 3275/3275/16 3279/3279/16
f 3274/3274/16 3279/3279/16 3278/3278/16
f 3275/3275/15 3276/3276/15 3280/3280/15
f 3275/3275/15 3280/3280/15 3279/3279/15
f 3276/3276/18 3273/3273/18 3277/3277/18
f 3276/3276/18 3277/3277/18 3280/3280/18
f 3277/3277/5 3278/3278/5 3279/3279/5
f 3277/3277/5 3279/3279/5 3280/3280/5
f 3276/3276/6 3275/3275/6 3274/3274/6
f 3276/3276/6 3274/3274/6 3273/3273/6
f 3281/3281/16 3282/3282/16 3286/3286/16
f 3281/3281/16 3286/3286/16 3285/3285/16
f 3282/3282/15 3283/3283/15 3287/3287/15
f 3282/3282/15 3287/3287/15 3286/3286/15
f 3283/3283/18 3284/3284/18 3288/3288/18
f 3283/3283/18 3288/3288/18 3287/3287/18
f 3284/3284/17 3281/3281/17 3285/3285/17
f 3284/3284/17 3285/3285/17 3288/3288/17
f 3285/3285/5 3286/3286/5 3287/3287/5
f 3285/3285/5 3287/3287/5 3288/3288/5
f 3284/3284/6 3283/3283/6 3282/3282/6
f 3284/3284/6 3282/3282/6 3281/3281/6
f 3289/3289/17 3290/3290/17 3294/3294/17
f 3289/3289/17 3294/3294/17 3293/3293/17
f 3290/3290/16 3291/3291/16 3295/3295/16
f 3290/3290/16 3295/3295/16 3294/3294/16
f 3291/3291/15 3292/3292/15 3296/3296/15
f 3291/3291/15 3296/3296/15 3295/3295/15
f 3292/3292/18 3289/3289/18 3293/3293/18
f 3292/3292/18 3293/3293/18 3296/3296/18
f 3293/3293/5 3294/3294/5 3295/3295/5
f 3293/3293/5 3295/3295/5 3296/3296/5
f 3292/3292/6 3291/3291/6 3290/3290/6
f 3292/3292/6 3290/3290/6 3289/3289/6
f 3297/3297/17 3298/3298/17 3302/3302/17
f 3297/3297/17 3302/3302/17 3301/3301/17
f 3298/3298/16 3299/3299/16 3303/3303/16
f 3298/3298/16 3303/3303/16 3302/3302/16
f 3299/3299/15 3300/3300/15 3304/3304/15
f 3299/3299/15 3304/3304/15 3303/3303/15
f 3300/3300/18 3297/3297/18 3301/3301/18
f 3300/3300/18 3301/3301/18 3304/3304/18
f 3301/3301/5 3302/3302/5 3303/3303/5
f 3301/3301/5 3303/3303/5 3304/3304/5
f 3300/3300/6 3299/3299/6 3298/3298/6
f 3300/3300/6 3298/3298/6 3297/3297/6
f 3305/3305/18 3306/3306/18 3310/3310/18
f 3305/3305/18 3310/3310/18 3309/3309/18
f 3306/3306/17 3307/3307/17 3311/3311/17
f 3306/3306/17 3311/3311/17 3310/3310/17
f 3307/3307/16 3308/3308/16 3312/3312/16
f 3307/3307/16 3312/3312/16 3311/3311/16
f 3308/3308/15 3305/3305/15 3309/3309/15
f 3308/3308/15 3309/3309/15 3312/3312/15
f 3309/3309/5 3310/3310/5 3311/3311/5
f 3309/3309/5 3311/3311/5 3312/3312/5
f 3308/3308/6 3307/3307/6 3306/3306/6
f 3308/3308/6 3306/3306/6 3305/3305/6
f 3313/3313/17 3314/3314/17 3318/3318/17
f 3313/3313/17 3318/3318/17 3317/3317/17
f 3314/3314/16 3315/3315/16 3319/3319/16
f 3314/3314/16 3319/3319/16 3318/3318/16
f 3315/3315/15 3316/3316/15 3320/3320/15
f 3315/3315/15 3320/3320/15 3319/3319/15
f 3316/3316/18 3313/3313/18 3317/3317/18
f 3316/3316/18 3317/3317/18 3320/3320/18
f 3317/3317/5 3318/3318/5 3319/3319/5
f 3317/3317/5 3319/3319/5 3320/3320/5
f 3316/3316/6 3315/3315/6 3314/3314/6
f 3316/3316/6 3314/3314/6 3313/3313/6
f 3321/3321/18 3322/3322/18 3326/3326/18
f 3321/3321/18 3326/3326/18 3325/3325/18
f 3322/3322/17 3323/3323/17 3327/3327/17
f 3322/3322/17 3327/3327/17 3326/3326/17
f 3323/3323/16 3324/3324/16 3328/3328/16
f 3323/3323/16 3328/3328/16 3327/3327/16
f 3324/3324/15 3321/3321/15 3325/3325/15
f 3324/3324/15 3325/3325/15 3328/3328/15
f 3325/3325/5 3326/3326/5 3327/3327/5
f 3325/3325/5 3327/3327/5 3328/3328/5
f 3324/3324/6 3323/3323/6 3322/3322/6
f 3324/3324/6 3322/3322/6 3321/3321/6
f 3329/3329/18 3330/3330/18 3334/3334/18
f 3329/3329/18 3334/3334/18 3333/3333/18
f 3330/3330/17 3331/3331/17 3335/3335/17
f 3330/3330/17 3335/3335/17 3334/3334/17
f 3331/3331/16 3332/3332/16 3336/3336/16
f 3331/3331/16 3336/3336/16 3335/3335/16
f 3332/3332/15 3329/3329/15 3333/3333/15
f 3332/3332/15 3333/3333/15 3336/3336/15
f 3333/3333/5 3334/3334/5 3335/3335/5
f 3333/3333/5 3335/3335/5 3336/3336/5
f 3332/3332/6 3331/3331/6 3330/3330/6
f 3332/3332/6 3330/3330/6 3329/3329/6
f 3337/3337/15 3338/3338/15 3342/3342/15
f 3337/3337/15 3342/3342/15 3341/3341/15
f 3338/3338/18 3339/3339/18 3343/3343/18
f 3338/3338/18 3343/3343/18 3342/3342/18
f 3339/3339/17 3340/3340/17 3344/3344/17
f 3339/3339/17 3344/3344/17 3343/3343/17
f 3340/3340/16 3337/3337/16 3341/3341/16
f 3340/3340/16 3341/3341/16 3344/3344/16
f 3341/3341/5 3342/3342/5 3343/3343/5
f 3341/3341/5 3343/3343/5 3344/3344/5
f 3340/3340/6 3339/3339/6 3338/3338/6
f 3340/3340/6 3338/3338/6 3337/3337/6
f 3345/3345/18 3346/3346/18 3350/3350/18
f 3345/3345/18 3350/3350/18 3349/3349/18
f 3346/3346/17 3347/3347/17 3351/3351/17
f 3346/3346/17 3351/3351/17 3350/3350/17
f 3347/3347/16 3348/3348/16 3352/3352/16
f 3347/3347/16 3352/3352/16 3351/3351/16
f 3348/3348/15 3345/3345/15 3349/3349/15
f 3348/3348/15 3349/3349/15 3352/3352/15
f 3349/3349/5 3350/3350/5 3351/3351/5
f 3349/3349/5 3351/3351/5 3352/3352/5
f 3348/3348/6 3347/3347/6 3346/3346/6
f 3348/3348/6 3346/3346/6 3345/3345/6
f 3353/3353/15 3354/3354/15 3358/3358/15
f 3353/3353/15 3358/3358/15 3357/3357/15
f 3354/3354/18 3355/3355/18 3359/3359/18
f 3354/3354/18 3359/3359/18 3358/3358/18
f 3355/3355/17 3356/3356/17 3360/3360/17
f 3355/3355/17 3360/3360/17 3359/3359/17
f 3356/3356/16 3353/3353/16 3357/3357/16
f 3356/3356/16 3357/3357/16 3360/3360/16
f 3357/3357/5 3358/3358/5 3359/3359/5
f 3357/3357/5 3359/3359/5 3360/3360/5
f 3356/3356/6 3355/3355/6 3354/3354/6
f 3356/3356/6 3354/3354/6 3353/3353/6
f 3361/3361/15 3362/3362/15 3366/3366/15
f 3361/3361/15 3366/3366/15 3365/3365/15
f 3362/3362/18 3363/3363/18 3367/3367/18
f 3362/3362/18 3367/3367/18 3366/3366/18
f 3363/3363/17 3364/3364/17 3368/3368/17
f 3363/3363/17 3368/3368/17 3367/3367/17
f 3364/3364/16 3361/3361/16 3365/3365/16
f 3364/3364/16 3365/3365/16 3368/3368/16
f 3365/3365/5 3366/3366/5 3367/3367/5
f 3365/3365/5 3367/3367/5 3368/3368/5
f 3364/3364/6 3363/3363/6 3362/3362/6
f 3364/3364/6 3362/3362/6 3361/3361/6
f 3369/3369/16 3370/3370/16 3374/3374/16
f 3369/3369/16 3374/3374/16 3373/3373/16
f 3370/3370/15 3371/3371/15 3375/3375/15
f 3370/3370/15 3375/3375/15 3374/3374/15
f 3371/3371/18 3372/3372/18 3376/3376/18
f 3371/3371/18 3376/3376/18 3375/3375/18
f 3372/3372/17 3369/3369/17 3373/3373/17
f 3372/3372/17 3373/3373/17 3376/3376/17
f 3373/3373/5 3374/3374/5 3375/3375/5
f 3373/3373/5 3375/3375/5 3376/3376/5
f 3372/3372/6 3371/3371/6 3370/3370/6
f 3372/3372/6 3370/3370/6 3369/3369/6
f 3377/3377/15 3378/3378/15 3382/3382/15
f 3377/3377/15 3382/3382/15 3381/3381/15
f 3378/3378/18 3379/3379/18 3383/3383/18
f 3378/3378/18 3383/3383/18 3382/3382/18
f 3379/3379/17 3380/3380/17 3384/3384/17
f 3379/3379/17 3384/3384/17 3383/3383/17
f 3380/3380/16 3377/3377/16 3381/3381/16
f 3380/3380/16 3381/3381/16 3384/3384/16
f 3381/3381/5 3382/3382/5 3383/3383/5
f 3381/3381/5 3383/3383/5 3384/3384/5
f 3380/3380/6 3379/3379/6 3378/3378/6
f 3380/3380/6 3378/3378/6 3377/3377/6
f 3385/3385/16 3386/3386/16 3390/3390/16
f 3385/3385/16 3390/3390/16 3389/3389/16
f 3386/3386/15 3387/3387/15 3391/3391/15
f 3386/3386/15 3391/3391/15 3390/3390/15
f 3387/3387/18 3388/3388/18 3392/3392/18
f 3387/3387/18 3392/3392/18 3391/3391/18
f 3388/3388/17 3385/3385/17 3389/3389/17
f 3388/3388/17 3389/3389/17 3392/3392/17
f 3389/3389/5 3390/3390/5 3391/3391/5
f 3389/3389/5 3391/3391/5 3392/3392/5
f 3388/3388/6 3387/3387/6 3386/3386/6
f 3388/3388/6 3386/3386/6 3385/3385/6
f 3393/3393/39 3398/3398/39 3394/3394/39
f 3393/3393/39 3397/3397/39 3398/3398/39
f 3394/3394/40 3399/3399/40 3395/3395/40
f 3394/3394/40 3398/3398/40 3399/3399/40
f 3395/3395/41 3400/3400/41 3396/3396/41
f 3395/3395/41 3399/3399/41 3400/3400/41
f 3396/3396/42 3397/3397/42 3393/3393/42
f 3396/3396/42 3400/3400/42 3397/3397/42
f 3397/3397/5 3399/3399/5 3398/3398/5
f 3397/3397/5 3400/3400/5 3399/3399/5
f 3396/3396/6 3394/3394/6 3395/3395/6
f 3396/3396/6 3393/3393/6 3394/3394/6
f 3401/3401/6 3406/3406/6 3402/3402/6
f 3401/3401/6 3405/3405/6 3406/3406/6
f 3410/3410/5 3413/3413/5 3409/3409/5
f 3410/3410/5 3414/3414/5 3413/3413/5
f 3405/3405/39 3414/3414/39 3406/3406/39
f 3405/3405/39 3413/3413/39 3414/3414/39
f 3402/3402/41 3409/3409/41 3401/3401/41
f 3402/3402/41 3410/3410/41 3409/3409/41
f 3402/3402/40 3407/3407/40 3403/3403/40
f 3402/3402/40 3406/3406/40 3407/3407/40
f 3411/3411/42 3414/3414/42 3410/3410/42
f 3411/3411/42 3415/3415/42 3414/3414/42
f 3406/3406/39 3415/3415/39 3407/3407/39
f 3406/3406/39 3414/3414/39 3415/3415/39
f 3403/3403/41 3410/3410/41 3402/3402/41
f 3403/3403/41 3411/3411/41 3410/3410/41
f 3403/3403/5 3408/3408/5 3404/3404/5
f 3403/3403/5 3407/3407/5 3408/3408/5
f 3412/3412/6 3415/3415/6 3411/3411/6
f 3412/3412/6 3416/3416/6 3415/3415/6
f 3407/3407/39 3416/3416/39 3408/3408/39
f 3407/3407/39 3415/3415/39 3416/3416/39
f 3404/3404/41 3411/3411/41 3403/3403/41
f 3404/3404/41 3412/3412/41 3411/3411/41
f 3404/3404/42 3405/3405/42 3401/3401/42
f 3404/3404/42 3408/3408/42 3405/3405/42
f 3409/3409/40 3416/3416/40 3412/3412/40
f 3409/3409/40 3413/3413/40 3416/3416/40
f 3408/3408/39 3413/3413/39 3405/3405/39
f 3408/3408/39 3416/3416/39 3413/3413/39
f 3401/3401/41 3412/3412/41 3404/3404/41
f 3401/3401/41 3409/3409/41 3412/3412/41
f 3417/3417/6 3424/3424/6 3418/3418/6
f 3417/3417/6 3423/3423/6 3424/3424/6
f 3430/3430/5 3435/3435/5 3429/3429/5
f 3430/3430/5 3436/3436/5 3435/3435/5
f 3423/3423/39 3436/3436/39 3424/3424/39
f 3423/3423/39 3435/3435/39 3436/3436/39
f 3418/3418/41 3429/3429/41 3417/3417/41
f 3418/3418/41 3430/3430/41 3429/3429/41
f 3418/3418/40 3425/3425/40 3419/3419/40
f 3418/3418/40 3424/3424/40 3425/3425/40
f 3431/3431/42 3436/3436/42 3430/3430/42
f 3431/3431/42 3437/3437/42 3436/3436/42
f 3424/3424/39 3437/3437/39 3425/3425/39
f 3424/3424/39 3436/3436/39 3437/3437/39
f 3419/3419/41 3430/3430/41 3418/3418/41
f 3419/3419/41 3431/3431/41 3430/3430/41
f 3419/3419/49 3426/3426/49 3420/3420/49
f 3419/3419/49 3425/3425/49 3426/3426/49
f 3432/3432/50 3437/3437/50 3431/3431/50
f 3432/3432/50 3438/3438/50 3437/3437/50
f 3425/3425/39 3438/3438/39 3426/3426/39
f 3425/3425/39 3437/3437/39 3438/3438/39
f 3420/3420/41 3431/3431/41 3419/3419/41
f 3420/3420/41 3432/3432/41 3431/3431/41
f 3420/3420/5 3427/3427/5 3421/3421/5
f 3420/3420/5 3426/3426/5 3427/3427/5
f 3433/3433/6 3438/3438/6 3432/3432/6
f 3433/3433/6 3439/3439/6 3438/3438/6
f 3426/3426/39 3439/3439/39 3427/3427/39
f 3426/3426/39 3438/3438/39 3439/3439/39
f 3421/3421/41 3432/3432/41 3420/3420/41
f 3421/3421/41 3433/3433/41 3432/3432/41
f 3421/3421/47 3428/3428/47 3422/3422/47
f 3421/3421/47 3427/3427/47 3428/3428/47
f 3434/3434/48 3439/3439/48 3433/3433/48
f 3434/3434/48 3440/3440/48 3439/3439/48
f 3427/3427/39 3440/3440/39 3428/3428/39
f 3427/3427/39 3439/3439/39 3440/3440/39
f 3422/3422/41 3433/3433/41 3421/3421/41
f 3422/3422/41 3434/3434/41 3433/3433/41
f 3422/3422/42 3423/3423/42 3417/3417/42
f 3422/3422/42 3428/3428/42 3423/3423/42
f 3429/3429/40 3440/3440/40 3434/3434/40
f 3429/3429/40 3435/3435/40 3440/3440/40
f 3428/3428/39 3435/3435/39 3423/3423/39
f 3428/3428/39 3440/3440/39 3435/3435/39
f 3417/3417/41 3434/3434/41 3422/3422/41
f 3417/3417/41 3429/3429/41 3434/3434/41
f 3441/3441/6 3446/3446/6 3442/3442/6
f 3441/3441/6 3445/3445/6 3446/3446/6
f 3450/3450/5 3453/3453/5 3449/3449/5
f 3450/3450/5 3454/3454/5 3453/3453/5
f 3445/3445/39 3454/3454/39 3446/3446/39
f 3445/3445/39 3453/3453/39 3454/3454/39
f 3442/3442/41 3449/3449/41 3441/3441/41
f 3442/3442/41 3450/3450/41 3449/3449/41
f 3442/3442/40 3447/3447/40 3443/3443/40
f 3442/3442/40 3446/3446/40 3447/3447/40
f 3451/3451/42 3454/3454/42 3450/3450/42
f 3451/3451/42 3455/3455/42 3454/3454/42
f 3446/3446/39 3455/3455/39 3447/3447/39
f 3446/3446/39 3454/3454/39 3455/3455/39
f 3443/3443/41 3450/3450/41 3442/3442/41
f 3443/3443/41 3451/3451/41 3450/3450/41
f 3443/3443/5 3448/3448/5 3444/3444/5
f 3443/3443/5 3447/3447/5 3448/3448/5
f 3452/3452/6 3455/3455/6 3451/3451/6
f 3452/3452/6 3456/3456/6 3455/3455/6
f 3447/3447/39 3456/3456/39 3448/3448/39
f 3447/3447/39 3455/3455/39 3456/3456/39
f 3444/3444/41 3451/3451/41 3443/3443/41
f 3444/3444/41 3452/3452/41 3451/3451/41
f 3444/3444/42 3445/3445/42 3441/3441/42
f 3444/3444/42 3448/3448/42 3445/3445/42
f 3449/3449/40 3456/3456/40 3452/3452/40
f 3449/3449/40 3453/3453/40 3456/3456/40
f 3448/3448/39 3453/3453/39 3445/3445/39
f 3448/3448/39 3456/3456/39 3453/3453/39
f 3441/3441/41 3452/3452/41 3444/3444/41
f 3441/3441/41 3449/3449/41 3452/3452/41
f 3457/3457/6 3462/3462/6 3458/3458/6
f 3457/3457/6 3461/3461/6 3462/3462/6
f 3466/3466/5 3469/3469/5 3465/3465/5
f 3466/3466/5 3470/3470/5 3469/3469/5
f 3461/3461/39 3470/3470/39 3462/3462/39
f 3461/3461/39 3469/3469/39 3470/3470/39
f 3458/3458/41 3465/3465/41 3457/3457/41
f 3458/3458/41 3466/3466/41 3465/3465/41
f 3458/3458/40 3463/3463/40 3459/3459/40
f 3458/3458/40 3462/3462/40 3463/3463/40
f 3467/3467/42 3470/3470/42 3466/3466/42
f 3467/3467/42 3471/3471/42 3470/3470/42
f 3462/3462/39 3471/3471/39 3463/3463/39
f 3462/3462/39 3470/3470/39 3471/3471/39
f 3459/3459/41 3466/3466/41 3458/3458/41
f 3459/3459/41 3467/3467/41 3466/3466/41
f 3459/3459/5 3464/3464/5 3460/3460/5
f 3459/3459/5 3463/3463/5 3464/3464/5
f 3468/3468/6 3471/3471/6 3467/3467/6
f 3468/3468/6 3472/3472/6 3471/3471/6
f 3463/3463/39 3472/3472/39 3464/3464/39
f 3463/3463/39 3471/3471/39 3472/3472/39
f 3460/3460/41 3467/3467/41 3459/3459/41
f 3460/3460/41 3468/3468/41 3467/3467/41
f 3460/3460/42 3461/3461/42 3457/3457/42
f 3460/3460/42 3464/3464/42 3461/3461/42
f 3465/3465/40 3472/3472/40 3468/3468/40
f 3465/3465/40 3469/3469/40 3472/3472/40
f 3464/3464/39 3469/3469/39 3461/3461/39
f 3464/3464/39 3472/3472/39 3469/3469/39
f 3457/3457/41 3468/3468/41 3460/3460/41
f 3457/3457/41 3465/3465/41 3468/3468/41
f 3473/3473/6 3478/3478/6 3474/3474/6
f 3473/3473/6 3477/3477/6 3478/3478/6
f 3482/3482/5 3485/3485/5 3481/3481/5
f 3482/3482/5 3486/3486/5 3485/3485/5
f 3477/3477/39 3486/3486/39 3478/3478/39
f 3477/3477/39 3485/3485/39 3486/3486/39
f 3474/3474/41 3481/3481/41 3473/3473/41
f 3474/3474/41 3482/3482/41 3481/3481/41
f 3474/3474/40 3479/3479/40 3475/3475/40
f 3474/3474/40 3478/3478/40 3479/3479/40
f 3483/3483/42 3486/3486/42 3482/3482/42
f 3483/3483/42 3487/3487/42 3486/3486/42
f 3478/3478/39 3487/3487/39 3479/3479/39
f 3478/3478/39 3486/3486/39 3487/3487/39
f 3475/3475/41 3482/3482/41 3474/3474/41
f 3475/3475/41 3483/3483/41 3482/3482/41
f 3475/3475/5 3480/3480/5 3476/3476/5
f 3475/3475/5 3479/3479/5 3480/3480/5
f 3484/3484/6 3487/3487/6 3483/3483/6
f 3484/3484/6 3488/3488/6 3487/3487/6
f 3479/3479/39 3488/3488/39 3480/3480/39
f 3479/3479/39 3487/3487/39 3488/3488/39
f 3476/3476/41 3483/3483/41 3475/3475/41
f 3476/3476/41 3484/3484/41 3483/3483/41
f 3476/3476/42 3477/3477/42 3473/3473/42
f 3476/3476/42 3480/3480/42 3477/3477/42
f 3481/3481/40 3488/3488/40 3484/3484/40
f 3481/3481/40 3485/3485/40 3488/3488/40
f 3480/3480/39 3485/3485/39 3477/3477/39
f 3480/3480/39 3488/3488/39 3485/3485/39
f 3473/3473/41 3484/3484/41 3476/3476/41
f 3473/3473/41 3481/3481/41 3484/3484/41
f 3489/3489/6 3494/3494/6 3490/3490/6
f 3489/3489/6 3493/3493/6 3494/3494/6
f 3498/3498/5 3501/3501/5 3497/3497/5
f 3498/3498/5 3502/3502/5 3501/3501/5
f 3493/3493/39 3502/3502/39 3494/3494/39
f 3493/3493/39 3501/3501/39 3502/3502/39
f 3490/3490/41 3497/3497/41 3489/3489/41
f 3490/3490/41 3498/3498/41 3497/3497/41
f 3490/3490/40 3495/3495/40 3491/3491/40
f 3490/3490/40 3494/3494/40 3495/3495/40
f 3499/3499/42 3502/3502/42 3498/3498/42
f 3499/3499/42 3503/3503/42 3502/3502/42
f 3494/3494/39 3503/3503/39 3495/3495/39
f 3494/3494/39 3502/3502/39 3503/3503/39
f 3491/3491/41 3498/3498/41 3490/3490/41
f 3491/3491/41 3499/3499/41 3498/3498/41
f 3491/3491/5 3496/3496/5 3492/3492/5
f 3491/3491/5 3495/3495/5 3496/3496/5
f 3500/3500/6 3503/3503/6 3499/3499/6
f 3500/3500/6 3504/3504/6 3503/3503/6
f 3495/3495/39 3504/3504/39 3496/3496/39
f 3495/3495/39 3503/3503/39 3504/3504/39
f 3492/3492/41 3499/3499/41 3491/3491/41
f 3492/3492/41 3500/3500/41 3499/3499/41
f 3492/3492/42 3493/3493/42 3489/3489/42
f 3492/3492/42 3496/3496/42 3493/3493/42
f 3497/3497/40 3504/3504/40 3500/3500/40
f 3497/3497/40 3501/3501/40 3504/3504/40
f 3496/3496/39 3501/3501/39 3493/3493/39
f 3496/3496/39 3504/3504/39 3501/3501/39
f 3489/3489/41 3500/3500/41 3492/3492/41
f 3489/3489/41 3497/3497/41 3500/3500/41
f 3505/3505/6 3510/3510/6 3506/3506/6
f 3505/3505/6 3509/3509/6 3510/3510/6
f 3514/3514/5 3517/3517/5 3513/3513/5
f 3514/3514/5 3518/3518/5 3517/3517/5
f 3509/3509/39 3518/3518/39 3510/3510/39
f 3509/3509/39 3517/3517/39 3518/3518/39
f 3506/3506/41 3513/3513/41 3505/3505/41
f 3506/3506/41 3514/3514/41 3513/3513/41
f 3506/3506/40 3511/3511/40 3507/3507/40
f 3506/3506/40 3510/3510/40 3511/3511/40
f 3515/3515/42 3518/3518/42 3514/3514/42
f 3515/3515/42 3519/3519/42 3518/3518/42
f 3510/3510/39 3519/3519/39 3511/3511/39
f 3510/3510/39 3518/3518/39 3519/3519/39
f 3507/3507/41 3514/3514/41 3506/3506/41
f 3507/3507/41 3515/3515/41 3514/3514/41
f 3507/3507/5 3512/3512/5 3508/3508/5
f 3507/3507/5 3511/3511/5 3512/3512/5
f 3516/3516/6 3519/3519/6 3515/3515/6
f 3516/3516/6 3520/3520/6 3519/3519/6
f 3511/3511/39 3520/3520/39 3512/3512/39
f 3511/3511/39 3519/3519/39 3520/3520/39
f 3508/3508/41 3515/3515/41 3507/3507/41
f 3508/3508/41 3516/3516/41 3515/3515/41
f 3508/3508/42 3509/3509/42 3505/3505/42
f 3508/3508/42 3512/3512/42 3509/3509/42
f 3513/3513/40 3520/3520/40 3516/3516/40
f 3513/3513/40 3517/3517/40 3520/3520/40
f 3512/3512/39 3517/3517/39 3509/3509/39
f 3512/3512/39 3520/3520/39 3517/3517/39
f 3505/3505/41 3516/3516/41 3508/3508/41
f 3505/3505/41 3513/3513/41 3516/3516/41
f 3521/3521/6 3526/3526/6 3522/3522/6
f 3521/3521/6 3525/3525/6 3526/3526/6
f 3530/3530/5 3533/3533/5 3529/3529/5
f 3530/3530/5 3534/3534/5 3533/3533/5
f 3525/3525/39 3534/3534/39 3526/3526/39
f 3525/3525/39 3533/3533/39 3534/3534/39
f 3522/3522/41 3529/3529/41 3521/3521/41
f 3522/3522/41 3530/3530/41 3529/3529/41
f 3522/3522/40 3527/3527/40 3523/3523/40
f 3522/3522/40 3526/3526/40 3527/3527/40
f 3531/3531/42 3534/3534/42 3530/3530/42
f 3531/3531/42 3535/3535/42 3534/3534/42
f 3526/3526/39 3535/3535/39 3527/3527/39
f 3526/3526/39 3534/3534/39 3535/3535/39
f 3523/3523/41 3530/3530/41 3522/3522/41
f 3523/3523/41 3531/3531/41 3530/3530/41
f 3523/3523/5 3528/3528/5 3524/3524/5
f 3523/3523/5 3527/3527/5 3528/3528/5
f 3532/3532/6 3535/3535/6 3531/3531/6
f 3532/3532/6 3536/3536/6 3535/3535/6
f 3527/3527/39 3536/3536/39 3528/3528/39
f 3527/3527/39 3535/3535/39 3536/3536/39
f 3524/3524/41 3531/3531/41 3523/3523/41
f 3524/3524/41 3532/3532/41 3531/3531/41
f 3524/3524/42 3525/3525/42 3521/3521/42
f 3524/3524/42 3528/3528/42 3525/3525/42
f 3529/3529/40 3536/3536/40 3532/3532/40
f 3529/3529/40 3533/3533/40 3536/3536/40
f 3528/3528/39 3533/3533/39 3525/3525/39
f 3528/3528/39 3536/3536/39 3533/3533/39
f 3521/3521/41 3532/3532/41 3524/3524/41
f 3521/3521/41 3529/3529/41 3532/3532/41
f 3537/3537/6 3542/3542/6 3538/3538/6
f 3537/3537/6 3541/3541/6 3542/3542/6
f 3546/3546/5 3549/3549/5 3545/3545/5
f 3546/3546/5 3550/3550/5 3549/3549/5
f 3541/3541/39 3550/3550/39 3542/3542/39
f 3541/3541/39 3549/3549/39 3550/3550/39
f 3538/3538/41 3545/3545/41 3537/3537/41
f 3538/3538/41 3546/3546/41 3545/3545/41
f 3538/3538/40 3543/3543/40 3539/3539/40
f 3538/3538/40 3542/3542/40 3543/3543/40
f 3547/3547/42 3550/3550/42 3546/3546/42
f 3547/3547/42 3551/3551/42 3550/3550/42
f 3542/3542/39 3551/3551/39 3543/3543/39
f 3542/3542/39 3550/3550/39 3551/3551/39
f 3539/3539/41 3546/3546/41 3538/3538/41
f 3539/3539/41 3547/3547/41 3546/3546/41
f 3539/3539/5 3544/3544/5 3540/3540/5
f 3539/3539/5 3543/3543/5 3544/3544/5
f 3548/3548/6 3551/3551/6 3547/3547/6
f 3548/3548/6 3552/3552/6 3551/3551/6
f 3543/3543/39 3552/3552/39 3544/3544/39
f 3543/3543/39 3551/3551/39 3552/3552/39
f 3540/3540/41 3547/3547/41 3539/3539/41
f 3540/3540/41 3548/3548/41 3547/3547/41
f 3540/3540/42 3541/3541/42 3537/3537/42
f 3540/3540/42 3544/3544/42 3541/3541/42
f 3545/3545/40 3552/3552/40 3548/3548/40
f 3545/3545/40 3549/3549/40 3552/3552/40
f 3544/3544/39 3549/3549/39 3541/3541/39
f 3544/3544/39 3552/3552/39 3549/3549/39
f 3537/3537/41 3548/3548/41 3540/3540/41
f 3537/3537/41 3545/3545/41 3548/3548/41
f 3553/3553/6 3558/3558/6 3554/3554/6
f 3553/3553/6 3557/3557/6 3558/3558/6
f 3562/3562/5 3565/3565/5 3561/3561/5
f 3562/3562/5 3566/3566/5 3565/3565/5
f 3557/3557/39 3566/3566/39 3558/3558/39
f 3557/3557/39 3565/3565/39 3566/3566/39
f 3554/3554/41 3561/3561/41 3553/3553/41
f 3554/3554/41 3562/3562/41 3561/3561/41
f 3554/3554/40 3559/3559/40 3555/3555/40
f 3554/3554/40 3558/3558/40 3559/3559/40
f 3563/3563/42 3566/3566/42 3562/3562/42
f 3563/3563/42 3567/3567/42 3566/3566/42
f 3558/3558/39 3567/3567/39 3559/3559/39
f 3558/3558/39 3566/3566/39 3567/3567/39
f 3555/3555/41 3562/3562/41 3554/3554/41
f 3555/3555/41 3563/3563/41 3562/3562/41
f 3555/3555/5 3560/3560/5 3556/3556/5
f 3555/3555/5 3559/3559/5 3560/3560/5
f 3564/3564/6 3567/3567/6 3563/3563/6
f 3564/3564/6 3568/3568/6 3567/3567/6
f 3559/3559/39 3568/3568/39 3560/3560/39
f 3559/3559/39 3567/3567/39 3568/3568/39
f 3556/3556/41 3563/3563/41 3555/3555/41
f 3556/3556/41 3564/3564/41 3563/3563/41
f 3556/3556/42 3557/3557/42 3553/3553/42
f 3556/3556/42 3560/3560/42 3557/3557/42
f 3561/3561/40 3568/3568/40 3564/3564/40
f 3561/3561/40 3565/3565/40 3568/3568/40
f 3560/3560/39 3565/3565/39 3557/3557/39
f 3560/3560/39 3568/3568/39 3565/3565/39
f 3553/3553/41 3564/3564/41 3556/3556/41
f 3553/3553/41 3561/3561/41 3564/3564/41
f 3569/3569/6 3574/3574/6 3570/3570/6
f 3569/3569/6 3573/3573/6 3574/3574/6
f 3578/3578/5 3581/3581/5 3577/3577/5
f 3578/3578/5 3582/3582/5 3581/3581/5
f 3573/3573/40 3582/3582/40 3574/3574/40
f 3573/3573/40 3581/3581/40 3582/3582/40
f 3570/3570/42 3577/3577/42 3569/3569/42
f 3570/3570/42 3578/3578/42 3577/3577/42
f 3570/3570/41 3575/3575/41 3571/3571/41
f 3570/3570/41 3574/3574/41 3575/3575/41
f 3579/3579/39 3582/3582/39 3578/3578/39
f 3579/3579/39 3583/3583/39 3582/3582/39
f 3574/3574/40 3583/3583/40 3575/3575/40
f 3574/3574/40 3582/3582/40 3583/3583/40
f 3571/3571/42 3578/3578/42 3570/3570/42
f 3571/3571/42 3579/3579/42 3578/3578/42
f 3571/3571/5 3576/3576/5 3572/3572/5
f 3571/3571/5 3575/3575/5 3576/3576/5
f 3580/3580/6 3583/3583/6 3579/3579/6
f 3580/3580/6 3584/3584/6 3583/3583/6
f 3575/3575/40 3584/3584/40 3576/3576/40
f 3575/3575/40 3583/3583/40 3584/3584/40
f 3572/3572/42 3579/3579/42 3571/3571/42
f 3572/3572/42 3580/3580/42 3579/3579/42
f 3572/3572/39 3573/3573/39 3569/3569/39
f 3572/3572/39 3576/3576/39 3573/3573/39
f 3577/3577/41 3584/3584/41 3580/3580/41
f 3577/3577/41 3581/3581/41 3584/3584/41
f 3576/3576/40 3581/3581/40 3573/3573/40
f 3576/3576/40 3584/3584/40 3581/3581/40
f 3569/3569/42 3580/3580/42 3572/3572/42
f 3569/3569/42 3577/3577/42 3580/3580/42
f 3585/3585/6 3590/3590/6 3586/3586/6
f 3585/3585/6 3589/3589/6 3590/3590/6
f 3594/3594/5 3597/3597/5 3593/3593/5
f 3594/3594/5 3598/3598/5 3597/3597/5
f 3589/3589/40 3598/3598/40 3590/3590/40
f 3589/3589/40 3597/3597/40 3598/3598/40
f 3586/3586/42 3593/3593/42 3585/3585/42
f 3586/3586/42 3594/3594/42 3593/3593/42
f 3586/3586/41 3591/3591/41 3587/3587/41
f 3586/3586/41 3590/3590/41 3591/3591/41
f 3595/3595/39 3598/3598/39 3594/3594/39
f 3595/3595/39 3599/3599/39 3598/3598/39
f 3590/3590/40 3599/3599/40 3591/3591/40
f 3590/3590/40 3598/3598/40 3599/3599/40
f 3587/3587/42 3594/3594/42 3586/3586/42
f 3587/3587/42 3595/3595/42 3594/3594/42
f 3587/3587/5 3592/3592/5 3588/3588/5
f 3587/3587/5 3591/3591/5 3592/3592/5
f 3596/3596/6 3599/3599/6 3595/3595/6
f 3596/3596/6 3600/3600/6 3599/3599/6
f 3591/3591/40 3600/3600/40 3592/3592/40
f 3591/3591/40 3599/3599/40 3600/3600/40
f 3588/3588/42 3595/3595/42 3587/3587/42
f 3588/3588/42 3596/3596/42 3595/3595/42
f 3588/3588/39 3589/3589/39 3585/3585/39
f 3588/3588/39 3592/3592/39 3589/3589/39
f 3593/3593/41 3600/3600/41 3596/3596/41
f 3593/3593/41 3597/3597/41 3600/3600/41
f 3592/3592/40 3597/3597/40 3589/3589/40
f 3592/3592/40 3600/3600/40 3597/3597/40
f 3585/3585/42 3596/3596/42 3588/3588/42
f 3585/3585/42 3593/3593/42 3596/3596/42
f 3601/3601/6 3606/3606/6 3602/3602/6
f 3601/3601/6 3605/3605/6 3606/3606/6
f 3610/3610/5 3613/3613/5 3609/3609/5
f 3610/3610/5 3614/3614/5 3613/3613/5
f 3605/3605/40 3614/3614/40 3606/3606/40
f 3605/3605/40 3613/3613/40 3614/3614/40
f 3602/3602/42 3609/3609/42 3601/3601/42
f 3602/3602/42 3610/3610/42 3609/3609/42
f 3602/3602/41 3607/3607/41 3603/3603/41
f 3602/3602/41 3606/3606/41 3607/3607/41
f 3611/3611/39 3614/3614/39 3610/3610/39
f 3611/3611/39 3615/3615/39 3614/3614/39
f 3606/3606/40 3615/3615/40 3607/3607/40
f 3606/3606/40 3614/3614/40 3615/3615/40
f 3603/3603/42 3610/3610/42 3602/3602/42
f 3603/3603/42 3611/3611/42 3610/3610/42
f 3603/3603/5 3608/3608/5 3604/3604/5
f 3603/3603/5 3607/3607/5 3608/3608/5
f 3612/3612/6 3615/3615/6 3611/3611/6
f 3612/3612/6 3616/3616/6 3615/3615/6
f 3607/3607/40 3616/3616/40 3608/3608/40
f 3607/3607/40 3615/3615/40 3616/3616/40
f 3604/3604/42 3611/3611/42 3603/3603/42
f 3604/3604/42 3612/3612/42 3611/3611/42
f 3604/3604/39 3605/3605/39 3601/3601/39
f 3604/3604/39 3608/3608/39 3605/3605/39
f 3609/3609/41 3616/3616/41 3612/3612/41
f 3609/3609/41 3613/3613/41 3616/3616/41
f 3608/3608/40 3613/3613/40 3605/3605/40
f 3608/3608/40 3616/3616/40 3613/3613/40
f 3601/3601/42 3612/3612/42 3604/3604/42
f 3601/3601/42 3609/3609/42 3612/3612/42
f 3617/3617/6 3622/3622/6 3618/3618/6
f 3617/3617/6 3621/3621/6 3622/3622/6
f 3626/3626/5 3629/3629/5 3625/3625/5
f 3626/3626/5 3630/3630/5 3629/3629/5
f 3621/3621/40 3630/3630/40 3622/3622/40
f 3621/3621/40 3629/3629/40 3630/3630/40
f 3618/3618/42 3625/3625/42 3617/3617/42
f 3618/3618/42 3626/3626/42 3625/3625/42
f 3618/3618/41 3623/3623/41 3619/3619/41
f 3618/3618/41 3622/3622/41 3623/3623/41
f 3627/3627/39 3630/3630/39 3626/3626/39
f 3627/3627/39 3631/3631/39 3630/3630/39
f 3622/3622/40 3631/3631/40 3623/3623/40
f 3622/3622/40 3630/3630/40 3631/3631/40
f 3619/3619/42 3626/3626/42 3618/3618/42
f 3619/3619/42 3627/3627/42 3626/3626/42
f 3619/3619/5 3624/3624/5 3620/3620/5
f 3619/3619/5 3623/3623/5 3624/3624/5
f 3628/3628/6 3631/3631/6 3627/3627/6
f 3628/3628/6 3632/3632/6 3631/3631/6
f 3623/3623/40 3632/3632/40 3624/3624/40
f 3623/3623/40 3631/3631/40 3632/3632/40
f 3620/3620/42 3627/3627/42 3619/3619/42
f 3620/3620/42 3628/3628/42 3627/3627/42
f 3620/3620/39 3621/3621/39 3617/3617/39
f 3620/3620/39 3624/3624/39 3621/3621/39
f 3625/3625/41 3632/3632/41 3628/3628/41
f 3625/3625/41 3629/3629/41 3632/3632/41
f 3624/3624/40 3629/3629/40 3621/3621/40
f 3624/3624/40 3632/3632/40 3629/3629/40
f 3617/3617/42 3628/3628/42 3620/3620/42
f 3617/3617/42 3625/3625/42 3628/3628/42
f 3633/3633/6 3638/3638/6 3634/3634/6
f 3633/3633/6 3637/3637/6 3638/3638/6
f 3642/3642/5 3645/3645/5 3641/3641/5
f 3642/3642/5 3646/3646/5 3645/3645/5
f 3637/3637/40 3646/3646/40 3638/3638/40
f 3637/3637/40 3645/3645/40 3646/3646/40
f 3634/3634/42 3641/3641/42 3633/3633/42
f 3634/3634/42 3642/3642/42 3641/3641/42
f 3634/3634/41 3639/3639/41 3635/3635/41
f 3634/3634/41 3638/3638/41 3639/3639/41
f 3643/3643/39 3646/3646/39 3642/3642/39
f 3643/3643/39 3647/3647/39 3646/3646/39
f 3638/3638/40 3647/3647/40 3639/3639/40
f 3638/3638/40 3646/3646/40 3647/3647/40
f 3635/3635/42 3642/3642/42 3634/3634/42
f 3635/3635/42 3643/3643/42 3642/3642/42
f 3635/3635/5 3640/3640/5 3636/3636/5
f 3635/3635/5 3639/3639/5 3640/3640/5
f 3644/3644/6 3647/3647/6 3643/3643/6
f 3644/3644/6 3648/3648/6 3647/3647/6
f 3639/3639/40 3648/3648/40 3640/3640/40
f 3639/3639/40 3647/3647/40 3648/3648/40
f 3636/3636/42 3643/3643/42 3635/3635/42
f 3636/3636/42 3644/3644/42 3643/3643/42
f 3636/3636/39 3637/3637/39 3633/3633/39
f 3636/3636/39 3640/3640/39 3637/3637/39
f 3641/3641/41 3648/3648/41 3644/3644/41
f 3641/3641/41 3645/3645/41 3648/3648/41
f 3640/3640/40 3645/3645/40 3637/3637/40
f 3640/3640/40 3648/3648/40 3645/3645/40
f 3633/3633/42 3644/3644/42 3636/3636/42
f 3633/3633/42 3641/3641/42 3644/3644/42
f 3649/3649/6 3656/3656/6 3650/3650/6
f 3649/3649/6 3655/3655/6 3656/3656/6
f 3662/3662/5 3667/3667/5 3661/3661/5
f 3662/3662/5 3668/3668/5 3667/3667/5
f 3655/3655/40 3668/3668/40 3656/3656/40
f 3655/3655/40 3667/3667/40 3668/3668/40
f 3650/3650/42 3661/3661/42 3649/3649/42
f 3650/3650/42 3662/3662/42 3661/3661/42
f 3650/3650/41 3657/3657/41 3651/3651/41
f 3650/3650/41 3656/3656/41 3657/3657/41
f 3663/3663/39 3668/3668/39 3662/3662/39
f 3663/3663/39 3669/3669/39 3668/3668/39
f 3656/3656/40 3669/3669/40 3657/3657/40
f 3656/3656/40 3668/3668/40 3669/3669/40
f 3651/3651/42 3662/3662/42 3650/3650/42
f 3651/3651/42 3663/3663/42 3662/3662/42
f 3651/3651/43 3658/3658/43 3652/3652/43
f 3651/3651/43 3657/3657/43 3658/3658/43
f 3664/3664/44 3669/3669/44 3663/3663/44
f 3664/3664/44 3670/3670/44 3669/3669/44
f 3657/3657/40 3670/3670/40 3658/3658/40
f 3657/3657/40 3669/3669/40 3670/3670/40
f 3652/3652/42 3663/3663/42 3651/3651/42
f 3652/3652/42 3664/3664/42 3663/3663/42
f 3652/3652/5 3659/3659/5 3653/3653/5
f 3652/3652/5 3658/3658/5 3659/3659/5
f 3665/3665/6 3670/3670/6 3664/3664/6
f 3665/3665/6 3671/3671/6 3670/3670/6
f 3658/3658/40 3671/3671/40 3659/3659/40
f 3658/3658/40 3670/3670/40 3671/3671/40
f 3653/3653/42 3664/3664/42 3652/3652/42
f 3653/3653/42 3665/3665/42 3664/3664/42
f 3653/3653/45 3660/3660/45 3654/3654/45
f 3653/3653/45 3659/3659/45 3660/3660/45
f 3666/3666/46 3671/3671/46 3665/3665/46
f 3666/3666/46 3672/3672/46 3671/3671/46
f 3659/3659/40 3672/3672/40 3660/3660/40
f 3659/3659/40 3671/3671/40 3672/3672/40
f 3654/3654/42 3665/3665/42 3653/3653/42
f 3654/3654/42 3666/3666/42 3665/3665/42
f 3654/3654/39 3655/3655/39 3649/3649/39
f 3654/3654/39 3660/3660/39 3655/3655/39
f 3661/3661/41 3672/3672/41 3666/3666/41
f 3661/3661/41 3667/3667/41 3672/3672/41
f 3660/3660/40 3667/3667/40 3655/3655/40
f 3660/3660/40 3672/3672/40 3667/3667/40
f 3649/3649/42 3666/3666/42 3654/3654/42
f 3649/3649/42 3661/3661/42 3666/3666/42
f 3673/3673/6 3678/3678/6 3674/3674/6
f 3673/3673/6 3677/3677/6 3678/3678/6
f 3682/3682/5 3685/3685/5 3681/3681/5
f 3682/3682/5 3686/3686/5 3685/3685/5
f 3677/3677/41 3686/3686/41 3678/3678/41
f 3677/3677/41 3685/3685/41 3686/3686/41
f 3674/3674/39 3681/3681/39 3673/3673/39
f 3674/3674/39 3682/3682/39 3681/3681/39
f 3674/3674/42 3679/3679/42 3675/3675/42
f 3674/3674/42 3678/3678/42 3679/3679/42
f 3683/3683/40 3686/3686/40 3682/3682/40
f 3683/3683/40 3687/3687/40 3686/3686/40
f 3678/3678/41 3687/3687/41 3679/3679/41
f 3678/3678/41 3686/3686/41 3687/3687/41
f 3675/3675/39 3682/3682/39 3674/3674/39
f 3675/3675/39 3683/3683/39 3682/3682/39
f 3675/3675/5 3680/3680/5 3676/3676/5
f 3675/3675/5 3679/3679/5 3680/3680/5
f 3684/3684/6 3687/3687/6 3683/3683/6
f 3684/3684/6 3688/3688/6 3687/3687/6
f 3679/3679/41 3688/3688/41 3680/3680/41
f 3679/3679/41 3687/3687/41 3688/3688/41
f 3676/3676/39 3683/3683/39 3675/3675/39
f 3676/3676/39 3684/3684/39 3683/3683/39
f 3676/3676/40 3677/3677/40 3673/3673/40
f 3676/3676/40 3680/3680/40 3677/3677/40
f 3681/3681/42 3688/3688/42 3684/3684/42
f 3681/3681/42 3685/3685/42 3688/3688/42
f 3680/3680/41 3685/3685/41 3677/3677/41
f 3680/3680/41 3688/3688/41 3685/3685/41
f 3673/3673/39 3684/3684/39 3676/3676/39
f 3673/3673/39 3681/3681/39 3684/3684/39
f 3689/3689/6 3694/3694/6 3690/3690/6
f 3689/3689/6 3693/3693/6 3694/3694/6
f 3698/3698/5 3701/3701/5 3697/3697/5
f 3698/3698/5 3702/3702/5 3701/3701/5
f 3693/3693/41 3702/3702/41 3694/3694/41
f 3693/3693/41 3701/3701/41 3702/3702/41
f 3690/3690/39 3697/3697/39 3689/3689/39
f 3690/3690/39 3698/3698/39 3697/3697/39
f 3690/3690/42 3695/3695/42 3691/3691/42
f 3690/3690/42 3694/3694/42 3695/3695/42
f 3699/3699/40 3702/3702/40 3698/3698/40
f 3699/3699/40 3703/3703/40 3702/3702/40
f 3694/3694/41 3703/3703/41 3695/3695/41
f 3694/3694/41 3702/3702/41 3703/3703/41
f 3691/3691/39 3698/3698/39 3690/3690/39
f 3691/3691/39 3699/3699/39 3698/3698/39
f 3691/3691/5 3696/3696/5 3692/3692/5
f 3691/3691/5 3695/3695/5 3696/3696/5
f 3700/3700/6 3703/3703/6 3699/3699/6
f 3700/3700/6 3704/3704/6 3703/3703/6
f 3695/3695/41 3704/3704/41 3696/3696/41
f 3695/3695/41 3703/3703/41 3704/3704/41
f 3692/3692/39 3699/3699/39 3691/3691/39
f 3692/3692/39 3700/3700/39 3699/3699/39
f 3692/3692/40 3693/3693/40 3689/3689/40
f 3692/3692/40 3696/3696/40 3693/3693/40
f 3697/3697/42 3704/3704/42 3700/3700/42
f 3697/3697/42 3701/3701/42 3704/3704/42
f 3696/3696/41 3701/3701/41 3693/3693/41
f 3696/3696/41 3704/3704/41 3701/3701/41
f 3689/3689/39 3700/3700/39 3692/3692/39
f 3689/3689/39 3697/3697/39 3700/3700/39
f 3705/3705/6 3710/3710/6 3706/3706/6
f 3705/3705/6 3709/3709/6 3710/3710/6
f 3714/3714/5 3717/3717/5 3713/3713/5
f 3714/3714/5 3718/3718/5 3717/3717/5
f 3709/3709/41 3718/3718/41 3710/3710/41
f 3709/3709/41 3717/3717/41 3718/3718/41
f 3706/3706/39 3713/3713/39 3705/3705/39
f 3706/3706/39 3714/3714/39 3713/3713/39
f 3706/3706/42 3711/3711/42 3707/3707/42
f 3706/3706/42 3710/3710/42 3711/3711/42
f 3715/3715/40 3718/3718/40 3714/3714/40
f 3715/3715/40 3719/3719/40 3718/3718/40
f 3710/3710/41 3719/3719/41 3711/3711/41
f 3710/3710/41 3718/3718/41 3719/3719/41
f 3707/3707/39 3714/3714/39 3706/3706/39
f 3707/3707/39 3715/3715/39 3714/3714/39
f 3707/3707/5 3712/3712/5 3708/3708/5
f 3707/3707/5 3711/3711/5 3712/3712/5
f 3716/3716/6 3719/3719/6 3715/3715/6
f 3716/3716/6 3720/3720/6 3719/3719/6
f 3711/3711/41 3720/3720/41 3712/3712/41
f 3711/3711/41 3719/3719/41 3720/3720/41
f 3708/3708/39 3715/3715/39 3707/3707/39
f 3708/3708/39 3716/3716/39 3715/3715/39
f 3708/3708/40 3709/3709/40 3705/3705/40
f 3708/3708/40 3712/3712/40 3709/3709/40
f 3713/3713/42 3720/3720/42 3716/3716/42
f 3713/3713/42 3717/3717/42 3720/3720/42
f 3712/3712/41 3717/3717/41 3709/3709/41
f 3712/3712/41 3720/3720/41 3717/3717/41
f 3705/3705/39 3716/3716/39 3708/3708/39
f 3705/3705/39 3713/3713/39 3716/3716/39
f 3721/3721/6 3728/3728/6 3722/3722/6
f 3721/3721/6 3727/3727/6 3728/3728/6
f 3734/3734/5 3739/3739/5 3733/3733/5
f 3734/3734/5 3740/3740/5 3739/3739/5
f 3727/3727/41 3740/3740/41 3728/3728/41
f 3727/3727/41 3739/3739/41 3740/3740/41
f 3722/3722/39 3733/3733/39 3721/3721/39
f 3722/3722/39 3734/3734/39 3733/3733/39
f 3722/3722/42 3729/3729/42 3723/3723/42
f 3722/3722/42 3728/3728/42 3729/3729/42
f 3735/3735/40 3740/3740/40 3734/3734/40
f 3735/3735/40 3741/3741/40 3740/3740/40
f 3728/3728/41 3741/3741/41 3729/3729/41
f 3728/3728/41 3740/3740/41 3741/3741/41
f 3723/3723/39 3734/3734/39 3722/3722/39
f 3723/3723/39 3735/3735/39 3734/3734/39
f 3723/3723/47 3730/3730/47 3724/3724/47
f 3723/3723/47 3729/3729/47 3730/3730/47
f 3736/3736/48 3741/3741/48 3735/3735/48
f 3736/3736/48 3742/3742/48 3741/3741/48
f 3729/3729/41 3742/3742/41 3730/3730/41
f 3729/3729/41 3741/3741/41 3742/3742/41
f 3724/3724/39 3735/3735/39 3723/3723/39
f 3724/3724/39 3736/3736/39 3735/3735/39
f 3724/3724/5 3731/3731/5 3725/3725/5
f 3724/3724/5 3730/3730/5 3731/3731/5
f 3737/3737/6 3742/3742/6 3736/3736/6
f 3737/3737/6 3743/3743/6 3742/3742/6
f 3730/3730/41 3743/3743/41 3731/3731/41
f 3730/3730/41 3742/3742/41 3743/3743/41
f 3725/3725/39 3736/3736/39 3724/3724/39
f 3725/3725/39 3737/3737/39 3736/3736/39
f 3725/3725/49 3732/3732/49 3726/3726/49
f 3725/3725/49 3731/3731/49 3732/3732/49
f 3738/3738/50 3743/3743/50 3737/3737/50
f 3738/3738/50 3744/3744/50 3743/3743/50
f 3731/3731/41 3744/3744/41 3732/3732/41
f 3731/3731/41 3743/3743/41 3744/3744/41
f 3726/3726/39 3737/3737/39 3725/3725/39
f 3726/3726/39 3738/3738/39 3737/3737/39
f 3726/3726/40 3727/3727/40 3721/3721/40
f 3726/3726/40 3732/3732/40 3727/3727/40
f 3733/3733/42 3744/3744/42 3738/3738/42
f 3733/3733/42 3739/3739/42 3744/3744/42
f 3732/3732/41 3739/3739/41 3727/3727/41
f 3732/3732/41 3744/3744/41 3739/3739/41
f 3721/3721/39 3738/3738/39 3726/3726/39
f 3721/3721/39 3733/3733/39 3738/3738/39
f 3745/3745/6 3750/3750/6 3746/3746/6
f 3745/3745/6 3749/3749/6 3750/3750/6
f 3754/3754/5 3757/3757/5 3753/3753/5
f 3754/3754/5 3758/3758/5 3757/3757/5
f 3749/3749/41 3758/3758/41 3750/3750/41
f 3749/3749/41 3757/3757/41 3758/3758/41
f 3746/3746/39 3753/3753/39 3745/3745/39
f 3746/3746/39 3754/3754/39 3753/3753/39
f 3746/3746/42 3751/3751/42 3747/3747/42
f 3746/3746/42 3750/3750/42 3751/3751/42
f 3755/3755/40 3758/3758/40 3754/3754/40
f 3755/3755/40 3759/3759/40 3758/3758/40
f 3750/3750/41 3759/3759/41 3751/3751/41
f 3750/3750/41 3758/3758/41 3759/3759/41
f 3747/3747/39 3754/3754/39 3746/3746/39
f 3747/3747/39 3755/3755/39 3754/3754/39
f 3747/3747/5 3752/3752/5 3748/3748/5
f 3747/3747/5 3751/3751/5 3752/3752/5
f 3756/3756/6 3759/3759/6 3755/3755/6
f 3756/3756/6 3760/3760/6 3759/3759/6
f 3751/3751/41 3760/3760/41 3752/3752/41
f 3751/3751/41 3759/3759/41 3760/3760/41
f 3748/3748/39 3755/3755/39 3747/3747/39
f 3748/3748/39 3756/3756/39 3755/3755/39
f 3748/3748/40 3749/3749/40 3745/3745/40
f 3748/3748/40 3752/3752/40 3749/3749/40
f 3753/3753/42 3760/3760/42 3756/3756/42
f 3753/3753/42 3757/3757/42 3760/3760/42
f 3752/3752/41 3757/3757/41 3749/3749/41
f 3752/3752/41 3760/3760/41 3757/3757/41
f 3745/3745/39 3756/3756/39 3748/3748/39
f 3745/3745/39 3753/3753/39 3756/3756/39
f 3761/3761/6 3766/3766/6 3762/3762/6
f 3761/3761/6 3765/3765/6 3766/3766/6
f 3770/3770/5 3773/3773/5 3769/3769/5
f 3770/3770/5 3774/3774/5 3773/3773/5
f 3765/3765/41 3774/3774/41 3766/3766/41
f 3765/3765/41 3773/3773/41 3774/3774/41
f 3762/3762/39 3769/3769/39 3761/3761/39
f 3762/3762/39 3770/3770/39 3769/3769/39
f 3762/3762/42 3767/3767/42 3763/3763/42
f 3762/3762/42 3766/3766/42 3767/3767/42
f 3771/3771/40 3774/3774/40 3770/3770/40
f 3771/3771/40 3775/3775/40 3774/3774/40
f 3766/3766/41 3775/3775/41 3767/3767/41
f 3766/3766/41 3774/3774/41 3775/3775/41
f 3763/3763/39 3770/3770/39 3762/3762/39
f 3763/3763/39 3771/3771/39 3770/3770/39
f 3763/3763/5 3768/3768/5 3764/3764/5
f 3763/3763/5 3767/3767/5 3768/3768/5
f 3772/3772/6 3775/3775/6 3771/3771/6
f 3772/3772/6 3776/3776/6 3775/3775/6
f 3767/3767/41 3776/3776/41 3768/3768/41
f 3767/3767/41 3775/3775/41 3776/3776/41
f 3764/3764/39 3771/3771/39 3763/3763/39
f 3764/3764/39 3772/3772/39 3771/3771/39
f 3764/3764/40 3765/3765/40 3761/3761/40
f 3764/3764/40 3768/3768/40 3765/3765/40
f 3769/3769/42 3776/3776/42 3772/3772/42
f 3769/3769/42 3773/3773/42 3776/3776/42
f 3768/3768/41 3773/3773/41 3765/3765/41
f 3768/3768/41 3776/3776/41 3773/3773/41
f 3761/3761/39 3772/3772/39 3764/3764/39
f 3761/3761/39 3769/3769/39 3772/3772/39
f 3777/3777/6 3784/3784/6 3778/3778/6
f 3777/3777/6 3783/3783/6 3784/3784/6
f 3790/3790/5 3795/3795/5 3789/3789/5
f 3790/3790/5 3796/3796/5 3795/3795/5
f 3783/3783/41 3796/3796/41 3784/3784/41
f 3783/3783/41 3795/3795/41 3796/3796/41
f 3778/3778/39 3789/3789/39 3777/3777/39
f 3778/3778/39 3790/3790/39 3789/3789/39
f 3778/3778/42 3785/3785/42 3779/3779/42
f 3778/3778/42 3784/3784/42 3785/3785/42
f 3791/3791/40 3796/3796/40 3790/3790/40
f 3791/3791/40 3797/3797/40 3796/3796/40
f 3784/3784/41 3797/3797/41 3785/3785/41
f 3784/3784/41 3796/3796/41 3797/3797/41
f 3779/3779/39 3790/3790/39 3778/3778/39
f 3779/3779/39 3791/3791/39 3790/3790/39
f 3779/3779/47 3786/3786/47 3780/3780/47
f 3779/3779/47 3785/3785/47 3786/3786/47
f 3792/3792/48 3797/3797/48 3791/3791/48
f 3792/3792/48 3798/3798/48 3797/3797/48
f 3785/3785/41 3798/3798/41 3786/3786/41
f 3785/3785/41 3797/3797/41 3798/3798/41
f 3780/3780/39 3791/3791/39 3779/3779/39
f 3780/3780/39 3792/3792/39 3791/3791/39
f 3780/3780/5 3787/3787/5 3781/3781/5
f 3780/3780/5 3786/3786/5 3787/3787/5
f 3793/3793/6 3798/3798/6 3792/3792/6
f 3793/3793/6 3799/3799/6 3798/3798/6
f 3786/3786/41 3799/3799/41 3787/3787/41
f 3786/3786/41 3798/3798/41 3799/3799/41
f 3781/3781/39 3792/3792/39 3780/3780/39
f 3781/3781/39 3793/3793/39 3792/3792/39
f 3781/3781/49 3788/3788/49 3782/3782/49
f 3781/3781/49 3787/3787/49 3788/3788/49
f 3794/3794/50 3799/3799/50 3793/3793/50
f 3794/3794/50 3800/3800/50 3799/3799/50
f 3787/3787/41 3800/3800/41 3788/3788/41
f 3787/3787/41 3799/3799/41 3800/3800/41
f 3782/3782/39 3793/3793/39 3781/3781/39
f 3782/3782/39 3794/3794/39 3793/3793/39
f 3782/3782/40 3783/3783/40 3777/3777/40
f 3782/3782/40 3788/3788/40 3783/3783/40
f 3789/3789/42 3800/3800/42 3794/3794/42
f 3789/3789/42 3795/3795/42 3800/3800/42
f 3788/3788/41 3795/3795/41 3783/3783/41
f 3788/3788/41 3800/3800/41 3795/3795/41
f 3777/3777/39 3794/3794/39 3782/3782/39
f 3777/3777/39 3789/3789/39 3794/3794/39
f 3801/3801/6 3806/3806/6 3802/3802/6
f 3801/3801/6 3805/3805/6 3806/3806/6
f 3810/3810/5 3813/3813/5 3809/3809/5
f 3810/3810/5 3814/3814/5 3813/3813/5
f 3805/3805/41 3814/3814/41 3806/3806/41
f 3805/3805/41 3813/3813/41 3814/3814/41
f 3802/3802/39 3809/3809/39 3801/3801/39
f 3802/3802/39 3810/3810/39 3809/3809/39
f 3802/3802/42 3807/3807/42 3803/3803/42
f 3802/3802/42 3806/3806/42 3807/3807/42
f 3811/3811/40 3814/3814/40 3810/3810/40
f 3811/3811/40 3815/3815/40 3814/3814/40
f 3806/3806/41 3815/3815/41 3807/3807/41
f 3806/3806/41 3814/3814/41 3815/3815/41
f 3803/3803/39 3810/3810/39 3802/3802/39
f 3803/3803/39 3811/3811/39 3810/3810/39
f 3803/3803/5 3808/3808/5 3804/3804/5
f 3803/3803/5 3807/3807/5 3808/3808/5
f 3812/3812/6 3815/3815/6 3811/3811/6
f 3812/3812/6 3816/3816/6 3815/3815/6
f 3807/3807/41 3816/3816/41 3808/3808/41
f 3807/3807/41 3815/3815/41 3816/3816/41
f 3804/3804/39 3811/3811/39 3803/3803/39
f 3804/3804/39 3812/3812/39 3811/3811/39
f 3804/3804/40 3805/3805/40 3801/3801/40
f 3804/3804/40 3808/3808/40 3805/3805/40
f 3809/3809/42 3816/3816/42 3812/3812/42
f 3809/3809/42 3813/3813/42 3816/3816/42
f 3808/3808/41 3813/3813/41 3805/3805/41
f 3808/3808/41 3816/3816/41 3813/3813/41
f 3801/3801/39 3812/3812/39 3804/3804/39
f 3801/3801/39 3809/3809/39 3812/3812/39
f 3817/3817/6 3824/3824/6 3818/3818/6
f 3817/3817/6 3823/3823/6 3824/3824/6
f 3830/3830/5 3835/3835/5 3829/3829/5
f 3830/3830/5 3836/3836/5 3835/3835/5
f 3823/3823/41 3836/3836/41 3824/3824/41
f 3823/3823/41 3835/3835/41 3836/3836/41
f 3818/3818/39 3829/3829/39 3817/3817/39
f 3818/3818/39 3830/3830/39 3829/3829/39
f 3818/3818/42 3825/3825/42 3819/3819/42
f 3818/3818/42 3824/3824/42 3825/3825/42
f 3831/3831/40 3836/3836/40 3830/3830/40
f 3831/3831/40 3837/3837/40 3836/3836/40
f 3824/3824/41 3837/3837/41 3825/3825/41
f 3824/3824/41 3836/3836/41 3837/3837/41
f 3819/3819/39 3830/3830/39 3818/3818/39
f 3819/3819/39 3831/3831/39 3830/3830/39
f 3819/3819/47 3826/3826/47 3820/3820/47
f 3819/3819/47 3825/3825/47 3826/3826/47
f 3832/3832/48 3837/3837/48 3831/3831/48
f 3832/3832/48 3838/3838/48 3837/3837/48
f 3825/3825/41 3838/3838/41 3826/3826/41
f 3825/3825/41 3837/3837/41 3838/3838/41
f 3820/3820/39 3831/3831/39 3819/3819/39
f 3820/3820/39 3832/3832/39 3831/3831/39
f 3820/3820/5 3827/3827/5 3821/3821/5
f 3820/3820/5 3826/3826/5 3827/3827/5
f 3833/3833/6 3838/3838/6 3832/3832/6
f 3833/3833/6 3839/3839/6 3838/3838/6
f 3826/3826/41 3839/3839/41 3827/3827/41
f 3826/3826/41 3838/3838/41 3839/3839/41
f 3821/3821/39 3832/3832/39 3820/3820/39
f 3821/3821/39 3833/3833/39 3832/3832/39
f 3821/3821/49 3828/3828/49 3822/3822/49
f 3821/3821/49 3827/3827/49 3828/3828/49
f 3834/3834/50 3839/3839/50 3833/3833/50
f 3834/3834/50 3840/3840/50 3839/3839/50
f 3827/3827/41 3840/3840/41 3828/3828/41
f 3827/3827/41 3839/3839/41 3840/3840/41
f 3822/3822/39 3833/3833/39 3821/3821/39
f 3822/3822/39 3834/3834/39 3833/3833/39
f 3822/3822/40 3823/3823/40 3817/3817/40
f 3822/3822/40 3828/3828/40 3823/3823/40
f 3829/3829/42 3840/3840/42 3834/3834/42
f 3829/3829/42 3835/3835/42 3840/3840/42
f 3828/3828/41 3835/3835/41 3823/3823/41
f 3828/3828/41 3840/3840/41 3835/3835/41
f 3817/3817/39 3834/3834/39 3822/3822/39
f 3817/3817/39 3829/3829/39 3834/3834/39
f 3841/3841/6 3846/3846/6 3842/3842/6
f 3841/3841/6 3845/3845/6 3846/3846/6
f 3850/3850/5 3853/3853/5 3849/3849/5
f 3850/3850/5 3854/3854/5 3853/3853/5
f 3845/3845/41 3854/3854/41 3846/3846/41
f 3845/3845/41 3853/3853/41 3854/3854/41
f 3842/3842/39 3849/3849/39 3841/3841/39
f 3842/3842/39 3850/3850/39 3849/3849/39
f 3842/3842/42 3847/3847/42 3843/3843/42
f 3842/3842/42 3846/3846/42 3847/3847/42
f 3851/3851/40 3854/3854/40 3850/3850/40
f 3851/3851/40 3855/3855/40 3854/3854/40
f 3846/3846/41 3855/3855/41 3847/3847/41
f 3846/3846/41 3854/3854/41 3855/3855/41
f 3843/3843/39 3850/3850/39 3842/3842/39
f 3843/3843/39 3851/3851/39 3850/3850/39
f 3843/3843/5 3848/3848/5 3844/3844/5
f 3843/3843/5 3847/3847/5 3848/3848/5
f 3852/3852/6 3855/3855/6 3851/3851/6
f 3852/3852/6 3856/3856/6 3855/3855/6
f 3847/3847/41 3856/3856/41 3848/3848/41
f 3847/3847/41 3855/3855/41 3856/3856/41
f 3844/3844/39 3851/3851/39 3843/3843/39
f 3844/3844/39 3852/3852/39 3851/3851/39
f 3844/3844/40 3845/3845/40 3841/3841/40
f 3844/3844/40 3848/3848/40 3845/3845/40
f 3849/3849/42 3856/3856/42 3852/3852/42
f 3849/3849/42 3853/3853/42 3856/3856/42
f 3848/3848/41 3853/3853/41 3845/3845/41
f 3848/3848/41 3856/3856/41 3853/3853/41
f 3841/3841/39 3852/3852/39 3844/3844/39
f 3841/3841/39 3849/3849/39 3852/3852/39
f 3857/3857/39 3858/3858/39 3862/3862/39
f 3857/3857/39 3862/3862/39 3861/3861/39
f 3858/3858/42 3859/3859/42 3863/3863/42
f 3858/3858/42 3863/3863/42 3862/3862/42
f 3859/3859/41 3860/3860/41 3864/3864/41
f 3859/3859/41 3864/3864/41 3863/3863/41
f 3860/3860/40 3857/3857/40 3861/3861/40
f 3860/3860/40 3861/3861/40 3864/3864/40
f 3861/3861/5 3862/3862/5 3863/3863/5
f 3861/3861/5 3863/3863/5 3864/3864/5
f 3860/3860/6 3859/3859/6 3858/3858/6
f 3860/3860/6 3858/3858/6 3857/3857/6
f 3865/3865/6 3870/3870/6 3866/3866/6
f 3865/3865/6 3869/3869/6 3870/3870/6
f 3874/3874/5 3877/3877/5 3873/3873/5
f 3874/3874/5 3878/3878/5 3877/3877/5
f 3869/3869/42 3878/3878/42 3870/3870/42
f 3869/3869/42 3877/3877/42 3878/3878/42
f 3866/3866/40 3873/3873/40 3865/3865/40
f 3866/3866/40 3874/3874/40 3873/3873/40
f 3866/3866/39 3871/3871/39 3867/3867/39
f 3866/3866/39 3870/3870/39 3871/3871/39
f 3875/3875/41 3878/3878/41 3874/3874/41
f 3875/3875/41 3879/3879/41 3878/3878/41
f 3870/3870/42 3879/3879/42 3871/3871/42
f 3870/3870/42 3878/3878/42 3879/3879/42
f 3867/3867/40 3874/3874/40 3866/3866/40
f 3867/3867/40 3875/3875/40 3874/3874/40
f 3867/3867/5 3872/3872/5 3868/3868/5
f 3867/3867/5 3871/3871/5 3872/3872/5
f 3876/3876/6 3879/3879/6 3875/3875/6
f 3876/3876/6 3880/3880/6 3879/3879/6
f 3871/3871/42 3880/3880/42 3872/3872/42
f 3871/3871/42 3879/3879/42 3880/3880/42
f 3868/3868/40 3875/3875/40 3867/3867/40
f 3868/3868/40 3876/3876/40 3875/3875/40
f 3868/3868/41 3869/3869/41 3865/3865/41
f 3868/3868/41 3872/3872/41 3869/3869/41
f 3873/3873/39 3880/3880/39 3876/3876/39
f 3873/3873/39 3877/3877/39 3880/3880/39
f 3872/3872/42 3877/3877/42 3869/3869/42
f 3872/3872/42 3880/3880/42 3877/3877/42
f 3865/3865/40 3876/3876/40 3868/3868/40
f 3865/3865/40 3873/3873/40 3876/3876/40
f 3881/3881/6 3886/3886/6 3882/3882/6
f 3881/3881/6 3885/3885/6 3886/3886/6
f 3890/3890/5 3893/3893/5 3889/3889/5
f 3890/3890/5 3894/3894/5 3893/3893/5
f 3885/3885/42 3894/3894/42 3886/3886/42
f 3885/3885/42 3893/3893/42 3894/3894/42
f 3882/3882/40 3889/3889/40 3881/3881/40
f 3882/3882/40 3890/3890/40 3889/3889/40
f 3882/3882/39 3887/3887/39 3883/3883/39
f 3882/3882/39 3886/3886/39 3887/3887/39
f 3891/3891/41 3894/3894/41 3890/3890/41
f 3891/3891/41 3895/3895/41 3894/3894/41
f 3886/3886/42 3895/3895/42 3887/3887/42
f 3886/3886/42 3894/3894/42 3895/3895/42
f 3883/3883/40 3890/3890/40 3882/3882/40
f 3883/3883/40 3891/3891/40 3890/3890/40
f 3883/3883/5 3888/3888/5 3884/3884/5
f 3883/3883/5 3887/3887/5 3888/3888/5
f 3892/3892/6 3895/3895/6 3891/3891/6
f 3892/3892/6 3896/3896/6 3895/3895/6
f 3887/3887/42 3896/3896/42 3888/3888/42
f 3887/3887/42 3895/3895/42 3896/3896/42
f 3884/3884/40 3891/3891/40 3883/3883/40
f 3884/3884/40 3892/3892/40 3891/3891/40
f 3884/3884/41 3885/3885/41 3881/3881/41
f 3884/3884/41 3888/3888/41 3885/3885/41
f 3889/3889/39 3896/3896/39 3892/3892/39
f 3889/3889/39 3893/3893/39 3896/3896/39
f 3888/3888/42 3893/3893/42 3885/3885/42
f 3888/3888/42 3896/3896/42 3893/3893/42
f 3881/3881/40 3892/3892/40 3884/3884/40
f 3881/3881/40 3889/3889/40 3892/3892/40
f 3897/3897/6 3902/3902/6 3898/3898/6
f 3897/3897/6 3901/3901/6 3902/3902/6
f 3906/3906/5 3909/3909/5 3905/3905/5
f 3906/3906/5 3910/3910/5 3909/3909/5
f 3901/3901/42 3910/3910/42 3902/3902/42
f 3901/3901/42 3909/3909/42 3910/3910/42
f 3898/3898/40 3905/3905/40 3897/3897/40
f 3898/3898/40 3906/3906/40 3905/3905/40
f 3898/3898/39 3903/3903/39 3899/3899/39
f 3898/3898/39 3902/3902/39 3903/3903/39
f 3907/3907/41 3910/3910/41 3906/3906/41
f 3907/3907/41 3911/3911/41 3910/3910/41
f 3902/3902/42 3911/3911/42 3903/3903/42
f 3902/3902/42 3910/3910/42 3911/3911/42
f 3899/3899/40 3906/3906/40 3898/3898/40
f 3899/3899/40 3907/3907/40 3906/3906/40
f 3899/3899/5 3904/3904/5 3900/3900/5
f 3899/3899/5 3903/3903/5 3904/3904/5
f 3908/3908/6 3911/3911/6 3907/3907/6
f 3908/3908/6 3912/3912/6 3911/3911/6
f 3903/3903/42 3912/3912/42 3904/3904/42
f 3903/3903/42 3911/3911/42 3912/3912/42
f 3900/3900/40 3907/3907/40 3899/3899/40
f 3900/3900/40 3908/3908/40 3907/3907/40
f 3900/3900/41 3901/3901/41 3897/3897/41
f 3900/3900/41 3904/3904/41 3901/3901/41
f 3905/3905/39 3912/3912/39 3908/3908/39
f 3905/3905/39 3909/3909/39 3912/3912/39
f 3904/3904/42 3909/3909/42 3901/3901/42
f 3904/3904/42 3912/3912/42 3909/3909/42
f 3897/3897/40 3908/3908/40 3900/3900/40
f 3897/3897/40 3905/3905/40 3908/3908/40
f 3913/3913/6 3918/3918/6 3914/3914/6
f 3913/3913/6 3917/3917/6 3918/3918/6
f 3922/3922/5 3925/3925/5 3921/3921/5
f 3922/3922/5 3926/3926/5 3925/3925/5
f 3917/3917/42 3926/3926/42 3918/3918/42
f 3917/3917/42 3925/3925/42 3926/3926/42
f 3914/3914/40 3921/3921/40 3913/3913/40
f 3914/3914/40 3922/3922/40 3921/3921/40
f 3914/3914/39 3919/3919/39 3915/3915/39
f 3914/3914/39 3918/3918/39 3919/3919/39
f 3923/3923/41 3926/3926/41 3922/3922/41
f 3923/3923/41 3927/3927/41 3926/3926/41
f 3918/3918/42 3927/3927/42 3919/3919/42
f 3918/3918/42 3926/3926/42 3927/3927/42
f 3915/3915/40 3922/3922/40 3914/3914/40
f 3915/3915/40 3923/3923/40 3922/3922/40
f 3915/3915/5 3920/3920/5 3916/3916/5
f 3915/3915/5 3919/3919/5 3920/3920/5
f 3924/3924/6 3927/3927/6 3923/3923/6
f 3924/3924/6 3928/3928/6 3927/3927/6
f 3919/3919/42 3928/3928/42 3920/3920/42
f 3919/3919/42 3927/3927/42 3928/3928/42
f 3916/3916/40 3923/3923/40 3915/3915/40
f 3916/3916/40 3924/3924/40 3923/3923/40
f 3916/3916/41 3917/3917/41 3913/3913/41
f 3916/3916/41 3920/3920/41 3917/3917/41
f 3921/3921/39 3928/3928/39 3924/3924/39
f 3921/3921/39 3925/3925/39 3928/3928/39
f 3920/3920/42 3925/3925/42 3917/3917/42
f 3920/3920/42 3928/3928/42 3925/3925/42
f 3913/3913/40 3924/3924/40 3916/3916/40
f 3913/3913/40 3921/3921/40 3924/3924/40
f 3929/3929/6 3934/3934/6 3930/3930/6
f 3929/3929/6 3933/3933/6 3934/3934/6
f 3938/3938/5 3941/3941/5 3937/3937/5
f 3938/3938/5 3942/3942/5 3941/3941/5
f 3933/3933/42 3942/3942/42 3934/3934/42
f 3933/3933/42 3941/3941/42 3942/3942/42
f 3930/3930/40 3937/3937/40 3929/3929/40
f 3930/3930/40 3938/3938/40 3937/3937/40
f 3930/3930/39 3935/3935/39 3931/3931/39
f 3930/3930/39 3934/3934/39 3935/3935/39
f 3939/3939/41 3942/3942/41 3938/3938/41
f 3939/3939/41 3943/3943/41 3942/3942/41
f 3934/3934/42 3943/3943/42 3935/3935/42
f 3934/3934/42 3942/3942/42 3943/3943/42
f 3931/3931/40 3938/3938/40 3930/3930/40
f 3931/3931/40 3939/3939/40 3938/3938/40
f 3931/3931/5 3936/3936/5 3932/3932/5
f 3931/3931/5 3935/3935/5 3936/3936/5
f 3940/3940/6 3943/3943/6 3939/3939/6
f 3940/3940/6 3944/3944/6 3943/3943/6
f 3935/3935/42 3944/3944/42 3936/3936/42
f 3935/3935/42 3943/3943/42 3944/3944/42
f 3932/3932/40 3939/3939/40 3931/3931/40
f 3932/3932/40 3940/3940/40 3939/3939/40
f 3932/3932/41 3933/3933/41 3929/3929/41
f 3932/3932/41 3936/3936/41 3933/3933/41
f 3937/3937/39 3944/3944/39 3940/3940/39
f 3937/3937/39 3941/3941/39 3944/3944/39
f 3936/3936/42 3941/3941/42 3933/3933/42
f 3936/3936/42 3944/3944/42 3941/3941/42
f 3929/3929/40 3940/3940/40 3932/3932/40
f 3929/3929/40 3937/3937/40 3940/3940/40
f 3945/3945/6 3950/3950/6 3946/3946/6
f 3945/3945/6 3949/3949/6 3950/3950/6
f 3954/3954/5 3957/3957/5 3953/3953/5
f 3954/3954/5 3958/3958/5 3957/3957/5
f 3949/3949/42 3958/3958/42 3950/3950/42
f 3949/3949/42 3957/3957/42 3958/3958/42
f 3946/3946/40 3953/3953/40 3945/3945/40
f 3946/3946/40 3954/3954/40 3953/3953/40
f 3946/3946/39 3951/3951/39 3947/3947/39
f 3946/3946/39 3950/3950/39 3951/3951/39
f 3955/3955/41 3958/3958/41 3954/3954/41
f 3955/3955/41 3959/3959/41 3958/3958/41
f 3950/3950/42 3959/3959/42 3951/3951/42
f 3950/3950/42 3958/3958/42 3959/3959/42
f 3947/3947/40 3954/3954/40 3946/3946/40
f 3947/3947/40 3955/3955/40 3954/3954/40
f 3947/3947/5 3952/3952/5 3948/3948/5
f 3947/3947/5 3951/3951/5 3952/3952/5
f 3956/3956/6 3959/3959/6 3955/3955/6
f 3956/3956/6 3960/3960/6 3959/3959/6
f 3951/3951/42 3960/3960/42 3952/3952/42
f 3951/3951/42 3959/3959/42 3960/3960/42
f 3948/3948/40 3955/3955/40 3947/3947/40
f 3948/3948/40 3956/3956/40 3955/3955/40
f 3948/3948/41 3949/3949/41 3945/3945/41
f 3948/3948/41 3952/3952/41 3949/3949/41
f 3953/3953/39 3960/3960/39 3956/3956/39
f 3953/3953/39 3957/3957/39 3960/3960/39
f 3952/3952/42 3957/3957/42 3949/3949/42
f 3952/3952/42 3960/3960/42 3957/3957/42
f 3945/3945/40 3956/3956/40 3948/3948/40
f 3945/3945/40 3953/3953/40 3956/3956/40
f 3961/3961/39 3966/3966/39 3962/3962/39
f 3961/3961/39 3965/3965/39 3966/3966/39
f 3970/3970/41 3973/3973/41 3969/3969/41
f 3970/3970/41 3974/3974/41 3973/3973/41
f 3965/3965/5 3974/3974/5 3966/3966/5
f 3965/3965/5 3973/3973/5 3974/3974/5
f 3962/3962/6 3969/3969/6 3961/3961/6
f 3962/3962/6 3970/3970/6 3969/3969/6
f 3962/3962/40 3967/3967/40 3963/3963/40
f 3962/3962/40 3966/3966/40 3967/3967/40
f 3971/3971/42 3974/3974/42 3970/3970/42
f 3971/3971/42 3975/3975/42 3974/3974/42
f 3966/3966/5 3975/3975/5 3967/3967/5
f 3966/3966/5 3974/3974/5 3975/3975/5
f 3963/3963/6 3970/3970/6 3962/3962/6
f 3963/3963/6 3971/3971/6 3970/3970/6
f 3963/3963/41 3968/3968/41 3964/3964/41
f 3963/3963/41 3967/3967/41 3968/3968/41
f 3972/3972/39 3975/3975/39 3971/3971/39
f 3972/3972/39 3976/3976/39 3975/3975/39
f 3967/3967/5 3976/3976/5 3968/3968/5
f 3967/3967/5 3975/3975/5 3976/3976/5
f 3964/3964/6 3971/3971/6 3963/3963/6
f 3964/3964/6 3972/3972/6 3971/3971/6
f 3964/3964/42 3965/3965/42 3961/3961/42
f 3964/3964/42 3968/3968/42 3965/3965/42
f 3969/3969/40 3976/3976/40 3972/3972/40
f 3969/3969/40 3973/3973/40 3976/3976/40
f 3968/3968/5 3973/3973/5 3965/3965/5
f 3968/3968/5 3976/3976/5 3973/3973/5
f 3961/3961/6 3972/3972/6 3964/3964/6
f 3961/3961/6 3969/3969/6 3972/3972/6
f 3977/3977/39 3982/3982/39 3978/3978/39
f 3977/3977/39 3981/3981/39 3982/3982/39
f 3986/3986/41 3989/3989/41 3985/3985/41
f 3986/3986/41 3990/3990/41 3989/3989/41
f 3981/3981/5 3990/3990/5 3982/3982/5
f 3981/3981/5 3989/3989/5 3990/3990/5
f 3978/3978/6 3985/3985/6 3977/3977/6
f 3978/3978/6 3986/3986/6 3985/3985/6
f 3978/3978/40 3983/3983/40 3979/3979/40
f 3978/3978/40 3982/3982/40 3983/3983/40
f 3987/3987/42 3990/3990/42 3986/3986/42
f 3987/3987/42 3991/3991/42 3990/3990/42
f 3982/3982/5 3991/3991/5 3983/3983/5
f 3982/3982/5 3990/3990/5 3991/3991/5
f 3979/3979/6 3986/3986/6 3978/3978/6
f 3979/3979/6 3987/3987/6 3986/3986/6
f 3979/3979/41 3984/3984/41 3980/3980/41
f 3979/3979/41 3983/3983/41 3984/3984/41
f 3988/3988/39 3991/3991/39 3987/3987/39
f 3988/3988/39 3992/3992/39 3991/3991/39
f 3983/3983/5 3992/3992/5 3984/3984/5
f 3983/3983/5 3991/3991/5 3992/3992/5
f 3980/3980/6 3987/3987/6 3979/3979/6
f 3980/3980/6 3988/3988/6 3987/3987/6
f 3980/3980/42 3981/3981/42 3977/3977/42
f 3980/3980/42 3984/3984/42 3981/3981/42
f 3985/3985/40 3992/3992/40 3988/3988/40
f 3985/3985/40 3989/3989/40 3992/3992/40
f 3984/3984/5 3989/3989/5 3981/3981/5
f 3984/3984/5 3992/3992/5 3989/3989/5
f 3977/3977/6 3988/3988/6 3980/3980/6
f 3977/3977/6 3985/3985/6 3988/3988/6
f 3993/3993/39 3998/3998/39 3994/3994/39
f 3993/3993/39 3997/3997/39 3998/3998/39
f 4002/4002/41 4005/4005/41 4001/4001/41
f 4002/4002/41 4006/4006/41 4005/4005/41
f 3997/3997/5 4006/4006/5 3998/3998/5
f 3997/3997/5 4005/4005/5 4006/4006/5
f 3994/3994/6 4001/4001/6 3993/3993/6
f 3994/3994/6 4002/4002/6 4001/4001/6
f 3994/3994/40 3999/3999/40 3995/3995/40
f 3994/3994/40 3998/3998/40 3999/3999/40
f 4003/4003/42 4006/4006/42 4002/4002/42
f 4003/4003/42 4007/4007/42 4006/4006/42
f 3998/3998/5 4007/4007/5 3999/3999/5
f 3998/3998/5 4006/4006/5 4007/4007/5
f 3995/3995/6 4002/4002/6 3994/3994/6
f 3995/3995/6 4003/4003/6 4002/4002/6
f 3995/3995/41 4000/4000/41 3996/3996/41
f 3995/3995/41 3999/3999/41 4000/4000/41
f 4004/4004/39 4007/4007/39 4003/4003/39
f 4004/4004/39 4008/4008/39 4007/4007/39
f 3999/3999/5 4008/4008/5 4000/4000/5
f 3999/3999/5 4007/4007/5 4008/4008/5
f 3996/3996/6 4003/4003/6 3995/3995/6
f 3996/3996/6 4004/4004/6 4003/4003/6
f 3996/3996/42 3997/3997/42 3993/3993/42
f 3996/3996/42 4000/4000/42 3997/3997/42
f 4001/4001/40 4008/4008/40 4004/4004/40
f 4001/4001/40 4005/4005/40 4008/4008/40
f 4000/4000/5 4005/4005/5 3997/3997/5
f 4000/4000/5 4008/4008/5 4005/4005/5
f 3993/3993/6 4004/4004/6 3996/3996/6
f 3993/3993/6 4001/4001/6 4004/4004/6
f 4009/4009/40 4010/4010/40 4014/4014/40
f 4009/4009/40 4014/4014/40 4013/4013/40
f 4010/4010/39 4011/4011/39 4015/4015/39
f 4010/4010/39 4015/4015/39 4014/4014/39
f 4011/4011/42 4012/4012/42 4016/4016/42
f 4011/4011/42 4016/4016/42 4015/4015/42
f 4012/4012/41 4009/4009/41 4013/4013/41
f 4012/4012/41 4013/4013/41 4016/4016/41
f 4013/4013/5 4014/4014/5 4015/4015/5
f 4013/4013/5 4015/4015/5 4016/4016/5
f 4012/4012/6 4011/4011/6 4010/4010/6
f 4012/4012/6 4010/4010/6 4009/4009/6
f 4017/4017/41 4018/4018/41 4022/4022/41
f 4017/4017/41 4022/4022/41 4021/4021/41
f 4018/4018/40 4019/4019/40 4023/4023/40
f 4018/4018/40 4023/4023/40 4022/4022/40
f 4019/4019/39 4020/4020/39 4024/4024/39
f 4019/4019/39 4024/4024/39 4023/4023/39
f 4020/4020/42 4017/4017/42 4021/4021/42
f 4020/4020/42 4021/4021/42 4024/4024/42
f 4021/4021/5 4022/4022/5 4023/4023/5
f 4021/4021/5 4023/4023/5 4024/4024/5
f 4020/4020/6 4019/4019/6 4018/4018/6
f 4020/4020/6 4018/4018/6 4017/4017/6
f 4025/4025/40 4026/4026/40 4030/4030/40
f 4025/4025/40 4030/4030/40 4029/4029/40
f 4026/4026/39 4027/4027/39 4031/4031/39
f 4026/4026/39 4031/4031/39 4030/4030/39
f 4027/4027/42 4028/4028/42 4032/4032/42
f 4027/4027/42 4032/4032/42 4031/4031/42
f 4028/4028/41 4025/4025/41 4029/4029/41
f 4028/4028/41 4029/4029/41 4032/4032/41
f 4029/4029/5 4030/4030/5 4031/4031/5
f 4029/4029/5 4031/4031/5 4032/4032/5
f 4028/4028/6 4027/4027/6 4026/4026/6
f 4028/4028/6 4026/4026/6 4025/4025/6
f 4033/4033/41 4034/4034/41 4038/4038/41
f 4033/4033/41 4038/4038/41 4037/4037/41
f 4034/4034/40 4035/4035/40 4039/4039/40
f 4034/4034/40 4039/4039/40 4038/4038/40
f 4035/4035/39 4036/4036/39 4040/4040/39
f 4035/4035/39 4040/4040/39 4039/4039/39
f 4036/4036/42 4033/4033/42 4037/4037/42
f 4036/4036/42 4037/4037/42 4040/4040/42
f 4037/4037/5 4038/4038/5 4039/4039/5
f 4037/4037/5 4039/4039/5 4040/4040/5
f 4036/4036/6 4035/4035/6 4034/4034/6
f 4036/4036/6 4034/4034/6 4033/4033/6
f 4041/4041/41 4042/4042/41 4046/4046/41
f 4041/4041/41 4046/4046/41 4045/4045/41
f 4042/4042/40 4043/4043/40 4047/4047/40
f 4042/4042/40 4047/4047/40 4046/4046/40
f 4043/4043/39 4044/4044/39 4048/4048/39
f 4043/4043/39 4048/4048/39 4047/4047/39
f 4044/4044/42 4041/4041/42 4045/4045/42
f 4044/4044/42 4045/4045/42 4048/4048/42
f 4045/4045/5 4046/4046/5 4047/4047/5
f 4045/4045/5 4047/4047/5 4048/4048/5
f 4044/4044/6 4043/4043/6 4042/4042/6
f 4044/4044/6 4042/4042/6 4041/4041/6
f 4049/4049/42 4050/4050/42 4054/4054/42
f 4049/4049/42 4054/4054/42 4053/4053/42
f 4050/4050/41 4051/4051/41 4055/4055/41
f 4050/4050/41 4055/4055/41 4054/4054/41
f 4051/4051/40 4052/4052/40 4056/4056/40
f 4051/4051/40 4056/4056/40 4055/4055/40
f 4052/4052/39 4049/4049/39 4053/4053/39
f 4052/4052/39 4053/4053/39 4056/4056/39
f 4053/4053/5 4054/4054/5 4055/4055/5
f 4053/4053/5 4055/4055/5 4056/4056/5
f 4052/4052/6 4051/4051/6 4050/4050/6
f 4052/4052/6 4050/4050/6 4049/4049/6
f 4057/4057/41 4058/4058/41 4062/4062/41
f 4057/4057/41 4062/4062/41 4061/4061/41
f 4058/4058/40 4059/4059/40 4063/4063/40
f 4058/4058/40 4063/4063/40 4062/4062/40
f 4059/4059/39 4060/4060/39 4064/4064/39
f 4059/4059/39 4064/4064/39 4063/4063/39
f 4060/4060/42 4057/4057/42 4061/4061/42
f 4060/4060/42 4061/4061/42 4064/4064/42
f 4061/4061/5 4062/4062/5 4063/4063/5
f 4061/4061/5 4063/4063/5 4064/4064/5
f 4060/4060/6 4059/4059/6 4058/4058/6
f 4060/4060/6 4058/4058/6 4057/4057/6
f 4065/4065/42 4066/4066/42 4070/4070/42
f 4065/4065/42 4070/4070/42 4069/4069/42
f 4066/4066/41 4067/4067/41 4071/4071/41
f 4066/4066/41 4071/4071/41 4070/4070/41
f 4067/4067/40 4068/4068/40 4072/4072/40
f 4067/4067/40 4072/4072/40 4071/4071/40
f 4068/4068/39 4065/4065/39 4069/4069/39
f 4068/4068/39 4069/4069/39 4072/4072/39
f 4069/4069/5 4070/4070/5 4071/4071/5
f 4069/4069/5 4071/4071/5 4072/4072/5
f 4068/4068/6 4067/4067/6 4066/4066/6
f 4068/4068/6 4066/4066/6 4065/4065/6
f 4073/4073/42 4074/4074/42 4078/4078/42
f 4073/4073/42 4078/4078/42 4077/4077/42
f 4074/4074/41 4075/4075/41 4079/4079/41
f 4074/4074/41 4079/4079/41 4078/4078/41
f 4075/4075/40 4076/4076/40 4080/4080/40
f 4075/4075/40 4080/4080/40 4079/4079/40
f 4076/4076/39 4073/4073/39 4077/4077/39
f 4076/4076/39 4077/4077/39 4080/4080/39
f 4077/4077/5 4078/4078/5 4079/4079/5
f 4077/4077/5 4079/4079/5 4080/4080/5
f 4076/4076/6 4075/4075/6 4074/4074/6
f 4076/4076/6 4074/4074/6 4073/4073/6
f 4081/4081/39 4082/4082/39 4086/4086/39
f 4081/4081/39 4086/4086/39 4085/4085/39
f 4082/4082/42 4083/4083/42 4087/4087/42
f 4082/4082/42 4087/4087/42 4086/4086/42
f 4083/4083/41 4084/4084/41 4088/4088/41
f 4083/4083/41 4088/4088/41 4087/4087/41
f 4084/4084/40 4081/4081/40 4085/4085/40
f 4084/4084/40 4085/4085/40 4088/4088/40
f 4085/4085/5 4086/4086/5 4087/4087/5
f 4085/4085/5 4087/4087/5 4088/4088/5
f 4084/4084/6 4083/4083/6 4082/4082/6
f 4084/4084/6 4082/4082/6 4081/4081/6
f 4089/4089/42 4090/4090/42 4094/4094/42
f 4089/4089/42 4094/4094/42 4093/4093/42
f 4090/4090/41 4091/4091/41 4095/4095/41
f 4090/4090/41 4095/4095/41 4094/4094/41
f 4091/4091/40 4092/4092/40 4096/4096/40
f 4091/4091/40 4096/4096/40 4095/4095/40
f 4092/4092/39 4089/4089/39 4093/4093/39
f 4092/4092/39 4093/4093/39 4096/4096/39
f 4093/4093/5 4094/4094/5 4095/4095/5
f 4093/4093/5 4095/4095/5 4096/4096/5
f 4092/4092/6 4091/4091/6 4090/4090/6
f 4092/4092/6 4090/4090/6 4089/4089/6
f 4097/4097/39 4098/4098/39 4102/4102/39
f 4097/4097/39 4102/4102/39 4101/4101/39
f 4098/4098/42 4099/4099/42 4103/4103/42
f 4098/4098/42 4103/4103/42 4102/4102/42
f 4099/4099/41 4100/4100/41 4104/4104/41
f 4099/4099/41 4104/4104/41 4103/4103/41
f 4100/4100/40 4097/4097/40 4101/4101/40
f 4100/4100/40 4101/4101/40 4104/4104/40
f 4101/4101/5 4102/4102/5 4103/4103/5
f 4101/4101/5 4103/4103/5 4104/4104/5
f 4100/4100/6 4099/4099/6 4098/4098/6
f 4100/4100/6 4098/4098/6 4097/4097/6
f 4105/4105/39 4106/4106/39 4110/4110/39
f 4105/4105/39 4110/4110/39 4109/4109/39
f 4106/4106/42 4107/4107/42 4111/4111/42
f 4106/4106/42 4111/4111/42 4110/4110/42
f 4107/4107/41 4108/4108/41 4112/4112/41
f 4107/4107/41 4112/4112/41 4111/4111/41
f 4108/4108/40 4105/4105/40 4109/4109/40
f 4108/4108/40 4109/4109/40 4112/4112/40
f 4109/4109/5 4110/4110/5 4111/4111/5
f 4109/4109/5 4111/4111/5 4112/4112/5
f 4108/4108/6 4107/4107/6 4106/4106/6
f 4108/4108/6 4106/4106/6 4105/4105/6
f 4113/4113/40 4114/4114/40 4118/4118/40
f 4113/4113/40 4118/4118/40 4117/4117/40
f 4114/4114/39 4115/4115/39 4119/4119/39
f 4114/4114/39 4119/4119/39 4118/4118/39
f 4115/4115/42 4116/4116/42 4120/4120/42
f 4115/4115/42 4120/4120/42 4119/4119/42
f 4116/4116/41 4113/4113/41 4117/4117/41
f 4116/4116/41 4117/4117/41 4120/4120/41
f 4117/4117/5 4118/4118/5 4119/4119/5
f 4117/4117/5 4119/4119/5 4120/4120/5
f 4116/4116/6 4115/4115/6 4114/4114/6
f 4116/4116/6 4114/4114/6 4113/4113/6
f 4121/4121/39 4122/4122/39 4126/4126/39
f 4121/4121/39 4126/4126/39 4125/4125/39
f 4122/4122/42 4123/4123/42 4127/4127/42
f 4122/4122/42 4127/4127/42 4126/4126/42
f 4123/4123/41 4124/4124/41 4128/4128/41
f 4123/4123/41 4128/4128/41 4127/4127/41
f 4124/4124/40 4121/4121/40 4125/4125/40
f 4124/4124/40 4125/4125/40 4128/4128/40
f 4125/4125/5 4126/4126/5 4127/4127/5
f 4125/4125/5 4127/4127/5 4128/4128/5
f 4124/4124/6 4123/4123/6 4122/4122/6
f 4124/4124/6 4122/4122/6 4121/4121/6
f 4129/4129/40 4130/4130/40 4134/4134/40
f 4129/4129/40 4134/4134/40 4133/4133/40
f 4130/4130/39 4131/4131/39 4135/4135/39
f 4130/4130/39 4135/4135/39 4134/4134/39
f 4131/4131/42 4132/4132/42 4136/4136/42
f 4131/4131/42 4136/4136/42 4135/4135/42
f 4132/4132/41 4129/4129/41 4133/4133/41
f 4132/4132/41 4133/4133/41 4136/4136/41
f 4133/4133/5 4134/4134/5 4135/4135/5
f 4133/4133/5 4135/4135/5 4136/4136/5
f 4132/4132/6 4131/4131/6 4130/4130/6
f 4132/4132/6 4130/4130/6 4129/4129/6
f 4137/4137/71 4142/4142/71 4138/4138/71
f 4137/4137/71 4141/4141/71 4142/4142/71
f 4138/4138/72 4143/4143/72 4139/4139/72
f 4138/4138/72 4142/4142/72 4143/4143/72
f 4139/4139/73 4144/4144/73 4140/4140/73
f 4139/4139/73 4143/4143/73 4144/4144/73
f 4140/4140/74 4141/4141/74 4137/4137/74
f 4140/4140/74 4144/4144/74 4141/4141/74
f 4141/4141/5 4143/4143/5 4142/4142/5
f 4141/4141/5 4144/4144/5 4143/4143/5
f 4140/4140/6 4138/4138/6 4139/4139/6
f 4140/4140/6 4137/4137/6 4138/4138/6
f 4145/4145/6 4150/4150/6 4146/4146/6
f 4145/4145/6 4149/4149/6 4150/4150/6
f 4154/4154/5 4157/4157/5 4153/4153/5
f 4154/4154/5 4158/4158/5 4157/4157/5
f 4149/4149/71 4158/4158/71 4150/4150/71
f 4149/4149/71 4157/4157/71 4158/4158/71
f 4146/4146/73 4153/4153/73 4145/4145/73
f 4146/4146/73 4154/4154/73 4153/4153/73
f 4146/4146/72 4151/4151/72 4147/4147/72
f 4146/4146/72 4150/4150/72 4151/4151/72
f 4155/4155/74 4158/4158/74 4154/4154/74
f 4155/4155/74 4159/4159/74 4158/4158/74
f 4150/4150/71 4159/4159/71 4151/4151/71
f 4150/4150/71 4158/4158/71 4159/4159/71
f 4147/4147/73 4154/4154/73 4146/4146/73
f 4147/4147/73 4155/4155/73 4154/4154/73
f 4147/4147/5 4152/4152/5 4148/4148/5
f 4147/4147/5 4151/4151/5 4152/4152/5
f 4156/4156/6 4159/4159/6 4155/4155/6
f 4156/4156/6 4160/4160/6 4159/4159/6
f 4151/4151/71 4160/4160/71 4152/4152/71
f 4151/4151/71 4159/4159/71 4160/4160/71
f 4148/4148/73 4155/4155/73 4147/4147/73
f 4148/4148/73 4156/4156/73 4155/4155/73
f 4148/4148/74 4149/4149/74 4145/4145/74
f 4148/4148/74 4152/4152/74 4149/4149/74
f 4153/4153/72 4160/4160/72 4156/4156/72
f 4153/4153/72 4157/4157/72 4160/4160/72
f 4152/4152/71 4157/4157/71 4149/4149/71
f 4152/4152/71 4160/4160/71 4157/4157/71
f 4145/4145/73 4156/4156/73 4148/4148/73
f 4145/4145/73 4153/4153/73 4156/4156/73
f 4161/4161/6 4166/4166/6 4162/4162/6
f 4161/4161/6 4165/4165/6 4166/4166/6
f 4170/4170/5 4173/4173/5 4169/4169/5
f 4170/4170/5 4174/4174/5 4173/4173/5
f 4165/4165/71 4174/4174/71 4166/4166/71
f 4165/4165/71 4173/4173/71 4174/4174/71
f 4162/4162/73 4169/4169/73 4161/4161/73
f 4162/4162/73 4170/4170/73 4169/4169/73
f 4162/4162/72 4167/4167/72 4163/4163/72
f 4162/4162/72 4166/4166/72 4167/4167/72
f 4171/4171/74 4174/4174/74 4170/4170/74
f 4171/4171/74 4175/4175/74 4174/4174/74
f 4166/4166/71 4175/4175/71 4167/4167/71
f 4166/4166/71 4174/4174/71 4175/4175/71
f 4163/4163/73 4170/4170/73 4162/4162/73
f 4163/4163/73 4171/4171/73 4170/4170/73
f 4163/4163/5 4168/4168/5 4164/4164/5
f 4163/4163/5 4167/4167/5 4168/4168/5
f 4172/4172/6 4175/4175/6 4171/4171/6
f 4172/4172/6 4176/4176/6 4175/4175/6
f 4167/4167/71 4176/4176/71 4168/4168/71
f 4167/4167/71 4175/4175/71 4176/4176/71
f 4164/4164/73 4171/4171/73 4163/4163/73
f 4164/4164/73 4172/4172/73 4171/4171/73
f 4164/4164/74 4165/4165/74 4161/4161/74
f 4164/4164/74 4168/4168/74 4165/4165/74
f 4169/4169/72 4176/4176/72 4172/4172/72
f 4169/4169/72 4173/4173/72 4176/4176/72
f 4168/4168/71 4173/4173/71 4165/4165/71
f 4168/4168/71 4176/4176/71 4173/4173/71
f 4161/4161/73 4172/4172/73 4164/4164/73
f 4161/4161/73 4169/4169/73 4172/4172/73
f 4177/4177/6 4182/4182/6 4178/4178/6
f 4177/4177/6 4181/4181/6 4182/4182/6
f 4186/4186/5 4189/4189/5 4185/4185/5
f 4186/4186/5 4190/4190/5 4189/4189/5
f 4181/4181/71 4190/4190/71 4182/4182/71
f 4181/4181/71 4189/4189/71 4190/4190/71
f 4178/4178/73 4185/4185/73 4177/4177/73
f 4178/4178/73 4186/4186/73 4185/4185/73
f 4178/4178/72 4183/4183/72 4179/4179/72
f 4178/4178/72 4182/4182/72 4183/4183/72
f 4187/4187/74 4190/4190/74 4186/4186/74
f 4187/4187/74 4191/4191/74 4190/4190/74
f 4182/4182/71 4191/4191/71 4183/4183/71
f 4182/4182/71 4190/4190/71 4191/4191/71
f 4179/4179/73 4186/4186/73 4178/4178/73
f 4179/4179/73 4187/4187/73 4186/4186/73
f 4179/4179/5 4184/4184/5 4180/4180/5
f 4179/4179/5 4183/4183/5 4184/4184/5
f 4188/4188/6 4191/4191/6 4187/4187/6
f 4188/4188/6 4192/4192/6 4191/4191/6
f 4183/4183/71 4192/4192/71 4184/4184/71
f 4183/4183/71 4191/4191/71 4192/4192/71
f 4180/4180/73 4187/4187/73 4179/4179/73
f 4180/4180/73 4188/4188/73 4187/4187/73
f 4180/4180/74 4181/4181/74 4177/4177/74
f 4180/4180/74 4184/4184/74 4181/4181/74
f 4185/4185/72 4192/4192/72 4188/4188/72
f 4185/4185/72 4189/4189/72 4192/4192/72
f 4184/4184/71 4189/4189/71 4181/4181/71
f 4184/4184/71 4192/4192/71 4189/4189/71
f 4177/4177/73 4188/4188/73 4180/4180/73
f 4177/4177/73 4185/4185/73 4188/4188/73
f 4193/4193/73 4194/4194/73 4198/4198/73
f 4193/4193/73 4198/4198/73 4197/4197/73
f 4194/4194/72 4195/4195/72 4199/4199/72
f 4194/4194/72 4199/4199/72 4198/4198/72
f 4195/4195/71 4196/4196/71 4200/4200/71
f 4195/4195/71 4200/4200/71 4199/4199/71
f 4196/4196/74 4193/4193/74 4197/4197/74
f 4196/4196/74 4197/4197/74 4200/4200/74
f 4197/4197/5 4198/4198/5 4199/4199/5
f 4197/4197/5 4199/4199/5 4200/4200/5
f 4196/4196/6 4195/4195/6 4194/4194/6
f 4196/4196/6 4194/4194/6 4193/4193/6
f 4201/4201/6 4206/4206/6 4202/4202/6
f 4201/4201/6 4205/4205/6 4206/4206/6
f 4210/4210/5 4213/4213/5 4209/4209/5
f 4210/4210/5 4214/4214/5 4213/4213/5
f 4205/4205/72 4214/4214/72 4206/4206/72
f 4205/4205/72 4213/4213/72 4214/4214/72
f 4202/4202/74 4209/4209/74 4201/4201/74
f 4202/4202/74 4210/4210/74 4209/4209/74
f 4202/4202/73 4207/4207/73 4203/4203/73
f 4202/4202/73 4206/4206/73 4207/4207/73
f 4211/4211/71 4214/4214/71 4210/4210/71
f 4211/4211/71 4215/4215/71 4214/4214/71
f 4206/4206/72 4215/4215/72 4207/4207/72
f 4206/4206/72 4214/4214/72 4215/4215/72
f 4203/4203/74 4210/4210/74 4202/4202/74
f 4203/4203/74 4211/4211/74 4210/4210/74
f 4203/4203/5 4208/4208/5 4204/4204/5
f 4203/4203/5 4207/4207/5 4208/4208/5
f 4212/4212/6 4215/4215/6 4211/4211/6
f 4212/4212/6 4216/4216/6 4215/4215/6
f 4207/4207/72 4216/4216/72 4208/4208/72
f 4207/4207/72 4215/4215/72 4216/4216/72
f 4204/4204/74 4211/4211/74 4203/4203/74
f 4204/4204/74 4212/4212/74 4211/4211/74
f 4204/4204/71 4205/4205/71 4201/4201/71
f 4204/4204/71 4208/4208/71 4205/4205/71
f 4209/4209/73 4216/4216/73 4212/4212/73
f 4209/4209/73 4213/4213/73 4216/4216/73
f 4208/4208/72 4213/4213/72 4205/4205/72
f 4208/4208/72 4216/4216/72 4213/4213/72
f 4201/4201/74 4212/4212/74 4204/4204/74
f 4201/4201/74 4209/4209/74 4212/4212/74
f 4217/4217/6 4222/4222/6 4218/4218/6
f 4217/4217/6 4221/4221/6 4222/4222/6
f 4226/4226/5 4229/4229/5 4225/4225/5
f 4226/4226/5 4230/4230/5 4229/4229/5
f 4221/4221/73 4230/4230/73 4222/4222/73
f 4221/4221/73 4229/4229/73 4230/4230/73
f 4218/4218/71 4225/4225/71 4217/4217/71
f 4218/4218/71 4226/4226/71 4225/4225/71
f 4218/4218/74 4223/4223/74 4219/4219/74
f 4218/4218/74 4222/4222/74 4223/4223/74
f 4227/4227/72 4230/4230/72 4226/4226/72
f 4227/4227/72 4231/4231/72 4230/4230/72
f 4222/4222/73 4231/4231/73 4223/4223/73
f 4222/4222/73 4230/4230/73 4231/4231/73
f 4219/4219/71 4226/4226/71 4218/4218/71
f 4219/4219/71 4227/4227/71 4226/4226/71
f 4219/4219/5 4224/4224/5 4220/4220/5
f 4219/4219/5 4223/4223/5 4224/4224/5
f 4228/4228/6 4231/4231/6 4227/4227/6
f 4228/4228/6 4232/4232/6 4231/4231/6
f 4223/4223/73 4232/4232/73 4224/4224/73
f 4223/4223/73 4231/4231/73 4232/4232/73
f 4220/4220/71 4227/4227/71 4219/4219/71
f 4220/4220/71 4228/4228/71 4227/4227/71
f 4220/4220/72 4221/4221/72 4217/4217/72
f 4220/4220/72 4224/4224/72 4221/4221/72
f 4225/4225/74 4232/4232/74 4228/4228/74
f 4225/4225/74 4229/4229/74 4232/4232/74
f 4224/4224/73 4229/4229/73 4221/4221/73
f 4224/4224/73 4232/4232/73 4229/4229/73
f 4217/4217/71 4228/4228/71 4220/4220/71
f 4217/4217/71 4225/4225/71 4228/4228/71
f 4233/4233/6 4238/4238/6 4234/4234/6
f 4233/4233/6 4237/4237/6 4238/4238/6
f 4242/4242/5 4245/4245/5 4241/4241/5
f 4242/4242/5 4246/4246/5 4245/4245/5
f 4237/4237/73 4246/4246/73 4238/4238/73
f 4237/4237/73 4245/4245/73 4246/4246/73
f 4234/4234/71 4241/4241/71 4233/4233/71
f 4234/4234/71 4242/4242/71 4241/4241/71
f 4234/4234/74 4239/4239/74 4235/4235/74
f 4234/4234/74 4238/4238/74 4239/4239/74
f 4243/4243/72 4246/4246/72 4242/4242/72
f 4243/4243/72 4247/4247/72 4246/4246/72
f 4238/4238/73 4247/4247/73 4239/4239/73
f 4238/4238/73 4246/4246/73 4247/4247/73
f 4235/4235/71 4242/4242/71 4234/4234/71
f 4235/4235/71 4243/4243/71 4242/4242/71
f 4235/4235/5 4240/4240/5 4236/4236/5
f 4235/4235/5 4239/4239/5 4240/4240/5
f 4244/4244/6 4247/4247/6 4243/4243/6
f 4244/4244/6 4248/4248/6 4247/4247/6
f 4239/4239/73 4248/4248/73 4240/4240/73
f 4239/4239/73 4247/4247/73 4248/4248/73
f 4236/4236/71 4243/4243/71 4235/4235/71
f 4236/4236/71 4244/4244/71 4243/4243/71
f 4236/4236/72 4237/4237/72 4233/4233/72
f 4236/4236/72 4240/4240/72 4237/4237/72
f 4241/4241/74 4248/4248/74 4244/4244/74
f 4241/4241/74 4245/4245/74 4248/4248/74
f 4240/4240/73 4245/4245/73 4237/4237/73
f 4240/4240/73 4248/4248/73 4245/4245/73
f 4233/4233/71 4244/4244/71 4236/4236/71
f 4233/4233/71 4241/4241/71 4244/4244/71
f 4249/4249/6 4254/4254/6 4250/4250/6
f 4249/4249/6 4253/4253/6 4254/4254/6
f 4258/4258/5 4261/4261/5 4257/4257/5
f 4258/4258/5 4262/4262/5 4261/4261/5
f 4253/4253/74 4262/4262/74 4254/4254/74
f 4253/4253/74 4261/4261/74 4262/4262/74
f 4250/4250/72 4257/4257/72 4249/4249/72
f 4250/4250/72 4258/4258/72 4257/4257/72
f 4250/4250/71 4255/4255/71 4251/4251/71
f 4250/4250/71 4254/4254/71 4255/4255/71
f 4259/4259/73 4262/4262/73 4258/4258/73
f 4259/4259/73 4263/4263/73 4262/4262/73
f 4254/4254/74 4263/4263/74 4255/4255/74
f 4254/4254/74 4262/4262/74 4263/4263/74
f 4251/4251/72 4258/4258/72 4250/4250/72
f 4251/4251/72 4259/4259/72 4258/4258/72
f 4251/4251/5 4256/4256/5 4252/4252/5
f 4251/4251/5 4255/4255/5 4256/4256/5
f 4260/4260/6 4263/4263/6 4259/4259/6
f 4260/4260/6 4264/4264/6 4263/4263/6
f 4255/4255/74 4264/4264/74 4256/4256/74
f 4255/4255/74 4263/4263/74 4264/4264/74
f 4252/4252/72 4259/4259/72 4251/4251/72
f 4252/4252/72 4260/4260/72 4259/4259/72
f 4252/4252/73 4253/4253/73 4249/4249/73
f 4252/4252/73 4256/4256/73 4253/4253/73
f 4257/4257/71 4264/4264/71 4260/4260/71
f 4257/4257/71 4261/4261/71 4264/4264/71
f 4256/4256/74 4261/4261/74 4253/4253/74
f 4256/4256/74 4264/4264/74 4261/4261/74
f 4249/4249/72 4260/4260/72 4252/4252/72
f 4249/4249/72 4257/4257/72 4260/4260/72
f 4265/4265/71 4270/4270/71 4266/4266/71
f 4265/4265/71 4269/4269/71 4270/4270/71
f 4274/4274/73 4277/4277/73 4273/4273/73
f 4274/4274/73 4278/4278/73 4277/4277/73
f 4269/4269/5 4278/4278/5 4270/4270/5
f 4269/4269/5 4277/4277/5 4278/4278/5
f 4266/4266/6 4273/4273/6 4265/4265/6
f 4266/4266/6 4274/4274/6 4273/4273/6
f 4266/4266/72 4271/4271/72 4267/4267/72
f 4266/4266/72 4270/4270/72 4271/4271/72
f 4275/4275/74 4278/4278/74 4274/4274/74
f 4275/4275/74 4279/4279/74 4278/4278/74
f 4270/4270/5 4279/4279/5 4271/4271/5
f 4270/4270/5 4278/4278/5 4279/4279/5
f 4267/4267/6 4274/4274/6 4266/4266/6
f 4267/4267/6 4275/4275/6 4274/4274/6
f 4267/4267/73 4272/4272/73 4268/4268/73
f 4267/4267/73 4271/4271/73 4272/4272/73
f 4276/4276/71 4279/4279/71 4275/4275/71
f 4276/4276/71 4280/4280/71 4279/4279/71
f 4271/4271/5 4280/4280/5 4272/4272/5
f 4271/4271/5 4279/4279/5 4280/4280/5
f 4268/4268/6 4275/4275/6 4267/4267/6
f 4268/4268/6 4276/4276/6 4275/4275/6
f 4268/4268/74 4269/4269/74 4265/4265/74
f 4268/4268/74 4272/4272/74 4269/4269/74
f 4273/4273/72 4280/4280/72 4276/4276/72
f 4273/4273/72 4277/4277/72 4280/4280/72
f 4272/4272/5 4277/4277/5 4269/4269/5
f 4272/4272/5 4280/4280/5 4277/4277/5
f 4265/4265/6 4276/4276/6 4268/4268/6
f 4265/4265/6 4273/4273/6 4276/4276/6
f 4281/4281/71 4286/4286/71 4282/4282/71
f 4281/4281/71 4285/4285/71 4286/4286/71
f 4290/4290/73 4293/4293/73 4289/4289/73
f 4290/4290/73 4294/4294/73 4293/4293/73
f 4285/4285/5 4294/4294/5 4286/4286/5
f 4285/4285/5 4293/4293/5 4294/4294/5
f 4282/4282/6 4289/4289/6 4281/4281/6
f 4282/4282/6 4290/4290/6 4289/4289/6
f 4282/4282/72 4287/4287/72 4283/4283/72
f 4282/4282/72 4286/4286/72 4287/4287/72
f 4291/4291/74 4294/4294/74 4290/4290/74
f 4291/4291/74 4295/4295/74 4294/4294/74
f 4286/4286/5 4295/4295/5 4287/4287/5
f 4286/4286/5 4294/4294/5 4295/4295/5
f 4283/4283/6 4290/4290/6 4282/4282/6
f 4283/4283/6 4291/4291/6 4290/4290/6
f 4283/4283/73 4288/4288/73 4284/4284/73
f 4283/4283/73 4287/4287/73 4288/4288/73
f 4292/4292/71 4295/4295/71 4291/4291/71
f 4292/4292/71 4296/4296/71 4295/4295/71
f 4287/4287/5 4296/4296/5 4288/4288/5
f 4287/4287/5 4295/4295/5 4296/4296/5
f 4284/4284/6 4291/4291/6 4283/4283/6
f 4284/4284/6 4292/4292/6 4291/4291/6
f 4284/4284/74 4285/4285/74 4281/4281/74
f 4284/4284/74 4288/4288/74 4285/4285/74
f 4289/4289/72 4296/4296/72 4292/4292/72
f 4289/4289/72 4293/4293/72 4296/4296/72
f 4288/4288/5 4293/4293/5 4285/4285/5
f 4288/4288/5 4296/4296/5 4293/4293/5
f 4281/4281/6 4292/4292/6 4284/4284/6
f 4281/4281/6 4289/4289/6 4292/4292/6
f 4297/4297/71 4302/4302/71 4298/4298/71
f 4297/4297/71 4301/4301/71 4302/4302/71
f 4306/4306/73 4309/4309/73 4305/4305/73
f 4306/4306/73 4310/4310/73 4309/4309/73
f 4301/4301/5 4310/4310/5 4302/4302/5
f 4301/4301/5 4309/4309/5 4310/4310/5
f 4298/4298/6 4305/4305/6 4297/4297/6
f 4298/4298/6 4306/4306/6 4305/4305/6
f 4298/4298/72 4303/4303/72 4299/4299/72
f 4298/4298/72 4302/4302/72 4303/4303/72
f 4307/4307/74 4310/4310/74 4306/4306/74
f 4307/4307/74 4311/4311/74 4310/4310/74
f 4302/4302/5 4311/4311/5 4303/4303/5
f 4302/4302/5 4310/4310/5 4311/4311/5
f 4299/4299/6 4306/4306/6 4298/4298/6
f 4299/4299/6 4307/4307/6 4306/4306/6
f 4299/4299/73 4304/4304/73 4300/4300/73
f 4299/4299/73 4303/4303/73 4304/4304/73
f 4308/4308/71 4311/4311/71 4307/4307/71
f 4308/4308/71 4312/4312/71 4311/4311/71
f 4303/4303/5 4312/4312/5 4304/4304/5
f 4303/4303/5 4311/4311/5 4312/4312/5
f 4300/4300/6 4307/4307/6 4299/4299/6
f 4300/4300/6 4308/4308/6 4307/4307/6
f 4300/4300/74 4301/4301/74 4297/4297/74
f 4300/4300/74 4304/4304/74 4301/4301/74
f 4305/4305/72 4312/4312/72 4308/4308/72
f 4305/4305/72 4309/4309/72 4312/4312/72
f 4304/4304/5 4309/4309/5 4301/4301/5
f 4304/4304/5 4312/4312/5 4309/4309/5
f 4297/4297/6 4308/4308/6 4300/4300/6
f 4297/4297/6 4305/4305/6 4308/4308/6
f 4313/4313/72 4314/4314/72 4318/4318/72
f 4313/4313/72 4318/4318/72 4317/4317/72
f 4314/4314/71 4315/4315/71 4319/4319/71
f 4314/4314/71 4319/4319/71 4318/4318/71
f 4315/4315/74 4316/4316/74 4320/4320/74
f 4315/4315/74 4320/4320/74 4319/4319/74
f 4316/4316/73 4313/4313/73 4317/4317/73
f 4316/4316/73 4317/4317/73 4320/4320/73
f 4317/4317/5 4318/4318/5 4319/4319/5
f 4317/4317/5 4319/4319/5 4320/4320/5
f 4316/4316/6 4315/4315/6 4314/4314/6
f 4316/4316/6 4314/4314/6 4313/4313/6
f 4321/4321/73 4322/4322/73 4326/4326/73
f 4321/4321/73 4326/4326/73 4325/4325/73
f 4322/4322/72 4323/4323/72 4327/4327/72
f 4322/4322/72 4327/4327/72 4326/4326/72
f 4323/4323/71 4324/4324/71 4328/4328/71
f 4323/4323/71 4328/4328/71 4327/4327/71
f 4324/4324/74 4321/4321/74 4325/4325/74
f 4324/4324/74 4325/4325/74 4328/4328/74
f 4325/4325/5 4326/4326/5 4327/4327/5
f 4325/4325/5 4327/4327/5 4328/4328/5
f 4324/4324/6 4323/4323/6 4322/4322/6
f 4324/4324/6 4322/4322/6 4321/4321/6
f 4329/4329/72 4330/4330/72 4334/4334/72
f 4329/4329/72 4334/4334/72 4333/4333/72
f 4330/4330/71 4331/4331/71 4335/4335/71
f 4330/4330/71 4335/4335/71 4334/4334/71
f 4331/4331/74 4332/4332/74 4336/4336/74
f 4331/4331/74 4336/4336/74 4335/4335/74
f 4332/4332/73 4329/4329/73 4333/4333/73
f 4332/4332/73 4333/4333/73 4336/4336/73
f 4333/4333/5 4334/4334/5 4335/4335/5
f 4333/4333/5 4335/4335/5 4336/4336/5
f 4332/4332/6 4331/4331/6 4330/4330/6
f 4332/4332/6 4330/4330/6 4329/4329/6
f 4337/4337/73 4338/4338/73 4342/4342/73
f 4337/4337/73 4342/4342/73 4341/4341/73
f 4338/4338/72 4339/4339/72 4343/4343/72
f 4338/4338/72 4343/4343/72 4342/4342/72
f 4339/4339/71 4340/4340/71 4344/4344/71
f 4339/4339/71 4344/4344/71 4343/4343/71
f 4340/4340/74 4337/4337/74 4341/4341/74
f 4340/4340/74 4341/4341/74 4344/4344/74
f 4341/4341/5 4342/4342/5 4343/4343/5
f 4341/4341/5 4343/4343/5 4344/4344/5
f 4340/4340/6 4339/4339/6 4338/4338/6
f 4340/4340/6 4338/4338/6 4337/4337/6
f 4345/4345/74 4346/4346/74 4350/4350/74
f 4345/4345/74 4350/4350/74 4349/4349/74
f 4346/4346/73 4347/4347/73 4351/4351/73
f 4346/4346/73 4351/4351/73 4350/4350/73
f 4347/4347/72 4348/4348/72 4352/4352/72
f 4347/4347/72 4352/4352/72 4351/4351/72
f 4348/4348/71 4345/4345/71 4349/4349/71
f 4348/4348/71 4349/4349/71 4352/4352/71
f 4349/4349/5 4350/4350/5 4351/4351/5
f 4349/4349/5 4351/4351/5 4352/4352/5
f 4348/4348/6 4347/4347/6 4346/4346/6
f 4348/4348/6 4346/4346/6 4345/4345/6
f 4353/4353/71 4354/4354/71 4358/4358/71
f 4353/4353/71 4358/4358/71 4357/4357/71
f 4354/4354/74 4355/4355/74 4359/4359/74
f 4354/4354/74 4359/4359/74 4358/4358/74
f 4355/4355/73 4356/4356/73 4360/4360/73
f 4355/4355/73 4360/4360/73 4359/4359/73
f 4356/4356/72 4353/4353/72 4357/4357/72
f 4356/4356/72 4357/4357/72 4360/4360/72
f 4357/4357/5 4358/4358/5 4359/4359/5
f 4357/4357/5 4359/4359/5 4360/4360/5
f 4356/4356/6 4355/4355/6 4354/4354/6
f 4356/4356/6 4354/4354/6 4353/4353/6
f 4361/4361/74 4362/4362/74 4366/4366/74
f 4361/4361/74 4366/4366/74 4365/4365/74
f 4362/4362/73 4363/4363/73 4367/4367/73
f 4362/4362/73 4367/4367/73 4366/4366/73
f 4363/4363/72 4364/4364/72 4368/4368/72
f 4363/4363/72 4368/4368/72 4367/4367/72
f 4364/4364/71 4361/4361/71 4365/4365/71
f 4364/4364/71 4365/4365/71 4368/4368/71
f 4365/4365/5 4366/4366/5 4367/4367/5
f 4365/4365/5 4367/4367/5 4368/4368/5
f 4364/4364/6 4363/4363/6 4362/4362/6
f 4364/4364/6 4362/4362/6 4361/4361/6
f 4369/4369/71 4370/4370/71 4374/4374/71
f 4369/4369/71 4374/4374/71 4373/4373/71
f 4370/4370/74 4371/4371/74 4375/4375/74
f 4370/4370/74 4375/4375/74 4374/4374/74
f 4371/4371/73 4372/4372/73 4376/4376/73
f 4371/4371/73 4376/4376/73 4375/4375/73
f 4372/4372/72 4369/4369/72 4373/4373/72
f 4372/4372/72 4373/4373/72 4376/4376/72
f 4373/4373/5 4374/4374/5 4375/4375/5
f 4373/4373/5 4375/4375/5 4376/4376/5
f 4372/4372/6 4371/4371/6 4370/4370/6
f 4372/4372/6 4370/4370/6 4369/4369/6
f 4377/4377/73 4378/4378/73 4382/4382/73
f 4377/4377/73 4382/4382/73 4381/4381/73
f 4378/4378/72 4379/4379/72 4383/4383/72
f 4378/4378/72 4383/4383/72 4382/4382/72
f 4379/4379/71 4380/4380/71 4384/4384/71
f 4379/4379/71 4384/4384/71 4383/4383/71
f 4380/4380/74 4377/4377/74 4381/4381/74
f 4380/4380/74 4381/4381/74 4384/4384/74
f 4381/4381/5 4382/4382/5 4383/4383/5
f 4381/4381/5 4383/4383/5 4384/4384/5
f 4380/4380/6 4379/4379/6 4378/4378/6
f 4380/4380/6 4378/4378/6 4377/4377/6
f 4385/4385/74 4386/4386/74 4390/4390/74
f 4385/4385/74 4390/4390/74 4389/4389/74
f 4386/4386/73 4387/4387/73 4391/4391/73
f 4386/4386/73 4391/4391/73 4390/4390/73
f 4387/4387/72 4388/4388/72 4392/4392/72
f 4387/4387/72 4392/4392/72 4391/4391/72
f 4388/4388/71 4385/4385/71 4389/4389/71
f 4388/4388/71 4389/4389/71 4392/4392/71
f 4389/4389/5 4390/4390/5 4391/4391/5
f 4389/4389/5 4391/4391/5 4392/4392/5
f 4388/4388/6 4387/4387/6 4386/4386/6
f 4388/4388/6 4386/4386/6 4385/4385/6
f 4393/4393/73 4394/4394/73 4398/4398/73
f 4393/4393/73 4398/4398/73 4397/4397/73
f 4394/4394/72 4395/4395/72 4399/4399/72
f 4394/4394/72 4399/4399/72 4398/4398/72
f 4395/4395/71 4396/4396/71 4400/4400/71
f 4395/4395/71 4400/4400/71 4399/4399/71
f 4396/4396/74 4393/4393/74 4397/4397/74
f 4396/4396/74 4397/4397/74 4400/4400/74
f 4397/4397/5 4398/4398/5 4399/4399/5
f 4397/4397/5 4399/4399/5 4400/4400/5
f 4396/4396/6 4395/4395/6 4394/4394/6
f 4396/4396/6 4394/4394/6 4393/4393/6
f 4401/4401/74 4402/4402/74 4406/4406/74
f 4401/4401/74 4406/4406/74 4405/4405/74
f 4402/4402/73 4403/4403/73 4407/4407/73
f 4402/4402/73 4407/4407/73 4406/4406/73
f 4403/4403/72 4404/4404/72 4408/4408/72
f 4403/4403/72 4408/4408/72 4407/4407/72
f 4404/4404/71 4401/4401/71 4405/4405/71
f 4404/4404/71 4405/4405/71 4408/4408/71
f 4405/4405/5 4406/4406/5 4407/4407/5
f 4405/4405/5 4407/4407/5 4408/4408/5
f 4404/4404/6 4403/4403/6 4402/4402/6
f 4404/4404/6 4402/4402/6 4401/4401/6
f 4409/4409/71 4410/4410/71 4414/4414/71
f 4409/4409/71 4414/4414/71 4413/4413/71
f 4410/4410/74 4411/4411/74 4415/4415/74
f 4410/4410/74 4415/4415/74 4414/4414/74
f 4411/4411/73 4412/4412/73 4416/4416/73
f 4411/4411/73 4416/4416/73 4415/4415/73
f 4412/4412/72 4409/4409/72 4413/4413/72
f 4412/4412/72 4413/4413/72 4416/4416/72
f 4413/4413/5 4414/4414/5 4415/4415/5
f 4413/4413/5 4415/4415/5 4416/4416/5
f 4412/4412/6 4411/4411/6 4410/4410/6
f 4412/4412/6 4410/4410/6 4409/4409/6
f 4417/4417/72 4418/4418/72 4422/4422/72
f 4417/4417/72 4422/4422/72 4421/4421/72
f 4418/4418/71 4419/4419/71 4423/4423/71
f 4418/4418/71 4423/4423/71 4422/4422/71
f 4419/4419/74 4420/4420/74 4424/4424/74
f 4419/4419/74 4424/4424/74 4423/4423/74
f 4420/4420/73 4417/4417/73 4421/4421/73
f 4420/4420/73 4421/4421/73 4424/4424/73
f 4421/4421/5 4422/4422/5 4423/4423/5
f 4421/4421/5 4423/4423/5 4424/4424/5
f 4420/4420/6 4419/4419/6 4418/4418/6
f 4420/4420/6 4418/4418/6 4417/4417/6
f 4425/4425/71 4426/4426/71 4430/4430/71
f 4425/4425/71 4430/4430/71 4429/4429/71
f 4426/4426/74 4427/4427/74 4431/4431/74
f 4426/4426/74 4431/4431/74 4430/4430/74
f 4427/4427/73 4428/4428/73 4432/4432/73
f 4427/4427/73 4432/4432/73 4431/4431/73
f 4428/4428/72 4425/4425/72 4429/4429/72
f 4428/4428/72 4429/4429/72 4432/4432/72
f 4429/4429/5 4430/4430/5 4431/4431/5
f 4429/4429/5 4431/4431/5 4432/4432/5
f 4428/4428/6 4427/4427/6 4426/4426/6
f 4428/4428/6 4426/4426/6 4425/4425/6
f 4433/4433/72 4434/4434/72 4438/4438/72
f 4433/4433/72 4438/4438/72 4437/4437/72
f 4434/4434/71 4435/4435/71 4439/4439/71
f 4434/4434/71 4439/4439/71 4438/4438/71
f 4435/4435/74 4436/4436/74 4440/4440/74
f 4435/4435/74 4440/4440/74 4439/4439/74
f 4436/4436/73 4433/4433/73 4437/4437/73
f 4436/4436/73 4437/4437/73 4440/4440/73
f 4437/4437/5 4438/4438/5 4439/4439/5
f 4437/4437/5 4439/4439/5 4440/4440/5
f 4436/4436/6 4435/4435/6 4434/4434/6
f 4436/4436/6 4434/4434/6 4433/4433/6
f 4441/4441/39 4446/4446/39 4442/4442/39
f 4441/4441/39 4445/4445/39 4446/4446/39
f 4442/4442/40 4447/4447/40 4443/4443/40
f 4442/4442/40 4446/4446/40 4447/4447/40
f 4443/4443/41 4448/4448/41 4444/4444/41
f 4443/4443/41 4447/4447/41 4448/4448/41
f 4444/4444/42 4445/4445/42 4441/4441/42
f 4444/4444/42 4448/4448/42 4445/4445/42
f 4445/4445/5 4447/4447/5 4446/4446/5
f 4445/4445/5 4448/4448/5 4447/4447/5
f 4444/4444/6 4442/4442/6 4443/4443/6
f 4444/4444/6 4441/4441/6 4442/4442/6
f 4449/4449/6 4454/4454/6 4450/4450/6
f 4449/4449/6 4453/4453/6 4454/4454/6
f 4458/4458/5 4461/4461/5 4457/4457/5
f 4458/4458/5 4462/4462/5 4461/4461/5
f 4453/4453/39 4462/4462/39 4454/4454/39
f 4453/4453/39 4461/4461/39 4462/4462/39
f 4450/4450/41 4457/4457/41 4449/4449/41
f 4450/4450/41 4458/4458/41 4457/4457/41
f 4450/4450/40 4455/4455/40 4451/4451/40
f 4450/4450/40 4454/4454/40 4455/4455/40
f 4459/4459/42 4462/4462/42 4458/4458/42
f 4459/4459/42 4463/4463/42 4462/4462/42
f 4454/4454/39 4463/4463/39 4455/4455/39
f 4454/4454/39 4462/4462/39 4463/4463/39
f 4451/4451/41 4458/4458/41 4450/4450/41
f 4451/4451/41 4459/4459/41 4458/4458/41
f 4451/4451/5 4456/4456/5 4452/4452/5
f 4451/4451/5 4455/4455/5 4456/4456/5
f 4460/4460/6 4463/4463/6 4459/4459/6
f 4460/4460/6 4464/4464/6 4463/4463/6
f 4455/4455/39 4464/4464/39 4456/4456/39
f 4455/4455/39 4463/4463/39 4464/4464/39
f 4452/4452/41 4459/4459/41 4451/4451/41
f 4452/4452/41 4460/4460/41 4459/4459/41
f 4452/4452/42 4453/4453/42 4449/4449/42
f 4452/4452/42 4456/4456/42 4453/4453/42
f 4457/4457/40 4464/4464/40 4460/4460/40
f 4457/4457/40 4461/4461/40 4464/4464/40
f 4456/4456/39 4461/4461/39 4453/4453/39
f 4456/4456/39 4464/4464/39 4461/4461/39
f 4449/4449/41 4460/4460/41 4452/4452/41
f 4449/4449/41 4457/4457/41 4460/4460/41
f 4465/4465/6 4472/4472/6 4466/4466/6
f 4465/4465/6 4471/4471/6 4472/4472/6
f 4478/4478/5 4483/4483/5 4477/4477/5
f 4478/4478/5 4484/4484/5 4483/4483/5
f 4471/4471/39 4484/4484/39 4472/4472/39
f 4471/4471/39 4483/4483/39 4484/4484/39
f 4466/4466/41 4477/4477/41 4465/4465/41
f 4466/4466/41 4478/4478/41 4477/4477/41
f 4466/4466/40 4473/4473/40 4467/4467/40
f 4466/4466/40 4472/4472/40 4473/4473/40
f 4479/4479/42 4484/4484/42 4478/4478/42
f 4479/4479/42 4485/4485/42 4484/4484/42
f 4472/4472/39 4485/4485/39 4473/4473/39
f 4472/4472/39 4484/4484/39 4485/4485/39
f 4467/4467/41 4478/4478/41 4466/4466/41
f 4467/4467/41 4479/4479/41 4478/4478/41
f 4467/4467/49 4474/4474/49 4468/4468/49
f 4467/4467/49 4473/4473/49 4474/4474/49
f 4480/4480/50 4485/4485/50 4479/4479/50
f 4480/4480/50 4486/4486/50 4485/4485/50
f 4473/4473/39 4486/4486/39 4474/4474/39
f 4473/4473/39 4485/4485/39 4486/4486/39
f 4468/4468/41 4479/4479/41 4467/4467/41
f 4468/4468/41 4480/4480/41 4479/4479/41
f 4468/4468/5 4475/4475/5 4469/4469/5
f 4468/4468/5 4474/4474/5 4475/4475/5
f 4481/4481/6 4486/4486/6 4480/4480/6
f 4481/4481/6 4487/4487/6 4486/4486/6
f 4474/4474/39 4487/4487/39 4475/4475/39
f 4474/4474/39 4486/4486/39 4487/4487/39
f 4469/4469/41 4480/4480/41 4468/4468/41
f 4469/4469/41 4481/4481/41 4480/4480/41
f 4469/4469/47 4476/4476/47 4470/4470/47
f 4469/4469/47 4475/4475/47 4476/4476/47
f 4482/4482/48 4487/4487/48 4481/4481/48
f 4482/4482/48 4488/4488/48 4487/4487/48
f 4475/4475/39 4488/4488/39 4476/4476/39
f 4475/4475/39 4487/4487/39 4488/4488/39
f 4470/4470/41 4481/4481/41 4469/4469/41
f 4470/4470/41 4482/4482/41 4481/4481/41
f 4470/4470/42 4471/4471/42 4465/4465/42
f 4470/4470/42 4476/4476/42 4471/4471/42
f 4477/4477/40 4488/4488/40 4482/4482/40
f 4477/4477/40 4483/4483/40 4488/4488/40
f 4476/4476/39 4483/4483/39 4471/4471/39
f 4476/4476/39 4488/4488/39 4483/4483/39
f 4465/4465/41 4482/4482/41 4470/4470/41
f 4465/4465/41 4477/4477/41 4482/4482/41
f 4489/4489/6 4494/4494/6 4490/4490/6
f 4489/4489/6 4493/4493/6 4494/4494/6
f 4498/4498/5 4501/4501/5 4497/4497/5
f 4498/4498/5 4502/4502/5 4501/4501/5
f 4493/4493/40 4502/4502/40 4494/4494/40
f 4493/4493/40 4501/4501/40 4502/4502/40
f 4490/4490/42 4497/4497/42 4489/4489/42
f 4490/4490/42 4498/4498/42 4497/4497/42
f 4490/4490/41 4495/4495/41 4491/4491/41
f 4490/4490/41 4494/4494/41 4495/4495/41
f 4499/4499/39 4502/4502/39 4498/4498/39
f 4499/4499/39 4503/4503/39 4502/4502/39
f 4494/4494/40 4503/4503/40 4495/4495/40
f 4494/4494/40 4502/4502/40 4503/4503/40
f 4491/4491/42 4498/4498/42 4490/4490/42
f 4491/4491/42 4499/4499/42 4498/4498/42
f 4491/4491/5 4496/4496/5 4492/4492/5
f 4491/4491/5 4495/4495/5 4496/4496/5
f 4500/4500/6 4503/4503/6 4499/4499/6
f 4500/4500/6 4504/4504/6 4503/4503/6
f 4495/4495/40 4504/4504/40 4496/4496/40
f 4495/4495/40 4503/4503/40 4504/4504/40
f 4492/4492/42 4499/4499/42 4491/4491/42
f 4492/4492/42 4500/4500/42 4499/4499/42
f 4492/4492/39 4493/4493/39 4489/4489/39
f 4492/4492/39 4496/4496/39 4493/4493/39
f 4497/4497/41 4504/4504/41 4500/4500/41
f 4497/4497/41 4501/4501/41 4504/4504/41
f 4496/4496/40 4501/4501/40 4493/4493/40
f 4496/4496/40 4504/4504/40 4501/4501/40
f 4489/4489/42 4500/4500/42 4492/4492/42
f 4489/4489/42 4497/4497/42 4500/4500/42
f 4505/4505/6 4512/4512/6 4506/4506/6
f 4505/4505/6 4511/4511/6 4512/4512/6
f 4518/4518/5 4523/4523/5 4517/4517/5
f 4518/4518/5 4524/4524/5 4523/4523/5
f 4511/4511/40 4524/4524/40 4512/4512/40
f 4511/4511/40 4523/4523/40 4524/4524/40
f 4506/4506/42 4517/4517/42 4505/4505/42
f 4506/4506/42 4518/4518/42 4517/4517/42
f 4506/4506/41 4513/4513/41 4507/4507/41
f 4506/4506/41 4512/4512/41 4513/4513/41
f 4519/4519/39 4524/4524/39 4518/4518/39
f 4519/4519/39 4525/4525/39 4524/4524/39
f 4512/4512/40 4525/4525/40 4513/4513/40
f 4512/4512/40 4524/4524/40 4525/4525/40
f 4507/4507/42 4518/4518/42 4506/4506/42
f 4507/4507/42 4519/4519/42 4518/4518/42
f 4507/4507/43 4514/4514/43 4508/4508/43
f 4507/4507/43 4513/4513/43 4514/4514/43
f 4520/4520/44 4525/4525/44 4519/4519/44
f 4520/4520/44 4526/4526/44 4525/4525/44
f 4513/4513/40 4526/4526/40 4514/4514/40
f 4513/4513/40 4525/4525/40 4526/4526/40
f 4508/4508/42 4519/4519/42 4507/4507/42
f 4508/4508/42 4520/4520/42 4519/4519/42
f 4508/4508/5 4515/4515/5 4509/4509/5
f 4508/4508/5 4514/4514/5 4515/4515/5
f 4521/4521/6 4526/4526/6 4520/4520/6
f 4521/4521/6 4527/4527/6 4526/4526/6
f 4514/4514/40 4527/4527/40 4515/4515/40
f 4514/4514/40 4526/4526/40 4527/4527/40
f 4509/4509/42 4520/4520/42 4508/4508/42
f 4509/4509/42 4521/4521/42 4520/4520/42
f 4509/4509/45 4516/4516/45 4510/4510/45
f 4509/4509/45 4515/4515/45 4516/4516/45
f 4522/4522/46 4527/4527/46 4521/4521/46
f 4522/4522/46 4528/4528/46 4527/4527/46
f 4515/4515/40 4528/4528/40 4516/4516/40
f 4515/4515/40 4527/4527/40 4528/4528/40
f 4510/4510/42 4521/4521/42 4509/4509/42
f 4510/4510/42 4522/4522/42 4521/4521/42
f 4510/4510/39 4511/4511/39 4505/4505/39
f 4510/4510/39 4516/4516/39 4511/4511/39
f 4517/4517/41 4528/4528/41 4522/4522/41
f 4517/4517/41 4523/4523/41 4528/4528/41
f 4516/4516/40 4523/4523/40 4511/4511/40
f 4516/4516/40 4528/4528/40 4523/4523/40
f 4505/4505/42 4522/4522/42 4510/4510/42
f 4505/4505/42 4517/4517/42 4522/4522/42
f 4529/4529/6 4534/4534/6 4530/4530/6
f 4529/4529/6 4533/4533/6 4534/4534/6
f 4538/4538/5 4541/4541/5 4537/4537/5
f 4538/4538/5 4542/4542/5 4541/4541/5
f 4533/4533/41 4542/4542/41 4534/4534/41
f 4533/4533/41 4541/4541/41 4542/4542/41
f 4530/4530/39 4537/4537/39 4529/4529/39
f 4530/4530/39 4538/4538/39 4537/4537/39
f 4530/4530/42 4535/4535/42 4531/4531/42
f 4530/4530/42 4534/4534/42 4535/4535/42
f 4539/4539/40 4542/4542/40 4538/4538/40
f 4539/4539/40 4543/4543/40 4542/4542/40
f 4534/4534/41 4543/4543/41 4535/4535/41
f 4534/4534/41 4542/4542/41 4543/4543/41
f 4531/4531/39 4538/4538/39 4530/4530/39
f 4531/4531/39 4539/4539/39 4538/4538/39
f 4531/4531/5 4536/4536/5 4532/4532/5
f 4531/4531/5 4535/4535/5 4536/4536/5
f 4540/4540/6 4543/4543/6 4539/4539/6
f 4540/4540/6 4544/4544/6 4543/4543/6
f 4535/4535/41 4544/4544/41 4536/4536/41
f 4535/4535/41 4543/4543/41 4544/4544/41
f 4532/4532/39 4539/4539/39 4531/4531/39
f 4532/4532/39 4540/4540/39 4539/4539/39
f 4532/4532/40 4533/4533/40 4529/4529/40
f 4532/4532/40 4536/4536/40 4533/4533/40
f 4537/4537/42 4544/4544/42 4540/4540/42
f 4537/4537/42 4541/4541/42 4544/4544/42
f 4536/4536/41 4541/4541/41 4533/4533/41
f 4536/4536/41 4544/4544/41 4541/4541/41
f 4529/4529/39 4540/4540/39 4532/4532/39
f 4529/4529/39 4537/4537/39 4540/4540/39
f 4545/4545/6 4550/4550/6 4546/4546/6
f 4545/4545/6 4549/4549/6 4550/4550/6
f 4554/4554/5 4557/4557/5 4553/4553/5
f 4554/4554/5 4558/4558/5 4557/4557/5
f 4549/4549/41 4558/4558/41 4550/4550/41
f 4549/4549/41 4557/4557/41 4558/4558/41
f 4546/4546/39 4553/4553/39 4545/4545/39
f 4546/4546/39 4554/4554/39 4553/4553/39
f 4546/4546/42 4551/4551/42 4547/4547/42
f 4546/4546/42 4550/4550/42 4551/4551/42
f 4555/4555/40 4558/4558/40 4554/4554/40
f 4555/4555/40 4559/4559/40 4558/4558/40
f 4550/4550/41 4559/4559/41 4551/4551/41
f 4550/4550/41 4558/4558/41 4559/4559/41
f 4547/4547/39 4554/4554/39 4546/4546/39
f 4547/4547/39 4555/4555/39 4554/4554/39
f 4547/4547/5 4552/4552/5 4548/4548/5
f 4547/4547/5 4551/4551/5 4552/4552/5
f 4556/4556/6 4559/4559/6 4555/4555/6
f 4556/4556/6 4560/4560/6 4559/4559/6
f 4551/4551/41 4560/4560/41 4552/4552/41
f 4551/4551/41 4559/4559/41 4560/4560/41
f 4548/4548/39 4555/4555/39 4547/4547/39
f 4548/4548/39 4556/4556/39 4555/4555/39
f 4548/4548/40 4549/4549/40 4545/4545/40
f 4548/4548/40 4552/4552/40 4549/4549/40
f 4553/4553/42 4560/4560/42 4556/4556/42
f 4553/4553/42 4557/4557/42 4560/4560/42
f 4552/4552/41 4557/4557/41 4549/4549/41
f 4552/4552/41 4560/4560/41 4557/4557/41
f 4545/4545/39 4556/4556/39 4548/4548/39
f 4545/4545/39 4553/4553/39 4556/4556/39
f 4561/4561/39 4562/4562/39 4566/4566/39
f 4561/4561/39 4566/4566/39 4565/4565/39
f 4562/4562/42 4563/4563/42 4567/4567/42
f 4562/4562/42 4567/4567/42 4566/4566/42
f 4563/4563/41 4564/4564/41 4568/4568/41
f 4563/4563/41 4568/4568/41 4567/4567/41
f 4564/4564/40 4561/4561/40 4565/4565/40
f 4564/4564/40 4565/4565/40 4568/4568/40
f 4565/4565/5 4566/4566/5 4567/4567/5
f 4565/4565/5 4567/4567/5 4568/4568/5
f 4564/4564/6 4563/4563/6 4562/4562/6
f 4564/4564/6 4562/4562/6 4561/4561/6
f 4569/4569/6 4574/4574/6 4570/4570/6
f 4569/4569/6 4573/4573/6 4574/4574/6
f 4578/4578/5 4581/4581/5 4577/4577/5
f 4578/4578/5 4582/4582/5 4581/4581/5
f 4573/4573/42 4582/4582/42 4574/4574/42
f 4573/4573/42 4581/4581/42 4582/4582/42
f 4570/4570/40 4577/4577/40 4569/4569/40
f 4570/4570/40 4578/4578/40 4577/4577/40
f 4570/4570/39 4575/4575/39 4571/4571/39
f 4570/4570/39 4574/4574/39 4575/4575/39
f 4579/4579/41 4582/4582/41 4578/4578/41
f 4579/4579/41 4583/4583/41 4582/4582/41
f 4574/4574/42 4583/4583/42 4575/4575/42
f 4574/4574/42 4582/4582/42 4583/4583/42
f 4571/4571/40 4578/4578/40 4570/4570/40
f 4571/4571/40 4579/4579/40 4578/4578/40
f 4571/4571/5 4576/4576/5 4572/4572/5
f 4571/4571/5 4575/4575/5 4576/4576/5
f 4580/4580/6 4583/4583/6 4579/4579/6
f 4580/4580/6 4584/4584/6 4583/4583/6
f 4575/4575/42 4584/4584/42 4576/4576/42
f 4575/4575/42 4583/4583/42 4584/4584/42
f 4572/4572/40 4579/4579/40 4571/4571/40
f 4572/4572/40 4580/4580/40 4579/4579/40
f 4572/4572/41 4573/4573/41 4569/4569/41
f 4572/4572/41 4576/4576/41 4573/4573/41
f 4577/4577/39 4584/4584/39 4580/4580/39
f 4577/4577/39 4581/4581/39 4584/4584/39
f 4576/4576/42 4581/4581/42 4573/4573/42
f 4576/4576/42 4584/4584/42 4581/4581/42
f 4569/4569/40 4580/4580/40 4572/4572/40
f 4569/4569/40 4577/4577/40 4580/4580/40
f 4585/4585/6 4590/4590/6 4586/4586/6
f 4585/4585/6 4589/4589/6 4590/4590/6
f 4594/4594/5 4597/4597/5 4593/4593/5
f 4594/4594/5 4598/4598/5 4597/4597/5
f 4589/4589/42 4598/4598/42 4590/4590/42
f 4589/4589/42 4597/4597/42 4598/4598/42
f 4586/4586/40 4593/4593/40 4585/4585/40
f 4586/4586/40 4594/4594/40 4593/4593/40
f 4586/4586/39 4591/4591/39 4587/4587/39
f 4586/4586/39 4590/4590/39 4591/4591/39
f 4595/4595/41 4598/4598/41 4594/4594/41
f 4595/4595/41 4599/4599/41 4598/4598/41
f 4590/4590/42 4599/4599/42 4591/4591/42
f 4590/4590/42 4598/4598/42 4599/4599/42
f 4587/4587/40 4594/4594/40 4586/4586/40
f 4587/4587/40 4595/4595/40 4594/4594/40
f 4587/4587/5 4592/4592/5 4588/4588/5
f 4587/4587/5 4591/4591/5 4592/4592/5
f 4596/4596/6 4599/4599/6 4595/4595/6
f 4596/4596/6 4600/4600/6 4599/4599/6
f 4591/4591/42 4600/4600/42 4592/4592/42
f 4591/4591/42 4599/4599/42 4600/4600/42
f 4588/4588/40 4595/4595/40 4587/4587/40
f 4588/4588/40 4596/4596/40 4595/4595/40
f 4588/4588/41 4589/4589/41 4585/4585/41
f 4588/4588/41 4592/4592/41 4589/4589/41
f 4593/4593/39 4600/4600/39 4596/4596/39
f 4593/4593/39 4597/4597/39 4600/4600/39
f 4592/4592/42 4597/4597/42 4589/4589/42
f 4592/4592/42 4600/4600/42 4597/4597/42
f 4585/4585/40 4596/4596/40 4588/4588/40
f 4585/4585/40 4593/4593/40 4596/4596/40
f 4601/4601/39 4606/4606/39 4602/4602/39
f 4601/4601/39 4605/4605/39 4606/4606/39
f 4610/4610/41 4613/4613/41 4609/4609/41
f 4610/4610/41 4614/4614/41 4613/4613/41
f 4605/4605/5 4614/4614/5 4606/4606/5
f 4605/4605/5 4613/4613/5 4614/4614/5
f 4602/4602/6 4609/4609/6 4601/4601/6
f 4602/4602/6 4610/4610/6 4609/4609/6
f 4602/4602/40 4607/4607/40 4603/4603/40
f 4602/4602/40 4606/4606/40 4607/4607/40
f 4611/4611/42 4614/4614/42 4610/4610/42
f 4611/4611/42 4615/4615/42 4614/4614/42
f 4606/4606/5 4615/4615/5 4607/4607/5
f 4606/4606/5 4614/4614/5 4615/4615/5
f 4603/4603/6 4610/4610/6 4602/4602/6
f 4603/4603/6 4611/4611/6 4610/4610/6
f 4603/4603/41 4608/4608/41 4604/4604/41
f 4603/4603/41 4607/4607/41 4608/4608/41
f 4612/4612/39 4615/4615/39 4611/4611/39
f 4612/4612/39 4616/4616/39 4615/4615/39
f 4607/4607/5 4616/4616/5 4608/4608/5
f 4607/4607/5 4615/4615/5 4616/4616/5
f 4604/4604/6 4611/4611/6 4603/4603/6
f 4604/4604/6 4612/4612/6 4611/4611/6
f 4604/4604/42 4605/4605/42 4601/4601/42
f 4604/4604/42 4608/4608/42 4605/4605/42
f 4609/4609/40 4616/4616/40 4612/4612/40
f 4609/4609/40 4613/4613/40 4616/4616/40
f 4608/4608/5 4613/4613/5 4605/4605/5
f 4608/4608/5 4616/4616/5 4613/4613/5
f 4601/4601/6 4612/4612/6 4604/4604/6
f 4601/4601/6 4609/4609/6 4612/4612/6
f 4617/4617/39 4622/4622/39 4618/4618/39
f 4617/4617/39 4621/4621/39 4622/4622/39
f 4626/4626/41 4629/4629/41 4625/4625/41
f 4626/4626/41 4630/4630/41 4629/4629/41
f 4621/4621/5 4630/4630/5 4622/4622/5
f 4621/4621/5 4629/4629/5 4630/4630/5
f 4618/4618/6 4625/4625/6 4617/4617/6
f 4618/4618/6 4626/4626/6 4625/4625/6
f 4618/4618/40 4623/4623/40 4619/4619/40
f 4618/4618/40 4622/4622/40 4623/4623/40
f 4627/4627/42 4630/4630/42 4626/4626/42
f 4627/4627/42 4631/4631/42 4630/4630/42
f 4622/4622/5 4631/4631/5 4623/4623/5
f 4622/4622/5 4630/4630/5 4631/4631/5
f 4619/4619/6 4626/4626/6 4618/4618/6
f 4619/4619/6 4627/4627/6 4626/4626/6
f 4619/4619/41 4624/4624/41 4620/4620/41
f 4619/4619/41 4623/4623/41 4624/4624/41
f 4628/4628/39 4631/4631/39 4627/4627/39
f 4628/4628/39 4632/4632/39 4631/4631/39
f 4623/4623/5 4632/4632/5 4624/4624/5
f 4623/4623/5 4631/4631/5 4632/4632/5
f 4620/4620/6 4627/4627/6 4619/4619/6
f 4620/4620/6 4628/4628/6 4627/4627/6
f 4620/4620/42 4621/4621/42 4617/4617/42
f 4620/4620/42 4624/4624/42 4621/4621/42
f 4625/4625/40 4632/4632/40 4628/4628/40
f 4625/4625/40 4629/4629/40 4632/4632/40
f 4624/4624/5 4629/4629/5 4621/4621/5
f 4624/4624/5 4632/4632/5 4629/4629/5
f 4617/4617/6 4628/4628/6 4620/4620/6
f 4617/4617/6 4625/4625/6 4628/4628/6
f 4633/4633/39 4638/4638/39 4634/4634/39
f 4633/4633/39 4637/4637/39 4638/4638/39
f 4642/4642/41 4645/4645/41 4641/4641/41
f 4642/4642/41 4646/4646/41 4645/4645/41
f 4637/4637/5 4646/4646/5 4638/4638/5
f 4637/4637/5 4645/4645/5 4646/4646/5
f 4634/4634/6 4641/4641/6 4633/4633/6
f 4634/4634/6 4642/4642/6 4641/4641/6
f 4634/4634/40 4639/4639/40 4635/4635/40
f 4634/4634/40 4638/4638/40 4639/4639/40
f 4643/4643/42 4646/4646/42 4642/4642/42
f 4643/4643/42 4647/4647/42 4646/4646/42
f 4638/4638/5 4647/4647/5 4639/4639/5
f 4638/4638/5 4646/4646/5 4647/4647/5
f 4635/4635/6 4642/4642/6 4634/4634/6
f 4635/4635/6 4643/4643/6 4642/4642/6
f 4635/4635/41 4640/4640/41 4636/4636/41
f 4635/4635/41 4639/4639/41 4640/4640/41
f 4644/4644/39 4647/4647/39 4643/4643/39
f 4644/4644/39 4648/4648/39 4647/4647/39
f 4639/4639/5 4648/4648/5 4640/4640/5
f 4639/4639/5 4647/4647/5 4648/4648/5
f 4636/4636/6 4643/4643/6 4635/4635/6
f 4636/4636/6 4644/4644/6 4643/4643/6
f 4636/4636/42 4637/4637/42 4633/4633/42
f 4636/4636/42 4640/4640/42 4637/4637/42
f 4641/4641/40 4648/4648/40 4644/4644/40
f 4641/4641/40 4645/4645/40 4648/4648/40
f 4640/4640/5 4645/4645/5 4637/4637/5
f 4640/4640/5 4648/4648/5 4645/4645/5
f 4633/4633/6 4644/4644/6 4636/4636/6
f 4633/4633/6 4641/4641/6 4644/4644/6
f 4649/4649/40 4650/4650/40 4654/4654/40
f 4649/4649/40 4654/4654/40 4653/4653/40
f 4650/4650/39 4651/4651/39 4655/4655/39
f 4650/4650/39 4655/4655/39 4654/4654/39
f 4651/4651/42 4652/4652/42 4656/4656/42
f 4651/4651/42 4656/4656/42 4655/4655/42
f 4652/4652/41 4649/4649/41 4653/4653/41
f 4652/4652/41 4653/4653/41 4656/4656/41
f 4653/4653/5 4654/4654/5 4655/4655/5
f 4653/4653/5 4655/4655/5 4656/4656/5
f 4652/4652/6 4651/4651/6 4650/4650/6
f 4652/4652/6 4650/4650/6 4649/4649/6
f 4657/4657/41 4658/4658/41 4662/4662/41
f 4657/4657/41 4662/4662/41 4661/4661/41
f 4658/4658/40 4659/4659/40 4663/4663/40
f 4658/4658/40 4663/4663/40 4662/4662/40
f 4659/4659/39 4660/4660/39 4664/4664/39
f 4659/4659/39 4664/4664/39 4663/4663/39
f 4660/4660/42 4657/4657/42 4661/4661/42
f 4660/4660/42 4661/4661/42 4664/4664/42
f 4661/4661/5 4662/4662/5 4663/4663/5
f 4661/4661/5 4663/4663/5 4664/4664/5
f 4660/4660/6 4659/4659/6 4658/4658/6
f 4660/4660/6 4658/4658/6 4657/4657/6
f 4665/4665/40 4666/4666/40 4670/4670/40
f 4665/4665/40 4670/4670/40 4669/4669/40
f 4666/4666/39 4667/4667/39 4671/4671/39
f 4666/4666/39 4671/4671/39 4670/4670/39
f 4667/4667/42 4668/4668/42 4672/4672/42
f 4667/4667/42 4672/4672/42 4671/4671/42
f 4668/4668/41 4665/4665/41 4669/4669/41
f 4668/4668/41 4669/4669/41 4672/4672/41
f 4669/4669/5 4670/4670/5 4671/4671/5
f 4669/4669/5 4671/4671/5 4672/4672/5
f 4668/4668/6 4667/4667/6 4666/4666/6
f 4668/4668/6 4666/4666/6 4665/4665/6
f 4673/4673/41 4674/4674/41 4678/4678/41
f 4673/4673/41 4678/4678/41 4677/4677/41
f 4674/4674/40 4675/4675/40 4679/4679/40
f 4674/4674/40 4679/4679/40 4678/4678/40
f 4675/4675/39 4676/4676/39 4680/4680/39
f 4675/4675/39 4680/4680/39 4679/4679/39
f 4676/4676/42 4673/4673/42 4677/4677/42
f 4676/4676/42 4677/4677/42 4680/4680/42
f 4677/4677/5 4678/4678/5 4679/4679/5
f 4677/4677/5 4679/4679/5 4680/4680/5
f 4676/4676/6 4675/4675/6 4674/4674/6
f 4676/4676/6 4674/4674/6 4673/4673/6
f 4681/4681/41 4682/4682/41 4686/4686/41
f 4681/4681/41 4686/4686/41 4685/4685/41
f 4682/4682/40 4683/4683/40 4687/4687/40
f 4682/4682/40 4687/4687/40 4686/4686/40
f 4683/4683/39 4684/4684/39 4688/4688/39
f 4683/4683/39 4688/4688/39 4687/4687/39
f 4684/4684/42 4681/4681/42 4685/4685/42
f 4684/4684/42 4685/4685/42 4688/4688/42
f 4685/4685/5 4686/4686/5 4687/4687/5
f 4685/4685/5 4687/4687/5 4688/4688/5
f 4684/4684/6 4683/4683/6 4682/4682/6
f 4684/4684/6 4682/4682/6 4681/4681/6
f 4689/4689/42 4690/4690/42 4694/4694/42
f 4689/4689/42 4694/4694/42 4693/4693/42
f 4690/4690/41 4691/4691/41 4695/4695/41
f 4690/4690/41 4695/4695/41 4694/4694/41
f 4691/4691/40 4692/4692/40 4696/4696/40
f 4691/4691/40 4696/4696/40 4695/4695/40
f 4692/4692/39 4689/4689/39 4693/4693/39
f 4692/4692/39 4693/4693/39 4696/4696/39
f 4693/4693/5 4694/4694/5 4695/4695/5
f 4693/4693/5 4695/4695/5 4696/4696/5
f 4692/4692/6 4691/4691/6 4690/4690/6
f 4692/4692/6 4690/4690/6 4689/4689/6
f 4697/4697/41 4698/4698/41 4702/4702/41
f 4697/4697/41 4702/4702/41 4701/4701/41
f 4698/4698/40 4699/4699/40 4703/4703/40
f 4698/4698/40 4703/4703/40 4702/4702/40
f 4699/4699/39 4700/4700/39 4704/4704/39
f 4699/4699/39 4704/4704/39 4703/4703/39
f 4700/4700/42 4697/4697/42 4701/4701/42
f 4700/4700/42 4701/4701/42 4704/4704/42
f 4701/4701/5 4702/4702/5 4703/4703/5
f 4701/4701/5 4703/4703/5 4704/4704/5
f 4700/4700/6 4699/4699/6 4698/4698/6
f 4700/4700/6 4698/4698/6 4697/4697/6
f 4705/4705/42 4706/4706/42 4710/4710/42
f 4705/4705/42 4710/4710/42 4709/4709/42
f 4706/4706/41 4707/4707/41 4711/4711/41
f 4706/4706/41 4711/4711/41 4710/4710/41
f 4707/4707/40 4708/4708/40 4712/4712/40
f 4707/4707/40 4712/4712/40 4711/4711/40
f 4708/4708/39 4705/4705/39 4709/4709/39
f 4708/4708/39 4709/4709/39 4712/4712/39
f 4709/4709/5 4710/4710/5 4711/4711/5
f 4709/4709/5 4711/4711/5 4712/4712/5
f 4708/4708/6 4707/4707/6 4706/4706/6
f 4708/4708/6 4706/4706/6 4705/4705/6
f 4713/4713/42 4714/4714/42 4718/4718/42
f 4713/4713/42 4718/4718/42 4717/4717/42
f 4714/4714/41 4715/4715/41 4719/4719/41
f 4714/4714/41 4719/4719/41 4718/4718/41
f 4715/4715/40 4716/4716/40 4720/4720/40
f 4715/4715/40 4720/4720/40 4719/4719/40
f 4716/4716/39 4713/4713/39 4717/4717/39
f 4716/4716/39 4717/4717/39 4720/4720/39
f 4717/4717/5 4718/4718/5 4719/4719/5
f 4717/4717/5 4719/4719/5 4720/4720/5
f 4716/4716/6 4715/4715/6 4714/4714/6
f 4716/4716/6 4714/4714/6 4713/4713/6
f 4721/4721/39 4722/4722/39 4726/4726/39
f 4721/4721/39 4726/4726/39 4725/4725/39
f 4722/4722/42 4723/4723/42 4727/4727/42
f 4722/4722/42 4727/4727/42 4726/4726/42
f 4723/4723/41 4724/4724/41 4728/4728/41
f 4723/4723/41 4728/4728/41 4727/4727/41
f 4724/4724/40 4721/4721/40 4725/4725/40
f 4724/4724/40 4725/4725/40 4728/4728/40
f 4725/4725/5 4726/4726/5 4727/4727/5
f 4725/4725/5 4727/4727/5 4728/4728/5
f 4724/4724/6 4723/4723/6 4722/4722/6
f 4724/4724/6 4722/4722/6 4721/4721/6
f 4729/4729/42 4730/4730/42 4734/4734/42
f 4729/4729/42 4734/4734/42 4733/4733/42
f 4730/4730/41 4731/4731/41 4735/4735/41
f 4730/4730/41 4735/4735/41 4734/4734/41
f 4731/4731/40 4732/4732/40 4736/4736/40
f 4731/4731/40 4736/4736/40 4735/4735/40
f 4732/4732/39 4729/4729/39 4733/4733/39
f 4732/4732/39 4733/4733/39 4736/4736/39
f 4733/4733/5 4734/4734/5 4735/4735/5
f 4733/4733/5 4735/4735/5 4736/4736/5
f 4732/4732/6 4731/4731/6 4730/4730/6
f 4732/4732/6 4730/4730/6 4729/4729/6
f 4737/4737/39 4738/4738/39 4742/4742/39
f 4737/4737/39 4742/4742/39 4741/4741/39
f 4738/4738/42 4739/4739/42 4743/4743/42
f 4738/4738/42 4743/4743/42 4742/4742/42
f 4739/4739/41 4740/4740/41 4744/4744/41
f 4739/4739/41 4744/4744/41 4743/4743/41
f 4740/4740/40 4737/4737/40 4741/4741/40
f 4740/4740/40 4741/4741/40 4744/4744/40
f 4741/4741/5 4742/4742/5 4743/4743/5
f 4741/4741/5 4743/4743/5 4744/4744/5
f 4740/4740/6 4739/4739/6 4738/4738/6
f 4740/4740/6 4738/4738/6 4737/4737/6
f 4745/4745/39 4746/4746/39 4750/4750/39
f 4745/4745/39 4750/4750/39 4749/4749/39
f 4746/4746/42 4747/4747/42 4751/4751/42
f 4746/4746/42 4751/4751/42 4750/4750/42
f 4747/4747/41 4748/4748/41 4752/4752/41
f 4747/4747/41 4752/4752/41 4751/4751/41
f 4748/4748/40 4745/4745/40 4749/4749/40
f 4748/4748/40 4749/4749/40 4752/4752/40
f 4749/4749/5 4750/4750/5 4751/4751/5
f 4749/4749/5 4751/4751/5 4752/4752/5
f 4748/4748/6 4747/4747/6 4746/4746/6
f 4748/4748/6 4746/4746/6 4745/4745/6
f 4753/4753/40 4754/4754/40 4758/4758/40
f 4753/4753/40 4758/4758/40 4757/4757/40
f 4754/4754/39 4755/4755/39 4759/4759/39
f 4754/4754/39 4759/4759/39 4758/4758/39
f 4755/4755/42 4756/4756/42 4760/4760/42
f 4755/4755/42 4760/4760/42 4759/4759/42
f 4756/4756/41 4753/4753/41 4757/4757/41
f 4756/4756/41 4757/4757/41 4760/4760/41
f 4757/4757/5 4758/4758/5 4759/4759/5
f 4757/4757/5 4759/4759/5 4760/4760/5
f 4756/4756/6 4755/4755/6 4754/4754/6
f 4756/4756/6 4754/4754/6 4753/4753/6
f 4761/4761/39 4762/4762/39 4766/4766/39
f 4761/4761/39 4766/4766/39 4765/4765/39
f 4762/4762/42 4763/4763/42 4767/4767/42
f 4762/4762/42 4767/4767/42 4766/4766/42
f 4763/4763/41 4764/4764/41 4768/4768/41
f 4763/4763/41 4768/4768/41 4767/4767/41
f 4764/4764/40 4761/4761/40 4765/4765/40
f 4764/4764/40 4765/4765/40 4768/4768/40
f 4765/4765/5 4766/4766/5 4767/4767/5
f 4765/4765/5 4767/4767/5 4768/4768/5
f 4764/4764/6 4763/4763/6 4762/4762/6
f 4764/4764/6 4762/4762/6 4761/4761/6
f 4769/4769/40 4770/4770/40 4774/4774/40
f 4769/4769/40 4774/4774/40 4773/4773/40
f 4770/4770/39 4771/4771/39 4775/4775/39
f 4770/4770/39 4775/4775/39 4774/4774/39
f 4771/4771/42 4772/4772/42 4776/4776/42
f 4771/4771/42 4776/4776/42 4775/4775/42
f 4772/4772/41 4769/4769/41 4773/4773/41
f 4772/4772/41 4773/4773/41 4776/4776/41
f 4773/4773/5 4774/4774/5 4775/4775/5
f 4773/4773/5 4775/4775/5 4776/4776/5
f 4772/4772/6 4771/4771/6 4770/4770/6
f 4772/4772/6 4770/4770/6 4769/4769/6
f 4777/4777/75 4782/4782/75 4778/4778/75
f 4777/4777/75 4781/4781/75 4782/4782/75
f 4778/4778/76 4783/4783/76 4779/4779/76
f 4778/4778/76 4782/4782/76 4783/4783/76
f 4779/4779/77 4784/4784/77 4780/4780/77
f 4779/4779/77 4783/4783/77 4784/4784/77
f 4780/4780/78 4781/4781/78 4777/4777/78
f 4780/4780/78 4784/4784/78 4781/4781/78
f 4781/4781/5 4783/4783/5 4782/4782/5
f 4781/4781/5 4784/4784/5 4783/4783/5
f 4780/4780/6 4778/4778/6 4779/4779/6
f 4780/4780/6 4777/4777/6 4778/4778/6
f 4785/4785/6 4790/4790/6 4786/4786/6
f 4785/4785/6 4789/4789/6 4790/4790/6
f 4794/4794/5 4797/4797/5 4793/4793/5
f 4794/4794/5 4798/4798/5 4797/4797/5
f 4789/4789/75 4798/4798/75 4790/4790/75
f 4789/4789/75 4797/4797/75 4798/4798/75
f 4786/4786/77 4793/4793/77 4785/4785/77
f 4786/4786/77 4794/4794/77 4793/4793/77
f 4786/4786/76 4791/4791/76 4787/4787/76
f 4786/4786/76 4790/4790/76 4791/4791/76
f 4795/4795/78 4798/4798/78 4794/4794/78
f 4795/4795/78 4799/4799/78 4798/4798/78
f 4790/4790/75 4799/4799/75 4791/4791/75
f 4790/4790/75 4798/4798/75 4799/4799/75
f 4787/4787/77 4794/4794/77 4786/4786/77
f 4787/4787/77 4795/4795/77 4794/4794/77
f 4787/4787/5 4792/4792/5 4788/4788/5
f 4787/4787/5 4791/4791/5 4792/4792/5
f 4796/4796/6 4799/4799/6 4795/4795/6
f 4796/4796/6 4800/4800/6 4799/4799/6
f 4791/4791/75 4800/4800/75 4792/4792/75
f 4791/4791/75 4799/4799/75 4800/4800/75
f 4788/4788/77 4795/4795/77 4787/4787/77
f 4788/4788/77 4796/4796/77 4795/4795/77
f 4788/4788/78 4789/4789/78 4785/4785/78
f 4788/4788/78 4792/4792/78 4789/4789/78
f 4793/4793/76 4800/4800/76 4796/4796/76
f 4793/4793/76 4797/4797/76 4800/4800/76
f 4792/4792/75 4797/4797/75 4789/4789/75
f 4792/4792/75 4800/4800/75 4797/4797/75
f 4785/4785/77 4796/4796/77 4788/4788/77
f 4785/4785/77 4793/4793/77 4796/4796/77
f 4801/4801/6 4806/4806/6 4802/4802/6
f 4801/4801/6 4805/4805/6 4806/4806/6
f 4810/4810/5 4813/4813/5 4809/4809/5
f 4810/4810/5 4814/4814/5 4813/4813/5
f 4805/4805/75 4814/4814/75 4806/4806/75
f 4805/4805/75 4813/4813/75 4814/4814/75
f 4802/4802/77 4809/4809/77 4801/4801/77
f 4802/4802/77 4810/4810/77 4809/4809/77
f 4802/4802/76 4807/4807/76 4803/4803/76
f 4802/4802/76 4806/4806/76 4807/4807/76
f 4811/4811/78 4814/4814/78 4810/4810/78
f 4811/4811/78 4815/4815/78 4814/4814/78
f 4806/4806/75 4815/4815/75 4807/4807/75
f 4806/4806/75 4814/4814/75 4815/4815/75
f 4803/4803/77 4810/4810/77 4802/4802/77
f 4803/4803/77 4811/4811/77 4810/4810/77
f 4803/4803/5 4808/4808/5 4804/4804/5
f 4803/4803/5 4807/4807/5 4808/4808/5
f 4812/4812/6 4815/4815/6 4811/4811/6
f 4812/4812/6 4816/4816/6 4815/4815/6
f 4807/4807/75 4816/4816/75 4808/4808/75
f 4807/4807/75 4815/4815/75 4816/4816/75
f 4804/4804/77 4811/4811/77 4803/4803/77
f 4804/4804/77 4812/4812/77 4811/4811/77
f 4804/4804/78 4805/4805/78 4801/4801/78
f 4804/4804/78 4808/4808/78 4805/4805/78
f 4809/4809/76 4816/4816/76 4812/4812/76
f 4809/4809/76 4813/4813/76 4816/4816/76
f 4808/4808/75 4813/4813/75 4805/4805/75
f 4808/4808/75 4816/4816/75 4813/4813/75
f 4801/4801/77 4812/4812/77 4804/4804/77
f 4801/4801/77 4809/4809/77 4812/4812/77
f 4817/4817/6 4822/4822/6 4818/4818/6
f 4817/4817/6 4821/4821/6 4822/4822/6
f 4826/4826/5 4829/4829/5 4825/4825/5
f 4826/4826/5 4830/4830/5 4829/4829/5
f 4821/4821/76 4830/4830/76 4822/4822/76
f 4821/4821/76 4829/4829/76 4830/4830/76
f 4818/4818/78 4825/4825/78 4817/4817/78
f 4818/4818/78 4826/4826/78 4825/4825/78
f 4818/4818/77 4823/4823/77 4819/4819/77
f 4818/4818/77 4822/4822/77 4823/4823/77
f 4827/4827/75 4830/4830/75 4826/4826/75
f 4827/4827/75 4831/4831/75 4830/4830/75
f 4822/4822/76 4831/4831/76 4823/4823/76
f 4822/4822/76 4830/4830/76 4831/4831/76
f 4819/4819/78 4826/4826/78 4818/4818/78
f 4819/4819/78 4827/4827/78 4826/4826/78
f 4819/4819/5 4824/4824/5 4820/4820/5
f 4819/4819/5 4823/4823/5 4824/4824/5
f 4828/4828/6 4831/4831/6 4827/4827/6
f 4828/4828/6 4832/4832/6 4831/4831/6
f 4823/4823/76 4832/4832/76 4824/4824/76
f 4823/4823/76 4831/4831/76 4832/4832/76
f 4820/4820/78 4827/4827/78 4819/4819/78
f 4820/4820/78 4828/4828/78 4827/4827/78
f 4820/4820/75 4821/4821/75 4817/4817/75
f 4820/4820/75 4824/4824/75 4821/4821/75
f 4825/4825/77 4832/4832/77 4828/4828/77
f 4825/4825/77 4829/4829/77 4832/4832/77
f 4824/4824/76 4829/4829/76 4821/4821/76
f 4824/4824/76 4832/4832/76 4829/4829/76
f 4817/4817/78 4828/4828/78 4820/4820/78
f 4817/4817/78 4825/4825/78 4828/4828/78
f 4833/4833/6 4838/4838/6 4834/4834/6
f 4833/4833/6 4837/4837/6 4838/4838/6
f 4842/4842/5 4845/4845/5 4841/4841/5
f 4842/4842/5 4846/4846/5 4845/4845/5
f 4837/4837/77 4846/4846/77 4838/4838/77
f 4837/4837/77 4845/4845/77 4846/4846/77
f 4834/4834/75 4841/4841/75 4833/4833/75
f 4834/4834/75 4842/4842/75 4841/4841/75
f 4834/4834/78 4839/4839/78 4835/4835/78
f 4834/4834/78 4838/4838/78 4839/4839/78
f 4843/4843/76 4846/4846/76 4842/4842/76
f 4843/4843/76 4847/4847/76 4846/4846/76
f 4838/4838/77 4847/4847/77 4839/4839/77
f 4838/4838/77 4846/4846/77 4847/4847/77
f 4835/4835/75 4842/4842/75 4834/4834/75
f 4835/4835/75 4843/4843/75 4842/4842/75
f 4835/4835/5 4840/4840/5 4836/4836/5
f 4835/4835/5 4839/4839/5 4840/4840/5
f 4844/4844/6 4847/4847/6 4843/4843/6
f 4844/4844/6 4848/4848/6 4847/4847/6
f 4839/4839/77 4848/4848/77 4840/4840/77
f 4839/4839/77 4847/4847/77 4848/4848/77
f 4836/4836/75 4843/4843/75 4835/4835/75
f 4836/4836/75 4844/4844/75 4843/4843/75
f 4836/4836/76 4837/4837/76 4833/4833/76
f 4836/4836/76 4840/4840/76 4837/4837/76
f 4841/4841/78 4848/4848/78 4844/4844/78
f 4841/4841/78 4845/4845/78 4848/4848/78
f 4840/4840/77 4845/4845/77 4837/4837/77
f 4840/4840/77 4848/4848/77 4845/4845/77
f 4833/4833/75 4844/4844/75 4836/4836/75
f 4833/4833/75 4841/4841/75 4844/4844/75
f 4849/4849/6 4854/4854/6 4850/4850/6
f 4849/4849/6 4853/4853/6 4854/4854/6
f 4858/4858/5 4861/4861/5 4857/4857/5
f 4858/4858/5 4862/4862/5 4861/4861/5
f 4853/4853/77 4862/4862/77 4854/4854/77
f 4853/4853/77 4861/4861/77 4862/4862/77
f 4850/4850/75 4857/4857/75 4849/4849/75
f 4850/4850/75 4858/4858/75 4857/4857/75
f 4850/4850/78 4855/4855/78 4851/4851/78
f 4850/4850/78 4854/4854/78 4855/4855/78
f 4859/4859/76 4862/4862/76 4858/4858/76
f 4859/4859/76 4863/4863/76 4862/4862/76
f 4854/4854/77 4863/4863/77 4855/4855/77
f 4854/4854/77 4862/4862/77 4863/4863/77
f 4851/4851/75 4858/4858/75 4850/4850/75
f 4851/4851/75 4859/4859/75 4858/4858/75
f 4851/4851/5 4856/4856/5 4852/4852/5
f 4851/4851/5 4855/4855/5 4856/4856/5
f 4860/4860/6 4863/4863/6 4859/4859/6
f 4860/4860/6 4864/4864/6 4863/4863/6
f 4855/4855/77 4864/4864/77 4856/4856/77
f 4855/4855/77 4863/4863/77 4864/4864/77
f 4852/4852/75 4859/4859/75 4851/4851/75
f 4852/4852/75 4860/4860/75 4859/4859/75
f 4852/4852/76 4853/4853/76 4849/4849/76
f 4852/4852/76 4856/4856/76 4853/4853/76
f 4857/4857/78 4864/4864/78 4860/4860/78
f 4857/4857/78 4861/4861/78 4864/4864/78
f 4856/4856/77 4861/4861/77 4853/4853/77
f 4856/4856/77 4864/4864/77 4861/4861/77
f 4849/4849/75 4860/4860/75 4852/4852/75
f 4849/4849/75 4857/4857/75 4860/4860/75
f 4865/4865/6 4872/4872/6 4866/4866/6
f 4865/4865/6 4871/4871/6 4872/4872/6
f 4878/4878/5 4883/4883/5 4877/4877/5
f 4878/4878/5 4884/4884/5 4883/4883/5
f 4871/4871/77 4884/4884/77 4872/4872/77
f 4871/4871/77 4883/4883/77 4884/4884/77
f 4866/4866/75 4877/4877/75 4865/4865/75
f 4866/4866/75 4878/4878/75 4877/4877/75
f 4866/4866/78 4873/4873/78 4867/4867/78
f 4866/4866/78 4872/4872/78 4873/4873/78
f 4879/4879/76 4884/4884/76 4878/4878/76
f 4879/4879/76 4885/4885/76 4884/4884/76
f 4872/4872/77 4885/4885/77 4873/4873/77
f 4872/4872/77 4884/4884/77 4885/4885/77
f 4867/4867/75 4878/4878/75 4866/4866/75
f 4867/4867/75 4879/4879/75 4878/4878/75
f 4867/4867/79 4874/4874/79 4868/4868/79
f 4867/4867/79 4873/4873/79 4874/4874/79
f 4880/4880/80 4885/4885/80 4879/4879/80
f 4880/4880/80 4886/4886/80 4885/4885/80
f 4873/4873/77 4886/4886/77 4874/4874/77
f 4873/4873/77 4885/4885/77 4886/4886/77
f 4868/4868/75 4879/4879/75 4867/4867/75
f 4868/4868/75 4880/4880/75 4879/4879/75
f 4868/4868/5 4875/4875/5 4869/4869/5
f 4868/4868/5 4874/4874/5 4875/4875/5
f 4881/4881/6 4886/4886/6 4880/4880/6
f 4881/4881/6 4887/4887/6 4886/4886/6
f 4874/4874/77 4887/4887/77 4875/4875/77
f 4874/4874/77 4886/4886/77 4887/4887/77
f 4869/4869/75 4880/4880/75 4868/4868/75
f 4869/4869/75 4881/4881/75 4880/4880/75
f 4869/4869/81 4876/4876/81 4870/4870/81
f 4869/4869/81 4875/4875/81 4876/4876/81
f 4882/4882/82 4887/4887/82 4881/4881/82
f 4882/4882/82 4888/4888/82 4887/4887/82
f 4875/4875/77 4888/4888/77 4876/4876/77
f 4875/4875/77 4887/4887/77 4888/4888/77
f 4870/4870/75 4881/4881/75 4869/4869/75
f 4870/4870/75 4882/4882/75 4881/4881/75
f 4870/4870/76 4871/4871/76 4865/4865/76
f 4870/4870/76 4876/4876/76 4871/4871/76
f 4877/4877/78 4888/4888/78 4882/4882/78
f 4877/4877/78 4883/4883/78 4888/4888/78
f 4876/4876/77 4883/4883/77 4871/4871/77
f 4876/4876/77 4888/4888/77 4883/4883/77
f 4865/4865/75 4882/4882/75 4870/4870/75
f 4865/4865/75 4877/4877/75 4882/4882/75
f 4889/4889/75 4890/4890/75 4894/4894/75
f 4889/4889/75 4894/4894/75 4893/4893/75
f 4890/4890/78 4891/4891/78 4895/4895/78
f 4890/4890/78 4895/4895/78 4894/4894/78
f 4891/4891/77 4892/4892/77 4896/4896/77
f 4891/4891/77 4896/4896/77 4895/4895/77
f 4892/4892/76 4889/4889/76 4893/4893/76
f 4892/4892/76 4893/4893/76 4896/4896/76
f 4893/4893/5 4894/4894/5 4895/4895/5
f 4893/4893/5 4895/4895/5 4896/4896/5
f 4892/4892/6 4891/4891/6 4890/4890/6
f 4892/4892/6 4890/4890/6 4889/4889/6
f 4897/4897/6 4902/4902/6 4898/4898/6
f 4897/4897/6 4901/4901/6 4902/4902/6
f 4906/4906/5 4909/4909/5 4905/4905/5
f 4906/4906/5 4910/4910/5 4909/4909/5
f 4901/4901/78 4910/4910/78 4902/4902/78
f 4901/4901/78 4909/4909/78 4910/4910/78
f 4898/4898/76 4905/4905/76 4897/4897/76
f 4898/4898/76 4906/4906/76 4905/4905/76
f 4898/4898/75 4903/4903/75 4899/4899/75
f 4898/4898/75 4902/4902/75 4903/4903/75
f 4907/4907/77 4910/4910/77 4906/4906/77
f 4907/4907/77 4911/4911/77 4910/4910/77
f 4902/4902/78 4911/4911/78 4903/4903/78
f 4902/4902/78 4910/4910/78 4911/4911/78
f 4899/4899/76 4906/4906/76 4898/4898/76
f 4899/4899/76 4907/4907/76 4906/4906/76
f 4899/4899/5 4904/4904/5 4900/4900/5
f 4899/4899/5 4903/4903/5 4904/4904/5
f 4908/4908/6 4911/4911/6 4907/4907/6
f 4908/4908/6 4912/4912/6 4911/4911/6
f 4903/4903/78 4912/4912/78 4904/4904/78
f 4903/4903/78 4911/4911/78 4912/4912/78
f 4900/4900/76 4907/4907/76 4899/4899/76
f 4900/4900/76 4908/4908/76 4907/4907/76
f 4900/4900/77 4901/4901/77 4897/4897/77
f 4900/4900/77 4904/4904/77 4901/4901/77
f 4905/4905/75 4912/4912/75 4908/4908/75
f 4905/4905/75 4909/4909/75 4912/4912/75
f 4904/4904/78 4909/4909/78 4901/4901/78
f 4904/4904/78 4912/4912/78 4909/4909/78
f 4897/4897/76 4908/4908/76 4900/4900/76
f 4897/4897/76 4905/4905/76 4908/4908/76
f 4913/4913/75 4918/4918/75 4914/4914/75
f 4913/4913/75 4917/4917/75 4918/4918/75
f 4922/4922/77 4925/4925/77 4921/4921/77
f 4922/4922/77 4926/4926/77 4925/4925/77
f 4917/4917/5 4926/4926/5 4918/4918/5
f 4917/4917/5 4925/4925/5 4926/4926/5
f 4914/4914/6 4921/4921/6 4913/4913/6
f 4914/4914/6 4922/4922/6 4921/4921/6
f 4914/4914/76 4919/4919/76 4915/4915/76
f 4914/4914/76 4918/4918/76 4919/4919/76
f 4923/4923/78 4926/4926/78 4922/4922/78
f 4923/4923/78 4927/4927/78 4926/4926/78
f 4918/4918/5 4927/4927/5 4919/4919/5
f 4918/4918/5 4926/4926/5 4927/4927/5
f 4915/4915/6 4922/4922/6 4914/4914/6
f 4915/4915/6 4923/4923/6 4922/4922/6
f 4915/4915/77 4920/4920/77 4916/4916/77
f 4915/4915/77 4919/4919/77 4920/4920/77
f 4924/4924/75 4927/4927/75 4923/4923/75
f 4924/4924/75 4928/4928/75 4927/4927/75
f 4919/4919/5 4928/4928/5 4920/4920/5
f 4919/4919/5 4927/4927/5 4928/4928/5
f 4916/4916/6 4923/4923/6 4915/4915/6
f 4916/4916/6 4924/4924/6 4923/4923/6
f 4916/4916/78 4917/4917/78 4913/4913/78
f 4916/4916/78 4920/4920/78 4917/4917/78
f 4921/4921/76 4928/4928/76 4924/4924/76
f 4921/4921/76 4925/4925/76 4928/4928/76
f 4920/4920/5 4925/4925/5 4917/4917/5
f 4920/4920/5 4928/4928/5 4925/4925/5
f 4913/4913/6 4924/4924/6 4916/4916/6
f 4913/4913/6 4921/4921/6 4924/4924/6
f 4929/4929/75 4934/4934/75 4930/4930/75
f 4929/4929/75 4933/4933/75 4934/4934/75
f 4938/4938/77 4941/4941/77 4937/4937/77
f 4938/4938/77 4942/4942/77 4941/4941/77
f 4933/4933/5 4942/4942/5 4934/4934/5
f 4933/4933/5 4941/4941/5 4942/4942/5
f 4930/4930/6 4937/4937/6 4929/4929/6
f 4930/4930/6 4938/4938/6 4937/4937/6
f 4930/4930/76 4935/4935/76 4931/4931/76
f 4930/4930/76 4934/4934/76 4935/4935/76
f 4939/4939/78 4942/4942/78 4938/4938/78
f 4939/4939/78 4943/4943/78 4942/4942/78
f 4934/4934/5 4943/4943/5 4935/4935/5
f 4934/4934/5 4942/4942/5 4943/4943/5
f 4931/4931/6 4938/4938/6 4930/4930/6
f 4931/4931/6 4939/4939/6 4938/4938/6
f 4931/4931/77 4936/4936/77 4932/4932/77
f 4931/4931/77 4935/4935/77 4936/4936/77
f 4940/4940/75 4943/4943/75 4939/4939/75
f 4940/4940/75 4944/4944/75 4943/4943/75
f 4935/4935/5 4944/4944/5 4936/4936/5
f 4935/4935/5 4943/4943/5 4944/4944/5
f 4932/4932/6 4939/4939/6 4931/4931/6
f 4932/4932/6 4940/4940/6 4939/4939/6
f 4932/4932/78 4933/4933/78 4929/4929/78
f 4932/4932/78 4936/4936/78 4933/4933/78
f 4937/4937/76 4944/4944/76 4940/4940/76
f 4937/4937/76 4941/4941/76 4944/4944/76
f 4936/4936/5 4941/4941/5 4933/4933/5
f 4936/4936/5 4944/4944/5 4941/4941/5
f 4929/4929/6 4940/4940/6 4932/4932/6
f 4929/4929/6 4937/4937/6 4940/4940/6
f 4945/4945/75 4950/4950/75 4946/4946/75
f 4945/4945/75 4949/4949/75 4950/4950/75
f 4954/4954/77 4957/4957/77 4953/4953/77
f 4954/4954/77 4958/4958/77 4957/4957/77
f 4949/4949/5 4958/4958/5 4950/4950/5
f 4949/4949/5 4957/4957/5 4958/4958/5
f 4946/4946/6 4953/4953/6 4945/4945/6
f 4946/4946/6 4954/4954/6 4953/4953/6
f 4946/4946/76 4951/4951/76 4947/4947/76
f 4946/4946/76 4950/4950/76 4951/4951/76
f 4955/4955/78 4958/4958/78 4954/4954/78
f 4955/4955/78 4959/4959/78 4958/4958/78
f 4950/4950/5 4959/4959/5 4951/4951/5
f 4950/4950/5 4958/4958/5 4959/4959/5
f 4947/4947/6 4954/4954/6 4946/4946/6
f 4947/4947/6 4955/4955/6 4954/4954/6
f 4947/4947/77 4952/4952/77 4948/4948/77
f 4947/4947/77 4951/4951/77 4952/4952/77
f 4956/4956/75 4959/4959/75 4955/4955/75
f 4956/4956/75 4960/4960/75 4959/4959/75
f 4951/4951/5 4960/4960/5 4952/4952/5
f 4951/4951/5 4959/4959/5 4960/4960/5
f 4948/4948/6 4955/4955/6 4947/4947/6
f 4948/4948/6 4956/4956/6 4955/4955/6
f 4948/4948/78 4949/4949/78 4945/4945/78
f 4948/4948/78 4952/4952/78 4949/4949/78
f 4953/4953/76 4960/4960/76 4956/4956/76
f 4953/4953/76 4957/4957/76 4960/4960/76
f 4952/4952/5 4957/4957/5 4949/4949/5
f 4952/4952/5 4960/4960/5 4957/4957/5
f 4945/4945/6 4956/4956/6 4948/4948/6
f 4945/4945/6 4953/4953/6 4956/4956/6
f 4961/4961/76 4962/4962/76 4966/4966/76
f 4961/4961/76 4966/4966/76 4965/4965/76
f 4962/4962/75 4963/4963/75 4967/4967/75
f 4962/4962/75 4967/4967/75 4966/4966/75
f 4963/4963/78 4964/4964/78 4968/4968/78
f 4963/4963/78 4968/4968/78 4967/4967/78
f 4964/4964/77 4961/4961/77 4965/4965/77
f 4964/4964/77 4965/4965/77 4968/4968/77
f 4965/4965/5 4966/4966/5 4967/4967/5
f 4965/4965/5 4967/4967/5 4968/4968/5
f 4964/4964/6 4963/4963/6 4962/4962/6
f 4964/4964/6 4962/4962/6 4961/4961/6
f 4969/4969/77 4970/4970/77 4974/4974/77
f 4969/4969/77 4974/4974/77 4973/4973/77
f 4970/4970/76 4971/4971/76 4975/4975/76
f 4970/4970/76 4975/4975/76 4974/4974/76
f 4971/4971/75 4972/4972/75 4976/4976/75
f 4971/4971/75 4976/4976/75 4975/4975/75
f 4972/4972/78 4969/4969/78 4973/4973/78
f 4972/4972/78 4973/4973/78 4976/4976/78
f 4973/4973/5 4974/4974/5 4975/4975/5
f 4973/4973/5 4975/4975/5 4976/4976/5
f 4972/4972/6 4971/4971/6 4970/4970/6
f 4972/4972/6 4970/4970/6 4969/4969/6
f 4977/4977/76 4978/4978/76 4982/4982/76
f 4977/4977/76 4982/4982/76 4981/4981/76
f 4978/4978/75 4979/4979/75 4983/4983/75
f 4978/4978/75 4983/4983/75 4982/4982/75
f 4979/4979/78 4980/4980/78 4984/4984/78
f 4979/4979/78 4984/4984/78 4983/4983/78
f 4980/4980/77 4977/4977/77 4981/4981/77
f 4980/4980/77 4981/4981/77 4984/4984/77
f 4981/4981/5 4982/4982/5 4983/4983/5
f 4981/4981/5 4983/4983/5 4984/4984/5
f 4980/4980/6 4979/4979/6 4978/4978/6
f 4980/4980/6 4978/4978/6 4977/4977/6
f 4985/4985/77 4986/4986/77 4990/4990/77
f 4985/4985/77 4990/4990/77 4989/4989/77
f 4986/4986/76 4987/4987/76 4991/4991/76
f 4986/4986/76 4991/4991/76 4990/4990/76
f 4987/4987/75 4988/4988/75 4992/4992/75
f 4987/4987/75 4992/4992/75 4991/4991/75
f 4988/4988/78 4985/4985/78 4989/4989/78
f 4988/4988/78 4989/4989/78 4992/4992/78
f 4989/4989/5 4990/4990/5 4991/4991/5
f 4989/4989/5 4991/4991/5 4992/4992/5
f 4988/4988/6 4987/4987/6 4986/4986/6
f 4988/4988/6 4986/4986/6 4985/4985/6
f 4993/4993/77 4994/4994/77 4998/4998/77
f 4993/4993/77 4998/4998/77 4997/4997/77
f 4994/4994/76 4995/4995/76 4999/4999/76
f 4994/4994/76 4999/4999/76 4998/4998/76
f 4995/4995/75 4996/4996/75 5000/5000/75
f 4995/4995/75 5000/5000/75 4999/4999/75
f 4996/4996/78 4993/4993/78 4997/4997/78
f 4996/4996/78 4997/4997/78 5000/5000/78
f 4997/4997/5 4998/4998/5 4999/4999/5
f 4997/4997/5 4999/4999/5 5000/5000/5
f 4996/4996/6 4995/4995/6 4994/4994/6
f 4996/4996/6 4994/4994/6 4993/4993/6
f 5001/5001/78 5002/5002/78 5006/5006/78
f 5001/5001/78 5006/5006/78 5005/5005/78
f 5002/5002/77 5003/5003/77 5007/5007/77
f 5002/5002/77 5007/5007/77 5006/5006/77
f 5003/5003/76 5004/5004/76 5008/5008/76
f 5003/5003/76 5008/5008/76 5007/5007/76
f 5004/5004/75 5001/5001/75 5005/5005/75
f 5004/5004/75 5005/5005/75 5008/5008/75
f 5005/5005/5 5006/5006/5 5007/5007/5
f 5005/5005/5 5007/5007/5 5008/5008/5
f 5004/5004/6 5003/5003/6 5002/5002/6
f 5004/5004/6 5002/5002/6 5001/5001/6
f 5009/5009/77 5010/5010/77 5014/5014/77
f 5009/5009/77 5014/5014/77 5013/5013/77
f 5010/5010/76 5011/5011/76 5015/5015/76
f 5010/5010/76 5015/5015/76 5014/5014/76
f 5011/5011/75 5012/5012/75 5016/5016/75
f 5011/5011/75 5016/5016/75 5015/5015/75
f 5012/5012/78 5009/5009/78 5013/5013/78
f 5012/5012/78 5013/5013/78 5016/5016/78
f 5013/5013/5 5014/5014/5 5015/5015/5
f 5013/5013/5 5015/5015/5 5016/5016/5
f 5012/5012/6 5011/5011/6 5010/5010/6
f 5012/5012/6 5010/5010/6 5009/5009/6
f 5017/5017/78 5018/5018/78 5022/5022/78
f 5017/5017/78 5022/5022/78 5021/5021/78
f 5018/5018/77 5019/5019/77 5023/5023/77
f 5018/5018/77 5023/5023/77 5022/5022/77
f 5019/5019/76 5020/5020/76 5024/5024/76
f 5019/5019/76 5024/5024/76 5023/5023/76
f 5020/5020/75 5017/5017/75 5021/5021/75
f 5020/5020/75 5021/5021/75 5024/5024/75
f 5021/5021/5 5022/5022/5 5023/5023/5
f 5021/5021/5 5023/5023/5 5024/5024/5
f 5020/5020/6 5019/5019/6 5018/5018/6
f 5020/5020/6 5018/5018/6 5017/5017/6
f 5025/5025/78 5026/5026/78 5030/5030/78
f 5025/5025/78 5030/5030/78 5029/5029/78
f 5026/5026/77 5027/5027/77 5031/5031/77
f 5026/5026/77 5031/5031/77 5030/5030/77
f 5027/5027/76 5028/5028/76 5032/5032/76
f 5027/5027/76 5032/5032/76 5031/5031/76
f 5028/5028/75 5025/5025/75 5029/5029/75
f 5028/5028/75 5029/5029/75 5032/5032/75
f 5029/5029/5 5030/5030/5 5031/5031/5
f 5029/5029/5 5031/5031/5 5032/5032/5
f 5028/5028/6 5027/5027/6 5026/5026/6
f 5028/5028/6 5026/5026/6 5025/5025/6
f 5033/5033/75 5034/5034/75 5038/5038/75
f 5033/5033/75 5038/5038/75 5037/5037/75
f 5034/5034/78 5035/5035/78 5039/5039/78
f 5034/5034/78 5039/5039/78 5038/5038/78
f 5035/5035/77 5036/5036/77 5040/5040/77
f 5035/5035/77 5040/5040/77 5039/5039/77
f 5036/5036/76 5033/5033/76 5037/5037/76
f 5036/5036/76 5037/5037/76 5040/5040/76
f 5037/5037/5 5038/5038/5 5039/5039/5
f 5037/5037/5 5039/5039/5 5040/5040/5
f 5036/5036/6 5035/5035/6 5034/5034/6
f 5036/5036/6 5034/5034/6 5033/5033/6
f 5041/5041/78 5042/5042/78 5046/5046/78
f 5041/5041/78 5046/5046/78 5045/5045/78
f 5042/5042/77 5043/5043/77 5047/5047/77
f 5042/5042/77 5047/5047/77 5046/5046/77
f 5043/5043/76 5044/5044/76 5048/5048/76
f 5043/5043/76 5048/5048/76 5047/5047/76
f 5044/5044/75 5041/5041/75 5045/5045/75
f 5044/5044/75 5045/5045/75 5048/5048/75
f 5045/5045/5 5046/5046/5 5047/5047/5
f 5045/5045/5 5047/5047/5 5048/5048/5
f 5044/5044/6 5043/5043/6 5042/5042/6
f 5044/5044/6 5042/5042/6 5041/5041/6
f 5049/5049/75 5050/5050/75 5054/5054/75
f 5049/5049/75 5054/5054/75 5053/5053/75
f 5050/5050/78 5051/5051/78 5055/5055/78
f 5050/5050/78 5055/5055/78 5054/5054/78
f 5051/5051/77 5052/5052/77 5056/5056/77
f 5051/5051/77 5056/5056/77 5055/5055/77
f 5052/5052/76 5049/5049/76 5053/5053/76
f 5052/5052/76 5053/5053/76 5056/5056/76
f 5053/5053/5 5054/5054/5 5055/5055/5
f 5053/5053/5 5055/5055/5 5056/5056/5
f 5052/5052/6 5051/5051/6 5050/5050/6
f 5052/5052/6 5050/5050/6 5049/5049/6
f 5057/5057/75 5058/5058/75 5062/5062/75
f 5057/5057/75 5062/5062/75 5061/5061/75
f 5058/5058/78 5059/5059/78 5063/5063/78
f 5058/5058/78 5063/5063/78 5062/5062/78
f 5059/5059/77 5060/5060/77 5064/5064/77
f 5059/5059/77 5064/5064/77 5063/5063/77
f 5060/5060/76 5057/5057/76 5061/5061/76
f 5060/5060/76 5061/5061/76 5064/5064/76
f 5061/5061/5 5062/5062/5 5063/5063/5
f 5061/5061/5 5063/5063/5 5064/5064/5
f 5060/5060/6 5059/5059/6 5058/5058/6
f 5060/5060/6 5058/5058/6 5057/5057/6
f 5065/5065/76 5066/5066/76 5070/5070/76
f 5065/5065/76 5070/5070/76 5069/5069/76
f 5066/5066/75 5067/5067/75 5071/5071/75
f 5066/5066/75 5071/5071/75 5070/5070/75
f 5067/5067/78 5068/5068/78 5072/5072/78
f 5067/5067/78 5072/5072/78 5071/5071/78
f 5068/5068/77 5065/5065/77 5069/5069/77
f 5068/5068/77 5069/5069/77 5072/5072/77
f 5069/5069/5 5070/5070/5 5071/5071/5
f 5069/5069/5 5071/5071/5 5072/5072/5
f 5068/5068/6 5067/5067/6 5066/5066/6
f 5068/5068/6 5066/5066/6 5065/5065/6
f 5073/5073/75 5074/5074/75 5078/5078/75
f 5073/5073/75 5078/5078/75 5077/5077/75
f 5074/5074/78 5075/5075/78 5079/5079/78
f 5074/5074/78 5079/5079/78 5078/5078/78
f 5075/5075/77 5076/5076/77 5080/5080/77
f 5075/5075/77 5080/5080/77 5079/5079/77
f 5076/5076/76 5073/5073/76 5077/5077/76
f 5076/5076/76 5077/5077/76 5080/5080/76
f 5077/5077/5 5078/5078/5 5079/5079/5
f 5077/5077/5 5079/5079/5 5080/5080/5
f 5076/5076/6 5075/5075/6 5074/5074/6
f 5076/5076/6 5074/5074/6 5073/5073/6
f 5081/5081/76 5082/5082/76 5086/5086/76
f 5081/5081/76 5086/5086/76 5085/5085/76
f 5082/5082/75 5083/5083/75 5087/5087/75
f 5082/5082/75 5087/5087/75 5086/5086/75
f 5083/5083/78 5084/5084/78 5088/5088/78
f 5083/5083/78 5088/5088/78 5087/5087/78
f 5084/5084/77 5081/5081/77 5085/5085/77
f 5084/5084/77 5085/5085/77 5088/5088/77
f 5085/5085/5 5086/5086/5 5087/5087/5
f 5085/5085/5 5087/5087/5 5088/5088/5
f 5084/5084/6 5083/5083/6 5082/5082/6
f 5084/5084/6 5082/5082/6 5081/5081/6
f 5089/5089/83 5094/5094/83 5090/5090/83
f 5089/5089/83 5093/5093/83 5094/5094/83
f 5090/5090/84 5095/5095/84 5091/5091/84
f 5090/5090/84 5094/5094/84 5095/5095/84
f 5091/5091/85 5096/5096/85 5092/5092/85
f 5091/5091/85 5095/5095/85 5096/5096/85
f 5092/5092/86 5093/5093/86 5089/5089/86
f 5092/5092/86 5096/5096/86 5093/5093/86
f 5093/5093/5 5095/5095/5 5094/5094/5
f 5093/5093/5 5096/5096/5 5095/5095/5
f 5092/5092/6 5090/5090/6 5091/5091/6
f 5092/5092/6 5089/5089/6 5090/5090/6
f 5097/5097/6 5102/5102/6 5098/5098/6
f 5097/5097/6 5101/5101/6 5102/5102/6
f 5106/5106/5 5109/5109/5 5105/5105/5
f 5106/5106/5 5110/5110/5 5109/5109/5
f 5101/5101/83 5110/5110/83 5102/5102/83
f 5101/5101/83 5109/5109/83 5110/5110/83
f 5098/5098/85 5105/5105/85 5097/5097/85
f 5098/5098/85 5106/5106/85 5105/5105/85
f 5098/5098/84 5103/5103/84 5099/5099/84
f 5098/5098/84 5102/5102/84 5103/5103/84
f 5107/5107/86 5110/5110/86 5106/5106/86
f 5107/5107/86 5111/5111/86 5110/5110/86
f 5102/5102/83 5111/5111/83 5103/5103/83
f 5102/5102/83 5110/5110/83 5111/5111/83
f 5099/5099/85 5106/5106/85 5098/5098/85
f 5099/5099/85 5107/5107/85 5106/5106/85
f 5099/5099/5 5104/5104/5 5100/5100/5
f 5099/5099/5 5103/5103/5 5104/5104/5
f 5108/5108/6 5111/5111/6 5107/5107/6
f 5108/5108/6 5112/5112/6 5111/5111/6
f 5103/5103/83 5112/5112/83 5104/5104/83
f 5103/5103/83 5111/5111/83 5112/5112/83
f 5100/5100/85 5107/5107/85 5099/5099/85
f 5100/5100/85 5108/5108/85 5107/5107/85
f 5100/5100/86 5101/5101/86 5097/5097/86
f 5100/5100/86 5104/5104/86 5101/5101/86
f 5105/5105/84 5112/5112/84 5108/5108/84
f 5105/5105/84 5109/5109/84 5112/5112/84
f 5104/5104/83 5109/5109/83 5101/5101/83
f 5104/5104/83 5112/5112/83 5109/5109/83
f 5097/5097/85 5108/5108/85 5100/5100/85
f 5097/5097/85 5105/5105/85 5108/5108/85
f 5113/5113/6 5120/5120/6 5114/5114/6
f 5113/5113/6 5119/5119/6 5120/5120/6
f 5126/5126/5 5131/5131/5 5125/5125/5
f 5126/5126/5 5132/5132/5 5131/5131/5
f 5119/5119/83 5132/5132/83 5120/5120/83
f 5119/5119/83 5131/5131/83 5132/5132/83
f 5114/5114/85 5125/5125/85 5113/5113/85
f 5114/5114/85 5126/5126/85 5125/5125/85
f 5114/5114/84 5121/5121/84 5115/5115/84
f 5114/5114/84 5120/5120/84 5121/5121/84
f 5127/5127/86 5132/5132/86 5126/5126/86
f 5127/5127/86 5133/5133/86 5132/5132/86
f 5120/5120/83 5133/5133/83 5121/5121/83
f 5120/5120/83 5132/5132/83 5133/5133/83
f 5115/5115/85 5126/5126/85 5114/5114/85
f 5115/5115/85 5127/5127/85 5126/5126/85
f 5115/5115/87 5122/5122/87 5116/5116/87
f 5115/5115/87 5121/5121/87 5122/5122/87
f 5128/5128/88 5133/5133/88 5127/5127/88
f 5128/5128/88 5134/5134/88 5133/5133/88
f 5121/5121/83 5134/5134/83 5122/5122/83
f 5121/5121/83 5133/5133/83 5134/5134/83
f 5116/5116/85 5127/5127/85 5115/5115/85
f 5116/5116/85 5128/5128/85 5127/5127/85
f 5116/5116/5 5123/5123/5 5117/5117/5
f 5116/5116/5 5122/5122/5 5123/5123/5
f 5129/5129/6 5134/5134/6 5128/5128/6
f 5129/5129/6 5135/5135/6 5134/5134/6
f 5122/5122/83 5135/5135/83 5123/5123/83
f 5122/5122/83 5134/5134/83 5135/5135/83
f 5117/5117/85 5128/5128/85 5116/5116/85
f 5117/5117/85 5129/5129/85 5128/5128/85
f 5117/5117/89 5124/5124/89 5118/5118/89
f 5117/5117/89 5123/5123/89 5124/5124/89
f 5130/5130/90 5135/5135/90 5129/5129/90
f 5130/5130/90 5136/5136/90 5135/5135/90
f 5123/5123/83 5136/5136/83 5124/5124/83
f 5123/5123/83 5135/5135/83 5136/5136/83
f 5118/5118/85 5129/5129/85 5117/5117/85
f 5118/5118/85 5130/5130/85 5129/5129/85
f 5118/5118/86 5119/5119/86 5113/5113/86
f 5118/5118/86 5124/5124/86 5119/5119/86
f 5125/5125/84 5136/5136/84 5130/5130/84
f 5125/5125/84 5131/5131/84 5136/5136/84
f 5124/5124/83 5131/5131/83 5119/5119/83
f 5124/5124/83 5136/5136/83 5131/5131/83
f 5113/5113/85 5130/5130/85 5118/5118/85
f 5113/5113/85 5125/5125/85 5130/5130/85
f 5137/5137/85 5138/5138/85 5142/5142/85
f 5137/5137/85 5142/5142/85 5141/5141/85
f 5138/5138/84 5139/5139/84 5143/5143/84
f 5138/5138/84 5143/5143/84 5142/5142/84
f 5139/5139/83 5140/5140/83 5144/5144/83
f 5139/5139/83 5144/5144/83 5143/5143/83
f 5140/5140/86 5137/5137/86 5141/5141/86
f 5140/5140/86 5141/5141/86 5144/5144/86
f 5141/5141/5 5142/5142/5 5143/5143/5
f 5141/5141/5 5143/5143/5 5144/5144/5
f 5140/5140/6 5139/5139/6 5138/5138/6
f 5140/5140/6 5138/5138/6 5137/5137/6
f 5145/5145/6 5150/5150/6 5146/5146/6
f 5145/5145/6 5149/5149/6 5150/5150/6
f 5154/5154/5 5157/5157/5 5153/5153/5
f 5154/5154/5 5158/5158/5 5157/5157/5
f 5149/5149/84 5158/5158/84 5150/5150/84
f 5149/5149/84 5157/5157/84 5158/5158/84
f 5146/5146/86 5153/5153/86 5145/5145/86
f 5146/5146/86 5154/5154/86 5153/5153/86
f 5146/5146/85 5151/5151/85 5147/5147/85
f 5146/5146/85 5150/5150/85 5151/5151/85
f 5155/5155/83 5158/5158/83 5154/5154/83
f 5155/5155/83 5159/5159/83 5158/5158/83
f 5150/5150/84 5159/5159/84 5151/5151/84
f 5150/5150/84 5158/5158/84 5159/5159/84
f 5147/5147/86 5154/5154/86 5146/5146/86
f 5147/5147/86 5155/5155/86 5154/5154/86
f 5147/5147/5 5152/5152/5 5148/5148/5
f 5147/5147/5 5151/5151/5 5152/5152/5
f 5156/5156/6 5159/5159/6 5155/5155/6
f 5156/5156/6 5160/5160/6 5159/5159/6
f 5151/5151/84 5160/5160/84 5152/5152/84
f 5151/5151/84 5159/5159/84 5160/5160/84
f 5148/5148/86 5155/5155/86 5147/5147/86
f 5148/5148/86 5156/5156/86 5155/5155/86
f 5148/5148/83 5149/5149/83 5145/5145/83
f 5148/5148/83 5152/5152/83 5149/5149/83
f 5153/5153/85 5160/5160/85 5156/5156/85
f 5153/5153/85 5157/5157/85 5160/5160/85
f 5152/5152/84 5157/5157/84 5149/5149/84
f 5152/5152/84 5160/5160/84 5157/5157/84
f 5145/5145/86 5156/5156/86 5148/5148/86
f 5145/5145/86 5153/5153/86 5156/5156/86
f 5161/5161/6 5168/5168/6 5162/5162/6
f 5161/5161/6 5167/5167/6 5168/5168/6
f 5174/5174/5 5179/5179/5 5173/5173/5
f 5174/5174/5 5180/5180/5 5179/5179/5
f 5167/5167/84 5180/5180/84 5168/5168/84
f 5167/5167/84 5179/5179/84 5180/5180/84
f 5162/5162/86 5173/5173/86 5161/5161/86
f 5162/5162/86 5174/5174/86 5173/5173/86
f 5162/5162/85 5169/5169/85 5163/5163/85
f 5162/5162/85 5168/5168/85 5169/5169/85
f 5175/5175/83 5180/5180/83 5174/5174/83
f 5175/5175/83 5181/5181/83 5180/5180/83
f 5168/5168/84 5181/5181/84 5169/5169/84
f 5168/5168/84 5180/5180/84 5181/5181/84
f 5163/5163/86 5174/5174/86 5162/5162/86
f 5163/5163/86 5175/5175/86 5174/5174/86
f 5163/5163/91 5170/5170/91 5164/5164/91
f 5163/5163/91 5169/5169/91 5170/5170/91
f 5176/5176/92 5181/5181/92 5175/5175/92
f 5176/5176/92 5182/5182/92 5181/5181/92
f 5169/5169/84 5182/5182/84 5170/5170/84
f 5169/5169/84 5181/5181/84 5182/5182/84
f 5164/5164/86 5175/5175/86 5163/5163/86
f 5164/5164/86 5176/5176/86 5175/5175/86
f 5164/5164/5 5171/5171/5 5165/5165/5
f 5164/5164/5 5170/5170/5 5171/5171/5
f 5177/5177/6 5182/5182/6 5176/5176/6
f 5177/5177/6 5183/5183/6 5182/5182/6
f 5170/5170/84 5183/5183/84 5171/5171/84
f 5170/5170/84 5182/5182/84 5183/5183/84
f 5165/5165/86 5176/5176/86 5164/5164/86
f 5165/5165/86 5177/5177/86 5176/5176/86
f 5165/5165/93 5172/5172/93 5166/5166/93
f 5165/5165/93 5171/5171/93 5172/5172/93
f 5178/5178/94 5183/5183/94 5177/5177/94
f 5178/5178/94 5184/5184/94 5183/5183/94
f 5171/5171/84 5184/5184/84 5172/5172/84
f 5171/5171/84 5183/5183/84 5184/5184/84
f 5166/5166/86 5177/5177/86 5165/5165/86
f 5166/5166/86 5178/5178/86 5177/5177/86
f 5166/5166/83 5167/5167/83 5161/5161/83
f 5166/5166/83 5172/5172/83 5167/5167/83
f 5173/5173/85 5184/5184/85 5178/5178/85
f 5173/5173/85 5179/5179/85 5184/5184/85
f 5172/5172/84 5179/5179/84 5167/5167/84
f 5172/5172/84 5184/5184/84 5179/5179/84
f 5161/5161/86 5178/5178/86 5166/5166/86
f 5161/5161/86 5173/5173/86 5178/5178/86
f 5185/5185/6 5190/5190/6 5186/5186/6
f 5185/5185/6 5189/5189/6 5190/5190/6
f 5194/5194/5 5197/5197/5 5193/5193/5
f 5194/5194/5 5198/5198/5 5197/5197/5
f 5189/5189/84 5198/5198/84 5190/5190/84
f 5189/5189/84 5197/5197/84 5198/5198/84
f 5186/5186/86 5193/5193/86 5185/5185/86
f 5186/5186/86 5194/5194/86 5193/5193/86
f 5186/5186/85 5191/5191/85 5187/5187/85
f 5186/5186/85 5190/5190/85 5191/5191/85
f 5195/5195/83 5198/5198/83 5194/5194/83
f 5195/5195/83 5199/5199/83 5198/5198/83
f 5190/5190/84 5199/5199/84 5191/5191/84
f 5190/5190/84 5198/5198/84 5199/5199/84
f 5187/5187/86 5194/5194/86 5186/5186/86
f 5187/5187/86 5195/5195/86 5194/5194/86
f 5187/5187/5 5192/5192/5 5188/5188/5
f 5187/5187/5 5191/5191/5 5192/5192/5
f 5196/5196/6 5199/5199/6 5195/5195/6
f 5196/5196/6 5200/5200/6 5199/5199/6
f 5191/5191/84 5200/5200/84 5192/5192/84
f 5191/5191/84 5199/5199/84 5200/5200/84
f 5188/5188/86 5195/5195/86 5187/5187/86
f 5188/5188/86 5196/5196/86 5195/5195/86
f 5188/5188/83 5189/5189/83 5185/5185/83
f 5188/5188/83 5192/5192/83 5189/5189/83
f 5193/5193/85 5200/5200/85 5196/5196/85
f 5193/5193/85 5197/5197/85 5200/5200/85
f 5192/5192/84 5197/5197/84 5189/5189/84
f 5192/5192/84 5200/5200/84 5197/5197/84
f 5185/5185/86 5196/5196/86 5188/5188/86
f 5185/5185/86 5193/5193/86 5196/5196/86
f 5201/5201/6 5206/5206/6 5202/5202/6
f 5201/5201/6 5205/5205/6 5206/5206/6
f 5210/5210/5 5213/5213/5 5209/5209/5
f 5210/5210/5 5214/5214/5 5213/5213/5
f 5205/5205/84 5214/5214/84 5206/5206/84
f 5205/5205/84 5213/5213/84 5214/5214/84
f 5202/5202/86 5209/5209/86 5201/5201/86
f 5202/5202/86 5210/5210/86 5209/5209/86
f 5202/5202/85 5207/5207/85 5203/5203/85
f 5202/5202/85 5206/5206/85 5207/5207/85
f 5211/5211/83 5214/5214/83 5210/5210/83
f 5211/5211/83 5215/5215/83 5214/5214/83
f 5206/5206/84 5215/5215/84 5207/5207/84
f 5206/5206/84 5214/5214/84 5215/5215/84
f 5203/5203/86 5210/5210/86 5202/5202/86
f 5203/5203/86 5211/5211/86 5210/5210/86
f 5203/5203/5 5208/5208/5 5204/5204/5
f 5203/5203/5 5207/5207/5 5208/5208/5
f 5212/5212/6 5215/5215/6 5211/5211/6
f 5212/5212/6 5216/5216/6 5215/5215/6
f 5207/5207/84 5216/5216/84 5208/5208/84
f 5207/5207/84 5215/5215/84 5216/5216/84
f 5204/5204/86 5211/5211/86 5203/5203/86
f 5204/5204/86 5212/5212/86 5211/5211/86
f 5204/5204/83 5205/5205/83 5201/5201/83
f 5204/5204/83 5208/5208/83 5205/5205/83
f 5209/5209/85 5216/5216/85 5212/5212/85
f 5209/5209/85 5213/5213/85 5216/5216/85
f 5208/5208/84 5213/5213/84 5205/5205/84
f 5208/5208/84 5216/5216/84 5213/5213/84
f 5201/5201/86 5212/5212/86 5204/5204/86
f 5201/5201/86 5209/5209/86 5212/5212/86
f 5217/5217/6 5222/5222/6 5218/5218/6
f 5217/5217/6 5221/5221/6 5222/5222/6
f 5226/5226/5 5229/5229/5 5225/5225/5
f 5226/5226/5 5230/5230/5 5229/5229/5
f 5221/5221/85 5230/5230/85 5222/5222/85
f 5221/5221/85 5229/5229/85 5230/5230/85
f 5218/5218/83 5225/5225/83 5217/5217/83
f 5218/5218/83 5226/5226/83 5225/5225/83
f 5218/5218/86 5223/5223/86 5219/5219/86
f 5218/5218/86 5222/5222/86 5223/5223/86
f 5227/5227/84 5230/5230/84 5226/5226/84
f 5227/5227/84 5231/5231/84 5230/5230/84
f 5222/5222/85 5231/5231/85 5223/5223/85
f 5222/5222/85 5230/5230/85 5231/5231/85
f 5219/5219/83 5226/5226/83 5218/5218/83
f 5219/5219/83 5227/5227/83 5226/5226/83
f 5219/5219/5 5224/5224/5 5220/5220/5
f 5219/5219/5 5223/5223/5 5224/5224/5
f 5228/5228/6 5231/5231/6 5227/5227/6
f 5228/5228/6 5232/5232/6 5231/5231/6
f 5223/5223/85 5232/5232/85 5224/5224/85
f 5223/5223/85 5231/5231/85 5232/5232/85
f 5220/5220/83 5227/5227/83 5219/5219/83
f 5220/5220/83 5228/5228/83 5227/5227/83
f 5220/5220/84 5221/5221/84 5217/5217/84
f 5220/5220/84 5224/5224/84 5221/5221/84
f 5225/5225/86 5232/5232/86 5228/5228/86
f 5225/5225/86 5229/5229/86 5232/5232/86
f 5224/5224/85 5229/5229/85 5221/5221/85
f 5224/5224/85 5232/5232/85 5229/5229/85
f 5217/5217/83 5228/5228/83 5220/5220/83
f 5217/5217/83 5225/5225/83 5228/5228/83
f 5233/5233/6 5238/5238/6 5234/5234/6
f 5233/5233/6 5237/5237/6 5238/5238/6
f 5242/5242/5 5245/5245/5 5241/5241/5
f 5242/5242/5 5246/5246/5 5245/5245/5
f 5237/5237/85 5246/5246/85 5238/5238/85
f 5237/5237/85 5245/5245/85 5246/5246/85
f 5234/5234/83 5241/5241/83 5233/5233/83
f 5234/5234/83 5242/5242/83 5241/5241/83
f 5234/5234/86 5239/5239/86 5235/5235/86
f 5234/5234/86 5238/5238/86 5239/5239/86
f 5243/5243/84 5246/5246/84 5242/5242/84
f 5243/5243/84 5247/5247/84 5246/5246/84
f 5238/5238/85 5247/5247/85 5239/5239/85
f 5238/5238/85 5246/5246/85 5247/5247/85
f 5235/5235/83 5242/5242/83 5234/5234/83
f 5235/5235/83 5243/5243/83 5242/5242/83
f 5235/5235/5 5240/5240/5 5236/5236/5
f 5235/5235/5 5239/5239/5 5240/5240/5
f 5244/5244/6 5247/5247/6 5243/5243/6
f 5244/5244/6 5248/5248/6 5247/5247/6
f 5239/5239/85 5248/5248/85 5240/5240/85
f 5239/5239/85 5247/5247/85 5248/5248/85
f 5236/5236/83 5243/5243/83 5235/5235/83
f 5236/5236/83 5244/5244/83 5243/5243/83
f 5236/5236/84 5237/5237/84 5233/5233/84
f 5236/5236/84 5240/5240/84 5237/5237/84
f 5241/5241/86 5248/5248/86 5244/5244/86
f 5241/5241/86 5245/5245/86 5248/5248/86
f 5240/5240/85 5245/5245/85 5237/5237/85
f 5240/5240/85 5248/5248/85 5245/5245/85
f 5233/5233/83 5244/5244/83 5236/5236/83
f 5233/5233/83 5241/5241/83 5244/5244/83
f 5249/5249/6 5254/5254/6 5250/5250/6
f 5249/5249/6 5253/5253/6 5254/5254/6
f 5258/5258/5 5261/5261/5 5257/5257/5
f 5258/5258/5 5262/5262/5 5261/5261/5
f 5253/5253/86 5262/5262/86 5254/5254/86
f 5253/5253/86 5261/5261/86 5262/5262/86
f 5250/5250/84 5257/5257/84 5249/5249/84
f 5250/5250/84 5258/5258/84 5257/5257/84
f 5250/5250/83 5255/5255/83 5251/5251/83
f 5250/5250/83 5254/5254/83 5255/5255/83
f 5259/5259/85 5262/5262/85 5258/5258/85
f 5259/5259/85 5263/5263/85 5262/5262/85
f 5254/5254/86 5263/5263/86 5255/5255/86
f 5254/5254/86 5262/5262/86 5263/5263/86
f 5251/5251/84 5258/5258/84 5250/5250/84
f 5251/5251/84 5259/5259/84 5258/5258/84
f 5251/5251/5 5256/5256/5 5252/5252/5
f 5251/5251/5 5255/5255/5 5256/5256/5
f 5260/5260/6 5263/5263/6 5259/5259/6
f 5260/5260/6 5264/5264/6 5263/5263/6
f 5255/5255/86 5264/5264/86 5256/5256/86
f 5255/5255/86 5263/5263/86 5264/5264/86
f 5252/5252/84 5259/5259/84 5251/5251/84
f 5252/5252/84 5260/5260/84 5259/5259/84
f 5252/5252/85 5253/5253/85 5249/5249/85
f 5252/5252/85 5256/5256/85 5253/5253/85
f 5257/5257/83 5264/5264/83 5260/5260/83
f 5257/5257/83 5261/5261/83 5264/5264/83
f 5256/5256/86 5261/5261/86 5253/5253/86
f 5256/5256/86 5264/5264/86 5261/5261/86
f 5249/5249/84 5260/5260/84 5252/5252/84
f 5249/5249/84 5257/5257/84 5260/5260/84
f 5265/5265/6 5270/5270/6 5266/5266/6
f 5265/5265/6 5269/5269/6 5270/5270/6
f 5274/5274/5 5277/5277/5 5273/5273/5
f 5274/5274/5 5278/5278/5 5277/5277/5
f 5269/5269/86 5278/5278/86 5270/5270/86
f 5269/5269/86 5277/5277/86 5278/5278/86
f 5266/5266/84 5273/5273/84 5265/5265/84
f 5266/5266/84 5274/5274/84 5273/5273/84
f 5266/5266/83 5271/5271/83 5267/5267/83
f 5266/5266/83 5270/5270/83 5271/5271/83
f 5275/5275/85 5278/5278/85 5274/5274/85
f 5275/5275/85 5279/5279/85 5278/5278/85
f 5270/5270/86 5279/5279/86 5271/5271/86
f 5270/5270/86 5278/5278/86 5279/5279/86
f 5267/5267/84 5274/5274/84 5266/5266/84
f 5267/5267/84 5275/5275/84 5274/5274/84
f 5267/5267/5 5272/5272/5 5268/5268/5
f 5267/5267/5 5271/5271/5 5272/5272/5
f 5276/5276/6 5279/5279/6 5275/5275/6
f 5276/5276/6 5280/5280/6 5279/5279/6
f 5271/5271/86 5280/5280/86 5272/5272/86
f 5271/5271/86 5279/5279/86 5280/5280/86
f 5268/5268/84 5275/5275/84 5267/5267/84
f 5268/5268/84 5276/5276/84 5275/5275/84
f 5268/5268/85 5269/5269/85 5265/5265/85
f 5268/5268/85 5272/5272/85 5269/5269/85
f 5273/5273/83 5280/5280/83 5276/5276/83
f 5273/5273/83 5277/5277/83 5280/5280/83
f 5272/5272/86 5277/5277/86 5269/5269/86
f 5272/5272/86 5280/5280/86 5277/5277/86
f 5265/5265/84 5276/5276/84 5268/5268/84
f 5265/5265/84 5273/5273/84 5276/5276/84
f 5281/5281/6 5286/5286/6 5282/5282/6
f 5281/5281/6 5285/5285/6 5286/5286/6
f 5290/5290/5 5293/5293/5 5289/5289/5
f 5290/5290/5 5294/5294/5 5293/5293/5
f 5285/5285/86 5294/5294/86 5286/5286/86
f 5285/5285/86 5293/5293/86 5294/5294/86
f 5282/5282/84 5289/5289/84 5281/5281/84
f 5282/5282/84 5290/5290/84 5289/5289/84
f 5282/5282/83 5287/5287/83 5283/5283/83
f 5282/5282/83 5286/5286/83 5287/5287/83
f 5291/5291/85 5294/5294/85 5290/5290/85
f 5291/5291/85 5295/5295/85 5294/5294/85
f 5286/5286/86 5295/5295/86 5287/5287/86
f 5286/5286/86 5294/5294/86 5295/5295/86
f 5283/5283/84 5290/5290/84 5282/5282/84
f 5283/5283/84 5291/5291/84 5290/5290/84
f 5283/5283/5 5288/5288/5 5284/5284/5
f 5283/5283/5 5287/5287/5 5288/5288/5
f 5292/5292/6 5295/5295/6 5291/5291/6
f 5292/5292/6 5296/5296/6 5295/5295/6
f 5287/5287/86 5296/5296/86 5288/5288/86
f 5287/5287/86 5295/5295/86 5296/5296/86
f 5284/5284/84 5291/5291/84 5283/5283/84
f 5284/5284/84 5292/5292/84 5291/5291/84
f 5284/5284/85 5285/5285/85 5281/5281/85
f 5284/5284/85 5288/5288/85 5285/5285/85
f 5289/5289/83 5296/5296/83 5292/5292/83
f 5289/5289/83 5293/5293/83 5296/5296/83
f 5288/5288/86 5293/5293/86 5285/5285/86
f 5288/5288/86 5296/5296/86 5293/5293/86
f 5281/5281/84 5292/5292/84 5284/5284/84
f 5281/5281/84 5289/5289/84 5292/5292/84
f 5297/5297/6 5302/5302/6 5298/5298/6
f 5297/5297/6 5301/5301/6 5302/5302/6
f 5306/5306/5 5309/5309/5 5305/5305/5
f 5306/5306/5 5310/5310/5 5309/5309/5
f 5301/5301/86 5310/5310/86 5302/5302/86
f 5301/5301/86 5309/5309/86 5310/5310/86
f 5298/5298/84 5305/5305/84 5297/5297/84
f 5298/5298/84 5306/5306/84 5305/5305/84
f 5298/5298/83 5303/5303/83 5299/5299/83
f 5298/5298/83 5302/5302/83 5303/5303/83
f 5307/5307/85 5310/5310/85 5306/5306/85
f 5307/5307/85 5311/5311/85 5310/5310/85
f 5302/5302/86 5311/5311/86 5303/5303/86
f 5302/5302/86 5310/5310/86 5311/5311/86
f 5299/5299/84 5306/5306/84 5298/5298/84
f 5299/5299/84 5307/5307/84 5306/5306/84
f 5299/5299/5 5304/5304/5 5300/5300/5
f 5299/5299/5 5303/5303/5 5304/5304/5
f 5308/5308/6 5311/5311/6 5307/5307/6
f 5308/5308/6 5312/5312/6 5311/5311/6
f 5303/5303/86 5312/5312/86 5304/5304/86
f 5303/5303/86 5311/5311/86 5312/5312/86
f 5300/5300/84 5307/5307/84 5299/5299/84
f 5300/5300/84 5308/5308/84 5307/5307/84
f 5300/5300/85 5301/5301/85 5297/5297/85
f 5300/5300/85 5304/5304/85 5301/5301/85
f 5305/5305/83 5312/5312/83 5308/5308/83
f 5305/5305/83 5309/5309/83 5312/5312/83
f 5304/5304/86 5309/5309/86 5301/5301/86
f 5304/5304/86 5312/5312/86 5309/5309/86
f 5297/5297/84 5308/5308/84 5300/5300/84
f 5297/5297/84 5305/5305/84 5308/5308/84
f 5313/5313/83 5318/5318/83 5314/5314/83
f 5313/5313/83 5317/5317/83 5318/5318/83
f 5322/5322/85 5325/5325/85 5321/5321/85
f 5322/5322/85 5326/5326/85 5325/5325/85
f 5317/5317/5 5326/5326/5 5318/5318/5
f 5317/5317/5 5325/5325/5 5326/5326/5
f 5314/5314/6 5321/5321/6 5313/5313/6
f 5314/5314/6 5322/5322/6 5321/5321/6
f 5314/5314/84 5319/5319/84 5315/5315/84
f 5314/5314/84 5318/5318/84 5319/5319/84
f 5323/5323/86 5326/5326/86 5322/5322/86
f 5323/5323/86 5327/5327/86 5326/5326/86
f 5318/5318/5 5327/5327/5 5319/5319/5
f 5318/5318/5 5326/5326/5 5327/5327/5
f 5315/5315/6 5322/5322/6 5314/5314/6
f 5315/5315/6 5323/5323/6 5322/5322/6
f 5315/5315/85 5320/5320/85 5316/5316/85
f 5315/5315/85 5319/5319/85 5320/5320/85
f 5324/5324/83 5327/5327/83 5323/5323/83
f 5324/5324/83 5328/5328/83 5327/5327/83
f 5319/5319/5 5328/5328/5 5320/5320/5
f 5319/5319/5 5327/5327/5 5328/5328/5
f 5316/5316/6 5323/5323/6 5315/5315/6
f 5316/5316/6 5324/5324/6 5323/5323/6
f 5316/5316/86 5317/5317/86 5313/5313/86
f 5316/5316/86 5320/5320/86 5317/5317/86
f 5321/5321/84 5328/5328/84 5324/5324/84
f 5321/5321/84 5325/5325/84 5328/5328/84
f 5320/5320/5 5325/5325/5 5317/5317/5
f 5320/5320/5 5328/5328/5 5325/5325/5
f 5313/5313/6 5324/5324/6 5316/5316/6
f 5313/5313/6 5321/5321/6 5324/5324/6
f 5329/5329/83 5334/5334/83 5330/5330/83
f 5329/5329/83 5333/5333/83 5334/5334/83
f 5338/5338/85 5341/5341/85 5337/5337/85
f 5338/5338/85 5342/5342/85 5341/5341/85
f 5333/5333/5 5342/5342/5 5334/5334/5
f 5333/5333/5 5341/5341/5 5342/5342/5
f 5330/5330/6 5337/5337/6 5329/5329/6
f 5330/5330/6 5338/5338/6 5337/5337/6
f 5330/5330/84 5335/5335/84 5331/5331/84
f 5330/5330/84 5334/5334/84 5335/5335/84
f 5339/5339/86 5342/5342/86 5338/5338/86
f 5339/5339/86 5343/5343/86 5342/5342/86
f 5334/5334/5 5343/5343/5 5335/5335/5
f 5334/5334/5 5342/5342/5 5343/5343/5
f 5331/5331/6 5338/5338/6 5330/5330/6
f 5331/5331/6 5339/5339/6 5338/5338/6
f 5331/5331/85 5336/5336/85 5332/5332/85
f 5331/5331/85 5335/5335/85 5336/5336/85
f 5340/5340/83 5343/5343/83 5339/5339/83
f 5340/5340/83 5344/5344/83 5343/5343/83
f 5335/5335/5 5344/5344/5 5336/5336/5
f 5335/5335/5 5343/5343/5 5344/5344/5
f 5332/5332/6 5339/5339/6 5331/5331/6
f 5332/5332/6 5340/5340/6 5339/5339/6
f 5332/5332/86 5333/5333/86 5329/5329/86
f 5332/5332/86 5336/5336/86 5333/5333/86
f 5337/5337/84 5344/5344/84 5340/5340/84
f 5337/5337/84 5341/5341/84 5344/5344/84
f 5336/5336/5 5341/5341/5 5333/5333/5
f 5336/5336/5 5344/5344/5 5341/5341/5
f 5329/5329/6 5340/5340/6 5332/5332/6
f 5329/5329/6 5337/5337/6 5340/5340/6
f 5345/5345/83 5350/5350/83 5346/5346/83
f 5345/5345/83 5349/5349/83 5350/5350/83
f 5354/5354/85 5357/5357/85 5353/5353/85
f 5354/5354/85 5358/5358/85 5357/5357/85
f 5349/5349/5 5358/5358/5 5350/5350/5
f 5349/5349/5 5357/5357/5 5358/5358/5
f 5346/5346/6 5353/5353/6 5345/5345/6
f 5346/5346/6 5354/5354/6 5353/5353/6
f 5346/5346/84 5351/5351/84 5347/5347/84
f 5346/5346/84 5350/5350/84 5351/5351/84
f 5355/5355/86 5358/5358/86 5354/5354/86
f 5355/5355/86 5359/5359/86 5358/5358/86
f 5350/5350/5 5359/5359/5 5351/5351/5
f 5350/5350/5 5358/5358/5 5359/5359/5
f 5347/5347/6 5354/5354/6 5346/5346/6
f 5347/5347/6 5355/5355/6 5354/5354/6
f 5347/5347/85 5352/5352/85 5348/5348/85
f 5347/5347/85 5351/5351/85 5352/5352/85
f 5356/5356/83 5359/5359/83 5355/5355/83
f 5356/5356/83 5360/5360/83 5359/5359/83
f 5351/5351/5 5360/5360/5 5352/5352/5
f 5351/5351/5 5359/5359/5 5360/5360/5
f 5348/5348/6 5355/5355/6 5347/5347/6
f 5348/5348/6 5356/5356/6 5355/5355/6
f 5348/5348/86 5349/5349/86 5345/5345/86
f 5348/5348/86 5352/5352/86 5349/5349/86
f 5353/5353/84 5360/5360/84 5356/5356/84
f 5353/5353/84 5357/5357/84 5360/5360/84
f 5352/5352/5 5357/5357/5 5349/5349/5
f 5352/5352/5 5360/5360/5 5357/5357/5
f 5345/5345/6 5356/5356/6 5348/5348/6
f 5345/5345/6 5353/5353/6 5356/5356/6
f 5361/5361/84 5362/5362/84 5366/5366/84
f 5361/5361/84 5366/5366/84 5365/5365/84
f 5362/5362/83 5363/5363/83 5367/5367/83
f 5362/5362/83 5367/5367/83 5366/5366/83
f 5363/5363/86 5364/5364/86 5368/5368/86
f 5363/5363/86 5368/5368/86 5367/5367/86
f 5364/5364/85 5361/5361/85 5365/5365/85
f 5364/5364/85 5365/5365/85 5368/5368/85
f 5365/5365/5 5366/5366/5 5367/5367/5
f 5365/5365/5 5367/5367/5 5368/5368/5
f 5364/5364/6 5363/5363/6 5362/5362/6
f 5364/5364/6 5362/5362/6 5361/5361/6
f 5369/5369/85 5370/5370/85 5374/5374/85
f 5369/5369/85 5374/5374/85 5373/5373/85
f 5370/5370/84 5371/5371/84 5375/5375/84
f 5370/5370/84 5375/5375/84 5374/5374/84
f 5371/5371/83 5372/5372/83 5376/5376/83
f 5371/5371/83 5376/5376/83 5375/5375/83
f 5372/5372/86 5369/5369/86 5373/5373/86
f 5372/5372/86 5373/5373/86 5376/5376/86
f 5373/5373/5 5374/5374/5 5375/5375/5
f 5373/5373/5 5375/5375/5 5376/5376/5
f 5372/5372/6 5371/5371/6 5370/5370/6
f 5372/5372/6 5370/5370/6 5369/5369/6
f 5377/5377/84 5378/5378/84 5382/5382/84
f 5377/5377/84 5382/5382/84 5381/5381/84
f 5378/5378/83 5379/5379/83 5383/5383/83
f 5378/5378/83 5383/5383/83 5382/5382/83
f 5379/5379/86 5380/5380/86 5384/5384/86
f 5379/5379/86 5384/5384/86 5383/5383/86
f 5380/5380/85 5377/5377/85 5381/5381/85
f 5380/5380/85 5381/5381/85 5384/5384/85
f 5381/5381/5 5382/5382/5 5383/5383/5
f 5381/5381/5 5383/5383/5 5384/5384/5
f 5380/5380/6 5379/5379/6 5378/5378/6
f 5380/5380/6 5378/5378/6 5377/5377/6
f 5385/5385/85 5386/5386/85 5390/5390/85
f 5385/5385/85 5390/5390/85 5389/5389/85
f 5386/5386/84 5387/5387/84 5391/5391/84
f 5386/5386/84 5391/5391/84 5390/5390/84
f 5387/5387/83 5388/5388/83 5392/5392/83
f 5387/5387/83 5392/5392/83 5391/5391/83
f 5388/5388/86 5385/5385/86 5389/5389/86
f 5388/5388/86 5389/5389/86 5392/5392/86
f 5389/5389/5 5390/5390/5 5391/5391/5
f 5389/5389/5 5391/5391/5 5392/5392/5
f 5388/5388/6 5387/5387/6 5386/5386/6
f 5388/5388/6 5386/5386/6 5385/5385/6
f 5393/5393/86 5394/5394/86 5398/5398/86
f 5393/5393/86 5398/5398/86 5397/5397/86
f 5394/5394/85 5395/5395/85 5399/5399/85
f 5394/5394/85 5399/5399/85 5398/5398/85
f 5395/5395/84 5396/5396/84 5400/5400/84
f 5395/5395/84 5400/5400/84 5399/5399/84
f 5396/5396/83 5393/5393/83 5397/5397/83
f 5396/5396/83 5397/5397/83 5400/5400/83
f 5397/5397/5 5398/5398/5 5399/5399/5
f 5397/5397/5 5399/5399/5 5400/5400/5
f 5396/5396/6 5395/5395/6 5394/5394/6
f 5396/5396/6 5394/5394/6 5393/5393/6
f 5401/5401/83 5402/5402/83 5406/5406/83
f 5401/5401/83 5406/5406/83 5405/5405/83
f 5402/5402/86 5403/5403/86 5407/5407/86
f 5402/5402/86 5407/5407/86 5406/5406/86
f 5403/5403/85 5404/5404/85 5408/5408/85
f 5403/5403/85 5408/5408/85 5407/5407/85
f 5404/5404/84 5401/5401/84 5405/5405/84
f 5404/5404/84 5405/5405/84 5408/5408/84
f 5405/5405/5 5406/5406/5 5407/5407/5
f 5405/5405/5 5407/5407/5 5408/5408/5
f 5404/5404/6 5403/5403/6 5402/5402/6
f 5404/5404/6 5402/5402/6 5401/5401/6
f 5409/5409/86 5410/5410/86 5414/5414/86
f 5409/5409/86 5414/5414/86 5413/5413/86
f 5410/5410/85 5411/5411/85 5415/5415/85
f 5410/5410/85 5415/5415/85 5414/5414/85
f 5411/5411/84 5412/5412/84 5416/5416/84
f 5411/5411/84 5416/5416/84 5415/5415/84
f 5412/5412/83 5409/5409/83 5413/5413/83
f 5412/5412/83 5413/5413/83 5416/5416/83
f 5413/5413/5 5414/5414/5 5415/5415/5
f 5413/5413/5 5415/5415/5 5416/5416/5
f 5412/5412/6 5411/5411/6 5410/5410/6
f 5412/5412/6 5410/5410/6 5409/5409/6
f 5417/5417/83 5418/5418/83 5422/5422/83
f 5417/5417/83 5422/5422/83 5421/5421/83
f 5418/5418/86 5419/5419/86 5423/5423/86
f 5418/5418/86 5423/5423/86 5422/5422/86
f 5419/5419/85 5420/5420/85 5424/5424/85
f 5419/5419/85 5424/5424/85 5423/5423/85
f 5420/5420/84 5417/5417/84 5421/5421/84
f 5420/5420/84 5421/5421/84 5424/5424/84
f 5421/5421/5 5422/5422/5 5423/5423/5
f 5421/5421/5 5423/5423/5 5424/5424/5
f 5420/5420/6 5419/5419/6 5418/5418/6
f 5420/5420/6 5418/5418/6 5417/5417/6
f 5425/5425/85 5426/5426/85 5430/5430/85
f 5425/5425/85 5430/5430/85 5429/5429/85
f 5426/5426/84 5427/5427/84 5431/5431/84
f 5426/5426/84 5431/5431/84 5430/5430/84
f 5427/5427/83 5428/5428/83 5432/5432/83
f 5427/5427/83 5432/5432/83 5431/5431/83
f 5428/5428/86 5425/5425/86 5429/5429/86
f 5428/5428/86 5429/5429/86 5432/5432/86
f 5429/5429/5 5430/5430/5 5431/5431/5
f 5429/5429/5 5431/5431/5 5432/5432/5
f 5428/5428/6 5427/5427/6 5426/5426/6
f 5428/5428/6 5426/5426/6 5425/5425/6
f 5433/5433/86 5434/5434/86 5438/5438/86
f 5433/5433/86 5438/5438/86 5437/5437/86
f 5434/5434/85 5435/5435/85 5439/5439/85
f 5434/5434/85 5439/5439/85 5438/5438/85
f 5435/5435/84 5436/5436/84 5440/5440/84
f 5435/5435/84 5440/5440/84 5439/5439/84
f 5436/5436/83 5433/5433/83 5437/5437/83
f 5436/5436/83 5437/5437/83 5440/5440/83
f 5437/5437/5 5438/5438/5 5439/5439/5
f 5437/5437/5 5439/5439/5 5440/5440/5
f 5436/5436/6 5435/5435/6 5434/5434/6
f 5436/5436/6 5434/5434/6 5433/5433/6
f 5441/5441/85 5442/5442/85 5446/5446/85
f 5441/5441/85 5446/5446/85 5445/5445/85
f 5442/5442/84 5443/5443/84 5447/5447/84
f 5442/5442/84 5447/5447/84 5446/5446/84
f 5443/5443/83 5444/5444/83 5448/5448/83
f 5443/5443/83 5448/5448/83 5447/5447/83
f 5444/5444/86 5441/5441/86 5445/5445/86
f 5444/5444/86 5445/5445/86 5448/5448/86
f 5445/5445/5 5446/5446/5 5447/5447/5
f 5445/5445/5 5447/5447/5 5448/5448/5
f 5444/5444/6 5443/5443/6 5442/5442/6
f 5444/5444/6 5442/5442/6 5441/5441/6
f 5449/5449/86 5450/5450/86 5454/5454/86
f 5449/5449/86 5454/5454/86 5453/5453/86
f 5450/5450/85 5451/5451/85 5455/5455/85
f 5450/5450/85 5455/5455/85 5454/5454/85
f 5451/5451/84 5452/5452/84 5456/5456/84
f 5451/5451/84 5456/5456/84 5455/5455/84
f 5452/5452/83 5449/5449/83 5453/5453/83
f 5452/5452/83 5453/5453/83 5456/5456/83
f 5453/5453/5 5454/5454/5 5455/5455/5
f 5453/5453/5 5455/5455/5 5456/5456/5
f 5452/5452/6 5451/5451/6 5450/5450/6
f 5452/5452/6 5450/5450/6 5449/5449/6
f 5457/5457/83 5458/5458/83 5462/5462/83
f 5457/5457/83 5462/5462/83 5461/5461/83
f 5458/5458/86 5459/5459/86 5463/5463/86
f 5458/5458/86 5463/5463/86 5462/5462/86
f 5459/5459/85 5460/5460/85 5464/5464/85
f 5459/5459/85 5464/5464/85 5463/5463/85
f 5460/5460/84 5457/5457/84 5461/5461/84
f 5460/5460/84 5461/5461/84 5464/5464/84
f 5461/5461/5 5462/5462/5 5463/5463/5
f 5461/5461/5 5463/5463/5 5464/5464/5
f 5460/5460/6 5459/5459/6 5458/5458/6
f 5460/5460/6 5458/5458/6 5457/5457/6
f 5465/5465/84 5466/5466/84 5470/5470/84
f 5465/5465/84 5470/5470/84 5469/5469/84
f 5466/5466/83 5467/5467/83 5471/5471/83
f 5466/5466/83 5471/5471/83 5470/5470/83
f 5467/5467/86 5468/5468/86 5472/5472/86
f 5467/5467/86 5472/5472/86 5471/5471/86
f 5468/5468/85 5465/5465/85 5469/5469/85
f 5468/5468/85 5469/5469/85 5472/5472/85
f 5469/5469/5 5470/5470/5 5471/5471/5
f 5469/5469/5 5471/5471/5 5472/5472/5
f 5468/5468/6 5467/5467/6 5466/5466/6
f 5468/5468/6 5466/5466/6 5465/5465/6
f 5473/5473/83 5474/5474/83 5478/5478/83
f 5473/5473/83 5478/5478/83 5477/5477/83
f 5474/5474/86 5475/5475/86 5479/5479/86
f 5474/5474/86 5479/5479/86 5478/5478/86
f 5475/5475/85 5476/5476/85 5480/5480/85
f 5475/5475/85 5480/5480/85 5479/5479/85
f 5476/5476/84 5473/5473/84 5477/5477/84
f 5476/5476/84 5477/5477/84 5480/5480/84
f 5477/5477/5 5478/5478/5 5479/5479/5
f 5477/5477/5 5479/5479/5 5480/5480/5
f 5476/5476/6 5475/5475/6 5474/5474/6
f 5476/5476/6 5474/5474/6 5473/5473/6
f 5481/5481/84 5482/5482/84 5486/5486/84
f 5481/5481/84 5486/5486/84 5485/5485/84
f 5482/5482/83 5483/5483/83 5487/5487/83
f 5482/5482/83 5487/5487/83 5486/5486/83
f 5483/5483/86 5484/5484/86 5488/5488/86
f 5483/5483/86 5488/5488/86 5487/5487/86
f 5484/5484/85 5481/5481/85 5485/5485/85
f 5484/5484/85 5485/5485/85 5488/5488/85
f 5485/5485/5 5486/5486/5 5487/5487/5
f 5485/5485/5 5487/5487/5 5488/5488/5
f 5484/5484/6 5483/5483/6 5482/5482/6
f 5484/5484/6 5482/5482/6 5481/5481/6
f 5489/5489/95 5494/5494/95 5490/5490/95
f 5489/5489/95 5493/5493/95 5494/5494/95
f 5490/5490/96 5495/5495/96 5491/5491/96
f 5490/5490/96 5494/5494/96 5495/5495/96
f 5491/5491/97 5496/5496/97 5492/5492/97
f 5491/5491/97 5495/5495/97 5496/5496/97
f 5492/5492/98 5493/5493/98 5489/5489/98
f 5492/5492/98 5496/5496/98 5493/5493/98
f 5493/5493/5 5495/5495/5 5494/5494/5
f 5493/5493/5 5496/5496/5 5495/5495/5
f 5492/5492/6 5490/5490/6 5491/5491/6
f 5492/5492/6 5489/5489/6 5490/5490/6
f 5497/5497/6 5502/5502/6 5498/5498/6
f 5497/5497/6 5501/5501/6 5502/5502/6
f 5506/5506/5 5509/5509/5 5505/5505/5
f 5506/5506/5 5510/5510/5 5509/5509/5
f 5501/5501/95 5510/5510/95 5502/5502/95
f 5501/5501/95 5509/5509/95 5510/5510/95
f 5498/5498/97 5505/5505/97 5497/5497/97
f 5498/5498/97 5506/5506/97 5505/5505/97
f 5498/5498/96 5503/5503/96 5499/5499/96
f 5498/5498/96 5502/5502/96 5503/5503/96
f 5507/5507/98 5510/5510/98 5506/5506/98
f 5507/5507/98 5511/5511/98 5510/5510/98
f 5502/5502/95 5511/5511/95 5503/5503/95
f 5502/5502/95 5510/5510/95 5511/5511/95
f 5499/5499/97 5506/5506/97 5498/5498/97
f 5499/5499/97 5507/5507/97 5506/5506/97
f 5499/5499/5 5504/5504/5 5500/5500/5
f 5499/5499/5 5503/5503/5 5504/5504/5
f 5508/5508/6 5511/5511/6 5507/5507/6
f 5508/5508/6 5512/5512/6 5511/5511/6
f 5503/5503/95 5512/5512/95 5504/5504/95
f 5503/5503/95 5511/5511/95 5512/5512/95
f 5500/5500/97 5507/5507/97 5499/5499/97
f 5500/5500/97 5508/5508/97 5507/5507/97
f 5500/5500/98 5501/5501/98 5497/5497/98
f 5500/5500/98 5504/5504/98 5501/5501/98
f 5505/5505/96 5512/5512/96 5508/5508/96
f 5505/5505/96 5509/5509/96 5512/5512/96
f 5504/5504/95 5509/5509/95 5501/5501/95
f 5504/5504/95 5512/5512/95 5509/5509/95
f 5497/5497/97 5508/5508/97 5500/5500/97
f 5497/5497/97 5505/5505/97 5508/5508/97
f 5513/5513/6 5518/5518/6 5514/5514/6
f 5513/5513/6 5517/5517/6 5518/5518/6
f 5522/5522/5 5525/5525/5 5521/5521/5
f 5522/5522/5 5526/5526/5 5525/5525/5
f 5517/5517/95 5526/5526/95 5518/5518/95
f 5517/5517/95 5525/5525/95 5526/5526/95
f 5514/5514/97 5521/5521/97 5513/5513/97
f 5514/5514/97 5522/5522/97 5521/5521/97
f 5514/5514/96 5519/5519/96 5515/5515/96
f 5514/5514/96 5518/5518/96 5519/5519/96
f 5523/5523/98 5526/5526/98 5522/5522/98
f 5523/5523/98 5527/5527/98 5526/5526/98
f 5518/5518/95 5527/5527/95 5519/5519/95
f 5518/5518/95 5526/5526/95 5527/5527/95
f 5515/5515/97 5522/5522/97 5514/5514/97
f 5515/5515/97 5523/5523/97 5522/5522/97
f 5515/5515/5 5520/5520/5 5516/5516/5
f 5515/5515/5 5519/5519/5 5520/5520/5
f 5524/5524/6 5527/5527/6 5523/5523/6
f 5524/5524/6 5528/5528/6 5527/5527/6
f 5519/5519/95 5528/5528/95 5520/5520/95
f 5519/5519/95 5527/5527/95 5528/5528/95
f 5516/5516/97 5523/5523/97 5515/5515/97
f 5516/5516/97 5524/5524/97 5523/5523/97
f 5516/5516/98 5517/5517/98 5513/5513/98
f 5516/5516/98 5520/5520/98 5517/5517/98
f 5521/5521/96 5528/5528/96 5524/5524/96
f 5521/5521/96 5525/5525/96 5528/5528/96
f 5520/5520/95 5525/5525/95 5517/5517/95
f 5520/5520/95 5528/5528/95 5525/5525/95
f 5513/5513/97 5524/5524/97 5516/5516/97
f 5513/5513/97 5521/5521/97 5524/5524/97
f 5529/5529/6 5534/5534/6 5530/5530/6
f 5529/5529/6 5533/5533/6 5534/5534/6
f 5538/5538/5 5541/5541/5 5537/5537/5
f 5538/5538/5 5542/5542/5 5541/5541/5
f 5533/5533/95 5542/5542/95 5534/5534/95
f 5533/5533/95 5541/5541/95 5542/5542/95
f 5530/5530/97 5537/5537/97 5529/5529/97
f 5530/5530/97 5538/5538/97 5537/5537/97
f 5530/5530/96 5535/5535/96 5531/5531/96
f 5530/5530/96 5534/5534/96 5535/5535/96
f 5539/5539/98 5542/5542/98 5538/5538/98
f 5539/5539/98 5543/5543/98 5542/5542/98
f 5534/5534/95 5543/5543/95 5535/5535/95
f 5534/5534/95 5542/5542/95 5543/5543/95
f 5531/5531/97 5538/5538/97 5530/5530/97
f 5531/5531/97 5539/5539/97 5538/5538/97
f 5531/5531/5 5536/5536/5 5532/5532/5
f 5531/5531/5 5535/5535/5 5536/5536/5
f 5540/5540/6 5543/5543/6 5539/5539/6
f 5540/5540/6 5544/5544/6 5543/5543/6
f 5535/5535/95 5544/5544/95 5536/5536/95
f 5535/5535/95 5543/5543/95 5544/5544/95
f 5532/5532/97 5539/5539/97 5531/5531/97
f 5532/5532/97 5540/5540/97 5539/5539/97
f 5532/5532/98 5533/5533/98 5529/5529/98
f 5532/5532/98 5536/5536/98 5533/5533/98
f 5537/5537/96 5544/5544/96 5540/5540/96
f 5537/5537/96 5541/5541/96 5544/5544/96
f 5536/5536/95 5541/5541/95 5533/5533/95
f 5536/5536/95 5544/5544/95 5541/5541/95
f 5529/5529/97 5540/5540/97 5532/5532/97
f 5529/5529/97 5537/5537/97 5540/5540/97
f 5545/5545/6 5550/5550/6 5546/5546/6
f 5545/5545/6 5549/5549/6 5550/5550/6
f 5554/5554/5 5557/5557/5 5553/5553/5
f 5554/5554/5 5558/5558/5 5557/5557/5
f 5549/5549/95 5558/5558/95 5550/5550/95
f 5549/5549/95 5557/5557/95 5558/5558/95
f 5546/5546/97 5553/5553/97 5545/5545/97
f 5546/5546/97 5554/5554/97 5553/5553/97
f 5546/5546/96 5551/5551/96 5547/5547/96
f 5546/5546/96 5550/5550/96 5551/5551/96
f 5555/5555/98 5558/5558/98 5554/5554/98
f 5555/5555/98 5559/5559/98 5558/5558/98
f 5550/5550/95 5559/5559/95 5551/5551/95
f 5550/5550/95 5558/5558/95 5559/5559/95
f 5547/5547/97 5554/5554/97 5546/5546/97
f 5547/5547/97 5555/5555/97 5554/5554/97
f 5547/5547/5 5552/5552/5 5548/5548/5
f 5547/5547/5 5551/5551/5 5552/5552/5
f 5556/5556/6 5559/5559/6 5555/5555/6
f 5556/5556/6 5560/5560/6 5559/5559/6
f 5551/5551/95 5560/5560/95 5552/5552/95
f 5551/5551/95 5559/5559/95 5560/5560/95
f 5548/5548/97 5555/5555/97 5547/5547/97
f 5548/5548/97 5556/5556/97 5555/5555/97
f 5548/5548/98 5549/5549/98 5545/5545/98
f 5548/5548/98 5552/5552/98 5549/5549/98
f 5553/5553/96 5560/5560/96 5556/5556/96
f 5553/5553/96 5557/5557/96 5560/5560/96
f 5552/5552/95 5557/5557/95 5549/5549/95
f 5552/5552/95 5560/5560/95 5557/5557/95
f 5545/5545/97 5556/5556/97 5548/5548/97
f 5545/5545/97 5553/5553/97 5556/5556/97
f 5561/5561/6 5568/5568/6 5562/5562/6
f 5561/5561/6 5567/5567/6 5568/5568/6
f 5574/5574/5 5579/5579/5 5573/5573/5
f 5574/5574/5 5580/5580/5 5579/5579/5
f 5567/5567/95 5580/5580/95 5568/5568/95
f 5567/5567/95 5579/5579/95 5580/5580/95
f 5562/5562/97 5573/5573/97 5561/5561/97
f 5562/5562/97 5574/5574/97 5573/5573/97
f 5562/5562/96 5569/5569/96 5563/5563/96
f 5562/5562/96 5568/5568/96 5569/5569/96
f 5575/5575/98 5580/5580/98 5574/5574/98
f 5575/5575/98 5581/5581/98 5580/5580/98
f 5568/5568/95 5581/5581/95 5569/5569/95
f 5568/5568/95 5580/5580/95 5581/5581/95
f 5563/5563/97 5574/5574/97 5562/5562/97
f 5563/5563/97 5575/5575/97 5574/5574/97
f 5563/5563/99 5570/5570/99 5564/5564/99
f 5563/5563/99 5569/5569/99 5570/5570/99
f 5576/5576/100 5581/5581/100 5575/5575/100
f 5576/5576/100 5582/5582/100 5581/5581/100
f 5569/5569/95 5582/5582/95 5570/5570/95
f 5569/5569/95 5581/5581/95 5582/5582/95
f 5564/5564/97 5575/5575/97 5563/5563/97
f 5564/5564/97 5576/5576/97 5575/5575/97
f 5564/5564/5 5571/5571/5 5565/5565/5
f 5564/5564/5 5570/5570/5 5571/5571/5
f 5577/5577/6 5582/5582/6 5576/5576/6
f 5577/5577/6 5583/5583/6 5582/5582/6
f 5570/5570/95 5583/5583/95 5571/5571/95
f 5570/5570/95 5582/5582/95 5583/5583/95
f 5565/5565/97 5576/5576/97 5564/5564/97
f 5565/5565/97 5577/5577/97 5576/5576/97
f 5565/5565/101 5572/5572/101 5566/5566/101
f 5565/5565/101 5571/5571/101 5572/5572/101
f 5578/5578/102 5583/5583/102 5577/5577/102
f 5578/5578/102 5584/5584/102 5583/5583/102
f 5571/5571/95 5584/5584/95 5572/5572/95
f 5571/5571/95 5583/5583/95 5584/5584/95
f 5566/5566/97 5577/5577/97 5565/5565/97
f 5566/5566/97 5578/5578/97 5577/5577/97
f 5566/5566/98 5567/5567/98 5561/5561/98
f 5566/5566/98 5572/5572/98 5567/5567/98
f 5573/5573/96 5584/5584/96 5578/5578/96
f 5573/5573/96 5579/5579/96 5584/5584/96
f 5572/5572/95 5579/5579/95 5567/5567/95
f 5572/5572/95 5584/5584/95 5579/5579/95
f 5561/5561/97 5578/5578/97 5566/5566/97
f 5561/5561/97 5573/5573/97 5578/5578/97
f 5585/5585/97 5586/5586/97 5590/5590/97
f 5585/5585/97 5590/5590/97 5589/5589/97
f 5586/5586/96 5587/5587/96 5591/5591/96
f 5586/5586/96 5591/5591/96 5590/5590/96
f 5587/5587/95 5588/5588/95 5592/5592/95
f 5587/5587/95 5592/5592/95 5591/5591/95
f 5588/5588/98 5585/5585/98 5589/5589/98
f 5588/5588/98 5589/5589/98 5592/5592/98
f 5589/5589/5 5590/5590/5 5591/5591/5
f 5589/5589/5 5591/5591/5 5592/5592/5
f 5588/5588/6 5587/5587/6 5586/5586/6
f 5588/5588/6 5586/5586/6 5585/5585/6
f 5593/5593/6 5598/5598/6 5594/5594/6
f 5593/5593/6 5597/5597/6 5598/5598/6
f 5602/5602/5 5605/5605/5 5601/5601/5
f 5602/5602/5 5606/5606/5 5605/5605/5
f 5597/5597/96 5606/5606/96 5598/5598/96
f 5597/5597/96 5605/5605/96 5606/5606/96
f 5594/5594/98 5601/5601/98 5593/5593/98
f 5594/5594/98 5602/5602/98 5601/5601/98
f 5594/5594/97 5599/5599/97 5595/5595/97
f 5594/5594/97 5598/5598/97 5599/5599/97
f 5603/5603/95 5606/5606/95 5602/5602/95
f 5603/5603/95 5607/5607/95 5606/5606/95
f 5598/5598/96 5607/5607/96 5599/5599/96
f 5598/5598/96 5606/5606/96 5607/5607/96
f 5595/5595/98 5602/5602/98 5594/5594/98
f 5595/5595/98 5603/5603/98 5602/5602/98
f 5595/5595/5 5600/5600/5 5596/5596/5
f 5595/5595/5 5599/5599/5 5600/5600/5
f 5604/5604/6 5607/5607/6 5603/5603/6
f 5604/5604/6 5608/5608/6 5607/5607/6
f 5599/5599/96 5608/5608/96 5600/5600/96
f 5599/5599/96 5607/5607/96 5608/5608/96
f 5596/5596/98 5603/5603/98 5595/5595/98
f 5596/5596/98 5604/5604/98 5603/5603/98
f 5596/5596/95 5597/5597/95 5593/5593/95
f 5596/5596/95 5600/5600/95 5597/5597/95
f 5601/5601/97 5608/5608/97 5604/5604/97
f 5601/5601/97 5605/5605/97 5608/5608/97
f 5600/5600/96 5605/5605/96 5597/5597/96
f 5600/5600/96 5608/5608/96 5605/5605/96
f 5593/5593/98 5604/5604/98 5596/5596/98
f 5593/5593/98 5601/5601/98 5604/5604/98
f 5609/5609/6 5614/5614/6 5610/5610/6
f 5609/5609/6 5613/5613/6 5614/5614/6
f 5618/5618/5 5621/5621/5 5617/5617/5
f 5618/5618/5 5622/5622/5 5621/5621/5
f 5613/5613/96 5622/5622/96 5614/5614/96
f 5613/5613/96 5621/5621/96 5622/5622/96
f 5610/5610/98 5617/5617/98 5609/5609/98
f 5610/5610/98 5618/5618/98 5617/5617/98
f 5610/5610/97 5615/5615/97 5611/5611/97
f 5610/5610/97 5614/5614/97 5615/5615/97
f 5619/5619/95 5622/5622/95 5618/5618/95
f 5619/5619/95 5623/5623/95 5622/5622/95
f 5614/5614/96 5623/5623/96 5615/5615/96
f 5614/5614/96 5622/5622/96 5623/5623/96
f 5611/5611/98 5618/5618/98 5610/5610/98
f 5611/5611/98 5619/5619/98 5618/5618/98
f 5611/5611/5 5616/5616/5 5612/5612/5
f 5611/5611/5 5615/5615/5 5616/5616/5
f 5620/5620/6 5623/5623/6 5619/5619/6
f 5620/5620/6 5624/5624/6 5623/5623/6
f 5615/5615/96 5624/5624/96 5616/5616/96
f 5615/5615/96 5623/5623/96 5624/5624/96
f 5612/5612/98 5619/5619/98 5611/5611/98
f 5612/5612/98 5620/5620/98 5619/5619/98
f 5612/5612/95 5613/5613/95 5609/5609/95
f 5612/5612/95 5616/5616/95 5613/5613/95
f 5617/5617/97 5624/5624/97 5620/5620/97
f 5617/5617/97 5621/5621/97 5624/5624/97
f 5616/5616/96 5621/5621/96 5613/5613/96
f 5616/5616/96 5624/5624/96 5621/5621/96
f 5609/5609/98 5620/5620/98 5612/5612/98
f 5609/5609/98 5617/5617/98 5620/5620/98
f 5625/5625/6 5630/5630/6 5626/5626/6
f 5625/5625/6 5629/5629/6 5630/5630/6
f 5634/5634/5 5637/5637/5 5633/5633/5
f 5634/5634/5 5638/5638/5 5637/5637/5
f 5629/5629/97 5638/5638/97 5630/5630/97
f 5629/5629/97 5637/5637/97 5638/5638/97
f 5626/5626/95 5633/5633/95 5625/5625/95
f 5626/5626/95 5634/5634/95 5633/5633/95
f 5626/5626/98 5631/5631/98 5627/5627/98
f 5626/5626/98 5630/5630/98 5631/5631/98
f 5635/5635/96 5638/5638/96 5634/5634/96
f 5635/5635/96 5639/5639/96 5638/5638/96
f 5630/5630/97 5639/5639/97 5631/5631/97
f 5630/5630/97 5638/5638/97 5639/5639/97
f 5627/5627/95 5634/5634/95 5626/5626/95
f 5627/5627/95 5635/5635/95 5634/5634/95
f 5627/5627/5 5632/5632/5 5628/5628/5
f 5627/5627/5 5631/5631/5 5632/5632/5
f 5636/5636/6 5639/5639/6 5635/5635/6
f 5636/5636/6 5640/5640/6 5639/5639/6
f 5631/5631/97 5640/5640/97 5632/5632/97
f 5631/5631/97 5639/5639/97 5640/5640/97
f 5628/5628/95 5635/5635/95 5627/5627/95
f 5628/5628/95 5636/5636/95 5635/5635/95
f 5628/5628/96 5629/5629/96 5625/5625/96
f 5628/5628/96 5632/5632/96 5629/5629/96
f 5633/5633/98 5640/5640/98 5636/5636/98
f 5633/5633/98 5637/5637/98 5640/5640/98
f 5632/5632/97 5637/5637/97 5629/5629/97
f 5632/5632/97 5640/5640/97 5637/5637/97
f 5625/5625/95 5636/5636/95 5628/5628/95
f 5625/5625/95 5633/5633/95 5636/5636/95
f 5641/5641/6 5646/5646/6 5642/5642/6
f 5641/5641/6 5645/5645/6 5646/5646/6
f 5650/5650/5 5653/5653/5 5649/5649/5
f 5650/5650/5 5654/5654/5 5653/5653/5
f 5645/5645/97 5654/5654/97 5646/5646/97
f 5645/5645/97 5653/5653/97 5654/5654/97
f 5642/5642/95 5649/5649/95 5641/5641/95
f 5642/5642/95 5650/5650/95 5649/5649/95
f 5642/5642/98 5647/5647/98 5643/5643/98
f 5642/5642/98 5646/5646/98 5647/5647/98
f 5651/5651/96 5654/5654/96 5650/5650/96
f 5651/5651/96 5655/5655/96 5654/5654/96
f 5646/5646/97 5655/5655/97 5647/5647/97
f 5646/5646/97 5654/5654/97 5655/5655/97
f 5643/5643/95 5650/5650/95 5642/5642/95
f 5643/5643/95 5651/5651/95 5650/5650/95
f 5643/5643/5 5648/5648/5 5644/5644/5
f 5643/5643/5 5647/5647/5 5648/5648/5
f 5652/5652/6 5655/5655/6 5651/5651/6
f 5652/5652/6 5656/5656/6 5655/5655/6
f 5647/5647/97 5656/5656/97 5648/5648/97
f 5647/5647/97 5655/5655/97 5656/5656/97
f 5644/5644/95 5651/5651/95 5643/5643/95
f 5644/5644/95 5652/5652/95 5651/5651/95
f 5644/5644/96 5645/5645/96 5641/5641/96
f 5644/5644/96 5648/5648/96 5645/5645/96
f 5649/5649/98 5656/5656/98 5652/5652/98
f 5649/5649/98 5653/5653/98 5656/5656/98
f 5648/5648/97 5653/5653/97 5645/5645/97
f 5648/5648/97 5656/5656/97 5653/5653/97
f 5641/5641/95 5652/5652/95 5644/5644/95
f 5641/5641/95 5649/5649/95 5652/5652/95
f 5657/5657/6 5662/5662/6 5658/5658/6
f 5657/5657/6 5661/5661/6 5662/5662/6
f 5666/5666/5 5669/5669/5 5665/5665/5
f 5666/5666/5 5670/5670/5 5669/5669/5
f 5661/5661/97 5670/5670/97 5662/5662/97
f 5661/5661/97 5669/5669/97 5670/5670/97
f 5658/5658/95 5665/5665/95 5657/5657/95
f 5658/5658/95 5666/5666/95 5665/5665/95
f 5658/5658/98 5663/5663/98 5659/5659/98
f 5658/5658/98 5662/5662/98 5663/5663/98
f 5667/5667/96 5670/5670/96 5666/5666/96
f 5667/5667/96 5671/5671/96 5670/5670/96
f 5662/5662/97 5671/5671/97 5663/5663/97
f 5662/5662/97 5670/5670/97 5671/5671/97
f 5659/5659/95 5666/5666/95 5658/5658/95
f 5659/5659/95 5667/5667/95 5666/5666/95
f 5659/5659/5 5664/5664/5 5660/5660/5
f 5659/5659/5 5663/5663/5 5664/5664/5
f 5668/5668/6 5671/5671/6 5667/5667/6
f 5668/5668/6 5672/5672/6 5671/5671/6
f 5663/5663/97 5672/5672/97 5664/5664/97
f 5663/5663/97 5671/5671/97 5672/5672/97
f 5660/5660/95 5667/5667/95 5659/5659/95
f 5660/5660/95 5668/5668/95 5667/5667/95
f 5660/5660/96 5661/5661/96 5657/5657/96
f 5660/5660/96 5664/5664/96 5661/5661/96
f 5665/5665/98 5672/5672/98 5668/5668/98
f 5665/5665/98 5669/5669/98 5672/5672/98
f 5664/5664/97 5669/5669/97 5661/5661/97
f 5664/5664/97 5672/5672/97 5669/5669/97
f 5657/5657/95 5668/5668/95 5660/5660/95
f 5657/5657/95 5665/5665/95 5668/5668/95
f 5673/5673/6 5678/5678/6 5674/5674/6
f 5673/5673/6 5677/5677/6 5678/5678/6
f 5682/5682/5 5685/5685/5 5681/5681/5
f 5682/5682/5 5686/5686/5 5685/5685/5
f 5677/5677/97 5686/5686/97 5678/5678/97
f 5677/5677/97 5685/5685/97 5686/5686/97
f 5674/5674/95 5681/5681/95 5673/5673/95
f 5674/5674/95 5682/5682/95 5681/5681/95
f 5674/5674/98 5679/5679/98 5675/5675/98
f 5674/5674/98 5678/5678/98 5679/5679/98
f 5683/5683/96 5686/5686/96 5682/5682/96
f 5683/5683/96 5687/5687/96 5686/5686/96
f 5678/5678/97 5687/5687/97 5679/5679/97
f 5678/5678/97 5686/5686/97 5687/5687/97
f 5675/5675/95 5682/5682/95 5674/5674/95
f 5675/5675/95 5683/5683/95 5682/5682/95
f 5675/5675/5 5680/5680/5 5676/5676/5
f 5675/5675/5 5679/5679/5 5680/5680/5
f 5684/5684/6 5687/5687/6 5683/5683/6
f 5684/5684/6 5688/5688/6 5687/5687/6
f 5679/5679/97 5688/5688/97 5680/5680/97
f 5679/5679/97 5687/5687/97 5688/5688/97
f 5676/5676/95 5683/5683/95 5675/5675/95
f 5676/5676/95 5684/5684/95 5683/5683/95
f 5676/5676/96 5677/5677/96 5673/5673/96
f 5676/5676/96 5680/5680/96 5677/5677/96
f 5681/5681/98 5688/5688/98 5684/5684/98
f 5681/5681/98 5685/5685/98 5688/5688/98
f 5680/5680/97 5685/5685/97 5677/5677/97
f 5680/5680/97 5688/5688/97 5685/5685/97
f 5673/5673/95 5684/5684/95 5676/5676/95
f 5673/5673/95 5681/5681/95 5684/5684/95
f 5689/5689/6 5694/5694/6 5690/5690/6
f 5689/5689/6 5693/5693/6 5694/5694/6
f 5698/5698/5 5701/5701/5 5697/5697/5
f 5698/5698/5 5702/5702/5 5701/5701/5
f 5693/5693/97 5702/5702/97 5694/5694/97
f 5693/5693/97 5701/5701/97 5702/5702/97
f 5690/5690/95 5697/5697/95 5689/5689/95
f 5690/5690/95 5698/5698/95 5697/5697/95
f 5690/5690/98 5695/5695/98 5691/5691/98
f 5690/5690/98 5694/5694/98 5695/5695/98
f 5699/5699/96 5702/5702/96 5698/5698/96
f 5699/5699/96 5703/5703/96 5702/5702/96
f 5694/5694/97 5703/5703/97 5695/5695/97
f 5694/5694/97 5702/5702/97 5703/5703/97
f 5691/5691/95 5698/5698/95 5690/5690/95
f 5691/5691/95 5699/5699/95 5698/5698/95
f 5691/5691/5 5696/5696/5 5692/5692/5
f 5691/5691/5 5695/5695/5 5696/5696/5
f 5700/5700/6 5703/5703/6 5699/5699/6
f 5700/5700/6 5704/5704/6 5703/5703/6
f 5695/5695/97 5704/5704/97 5696/5696/97
f 5695/5695/97 5703/5703/97 5704/5704/97
f 5692/5692/95 5699/5699/95 5691/5691/95
f 5692/5692/95 5700/5700/95 5699/5699/95
f 5692/5692/96 5693/5693/96 5689/5689/96
f 5692/5692/96 5696/5696/96 5693/5693/96
f 5697/5697/98 5704/5704/98 5700/5700/98
f 5697/5697/98 5701/5701/98 5704/5704/98
f 5696/5696/97 5701/5701/97 5693/5693/97
f 5696/5696/97 5704/5704/97 5701/5701/97
f 5689/5689/95 5700/5700/95 5692/5692/95
f 5689/5689/95 5697/5697/95 5700/5700/95
f 5705/5705/6 5710/5710/6 5706/5706/6
f 5705/5705/6 5709/5709/6 5710/5710/6
f 5714/5714/5 5717/5717/5 5713/5713/5
f 5714/5714/5 5718/5718/5 5717/5717/5
f 5709/5709/98 5718/5718/98 5710/5710/98
f 5709/5709/98 5717/5717/98 5718/5718/98
f 5706/5706/96 5713/5713/96 5705/5705/96
f 5706/5706/96 5714/5714/96 5713/5713/96
f 5706/5706/95 5711/5711/95 5707/5707/95
f 5706/5706/95 5710/5710/95 5711/5711/95
f 5715/5715/97 5718/5718/97 5714/5714/97
f 5715/5715/97 5719/5719/97 5718/5718/97
f 5710/5710/98 5719/5719/98 5711/5711/98
f 5710/5710/98 5718/5718/98 5719/5719/98
f 5707/5707/96 5714/5714/96 5706/5706/96
f 5707/5707/96 5715/5715/96 5714/5714/96
f 5707/5707/5 5712/5712/5 5708/5708/5
f 5707/5707/5 5711/5711/5 5712/5712/5
f 5716/5716/6 5719/5719/6 5715/5715/6
f 5716/5716/6 5720/5720/6 5719/5719/6
f 5711/5711/98 5720/5720/98 5712/5712/98
f 5711/5711/98 5719/5719/98 5720/5720/98
f 5708/5708/96 5715/5715/96 5707/5707/96
f 5708/5708/96 5716/5716/96 5715/5715/96
f 5708/5708/97 5709/5709/97 5705/5705/97
f 5708/5708/97 5712/5712/97 5709/5709/97
f 5713/5713/95 5720/5720/95 5716/5716/95
f 5713/5713/95 5717/5717/95 5720/5720/95
f 5712/5712/98 5717/5717/98 5709/5709/98
f 5712/5712/98 5720/5720/98 5717/5717/98
f 5705/5705/96 5716/5716/96 5708/5708/96
f 5705/5705/96 5713/5713/96 5716/5716/96
f 5721/5721/6 5726/5726/6 5722/5722/6
f 5721/5721/6 5725/5725/6 5726/5726/6
f 5730/5730/5 5733/5733/5 5729/5729/5
f 5730/5730/5 5734/5734/5 5733/5733/5
f 5725/5725/98 5734/5734/98 5726/5726/98
f 5725/5725/98 5733/5733/98 5734/5734/98
f 5722/5722/96 5729/5729/96 5721/5721/96
f 5722/5722/96 5730/5730/96 5729/5729/96
f 5722/5722/95 5727/5727/95 5723/5723/95
f 5722/5722/95 5726/5726/95 5727/5727/95
f 5731/5731/97 5734/5734/97 5730/5730/97
f 5731/5731/97 5735/5735/97 5734/5734/97
f 5726/5726/98 5735/5735/98 5727/5727/98
f 5726/5726/98 5734/5734/98 5735/5735/98
f 5723/5723/96 5730/5730/96 5722/5722/96
f 5723/5723/96 5731/5731/96 5730/5730/96
f 5723/5723/5 5728/5728/5 5724/5724/5
f 5723/5723/5 5727/5727/5 5728/5728/5
f 5732/5732/6 5735/5735/6 5731/5731/6
f 5732/5732/6 5736/5736/6 5735/5735/6
f 5727/5727/98 5736/5736/98 5728/5728/98
f 5727/5727/98 5735/5735/98 5736/5736/98
f 5724/5724/96 5731/5731/96 5723/5723/96
f 5724/5724/96 5732/5732/96 5731/5731/96
f 5724/5724/97 5725/5725/97 5721/5721/97
f 5724/5724/97 5728/5728/97 5725/5725/97
f 5729/5729/95 5736/5736/95 5732/5732/95
f 5729/5729/95 5733/5733/95 5736/5736/95
f 5728/5728/98 5733/5733/98 5725/5725/98
f 5728/5728/98 5736/5736/98 5733/5733/98
f 5721/5721/96 5732/5732/96 5724/5724/96
f 5721/5721/96 5729/5729/96 5732/5732/96
f 5737/5737/95 5742/5742/95 5738/5738/95
f 5737/5737/95 5741/5741/95 5742/5742/95
f 5746/5746/97 5749/5749/97 5745/5745/97
f 5746/5746/97 5750/5750/97 5749/5749/97
f 5741/5741/5 5750/5750/5 5742/5742/5
f 5741/5741/5 5749/5749/5 5750/5750/5
f 5738/5738/6 5745/5745/6 5737/5737/6
f 5738/5738/6 5746/5746/6 5745/5745/6
f 5738/5738/96 5743/5743/96 5739/5739/96
f 5738/5738/96 5742/5742/96 5743/5743/96
f 5747/5747/98 5750/5750/98 5746/5746/98
f 5747/5747/98 5751/5751/98 5750/5750/98
f 5742/5742/5 5751/5751/5 5743/5743/5
f 5742/5742/5 5750/5750/5 5751/5751/5
f 5739/5739/6 5746/5746/6 5738/5738/6
f 5739/5739/6 5747/5747/6 5746/5746/6
f 5739/5739/97 5744/5744/97 5740/5740/97
f 5739/5739/97 5743/5743/97 5744/5744/97
f 5748/5748/95 5751/5751/95 5747/5747/95
f 5748/5748/95 5752/5752/95 5751/5751/95
f 5743/5743/5 5752/5752/5 5744/5744/5
f 5743/5743/5 5751/5751/5 5752/5752/5
f 5740/5740/6 5747/5747/6 5739/5739/6
f 5740/5740/6 5748/5748/6 5747/5747/6
f 5740/5740/98 5741/5741/98 5737/5737/98
f 5740/5740/98 5744/5744/98 5741/5741/98
f 5745/5745/96 5752/5752/96 5748/5748/96
f 5745/5745/96 5749/5749/96 5752/5752/96
f 5744/5744/5 5749/5749/5 5741/5741/5
f 5744/5744/5 5752/5752/5 5749/5749/5
f 5737/5737/6 5748/5748/6 5740/5740/6
f 5737/5737/6 5745/5745/6 5748/5748/6
f 5753/5753/95 5758/5758/95 5754/5754/95
f 5753/5753/95 5757/5757/95 5758/5758/95
f 5762/5762/97 5765/5765/97 5761/5761/97
f 5762/5762/97 5766/5766/97 5765/5765/97
f 5757/5757/5 5766/5766/5 5758/5758/5
f 5757/5757/5 5765/5765/5 5766/5766/5
f 5754/5754/6 5761/5761/6 5753/5753/6
f 5754/5754/6 5762/5762/6 5761/5761/6
f 5754/5754/96 5759/5759/96 5755/5755/96
f 5754/5754/96 5758/5758/96 5759/5759/96
f 5763/5763/98 5766/5766/98 5762/5762/98
f 5763/5763/98 5767/5767/98 5766/5766/98
f 5758/5758/5 5767/5767/5 5759/5759/5
f 5758/5758/5 5766/5766/5 5767/5767/5
f 5755/5755/6 5762/5762/6 5754/5754/6
f 5755/5755/6 5763/5763/6 5762/5762/6
f 5755/5755/97 5760/5760/97 5756/5756/97
f 5755/5755/97 5759/5759/97 5760/5760/97
f 5764/5764/95 5767/5767/95 5763/5763/95
f 5764/5764/95 5768/5768/95 5767/5767/95
f 5759/5759/5 5768/5768/5 5760/5760/5
f 5759/5759/5 5767/5767/5 5768/5768/5
f 5756/5756/6 5763/5763/6 5755/5755/6
f 5756/5756/6 5764/5764/6 5763/5763/6
f 5756/5756/98 5757/5757/98 5753/5753/98
f 5756/5756/98 5760/5760/98 5757/5757/98
f 5761/5761/96 5768/5768/96 5764/5764/96
f 5761/5761/96 5765/5765/96 5768/5768/96
f 5760/5760/5 5765/5765/5 5757/5757/5
f 5760/5760/5 5768/5768/5 5765/5765/5
f 5753/5753/6 5764/5764/6 5756/5756/6
f 5753/5753/6 5761/5761/6 5764/5764/6
f 5769/5769/95 5774/5774/95 5770/5770/95
f 5769/5769/95 5773/5773/95 5774/5774/95
f 5778/5778/97 5781/5781/97 5777/5777/97
f 5778/5778/97 5782/5782/97 5781/5781/97
f 5773/5773/5 5782/5782/5 5774/5774/5
f 5773/5773/5 5781/5781/5 5782/5782/5
f 5770/5770/6 5777/5777/6 5769/5769/6
f 5770/5770/6 5778/5778/6 5777/5777/6
f 5770/5770/96 5775/5775/96 5771/5771/96
f 5770/5770/96 5774/5774/96 5775/5775/96
f 5779/5779/98 5782/5782/98 5778/5778/98
f 5779/5779/98 5783/5783/98 5782/5782/98
f 5774/5774/5 5783/5783/5 5775/5775/5
f 5774/5774/5 5782/5782/5 5783/5783/5
f 5771/5771/6 5778/5778/6 5770/5770/6
f 5771/5771/6 5779/5779/6 5778/5778/6
f 5771/5771/97 5776/5776/97 5772/5772/97
f 5771/5771/97 5775/5775/97 5776/5776/97
f 5780/5780/95 5783/5783/95 5779/5779/95
f 5780/5780/95 5784/5784/95 5783/5783/95
f 5775/5775/5 5784/5784/5 5776/5776/5
f 5775/5775/5 5783/5783/5 5784/5784/5
f 5772/5772/6 5779/5779/6 5771/5771/6
f 5772/5772/6 5780/5780/6 5779/5779/6
f 5772/5772/98 5773/5773/98 5769/5769/98
f 5772/5772/98 5776/5776/98 5773/5773/98
f 5777/5777/96 5784/5784/96 5780/5780/96
f 5777/5777/96 5781/5781/96 5784/5784/96
f 5776/5776/5 5781/5781/5 5773/5773/5
f 5776/5776/5 5784/5784/5 5781/5781/5
f 5769/5769/6 5780/5780/6 5772/5772/6
f 5769/5769/6 5777/5777/6 5780/5780/6
f 5785/5785/96 5786/5786/96 5790/5790/96
f 5785/5785/96 5790/5790/96 5789/5789/96
f 5786/5786/95 5787/5787/95 5791/5791/95
f 5786/5786/95 5791/5791/95 5790/5790/95
f 5787/5787/98 5788/5788/98 5792/5792/98
f 5787/5787/98 5792/5792/98 5791/5791/98
f 5788/5788/97 5785/5785/97 5789/5789/97
f 5788/5788/97 5789/5789/97 5792/5792/97
f 5789/5789/5 5790/5790/5 5791/5791/5
f 5789/5789/5 5791/5791/5 5792/5792/5
f 5788/5788/6 5787/5787/6 5786/5786/6
f 5788/5788/6 5786/5786/6 5785/5785/6
f 5793/5793/97 5794/5794/97 5798/5798/97
f 5793/5793/97 5798/5798/97 5797/5797/97
f 5794/5794/96 5795/5795/96 5799/5799/96
f 5794/5794/96 5799/5799/96 5798/5798/96
f 5795/5795/95 5796/5796/95 5800/5800/95
f 5795/5795/95 5800/5800/95 5799/5799/95
f 5796/5796/98 5793/5793/98 5797/5797/98
f 5796/5796/98 5797/5797/98 5800/5800/98
f 5797/5797/5 5798/5798/5 5799/5799/5
f 5797/5797/5 5799/5799/5 5800/5800/5
f 5796/5796/6 5795/5795/6 5794/5794/6
f 5796/5796/6 5794/5794/6 5793/5793/6
f 5801/5801/96 5802/5802/96 5806/5806/96
f 5801/5801/96 5806/5806/96 5805/5805/96
f 5802/5802/95 5803/5803/95 5807/5807/95
f 5802/5802/95 5807/5807/95 5806/5806/95
f 5803/5803/98 5804/5804/98 5808/5808/98
f 5803/5803/98 5808/5808/98 5807/5807/98
f 5804/5804/97 5801/5801/97 5805/5805/97
f 5804/5804/97 5805/5805/97 5808/5808/97
f 5805/5805/5 5806/5806/5 5807/5807/5
f 5805/5805/5 5807/5807/5 5808/5808/5
f 5804/5804/6 5803/5803/6 5802/5802/6
f 5804/5804/6 5802/5802/6 5801/5801/6
f 5809/5809/97 5810/5810/97 5814/5814/97
f 5809/5809/97 5814/5814/97 5813/5813/97
f 5810/5810/96 5811/5811/96 5815/5815/96
f 5810/5810/96 5815/5815/96 5814/5814/96
f 5811/5811/95 5812/5812/95 5816/5816/95
f 5811/5811/95 5816/5816/95 5815/5815/95
f 5812/5812/98 5809/5809/98 5813/5813/98
f 5812/5812/98 5813/5813/98 5816/5816/98
f 5813/5813/5 5814/5814/5 5815/5815/5
f 5813/5813/5 5815/5815/5 5816/5816/5
f 5812/5812/6 5811/5811/6 5810/5810/6
f 5812/5812/6 5810/5810/6 5809/5809/6
f 5817/5817/97 5818/5818/97 5822/5822/97
f 5817/5817/97 5822/5822/97 5821/5821/97
f 5818/5818/96 5819/5819/96 5823/5823/96
f 5818/5818/96 5823/5823/96 5822/5822/96
f 5819/5819/95 5820/5820/95 5824/5824/95
f 5819/5819/95 5824/5824/95 5823/5823/95
f 5820/5820/98 5817/5817/98 5821/5821/98
f 5820/5820/98 5821/5821/98 5824/5824/98
f 5821/5821/5 5822/5822/5 5823/5823/5
f 5821/5821/5 5823/5823/5 5824/5824/5
f 5820/5820/6 5819/5819/6 5818/5818/6
f 5820/5820/6 5818/5818/6 5817/5817/6
f 5825/5825/98 5826/5826/98 5830/5830/98
f 5825/5825/98 5830/5830/98 5829/5829/98
f 5826/5826/97 5827/5827/97 5831/5831/97
f 5826/5826/97 5831/5831/97 5830/5830/97
f 5827/5827/96 5828/5828/96 5832/5832/96
f 5827/5827/96 5832/5832/96 5831/5831/96
f 5828/5828/95 5825/5825/95 5829/5829/95
f 5828/5828/95 5829/5829/95 5832/5832/95
f 5829/5829/5 5830/5830/5 5831/5831/5
f 5829/5829/5 5831/5831/5 5832/5832/5
f 5828/5828/6 5827/5827/6 5826/5826/6
f 5828/5828/6 5826/5826/6 5825/5825/6
f 5833/5833/97 5834/5834/97 5838/5838/97
f 5833/5833/97 5838/5838/97 5837/5837/97
f 5834/5834/96 5835/5835/96 5839/5839/96
f 5834/5834/96 5839/5839/96 5838/5838/96
f 5835/5835/95 5836/5836/95 5840/5840/95
f 5835/5835/95 5840/5840/95 5839/5839/95
f 5836/5836/98 5833/5833/98 5837/5837/98
f 5836/5836/98 5837/5837/98 5840/5840/98
f 5837/5837/5 5838/5838/5 5839/5839/5
f 5837/5837/5 5839/5839/5 5840/5840/5
f 5836/5836/6 5835/5835/6 5834/5834/6
f 5836/5836/6 5834/5834/6 5833/5833/6
f 5841/5841/98 5842/5842/98 5846/5846/98
f 5841/5841/98 5846/5846/98 5845/5845/98
f 5842/5842/97 5843/5843/97 5847/5847/97
f 5842/5842/97 5847/5847/97 5846/5846/97
f 5843/5843/96 5844/5844/96 5848/5848/96
f 5843/5843/96 5848/5848/96 5847/5847/96
f 5844/5844/95 5841/5841/95 5845/5845/95
f 5844/5844/95 5845/5845/95 5848/5848/95
f 5845/5845/5 5846/5846/5 5847/5847/5
f 5845/5845/5 5847/5847/5 5848/5848/5
f 5844/5844/6 5843/5843/6 5842/5842/6
f 5844/5844/6 5842/5842/6 5841/5841/6
f 5849/5849/98 5850/5850/98 5854/5854/98
f 5849/5849/98 5854/5854/98 5853/5853/98
f 5850/5850/97 5851/5851/97 5855/5855/97
f 5850/5850/97 5855/5855/97 5854/5854/97
f 5851/5851/96 5852/5852/96 5856/5856/96
f 5851/5851/96 5856/5856/96 5855/5855/96
f 5852/5852/95 5849/5849/95 5853/5853/95
f 5852/5852/95 5853/5853/95 5856/5856/95
f 5853/5853/5 5854/5854/5 5855/5855/5
f 5853/5853/5 5855/5855/5 5856/5856/5
f 5852/5852/6 5851/5851/6 5850/5850/6
f 5852/5852/6 5850/5850/6 5849/5849/6
f 5857/5857/95 5858/5858/95 5862/5862/95
f 5857/5857/95 5862/5862/95 5861/5861/95
f 5858/5858/98 5859/5859/98 5863/5863/98
f 5858/5858/98 5863/5863/98 5862/5862/98
f 5859/5859/97 5860/5860/97 5864/5864/97
f 5859/5859/97 5864/5864/97 5863/5863/97
f 5860/5860/96 5857/5857/96 5861/5861/96
f 5860/5860/96 5861/5861/96 5864/5864/96
f 5861/5861/5 5862/5862/5 5863/5863/5
f 5861/5861/5 5863/5863/5 5864/5864/5
f 5860/5860/6 5859/5859/6 5858/5858/6
f 5860/5860/6 5858/5858/6 5857/5857/6
f 5865/5865/98 5866/5866/98 5870/5870/98
f 5865/5865/98 5870/5870/98 5869/5869/98
f 5866/5866/97 5867/5867/97 5871/5871/97
f 5866/5866/97 5871/5871/97 5870/5870/97
f 5867/5867/96 5868/5868/96 5872/5872/96
f 5867/5867/96 5872/5872/96 5871/5871/96
f 5868/5868/95 5865/5865/95 5869/5869/95
f 5868/5868/95 5869/5869/95 5872/5872/95
f 5869/5869/5 5870/5870/5 5871/5871/5
f 5869/5869/5 5871/5871/5 5872/5872/5
f 5868/5868/6 5867/5867/6 5866/5866/6
f 5868/5868/6 5866/5866/6 5865/5865/6
f 5873/5873/95 5874/5874/95 5878/5878/95
f 5873/5873/95 5878/5878/95 5877/5877/95
f 5874/5874/98 5875/5875/98 5879/5879/98
f 5874/5874/98 5879/5879/98 5878/5878/98
f 5875/5875/97 5876/5876/97 5880/5880/97
f 5875/5875/97 5880/5880/97 5879/5879/97
f 5876/5876/96 5873/5873/96 5877/5877/96
f 5876/5876/96 5877/5877/96 5880/5880/96
f 5877/5877/5 5878/5878/5 5879/5879/5
f 5877/5877/5 5879/5879/5 5880/5880/5
f 5876/5876/6 5875/5875/6 5874/5874/6
f 5876/5876/6 5874/5874/6 5873/5873/6
f 5881/5881/95 5882/5882/95 5886/5886/95
f 5881/5881/95 5886/5886/95 5885/5885/95
f 5882/5882/98 5883/5883/98 5887/5887/98
f 5882/5882/98 5887/5887/98 5886/5886/98
f 5883/5883/97 5884/5884/97 5888/5888/97
f 5883/5883/97 5888/5888/97 5887/5887/97
f 5884/5884/96 5881/5881/96 5885/5885/96
f 5884/5884/96 5885/5885/96 5888/5888/96
f 5885/5885/5 5886/5886/5 5887/5887/5
f 5885/5885/5 5887/5887/5 5888/5888/5
f 5884/5884/6 5883/5883/6 5882/5882/6
f 5884/5884/6 5882/5882/6 5881/5881/6
f 5889/5889/96 5890/5890/96 5894/5894/96
f 5889/5889/96 5894/5894/96 5893/5893/96
f 5890/5890/95 5891/5891/95 5895/5895/95
f 5890/5890/95 5895/5895/95 5894/5894/95
f 5891/5891/98 5892/5892/98 5896/5896/98
f 5891/5891/98 5896/5896/98 5895/5895/98
f 5892/5892/97 5889/5889/97 5893/5893/97
f 5892/5892/97 5893/5893/97 5896/5896/97
f 5893/5893/5 5894/5894/5 5895/5895/5
f 5893/5893/5 5895/5895/5 5896/5896/5
f 5892/5892/6 5891/5891/6 5890/5890/6
f 5892/5892/6 5890/5890/6 5889/5889/6
f 5897/5897/95 5898/5898/95 5902/5902/95
f 5897/5897/95 5902/5902/95 5901/5901/95
f 5898/5898/98 5899/5899/98 5903/5903/98
f 5898/5898/98 5903/5903/98 5902/5902/98
f 5899/5899/97 5900/5900/97 5904/5904/97
f 5899/5899/97 5904/5904/97 5903/5903/97
f 5900/5900/96 5897/5897/96 5901/5901/96
f 5900/5900/96 5901/5901/96 5904/5904/96
f 5901/5901/5 5902/5902/5 5903/5903/5
f 5901/5901/5 5903/5903/5 5904/5904/5
f 5900/5900/6 5899/5899/6 5898/5898/6
f 5900/5900/6 5898/5898/6 5897/5897/6
f 5905/5905/96 5906/5906/96 5910/5910/96
f 5905/5905/96 5910/5910/96 5909/5909/96
f 5906/5906/95 5907/5907/95 5911/5911/95
f 5906/5906/95 5911/5911/95 5910/5910/95
f 5907/5907/98 5908/5908/98 5912/5912/98
f 5907/5907/98 5912/5912/98 5911/5911/98
f 5908/5908/97 5905/5905/97 5909/5909/97
f 5908/5908/97 5909/5909/97 5912/5912/97
f 5909/5909/5 5910/5910/5 5911/5911/5
f 5909/5909/5 5911/5911/5 5912/5912/5
f 5908/5908/6 5907/5907/6 5906/5906/6
f 5908/5908/6 5906/5906/6 5905/5905/6
f 5913/5913/103 5924/5924/103 5914/5914/103
f 5913/5913/103 5923/5923/103 5924/5924/103
f 5914/5914/104 5925/5925/104 5915/5915/104
f 5914/5914/104 5924/5924/104 5925/5925/104
f 5915/5915/61 5926/5926/61 5916/5916/61
f 5915/5915/61 5925/5925/61 5926/5926/61
f 5916/5916/105 5927/5927/105 5917/5917/105
f 5916/5916/105 5926/5926/105 5927/5927/105
f 5917/5917/106 5928/5928/106 5918/5918/106
f 5917/5917/106 5927/5927/106 5928/5928/106
f 5918/5918/107 5929/5929/107 5919/5919/107
f 5918/5918/107 5928/5928/107 5929/5929/107
f 5919/5919/108 5930/5930/108 5920/5920/108
f 5919/5919/108 5929/5929/108 5930/5930/108
f 5920/5920/59 5931/5931/59 5921/5921/59
f 5920/5920/59 5930/5930/59 5931/5931/59
f 5921/5921/109 5932/5932/109 5922/5922/109
f 5921/5921/109 5931/5931/109 5932/5932/109
f 5922/5922/110 5923/5923/110 5913/5913/110
f 5922/5922/110 5932/5932/110 5923/5923/110
f 5922/5922/6 5920/5920/6 5921/5921/6
f 5922/5922/6 5919/5919/6 5920/5920/6
f 5922/5922/6 5918/5918/6 5919/5919/6
f 5922/5922/6 5917/5917/6 5918/5918/6
f 5922/5922/6 5916/5916/6 5917/5917/6
f 5922/5922/6 5915/5915/6 5916/5916/6
f 5922/5922/6 5914/5914/6 5915/5915/6
f 5922/5922/6 5913/5913/6 5914/5914/6
f 5923/5923/111 5934/5934/111 5924/5924/111
f 5923/5923/111 5933/5933/111 5934/5934/111
f 5924/5924/112 5935/5935/112 5925/5925/112
f 5924/5924/112 5934/5934/112 5935/5935/112
f 5925/5925/113 5936/5936/113 5926/5926/113
f 5925/5925/113 5935/5935/113 5936/5936/113
f 5926/5926/114 5937/5937/114 5927/5927/114
f 5926/5926/114 5936/5936/114 5937/5937/114
f 5927/5927/115 5938/5938/115 5928/5928/115
f 5927/5927/115 5937/5937/115 5938/5938/115
f 5928/5928/116 5939/5939/116 5929/5929/116
f 5928/5928/116 5938/5938/116 5939/5939/116
f 5929/5929/117 5940/5940/117 5930/5930/117
f 5929/5929/117 5939/5939/117 5940/5940/117
f 5930/5930/118 5941/5941/118 5931/5931/118
f 5930/5930/118 5940/5940/118 5941/5941/118
f 5931/5931/119 5942/5942/119 5932/5932/119
f 5931/5931/119 5941/5941/119 5942/5942/119
f 5932/5932/120 5933/5933/120 5923/5923/120
f 5932/5932/120 5942/5942/120 5933/5933/120
f 5933/5933/121 5944/5944/121 5934/5934/121
f 5933/5933/121 5943/5943/121 5944/5944/121
f 5934/5934/122 5945/5945/122 5935/5935/122
f 5934/5934/122 5944/5944/122 5945/5945/122
f 5935/5935/123 5946/5946/123 5936/5936/123
f 5935/5935/123 5945/5945/123 5946/5946/123
f 5936/5936/124 5947/5947/124 5937/5937/124
f 5936/5936/124 5946/5946/124 5947/5947/124
f 5937/5937/125 5948/5948/125 5938/5938/125
f 5937/5937/125 5947/5947/125 5948/5948/125
f 5938/5938/126 5949/5949/126 5939/5939/126
f 5938/5938/126 5948/5948/126 5949/5949/126
f 5939/5939/127 5950/5950/127 5940/5940/127
f 5939/5939/127 5949/5949/127 5950/5950/127
f 5940/5940/128 5951/5951/128 5941/5941/128
f 5940/5940/128 5950/5950/128 5951/5951/128
f 5941/5941/129 5952/5952/129 5942/5942/129
f 5941/5941/129 5951/5951/129 5952/5952/129
f 5942/5942/130 5943/5943/130 5933/5933/130
f 5942/5942/130 5952/5952/130 5943/5943/130
f 5943/5943/131 5953/5953/131 5944/5944/131
f 5944/5944/132 5953/5953/132 5945/5945/132
f 5945/5945/133 5953/5953/133 5946/5946/133
f 5946/5946/134 5953/5953/134 5947/5947/134
f 5947/5947/135 5953/5953/135 5948/5948/135
f 5948/5948/136 5953/5953/136 5949/5949/136
f 5949/5949/137 5953/5953/137 5950/5950/137
f 5950/5950/138 5953/5953/138 5951/5951/138
f 5951/5951/139 5953/5953/139 5952/5952/139
f 5952/5952/140 5953/5953/140 5943/5943/140
f 5954/5954/141 5959/5959/141 5955/5955/141
f 5954/5954/141 5958/5958/141 5959/5959/141
f 5955/5955/142 5960/5960/142 5956/5956/142
f 5955/5955/142 5959/5959/142 5960/5960/142
f 5956/5956/143 5961/5961/143 5957/5957/143
f 5956/5956/143 5960/5960/143 5961/5961/143
f 5957/5957/144 5958/5958/144 5954/5954/144
f 5957/5957/144 5961/5961/144 5958/5958/144
f 5958/5958/5 5960/5960/5 5959/5959/5
f 5958/5958/5 5961/5961/5 5960/5960/5
f 5957/5957/6 5955/5955/6 5956/5956/6
f 5957/5957/6 5954/5954/6 5955/5955/6
f 5962/5962/6 5967/5967/6 5963/5963/6
f 5962/5962/6 5966/5966/6 5967/5967/6
f 5971/5971/5 5974/5974/5 5970/5970/5
f 5971/5971/5 5975/5975/5 5974/5974/5
f 5966/5966/141 5975/5975/141 5967/5967/141
f 5966/5966/141 5974/5974/141 5975/5975/141
f 5963/5963/143 5970/5970/143 5962/5962/143
f 5963/5963/143 5971/5971/143 5970/5970/143
f 5963/5963/142 5968/5968/142 5964/5964/142
f 5963/5963/142 5967/5967/142 5968/5968/142
f 5972/5972/144 5975/5975/144 5971/5971/144
f 5972/5972/144 5976/5976/144 5975/5975/144
f 5967/5967/141 5976/5976/141 5968/5968/141
f 5967/5967/141 5975/5975/141 5976/5976/141
f 5964/5964/143 5971/5971/143 5963/5963/143
f 5964/5964/143 5972/5972/143 5971/5971/143
f 5964/5964/5 5969/5969/5 5965/5965/5
f 5964/5964/5 5968/5968/5 5969/5969/5
f 5973/5973/6 5976/5976/6 5972/5972/6
f 5973/5973/6 5977/5977/6 5976/5976/6
f 5968/5968/141 5977/5977/141 5969/5969/141
f 5968/5968/141 5976/5976/141 5977/5977/141
f 5965/5965/143 5972/5972/143 5964/5964/143
f 5965/5965/143 5973/5973/143 5972/5972/143
f 5965/5965/144 5966/5966/144 5962/5962/144
f 5965/5965/144 5969/5969/144 5966/5966/144
f 5970/5970/142 5977/5977/142 5973/5973/142
f 5970/5970/142 5974/5974/142 5977/5977/142
f 5969/5969/141 5974/5974/141 5966/5966/141
f 5969/5969/141 5977/5977/141 5974/5974/141
f 5962/5962/143 5973/5973/143 5965/5965/143
f 5962/5962/143 5970/5970/143 5973/5973/143
f 5978/5978/6 5985/5985/6 5979/5979/6
f 5978/5978/6 5984/5984/6 5985/5985/6
f 5991/5991/5 5996/5996/5 5990/5990/5
f 5991/5991/5 5997/5997/5 5996/5996/5
f 5984/5984/141 5997/5997/141 5985/5985/141
f 5984/5984/141 5996/5996/141 5997/5997/141
f 5979/5979/143 5990/5990/143 5978/5978/143
f 5979/5979/143 5991/5991/143 5990/5990/143
f 5979/5979/142 5986/5986/142 5980/5980/142
f 5979/5979/142 5985/5985/142 5986/5986/142
f 5992/5992/144 5997/5997/144 5991/5991/144
f 5992/5992/144 5998/5998/144 5997/5997/144
f 5985/5985/141 5998/5998/141 5986/5986/141
f 5985/5985/141 5997/5997/141 5998/5998/141
f 5980/5980/143 5991/5991/143 5979/5979/143
f 5980/5980/143 5992/5992/143 5991/5991/143
f 5980/5980/145 5987/5987/145 5981/5981/145
f 5980/5980/145 5986/5986/145 5987/5987/145
f 5993/5993/146 5998/5998/146 5992/5992/146
f 5993/5993/146 5999/5999/146 5998/5998/146
f 5986/5986/141 5999/5999/141 5987/5987/141
f 5986/5986/141 5998/5998/141 5999/5999/141
f 5981/5981/143 5992/5992/143 5980/5980/143
f 5981/5981/143 5993/5993/143 5992/5992/143
f 5981/5981/5 5988/5988/5 5982/5982/5
f 5981/5981/5 5987/5987/5 5988/5988/5
f 5994/5994/6 5999/5999/6 5993/5993/6
f 5994/5994/6 6000/6000/6 5999/5999/6
f 5987/5987/141 6000/6000/141 5988/5988/141
f 5987/5987/141 5999/5999/141 6000/6000/141
f 5982/5982/143 5993/5993/143 5981/5981/143
f 5982/5982/143 5994/5994/143 5993/5993/143
f 5982/5982/147 5989/5989/147 5983/5983/147
f 5982/5982/147 5988/5988/147 5989/5989/147
f 5995/5995/148 6000/6000/148 5994/5994/148
f 5995/5995/148 6001/6001/148 6000/6000/148
f 5988/5988/141 6001/6001/141 5989/5989/141
f 5988/5988/141 6000/6000/141 6001/6001/141
f 5983/5983/143 5994/5994/143 5982/5982/143
f 5983/5983/143 5995/5995/143 5994/5994/143
f 5983/5983/144 5984/5984/144 5978/5978/144
f 5983/5983/144 5989/5989/144 5984/5984/144
f 5990/5990/142 6001/6001/142 5995/5995/142
f 5990/5990/142 5996/5996/142 6001/6001/142
f 5989/5989/141 5996/5996/141 5984/5984/141
f 5989/5989/141 6001/6001/141 5996/5996/141
f 5978/5978/143 5995/5995/143 5983/5983/143
f 5978/5978/143 5990/5990/143 5995/5995/143
f 6002/6002/6 6007/6007/6 6003/6003/6
f 6002/6002/6 6006/6006/6 6007/6007/6
f 6011/6011/5 6014/6014/5 6010/6010/5
f 6011/6011/5 6015/6015/5 6014/6014/5
f 6006/6006/141 6015/6015/141 6007/6007/141
f 6006/6006/141 6014/6014/141 6015/6015/141
f 6003/6003/143 6010/6010/143 6002/6002/143
f 6003/6003/143 6011/6011/143 6010/6010/143
f 6003/6003/142 6008/6008/142 6004/6004/142
f 6003/6003/142 6007/6007/142 6008/6008/142
f 6012/6012/144 6015/6015/144 6011/6011/144
f 6012/6012/144 6016/6016/144 6015/6015/144
f 6007/6007/141 6016/6016/141 6008/6008/141
f 6007/6007/141 6015/6015/141 6016/6016/141
f 6004/6004/143 6011/6011/143 6003/6003/143
f 6004/6004/143 6012/6012/143 6011/6011/143
f 6004/6004/5 6009/6009/5 6005/6005/5
f 6004/6004/5 6008/6008/5 6009/6009/5
f 6013/6013/6 6016/6016/6 6012/6012/6
f 6013/6013/6 6017/6017/6 6016/6016/6
f 6008/6008/141 6017/6017/141 6009/6009/141
f 6008/6008/141 6016/6016/141 6017/6017/141
f 6005/6005/143 6012/6012/143 6004/6004/143
f 6005/6005/143 6013/6013/143 6012/6012/143
f 6005/6005/144 6006/6006/144 6002/6002/144
f 6005/6005/144 6009/6009/144 6006/6006/144
f 6010/6010/142 6017/6017/142 6013/6013/142
f 6010/6010/142 6014/6014/142 6017/6017/142
f 6009/6009/141 6014/6014/141 6006/6006/141
f 6009/6009/141 6017/6017/141 6014/6014/141
f 6002/6002/143 6013/6013/143 6005/6005/143
f 6002/6002/143 6010/6010/143 6013/6013/143
f 6018/6018/6 6023/6023/6 6019/6019/6
f 6018/6018/6 6022/6022/6 6023/6023/6
f 6027/6027/5 6030/6030/5 6026/6026/5
f 6027/6027/5 6031/6031/5 6030/6030/5
f 6022/6022/141 6031/6031/141 6023/6023/141
f 6022/6022/141 6030/6030/141 6031/6031/141
f 6019/6019/143 6026/6026/143 6018/6018/143
f 6019/6019/143 6027/6027/143 6026/6026/143
f 6019/6019/142 6024/6024/142 6020/6020/142
f 6019/6019/142 6023/6023/142 6024/6024/142
f 6028/6028/144 6031/6031/144 6027/6027/144
f 6028/6028/144 6032/6032/144 6031/6031/144
f 6023/6023/141 6032/6032/141 6024/6024/141
f 6023/6023/141 6031/6031/141 6032/6032/141
f 6020/6020/143 6027/6027/143 6019/6019/143
f 6020/6020/143 6028/6028/143 6027/6027/143
f 6020/6020/5 6025/6025/5 6021/6021/5
f 6020/6020/5 6024/6024/5 6025/6025/5
f 6029/6029/6 6032/6032/6 6028/6028/6
f 6029/6029/6 6033/6033/6 6032/6032/6
f 6024/6024/141 6033/6033/141 6025/6025/141
f 6024/6024/141 6032/6032/141 6033/6033/141
f 6021/6021/143 6028/6028/143 6020/6020/143
f 6021/6021/143 6029/6029/143 6028/6028/143
f 6021/6021/144 6022/6022/144 6018/6018/144
f 6021/6021/144 6025/6025/144 6022/6022/144
f 6026/6026/142 6033/6033/142 6029/6029/142
f 6026/6026/142 6030/6030/142 6033/6033/142
f 6025/6025/141 6030/6030/141 6022/6022/141
f 6025/6025/141 6033/6033/141 6030/6030/141
f 6018/6018/143 6029/6029/143 6021/6021/143
f 6018/6018/143 6026/6026/143 6029/6029/143
f 6034/6034/6 6041/6041/6 6035/6035/6
f 6034/6034/6 6040/6040/6 6041/6041/6
f 6047/6047/5 6052/6052/5 6046/6046/5
f 6047/6047/5 6053/6053/5 6052/6052/5
f 6040/6040/141 6053/6053/141 6041/6041/141
f 6040/6040/141 6052/6052/141 6053/6053/141
f 6035/6035/143 6046/6046/143 6034/6034/143
f 6035/6035/143 6047/6047/143 6046/6046/143
f 6035/6035/142 6042/6042/142 6036/6036/142
f 6035/6035/142 6041/6041/142 6042/6042/142
f 6048/6048/144 6053/6053/144 6047/6047/144
f 6048/6048/144 6054/6054/144 6053/6053/144
f 6041/6041/141 6054/6054/141 6042/6042/141
f 6041/6041/141 6053/6053/141 6054/6054/141
f 6036/6036/143 6047/6047/143 6035/6035/143
f 6036/6036/143 6048/6048/143 6047/6047/143
f 6036/6036/145 6043/6043/145 6037/6037/145
f 6036/6036/145 6042/6042/145 6043/6043/145
f 6049/6049/146 6054/6054/146 6048/6048/146
f 6049/6049/146 6055/6055/146 6054/6054/146
f 6042/6042/141 6055/6055/141 6043/6043/141
f 6042/6042/141 6054/6054/141 6055/6055/141
f 6037/6037/143 6048/6048/143 6036/6036/143
f 6037/6037/143 6049/6049/143 6048/6048/143
f 6037/6037/5 6044/6044/5 6038/6038/5
f 6037/6037/5 6043/6043/5 6044/6044/5
f 6050/6050/6 6055/6055/6 6049/6049/6
f 6050/6050/6 6056/6056/6 6055/6055/6
f 6043/6043/141 6056/6056/141 6044/6044/141
f 6043/6043/141 6055/6055/141 6056/6056/141
f 6038/6038/143 6049/6049/143 6037/6037/143
f 6038/6038/143 6050/6050/143 6049/6049/143
f 6038/6038/147 6045/6045/147 6039/6039/147
f 6038/6038/147 6044/6044/147 6045/6045/147
f 6051/6051/148 6056/6056/148 6050/6050/148
f 6051/6051/148 6057/6057/148 6056/6056/148
f 6044/6044/141 6057/6057/141 6045/6045/141
f 6044/6044/141 6056/6056/141 6057/6057/141
f 6039/6039/143 6050/6050/143 6038/6038/143
f 6039/6039/143 6051/6051/143 6050/6050/143
f 6039/6039/144 6040/6040/144 6034/6034/144
f 6039/6039/144 6045/6045/144 6040/6040/144
f 6046/6046/142 6057/6057/142 6051/6051/142
f 6046/6046/142 6052/6052/142 6057/6057/142
f 6045/6045/141 6052/6052/141 6040/6040/141
f 6045/6045/141 6057/6057/141 6052/6052/141
f 6034/6034/143 6051/6051/143 6039/6039/143
f 6034/6034/143 6046/6046/143 6051/6051/143
f 6058/6058/6 6063/6063/6 6059/6059/6
f 6058/6058/6 6062/6062/6 6063/6063/6
f 6067/6067/5 6070/6070/5 6066/6066/5
f 6067/6067/5 6071/6071/5 6070/6070/5
f 6062/6062/141 6071/6071/141 6063/6063/141
f 6062/6062/141 6070/6070/141 6071/6071/141
f 6059/6059/143 6066/6066/143 6058/6058/143
f 6059/6059/143 6067/6067/143 6066/6066/143
f 6059/6059/142 6064/6064/142 6060/6060/142
f 6059/6059/142 6063/6063/142 6064/6064/142
f 6068/6068/144 6071/6071/144 6067/6067/144
f 6068/6068/144 6072/6072/144 6071/6071/144
f 6063/6063/141 6072/6072/141 6064/6064/141
f 6063/6063/141 6071/6071/141 6072/6072/141
f 6060/6060/143 6067/6067/143 6059/6059/143
f 6060/6060/143 6068/6068/143 6067/6067/143
f 6060/6060/5 6065/6065/5 6061/6061/5
f 6060/6060/5 6064/6064/5 6065/6065/5
f 6069/6069/6 6072/6072/6 6068/6068/6
f 6069/6069/6 6073/6073/6 6072/6072/6
f 6064/6064/141 6073/6073/141 6065/6065/141
f 6064/6064/141 6072/6072/141 6073/6073/141
f 6061/6061/143 6068/6068/143 6060/6060/143
f 6061/6061/143 6069/6069/143 6068/6068/143
f 6061/6061/144 6062/6062/144 6058/6058/144
f 6061/6061/144 6065/6065/144 6062/6062/144
f 6066/6066/142 6073/6073/142 6069/6069/142
f 6066/6066/142 6070/6070/142 6073/6073/142
f 6065/6065/141 6070/6070/141 6062/6062/141
f 6065/6065/141 6073/6073/141 6070/6070/141
f 6058/6058/143 6069/6069/143 6061/6061/143
f 6058/6058/143 6066/6066/143 6069/6069/143
f 6074/6074/143 6075/6075/143 6079/6079/143
f 6074/6074/143 6079/6079/143 6078/6078/143
f 6075/6075/142 6076/6076/142 6080/6080/142
f 6075/6075/142 6080/6080/142 6079/6079/142
f 6076/6076/141 6077/6077/141 6081/6081/141
f 6076/6076/141 6081/6081/141 6080/6080/141
f 6077/6077/144 6074/6074/144 6078/6078/144
f 6077/6077/144 6078/6078/144 6081/6081/144
f 6078/6078/5 6079/6079/5 6080/6080/5
f 6078/6078/5 6080/6080/5 6081/6081/5
f 6077/6077/6 6076/6076/6 6075/6075/6
f 6077/6077/6 6075/6075/6 6074/6074/6
f 6082/6082/6 6087/6087/6 6083/6083/6
f 6082/6082/6 6086/6086/6 6087/6087/6
f 6091/6091/5 6094/6094/5 6090/6090/5
f 6091/6091/5 6095/6095/5 6094/6094/5
f 6086/6086/142 6095/6095/142 6087/6087/142
f 6086/6086/142 6094/6094/142 6095/6095/142
f 6083/6083/144 6090/6090/144 6082/6082/144
f 6083/6083/144 6091/6091/144 6090/6090/144
f 6083/6083/143 6088/6088/143 6084/6084/143
f 6083/6083/143 6087/6087/143 6088/6088/143
f 6092/6092/141 6095/6095/141 6091/6091/141
f 6092/6092/141 6096/6096/141 6095/6095/141
f 6087/6087/142 6096/6096/142 6088/6088/142
f 6087/6087/142 6095/6095/142 6096/6096/142
f 6084/6084/144 6091/6091/144 6083/6083/144
f 6084/6084/144 6092/6092/144 6091/6091/144
f 6084/6084/5 6089/6089/5 6085/6085/5
f 6084/6084/5 6088/6088/5 6089/6089/5
f 6093/6093/6 6096/6096/6 6092/6092/6
f 6093/6093/6 6097/6097/6 6096/6096/6
f 6088/6088/142 6097/6097/142 6089/6089/142
f 6088/6088/142 6096/6096/142 6097/6097/142
f 6085/6085/144 6092/6092/144 6084/6084/144
f 6085/6085/144 6093/6093/144 6092/6092/144
f 6085/6085/141 6086/6086/141 6082/6082/141
f 6085/6085/141 6089/6089/141 6086/6086/141
f 6090/6090/143 6097/6097/143 6093/6093/143
f 6090/6090/143 6094/6094/143 6097/6097/143
f 6089/6089/142 6094/6094/142 6086/6086/142
f 6089/6089/142 6097/6097/142 6094/6094/142
f 6082/6082/144 6093/6093/144 6085/6085/144
f 6082/6082/144 6090/6090/144 6093/6093/144
f 6098/6098/6 6103/6103/6 6099/6099/6
f 6098/6098/6 6102/6102/6 6103/6103/6
f 6107/6107/5 6110/6110/5 6106/6106/5
f 6107/6107/5 6111/6111/5 6110/6110/5
f 6102/6102/142 6111/6111/142 6103/6103/142
f 6102/6102/142 6110/6110/142 6111/6111/142
f 6099/6099/144 6106/6106/144 6098/6098/144
f 6099/6099/144 6107/6107/144 6106/6106/144
f 6099/6099/143 6104/6104/143 6100/6100/143
f 6099/6099/143 6103/6103/143 6104/6104/143
f 6108/6108/141 6111/6111/141 6107/6107/141
f 6108/6108/141 6112/6112/141 6111/6111/141
f 6103/6103/142 6112/6112/142 6104/6104/142
f 6103/6103/142 6111/6111/142 6112/6112/142
f 6100/6100/144 6107/6107/144 6099/6099/144
f 6100/6100/144 6108/6108/144 6107/6107/144
f 6100/6100/5 6105/6105/5 6101/6101/5
f 6100/6100/5 6104/6104/5 6105/6105/5
f 6109/6109/6 6112/6112/6 6108/6108/6
f 6109/6109/6 6113/6113/6 6112/6112/6
f 6104/6104/142 6113/6113/142 6105/6105/142
f 6104/6104/142 6112/6112/142 6113/6113/142
f 6101/6101/144 6108/6108/144 6100/6100/144
f 6101/6101/144 6109/6109/144 6108/6108/144
f 6101/6101/141 6102/6102/141 6098/6098/141
f 6101/6101/141 6105/6105/141 6102/6102/141
f 6106/6106/143 6113/6113/143 6109/6109/143
f 6106/6106/143 6110/6110/143 6113/6113/143
f 6105/6105/142 6110/6110/142 6102/6102/142
f 6105/6105/142 6113/6113/142 6110/6110/142
f 6098/6098/144 6109/6109/144 6101/6101/144
f 6098/6098/144 6106/6106/144 6109/6109/144
f 6114/6114/6 6119/6119/6 6115/6115/6
f 6114/6114/6 6118/6118/6 6119/6119/6
f 6123/6123/5 6126/6126/5 6122/6122/5
f 6123/6123/5 6127/6127/5 6126/6126/5
f 6118/6118/143 6127/6127/143 6119/6119/143
f 6118/6118/143 6126/6126/143 6127/6127/143
f 6115/6115/141 6122/6122/141 6114/6114/141
f 6115/6115/141 6123/6123/141 6122/6122/141
f 6115/6115/144 6120/6120/144 6116/6116/144
f 6115/6115/144 6119/6119/144 6120/6120/144
f 6124/6124/142 6127/6127/142 6123/6123/142
f 6124/6124/142 6128/6128/142 6127/6127/142
f 6119/6119/143 6128/6128/143 6120/6120/143
f 6119/6119/143 6127/6127/143 6128/6128/143
f 6116/6116/141 6123/6123/141 6115/6115/141
f 6116/6116/141 6124/6124/141 6123/6123/141
f 6116/6116/5 6121/6121/5 6117/6117/5
f 6116/6116/5 6120/6120/5 6121/6121/5
f 6125/6125/6 6128/6128/6 6124/6124/6
f 6125/6125/6 6129/6129/6 6128/6128/6
f 6120/6120/143 6129/6129/143 6121/6121/143
f 6120/6120/143 6128/6128/143 6129/6129/143
f 6117/6117/141 6124/6124/141 6116/6116/141
f 6117/6117/141 6125/6125/141 6124/6124/141
f 6117/6117/142 6118/6118/142 6114/6114/142
f 6117/6117/142 6121/6121/142 6118/6118/142
f 6122/6122/144 6129/6129/144 6125/6125/144
f 6122/6122/144 6126/6126/144 6129/6129/144
f 6121/6121/143 6126/6126/143 6118/6118/143
f 6121/6121/143 6129/6129/143 6126/6126/143
f 6114/6114/141 6125/6125/141 6117/6117/141
f 6114/6114/141 6122/6122/141 6125/6125/141
f 6130/6130/6 6135/6135/6 6131/6131/6
f 6130/6130/6 6134/6134/6 6135/6135/6
f 6139/6139/5 6142/6142/5 6138/6138/5
f 6139/6139/5 6143/6143/5 6142/6142/5
f 6134/6134/143 6143/6143/143 6135/6135/143
f 6134/6134/143 6142/6142/143 6143/6143/143
f 6131/6131/141 6138/6138/141 6130/6130/141
f 6131/6131/141 6139/6139/141 6138/6138/141
f 6131/6131/144 6136/6136/144 6132/6132/144
f 6131/6131/144 6135/6135/144 6136/6136/144
f 6140/6140/142 6143/6143/142 6139/6139/142
f 6140/6140/142 6144/6144/142 6143/6143/142
f 6135/6135/143 6144/6144/143 6136/6136/143
f 6135/6135/143 6143/6143/143 6144/6144/143
f 6132/6132/141 6139/6139/141 6131/6131/141
f 6132/6132/141 6140/6140/141 6139/6139/141
f 6132/6132/5 6137/6137/5 6133/6133/5
f 6132/6132/5 6136/6136/5 6137/6137/5
f 6141/6141/6 6144/6144/6 6140/6140/6
f 6141/6141/6 6145/6145/6 6144/6144/6
f 6136/6136/143 6145/6145/143 6137/6137/143
f 6136/6136/143 6144/6144/143 6145/6145/143
f 6133/6133/141 6140/6140/141 6132/6132/141
f 6133/6133/141 6141/6141/141 6140/6140/141
f 6133/6133/142 6134/6134/142 6130/6130/142
f 6133/6133/142 6137/6137/142 6134/6134/142
f 6138/6138/144 6145/6145/144 6141/6141/144
f 6138/6138/144 6142/6142/144 6145/6145/144
f 6137/6137/143 6142/6142/143 6134/6134/143
f 6137/6137/143 6145/6145/143 6142/6142/143
f 6130/6130/141 6141/6141/141 6133/6133/141
f 6130/6130/141 6138/6138/141 6141/6141/141
f 6146/6146/6 6151/6151/6 6147/6147/6
f 6146/6146/6 6150/6150/6 6151/6151/6
f 6155/6155/5 6158/6158/5 6154/6154/5
f 6155/6155/5 6159/6159/5 6158/6158/5
f 6150/6150/143 6159/6159/143 6151/6151/143
f 6150/6150/143 6158/6158/143 6159/6159/143
f 6147/6147/141 6154/6154/141 6146/6146/141
f 6147/6147/141 6155/6155/141 6154/6154/141
f 6147/6147/144 6152/6152/144 6148/6148/144
f 6147/6147/144 6151/6151/144 6152/6152/144
f 6156/6156/142 6159/6159/142 6155/6155/142
f 6156/6156/142 6160/6160/142 6159/6159/142
f 6151/6151/143 6160/6160/143 6152/6152/143
f 6151/6151/143 6159/6159/143 6160/6160/143
f 6148/6148/141 6155/6155/141 6147/6147/141
f 6148/6148/141 6156/6156/141 6155/6155/141
f 6148/6148/5 6153/6153/5 6149/6149/5
f 6148/6148/5 6152/6152/5 6153/6153/5
f 6157/6157/6 6160/6160/6 6156/6156/6
f 6157/6157/6 6161/6161/6 6160/6160/6
f 6152/6152/143 6161/6161/143 6153/6153/143
f 6152/6152/143 6160/6160/143 6161/6161/143
f 6149/6149/141 6156/6156/141 6148/6148/141
f 6149/6149/141 6157/6157/141 6156/6156/141
f 6149/6149/142 6150/6150/142 6146/6146/142
f 6149/6149/142 6153/6153/142 6150/6150/142
f 6154/6154/144 6161/6161/144 6157/6157/144
f 6154/6154/144 6158/6158/144 6161/6161/144
f 6153/6153/143 6158/6158/143 6150/6150/143
f 6153/6153/143 6161/6161/143 6158/6158/143
f 6146/6146/141 6157/6157/141 6149/6149/141
f 6146/6146/141 6154/6154/141 6157/6157/141
f 6162/6162/6 6167/6167/6 6163/6163/6
f 6162/6162/6 6166/6166/6 6167/6167/6
f 6171/6171/5 6174/6174/5 6170/6170/5
f 6171/6171/5 6175/6175/5 6174/6174/5
f 6166/6166/143 6175/6175/143 6167/6167/143
f 6166/6166/143 6174/6174/143 6175/6175/143
f 6163/6163/141 6170/6170/141 6162/6162/141
f 6163/6163/141 6171/6171/141 6170/6170/141
f 6163/6163/144 6168/6168/144 6164/6164/144
f 6163/6163/144 6167/6167/144 6168/6168/144
f 6172/6172/142 6175/6175/142 6171/6171/142
f 6172/6172/142 6176/6176/142 6175/6175/142
f 6167/6167/143 6176/6176/143 6168/6168/143
f 6167/6167/143 6175/6175/143 6176/6176/143
f 6164/6164/141 6171/6171/141 6163/6163/141
f 6164/6164/141 6172/6172/141 6171/6171/141
f 6164/6164/5 6169/6169/5 6165/6165/5
f 6164/6164/5 6168/6168/5 6169/6169/5
f 6173/6173/6 6176/6176/6 6172/6172/6
f 6173/6173/6 6177/6177/6 6176/6176/6
f 6168/6168/143 6177/6177/143 6169/6169/143
f 6168/6168/143 6176/6176/143 6177/6177/143
f 6165/6165/141 6172/6172/141 6164/6164/141
f 6165/6165/141 6173/6173/141 6172/6172/141
f 6165/6165/142 6166/6166/142 6162/6162/142
f 6165/6165/142 6169/6169/142 6166/6166/142
f 6170/6170/144 6177/6177/144 6173/6173/144
f 6170/6170/144 6174/6174/144 6177/6177/144
f 6169/6169/143 6174/6174/143 6166/6166/143
f 6169/6169/143 6177/6177/143 6174/6174/143
f 6162/6162/141 6173/6173/141 6165/6165/141
f 6162/6162/141 6170/6170/141 6173/6173/141
f 6178/6178/6 6183/6183/6 6179/6179/6
f 6178/6178/6 6182/6182/6 6183/6183/6
f 6187/6187/5 6190/6190/5 6186/6186/5
f 6187/6187/5 6191/6191/5 6190/6190/5
f 6182/6182/143 6191/6191/143 6183/6183/143
f 6182/6182/143 6190/6190/143 6191/6191/143
f 6179/6179/141 6186/6186/141 6178/6178/141
f 6179/6179/141 6187/6187/141 6186/6186/141
f 6179/6179/144 6184/6184/144 6180/6180/144
f 6179/6179/144 6183/6183/144 6184/6184/144
f 6188/6188/142 6191/6191/142 6187/6187/142
f 6188/6188/142 6192/6192/142 6191/6191/142
f 6183/6183/143 6192/6192/143 6184/6184/143
f 6183/6183/143 6191/6191/143 6192/6192/143
f 6180/6180/141 6187/6187/141 6179/6179/141
f 6180/6180/141 6188/6188/141 6187/6187/141
f 6180/6180/5 6185/6185/5 6181/6181/5
f 6180/6180/5 6184/6184/5 6185/6185/5
f 6189/6189/6 6192/6192/6 6188/6188/6
f 6189/6189/6 6193/6193/6 6192/6192/6
f 6184/6184/143 6193/6193/143 6185/6185/143
f 6184/6184/143 6192/6192/143 6193/6193/143
f 6181/6181/141 6188/6188/141 6180/6180/141
f 6181/6181/141 6189/6189/141 6188/6188/141
f 6181/6181/142 6182/6182/142 6178/6178/142
f 6181/6181/142 6185/6185/142 6182/6182/142
f 6186/6186/144 6193/6193/144 6189/6189/144
f 6186/6186/144 6190/6190/144 6193/6193/144
f 6185/6185/143 6190/6190/143 6182/6182/143
f 6185/6185/143 6193/6193/143 6190/6190/143
f 6178/6178/141 6189/6189/141 6181/6181/141
f 6178/6178/141 6186/6186/141 6189/6189/141
f 6194/6194/6 6201/6201/6 6195/6195/6
f 6194/6194/6 6200/6200/6 6201/6201/6
f 6207/6207/5 6212/6212/5 6206/6206/5
f 6207/6207/5 6213/6213/5 6212/6212/5
f 6200/6200/143 6213/6213/143 6201/6201/143
f 6200/6200/143 6212/6212/143 6213/6213/143
f 6195/6195/141 6206/6206/141 6194/6194/141
f 6195/6195/141 6207/6207/141 6206/6206/141
f 6195/6195/144 6202/6202/144 6196/6196/144
f 6195/6195/144 6201/6201/144 6202/6202/144
f 6208/6208/142 6213/6213/142 6207/6207/142
f 6208/6208/142 6214/6214/142 6213/6213/142
f 6201/6201/143 6214/6214/143 6202/6202/143
f 6201/6201/143 6213/6213/143 6214/6214/143
f 6196/6196/141 6207/6207/141 6195/6195/141
f 6196/6196/141 6208/6208/141 6207/6207/141
f 6196/6196/147 6203/6203/147 6197/6197/147
f 6196/6196/147 6202/6202/147 6203/6203/147
f 6209/6209/148 6214/6214/148 6208/6208/148
f 6209/6209/148 6215/6215/148 6214/6214/148
f 6202/6202/143 6215/6215/143 6203/6203/143
f 6202/6202/143 6214/6214/143 6215/6215/143
f 6197/6197/141 6208/6208/141 6196/6196/141
f 6197/6197/141 6209/6209/141 6208/6208/141
f 6197/6197/5 6204/6204/5 6198/6198/5
f 6197/6197/5 6203/6203/5 6204/6204/5
f 6210/6210/6 6215/6215/6 6209/6209/6
f 6210/6210/6 6216/6216/6 6215/6215/6
f 6203/6203/143 6216/6216/143 6204/6204/143
f 6203/6203/143 6215/6215/143 6216/6216/143
f 6198/6198/141 6209/6209/141 6197/6197/141
f 6198/6198/141 6210/6210/141 6209/6209/141
f 6198/6198/145 6205/6205/145 6199/6199/145
f 6198/6198/145 6204/6204/145 6205/6205/145
f 6211/6211/146 6216/6216/146 6210/6210/146
f 6211/6211/146 6217/6217/146 6216/6216/146
f 6204/6204/143 6217/6217/143 6205/6205/143
f 6204/6204/143 6216/6216/143 6217/6217/143
f 6199/6199/141 6210/6210/141 6198/6198/141
f 6199/6199/141 6211/6211/141 6210/6210/141
f 6199/6199/142 6200/6200/142 6194/6194/142
f 6199/6199/142 6205/6205/142 6200/6200/142
f 6206/6206/144 6217/6217/144 6211/6211/144
f 6206/6206/144 6212/6212/144 6217/6217/144
f 6205/6205/143 6212/6212/143 6200/6200/143
f 6205/6205/143 6217/6217/143 6212/6212/143
f 6194/6194/141 6211/6211/141 6199/6199/141
f 6194/6194/141 6206/6206/141 6211/6211/141
f 6218/6218/6 6223/6223/6 6219/6219/6
f 6218/6218/6 6222/6222/6 6223/6223/6
f 6227/6227/5 6230/6230/5 6226/6226/5
f 6227/6227/5 6231/6231/5 6230/6230/5
f 6222/6222/144 6231/6231/144 6223/6223/144
f 6222/6222/144 6230/6230/144 6231/6231/144
f 6219/6219/142 6226/6226/142 6218/6218/142
f 6219/6219/142 6227/6227/142 6226/6226/142
f 6219/6219/141 6224/6224/141 6220/6220/141
f 6219/6219/141 6223/6223/141 6224/6224/141
f 6228/6228/143 6231/6231/143 6227/6227/143
f 6228/6228/143 6232/6232/143 6231/6231/143
f 6223/6223/144 6232/6232/144 6224/6224/144
f 6223/6223/144 6231/6231/144 6232/6232/144
f 6220/6220/142 6227/6227/142 6219/6219/142
f 6220/6220/142 6228/6228/142 6227/6227/142
f 6220/6220/5 6225/6225/5 6221/6221/5
f 6220/6220/5 6224/6224/5 6225/6225/5
f 6229/6229/6 6232/6232/6 6228/6228/6
f 6229/6229/6 6233/6233/6 6232/6232/6
f 6224/6224/144 6233/6233/144 6225/6225/144
f 6224/6224/144 6232/6232/144 6233/6233/144
f 6221/6221/142 6228/6228/142 6220/6220/142
f 6221/6221/142 6229/6229/142 6228/6228/142
f 6221/6221/143 6222/6222/143 6218/6218/143
f 6221/6221/143 6225/6225/143 6222/6222/143
f 6226/6226/141 6233/6233/141 6229/6229/141
f 6226/6226/141 6230/6230/141 6233/6233/141
f 6225/6225/144 6230/6230/144 6222/6222/144
f 6225/6225/144 6233/6233/144 6230/6230/144
f 6218/6218/142 6229/6229/142 6221/6221/142
f 6218/6218/142 6226/6226/142 6229/6229/142
f 6234/6234/6 6241/6241/6 6235/6235/6
f 6234/6234/6 6240/6240/6 6241/6241/6
f 6247/6247/5 6252/6252/5 6246/6246/5
f 6247/6247/5 6253/6253/5 6252/6252/5
f 6240/6240/144 6253/6253/144 6241/6241/144
f 6240/6240/144 6252/6252/144 6253/6253/144
f 6235/6235/142 6246/6246/142 6234/6234/142
f 6235/6235/142 6247/6247/142 6246/6246/142
f 6235/6235/141 6242/6242/141 6236/6236/141
f 6235/6235/141 6241/6241/141 6242/6242/141
f 6248/6248/143 6253/6253/143 6247/6247/143
f 6248/6248/143 6254/6254/143 6253/6253/143
f 6241/6241/144 6254/6254/144 6242/6242/144
f 6241/6241/144 6253/6253/144 6254/6254/144
f 6236/6236/142 6247/6247/142 6235/6235/142
f 6236/6236/142 6248/6248/142 6247/6247/142
f 6236/6236/149 6243/6243/149 6237/6237/149
f 6236/6236/149 6242/6242/149 6243/6243/149
f 6249/6249/150 6254/6254/150 6248/6248/150
f 6249/6249/150 6255/6255/150 6254/6254/150
f 6242/6242/144 6255/6255/144 6243/6243/144
f 6242/6242/144 6254/6254/144 6255/6255/144
f 6237/6237/142 6248/6248/142 6236/6236/142
f 6237/6237/142 6249/6249/142 6248/6248/142
f 6237/6237/5 6244/6244/5 6238/6238/5
f 6237/6237/5 6243/6243/5 6244/6244/5
f 6250/6250/6 6255/6255/6 6249/6249/6
f 6250/6250/6 6256/6256/6 6255/6255/6
f 6243/6243/144 6256/6256/144 6244/6244/144
f 6243/6243/144 6255/6255/144 6256/6256/144
f 6238/6238/142 6249/6249/142 6237/6237/142
f 6238/6238/142 6250/6250/142 6249/6249/142
f 6238/6238/151 6245/6245/151 6239/6239/151
f 6238/6238/151 6244/6244/151 6245/6245/151
f 6251/6251/152 6256/6256/152 6250/6250/152
f 6251/6251/152 6257/6257/152 6256/6256/152
f 6244/6244/144 6257/6257/144 6245/6245/144
f 6244/6244/144 6256/6256/144 6257/6257/144
f 6239/6239/142 6250/6250/142 6238/6238/142
f 6239/6239/142 6251/6251/142 6250/6250/142
f 6239/6239/143 6240/6240/143 6234/6234/143
f 6239/6239/143 6245/6245/143 6240/6240/143
f 6246/6246/141 6257/6257/141 6251/6251/141
f 6246/6246/141 6252/6252/141 6257/6257/141
f 6245/6245/144 6252/6252/144 6240/6240/144
f 6245/6245/144 6257/6257/144 6252/6252/144
f 6234/6234/142 6251/6251/142 6239/6239/142
f 6234/6234/142 6246/6246/142 6251/6251/142
f 6258/6258/141 6263/6263/141 6259/6259/141
f 6258/6258/141 6262/6262/141 6263/6263/141
f 6267/6267/143 6270/6270/143 6266/6266/143
f 6267/6267/143 6271/6271/143 6270/6270/143
f 6262/6262/5 6271/6271/5 6263/6263/5
f 6262/6262/5 6270/6270/5 6271/6271/5
f 6259/6259/6 6266/6266/6 6258/6258/6
f 6259/6259/6 6267/6267/6 6266/6266/6
f 6259/6259/142 6264/6264/142 6260/6260/142
f 6259/6259/142 6263/6263/142 6264/6264/142
f 6268/6268/144 6271/6271/144 6267/6267/144
f 6268/6268/144 6272/6272/144 6271/6271/144
f 6263/6263/5 6272/6272/5 6264/6264/5
f 6263/6263/5 6271/6271/5 6272/6272/5
f 6260/6260/6 6267/6267/6 6259/6259/6
f 6260/6260/6 6268/6268/6 6267/6267/6
f 6260/6260/143 6265/6265/143 6261/6261/143
f 6260/6260/143 6264/6264/143 6265/6265/143
f 6269/6269/141 6272/6272/141 6268/6268/141
f 6269/6269/141 6273/6273/141 6272/6272/141
f 6264/6264/5 6273/6273/5 6265/6265/5
f 6264/6264/5 6272/6272/5 6273/6273/5
f 6261/6261/6 6268/6268/6 6260/6260/6
f 6261/6261/6 6269/6269/6 6268/6268/6
f 6261/6261/144 6262/6262/144 6258/6258/144
f 6261/6261/144 6265/6265/144 6262/6262/144
f 6266/6266/142 6273/6273/142 6269/6269/142
f 6266/6266/142 6270/6270/142 6273/6273/142
f 6265/6265/5 6270/6270/5 6262/6262/5
f 6265/6265/5 6273/6273/5 6270/6270/5
f 6258/6258/6 6269/6269/6 6261/6261/6
f 6258/6258/6 6266/6266/6 6269/6269/6
f 6274/6274/141 6279/6279/141 6275/6275/141
f 6274/6274/141 6278/6278/141 6279/6279/141
f 6283/6283/143 6286/6286/143 6282/6282/143
f 6283/6283/143 6287/6287/143 6286/6286/143
f 6278/6278/5 6287/6287/5 6279/6279/5
f 6278/6278/5 6286/6286/5 6287/6287/5
f 6275/6275/6 6282/6282/6 6274/6274/6
f 6275/6275/6 6283/6283/6 6282/6282/6
f 6275/6275/142 6280/6280/142 6276/6276/142
f 6275/6275/142 6279/6279/142 6280/6280/142
f 6284/6284/144 6287/6287/144 6283/6283/144
f 6284/6284/144 6288/6288/144 6287/6287/144
f 6279/6279/5 6288/6288/5 6280/6280/5
f 6279/6279/5 6287/6287/5 6288/6288/5
f 6276/6276/6 6283/6283/6 6275/6275/6
f 6276/6276/6 6284/6284/6 6283/6283/6
f 6276/6276/143 6281/6281/143 6277/6277/143
f 6276/6276/143 6280/6280/143 6281/6281/143
f 6285/6285/141 6288/6288/141 6284/6284/141
f 6285/6285/141 6289/6289/141 6288/6288/141
f 6280/6280/5 6289/6289/5 6281/6281/5
f 6280/6280/5 6288/6288/5 6289/6289/5
f 6277/6277/6 6284/6284/6 6276/6276/6
f 6277/6277/6 6285/6285/6 6284/6284/6
f 6277/6277/144 6278/6278/144 6274/6274/144
f 6277/6277/144 6281/6281/144 6278/6278/144
f 6282/6282/142 6289/6289/142 6285/6285/142
f 6282/6282/142 6286/6286/142 6289/6289/142
f 6281/6281/5 6286/6286/5 6278/6278/5
f 6281/6281/5 6289/6289/5 6286/6286/5
f 6274/6274/6 6285/6285/6 6277/6277/6
f 6274/6274/6 6282/6282/6 6285/6285/6
f 6290/6290/141 6295/6295/141 6291/6291/141
f 6290/6290/141 6294/6294/141 6295/6295/141
f 6299/6299/143 6302/6302/143 6298/6298/143
f 6299/6299/143 6303/6303/143 6302/6302/143
f 6294/6294/5 6303/6303/5 6295/6295/5
f 6294/6294/5 6302/6302/5 6303/6303/5
f 6291/6291/6 6298/6298/6 6290/6290/6
f 6291/6291/6 6299/6299/6 6298/6298/6
f 6291/6291/142 6296/6296/142 6292/6292/142
f 6291/6291/142 6295/6295/142 6296/6296/142
f 6300/6300/144 6303/6303/144 6299/6299/144
f 6300/6300/144 6304/6304/144 6303/6303/144
f 6295/6295/5 6304/6304/5 6296/6296/5
f 6295/6295/5 6303/6303/5 6304/6304/5
f 6292/6292/6 6299/6299/6 6291/6291/6
f 6292/6292/6 6300/6300/6 6299/6299/6
f 6292/6292/143 6297/6297/143 6293/6293/143
f 6292/6292/143 6296/6296/143 6297/6297/143
f 6301/6301/141 6304/6304/141 6300/6300/141
f 6301/6301/141 6305/6305/141 6304/6304/141
f 6296/6296/5 6305/6305/5 6297/6297/5
f 6296/6296/5 6304/6304/5 6305/6305/5
f 6293/6293/6 6300/6300/6 6292/6292/6
f 6293/6293/6 6301/6301/6 6300/6300/6
f 6293/6293/144 6294/6294/144 6290/6290/144
f 6293/6293/144 6297/6297/144 6294/6294/144
f 6298/6298/142 6305/6305/142 6301/6301/142
f 6298/6298/142 6302/6302/142 6305/6305/142
f 6297/6297/5 6302/6302/5 6294/6294/5
f 6297/6297/5 6305/6305/5 6302/6302/5
f 6290/6290/6 6301/6301/6 6293/6293/6
f 6290/6290/6 6298/6298/6 6301/6301/6
f 6306/6306/142 6307/6307/142 6311/6311/142
f 6306/6306/142 6311/6311/142 6310/6310/142
f 6307/6307/141 6308/6308/141 6312/6312/141
f 6307/6307/141 6312/6312/141 6311/6311/141
f 6308/6308/144 6309/6309/144 6313/6313/144
f 6308/6308/144 6313/6313/144 6312/6312/144
f 6309/6309/143 6306/6306/143 6310/6310/143
f 6309/6309/143 6310/6310/143 6313/6313/143
f 6310/6310/5 6311/6311/5 6312/6312/5
f 6310/6310/5 6312/6312/5 6313/6313/5
f 6309/6309/6 6308/6308/6 6307/6307/6
f 6309/6309/6 6307/6307/6 6306/6306/6
f 6314/6314/143 6315/6315/143 6319/6319/143
f 6314/6314/143 6319/6319/143 6318/6318/143
f 6315/6315/142 6316/6316/142 6320/6320/142
f 6315/6315/142 6320/6320/142 6319/6319/142
f 6316/6316/141 6317/6317/141 6321/6321/141
f 6316/6316/141 6321/6321/141 6320/6320/141
f 6317/6317/144 6314/6314/144 6318/6318/144
f 6317/6317/144 6318/6318/144 6321/6321/144
f 6318/6318/5 6319/6319/5 6320/6320/5
f 6318/6318/5 6320/6320/5 6321/6321/5
f 6317/6317/6 6316/6316/6 6315/6315/6
f 6317/6317/6 6315/6315/6 6314/6314/6
f 6322/6322/142 6323/6323/142 6327/6327/142
f 6322/6322/142 6327/6327/142 6326/6326/142
f 6323/6323/141 6324/6324/141 6328/6328/141
f 6323/6323/141 6328/6328/141 6327/6327/141
f 6324/6324/144 6325/6325/144 6329/6329/144
f 6324/6324/144 6329/6329/144 6328/6328/144
f 6325/6325/143 6322/6322/143 6326/6326/143
f 6325/6325/143 6326/6326/143 6329/6329/143
f 6326/6326/5 6327/6327/5 6328/6328/5
f 6326/6326/5 6328/6328/5 6329/6329/5
f 6325/6325/6 6324/6324/6 6323/6323/6
f 6325/6325/6 6323/6323/6 6322/6322/6
f 6330/6330/143 6331/6331/143 6335/6335/143
f 6330/6330/143 6335/6335/143 6334/6334/143
f 6331/6331/142 6332/6332/142 6336/6336/142
f 6331/6331/142 6336/6336/142 6335/6335/142
f 6332/6332/141 6333/6333/141 6337/6337/141
f 6332/6332/141 6337/6337/141 6336/6336/141
f 6333/6333/144 6330/6330/144 6334/6334/144
f 6333/6333/144 6334/6334/144 6337/6337/144
f 6334/6334/5 6335/6335/5 6336/6336/5
f 6334/6334/5 6336/6336/5 6337/6337/5
f 6333/6333/6 6332/6332/6 6331/6331/6
f 6333/6333/6 6331/6331/6 6330/6330/6
f 6338/6338/144 6339/6339/144 6343/6343/144
f 6338/6338/144 6343/6343/144 6342/6342/144
f 6339/6339/143 6340/6340/143 6344/6344/143
f 6339/6339/143 6344/6344/143 6343/6343/143
f 6340/6340/142 6341/6341/142 6345/6345/142
f 6340/6340/142 6345/6345/142 6344/6344/142
f 6341/6341/141 6338/6338/141 6342/6342/141
f 6341/6341/141 6342/6342/141 6345/6345/141
f 6342/6342/5 6343/6343/5 6344/6344/5
f 6342/6342/5 6344/6344/5 6345/6345/5
f 6341/6341/6 6340/6340/6 6339/6339/6
f 6341/6341/6 6339/6339/6 6338/6338/6
f 6346/6346/141 6347/6347/141 6351/6351/141
f 6346/6346/141 6351/6351/141 6350/6350/141
f 6347/6347/144 6348/6348/144 6352/6352/144
f 6347/6347/144 6352/6352/144 6351/6351/144
f 6348/6348/143 6349/6349/143 6353/6353/143
f 6348/6348/143 6353/6353/143 6352/6352/143
f 6349/6349/142 6346/6346/142 6350/6350/142
f 6349/6349/142 6350/6350/142 6353/6353/142
f 6350/6350/5 6351/6351/5 6352/6352/5
f 6350/6350/5 6352/6352/5 6353/6353/5
f 6349/6349/6 6348/6348/6 6347/6347/6
f 6349/6349/6 6347/6347/6 6346/6346/6
f 6354/6354/144 6355/6355/144 6359/6359/144
f 6354/6354/144 6359/6359/144 6358/6358/144
f 6355/6355/143 6356/6356/143 6360/6360/143
f 6355/6355/143 6360/6360/143 6359/6359/143
f 6356/6356/142 6357/6357/142 6361/6361/142
f 6356/6356/142 6361/6361/142 6360/6360/142
f 6357/6357/141 6354/6354/141 6358/6358/141
f 6357/6357/141 6358/6358/141 6361/6361/141
f 6358/6358/5 6359/6359/5 6360/6360/5
f 6358/6358/5 6360/6360/5 6361/6361/5
f 6357/6357/6 6356/6356/6 6355/6355/6
f 6357/6357/6 6355/6355/6 6354/6354/6
f 6362/6362/141 6363/6363/141 6367/6367/141
f 6362/6362/141 6367/6367/141 6366/6366/141
f 6363/6363/144 6364/6364/144 6368/6368/144
f 6363/6363/144 6368/6368/144 6367/6367/144
f 6364/6364/143 6365/6365/143 6369/6369/143
f 6364/6364/143 6369/6369/143 6368/6368/143
f 6365/6365/142 6362/6362/142 6366/6366/142
f 6365/6365/142 6366/6366/142 6369/6369/142
f 6366/6366/5 6367/6367/5 6368/6368/5
f 6366/6366/5 6368/6368/5 6369/6369/5
f 6365/6365/6 6364/6364/6 6363/6363/6
f 6365/6365/6 6363/6363/6 6362/6362/6
f 6370/6370/143 6371/6371/143 6375/6375/143
f 6370/6370/143 6375/6375/143 6374/6374/143
f 6371/6371/142 6372/6372/142 6376/6376/142
f 6371/6371/142 6376/6376/142 6375/6375/142
f 6372/6372/141 6373/6373/141 6377/6377/141
f 6372/6372/141 6377/6377/141 6376/6376/141
f 6373/6373/144 6370/6370/144 6374/6374/144
f 6373/6373/144 6374/6374/144 6377/6377/144
f 6374/6374/5 6375/6375/5 6376/6376/5
f 6374/6374/5 6376/6376/5 6377/6377/5
f 6373/6373/6 6372/6372/6 6371/6371/6
f 6373/6373/6 6371/6371/6 6370/6370/6
f 6378/6378/144 6379/6379/144 6383/6383/144
f 6378/6378/144 6383/6383/144 6382/6382/144
f 6379/6379/143 6380/6380/143 6384/6384/143
f 6379/6379/143 6384/6384/143 6383/6383/143
f 6380/6380/142 6381/6381/142 6385/6385/142
f 6380/6380/142 6385/6385/142 6384/6384/142
f 6381/6381/141 6378/6378/141 6382/6382/141
f 6381/6381/141 6382/6382/141 6385/6385/141
f 6382/6382/5 6383/6383/5 6384/6384/5
f 6382/6382/5 6384/6384/5 6385/6385/5
f 6381/6381/6 6380/6380/6 6379/6379/6
f 6381/6381/6 6379/6379/6 6378/6378/6
f 6386/6386/143 6387/6387/143 6391/6391/143
f 6386/6386/143 6391/6391/143 6390/6390/143
f 6387/6387/142 6388/6388/142 6392/6392/142
f 6387/6387/142 6392/6392/142 6391/6391/142
f 6388/6388/141 6389/6389/141 6393/6393/141
f 6388/6388/141 6393/6393/141 6392/6392/141
f 6389/6389/144 6386/6386/144 6390/6390/144
f 6389/6389/144 6390/6390/144 6393/6393/144
f 6390/6390/5 6391/6391/5 6392/6392/5
f 6390/6390/5 6392/6392/5 6393/6393/5
f 6389/6389/6 6388/6388/6 6387/6387/6
f 6389/6389/6 6387/6387/6 6386/6386/6
f 6394/6394/144 6395/6395/144 6399/6399/144
f 6394/6394/144 6399/6399/144 6398/6398/144
f 6395/6395/143 6396/6396/143 6400/6400/143
f 6395/6395/143 6400/6400/143 6399/6399/143
f 6396/6396/142 6397/6397/142 6401/6401/142
f 6396/6396/142 6401/6401/142 6400/6400/142
f 6397/6397/141 6394/6394/141 6398/6398/141
f 6397/6397/141 6398/6398/141 6401/6401/141
f 6398/6398/5 6399/6399/5 6400/6400/5
f 6398/6398/5 6400/6400/5 6401/6401/5
f 6397/6397/6 6396/6396/6 6395/6395/6
f 6397/6397/6 6395/6395/6 6394/6394/6
f 6402/6402/141 6403/6403/141 6407/6407/141
f 6402/6402/141 6407/6407/141 6406/6406/141
f 6403/6403/144 6404/6404/144 6408/6408/144
f 6403/6403/144 6408/6408/144 6407/6407/144
f 6404/6404/143 6405/6405/143 6409/6409/143
f 6404/6404/143 6409/6409/143 6408/6408/143
f 6405/6405/142 6402/6402/142 6406/6406/142
f 6405/6405/142 6406/6406/142 6409/6409/142
f 6406/6406/5 6407/6407/5 6408/6408/5
f 6406/6406/5 6408/6408/5 6409/6409/5
f 6405/6405/6 6404/6404/6 6403/6403/6
f 6405/6405/6 6403/6403/6 6402/6402/6
f 6410/6410/142 6411/6411/142 6415/6415/142
f 6410/6410/142 6415/6415/142 6414/6414/142
f 6411/6411/141 6412/6412/141 6416/6416/141
f 6411/6411/141 6416/6416/141 6415/6415/141
f 6412/6412/144 6413/6413/144 6417/6417/144
f 6412/6412/144 6417/6417/144 6416/6416/144
f 6413/6413/143 6410/6410/143 6414/6414/143
f 6413/6413/143 6414/6414/143 6417/6417/143
f 6414/6414/5 6415/6415/5 6416/6416/5
f 6414/6414/5 6416/6416/5 6417/6417/5
f 6413/6413/6 6412/6412/6 6411/6411/6
f 6413/6413/6 6411/6411/6 6410/6410/6
f 6418/6418/141 6419/6419/141 6423/6423/141
f 6418/6418/141 6423/6423/141 6422/6422/141
f 6419/6419/144 6420/6420/144 6424/6424/144
f 6419/6419/144 6424/6424/144 6423/6423/144
f 6420/6420/143 6421/6421/143 6425/6425/143
f 6420/6420/143 6425/6425/143 6424/6424/143
f 6421/6421/142 6418/6418/142 6422/6422/142
f 6421/6421/142 6422/6422/142 6425/6425/142
f 6422/6422/5 6423/6423/5 6424/6424/5
f 6422/6422/5 6424/6424/5 6425/6425/5
f 6421/6421/6 6420/6420/6 6419/6419/6
f 6421/6421/6 6419/6419/6 6418/6418/6
f 6426/6426/142 6427/6427/142 6431/6431/142
f 6426/6426/142 6431/6431/142 6430/6430/142
f 6427/6427/141 6428/6428/141 6432/6432/141
f 6427/6427/141 6432/6432/141 6431/6431/141
f 6428/6428/144 6429/6429/144 6433/6433/144
f 6428/6428/144 6433/6433/144 6432/6432/144
f 6429/6429/143 6426/6426/143 6430/6430/143
f 6429/6429/143 6430/6430/143 6433/6433/143
f 6430/6430/5 6431/6431/5 6432/6432/5
f 6430/6430/5 6432/6432/5 6433/6433/5
f 6429/6429/6 6428/6428/6 6427/6427/6
f 6429/6429/6 6427/6427/6 6426/6426/6
f 6434/6434/39 6439/6439/39 6435/6435/39
f 6434/6434/39 6438/6438/39 6439/6439/39
f 6435/6435/40 6440/6440/40 6436/6436/40
f 6435/6435/40 6439/6439/40 6440/6440/40
f 6436/6436/41 6441/6441/41 6437/6437/41
f 6436/6436/41 6440/6440/41 6441/6441/41
f 6437/6437/42 6438/6438/42 6434/6434/42
f 6437/6437/42 6441/6441/42 6438/6438/42
f 6438/6438/5 6440/6440/5 6439/6439/5
f 6438/6438/5 6441/6441/5 6440/6440/5
f 6437/6437/6 6435/6435/6 6436/6436/6
f 6437/6437/6 6434/6434/6 6435/6435/6
f 6442/6442/6 6447/6447/6 6443/6443/6
f 6442/6442/6 6446/6446/6 6447/6447/6
f 6451/6451/5 6454/6454/5 6450/6450/5
f 6451/6451/5 6455/6455/5 6454/6454/5
f 6446/6446/39 6455/6455/39 6447/6447/39
f 6446/6446/39 6454/6454/39 6455/6455/39
f 6443/6443/41 6450/6450/41 6442/6442/41
f 6443/6443/41 6451/6451/41 6450/6450/41
f 6443/6443/40 6448/6448/40 6444/6444/40
f 6443/6443/40 6447/6447/40 6448/6448/40
f 6452/6452/42 6455/6455/42 6451/6451/42
f 6452/6452/42 6456/6456/42 6455/6455/42
f 6447/6447/39 6456/6456/39 6448/6448/39
f 6447/6447/39 6455/6455/39 6456/6456/39
f 6444/6444/41 6451/6451/41 6443/6443/41
f 6444/6444/41 6452/6452/41 6451/6451/41
f 6444/6444/5 6449/6449/5 6445/6445/5
f 6444/6444/5 6448/6448/5 6449/6449/5
f 6453/6453/6 6456/6456/6 6452/6452/6
f 6453/6453/6 6457/6457/6 6456/6456/6
f 6448/6448/39 6457/6457/39 6449/6449/39
f 6448/6448/39 6456/6456/39 6457/6457/39
f 6445/6445/41 6452/6452/41 6444/6444/41
f 6445/6445/41 6453/6453/41 6452/6452/41
f 6445/6445/42 6446/6446/42 6442/6442/42
f 6445/6445/42 6449/6449/42 6446/6446/42
f 6450/6450/40 6457/6457/40 6453/6453/40
f 6450/6450/40 6454/6454/40 6457/6457/40
f 6449/6449/39 6454/6454/39 6446/6446/39
f 6449/6449/39 6457/6457/39 6454/6454/39
f 6442/6442/41 6453/6453/41 6445/6445/41
f 6442/6442/41 6450/6450/41 6453/6453/41
f 6458/6458/6 6463/6463/6 6459/6459/6
f 6458/6458/6 6462/6462/6 6463/6463/6
f 6467/6467/5 6470/6470/5 6466/6466/5
f 6467/6467/5 6471/6471/5 6470/6470/5
f 6462/6462/39 6471/6471/39 6463/6463/39
f 6462/6462/39 6470/6470/39 6471/6471/39
f 6459/6459/41 6466/6466/41 6458/6458/41
f 6459/6459/41 6467/6467/41 6466/6466/41
f 6459/6459/40 6464/6464/40 6460/6460/40
f 6459/6459/40 6463/6463/40 6464/6464/40
f 6468/6468/42 6471/6471/42 6467/6467/42
f 6468/6468/42 6472/6472/42 6471/6471/42
f 6463/6463/39 6472/6472/39 6464/6464/39
f 6463/6463/39 6471/6471/39 6472/6472/39
f 6460/6460/41 6467/6467/41 6459/6459/41
f 6460/6460/41 6468/6468/41 6467/6467/41
f 6460/6460/5 6465/6465/5 6461/6461/5
f 6460/6460/5 6464/6464/5 6465/6465/5
f 6469/6469/6 6472/6472/6 6468/6468/6
f 6469/6469/6 6473/6473/6 6472/6472/6
f 6464/6464/39 6473/6473/39 6465/6465/39
f 6464/6464/39 6472/6472/39 6473/6473/39
f 6461/6461/41 6468/6468/41 6460/6460/41
f 6461/6461/41 6469/6469/41 6468/6468/41
f 6461/6461/42 6462/6462/42 6458/6458/42
f 6461/6461/42 6465/6465/42 6462/6462/42
f 6466/6466/40 6473/6473/40 6469/6469/40
f 6466/6466/40 6470/6470/40 6473/6473/40
f 6465/6465/39 6470/6470/39 6462/6462/39
f 6465/6465/39 6473/6473/39 6470/6470/39
f 6458/6458/41 6469/6469/41 6461/6461/41
f 6458/6458/41 6466/6466/41 6469/6469/41
f 6474/6474/6 6479/6479/6 6475/6475/6
f 6474/6474/6 6478/6478/6 6479/6479/6
f 6483/6483/5 6486/6486/5 6482/6482/5
f 6483/6483/5 6487/6487/5 6486/6486/5
f 6478/6478/40 6487/6487/40 6479/6479/40
f 6478/6478/40 6486/6486/40 6487/6487/40
f 6475/6475/42 6482/6482/42 6474/6474/42
f 6475/6475/42 6483/6483/42 6482/6482/42
f 6475/6475/41 6480/6480/41 6476/6476/41
f 6475/6475/41 6479/6479/41 6480/6480/41
f 6484/6484/39 6487/6487/39 6483/6483/39
f 6484/6484/39 6488/6488/39 6487/6487/39
f 6479/6479/40 6488/6488/40 6480/6480/40
f 6479/6479/40 6487/6487/40 6488/6488/40
f 6476/6476/42 6483/6483/42 6475/6475/42
f 6476/6476/42 6484/6484/42 6483/6483/42
f 6476/6476/5 6481/6481/5 6477/6477/5
f 6476/6476/5 6480/6480/5 6481/6481/5
f 6485/6485/6 6488/6488/6 6484/6484/6
f 6485/6485/6 6489/6489/6 6488/6488/6
f 6480/6480/40 6489/6489/40 6481/6481/40
f 6480/6480/40 6488/6488/40 6489/6489/40
f 6477/6477/42 6484/6484/42 6476/6476/42
f 6477/6477/42 6485/6485/42 6484/6484/42
f 6477/6477/39 6478/6478/39 6474/6474/39
f 6477/6477/39 6481/6481/39 6478/6478/39
f 6482/6482/41 6489/6489/41 6485/6485/41
f 6482/6482/41 6486/6486/41 6489/6489/41
f 6481/6481/40 6486/6486/40 6478/6478/40
f 6481/6481/40 6489/6489/40 6486/6486/40
f 6474/6474/42 6485/6485/42 6477/6477/42
f 6474/6474/42 6482/6482/42 6485/6485/42
f 6490/6490/6 6495/6495/6 6491/6491/6
f 6490/6490/6 6494/6494/6 6495/6495/6
f 6499/6499/5 6502/6502/5 6498/6498/5
f 6499/6499/5 6503/6503/5 6502/6502/5
f 6494/6494/41 6503/6503/41 6495/6495/41
f 6494/6494/41 6502/6502/41 6503/6503/41
f 6491/6491/39 6498/6498/39 6490/6490/39
f 6491/6491/39 6499/6499/39 6498/6498/39
f 6491/6491/42 6496/6496/42 6492/6492/42
f 6491/6491/42 6495/6495/42 6496/6496/42
f 6500/6500/40 6503/6503/40 6499/6499/40
f 6500/6500/40 6504/6504/40 6503/6503/40
f 6495/6495/41 6504/6504/41 6496/6496/41
f 6495/6495/41 6503/6503/41 6504/6504/41
f 6492/6492/39 6499/6499/39 6491/6491/39
f 6492/6492/39 6500/6500/39 6499/6499/39
f 6492/6492/5 6497/6497/5 6493/6493/5
f 6492/6492/5 6496/6496/5 6497/6497/5
f 6501/6501/6 6504/6504/6 6500/6500/6
f 6501/6501/6 6505/6505/6 6504/6504/6
f 6496/6496/41 6505/6505/41 6497/6497/41
f 6496/6496/41 6504/6504/41 6505/6505/41
f 6493/6493/39 6500/6500/39 6492/6492/39
f 6493/6493/39 6501/6501/39 6500/6500/39
f 6493/6493/40 6494/6494/40 6490/6490/40
f 6493/6493/40 6497/6497/40 6494/6494/40
f 6498/6498/42 6505/6505/42 6501/6501/42
f 6498/6498/42 6502/6502/42 6505/6505/42
f 6497/6497/41 6502/6502/41 6494/6494/41
f 6497/6497/41 6505/6505/41 6502/6502/41
f 6490/6490/39 6501/6501/39 6493/6493/39
f 6490/6490/39 6498/6498/39 6501/6501/39
f 6506/6506/6 6511/6511/6 6507/6507/6
f 6506/6506/6 6510/6510/6 6511/6511/6
f 6515/6515/5 6518/6518/5 6514/6514/5
f 6515/6515/5 6519/6519/5 6518/6518/5
f 6510/6510/41 6519/6519/41 6511/6511/41
f 6510/6510/41 6518/6518/41 6519/6519/41
f 6507/6507/39 6514/6514/39 6506/6506/39
f 6507/6507/39 6515/6515/39 6514/6514/39
f 6507/6507/42 6512/6512/42 6508/6508/42
f 6507/6507/42 6511/6511/42 6512/6512/42
f 6516/6516/40 6519/6519/40 6515/6515/40
f 6516/6516/40 6520/6520/40 6519/6519/40
f 6511/6511/41 6520/6520/41 6512/6512/41
f 6511/6511/41 6519/6519/41 6520/6520/41
f 6508/6508/39 6515/6515/39 6507/6507/39
f 6508/6508/39 6516/6516/39 6515/6515/39
f 6508/6508/5 6513/6513/5 6509/6509/5
f 6508/6508/5 6512/6512/5 6513/6513/5
f 6517/6517/6 6520/6520/6 6516/6516/6
f 6517/6517/6 6521/6521/6 6520/6520/6
f 6512/6512/41 6521/6521/41 6513/6513/41
f 6512/6512/41 6520/6520/41 6521/6521/41
f 6509/6509/39 6516/6516/39 6508/6508/39
f 6509/6509/39 6517/6517/39 6516/6516/39
f 6509/6509/40 6510/6510/40 6506/6506/40
f 6509/6509/40 6513/6513/40 6510/6510/40
f 6514/6514/42 6521/6521/42 6517/6517/42
f 6514/6514/42 6518/6518/42 6521/6521/42
f 6513/6513/41 6518/6518/41 6510/6510/41
f 6513/6513/41 6521/6521/41 6518/6518/41
f 6506/6506/39 6517/6517/39 6509/6509/39
f 6506/6506/39 6514/6514/39 6517/6517/39
f 6522/6522/6 6529/6529/6 6523/6523/6
f 6522/6522/6 6528/6528/6 6529/6529/6
f 6535/6535/5 6540/6540/5 6534/6534/5
f 6535/6535/5 6541/6541/5 6540/6540/5
f 6528/6528/41 6541/6541/41 6529/6529/41
f 6528/6528/41 6540/6540/41 6541/6541/41
f 6523/6523/39 6534/6534/39 6522/6522/39
f 6523/6523/39 6535/6535/39 6534/6534/39
f 6523/6523/42 6530/6530/42 6524/6524/42
f 6523/6523/42 6529/6529/42 6530/6530/42
f 6536/6536/40 6541/6541/40 6535/6535/40
f 6536/6536/40 6542/6542/40 6541/6541/40
f 6529/6529/41 6542/6542/41 6530/6530/41
f 6529/6529/41 6541/6541/41 6542/6542/41
f 6524/6524/39 6535/6535/39 6523/6523/39
f 6524/6524/39 6536/6536/39 6535/6535/39
f 6524/6524/47 6531/6531/47 6525/6525/47
f 6524/6524/47 6530/6530/47 6531/6531/47
f 6537/6537/48 6542/6542/48 6536/6536/48
f 6537/6537/48 6543/6543/48 6542/6542/48
f 6530/6530/41 6543/6543/41 6531/6531/41
f 6530/6530/41 6542/6542/41 6543/6543/41
f 6525/6525/39 6536/6536/39 6524/6524/39
f 6525/6525/39 6537/6537/39 6536/6536/39
f 6525/6525/5 6532/6532/5 6526/6526/5
f 6525/6525/5 6531/6531/5 6532/6532/5
f 6538/6538/6 6543/6543/6 6537/6537/6
f 6538/6538/6 6544/6544/6 6543/6543/6
f 6531/6531/41 6544/6544/41 6532/6532/41
f 6531/6531/41 6543/6543/41 6544/6544/41
f 6526/6526/39 6537/6537/39 6525/6525/39
f 6526/6526/39 6538/6538/39 6537/6537/39
f 6526/6526/49 6533/6533/49 6527/6527/49
f 6526/6526/49 6532/6532/49 6533/6533/49
f 6539/6539/50 6544/6544/50 6538/6538/50
f 6539/6539/50 6545/6545/50 6544/6544/50
f 6532/6532/41 6545/6545/41 6533/6533/41
f 6532/6532/41 6544/6544/41 6545/6545/41
f 6527/6527/39 6538/6538/39 6526/6526/39
f 6527/6527/39 6539/6539/39 6538/6538/39
f 6527/6527/40 6528/6528/40 6522/6522/40
f 6527/6527/40 6533/6533/40 6528/6528/40
f 6534/6534/42 6545/6545/42 6539/6539/42
f 6534/6534/42 6540/6540/42 6545/6545/42
f 6533/6533/41 6540/6540/41 6528/6528/41
f 6533/6533/41 6545/6545/41 6540/6540/41
f 6522/6522/39 6539/6539/39 6527/6527/39
f 6522/6522/39 6534/6534/39 6539/6539/39
f 6546/6546/39 6547/6547/39 6551/6551/39
f 6546/6546/39 6551/6551/39 6550/6550/39
f 6547/6547/42 6548/6548/42 6552/6552/42
f 6547/6547/42 6552/6552/42 6551/6551/42
f 6548/6548/41 6549/6549/41 6553/6553/41
f 6548/6548/41 6553/6553/41 6552/6552/41
f 6549/6549/40 6546/6546/40 6550/6550/40
f 6549/6549/40 6550/6550/40 6553/6553/40
f 6550/6550/5 6551/6551/5 6552/6552/5
f 6550/6550/5 6552/6552/5 6553/6553/5
f 6549/6549/6 6548/6548/6 6547/6547/6
f 6549/6549/6 6547/6547/6 6546/6546/6
f 6554/6554/6 6559/6559/6 6555/6555/6
f 6554/6554/6 6558/6558/6 6559/6559/6
f 6563/6563/5 6566/6566/5 6562/6562/5
f 6563/6563/5 6567/6567/5 6566/6566/5
f 6558/6558/42 6567/6567/42 6559/6559/42
f 6558/6558/42 6566/6566/42 6567/6567/42
f 6555/6555/40 6562/6562/40 6554/6554/40
f 6555/6555/40 6563/6563/40 6562/6562/40
f 6555/6555/39 6560/6560/39 6556/6556/39
f 6555/6555/39 6559/6559/39 6560/6560/39
f 6564/6564/41 6567/6567/41 6563/6563/41
f 6564/6564/41 6568/6568/41 6567/6567/41
f 6559/6559/42 6568/6568/42 6560/6560/42
f 6559/6559/42 6567/6567/42 6568/6568/42
f 6556/6556/40 6563/6563/40 6555/6555/40
f 6556/6556/40 6564/6564/40 6563/6563/40
f 6556/6556/5 6561/6561/5 6557/6557/5
f 6556/6556/5 6560/6560/5 6561/6561/5
f 6565/6565/6 6568/6568/6 6564/6564/6
f 6565/6565/6 6569/6569/6 6568/6568/6
f 6560/6560/42 6569/6569/42 6561/6561/42
f 6560/6560/42 6568/6568/42 6569/6569/42
f 6557/6557/40 6564/6564/40 6556/6556/40
f 6557/6557/40 6565/6565/40 6564/6564/40
f 6557/6557/41 6558/6558/41 6554/6554/41
f 6557/6557/41 6561/6561/41 6558/6558/41
f 6562/6562/39 6569/6569/39 6565/6565/39
f 6562/6562/39 6566/6566/39 6569/6569/39
f 6561/6561/42 6566/6566/42 6558/6558/42
f 6561/6561/42 6569/6569/42 6566/6566/42
f 6554/6554/40 6565/6565/40 6557/6557/40
f 6554/6554/40 6562/6562/40 6565/6565/40
f 6570/6570/39 6575/6575/39 6571/6571/39
f 6570/6570/39 6574/6574/39 6575/6575/39
f 6579/6579/41 6582/6582/41 6578/6578/41
f 6579/6579/41 6583/6583/41 6582/6582/41
f 6574/6574/5 6583/6583/5 6575/6575/5
f 6574/6574/5 6582/6582/5 6583/6583/5
f 6571/6571/6 6578/6578/6 6570/6570/6
f 6571/6571/6 6579/6579/6 6578/6578/6
f 6571/6571/40 6576/6576/40 6572/6572/40
f 6571/6571/40 6575/6575/40 6576/6576/40
f 6580/6580/42 6583/6583/42 6579/6579/42
f 6580/6580/42 6584/6584/42 6583/6583/42
f 6575/6575/5 6584/6584/5 6576/6576/5
f 6575/6575/5 6583/6583/5 6584/6584/5
f 6572/6572/6 6579/6579/6 6571/6571/6
f 6572/6572/6 6580/6580/6 6579/6579/6
f 6572/6572/41 6577/6577/41 6573/6573/41
f 6572/6572/41 6576/6576/41 6577/6577/41
f 6581/6581/39 6584/6584/39 6580/6580/39
f 6581/6581/39 6585/6585/39 6584/6584/39
f 6576/6576/5 6585/6585/5 6577/6577/5
f 6576/6576/5 6584/6584/5 6585/6585/5
f 6573/6573/6 6580/6580/6 6572/6572/6
f 6573/6573/6 6581/6581/6 6580/6580/6
f 6573/6573/42 6574/6574/42 6570/6570/42
f 6573/6573/42 6577/6577/42 6574/6574/42
f 6578/6578/40 6585/6585/40 6581/6581/40
f 6578/6578/40 6582/6582/40 6585/6585/40
f 6577/6577/5 6582/6582/5 6574/6574/5
f 6577/6577/5 6585/6585/5 6582/6582/5
f 6570/6570/6 6581/6581/6 6573/6573/6
f 6570/6570/6 6578/6578/6 6581/6581/6
f 6586/6586/39 6591/6591/39 6587/6587/39
f 6586/6586/39 6590/6590/39 6591/6591/39
f 6595/6595/41 6598/6598/41 6594/6594/41
f 6595/6595/41 6599/6599/41 6598/6598/41
f 6590/6590/5 6599/6599/5 6591/6591/5
f 6590/6590/5 6598/6598/5 6599/6599/5
f 6587/6587/6 6594/6594/6 6586/6586/6
f 6587/6587/6 6595/6595/6 6594/6594/6
f 6587/6587/40 6592/6592/40 6588/6588/40
f 6587/6587/40 6591/6591/40 6592/6592/40
f 6596/6596/42 6599/6599/42 6595/6595/42
f 6596/6596/42 6600/6600/42 6599/6599/42
f 6591/6591/5 6600/6600/5 6592/6592/5
f 6591/6591/5 6599/6599/5 6600/6600/5
f 6588/6588/6 6595/6595/6 6587/6587/6
f 6588/6588/6 6596/6596/6 6595/6595/6
f 6588/6588/41 6593/6593/41 6589/6589/41
f 6588/6588/41 6592/6592/41 6593/6593/41
f 6597/6597/39 6600/6600/39 6596/6596/39
f 6597/6597/39 6601/6601/39 6600/6600/39
f 6592/6592/5 6601/6601/5 6593/6593/5
f 6592/6592/5 6600/6600/5 6601/6601/5
f 6589/6589/6 6596/6596/6 6588/6588/6
f 6589/6589/6 6597/6597/6 6596/6596/6
f 6589/6589/42 6590/6590/42 6586/6586/42
f 6589/6589/42 6593/6593/42 6590/6590/42
f 6594/6594/40 6601/6601/40 6597/6597/40
f 6594/6594/40 6598/6598/40 6601/6601/40
f 6593/6593/5 6598/6598/5 6590/6590/5
f 6593/6593/5 6601/6601/5 6598/6598/5
f 6586/6586/6 6597/6597/6 6589/6589/6
f 6586/6586/6 6594/6594/6 6597/6597/6
f 6602/6602/39 6607/6607/39 6603/6603/39
f 6602/6602/39 6606/6606/39 6607/6607/39
f 6611/6611/41 6614/6614/41 6610/6610/41
f 6611/6611/41 6615/6615/41 6614/6614/41
f 6606/6606/5 6615/6615/5 6607/6607/5
f 6606/6606/5 6614/6614/5 6615/6615/5
f 6603/6603/6 6610/6610/6 6602/6602/6
f 6603/6603/6 6611/6611/6 6610/6610/6
f 6603/6603/40 6608/6608/40 6604/6604/40
f 6603/6603/40 6607/6607/40 6608/6608/40
f 6612/6612/42 6615/6615/42 6611/6611/42
f 6612/6612/42 6616/6616/42 6615/6615/42
f 6607/6607/5 6616/6616/5 6608/6608/5
f 6607/6607/5 6615/6615/5 6616/6616/5
f 6604/6604/6 6611/6611/6 6603/6603/6
f 6604/6604/6 6612/6612/6 6611/6611/6
f 6604/6604/41 6609/6609/41 6605/6605/41
f 6604/6604/41 6608/6608/41 6609/6609/41
f 6613/6613/39 6616/6616/39 6612/6612/39
f 6613/6613/39 6617/6617/39 6616/6616/39
f 6608/6608/5 6617/6617/5 6609/6609/5
f 6608/6608/5 6616/6616/5 6617/6617/5
f 6605/6605/6 6612/6612/6 6604/6604/6
f 6605/6605/6 6613/6613/6 6612/6612/6
f 6605/6605/42 6606/6606/42 6602/6602/42
f 6605/6605/42 6609/6609/42 6606/6606/42
f 6610/6610/40 6617/6617/40 6613/6613/40
f 6610/6610/40 6614/6614/40 6617/6617/40
f 6609/6609/5 6614/6614/5 6606/6606/5
f 6609/6609/5 6617/6617/5 6614/6614/5
f 6602/6602/6 6613/6613/6 6605/6605/6
f 6602/6602/6 6610/6610/6 6613/6613/6
f 6618/6618/40 6619/6619/40 6623/6623/40
f 6618/6618/40 6623/6623/40 6622/6622/40
f 6619/6619/39 6620/6620/39 6624/6624/39
f 6619/6619/39 6624/6624/39 6623/6623/39
f 6620/6620/42 6621/6621/42 6625/6625/42
f 6620/6620/42 6625/6625/42 6624/6624/42
f 6621/6621/41 6618/6618/41 6622/6622/41
f 6621/6621/41 6622/6622/41 6625/6625/41
f 6622/6622/5 6623/6623/5 6624/6624/5
f 6622/6622/5 6624/6624/5 6625/6625/5
f 6621/6621/6 6620/6620/6 6619/6619/6
f 6621/6621/6 6619/6619/6 6618/6618/6
f 6626/6626/41 6627/6627/41 6631/6631/41
f 6626/6626/41 6631/6631/41 6630/6630/41
f 6627/6627/40 6628/6628/40 6632/6632/40
f 6627/6627/40 6632/6632/40 6631/6631/40
f 6628/6628/39 6629/6629/39 6633/6633/39
f 6628/6628/39 6633/6633/39 6632/6632/39
f 6629/6629/42 6626/6626/42 6630/6630/42
f 6629/6629/42 6630/6630/42 6633/6633/42
f 6630/6630/5 6631/6631/5 6632/6632/5
f 6630/6630/5 6632/6632/5 6633/6633/5
f 6629/6629/6 6628/6628/6 6627/6627/6
f 6629/6629/6 6627/6627/6 6626/6626/6
f 6634/6634/40 6635/6635/40 6639/6639/40
f 6634/6634/40 6639/6639/40 6638/6638/40
f 6635/6635/39 6636/6636/39 6640/6640/39
f 6635/6635/39 6640/6640/39 6639/6639/39
f 6636/6636/42 6637/6637/42 6641/6641/42
f 6636/6636/42 6641/6641/42 6640/6640/42
f 6637/6637/41 6634/6634/41 6638/6638/41
f 6637/6637/41 6638/6638/41 6641/6641/41
f 6638/6638/5 6639/6639/5 6640/6640/5
f 6638/6638/5 6640/6640/5 6641/6641/5
f 6637/6637/6 6636/6636/6 6635/6635/6
f 6637/6637/6 6635/6635/6 6634/6634/6
f 6642/6642/41 6643/6643/41 6647/6647/41
f 6642/6642/41 6647/6647/41 6646/6646/41
f 6643/6643/40 6644/6644/40 6648/6648/40
f 6643/6643/40 6648/6648/40 6647/6647/40
f 6644/6644/39 6645/6645/39 6649/6649/39
f 6644/6644/39 6649/6649/39 6648/6648/39
f 6645/6645/42 6642/6642/42 6646/6646/42
f 6645/6645/42 6646/6646/42 6649/6649/42
f 6646/6646/5 6647/6647/5 6648/6648/5
f 6646/6646/5 6648/6648/5 6649/6649/5
f 6645/6645/6 6644/6644/6 6643/6643/6
f 6645/6645/6 6643/6643/6 6642/6642/6
f 6650/6650/42 6651/6651/42 6655/6655/42
f 6650/6650/42 6655/6655/42 6654/6654/42
f 6651/6651/41 6652/6652/41 6656/6656/41
f 6651/6651/41 6656/6656/41 6655/6655/41
f 6652/6652/40 6653/6653/40 6657/6657/40
f 6652/6652/40 6657/6657/40 6656/6656/40
f 6653/6653/39 6650/6650/39 6654/6654/39
f 6653/6653/39 6654/6654/39 6657/6657/39
f 6654/6654/5 6655/6655/5 6656/6656/5
f 6654/6654/5 6656/6656/5 6657/6657/5
f 6653/6653/6 6652/6652/6 6651/6651/6
f 6653/6653/6 6651/6651/6 6650/6650/6
f 6658/6658/39 6659/6659/39 6663/6663/39
f 6658/6658/39 6663/6663/39 6662/6662/39
f 6659/6659/42 6660/6660/42 6664/6664/42
f 6659/6659/42 6664/6664/42 6663/6663/42
f 6660/6660/41 6661/6661/41 6665/6665/41
f 6660/6660/41 6665/6665/41 6664/6664/41
f 6661/6661/40 6658/6658/40 6662/6662/40
f 6661/6661/40 6662/6662/40 6665/6665/40
f 6662/6662/5 6663/6663/5 6664/6664/5
f 6662/6662/5 6664/6664/5 6665/6665/5
f 6661/6661/6 6660/6660/6 6659/6659/6
f 6661/6661/6 6659/6659/6 6658/6658/6
f 6666/6666/42 6667/6667/42 6671/6671/42
f 6666/6666/42 6671/6671/42 6670/6670/42
f 6667/6667/41 6668/6668/41 6672/6672/41
f 6667/6667/41 6672/6672/41 6671/6671/41
f 6668/6668/40 6669/6669/40 6673/6673/40
f 6668/6668/40 6673/6673/40 6672/6672/40
f 6669/6669/39 6666/6666/39 6670/6670/39
f 6669/6669/39 6670/6670/39 6673/6673/39
f 6670/6670/5 6671/6671/5 6672/6672/5
f 6670/6670/5 6672/6672/5 6673/6673/5
f 6669/6669/6 6668/6668/6 6667/6667/6
f 6669/6669/6 6667/6667/6 6666/6666/6
f 6674/6674/39 6675/6675/39 6679/6679/39
f 6674/6674/39 6679/6679/39 6678/6678/39
f 6675/6675/42 6676/6676/42 6680/6680/42
f 6675/6675/42 6680/6680/42 6679/6679/42
f 6676/6676/41 6677/6677/41 6681/6681/41
f 6676/6676/41 6681/6681/41 6680/6680/41
f 6677/6677/40 6674/6674/40 6678/6678/40
f 6677/6677/40 6678/6678/40 6681/6681/40
f 6678/6678/5 6679/6679/5 6680/6680/5
f 6678/6678/5 6680/6680/5 6681/6681/5
f 6677/6677/6 6676/6676/6 6675/6675/6
f 6677/6677/6 6675/6675/6 6674/6674/6
f 6682/6682/41 6683/6683/41 6687/6687/41
f 6682/6682/41 6687/6687/41 6686/6686/41
f 6683/6683/40 6684/6684/40 6688/6688/40
f 6683/6683/40 6688/6688/40 6687/6687/40
f 6684/6684/39 6685/6685/39 6689/6689/39
f 6684/6684/39 6689/6689/39 6688/6688/39
f 6685/6685/42 6682/6682/42 6686/6686/42
f 6685/6685/42 6686/6686/42 6689/6689/42
f 6686/6686/5 6687/6687/5 6688/6688/5
f 6686/6686/5 6688/6688/5 6689/6689/5
f 6685/6685/6 6684/6684/6 6683/6683/6
f 6685/6685/6 6683/6683/6 6682/6682/6
f 6690/6690/42 6691/6691/42 6695/6695/42
f 6690/6690/42 6695/6695/42 6694/6694/42
f 6691/6691/41 6692/6692/41 6696/6696/41
f 6691/6691/41 6696/6696/41 6695/6695/41
f 6692/6692/40 6693/6693/40 6697/6697/40
f 6692/6692/40 6697/6697/40 6696/6696/40
f 6693/6693/39 6690/6690/39 6694/6694/39
f 6693/6693/39 6694/6694/39 6697/6697/39
f 6694/6694/5 6695/6695/5 6696/6696/5
f 6694/6694/5 6696/6696/5 6697/6697/5
f 6693/6693/6 6692/6692/6 6691/6691/6
f 6693/6693/6 6691/6691/6 6690/6690/6
f 6698/6698/41 6699/6699/41 6703/6703/41
f 6698/6698/41 6703/6703/41 6702/6702/41
f 6699/6699/40 6700/6700/40 6704/6704/40
f 6699/6699/40 6704/6704/40 6703/6703/40
f 6700/6700/39 6701/6701/39 6705/6705/39
f 6700/6700/39 6705/6705/39 6704/6704/39
f 6701/6701/42 6698/6698/42 6702/6702/42
f 6701/6701/42 6702/6702/42 6705/6705/42
f 6702/6702/5 6703/6703/5 6704/6704/5
f 6702/6702/5 6704/6704/5 6705/6705/5
f 6701/6701/6 6700/6700/6 6699/6699/6
f 6701/6701/6 6699/6699/6 6698/6698/6
f 6706/6706/42 6707/6707/42 6711/6711/42
f 6706/6706/42 6711/6711/42 6710/6710/42
f 6707/6707/41 6708/6708/41 6712/6712/41
f 6707/6707/41 6712/6712/41 6711/6711/41
f 6708/6708/40 6709/6709/40 6713/6713/40
f 6708/6708/40 6713/6713/40 6712/6712/40
f 6709/6709/39 6706/6706/39 6710/6710/39
f 6709/6709/39 6710/6710/39 6713/6713/39
f 6710/6710/5 6711/6711/5 6712/6712/5
f 6710/6710/5 6712/6712/5 6713/6713/5
f 6709/6709/6 6708/6708/6 6707/6707/6
f 6709/6709/6 6707/6707/6 6706/6706/6
f 6714/6714/39 6715/6715/39 6719/6719/39
f 6714/6714/39 6719/6719/39 6718/6718/39
f 6715/6715/42 6716/6716/42 6720/6720/42
f 6715/6715/42 6720/6720/42 6719/6719/42
f 6716/6716/41 6717/6717/41 6721/6721/41
f 6716/6716/41 6721/6721/41 6720/6720/41
f 6717/6717/40 6714/6714/40 6718/6718/40
f 6717/6717/40 6718/6718/40 6721/6721/40
f 6718/6718/5 6719/6719/5 6720/6720/5
f 6718/6718/5 6720/6720/5 6721/6721/5
f 6717/6717/6 6716/6716/6 6715/6715/6
f 6717/6717/6 6715/6715/6 6714/6714/6
f 6722/6722/40 6723/6723/40 6727/6727/40
f 6722/6722/40 6727/6727/40 6726/6726/40
f 6723/6723/39 6724/6724/39 6728/6728/39
f 6723/6723/39 6728/6728/39 6727/6727/39
f 6724/6724/42 6725/6725/42 6729/6729/42
f 6724/6724/42 6729/6729/42 6728/6728/42
f 6725/6725/41 6722/6722/41 6726/6726/41
f 6725/6725/41 6726/6726/41 6729/6729/41
f 6726/6726/5 6727/6727/5 6728/6728/5
f 6726/6726/5 6728/6728/5 6729/6729/5
f 6725/6725/6 6724/6724/6 6723/6723/6
f 6725/6725/6 6723/6723/6 6722/6722/6
f 6730/6730/39 6731/6731/39 6735/6735/39
f 6730/6730/39 6735/6735/39 6734/6734/39
f 6731/6731/42 6732/6732/42 6736/6736/42
f 6731/6731/42 6736/6736/42 6735/6735/42
f 6732/6732/41 6733/6733/41 6737/6737/41
f 6732/6732/41 6737/6737/41 6736/6736/41
f 6733/6733/40 6730/6730/40 6734/6734/40
f 6733/6733/40 6734/6734/40 6737/6737/40
f 6734/6734/5 6735/6735/5 6736/6736/5
f 6734/6734/5 6736/6736/5 6737/6737/5
f 6733/6733/6 6732/6732/6 6731/6731/6
f 6733/6733/6 6731/6731/6 6730/6730/6
f 6738/6738/40 6739/6739/40 6743/6743/40
f 6738/6738/40 6743/6743/40 6742/6742/40
f 6739/6739/39 6740/6740/39 6744/6744/39
f 6739/6739/39 6744/6744/39 6743/6743/39
f 6740/6740/42 6741/6741/42 6745/6745/42
f 6740/6740/42 6745/6745/42 6744/6744/42
f 6741/6741/41 6738/6738/41 6742/6742/41
f 6741/6741/41 6742/6742/41 6745/6745/41
f 6742/6742/5 6743/6743/5 6744/6744/5
f 6742/6742/5 6744/6744/5 6745/6745/5
f 6741/6741/6 6740/6740/6 6739/6739/6
f 6741/6741/6 6739/6739/6 6738/6738/6
f 6746/6746/71 6751/6751/71 6747/6747/71
f 6746/6746/71 6750/6750/71 6751/6751/71
f 6747/6747/72 6752/6752/72 6748/6748/72
f 6747/6747/72 6751/6751/72 6752/6752/72
f 6748/6748/73 6753/6753/73 6749/6749/73
f 6748/6748/73 6752/6752/73 6753/6753/73
f 6749/6749/74 6750/6750/74 6746/6746/74
f 6749/6749/74 6753/6753/74 6750/6750/74
f 6750/6750/5 6752/6752/5 6751/6751/5
f 6750/6750/5 6753/6753/5 6752/6752/5
f 6749/6749/6 6747/6747/6 6748/6748/6
f 6749/6749/6 6746/6746/6 6747/6747/6
f 6754/6754/6 6761/6761/6 6755/6755/6
f 6754/6754/6 6760/6760/6 6761/6761/6
f 6767/6767/5 6772/6772/5 6766/6766/5
f 6767/6767/5 6773/6773/5 6772/6772/5
f 6760/6760/71 6773/6773/71 6761/6761/71
f 6760/6760/71 6772/6772/71 6773/6773/71
f 6755/6755/73 6766/6766/73 6754/6754/73
f 6755/6755/73 6767/6767/73 6766/6766/73
f 6755/6755/72 6762/6762/72 6756/6756/72
f 6755/6755/72 6761/6761/72 6762/6762/72
f 6768/6768/74 6773/6773/74 6767/6767/74
f 6768/6768/74 6774/6774/74 6773/6773/74
f 6761/6761/71 6774/6774/71 6762/6762/71
f 6761/6761/71 6773/6773/71 6774/6774/71
f 6756/6756/73 6767/6767/73 6755/6755/73
f 6756/6756/73 6768/6768/73 6767/6767/73
f 6756/6756/153 6763/6763/153 6757/6757/153
f 6756/6756/153 6762/6762/153 6763/6763/153
f 6769/6769/154 6774/6774/154 6768/6768/154
f 6769/6769/154 6775/6775/154 6774/6774/154
f 6762/6762/71 6775/6775/71 6763/6763/71
f 6762/6762/71 6774/6774/71 6775/6775/71
f 6757/6757/73 6768/6768/73 6756/6756/73
f 6757/6757/73 6769/6769/73 6768/6768/73
f 6757/6757/5 6764/6764/5 6758/6758/5
f 6757/6757/5 6763/6763/5 6764/6764/5
f 6770/6770/6 6775/6775/6 6769/6769/6
f 6770/6770/6 6776/6776/6 6775/6775/6
f 6763/6763/71 6776/6776/71 6764/6764/71
f 6763/6763/71 6775/6775/71 6776/6776/71
f 6758/6758/73 6769/6769/73 6757/6757/73
f 6758/6758/73 6770/6770/73 6769/6769/73
f 6758/6758/155 6765/6765/155 6759/6759/155
f 6758/6758/155 6764/6764/155 6765/6765/155
f 6771/6771/156 6776/6776/156 6770/6770/156
f 6771/6771/156 6777/6777/156 6776/6776/156
f 6764/6764/71 6777/6777/71 6765/6765/71
f 6764/6764/71 6776/6776/71 6777/6777/71
f 6759/6759/73 6770/6770/73 6758/6758/73
f 6759/6759/73 6771/6771/73 6770/6770/73
f 6759/6759/74 6760/6760/74 6754/6754/74
f 6759/6759/74 6765/6765/74 6760/6760/74
f 6766/6766/72 6777/6777/72 6771/6771/72
f 6766/6766/72 6772/6772/72 6777/6777/72
f 6765/6765/71 6772/6772/71 6760/6760/71
f 6765/6765/71 6777/6777/71 6772/6772/71
f 6754/6754/73 6771/6771/73 6759/6759/73
f 6754/6754/73 6766/6766/73 6771/6771/73
f 6778/6778/6 6785/6785/6 6779/6779/6
f 6778/6778/6 6784/6784/6 6785/6785/6
f 6791/6791/5 6796/6796/5 6790/6790/5
f 6791/6791/5 6797/6797/5 6796/6796/5
f 6784/6784/71 6797/6797/71 6785/6785/71
f 6784/6784/71 6796/6796/71 6797/6797/71
f 6779/6779/73 6790/6790/73 6778/6778/73
f 6779/6779/73 6791/6791/73 6790/6790/73
f 6779/6779/72 6786/6786/72 6780/6780/72
f 6779/6779/72 6785/6785/72 6786/6786/72
f 6792/6792/74 6797/6797/74 6791/6791/74
f 6792/6792/74 6798/6798/74 6797/6797/74
f 6785/6785/71 6798/6798/71 6786/6786/71
f 6785/6785/71 6797/6797/71 6798/6798/71
f 6780/6780/73 6791/6791/73 6779/6779/73
f 6780/6780/73 6792/6792/73 6791/6791/73
f 6780/6780/153 6787/6787/153 6781/6781/153
f 6780/6780/153 6786/6786/153 6787/6787/153
f 6793/6793/154 6798/6798/154 6792/6792/154
f 6793/6793/154 6799/6799/154 6798/6798/154
f 6786/6786/71 6799/6799/71 6787/6787/71
f 6786/6786/71 6798/6798/71 6799/6799/71
f 6781/6781/73 6792/6792/73 6780/6780/73
f 6781/6781/73 6793/6793/73 6792/6792/73
f 6781/6781/5 6788/6788/5 6782/6782/5
f 6781/6781/5 6787/6787/5 6788/6788/5
f 6794/6794/6 6799/6799/6 6793/6793/6
f 6794/6794/6 6800/6800/6 6799/6799/6
f 6787/6787/71 6800/6800/71 6788/6788/71
f 6787/6787/71 6799/6799/71 6800/6800/71
f 6782/6782/73 6793/6793/73 6781/6781/73
f 6782/6782/73 6794/6794/73 6793/6793/73
f 6782/6782/155 6789/6789/155 6783/6783/155
f 6782/6782/155 6788/6788/155 6789/6789/155
f 6795/6795/156 6800/6800/156 6794/6794/156
f 6795/6795/156 6801/6801/156 6800/6800/156
f 6788/6788/71 6801/6801/71 6789/6789/71
f 6788/6788/71 6800/6800/71 6801/6801/71
f 6783/6783/73 6794/6794/73 6782/6782/73
f 6783/6783/73 6795/6795/73 6794/6794/73
f 6783/6783/74 6784/6784/74 6778/6778/74
f 6783/6783/74 6789/6789/74 6784/6784/74
f 6790/6790/72 6801/6801/72 6795/6795/72
f 6790/6790/72 6796/6796/72 6801/6801/72
f 6789/6789/71 6796/6796/71 6784/6784/71
f 6789/6789/71 6801/6801/71 6796/6796/71
f 6778/6778/73 6795/6795/73 6783/6783/73
f 6778/6778/73 6790/6790/73 6795/6795/73
f 6802/6802/73 6803/6803/73 6807/6807/73
f 6802/6802/73 6807/6807/73 6806/6806/73
f 6803/6803/72 6804/6804/72 6808/6808/72
f 6803/6803/72 6808/6808/72 6807/6807/72
f 6804/6804/71 6805/6805/71 6809/6809/71
f 6804/6804/71 6809/6809/71 6808/6808/71
f 6805/6805/74 6802/6802/74 6806/6806/74
f 6805/6805/74 6806/6806/74 6809/6809/74
f 6806/6806/5 6807/6807/5 6808/6808/5
f 6806/6806/5 6808/6808/5 6809/6809/5
f 6805/6805/6 6804/6804/6 6803/6803/6
f 6805/6805/6 6803/6803/6 6802/6802/6
f 6810/6810/6 6815/6815/6 6811/6811/6
f 6810/6810/6 6814/6814/6 6815/6815/6
f 6819/6819/5 6822/6822/5 6818/6818/5
f 6819/6819/5 6823/6823/5 6822/6822/5
f 6814/6814/72 6823/6823/72 6815/6815/72
f 6814/6814/72 6822/6822/72 6823/6823/72
f 6811/6811/74 6818/6818/74 6810/6810/74
f 6811/6811/74 6819/6819/74 6818/6818/74
f 6811/6811/73 6816/6816/73 6812/6812/73
f 6811/6811/73 6815/6815/73 6816/6816/73
f 6820/6820/71 6823/6823/71 6819/6819/71
f 6820/6820/71 6824/6824/71 6823/6823/71
f 6815/6815/72 6824/6824/72 6816/6816/72
f 6815/6815/72 6823/6823/72 6824/6824/72
f 6812/6812/74 6819/6819/74 6811/6811/74
f 6812/6812/74 6820/6820/74 6819/6819/74
f 6812/6812/5 6817/6817/5 6813/6813/5
f 6812/6812/5 6816/6816/5 6817/6817/5
f 6821/6821/6 6824/6824/6 6820/6820/6
f 6821/6821/6 6825/6825/6 6824/6824/6
f 6816/6816/72 6825/6825/72 6817/6817/72
f 6816/6816/72 6824/6824/72 6825/6825/72
f 6813/6813/74 6820/6820/74 6812/6812/74
f 6813/6813/74 6821/6821/74 6820/6820/74
f 6813/6813/71 6814/6814/71 6810/6810/71
f 6813/6813/71 6817/6817/71 6814/6814/71
f 6818/6818/73 6825/6825/73 6821/6821/73
f 6818/6818/73 6822/6822/73 6825/6825/73
f 6817/6817/72 6822/6822/72 6814/6814/72
f 6817/6817/72 6825/6825/72 6822/6822/72
f 6810/6810/74 6821/6821/74 6813/6813/74
f 6810/6810/74 6818/6818/74 6821/6821/74
f 6826/6826/6 6831/6831/6 6827/6827/6
f 6826/6826/6 6830/6830/6 6831/6831/6
f 6835/6835/5 6838/6838/5 6834/6834/5
f 6835/6835/5 6839/6839/5 6838/6838/5
f 6830/6830/72 6839/6839/72 6831/6831/72
f 6830/6830/72 6838/6838/72 6839/6839/72
f 6827/6827/74 6834/6834/74 6826/6826/74
f 6827/6827/74 6835/6835/74 6834/6834/74
f 6827/6827/73 6832/6832/73 6828/6828/73
f 6827/6827/73 6831/6831/73 6832/6832/73
f 6836/6836/71 6839/6839/71 6835/6835/71
f 6836/6836/71 6840/6840/71 6839/6839/71
f 6831/6831/72 6840/6840/72 6832/6832/72
f 6831/6831/72 6839/6839/72 6840/6840/72
f 6828/6828/74 6835/6835/74 6827/6827/74
f 6828/6828/74 6836/6836/74 6835/6835/74
f 6828/6828/5 6833/6833/5 6829/6829/5
f 6828/6828/5 6832/6832/5 6833/6833/5
f 6837/6837/6 6840/6840/6 6836/6836/6
f 6837/6837/6 6841/6841/6 6840/6840/6
f 6832/6832/72 6841/6841/72 6833/6833/72
f 6832/6832/72 6840/6840/72 6841/6841/72
f 6829/6829/74 6836/6836/74 6828/6828/74
f 6829/6829/74 6837/6837/74 6836/6836/74
f 6829/6829/71 6830/6830/71 6826/6826/71
f 6829/6829/71 6833/6833/71 6830/6830/71
f 6834/6834/73 6841/6841/73 6837/6837/73
f 6834/6834/73 6838/6838/73 6841/6841/73
f 6833/6833/72 6838/6838/72 6830/6830/72
f 6833/6833/72 6841/6841/72 6838/6838/72
f 6826/6826/74 6837/6837/74 6829/6829/74
f 6826/6826/74 6834/6834/74 6837/6837/74
f 6842/6842/6 6847/6847/6 6843/6843/6
f 6842/6842/6 6846/6846/6 6847/6847/6
f 6851/6851/5 6854/6854/5 6850/6850/5
f 6851/6851/5 6855/6855/5 6854/6854/5
f 6846/6846/72 6855/6855/72 6847/6847/72
f 6846/6846/72 6854/6854/72 6855/6855/72
f 6843/6843/74 6850/6850/74 6842/6842/74
f 6843/6843/74 6851/6851/74 6850/6850/74
f 6843/6843/73 6848/6848/73 6844/6844/73
f 6843/6843/73 6847/6847/73 6848/6848/73
f 6852/6852/71 6855/6855/71 6851/6851/71
f 6852/6852/71 6856/6856/71 6855/6855/71
f 6847/6847/72 6856/6856/72 6848/6848/72
f 6847/6847/72 6855/6855/72 6856/6856/72
f 6844/6844/74 6851/6851/74 6843/6843/74
f 6844/6844/74 6852/6852/74 6851/6851/74
f 6844/6844/5 6849/6849/5 6845/6845/5
f 6844/6844/5 6848/6848/5 6849/6849/5
f 6853/6853/6 6856/6856/6 6852/6852/6
f 6853/6853/6 6857/6857/6 6856/6856/6
f 6848/6848/72 6857/6857/72 6849/6849/72
f 6848/6848/72 6856/6856/72 6857/6857/72
f 6845/6845/74 6852/6852/74 6844/6844/74
f 6845/6845/74 6853/6853/74 6852/6852/74
f 6845/6845/71 6846/6846/71 6842/6842/71
f 6845/6845/71 6849/6849/71 6846/6846/71
f 6850/6850/73 6857/6857/73 6853/6853/73
f 6850/6850/73 6854/6854/73 6857/6857/73
f 6849/6849/72 6854/6854/72 6846/6846/72
f 6849/6849/72 6857/6857/72 6854/6854/72
f 6842/6842/74 6853/6853/74 6845/6845/74
f 6842/6842/74 6850/6850/74 6853/6853/74
f 6858/6858/6 6863/6863/6 6859/6859/6
f 6858/6858/6 6862/6862/6 6863/6863/6
f 6867/6867/5 6870/6870/5 6866/6866/5
f 6867/6867/5 6871/6871/5 6870/6870/5
f 6862/6862/72 6871/6871/72 6863/6863/72
f 6862/6862/72 6870/6870/72 6871/6871/72
f 6859/6859/74 6866/6866/74 6858/6858/74
f 6859/6859/74 6867/6867/74 6866/6866/74
f 6859/6859/73 6864/6864/73 6860/6860/73
f 6859/6859/73 6863/6863/73 6864/6864/73
f 6868/6868/71 6871/6871/71 6867/6867/71
f 6868/6868/71 6872/6872/71 6871/6871/71
f 6863/6863/72 6872/6872/72 6864/6864/72
f 6863/6863/72 6871/6871/72 6872/6872/72
f 6860/6860/74 6867/6867/74 6859/6859/74
f 6860/6860/74 6868/6868/74 6867/6867/74
f 6860/6860/5 6865/6865/5 6861/6861/5
f 6860/6860/5 6864/6864/5 6865/6865/5
f 6869/6869/6 6872/6872/6 6868/6868/6
f 6869/6869/6 6873/6873/6 6872/6872/6
f 6864/6864/72 6873/6873/72 6865/6865/72
f 6864/6864/72 6872/6872/72 6873/6873/72
f 6861/6861/74 6868/6868/74 6860/6860/74
f 6861/6861/74 6869/6869/74 6868/6868/74
f 6861/6861/71 6862/6862/71 6858/6858/71
f 6861/6861/71 6865/6865/71 6862/6862/71
f 6866/6866/73 6873/6873/73 6869/6869/73
f 6866/6866/73 6870/6870/73 6873/6873/73
f 6865/6865/72 6870/6870/72 6862/6862/72
f 6865/6865/72 6873/6873/72 6870/6870/72
f 6858/6858/74 6869/6869/74 6861/6861/74
f 6858/6858/74 6866/6866/74 6869/6869/74
f 6874/6874/6 6879/6879/6 6875/6875/6
f 6874/6874/6 6878/6878/6 6879/6879/6
f 6883/6883/5 6886/6886/5 6882/6882/5
f 6883/6883/5 6887/6887/5 6886/6886/5
f 6878/6878/73 6887/6887/73 6879/6879/73
f 6878/6878/73 6886/6886/73 6887/6887/73
f 6875/6875/71 6882/6882/71 6874/6874/71
f 6875/6875/71 6883/6883/71 6882/6882/71
f 6875/6875/74 6880/6880/74 6876/6876/74
f 6875/6875/74 6879/6879/74 6880/6880/74
f 6884/6884/72 6887/6887/72 6883/6883/72
f 6884/6884/72 6888/6888/72 6887/6887/72
f 6879/6879/73 6888/6888/73 6880/6880/73
f 6879/6879/73 6887/6887/73 6888/6888/73
f 6876/6876/71 6883/6883/71 6875/6875/71
f 6876/6876/71 6884/6884/71 6883/6883/71
f 6876/6876/5 6881/6881/5 6877/6877/5
f 6876/6876/5 6880/6880/5 6881/6881/5
f 6885/6885/6 6888/6888/6 6884/6884/6
f 6885/6885/6 6889/6889/6 6888/6888/6
f 6880/6880/73 6889/6889/73 6881/6881/73
f 6880/6880/73 6888/6888/73 6889/6889/73
f 6877/6877/71 6884/6884/71 6876/6876/71
f 6877/6877/71 6885/6885/71 6884/6884/71
f 6877/6877/72 6878/6878/72 6874/6874/72
f 6877/6877/72 6881/6881/72 6878/6878/72
f 6882/6882/74 6889/6889/74 6885/6885/74
f 6882/6882/74 6886/6886/74 6889/6889/74
f 6881/6881/73 6886/6886/73 6878/6878/73
f 6881/6881/73 6889/6889/73 6886/6886/73
f 6874/6874/71 6885/6885/71 6877/6877/71
f 6874/6874/71 6882/6882/71 6885/6885/71
f 6890/6890/6 6897/6897/6 6891/6891/6
f 6890/6890/6 6896/6896/6 6897/6897/6
f 6903/6903/5 6908/6908/5 6902/6902/5
f 6903/6903/5 6909/6909/5 6908/6908/5
f 6896/6896/73 6909/6909/73 6897/6897/73
f 6896/6896/73 6908/6908/73 6909/6909/73
f 6891/6891/71 6902/6902/71 6890/6890/71
f 6891/6891/71 6903/6903/71 6902/6902/71
f 6891/6891/74 6898/6898/74 6892/6892/74
f 6891/6891/74 6897/6897/74 6898/6898/74
f 6904/6904/72 6909/6909/72 6903/6903/72
f 6904/6904/72 6910/6910/72 6909/6909/72
f 6897/6897/73 6910/6910/73 6898/6898/73
f 6897/6897/73 6909/6909/73 6910/6910/73
f 6892/6892/71 6903/6903/71 6891/6891/71
f 6892/6892/71 6904/6904/71 6903/6903/71
f 6892/6892/155 6899/6899/155 6893/6893/155
f 6892/6892/155 6898/6898/155 6899/6899/155
f 6905/6905/156 6910/6910/156 6904/6904/156
f 6905/6905/156 6911/6911/156 6910/6910/156
f 6898/6898/73 6911/6911/73 6899/6899/73
f 6898/6898/73 6910/6910/73 6911/6911/73
f 6893/6893/71 6904/6904/71 6892/6892/71
f 6893/6893/71 6905/6905/71 6904/6904/71
f 6893/6893/5 6900/6900/5 6894/6894/5
f 6893/6893/5 6899/6899/5 6900/6900/5
f 6906/6906/6 6911/6911/6 6905/6905/6
f 6906/6906/6 6912/6912/6 6911/6911/6
f 6899/6899/73 6912/6912/73 6900/6900/73
f 6899/6899/73 6911/6911/73 6912/6912/73
f 6894/6894/71 6905/6905/71 6893/6893/71
f 6894/6894/71 6906/6906/71 6905/6905/71
f 6894/6894/153 6901/6901/153 6895/6895/153
f 6894/6894/153 6900/6900/153 6901/6901/153
f 6907/6907/154 6912/6912/154 6906/6906/154
f 6907/6907/154 6913/6913/154 6912/6912/154
f 6900/6900/73 6913/6913/73 6901/6901/73
f 6900/6900/73 6912/6912/73 6913/6913/73
f 6895/6895/71 6906/6906/71 6894/6894/71
f 6895/6895/71 6907/6907/71 6906/6906/71
f 6895/6895/72 6896/6896/72 6890/6890/72
f 6895/6895/72 6901/6901/72 6896/6896/72
f 6902/6902/74 6913/6913/74 6907/6907/74
f 6902/6902/74 6908/6908/74 6913/6913/74
f 6901/6901/73 6908/6908/73 6896/6896/73
f 6901/6901/73 6913/6913/73 6908/6908/73
f 6890/6890/71 6907/6907/71 6895/6895/71
f 6890/6890/71 6902/6902/71 6907/6907/71
f 6914/6914/6 6919/6919/6 6915/6915/6
f 6914/6914/6 6918/6918/6 6919/6919/6
f 6923/6923/5 6926/6926/5 6922/6922/5
f 6923/6923/5 6927/6927/5 6926/6926/5
f 6918/6918/74 6927/6927/74 6919/6919/74
f 6918/6918/74 6926/6926/74 6927/6927/74
f 6915/6915/72 6922/6922/72 6914/6914/72
f 6915/6915/72 6923/6923/72 6922/6922/72
f 6915/6915/71 6920/6920/71 6916/6916/71
f 6915/6915/71 6919/6919/71 6920/6920/71
f 6924/6924/73 6927/6927/73 6923/6923/73
f 6924/6924/73 6928/6928/73 6927/6927/73
f 6919/6919/74 6928/6928/74 6920/6920/74
f 6919/6919/74 6927/6927/74 6928/6928/74
f 6916/6916/72 6923/6923/72 6915/6915/72
f 6916/6916/72 6924/6924/72 6923/6923/72
f 6916/6916/5 6921/6921/5 6917/6917/5
f 6916/6916/5 6920/6920/5 6921/6921/5
f 6925/6925/6 6928/6928/6 6924/6924/6
f 6925/6925/6 6929/6929/6 6928/6928/6
f 6920/6920/74 6929/6929/74 6921/6921/74
f 6920/6920/74 6928/6928/74 6929/6929/74
f 6917/6917/72 6924/6924/72 6916/6916/72
f 6917/6917/72 6925/6925/72 6924/6924/72
f 6917/6917/73 6918/6918/73 6914/6914/73
f 6917/6917/73 6921/6921/73 6918/6918/73
f 6922/6922/71 6929/6929/71 6925/6925/71
f 6922/6922/71 6926/6926/71 6929/6929/71
f 6921/6921/74 6926/6926/74 6918/6918/74
f 6921/6921/74 6929/6929/74 6926/6926/74
f 6914/6914/72 6925/6925/72 6917/6917/72
f 6914/6914/72 6922/6922/72 6925/6925/72
f 6930/6930/6 6937/6937/6 6931/6931/6
f 6930/6930/6 6936/6936/6 6937/6937/6
f 6943/6943/5 6948/6948/5 6942/6942/5
f 6943/6943/5 6949/6949/5 6948/6948/5
f 6936/6936/74 6949/6949/74 6937/6937/74
f 6936/6936/74 6948/6948/74 6949/6949/74
f 6931/6931/72 6942/6942/72 6930/6930/72
f 6931/6931/72 6943/6943/72 6942/6942/72
f 6931/6931/71 6938/6938/71 6932/6932/71
f 6931/6931/71 6937/6937/71 6938/6938/71
f 6944/6944/73 6949/6949/73 6943/6943/73
f 6944/6944/73 6950/6950/73 6949/6949/73
f 6937/6937/74 6950/6950/74 6938/6938/74
f 6937/6937/74 6949/6949/74 6950/6950/74
f 6932/6932/72 6943/6943/72 6931/6931/72
f 6932/6932/72 6944/6944/72 6943/6943/72
f 6932/6932/157 6939/6939/157 6933/6933/157
f 6932/6932/157 6938/6938/157 6939/6939/157
f 6945/6945/158 6950/6950/158 6944/6944/158
f 6945/6945/158 6951/6951/158 6950/6950/158
f 6938/6938/74 6951/6951/74 6939/6939/74
f 6938/6938/74 6950/6950/74 6951/6951/74
f 6933/6933/72 6944/6944/72 6932/6932/72
f 6933/6933/72 6945/6945/72 6944/6944/72
f 6933/6933/5 6940/6940/5 6934/6934/5
f 6933/6933/5 6939/6939/5 6940/6940/5
f 6946/6946/6 6951/6951/6 6945/6945/6
f 6946/6946/6 6952/6952/6 6951/6951/6
f 6939/6939/74 6952/6952/74 6940/6940/74
f 6939/6939/74 6951/6951/74 6952/6952/74
f 6934/6934/72 6945/6945/72 6933/6933/72
f 6934/6934/72 6946/6946/72 6945/6945/72
f 6934/6934/159 6941/6941/159 6935/6935/159
f 6934/6934/159 6940/6940/159 6941/6941/159
f 6947/6947/160 6952/6952/160 6946/6946/160
f 6947/6947/160 6953/6953/160 6952/6952/160
f 6940/6940/74 6953/6953/74 6941/6941/74
f 6940/6940/74 6952/6952/74 6953/6953/74
f 6935/6935/72 6946/6946/72 6934/6934/72
f 6935/6935/72 6947/6947/72 6946/6946/72
f 6935/6935/73 6936/6936/73 6930/6930/73
f 6935/6935/73 6941/6941/73 6936/6936/73
f 6942/6942/71 6953/6953/71 6947/6947/71
f 6942/6942/71 6948/6948/71 6953/6953/71
f 6941/6941/74 6948/6948/74 6936/6936/74
f 6941/6941/74 6953/6953/74 6948/6948/74
f 6930/6930/72 6947/6947/72 6935/6935/72
f 6930/6930/72 6942/6942/72 6947/6947/72
f 6954/6954/6 6959/6959/6 6955/6955/6
f 6954/6954/6 6958/6958/6 6959/6959/6
f 6963/6963/5 6966/6966/5 6962/6962/5
f 6963/6963/5 6967/6967/5 6966/6966/5
f 6958/6958/74 6967/6967/74 6959/6959/74
f 6958/6958/74 6966/6966/74 6967/6967/74
f 6955/6955/72 6962/6962/72 6954/6954/72
f 6955/6955/72 6963/6963/72 6962/6962/72
f 6955/6955/71 6960/6960/71 6956/6956/71
f 6955/6955/71 6959/6959/71 6960/6960/71
f 6964/6964/73 6967/6967/73 6963/6963/73
f 6964/6964/73 6968/6968/73 6967/6967/73
f 6959/6959/74 6968/6968/74 6960/6960/74
f 6959/6959/74 6967/6967/74 6968/6968/74
f 6956/6956/72 6963/6963/72 6955/6955/72
f 6956/6956/72 6964/6964/72 6963/6963/72
f 6956/6956/5 6961/6961/5 6957/6957/5
f 6956/6956/5 6960/6960/5 6961/6961/5
f 6965/6965/6 6968/6968/6 6964/6964/6
f 6965/6965/6 6969/6969/6 6968/6968/6
f 6960/6960/74 6969/6969/74 6961/6961/74
f 6960/6960/74 6968/6968/74 6969/6969/74
f 6957/6957/72 6964/6964/72 6956/6956/72
f 6957/6957/72 6965/6965/72 6964/6964/72
f 6957/6957/73 6958/6958/73 6954/6954/73
f 6957/6957/73 6961/6961/73 6958/6958/73
f 6962/6962/71 6969/6969/71 6965/6965/71
f 6962/6962/71 6966/6966/71 6969/6969/71
f 6961/6961/74 6966/6966/74 6958/6958/74
f 6961/6961/74 6969/6969/74 6966/6966/74
f 6954/6954/72 6965/6965/72 6957/6957/72
f 6954/6954/72 6962/6962/72 6965/6965/72
f 6970/6970/6 6975/6975/6 6971/6971/6
f 6970/6970/6 6974/6974/6 6975/6975/6
f 6979/6979/5 6982/6982/5 6978/6978/5
f 6979/6979/5 6983/6983/5 6982/6982/5
f 6974/6974/74 6983/6983/74 6975/6975/74
f 6974/6974/74 6982/6982/74 6983/6983/74
f 6971/6971/72 6978/6978/72 6970/6970/72
f 6971/6971/72 6979/6979/72 6978/6978/72
f 6971/6971/71 6976/6976/71 6972/6972/71
f 6971/6971/71 6975/6975/71 6976/6976/71
f 6980/6980/73 6983/6983/73 6979/6979/73
f 6980/6980/73 6984/6984/73 6983/6983/73
f 6975/6975/74 6984/6984/74 6976/6976/74
f 6975/6975/74 6983/6983/74 6984/6984/74
f 6972/6972/72 6979/6979/72 6971/6971/72
f 6972/6972/72 6980/6980/72 6979/6979/72
f 6972/6972/5 6977/6977/5 6973/6973/5
f 6972/6972/5 6976/6976/5 6977/6977/5
f 6981/6981/6 6984/6984/6 6980/6980/6
f 6981/6981/6 6985/6985/6 6984/6984/6
f 6976/6976/74 6985/6985/74 6977/6977/74
f 6976/6976/74 6984/6984/74 6985/6985/74
f 6973/6973/72 6980/6980/72 6972/6972/72
f 6973/6973/72 6981/6981/72 6980/6980/72
f 6973/6973/73 6974/6974/73 6970/6970/73
f 6973/6973/73 6977/6977/73 6974/6974/73
f 6978/6978/71 6985/6985/71 6981/6981/71
f 6978/6978/71 6982/6982/71 6985/6985/71
f 6977/6977/74 6982/6982/74 6974/6974/74
f 6977/6977/74 6985/6985/74 6982/6982/74
f 6970/6970/72 6981/6981/72 6973/6973/72
f 6970/6970/72 6978/6978/72 6981/6981/72
f 6986/6986/71 6991/6991/71 6987/6987/71
f 6986/6986/71 6990/6990/71 6991/6991/71
f 6995/6995/73 6998/6998/73 6994/6994/73
f 6995/6995/73 6999/6999/73 6998/6998/73
f 6990/6990/5 6999/6999/5 6991/6991/5
f 6990/6990/5 6998/6998/5 6999/6999/5
f 6987/6987/6 6994/6994/6 6986/6986/6
f 6987/6987/6 6995/6995/6 6994/6994/6
f 6987/6987/72 6992/6992/72 6988/6988/72
f 6987/6987/72 6991/6991/72 6992/6992/72
f 6996/6996/74 6999/6999/74 6995/6995/74
f 6996/6996/74 7000/7000/74 6999/6999/74
f 6991/6991/5 7000/7000/5 6992/6992/5
f 6991/6991/5 6999/6999/5 7000/7000/5
f 6988/6988/6 6995/6995/6 6987/6987/6
f 6988/6988/6 6996/6996/6 6995/6995/6
f 6988/6988/73 6993/6993/73 6989/6989/73
f 6988/6988/73 6992/6992/73 6993/6993/73
f 6997/6997/71 7000/7000/71 6996/6996/71
f 6997/6997/71 7001/7001/71 7000/7000/71
f 6992/6992/5 7001/7001/5 6993/6993/5
f 6992/6992/5 7000/7000/5 7001/7001/5
f 6989/6989/6 6996/6996/6 6988/6988/6
f 6989/6989/6 6997/6997/6 6996/6996/6
f 6989/6989/74 6990/6990/74 6986/6986/74
f 6989/6989/74 6993/6993/74 6990/6990/74
f 6994/6994/72 7001/7001/72 6997/6997/72
f 6994/6994/72 6998/6998/72 7001/7001/72
f 6993/6993/5 6998/6998/5 6990/6990/5
f 6993/6993/5 7001/7001/5 6998/6998/5
f 6986/6986/6 6997/6997/6 6989/6989/6
f 6986/6986/6 6994/6994/6 6997/6997/6
f 7002/7002/71 7007/7007/71 7003/7003/71
f 7002/7002/71 7006/7006/71 7007/7007/71
f 7011/7011/73 7014/7014/73 7010/7010/73
f 7011/7011/73 7015/7015/73 7014/7014/73
f 7006/7006/5 7015/7015/5 7007/7007/5
f 7006/7006/5 7014/7014/5 7015/7015/5
f 7003/7003/6 7010/7010/6 7002/7002/6
f 7003/7003/6 7011/7011/6 7010/7010/6
f 7003/7003/72 7008/7008/72 7004/7004/72
f 7003/7003/72 7007/7007/72 7008/7008/72
f 7012/7012/74 7015/7015/74 7011/7011/74
f 7012/7012/74 7016/7016/74 7015/7015/74
f 7007/7007/5 7016/7016/5 7008/7008/5
f 7007/7007/5 7015/7015/5 7016/7016/5
f 7004/7004/6 7011/7011/6 7003/7003/6
f 7004/7004/6 7012/7012/6 7011/7011/6
f 7004/7004/73 7009/7009/73 7005/7005/73
f 7004/7004/73 7008/7008/73 7009/7009/73
f 7013/7013/71 7016/7016/71 7012/7012/71
f 7013/7013/71 7017/7017/71 7016/7016/71
f 7008/7008/5 7017/7017/5 7009/7009/5
f 7008/7008/5 7016/7016/5 7017/7017/5
f 7005/7005/6 7012/7012/6 7004/7004/6
f 7005/7005/6 7013/7013/6 7012/7012/6
f 7005/7005/74 7006/7006/74 7002/7002/74
f 7005/7005/74 7009/7009/74 7006/7006/74
f 7010/7010/72 7017/7017/72 7013/7013/72
f 7010/7010/72 7014/7014/72 7017/7017/72
f 7009/7009/5 7014/7014/5 7006/7006/5
f 7009/7009/5 7017/7017/5 7014/7014/5
f 7002/7002/6 7013/7013/6 7005/7005/6
f 7002/7002/6 7010/7010/6 7013/7013/6
f 7018/7018/71 7023/7023/71 7019/7019/71
f 7018/7018/71 7022/7022/71 7023/7023/71
f 7027/7027/73 7030/7030/73 7026/7026/73
f 7027/7027/73 7031/7031/73 7030/7030/73
f 7022/7022/5 7031/7031/5 7023/7023/5
f 7022/7022/5 7030/7030/5 7031/7031/5
f 7019/7019/6 7026/7026/6 7018/7018/6
f 7019/7019/6 7027/7027/6 7026/7026/6
f 7019/7019/72 7024/7024/72 7020/7020/72
f 7019/7019/72 7023/7023/72 7024/7024/72
f 7028/7028/74 7031/7031/74 7027/7027/74
f 7028/7028/74 7032/7032/74 7031/7031/74
f 7023/7023/5 7032/7032/5 7024/7024/5
f 7023/7023/5 7031/7031/5 7032/7032/5
f 7020/7020/6 7027/7027/6 7019/7019/6
f 7020/7020/6 7028/7028/6 7027/7027/6
f 7020/7020/73 7025/7025/73 7021/7021/73
f 7020/7020/73 7024/7024/73 7025/7025/73
f 7029/7029/71 7032/7032/71 7028/7028/71
f 7029/7029/71 7033/7033/71 7032/7032/71
f 7024/7024/5 7033/7033/5 7025/7025/5
f 7024/7024/5 7032/7032/5 7033/7033/5
f 7021/7021/6 7028/7028/6 7020/7020/6
f 7021/7021/6 7029/7029/6 7028/7028/6
f 7021/7021/74 7022/7022/74 7018/7018/74
f 7021/7021/74 7025/7025/74 7022/7022/74
f 7026/7026/72 7033/7033/72 7029/7029/72
f 7026/7026/72 7030/7030/72 7033/7033/72
f 7025/7025/5 7030/7030/5 7022/7022/5
f 7025/7025/5 7033/7033/5 7030/7030/5
f 7018/7018/6 7029/7029/6 7021/7021/6
f 7018/7018/6 7026/7026/6 7029/7029/6
f 7034/7034/72 7035/7035/72 7039/7039/72
f 7034/7034/72 7039/7039/72 7038/7038/72
f 7035/7035/71 7036/7036/71 7040/7040/71
f 7035/7035/71 7040/7040/71 7039/7039/71
f 7036/7036/74 7037/7037/74 7041/7041/74
f 7036/7036/74 7041/7041/74 7040/7040/74
f 7037/7037/73 7034/7034/73 7038/7038/73
f 7037/7037/73 7038/7038/73 7041/7041/73
f 7038/7038/5 7039/7039/5 7040/7040/5
f 7038/7038/5 7040/7040/5 7041/7041/5
f 7037/7037/6 7036/7036/6 7035/7035/6
f 7037/7037/6 7035/7035/6 7034/7034/6
f 7042/7042/73 7043/7043/73 7047/7047/73
f 7042/7042/73 7047/7047/73 7046/7046/73
f 7043/7043/72 7044/7044/72 7048/7048/72
f 7043/7043/72 7048/7048/72 7047/7047/72
f 7044/7044/71 7045/7045/71 7049/7049/71
f 7044/7044/71 7049/7049/71 7048/7048/71
f 7045/7045/74 7042/7042/74 7046/7046/74
f 7045/7045/74 7046/7046/74 7049/7049/74
f 7046/7046/5 7047/7047/5 7048/7048/5
f 7046/7046/5 7048/7048/5 7049/7049/5
f 7045/7045/6 7044/7044/6 7043/7043/6
f 7045/7045/6 7043/7043/6 7042/7042/6
f 7050/7050/72 7051/7051/72 7055/7055/72
f 7050/7050/72 7055/7055/72 7054/7054/72
f 7051/7051/71 7052/7052/71 7056/7056/71
f 7051/7051/71 7056/7056/71 7055/7055/71
f 7052/7052/74 7053/7053/74 7057/7057/74
f 7052/7052/74 7057/7057/74 7056/7056/74
f 7053/7053/73 7050/7050/73 7054/7054/73
f 7053/7053/73 7054/7054/73 7057/7057/73
f 7054/7054/5 7055/7055/5 7056/7056/5
f 7054/7054/5 7056/7056/5 7057/7057/5
f 7053/7053/6 7052/7052/6 7051/7051/6
f 7053/7053/6 7051/7051/6 7050/7050/6
f 7058/7058/73 7059/7059/73 7063/7063/73
f 7058/7058/73 7063/7063/73 7062/7062/73
f 7059/7059/72 7060/7060/72 7064/7064/72
f 7059/7059/72 7064/7064/72 7063/7063/72
f 7060/7060/71 7061/7061/71 7065/7065/71
f 7060/7060/71 7065/7065/71 7064/7064/71
f 7061/7061/74 7058/7058/74 7062/7062/74
f 7061/7061/74 7062/7062/74 7065/7065/74
f 7062/7062/5 7063/7063/5 7064/7064/5
f 7062/7062/5 7064/7064/5 7065/7065/5
f 7061/7061/6 7060/7060/6 7059/7059/6
f 7061/7061/6 7059/7059/6 7058/7058/6
f 7066/7066/73 7067/7067/73 7071/7071/73
f 7066/7066/73 7071/7071/73 7070/7070/73
f 7067/7067/72 7068/7068/72 7072/7072/72
f 7067/7067/72 7072/7072/72 7071/7071/72
f 7068/7068/71 7069/7069/71 7073/7073/71
f 7068/7068/71 7073/7073/71 7072/7072/71
f 7069/7069/74 7066/7066/74 7070/7070/74
f 7069/7069/74 7070/7070/74 7073/7073/74
f 7070/7070/5 7071/7071/5 7072/7072/5
f 7070/7070/5 7072/7072/5 7073/7073/5
f 7069/7069/6 7068/7068/6 7067/7067/6
f 7069/7069/6 7067/7067/6 7066/7066/6
f 7074/7074/74 7075/7075/74 7079/7079/74
f 7074/7074/74 7079/7079/74 7078/7078/74
f 7075/7075/73 7076/7076/73 7080/7080/73
f 7075/7075/73 7080/7080/73 7079/7079/73
f 7076/7076/72 7077/7077/72 7081/7081/72
f 7076/7076/72 7081/7081/72 7080/7080/72
f 7077/7077/71 7074/7074/71 7078/7078/71
f 7077/7077/71 7078/7078/71 7081/7081/71
f 7078/7078/5 7079/7079/5 7080/7080/5
f 7078/7078/5 7080/7080/5 7081/7081/5
f 7077/7077/6 7076/7076/6 7075/7075/6
f 7077/7077/6 7075/7075/6 7074/7074/6
f 7082/7082/73 7083/7083/73 7087/7087/73
f 7082/7082/73 7087/7087/73 7086/7086/73
f 7083/7083/72 7084/7084/72 7088/7088/72
f 7083/7083/72 7088/7088/72 7087/7087/72
f 7084/7084/71 7085/7085/71 7089/7089/71
f 7084/7084/71 7089/7089/71 7088/7088/71
f 7085/7085/74 7082/7082/74 7086/7086/74
f 7085/7085/74 7086/7086/74 7089/7089/74
f 7086/7086/5 7087/7087/5 7088/7088/5
f 7086/7086/5 7088/7088/5 7089/7089/5
f 7085/7085/6 7084/7084/6 7083/7083/6
f 7085/7085/6 7083/7083/6 7082/7082/6
f 7090/7090/74 7091/7091/74 7095/7095/74
f 7090/7090/74 7095/7095/74 7094/7094/74
f 7091/7091/73 7092/7092/73 7096/7096/73
f 7091/7091/73 7096/7096/73 7095/7095/73
f 7092/7092/72 7093/7093/72 7097/7097/72
f 7092/7092/72 7097/7097/72 7096/7096/72
f 7093/7093/71 7090/7090/71 7094/7094/71
f 7093/7093/71 7094/7094/71 7097/7097/71
f 7094/7094/5 7095/7095/5 7096/7096/5
f 7094/7094/5 7096/7096/5 7097/7097/5
f 7093/7093/6 7092/7092/6 7091/7091/6
f 7093/7093/6 7091/7091/6 7090/7090/6
f 7098/7098/74 7099/7099/74 7103/7103/74
f 7098/7098/74 7103/7103/74 7102/7102/74
f 7099/7099/73 7100/7100/73 7104/7104/73
f 7099/7099/73 7104/7104/73 7103/7103/73
f 7100/7100/72 7101/7101/72 7105/7105/72
f 7100/7100/72 7105/7105/72 7104/7104/72
f 7101/7101/71 7098/7098/71 7102/7102/71
f 7101/7101/71 7102/7102/71 7105/7105/71
f 7102/7102/5 7103/7103/5 7104/7104/5
f 7102/7102/5 7104/7104/5 7105/7105/5
f 7101/7101/6 7100/7100/6 7099/7099/6
f 7101/7101/6 7099/7099/6 7098/7098/6
f 7106/7106/71 7107/7107/71 7111/7111/71
f 7106/7106/71 7111/7111/71 7110/7110/71
f 7107/7107/74 7108/7108/74 7112/7112/74
f 7107/7107/74 7112/7112/74 7111/7111/74
f 7108/7108/73 7109/7109/73 7113/7113/73
f 7108/7108/73 7113/7113/73 7112/7112/73
f 7109/7109/72 7106/7106/72 7110/7110/72
f 7109/7109/72 7110/7110/72 7113/7113/72
f 7110/7110/5 7111/7111/5 7112/7112/5
f 7110/7110/5 7112/7112/5 7113/7113/5
f 7109/7109/6 7108/7108/6 7107/7107/6
f 7109/7109/6 7107/7107/6 7106/7106/6
f 7114/7114/74 7115/7115/74 7119/7119/74
f 7114/7114/74 7119/7119/74 7118/7118/74
f 7115/7115/73 7116/7116/73 7120/7120/73
f 7115/7115/73 7120/7120/73 7119/7119/73
f 7116/7116/72 7117/7117/72 7121/7121/72
f 7116/7116/72 7121/7121/72 7120/7120/72
f 7117/7117/71 7114/7114/71 7118/7118/71
f 7117/7117/71 7118/7118/71 7121/7121/71
f 7118/7118/5 7119/7119/5 7120/7120/5
f 7118/7118/5 7120/7120/5 7121/7121/5
f 7117/7117/6 7116/7116/6 7115/7115/6
f 7117/7117/6 7115/7115/6 7114/7114/6
f 7122/7122/71 7123/7123/71 7127/7127/71
f 7122/7122/71 7127/7127/71 7126/7126/71
f 7123/7123/74 7124/7124/74 7128/7128/74
f 7123/7123/74 7128/7128/74 7127/7127/74
f 7124/7124/73 7125/7125/73 7129/7129/73
f 7124/7124/73 7129/7129/73 7128/7128/73
f 7125/7125/72 7122/7122/72 7126/7126/72
f 7125/7125/72 7126/7126/72 7129/7129/72
f 7126/7126/5 7127/7127/5 7128/7128/5
f 7126/7126/5 7128/7128/5 7129/7129/5
f 7125/7125/6 7124/7124/6 7123/7123/6
f 7125/7125/6 7123/7123/6 7122/7122/6
f 7130/7130/71 7131/7131/71 7135/7135/71
f 7130/7130/71 7135/7135/71 7134/7134/71
f 7131/7131/74 7132/7132/74 7136/7136/74
f 7131/7131/74 7136/7136/74 7135/7135/74
f 7132/7132/73 7133/7133/73 7137/7137/73
f 7132/7132/73 7137/7137/73 7136/7136/73
f 7133/7133/72 7130/7130/72 7134/7134/72
f 7133/7133/72 7134/7134/72 7137/7137/72
f 7134/7134/5 7135/7135/5 7136/7136/5
f 7134/7134/5 7136/7136/5 7137/7137/5
f 7133/7133/6 7132/7132/6 7131/7131/6
f 7133/7133/6 7131/7131/6 7130/7130/6
f 7138/7138/72 7139/7139/72 7143/7143/72
f 7138/7138/72 7143/7143/72 7142/7142/72
f 7139/7139/71 7140/7140/71 7144/7144/71
f 7139/7139/71 7144/7144/71 7143/7143/71
f 7140/7140/74 7141/7141/74 7145/7145/74
f 7140/7140/74 7145/7145/74 7144/7144/74
f 7141/7141/73 7138/7138/73 7142/7142/73
f 7141/7141/73 7142/7142/73 7145/7145/73
f 7142/7142/5 7143/7143/5 7144/7144/5
f 7142/7142/5 7144/7144/5 7145/7145/5
f 7141/7141/6 7140/7140/6 7139/7139/6
f 7141/7141/6 7139/7139/6 7138/7138/6
f 7146/7146/71 7147/7147/71 7151/7151/71
f 7146/7146/71 7151/7151/71 7150/7150/71
f 7147/7147/74 7148/7148/74 7152/7152/74
f 7147/7147/74 7152/7152/74 7151/7151/74
f 7148/7148/73 7149/7149/73 7153/7153/73
f 7148/7148/73 7153/7153/73 7152/7152/73
f 7149/7149/72 7146/7146/72 7150/7150/72
f 7149/7149/72 7150/7150/72 7153/7153/72
f 7150/7150/5 7151/7151/5 7152/7152/5
f 7150/7150/5 7152/7152/5 7153/7153/5
f 7149/7149/6 7148/7148/6 7147/7147/6
f 7149/7149/6 7147/7147/6 7146/7146/6
f 7154/7154/72 7155/7155/72 7159/7159/72
f 7154/7154/72 7159/7159/72 7158/7158/72
f 7155/7155/71 7156/7156/71 7160/7160/71
f 7155/7155/71 7160/7160/71 7159/7159/71
f 7156/7156/74 7157/7157/74 7161/7161/74
f 7156/7156/74 7161/7161/74 7160/7160/74
f 7157/7157/73 7154/7154/73 7158/7158/73
f 7157/7157/73 7158/7158/73 7161/7161/73
f 7158/7158/5 7159/7159/5 7160/7160/5
f 7158/7158/5 7160/7160/5 7161/7161/5
f 7157/7157/6 7156/7156/6 7155/7155/6
f 7157/7157/6 7155/7155/6 7154/7154/6
f 7162/7162/39 7167/7167/39 7163/7163/39
f 7162/7162/39 7166/7166/39 7167/7167/39
f 7163/7163/40 7168/7168/40 7164/7164/40
f 7163/7163/40 7167/7167/40 7168/7168/40
f 7164/7164/41 7169/7169/41 7165/7165/41
f 7164/7164/41 7168/7168/41 7169/7169/41
f 7165/7165/42 7166/7166/42 7162/7162/42
f 7165/7165/42 7169/7169/42 7166/7166/42
f 7166/7166/5 7168/7168/5 7167/7167/5
f 7166/7166/5 7169/7169/5 7168/7168/5
f 7165/7165/6 7163/7163/6 7164/7164/6
f 7165/7165/6 7162/7162/6 7163/7163/6
f 7170/7170/6 7175/7175/6 7171/7171/6
f 7170/7170/6 7174/7174/6 7175/7175/6
f 7179/7179/5 7182/7182/5 7178/7178/5
f 7179/7179/5 7183/7183/5 7182/7182/5
f 7174/7174/39 7183/7183/39 7175/7175/39
f 7174/7174/39 7182/7182/39 7183/7183/39
f 7171/7171/41 7178/7178/41 7170/7170/41
f 7171/7171/41 7179/7179/41 7178/7178/41
f 7171/7171/40 7176/7176/40 7172/7172/40
f 7171/7171/40 7175/7175/40 7176/7176/40
f 7180/7180/42 7183/7183/42 7179/7179/42
f 7180/7180/42 7184/7184/42 7183/7183/42
f 7175/7175/39 7184/7184/39 7176/7176/39
f 7175/7175/39 7183/7183/39 7184/7184/39
f 7172/7172/41 7179/7179/41 7171/7171/41
f 7172/7172/41 7180/7180/41 7179/7179/41
f 7172/7172/5 7177/7177/5 7173/7173/5
f 7172/7172/5 7176/7176/5 7177/7177/5
f 7181/7181/6 7184/7184/6 7180/7180/6
f 7181/7181/6 7185/7185/6 7184/7184/6
f 7176/7176/39 7185/7185/39 7177/7177/39
f 7176/7176/39 7184/7184/39 7185/7185/39
f 7173/7173/41 7180/7180/41 7172/7172/41
f 7173/7173/41 7181/7181/41 7180/7180/41
f 7173/7173/42 7174/7174/42 7170/7170/42
f 7173/7173/42 7177/7177/42 7174/7174/42
f 7178/7178/40 7185/7185/40 7181/7181/40
f 7178/7178/40 7182/7182/40 7185/7185/40
f 7177/7177/39 7182/7182/39 7174/7174/39
f 7177/7177/39 7185/7185/39 7182/7182/39
f 7170/7170/41 7181/7181/41 7173/7173/41
f 7170/7170/41 7178/7178/41 7181/7181/41
f 7186/7186/6 7191/7191/6 7187/7187/6
f 7186/7186/6 7190/7190/6 7191/7191/6
f 7195/7195/5 7198/7198/5 7194/7194/5
f 7195/7195/5 7199/7199/5 7198/7198/5
f 7190/7190/40 7199/7199/40 7191/7191/40
f 7190/7190/40 7198/7198/40 7199/7199/40
f 7187/7187/42 7194/7194/42 7186/7186/42
f 7187/7187/42 7195/7195/42 7194/7194/42
f 7187/7187/41 7192/7192/41 7188/7188/41
f 7187/7187/41 7191/7191/41 7192/7192/41
f 7196/7196/39 7199/7199/39 7195/7195/39
f 7196/7196/39 7200/7200/39 7199/7199/39
f 7191/7191/40 7200/7200/40 7192/7192/40
f 7191/7191/40 7199/7199/40 7200/7200/40
f 7188/7188/42 7195/7195/42 7187/7187/42
f 7188/7188/42 7196/7196/42 7195/7195/42
f 7188/7188/5 7193/7193/5 7189/7189/5
f 7188/7188/5 7192/7192/5 7193/7193/5
f 7197/7197/6 7200/7200/6 7196/7196/6
f 7197/7197/6 7201/7201/6 7200/7200/6
f 7192/7192/40 7201/7201/40 7193/7193/40
f 7192/7192/40 7200/7200/40 7201/7201/40
f 7189/7189/42 7196/7196/42 7188/7188/42
f 7189/7189/42 7197/7197/42 7196/7196/42
f 7189/7189/39 7190/7190/39 7186/7186/39
f 7189/7189/39 7193/7193/39 7190/7190/39
f 7194/7194/41 7201/7201/41 7197/7197/41
f 7194/7194/41 7198/7198/41 7201/7201/41
f 7193/7193/40 7198/7198/40 7190/7190/40
f 7193/7193/40 7201/7201/40 7198/7198/40
f 7186/7186/42 7197/7197/42 7189/7189/42
f 7186/7186/42 7194/7194/42 7197/7197/42
f 7202/7202/6 7209/7209/6 7203/7203/6
f 7202/7202/6 7208/7208/6 7209/7209/6
f 7215/7215/5 7220/7220/5 7214/7214/5
f 7215/7215/5 7221/7221/5 7220/7220/5
f 7208/7208/41 7221/7221/41 7209/7209/41
f 7208/7208/41 7220/7220/41 7221/7221/41
f 7203/7203/39 7214/7214/39 7202/7202/39
f 7203/7203/39 7215/7215/39 7214/7214/39
f 7203/7203/42 7210/7210/42 7204/7204/42
f 7203/7203/42 7209/7209/42 7210/7210/42
f 7216/7216/40 7221/7221/40 7215/7215/40
f 7216/7216/40 7222/7222/40 7221/7221/40
f 7209/7209/41 7222/7222/41 7210/7210/41
f 7209/7209/41 7221/7221/41 7222/7222/41
f 7204/7204/39 7215/7215/39 7203/7203/39
f 7204/7204/39 7216/7216/39 7215/7215/39
f 7204/7204/47 7211/7211/47 7205/7205/47
f 7204/7204/47 7210/7210/47 7211/7211/47
f 7217/7217/48 7222/7222/48 7216/7216/48
f 7217/7217/48 7223/7223/48 7222/7222/48
f 7210/7210/41 7223/7223/41 7211/7211/41
f 7210/7210/41 7222/7222/41 7223/7223/41
f 7205/7205/39 7216/7216/39 7204/7204/39
f 7205/7205/39 7217/7217/39 7216/7216/39
f 7205/7205/5 7212/7212/5 7206/7206/5
f 7205/7205/5 7211/7211/5 7212/7212/5
f 7218/7218/6 7223/7223/6 7217/7217/6
f 7218/7218/6 7224/7224/6 7223/7223/6
f 7211/7211/41 7224/7224/41 7212/7212/41
f 7211/7211/41 7223/7223/41 7224/7224/41
f 7206/7206/39 7217/7217/39 7205/7205/39
f 7206/7206/39 7218/7218/39 7217/7217/39
f 7206/7206/49 7213/7213/49 7207/7207/49
f 7206/7206/49 7212/7212/49 7213/7213/49
f 7219/7219/50 7224/7224/50 7218/7218/50
f 7219/7219/50 7225/7225/50 7224/7224/50
f 7212/7212/41 7225/7225/41 7213/7213/41
f 7212/7212/41 7224/7224/41 7225/7225/41
f 7207/7207/39 7218/7218/39 7206/7206/39
f 7207/7207/39 7219/7219/39 7218/7218/39
f 7207/7207/40 7208/7208/40 7202/7202/40
f 7207/7207/40 7213/7213/40 7208/7208/40
f 7214/7214/42 7225/7225/42 7219/7219/42
f 7214/7214/42 7220/7220/42 7225/7225/42
f 7213/7213/41 7220/7220/41 7208/7208/41
f 7213/7213/41 7225/7225/41 7220/7220/41
f 7202/7202/39 7219/7219/39 7207/7207/39
f 7202/7202/39 7214/7214/39 7219/7219/39
f 7226/7226/39 7227/7227/39 7231/7231/39
f 7226/7226/39 7231/7231/39 7230/7230/39
f 7227/7227/42 7228/7228/42 7232/7232/42
f 7227/7227/42 7232/7232/42 7231/7231/42
f 7228/7228/41 7229/7229/41 7233/7233/41
f 7228/7228/41 7233/7233/41 7232/7232/41
f 7229/7229/40 7226/7226/40 7230/7230/40
f 7229/7229/40 7230/7230/40 7233/7233/40
f 7230/7230/5 7231/7231/5 7232/7232/5
f 7230/7230/5 7232/7232/5 7233/7233/5
f 7229/7229/6 7228/7228/6 7227/7227/6
f 7229/7229/6 7227/7227/6 7226/7226/6
f 7234/7234/6 7239/7239/6 7235/7235/6
f 7234/7234/6 7238/7238/6 7239/7239/6
f 7243/7243/5 7246/7246/5 7242/7242/5
f 7243/7243/5 7247/7247/5 7246/7246/5
f 7238/7238/42 7247/7247/42 7239/7239/42
f 7238/7238/42 7246/7246/42 7247/7247/42
f 7235/7235/40 7242/7242/40 7234/7234/40
f 7235/7235/40 7243/7243/40 7242/7242/40
f 7235/7235/39 7240/7240/39 7236/7236/39
f 7235/7235/39 7239/7239/39 7240/7240/39
f 7244/7244/41 7247/7247/41 7243/7243/41
f 7244/7244/41 7248/7248/41 7247/7247/41
f 7239/7239/42 7248/7248/42 7240/7240/42
f 7239/7239/42 7247/7247/42 7248/7248/42
f 7236/7236/40 7243/7243/40 7235/7235/40
f 7236/7236/40 7244/7244/40 7243/7243/40
f 7236/7236/5 7241/7241/5 7237/7237/5
f 7236/7236/5 7240/7240/5 7241/7241/5
f 7245/7245/6 7248/7248/6 7244/7244/6
f 7245/7245/6 7249/7249/6 7248/7248/6
f 7240/7240/42 7249/7249/42 7241/7241/42
f 7240/7240/42 7248/7248/42 7249/7249/42
f 7237/7237/40 7244/7244/40 7236/7236/40
f 7237/7237/40 7245/7245/40 7244/7244/40
f 7237/7237/41 7238/7238/41 7234/7234/41
f 7237/7237/41 7241/7241/41 7238/7238/41
f 7242/7242/39 7249/7249/39 7245/7245/39
f 7242/7242/39 7246/7246/39 7249/7249/39
f 7241/7241/42 7246/7246/42 7238/7238/42
f 7241/7241/42 7249/7249/42 7246/7246/42
f 7234/7234/40 7245/7245/40 7237/7237/40
f 7234/7234/40 7242/7242/40 7245/7245/40
f 7250/7250/39 7255/7255/39 7251/7251/39
f 7250/7250/39 7254/7254/39 7255/7255/39
f 7259/7259/41 7262/7262/41 7258/7258/41
f 7259/7259/41 7263/7263/41 7262/7262/41
f 7254/7254/5 7263/7263/5 7255/7255/5
f 7254/7254/5 7262/7262/5 7263/7263/5
f 7251/7251/6 7258/7258/6 7250/7250/6
f 7251/7251/6 7259/7259/6 7258/7258/6
f 7251/7251/40 7256/7256/40 7252/7252/40
f 7251/7251/40 7255/7255/40 7256/7256/40
f 7260/7260/42 7263/7263/42 7259/7259/42
f 7260/7260/42 7264/7264/42 7263/7263/42
f 7255/7255/5 7264/7264/5 7256/7256/5
f 7255/7255/5 7263/7263/5 7264/7264/5
f 7252/7252/6 7259/7259/6 7251/7251/6
f 7252/7252/6 7260/7260/6 7259/7259/6
f 7252/7252/41 7257/7257/41 7253/7253/41
f 7252/7252/41 7256/7256/41 7257/7257/41
f 7261/7261/39 7264/7264/39 7260/7260/39
f 7261/7261/39 7265/7265/39 7264/7264/39
f 7256/7256/5 7265/7265/5 7257/7257/5
f 7256/7256/5 7264/7264/5 7265/7265/5
f 7253/7253/6 7260/7260/6 7252/7252/6
f 7253/7253/6 7261/7261/6 7260/7260/6
f 7253/7253/42 7254/7254/42 7250/7250/42
f 7253/7253/42 7257/7257/42 7254/7254/42
f 7258/7258/40 7265/7265/40 7261/7261/40
f 7258/7258/40 7262/7262/40 7265/7265/40
f 7257/7257/5 7262/7262/5 7254/7254/5
f 7257/7257/5 7265/7265/5 7262/7262/5
f 7250/7250/6 7261/7261/6 7253/7253/6
f 7250/7250/6 7258/7258/6 7261/7261/6
f 7266/7266/39 7271/7271/39 7267/7267/39
f 7266/7266/39 7270/7270/39 7271/7271/39
f 7275/7275/41 7278/7278/41 7274/7274/41
f 7275/7275/41 7279/7279/41 7278/7278/41
f 7270/7270/5 7279/7279/5 7271/7271/5
f 7270/7270/5 7278/7278/5 7279/7279/5
f 7267/7267/6 7274/7274/6 7266/7266/6
f 7267/7267/6 7275/7275/6 7274/7274/6
f 7267/7267/40 7272/7272/40 7268/7268/40
f 7267/7267/40 7271/7271/40 7272/7272/40
f 7276/7276/42 7279/7279/42 7275/7275/42
f 7276/7276/42 7280/7280/42 7279/7279/42
f 7271/7271/5 7280/7280/5 7272/7272/5
f 7271/7271/5 7279/7279/5 7280/7280/5
f 7268/7268/6 7275/7275/6 7267/7267/6
f 7268/7268/6 7276/7276/6 7275/7275/6
f 7268/7268/41 7273/7273/41 7269/7269/41
f 7268/7268/41 7272/7272/41 7273/7273/41
f 7277/7277/39 7280/7280/39 7276/7276/39
f 7277/7277/39 7281/7281/39 7280/7280/39
f 7272/7272/5 7281/7281/5 7273/7273/5
f 7272/7272/5 7280/7280/5 7281/7281/5
f 7269/7269/6 7276/7276/6 7268/7268/6
f 7269/7269/6 7277/7277/6 7276/7276/6
f 7269/7269/42 7270/7270/42 7266/7266/42
f 7269/7269/42 7273/7273/42 7270/7270/42
f 7274/7274/40 7281/7281/40 7277/7277/40
f 7274/7274/40 7278/7278/40 7281/7281/40
f 7273/7273/5 7278/7278/5 7270/7270/5
f 7273/7273/5 7281/7281/5 7278/7278/5
f 7266/7266/6 7277/7277/6 7269/7269/6
f 7266/7266/6 7274/7274/6 7277/7277/6
f 7282/7282/39 7287/7287/39 7283/7283/39
f 7282/7282/39 7286/7286/39 7287/7287/39
f 7291/7291/41 7294/7294/41 7290/7290/41
f 7291/7291/41 7295/7295/41 7294/7294/41
f 7286/7286/5 7295/7295/5 7287/7287/5
f 7286/7286/5 7294/7294/5 7295/7295/5
f 7283/7283/6 7290/7290/6 7282/7282/6
f 7283/7283/6 7291/7291/6 7290/7290/6
f 7283/7283/40 7288/7288/40 7284/7284/40
f 7283/7283/40 7287/7287/40 7288/7288/40
f 7292/7292/42 7295/7295/42 7291/7291/42
f 7292/7292/42 7296/7296/42 7295/7295/42
f 7287/7287/5 7296/7296/5 7288/7288/5
f 7287/7287/5 7295/7295/5 7296/7296/5
f 7284/7284/6 7291/7291/6 7283/7283/6
f 7284/7284/6 7292/7292/6 7291/7291/6
f 7284/7284/41 7289/7289/41 7285/7285/41
f 7284/7284/41 7288/7288/41 7289/7289/41
f 7293/7293/39 7296/7296/39 7292/7292/39
f 7293/7293/39 7297/7297/39 7296/7296/39
f 7288/7288/5 7297/7297/5 7289/7289/5
f 7288/7288/5 7296/7296/5 7297/7297/5
f 7285/7285/6 7292/7292/6 7284/7284/6
f 7285/7285/6 7293/7293/6 7292/7292/6
f 7285/7285/42 7286/7286/42 7282/7282/42
f 7285/7285/42 7289/7289/42 7286/7286/42
f 7290/7290/40 7297/7297/40 7293/7293/40
f 7290/7290/40 7294/7294/40 7297/7297/40
f 7289/7289/5 7294/7294/5 7286/7286/5
f 7289/7289/5 7297/7297/5 7294/7294/5
f 7282/7282/6 7293/7293/6 7285/7285/6
f 7282/7282/6 7290/7290/6 7293/7293/6
f 7298/7298/40 7299/7299/40 7303/7303/40
f 7298/7298/40 7303/7303/40 7302/7302/40
f 7299/7299/39 7300/7300/39 7304/7304/39
f 7299/7299/39 7304/7304/39 7303/7303/39
f 7300/7300/42 7301/7301/42 7305/7305/42
f 7300/7300/42 7305/7305/42 7304/7304/42
f 7301/7301/41 7298/7298/41 7302/7302/41
f 7301/7301/41 7302/7302/41 7305/7305/41
f 7302/7302/5 7303/7303/5 7304/7304/5
f 7302/7302/5 7304/7304/5 7305/7305/5
f 7301/7301/6 7300/7300/6 7299/7299/6
f 7301/7301/6 7299/7299/6 7298/7298/6
f 7306/7306/41 7307/7307/41 7311/7311/41
f 7306/7306/41 7311/7311/41 7310/7310/41
f 7307/7307/40 7308/7308/40 7312/7312/40
f 7307/7307/40 7312/7312/40 7311/7311/40
f 7308/7308/39 7309/7309/39 7313/7313/39
f 7308/7308/39 7313/7313/39 7312/7312/39
f 7309/7309/42 7306/7306/42 7310/7310/42
f 7309/7309/42 7310/7310/42 7313/7313/42
f 7310/7310/5 7311/7311/5 7312/7312/5
f 7310/7310/5 7312/7312/5 7313/7313/5
f 7309/7309/6 7308/7308/6 7307/7307/6
f 7309/7309/6 7307/7307/6 7306/7306/6
f 7314/7314/40 7315/7315/40 7319/7319/40
f 7314/7314/40 7319/7319/40 7318/7318/40
f 7315/7315/39 7316/7316/39 7320/7320/39
f 7315/7315/39 7320/7320/39 7319/7319/39
f 7316/7316/42 7317/7317/42 7321/7321/42
f 7316/7316/42 7321/7321/42 7320/7320/42
f 7317/7317/41 7314/7314/41 7318/7318/41
f 7317/7317/41 7318/7318/41 7321/7321/41
f 7318/7318/5 7319/7319/5 7320/7320/5
f 7318/7318/5 7320/7320/5 7321/7321/5
f 7317/7317/6 7316/7316/6 7315/7315/6
f 7317/7317/6 7315/7315/6 7314/7314/6
f 7322/7322/41 7323/7323/41 7327/7327/41
f 7322/7322/41 7327/7327/41 7326/7326/41
f 7323/7323/40 7324/7324/40 7328/7328/40
f 7323/7323/40 7328/7328/40 7327/7327/40
f 7324/7324/39 7325/7325/39 7329/7329/39
f 7324/7324/39 7329/7329/39 7328/7328/39
f 7325/7325/42 7322/7322/42 7326/7326/42
f 7325/7325/42 7326/7326/42 7329/7329/42
f 7326/7326/5 7327/7327/5 7328/7328/5
f 7326/7326/5 7328/7328/5 7329/7329/5
f 7325/7325/6 7324/7324/6 7323/7323/6
f 7325/7325/6 7323/7323/6 7322/7322/6
f 7330/7330/42 7331/7331/42 7335/7335/42
f 7330/7330/42 7335/7335/42 7334/7334/42
f 7331/7331/41 7332/7332/41 7336/7336/41
f 7331/7331/41 7336/7336/41 7335/7335/41
f 7332/7332/40 7333/7333/40 7337/7337/40
f 7332/7332/40 7337/7337/40 7336/7336/40
f 7333/7333/39 7330/7330/39 7334/7334/39
f 7333/7333/39 7334/7334/39 7337/7337/39
f 7334/7334/5 7335/7335/5 7336/7336/5
f 7334/7334/5 7336/7336/5 7337/7337/5
f 7333/7333/6 7332/7332/6 7331/7331/6
f 7333/7333/6 7331/7331/6 7330/7330/6
f 7338/7338/39 7339/7339/39 7343/7343/39
f 7338/7338/39 7343/7343/39 7342/7342/39
f 7339/7339/42 7340/7340/42 7344/7344/42
f 7339/7339/42 7344/7344/42 7343/7343/42
f 7340/7340/41 7341/7341/41 7345/7345/41
f 7340/7340/41 7345/7345/41 7344/7344/41
f 7341/7341/40 7338/7338/40 7342/7342/40
f 7341/7341/40 7342/7342/40 7345/7345/40
f 7342/7342/5 7343/7343/5 7344/7344/5
f 7342/7342/5 7344/7344/5 7345/7345/5
f 7341/7341/6 7340/7340/6 7339/7339/6
f 7341/7341/6 7339/7339/6 7338/7338/6
f 7346/7346/42 7347/7347/42 7351/7351/42
f 7346/7346/42 7351/7351/42 7350/7350/42
f 7347/7347/41 7348/7348/41 7352/7352/41
f 7347/7347/41 7352/7352/41 7351/7351/41
f 7348/7348/40 7349/7349/40 7353/7353/40
f 7348/7348/40 7353/7353/40 7352/7352/40
f 7349/7349/39 7346/7346/39 7350/7350/39
f 7349/7349/39 7350/7350/39 7353/7353/39
f 7350/7350/5 7351/7351/5 7352/7352/5
f 7350/7350/5 7352/7352/5 7353/7353/5
f 7349/7349/6 7348/7348/6 7347/7347/6
f 7349/7349/6 7347/7347/6 7346/7346/6
f 7354/7354/39 7355/7355/39 7359/7359/39
f 7354/7354/39 7359/7359/39 7358/7358/39
f 7355/7355/42 7356/7356/42 7360/7360/42
f 7355/7355/42 7360/7360/42 7359/7359/42
f 7356/7356/41 7357/7357/41 7361/7361/41
f 7356/7356/41 7361/7361/41 7360/7360/41
f 7357/7357/40 7354/7354/40 7358/7358/40
f 7357/7357/40 7358/7358/40 7361/7361/40
f 7358/7358/5 7359/7359/5 7360/7360/5
f 7358/7358/5 7360/7360/5 7361/7361/5
f 7357/7357/6 7356/7356/6 7355/7355/6
f 7357/7357/6 7355/7355/6 7354/7354/6
f 7362/7362/41 7363/7363/41 7367/7367/41
f 7362/7362/41 7367/7367/41 7366/7366/41
f 7363/7363/40 7364/7364/40 7368/7368/40
f 7363/7363/40 7368/7368/40 7367/7367/40
f 7364/7364/39 7365/7365/39 7369/7369/39
f 7364/7364/39 7369/7369/39 7368/7368/39
f 7365/7365/42 7362/7362/42 7366/7366/42
f 7365/7365/42 7366/7366/42 7369/7369/42
f 7366/7366/5 7367/7367/5 7368/7368/5
f 7366/7366/5 7368/7368/5 7369/7369/5
f 7365/7365/6 7364/7364/6 7363/7363/6
f 7365/7365/6 7363/7363/6 7362/7362/6
f 7370/7370/42 7371/7371/42 7375/7375/42
f 7370/7370/42 7375/7375/42 7374/7374/42
f 7371/7371/41 7372/7372/41 7376/7376/41
f 7371/7371/41 7376/7376/41 7375/7375/41
f 7372/7372/40 7373/7373/40 7377/7377/40
f 7372/7372/40 7377/7377/40 7376/7376/40
f 7373/7373/39 7370/7370/39 7374/7374/39
f 7373/7373/39 7374/7374/39 7377/7377/39
f 7374/7374/5 7375/7375/5 7376/7376/5
f 7374/7374/5 7376/7376/5 7377/7377/5
f 7373/7373/6 7372/7372/6 7371/7371/6
f 7373/7373/6 7371/7371/6 7370/7370/6
f 7378/7378/41 7379/7379/41 7383/7383/41
f 7378/7378/41 7383/7383/41 7382/7382/41
f 7379/7379/40 7380/7380/40 7384/7384/40
f 7379/7379/40 7384/7384/40 7383/7383/40
f 7380/7380/39 7381/7381/39 7385/7385/39
f 7380/7380/39 7385/7385/39 7384/7384/39
f 7381/7381/42 7378/7378/42 7382/7382/42
f 7381/7381/42 7382/7382/42 7385/7385/42
f 7382/7382/5 7383/7383/5 7384/7384/5
f 7382/7382/5 7384/7384/5 7385/7385/5
f 7381/7381/6 7380/7380/6 7379/7379/6
f 7381/7381/6 7379/7379/6 7378/7378/6
f 7386/7386/42 7387/7387/42 7391/7391/42
f 7386/7386/42 7391/7391/42 7390/7390/42
f 7387/7387/41 7388/7388/41 7392/7392/41
f 7387/7387/41 7392/7392/41 7391/7391/41
f 7388/7388/40 7389/7389/40 7393/7393/40
f 7388/7388/40 7393/7393/40 7392/7392/40
f 7389/7389/39 7386/7386/39 7390/7390/39
f 7389/7389/39 7390/7390/39 7393/7393/39
f 7390/7390/5 7391/7391/5 7392/7392/5
f 7390/7390/5 7392/7392/5 7393/7393/5
f 7389/7389/6 7388/7388/6 7387/7387/6
f 7389/7389/6 7387/7387/6 7386/7386/6
f 7394/7394/39 7395/7395/39 7399/7399/39
f 7394/7394/39 7399/7399/39 7398/7398/39
f 7395/7395/42 7396/7396/42 7400/7400/42
f 7395/7395/42 7400/7400/42 7399/7399/42
f 7396/7396/41 7397/7397/41 7401/7401/41
f 7396/7396/41 7401/7401/41 7400/7400/41
f 7397/7397/40 7394/7394/40 7398/7398/40
f 7397/7397/40 7398/7398/40 7401/7401/40
f 7398/7398/5 7399/7399/5 7400/7400/5
f 7398/7398/5 7400/7400/5 7401/7401/5
f 7397/7397/6 7396/7396/6 7395/7395/6
f 7397/7397/6 7395/7395/6 7394/7394/6
f 7402/7402/40 7403/7403/40 7407/7407/40
f 7402/7402/40 7407/7407/40 7406/7406/40
f 7403/7403/39 7404/7404/39 7408/7408/39
f 7403/7403/39 7408/7408/39 7407/7407/39
f 7404/7404/42 7405/7405/42 7409/7409/42
f 7404/7404/42 7409/7409/42 7408/7408/42
f 7405/7405/41 7402/7402/41 7406/7406/41
f 7405/7405/41 7406/7406/41 7409/7409/41
f 7406/7406/5 7407/7407/5 7408/7408/5
f 7406/7406/5 7408/7408/5 7409/7409/5
f 7405/7405/6 7404/7404/6 7403/7403/6
f 7405/7405/6 7403/7403/6 7402/7402/6
f 7410/7410/39 7411/7411/39 7415/7415/39
f 7410/7410/39 7415/7415/39 7414/7414/39
f 7411/7411/42 7412/7412/42 7416/7416/42
f 7411/7411/42 7416/7416/42 7415/7415/42
f 7412/7412/41 7413/7413/41 7417/7417/41
f 7412/7412/41 7417/7417/41 7416/7416/41
f 7413/7413/40 7410/7410/40 7414/7414/40
f 7413/7413/40 7414/7414/40 7417/7417/40
f 7414/7414/5 7415/7415/5 7416/7416/5
f 7414/7414/5 7416/7416/5 7417/7417/5
f 7413/7413/6 7412/7412/6 7411/7411/6
f 7413/7413/6 7411/7411/6 7410/7410/6
f 7418/7418/40 7419/7419/40 7423/7423/40
f 7418/7418/40 7423/7423/40 7422/7422/40
f 7419/7419/39 7420/7420/39 7424/7424/39
f 7419/7419/39 7424/7424/39 7423/7423/39
f 7420/7420/42 7421/7421/42 7425/7425/42
f 7420/7420/42 7425/7425/42 7424/7424/42
f 7421/7421/41 7418/7418/41 7422/7422/41
f 7421/7421/41 7422/7422/41 7425/7425/41
f 7422/7422/5 7423/7423/5 7424/7424/5
f 7422/7422/5 7424/7424/5 7425/7425/5
f 7421/7421/6 7420/7420/6 7419/7419/6
f 7421/7421/6 7419/7419/6 7418/7418/6
f 7426/7426/161 7431/7431/161 7427/7427/161
f 7426/7426/161 7430/7430/161 7431/7431/161
f 7427/7427/162 7432/7432/162 7428/7428/162
f 7427/7427/162 7431/7431/162 7432/7432/162
f 7428/7428/163 7433/7433/163 7429/7429/163
f 7428/7428/163 7432/7432/163 7433/7433/163
f 7429/7429/164 7430/7430/164 7426/7426/164
f 7429/7429/164 7433/7433/164 7430/7430/164
f 7430/7430/5 7432/7432/5 7431/7431/5
f 7430/7430/5 7433/7433/5 7432/7432/5
f 7429/7429/6 7427/7427/6 7428/7428/6
f 7429/7429/6 7426/7426/6 7427/7427/6
f 7434/7434/6 7439/7439/6 7435/7435/6
f 7434/7434/6 7438/7438/6 7439/7439/6
f 7443/7443/5 7446/7446/5 7442/7442/5
f 7443/7443/5 7447/7447/5 7446/7446/5
f 7438/7438/161 7447/7447/161 7439/7439/161
f 7438/7438/161 7446/7446/161 7447/7447/161
f 7435/7435/163 7442/7442/163 7434/7434/163
f 7435/7435/163 7443/7443/163 7442/7442/163
f 7435/7435/162 7440/7440/162 7436/7436/162
f 7435/7435/162 7439/7439/162 7440/7440/162
f 7444/7444/164 7447/7447/164 7443/7443/164
f 7444/7444/164 7448/7448/164 7447/7447/164
f 7439/7439/161 7448/7448/161 7440/7440/161
f 7439/7439/161 7447/7447/161 7448/7448/161
f 7436/7436/163 7443/7443/163 7435/7435/163
f 7436/7436/163 7444/7444/163 7443/7443/163
f 7436/7436/5 7441/7441/5 7437/7437/5
f 7436/7436/5 7440/7440/5 7441/7441/5
f 7445/7445/6 7448/7448/6 7444/7444/6
f 7445/7445/6 7449/7449/6 7448/7448/6
f 7440/7440/161 7449/7449/161 7441/7441/161
f 7440/7440/161 7448/7448/161 7449/7449/161
f 7437/7437/163 7444/7444/163 7436/7436/163
f 7437/7437/163 7445/7445/163 7444/7444/163
f 7437/7437/164 7438/7438/164 7434/7434/164
f 7437/7437/164 7441/7441/164 7438/7438/164
f 7442/7442/162 7449/7449/162 7445/7445/162
f 7442/7442/162 7446/7446/162 7449/7449/162
f 7441/7441/161 7446/7446/161 7438/7438/161
f 7441/7441/161 7449/7449/161 7446/7446/161
f 7434/7434/163 7445/7445/163 7437/7437/163
f 7434/7434/163 7442/7442/163 7445/7445/163
f 7450/7450/6 7457/7457/6 7451/7451/6
f 7450/7450/6 7456/7456/6 7457/7457/6
f 7463/7463/5 7468/7468/5 7462/7462/5
f 7463/7463/5 7469/7469/5 7468/7468/5
f 7456/7456/161 7469/7469/161 7457/7457/161
f 7456/7456/161 7468/7468/161 7469/7469/161
f 7451/7451/163 7462/7462/163 7450/7450/163
f 7451/7451/163 7463/7463/163 7462/7462/163
f 7451/7451/162 7458/7458/162 7452/7452/162
f 7451/7451/162 7457/7457/162 7458/7458/162
f 7464/7464/164 7469/7469/164 7463/7463/164
f 7464/7464/164 7470/7470/164 7469/7469/164
f 7457/7457/161 7470/7470/161 7458/7458/161
f 7457/7457/161 7469/7469/161 7470/7470/161
f 7452/7452/163 7463/7463/163 7451/7451/163
f 7452/7452/163 7464/7464/163 7463/7463/163
f 7452/7452/165 7459/7459/165 7453/7453/165
f 7452/7452/165 7458/7458/165 7459/7459/165
f 7465/7465/166 7470/7470/166 7464/7464/166
f 7465/7465/166 7471/7471/166 7470/7470/166
f 7458/7458/161 7471/7471/161 7459/7459/161
f 7458/7458/161 7470/7470/161 7471/7471/161
f 7453/7453/163 7464/7464/163 7452/7452/163
f 7453/7453/163 7465/7465/163 7464/7464/163
f 7453/7453/5 7460/7460/5 7454/7454/5
f 7453/7453/5 7459/7459/5 7460/7460/5
f 7466/7466/6 7471/7471/6 7465/7465/6
f 7466/7466/6 7472/7472/6 7471/7471/6
f 7459/7459/161 7472/7472/161 7460/7460/161
f 7459/7459/161 7471/7471/161 7472/7472/161
f 7454/7454/163 7465/7465/163 7453/7453/163
f 7454/7454/163 7466/7466/163 7465/7465/163
f 7454/7454/167 7461/7461/167 7455/7455/167
f 7454/7454/167 7460/7460/167 7461/7461/167
f 7467/7467/168 7472/7472/168 7466/7466/168
f 7467/7467/168 7473/7473/168 7472/7472/168
f 7460/7460/161 7473/7473/161 7461/7461/161
f 7460/7460/161 7472/7472/161 7473/7473/161
f 7455/7455/163 7466/7466/163 7454/7454/163
f 7455/7455/163 7467/7467/163 7466/7466/163
f 7455/7455/164 7456/7456/164 7450/7450/164
f 7455/7455/164 7461/7461/164 7456/7456/164
f 7462/7462/162 7473/7473/162 7467/7467/162
f 7462/7462/162 7468/7468/162 7473/7473/162
f 7461/7461/161 7468/7468/161 7456/7456/161
f 7461/7461/161 7473/7473/161 7468/7468/161
f 7450/7450/163 7467/7467/163 7455/7455/163
f 7450/7450/163 7462/7462/163 7467/7467/163
f 7474/7474/6 7479/7479/6 7475/7475/6
f 7474/7474/6 7478/7478/6 7479/7479/6
f 7483/7483/5 7486/7486/5 7482/7482/5
f 7483/7483/5 7487/7487/5 7486/7486/5
f 7478/7478/161 7487/7487/161 7479/7479/161
f 7478/7478/161 7486/7486/161 7487/7487/161
f 7475/7475/163 7482/7482/163 7474/7474/163
f 7475/7475/163 7483/7483/163 7482/7482/163
f 7475/7475/162 7480/7480/162 7476/7476/162
f 7475/7475/162 7479/7479/162 7480/7480/162
f 7484/7484/164 7487/7487/164 7483/7483/164
f 7484/7484/164 7488/7488/164 7487/7487/164
f 7479/7479/161 7488/7488/161 7480/7480/161
f 7479/7479/161 7487/7487/161 7488/7488/161
f 7476/7476/163 7483/7483/163 7475/7475/163
f 7476/7476/163 7484/7484/163 7483/7483/163
f 7476/7476/5 7481/7481/5 7477/7477/5
f 7476/7476/5 7480/7480/5 7481/7481/5
f 7485/7485/6 7488/7488/6 7484/7484/6
f 7485/7485/6 7489/7489/6 7488/7488/6
f 7480/7480/161 7489/7489/161 7481/7481/161
f 7480/7480/161 7488/7488/161 7489/7489/161
f 7477/7477/163 7484/7484/163 7476/7476/163
f 7477/7477/163 7485/7485/163 7484/7484/163
f 7477/7477/164 7478/7478/164 7474/7474/164
f 7477/7477/164 7481/7481/164 7478/7478/164
f 7482/7482/162 7489/7489/162 7485/7485/162
f 7482/7482/162 7486/7486/162 7489/7489/162
f 7481/7481/161 7486/7486/161 7478/7478/161
f 7481/7481/161 7489/7489/161 7486/7486/161
f 7474/7474/163 7485/7485/163 7477/7477/163
f 7474/7474/163 7482/7482/163 7485/7485/163
f 7490/7490/6 7495/7495/6 7491/7491/6
f 7490/7490/6 7494/7494/6 7495/7495/6
f 7499/7499/5 7502/7502/5 7498/7498/5
f 7499/7499/5 7503/7503/5 7502/7502/5
f 7494/7494/161 7503/7503/161 7495/7495/161
f 7494/7494/161 7502/7502/161 7503/7503/161
f 7491/7491/163 7498/7498/163 7490/7490/163
f 7491/7491/163 7499/7499/163 7498/7498/163
f 7491/7491/162 7496/7496/162 7492/7492/162
f 7491/7491/162 7495/7495/162 7496/7496/162
f 7500/7500/164 7503/7503/164 7499/7499/164
f 7500/7500/164 7504/7504/164 7503/7503/164
f 7495/7495/161 7504/7504/161 7496/7496/161
f 7495/7495/161 7503/7503/161 7504/7504/161
f 7492/7492/163 7499/7499/163 7491/7491/163
f 7492/7492/163 7500/7500/163 7499/7499/163
f 7492/7492/5 7497/7497/5 7493/7493/5
f 7492/7492/5 7496/7496/5 7497/7497/5
f 7501/7501/6 7504/7504/6 7500/7500/6
f 7501/7501/6 7505/7505/6 7504/7504/6
f 7496/7496/161 7505/7505/161 7497/7497/161
f 7496/7496/161 7504/7504/161 7505/7505/161
f 7493/7493/163 7500/7500/163 7492/7492/163
f 7493/7493/163 7501/7501/163 7500/7500/163
f 7493/7493/164 7494/7494/164 7490/7490/164
f 7493/7493/164 7497/7497/164 7494/7494/164
f 7498/7498/162 7505/7505/162 7501/7501/162
f 7498/7498/162 7502/7502/162 7505/7505/162
f 7497/7497/161 7502/7502/161 7494/7494/161
f 7497/7497/161 7505/7505/161 7502/7502/161
f 7490/7490/163 7501/7501/163 7493/7493/163
f 7490/7490/163 7498/7498/163 7501/7501/163
f 7506/7506/6 7511/7511/6 7507/7507/6
f 7506/7506/6 7510/7510/6 7511/7511/6
f 7515/7515/5 7518/7518/5 7514/7514/5
f 7515/7515/5 7519/7519/5 7518/7518/5
f 7510/7510/161 7519/7519/161 7511/7511/161
f 7510/7510/161 7518/7518/161 7519/7519/161
f 7507/7507/163 7514/7514/163 7506/7506/163
f 7507/7507/163 7515/7515/163 7514/7514/163
f 7507/7507/162 7512/7512/162 7508/7508/162
f 7507/7507/162 7511/7511/162 7512/7512/162
f 7516/7516/164 7519/7519/164 7515/7515/164
f 7516/7516/164 7520/7520/164 7519/7519/164
f 7511/7511/161 7520/7520/161 7512/7512/161
f 7511/7511/161 7519/7519/161 7520/7520/161
f 7508/7508/163 7515/7515/163 7507/7507/163
f 7508/7508/163 7516/7516/163 7515/7515/163
f 7508/7508/5 7513/7513/5 7509/7509/5
f 7508/7508/5 7512/7512/5 7513/7513/5
f 7517/7517/6 7520/7520/6 7516/7516/6
f 7517/7517/6 7521/7521/6 7520/7520/6
f 7512/7512/161 7521/7521/161 7513/7513/161
f 7512/7512/161 7520/7520/161 7521/7521/161
f 7509/7509/163 7516/7516/163 7508/7508/163
f 7509/7509/163 7517/7517/163 7516/7516/163
f 7509/7509/164 7510/7510/164 7506/7506/164
f 7509/7509/164 7513/7513/164 7510/7510/164
f 7514/7514/162 7521/7521/162 7517/7517/162
f 7514/7514/162 7518/7518/162 7521/7521/162
f 7513/7513/161 7518/7518/161 7510/7510/161
f 7513/7513/161 7521/7521/161 7518/7518/161
f 7506/7506/163 7517/7517/163 7509/7509/163
f 7506/7506/163 7514/7514/163 7517/7517/163
f 7522/7522/6 7527/7527/6 7523/7523/6
f 7522/7522/6 7526/7526/6 7527/7527/6
f 7531/7531/5 7534/7534/5 7530/7530/5
f 7531/7531/5 7535/7535/5 7534/7534/5
f 7526/7526/161 7535/7535/161 7527/7527/161
f 7526/7526/161 7534/7534/161 7535/7535/161
f 7523/7523/163 7530/7530/163 7522/7522/163
f 7523/7523/163 7531/7531/163 7530/7530/163
f 7523/7523/162 7528/7528/162 7524/7524/162
f 7523/7523/162 7527/7527/162 7528/7528/162
f 7532/7532/164 7535/7535/164 7531/7531/164
f 7532/7532/164 7536/7536/164 7535/7535/164
f 7527/7527/161 7536/7536/161 7528/7528/161
f 7527/7527/161 7535/7535/161 7536/7536/161
f 7524/7524/163 7531/7531/163 7523/7523/163
f 7524/7524/163 7532/7532/163 7531/7531/163
f 7524/7524/5 7529/7529/5 7525/7525/5
f 7524/7524/5 7528/7528/5 7529/7529/5
f 7533/7533/6 7536/7536/6 7532/7532/6
f 7533/7533/6 7537/7537/6 7536/7536/6
f 7528/7528/161 7537/7537/161 7529/7529/161
f 7528/7528/161 7536/7536/161 7537/7537/161
f 7525/7525/163 7532/7532/163 7524/7524/163
f 7525/7525/163 7533/7533/163 7532/7532/163
f 7525/7525/164 7526/7526/164 7522/7522/164
f 7525/7525/164 7529/7529/164 7526/7526/164
f 7530/7530/162 7537/7537/162 7533/7533/162
f 7530/7530/162 7534/7534/162 7537/7537/162
f 7529/7529/161 7534/7534/161 7526/7526/161
f 7529/7529/161 7537/7537/161 7534/7534/161
f 7522/7522/163 7533/7533/163 7525/7525/163
f 7522/7522/163 7530/7530/163 7533/7533/163
f 7538/7538/163 7539/7539/163 7543/7543/163
f 7538/7538/163 7543/7543/163 7542/7542/163
f 7539/7539/162 7540/7540/162 7544/7544/162
f 7539/7539/162 7544/7544/162 7543/7543/162
f 7540/7540/161 7541/7541/161 7545/7545/161
f 7540/7540/161 7545/7545/161 7544/7544/161
f 7541/7541/164 7538/7538/164 7542/7542/164
f 7541/7541/164 7542/7542/164 7545/7545/164
f 7542/7542/5 7543/7543/5 7544/7544/5
f 7542/7542/5 7544/7544/5 7545/7545/5
f 7541/7541/6 7540/7540/6 7539/7539/6
f 7541/7541/6 7539/7539/6 7538/7538/6
f 7546/7546/6 7551/7551/6 7547/7547/6
f 7546/7546/6 7550/7550/6 7551/7551/6
f 7555/7555/5 7558/7558/5 7554/7554/5
f 7555/7555/5 7559/7559/5 7558/7558/5
f 7550/7550/162 7559/7559/162 7551/7551/162
f 7550/7550/162 7558/7558/162 7559/7559/162
f 7547/7547/164 7554/7554/164 7546/7546/164
f 7547/7547/164 7555/7555/164 7554/7554/164
f 7547/7547/163 7552/7552/163 7548/7548/163
f 7547/7547/163 7551/7551/163 7552/7552/163
f 7556/7556/161 7559/7559/161 7555/7555/161
f 7556/7556/161 7560/7560/161 7559/7559/161
f 7551/7551/162 7560/7560/162 7552/7552/162
f 7551/7551/162 7559/7559/162 7560/7560/162
f 7548/7548/164 7555/7555/164 7547/7547/164
f 7548/7548/164 7556/7556/164 7555/7555/164
f 7548/7548/5 7553/7553/5 7549/7549/5
f 7548/7548/5 7552/7552/5 7553/7553/5
f 7557/7557/6 7560/7560/6 7556/7556/6
f 7557/7557/6 7561/7561/6 7560/7560/6
f 7552/7552/162 7561/7561/162 7553/7553/162
f 7552/7552/162 7560/7560/162 7561/7561/162
f 7549/7549/164 7556/7556/164 7548/7548/164
f 7549/7549/164 7557/7557/164 7556/7556/164
f 7549/7549/161 7550/7550/161 7546/7546/161
f 7549/7549/161 7553/7553/161 7550/7550/161
f 7554/7554/163 7561/7561/163 7557/7557/163
f 7554/7554/163 7558/7558/163 7561/7561/163
f 7553/7553/162 7558/7558/162 7550/7550/162
f 7553/7553/162 7561/7561/162 7558/7558/162
f 7546/7546/164 7557/7557/164 7549/7549/164
f 7546/7546/164 7554/7554/164 7557/7557/164
f 7562/7562/6 7569/7569/6 7563/7563/6
f 7562/7562/6 7568/7568/6 7569/7569/6
f 7575/7575/5 7580/7580/5 7574/7574/5
f 7575/7575/5 7581/7581/5 7580/7580/5
f 7568/7568/162 7581/7581/162 7569/7569/162
f 7568/7568/162 7580/7580/162 7581/7581/162
f 7563/7563/164 7574/7574/164 7562/7562/164
f 7563/7563/164 7575/7575/164 7574/7574/164
f 7563/7563/163 7570/7570/163 7564/7564/163
f 7563/7563/163 7569/7569/163 7570/7570/163
f 7576/7576/161 7581/7581/161 7575/7575/161
f 7576/7576/161 7582/7582/161 7581/7581/161
f 7569/7569/162 7582/7582/162 7570/7570/162
f 7569/7569/162 7581/7581/162 7582/7582/162
f 7564/7564/164 7575/7575/164 7563/7563/164
f 7564/7564/164 7576/7576/164 7575/7575/164
f 7564/7564/169 7571/7571/169 7565/7565/169
f 7564/7564/169 7570/7570/169 7571/7571/169
f 7577/7577/170 7582/7582/170 7576/7576/170
f 7577/7577/170 7583/7583/170 7582/7582/170
f 7570/7570/162 7583/7583/162 7571/7571/162
f 7570/7570/162 7582/7582/162 7583/7583/162
f 7565/7565/164 7576/7576/164 7564/7564/164
f 7565/7565/164 7577/7577/164 7576/7576/164
f 7565/7565/5 7572/7572/5 7566/7566/5
f 7565/7565/5 7571/7571/5 7572/7572/5
f 7578/7578/6 7583/7583/6 7577/7577/6
f 7578/7578/6 7584/7584/6 7583/7583/6
f 7571/7571/162 7584/7584/162 7572/7572/162
f 7571/7571/162 7583/7583/162 7584/7584/162
f 7566/7566/164 7577/7577/164 7565/7565/164
f 7566/7566/164 7578/7578/164 7577/7577/164
f 7566/7566/171 7573/7573/171 7567/7567/171
f 7566/7566/171 7572/7572/171 7573/7573/171
f 7579/7579/172 7584/7584/172 7578/7578/172
f 7579/7579/172 7585/7585/172 7584/7584/172
f 7572/7572/162 7585/7585/162 7573/7573/162
f 7572/7572/162 7584/7584/162 7585/7585/162
f 7567/7567/164 7578/7578/164 7566/7566/164
f 7567/7567/164 7579/7579/164 7578/7578/164
f 7567/7567/161 7568/7568/161 7562/7562/161
f 7567/7567/161 7573/7573/161 7568/7568/161
f 7574/7574/163 7585/7585/163 7579/7579/163
f 7574/7574/163 7580/7580/163 7585/7585/163
f 7573/7573/162 7580/7580/162 7568/7568/162
f 7573/7573/162 7585/7585/162 7580/7580/162
f 7562/7562/164 7579/7579/164 7567/7567/164
f 7562/7562/164 7574/7574/164 7579/7579/164
f 7586/7586/6 7591/7591/6 7587/7587/6
f 7586/7586/6 7590/7590/6 7591/7591/6
f 7595/7595/5 7598/7598/5 7594/7594/5
f 7595/7595/5 7599/7599/5 7598/7598/5
f 7590/7590/163 7599/7599/163 7591/7591/163
f 7590/7590/163 7598/7598/163 7599/7599/163
f 7587/7587/161 7594/7594/161 7586/7586/161
f 7587/7587/161 7595/7595/161 7594/7594/161
f 7587/7587/164 7592/7592/164 7588/7588/164
f 7587/7587/164 7591/7591/164 7592/7592/164
f 7596/7596/162 7599/7599/162 7595/7595/162
f 7596/7596/162 7600/7600/162 7599/7599/162
f 7591/7591/163 7600/7600/163 7592/7592/163
f 7591/7591/163 7599/7599/163 7600/7600/163
f 7588/7588/161 7595/7595/161 7587/7587/161
f 7588/7588/161 7596/7596/161 7595/7595/161
f 7588/7588/5 7593/7593/5 7589/7589/5
f 7588/7588/5 7592/7592/5 7593/7593/5
f 7597/7597/6 7600/7600/6 7596/7596/6
f 7597/7597/6 7601/7601/6 7600/7600/6
f 7592/7592/163 7601/7601/163 7593/7593/163
f 7592/7592/163 7600/7600/163 7601/7601/163
f 7589/7589/161 7596/7596/161 7588/7588/161
f 7589/7589/161 7597/7597/161 7596/7596/161
f 7589/7589/162 7590/7590/162 7586/7586/162
f 7589/7589/162 7593/7593/162 7590/7590/162
f 7594/7594/164 7601/7601/164 7597/7597/164
f 7594/7594/164 7598/7598/164 7601/7601/164
f 7593/7593/163 7598/7598/163 7590/7590/163
f 7593/7593/163 7601/7601/163 7598/7598/163
f 7586/7586/161 7597/7597/161 7589/7589/161
f 7586/7586/161 7594/7594/161 7597/7597/161
f 7602/7602/6 7607/7607/6 7603/7603/6
f 7602/7602/6 7606/7606/6 7607/7607/6
f 7611/7611/5 7614/7614/5 7610/7610/5
f 7611/7611/5 7615/7615/5 7614/7614/5
f 7606/7606/163 7615/7615/163 7607/7607/163
f 7606/7606/163 7614/7614/163 7615/7615/163
f 7603/7603/161 7610/7610/161 7602/7602/161
f 7603/7603/161 7611/7611/161 7610/7610/161
f 7603/7603/164 7608/7608/164 7604/7604/164
f 7603/7603/164 7607/7607/164 7608/7608/164
f 7612/7612/162 7615/7615/162 7611/7611/162
f 7612/7612/162 7616/7616/162 7615/7615/162
f 7607/7607/163 7616/7616/163 7608/7608/163
f 7607/7607/163 7615/7615/163 7616/7616/163
f 7604/7604/161 7611/7611/161 7603/7603/161
f 7604/7604/161 7612/7612/161 7611/7611/161
f 7604/7604/5 7609/7609/5 7605/7605/5
f 7604/7604/5 7608/7608/5 7609/7609/5
f 7613/7613/6 7616/7616/6 7612/7612/6
f 7613/7613/6 7617/7617/6 7616/7616/6
f 7608/7608/163 7617/7617/163 7609/7609/163
f 7608/7608/163 7616/7616/163 7617/7617/163
f 7605/7605/161 7612/7612/161 7604/7604/161
f 7605/7605/161 7613/7613/161 7612/7612/161
f 7605/7605/162 7606/7606/162 7602/7602/162
f 7605/7605/162 7609/7609/162 7606/7606/162
f 7610/7610/164 7617/7617/164 7613/7613/164
f 7610/7610/164 7614/7614/164 7617/7617/164
f 7609/7609/163 7614/7614/163 7606/7606/163
f 7609/7609/163 7617/7617/163 7614/7614/163
f 7602/7602/161 7613/7613/161 7605/7605/161
f 7602/7602/161 7610/7610/161 7613/7613/161
f 7618/7618/6 7623/7623/6 7619/7619/6
f 7618/7618/6 7622/7622/6 7623/7623/6
f 7627/7627/5 7630/7630/5 7626/7626/5
f 7627/7627/5 7631/7631/5 7630/7630/5
f 7622/7622/163 7631/7631/163 7623/7623/163
f 7622/7622/163 7630/7630/163 7631/7631/163
f 7619/7619/161 7626/7626/161 7618/7618/161
f 7619/7619/161 7627/7627/161 7626/7626/161
f 7619/7619/164 7624/7624/164 7620/7620/164
f 7619/7619/164 7623/7623/164 7624/7624/164
f 7628/7628/162 7631/7631/162 7627/7627/162
f 7628/7628/162 7632/7632/162 7631/7631/162
f 7623/7623/163 7632/7632/163 7624/7624/163
f 7623/7623/163 7631/7631/163 7632/7632/163
f 7620/7620/161 7627/7627/161 7619/7619/161
f 7620/7620/161 7628/7628/161 7627/7627/161
f 7620/7620/5 7625/7625/5 7621/7621/5
f 7620/7620/5 7624/7624/5 7625/7625/5
f 7629/7629/6 7632/7632/6 7628/7628/6
f 7629/7629/6 7633/7633/6 7632/7632/6
f 7624/7624/163 7633/7633/163 7625/7625/163
f 7624/7624/163 7632/7632/163 7633/7633/163
f 7621/7621/161 7628/7628/161 7620/7620/161
f 7621/7621/161 7629/7629/161 7628/7628/161
f 7621/7621/162 7622/7622/162 7618/7618/162
f 7621/7621/162 7625/7625/162 7622/7622/162
f 7626/7626/164 7633/7633/164 7629/7629/164
f 7626/7626/164 7630/7630/164 7633/7633/164
f 7625/7625/163 7630/7630/163 7622/7622/163
f 7625/7625/163 7633/7633/163 7630/7630/163
f 7618/7618/161 7629/7629/161 7621/7621/161
f 7618/7618/161 7626/7626/161 7629/7629/161
f 7634/7634/6 7639/7639/6 7635/7635/6
f 7634/7634/6 7638/7638/6 7639/7639/6
f 7643/7643/5 7646/7646/5 7642/7642/5
f 7643/7643/5 7647/7647/5 7646/7646/5
f 7638/7638/163 7647/7647/163 7639/7639/163
f 7638/7638/163 7646/7646/163 7647/7647/163
f 7635/7635/161 7642/7642/161 7634/7634/161
f 7635/7635/161 7643/7643/161 7642/7642/161
f 7635/7635/164 7640/7640/164 7636/7636/164
f 7635/7635/164 7639/7639/164 7640/7640/164
f 7644/7644/162 7647/7647/162 7643/7643/162
f 7644/7644/162 7648/7648/162 7647/7647/162
f 7639/7639/163 7648/7648/163 7640/7640/163
f 7639/7639/163 7647/7647/163 7648/7648/163
f 7636/7636/161 7643/7643/161 7635/7635/161
f 7636/7636/161 7644/7644/161 7643/7643/161
f 7636/7636/5 7641/7641/5 7637/7637/5
f 7636/7636/5 7640/7640/5 7641/7641/5
f 7645/7645/6 7648/7648/6 7644/7644/6
f 7645/7645/6 7649/7649/6 7648/7648/6
f 7640/7640/163 7649/7649/163 7641/7641/163
f 7640/7640/163 7648/7648/163 7649/7649/163
f 7637/7637/161 7644/7644/161 7636/7636/161
f 7637/7637/161 7645/7645/161 7644/7644/161
f 7637/7637/162 7638/7638/162 7634/7634/162
f 7637/7637/162 7641/7641/162 7638/7638/162
f 7642/7642/164 7649/7649/164 7645/7645/164
f 7642/7642/164 7646/7646/164 7649/7649/164
f 7641/7641/163 7646/7646/163 7638/7638/163
f 7641/7641/163 7649/7649/163 7646/7646/163
f 7634/7634/161 7645/7645/161 7637/7637/161
f 7634/7634/161 7642/7642/161 7645/7645/161
f 7650/7650/6 7655/7655/6 7651/7651/6
f 7650/7650/6 7654/7654/6 7655/7655/6
f 7659/7659/5 7662/7662/5 7658/7658/5
f 7659/7659/5 7663/7663/5 7662/7662/5
f 7654/7654/163 7663/7663/163 7655/7655/163
f 7654/7654/163 7662/7662/163 7663/7663/163
f 7651/7651/161 7658/7658/161 7650/7650/161
f 7651/7651/161 7659/7659/161 7658/7658/161
f 7651/7651/164 7656/7656/164 7652/7652/164
f 7651/7651/164 7655/7655/164 7656/7656/164
f 7660/7660/162 7663/7663/162 7659/7659/162
f 7660/7660/162 7664/7664/162 7663/7663/162
f 7655/7655/163 7664/7664/163 7656/7656/163
f 7655/7655/163 7663/7663/163 7664/7664/163
f 7652/7652/161 7659/7659/161 7651/7651/161
f 7652/7652/161 7660/7660/161 7659/7659/161
f 7652/7652/5 7657/7657/5 7653/7653/5
f 7652/7652/5 7656/7656/5 7657/7657/5
f 7661/7661/6 7664/7664/6 7660/7660/6
f 7661/7661/6 7665/7665/6 7664/7664/6
f 7656/7656/163 7665/7665/163 7657/7657/163
f 7656/7656/163 7664/7664/163 7665/7665/163
f 7653/7653/161 7660/7660/161 7652/7652/161
f 7653/7653/161 7661/7661/161 7660/7660/161
f 7653/7653/162 7654/7654/162 7650/7650/162
f 7653/7653/162 7657/7657/162 7654/7654/162
f 7658/7658/164 7665/7665/164 7661/7661/164
f 7658/7658/164 7662/7662/164 7665/7665/164
f 7657/7657/163 7662/7662/163 7654/7654/163
f 7657/7657/163 7665/7665/163 7662/7662/163
f 7650/7650/161 7661/7661/161 7653/7653/161
f 7650/7650/161 7658/7658/161 7661/7661/161
f 7666/7666/6 7671/7671/6 7667/7667/6
f 7666/7666/6 7670/7670/6 7671/7671/6
f 7675/7675/5 7678/7678/5 7674/7674/5
f 7675/7675/5 7679/7679/5 7678/7678/5
f 7670/7670/163 7679/7679/163 7671/7671/163
f 7670/7670/163 7678/7678/163 7679/7679/163
f 7667/7667/161 7674/7674/161 7666/7666/161
f 7667/7667/161 7675/7675/161 7674/7674/161
f 7667/7667/164 7672/7672/164 7668/7668/164
f 7667/7667/164 7671/7671/164 7672/7672/164
f 7676/7676/162 7679/7679/162 7675/7675/162
f 7676/7676/162 7680/7680/162 7679/7679/162
f 7671/7671/163 7680/7680/163 7672/7672/163
f 7671/7671/163 7679/7679/163 7680/7680/163
f 7668/7668/161 7675/7675/161 7667/7667/161
f 7668/7668/161 7676/7676/161 7675/7675/161
f 7668/7668/5 7673/7673/5 7669/7669/5
f 7668/7668/5 7672/7672/5 7673/7673/5
f 7677/7677/6 7680/7680/6 7676/7676/6
f 7677/7677/6 7681/7681/6 7680/7680/6
f 7672/7672/163 7681/7681/163 7673/7673/163
f 7672/7672/163 7680/7680/163 7681/7681/163
f 7669/7669/161 7676/7676/161 7668/7668/161
f 7669/7669/161 7677/7677/161 7676/7676/161
f 7669/7669/162 7670/7670/162 7666/7666/162
f 7669/7669/162 7673/7673/162 7670/7670/162
f 7674/7674/164 7681/7681/164 7677/7677/164
f 7674/7674/164 7678/7678/164 7681/7681/164
f 7673/7673/163 7678/7678/163 7670/7670/163
f 7673/7673/163 7681/7681/163 7678/7678/163
f 7666/7666/161 7677/7677/161 7669/7669/161
f 7666/7666/161 7674/7674/161 7677/7677/161
f 7682/7682/6 7687/7687/6 7683/7683/6
f 7682/7682/6 7686/7686/6 7687/7687/6
f 7691/7691/5 7694/7694/5 7690/7690/5
f 7691/7691/5 7695/7695/5 7694/7694/5
f 7686/7686/164 7695/7695/164 7687/7687/164
f 7686/7686/164 7694/7694/164 7695/7695/164
f 7683/7683/162 7690/7690/162 7682/7682/162
f 7683/7683/162 7691/7691/162 7690/7690/162
f 7683/7683/161 7688/7688/161 7684/7684/161
f 7683/7683/161 7687/7687/161 7688/7688/161
f 7692/7692/163 7695/7695/163 7691/7691/163
f 7692/7692/163 7696/7696/163 7695/7695/163
f 7687/7687/164 7696/7696/164 7688/7688/164
f 7687/7687/164 7695/7695/164 7696/7696/164
f 7684/7684/162 7691/7691/162 7683/7683/162
f 7684/7684/162 7692/7692/162 7691/7691/162
f 7684/7684/5 7689/7689/5 7685/7685/5
f 7684/7684/5 7688/7688/5 7689/7689/5
f 7693/7693/6 7696/7696/6 7692/7692/6
f 7693/7693/6 7697/7697/6 7696/7696/6
f 7688/7688/164 7697/7697/164 7689/7689/164
f 7688/7688/164 7696/7696/164 7697/7697/164
f 7685/7685/162 7692/7692/162 7684/7684/162
f 7685/7685/162 7693/7693/162 7692/7692/162
f 7685/7685/163 7686/7686/163 7682/7682/163
f 7685/7685/163 7689/7689/163 7686/7686/163
f 7690/7690/161 7697/7697/161 7693/7693/161
f 7690/7690/161 7694/7694/161 7697/7697/161
f 7689/7689/164 7694/7694/164 7686/7686/164
f 7689/7689/164 7697/7697/164 7694/7694/164
f 7682/7682/162 7693/7693/162 7685/7685/162
f 7682/7682/162 7690/7690/162 7693/7693/162
f 7698/7698/6 7703/7703/6 7699/7699/6
f 7698/7698/6 7702/7702/6 7703/7703/6
f 7707/7707/5 7710/7710/5 7706/7706/5
f 7707/7707/5 7711/7711/5 7710/7710/5
f 7702/7702/164 7711/7711/164 7703/7703/164
f 7702/7702/164 7710/7710/164 7711/7711/164
f 7699/7699/162 7706/7706/162 7698/7698/162
f 7699/7699/162 7707/7707/162 7706/7706/162
f 7699/7699/161 7704/7704/161 7700/7700/161
f 7699/7699/161 7703/7703/161 7704/7704/161
f 7708/7708/163 7711/7711/163 7707/7707/163
f 7708/7708/163 7712/7712/163 7711/7711/163
f 7703/7703/164 7712/7712/164 7704/7704/164
f 7703/7703/164 7711/7711/164 7712/7712/164
f 7700/7700/162 7707/7707/162 7699/7699/162
f 7700/7700/162 7708/7708/162 7707/7707/162
f 7700/7700/5 7705/7705/5 7701/7701/5
f 7700/7700/5 7704/7704/5 7705/7705/5
f 7709/7709/6 7712/7712/6 7708/7708/6
f 7709/7709/6 7713/7713/6 7712/7712/6
f 7704/7704/164 7713/7713/164 7705/7705/164
f 7704/7704/164 7712/7712/164 7713/7713/164
f 7701/7701/162 7708/7708/162 7700/7700/162
f 7701/7701/162 7709/7709/162 7708/7708/162
f 7701/7701/163 7702/7702/163 7698/7698/163
f 7701/7701/163 7705/7705/163 7702/7702/163
f 7706/7706/161 7713/7713/161 7709/7709/161
f 7706/7706/161 7710/7710/161 7713/7713/161
f 7705/7705/164 7710/7710/164 7702/7702/164
f 7705/7705/164 7713/7713/164 7710/7710/164
f 7698/7698/162 7709/7709/162 7701/7701/162
f 7698/7698/162 7706/7706/162 7709/7709/162
f 7714/7714/161 7719/7719/161 7715/7715/161
f 7714/7714/161 7718/7718/161 7719/7719/161
f 7723/7723/163 7726/7726/163 7722/7722/163
f 7723/7723/163 7727/7727/163 7726/7726/163
f 7718/7718/5 7727/7727/5 7719/7719/5
f 7718/7718/5 7726/7726/5 7727/7727/5
f 7715/7715/6 7722/7722/6 7714/7714/6
f 7715/7715/6 7723/7723/6 7722/7722/6
f 7715/7715/162 7720/7720/162 7716/7716/162
f 7715/7715/162 7719/7719/162 7720/7720/162
f 7724/7724/164 7727/7727/164 7723/7723/164
f 7724/7724/164 7728/7728/164 7727/7727/164
f 7719/7719/5 7728/7728/5 7720/7720/5
f 7719/7719/5 7727/7727/5 7728/7728/5
f 7716/7716/6 7723/7723/6 7715/7715/6
f 7716/7716/6 7724/7724/6 7723/7723/6
f 7716/7716/163 7721/7721/163 7717/7717/163
f 7716/7716/163 7720/7720/163 7721/7721/163
f 7725/7725/161 7728/7728/161 7724/7724/161
f 7725/7725/161 7729/7729/161 7728/7728/161
f 7720/7720/5 7729/7729/5 7721/7721/5
f 7720/7720/5 7728/7728/5 7729/7729/5
f 7717/7717/6 7724/7724/6 7716/7716/6
f 7717/7717/6 7725/7725/6 7724/7724/6
f 7717/7717/164 7718/7718/164 7714/7714/164
f 7717/7717/164 7721/7721/164 7718/7718/164
f 7722/7722/162 7729/7729/162 7725/7725/162
f 7722/7722/162 7726/7726/162 7729/7729/162
f 7721/7721/5 7726/7726/5 7718/7718/5
f 7721/7721/5 7729/7729/5 7726/7726/5
f 7714/7714/6 7725/7725/6 7717/7717/6
f 7714/7714/6 7722/7722/6 7725/7725/6
f 7730/7730/161 7735/7735/161 7731/7731/161
f 7730/7730/161 7734/7734/161 7735/7735/161
f 7739/7739/163 7742/7742/163 7738/7738/163
f 7739/7739/163 7743/7743/163 7742/7742/163
f 7734/7734/5 7743/7743/5 7735/7735/5
f 7734/7734/5 7742/7742/5 7743/7743/5
f 7731/7731/6 7738/7738/6 7730/7730/6
f 7731/7731/6 7739/7739/6 7738/7738/6
f 7731/7731/162 7736/7736/162 7732/7732/162
f 7731/7731/162 7735/7735/162 7736/7736/162
f 7740/7740/164 7743/7743/164 7739/7739/164
f 7740/7740/164 7744/7744/164 7743/7743/164
f 7735/7735/5 7744/7744/5 7736/7736/5
f 7735/7735/5 7743/7743/5 7744/7744/5
f 7732/7732/6 7739/7739/6 7731/7731/6
f 7732/7732/6 7740/7740/6 7739/7739/6
f 7732/7732/163 7737/7737/163 7733/7733/163
f 7732/7732/163 7736/7736/163 7737/7737/163
f 7741/7741/161 7744/7744/161 7740/7740/161
f 7741/7741/161 7745/7745/161 7744/7744/161
f 7736/7736/5 7745/7745/5 7737/7737/5
f 7736/7736/5 7744/7744/5 7745/7745/5
f 7733/7733/6 7740/7740/6 7732/7732/6
f 7733/7733/6 7741/7741/6 7740/7740/6
f 7733/7733/164 7734/7734/164 7730/7730/164
f 7733/7733/164 7737/7737/164 7734/7734/164
f 7738/7738/162 7745/7745/162 7741/7741/162
f 7738/7738/162 7742/7742/162 7745/7745/162
f 7737/7737/5 7742/7742/5 7734/7734/5
f 7737/7737/5 7745/7745/5 7742/7742/5
f 7730/7730/6 7741/7741/6 7733/7733/6
f 7730/7730/6 7738/7738/6 7741/7741/6
f 7746/7746/161 7751/7751/161 7747/7747/161
f 7746/7746/161 7750/7750/161 7751/7751/161
f 7755/7755/163 7758/7758/163 7754/7754/163
f 7755/7755/163 7759/7759/163 7758/7758/163
f 7750/7750/5 7759/7759/5 7751/7751/5
f 7750/7750/5 7758/7758/5 7759/7759/5
f 7747/7747/6 7754/7754/6 7746/7746/6
f 7747/7747/6 7755/7755/6 7754/7754/6
f 7747/7747/162 7752/7752/162 7748/7748/162
f 7747/7747/162 7751/7751/162 7752/7752/162
f 7756/7756/164 7759/7759/164 7755/7755/164
f 7756/7756/164 7760/7760/164 7759/7759/164
f 7751/7751/5 7760/7760/5 7752/7752/5
f 7751/7751/5 7759/7759/5 7760/7760/5
f 7748/7748/6 7755/7755/6 7747/7747/6
f 7748/7748/6 7756/7756/6 7755/7755/6
f 7748/7748/163 7753/7753/163 7749/7749/163
f 7748/7748/163 7752/7752/163 7753/7753/163
f 7757/7757/161 7760/7760/161 7756/7756/161
f 7757/7757/161 7761/7761/161 7760/7760/161
f 7752/7752/5 7761/7761/5 7753/7753/5
f 7752/7752/5 7760/7760/5 7761/7761/5
f 7749/7749/6 7756/7756/6 7748/7748/6
f 7749/7749/6 7757/7757/6 7756/7756/6
f 7749/7749/164 7750/7750/164 7746/7746/164
f 7749/7749/164 7753/7753/164 7750/7750/164
f 7754/7754/162 7761/7761/162 7757/7757/162
f 7754/7754/162 7758/7758/162 7761/7761/162
f 7753/7753/5 7758/7758/5 7750/7750/5
f 7753/7753/5 7761/7761/5 7758/7758/5
f 7746/7746/6 7757/7757/6 7749/7749/6
f 7746/7746/6 7754/7754/6 7757/7757/6
f 7762/7762/162 7763/7763/162 7767/7767/162
f 7762/7762/162 7767/7767/162 7766/7766/162
f 7763/7763/161 7764/7764/161 7768/7768/161
f 7763/7763/161 7768/7768/161 7767/7767/161
f 7764/7764/164 7765/7765/164 7769/7769/164
f 7764/7764/164 7769/7769/164 7768/7768/164
f 7765/7765/163 7762/7762/163 7766/7766/163
f 7765/7765/163 7766/7766/163 7769/7769/163
f 7766/7766/5 7767/7767/5 7768/7768/5
f 7766/7766/5 7768/7768/5 7769/7769/5
f 7765/7765/6 7764/7764/6 7763/7763/6
f 7765/7765/6 7763/7763/6 7762/7762/6
f 7770/7770/163 7771/7771/163 7775/7775/163
f 7770/7770/163 7775/7775/163 7774/7774/163
f 7771/7771/162 7772/7772/162 7776/7776/162
f 7771/7771/162 7776/7776/162 7775/7775/162
f 7772/7772/161 7773/7773/161 7777/7777/161
f 7772/7772/161 7777/7777/161 7776/7776/161
f 7773/7773/164 7770/7770/164 7774/7774/164
f 7773/7773/164 7774/7774/164 7777/7777/164
f 7774/7774/5 7775/7775/5 7776/7776/5
f 7774/7774/5 7776/7776/5 7777/7777/5
f 7773/7773/6 7772/7772/6 7771/7771/6
f 7773/7773/6 7771/7771/6 7770/7770/6
f 7778/7778/162 7779/7779/162 7783/7783/162
f 7778/7778/162 7783/7783/162 7782/7782/162
f 7779/7779/161 7780/7780/161 7784/7784/161
f 7779/7779/161 7784/7784/161 7783/7783/161
f 7780/7780/164 7781/7781/164 7785/7785/164
f 7780/7780/164 7785/7785/164 7784/7784/164
f 7781/7781/163 7778/7778/163 7782/7782/163
f 7781/7781/163 7782/7782/163 7785/7785/163
f 7782/7782/5 7783/7783/5 7784/7784/5
f 7782/7782/5 7784/7784/5 7785/7785/5
f 7781/7781/6 7780/7780/6 7779/7779/6
f 7781/7781/6 7779/7779/6 7778/7778/6
f 7786/7786/163 7787/7787/163 7791/7791/163
f 7786/7786/163 7791/7791/163 7790/7790/163
f 7787/7787/162 7788/7788/162 7792/7792/162
f 7787/7787/162 7792/7792/162 7791/7791/162
f 7788/7788/161 7789/7789/161 7793/7793/161
f 7788/7788/161 7793/7793/161 7792/7792/161
f 7789/7789/164 7786/7786/164 7790/7790/164
f 7789/7789/164 7790/7790/164 7793/7793/164
f 7790/7790/5 7791/7791/5 7792/7792/5
f 7790/7790/5 7792/7792/5 7793/7793/5
f 7789/7789/6 7788/7788/6 7787/7787/6
f 7789/7789/6 7787/7787/6 7786/7786/6
f 7794/7794/164 7795/7795/164 7799/7799/164
f 7794/7794/164 7799/7799/164 7798/7798/164
f 7795/7795/163 7796/7796/163 7800/7800/163
f 7795/7795/163 7800/7800/163 7799/7799/163
f 7796/7796/162 7797/7797/162 7801/7801/162
f 7796/7796/162 7801/7801/162 7800/7800/162
f 7797/7797/161 7794/7794/161 7798/7798/161
f 7797/7797/161 7798/7798/161 7801/7801/161
f 7798/7798/5 7799/7799/5 7800/7800/5
f 7798/7798/5 7800/7800/5 7801/7801/5
f 7797/7797/6 7796/7796/6 7795/7795/6
f 7797/7797/6 7795/7795/6 7794/7794/6
f 7802/7802/161 7803/7803/161 7807/7807/161
f 7802/7802/161 7807/7807/161 7806/7806/161
f 7803/7803/164 7804/7804/164 7808/7808/164
f 7803/7803/164 7808/7808/164 7807/7807/164
f 7804/7804/163 7805/7805/163 7809/7809/163
f 7804/7804/163 7809/7809/163 7808/7808/163
f 7805/7805/162 7802/7802/162 7806/7806/162
f 7805/7805/162 7806/7806/162 7809/7809/162
f 7806/7806/5 7807/7807/5 7808/7808/5
f 7806/7806/5 7808/7808/5 7809/7809/5
f 7805/7805/6 7804/7804/6 7803/7803/6
f 7805/7805/6 7803/7803/6 7802/7802/6
f 7810/7810/164 7811/7811/164 7815/7815/164
f 7810/7810/164 7815/7815/164 7814/7814/164
f 7811/7811/163 7812/7812/163 7816/7816/163
f 7811/7811/163 7816/7816/163 7815/7815/163
f 7812/7812/162 7813/7813/162 7817/7817/162
f 7812/7812/162 7817/7817/162 7816/7816/162
f 7813/7813/161 7810/7810/161 7814/7814/161
f 7813/7813/161 7814/7814/161 7817/7817/161
f 7814/7814/5 7815/7815/5 7816/7816/5
f 7814/7814/5 7816/7816/5 7817/7817/5
f 7813/7813/6 7812/7812/6 7811/7811/6
f 7813/7813/6 7811/7811/6 7810/7810/6
f 7818/7818/161 7819/7819/161 7823/7823/161
f 7818/7818/161 7823/7823/161 7822/7822/161
f 7819/7819/164 7820/7820/164 7824/7824/164
f 7819/7819/164 7824/7824/164 7823/7823/164
f 7820/7820/163 7821/7821/163 7825/7825/163
f 7820/7820/163 7825/7825/163 7824/7824/163
f 7821/7821/162 7818/7818/162 7822/7822/162
f 7821/7821/162 7822/7822/162 7825/7825/162
f 7822/7822/5 7823/7823/5 7824/7824/5
f 7822/7822/5 7824/7824/5 7825/7825/5
f 7821/7821/6 7820/7820/6 7819/7819/6
f 7821/7821/6 7819/7819/6 7818/7818/6
f 7826/7826/163 7827/7827/163 7831/7831/163
f 7826/7826/163 7831/7831/163 7830/7830/163
f 7827/7827/162 7828/7828/162 7832/7832/162
f 7827/7827/162 7832/7832/162 7831/7831/162
f 7828/7828/161 7829/7829/161 7833/7833/161
f 7828/7828/161 7833/7833/161 7832/7832/161
f 7829/7829/164 7826/7826/164 7830/7830/164
f 7829/7829/164 7830/7830/164 7833/7833/164
f 7830/7830/5 7831/7831/5 7832/7832/5
f 7830/7830/5 7832/7832/5 7833/7833/5
f 7829/7829/6 7828/7828/6 7827/7827/6
f 7829/7829/6 7827/7827/6 7826/7826/6
f 7834/7834/164 7835/7835/164 7839/7839/164
f 7834/7834/164 7839/7839/164 7838/7838/164
f 7835/7835/163 7836/7836/163 7840/7840/163
f 7835/7835/163 7840/7840/163 7839/7839/163
f 7836/7836/162 7837/7837/162 7841/7841/162
f 7836/7836/162 7841/7841/162 7840/7840/162
f 7837/7837/161 7834/7834/161 7838/7838/161
f 7837/7837/161 7838/7838/161 7841/7841/161
f 7838/7838/5 7839/7839/5 7840/7840/5
f 7838/7838/5 7840/7840/5 7841/7841/5
f 7837/7837/6 7836/7836/6 7835/7835/6
f 7837/7837/6 7835/7835/6 7834/7834/6
f 7842/7842/163 7843/7843/163 7847/7847/163
f 7842/7842/163 7847/7847/163 7846/7846/163
f 7843/7843/162 7844/7844/162 7848/7848/162
f 7843/7843/162 7848/7848/162 7847/7847/162
f 7844/7844/161 7845/7845/161 7849/7849/161
f 7844/7844/161 7849/7849/161 7848/7848/161
f 7845/7845/164 7842/7842/164 7846/7846/164
f 7845/7845/164 7846/7846/164 7849/7849/164
f 7846/7846/5 7847/7847/5 7848/7848/5
f 7846/7846/5 7848/7848/5 7849/7849/5
f 7845/7845/6 7844/7844/6 7843/7843/6
f 7845/7845/6 7843/7843/6 7842/7842/6
f 7850/7850/164 7851/7851/164 7855/7855/164
f 7850/7850/164 7855/7855/164 7854/7854/164
f 7851/7851/163 7852/7852/163 7856/7856/163
f 7851/7851/163 7856/7856/163 7855/7855/163
f 7852/7852/162 7853/7853/162 7857/7857/162
f 7852/7852/162 7857/7857/162 7856/7856/162
f 7853/7853/161 7850/7850/161 7854/7854/161
f 7853/7853/161 7854/7854/161 7857/7857/161
f 7854/7854/5 7855/7855/5 7856/7856/5
f 7854/7854/5 7856/7856/5 7857/7857/5
f 7853/7853/6 7852/7852/6 7851/7851/6
f 7853/7853/6 7851/7851/6 7850/7850/6
f 7858/7858/161 7859/7859/161 7863/7863/161
f 7858/7858/161 7863/7863/161 7862/7862/161
f 7859/7859/164 7860/7860/164 7864/7864/164
f 7859/7859/164 7864/7864/164 7863/7863/164
f 7860/7860/163 7861/7861/163 7865/7865/163
f 7860/7860/163 7865/7865/163 7864/7864/163
f 7861/7861/162 7858/7858/162 7862/7862/162
f 7861/7861/162 7862/7862/162 7865/7865/162
f 7862/7862/5 7863/7863/5 7864/7864/5
f 7862/7862/5 7864/7864/5 7865/7865/5
f 7861/7861/6 7860/7860/6 7859/7859/6
f 7861/7861/6 7859/7859/6 7858/7858/6
f 7866/7866/162 7867/7867/162 7871/7871/162
f 7866/7866/162 7871/7871/162 7870/7870/162
f 7867/7867/161 7868/7868/161 7872/7872/161
f 7867/7867/161 7872/7872/161 7871/7871/161
f 7868/7868/164 7869/7869/164 7873/7873/164
f 7868/7868/164 7873/7873/164 7872/7872/164
f 7869/7869/163 7866/7866/163 7870/7870/163
f 7869/7869/163 7870/7870/163 7873/7873/163
f 7870/7870/5 7871/7871/5 7872/7872/5
f 7870/7870/5 7872/7872/5 7873/7873/5
f 7869/7869/6 7868/7868/6 7867/7867/6
f 7869/7869/6 7867/7867/6 7866/7866/6
f 7874/7874/161 7875/7875/161 7879/7879/161
f 7874/7874/161 7879/7879/161 7878/7878/161
f 7875/7875/164 7876/7876/164 7880/7880/164
f 7875/7875/164 7880/7880/164 7879/7879/164
f 7876/7876/163 7877/7877/163 7881/7881/163
f 7876/7876/163 7881/7881/163 7880/7880/163
f 7877/7877/162 7874/7874/162 7878/7878/162
f 7877/7877/162 7878/7878/162 7881/7881/162
f 7878/7878/5 7879/7879/5 7880/7880/5
f 7878/7878/5 7880/7880/5 7881/7881/5
f 7877/7877/6 7876/7876/6 7875/7875/6
f 7877/7877/6 7875/7875/6 7874/7874/6
f 7882/7882/162 7883/7883/162 7887/7887/162
f 7882/7882/162 7887/7887/162 7886/7886/162
f 7883/7883/161 7884/7884/161 7888/7888/161
f 7883/7883/161 7888/7888/161 7887/7887/161
f 7884/7884/164 7885/7885/164 7889/7889/164
f 7884/7884/164 7889/7889/164 7888/7888/164
f 7885/7885/163 7882/7882/163 7886/7886/163
f 7885/7885/163 7886/7886/163 7889/7889/163
f 7886/7886/5 7887/7887/5 7888/7888/5
f 7886/7886/5 7888/7888/5 7889/7889/5
f 7885/7885/6 7884/7884/6 7883/7883/6
f 7885/7885/6 7883/7883/6 7882/7882/6
