# Unreal legacy OBJ adapter: canonical vertices are UE cm; this file is written with Y reflected and triangle winding reversed. One object, no g groups, so the importer creates exactly one material slot.
# OldCityFacadesV1 20260908T024235646425Z
# source jerusalem.json sha256 76a2b76c0d97f45db7e532b3adbe8b58c02956fa0d3de73db71e31e097ea6463
# alignment UEcm = ((x+17.509700315687695)*50, (z-0.551349644938533)*50, y*50) - already baked, never reapplied
# shell standoff 6.0 cm outside every imported face
# AUTHORED detail: invented Old City massing, not survey
o SM_OldCityInfill_Grid_N006_P005
s off
v -58247.00 -51169.82 2490.14
v -58215.83 -52126.31 2490.14
v -59634.08 -52172.54 2490.14
v -59665.25 -51216.05 2490.14
v -58247.00 -51169.82 3130.14
v -58215.83 -52126.31 3130.14
v -59634.08 -52172.54 3130.14
v -59665.25 -51216.05 3130.14
v -58230.92 -51294.86 2580.14
v -58227.66 -51394.81 2580.14
v -58227.66 -51394.81 2760.14
v -58230.92 -51294.86 2760.14
v -58216.93 -51294.41 2580.14
v -58213.67 -51394.36 2580.14
v -58213.67 -51394.36 2760.14
v -58216.93 -51294.41 2760.14
v -58230.47 -51308.86 2594.14
v -58228.12 -51380.82 2594.14
v -58228.12 -51380.82 2746.14
v -58230.47 -51308.86 2746.14
v -58216.47 -51308.40 2594.14
v -58214.13 -51380.36 2594.14
v -58214.13 -51380.36 2746.14
v -58216.47 -51308.40 2746.14
v -58211.18 -51900.54 2580.14
v -58207.92 -52000.49 2580.14
v -58207.92 -52000.49 2760.14
v -58211.18 -51900.54 2760.14
v -58197.19 -51900.09 2580.14
v -58193.93 -52000.03 2580.14
v -58193.93 -52000.03 2760.14
v -58197.19 -51900.09 2760.14
v -58210.72 -51914.54 2594.14
v -58208.38 -51986.50 2594.14
v -58208.38 -51986.50 2746.14
v -58210.72 -51914.54 2746.14
v -58196.73 -51914.08 2594.14
v -58194.39 -51986.04 2594.14
v -58194.39 -51986.04 2746.14
v -58196.73 -51914.08 2746.14
v -58221.38 -51587.71 2490.14
v -58217.47 -51707.65 2490.14
v -58217.47 -51707.65 2720.14
v -58221.38 -51587.71 2720.14
v -58201.39 -51587.06 2490.14
v -58197.48 -51706.99 2490.14
v -58197.48 -51706.99 2720.14
v -58201.39 -51587.06 2720.14
v -58220.79 -51605.70 2508.14
v -58218.05 -51689.65 2508.14
v -58218.05 -51689.65 2702.14
v -58220.79 -51605.70 2702.14
v -58200.80 -51605.05 2508.14
v -58198.06 -51689.00 2508.14
v -58198.06 -51689.00 2702.14
v -58200.80 -51605.05 2702.14
v -58222.03 -51567.72 2486.14
v -58216.82 -51727.63 2486.14
v -58190.83 -51726.79 2486.14
v -58196.04 -51566.87 2486.14
v -58222.03 -51567.72 2502.14
v -58216.82 -51727.63 2502.14
v -58190.83 -51726.79 2502.14
v -58196.04 -51566.87 2502.14
v -58360.74 -52143.04 2580.14
v -58460.68 -52146.30 2580.14
v -58460.68 -52146.30 2760.14
v -58360.74 -52143.04 2760.14
v -58360.28 -52157.04 2580.14
v -58460.23 -52160.29 2580.14
v -58460.23 -52160.29 2760.14
v -58360.28 -52157.04 2760.14
v -58374.73 -52143.50 2594.14
v -58446.69 -52145.84 2594.14
v -58446.69 -52145.84 2746.14
v -58374.73 -52143.50 2746.14
v -58374.27 -52157.49 2594.14
v -58446.23 -52159.84 2594.14
v -58446.23 -52159.84 2746.14
v -58374.27 -52157.49 2746.14
v -58703.30 -52154.21 2580.14
v -58803.25 -52157.47 2580.14
v -58803.25 -52157.47 2760.14
v -58703.30 -52154.21 2760.14
v -58702.85 -52168.20 2580.14
v -58802.79 -52171.46 2580.14
v -58802.79 -52171.46 2760.14
v -58702.85 -52168.20 2760.14
v -58717.30 -52154.66 2594.14
v -58789.26 -52157.01 2594.14
v -58789.26 -52157.01 2746.14
v -58717.30 -52154.66 2746.14
v -58716.84 -52168.66 2594.14
v -58788.80 -52171.00 2594.14
v -58788.80 -52171.00 2746.14
v -58716.84 -52168.66 2746.14
v -59045.87 -52165.37 2580.14
v -59145.82 -52168.63 2580.14
v -59145.82 -52168.63 2760.14
v -59045.87 -52165.37 2760.14
v -59045.42 -52179.37 2580.14
v -59145.36 -52182.62 2580.14
v -59145.36 -52182.62 2760.14
v -59045.42 -52179.37 2760.14
v -59059.86 -52165.83 2594.14
v -59131.83 -52168.18 2594.14
v -59131.83 -52168.18 2746.14
v -59059.86 -52165.83 2746.14
v -59059.41 -52179.82 2594.14
v -59131.37 -52182.17 2594.14
v -59131.37 -52182.17 2746.14
v -59059.41 -52179.82 2746.14
v -59388.44 -52176.54 2580.14
v -59488.39 -52179.80 2580.14
v -59488.39 -52179.80 2760.14
v -59388.44 -52176.54 2760.14
v -59387.98 -52190.53 2580.14
v -59487.93 -52193.79 2580.14
v -59487.93 -52193.79 2760.14
v -59387.98 -52190.53 2760.14
v -59402.43 -52176.99 2594.14
v -59474.39 -52179.34 2594.14
v -59474.39 -52179.34 2746.14
v -59402.43 -52176.99 2746.14
v -59401.98 -52190.99 2594.14
v -59473.94 -52193.33 2594.14
v -59473.94 -52193.33 2746.14
v -59401.98 -52190.99 2746.14
v -59650.16 -52047.50 2580.14
v -59653.42 -51947.55 2580.14
v -59653.42 -51947.55 2760.14
v -59650.16 -52047.50 2760.14
v -59664.15 -52047.95 2580.14
v -59667.41 -51948.01 2580.14
v -59667.41 -51948.01 2760.14
v -59664.15 -52047.95 2760.14
v -59650.61 -52033.50 2594.14
v -59652.96 -51961.54 2594.14
v -59652.96 -51961.54 2746.14
v -59650.61 -52033.50 2746.14
v -59664.61 -52033.96 2594.14
v -59666.95 -51962.00 2594.14
v -59666.95 -51962.00 2746.14
v -59664.61 -52033.96 2746.14
v -59660.03 -51744.66 2580.14
v -59663.29 -51644.71 2580.14
v -59663.29 -51644.71 2760.14
v -59660.03 -51744.66 2760.14
v -59674.02 -51745.11 2580.14
v -59677.28 -51645.17 2580.14
v -59677.28 -51645.17 2760.14
v -59674.02 -51745.11 2760.14
v -59660.48 -51730.66 2594.14
v -59662.83 -51658.70 2594.14
v -59662.83 -51658.70 2746.14
v -59660.48 -51730.66 2746.14
v -59674.48 -51731.12 2594.14
v -59676.82 -51659.16 2594.14
v -59676.82 -51659.16 2746.14
v -59674.48 -51731.12 2746.14
v -59669.90 -51441.82 2580.14
v -59673.16 -51341.87 2580.14
v -59673.16 -51341.87 2760.14
v -59669.90 -51441.82 2760.14
v -59683.89 -51442.27 2580.14
v -59687.15 -51342.33 2580.14
v -59687.15 -51342.33 2760.14
v -59683.89 -51442.27 2760.14
v -59670.35 -51427.82 2594.14
v -59672.70 -51355.86 2594.14
v -59672.70 -51355.86 2746.14
v -59670.35 -51427.82 2746.14
v -59684.35 -51428.28 2594.14
v -59686.69 -51356.32 2594.14
v -59686.69 -51356.32 2746.14
v -59684.35 -51428.28 2746.14
v -59520.34 -51199.32 2580.14
v -59420.40 -51196.06 2580.14
v -59420.40 -51196.06 2760.14
v -59520.34 -51199.32 2760.14
v -59520.80 -51185.32 2580.14
v -59420.85 -51182.07 2580.14
v -59420.85 -51182.07 2760.14
v -59520.80 -51185.32 2760.14
v -59506.35 -51198.86 2594.14
v -59434.39 -51196.52 2594.14
v -59434.39 -51196.52 2746.14
v -59506.35 -51198.86 2746.14
v -59506.81 -51184.87 2594.14
v -59434.85 -51182.52 2594.14
v -59434.85 -51182.52 2746.14
v -59506.81 -51184.87 2746.14
v -59177.78 -51188.15 2580.14
v -59077.83 -51184.89 2580.14
v -59077.83 -51184.89 2760.14
v -59177.78 -51188.15 2760.14
v -59178.23 -51174.16 2580.14
v -59078.28 -51170.90 2580.14
v -59078.28 -51170.90 2760.14
v -59178.23 -51174.16 2760.14
v -59163.78 -51187.70 2594.14
v -59091.82 -51185.35 2594.14
v -59091.82 -51185.35 2746.14
v -59163.78 -51187.70 2746.14
v -59164.24 -51173.70 2594.14
v -59092.28 -51171.36 2594.14
v -59092.28 -51171.36 2746.14
v -59164.24 -51173.70 2746.14
v -58835.21 -51176.99 2580.14
v -58735.26 -51173.73 2580.14
v -58735.26 -51173.73 2760.14
v -58835.21 -51176.99 2760.14
v -58835.66 -51162.99 2580.14
v -58735.72 -51159.74 2580.14
v -58735.72 -51159.74 2760.14
v -58835.66 -51162.99 2760.14
v -58821.21 -51176.53 2594.14
v -58749.25 -51174.19 2594.14
v -58749.25 -51174.19 2746.14
v -58821.21 -51176.53 2746.14
v -58821.67 -51162.54 2594.14
v -58749.71 -51160.19 2594.14
v -58749.71 -51160.19 2746.14
v -58821.67 -51162.54 2746.14
v -58492.64 -51165.82 2580.14
v -58392.69 -51162.56 2580.14
v -58392.69 -51162.56 2760.14
v -58492.64 -51165.82 2760.14
v -58493.10 -51151.83 2580.14
v -58393.15 -51148.57 2580.14
v -58393.15 -51148.57 2760.14
v -58493.10 -51151.83 2760.14
v -58478.65 -51165.37 2594.14
v -58406.68 -51163.02 2594.14
v -58406.68 -51163.02 2746.14
v -58478.65 -51165.37 2746.14
v -58479.10 -51151.37 2594.14
v -58407.14 -51149.03 2594.14
v -58407.14 -51149.03 2746.14
v -58479.10 -51151.37 2746.14
v -58229.60 -51151.25 3100.14
v -58197.25 -52143.72 3100.14
v -59651.48 -52191.12 3100.14
v -59683.83 -51198.64 3100.14
v -58229.60 -51151.25 3114.14
v -58197.25 -52143.72 3114.14
v -59651.48 -52191.12 3114.14
v -59683.83 -51198.64 3114.14
v -58241.20 -51163.63 3100.14
v -58209.64 -52132.12 3100.14
v -59639.88 -52178.73 3100.14
v -59671.44 -51210.24 3100.14
v -58241.20 -51163.63 3114.14
v -58209.64 -52132.12 3114.14
v -59639.88 -52178.73 3114.14
v -59671.44 -51210.24 3114.14
v -58219.93 -51140.92 3078.14
v -58186.93 -52153.39 3078.14
v -59661.15 -52201.44 3078.14
v -59694.15 -51188.97 3078.14
v -58219.93 -51140.92 3106.14
v -58186.93 -52153.39 3106.14
v -59661.15 -52201.44 3106.14
v -59694.15 -51188.97 3106.14
v -58241.20 -51163.63 3078.14
v -58209.64 -52132.12 3078.14
v -59639.88 -52178.73 3078.14
v -59671.44 -51210.24 3078.14
v -58241.20 -51163.63 3106.14
v -58209.64 -52132.12 3106.14
v -59639.88 -52178.73 3106.14
v -59671.44 -51210.24 3106.14
v -58225.73 -51147.12 3136.14
v -58193.12 -52147.59 3136.14
v -59655.35 -52195.24 3136.14
v -59687.96 -51194.77 3136.14
v -58225.73 -51147.12 3206.14
v -58193.12 -52147.59 3206.14
v -59655.35 -52195.24 3206.14
v -59687.96 -51194.77 3206.14
v -58276.01 -51200.78 3136.14
v -58246.79 -52097.31 3136.14
v -59605.07 -52141.58 3136.14
v -59634.29 -51245.05 3136.14
v -58276.01 -51200.78 3206.14
v -58246.79 -52097.31 3206.14
v -59605.07 -52141.58 3206.14
v -59634.29 -51245.05 3206.14
v -58321.16 -51166.24 2515.14
v -58241.20 -51163.63 2515.14
v -58241.53 -51153.63 2515.14
v -58321.49 -51156.24 2515.14
v -58321.16 -51166.24 2570.14
v -58241.20 -51163.63 2570.14
v -58241.53 -51153.63 2570.14
v -58321.49 -51156.24 2570.14
v -58241.20 -51163.63 2587.14
v -58239.38 -51219.60 2587.14
v -58229.38 -51219.27 2587.14
v -58231.21 -51163.30 2587.14
v -58241.20 -51163.63 2642.14
v -58239.38 -51219.60 2642.14
v -58229.38 -51219.27 2642.14
v -58231.21 -51163.30 2642.14
v -58321.16 -51166.24 2659.14
v -58241.20 -51163.63 2659.14
v -58241.53 -51153.63 2659.14
v -58321.49 -51156.24 2659.14
v -58321.16 -51166.24 2714.14
v -58241.20 -51163.63 2714.14
v -58241.53 -51153.63 2714.14
v -58321.49 -51156.24 2714.14
v -58241.20 -51163.63 2731.14
v -58239.38 -51219.60 2731.14
v -58229.38 -51219.27 2731.14
v -58231.21 -51163.30 2731.14
v -58241.20 -51163.63 2786.14
v -58239.38 -51219.60 2786.14
v -58229.38 -51219.27 2786.14
v -58231.21 -51163.30 2786.14
v -59559.92 -52176.12 2515.14
v -59639.88 -52178.73 2515.14
v -59639.55 -52188.73 2515.14
v -59559.59 -52186.12 2515.14
v -59559.92 -52176.12 2570.14
v -59639.88 -52178.73 2570.14
v -59639.55 -52188.73 2570.14
v -59559.59 -52186.12 2570.14
v -59639.88 -52178.73 2587.14
v -59641.70 -52122.76 2587.14
v -59651.70 -52123.09 2587.14
v -59649.87 -52179.06 2587.14
v -59639.88 -52178.73 2642.14
v -59641.70 -52122.76 2642.14
v -59651.70 -52123.09 2642.14
v -59649.87 -52179.06 2642.14
v -59559.92 -52176.12 2659.14
v -59639.88 -52178.73 2659.14
v -59639.55 -52188.73 2659.14
v -59559.59 -52186.12 2659.14
v -59559.92 -52176.12 2714.14
v -59639.88 -52178.73 2714.14
v -59639.55 -52188.73 2714.14
v -59559.59 -52186.12 2714.14
v -59639.88 -52178.73 2731.14
v -59641.70 -52122.76 2731.14
v -59651.70 -52123.09 2731.14
v -59649.87 -52179.06 2731.14
v -59639.88 -52178.73 2786.14
v -59641.70 -52122.76 2786.14
v -59651.70 -52123.09 2786.14
v -59649.87 -52179.06 2786.14
v -58212.24 -52052.16 2515.14
v -58209.64 -52132.12 2515.14
v -58199.64 -52131.79 2515.14
v -58202.25 -52051.83 2515.14
v -58212.24 -52052.16 2570.14
v -58209.64 -52132.12 2570.14
v -58199.64 -52131.79 2570.14
v -58202.25 -52051.83 2570.14
v -58209.64 -52132.12 2587.14
v -58265.61 -52133.94 2587.14
v -58265.28 -52143.93 2587.14
v -58209.31 -52142.11 2587.14
v -58209.64 -52132.12 2642.14
v -58265.61 -52133.94 2642.14
v -58265.28 -52143.93 2642.14
v -58209.31 -52142.11 2642.14
v -58212.24 -52052.16 2659.14
v -58209.64 -52132.12 2659.14
v -58199.64 -52131.79 2659.14
v -58202.25 -52051.83 2659.14
v -58212.24 -52052.16 2714.14
v -58209.64 -52132.12 2714.14
v -58199.64 -52131.79 2714.14
v -58202.25 -52051.83 2714.14
v -58209.64 -52132.12 2731.14
v -58265.61 -52133.94 2731.14
v -58265.28 -52143.93 2731.14
v -58209.31 -52142.11 2731.14
v -58209.64 -52132.12 2786.14
v -58265.61 -52133.94 2786.14
v -58265.28 -52143.93 2786.14
v -58209.31 -52142.11 2786.14
v -59668.84 -51290.20 2515.14
v -59671.44 -51210.24 2515.14
v -59681.44 -51210.57 2515.14
v -59678.83 -51290.53 2515.14
v -59668.84 -51290.20 2570.14
v -59671.44 -51210.24 2570.14
v -59681.44 -51210.57 2570.14
v -59678.83 -51290.53 2570.14
v -59671.44 -51210.24 2587.14
v -59615.47 -51208.42 2587.14
v -59615.80 -51198.43 2587.14
v -59671.77 -51200.25 2587.14
v -59671.44 -51210.24 2642.14
v -59615.47 -51208.42 2642.14
v -59615.80 -51198.43 2642.14
v -59671.77 -51200.25 2642.14
v -59668.84 -51290.20 2659.14
v -59671.44 -51210.24 2659.14
v -59681.44 -51210.57 2659.14
v -59678.83 -51290.53 2659.14
v -59668.84 -51290.20 2714.14
v -59671.44 -51210.24 2714.14
v -59681.44 -51210.57 2714.14
v -59678.83 -51290.53 2714.14
v -59671.44 -51210.24 2731.14
v -59615.47 -51208.42 2731.14
v -59615.80 -51198.43 2731.14
v -59671.77 -51200.25 2731.14
v -59671.44 -51210.24 2786.14
v -59615.47 -51208.42 2786.14
v -59615.80 -51198.43 2786.14
v -59671.77 -51200.25 2786.14
v -58790.54 -51671.18 3136.14
v -58819.19 -51759.35 3136.14
v -58894.19 -51813.84 3136.14
v -58986.89 -51813.84 3136.14
v -59061.89 -51759.35 3136.14
v -59090.54 -51671.18 3136.14
v -59061.89 -51583.01 3136.14
v -58986.89 -51528.52 3136.14
v -58894.19 -51528.52 3136.14
v -58819.19 -51583.01 3136.14
v -58790.54 -51671.18 3191.14
v -58819.19 -51759.35 3191.14
v -58894.19 -51813.84 3191.14
v -58986.89 -51813.84 3191.14
v -59061.89 -51759.35 3191.14
v -59090.54 -51671.18 3191.14
v -59061.89 -51583.01 3191.14
v -58986.89 -51528.52 3191.14
v -58894.19 -51528.52 3191.14
v -58819.19 -51583.01 3191.14
v -58810.64 -51671.18 3266.14
v -58835.45 -51747.54 3266.14
v -58900.40 -51794.73 3266.14
v -58980.68 -51794.73 3266.14
v -59045.63 -51747.54 3266.14
v -59070.44 -51671.18 3266.14
v -59045.63 -51594.82 3266.14
v -58980.68 -51547.63 3266.14
v -58900.40 -51547.63 3266.14
v -58835.45 -51594.82 3266.14
v -58865.54 -51671.18 3321.04
v -58879.86 -51715.26 3321.04
v -58917.36 -51742.51 3321.04
v -58963.72 -51742.51 3321.04
v -59001.22 -51715.26 3321.04
v -59015.54 -51671.18 3321.04
v -59001.22 -51627.10 3321.04
v -58963.72 -51599.85 3321.04
v -58917.36 -51599.85 3321.04
v -58879.86 -51627.10 3321.04
v -58940.54 -51671.18 3341.14
v -55907.23 -49708.39 2380.98
v -55875.96 -50667.88 2380.98
v -56515.62 -50688.73 2380.98
v -56546.89 -49729.24 2380.98
v -55907.23 -49708.39 3340.98
v -55875.96 -50667.88 3340.98
v -56515.62 -50688.73 3340.98
v -56546.89 -49729.24 3340.98
v -55891.14 -49833.93 2470.98
v -55887.88 -49933.88 2470.98
v -55887.88 -49933.88 2650.98
v -55891.14 -49833.93 2650.98
v -55877.14 -49833.47 2470.98
v -55873.89 -49933.42 2470.98
v -55873.89 -49933.42 2650.98
v -55877.14 -49833.47 2650.98
v -55890.68 -49847.92 2484.98
v -55888.33 -49919.88 2484.98
v -55888.33 -49919.88 2636.98
v -55890.68 -49847.92 2636.98
v -55876.69 -49847.47 2484.98
v -55874.34 -49919.43 2484.98
v -55874.34 -49919.43 2636.98
v -55876.69 -49847.47 2636.98
v -55891.14 -49833.93 2790.98
v -55887.88 -49933.88 2790.98
v -55887.88 -49933.88 2970.98
v -55891.14 -49833.93 2970.98
v -55877.14 -49833.47 2790.98
v -55873.89 -49933.42 2790.98
v -55873.89 -49933.42 2970.98
v -55877.14 -49833.47 2970.98
v -55890.68 -49847.92 2804.98
v -55888.33 -49919.88 2804.98
v -55888.33 -49919.88 2956.98
v -55890.68 -49847.92 2956.98
v -55876.69 -49847.47 2804.98
v -55874.34 -49919.43 2804.98
v -55874.34 -49919.43 2956.98
v -55876.69 -49847.47 2956.98
v -55881.23 -50137.77 2470.98
v -55877.98 -50237.72 2470.98
v -55877.98 -50237.72 2650.98
v -55881.23 -50137.77 2650.98
v -55867.24 -50137.31 2470.98
v -55863.98 -50237.26 2470.98
v -55863.98 -50237.26 2650.98
v -55867.24 -50137.31 2650.98
v -55880.78 -50151.76 2484.98
v -55878.43 -50223.72 2484.98
v -55878.43 -50223.72 2636.98
v -55880.78 -50151.76 2636.98
v -55866.78 -50151.31 2484.98
v -55864.44 -50223.27 2484.98
v -55864.44 -50223.27 2636.98
v -55866.78 -50151.31 2636.98
v -55881.23 -50137.77 2790.98
v -55877.98 -50237.72 2790.98
v -55877.98 -50237.72 2920.98
v -55878.79 -50212.73 2964.28
v -55880.42 -50162.76 2964.28
v -55881.23 -50137.77 2920.98
v -55867.24 -50137.31 2790.98
v -55863.98 -50237.26 2790.98
v -55863.98 -50237.26 2920.98
v -55864.80 -50212.27 2964.28
v -55866.43 -50162.30 2964.28
v -55867.24 -50137.31 2920.98
v -55880.78 -50151.76 2804.98
v -55878.43 -50223.72 2804.98
v -55878.43 -50223.72 2920.98
v -55879.02 -50205.73 2952.15
v -55880.19 -50169.75 2952.15
v -55880.78 -50151.76 2920.98
v -55866.78 -50151.31 2804.98
v -55864.44 -50223.27 2804.98
v -55864.44 -50223.27 2920.98
v -55865.03 -50205.28 2952.15
v -55866.20 -50169.30 2952.15
v -55866.78 -50151.31 2920.98
v -55871.33 -50441.61 2470.98
v -55868.07 -50541.55 2470.98
v -55868.07 -50541.55 2650.98
v -55871.33 -50441.61 2650.98
v -55857.34 -50441.15 2470.98
v -55854.08 -50541.10 2470.98
v -55854.08 -50541.10 2650.98
v -55857.34 -50441.15 2650.98
v -55870.87 -50455.60 2484.98
v -55868.53 -50527.56 2484.98
v -55868.53 -50527.56 2636.98
v -55870.87 -50455.60 2636.98
v -55856.88 -50455.14 2484.98
v -55854.54 -50527.11 2484.98
v -55854.54 -50527.11 2636.98
v -55856.88 -50455.14 2636.98
v -55871.33 -50441.61 2790.98
v -55868.07 -50541.55 2790.98
v -55868.07 -50541.55 2970.98
v -55871.33 -50441.61 2970.98
v -55857.34 -50441.15 2790.98
v -55854.08 -50541.10 2790.98
v -55854.08 -50541.10 2970.98
v -55857.34 -50441.15 2970.98
v -55870.87 -50455.60 2804.98
v -55868.53 -50527.56 2804.98
v -55868.53 -50527.56 2956.98
v -55870.87 -50455.60 2956.98
v -55856.88 -50455.14 2804.98
v -55854.54 -50527.11 2804.98
v -55854.54 -50527.11 2956.98
v -55856.88 -50455.14 2956.98
v -55997.51 -50683.85 2470.98
v -56097.45 -50687.10 2470.98
v -56097.45 -50687.10 2650.98
v -55997.51 -50683.85 2650.98
v -55997.05 -50697.84 2470.98
v -56097.00 -50701.10 2470.98
v -56097.00 -50701.10 2650.98
v -55997.05 -50697.84 2650.98
v -56011.50 -50684.30 2484.98
v -56083.46 -50686.65 2484.98
v -56083.46 -50686.65 2636.98
v -56011.50 -50684.30 2636.98
v -56011.04 -50698.29 2484.98
v -56083.00 -50700.64 2484.98
v -56083.00 -50700.64 2636.98
v -56011.04 -50698.29 2636.98
v -55997.51 -50683.85 2790.98
v -56097.45 -50687.10 2790.98
v -56097.45 -50687.10 2920.98
v -56072.47 -50686.29 2964.28
v -56022.49 -50684.66 2964.28
v -55997.51 -50683.85 2920.98
v -55997.05 -50697.84 2790.98
v -56097.00 -50701.10 2790.98
v -56097.00 -50701.10 2920.98
v -56072.01 -50700.28 2964.28
v -56022.04 -50698.65 2964.28
v -55997.05 -50697.84 2920.98
v -56011.50 -50684.30 2804.98
v -56083.46 -50686.65 2804.98
v -56083.46 -50686.65 2920.98
v -56065.47 -50686.06 2952.15
v -56029.49 -50684.89 2952.15
v -56011.50 -50684.30 2920.98
v -56011.04 -50698.29 2804.98
v -56083.00 -50700.64 2804.98
v -56083.00 -50700.64 2920.98
v -56065.01 -50700.05 2952.15
v -56029.03 -50698.88 2952.15
v -56011.04 -50698.29 2920.98
v -56293.35 -50693.49 2470.98
v -56393.30 -50696.75 2470.98
v -56393.30 -50696.75 2650.98
v -56293.35 -50693.49 2650.98
v -56292.89 -50707.48 2470.98
v -56392.84 -50710.74 2470.98
v -56392.84 -50710.74 2650.98
v -56292.89 -50707.48 2650.98
v -56307.34 -50693.94 2484.98
v -56379.30 -50696.29 2484.98
v -56379.30 -50696.29 2636.98
v -56307.34 -50693.94 2636.98
v -56306.89 -50707.94 2484.98
v -56378.85 -50710.28 2484.98
v -56378.85 -50710.28 2636.98
v -56306.89 -50707.94 2636.98
v -56293.35 -50693.49 2790.98
v -56393.30 -50696.75 2790.98
v -56393.30 -50696.75 2970.98
v -56293.35 -50693.49 2970.98
v -56292.89 -50707.48 2790.98
v -56392.84 -50710.74 2790.98
v -56392.84 -50710.74 2970.98
v -56292.89 -50707.48 2970.98
v -56307.34 -50693.94 2804.98
v -56379.30 -50696.29 2804.98
v -56379.30 -50696.29 2956.98
v -56307.34 -50693.94 2956.98
v -56306.89 -50707.94 2804.98
v -56378.85 -50710.28 2804.98
v -56378.85 -50710.28 2956.98
v -56306.89 -50707.94 2956.98
v -56531.72 -50563.18 2470.98
v -56534.98 -50463.24 2470.98
v -56534.98 -50463.24 2650.98
v -56531.72 -50563.18 2650.98
v -56545.71 -50563.64 2470.98
v -56548.97 -50463.69 2470.98
v -56548.97 -50463.69 2650.98
v -56545.71 -50563.64 2650.98
v -56532.18 -50549.19 2484.98
v -56534.52 -50477.23 2484.98
v -56534.52 -50477.23 2636.98
v -56532.18 -50549.19 2636.98
v -56546.17 -50549.65 2484.98
v -56548.51 -50477.69 2484.98
v -56548.51 -50477.69 2636.98
v -56546.17 -50549.65 2636.98
v -56531.72 -50563.18 2790.98
v -56534.98 -50463.24 2790.98
v -56534.98 -50463.24 2920.98
v -56534.16 -50488.22 2964.28
v -56532.53 -50538.20 2964.28
v -56531.72 -50563.18 2920.98
v -56545.71 -50563.64 2790.98
v -56548.97 -50463.69 2790.98
v -56548.97 -50463.69 2920.98
v -56548.16 -50488.68 2964.28
v -56546.53 -50538.65 2964.28
v -56545.71 -50563.64 2920.98
v -56532.18 -50549.19 2804.98
v -56534.52 -50477.23 2804.98
v -56534.52 -50477.23 2920.98
v -56533.94 -50495.22 2952.15
v -56532.76 -50531.20 2952.15
v -56532.18 -50549.19 2920.98
v -56546.17 -50549.65 2804.98
v -56548.51 -50477.69 2804.98
v -56548.51 -50477.69 2920.98
v -56547.93 -50495.68 2952.15
v -56546.76 -50531.66 2952.15
v -56546.17 -50549.65 2920.98
v -56541.62 -50259.35 2790.98
v -56544.88 -50159.40 2790.98
v -56544.88 -50159.40 2970.98
v -56541.62 -50259.35 2970.98
v -56555.62 -50259.80 2790.98
v -56558.87 -50159.85 2790.98
v -56558.87 -50159.85 2970.98
v -56555.62 -50259.80 2970.98
v -56542.08 -50245.35 2804.98
v -56544.42 -50173.39 2804.98
v -56544.42 -50173.39 2956.98
v -56542.08 -50245.35 2956.98
v -56556.07 -50245.81 2804.98
v -56558.42 -50173.85 2804.98
v -56558.42 -50173.85 2956.98
v -56556.07 -50245.81 2956.98
v -56551.53 -49955.51 2470.98
v -56554.78 -49855.56 2470.98
v -56554.78 -49855.56 2650.98
v -56551.53 -49955.51 2650.98
v -56565.52 -49955.96 2470.98
v -56568.78 -49856.02 2470.98
v -56568.78 -49856.02 2650.98
v -56565.52 -49955.96 2650.98
v -56551.98 -49941.51 2484.98
v -56554.33 -49869.55 2484.98
v -56554.33 -49869.55 2636.98
v -56551.98 -49941.51 2636.98
v -56565.97 -49941.97 2484.98
v -56568.32 -49870.01 2484.98
v -56568.32 -49870.01 2636.98
v -56565.97 -49941.97 2636.98
v -56551.53 -49955.51 2790.98
v -56554.78 -49855.56 2790.98
v -56554.78 -49855.56 2970.98
v -56551.53 -49955.51 2970.98
v -56565.52 -49955.96 2790.98
v -56568.78 -49856.02 2790.98
v -56568.78 -49856.02 2970.98
v -56565.52 -49955.96 2970.98
v -56551.98 -49941.51 2804.98
v -56554.33 -49869.55 2804.98
v -56554.33 -49869.55 2956.98
v -56551.98 -49941.51 2956.98
v -56565.97 -49941.97 2804.98
v -56568.32 -49870.01 2804.98
v -56568.32 -49870.01 2956.98
v -56565.97 -49941.97 2956.98
v -56541.30 -50269.34 2380.98
v -56545.21 -50149.40 2380.98
v -56545.21 -50149.40 2610.98
v -56541.30 -50269.34 2610.98
v -56561.29 -50269.99 2380.98
v -56565.20 -50150.06 2380.98
v -56565.20 -50150.06 2610.98
v -56561.29 -50269.99 2610.98
v -56541.88 -50251.35 2398.98
v -56544.62 -50167.39 2398.98
v -56544.62 -50167.39 2592.98
v -56541.88 -50251.35 2592.98
v -56561.87 -50252.00 2398.98
v -56564.61 -50168.05 2398.98
v -56564.61 -50168.05 2592.98
v -56561.87 -50252.00 2592.98
v -56540.65 -50289.33 2376.98
v -56545.86 -50129.41 2376.98
v -56571.84 -50130.26 2376.98
v -56566.63 -50290.18 2376.98
v -56540.65 -50289.33 2392.98
v -56545.86 -50129.41 2392.98
v -56571.84 -50130.26 2392.98
v -56566.63 -50290.18 2392.98
v -56425.35 -49713.27 2470.98
v -56325.40 -49710.01 2470.98
v -56325.40 -49710.01 2650.98
v -56425.35 -49713.27 2650.98
v -56425.81 -49699.28 2470.98
v -56325.86 -49696.02 2470.98
v -56325.86 -49696.02 2650.98
v -56425.81 -49699.28 2650.98
v -56411.36 -49712.81 2484.98
v -56339.40 -49710.47 2484.98
v -56339.40 -49710.47 2636.98
v -56411.36 -49712.81 2636.98
v -56411.81 -49698.82 2484.98
v -56339.85 -49696.47 2484.98
v -56339.85 -49696.47 2636.98
v -56411.81 -49698.82 2636.98
v -56425.35 -49713.27 2790.98
v -56325.40 -49710.01 2790.98
v -56325.40 -49710.01 2970.98
v -56425.35 -49713.27 2970.98
v -56425.81 -49699.28 2790.98
v -56325.86 -49696.02 2790.98
v -56325.86 -49696.02 2970.98
v -56425.81 -49699.28 2970.98
v -56411.36 -49712.81 2804.98
v -56339.40 -49710.47 2804.98
v -56339.40 -49710.47 2956.98
v -56411.36 -49712.81 2956.98
v -56411.81 -49698.82 2804.98
v -56339.85 -49696.47 2804.98
v -56339.85 -49696.47 2956.98
v -56411.81 -49698.82 2956.98
v -56129.51 -49703.63 2470.98
v -56029.56 -49700.37 2470.98
v -56029.56 -49700.37 2650.98
v -56129.51 -49703.63 2650.98
v -56129.96 -49689.63 2470.98
v -56030.02 -49686.38 2470.98
v -56030.02 -49686.38 2650.98
v -56129.96 -49689.63 2650.98
v -56115.51 -49703.17 2484.98
v -56043.55 -49700.82 2484.98
v -56043.55 -49700.82 2636.98
v -56115.51 -49703.17 2636.98
v -56115.97 -49689.18 2484.98
v -56044.01 -49686.83 2484.98
v -56044.01 -49686.83 2636.98
v -56115.97 -49689.18 2636.98
v -56129.51 -49703.63 2790.98
v -56029.56 -49700.37 2790.98
v -56029.56 -49700.37 2970.98
v -56129.51 -49703.63 2970.98
v -56129.96 -49689.63 2790.98
v -56030.02 -49686.38 2790.98
v -56030.02 -49686.38 2970.98
v -56129.96 -49689.63 2970.98
v -56115.51 -49703.17 2804.98
v -56043.55 -49700.82 2804.98
v -56043.55 -49700.82 2956.98
v -56115.51 -49703.17 2956.98
v -56115.97 -49689.18 2804.98
v -56044.01 -49686.83 2804.98
v -56044.01 -49686.83 2956.98
v -56115.97 -49689.18 2956.98
v -55889.83 -49689.81 3310.98
v -55857.38 -50685.28 3310.98
v -56533.03 -50707.30 3310.98
v -56565.47 -49711.83 3310.98
v -55889.83 -49689.81 3324.98
v -55857.38 -50685.28 3324.98
v -56533.03 -50707.30 3324.98
v -56565.47 -49711.83 3324.98
v -55901.43 -49702.20 3310.98
v -55869.77 -50673.68 3310.98
v -56521.42 -50694.92 3310.98
v -56553.09 -49723.43 3310.98
v -55901.43 -49702.20 3324.98
v -55869.77 -50673.68 3324.98
v -56521.42 -50694.92 3324.98
v -56553.09 -49723.43 3324.98
v -55880.16 -49679.49 3288.98
v -55847.06 -50694.95 3288.98
v -56542.69 -50717.62 3288.98
v -56575.79 -49702.16 3288.98
v -55880.16 -49679.49 3316.98
v -55847.06 -50694.95 3316.98
v -56542.69 -50717.62 3316.98
v -56575.79 -49702.16 3316.98
v -55901.43 -49702.20 3288.98
v -55869.77 -50673.68 3288.98
v -56521.42 -50694.92 3288.98
v -56553.09 -49723.43 3288.98
v -55901.43 -49702.20 3316.98
v -55869.77 -50673.68 3316.98
v -56521.42 -50694.92 3316.98
v -56553.09 -49723.43 3316.98
v -55885.96 -49685.68 3346.98
v -55853.26 -50689.15 3346.98
v -56536.89 -50711.43 3346.98
v -56569.60 -49707.96 3346.98
v -55885.96 -49685.68 3416.98
v -55853.26 -50689.15 3416.98
v -56536.89 -50711.43 3416.98
v -56569.60 -49707.96 3416.98
v -55936.24 -49739.35 3346.98
v -55906.92 -50638.87 3346.98
v -56486.62 -50657.76 3346.98
v -56515.93 -49758.24 3346.98
v -55936.24 -49739.35 3416.98
v -55906.92 -50638.87 3416.98
v -56486.62 -50657.76 3416.98
v -56515.93 -49758.24 3416.98
v -55981.39 -49704.80 2405.98
v -55901.43 -49702.20 2405.98
v -55901.76 -49692.20 2405.98
v -55981.72 -49694.81 2405.98
v -55981.39 -49704.80 2460.98
v -55901.43 -49702.20 2460.98
v -55901.76 -49692.20 2460.98
v -55981.72 -49694.81 2460.98
v -55901.43 -49702.20 2477.98
v -55899.61 -49758.17 2477.98
v -55889.61 -49757.84 2477.98
v -55891.44 -49701.87 2477.98
v -55901.43 -49702.20 2532.98
v -55899.61 -49758.17 2532.98
v -55889.61 -49757.84 2532.98
v -55891.44 -49701.87 2532.98
v -55981.39 -49704.80 2549.98
v -55901.43 -49702.20 2549.98
v -55901.76 -49692.20 2549.98
v -55981.72 -49694.81 2549.98
v -55981.39 -49704.80 2604.98
v -55901.43 -49702.20 2604.98
v -55901.76 -49692.20 2604.98
v -55981.72 -49694.81 2604.98
v -55901.43 -49702.20 2621.98
v -55899.61 -49758.17 2621.98
v -55889.61 -49757.84 2621.98
v -55891.44 -49701.87 2621.98
v -55901.43 -49702.20 2676.98
v -55899.61 -49758.17 2676.98
v -55889.61 -49757.84 2676.98
v -55891.44 -49701.87 2676.98
v -56441.47 -50692.31 2405.98
v -56521.42 -50694.92 2405.98
v -56521.10 -50704.91 2405.98
v -56441.14 -50702.31 2405.98
v -56441.47 -50692.31 2460.98
v -56521.42 -50694.92 2460.98
v -56521.10 -50704.91 2460.98
v -56441.14 -50702.31 2460.98
v -56521.42 -50694.92 2477.98
v -56523.25 -50638.95 2477.98
v -56533.24 -50639.27 2477.98
v -56531.42 -50695.24 2477.98
v -56521.42 -50694.92 2532.98
v -56523.25 -50638.95 2532.98
v -56533.24 -50639.27 2532.98
v -56531.42 -50695.24 2532.98
v -56441.47 -50692.31 2549.98
v -56521.42 -50694.92 2549.98
v -56521.10 -50704.91 2549.98
v -56441.14 -50702.31 2549.98
v -56441.47 -50692.31 2604.98
v -56521.42 -50694.92 2604.98
v -56521.10 -50704.91 2604.98
v -56441.14 -50702.31 2604.98
v -56521.42 -50694.92 2621.98
v -56523.25 -50638.95 2621.98
v -56533.24 -50639.27 2621.98
v -56531.42 -50695.24 2621.98
v -56521.42 -50694.92 2676.98
v -56523.25 -50638.95 2676.98
v -56533.24 -50639.27 2676.98
v -56531.42 -50695.24 2676.98
v -55872.38 -50593.72 2405.98
v -55869.77 -50673.68 2405.98
v -55859.77 -50673.35 2405.98
v -55862.38 -50593.40 2405.98
v -55872.38 -50593.72 2460.98
v -55869.77 -50673.68 2460.98
v -55859.77 -50673.35 2460.98
v -55862.38 -50593.40 2460.98
v -55869.77 -50673.68 2477.98
v -55925.74 -50675.50 2477.98
v -55925.41 -50685.50 2477.98
v -55869.44 -50683.67 2477.98
v -55869.77 -50673.68 2532.98
v -55925.74 -50675.50 2532.98
v -55925.41 -50685.50 2532.98
v -55869.44 -50683.67 2532.98
v -55872.38 -50593.72 2549.98
v -55869.77 -50673.68 2549.98
v -55859.77 -50673.35 2549.98
v -55862.38 -50593.40 2549.98
v -55872.38 -50593.72 2604.98
v -55869.77 -50673.68 2604.98
v -55859.77 -50673.35 2604.98
v -55862.38 -50593.40 2604.98
v -55869.77 -50673.68 2621.98
v -55925.74 -50675.50 2621.98
v -55925.41 -50685.50 2621.98
v -55869.44 -50683.67 2621.98
v -55869.77 -50673.68 2676.98
v -55925.74 -50675.50 2676.98
v -55925.41 -50685.50 2676.98
v -55869.44 -50683.67 2676.98
v -56550.48 -49803.39 2405.98
v -56553.09 -49723.43 2405.98
v -56563.08 -49723.76 2405.98
v -56560.48 -49803.72 2405.98
v -56550.48 -49803.39 2460.98
v -56553.09 -49723.43 2460.98
v -56563.08 -49723.76 2460.98
v -56560.48 -49803.72 2460.98
v -56553.09 -49723.43 2477.98
v -56497.12 -49721.61 2477.98
v -56497.44 -49711.62 2477.98
v -56553.41 -49713.44 2477.98
v -56553.09 -49723.43 2532.98
v -56497.12 -49721.61 2532.98
v -56497.44 -49711.62 2532.98
v -56553.41 -49713.44 2532.98
v -56550.48 -49803.39 2549.98
v -56553.09 -49723.43 2549.98
v -56563.08 -49723.76 2549.98
v -56560.48 -49803.72 2549.98
v -56550.48 -49803.39 2604.98
v -56553.09 -49723.43 2604.98
v -56563.08 -49723.76 2604.98
v -56560.48 -49803.72 2604.98
v -56553.09 -49723.43 2621.98
v -56497.12 -49721.61 2621.98
v -56497.44 -49711.62 2621.98
v -56553.41 -49713.44 2621.98
v -56553.09 -49723.43 2676.98
v -56497.12 -49721.61 2676.98
v -56497.44 -49711.62 2676.98
v -56553.41 -49713.44 2676.98
v -57875.36 -51114.62 2482.09
v -59658.77 -51018.46 2482.09
v -59603.10 -49985.96 2482.09
v -57819.69 -50082.12 2482.09
v -57875.36 -51114.62 3122.09
v -59658.77 -51018.46 3122.09
v -59603.10 -49985.96 3122.09
v -57819.69 -50082.12 3122.09
v -58023.60 -51118.65 2572.09
v -58123.45 -51113.26 2572.09
v -58123.45 -51113.26 2752.09
v -58023.60 -51118.65 2752.09
v -58024.35 -51132.63 2572.09
v -58124.20 -51127.24 2572.09
v -58124.20 -51127.24 2752.09
v -58024.35 -51132.63 2752.09
v -58037.58 -51117.89 2586.09
v -58109.47 -51114.02 2586.09
v -58109.47 -51114.02 2738.09
v -58037.58 -51117.89 2738.09
v -58038.33 -51131.87 2586.09
v -58110.23 -51128.00 2586.09
v -58110.23 -51128.00 2738.09
v -58038.33 -51131.87 2738.09
v -58370.69 -51099.93 2572.09
v -58470.55 -51094.55 2572.09
v -58470.55 -51094.55 2752.09
v -58370.69 -51099.93 2752.09
v -58371.45 -51113.91 2572.09
v -58471.30 -51108.53 2572.09
v -58471.30 -51108.53 2752.09
v -58371.45 -51113.91 2752.09
v -58384.67 -51099.18 2586.09
v -58456.57 -51095.30 2586.09
v -58456.57 -51095.30 2738.09
v -58384.67 -51099.18 2738.09
v -58385.43 -51113.16 2586.09
v -58457.32 -51109.28 2586.09
v -58457.32 -51109.28 2738.09
v -58385.43 -51113.16 2738.09
v -58717.79 -51081.21 2572.09
v -58817.64 -51075.83 2572.09
v -58817.64 -51075.83 2752.09
v -58717.79 -51081.21 2752.09
v -58718.54 -51095.19 2572.09
v -58818.40 -51089.81 2572.09
v -58818.40 -51089.81 2752.09
v -58718.54 -51095.19 2752.09
v -58731.77 -51080.46 2586.09
v -58803.66 -51076.58 2586.09
v -58803.66 -51076.58 2738.09
v -58731.77 -51080.46 2738.09
v -58732.52 -51094.44 2586.09
v -58804.42 -51090.56 2586.09
v -58804.42 -51090.56 2738.09
v -58732.52 -51094.44 2738.09
v -59064.88 -51062.50 2572.09
v -59164.74 -51057.11 2572.09
v -59164.74 -51057.11 2752.09
v -59064.88 -51062.50 2752.09
v -59065.64 -51076.48 2572.09
v -59165.49 -51071.09 2572.09
v -59165.49 -51071.09 2752.09
v -59065.64 -51076.48 2752.09
v -59078.86 -51061.74 2586.09
v -59150.76 -51057.87 2586.09
v -59150.76 -51057.87 2738.09
v -59078.86 -51061.74 2738.09
v -59079.62 -51075.72 2586.09
v -59151.51 -51071.85 2586.09
v -59151.51 -51071.85 2738.09
v -59079.62 -51075.72 2738.09
v -59411.98 -51043.78 2572.09
v -59511.83 -51038.40 2572.09
v -59511.83 -51038.40 2752.09
v -59411.98 -51043.78 2752.09
v -59412.73 -51057.76 2572.09
v -59512.59 -51052.38 2572.09
v -59512.59 -51052.38 2752.09
v -59412.73 -51057.76 2752.09
v -59425.96 -51043.03 2586.09
v -59497.85 -51039.15 2586.09
v -59497.85 -51039.15 2738.09
v -59425.96 -51043.03 2738.09
v -59426.71 -51057.01 2586.09
v -59498.61 -51053.13 2586.09
v -59498.61 -51053.13 2738.09
v -59426.71 -51057.01 2738.09
v -59663.31 -50879.68 2572.09
v -59657.92 -50779.82 2572.09
v -59657.92 -50779.82 2752.09
v -59663.31 -50879.68 2752.09
v -59677.29 -50878.92 2572.09
v -59671.90 -50779.07 2572.09
v -59671.90 -50779.07 2752.09
v -59677.29 -50878.92 2752.09
v -59662.55 -50865.70 2586.09
v -59658.68 -50793.80 2586.09
v -59658.68 -50793.80 2738.09
v -59662.55 -50865.70 2738.09
v -59676.53 -50864.94 2586.09
v -59672.66 -50793.05 2586.09
v -59672.66 -50793.05 2738.09
v -59676.53 -50864.94 2738.09
v -59645.61 -50551.49 2572.09
v -59640.23 -50451.63 2572.09
v -59640.23 -50451.63 2752.09
v -59645.61 -50551.49 2752.09
v -59659.59 -50550.73 2572.09
v -59654.21 -50450.88 2572.09
v -59654.21 -50450.88 2752.09
v -59659.59 -50550.73 2752.09
v -59644.86 -50537.51 2586.09
v -59640.98 -50465.61 2586.09
v -59640.98 -50465.61 2738.09
v -59644.86 -50537.51 2738.09
v -59658.84 -50536.75 2586.09
v -59654.96 -50464.86 2586.09
v -59654.96 -50464.86 2738.09
v -59658.84 -50536.75 2738.09
v -59627.91 -50223.30 2572.09
v -59622.53 -50123.44 2572.09
v -59622.53 -50123.44 2752.09
v -59627.91 -50223.30 2752.09
v -59641.89 -50222.54 2572.09
v -59636.51 -50122.69 2572.09
v -59636.51 -50122.69 2752.09
v -59641.89 -50222.54 2752.09
v -59627.16 -50209.32 2586.09
v -59623.28 -50137.42 2586.09
v -59623.28 -50137.42 2738.09
v -59627.16 -50209.32 2738.09
v -59641.14 -50208.56 2586.09
v -59637.26 -50136.67 2586.09
v -59637.26 -50136.67 2738.09
v -59641.14 -50208.56 2738.09
v -59454.87 -49981.93 2572.09
v -59355.01 -49987.32 2572.09
v -59355.01 -49987.32 2752.09
v -59454.87 -49981.93 2752.09
v -59454.11 -49967.95 2572.09
v -59354.26 -49973.34 2572.09
v -59354.26 -49973.34 2752.09
v -59454.11 -49967.95 2752.09
v -59440.89 -49982.69 2586.09
v -59368.99 -49986.56 2586.09
v -59368.99 -49986.56 2738.09
v -59440.89 -49982.69 2738.09
v -59440.13 -49968.71 2586.09
v -59368.24 -49972.58 2586.09
v -59368.24 -49972.58 2738.09
v -59440.13 -49968.71 2738.09
v -59107.77 -50000.65 2572.09
v -59007.91 -50006.03 2572.09
v -59007.91 -50006.03 2752.09
v -59107.77 -50000.65 2752.09
v -59107.02 -49986.67 2572.09
v -59007.16 -49992.05 2572.09
v -59007.16 -49992.05 2752.09
v -59107.02 -49986.67 2752.09
v -59093.79 -50001.40 2586.09
v -59021.89 -50005.28 2586.09
v -59021.89 -50005.28 2738.09
v -59093.79 -50001.40 2738.09
v -59093.04 -49987.42 2586.09
v -59021.14 -49991.30 2586.09
v -59021.14 -49991.30 2738.09
v -59093.04 -49987.42 2738.09
v -58413.58 -50038.08 2572.09
v -58313.72 -50043.47 2572.09
v -58313.72 -50043.47 2752.09
v -58413.58 -50038.08 2752.09
v -58412.82 -50024.10 2572.09
v -58312.97 -50029.49 2572.09
v -58312.97 -50029.49 2752.09
v -58412.82 -50024.10 2752.09
v -58399.60 -50038.84 2586.09
v -58327.70 -50042.71 2586.09
v -58327.70 -50042.71 2738.09
v -58399.60 -50038.84 2738.09
v -58398.84 -50024.86 2586.09
v -58326.95 -50028.73 2586.09
v -58326.95 -50028.73 2738.09
v -58398.84 -50024.86 2738.09
v -58066.48 -50056.80 2572.09
v -57966.63 -50062.18 2572.09
v -57966.63 -50062.18 2752.09
v -58066.48 -50056.80 2752.09
v -58065.73 -50042.82 2572.09
v -57965.87 -50048.20 2572.09
v -57965.87 -50048.20 2752.09
v -58065.73 -50042.82 2752.09
v -58052.50 -50057.55 2586.09
v -57980.61 -50061.43 2586.09
v -57980.61 -50061.43 2738.09
v -58052.50 -50057.55 2738.09
v -58051.75 -50043.57 2586.09
v -57979.85 -50047.45 2586.09
v -57979.85 -50047.45 2738.09
v -58051.75 -50043.57 2738.09
v -58770.66 -50018.83 2482.09
v -58650.83 -50025.29 2482.09
v -58650.83 -50025.29 2652.09
v -58680.79 -50023.67 2704.05
v -58740.70 -50020.44 2704.05
v -58770.66 -50018.83 2652.09
v -58769.58 -49998.86 2482.09
v -58649.76 -50005.32 2482.09
v -58649.76 -50005.32 2652.09
v -58679.71 -50003.70 2704.05
v -58739.63 -50000.47 2704.05
v -58769.58 -49998.86 2652.09
v -58752.69 -50019.80 2500.09
v -58668.81 -50024.32 2500.09
v -58668.81 -50024.32 2652.09
v -58689.78 -50023.19 2688.46
v -58731.72 -50020.93 2688.46
v -58752.69 -50019.80 2652.09
v -58751.61 -49999.83 2500.09
v -58667.73 -50004.35 2500.09
v -58667.73 -50004.35 2652.09
v -58688.70 -50003.22 2688.46
v -58730.64 -50000.96 2688.46
v -58751.61 -49999.83 2652.09
v -58790.63 -50017.75 2478.09
v -58630.86 -50026.37 2478.09
v -58629.46 -50000.40 2478.09
v -58789.23 -49991.79 2478.09
v -58790.63 -50017.75 2494.09
v -58630.86 -50026.37 2494.09
v -58629.46 -50000.40 2494.09
v -58789.23 -49991.79 2494.09
v -57815.15 -50220.90 2572.09
v -57820.54 -50320.76 2572.09
v -57820.54 -50320.76 2752.09
v -57815.15 -50220.90 2752.09
v -57801.17 -50221.66 2572.09
v -57806.56 -50321.51 2572.09
v -57806.56 -50321.51 2752.09
v -57801.17 -50221.66 2752.09
v -57815.91 -50234.88 2586.09
v -57819.79 -50306.78 2586.09
v -57819.79 -50306.78 2738.09
v -57815.91 -50234.88 2738.09
v -57801.93 -50235.64 2586.09
v -57805.81 -50307.53 2586.09
v -57805.81 -50307.53 2738.09
v -57801.93 -50235.64 2738.09
v -57832.85 -50549.09 2572.09
v -57838.24 -50648.95 2572.09
v -57838.24 -50648.95 2752.09
v -57832.85 -50549.09 2752.09
v -57818.87 -50549.85 2572.09
v -57824.26 -50649.70 2572.09
v -57824.26 -50649.70 2752.09
v -57818.87 -50549.85 2752.09
v -57833.61 -50563.07 2586.09
v -57837.48 -50634.97 2586.09
v -57837.48 -50634.97 2738.09
v -57833.61 -50563.07 2738.09
v -57819.63 -50563.83 2586.09
v -57823.50 -50635.72 2586.09
v -57823.50 -50635.72 2738.09
v -57819.63 -50563.83 2738.09
v -57850.55 -50877.28 2572.09
v -57855.93 -50977.14 2572.09
v -57855.93 -50977.14 2752.09
v -57850.55 -50877.28 2752.09
v -57836.57 -50878.04 2572.09
v -57841.95 -50977.89 2572.09
v -57841.95 -50977.89 2752.09
v -57836.57 -50878.04 2752.09
v -57851.30 -50891.26 2586.09
v -57855.18 -50963.16 2586.09
v -57855.18 -50963.16 2738.09
v -57851.30 -50891.26 2738.09
v -57837.32 -50892.02 2586.09
v -57841.20 -50963.91 2586.09
v -57841.20 -50963.91 2738.09
v -57837.32 -50892.02 2738.09
v -57858.36 -51133.57 3092.09
v -59677.72 -51035.46 3092.09
v -59620.10 -49967.01 3092.09
v -57800.75 -50065.12 3092.09
v -57858.36 -51133.57 3106.09
v -59677.72 -51035.46 3106.09
v -59620.10 -49967.01 3106.09
v -57800.75 -50065.12 3106.09
v -57869.70 -51120.94 3092.09
v -59665.09 -51024.12 3092.09
v -59608.77 -49979.64 3092.09
v -57813.37 -50076.46 3092.09
v -57869.70 -51120.94 3106.09
v -59665.09 -51024.12 3106.09
v -59608.77 -49979.64 3106.09
v -57813.37 -50076.46 3106.09
v -57848.91 -51144.09 3070.09
v -59688.24 -51044.91 3070.09
v -59629.55 -49956.49 3070.09
v -57790.22 -50055.67 3070.09
v -57848.91 -51144.09 3098.09
v -59688.24 -51044.91 3098.09
v -59629.55 -49956.49 3098.09
v -57790.22 -50055.67 3098.09
v -57869.70 -51120.94 3070.09
v -59665.09 -51024.12 3070.09
v -59608.77 -49979.64 3070.09
v -57813.37 -50076.46 3070.09
v -57869.70 -51120.94 3098.09
v -59665.09 -51024.12 3098.09
v -59608.77 -49979.64 3098.09
v -57813.37 -50076.46 3098.09
v -57854.58 -51137.78 3128.09
v -59681.93 -51039.24 3128.09
v -59623.88 -49962.80 3128.09
v -57796.54 -50061.34 3128.09
v -57854.58 -51137.78 3198.09
v -59681.93 -51039.24 3198.09
v -59623.88 -49962.80 3198.09
v -57796.54 -50061.34 3198.09
v -57903.71 -51083.05 3128.09
v -59627.20 -50990.12 3128.09
v -59574.76 -50017.53 3128.09
v -57851.26 -50110.47 3128.09
v -57903.71 -51083.05 3198.09
v -59627.20 -50990.12 3198.09
v -59574.76 -50017.53 3198.09
v -57851.26 -50110.47 3198.09
v -59585.20 -51028.43 2507.09
v -59665.09 -51024.12 2507.09
v -59665.63 -51034.11 2507.09
v -59585.74 -51038.42 2507.09
v -59585.20 -51028.43 2562.09
v -59665.09 -51024.12 2562.09
v -59665.63 -51034.11 2562.09
v -59585.74 -51038.42 2562.09
v -59665.09 -51024.12 2579.09
v -59662.07 -50968.21 2579.09
v -59672.06 -50967.67 2579.09
v -59675.07 -51023.59 2579.09
v -59665.09 -51024.12 2634.09
v -59662.07 -50968.21 2634.09
v -59672.06 -50967.67 2634.09
v -59675.07 -51023.59 2634.09
v -59585.20 -51028.43 2651.09
v -59665.09 -51024.12 2651.09
v -59665.63 -51034.11 2651.09
v -59585.74 -51038.42 2651.09
v -59585.20 -51028.43 2706.09
v -59665.09 -51024.12 2706.09
v -59665.63 -51034.11 2706.09
v -59585.74 -51038.42 2706.09
v -59665.09 -51024.12 2723.09
v -59662.07 -50968.21 2723.09
v -59672.06 -50967.67 2723.09
v -59675.07 -51023.59 2723.09
v -59665.09 -51024.12 2778.09
v -59662.07 -50968.21 2778.09
v -59672.06 -50967.67 2778.09
v -59675.07 -51023.59 2778.09
v -57893.26 -50072.15 2507.09
v -57813.37 -50076.46 2507.09
v -57812.84 -50066.47 2507.09
v -57892.72 -50062.16 2507.09
v -57893.26 -50072.15 2562.09
v -57813.37 -50076.46 2562.09
v -57812.84 -50066.47 2562.09
v -57892.72 -50062.16 2562.09
v -57813.37 -50076.46 2579.09
v -57816.39 -50132.37 2579.09
v -57806.40 -50132.91 2579.09
v -57803.39 -50076.99 2579.09
v -57813.37 -50076.46 2634.09
v -57816.39 -50132.37 2634.09
v -57806.40 -50132.91 2634.09
v -57803.39 -50076.99 2634.09
v -57893.26 -50072.15 2651.09
v -57813.37 -50076.46 2651.09
v -57812.84 -50066.47 2651.09
v -57892.72 -50062.16 2651.09
v -57893.26 -50072.15 2706.09
v -57813.37 -50076.46 2706.09
v -57812.84 -50066.47 2706.09
v -57892.72 -50062.16 2706.09
v -57813.37 -50076.46 2723.09
v -57816.39 -50132.37 2723.09
v -57806.40 -50132.91 2723.09
v -57803.39 -50076.99 2723.09
v -57813.37 -50076.46 2778.09
v -57816.39 -50132.37 2778.09
v -57806.40 -50132.91 2778.09
v -57803.39 -50076.99 2778.09
v -57865.39 -51041.05 2507.09
v -57869.70 -51120.94 2507.09
v -57859.71 -51121.48 2507.09
v -57855.40 -51041.59 2507.09
v -57865.39 -51041.05 2562.09
v -57869.70 -51120.94 2562.09
v -57859.71 -51121.48 2562.09
v -57855.40 -51041.59 2562.09
v -57869.70 -51120.94 2579.09
v -57925.62 -51117.92 2579.09
v -57926.15 -51127.91 2579.09
v -57870.23 -51130.92 2579.09
v -57869.70 -51120.94 2634.09
v -57925.62 -51117.92 2634.09
v -57926.15 -51127.91 2634.09
v -57870.23 -51130.92 2634.09
v -57865.39 -51041.05 2651.09
v -57869.70 -51120.94 2651.09
v -57859.71 -51121.48 2651.09
v -57855.40 -51041.59 2651.09
v -57865.39 -51041.05 2706.09
v -57869.70 -51120.94 2706.09
v -57859.71 -51121.48 2706.09
v -57855.40 -51041.59 2706.09
v -57869.70 -51120.94 2723.09
v -57925.62 -51117.92 2723.09
v -57926.15 -51127.91 2723.09
v -57870.23 -51130.92 2723.09
v -57869.70 -51120.94 2778.09
v -57925.62 -51117.92 2778.09
v -57926.15 -51127.91 2778.09
v -57870.23 -51130.92 2778.09
v -59613.07 -50059.53 2507.09
v -59608.77 -49979.64 2507.09
v -59618.75 -49979.10 2507.09
v -59623.06 -50058.99 2507.09
v -59613.07 -50059.53 2562.09
v -59608.77 -49979.64 2562.09
v -59618.75 -49979.10 2562.09
v -59623.06 -50058.99 2562.09
v -59608.77 -49979.64 2579.09
v -59552.85 -49982.66 2579.09
v -59552.31 -49972.67 2579.09
v -59608.23 -49969.66 2579.09
v -59608.77 -49979.64 2634.09
v -59552.85 -49982.66 2634.09
v -59552.31 -49972.67 2634.09
v -59608.23 -49969.66 2634.09
v -59613.07 -50059.53 2651.09
v -59608.77 -49979.64 2651.09
v -59618.75 -49979.10 2651.09
v -59623.06 -50058.99 2651.09
v -59613.07 -50059.53 2706.09
v -59608.77 -49979.64 2706.09
v -59618.75 -49979.10 2706.09
v -59623.06 -50058.99 2706.09
v -59608.77 -49979.64 2723.09
v -59552.85 -49982.66 2723.09
v -59552.31 -49972.67 2723.09
v -59608.23 -49969.66 2723.09
v -59608.77 -49979.64 2778.09
v -59552.85 -49982.66 2778.09
v -59552.31 -49972.67 2778.09
v -59608.23 -49969.66 2778.09
v -57752.80 -52216.48 2464.11
v -57699.21 -53860.60 2464.11
v -58826.61 -53897.35 2464.11
v -58880.20 -52253.22 2464.11
v -57752.80 -52216.48 3424.11
v -57699.21 -53860.60 3424.11
v -58826.61 -53897.35 3424.11
v -58880.20 -52253.22 3424.11
v -57736.45 -52349.71 2554.11
v -57733.19 -52449.66 2554.11
v -57733.19 -52449.66 2734.11
v -57736.45 -52349.71 2734.11
v -57722.46 -52349.26 2554.11
v -57719.20 -52449.20 2554.11
v -57719.20 -52449.20 2734.11
v -57722.46 -52349.26 2734.11
v -57735.99 -52363.71 2568.11
v -57733.65 -52435.67 2568.11
v -57733.65 -52435.67 2720.11
v -57735.99 -52363.71 2720.11
v -57722.00 -52363.25 2568.11
v -57719.65 -52435.21 2568.11
v -57719.65 -52435.21 2720.11
v -57722.00 -52363.25 2720.11
v -57736.45 -52349.71 2874.11
v -57733.19 -52449.66 2874.11
v -57733.19 -52449.66 3054.11
v -57736.45 -52349.71 3054.11
v -57722.46 -52349.26 2874.11
v -57719.20 -52449.20 2874.11
v -57719.20 -52449.20 3054.11
v -57722.46 -52349.26 3054.11
v -57735.99 -52363.71 2888.11
v -57733.65 -52435.67 2888.11
v -57733.65 -52435.67 3040.11
v -57735.99 -52363.71 3040.11
v -57722.00 -52363.25 2888.11
v -57719.65 -52435.21 2888.11
v -57719.65 -52435.21 3040.11
v -57722.00 -52363.25 3040.11
v -57726.04 -52668.94 2554.11
v -57722.79 -52768.89 2554.11
v -57722.79 -52768.89 2734.11
v -57726.04 -52668.94 2734.11
v -57712.05 -52668.49 2554.11
v -57708.79 -52768.43 2554.11
v -57708.79 -52768.43 2734.11
v -57712.05 -52668.49 2734.11
v -57725.59 -52682.94 2568.11
v -57723.24 -52754.90 2568.11
v -57723.24 -52754.90 2720.11
v -57725.59 -52682.94 2720.11
v -57711.60 -52682.48 2568.11
v -57709.25 -52754.44 2568.11
v -57709.25 -52754.44 2720.11
v -57711.60 -52682.48 2720.11
v -57726.04 -52668.94 2874.11
v -57722.79 -52768.89 2874.11
v -57722.79 -52768.89 3054.11
v -57726.04 -52668.94 3054.11
v -57712.05 -52668.49 2874.11
v -57708.79 -52768.43 2874.11
v -57708.79 -52768.43 3054.11
v -57712.05 -52668.49 3054.11
v -57725.59 -52682.94 2888.11
v -57723.24 -52754.90 2888.11
v -57723.24 -52754.90 3040.11
v -57725.59 -52682.94 3040.11
v -57711.60 -52682.48 2888.11
v -57709.25 -52754.44 2888.11
v -57709.25 -52754.44 3040.11
v -57711.60 -52682.48 3040.11
v -57715.64 -52988.17 2874.11
v -57712.38 -53088.12 2874.11
v -57712.38 -53088.12 3004.11
v -57713.20 -53063.13 3047.41
v -57714.82 -53013.16 3047.41
v -57715.64 -52988.17 3004.11
v -57701.65 -52987.72 2874.11
v -57698.39 -53087.67 2874.11
v -57698.39 -53087.67 3004.11
v -57699.20 -53062.68 3047.41
v -57700.83 -53012.70 3047.41
v -57701.65 -52987.72 3004.11
v -57715.18 -53002.17 2888.11
v -57712.84 -53074.13 2888.11
v -57712.84 -53074.13 3004.11
v -57713.42 -53056.14 3035.28
v -57714.60 -53020.16 3035.28
v -57715.18 -53002.17 3004.11
v -57701.19 -53001.71 2888.11
v -57698.85 -53073.67 2888.11
v -57698.85 -53073.67 3004.11
v -57699.43 -53055.68 3035.28
v -57700.60 -53019.70 3035.28
v -57701.19 -53001.71 3004.11
v -57705.23 -53307.40 2554.11
v -57701.98 -53407.35 2554.11
v -57701.98 -53407.35 2734.11
v -57705.23 -53307.40 2734.11
v -57691.24 -53306.95 2554.11
v -57687.98 -53406.90 2554.11
v -57687.98 -53406.90 2734.11
v -57691.24 -53306.95 2734.11
v -57704.78 -53321.40 2568.11
v -57702.43 -53393.36 2568.11
v -57702.43 -53393.36 2720.11
v -57704.78 -53321.40 2720.11
v -57690.79 -53320.94 2568.11
v -57688.44 -53392.90 2568.11
v -57688.44 -53392.90 2720.11
v -57690.79 -53320.94 2720.11
v -57705.23 -53307.40 2874.11
v -57701.98 -53407.35 2874.11
v -57701.98 -53407.35 3054.11
v -57705.23 -53307.40 3054.11
v -57691.24 -53306.95 2874.11
v -57687.98 -53406.90 2874.11
v -57687.98 -53406.90 3054.11
v -57691.24 -53306.95 3054.11
v -57704.78 -53321.40 2888.11
v -57702.43 -53393.36 2888.11
v -57702.43 -53393.36 3040.11
v -57704.78 -53321.40 3040.11
v -57690.79 -53320.94 2888.11
v -57688.44 -53392.90 2888.11
v -57688.44 -53392.90 3040.11
v -57690.79 -53320.94 3040.11
v -57694.83 -53626.64 2554.11
v -57691.57 -53726.58 2554.11
v -57691.57 -53726.58 2734.11
v -57694.83 -53626.64 2734.11
v -57680.84 -53626.18 2554.11
v -57677.58 -53726.13 2554.11
v -57677.58 -53726.13 2734.11
v -57680.84 -53626.18 2734.11
v -57694.37 -53640.63 2568.11
v -57692.03 -53712.59 2568.11
v -57692.03 -53712.59 2720.11
v -57694.37 -53640.63 2720.11
v -57680.38 -53640.17 2568.11
v -57678.04 -53712.13 2568.11
v -57678.04 -53712.13 2720.11
v -57680.38 -53640.17 2720.11
v -57694.83 -53626.64 2874.11
v -57691.57 -53726.58 2874.11
v -57691.57 -53726.58 3004.11
v -57692.39 -53701.60 3047.41
v -57694.02 -53651.62 3047.41
v -57694.83 -53626.64 3004.11
v -57680.84 -53626.18 2874.11
v -57677.58 -53726.13 2874.11
v -57677.58 -53726.13 3004.11
v -57678.39 -53701.14 3047.41
v -57680.02 -53651.17 3047.41
v -57680.84 -53626.18 3004.11
v -57694.37 -53640.63 2888.11
v -57692.03 -53712.59 2888.11
v -57692.03 -53712.59 3004.11
v -57692.62 -53694.60 3035.28
v -57693.79 -53658.62 3035.28
v -57694.37 -53640.63 3004.11
v -57680.38 -53640.17 2888.11
v -57678.04 -53712.13 2888.11
v -57678.04 -53712.13 3004.11
v -57678.62 -53694.14 3035.28
v -57679.80 -53658.16 3035.28
v -57680.38 -53640.17 3004.11
v -57715.97 -52978.18 2464.11
v -57712.06 -53098.12 2464.11
v -57712.06 -53098.12 2694.11
v -57715.97 -52978.18 2694.11
v -57695.98 -52977.53 2464.11
v -57692.07 -53097.46 2464.11
v -57692.07 -53097.46 2694.11
v -57695.98 -52977.53 2694.11
v -57715.38 -52996.17 2482.11
v -57712.64 -53080.13 2482.11
v -57712.64 -53080.13 2676.11
v -57715.38 -52996.17 2676.11
v -57695.39 -52995.52 2482.11
v -57692.65 -53079.47 2482.11
v -57692.65 -53079.47 2676.11
v -57695.39 -52995.52 2676.11
v -57716.62 -52958.19 2460.11
v -57711.40 -53118.11 2460.11
v -57685.42 -53117.26 2460.11
v -57690.63 -52957.34 2460.11
v -57716.62 -52958.19 2476.11
v -57711.40 -53118.11 2476.11
v -57685.42 -53117.26 2476.11
v -57690.63 -52957.34 2476.11
v -57852.74 -53877.61 2554.11
v -57952.69 -53880.87 2554.11
v -57952.69 -53880.87 2734.11
v -57852.74 -53877.61 2734.11
v -57852.28 -53891.60 2554.11
v -57952.23 -53894.86 2554.11
v -57952.23 -53894.86 2734.11
v -57852.28 -53891.60 2734.11
v -57866.73 -53878.07 2568.11
v -57938.69 -53880.41 2568.11
v -57938.69 -53880.41 2720.11
v -57866.73 -53878.07 2720.11
v -57866.27 -53892.06 2568.11
v -57938.24 -53894.41 2568.11
v -57938.24 -53894.41 2720.11
v -57866.27 -53892.06 2720.11
v -57852.74 -53877.61 2874.11
v -57952.69 -53880.87 2874.11
v -57952.69 -53880.87 3004.11
v -57927.70 -53880.06 3047.41
v -57877.73 -53878.43 3047.41
v -57852.74 -53877.61 3004.11
v -57852.28 -53891.60 2874.11
v -57952.23 -53894.86 2874.11
v -57952.23 -53894.86 3004.11
v -57927.24 -53894.05 3047.41
v -57877.27 -53892.42 3047.41
v -57852.28 -53891.60 3004.11
v -57866.73 -53878.07 2888.11
v -57938.69 -53880.41 2888.11
v -57938.69 -53880.41 3004.11
v -57920.70 -53879.83 3035.28
v -57884.72 -53878.65 3035.28
v -57866.73 -53878.07 3004.11
v -57866.27 -53892.06 2888.11
v -57938.24 -53894.41 2888.11
v -57938.24 -53894.41 3004.11
v -57920.25 -53893.82 3035.28
v -57884.27 -53892.65 3035.28
v -57866.27 -53892.06 3004.11
v -58212.55 -53889.34 2554.11
v -58312.49 -53892.60 2554.11
v -58312.49 -53892.60 2734.11
v -58212.55 -53889.34 2734.11
v -58212.09 -53903.33 2554.11
v -58312.04 -53906.59 2554.11
v -58312.04 -53906.59 2734.11
v -58212.09 -53903.33 2734.11
v -58226.54 -53889.80 2568.11
v -58298.50 -53892.14 2568.11
v -58298.50 -53892.14 2720.11
v -58226.54 -53889.80 2720.11
v -58226.08 -53903.79 2568.11
v -58298.05 -53906.13 2568.11
v -58298.05 -53906.13 2720.11
v -58226.08 -53903.79 2720.11
v -58212.55 -53889.34 2874.11
v -58312.49 -53892.60 2874.11
v -58312.49 -53892.60 3054.11
v -58212.55 -53889.34 3054.11
v -58212.09 -53903.33 2874.11
v -58312.04 -53906.59 2874.11
v -58312.04 -53906.59 3054.11
v -58212.09 -53903.33 3054.11
v -58226.54 -53889.80 2888.11
v -58298.50 -53892.14 2888.11
v -58298.50 -53892.14 3040.11
v -58226.54 -53889.80 3040.11
v -58226.08 -53903.79 2888.11
v -58298.05 -53906.13 2888.11
v -58298.05 -53906.13 3040.11
v -58226.08 -53903.79 3040.11
v -58572.36 -53901.07 2554.11
v -58672.30 -53904.32 2554.11
v -58672.30 -53904.32 2734.11
v -58572.36 -53901.07 2734.11
v -58571.90 -53915.06 2554.11
v -58671.85 -53918.32 2554.11
v -58671.85 -53918.32 2734.11
v -58571.90 -53915.06 2734.11
v -58586.35 -53901.52 2568.11
v -58658.31 -53903.87 2568.11
v -58658.31 -53903.87 2720.11
v -58586.35 -53901.52 2720.11
v -58585.89 -53915.52 2568.11
v -58657.85 -53917.86 2568.11
v -58657.85 -53917.86 2720.11
v -58585.89 -53915.52 2720.11
v -58572.36 -53901.07 2874.11
v -58672.30 -53904.32 2874.11
v -58672.30 -53904.32 3054.11
v -58572.36 -53901.07 3054.11
v -58571.90 -53915.06 2874.11
v -58671.85 -53918.32 2874.11
v -58671.85 -53918.32 3054.11
v -58571.90 -53915.06 3054.11
v -58586.35 -53901.52 2888.11
v -58658.31 -53903.87 2888.11
v -58658.31 -53903.87 3040.11
v -58586.35 -53901.52 3040.11
v -58585.89 -53915.52 2888.11
v -58657.85 -53917.86 2888.11
v -58657.85 -53917.86 3040.11
v -58585.89 -53915.52 3040.11
v -58842.96 -53764.11 2554.11
v -58846.22 -53664.16 2554.11
v -58846.22 -53664.16 2734.11
v -58842.96 -53764.11 2734.11
v -58856.95 -53764.56 2554.11
v -58860.21 -53664.62 2554.11
v -58860.21 -53664.62 2734.11
v -58856.95 -53764.56 2734.11
v -58843.42 -53750.12 2568.11
v -58845.76 -53678.15 2568.11
v -58845.76 -53678.15 2720.11
v -58843.42 -53750.12 2720.11
v -58857.41 -53750.57 2568.11
v -58859.76 -53678.61 2568.11
v -58859.76 -53678.61 2720.11
v -58857.41 -53750.57 2720.11
v -58842.96 -53764.11 2874.11
v -58846.22 -53664.16 2874.11
v -58846.22 -53664.16 3004.11
v -58845.40 -53689.15 3047.41
v -58843.78 -53739.12 3047.41
v -58842.96 -53764.11 3004.11
v -58856.95 -53764.56 2874.11
v -58860.21 -53664.62 2874.11
v -58860.21 -53664.62 3004.11
v -58859.40 -53689.60 3047.41
v -58857.77 -53739.58 3047.41
v -58856.95 -53764.56 3004.11
v -58843.42 -53750.12 2888.11
v -58845.76 -53678.15 2888.11
v -58845.76 -53678.15 3004.11
v -58845.18 -53696.15 3035.28
v -58844.00 -53732.13 3035.28
v -58843.42 -53750.12 3004.11
v -58857.41 -53750.57 2888.11
v -58859.76 -53678.61 2888.11
v -58859.76 -53678.61 3004.11
v -58859.17 -53696.60 3035.28
v -58858.00 -53732.58 3035.28
v -58857.41 -53750.57 3004.11
v -58853.37 -53444.88 2554.11
v -58856.62 -53344.93 2554.11
v -58856.62 -53344.93 2734.11
v -58853.37 -53444.88 2734.11
v -58867.36 -53445.33 2554.11
v -58870.62 -53345.39 2554.11
v -58870.62 -53345.39 2734.11
v -58867.36 -53445.33 2734.11
v -58853.82 -53430.89 2568.11
v -58856.17 -53358.92 2568.11
v -58856.17 -53358.92 2720.11
v -58853.82 -53430.89 2720.11
v -58867.81 -53431.34 2568.11
v -58870.16 -53359.38 2568.11
v -58870.16 -53359.38 2720.11
v -58867.81 -53431.34 2720.11
v -58853.37 -53444.88 2874.11
v -58856.62 -53344.93 2874.11
v -58856.62 -53344.93 3004.11
v -58855.81 -53369.92 3047.41
v -58854.18 -53419.89 3047.41
v -58853.37 -53444.88 3004.11
v -58867.36 -53445.33 2874.11
v -58870.62 -53345.39 2874.11
v -58870.62 -53345.39 3004.11
v -58869.80 -53370.37 3047.41
v -58868.17 -53420.35 3047.41
v -58867.36 -53445.33 3004.11
v -58853.82 -53430.89 2888.11
v -58856.17 -53358.92 2888.11
v -58856.17 -53358.92 3004.11
v -58855.58 -53376.91 3035.28
v -58854.41 -53412.90 3035.28
v -58853.82 -53430.89 3004.11
v -58867.81 -53431.34 2888.11
v -58870.16 -53359.38 2888.11
v -58870.16 -53359.38 3004.11
v -58869.57 -53377.37 3035.28
v -58868.40 -53413.35 3035.28
v -58867.81 -53431.34 3004.11
v -58863.77 -53125.65 2554.11
v -58867.03 -53025.70 2554.11
v -58867.03 -53025.70 2734.11
v -58863.77 -53125.65 2734.11
v -58877.76 -53126.10 2554.11
v -58881.02 -53026.16 2554.11
v -58881.02 -53026.16 2734.11
v -58877.76 -53126.10 2734.11
v -58864.23 -53111.66 2568.11
v -58866.57 -53039.69 2568.11
v -58866.57 -53039.69 2720.11
v -58864.23 -53111.66 2720.11
v -58878.22 -53112.11 2568.11
v -58880.56 -53040.15 2568.11
v -58880.56 -53040.15 2720.11
v -58878.22 -53112.11 2720.11
v -58863.77 -53125.65 2874.11
v -58867.03 -53025.70 2874.11
v -58867.03 -53025.70 3054.11
v -58863.77 -53125.65 3054.11
v -58877.76 -53126.10 2874.11
v -58881.02 -53026.16 2874.11
v -58881.02 -53026.16 3054.11
v -58877.76 -53126.10 3054.11
v -58864.23 -53111.66 2888.11
v -58866.57 -53039.69 2888.11
v -58866.57 -53039.69 3040.11
v -58864.23 -53111.66 3040.11
v -58878.22 -53112.11 2888.11
v -58880.56 -53040.15 2888.11
v -58880.56 -53040.15 3040.11
v -58878.22 -53112.11 3040.11
v -58874.18 -52806.42 2554.11
v -58877.43 -52706.47 2554.11
v -58877.43 -52706.47 2734.11
v -58874.18 -52806.42 2734.11
v -58888.17 -52806.87 2554.11
v -58891.43 -52706.93 2554.11
v -58891.43 -52706.93 2734.11
v -58888.17 -52806.87 2734.11
v -58874.63 -52792.42 2568.11
v -58876.98 -52720.46 2568.11
v -58876.98 -52720.46 2720.11
v -58874.63 -52792.42 2720.11
v -58888.62 -52792.88 2568.11
v -58890.97 -52720.92 2568.11
v -58890.97 -52720.92 2720.11
v -58888.62 -52792.88 2720.11
v -58874.18 -52806.42 2874.11
v -58877.43 -52706.47 2874.11
v -58877.43 -52706.47 3054.11
v -58874.18 -52806.42 3054.11
v -58888.17 -52806.87 2874.11
v -58891.43 -52706.93 2874.11
v -58891.43 -52706.93 3054.11
v -58888.17 -52806.87 3054.11
v -58874.63 -52792.42 2888.11
v -58876.98 -52720.46 2888.11
v -58876.98 -52720.46 3040.11
v -58874.63 -52792.42 3040.11
v -58888.62 -52792.88 2888.11
v -58890.97 -52720.92 2888.11
v -58890.97 -52720.92 3040.11
v -58888.62 -52792.88 3040.11
v -58884.58 -52487.19 2554.11
v -58887.84 -52387.24 2554.11
v -58887.84 -52387.24 2734.11
v -58884.58 -52487.19 2734.11
v -58898.57 -52487.64 2554.11
v -58901.83 -52387.70 2554.11
v -58901.83 -52387.70 2734.11
v -58898.57 -52487.64 2734.11
v -58885.04 -52473.19 2568.11
v -58887.38 -52401.23 2568.11
v -58887.38 -52401.23 2720.11
v -58885.04 -52473.19 2720.11
v -58899.03 -52473.65 2568.11
v -58901.37 -52401.69 2568.11
v -58901.37 -52401.69 2720.11
v -58899.03 -52473.65 2720.11
v -58884.58 -52487.19 2874.11
v -58887.84 -52387.24 2874.11
v -58887.84 -52387.24 3054.11
v -58884.58 -52487.19 3054.11
v -58898.57 -52487.64 2874.11
v -58901.83 -52387.70 2874.11
v -58901.83 -52387.70 3054.11
v -58898.57 -52487.64 3054.11
v -58885.04 -52473.19 2888.11
v -58887.38 -52401.23 2888.11
v -58887.38 -52401.23 3040.11
v -58885.04 -52473.19 3040.11
v -58899.03 -52473.65 2888.11
v -58901.37 -52401.69 2888.11
v -58901.37 -52401.69 3040.11
v -58899.03 -52473.65 3040.11
v -58726.67 -52236.21 2554.11
v -58626.72 -52232.95 2554.11
v -58626.72 -52232.95 2734.11
v -58726.67 -52236.21 2734.11
v -58727.13 -52222.22 2554.11
v -58627.18 -52218.96 2554.11
v -58627.18 -52218.96 2734.11
v -58727.13 -52222.22 2734.11
v -58712.68 -52235.75 2568.11
v -58640.72 -52233.41 2568.11
v -58640.72 -52233.41 2720.11
v -58712.68 -52235.75 2720.11
v -58713.13 -52221.76 2568.11
v -58641.17 -52219.42 2568.11
v -58641.17 -52219.42 2720.11
v -58713.13 -52221.76 2720.11
v -58726.67 -52236.21 2874.11
v -58626.72 -52232.95 2874.11
v -58626.72 -52232.95 3054.11
v -58726.67 -52236.21 3054.11
v -58727.13 -52222.22 2874.11
v -58627.18 -52218.96 2874.11
v -58627.18 -52218.96 3054.11
v -58727.13 -52222.22 3054.11
v -58712.68 -52235.75 2888.11
v -58640.72 -52233.41 2888.11
v -58640.72 -52233.41 3040.11
v -58712.68 -52235.75 3040.11
v -58713.13 -52221.76 2888.11
v -58641.17 -52219.42 2888.11
v -58641.17 -52219.42 3040.11
v -58713.13 -52221.76 3040.11
v -58366.86 -52224.48 2554.11
v -58266.92 -52221.23 2554.11
v -58266.92 -52221.23 2734.11
v -58366.86 -52224.48 2734.11
v -58367.32 -52210.49 2554.11
v -58267.37 -52207.23 2554.11
v -58267.37 -52207.23 2734.11
v -58367.32 -52210.49 2734.11
v -58352.87 -52224.03 2568.11
v -58280.91 -52221.68 2568.11
v -58280.91 -52221.68 2720.11
v -58352.87 -52224.03 2720.11
v -58353.33 -52210.03 2568.11
v -58281.36 -52207.69 2568.11
v -58281.36 -52207.69 2720.11
v -58353.33 -52210.03 2720.11
v -58366.86 -52224.48 2874.11
v -58266.92 -52221.23 2874.11
v -58266.92 -52221.23 3054.11
v -58366.86 -52224.48 3054.11
v -58367.32 -52210.49 2874.11
v -58267.37 -52207.23 2874.11
v -58267.37 -52207.23 3054.11
v -58367.32 -52210.49 3054.11
v -58352.87 -52224.03 2888.11
v -58280.91 -52221.68 2888.11
v -58280.91 -52221.68 3040.11
v -58352.87 -52224.03 3040.11
v -58353.33 -52210.03 2888.11
v -58281.36 -52207.69 2888.11
v -58281.36 -52207.69 3040.11
v -58353.33 -52210.03 3040.11
v -58007.05 -52212.76 2554.11
v -57907.11 -52209.50 2554.11
v -57907.11 -52209.50 2734.11
v -58007.05 -52212.76 2734.11
v -58007.51 -52198.76 2554.11
v -57907.56 -52195.51 2554.11
v -57907.56 -52195.51 2734.11
v -58007.51 -52198.76 2734.11
v -57993.06 -52212.30 2568.11
v -57921.10 -52209.95 2568.11
v -57921.10 -52209.95 2720.11
v -57993.06 -52212.30 2720.11
v -57993.52 -52198.31 2568.11
v -57921.56 -52195.96 2568.11
v -57921.56 -52195.96 2720.11
v -57993.52 -52198.31 2720.11
v -58007.05 -52212.76 2874.11
v -57907.11 -52209.50 2874.11
v -57907.11 -52209.50 3004.11
v -57932.09 -52210.31 3047.41
v -57982.07 -52211.94 3047.41
v -58007.05 -52212.76 3004.11
v -58007.51 -52198.76 2874.11
v -57907.56 -52195.51 2874.11
v -57907.56 -52195.51 3004.11
v -57932.55 -52196.32 3047.41
v -57982.52 -52197.95 3047.41
v -58007.51 -52198.76 3004.11
v -57993.06 -52212.30 2888.11
v -57921.10 -52209.95 2888.11
v -57921.10 -52209.95 3004.11
v -57939.09 -52210.54 3035.28
v -57975.07 -52211.71 3035.28
v -57993.06 -52212.30 3004.11
v -57993.52 -52198.31 2888.11
v -57921.56 -52195.96 2888.11
v -57921.56 -52195.96 3004.11
v -57939.55 -52196.55 3035.28
v -57975.53 -52197.72 3035.28
v -57993.52 -52198.31 3004.11
v -57735.39 -52197.90 3394.11
v -57680.63 -53878.01 3394.11
v -58844.02 -53915.92 3394.11
v -58898.78 -52235.82 3394.11
v -57735.39 -52197.90 3408.11
v -57680.63 -53878.01 3408.11
v -58844.02 -53915.92 3408.11
v -58898.78 -52235.82 3408.11
v -57747.00 -52210.28 3394.11
v -57693.02 -53866.40 3394.11
v -58832.41 -53903.54 3394.11
v -58886.39 -52247.42 3394.11
v -57747.00 -52210.28 3408.11
v -57693.02 -53866.40 3408.11
v -58832.41 -53903.54 3408.11
v -58886.39 -52247.42 3408.11
v -57725.72 -52187.58 3372.11
v -57670.31 -53887.68 3372.11
v -58853.69 -53926.24 3372.11
v -58909.10 -52226.15 3372.11
v -57725.72 -52187.58 3400.11
v -57670.31 -53887.68 3400.11
v -58853.69 -53926.24 3400.11
v -58909.10 -52226.15 3400.11
v -57747.00 -52210.28 3372.11
v -57693.02 -53866.40 3372.11
v -58832.41 -53903.54 3372.11
v -58886.39 -52247.42 3372.11
v -57747.00 -52210.28 3400.11
v -57693.02 -53866.40 3400.11
v -58832.41 -53903.54 3400.11
v -58886.39 -52247.42 3400.11
v -57731.53 -52193.77 3430.11
v -57676.51 -53881.87 3430.11
v -58847.88 -53920.05 3430.11
v -58902.90 -52231.95 3430.11
v -57731.53 -52193.77 3500.11
v -57676.51 -53881.87 3500.11
v -58847.88 -53920.05 3500.11
v -58902.90 -52231.95 3500.11
v -57781.80 -52247.44 3430.11
v -57730.17 -53831.60 3430.11
v -58797.61 -53866.39 3430.11
v -58849.24 -52282.23 3430.11
v -57781.80 -52247.44 3500.11
v -57730.17 -53831.60 3500.11
v -58797.61 -53866.39 3500.11
v -58849.24 -52282.23 3500.11
v -57695.62 -53786.45 2489.11
v -57693.02 -53866.40 2489.11
v -57683.02 -53866.08 2489.11
v -57685.63 -53786.12 2489.11
v -57695.62 -53786.45 2544.11
v -57693.02 -53866.40 2544.11
v -57683.02 -53866.08 2544.11
v -57685.63 -53786.12 2544.11
v -57693.02 -53866.40 2561.11
v -57748.99 -53868.23 2561.11
v -57748.66 -53878.22 2561.11
v -57692.69 -53876.40 2561.11
v -57693.02 -53866.40 2616.11
v -57748.99 -53868.23 2616.11
v -57748.66 -53878.22 2616.11
v -57692.69 -53876.40 2616.11
v -57695.62 -53786.45 2633.11
v -57693.02 -53866.40 2633.11
v -57683.02 -53866.08 2633.11
v -57685.63 -53786.12 2633.11
v -57695.62 -53786.45 2688.11
v -57693.02 -53866.40 2688.11
v -57683.02 -53866.08 2688.11
v -57685.63 -53786.12 2688.11
v -57693.02 -53866.40 2705.11
v -57748.99 -53868.23 2705.11
v -57748.66 -53878.22 2705.11
v -57692.69 -53876.40 2705.11
v -57693.02 -53866.40 2760.11
v -57748.99 -53868.23 2760.11
v -57748.66 -53878.22 2760.11
v -57692.69 -53876.40 2760.11
v -58883.79 -52327.38 2489.11
v -58886.39 -52247.42 2489.11
v -58896.39 -52247.74 2489.11
v -58893.78 -52327.70 2489.11
v -58883.79 -52327.38 2544.11
v -58886.39 -52247.42 2544.11
v -58896.39 -52247.74 2544.11
v -58893.78 -52327.70 2544.11
v -58886.39 -52247.42 2561.11
v -58830.42 -52245.59 2561.11
v -58830.75 -52235.60 2561.11
v -58886.72 -52237.42 2561.11
v -58886.39 -52247.42 2616.11
v -58830.42 -52245.59 2616.11
v -58830.75 -52235.60 2616.11
v -58886.72 -52237.42 2616.11
v -58883.79 -52327.38 2633.11
v -58886.39 -52247.42 2633.11
v -58896.39 -52247.74 2633.11
v -58893.78 -52327.70 2633.11
v -58883.79 -52327.38 2688.11
v -58886.39 -52247.42 2688.11
v -58896.39 -52247.74 2688.11
v -58893.78 -52327.70 2688.11
v -58886.39 -52247.42 2705.11
v -58830.42 -52245.59 2705.11
v -58830.75 -52235.60 2705.11
v -58886.72 -52237.42 2705.11
v -58886.39 -52247.42 2760.11
v -58830.42 -52245.59 2760.11
v -58830.75 -52235.60 2760.11
v -58886.72 -52237.42 2760.11
v -57826.95 -52212.89 2489.11
v -57747.00 -52210.28 2489.11
v -57747.32 -52200.29 2489.11
v -57827.28 -52202.89 2489.11
v -57826.95 -52212.89 2544.11
v -57747.00 -52210.28 2544.11
v -57747.32 -52200.29 2544.11
v -57827.28 -52202.89 2544.11
v -57747.00 -52210.28 2561.11
v -57745.17 -52266.25 2561.11
v -57735.18 -52265.93 2561.11
v -57737.00 -52209.96 2561.11
v -57747.00 -52210.28 2616.11
v -57745.17 -52266.25 2616.11
v -57735.18 -52265.93 2616.11
v -57737.00 -52209.96 2616.11
v -57826.95 -52212.89 2633.11
v -57747.00 -52210.28 2633.11
v -57747.32 -52200.29 2633.11
v -57827.28 -52202.89 2633.11
v -57826.95 -52212.89 2688.11
v -57747.00 -52210.28 2688.11
v -57747.32 -52200.29 2688.11
v -57827.28 -52202.89 2688.11
v -57747.00 -52210.28 2705.11
v -57745.17 -52266.25 2705.11
v -57735.18 -52265.93 2705.11
v -57737.00 -52209.96 2705.11
v -57747.00 -52210.28 2760.11
v -57745.17 -52266.25 2760.11
v -57735.18 -52265.93 2760.11
v -57737.00 -52209.96 2760.11
v -58752.46 -53900.93 2489.11
v -58832.41 -53903.54 2489.11
v -58832.09 -53913.53 2489.11
v -58752.13 -53910.93 2489.11
v -58752.46 -53900.93 2544.11
v -58832.41 -53903.54 2544.11
v -58832.09 -53913.53 2544.11
v -58752.13 -53910.93 2544.11
v -58832.41 -53903.54 2561.11
v -58834.24 -53847.57 2561.11
v -58844.23 -53847.89 2561.11
v -58842.41 -53903.87 2561.11
v -58832.41 -53903.54 2616.11
v -58834.24 -53847.57 2616.11
v -58844.23 -53847.89 2616.11
v -58842.41 -53903.87 2616.11
v -58752.46 -53900.93 2633.11
v -58832.41 -53903.54 2633.11
v -58832.09 -53913.53 2633.11
v -58752.13 -53910.93 2633.11
v -58752.46 -53900.93 2688.11
v -58832.41 -53903.54 2688.11
v -58832.09 -53913.53 2688.11
v -58752.13 -53910.93 2688.11
v -58832.41 -53903.54 2705.11
v -58834.24 -53847.57 2705.11
v -58844.23 -53847.89 2705.11
v -58842.41 -53903.87 2705.11
v -58832.41 -53903.54 2760.11
v -58834.24 -53847.57 2760.11
v -58844.23 -53847.89 2760.11
v -58842.41 -53903.87 2760.11
v -54192.69 -53518.60 2282.60
v -53483.44 -53394.64 2282.60
v -53311.27 -54379.71 2282.60
v -54020.52 -54503.67 2282.60
v -54192.69 -53518.60 2922.60
v -53483.44 -53394.64 2922.60
v -53311.27 -54379.71 2922.60
v -54020.52 -54503.67 2922.60
v -54054.88 -53482.33 2372.60
v -53956.37 -53465.11 2372.60
v -53956.37 -53465.11 2552.60
v -54054.88 -53482.33 2552.60
v -54057.29 -53468.54 2372.60
v -53958.78 -53451.32 2372.60
v -53958.78 -53451.32 2552.60
v -54057.29 -53468.54 2552.60
v -54041.08 -53479.92 2386.60
v -53970.16 -53467.52 2386.60
v -53970.16 -53467.52 2538.60
v -54041.08 -53479.92 2538.60
v -54043.49 -53466.13 2386.60
v -53972.57 -53453.73 2386.60
v -53972.57 -53453.73 2538.60
v -54043.49 -53466.13 2538.60
v -53723.89 -53424.48 2372.60
v -53625.39 -53407.27 2372.60
v -53625.39 -53407.27 2552.60
v -53723.89 -53424.48 2552.60
v -53726.30 -53410.69 2372.60
v -53627.80 -53393.47 2372.60
v -53627.80 -53393.47 2552.60
v -53726.30 -53410.69 2552.60
v -53710.10 -53422.07 2386.60
v -53639.18 -53409.68 2386.60
v -53639.18 -53409.68 2538.60
v -53710.10 -53422.07 2538.60
v -53712.51 -53408.28 2386.60
v -53641.59 -53395.89 2386.60
v -53641.59 -53395.89 2538.60
v -53712.51 -53408.28 2538.60
v -53448.78 -53523.26 2372.60
v -53431.56 -53621.77 2372.60
v -53431.56 -53621.77 2552.60
v -53448.78 -53523.26 2552.60
v -53434.99 -53520.85 2372.60
v -53417.77 -53619.36 2372.60
v -53417.77 -53619.36 2552.60
v -53434.99 -53520.85 2552.60
v -53446.37 -53537.05 2386.60
v -53433.97 -53607.97 2386.60
v -53433.97 -53607.97 2538.60
v -53446.37 -53537.05 2538.60
v -53432.58 -53534.64 2386.60
v -53420.18 -53605.56 2386.60
v -53420.18 -53605.56 2538.60
v -53432.58 -53534.64 2538.60
v -53394.14 -53835.85 2372.60
v -53376.93 -53934.36 2372.60
v -53376.93 -53934.36 2552.60
v -53394.14 -53835.85 2552.60
v -53380.35 -53833.44 2372.60
v -53363.14 -53931.95 2372.60
v -53363.14 -53931.95 2552.60
v -53380.35 -53833.44 2552.60
v -53391.73 -53849.64 2386.60
v -53379.34 -53920.57 2386.60
v -53379.34 -53920.57 2538.60
v -53391.73 -53849.64 2538.60
v -53377.94 -53847.23 2386.60
v -53365.55 -53918.16 2386.60
v -53365.55 -53918.16 2538.60
v -53377.94 -53847.23 2538.60
v -53339.51 -54148.45 2372.60
v -53322.29 -54246.96 2372.60
v -53322.29 -54246.96 2552.60
v -53339.51 -54148.45 2552.60
v -53325.72 -54146.04 2372.60
v -53308.50 -54244.55 2372.60
v -53308.50 -54244.55 2552.60
v -53325.72 -54146.04 2552.60
v -53337.10 -54162.24 2386.60
v -53324.70 -54233.16 2386.60
v -53324.70 -54233.16 2538.60
v -53337.10 -54162.24 2538.60
v -53323.31 -54159.83 2386.60
v -53310.91 -54230.75 2386.60
v -53310.91 -54230.75 2538.60
v -53323.31 -54159.83 2538.60
v -53449.09 -54415.98 2372.60
v -53547.59 -54433.19 2372.60
v -53547.59 -54433.19 2552.60
v -53449.09 -54415.98 2552.60
v -53446.68 -54429.77 2372.60
v -53545.18 -54446.98 2372.60
v -53545.18 -54446.98 2552.60
v -53446.68 -54429.77 2552.60
v -53462.88 -54418.39 2386.60
v -53533.80 -54430.78 2386.60
v -53533.80 -54430.78 2538.60
v -53462.88 -54418.39 2538.60
v -53460.47 -54432.18 2386.60
v -53531.39 -54444.57 2386.60
v -53531.39 -54444.57 2538.60
v -53460.47 -54432.18 2538.60
v -53780.07 -54473.82 2372.60
v -53878.58 -54491.04 2372.60
v -53878.58 -54491.04 2552.60
v -53780.07 -54473.82 2552.60
v -53777.66 -54487.61 2372.60
v -53876.17 -54504.83 2372.60
v -53876.17 -54504.83 2552.60
v -53777.66 -54487.61 2552.60
v -53793.86 -54476.23 2386.60
v -53864.79 -54488.63 2386.60
v -53864.79 -54488.63 2538.60
v -53793.86 -54476.23 2538.60
v -53791.45 -54490.02 2386.60
v -53862.38 -54502.42 2386.60
v -53862.38 -54502.42 2538.60
v -53791.45 -54490.02 2538.60
v -53604.73 -54443.18 2282.60
v -53722.94 -54463.84 2282.60
v -53722.94 -54463.84 2512.60
v -53604.73 -54443.18 2512.60
v -53601.29 -54462.88 2282.60
v -53719.49 -54483.54 2282.60
v -53719.49 -54483.54 2512.60
v -53601.29 -54462.88 2512.60
v -53622.46 -54446.28 2300.60
v -53705.21 -54460.74 2300.60
v -53705.21 -54460.74 2494.60
v -53622.46 -54446.28 2494.60
v -53619.02 -54465.98 2300.60
v -53701.76 -54480.44 2300.60
v -53701.76 -54480.44 2494.60
v -53619.02 -54465.98 2494.60
v -53585.03 -54439.73 2278.60
v -53742.64 -54467.28 2278.60
v -53738.16 -54492.89 2278.60
v -53580.55 -54465.35 2278.60
v -53585.03 -54439.73 2294.60
v -53742.64 -54467.28 2294.60
v -53738.16 -54492.89 2294.60
v -53580.55 -54465.35 2294.60
v -54055.18 -54375.05 2372.60
v -54072.40 -54276.54 2372.60
v -54072.40 -54276.54 2552.60
v -54055.18 -54375.05 2552.60
v -54068.98 -54377.46 2372.60
v -54086.19 -54278.95 2372.60
v -54086.19 -54278.95 2552.60
v -54068.98 -54377.46 2552.60
v -54057.60 -54361.26 2386.60
v -54069.99 -54290.33 2386.60
v -54069.99 -54290.33 2538.60
v -54057.60 -54361.26 2538.60
v -54071.39 -54363.67 2386.60
v -54083.78 -54292.74 2386.60
v -54083.78 -54292.74 2538.60
v -54071.39 -54363.67 2538.60
v -54109.82 -54062.45 2372.60
v -54127.04 -53963.94 2372.60
v -54127.04 -53963.94 2552.60
v -54109.82 -54062.45 2552.60
v -54123.61 -54064.86 2372.60
v -54140.83 -53966.36 2372.60
v -54140.83 -53966.36 2552.60
v -54123.61 -54064.86 2552.60
v -54112.23 -54048.66 2386.60
v -54124.62 -53977.74 2386.60
v -54124.62 -53977.74 2538.60
v -54112.23 -54048.66 2538.60
v -54126.02 -54051.07 2386.60
v -54138.42 -53980.15 2386.60
v -54138.42 -53980.15 2538.60
v -54126.02 -54051.07 2538.60
v -54164.45 -53749.86 2372.60
v -54181.67 -53651.35 2372.60
v -54181.67 -53651.35 2552.60
v -54164.45 -53749.86 2552.60
v -54178.24 -53752.27 2372.60
v -54195.46 -53653.76 2372.60
v -54195.46 -53653.76 2552.60
v -54178.24 -53752.27 2552.60
v -54166.86 -53736.07 2386.60
v -54179.26 -53665.14 2386.60
v -54179.26 -53665.14 2538.60
v -54166.86 -53736.07 2538.60
v -54180.65 -53738.48 2386.60
v -54193.05 -53667.55 2386.60
v -54193.05 -53667.55 2538.60
v -54180.65 -53738.48 2538.60
v -54213.52 -53503.97 2892.60
v -53468.81 -53373.81 2892.60
v -53290.44 -54394.34 2892.60
v -54035.16 -54524.50 2892.60
v -54213.52 -53503.97 2906.60
v -53468.81 -53373.81 2906.60
v -53290.44 -54394.34 2906.60
v -54035.16 -54524.50 2906.60
v -54199.63 -53513.72 2892.60
v -53478.56 -53387.70 2892.60
v -53304.33 -54384.58 2892.60
v -54025.40 -54510.61 2892.60
v -54199.63 -53513.72 2906.60
v -53478.56 -53387.70 2906.60
v -53304.33 -54384.58 2906.60
v -54025.40 -54510.61 2906.60
v -54225.09 -53495.84 2870.60
v -53460.68 -53362.24 2870.60
v -53278.87 -54402.47 2870.60
v -54043.28 -54536.07 2870.60
v -54225.09 -53495.84 2898.60
v -53460.68 -53362.24 2898.60
v -53278.87 -54402.47 2898.60
v -54043.28 -54536.07 2898.60
v -54199.63 -53513.72 2870.60
v -53478.56 -53387.70 2870.60
v -53304.33 -54384.58 2870.60
v -54025.40 -54510.61 2870.60
v -54199.63 -53513.72 2898.60
v -53478.56 -53387.70 2898.60
v -53304.33 -54384.58 2898.60
v -54025.40 -54510.61 2898.60
v -54218.15 -53500.71 2928.60
v -53465.56 -53369.18 2928.60
v -53285.82 -54397.59 2928.60
v -54038.41 -54529.13 2928.60
v -54218.15 -53500.71 2998.60
v -53465.56 -53369.18 2998.60
v -53285.82 -54397.59 2998.60
v -54038.41 -54529.13 2998.60
v -54157.97 -53542.99 2928.60
v -53507.83 -53429.36 2928.60
v -53345.99 -54355.32 2928.60
v -53996.14 -54468.95 2928.60
v -54157.97 -53542.99 2998.60
v -53507.83 -53429.36 2998.60
v -53345.99 -54355.32 2998.60
v -53996.14 -54468.95 2998.60
v -54185.86 -53592.53 2307.60
v -54199.63 -53513.72 2307.60
v -54209.48 -53515.44 2307.60
v -54195.71 -53594.25 2307.60
v -54185.86 -53592.53 2362.60
v -54199.63 -53513.72 2362.60
v -54209.48 -53515.44 2362.60
v -54195.71 -53594.25 2362.60
v -54199.63 -53513.72 2379.60
v -54144.47 -53504.08 2379.60
v -54146.19 -53494.23 2379.60
v -54201.35 -53503.87 2379.60
v -54199.63 -53513.72 2434.60
v -54144.47 -53504.08 2434.60
v -54146.19 -53494.23 2434.60
v -54201.35 -53503.87 2434.60
v -54185.86 -53592.53 2451.60
v -54199.63 -53513.72 2451.60
v -54209.48 -53515.44 2451.60
v -54195.71 -53594.25 2451.60
v -54185.86 -53592.53 2506.60
v -54199.63 -53513.72 2506.60
v -54209.48 -53515.44 2506.60
v -54195.71 -53594.25 2506.60
v -54199.63 -53513.72 2523.60
v -54144.47 -53504.08 2523.60
v -54146.19 -53494.23 2523.60
v -54201.35 -53503.87 2523.60
v -54199.63 -53513.72 2578.60
v -54144.47 -53504.08 2578.60
v -54146.19 -53494.23 2578.60
v -54201.35 -53503.87 2578.60
v -53318.10 -54305.78 2307.60
v -53304.33 -54384.58 2307.60
v -53294.48 -54382.86 2307.60
v -53308.25 -54304.06 2307.60
v -53318.10 -54305.78 2362.60
v -53304.33 -54384.58 2362.60
v -53294.48 -54382.86 2362.60
v -53308.25 -54304.06 2362.60
v -53304.33 -54384.58 2379.60
v -53359.49 -54394.23 2379.60
v -53357.77 -54404.08 2379.60
v -53302.61 -54394.44 2379.60
v -53304.33 -54384.58 2434.60
v -53359.49 -54394.23 2434.60
v -53357.77 -54404.08 2434.60
v -53302.61 -54394.44 2434.60
v -53318.10 -54305.78 2451.60
v -53304.33 -54384.58 2451.60
v -53294.48 -54382.86 2451.60
v -53308.25 -54304.06 2451.60
v -53318.10 -54305.78 2506.60
v -53304.33 -54384.58 2506.60
v -53294.48 -54382.86 2506.60
v -53308.25 -54304.06 2506.60
v -53304.33 -54384.58 2523.60
v -53359.49 -54394.23 2523.60
v -53357.77 -54404.08 2523.60
v -53302.61 -54394.44 2523.60
v -53304.33 -54384.58 2578.60
v -53359.49 -54394.23 2578.60
v -53357.77 -54404.08 2578.60
v -53302.61 -54394.44 2578.60
v -53557.37 -53401.47 2307.60
v -53478.56 -53387.70 2307.60
v -53480.28 -53377.85 2307.60
v -53559.09 -53391.62 2307.60
v -53557.37 -53401.47 2362.60
v -53478.56 -53387.70 2362.60
v -53480.28 -53377.85 2362.60
v -53559.09 -53391.62 2362.60
v -53478.56 -53387.70 2379.60
v -53468.92 -53442.86 2379.60
v -53459.07 -53441.14 2379.60
v -53468.71 -53385.97 2379.60
v -53478.56 -53387.70 2434.60
v -53468.92 -53442.86 2434.60
v -53459.07 -53441.14 2434.60
v -53468.71 -53385.97 2434.60
v -53557.37 -53401.47 2451.60
v -53478.56 -53387.70 2451.60
v -53480.28 -53377.85 2451.60
v -53559.09 -53391.62 2451.60
v -53557.37 -53401.47 2506.60
v -53478.56 -53387.70 2506.60
v -53480.28 -53377.85 2506.60
v -53559.09 -53391.62 2506.60
v -53478.56 -53387.70 2523.60
v -53468.92 -53442.86 2523.60
v -53459.07 -53441.14 2523.60
v -53468.71 -53385.97 2523.60
v -53478.56 -53387.70 2578.60
v -53468.92 -53442.86 2578.60
v -53459.07 -53441.14 2578.60
v -53468.71 -53385.97 2578.60
v -53946.60 -54496.84 2307.60
v -54025.40 -54510.61 2307.60
v -54023.68 -54520.46 2307.60
v -53944.87 -54506.69 2307.60
v -53946.60 -54496.84 2362.60
v -54025.40 -54510.61 2362.60
v -54023.68 -54520.46 2362.60
v -53944.87 -54506.69 2362.60
v -54025.40 -54510.61 2379.60
v -54035.04 -54455.45 2379.60
v -54044.89 -54457.17 2379.60
v -54035.25 -54512.33 2379.60
v -54025.40 -54510.61 2434.60
v -54035.04 -54455.45 2434.60
v -54044.89 -54457.17 2434.60
v -54035.25 -54512.33 2434.60
v -53946.60 -54496.84 2451.60
v -54025.40 -54510.61 2451.60
v -54023.68 -54520.46 2451.60
v -53944.87 -54506.69 2451.60
v -53946.60 -54496.84 2506.60
v -54025.40 -54510.61 2506.60
v -54023.68 -54520.46 2506.60
v -53944.87 -54506.69 2506.60
v -54025.40 -54510.61 2523.60
v -54035.04 -54455.45 2523.60
v -54044.89 -54457.17 2523.60
v -54035.25 -54512.33 2523.60
v -54025.40 -54510.61 2578.60
v -54035.04 -54455.45 2578.60
v -54044.89 -54457.17 2578.60
v -54035.25 -54512.33 2578.60
v -53569.98 -53949.15 2958.60
v -53588.14 -53992.99 2958.60
v -53631.98 -54011.15 2958.60
v -53675.82 -53992.99 2958.60
v -53693.98 -53949.15 2958.60
v -53675.82 -53905.31 2958.60
v -53631.98 -53887.15 2958.60
v -53588.14 -53905.31 2958.60
v -53569.98 -53949.15 3068.60
v -53588.14 -53992.99 3068.60
v -53631.98 -54011.15 3068.60
v -53675.82 -53992.99 3068.60
v -53693.98 -53949.15 3068.60
v -53675.82 -53905.31 3068.60
v -53631.98 -53887.15 3068.60
v -53588.14 -53905.31 3068.60
v -53697.98 -53883.15 2928.60
v -53565.98 -53883.15 2928.60
v -53565.98 -54015.15 2928.60
v -53697.98 -54015.15 2928.60
v -53697.98 -53883.15 2958.60
v -53565.98 -53883.15 2958.60
v -53565.98 -54015.15 2958.60
v -53697.98 -54015.15 2958.60
v -53957.42 -53839.07 2928.60
v -53770.22 -53909.48 2928.60
v -53826.55 -54059.24 2928.60
v -54013.74 -53988.83 2928.60
v -53957.42 -53839.07 3148.60
v -53770.22 -53909.48 3148.60
v -53826.55 -54059.24 3148.60
v -54013.74 -53988.83 3148.60
v -53963.13 -51399.04 2310.58
v -53950.23 -51794.83 2310.58
v -54939.70 -51827.08 2310.58
v -54952.60 -51431.29 2310.58
v -53963.13 -51399.04 3270.58
v -53950.23 -51794.83 3270.58
v -54939.70 -51827.08 3270.58
v -54952.60 -51431.29 3270.58
v -53946.31 -51546.57 2400.58
v -53943.06 -51646.51 2400.58
v -53943.06 -51646.51 2580.58
v -53946.31 -51546.57 2580.58
v -53932.32 -51546.11 2400.58
v -53929.06 -51646.06 2400.58
v -53929.06 -51646.06 2580.58
v -53932.32 -51546.11 2580.58
v -53945.86 -51560.56 2414.58
v -53943.51 -51632.52 2414.58
v -53943.51 -51632.52 2566.58
v -53945.86 -51560.56 2566.58
v -53931.87 -51560.10 2414.58
v -53929.52 -51632.07 2414.58
v -53929.52 -51632.07 2566.58
v -53931.87 -51560.10 2566.58
v -53946.31 -51546.57 2720.58
v -53943.06 -51646.51 2720.58
v -53943.06 -51646.51 2850.58
v -53943.87 -51621.53 2893.88
v -53945.50 -51571.55 2893.88
v -53946.31 -51546.57 2850.58
v -53932.32 -51546.11 2720.58
v -53929.06 -51646.06 2720.58
v -53929.06 -51646.06 2850.58
v -53929.88 -51621.07 2893.88
v -53931.51 -51571.10 2893.88
v -53932.32 -51546.11 2850.58
v -53945.86 -51560.56 2734.58
v -53943.51 -51632.52 2734.58
v -53943.51 -51632.52 2850.58
v -53944.10 -51614.53 2881.75
v -53945.27 -51578.55 2881.75
v -53945.86 -51560.56 2850.58
v -53931.87 -51560.10 2734.58
v -53929.52 -51632.07 2734.58
v -53929.52 -51632.07 2850.58
v -53930.11 -51614.08 2881.75
v -53931.28 -51578.09 2881.75
v -53931.87 -51560.10 2850.58
v -54080.77 -51811.09 2400.58
v -54180.72 -51814.35 2400.58
v -54180.72 -51814.35 2580.58
v -54080.77 -51811.09 2580.58
v -54080.31 -51825.08 2400.58
v -54180.26 -51828.34 2400.58
v -54180.26 -51828.34 2580.58
v -54080.31 -51825.08 2580.58
v -54094.76 -51811.54 2414.58
v -54166.72 -51813.89 2414.58
v -54166.72 -51813.89 2566.58
v -54094.76 -51811.54 2566.58
v -54094.31 -51825.54 2414.58
v -54166.27 -51827.88 2414.58
v -54166.27 -51827.88 2566.58
v -54094.31 -51825.54 2566.58
v -54080.77 -51811.09 2720.58
v -54180.72 -51814.35 2720.58
v -54180.72 -51814.35 2900.58
v -54080.77 -51811.09 2900.58
v -54080.31 -51825.08 2720.58
v -54180.26 -51828.34 2720.58
v -54180.26 -51828.34 2900.58
v -54080.31 -51825.08 2900.58
v -54094.76 -51811.54 2734.58
v -54166.72 -51813.89 2734.58
v -54166.72 -51813.89 2886.58
v -54094.76 -51811.54 2886.58
v -54094.31 -51825.54 2734.58
v -54166.27 -51827.88 2734.58
v -54166.27 -51827.88 2886.58
v -54094.31 -51825.54 2886.58
v -54394.60 -51821.32 2400.58
v -54494.55 -51824.57 2400.58
v -54494.55 -51824.57 2580.58
v -54394.60 -51821.32 2580.58
v -54394.15 -51835.31 2400.58
v -54494.09 -51838.57 2400.58
v -54494.09 -51838.57 2580.58
v -54394.15 -51835.31 2580.58
v -54408.59 -51821.77 2414.58
v -54480.56 -51824.12 2414.58
v -54480.56 -51824.12 2566.58
v -54408.59 -51821.77 2566.58
v -54408.14 -51835.77 2414.58
v -54480.10 -51838.11 2414.58
v -54480.10 -51838.11 2566.58
v -54408.14 -51835.77 2566.58
v -54394.60 -51821.32 2720.58
v -54494.55 -51824.57 2720.58
v -54494.55 -51824.57 2850.58
v -54469.56 -51823.76 2893.88
v -54419.59 -51822.13 2893.88
v -54394.60 -51821.32 2850.58
v -54394.15 -51835.31 2720.58
v -54494.09 -51838.57 2720.58
v -54494.09 -51838.57 2850.58
v -54469.11 -51837.75 2893.88
v -54419.13 -51836.12 2893.88
v -54394.15 -51835.31 2850.58
v -54408.59 -51821.77 2734.58
v -54480.56 -51824.12 2734.58
v -54480.56 -51824.12 2850.58
v -54462.57 -51823.53 2881.75
v -54426.59 -51822.36 2881.75
v -54408.59 -51821.77 2850.58
v -54408.14 -51835.77 2734.58
v -54480.10 -51838.11 2734.58
v -54480.10 -51838.11 2850.58
v -54462.11 -51837.52 2881.75
v -54426.13 -51836.35 2881.75
v -54408.14 -51835.77 2850.58
v -54708.44 -51831.55 2400.58
v -54808.38 -51834.80 2400.58
v -54808.38 -51834.80 2580.58
v -54708.44 -51831.55 2580.58
v -54707.98 -51845.54 2400.58
v -54807.93 -51848.80 2400.58
v -54807.93 -51848.80 2580.58
v -54707.98 -51845.54 2580.58
v -54722.43 -51832.00 2414.58
v -54794.39 -51834.35 2414.58
v -54794.39 -51834.35 2566.58
v -54722.43 -51832.00 2566.58
v -54721.97 -51845.99 2414.58
v -54793.93 -51848.34 2414.58
v -54793.93 -51848.34 2566.58
v -54721.97 -51845.99 2566.58
v -54708.44 -51831.55 2720.58
v -54808.38 -51834.80 2720.58
v -54808.38 -51834.80 2900.58
v -54708.44 -51831.55 2900.58
v -54707.98 -51845.54 2720.58
v -54807.93 -51848.80 2720.58
v -54807.93 -51848.80 2900.58
v -54707.98 -51845.54 2900.58
v -54722.43 -51832.00 2734.58
v -54794.39 -51834.35 2734.58
v -54794.39 -51834.35 2886.58
v -54722.43 -51832.00 2886.58
v -54721.97 -51845.99 2734.58
v -54793.93 -51848.34 2734.58
v -54793.93 -51848.34 2886.58
v -54721.97 -51845.99 2886.58
v -54956.52 -51679.55 2720.58
v -54959.78 -51579.60 2720.58
v -54959.78 -51579.60 2900.58
v -54956.52 -51679.55 2900.58
v -54970.51 -51680.00 2720.58
v -54973.77 -51580.05 2720.58
v -54973.77 -51580.05 2900.58
v -54970.51 -51680.00 2900.58
v -54956.97 -51665.55 2734.58
v -54959.32 -51593.59 2734.58
v -54959.32 -51593.59 2886.58
v -54956.97 -51665.55 2886.58
v -54970.97 -51666.01 2734.58
v -54973.31 -51594.05 2734.58
v -54973.31 -51594.05 2886.58
v -54970.97 -51666.01 2886.58
v -54956.19 -51689.54 2310.58
v -54960.10 -51569.60 2310.58
v -54960.10 -51569.60 2540.58
v -54956.19 -51689.54 2540.58
v -54976.18 -51690.19 2310.58
v -54980.09 -51570.26 2310.58
v -54980.09 -51570.26 2540.58
v -54976.18 -51690.19 2540.58
v -54956.78 -51671.55 2328.58
v -54959.52 -51587.59 2328.58
v -54959.52 -51587.59 2522.58
v -54956.78 -51671.55 2522.58
v -54976.77 -51672.20 2328.58
v -54979.50 -51588.25 2328.58
v -54979.50 -51588.25 2522.58
v -54976.77 -51672.20 2522.58
v -54955.54 -51709.53 2306.58
v -54960.75 -51549.61 2306.58
v -54986.74 -51550.46 2306.58
v -54981.53 -51710.38 2306.58
v -54955.54 -51709.53 2322.58
v -54960.75 -51549.61 2322.58
v -54986.74 -51550.46 2322.58
v -54981.53 -51710.38 2322.58
v -54822.06 -51415.03 2400.58
v -54722.12 -51411.77 2400.58
v -54722.12 -51411.77 2580.58
v -54822.06 -51415.03 2580.58
v -54822.52 -51401.03 2400.58
v -54722.57 -51397.78 2400.58
v -54722.57 -51397.78 2580.58
v -54822.52 -51401.03 2580.58
v -54808.07 -51414.57 2414.58
v -54736.11 -51412.22 2414.58
v -54736.11 -51412.22 2566.58
v -54808.07 -51414.57 2566.58
v -54808.53 -51400.58 2414.58
v -54736.57 -51398.23 2414.58
v -54736.57 -51398.23 2566.58
v -54808.53 -51400.58 2566.58
v -54822.06 -51415.03 2720.58
v -54722.12 -51411.77 2720.58
v -54722.12 -51411.77 2900.58
v -54822.06 -51415.03 2900.58
v -54822.52 -51401.03 2720.58
v -54722.57 -51397.78 2720.58
v -54722.57 -51397.78 2900.58
v -54822.52 -51401.03 2900.58
v -54808.07 -51414.57 2734.58
v -54736.11 -51412.22 2734.58
v -54736.11 -51412.22 2886.58
v -54808.07 -51414.57 2886.58
v -54808.53 -51400.58 2734.58
v -54736.57 -51398.23 2734.58
v -54736.57 -51398.23 2886.58
v -54808.53 -51400.58 2886.58
v -54508.23 -51404.80 2400.58
v -54408.28 -51401.54 2400.58
v -54408.28 -51401.54 2580.58
v -54508.23 -51404.80 2580.58
v -54508.69 -51390.80 2400.58
v -54408.74 -51387.55 2400.58
v -54408.74 -51387.55 2580.58
v -54508.69 -51390.80 2580.58
v -54494.24 -51404.34 2414.58
v -54422.28 -51402.00 2414.58
v -54422.28 -51402.00 2566.58
v -54494.24 -51404.34 2566.58
v -54494.69 -51390.35 2414.58
v -54422.73 -51388.00 2414.58
v -54422.73 -51388.00 2566.58
v -54494.69 -51390.35 2566.58
v -54508.23 -51404.80 2720.58
v -54408.28 -51401.54 2720.58
v -54408.28 -51401.54 2850.58
v -54433.27 -51402.35 2893.88
v -54483.24 -51403.98 2893.88
v -54508.23 -51404.80 2850.58
v -54508.69 -51390.80 2720.58
v -54408.74 -51387.55 2720.58
v -54408.74 -51387.55 2850.58
v -54433.73 -51388.36 2893.88
v -54483.70 -51389.99 2893.88
v -54508.69 -51390.80 2850.58
v -54494.24 -51404.34 2734.58
v -54422.28 -51402.00 2734.58
v -54422.28 -51402.00 2850.58
v -54440.27 -51402.58 2881.75
v -54476.25 -51403.75 2881.75
v -54494.24 -51404.34 2850.58
v -54494.69 -51390.35 2734.58
v -54422.73 -51388.00 2734.58
v -54422.73 -51388.00 2850.58
v -54440.72 -51388.59 2881.75
v -54476.70 -51389.76 2881.75
v -54494.69 -51390.35 2850.58
v -54194.40 -51394.57 2400.58
v -54094.45 -51391.31 2400.58
v -54094.45 -51391.31 2580.58
v -54194.40 -51394.57 2580.58
v -54194.85 -51380.58 2400.58
v -54094.91 -51377.32 2400.58
v -54094.91 -51377.32 2580.58
v -54194.85 -51380.58 2580.58
v -54180.40 -51394.11 2414.58
v -54108.44 -51391.77 2414.58
v -54108.44 -51391.77 2566.58
v -54180.40 -51394.11 2566.58
v -54180.86 -51380.12 2414.58
v -54108.90 -51377.77 2414.58
v -54108.90 -51377.77 2566.58
v -54180.86 -51380.12 2566.58
v -54194.40 -51394.57 2720.58
v -54094.45 -51391.31 2720.58
v -54094.45 -51391.31 2900.58
v -54194.40 -51394.57 2900.58
v -54194.85 -51380.58 2720.58
v -54094.91 -51377.32 2720.58
v -54094.91 -51377.32 2900.58
v -54194.85 -51380.58 2900.58
v -54180.40 -51394.11 2734.58
v -54108.44 -51391.77 2734.58
v -54108.44 -51391.77 2886.58
v -54180.40 -51394.11 2886.58
v -54180.86 -51380.12 2734.58
v -54108.90 -51377.77 2734.58
v -54108.90 -51377.77 2886.58
v -54180.86 -51380.12 2886.58
v -53945.72 -51380.46 3240.58
v -53931.65 -51812.23 3240.58
v -54957.11 -51845.65 3240.58
v -54971.18 -51413.88 3240.58
v -53945.72 -51380.46 3254.58
v -53931.65 -51812.23 3254.58
v -54957.11 -51845.65 3254.58
v -54971.18 -51413.88 3254.58
v -53957.33 -51392.84 3240.58
v -53944.04 -51800.63 3240.58
v -54945.51 -51833.27 3240.58
v -54958.80 -51425.49 3240.58
v -53957.33 -51392.84 3254.58
v -53944.04 -51800.63 3254.58
v -54945.51 -51833.27 3254.58
v -54958.80 -51425.49 3254.58
v -53936.06 -51370.14 3218.58
v -53921.33 -51821.90 3218.58
v -54966.78 -51855.97 3218.58
v -54981.50 -51404.21 3218.58
v -53936.06 -51370.14 3246.58
v -53921.33 -51821.90 3246.58
v -54966.78 -51855.97 3246.58
v -54981.50 -51404.21 3246.58
v -53957.33 -51392.84 3218.58
v -53944.04 -51800.63 3218.58
v -54945.51 -51833.27 3218.58
v -54958.80 -51425.49 3218.58
v -53957.33 -51392.84 3246.58
v -53944.04 -51800.63 3246.58
v -54945.51 -51833.27 3246.58
v -54958.80 -51425.49 3246.58
v -53941.86 -51376.33 3276.58
v -53927.52 -51816.10 3276.58
v -54960.98 -51849.78 3276.58
v -54975.31 -51410.01 3276.58
v -53941.86 -51376.33 3346.58
v -53927.52 -51816.10 3346.58
v -54960.98 -51849.78 3346.58
v -54975.31 -51410.01 3346.58
v -53992.14 -51430.00 3276.58
v -53981.19 -51765.82 3276.58
v -54910.70 -51796.12 3276.58
v -54921.64 -51460.29 3276.58
v -53992.14 -51430.00 3346.58
v -53981.19 -51765.82 3346.58
v -54910.70 -51796.12 3346.58
v -54921.64 -51460.29 3346.58
v -54037.29 -51395.45 2335.58
v -53957.33 -51392.84 2335.58
v -53957.65 -51382.85 2335.58
v -54037.61 -51385.46 2335.58
v -54037.29 -51395.45 2390.58
v -53957.33 -51392.84 2390.58
v -53957.65 -51382.85 2390.58
v -54037.61 -51385.46 2390.58
v -53957.33 -51392.84 2407.58
v -53955.50 -51448.81 2407.58
v -53945.51 -51448.49 2407.58
v -53947.33 -51392.52 2407.58
v -53957.33 -51392.84 2462.58
v -53955.50 -51448.81 2462.58
v -53945.51 -51448.49 2462.58
v -53947.33 -51392.52 2462.58
v -54037.29 -51395.45 2479.58
v -53957.33 -51392.84 2479.58
v -53957.65 -51382.85 2479.58
v -54037.61 -51385.46 2479.58
v -54037.29 -51395.45 2534.58
v -53957.33 -51392.84 2534.58
v -53957.65 -51382.85 2534.58
v -54037.61 -51385.46 2534.58
v -53957.33 -51392.84 2551.58
v -53955.50 -51448.81 2551.58
v -53945.51 -51448.49 2551.58
v -53947.33 -51392.52 2551.58
v -53957.33 -51392.84 2606.58
v -53955.50 -51448.81 2606.58
v -53945.51 -51448.49 2606.58
v -53947.33 -51392.52 2606.58
v -53946.64 -51720.67 2335.58
v -53944.04 -51800.63 2335.58
v -53934.04 -51800.30 2335.58
v -53936.65 -51720.34 2335.58
v -53946.64 -51720.67 2390.58
v -53944.04 -51800.63 2390.58
v -53934.04 -51800.30 2390.58
v -53936.65 -51720.34 2390.58
v -53944.04 -51800.63 2407.58
v -54000.01 -51802.45 2407.58
v -53999.68 -51812.45 2407.58
v -53943.71 -51810.62 2407.58
v -53944.04 -51800.63 2462.58
v -54000.01 -51802.45 2462.58
v -53999.68 -51812.45 2462.58
v -53943.71 -51810.62 2462.58
v -53946.64 -51720.67 2479.58
v -53944.04 -51800.63 2479.58
v -53934.04 -51800.30 2479.58
v -53936.65 -51720.34 2479.58
v -53946.64 -51720.67 2534.58
v -53944.04 -51800.63 2534.58
v -53934.04 -51800.30 2534.58
v -53936.65 -51720.34 2534.58
v -53944.04 -51800.63 2551.58
v -54000.01 -51802.45 2551.58
v -53999.68 -51812.45 2551.58
v -53943.71 -51810.62 2551.58
v -53944.04 -51800.63 2606.58
v -54000.01 -51802.45 2606.58
v -53999.68 -51812.45 2606.58
v -53943.71 -51810.62 2606.58
v -54865.55 -51830.66 2335.58
v -54945.51 -51833.27 2335.58
v -54945.18 -51843.26 2335.58
v -54865.22 -51840.66 2335.58
v -54865.55 -51830.66 2390.58
v -54945.51 -51833.27 2390.58
v -54945.18 -51843.26 2390.58
v -54865.22 -51840.66 2390.58
v -54945.51 -51833.27 2407.58
v -54947.33 -51777.30 2407.58
v -54957.32 -51777.62 2407.58
v -54955.50 -51833.59 2407.58
v -54945.51 -51833.27 2462.58
v -54947.33 -51777.30 2462.58
v -54957.32 -51777.62 2462.58
v -54955.50 -51833.59 2462.58
v -54865.55 -51830.66 2479.58
v -54945.51 -51833.27 2479.58
v -54945.18 -51843.26 2479.58
v -54865.22 -51840.66 2479.58
v -54865.55 -51830.66 2534.58
v -54945.51 -51833.27 2534.58
v -54945.18 -51843.26 2534.58
v -54865.22 -51840.66 2534.58
v -54945.51 -51833.27 2551.58
v -54947.33 -51777.30 2551.58
v -54957.32 -51777.62 2551.58
v -54955.50 -51833.59 2551.58
v -54945.51 -51833.27 2606.58
v -54947.33 -51777.30 2606.58
v -54957.32 -51777.62 2606.58
v -54955.50 -51833.59 2606.58
v -54956.19 -51505.44 2335.58
v -54958.80 -51425.49 2335.58
v -54968.79 -51425.81 2335.58
v -54966.18 -51505.77 2335.58
v -54956.19 -51505.44 2390.58
v -54958.80 -51425.49 2390.58
v -54968.79 -51425.81 2390.58
v -54966.18 -51505.77 2390.58
v -54958.80 -51425.49 2407.58
v -54902.83 -51423.66 2407.58
v -54903.15 -51413.67 2407.58
v -54959.12 -51415.49 2407.58
v -54958.80 -51425.49 2462.58
v -54902.83 -51423.66 2462.58
v -54903.15 -51413.67 2462.58
v -54959.12 -51415.49 2462.58
v -54956.19 -51505.44 2479.58
v -54958.80 -51425.49 2479.58
v -54968.79 -51425.81 2479.58
v -54966.18 -51505.77 2479.58
v -54956.19 -51505.44 2534.58
v -54958.80 -51425.49 2534.58
v -54968.79 -51425.81 2534.58
v -54966.18 -51505.77 2534.58
v -54958.80 -51425.49 2551.58
v -54902.83 -51423.66 2551.58
v -54903.15 -51413.67 2551.58
v -54959.12 -51415.49 2551.58
v -54958.80 -51425.49 2606.58
v -54902.83 -51423.66 2606.58
v -54903.15 -51413.67 2606.58
v -54959.12 -51415.49 2606.58
v -53314.14 -53394.04 2242.20
v -53176.37 -52284.56 2242.20
v -52170.10 -52409.51 2242.20
v -52307.87 -53518.99 2242.20
v -53314.14 -53394.04 2882.20
v -53176.37 -52284.56 2882.20
v -52170.10 -52409.51 2882.20
v -52307.87 -53518.99 2882.20
v -53307.27 -53241.39 2332.20
v -53294.95 -53142.15 2332.20
v -53294.95 -53142.15 2512.20
v -53307.27 -53241.39 2512.20
v -53321.17 -53239.66 2332.20
v -53308.85 -53140.42 2332.20
v -53308.85 -53140.42 2512.20
v -53321.17 -53239.66 2512.20
v -53305.55 -53227.49 2346.20
v -53296.68 -53156.04 2346.20
v -53296.68 -53156.04 2498.20
v -53305.55 -53227.49 2498.20
v -53319.44 -53225.77 2346.20
v -53310.57 -53154.32 2346.20
v -53310.57 -53154.32 2498.20
v -53319.44 -53225.77 2498.20
v -53263.32 -52887.44 2332.20
v -53251.00 -52788.20 2332.20
v -53251.00 -52788.20 2512.20
v -53263.32 -52887.44 2512.20
v -53277.22 -52885.71 2332.20
v -53264.89 -52786.47 2332.20
v -53264.89 -52786.47 2512.20
v -53277.22 -52885.71 2512.20
v -53261.60 -52873.54 2346.20
v -53252.73 -52802.09 2346.20
v -53252.73 -52802.09 2498.20
v -53261.60 -52873.54 2498.20
v -53275.49 -52871.82 2346.20
v -53266.62 -52800.37 2346.20
v -53266.62 -52800.37 2498.20
v -53275.49 -52871.82 2498.20
v -53219.37 -52533.49 2332.20
v -53207.05 -52434.25 2332.20
v -53207.05 -52434.25 2512.20
v -53219.37 -52533.49 2512.20
v -53233.27 -52531.76 2332.20
v -53220.94 -52432.53 2332.20
v -53220.94 -52432.53 2512.20
v -53233.27 -52531.76 2512.20
v -53217.65 -52519.60 2346.20
v -53208.78 -52448.14 2346.20
v -53208.78 -52448.14 2498.20
v -53217.65 -52519.60 2498.20
v -53231.54 -52517.87 2346.20
v -53222.67 -52446.42 2346.20
v -53222.67 -52446.42 2498.20
v -53231.54 -52517.87 2498.20
v -53040.92 -52289.28 2332.20
v -52941.68 -52301.61 2332.20
v -52941.68 -52301.61 2512.20
v -53040.92 -52289.28 2512.20
v -53039.20 -52275.39 2332.20
v -52939.96 -52287.71 2332.20
v -52939.96 -52287.71 2512.20
v -53039.20 -52275.39 2512.20
v -53027.03 -52291.01 2346.20
v -52955.58 -52299.88 2346.20
v -52955.58 -52299.88 2498.20
v -53027.03 -52291.01 2498.20
v -53025.30 -52277.12 2346.20
v -52953.85 -52285.99 2346.20
v -52953.85 -52285.99 2498.20
v -53025.30 -52277.12 2498.20
v -52721.38 -52328.96 2332.20
v -52622.14 -52341.29 2332.20
v -52622.14 -52341.29 2512.20
v -52721.38 -52328.96 2512.20
v -52719.65 -52315.07 2332.20
v -52620.41 -52327.39 2332.20
v -52620.41 -52327.39 2512.20
v -52719.65 -52315.07 2512.20
v -52707.48 -52330.69 2346.20
v -52636.03 -52339.56 2346.20
v -52636.03 -52339.56 2498.20
v -52707.48 -52330.69 2498.20
v -52705.76 -52316.80 2346.20
v -52634.31 -52325.67 2346.20
v -52634.31 -52325.67 2498.20
v -52705.76 -52316.80 2498.20
v -52401.83 -52368.64 2332.20
v -52302.59 -52380.96 2332.20
v -52302.59 -52380.96 2512.20
v -52401.83 -52368.64 2512.20
v -52400.10 -52354.75 2332.20
v -52300.87 -52367.07 2332.20
v -52300.87 -52367.07 2512.20
v -52400.10 -52354.75 2512.20
v -52387.94 -52370.37 2346.20
v -52316.48 -52379.24 2346.20
v -52316.48 -52379.24 2498.20
v -52387.94 -52370.37 2498.20
v -52386.21 -52356.47 2346.20
v -52314.76 -52365.35 2346.20
v -52314.76 -52365.35 2498.20
v -52386.21 -52356.47 2498.20
v -52176.96 -52562.16 2332.20
v -52189.28 -52661.40 2332.20
v -52189.28 -52661.40 2512.20
v -52176.96 -52562.16 2512.20
v -52163.07 -52563.89 2332.20
v -52175.39 -52663.12 2332.20
v -52175.39 -52663.12 2512.20
v -52163.07 -52563.89 2512.20
v -52178.69 -52576.05 2346.20
v -52187.56 -52647.50 2346.20
v -52187.56 -52647.50 2498.20
v -52178.69 -52576.05 2498.20
v -52164.79 -52577.78 2346.20
v -52173.67 -52649.23 2346.20
v -52173.67 -52649.23 2498.20
v -52164.79 -52577.78 2498.20
v -52264.86 -53270.06 2332.20
v -52277.19 -53369.29 2332.20
v -52277.19 -53369.29 2512.20
v -52264.86 -53270.06 2512.20
v -52250.97 -53271.78 2332.20
v -52263.29 -53371.02 2332.20
v -52263.29 -53371.02 2512.20
v -52250.97 -53271.78 2512.20
v -52266.59 -53283.95 2346.20
v -52275.46 -53355.40 2346.20
v -52275.46 -53355.40 2498.20
v -52266.59 -53283.95 2498.20
v -52252.69 -53285.68 2346.20
v -52261.57 -53357.13 2346.20
v -52261.57 -53357.13 2498.20
v -52252.69 -53285.68 2498.20
v -52219.68 -52906.18 2242.20
v -52234.47 -53025.27 2242.20
v -52234.47 -53025.27 2412.20
v -52230.77 -52995.50 2464.17
v -52223.38 -52935.96 2464.17
v -52219.68 -52906.18 2412.20
v -52199.83 -52908.65 2242.20
v -52214.62 -53027.73 2242.20
v -52214.62 -53027.73 2412.20
v -52210.92 -52997.96 2464.17
v -52203.53 -52938.42 2464.17
v -52199.83 -52908.65 2412.20
v -52221.90 -52924.05 2260.20
v -52232.25 -53007.41 2260.20
v -52232.25 -53007.41 2412.20
v -52229.66 -52986.57 2448.58
v -52224.49 -52944.89 2448.58
v -52221.90 -52924.05 2412.20
v -52202.05 -52926.51 2260.20
v -52212.40 -53009.87 2260.20
v -52212.40 -53009.87 2412.20
v -52209.81 -52989.03 2448.58
v -52204.64 -52947.35 2448.58
v -52202.05 -52926.51 2412.20
v -52217.22 -52886.34 2238.20
v -52236.93 -53045.12 2238.20
v -52211.13 -53048.32 2238.20
v -52191.41 -52889.54 2238.20
v -52217.22 -52886.34 2254.20
v -52236.93 -53045.12 2254.20
v -52211.13 -53048.32 2254.20
v -52191.41 -52889.54 2254.20
v -52443.32 -53514.26 2332.20
v -52542.55 -53501.94 2332.20
v -52542.55 -53501.94 2512.20
v -52443.32 -53514.26 2512.20
v -52445.04 -53528.15 2332.20
v -52544.28 -53515.83 2332.20
v -52544.28 -53515.83 2512.20
v -52445.04 -53528.15 2512.20
v -52457.21 -53512.54 2346.20
v -52528.66 -53503.66 2346.20
v -52528.66 -53503.66 2498.20
v -52457.21 -53512.54 2498.20
v -52458.93 -53526.43 2346.20
v -52530.38 -53517.56 2346.20
v -52530.38 -53517.56 2498.20
v -52458.93 -53526.43 2498.20
v -52762.86 -53474.58 2332.20
v -52862.10 -53462.26 2332.20
v -52862.10 -53462.26 2512.20
v -52762.86 -53474.58 2512.20
v -52764.59 -53488.48 2332.20
v -52863.82 -53476.15 2332.20
v -52863.82 -53476.15 2512.20
v -52764.59 -53488.48 2512.20
v -52776.75 -53472.86 2346.20
v -52848.21 -53463.99 2346.20
v -52848.21 -53463.99 2498.20
v -52776.75 -53472.86 2498.20
v -52778.48 -53486.75 2346.20
v -52849.93 -53477.88 2346.20
v -52849.93 -53477.88 2498.20
v -52778.48 -53486.75 2498.20
v -53082.41 -53434.90 2332.20
v -53181.64 -53422.58 2332.20
v -53181.64 -53422.58 2512.20
v -53082.41 -53434.90 2512.20
v -53084.13 -53448.80 2332.20
v -53183.37 -53436.47 2332.20
v -53183.37 -53436.47 2512.20
v -53084.13 -53448.80 2512.20
v -53096.30 -53433.18 2346.20
v -53167.75 -53424.31 2346.20
v -53167.75 -53424.31 2498.20
v -53096.30 -53433.18 2498.20
v -53098.03 -53447.07 2346.20
v -53169.48 -53438.20 2346.20
v -53169.48 -53438.20 2498.20
v -53098.03 -53447.07 2498.20
v -53334.22 -53409.68 2852.20
v -53192.02 -52264.48 2852.20
v -52150.02 -52393.86 2852.20
v -52292.22 -53539.07 2852.20
v -53334.22 -53409.68 2866.20
v -53192.02 -52264.48 2866.20
v -52150.02 -52393.86 2866.20
v -52292.22 -53539.07 2866.20
v -53320.83 -53399.25 2852.20
v -53181.59 -52277.86 2852.20
v -52163.41 -52404.29 2852.20
v -52302.65 -53525.68 2852.20
v -53320.83 -53399.25 2866.20
v -53181.59 -52277.86 2866.20
v -52163.41 -52404.29 2866.20
v -52302.65 -53525.68 2866.20
v -53345.37 -53418.37 2830.20
v -53200.71 -52253.32 2830.20
v -52138.86 -52385.17 2830.20
v -52283.53 -53550.23 2830.20
v -53345.37 -53418.37 2858.20
v -53200.71 -52253.32 2858.20
v -52138.86 -52385.17 2858.20
v -52283.53 -53550.23 2858.20
v -53320.83 -53399.25 2830.20
v -53181.59 -52277.86 2830.20
v -52163.41 -52404.29 2830.20
v -52302.65 -53525.68 2830.20
v -53320.83 -53399.25 2858.20
v -53181.59 -52277.86 2858.20
v -52163.41 -52404.29 2858.20
v -52302.65 -53525.68 2858.20
v -53338.68 -53413.16 2888.20
v -53195.49 -52260.01 2888.20
v -52145.56 -52390.39 2888.20
v -52288.74 -53543.53 2888.20
v -53338.68 -53413.16 2958.20
v -53195.49 -52260.01 2958.20
v -52145.56 -52390.39 2958.20
v -52288.74 -53543.53 2958.20
v -53280.67 -53367.96 2888.20
v -53150.30 -52318.03 2888.20
v -52203.57 -52435.58 2888.20
v -52333.94 -53485.52 2888.20
v -53280.67 -53367.96 2958.20
v -53150.30 -52318.03 2958.20
v -52203.57 -52435.58 2958.20
v -52333.94 -53485.52 2958.20
v -53191.44 -52357.25 2267.20
v -53181.59 -52277.86 2267.20
v -53191.51 -52276.63 2267.20
v -53201.37 -52356.02 2267.20
v -53191.44 -52357.25 2322.20
v -53181.59 -52277.86 2322.20
v -53191.51 -52276.63 2322.20
v -53201.37 -52356.02 2322.20
v -53181.59 -52277.86 2339.20
v -53126.01 -52284.76 2339.20
v -53124.78 -52274.84 2339.20
v -53180.35 -52267.94 2339.20
v -53181.59 -52277.86 2394.20
v -53126.01 -52284.76 2394.20
v -53124.78 -52274.84 2394.20
v -53180.35 -52267.94 2394.20
v -53191.44 -52357.25 2411.20
v -53181.59 -52277.86 2411.20
v -53191.51 -52276.63 2411.20
v -53201.37 -52356.02 2411.20
v -53191.44 -52357.25 2466.20
v -53181.59 -52277.86 2466.20
v -53191.51 -52276.63 2466.20
v -53201.37 -52356.02 2466.20
v -53181.59 -52277.86 2483.20
v -53126.01 -52284.76 2483.20
v -53124.78 -52274.84 2483.20
v -53180.35 -52267.94 2483.20
v -53181.59 -52277.86 2538.20
v -53126.01 -52284.76 2538.20
v -53124.78 -52274.84 2538.20
v -53180.35 -52267.94 2538.20
v -52292.79 -53446.29 2267.20
v -52302.65 -53525.68 2267.20
v -52292.73 -53526.91 2267.20
v -52282.87 -53447.52 2267.20
v -52292.79 -53446.29 2322.20
v -52302.65 -53525.68 2322.20
v -52292.73 -53526.91 2322.20
v -52282.87 -53447.52 2322.20
v -52302.65 -53525.68 2339.20
v -52358.22 -53518.78 2339.20
v -52359.46 -53528.71 2339.20
v -52303.88 -53535.61 2339.20
v -52302.65 -53525.68 2394.20
v -52358.22 -53518.78 2394.20
v -52359.46 -53528.71 2394.20
v -52303.88 -53535.61 2394.20
v -52292.79 -53446.29 2411.20
v -52302.65 -53525.68 2411.20
v -52292.73 -53526.91 2411.20
v -52282.87 -53447.52 2411.20
v -52292.79 -53446.29 2466.20
v -52302.65 -53525.68 2466.20
v -52292.73 -53526.91 2466.20
v -52282.87 -53447.52 2466.20
v -52302.65 -53525.68 2483.20
v -52358.22 -53518.78 2483.20
v -52359.46 -53528.71 2483.20
v -52303.88 -53535.61 2483.20
v -52302.65 -53525.68 2538.20
v -52358.22 -53518.78 2538.20
v -52359.46 -53528.71 2538.20
v -52303.88 -53535.61 2538.20
v -53241.44 -53409.11 2267.20
v -53320.83 -53399.25 2267.20
v -53322.06 -53409.18 2267.20
v -53242.67 -53419.03 2267.20
v -53241.44 -53409.11 2322.20
v -53320.83 -53399.25 2322.20
v -53322.06 -53409.18 2322.20
v -53242.67 -53419.03 2322.20
v -53320.83 -53399.25 2339.20
v -53313.93 -53343.68 2339.20
v -53323.85 -53342.45 2339.20
v -53330.75 -53398.02 2339.20
v -53320.83 -53399.25 2394.20
v -53313.93 -53343.68 2394.20
v -53323.85 -53342.45 2394.20
v -53330.75 -53398.02 2394.20
v -53241.44 -53409.11 2411.20
v -53320.83 -53399.25 2411.20
v -53322.06 -53409.18 2411.20
v -53242.67 -53419.03 2411.20
v -53241.44 -53409.11 2466.20
v -53320.83 -53399.25 2466.20
v -53322.06 -53409.18 2466.20
v -53242.67 -53419.03 2466.20
v -53320.83 -53399.25 2483.20
v -53313.93 -53343.68 2483.20
v -53323.85 -53342.45 2483.20
v -53330.75 -53398.02 2483.20
v -53320.83 -53399.25 2538.20
v -53313.93 -53343.68 2538.20
v -53323.85 -53342.45 2538.20
v -53330.75 -53398.02 2538.20
v -52242.80 -52394.44 2267.20
v -52163.41 -52404.29 2267.20
v -52162.17 -52394.37 2267.20
v -52241.56 -52384.51 2267.20
v -52242.80 -52394.44 2322.20
v -52163.41 -52404.29 2322.20
v -52162.17 -52394.37 2322.20
v -52241.56 -52384.51 2322.20
v -52163.41 -52404.29 2339.20
v -52170.31 -52459.87 2339.20
v -52160.38 -52461.10 2339.20
v -52153.48 -52405.53 2339.20
v -52163.41 -52404.29 2394.20
v -52170.31 -52459.87 2394.20
v -52160.38 -52461.10 2394.20
v -52153.48 -52405.53 2394.20
v -52242.80 -52394.44 2411.20
v -52163.41 -52404.29 2411.20
v -52162.17 -52394.37 2411.20
v -52241.56 -52384.51 2411.20
v -52242.80 -52394.44 2466.20
v -52163.41 -52404.29 2466.20
v -52162.17 -52394.37 2466.20
v -52241.56 -52384.51 2466.20
v -52163.41 -52404.29 2483.20
v -52170.31 -52459.87 2483.20
v -52160.38 -52461.10 2483.20
v -52153.48 -52405.53 2483.20
v -52163.41 -52404.29 2538.20
v -52170.31 -52459.87 2538.20
v -52160.38 -52461.10 2538.20
v -52153.48 -52405.53 2538.20
v -52560.12 -52901.77 2918.20
v -52578.28 -52945.61 2918.20
v -52622.12 -52963.77 2918.20
v -52665.96 -52945.61 2918.20
v -52684.12 -52901.77 2918.20
v -52665.96 -52857.93 2918.20
v -52622.12 -52839.77 2918.20
v -52578.28 -52857.93 2918.20
v -52560.12 -52901.77 3028.20
v -52578.28 -52945.61 3028.20
v -52622.12 -52963.77 3028.20
v -52665.96 -52945.61 3028.20
v -52684.12 -52901.77 3028.20
v -52665.96 -52857.93 3028.20
v -52622.12 -52839.77 3028.20
v -52578.28 -52857.93 3028.20
v -52688.12 -52835.77 2888.20
v -52556.12 -52835.77 2888.20
v -52556.12 -52967.77 2888.20
v -52688.12 -52967.77 2888.20
v -52688.12 -52835.77 2918.20
v -52556.12 -52835.77 2918.20
v -52556.12 -52967.77 2918.20
v -52688.12 -52967.77 2918.20
v -52163.79 -53554.77 2201.13
v -51981.42 -52086.05 2201.13
v -51266.91 -52174.77 2201.13
v -51449.28 -53643.49 2201.13
v -52163.79 -53554.77 3161.13
v -51981.42 -52086.05 3161.13
v -51266.91 -52174.77 3161.13
v -51449.28 -53643.49 3161.13
v -52156.85 -53401.46 2291.13
v -52144.53 -53302.22 2291.13
v -52144.53 -53302.22 2471.13
v -52156.85 -53401.46 2471.13
v -52170.74 -53399.73 2291.13
v -52158.42 -53300.50 2291.13
v -52158.42 -53300.50 2471.13
v -52170.74 -53399.73 2471.13
v -52155.12 -53387.57 2305.13
v -52146.25 -53316.11 2305.13
v -52146.25 -53316.11 2457.13
v -52155.12 -53387.57 2457.13
v -52169.02 -53385.84 2305.13
v -52160.15 -53314.39 2305.13
v -52160.15 -53314.39 2457.13
v -52169.02 -53385.84 2457.13
v -52156.85 -53401.46 2611.13
v -52144.53 -53302.22 2611.13
v -52144.53 -53302.22 2741.13
v -52147.61 -53327.03 2784.43
v -52153.77 -53376.65 2784.43
v -52156.85 -53401.46 2741.13
v -52170.74 -53399.73 2611.13
v -52158.42 -53300.50 2611.13
v -52158.42 -53300.50 2741.13
v -52161.50 -53325.31 2784.43
v -52167.66 -53374.92 2784.43
v -52170.74 -53399.73 2741.13
v -52155.12 -53387.57 2625.13
v -52146.25 -53316.11 2625.13
v -52146.25 -53316.11 2741.13
v -52148.47 -53333.98 2772.31
v -52152.91 -53369.70 2772.31
v -52155.12 -53387.57 2741.13
v -52169.02 -53385.84 2625.13
v -52160.15 -53314.39 2625.13
v -52160.15 -53314.39 2741.13
v -52162.36 -53332.25 2772.31
v -52166.80 -53367.98 2772.31
v -52169.02 -53385.84 2741.13
v -52112.73 -53046.19 2291.13
v -52100.41 -52946.95 2291.13
v -52100.41 -52946.95 2471.13
v -52112.73 -53046.19 2471.13
v -52126.63 -53044.46 2291.13
v -52114.31 -52945.22 2291.13
v -52114.31 -52945.22 2471.13
v -52126.63 -53044.46 2471.13
v -52111.01 -53032.29 2305.13
v -52102.14 -52960.84 2305.13
v -52102.14 -52960.84 2457.13
v -52111.01 -53032.29 2457.13
v -52124.90 -53030.57 2305.13
v -52116.03 -52959.12 2305.13
v -52116.03 -52959.12 2457.13
v -52124.90 -53030.57 2457.13
v -52112.73 -53046.19 2611.13
v -52100.41 -52946.95 2611.13
v -52100.41 -52946.95 2791.13
v -52112.73 -53046.19 2791.13
v -52126.63 -53044.46 2611.13
v -52114.31 -52945.22 2611.13
v -52114.31 -52945.22 2791.13
v -52126.63 -53044.46 2791.13
v -52111.01 -53032.29 2625.13
v -52102.14 -52960.84 2625.13
v -52102.14 -52960.84 2777.13
v -52111.01 -53032.29 2777.13
v -52124.90 -53030.57 2625.13
v -52116.03 -52959.12 2625.13
v -52116.03 -52959.12 2777.13
v -52124.90 -53030.57 2777.13
v -52068.62 -52690.92 2291.13
v -52056.30 -52591.68 2291.13
v -52056.30 -52591.68 2471.13
v -52068.62 -52690.92 2471.13
v -52082.51 -52689.19 2291.13
v -52070.19 -52589.95 2291.13
v -52070.19 -52589.95 2471.13
v -52082.51 -52689.19 2471.13
v -52066.89 -52677.02 2305.13
v -52058.02 -52605.57 2305.13
v -52058.02 -52605.57 2457.13
v -52066.89 -52677.02 2457.13
v -52080.79 -52675.30 2305.13
v -52071.92 -52603.85 2305.13
v -52071.92 -52603.85 2457.13
v -52080.79 -52675.30 2457.13
v -52068.62 -52690.92 2611.13
v -52056.30 -52591.68 2611.13
v -52056.30 -52591.68 2791.13
v -52068.62 -52690.92 2791.13
v -52082.51 -52689.19 2611.13
v -52070.19 -52589.95 2611.13
v -52070.19 -52589.95 2791.13
v -52082.51 -52689.19 2791.13
v -52066.89 -52677.02 2625.13
v -52058.02 -52605.57 2625.13
v -52058.02 -52605.57 2777.13
v -52066.89 -52677.02 2777.13
v -52080.79 -52675.30 2625.13
v -52071.92 -52603.85 2625.13
v -52071.92 -52603.85 2777.13
v -52080.79 -52675.30 2777.13
v -52024.50 -52335.64 2291.13
v -52012.18 -52236.41 2291.13
v -52012.18 -52236.41 2471.13
v -52024.50 -52335.64 2471.13
v -52038.40 -52333.92 2291.13
v -52026.08 -52234.68 2291.13
v -52026.08 -52234.68 2471.13
v -52038.40 -52333.92 2471.13
v -52022.78 -52321.75 2305.13
v -52013.91 -52250.30 2305.13
v -52013.91 -52250.30 2457.13
v -52022.78 -52321.75 2457.13
v -52036.67 -52320.03 2305.13
v -52027.80 -52248.58 2305.13
v -52027.80 -52248.58 2457.13
v -52036.67 -52320.03 2457.13
v -52024.50 -52335.64 2611.13
v -52012.18 -52236.41 2611.13
v -52012.18 -52236.41 2741.13
v -52015.26 -52261.22 2784.43
v -52021.42 -52310.84 2784.43
v -52024.50 -52335.64 2741.13
v -52038.40 -52333.92 2611.13
v -52026.08 -52234.68 2611.13
v -52026.08 -52234.68 2741.13
v -52029.16 -52259.49 2784.43
v -52035.32 -52309.11 2784.43
v -52038.40 -52333.92 2741.13
v -52022.78 -52321.75 2625.13
v -52013.91 -52250.30 2625.13
v -52013.91 -52250.30 2741.13
v -52016.13 -52268.16 2772.31
v -52020.56 -52303.89 2772.31
v -52022.78 -52321.75 2741.13
v -52036.67 -52320.03 2625.13
v -52027.80 -52248.58 2625.13
v -52027.80 -52248.58 2741.13
v -52030.02 -52266.44 2772.31
v -52034.45 -52302.16 2772.31
v -52036.67 -52320.03 2741.13
v -51839.02 -52091.64 2291.13
v -51739.79 -52103.96 2291.13
v -51739.79 -52103.96 2471.13
v -51839.02 -52091.64 2471.13
v -51837.30 -52077.75 2291.13
v -51738.06 -52090.07 2291.13
v -51738.06 -52090.07 2471.13
v -51837.30 -52077.75 2471.13
v -51825.13 -52093.37 2305.13
v -51753.68 -52102.24 2305.13
v -51753.68 -52102.24 2457.13
v -51825.13 -52093.37 2457.13
v -51823.41 -52079.47 2305.13
v -51751.95 -52088.35 2305.13
v -51751.95 -52088.35 2457.13
v -51823.41 -52079.47 2457.13
v -51839.02 -52091.64 2611.13
v -51739.79 -52103.96 2611.13
v -51739.79 -52103.96 2791.13
v -51839.02 -52091.64 2791.13
v -51837.30 -52077.75 2611.13
v -51738.06 -52090.07 2611.13
v -51738.06 -52090.07 2791.13
v -51837.30 -52077.75 2791.13
v -51825.13 -52093.37 2625.13
v -51753.68 -52102.24 2625.13
v -51753.68 -52102.24 2777.13
v -51825.13 -52093.37 2777.13
v -51823.41 -52079.47 2625.13
v -51751.95 -52088.35 2625.13
v -51751.95 -52088.35 2777.13
v -51823.41 -52079.47 2777.13
v -51505.58 -52133.05 2291.13
v -51406.35 -52145.37 2291.13
v -51406.35 -52145.37 2471.13
v -51505.58 -52133.05 2471.13
v -51503.86 -52119.15 2291.13
v -51404.62 -52131.47 2291.13
v -51404.62 -52131.47 2471.13
v -51503.86 -52119.15 2471.13
v -51491.69 -52134.77 2305.13
v -51420.24 -52143.64 2305.13
v -51420.24 -52143.64 2457.13
v -51491.69 -52134.77 2457.13
v -51489.97 -52120.88 2305.13
v -51418.51 -52129.75 2305.13
v -51418.51 -52129.75 2457.13
v -51489.97 -52120.88 2457.13
v -51505.58 -52133.05 2611.13
v -51406.35 -52145.37 2611.13
v -51406.35 -52145.37 2741.13
v -51431.16 -52142.29 2784.43
v -51480.77 -52136.13 2784.43
v -51505.58 -52133.05 2741.13
v -51503.86 -52119.15 2611.13
v -51404.62 -52131.47 2611.13
v -51404.62 -52131.47 2741.13
v -51429.43 -52128.39 2784.43
v -51479.05 -52122.23 2784.43
v -51503.86 -52119.15 2741.13
v -51491.69 -52134.77 2625.13
v -51420.24 -52143.64 2625.13
v -51420.24 -52143.64 2741.13
v -51438.10 -52141.42 2772.31
v -51473.83 -52136.99 2772.31
v -51491.69 -52134.77 2741.13
v -51489.97 -52120.88 2625.13
v -51418.51 -52129.75 2625.13
v -51418.51 -52129.75 2741.13
v -51436.38 -52127.53 2772.31
v -51472.10 -52123.10 2772.31
v -51489.97 -52120.88 2741.13
v -51273.85 -52328.09 2291.13
v -51286.17 -52427.32 2291.13
v -51286.17 -52427.32 2471.13
v -51273.85 -52328.09 2471.13
v -51259.96 -52329.81 2291.13
v -51272.28 -52429.05 2291.13
v -51272.28 -52429.05 2471.13
v -51259.96 -52329.81 2471.13
v -51275.58 -52341.98 2305.13
v -51284.45 -52413.43 2305.13
v -51284.45 -52413.43 2457.13
v -51275.58 -52341.98 2457.13
v -51261.68 -52343.71 2305.13
v -51270.56 -52415.16 2305.13
v -51270.56 -52415.16 2457.13
v -51261.68 -52343.71 2457.13
v -51273.85 -52328.09 2611.13
v -51286.17 -52427.32 2611.13
v -51286.17 -52427.32 2791.13
v -51273.85 -52328.09 2791.13
v -51259.96 -52329.81 2611.13
v -51272.28 -52429.05 2611.13
v -51272.28 -52429.05 2791.13
v -51259.96 -52329.81 2791.13
v -51275.58 -52341.98 2625.13
v -51284.45 -52413.43 2625.13
v -51284.45 -52413.43 2777.13
v -51275.58 -52341.98 2777.13
v -51261.68 -52343.71 2625.13
v -51270.56 -52415.16 2625.13
v -51270.56 -52415.16 2777.13
v -51261.68 -52343.71 2777.13
v -51317.97 -52683.36 2291.13
v -51330.29 -52782.60 2291.13
v -51330.29 -52782.60 2471.13
v -51317.97 -52683.36 2471.13
v -51304.07 -52685.08 2291.13
v -51316.40 -52784.32 2291.13
v -51316.40 -52784.32 2471.13
v -51304.07 -52685.08 2471.13
v -51319.69 -52697.25 2305.13
v -51328.56 -52768.70 2305.13
v -51328.56 -52768.70 2457.13
v -51319.69 -52697.25 2457.13
v -51305.80 -52698.98 2305.13
v -51314.67 -52770.43 2305.13
v -51314.67 -52770.43 2457.13
v -51305.80 -52698.98 2457.13
v -51317.97 -52683.36 2611.13
v -51330.29 -52782.60 2611.13
v -51330.29 -52782.60 2791.13
v -51317.97 -52683.36 2791.13
v -51304.07 -52685.08 2611.13
v -51316.40 -52784.32 2611.13
v -51316.40 -52784.32 2791.13
v -51304.07 -52685.08 2791.13
v -51319.69 -52697.25 2625.13
v -51328.56 -52768.70 2625.13
v -51328.56 -52768.70 2777.13
v -51319.69 -52697.25 2777.13
v -51305.80 -52698.98 2625.13
v -51314.67 -52770.43 2625.13
v -51314.67 -52770.43 2777.13
v -51305.80 -52698.98 2777.13
v -51362.08 -53038.63 2291.13
v -51374.40 -53137.87 2291.13
v -51374.40 -53137.87 2471.13
v -51362.08 -53038.63 2471.13
v -51348.19 -53040.36 2291.13
v -51360.51 -53139.59 2291.13
v -51360.51 -53139.59 2471.13
v -51348.19 -53040.36 2471.13
v -51363.81 -53052.52 2305.13
v -51372.68 -53123.97 2305.13
v -51372.68 -53123.97 2457.13
v -51363.81 -53052.52 2457.13
v -51349.91 -53054.25 2305.13
v -51358.79 -53125.70 2305.13
v -51358.79 -53125.70 2457.13
v -51349.91 -53054.25 2457.13
v -51362.08 -53038.63 2611.13
v -51374.40 -53137.87 2611.13
v -51374.40 -53137.87 2791.13
v -51362.08 -53038.63 2791.13
v -51348.19 -53040.36 2611.13
v -51360.51 -53139.59 2611.13
v -51360.51 -53139.59 2791.13
v -51348.19 -53040.36 2791.13
v -51363.81 -53052.52 2625.13
v -51372.68 -53123.97 2625.13
v -51372.68 -53123.97 2777.13
v -51363.81 -53052.52 2777.13
v -51349.91 -53054.25 2625.13
v -51358.79 -53125.70 2625.13
v -51358.79 -53125.70 2777.13
v -51349.91 -53054.25 2777.13
v -51406.20 -53393.90 2291.13
v -51418.52 -53493.14 2291.13
v -51418.52 -53493.14 2471.13
v -51406.20 -53393.90 2471.13
v -51392.30 -53395.63 2291.13
v -51404.63 -53494.86 2291.13
v -51404.63 -53494.86 2471.13
v -51392.30 -53395.63 2471.13
v -51407.92 -53407.80 2305.13
v -51416.79 -53479.25 2305.13
v -51416.79 -53479.25 2457.13
v -51407.92 -53407.80 2457.13
v -51394.03 -53409.52 2305.13
v -51402.90 -53480.97 2305.13
v -51402.90 -53480.97 2457.13
v -51394.03 -53409.52 2457.13
v -51406.20 -53393.90 2611.13
v -51418.52 -53493.14 2611.13
v -51418.52 -53493.14 2791.13
v -51406.20 -53393.90 2791.13
v -51392.30 -53395.63 2611.13
v -51404.63 -53494.86 2611.13
v -51404.63 -53494.86 2791.13
v -51392.30 -53395.63 2791.13
v -51407.92 -53407.80 2625.13
v -51416.79 -53479.25 2625.13
v -51416.79 -53479.25 2777.13
v -51407.92 -53407.80 2777.13
v -51394.03 -53409.52 2625.13
v -51402.90 -53480.97 2625.13
v -51402.90 -53480.97 2777.13
v -51394.03 -53409.52 2777.13
v -51338.79 -52851.07 2201.13
v -51353.58 -52970.16 2201.13
v -51353.58 -52970.16 2371.13
v -51349.88 -52940.38 2423.09
v -51342.49 -52880.84 2423.09
v -51338.79 -52851.07 2371.13
v -51318.94 -52853.54 2201.13
v -51333.73 -52972.62 2201.13
v -51333.73 -52972.62 2371.13
v -51330.04 -52942.85 2423.09
v -51322.64 -52883.31 2423.09
v -51318.94 -52853.54 2371.13
v -51341.01 -52868.93 2219.13
v -51351.36 -52952.29 2219.13
v -51351.36 -52952.29 2371.13
v -51348.77 -52931.45 2407.51
v -51343.60 -52889.77 2407.51
v -51341.01 -52868.93 2371.13
v -51321.16 -52871.40 2219.13
v -51331.51 -52954.76 2219.13
v -51331.51 -52954.76 2371.13
v -51328.93 -52933.92 2407.51
v -51323.75 -52892.24 2407.51
v -51321.16 -52871.40 2371.13
v -51336.33 -52831.22 2197.13
v -51356.04 -52990.00 2197.13
v -51330.24 -52993.21 2197.13
v -51310.53 -52834.43 2197.13
v -51336.33 -52831.22 2213.13
v -51356.04 -52990.00 2213.13
v -51330.24 -52993.21 2213.13
v -51310.53 -52834.43 2213.13
v -51591.68 -53637.91 2291.13
v -51690.92 -53625.58 2291.13
v -51690.92 -53625.58 2471.13
v -51591.68 -53637.91 2471.13
v -51593.40 -53651.80 2291.13
v -51692.64 -53639.48 2291.13
v -51692.64 -53639.48 2471.13
v -51593.40 -53651.80 2471.13
v -51605.57 -53636.18 2305.13
v -51677.02 -53627.31 2305.13
v -51677.02 -53627.31 2457.13
v -51605.57 -53636.18 2457.13
v -51607.30 -53650.07 2305.13
v -51678.75 -53641.20 2305.13
v -51678.75 -53641.20 2457.13
v -51607.30 -53650.07 2457.13
v -51591.68 -53637.91 2611.13
v -51690.92 -53625.58 2611.13
v -51690.92 -53625.58 2791.13
v -51591.68 -53637.91 2791.13
v -51593.40 -53651.80 2611.13
v -51692.64 -53639.48 2611.13
v -51692.64 -53639.48 2791.13
v -51593.40 -53651.80 2791.13
v -51605.57 -53636.18 2625.13
v -51677.02 -53627.31 2625.13
v -51677.02 -53627.31 2777.13
v -51605.57 -53636.18 2777.13
v -51607.30 -53650.07 2625.13
v -51678.75 -53641.20 2625.13
v -51678.75 -53641.20 2777.13
v -51607.30 -53650.07 2777.13
v -51925.12 -53596.50 2291.13
v -52024.36 -53584.18 2291.13
v -52024.36 -53584.18 2471.13
v -51925.12 -53596.50 2471.13
v -51926.84 -53610.39 2291.13
v -52026.08 -53598.07 2291.13
v -52026.08 -53598.07 2471.13
v -51926.84 -53610.39 2471.13
v -51939.01 -53594.78 2305.13
v -52010.46 -53585.90 2305.13
v -52010.46 -53585.90 2457.13
v -51939.01 -53594.78 2457.13
v -51940.74 -53608.67 2305.13
v -52012.19 -53599.80 2305.13
v -52012.19 -53599.80 2457.13
v -51940.74 -53608.67 2457.13
v -51925.12 -53596.50 2611.13
v -52024.36 -53584.18 2611.13
v -52024.36 -53584.18 2741.13
v -51999.55 -53587.26 2784.43
v -51949.93 -53593.42 2784.43
v -51925.12 -53596.50 2741.13
v -51926.84 -53610.39 2611.13
v -52026.08 -53598.07 2611.13
v -52026.08 -53598.07 2741.13
v -52001.27 -53601.15 2784.43
v -51951.65 -53607.31 2784.43
v -51926.84 -53610.39 2741.13
v -51939.01 -53594.78 2625.13
v -52010.46 -53585.90 2625.13
v -52010.46 -53585.90 2741.13
v -51992.60 -53588.12 2772.31
v -51956.87 -53592.56 2772.31
v -51939.01 -53594.78 2741.13
v -51940.74 -53608.67 2625.13
v -52012.19 -53599.80 2625.13
v -52012.19 -53599.80 2741.13
v -51994.32 -53602.02 2772.31
v -51958.60 -53606.45 2772.31
v -51940.74 -53608.67 2741.13
v -52183.88 -53570.42 3131.13
v -51997.06 -52065.97 3131.13
v -51246.83 -52159.13 3131.13
v -51433.64 -53663.58 3131.13
v -52183.88 -53570.42 3145.13
v -51997.06 -52065.97 3145.13
v -51246.83 -52159.13 3145.13
v -51433.64 -53663.58 3145.13
v -52170.49 -53559.99 3131.13
v -51986.63 -52079.36 3131.13
v -51260.21 -52169.56 3131.13
v -51444.07 -53650.19 3131.13
v -52170.49 -53559.99 3145.13
v -51986.63 -52079.36 3145.13
v -51260.21 -52169.56 3145.13
v -51444.07 -53650.19 3145.13
v -52195.03 -53579.11 3109.13
v -52005.76 -52054.81 3109.13
v -51235.67 -52150.44 3109.13
v -51424.95 -53674.73 3109.13
v -52195.03 -53579.11 3137.13
v -52005.76 -52054.81 3137.13
v -51235.67 -52150.44 3137.13
v -51424.95 -53674.73 3137.13
v -52170.49 -53559.99 3109.13
v -51986.63 -52079.36 3109.13
v -51260.21 -52169.56 3109.13
v -51444.07 -53650.19 3109.13
v -52170.49 -53559.99 3137.13
v -51986.63 -52079.36 3137.13
v -51260.21 -52169.56 3137.13
v -51444.07 -53650.19 3137.13
v -52188.34 -53573.89 3167.13
v -52000.54 -52061.51 3167.13
v -51242.36 -52155.65 3167.13
v -51430.16 -53668.04 3167.13
v -52188.34 -53573.89 3237.13
v -52000.54 -52061.51 3237.13
v -51242.36 -52155.65 3237.13
v -51430.16 -53668.04 3237.13
v -52130.33 -53528.70 3167.13
v -51955.35 -52119.52 3167.13
v -51300.38 -52200.85 3167.13
v -51475.36 -53610.03 3167.13
v -52130.33 -53528.70 3237.13
v -51955.35 -52119.52 3237.13
v -51300.38 -52200.85 3237.13
v -51475.36 -53610.03 3237.13
v -52091.10 -53569.85 2226.13
v -52170.49 -53559.99 2226.13
v -52171.72 -53569.91 2226.13
v -52092.33 -53579.77 2226.13
v -52091.10 -53569.85 2281.13
v -52170.49 -53559.99 2281.13
v -52171.72 -53569.91 2281.13
v -52092.33 -53579.77 2281.13
v -52170.49 -53559.99 2298.13
v -52163.59 -53504.41 2298.13
v -52173.51 -53503.18 2298.13
v -52180.41 -53558.75 2298.13
v -52170.49 -53559.99 2353.13
v -52163.59 -53504.41 2353.13
v -52173.51 -53503.18 2353.13
v -52180.41 -53558.75 2353.13
v -52091.10 -53569.85 2370.13
v -52170.49 -53559.99 2370.13
v -52171.72 -53569.91 2370.13
v -52092.33 -53579.77 2370.13
v -52091.10 -53569.85 2425.13
v -52170.49 -53559.99 2425.13
v -52171.72 -53569.91 2425.13
v -52092.33 -53579.77 2425.13
v -52170.49 -53559.99 2442.13
v -52163.59 -53504.41 2442.13
v -52173.51 -53503.18 2442.13
v -52180.41 -53558.75 2442.13
v -52170.49 -53559.99 2497.13
v -52163.59 -53504.41 2497.13
v -52173.51 -53503.18 2497.13
v -52180.41 -53558.75 2497.13
v -51996.49 -52158.75 2226.13
v -51986.63 -52079.36 2226.13
v -51996.56 -52078.13 2226.13
v -52006.42 -52157.52 2226.13
v -51996.49 -52158.75 2281.13
v -51986.63 -52079.36 2281.13
v -51996.56 -52078.13 2281.13
v -52006.42 -52157.52 2281.13
v -51986.63 -52079.36 2298.13
v -51931.06 -52086.26 2298.13
v -51929.83 -52076.34 2298.13
v -51985.40 -52069.43 2298.13
v -51986.63 -52079.36 2353.13
v -51931.06 -52086.26 2353.13
v -51929.83 -52076.34 2353.13
v -51985.40 -52069.43 2353.13
v -51996.49 -52158.75 2370.13
v -51986.63 -52079.36 2370.13
v -51996.56 -52078.13 2370.13
v -52006.42 -52157.52 2370.13
v -51996.49 -52158.75 2425.13
v -51986.63 -52079.36 2425.13
v -51996.56 -52078.13 2425.13
v -52006.42 -52157.52 2425.13
v -51986.63 -52079.36 2442.13
v -51931.06 -52086.26 2442.13
v -51929.83 -52076.34 2442.13
v -51985.40 -52069.43 2442.13
v -51986.63 -52079.36 2497.13
v -51931.06 -52086.26 2497.13
v -51929.83 -52076.34 2497.13
v -51985.40 -52069.43 2497.13
v -51339.60 -52159.70 2226.13
v -51260.21 -52169.56 2226.13
v -51258.98 -52159.64 2226.13
v -51338.37 -52149.78 2226.13
v -51339.60 -52159.70 2281.13
v -51260.21 -52169.56 2281.13
v -51258.98 -52159.64 2281.13
v -51338.37 -52149.78 2281.13
v -51260.21 -52169.56 2298.13
v -51267.11 -52225.13 2298.13
v -51257.19 -52226.36 2298.13
v -51250.29 -52170.79 2298.13
v -51260.21 -52169.56 2353.13
v -51267.11 -52225.13 2353.13
v -51257.19 -52226.36 2353.13
v -51250.29 -52170.79 2353.13
v -51339.60 -52159.70 2370.13
v -51260.21 -52169.56 2370.13
v -51258.98 -52159.64 2370.13
v -51338.37 -52149.78 2370.13
v -51339.60 -52159.70 2425.13
v -51260.21 -52169.56 2425.13
v -51258.98 -52159.64 2425.13
v -51338.37 -52149.78 2425.13
v -51260.21 -52169.56 2442.13
v -51267.11 -52225.13 2442.13
v -51257.19 -52226.36 2442.13
v -51250.29 -52170.79 2442.13
v -51260.21 -52169.56 2497.13
v -51267.11 -52225.13 2497.13
v -51257.19 -52226.36 2497.13
v -51250.29 -52170.79 2497.13
v -51434.21 -53570.80 2226.13
v -51444.07 -53650.19 2226.13
v -51434.14 -53651.42 2226.13
v -51424.28 -53572.03 2226.13
v -51434.21 -53570.80 2281.13
v -51444.07 -53650.19 2281.13
v -51434.14 -53651.42 2281.13
v -51424.28 -53572.03 2281.13
v -51444.07 -53650.19 2298.13
v -51499.64 -53643.29 2298.13
v -51500.87 -53653.21 2298.13
v -51445.30 -53660.11 2298.13
v -51444.07 -53650.19 2353.13
v -51499.64 -53643.29 2353.13
v -51500.87 -53653.21 2353.13
v -51445.30 -53660.11 2353.13
v -51434.21 -53570.80 2370.13
v -51444.07 -53650.19 2370.13
v -51434.14 -53651.42 2370.13
v -51424.28 -53572.03 2370.13
v -51434.21 -53570.80 2425.13
v -51444.07 -53650.19 2425.13
v -51434.14 -53651.42 2425.13
v -51424.28 -53572.03 2425.13
v -51444.07 -53650.19 2442.13
v -51499.64 -53643.29 2442.13
v -51500.87 -53653.21 2442.13
v -51445.30 -53660.11 2442.13
v -51444.07 -53650.19 2497.13
v -51499.64 -53643.29 2497.13
v -51500.87 -53653.21 2497.13
v -51445.30 -53660.11 2497.13
v -51728.13 -52850.10 3167.13
v -51868.96 -52992.11 3167.13
v -51982.57 -52879.45 3167.13
v -51841.74 -52737.44 3167.13
v -51728.13 -52850.10 3387.13
v -51868.96 -52992.11 3387.13
v -51982.57 -52879.45 3387.13
v -51841.74 -52737.44 3387.13
v -58697.43 -54104.28 2466.84
v -57755.19 -54408.06 2466.84
v -58018.46 -55224.67 2466.84
v -58960.70 -54920.89 2466.84
v -58697.43 -54104.28 3106.84
v -57755.19 -54408.06 3106.84
v -58018.46 -55224.67 3106.84
v -58960.70 -54920.89 3106.84
v -58569.06 -54133.05 2556.84
v -58473.89 -54163.74 2556.84
v -58473.89 -54163.74 2736.84
v -58569.06 -54133.05 2736.84
v -58564.77 -54119.73 2556.84
v -58469.59 -54150.41 2556.84
v -58469.59 -54150.41 2736.84
v -58564.77 -54119.73 2736.84
v -58555.74 -54137.35 2570.84
v -58487.21 -54159.44 2570.84
v -58487.21 -54159.44 2722.84
v -58555.74 -54137.35 2722.84
v -58551.44 -54124.03 2570.84
v -58482.92 -54146.12 2570.84
v -58482.92 -54146.12 2722.84
v -58551.44 -54124.03 2722.84
v -58270.21 -54229.41 2556.84
v -58175.04 -54260.09 2556.84
v -58175.04 -54260.09 2736.84
v -58270.21 -54229.41 2736.84
v -58265.92 -54216.08 2556.84
v -58170.74 -54246.77 2556.84
v -58170.74 -54246.77 2736.84
v -58265.92 -54216.08 2736.84
v -58256.89 -54233.70 2570.84
v -58188.36 -54255.79 2570.84
v -58188.36 -54255.79 2722.84
v -58256.89 -54233.70 2722.84
v -58252.59 -54220.38 2570.84
v -58184.06 -54242.47 2570.84
v -58184.06 -54242.47 2722.84
v -58252.59 -54220.38 2722.84
v -57971.36 -54325.76 2556.84
v -57876.18 -54356.44 2556.84
v -57876.18 -54356.44 2736.84
v -57971.36 -54325.76 2736.84
v -57967.06 -54312.43 2556.84
v -57871.89 -54343.12 2556.84
v -57871.89 -54343.12 2736.84
v -57967.06 -54312.43 2736.84
v -57958.03 -54330.05 2570.84
v -57889.51 -54352.15 2570.84
v -57889.51 -54352.15 2722.84
v -57958.03 -54330.05 2722.84
v -57953.74 -54316.73 2570.84
v -57885.21 -54338.82 2570.84
v -57885.21 -54338.82 2722.84
v -57953.74 -54316.73 2722.84
v -57777.21 -54515.48 2556.84
v -57807.90 -54610.66 2556.84
v -57807.90 -54610.66 2736.84
v -57777.21 -54515.48 2736.84
v -57763.89 -54519.78 2556.84
v -57794.57 -54614.96 2556.84
v -57794.57 -54614.96 2736.84
v -57763.89 -54519.78 2736.84
v -57781.51 -54528.81 2570.84
v -57803.60 -54597.33 2570.84
v -57803.60 -54597.33 2722.84
v -57781.51 -54528.81 2722.84
v -57768.18 -54533.10 2570.84
v -57790.28 -54601.63 2570.84
v -57790.28 -54601.63 2722.84
v -57768.18 -54533.10 2722.84
v -57942.91 -55029.43 2556.84
v -57973.60 -55124.61 2556.84
v -57973.60 -55124.61 2736.84
v -57942.91 -55029.43 2736.84
v -57929.59 -55033.73 2556.84
v -57960.27 -55128.90 2556.84
v -57960.27 -55128.90 2736.84
v -57929.59 -55033.73 2736.84
v -57947.21 -55042.76 2570.84
v -57969.30 -55111.28 2570.84
v -57969.30 -55111.28 2722.84
v -57947.21 -55042.76 2722.84
v -57933.88 -55047.05 2570.84
v -57955.98 -55115.58 2570.84
v -57955.98 -55115.58 2722.84
v -57933.88 -55047.05 2722.84
v -57856.99 -54762.94 2466.84
v -57893.81 -54877.15 2466.84
v -57893.81 -54877.15 2696.84
v -57856.99 -54762.94 2696.84
v -57837.96 -54769.08 2466.84
v -57874.78 -54883.29 2466.84
v -57874.78 -54883.29 2696.84
v -57837.96 -54769.08 2696.84
v -57862.52 -54780.07 2484.84
v -57888.29 -54860.02 2484.84
v -57888.29 -54860.02 2678.84
v -57862.52 -54780.07 2678.84
v -57843.48 -54786.21 2484.84
v -57869.26 -54866.16 2484.84
v -57869.26 -54866.16 2678.84
v -57843.48 -54786.21 2678.84
v -57850.86 -54743.91 2462.84
v -57899.95 -54896.19 2462.84
v -57875.21 -54904.16 2462.84
v -57826.11 -54751.88 2462.84
v -57850.86 -54743.91 2478.84
v -57899.95 -54896.19 2478.84
v -57875.21 -54904.16 2478.84
v -57826.11 -54751.88 2478.84
v -58146.83 -55195.89 2556.84
v -58242.00 -55165.21 2556.84
v -58242.00 -55165.21 2736.84
v -58146.83 -55195.89 2736.84
v -58151.12 -55209.22 2556.84
v -58246.30 -55178.53 2556.84
v -58246.30 -55178.53 2736.84
v -58151.12 -55209.22 2736.84
v -58160.15 -55191.60 2570.84
v -58228.68 -55169.50 2570.84
v -58228.68 -55169.50 2722.84
v -58160.15 -55191.60 2722.84
v -58164.45 -55204.92 2570.84
v -58232.97 -55182.83 2570.84
v -58232.97 -55182.83 2722.84
v -58164.45 -55204.92 2722.84
v -58445.68 -55099.54 2556.84
v -58540.85 -55068.86 2556.84
v -58540.85 -55068.86 2736.84
v -58445.68 -55099.54 2736.84
v -58449.97 -55112.86 2556.84
v -58545.15 -55082.18 2556.84
v -58545.15 -55082.18 2736.84
v -58449.97 -55112.86 2736.84
v -58459.00 -55095.24 2570.84
v -58527.53 -55073.15 2570.84
v -58527.53 -55073.15 2722.84
v -58459.00 -55095.24 2722.84
v -58463.30 -55108.57 2570.84
v -58531.83 -55086.48 2570.84
v -58531.83 -55086.48 2722.84
v -58463.30 -55108.57 2722.84
v -58744.53 -55003.19 2556.84
v -58839.71 -54972.50 2556.84
v -58839.71 -54972.50 2736.84
v -58744.53 -55003.19 2736.84
v -58748.83 -55016.51 2556.84
v -58844.00 -54985.83 2556.84
v -58844.00 -54985.83 2736.84
v -58748.83 -55016.51 2736.84
v -58757.85 -54998.89 2570.84
v -58826.38 -54976.80 2570.84
v -58826.38 -54976.80 2722.84
v -58757.85 -54998.89 2722.84
v -58762.15 -55012.22 2570.84
v -58830.68 -54990.12 2570.84
v -58830.68 -54990.12 2722.84
v -58762.15 -55012.22 2722.84
v -58938.68 -54813.46 2556.84
v -58907.99 -54718.29 2556.84
v -58907.99 -54718.29 2736.84
v -58938.68 -54813.46 2736.84
v -58952.00 -54809.17 2556.84
v -58921.32 -54713.99 2556.84
v -58921.32 -54713.99 2736.84
v -58952.00 -54809.17 2736.84
v -58934.38 -54800.14 2570.84
v -58912.29 -54731.61 2570.84
v -58912.29 -54731.61 2722.84
v -58934.38 -54800.14 2722.84
v -58947.71 -54795.84 2570.84
v -58925.61 -54727.31 2570.84
v -58925.61 -54727.31 2722.84
v -58947.71 -54795.84 2722.84
v -58855.83 -54556.49 2556.84
v -58825.14 -54461.31 2556.84
v -58825.14 -54461.31 2736.84
v -58855.83 -54556.49 2736.84
v -58869.15 -54552.19 2556.84
v -58838.47 -54457.02 2556.84
v -58838.47 -54457.02 2736.84
v -58869.15 -54552.19 2736.84
v -58851.53 -54543.16 2570.84
v -58829.44 -54474.64 2570.84
v -58829.44 -54474.64 2722.84
v -58851.53 -54543.16 2722.84
v -58864.86 -54538.87 2570.84
v -58842.76 -54470.34 2570.84
v -58842.76 -54470.34 2722.84
v -58864.86 -54538.87 2722.84
v -58772.98 -54299.51 2556.84
v -58742.29 -54204.34 2556.84
v -58742.29 -54204.34 2736.84
v -58772.98 -54299.51 2736.84
v -58786.30 -54295.22 2556.84
v -58755.62 -54200.04 2556.84
v -58755.62 -54200.04 2736.84
v -58786.30 -54295.22 2736.84
v -58768.68 -54286.19 2570.84
v -58746.59 -54217.66 2570.84
v -58746.59 -54217.66 2722.84
v -58768.68 -54286.19 2722.84
v -58782.01 -54281.89 2570.84
v -58759.91 -54213.37 2570.84
v -58759.91 -54213.37 2722.84
v -58782.01 -54281.89 2722.84
v -58709.03 -54081.62 3076.84
v -57732.53 -54396.45 3076.84
v -58006.86 -55247.32 3076.84
v -58983.36 -54932.49 3076.84
v -58709.03 -54081.62 3090.84
v -57732.53 -54396.45 3090.84
v -58006.86 -55247.32 3090.84
v -58983.36 -54932.49 3090.84
v -58701.30 -54096.73 3076.84
v -57747.63 -54404.19 3076.84
v -58014.59 -55232.22 3076.84
v -58968.26 -54924.76 3076.84
v -58701.30 -54096.73 3090.84
v -57747.63 -54404.19 3090.84
v -58014.59 -55232.22 3090.84
v -58968.26 -54924.76 3090.84
v -58715.48 -54069.04 3054.84
v -57719.94 -54390.00 3054.84
v -58000.41 -55259.91 3054.84
v -58995.94 -54938.94 3054.84
v -58715.48 -54069.04 3082.84
v -57719.94 -54390.00 3082.84
v -58000.41 -55259.91 3082.84
v -58995.94 -54938.94 3082.84
v -58701.30 -54096.73 3054.84
v -57747.63 -54404.19 3054.84
v -58014.59 -55232.22 3054.84
v -58968.26 -54924.76 3054.84
v -58701.30 -54096.73 3082.84
v -57747.63 -54404.19 3082.84
v -58014.59 -55232.22 3082.84
v -58968.26 -54924.76 3082.84
v -58711.61 -54076.59 3112.84
v -57727.50 -54393.87 3112.84
v -58004.28 -55252.36 3112.84
v -58988.39 -54935.07 3112.84
v -58711.61 -54076.59 3182.84
v -57727.50 -54393.87 3182.84
v -58004.28 -55252.36 3182.84
v -58988.39 -54935.07 3182.84
v -58678.08 -54142.04 3112.84
v -57792.94 -54427.41 3112.84
v -58037.81 -55186.91 3112.84
v -58922.95 -54901.54 3112.84
v -58678.08 -54142.04 3182.84
v -57792.94 -54427.41 3182.84
v -58037.81 -55186.91 3182.84
v -58922.95 -54901.54 3182.84
v -58725.84 -54172.87 2491.84
v -58701.30 -54096.73 2491.84
v -58710.81 -54093.66 2491.84
v -58735.36 -54169.80 2491.84
v -58725.84 -54172.87 2546.84
v -58701.30 -54096.73 2546.84
v -58710.81 -54093.66 2546.84
v -58735.36 -54169.80 2546.84
v -58701.30 -54096.73 2563.84
v -58648.00 -54113.91 2563.84
v -58644.93 -54104.39 2563.84
v -58698.23 -54087.21 2563.84
v -58701.30 -54096.73 2618.84
v -58648.00 -54113.91 2618.84
v -58644.93 -54104.39 2618.84
v -58698.23 -54087.21 2618.84
v -58725.84 -54172.87 2635.84
v -58701.30 -54096.73 2635.84
v -58710.81 -54093.66 2635.84
v -58735.36 -54169.80 2635.84
v -58725.84 -54172.87 2690.84
v -58701.30 -54096.73 2690.84
v -58710.81 -54093.66 2690.84
v -58735.36 -54169.80 2690.84
v -58701.30 -54096.73 2707.84
v -58648.00 -54113.91 2707.84
v -58644.93 -54104.39 2707.84
v -58698.23 -54087.21 2707.84
v -58701.30 -54096.73 2762.84
v -58648.00 -54113.91 2762.84
v -58644.93 -54104.39 2762.84
v -58698.23 -54087.21 2762.84
v -57823.77 -54379.64 2491.84
v -57747.63 -54404.19 2491.84
v -57744.57 -54394.67 2491.84
v -57820.71 -54370.12 2491.84
v -57823.77 -54379.64 2546.84
v -57747.63 -54404.19 2546.84
v -57744.57 -54394.67 2546.84
v -57820.71 -54370.12 2546.84
v -57747.63 -54404.19 2563.84
v -57764.82 -54457.49 2563.84
v -57755.30 -54460.56 2563.84
v -57738.12 -54407.26 2563.84
v -57747.63 -54404.19 2618.84
v -57764.82 -54457.49 2618.84
v -57755.30 -54460.56 2618.84
v -57738.12 -54407.26 2618.84
v -57823.77 -54379.64 2635.84
v -57747.63 -54404.19 2635.84
v -57744.57 -54394.67 2635.84
v -57820.71 -54370.12 2635.84
v -57823.77 -54379.64 2690.84
v -57747.63 -54404.19 2690.84
v -57744.57 -54394.67 2690.84
v -57820.71 -54370.12 2690.84
v -57747.63 -54404.19 2707.84
v -57764.82 -54457.49 2707.84
v -57755.30 -54460.56 2707.84
v -57738.12 -54407.26 2707.84
v -57747.63 -54404.19 2762.84
v -57764.82 -54457.49 2762.84
v -57755.30 -54460.56 2762.84
v -57738.12 -54407.26 2762.84
v -57990.05 -55156.08 2491.84
v -58014.59 -55232.22 2491.84
v -58005.08 -55235.29 2491.84
v -57980.53 -55159.15 2491.84
v -57990.05 -55156.08 2546.84
v -58014.59 -55232.22 2546.84
v -58005.08 -55235.29 2546.84
v -57980.53 -55159.15 2546.84
v -58014.59 -55232.22 2563.84
v -58067.89 -55215.04 2563.84
v -58070.96 -55224.55 2563.84
v -58017.66 -55241.74 2563.84
v -58014.59 -55232.22 2618.84
v -58067.89 -55215.04 2618.84
v -58070.96 -55224.55 2618.84
v -58017.66 -55241.74 2618.84
v -57990.05 -55156.08 2635.84
v -58014.59 -55232.22 2635.84
v -58005.08 -55235.29 2635.84
v -57980.53 -55159.15 2635.84
v -57990.05 -55156.08 2690.84
v -58014.59 -55232.22 2690.84
v -58005.08 -55235.29 2690.84
v -57980.53 -55159.15 2690.84
v -58014.59 -55232.22 2707.84
v -58067.89 -55215.04 2707.84
v -58070.96 -55224.55 2707.84
v -58017.66 -55241.74 2707.84
v -58014.59 -55232.22 2762.84
v -58067.89 -55215.04 2762.84
v -58070.96 -55224.55 2762.84
v -58017.66 -55241.74 2762.84
v -58892.11 -54949.30 2491.84
v -58968.26 -54924.76 2491.84
v -58971.32 -54934.27 2491.84
v -58895.18 -54958.82 2491.84
v -58892.11 -54949.30 2546.84
v -58968.26 -54924.76 2546.84
v -58971.32 -54934.27 2546.84
v -58895.18 -54958.82 2546.84
v -58968.26 -54924.76 2563.84
v -58951.07 -54871.46 2563.84
v -58960.59 -54868.39 2563.84
v -58977.77 -54921.69 2563.84
v -58968.26 -54924.76 2618.84
v -58951.07 -54871.46 2618.84
v -58960.59 -54868.39 2618.84
v -58977.77 -54921.69 2618.84
v -58892.11 -54949.30 2635.84
v -58968.26 -54924.76 2635.84
v -58971.32 -54934.27 2635.84
v -58895.18 -54958.82 2635.84
v -58892.11 -54949.30 2690.84
v -58968.26 -54924.76 2690.84
v -58971.32 -54934.27 2690.84
v -58895.18 -54958.82 2690.84
v -58968.26 -54924.76 2707.84
v -58951.07 -54871.46 2707.84
v -58960.59 -54868.39 2707.84
v -58977.77 -54921.69 2707.84
v -58968.26 -54924.76 2762.84
v -58951.07 -54871.46 2762.84
v -58960.59 -54868.39 2762.84
v -58977.77 -54921.69 2762.84
v -54415.57 -53587.66 2324.72
v -54402.67 -53983.45 2324.72
v -55194.25 -54009.25 2324.72
v -55207.15 -53613.46 2324.72
v -54415.57 -53587.66 3284.72
v -54402.67 -53983.45 3284.72
v -55194.25 -54009.25 3284.72
v -55207.15 -53613.46 3284.72
v -54398.76 -53735.19 2414.72
v -54395.50 -53835.13 2414.72
v -54395.50 -53835.13 2594.72
v -54398.76 -53735.19 2594.72
v -54384.77 -53734.73 2414.72
v -54381.51 -53834.68 2414.72
v -54381.51 -53834.68 2594.72
v -54384.77 -53734.73 2594.72
v -54398.30 -53749.18 2428.72
v -54395.96 -53821.14 2428.72
v -54395.96 -53821.14 2580.72
v -54398.30 -53749.18 2580.72
v -54384.31 -53748.72 2428.72
v -54381.96 -53820.68 2428.72
v -54381.96 -53820.68 2580.72
v -54384.31 -53748.72 2580.72
v -54398.76 -53735.19 2734.72
v -54395.50 -53835.13 2734.72
v -54395.50 -53835.13 2914.72
v -54398.76 -53735.19 2914.72
v -54384.77 -53734.73 2734.72
v -54381.51 -53834.68 2734.72
v -54381.51 -53834.68 2914.72
v -54384.77 -53734.73 2914.72
v -54398.30 -53749.18 2748.72
v -54395.96 -53821.14 2748.72
v -54395.96 -53821.14 2900.72
v -54398.30 -53749.18 2900.72
v -54384.31 -53748.72 2748.72
v -54381.96 -53820.68 2748.72
v -54381.96 -53820.68 2900.72
v -54384.31 -53748.72 2900.72
v -54562.20 -54000.65 2414.72
v -54662.14 -54003.91 2414.72
v -54662.14 -54003.91 2594.72
v -54562.20 -54000.65 2594.72
v -54561.74 -54014.64 2414.72
v -54661.69 -54017.90 2414.72
v -54661.69 -54017.90 2594.72
v -54561.74 -54014.64 2594.72
v -54576.19 -54001.11 2428.72
v -54648.15 -54003.45 2428.72
v -54648.15 -54003.45 2580.72
v -54576.19 -54001.11 2580.72
v -54575.73 -54015.10 2428.72
v -54647.70 -54017.45 2428.72
v -54647.70 -54017.45 2580.72
v -54575.73 -54015.10 2580.72
v -54562.20 -54000.65 2734.72
v -54662.14 -54003.91 2734.72
v -54662.14 -54003.91 2914.72
v -54562.20 -54000.65 2914.72
v -54561.74 -54014.64 2734.72
v -54661.69 -54017.90 2734.72
v -54661.69 -54017.90 2914.72
v -54561.74 -54014.64 2914.72
v -54576.19 -54001.11 2748.72
v -54648.15 -54003.45 2748.72
v -54648.15 -54003.45 2900.72
v -54576.19 -54001.11 2900.72
v -54575.73 -54015.10 2748.72
v -54647.70 -54017.45 2748.72
v -54647.70 -54017.45 2900.72
v -54575.73 -54015.10 2900.72
v -54934.00 -54012.77 2414.72
v -55033.95 -54016.03 2414.72
v -55033.95 -54016.03 2594.72
v -54934.00 -54012.77 2594.72
v -54933.54 -54026.76 2414.72
v -55033.49 -54030.02 2414.72
v -55033.49 -54030.02 2594.72
v -54933.54 -54026.76 2594.72
v -54947.99 -54013.23 2428.72
v -55019.95 -54015.57 2428.72
v -55019.95 -54015.57 2580.72
v -54947.99 -54013.23 2580.72
v -54947.54 -54027.22 2428.72
v -55019.50 -54029.56 2428.72
v -55019.50 -54029.56 2580.72
v -54947.54 -54027.22 2580.72
v -54934.00 -54012.77 2734.72
v -55033.95 -54016.03 2734.72
v -55033.95 -54016.03 2914.72
v -54934.00 -54012.77 2914.72
v -54933.54 -54026.76 2734.72
v -55033.49 -54030.02 2734.72
v -55033.49 -54030.02 2914.72
v -54933.54 -54026.76 2914.72
v -54947.99 -54013.23 2748.72
v -55019.95 -54015.57 2748.72
v -55019.95 -54015.57 2900.72
v -54947.99 -54013.23 2900.72
v -54947.54 -54027.22 2748.72
v -55019.50 -54029.56 2748.72
v -55019.50 -54029.56 2900.72
v -54947.54 -54027.22 2900.72
v -55211.07 -53861.72 2734.72
v -55214.33 -53761.77 2734.72
v -55214.33 -53761.77 2864.72
v -55213.51 -53786.75 2908.02
v -55211.88 -53836.73 2908.02
v -55211.07 -53861.72 2864.72
v -55225.06 -53862.17 2734.72
v -55228.32 -53762.22 2734.72
v -55228.32 -53762.22 2864.72
v -55227.50 -53787.21 2908.02
v -55225.87 -53837.18 2908.02
v -55225.06 -53862.17 2864.72
v -55211.52 -53847.72 2748.72
v -55213.87 -53775.76 2748.72
v -55213.87 -53775.76 2864.72
v -55213.28 -53793.75 2895.89
v -55212.11 -53829.73 2895.89
v -55211.52 -53847.72 2864.72
v -55225.52 -53848.18 2748.72
v -55227.86 -53776.22 2748.72
v -55227.86 -53776.22 2864.72
v -55227.28 -53794.21 2895.89
v -55226.10 -53830.19 2895.89
v -55225.52 -53848.18 2864.72
v -55210.74 -53871.71 2324.72
v -55214.65 -53751.77 2324.72
v -55214.65 -53751.77 2554.72
v -55210.74 -53871.71 2554.72
v -55230.73 -53872.36 2324.72
v -55234.64 -53752.42 2324.72
v -55234.64 -53752.42 2554.72
v -55230.73 -53872.36 2554.72
v -55211.33 -53853.72 2342.72
v -55214.06 -53769.76 2342.72
v -55214.06 -53769.76 2536.72
v -55211.33 -53853.72 2536.72
v -55231.32 -53854.37 2342.72
v -55234.05 -53770.42 2342.72
v -55234.05 -53770.42 2536.72
v -55231.32 -53854.37 2536.72
v -55210.09 -53891.70 2320.72
v -55215.30 -53731.78 2320.72
v -55241.29 -53732.63 2320.72
v -55236.08 -53892.55 2320.72
v -55210.09 -53891.70 2336.72
v -55215.30 -53731.78 2336.72
v -55241.29 -53732.63 2336.72
v -55236.08 -53892.55 2336.72
v -55047.63 -53596.25 2414.72
v -54947.68 -53592.99 2414.72
v -54947.68 -53592.99 2594.72
v -55047.63 -53596.25 2594.72
v -55048.08 -53582.26 2414.72
v -54948.14 -53579.00 2414.72
v -54948.14 -53579.00 2594.72
v -55048.08 -53582.26 2594.72
v -55033.64 -53595.79 2428.72
v -54961.67 -53593.45 2428.72
v -54961.67 -53593.45 2580.72
v -55033.64 -53595.79 2580.72
v -55034.09 -53581.80 2428.72
v -54962.13 -53579.46 2428.72
v -54962.13 -53579.46 2580.72
v -55034.09 -53581.80 2580.72
v -55047.63 -53596.25 2734.72
v -54947.68 -53592.99 2734.72
v -54947.68 -53592.99 2914.72
v -55047.63 -53596.25 2914.72
v -55048.08 -53582.26 2734.72
v -54948.14 -53579.00 2734.72
v -54948.14 -53579.00 2914.72
v -55048.08 -53582.26 2914.72
v -55033.64 -53595.79 2748.72
v -54961.67 -53593.45 2748.72
v -54961.67 -53593.45 2900.72
v -55033.64 -53595.79 2900.72
v -55034.09 -53581.80 2748.72
v -54962.13 -53579.46 2748.72
v -54962.13 -53579.46 2900.72
v -55034.09 -53581.80 2900.72
v -54675.83 -53584.13 2414.72
v -54575.88 -53580.87 2414.72
v -54575.88 -53580.87 2594.72
v -54675.83 -53584.13 2594.72
v -54676.28 -53570.14 2414.72
v -54576.33 -53566.88 2414.72
v -54576.33 -53566.88 2594.72
v -54676.28 -53570.14 2594.72
v -54661.83 -53583.68 2428.72
v -54589.87 -53581.33 2428.72
v -54589.87 -53581.33 2580.72
v -54661.83 -53583.68 2580.72
v -54662.29 -53569.68 2428.72
v -54590.33 -53567.34 2428.72
v -54590.33 -53567.34 2580.72
v -54662.29 -53569.68 2580.72
v -54675.83 -53584.13 2734.72
v -54575.88 -53580.87 2734.72
v -54575.88 -53580.87 2914.72
v -54675.83 -53584.13 2914.72
v -54676.28 -53570.14 2734.72
v -54576.33 -53566.88 2734.72
v -54576.33 -53566.88 2914.72
v -54676.28 -53570.14 2914.72
v -54661.83 -53583.68 2748.72
v -54589.87 -53581.33 2748.72
v -54589.87 -53581.33 2900.72
v -54661.83 -53583.68 2900.72
v -54662.29 -53569.68 2748.72
v -54590.33 -53567.34 2748.72
v -54590.33 -53567.34 2900.72
v -54662.29 -53569.68 2900.72
v -54398.17 -53569.08 3254.72
v -54384.10 -54000.85 3254.72
v -55211.66 -54027.82 3254.72
v -55225.73 -53596.05 3254.72
v -54398.17 -53569.08 3268.72
v -54384.10 -54000.85 3268.72
v -55211.66 -54027.82 3268.72
v -55225.73 -53596.05 3268.72
v -54409.77 -53581.46 3254.72
v -54396.48 -53989.25 3254.72
v -55200.05 -54015.44 3254.72
v -55213.34 -53607.65 3254.72
v -54409.77 -53581.46 3268.72
v -54396.48 -53989.25 3268.72
v -55200.05 -54015.44 3268.72
v -55213.34 -53607.65 3268.72
v -54388.50 -53558.76 3232.72
v -54373.78 -54010.52 3232.72
v -55221.33 -54038.14 3232.72
v -55236.05 -53586.38 3232.72
v -54388.50 -53558.76 3260.72
v -54373.78 -54010.52 3260.72
v -55221.33 -54038.14 3260.72
v -55236.05 -53586.38 3260.72
v -54409.77 -53581.46 3232.72
v -54396.48 -53989.25 3232.72
v -55200.05 -54015.44 3232.72
v -55213.34 -53607.65 3232.72
v -54409.77 -53581.46 3260.72
v -54396.48 -53989.25 3260.72
v -55200.05 -54015.44 3260.72
v -55213.34 -53607.65 3260.72
v -54394.30 -53564.95 3290.72
v -54379.97 -54004.72 3290.72
v -55215.52 -54031.95 3290.72
v -55229.86 -53592.18 3290.72
v -54394.30 -53564.95 3360.72
v -54379.97 -54004.72 3360.72
v -55215.52 -54031.95 3360.72
v -55229.86 -53592.18 3360.72
v -54444.58 -53618.62 3290.72
v -54433.63 -53954.44 3290.72
v -55165.25 -53978.28 3290.72
v -55176.19 -53642.46 3290.72
v -54444.58 -53618.62 3360.72
v -54433.63 -53954.44 3360.72
v -55165.25 -53978.28 3360.72
v -55176.19 -53642.46 3360.72
v -54489.73 -53584.07 2349.72
v -54409.77 -53581.46 2349.72
v -54410.10 -53571.47 2349.72
v -54490.05 -53574.08 2349.72
v -54489.73 -53584.07 2404.72
v -54409.77 -53581.46 2404.72
v -54410.10 -53571.47 2404.72
v -54490.05 -53574.08 2404.72
v -54409.77 -53581.46 2421.72
v -54407.95 -53637.43 2421.72
v -54397.95 -53637.11 2421.72
v -54399.78 -53581.14 2421.72
v -54409.77 -53581.46 2476.72
v -54407.95 -53637.43 2476.72
v -54397.95 -53637.11 2476.72
v -54399.78 -53581.14 2476.72
v -54489.73 -53584.07 2493.72
v -54409.77 -53581.46 2493.72
v -54410.10 -53571.47 2493.72
v -54490.05 -53574.08 2493.72
v -54489.73 -53584.07 2548.72
v -54409.77 -53581.46 2548.72
v -54410.10 -53571.47 2548.72
v -54490.05 -53574.08 2548.72
v -54409.77 -53581.46 2565.72
v -54407.95 -53637.43 2565.72
v -54397.95 -53637.11 2565.72
v -54399.78 -53581.14 2565.72
v -54409.77 -53581.46 2620.72
v -54407.95 -53637.43 2620.72
v -54397.95 -53637.11 2620.72
v -54399.78 -53581.14 2620.72
v -55120.10 -54012.83 2349.72
v -55200.05 -54015.44 2349.72
v -55199.73 -54025.43 2349.72
v -55119.77 -54022.83 2349.72
v -55120.10 -54012.83 2404.72
v -55200.05 -54015.44 2404.72
v -55199.73 -54025.43 2404.72
v -55119.77 -54022.83 2404.72
v -55200.05 -54015.44 2421.72
v -55201.88 -53959.47 2421.72
v -55211.87 -53959.79 2421.72
v -55210.05 -54015.76 2421.72
v -55200.05 -54015.44 2476.72
v -55201.88 -53959.47 2476.72
v -55211.87 -53959.79 2476.72
v -55210.05 -54015.76 2476.72
v -55120.10 -54012.83 2493.72
v -55200.05 -54015.44 2493.72
v -55199.73 -54025.43 2493.72
v -55119.77 -54022.83 2493.72
v -55120.10 -54012.83 2548.72
v -55200.05 -54015.44 2548.72
v -55199.73 -54025.43 2548.72
v -55119.77 -54022.83 2548.72
v -55200.05 -54015.44 2565.72
v -55201.88 -53959.47 2565.72
v -55211.87 -53959.79 2565.72
v -55210.05 -54015.76 2565.72
v -55200.05 -54015.44 2620.72
v -55201.88 -53959.47 2620.72
v -55211.87 -53959.79 2620.72
v -55210.05 -54015.76 2620.72
v -54399.09 -53909.29 2349.72
v -54396.48 -53989.25 2349.72
v -54386.49 -53988.92 2349.72
v -54389.09 -53908.96 2349.72
v -54399.09 -53909.29 2404.72
v -54396.48 -53989.25 2404.72
v -54386.49 -53988.92 2404.72
v -54389.09 -53908.96 2404.72
v -54396.48 -53989.25 2421.72
v -54452.45 -53991.07 2421.72
v -54452.13 -54001.07 2421.72
v -54396.16 -53999.24 2421.72
v -54396.48 -53989.25 2476.72
v -54452.45 -53991.07 2476.72
v -54452.13 -54001.07 2476.72
v -54396.16 -53999.24 2476.72
v -54399.09 -53909.29 2493.72
v -54396.48 -53989.25 2493.72
v -54386.49 -53988.92 2493.72
v -54389.09 -53908.96 2493.72
v -54399.09 -53909.29 2548.72
v -54396.48 -53989.25 2548.72
v -54386.49 -53988.92 2548.72
v -54389.09 -53908.96 2548.72
v -54396.48 -53989.25 2565.72
v -54452.45 -53991.07 2565.72
v -54452.13 -54001.07 2565.72
v -54396.16 -53999.24 2565.72
v -54396.48 -53989.25 2620.72
v -54452.45 -53991.07 2620.72
v -54452.13 -54001.07 2620.72
v -54396.16 -53999.24 2620.72
v -55210.74 -53687.61 2349.72
v -55213.34 -53607.65 2349.72
v -55223.34 -53607.98 2349.72
v -55220.73 -53687.94 2349.72
v -55210.74 -53687.61 2404.72
v -55213.34 -53607.65 2404.72
v -55223.34 -53607.98 2404.72
v -55220.73 -53687.94 2404.72
v -55213.34 -53607.65 2421.72
v -55157.37 -53605.83 2421.72
v -55157.70 -53595.84 2421.72
v -55213.67 -53597.66 2421.72
v -55213.34 -53607.65 2476.72
v -55157.37 -53605.83 2476.72
v -55157.70 -53595.84 2476.72
v -55213.67 -53597.66 2476.72
v -55210.74 -53687.61 2493.72
v -55213.34 -53607.65 2493.72
v -55223.34 -53607.98 2493.72
v -55220.73 -53687.94 2493.72
v -55210.74 -53687.61 2548.72
v -55213.34 -53607.65 2548.72
v -55223.34 -53607.98 2548.72
v -55220.73 -53687.94 2548.72
v -55213.34 -53607.65 2565.72
v -55157.37 -53605.83 2565.72
v -55157.70 -53595.84 2565.72
v -55213.67 -53597.66 2565.72
v -55213.34 -53607.65 2620.72
v -55157.37 -53605.83 2620.72
v -55157.70 -53595.84 2620.72
v -55213.67 -53597.66 2620.72
v -52218.53 -55087.05 2192.54
v -51199.33 -54703.44 2192.54
v -51071.46 -55043.17 2192.54
v -52090.66 -55426.78 2192.54
v -52218.53 -55087.05 2832.54
v -51199.33 -54703.44 2832.54
v -51071.46 -55043.17 2832.54
v -52090.66 -55426.78 2832.54
v -52084.71 -55023.86 2282.54
v -51991.12 -54988.63 2282.54
v -51991.12 -54988.63 2462.54
v -52084.71 -55023.86 2462.54
v -52089.64 -55010.75 2282.54
v -51996.05 -54975.53 2282.54
v -51996.05 -54975.53 2462.54
v -52089.64 -55010.75 2462.54
v -52071.61 -55018.93 2296.54
v -52004.22 -54993.56 2296.54
v -52004.22 -54993.56 2448.54
v -52071.61 -55018.93 2448.54
v -52076.54 -55005.82 2296.54
v -52009.16 -54980.46 2296.54
v -52009.16 -54980.46 2448.54
v -52076.54 -55005.82 2448.54
v -51759.95 -54901.62 2282.54
v -51666.36 -54866.40 2282.54
v -51666.36 -54866.40 2462.54
v -51759.95 -54901.62 2462.54
v -51764.88 -54888.52 2282.54
v -51671.29 -54853.30 2282.54
v -51671.29 -54853.30 2462.54
v -51764.88 -54888.52 2462.54
v -51746.85 -54896.69 2296.54
v -51679.46 -54871.33 2296.54
v -51679.46 -54871.33 2448.54
v -51746.85 -54896.69 2448.54
v -51751.78 -54883.59 2296.54
v -51684.40 -54858.23 2296.54
v -51684.40 -54858.23 2448.54
v -51751.78 -54883.59 2448.54
v -51435.19 -54779.39 2282.54
v -51341.60 -54744.17 2282.54
v -51341.60 -54744.17 2462.54
v -51435.19 -54779.39 2462.54
v -51440.13 -54766.29 2282.54
v -51346.54 -54731.06 2282.54
v -51346.54 -54731.06 2462.54
v -51440.13 -54766.29 2462.54
v -51422.09 -54774.46 2296.54
v -51354.71 -54749.10 2296.54
v -51354.71 -54749.10 2448.54
v -51422.09 -54774.46 2448.54
v -51427.02 -54761.36 2296.54
v -51359.64 -54735.99 2296.54
v -51359.64 -54735.99 2448.54
v -51427.02 -54761.36 2448.54
v -51141.78 -54822.28 2282.54
v -51106.55 -54915.87 2282.54
v -51106.55 -54915.87 2462.54
v -51141.78 -54822.28 2462.54
v -51128.68 -54817.35 2282.54
v -51093.45 -54910.94 2282.54
v -51093.45 -54910.94 2462.54
v -51128.68 -54817.35 2462.54
v -51136.85 -54835.38 2296.54
v -51111.48 -54902.77 2296.54
v -51111.48 -54902.77 2448.54
v -51136.85 -54835.38 2448.54
v -51123.74 -54830.45 2296.54
v -51098.38 -54897.84 2296.54
v -51098.38 -54897.84 2448.54
v -51123.74 -54830.45 2448.54
v -51205.28 -55106.36 2282.54
v -51298.87 -55141.59 2282.54
v -51298.87 -55141.59 2462.54
v -51205.28 -55106.36 2462.54
v -51200.35 -55119.46 2282.54
v -51293.94 -55154.69 2282.54
v -51293.94 -55154.69 2462.54
v -51200.35 -55119.46 2462.54
v -51218.38 -55111.29 2296.54
v -51285.77 -55136.65 2296.54
v -51285.77 -55136.65 2448.54
v -51218.38 -55111.29 2448.54
v -51213.45 -55124.39 2296.54
v -51280.84 -55149.76 2296.54
v -51280.84 -55149.76 2448.54
v -51213.45 -55124.39 2448.54
v -51854.80 -55350.83 2282.54
v -51948.39 -55386.05 2282.54
v -51948.39 -55386.05 2462.54
v -51854.80 -55350.83 2462.54
v -51849.87 -55363.93 2282.54
v -51943.46 -55399.15 2282.54
v -51943.46 -55399.15 2462.54
v -51849.87 -55363.93 2462.54
v -51867.90 -55355.76 2296.54
v -51935.29 -55381.12 2296.54
v -51935.29 -55381.12 2448.54
v -51867.90 -55355.76 2448.54
v -51862.97 -55368.86 2296.54
v -51930.35 -55394.22 2296.54
v -51930.35 -55394.22 2448.54
v -51862.97 -55368.86 2448.54
v -51520.68 -55225.07 2192.54
v -51632.99 -55267.34 2192.54
v -51632.99 -55267.34 2362.54
v -51604.91 -55256.77 2414.51
v -51548.76 -55235.64 2414.51
v -51520.68 -55225.07 2362.54
v -51513.63 -55243.79 2192.54
v -51625.94 -55286.06 2192.54
v -51625.94 -55286.06 2362.54
v -51597.87 -55275.49 2414.51
v -51541.71 -55254.36 2414.51
v -51513.63 -55243.79 2362.54
v -51537.53 -55231.41 2210.54
v -51616.14 -55261.00 2210.54
v -51616.14 -55261.00 2362.54
v -51596.49 -55253.60 2398.92
v -51557.18 -55238.81 2398.92
v -51537.53 -55231.41 2362.54
v -51530.48 -55250.13 2210.54
v -51609.10 -55279.72 2210.54
v -51609.10 -55279.72 2362.54
v -51589.44 -55272.32 2398.92
v -51550.14 -55257.53 2398.92
v -51530.48 -55250.13 2362.54
v -51501.96 -55218.03 2188.54
v -51651.71 -55274.39 2188.54
v -51642.55 -55298.72 2188.54
v -51492.80 -55242.36 2188.54
v -51501.96 -55218.03 2204.54
v -51651.71 -55274.39 2204.54
v -51642.55 -55298.72 2204.54
v -51492.80 -55242.36 2204.54
v -52148.21 -55307.93 2282.54
v -52183.44 -55214.34 2282.54
v -52183.44 -55214.34 2462.54
v -52148.21 -55307.93 2462.54
v -52161.32 -55312.87 2282.54
v -52196.54 -55219.28 2282.54
v -52196.54 -55219.28 2462.54
v -52161.32 -55312.87 2462.54
v -52153.14 -55294.83 2296.54
v -52178.51 -55227.45 2296.54
v -52178.51 -55227.45 2448.54
v -52153.14 -55294.83 2448.54
v -52166.25 -55299.76 2296.54
v -52191.61 -55232.38 2296.54
v -52191.61 -55232.38 2448.54
v -52166.25 -55299.76 2448.54
v -52241.72 -55076.54 2802.54
v -51188.83 -54680.25 2802.54
v -51048.27 -55053.68 2802.54
v -52101.17 -55449.97 2802.54
v -52241.72 -55076.54 2816.54
v -51188.83 -54680.25 2816.54
v -51048.27 -55053.68 2816.54
v -52101.17 -55449.97 2816.54
v -52226.26 -55083.54 2802.54
v -51195.83 -54695.71 2802.54
v -51063.73 -55046.67 2802.54
v -52094.16 -55434.51 2802.54
v -52226.26 -55083.54 2816.54
v -51195.83 -54695.71 2816.54
v -51063.73 -55046.67 2816.54
v -52094.16 -55434.51 2816.54
v -52254.60 -55070.70 2780.54
v -51182.99 -54667.37 2780.54
v -51035.39 -55059.51 2780.54
v -52107.00 -55462.85 2780.54
v -52254.60 -55070.70 2808.54
v -51182.99 -54667.37 2808.54
v -51035.39 -55059.51 2808.54
v -52107.00 -55462.85 2808.54
v -52226.26 -55083.54 2780.54
v -51195.83 -54695.71 2780.54
v -51063.73 -55046.67 2780.54
v -52094.16 -55434.51 2780.54
v -52226.26 -55083.54 2808.54
v -51195.83 -54695.71 2808.54
v -51063.73 -55046.67 2808.54
v -52094.16 -55434.51 2808.54
v -52246.87 -55074.21 2838.54
v -51186.49 -54675.10 2838.54
v -51043.12 -55056.01 2838.54
v -52103.50 -55455.12 2838.54
v -52246.87 -55074.21 2908.54
v -51186.49 -54675.10 2908.54
v -51043.12 -55056.01 2908.54
v -52103.50 -55455.12 2908.54
v -52179.89 -55104.55 2838.54
v -51216.84 -54742.08 2838.54
v -51110.11 -55025.66 2838.54
v -52073.15 -55388.13 2838.54
v -52179.89 -55104.55 2908.54
v -51216.84 -54742.08 2908.54
v -51110.11 -55025.66 2908.54
v -52073.15 -55388.13 2908.54
v -51270.70 -54723.89 2217.54
v -51195.83 -54695.71 2217.54
v -51199.35 -54686.35 2217.54
v -51274.22 -54714.53 2217.54
v -51270.70 -54723.89 2272.54
v -51195.83 -54695.71 2272.54
v -51199.35 -54686.35 2272.54
v -51274.22 -54714.53 2272.54
v -51195.83 -54695.71 2289.54
v -51176.10 -54748.12 2289.54
v -51166.74 -54744.60 2289.54
v -51186.47 -54692.19 2289.54
v -51195.83 -54695.71 2344.54
v -51176.10 -54748.12 2344.54
v -51166.74 -54744.60 2344.54
v -51186.47 -54692.19 2344.54
v -51270.70 -54723.89 2361.54
v -51195.83 -54695.71 2361.54
v -51199.35 -54686.35 2361.54
v -51274.22 -54714.53 2361.54
v -51270.70 -54723.89 2416.54
v -51195.83 -54695.71 2416.54
v -51199.35 -54686.35 2416.54
v -51274.22 -54714.53 2416.54
v -51195.83 -54695.71 2433.54
v -51176.10 -54748.12 2433.54
v -51166.74 -54744.60 2433.54
v -51186.47 -54692.19 2433.54
v -51195.83 -54695.71 2488.54
v -51176.10 -54748.12 2488.54
v -51166.74 -54744.60 2488.54
v -51186.47 -54692.19 2488.54
v -52019.29 -55406.33 2217.54
v -52094.16 -55434.51 2217.54
v -52090.64 -55443.87 2217.54
v -52015.77 -55415.69 2217.54
v -52019.29 -55406.33 2272.54
v -52094.16 -55434.51 2272.54
v -52090.64 -55443.87 2272.54
v -52015.77 -55415.69 2272.54
v -52094.16 -55434.51 2289.54
v -52113.89 -55382.10 2289.54
v -52123.25 -55385.62 2289.54
v -52103.52 -55438.03 2289.54
v -52094.16 -55434.51 2344.54
v -52113.89 -55382.10 2344.54
v -52123.25 -55385.62 2344.54
v -52103.52 -55438.03 2344.54
v -52019.29 -55406.33 2361.54
v -52094.16 -55434.51 2361.54
v -52090.64 -55443.87 2361.54
v -52015.77 -55415.69 2361.54
v -52019.29 -55406.33 2416.54
v -52094.16 -55434.51 2416.54
v -52090.64 -55443.87 2416.54
v -52015.77 -55415.69 2416.54
v -52094.16 -55434.51 2433.54
v -52113.89 -55382.10 2433.54
v -52123.25 -55385.62 2433.54
v -52103.52 -55438.03 2433.54
v -52094.16 -55434.51 2488.54
v -52113.89 -55382.10 2488.54
v -52123.25 -55385.62 2488.54
v -52103.52 -55438.03 2488.54
v -52198.08 -55158.42 2217.54
v -52226.26 -55083.54 2217.54
v -52235.62 -55087.07 2217.54
v -52207.44 -55161.94 2217.54
v -52198.08 -55158.42 2272.54
v -52226.26 -55083.54 2272.54
v -52235.62 -55087.07 2272.54
v -52207.44 -55161.94 2272.54
v -52226.26 -55083.54 2289.54
v -52173.85 -55063.82 2289.54
v -52177.37 -55054.46 2289.54
v -52229.78 -55074.18 2289.54
v -52226.26 -55083.54 2344.54
v -52173.85 -55063.82 2344.54
v -52177.37 -55054.46 2344.54
v -52229.78 -55074.18 2344.54
v -52198.08 -55158.42 2361.54
v -52226.26 -55083.54 2361.54
v -52235.62 -55087.07 2361.54
v -52207.44 -55161.94 2361.54
v -52198.08 -55158.42 2416.54
v -52226.26 -55083.54 2416.54
v -52235.62 -55087.07 2416.54
v -52207.44 -55161.94 2416.54
v -52226.26 -55083.54 2433.54
v -52173.85 -55063.82 2433.54
v -52177.37 -55054.46 2433.54
v -52229.78 -55074.18 2433.54
v -52226.26 -55083.54 2488.54
v -52173.85 -55063.82 2488.54
v -52177.37 -55054.46 2488.54
v -52229.78 -55074.18 2488.54
v -51091.91 -54971.80 2217.54
v -51063.73 -55046.67 2217.54
v -51054.37 -55043.15 2217.54
v -51082.55 -54968.28 2217.54
v -51091.91 -54971.80 2272.54
v -51063.73 -55046.67 2272.54
v -51054.37 -55043.15 2272.54
v -51082.55 -54968.28 2272.54
v -51063.73 -55046.67 2289.54
v -51116.14 -55066.40 2289.54
v -51112.62 -55075.76 2289.54
v -51060.21 -55056.03 2289.54
v -51063.73 -55046.67 2344.54
v -51116.14 -55066.40 2344.54
v -51112.62 -55075.76 2344.54
v -51060.21 -55056.03 2344.54
v -51091.91 -54971.80 2361.54
v -51063.73 -55046.67 2361.54
v -51054.37 -55043.15 2361.54
v -51082.55 -54968.28 2361.54
v -51091.91 -54971.80 2416.54
v -51063.73 -55046.67 2416.54
v -51054.37 -55043.15 2416.54
v -51082.55 -54968.28 2416.54
v -51063.73 -55046.67 2433.54
v -51116.14 -55066.40 2433.54
v -51112.62 -55075.76 2433.54
v -51060.21 -55056.03 2433.54
v -51063.73 -55046.67 2488.54
v -51116.14 -55066.40 2488.54
v -51112.62 -55075.76 2488.54
v -51060.21 -55056.03 2488.54
v -53310.01 -53792.14 2243.25
v -52291.45 -53614.12 2243.25
v -52226.71 -53984.51 2243.25
v -53245.27 -54162.52 2243.25
v -53310.01 -53792.14 3203.25
v -52291.45 -53614.12 3203.25
v -52226.71 -53984.51 3203.25
v -53245.27 -54162.52 3203.25
v -53175.80 -53756.50 2333.25
v -53077.30 -53739.29 2333.25
v -53077.30 -53739.29 2513.25
v -53175.80 -53756.50 2513.25
v -53178.21 -53742.71 2333.25
v -53079.71 -53725.49 2333.25
v -53079.71 -53725.49 2513.25
v -53178.21 -53742.71 2513.25
v -53162.01 -53754.09 2347.25
v -53091.09 -53741.70 2347.25
v -53091.09 -53741.70 2499.25
v -53162.01 -53754.09 2499.25
v -53164.42 -53740.30 2347.25
v -53093.50 -53727.91 2347.25
v -53093.50 -53727.91 2499.25
v -53164.42 -53740.30 2499.25
v -53175.80 -53756.50 2653.25
v -53077.30 -53739.29 2653.25
v -53077.30 -53739.29 2833.25
v -53175.80 -53756.50 2833.25
v -53178.21 -53742.71 2653.25
v -53079.71 -53725.49 2653.25
v -53079.71 -53725.49 2833.25
v -53178.21 -53742.71 2833.25
v -53162.01 -53754.09 2667.25
v -53091.09 -53741.70 2667.25
v -53091.09 -53741.70 2819.25
v -53162.01 -53754.09 2819.25
v -53164.42 -53740.30 2667.25
v -53093.50 -53727.91 2667.25
v -53093.50 -53727.91 2819.25
v -53164.42 -53740.30 2819.25
v -52852.05 -53699.92 2333.25
v -52753.54 -53682.70 2333.25
v -52753.54 -53682.70 2513.25
v -52852.05 -53699.92 2513.25
v -52854.46 -53686.13 2333.25
v -52755.95 -53668.91 2333.25
v -52755.95 -53668.91 2513.25
v -52854.46 -53686.13 2513.25
v -52838.25 -53697.51 2347.25
v -52767.33 -53685.11 2347.25
v -52767.33 -53685.11 2499.25
v -52838.25 -53697.51 2499.25
v -52840.66 -53683.72 2347.25
v -52769.74 -53671.32 2347.25
v -52769.74 -53671.32 2499.25
v -52840.66 -53683.72 2499.25
v -52852.05 -53699.92 2653.25
v -52753.54 -53682.70 2653.25
v -52753.54 -53682.70 2833.25
v -52852.05 -53699.92 2833.25
v -52854.46 -53686.13 2653.25
v -52755.95 -53668.91 2653.25
v -52755.95 -53668.91 2833.25
v -52854.46 -53686.13 2833.25
v -52838.25 -53697.51 2667.25
v -52767.33 -53685.11 2667.25
v -52767.33 -53685.11 2819.25
v -52838.25 -53697.51 2819.25
v -52840.66 -53683.72 2667.25
v -52769.74 -53671.32 2667.25
v -52769.74 -53671.32 2819.25
v -52840.66 -53683.72 2819.25
v -52528.29 -53643.33 2333.25
v -52429.78 -53626.12 2333.25
v -52429.78 -53626.12 2513.25
v -52528.29 -53643.33 2513.25
v -52530.70 -53629.54 2333.25
v -52432.19 -53612.32 2333.25
v -52432.19 -53612.32 2513.25
v -52530.70 -53629.54 2513.25
v -52514.50 -53640.92 2347.25
v -52443.57 -53628.53 2347.25
v -52443.57 -53628.53 2499.25
v -52514.50 -53640.92 2499.25
v -52516.91 -53627.13 2347.25
v -52445.98 -53614.73 2347.25
v -52445.98 -53614.73 2499.25
v -52516.91 -53627.13 2499.25
v -52528.29 -53643.33 2653.25
v -52429.78 -53626.12 2653.25
v -52429.78 -53626.12 2833.25
v -52528.29 -53643.33 2833.25
v -52530.70 -53629.54 2653.25
v -52432.19 -53612.32 2653.25
v -52432.19 -53612.32 2833.25
v -52530.70 -53629.54 2833.25
v -52514.50 -53640.92 2667.25
v -52443.57 -53628.53 2667.25
v -52443.57 -53628.53 2819.25
v -52514.50 -53640.92 2819.25
v -52516.91 -53627.13 2667.25
v -52445.98 -53614.73 2667.25
v -52445.98 -53614.73 2819.25
v -52516.91 -53627.13 2819.25
v -52255.87 -53747.99 2333.25
v -52238.65 -53846.50 2333.25
v -52238.65 -53846.50 2513.25
v -52255.87 -53747.99 2513.25
v -52242.08 -53745.58 2333.25
v -52224.86 -53844.09 2333.25
v -52224.86 -53844.09 2513.25
v -52242.08 -53745.58 2513.25
v -52253.46 -53761.78 2347.25
v -52241.06 -53832.71 2347.25
v -52241.06 -53832.71 2499.25
v -52253.46 -53761.78 2499.25
v -52239.66 -53759.37 2347.25
v -52227.27 -53830.30 2347.25
v -52227.27 -53830.30 2499.25
v -52239.66 -53759.37 2499.25
v -52255.87 -53747.99 2653.25
v -52238.65 -53846.50 2653.25
v -52238.65 -53846.50 2833.25
v -52255.87 -53747.99 2833.25
v -52242.08 -53745.58 2653.25
v -52224.86 -53844.09 2653.25
v -52224.86 -53844.09 2833.25
v -52242.08 -53745.58 2833.25
v -52253.46 -53761.78 2667.25
v -52241.06 -53832.71 2667.25
v -52241.06 -53832.71 2819.25
v -52253.46 -53761.78 2819.25
v -52239.66 -53759.37 2667.25
v -52227.27 -53830.30 2667.25
v -52227.27 -53830.30 2819.25
v -52239.66 -53759.37 2819.25
v -52360.91 -54020.14 2333.25
v -52459.42 -54037.36 2333.25
v -52459.42 -54037.36 2513.25
v -52360.91 -54020.14 2513.25
v -52358.50 -54033.93 2333.25
v -52457.01 -54051.15 2333.25
v -52457.01 -54051.15 2513.25
v -52358.50 -54033.93 2513.25
v -52374.70 -54022.55 2347.25
v -52445.63 -54034.95 2347.25
v -52445.63 -54034.95 2499.25
v -52374.70 -54022.55 2499.25
v -52372.29 -54036.34 2347.25
v -52443.22 -54048.74 2347.25
v -52443.22 -54048.74 2499.25
v -52372.29 -54036.34 2499.25
v -52360.91 -54020.14 2653.25
v -52459.42 -54037.36 2653.25
v -52459.42 -54037.36 2833.25
v -52360.91 -54020.14 2833.25
v -52358.50 -54033.93 2653.25
v -52457.01 -54051.15 2653.25
v -52457.01 -54051.15 2833.25
v -52358.50 -54033.93 2833.25
v -52374.70 -54022.55 2667.25
v -52445.63 -54034.95 2667.25
v -52445.63 -54034.95 2819.25
v -52374.70 -54022.55 2819.25
v -52372.29 -54036.34 2667.25
v -52443.22 -54048.74 2667.25
v -52443.22 -54048.74 2819.25
v -52372.29 -54036.34 2819.25
v -52684.67 -54076.73 2653.25
v -52783.18 -54093.94 2653.25
v -52783.18 -54093.94 2833.25
v -52684.67 -54076.73 2833.25
v -52682.26 -54090.52 2653.25
v -52780.77 -54107.74 2653.25
v -52780.77 -54107.74 2833.25
v -52682.26 -54090.52 2833.25
v -52698.46 -54079.14 2667.25
v -52769.39 -54091.53 2667.25
v -52769.39 -54091.53 2819.25
v -52698.46 -54079.14 2819.25
v -52696.05 -54092.93 2667.25
v -52766.98 -54105.33 2667.25
v -52766.98 -54105.33 2819.25
v -52696.05 -54092.93 2819.25
v -53008.43 -54133.31 2333.25
v -53106.94 -54150.53 2333.25
v -53106.94 -54150.53 2513.25
v -53008.43 -54133.31 2513.25
v -53006.02 -54147.10 2333.25
v -53104.53 -54164.32 2333.25
v -53104.53 -54164.32 2513.25
v -53006.02 -54147.10 2513.25
v -53022.22 -54135.72 2347.25
v -53093.15 -54148.12 2347.25
v -53093.15 -54148.12 2499.25
v -53022.22 -54135.72 2499.25
v -53019.81 -54149.51 2347.25
v -53090.74 -54161.91 2347.25
v -53090.74 -54161.91 2499.25
v -53019.81 -54149.51 2499.25
v -53008.43 -54133.31 2653.25
v -53106.94 -54150.53 2653.25
v -53106.94 -54150.53 2833.25
v -53008.43 -54133.31 2833.25
v -53006.02 -54147.10 2653.25
v -53104.53 -54164.32 2653.25
v -53104.53 -54164.32 2833.25
v -53006.02 -54147.10 2833.25
v -53022.22 -54135.72 2667.25
v -53093.15 -54148.12 2667.25
v -53093.15 -54148.12 2819.25
v -53022.22 -54135.72 2819.25
v -53019.81 -54149.51 2667.25
v -53090.74 -54161.91 2667.25
v -53090.74 -54161.91 2819.25
v -53019.81 -54149.51 2819.25
v -52674.82 -54075.01 2243.25
v -52793.03 -54095.67 2243.25
v -52793.03 -54095.67 2413.25
v -52763.48 -54090.50 2465.22
v -52704.37 -54080.17 2465.22
v -52674.82 -54075.01 2413.25
v -52671.38 -54094.71 2243.25
v -52789.59 -54115.37 2243.25
v -52789.59 -54115.37 2413.25
v -52760.03 -54110.20 2465.22
v -52700.93 -54099.87 2465.22
v -52671.38 -54094.71 2413.25
v -52692.55 -54078.11 2261.25
v -52775.30 -54092.57 2261.25
v -52775.30 -54092.57 2413.25
v -52754.61 -54088.95 2449.63
v -52713.24 -54081.72 2449.63
v -52692.55 -54078.11 2413.25
v -52689.11 -54097.81 2261.25
v -52771.86 -54112.27 2261.25
v -52771.86 -54112.27 2413.25
v -52751.17 -54108.65 2449.63
v -52709.80 -54101.42 2449.63
v -52689.11 -54097.81 2413.25
v -52655.12 -54071.56 2239.25
v -52812.73 -54099.11 2239.25
v -52808.25 -54124.72 2239.25
v -52650.64 -54097.17 2239.25
v -52655.12 -54071.56 2255.25
v -52812.73 -54099.11 2255.25
v -52808.25 -54124.72 2255.25
v -52650.64 -54097.17 2255.25
v -53280.85 -54028.65 2333.25
v -53298.07 -53930.14 2333.25
v -53298.07 -53930.14 2513.25
v -53280.85 -54028.65 2513.25
v -53294.64 -54031.06 2333.25
v -53311.86 -53932.56 2333.25
v -53311.86 -53932.56 2513.25
v -53294.64 -54031.06 2513.25
v -53283.26 -54014.86 2347.25
v -53295.66 -53943.94 2347.25
v -53295.66 -53943.94 2499.25
v -53283.26 -54014.86 2499.25
v -53297.05 -54017.27 2347.25
v -53309.45 -53946.35 2347.25
v -53309.45 -53946.35 2499.25
v -53297.05 -54017.27 2499.25
v -53280.85 -54028.65 2653.25
v -53298.07 -53930.14 2653.25
v -53298.07 -53930.14 2833.25
v -53280.85 -54028.65 2833.25
v -53294.64 -54031.06 2653.25
v -53311.86 -53932.56 2653.25
v -53311.86 -53932.56 2833.25
v -53294.64 -54031.06 2833.25
v -53283.26 -54014.86 2667.25
v -53295.66 -53943.94 2667.25
v -53295.66 -53943.94 2819.25
v -53283.26 -54014.86 2819.25
v -53297.05 -54017.27 2667.25
v -53309.45 -53946.35 2667.25
v -53309.45 -53946.35 2819.25
v -53297.05 -54017.27 2819.25
v -53330.84 -53777.51 3173.25
v -52276.81 -53593.29 3173.25
v -52205.88 -53999.14 3173.25
v -53259.90 -54183.36 3173.25
v -53330.84 -53777.51 3187.25
v -52276.81 -53593.29 3187.25
v -52205.88 -53999.14 3187.25
v -53259.90 -54183.36 3187.25
v -53316.95 -53787.26 3173.25
v -52286.57 -53607.18 3173.25
v -52219.77 -53989.38 3173.25
v -53250.15 -54169.47 3173.25
v -53316.95 -53787.26 3187.25
v -52286.57 -53607.18 3187.25
v -52219.77 -53989.38 3187.25
v -53250.15 -54169.47 3187.25
v -53342.41 -53769.38 3151.25
v -52268.68 -53581.72 3151.25
v -52194.31 -54007.27 3151.25
v -53268.03 -54194.93 3151.25
v -53342.41 -53769.38 3179.25
v -52268.68 -53581.72 3179.25
v -52194.31 -54007.27 3179.25
v -53268.03 -54194.93 3179.25
v -53316.95 -53787.26 3151.25
v -52286.57 -53607.18 3151.25
v -52219.77 -53989.38 3151.25
v -53250.15 -54169.47 3151.25
v -53316.95 -53787.26 3179.25
v -52286.57 -53607.18 3179.25
v -52219.77 -53989.38 3179.25
v -53250.15 -54169.47 3179.25
v -53335.47 -53774.26 3209.25
v -52273.56 -53588.66 3209.25
v -52201.25 -54002.39 3209.25
v -53263.16 -54187.98 3209.25
v -53335.47 -53774.26 3279.25
v -52273.56 -53588.66 3279.25
v -52201.25 -54002.39 3279.25
v -53263.16 -54187.98 3279.25
v -53275.29 -53816.53 3209.25
v -52315.83 -53648.84 3209.25
v -52261.43 -53960.12 3209.25
v -53220.88 -54127.81 3209.25
v -53275.29 -53816.53 3279.25
v -52315.83 -53648.84 3279.25
v -52261.43 -53960.12 3279.25
v -53220.88 -54127.81 3279.25
v -53303.18 -53866.07 2268.25
v -53316.95 -53787.26 2268.25
v -53326.80 -53788.98 2268.25
v -53313.03 -53867.79 2268.25
v -53303.18 -53866.07 2323.25
v -53316.95 -53787.26 2323.25
v -53326.80 -53788.98 2323.25
v -53313.03 -53867.79 2323.25
v -53316.95 -53787.26 2340.25
v -53261.79 -53777.62 2340.25
v -53263.51 -53767.77 2340.25
v -53318.67 -53777.41 2340.25
v -53316.95 -53787.26 2395.25
v -53261.79 -53777.62 2395.25
v -53263.51 -53767.77 2395.25
v -53318.67 -53777.41 2395.25
v -53303.18 -53866.07 2412.25
v -53316.95 -53787.26 2412.25
v -53326.80 -53788.98 2412.25
v -53313.03 -53867.79 2412.25
v -53303.18 -53866.07 2467.25
v -53316.95 -53787.26 2467.25
v -53326.80 -53788.98 2467.25
v -53313.03 -53867.79 2467.25
v -53316.95 -53787.26 2484.25
v -53261.79 -53777.62 2484.25
v -53263.51 -53767.77 2484.25
v -53318.67 -53777.41 2484.25
v -53316.95 -53787.26 2539.25
v -53261.79 -53777.62 2539.25
v -53263.51 -53767.77 2539.25
v -53318.67 -53777.41 2539.25
v -52365.37 -53620.95 2268.25
v -52286.57 -53607.18 2268.25
v -52288.29 -53597.33 2268.25
v -52367.10 -53611.10 2268.25
v -52365.37 -53620.95 2323.25
v -52286.57 -53607.18 2323.25
v -52288.29 -53597.33 2323.25
v -52367.10 -53611.10 2323.25
v -52286.57 -53607.18 2340.25
v -52276.93 -53662.34 2340.25
v -52267.08 -53660.62 2340.25
v -52276.72 -53605.46 2340.25
v -52286.57 -53607.18 2395.25
v -52276.93 -53662.34 2395.25
v -52267.08 -53660.62 2395.25
v -52276.72 -53605.46 2395.25
v -52365.37 -53620.95 2412.25
v -52286.57 -53607.18 2412.25
v -52288.29 -53597.33 2412.25
v -52367.10 -53611.10 2412.25
v -52365.37 -53620.95 2467.25
v -52286.57 -53607.18 2467.25
v -52288.29 -53597.33 2467.25
v -52367.10 -53611.10 2467.25
v -52286.57 -53607.18 2484.25
v -52276.93 -53662.34 2484.25
v -52267.08 -53660.62 2484.25
v -52276.72 -53605.46 2484.25
v -52286.57 -53607.18 2539.25
v -52276.93 -53662.34 2539.25
v -52267.08 -53660.62 2539.25
v -52276.72 -53605.46 2539.25
v -52233.54 -53910.58 2268.25
v -52219.77 -53989.38 2268.25
v -52209.92 -53987.66 2268.25
v -52223.69 -53908.86 2268.25
v -52233.54 -53910.58 2323.25
v -52219.77 -53989.38 2323.25
v -52209.92 -53987.66 2323.25
v -52223.69 -53908.86 2323.25
v -52219.77 -53989.38 2340.25
v -52274.93 -53999.02 2340.25
v -52273.21 -54008.88 2340.25
v -52218.05 -53999.23 2340.25
v -52219.77 -53989.38 2395.25
v -52274.93 -53999.02 2395.25
v -52273.21 -54008.88 2395.25
v -52218.05 -53999.23 2395.25
v -52233.54 -53910.58 2412.25
v -52219.77 -53989.38 2412.25
v -52209.92 -53987.66 2412.25
v -52223.69 -53908.86 2412.25
v -52233.54 -53910.58 2467.25
v -52219.77 -53989.38 2467.25
v -52209.92 -53987.66 2467.25
v -52223.69 -53908.86 2467.25
v -52219.77 -53989.38 2484.25
v -52274.93 -53999.02 2484.25
v -52273.21 -54008.88 2484.25
v -52218.05 -53999.23 2484.25
v -52219.77 -53989.38 2539.25
v -52274.93 -53999.02 2539.25
v -52273.21 -54008.88 2539.25
v -52218.05 -53999.23 2539.25
v -53171.34 -54155.70 2268.25
v -53250.15 -54169.47 2268.25
v -53248.43 -54179.32 2268.25
v -53169.62 -54165.55 2268.25
v -53171.34 -54155.70 2323.25
v -53250.15 -54169.47 2323.25
v -53248.43 -54179.32 2323.25
v -53169.62 -54165.55 2323.25
v -53250.15 -54169.47 2340.25
v -53259.79 -54114.30 2340.25
v -53269.64 -54116.03 2340.25
v -53260.00 -54171.19 2340.25
v -53250.15 -54169.47 2395.25
v -53259.79 -54114.30 2395.25
v -53269.64 -54116.03 2395.25
v -53260.00 -54171.19 2395.25
v -53171.34 -54155.70 2412.25
v -53250.15 -54169.47 2412.25
v -53248.43 -54179.32 2412.25
v -53169.62 -54165.55 2412.25
v -53171.34 -54155.70 2467.25
v -53250.15 -54169.47 2467.25
v -53248.43 -54179.32 2467.25
v -53169.62 -54165.55 2467.25
v -53250.15 -54169.47 2484.25
v -53259.79 -54114.30 2484.25
v -53269.64 -54116.03 2484.25
v -53260.00 -54171.19 2484.25
v -53250.15 -54169.47 2539.25
v -53259.79 -54114.30 2539.25
v -53269.64 -54116.03 2539.25
v -53260.00 -54171.19 2539.25
v -53083.83 -52180.60 2220.08
v -53071.65 -51804.79 2220.08
v -52226.10 -51832.21 2220.08
v -52238.28 -52208.01 2220.08
v -53083.83 -52180.60 2860.08
v -53071.65 -51804.79 2860.08
v -52226.10 -51832.21 2860.08
v -52238.28 -52208.01 2860.08
v -53091.36 -52042.28 2310.08
v -53088.12 -51942.33 2310.08
v -53088.12 -51942.33 2490.08
v -53091.36 -52042.28 2490.08
v -53105.35 -52041.83 2310.08
v -53102.11 -51941.88 2310.08
v -53102.11 -51941.88 2490.08
v -53105.35 -52041.83 2490.08
v -53090.90 -52028.29 2324.08
v -53088.57 -51956.33 2324.08
v -53088.57 -51956.33 2476.08
v -53090.90 -52028.29 2476.08
v -53104.90 -52027.83 2324.08
v -53102.56 -51955.87 2324.08
v -53102.56 -51955.87 2476.08
v -53104.90 -52027.83 2476.08
v -52897.85 -51798.42 2310.08
v -52797.91 -51801.66 2310.08
v -52797.91 -51801.66 2490.08
v -52897.85 -51798.42 2490.08
v -52897.40 -51784.43 2310.08
v -52797.45 -51787.67 2310.08
v -52797.45 -51787.67 2490.08
v -52897.40 -51784.43 2490.08
v -52883.86 -51798.88 2324.08
v -52811.90 -51801.21 2324.08
v -52811.90 -51801.21 2476.08
v -52883.86 -51798.88 2476.08
v -52883.41 -51784.88 2324.08
v -52811.45 -51787.22 2324.08
v -52811.45 -51787.22 2476.08
v -52883.41 -51784.88 2476.08
v -52499.06 -51811.35 2310.08
v -52399.12 -51814.59 2310.08
v -52399.12 -51814.59 2490.08
v -52499.06 -51811.35 2490.08
v -52498.61 -51797.36 2310.08
v -52398.66 -51800.60 2310.08
v -52398.66 -51800.60 2490.08
v -52498.61 -51797.36 2490.08
v -52485.07 -51811.80 2324.08
v -52413.11 -51814.14 2324.08
v -52413.11 -51814.14 2476.08
v -52485.07 -51811.80 2476.08
v -52484.62 -51797.81 2324.08
v -52412.66 -51800.14 2324.08
v -52412.66 -51800.14 2476.08
v -52484.62 -51797.81 2476.08
v -52218.25 -51960.53 2220.08
v -52222.14 -52080.46 2220.08
v -52222.14 -52080.46 2450.08
v -52218.25 -51960.53 2450.08
v -52198.26 -51961.18 2220.08
v -52202.15 -52081.11 2220.08
v -52202.15 -52081.11 2450.08
v -52198.26 -51961.18 2450.08
v -52218.83 -51978.52 2238.08
v -52221.55 -52062.47 2238.08
v -52221.55 -52062.47 2432.08
v -52218.83 -51978.52 2432.08
v -52198.84 -51979.17 2238.08
v -52201.56 -52063.12 2238.08
v -52201.56 -52063.12 2432.08
v -52198.84 -51979.17 2432.08
v -52217.60 -51940.54 2216.08
v -52222.79 -52100.45 2216.08
v -52196.80 -52101.30 2216.08
v -52191.62 -51941.38 2216.08
v -52217.60 -51940.54 2232.08
v -52222.79 -52100.45 2232.08
v -52196.80 -52101.30 2232.08
v -52191.62 -51941.38 2232.08
v -52412.08 -52214.38 2310.08
v -52512.02 -52211.14 2310.08
v -52512.02 -52211.14 2490.08
v -52412.08 -52214.38 2490.08
v -52412.53 -52228.37 2310.08
v -52512.48 -52225.13 2310.08
v -52512.48 -52225.13 2490.08
v -52412.53 -52228.37 2490.08
v -52426.07 -52213.93 2324.08
v -52498.03 -52211.59 2324.08
v -52498.03 -52211.59 2476.08
v -52426.07 -52213.93 2476.08
v -52426.52 -52227.92 2324.08
v -52498.48 -52225.59 2324.08
v -52498.48 -52225.59 2476.08
v -52426.52 -52227.92 2476.08
v -52810.87 -52201.45 2310.08
v -52910.81 -52198.21 2310.08
v -52910.81 -52198.21 2490.08
v -52810.87 -52201.45 2490.08
v -52811.32 -52215.45 2310.08
v -52911.27 -52212.21 2310.08
v -52911.27 -52212.21 2490.08
v -52811.32 -52215.45 2490.08
v -52824.86 -52201.00 2324.08
v -52896.82 -52198.67 2324.08
v -52896.82 -52198.67 2476.08
v -52824.86 -52201.00 2476.08
v -52825.31 -52214.99 2324.08
v -52897.28 -52212.66 2324.08
v -52897.28 -52212.66 2476.08
v -52825.31 -52214.99 2476.08
v -53102.41 -52198.00 2830.08
v -53089.06 -51786.22 2830.08
v -52207.52 -51814.80 2830.08
v -52220.87 -52226.58 2830.08
v -53102.41 -52198.00 2844.08
v -53089.06 -51786.22 2844.08
v -52207.52 -51814.80 2844.08
v -52220.87 -52226.58 2844.08
v -53090.03 -52186.40 2830.08
v -53077.45 -51798.60 2830.08
v -52219.90 -51826.40 2830.08
v -52232.48 -52214.20 2830.08
v -53090.03 -52186.40 2844.08
v -53077.45 -51798.60 2844.08
v -52219.90 -51826.40 2844.08
v -52232.48 -52214.20 2844.08
v -53112.73 -52207.68 2808.08
v -53098.73 -51775.90 2808.08
v -52197.20 -51805.13 2808.08
v -52211.20 -52236.90 2808.08
v -53112.73 -52207.68 2836.08
v -53098.73 -51775.90 2836.08
v -52197.20 -51805.13 2836.08
v -52211.20 -52236.90 2836.08
v -53090.03 -52186.40 2808.08
v -53077.45 -51798.60 2808.08
v -52219.90 -51826.40 2808.08
v -52232.48 -52214.20 2808.08
v -53090.03 -52186.40 2836.08
v -53077.45 -51798.60 2836.08
v -52219.90 -51826.40 2836.08
v -52232.48 -52214.20 2836.08
v -53106.54 -52201.87 2866.08
v -53092.93 -51782.09 2866.08
v -52203.39 -51810.93 2866.08
v -52217.00 -52230.71 2866.08
v -53106.54 -52201.87 2936.08
v -53092.93 -51782.09 2936.08
v -52203.39 -51810.93 2936.08
v -52217.00 -52230.71 2936.08
v -53052.88 -52151.58 2866.08
v -53042.64 -51835.75 2866.08
v -52257.05 -51861.22 2866.08
v -52267.29 -52177.05 2866.08
v -53052.88 -52151.58 2936.08
v -53042.64 -51835.75 2936.08
v -52257.05 -51861.22 2936.08
v -52267.29 -52177.05 2936.08
v -53010.07 -52188.99 2245.08
v -53090.03 -52186.40 2245.08
v -53090.35 -52196.39 2245.08
v -53010.39 -52198.99 2245.08
v -53010.07 -52188.99 2300.08
v -53090.03 -52186.40 2300.08
v -53090.35 -52196.39 2300.08
v -53010.39 -52198.99 2300.08
v -53090.03 -52186.40 2317.08
v -53088.21 -52130.43 2317.08
v -53098.21 -52130.11 2317.08
v -53100.02 -52186.08 2317.08
v -53090.03 -52186.40 2372.08
v -53088.21 -52130.43 2372.08
v -53098.21 -52130.11 2372.08
v -53100.02 -52186.08 2372.08
v -53010.07 -52188.99 2389.08
v -53090.03 -52186.40 2389.08
v -53090.35 -52196.39 2389.08
v -53010.39 -52198.99 2389.08
v -53010.07 -52188.99 2444.08
v -53090.03 -52186.40 2444.08
v -53090.35 -52196.39 2444.08
v -53010.39 -52198.99 2444.08
v -53090.03 -52186.40 2461.08
v -53088.21 -52130.43 2461.08
v -53098.21 -52130.11 2461.08
v -53100.02 -52186.08 2461.08
v -53090.03 -52186.40 2516.08
v -53088.21 -52130.43 2516.08
v -53098.21 -52130.11 2516.08
v -53100.02 -52186.08 2516.08
v -53080.05 -51878.56 2245.08
v -53077.45 -51798.60 2245.08
v -53087.45 -51798.28 2245.08
v -53090.04 -51878.24 2245.08
v -53080.05 -51878.56 2300.08
v -53077.45 -51798.60 2300.08
v -53087.45 -51798.28 2300.08
v -53090.04 -51878.24 2300.08
v -53077.45 -51798.60 2317.08
v -53021.48 -51800.42 2317.08
v -53021.16 -51790.42 2317.08
v -53077.13 -51788.61 2317.08
v -53077.45 -51798.60 2372.08
v -53021.48 -51800.42 2372.08
v -53021.16 -51790.42 2372.08
v -53077.13 -51788.61 2372.08
v -53080.05 -51878.56 2389.08
v -53077.45 -51798.60 2389.08
v -53087.45 -51798.28 2389.08
v -53090.04 -51878.24 2389.08
v -53080.05 -51878.56 2444.08
v -53077.45 -51798.60 2444.08
v -53087.45 -51798.28 2444.08
v -53090.04 -51878.24 2444.08
v -53077.45 -51798.60 2461.08
v -53021.48 -51800.42 2461.08
v -53021.16 -51790.42 2461.08
v -53077.13 -51788.61 2461.08
v -53077.45 -51798.60 2516.08
v -53021.48 -51800.42 2516.08
v -53021.16 -51790.42 2516.08
v -53077.13 -51788.61 2516.08
v -52299.86 -51823.81 2245.08
v -52219.90 -51826.40 2245.08
v -52219.58 -51816.41 2245.08
v -52299.54 -51813.82 2245.08
v -52299.86 -51823.81 2300.08
v -52219.90 -51826.40 2300.08
v -52219.58 -51816.41 2300.08
v -52299.54 -51813.82 2300.08
v -52219.90 -51826.40 2317.08
v -52221.72 -51882.37 2317.08
v -52211.72 -51882.70 2317.08
v -52209.91 -51826.73 2317.08
v -52219.90 -51826.40 2372.08
v -52221.72 -51882.37 2372.08
v -52211.72 -51882.70 2372.08
v -52209.91 -51826.73 2372.08
v -52299.86 -51823.81 2389.08
v -52219.90 -51826.40 2389.08
v -52219.58 -51816.41 2389.08
v -52299.54 -51813.82 2389.08
v -52299.86 -51823.81 2444.08
v -52219.90 -51826.40 2444.08
v -52219.58 -51816.41 2444.08
v -52299.54 -51813.82 2444.08
v -52219.90 -51826.40 2461.08
v -52221.72 -51882.37 2461.08
v -52211.72 -51882.70 2461.08
v -52209.91 -51826.73 2461.08
v -52219.90 -51826.40 2516.08
v -52221.72 -51882.37 2516.08
v -52211.72 -51882.70 2516.08
v -52209.91 -51826.73 2516.08
v -52229.88 -52134.24 2245.08
v -52232.48 -52214.20 2245.08
v -52222.48 -52214.52 2245.08
v -52219.89 -52134.57 2245.08
v -52229.88 -52134.24 2300.08
v -52232.48 -52214.20 2300.08
v -52222.48 -52214.52 2300.08
v -52219.89 -52134.57 2300.08
v -52232.48 -52214.20 2317.08
v -52288.45 -52212.38 2317.08
v -52288.77 -52222.38 2317.08
v -52232.80 -52224.19 2317.08
v -52232.48 -52214.20 2372.08
v -52288.45 -52212.38 2372.08
v -52288.77 -52222.38 2372.08
v -52232.80 -52224.19 2372.08
v -52229.88 -52134.24 2389.08
v -52232.48 -52214.20 2389.08
v -52222.48 -52214.52 2389.08
v -52219.89 -52134.57 2389.08
v -52229.88 -52134.24 2444.08
v -52232.48 -52214.20 2444.08
v -52222.48 -52214.52 2444.08
v -52219.89 -52134.57 2444.08
v -52232.48 -52214.20 2461.08
v -52288.45 -52212.38 2461.08
v -52288.77 -52222.38 2461.08
v -52232.80 -52224.19 2461.08
v -52232.48 -52214.20 2516.08
v -52288.45 -52212.38 2516.08
v -52288.77 -52222.38 2516.08
v -52232.80 -52224.19 2516.08
v -51653.24 -51945.22 2123.09
v -51615.66 -50785.83 2123.09
v -51215.87 -50798.79 2123.09
v -51253.45 -51958.18 2123.09
v -51653.24 -51945.22 3083.09
v -51615.66 -50785.83 3083.09
v -51215.87 -50798.79 3083.09
v -51253.45 -51958.18 3083.09
v -51660.08 -51785.59 2213.09
v -51656.84 -51685.64 2213.09
v -51656.84 -51685.64 2393.09
v -51660.08 -51785.59 2393.09
v -51674.07 -51785.13 2213.09
v -51670.83 -51685.19 2213.09
v -51670.83 -51685.19 2393.09
v -51674.07 -51785.13 2393.09
v -51659.62 -51771.59 2227.09
v -51657.29 -51699.63 2227.09
v -51657.29 -51699.63 2379.09
v -51659.62 -51771.59 2379.09
v -51673.61 -51771.14 2227.09
v -51671.28 -51699.18 2227.09
v -51671.28 -51699.18 2379.09
v -51673.61 -51771.14 2379.09
v -51660.08 -51785.59 2533.09
v -51656.84 -51685.64 2533.09
v -51656.84 -51685.64 2713.09
v -51660.08 -51785.59 2713.09
v -51674.07 -51785.13 2533.09
v -51670.83 -51685.19 2533.09
v -51670.83 -51685.19 2713.09
v -51674.07 -51785.13 2713.09
v -51659.62 -51771.59 2547.09
v -51657.29 -51699.63 2547.09
v -51657.29 -51699.63 2699.09
v -51659.62 -51771.59 2699.09
v -51673.61 -51771.14 2547.09
v -51671.28 -51699.18 2547.09
v -51671.28 -51699.18 2699.09
v -51673.61 -51771.14 2699.09
v -51648.07 -51415.11 2213.09
v -51644.83 -51315.17 2213.09
v -51644.83 -51315.17 2393.09
v -51648.07 -51415.11 2393.09
v -51662.06 -51414.66 2213.09
v -51658.82 -51314.71 2213.09
v -51658.82 -51314.71 2393.09
v -51662.06 -51414.66 2393.09
v -51647.61 -51401.12 2227.09
v -51645.28 -51329.16 2227.09
v -51645.28 -51329.16 2379.09
v -51647.61 -51401.12 2379.09
v -51661.60 -51400.67 2227.09
v -51659.27 -51328.71 2227.09
v -51659.27 -51328.71 2379.09
v -51661.60 -51400.67 2379.09
v -51648.07 -51415.11 2533.09
v -51644.83 -51315.17 2533.09
v -51644.83 -51315.17 2663.09
v -51645.64 -51340.15 2706.39
v -51647.26 -51390.13 2706.39
v -51648.07 -51415.11 2663.09
v -51662.06 -51414.66 2533.09
v -51658.82 -51314.71 2533.09
v -51658.82 -51314.71 2663.09
v -51659.63 -51339.70 2706.39
v -51661.25 -51389.67 2706.39
v -51662.06 -51414.66 2663.09
v -51647.61 -51401.12 2547.09
v -51645.28 -51329.16 2547.09
v -51645.28 -51329.16 2663.09
v -51645.86 -51347.15 2694.27
v -51647.03 -51383.13 2694.27
v -51647.61 -51401.12 2663.09
v -51661.60 -51400.67 2547.09
v -51659.27 -51328.71 2547.09
v -51659.27 -51328.71 2663.09
v -51659.86 -51346.70 2694.27
v -51661.02 -51382.68 2694.27
v -51661.60 -51400.67 2663.09
v -51636.06 -51044.64 2213.09
v -51632.82 -50944.69 2213.09
v -51632.82 -50944.69 2393.09
v -51636.06 -51044.64 2393.09
v -51650.05 -51044.19 2213.09
v -51646.81 -50944.24 2213.09
v -51646.81 -50944.24 2393.09
v -51650.05 -51044.19 2393.09
v -51635.60 -51030.65 2227.09
v -51633.27 -50958.69 2227.09
v -51633.27 -50958.69 2379.09
v -51635.60 -51030.65 2379.09
v -51649.60 -51030.20 2227.09
v -51647.26 -50958.23 2227.09
v -51647.26 -50958.23 2379.09
v -51649.60 -51030.20 2379.09
v -51636.06 -51044.64 2533.09
v -51632.82 -50944.69 2533.09
v -51632.82 -50944.69 2713.09
v -51636.06 -51044.64 2713.09
v -51650.05 -51044.19 2533.09
v -51646.81 -50944.24 2533.09
v -51646.81 -50944.24 2713.09
v -51650.05 -51044.19 2713.09
v -51635.60 -51030.65 2547.09
v -51633.27 -50958.69 2547.09
v -51633.27 -50958.69 2699.09
v -51635.60 -51030.65 2699.09
v -51649.60 -51030.20 2547.09
v -51647.26 -50958.23 2547.09
v -51647.26 -50958.23 2699.09
v -51649.60 -51030.20 2699.09
v -51465.35 -50778.70 2213.09
v -51365.40 -50781.94 2213.09
v -51365.40 -50781.94 2393.09
v -51465.35 -50778.70 2393.09
v -51464.90 -50764.71 2213.09
v -51364.95 -50767.95 2213.09
v -51364.95 -50767.95 2393.09
v -51464.90 -50764.71 2393.09
v -51451.36 -50779.15 2227.09
v -51379.39 -50781.49 2227.09
v -51379.39 -50781.49 2379.09
v -51451.36 -50779.15 2379.09
v -51450.90 -50765.16 2227.09
v -51378.94 -50767.49 2227.09
v -51378.94 -50767.49 2379.09
v -51450.90 -50765.16 2379.09
v -51465.35 -50778.70 2533.09
v -51365.40 -50781.94 2533.09
v -51365.40 -50781.94 2713.09
v -51465.35 -50778.70 2713.09
v -51464.90 -50764.71 2533.09
v -51364.95 -50767.95 2533.09
v -51364.95 -50767.95 2713.09
v -51464.90 -50764.71 2713.09
v -51451.36 -50779.15 2547.09
v -51379.39 -50781.49 2547.09
v -51379.39 -50781.49 2699.09
v -51451.36 -50779.15 2699.09
v -51450.90 -50765.16 2547.09
v -51378.94 -50767.49 2547.09
v -51378.94 -50767.49 2699.09
v -51450.90 -50765.16 2699.09
v -51209.04 -50958.43 2213.09
v -51212.28 -51058.38 2213.09
v -51212.28 -51058.38 2393.09
v -51209.04 -50958.43 2393.09
v -51195.05 -50958.89 2213.09
v -51198.29 -51058.83 2213.09
v -51198.29 -51058.83 2393.09
v -51195.05 -50958.89 2393.09
v -51209.49 -50972.43 2227.09
v -51211.83 -51044.39 2227.09
v -51211.83 -51044.39 2379.09
v -51209.49 -50972.43 2379.09
v -51195.50 -50972.88 2227.09
v -51197.83 -51044.84 2227.09
v -51197.83 -51044.84 2379.09
v -51195.50 -50972.88 2379.09
v -51209.04 -50958.43 2533.09
v -51212.28 -51058.38 2533.09
v -51212.28 -51058.38 2713.09
v -51209.04 -50958.43 2713.09
v -51195.05 -50958.89 2533.09
v -51198.29 -51058.83 2533.09
v -51198.29 -51058.83 2713.09
v -51195.05 -50958.89 2713.09
v -51209.49 -50972.43 2547.09
v -51211.83 -51044.39 2547.09
v -51211.83 -51044.39 2699.09
v -51209.49 -50972.43 2699.09
v -51195.50 -50972.88 2547.09
v -51197.83 -51044.84 2547.09
v -51197.83 -51044.84 2699.09
v -51195.50 -50972.88 2699.09
v -51221.05 -51328.90 2533.09
v -51224.29 -51428.85 2533.09
v -51224.29 -51428.85 2663.09
v -51223.48 -51403.87 2706.39
v -51221.86 -51353.89 2706.39
v -51221.05 -51328.90 2663.09
v -51207.06 -51329.36 2533.09
v -51210.30 -51429.31 2533.09
v -51210.30 -51429.31 2663.09
v -51209.49 -51404.32 2706.39
v -51207.87 -51354.34 2706.39
v -51207.06 -51329.36 2663.09
v -51221.50 -51342.90 2547.09
v -51223.83 -51414.86 2547.09
v -51223.83 -51414.86 2663.09
v -51223.25 -51396.87 2694.27
v -51222.09 -51360.89 2694.27
v -51221.50 -51342.90 2663.09
v -51207.51 -51343.35 2547.09
v -51209.84 -51415.31 2547.09
v -51209.84 -51415.31 2663.09
v -51209.26 -51397.32 2694.27
v -51208.09 -51361.34 2694.27
v -51207.51 -51343.35 2663.09
v -51233.06 -51699.38 2213.09
v -51236.30 -51799.32 2213.09
v -51236.30 -51799.32 2393.09
v -51233.06 -51699.38 2393.09
v -51219.07 -51699.83 2213.09
v -51222.31 -51799.78 2213.09
v -51222.31 -51799.78 2393.09
v -51219.07 -51699.83 2393.09
v -51233.51 -51713.37 2227.09
v -51235.84 -51785.33 2227.09
v -51235.84 -51785.33 2379.09
v -51233.51 -51713.37 2379.09
v -51219.52 -51713.82 2227.09
v -51221.85 -51785.79 2227.09
v -51221.85 -51785.79 2379.09
v -51219.52 -51713.82 2379.09
v -51233.06 -51699.38 2533.09
v -51236.30 -51799.32 2533.09
v -51236.30 -51799.32 2713.09
v -51233.06 -51699.38 2713.09
v -51219.07 -51699.83 2533.09
v -51222.31 -51799.78 2533.09
v -51222.31 -51799.78 2713.09
v -51219.07 -51699.83 2713.09
v -51233.51 -51713.37 2547.09
v -51235.84 -51785.33 2547.09
v -51235.84 -51785.33 2699.09
v -51233.51 -51713.37 2699.09
v -51219.52 -51713.82 2547.09
v -51221.85 -51785.79 2547.09
v -51221.85 -51785.79 2699.09
v -51219.52 -51713.82 2699.09
v -51220.72 -51318.91 2123.09
v -51224.61 -51438.85 2123.09
v -51224.61 -51438.85 2293.09
v -51223.64 -51408.86 2345.05
v -51221.70 -51348.89 2345.05
v -51220.72 -51318.91 2293.09
v -51200.74 -51319.56 2123.09
v -51204.62 -51439.49 2123.09
v -51204.62 -51439.49 2293.09
v -51203.65 -51409.51 2345.05
v -51201.71 -51349.54 2345.05
v -51200.74 -51319.56 2293.09
v -51221.31 -51336.90 2141.09
v -51224.03 -51420.86 2141.09
v -51224.03 -51420.86 2293.09
v -51223.35 -51399.87 2329.46
v -51221.99 -51357.89 2329.46
v -51221.31 -51336.90 2293.09
v -51201.32 -51337.55 2141.09
v -51204.04 -51421.50 2141.09
v -51204.04 -51421.50 2293.09
v -51203.36 -51400.52 2329.46
v -51202.00 -51358.54 2329.46
v -51201.32 -51337.55 2293.09
v -51220.08 -51298.92 2119.09
v -51225.26 -51458.84 2119.09
v -51199.27 -51459.68 2119.09
v -51194.09 -51299.76 2119.09
v -51220.08 -51298.92 2135.09
v -51225.26 -51458.84 2135.09
v -51199.27 -51459.68 2135.09
v -51194.09 -51299.76 2135.09
v -51403.76 -51965.32 2213.09
v -51503.71 -51962.08 2213.09
v -51503.71 -51962.08 2393.09
v -51403.76 -51965.32 2393.09
v -51404.22 -51979.31 2213.09
v -51504.17 -51976.07 2213.09
v -51504.17 -51976.07 2393.09
v -51404.22 -51979.31 2393.09
v -51417.76 -51964.86 2227.09
v -51489.72 -51962.53 2227.09
v -51489.72 -51962.53 2379.09
v -51417.76 -51964.86 2379.09
v -51418.21 -51978.86 2227.09
v -51490.17 -51976.52 2227.09
v -51490.17 -51976.52 2379.09
v -51418.21 -51978.86 2379.09
v -51403.76 -51965.32 2533.09
v -51503.71 -51962.08 2533.09
v -51503.71 -51962.08 2713.09
v -51403.76 -51965.32 2713.09
v -51404.22 -51979.31 2533.09
v -51504.17 -51976.07 2533.09
v -51504.17 -51976.07 2713.09
v -51404.22 -51979.31 2713.09
v -51417.76 -51964.86 2547.09
v -51489.72 -51962.53 2547.09
v -51489.72 -51962.53 2699.09
v -51417.76 -51964.86 2699.09
v -51418.21 -51978.86 2547.09
v -51490.17 -51976.52 2547.09
v -51490.17 -51976.52 2699.09
v -51418.21 -51978.86 2699.09
v -51671.82 -51962.63 3053.09
v -51633.07 -50767.26 3053.09
v -51197.30 -50781.39 3053.09
v -51236.05 -51976.76 3053.09
v -51671.82 -51962.63 3067.09
v -51633.07 -50767.26 3067.09
v -51197.30 -50781.39 3067.09
v -51236.05 -51976.76 3067.09
v -51659.44 -51951.03 3053.09
v -51621.46 -50779.64 3053.09
v -51209.68 -50792.99 3053.09
v -51247.65 -51964.38 3053.09
v -51659.44 -51951.03 3067.09
v -51621.46 -50779.64 3067.09
v -51209.68 -50792.99 3067.09
v -51247.65 -51964.38 3067.09
v -51682.14 -51972.30 3031.09
v -51642.74 -50756.94 3031.09
v -51186.98 -50771.72 3031.09
v -51226.38 -51987.08 3031.09
v -51682.14 -51972.30 3059.09
v -51642.74 -50756.94 3059.09
v -51186.98 -50771.72 3059.09
v -51226.38 -51987.08 3059.09
v -51659.44 -51951.03 3031.09
v -51621.46 -50779.64 3031.09
v -51209.68 -50792.99 3031.09
v -51247.65 -51964.38 3031.09
v -51659.44 -51951.03 3059.09
v -51621.46 -50779.64 3059.09
v -51209.68 -50792.99 3059.09
v -51247.65 -51964.38 3059.09
v -51675.95 -51966.50 3089.09
v -51636.94 -50763.13 3089.09
v -51193.17 -50777.52 3089.09
v -51232.18 -51980.89 3089.09
v -51675.95 -51966.50 3159.09
v -51636.94 -50763.13 3159.09
v -51193.17 -50777.52 3159.09
v -51232.18 -51980.89 3159.09
v -51622.29 -51916.21 3089.09
v -51586.65 -50816.79 3089.09
v -51246.83 -50827.81 3089.09
v -51282.47 -51927.23 3089.09
v -51622.29 -51916.21 3159.09
v -51586.65 -50816.79 3159.09
v -51246.83 -50827.81 3159.09
v -51282.47 -51927.23 3159.09
v -51579.48 -51953.62 2148.09
v -51659.44 -51951.03 2148.09
v -51659.76 -51961.02 2148.09
v -51579.80 -51963.61 2148.09
v -51579.48 -51953.62 2203.09
v -51659.44 -51951.03 2203.09
v -51659.76 -51961.02 2203.09
v -51579.80 -51963.61 2203.09
v -51659.44 -51951.03 2220.09
v -51657.62 -51895.06 2220.09
v -51667.62 -51894.73 2220.09
v -51669.43 -51950.70 2220.09
v -51659.44 -51951.03 2275.09
v -51657.62 -51895.06 2275.09
v -51667.62 -51894.73 2275.09
v -51669.43 -51950.70 2275.09
v -51579.48 -51953.62 2292.09
v -51659.44 -51951.03 2292.09
v -51659.76 -51961.02 2292.09
v -51579.80 -51963.61 2292.09
v -51579.48 -51953.62 2347.09
v -51659.44 -51951.03 2347.09
v -51659.76 -51961.02 2347.09
v -51579.80 -51963.61 2347.09
v -51659.44 -51951.03 2364.09
v -51657.62 -51895.06 2364.09
v -51667.62 -51894.73 2364.09
v -51669.43 -51950.70 2364.09
v -51659.44 -51951.03 2419.09
v -51657.62 -51895.06 2419.09
v -51667.62 -51894.73 2419.09
v -51669.43 -51950.70 2419.09
v -51624.05 -50859.60 2148.09
v -51621.46 -50779.64 2148.09
v -51631.46 -50779.32 2148.09
v -51634.05 -50859.28 2148.09
v -51624.05 -50859.60 2203.09
v -51621.46 -50779.64 2203.09
v -51631.46 -50779.32 2203.09
v -51634.05 -50859.28 2203.09
v -51621.46 -50779.64 2220.09
v -51565.49 -50781.46 2220.09
v -51565.17 -50771.46 2220.09
v -51621.14 -50769.65 2220.09
v -51621.46 -50779.64 2275.09
v -51565.49 -50781.46 2275.09
v -51565.17 -50771.46 2275.09
v -51621.14 -50769.65 2275.09
v -51624.05 -50859.60 2292.09
v -51621.46 -50779.64 2292.09
v -51631.46 -50779.32 2292.09
v -51634.05 -50859.28 2292.09
v -51624.05 -50859.60 2347.09
v -51621.46 -50779.64 2347.09
v -51631.46 -50779.32 2347.09
v -51634.05 -50859.28 2347.09
v -51621.46 -50779.64 2364.09
v -51565.49 -50781.46 2364.09
v -51565.17 -50771.46 2364.09
v -51621.14 -50769.65 2364.09
v -51621.46 -50779.64 2419.09
v -51565.49 -50781.46 2419.09
v -51565.17 -50771.46 2419.09
v -51621.14 -50769.65 2419.09
v -51289.64 -50790.40 2148.09
v -51209.68 -50792.99 2148.09
v -51209.35 -50783.00 2148.09
v -51289.31 -50780.40 2148.09
v -51289.64 -50790.40 2203.09
v -51209.68 -50792.99 2203.09
v -51209.35 -50783.00 2203.09
v -51289.31 -50780.40 2203.09
v -51209.68 -50792.99 2220.09
v -51211.49 -50848.96 2220.09
v -51201.50 -50849.29 2220.09
v -51199.68 -50793.32 2220.09
v -51209.68 -50792.99 2275.09
v -51211.49 -50848.96 2275.09
v -51201.50 -50849.29 2275.09
v -51199.68 -50793.32 2275.09
v -51289.64 -50790.40 2292.09
v -51209.68 -50792.99 2292.09
v -51209.35 -50783.00 2292.09
v -51289.31 -50780.40 2292.09
v -51289.64 -50790.40 2347.09
v -51209.68 -50792.99 2347.09
v -51209.35 -50783.00 2347.09
v -51289.31 -50780.40 2347.09
v -51209.68 -50792.99 2364.09
v -51211.49 -50848.96 2364.09
v -51201.50 -50849.29 2364.09
v -51199.68 -50793.32 2364.09
v -51209.68 -50792.99 2419.09
v -51211.49 -50848.96 2419.09
v -51201.50 -50849.29 2419.09
v -51199.68 -50793.32 2419.09
v -51245.06 -51884.42 2148.09
v -51247.65 -51964.38 2148.09
v -51237.66 -51964.70 2148.09
v -51235.07 -51884.74 2148.09
v -51245.06 -51884.42 2203.09
v -51247.65 -51964.38 2203.09
v -51237.66 -51964.70 2203.09
v -51235.07 -51884.74 2203.09
v -51247.65 -51964.38 2220.09
v -51303.62 -51962.56 2220.09
v -51303.95 -51972.56 2220.09
v -51247.98 -51974.37 2220.09
v -51247.65 -51964.38 2275.09
v -51303.62 -51962.56 2275.09
v -51303.95 -51972.56 2275.09
v -51247.98 -51974.37 2275.09
v -51245.06 -51884.42 2292.09
v -51247.65 -51964.38 2292.09
v -51237.66 -51964.70 2292.09
v -51235.07 -51884.74 2292.09
v -51245.06 -51884.42 2347.09
v -51247.65 -51964.38 2347.09
v -51237.66 -51964.70 2347.09
v -51235.07 -51884.74 2347.09
v -51247.65 -51964.38 2364.09
v -51303.62 -51962.56 2364.09
v -51303.95 -51972.56 2364.09
v -51247.98 -51974.37 2364.09
v -51247.65 -51964.38 2419.09
v -51303.62 -51962.56 2419.09
v -51303.95 -51972.56 2419.09
v -51247.98 -51974.37 2419.09
v -54125.47 -50707.35 2310.32
v -54107.10 -51271.05 2310.32
v -54764.75 -51292.49 2310.32
v -54783.13 -50728.79 2310.32
v -54125.47 -50707.35 2950.32
v -54107.10 -51271.05 2950.32
v -54764.75 -51292.49 2950.32
v -54783.13 -50728.79 2950.32
v -54110.13 -50809.91 2400.32
v -54106.87 -50909.85 2400.32
v -54106.87 -50909.85 2580.32
v -54110.13 -50809.91 2580.32
v -54096.13 -50809.45 2400.32
v -54092.88 -50909.40 2400.32
v -54092.88 -50909.40 2580.32
v -54096.13 -50809.45 2580.32
v -54109.67 -50823.90 2414.32
v -54107.32 -50895.86 2414.32
v -54107.32 -50895.86 2566.32
v -54109.67 -50823.90 2566.32
v -54095.68 -50823.44 2414.32
v -54093.33 -50895.41 2414.32
v -54093.33 -50895.41 2566.32
v -54095.68 -50823.44 2566.32
v -54101.72 -51067.77 2400.32
v -54098.46 -51167.72 2400.32
v -54098.46 -51167.72 2580.32
v -54101.72 -51067.77 2580.32
v -54087.73 -51067.31 2400.32
v -54084.47 -51167.26 2400.32
v -54084.47 -51167.26 2580.32
v -54087.73 -51067.31 2580.32
v -54101.27 -51081.76 2414.32
v -54098.92 -51153.72 2414.32
v -54098.92 -51153.72 2566.32
v -54101.27 -51081.76 2566.32
v -54087.27 -51081.31 2414.32
v -54084.93 -51153.27 2414.32
v -54084.93 -51153.27 2566.32
v -54087.27 -51081.31 2566.32
v -54233.14 -51287.17 2400.32
v -54333.09 -51290.43 2400.32
v -54333.09 -51290.43 2580.32
v -54233.14 -51287.17 2580.32
v -54232.69 -51301.16 2400.32
v -54332.63 -51304.42 2400.32
v -54332.63 -51304.42 2580.32
v -54232.69 -51301.16 2580.32
v -54247.14 -51287.62 2414.32
v -54319.10 -51289.97 2414.32
v -54319.10 -51289.97 2566.32
v -54247.14 -51287.62 2566.32
v -54246.68 -51301.62 2414.32
v -54318.64 -51303.96 2414.32
v -54318.64 -51303.96 2566.32
v -54246.68 -51301.62 2566.32
v -54537.98 -51297.10 2400.32
v -54637.93 -51300.36 2400.32
v -54637.93 -51300.36 2580.32
v -54537.98 -51297.10 2580.32
v -54537.53 -51311.10 2400.32
v -54637.47 -51314.35 2400.32
v -54637.47 -51314.35 2580.32
v -54537.53 -51311.10 2580.32
v -54551.97 -51297.56 2414.32
v -54623.94 -51299.90 2414.32
v -54623.94 -51299.90 2566.32
v -54551.97 -51297.56 2566.32
v -54551.52 -51311.55 2414.32
v -54623.48 -51313.90 2414.32
v -54623.48 -51313.90 2566.32
v -54551.52 -51311.55 2566.32
v -54780.10 -51189.93 2400.32
v -54783.36 -51089.99 2400.32
v -54783.36 -51089.99 2580.32
v -54780.10 -51189.93 2580.32
v -54794.09 -51190.39 2400.32
v -54797.35 -51090.44 2400.32
v -54797.35 -51090.44 2580.32
v -54794.09 -51190.39 2580.32
v -54780.56 -51175.94 2414.32
v -54782.90 -51103.98 2414.32
v -54782.90 -51103.98 2566.32
v -54780.56 -51175.94 2566.32
v -54794.55 -51176.40 2414.32
v -54796.90 -51104.44 2414.32
v -54796.90 -51104.44 2566.32
v -54794.55 -51176.40 2566.32
v -54788.51 -50932.07 2400.32
v -54791.76 -50832.12 2400.32
v -54791.76 -50832.12 2580.32
v -54788.51 -50932.07 2580.32
v -54802.50 -50932.53 2400.32
v -54805.76 -50832.58 2400.32
v -54805.76 -50832.58 2580.32
v -54802.50 -50932.53 2580.32
v -54788.96 -50918.08 2414.32
v -54791.31 -50846.12 2414.32
v -54791.31 -50846.12 2566.32
v -54788.96 -50918.08 2566.32
v -54802.95 -50918.53 2414.32
v -54805.30 -50846.57 2414.32
v -54805.30 -50846.57 2566.32
v -54802.95 -50918.53 2566.32
v -54783.98 -51071.00 2310.32
v -54787.89 -50951.06 2310.32
v -54787.89 -50951.06 2540.32
v -54783.98 -51071.00 2540.32
v -54803.97 -51071.65 2310.32
v -54807.88 -50951.71 2310.32
v -54807.88 -50951.71 2540.32
v -54803.97 -51071.65 2540.32
v -54784.56 -51053.01 2328.32
v -54787.30 -50969.05 2328.32
v -54787.30 -50969.05 2522.32
v -54784.56 -51053.01 2522.32
v -54804.55 -51053.66 2328.32
v -54807.29 -50969.70 2328.32
v -54807.29 -50969.70 2522.32
v -54804.55 -51053.66 2522.32
v -54783.33 -51090.99 2306.32
v -54788.54 -50931.07 2306.32
v -54814.52 -50931.92 2306.32
v -54809.31 -51091.83 2306.32
v -54783.33 -51090.99 2322.32
v -54788.54 -50931.07 2322.32
v -54814.52 -50931.92 2322.32
v -54809.31 -51091.83 2322.32
v -54657.08 -50712.67 2400.32
v -54557.14 -50709.42 2400.32
v -54557.14 -50709.42 2580.32
v -54657.08 -50712.67 2580.32
v -54657.54 -50698.68 2400.32
v -54557.59 -50695.42 2400.32
v -54557.59 -50695.42 2580.32
v -54657.54 -50698.68 2580.32
v -54643.09 -50712.22 2414.32
v -54571.13 -50709.87 2414.32
v -54571.13 -50709.87 2566.32
v -54643.09 -50712.22 2566.32
v -54643.55 -50698.22 2414.32
v -54571.59 -50695.88 2414.32
v -54571.59 -50695.88 2566.32
v -54643.55 -50698.22 2566.32
v -54352.25 -50702.74 2400.32
v -54252.30 -50699.48 2400.32
v -54252.30 -50699.48 2580.32
v -54352.25 -50702.74 2580.32
v -54352.70 -50688.74 2400.32
v -54252.75 -50685.49 2400.32
v -54252.75 -50685.49 2580.32
v -54352.70 -50688.74 2580.32
v -54338.25 -50702.28 2414.32
v -54266.29 -50699.94 2414.32
v -54266.29 -50699.94 2566.32
v -54338.25 -50702.28 2566.32
v -54338.71 -50688.29 2414.32
v -54266.75 -50685.94 2414.32
v -54266.75 -50685.94 2566.32
v -54338.71 -50688.29 2566.32
v -54108.07 -50688.78 2920.32
v -54088.53 -51288.46 2920.32
v -54782.16 -51311.06 2920.32
v -54801.70 -50711.38 2920.32
v -54108.07 -50688.78 2934.32
v -54088.53 -51288.46 2934.32
v -54782.16 -51311.06 2934.32
v -54801.70 -50711.38 2934.32
v -54119.67 -50701.16 2920.32
v -54100.91 -51276.85 2920.32
v -54770.55 -51298.68 2920.32
v -54789.32 -50722.99 2920.32
v -54119.67 -50701.16 2934.32
v -54100.91 -51276.85 2934.32
v -54770.55 -51298.68 2934.32
v -54789.32 -50722.99 2934.32
v -54098.40 -50678.46 2898.32
v -54078.20 -51298.13 2898.32
v -54791.83 -51321.39 2898.32
v -54812.02 -50701.71 2898.32
v -54098.40 -50678.46 2926.32
v -54078.20 -51298.13 2926.32
v -54791.83 -51321.39 2926.32
v -54812.02 -50701.71 2926.32
v -54119.67 -50701.16 2898.32
v -54100.91 -51276.85 2898.32
v -54770.55 -51298.68 2898.32
v -54789.32 -50722.99 2898.32
v -54119.67 -50701.16 2926.32
v -54100.91 -51276.85 2926.32
v -54770.55 -51298.68 2926.32
v -54789.32 -50722.99 2926.32
v -54104.20 -50684.65 2956.32
v -54084.40 -51292.33 2956.32
v -54786.02 -51315.19 2956.32
v -54805.83 -50707.52 2956.32
v -54104.20 -50684.65 3026.32
v -54084.40 -51292.33 3026.32
v -54786.02 -51315.19 3026.32
v -54805.83 -50707.52 3026.32
v -54154.48 -50738.31 2956.32
v -54138.06 -51242.05 2956.32
v -54735.75 -51261.53 2956.32
v -54752.16 -50757.79 2956.32
v -54154.48 -50738.31 3026.32
v -54138.06 -51242.05 3026.32
v -54735.75 -51261.53 3026.32
v -54752.16 -50757.79 3026.32
v -54199.63 -50703.77 2335.32
v -54119.67 -50701.16 2335.32
v -54120.00 -50691.17 2335.32
v -54199.96 -50693.77 2335.32
v -54199.63 -50703.77 2390.32
v -54119.67 -50701.16 2390.32
v -54120.00 -50691.17 2390.32
v -54199.96 -50693.77 2390.32
v -54119.67 -50701.16 2407.32
v -54117.85 -50757.13 2407.32
v -54107.85 -50756.81 2407.32
v -54109.68 -50700.83 2407.32
v -54119.67 -50701.16 2462.32
v -54117.85 -50757.13 2462.32
v -54107.85 -50756.81 2462.32
v -54109.68 -50700.83 2462.32
v -54199.63 -50703.77 2479.32
v -54119.67 -50701.16 2479.32
v -54120.00 -50691.17 2479.32
v -54199.96 -50693.77 2479.32
v -54199.63 -50703.77 2534.32
v -54119.67 -50701.16 2534.32
v -54120.00 -50691.17 2534.32
v -54199.96 -50693.77 2534.32
v -54119.67 -50701.16 2551.32
v -54117.85 -50757.13 2551.32
v -54107.85 -50756.81 2551.32
v -54109.68 -50700.83 2551.32
v -54119.67 -50701.16 2606.32
v -54117.85 -50757.13 2606.32
v -54107.85 -50756.81 2606.32
v -54109.68 -50700.83 2606.32
v -54690.60 -51296.07 2335.32
v -54770.55 -51298.68 2335.32
v -54770.23 -51308.67 2335.32
v -54690.27 -51306.07 2335.32
v -54690.60 -51296.07 2390.32
v -54770.55 -51298.68 2390.32
v -54770.23 -51308.67 2390.32
v -54690.27 -51306.07 2390.32
v -54770.55 -51298.68 2407.32
v -54772.38 -51242.71 2407.32
v -54782.37 -51243.04 2407.32
v -54780.55 -51299.01 2407.32
v -54770.55 -51298.68 2462.32
v -54772.38 -51242.71 2462.32
v -54782.37 -51243.04 2462.32
v -54780.55 -51299.01 2462.32
v -54690.60 -51296.07 2479.32
v -54770.55 -51298.68 2479.32
v -54770.23 -51308.67 2479.32
v -54690.27 -51306.07 2479.32
v -54690.60 -51296.07 2534.32
v -54770.55 -51298.68 2534.32
v -54770.23 -51308.67 2534.32
v -54690.27 -51306.07 2534.32
v -54770.55 -51298.68 2551.32
v -54772.38 -51242.71 2551.32
v -54782.37 -51243.04 2551.32
v -54780.55 -51299.01 2551.32
v -54770.55 -51298.68 2606.32
v -54772.38 -51242.71 2606.32
v -54782.37 -51243.04 2606.32
v -54780.55 -51299.01 2606.32
v -54103.52 -51196.90 2335.32
v -54100.91 -51276.85 2335.32
v -54090.92 -51276.53 2335.32
v -54093.52 -51196.57 2335.32
v -54103.52 -51196.90 2390.32
v -54100.91 -51276.85 2390.32
v -54090.92 -51276.53 2390.32
v -54093.52 -51196.57 2390.32
v -54100.91 -51276.85 2407.32
v -54156.88 -51278.68 2407.32
v -54156.55 -51288.67 2407.32
v -54100.58 -51286.85 2407.32
v -54100.91 -51276.85 2462.32
v -54156.88 -51278.68 2462.32
v -54156.55 -51288.67 2462.32
v -54100.58 -51286.85 2462.32
v -54103.52 -51196.90 2479.32
v -54100.91 -51276.85 2479.32
v -54090.92 -51276.53 2479.32
v -54093.52 -51196.57 2479.32
v -54103.52 -51196.90 2534.32
v -54100.91 -51276.85 2534.32
v -54090.92 -51276.53 2534.32
v -54093.52 -51196.57 2534.32
v -54100.91 -51276.85 2551.32
v -54156.88 -51278.68 2551.32
v -54156.55 -51288.67 2551.32
v -54100.58 -51286.85 2551.32
v -54100.91 -51276.85 2606.32
v -54156.88 -51278.68 2606.32
v -54156.55 -51288.67 2606.32
v -54100.58 -51286.85 2606.32
v -54786.71 -50802.94 2335.32
v -54789.32 -50722.99 2335.32
v -54799.31 -50723.31 2335.32
v -54796.71 -50803.27 2335.32
v -54786.71 -50802.94 2390.32
v -54789.32 -50722.99 2390.32
v -54799.31 -50723.31 2390.32
v -54796.71 -50803.27 2390.32
v -54789.32 -50722.99 2407.32
v -54733.35 -50721.16 2407.32
v -54733.67 -50711.17 2407.32
v -54789.64 -50712.99 2407.32
v -54789.32 -50722.99 2462.32
v -54733.35 -50721.16 2462.32
v -54733.67 -50711.17 2462.32
v -54789.64 -50712.99 2462.32
v -54786.71 -50802.94 2479.32
v -54789.32 -50722.99 2479.32
v -54799.31 -50723.31 2479.32
v -54796.71 -50803.27 2479.32
v -54786.71 -50802.94 2534.32
v -54789.32 -50722.99 2534.32
v -54799.31 -50723.31 2534.32
v -54796.71 -50803.27 2534.32
v -54789.32 -50722.99 2551.32
v -54733.35 -50721.16 2551.32
v -54733.67 -50711.17 2551.32
v -54789.64 -50712.99 2551.32
v -54789.32 -50722.99 2606.32
v -54733.35 -50721.16 2606.32
v -54733.67 -50711.17 2606.32
v -54789.64 -50712.99 2606.32
v -54497.36 -50887.08 2956.32
v -54461.12 -51083.77 2956.32
v -54618.47 -51112.76 2956.32
v -54654.71 -50916.07 2956.32
v -54497.36 -50887.08 3176.32
v -54461.12 -51083.77 3176.32
v -54618.47 -51112.76 3176.32
v -54654.71 -50916.07 3176.32
v -52750.00 -55150.00 2233.26
v -52355.97 -55081.13 2233.26
v -52287.11 -55475.16 2233.26
v -52681.13 -55544.03 2233.26
v -52750.00 -55150.00 3193.26
v -52355.97 -55081.13 3193.26
v -52287.11 -55475.16 3193.26
v -52681.13 -55544.03 3193.26
v -52604.31 -55112.35 2323.26
v -52505.80 -55095.14 2323.26
v -52505.80 -55095.14 2503.26
v -52604.31 -55112.35 2503.26
v -52606.72 -55098.56 2323.26
v -52508.21 -55081.35 2323.26
v -52508.21 -55081.35 2503.26
v -52606.72 -55098.56 2503.26
v -52590.51 -55109.94 2337.26
v -52519.59 -55097.55 2337.26
v -52519.59 -55097.55 2489.26
v -52590.51 -55109.94 2489.26
v -52592.93 -55096.15 2337.26
v -52522.00 -55083.76 2337.26
v -52522.00 -55083.76 2489.26
v -52592.93 -55096.15 2489.26
v -52604.31 -55112.35 2643.26
v -52505.80 -55095.14 2643.26
v -52505.80 -55095.14 2773.26
v -52530.43 -55099.44 2816.56
v -52579.68 -55108.05 2816.56
v -52604.31 -55112.35 2773.26
v -52606.72 -55098.56 2643.26
v -52508.21 -55081.35 2643.26
v -52508.21 -55081.35 2773.26
v -52532.84 -55085.65 2816.56
v -52582.09 -55094.26 2816.56
v -52606.72 -55098.56 2773.26
v -52590.51 -55109.94 2657.26
v -52519.59 -55097.55 2657.26
v -52519.59 -55097.55 2773.26
v -52537.32 -55100.65 2804.44
v -52572.78 -55106.85 2804.44
v -52590.51 -55109.94 2773.26
v -52592.93 -55096.15 2657.26
v -52522.00 -55083.76 2657.26
v -52522.00 -55083.76 2773.26
v -52539.73 -55086.86 2804.44
v -52575.19 -55093.05 2804.44
v -52592.93 -55096.15 2773.26
v -52318.33 -55226.83 2323.26
v -52301.11 -55325.33 2323.26
v -52301.11 -55325.33 2503.26
v -52318.33 -55226.83 2503.26
v -52304.54 -55224.42 2323.26
v -52287.32 -55322.92 2323.26
v -52287.32 -55322.92 2503.26
v -52304.54 -55224.42 2503.26
v -52315.92 -55240.62 2337.26
v -52303.52 -55311.54 2337.26
v -52303.52 -55311.54 2489.26
v -52315.92 -55240.62 2489.26
v -52302.13 -55238.21 2337.26
v -52289.73 -55309.13 2337.26
v -52289.73 -55309.13 2489.26
v -52302.13 -55238.21 2489.26
v -52318.33 -55226.83 2643.26
v -52301.11 -55325.33 2643.26
v -52301.11 -55325.33 2823.26
v -52318.33 -55226.83 2823.26
v -52304.54 -55224.42 2643.26
v -52287.32 -55322.92 2643.26
v -52287.32 -55322.92 2823.26
v -52304.54 -55224.42 2823.26
v -52315.92 -55240.62 2657.26
v -52303.52 -55311.54 2657.26
v -52303.52 -55311.54 2809.26
v -52315.92 -55240.62 2809.26
v -52302.13 -55238.21 2657.26
v -52289.73 -55309.13 2657.26
v -52289.73 -55309.13 2809.26
v -52302.13 -55238.21 2809.26
v -52432.80 -55512.81 2643.26
v -52531.31 -55530.02 2643.26
v -52531.31 -55530.02 2823.26
v -52432.80 -55512.81 2823.26
v -52430.39 -55526.60 2643.26
v -52528.90 -55543.81 2643.26
v -52528.90 -55543.81 2823.26
v -52430.39 -55526.60 2823.26
v -52446.59 -55515.22 2657.26
v -52517.52 -55527.61 2657.26
v -52517.52 -55527.61 2809.26
v -52446.59 -55515.22 2809.26
v -52444.18 -55529.01 2657.26
v -52515.11 -55541.40 2657.26
v -52515.11 -55541.40 2809.26
v -52444.18 -55529.01 2809.26
v -52422.95 -55511.08 2233.26
v -52541.16 -55531.74 2233.26
v -52541.16 -55531.74 2403.26
v -52511.61 -55526.58 2455.22
v -52452.50 -55516.25 2455.22
v -52422.95 -55511.08 2403.26
v -52419.51 -55530.79 2233.26
v -52537.71 -55551.45 2233.26
v -52537.71 -55551.45 2403.26
v -52508.16 -55546.28 2455.22
v -52449.06 -55535.95 2455.22
v -52419.51 -55530.79 2403.26
v -52440.68 -55514.18 2251.26
v -52523.43 -55528.65 2251.26
v -52523.43 -55528.65 2403.26
v -52502.74 -55525.03 2439.63
v -52461.37 -55517.80 2439.63
v -52440.68 -55514.18 2403.26
v -52437.24 -55533.89 2251.26
v -52519.98 -55548.35 2251.26
v -52519.98 -55548.35 2403.26
v -52499.30 -55544.73 2439.63
v -52457.92 -55537.50 2439.63
v -52437.24 -55533.89 2403.26
v -52403.25 -55507.64 2229.26
v -52560.86 -55535.19 2229.26
v -52556.38 -55560.80 2229.26
v -52398.77 -55533.25 2229.26
v -52403.25 -55507.64 2245.26
v -52560.86 -55535.19 2245.26
v -52556.38 -55560.80 2245.26
v -52398.77 -55533.25 2245.26
v -52718.78 -55398.33 2323.26
v -52736.00 -55299.83 2323.26
v -52736.00 -55299.83 2503.26
v -52718.78 -55398.33 2503.26
v -52732.57 -55400.74 2323.26
v -52749.79 -55302.24 2323.26
v -52749.79 -55302.24 2503.26
v -52732.57 -55400.74 2503.26
v -52721.19 -55384.54 2337.26
v -52733.59 -55313.62 2337.26
v -52733.59 -55313.62 2489.26
v -52721.19 -55384.54 2489.26
v -52734.98 -55386.95 2337.26
v -52747.38 -55316.03 2337.26
v -52747.38 -55316.03 2489.26
v -52734.98 -55386.95 2489.26
v -52718.78 -55398.33 2643.26
v -52736.00 -55299.83 2643.26
v -52736.00 -55299.83 2823.26
v -52718.78 -55398.33 2823.26
v -52732.57 -55400.74 2643.26
v -52749.79 -55302.24 2643.26
v -52749.79 -55302.24 2823.26
v -52732.57 -55400.74 2823.26
v -52721.19 -55384.54 2657.26
v -52733.59 -55313.62 2657.26
v -52733.59 -55313.62 2809.26
v -52721.19 -55384.54 2809.26
v -52734.98 -55386.95 2657.26
v -52747.38 -55316.03 2657.26
v -52747.38 -55316.03 2809.26
v -52734.98 -55386.95 2809.26
v -52770.83 -55135.37 3163.26
v -52341.34 -55060.30 3163.26
v -52266.28 -55489.79 3163.26
v -52695.77 -55564.86 3163.26
v -52770.83 -55135.37 3177.26
v -52341.34 -55060.30 3177.26
v -52266.28 -55489.79 3177.26
v -52695.77 -55564.86 3177.26
v -52756.94 -55145.12 3163.26
v -52351.10 -55074.19 3163.26
v -52280.16 -55480.04 3163.26
v -52686.01 -55550.97 3163.26
v -52756.94 -55145.12 3177.26
v -52351.10 -55074.19 3177.26
v -52280.16 -55480.04 3177.26
v -52686.01 -55550.97 3177.26
v -52782.40 -55127.24 3141.26
v -52333.21 -55048.73 3141.26
v -52254.70 -55497.92 3141.26
v -52703.90 -55576.43 3141.26
v -52782.40 -55127.24 3169.26
v -52333.21 -55048.73 3169.26
v -52254.70 -55497.92 3169.26
v -52703.90 -55576.43 3169.26
v -52756.94 -55145.12 3141.26
v -52351.10 -55074.19 3141.26
v -52280.16 -55480.04 3141.26
v -52686.01 -55550.97 3141.26
v -52756.94 -55145.12 3169.26
v -52351.10 -55074.19 3169.26
v -52280.16 -55480.04 3169.26
v -52686.01 -55550.97 3169.26
v -52775.46 -55132.12 3199.26
v -52338.09 -55055.67 3199.26
v -52261.65 -55493.04 3199.26
v -52699.02 -55569.49 3199.26
v -52775.46 -55132.12 3269.26
v -52338.09 -55055.67 3269.26
v -52261.65 -55493.04 3269.26
v -52699.02 -55569.49 3269.26
v -52715.28 -55174.39 3199.26
v -52380.36 -55115.85 3199.26
v -52321.82 -55450.77 3199.26
v -52656.75 -55509.31 3199.26
v -52715.28 -55174.39 3269.26
v -52380.36 -55115.85 3269.26
v -52321.82 -55450.77 3269.26
v -52656.75 -55509.31 3269.26
v -52743.17 -55223.93 2258.26
v -52756.94 -55145.12 2258.26
v -52766.79 -55146.84 2258.26
v -52753.02 -55225.65 2258.26
v -52743.17 -55223.93 2313.26
v -52756.94 -55145.12 2313.26
v -52766.79 -55146.84 2313.26
v -52753.02 -55225.65 2313.26
v -52756.94 -55145.12 2330.26
v -52701.78 -55135.48 2330.26
v -52703.50 -55125.63 2330.26
v -52758.67 -55135.27 2330.26
v -52756.94 -55145.12 2385.26
v -52701.78 -55135.48 2385.26
v -52703.50 -55125.63 2385.26
v -52758.67 -55135.27 2385.26
v -52743.17 -55223.93 2402.26
v -52756.94 -55145.12 2402.26
v -52766.79 -55146.84 2402.26
v -52753.02 -55225.65 2402.26
v -52743.17 -55223.93 2457.26
v -52756.94 -55145.12 2457.26
v -52766.79 -55146.84 2457.26
v -52753.02 -55225.65 2457.26
v -52756.94 -55145.12 2474.26
v -52701.78 -55135.48 2474.26
v -52703.50 -55125.63 2474.26
v -52758.67 -55135.27 2474.26
v -52756.94 -55145.12 2529.26
v -52701.78 -55135.48 2529.26
v -52703.50 -55125.63 2529.26
v -52758.67 -55135.27 2529.26
v -52429.90 -55087.96 2258.26
v -52351.10 -55074.19 2258.26
v -52352.82 -55064.34 2258.26
v -52431.62 -55078.11 2258.26
v -52429.90 -55087.96 2313.26
v -52351.10 -55074.19 2313.26
v -52352.82 -55064.34 2313.26
v -52431.62 -55078.11 2313.26
v -52351.10 -55074.19 2330.26
v -52341.45 -55129.35 2330.26
v -52331.60 -55127.63 2330.26
v -52341.24 -55072.47 2330.26
v -52351.10 -55074.19 2385.26
v -52341.45 -55129.35 2385.26
v -52331.60 -55127.63 2385.26
v -52341.24 -55072.47 2385.26
v -52429.90 -55087.96 2402.26
v -52351.10 -55074.19 2402.26
v -52352.82 -55064.34 2402.26
v -52431.62 -55078.11 2402.26
v -52429.90 -55087.96 2457.26
v -52351.10 -55074.19 2457.26
v -52352.82 -55064.34 2457.26
v -52431.62 -55078.11 2457.26
v -52351.10 -55074.19 2474.26
v -52341.45 -55129.35 2474.26
v -52331.60 -55127.63 2474.26
v -52341.24 -55072.47 2474.26
v -52351.10 -55074.19 2529.26
v -52341.45 -55129.35 2529.26
v -52331.60 -55127.63 2529.26
v -52341.24 -55072.47 2529.26
v -52293.94 -55401.23 2258.26
v -52280.16 -55480.04 2258.26
v -52270.31 -55478.32 2258.26
v -52284.09 -55399.51 2258.26
v -52293.94 -55401.23 2313.26
v -52280.16 -55480.04 2313.26
v -52270.31 -55478.32 2313.26
v -52284.09 -55399.51 2313.26
v -52280.16 -55480.04 2330.26
v -52335.33 -55489.68 2330.26
v -52333.61 -55499.53 2330.26
v -52278.44 -55489.89 2330.26
v -52280.16 -55480.04 2385.26
v -52335.33 -55489.68 2385.26
v -52333.61 -55499.53 2385.26
v -52278.44 -55489.89 2385.26
v -52293.94 -55401.23 2402.26
v -52280.16 -55480.04 2402.26
v -52270.31 -55478.32 2402.26
v -52284.09 -55399.51 2402.26
v -52293.94 -55401.23 2457.26
v -52280.16 -55480.04 2457.26
v -52270.31 -55478.32 2457.26
v -52284.09 -55399.51 2457.26
v -52280.16 -55480.04 2474.26
v -52335.33 -55489.68 2474.26
v -52333.61 -55499.53 2474.26
v -52278.44 -55489.89 2474.26
v -52280.16 -55480.04 2529.26
v -52335.33 -55489.68 2529.26
v -52333.61 -55499.53 2529.26
v -52278.44 -55489.89 2529.26
v -52607.21 -55537.20 2258.26
v -52686.01 -55550.97 2258.26
v -52684.29 -55560.82 2258.26
v -52605.48 -55547.05 2258.26
v -52607.21 -55537.20 2313.26
v -52686.01 -55550.97 2313.26
v -52684.29 -55560.82 2313.26
v -52605.48 -55547.05 2313.26
v -52686.01 -55550.97 2330.26
v -52695.65 -55495.81 2330.26
v -52705.50 -55497.53 2330.26
v -52695.86 -55552.69 2330.26
v -52686.01 -55550.97 2385.26
v -52695.65 -55495.81 2385.26
v -52705.50 -55497.53 2385.26
v -52695.86 -55552.69 2385.26
v -52607.21 -55537.20 2402.26
v -52686.01 -55550.97 2402.26
v -52684.29 -55560.82 2402.26
v -52605.48 -55547.05 2402.26
v -52607.21 -55537.20 2457.26
v -52686.01 -55550.97 2457.26
v -52684.29 -55560.82 2457.26
v -52605.48 -55547.05 2457.26
v -52686.01 -55550.97 2474.26
v -52695.65 -55495.81 2474.26
v -52705.50 -55497.53 2474.26
v -52695.86 -55552.69 2474.26
v -52686.01 -55550.97 2529.26
v -52695.65 -55495.81 2529.26
v -52705.50 -55497.53 2529.26
v -52695.86 -55552.69 2529.26
v -53638.86 -52719.07 2271.32
v -53689.80 -52251.84 2271.32
v -53316.02 -52211.09 2271.32
v -53265.08 -52678.32 2271.32
v -53638.86 -52719.07 2911.32
v -53689.80 -52251.84 2911.32
v -53316.02 -52211.09 2911.32
v -53265.08 -52678.32 2911.32
v -53669.76 -52546.40 2271.32
v -53682.77 -52427.11 2271.32
v -53682.77 -52427.11 2501.32
v -53669.76 -52546.40 2501.32
v -53689.64 -52548.57 2271.32
v -53702.65 -52429.28 2271.32
v -53702.65 -52429.28 2501.32
v -53689.64 -52548.57 2501.32
v -53671.71 -52528.51 2289.32
v -53680.81 -52445.00 2289.32
v -53680.81 -52445.00 2483.32
v -53671.71 -52528.51 2483.32
v -53691.59 -52530.67 2289.32
v -53700.70 -52447.17 2289.32
v -53700.70 -52447.17 2483.32
v -53691.59 -52530.67 2483.32
v -53667.59 -52566.28 2267.32
v -53684.93 -52407.23 2267.32
v -53710.78 -52410.04 2267.32
v -53693.44 -52569.10 2267.32
v -53667.59 -52566.28 2283.32
v -53684.93 -52407.23 2283.32
v -53710.78 -52410.04 2283.32
v -53693.44 -52569.10 2283.32
v -53553.92 -52224.95 2361.32
v -53454.50 -52214.11 2361.32
v -53454.50 -52214.11 2541.32
v -53553.92 -52224.95 2541.32
v -53555.43 -52211.04 2361.32
v -53456.02 -52200.20 2361.32
v -53456.02 -52200.20 2541.32
v -53555.43 -52211.04 2541.32
v -53540.00 -52223.44 2375.32
v -53468.42 -52215.63 2375.32
v -53468.42 -52215.63 2527.32
v -53540.00 -52223.44 2527.32
v -53541.52 -52209.52 2375.32
v -53469.94 -52201.71 2375.32
v -53469.94 -52201.71 2527.32
v -53541.52 -52209.52 2527.32
v -53284.04 -52393.70 2361.32
v -53273.20 -52493.11 2361.32
v -53273.20 -52493.11 2541.32
v -53284.04 -52393.70 2541.32
v -53270.12 -52392.18 2361.32
v -53259.28 -52491.59 2361.32
v -53259.28 -52491.59 2541.32
v -53270.12 -52392.18 2541.32
v -53282.52 -52407.62 2375.32
v -53274.72 -52479.19 2375.32
v -53274.72 -52479.19 2527.32
v -53282.52 -52407.62 2527.32
v -53268.60 -52406.10 2375.32
v -53260.80 -52477.67 2375.32
v -53260.80 -52477.67 2527.32
v -53268.60 -52406.10 2527.32
v -53400.97 -52705.20 2361.32
v -53500.38 -52716.04 2361.32
v -53500.38 -52716.04 2541.32
v -53400.97 -52705.20 2541.32
v -53399.45 -52719.12 2361.32
v -53498.86 -52729.96 2361.32
v -53498.86 -52729.96 2541.32
v -53399.45 -52719.12 2541.32
v -53414.88 -52706.72 2375.32
v -53486.46 -52714.53 2375.32
v -53486.46 -52714.53 2527.32
v -53414.88 -52706.72 2527.32
v -53413.37 -52720.64 2375.32
v -53484.94 -52728.44 2375.32
v -53484.94 -52728.44 2527.32
v -53413.37 -52720.64 2527.32
v -53654.81 -52738.91 2881.32
v -53709.65 -52235.90 2881.32
v -53300.07 -52191.24 2881.32
v -53245.23 -52694.26 2881.32
v -53654.81 -52738.91 2895.32
v -53709.65 -52235.90 2895.32
v -53300.07 -52191.24 2895.32
v -53245.23 -52694.26 2895.32
v -53644.18 -52725.68 2881.32
v -53696.42 -52246.52 2881.32
v -53310.70 -52204.47 2881.32
v -53258.46 -52683.63 2881.32
v -53644.18 -52725.68 2895.32
v -53696.42 -52246.52 2895.32
v -53310.70 -52204.47 2895.32
v -53258.46 -52683.63 2895.32
v -53663.66 -52749.94 2859.32
v -53720.67 -52227.04 2859.32
v -53291.22 -52180.22 2859.32
v -53234.21 -52703.12 2859.32
v -53663.66 -52749.94 2887.32
v -53720.67 -52227.04 2887.32
v -53291.22 -52180.22 2887.32
v -53234.21 -52703.12 2887.32
v -53644.18 -52725.68 2859.32
v -53696.42 -52246.52 2859.32
v -53310.70 -52204.47 2859.32
v -53258.46 -52683.63 2859.32
v -53644.18 -52725.68 2887.32
v -53696.42 -52246.52 2887.32
v -53310.70 -52204.47 2887.32
v -53258.46 -52683.63 2887.32
v -53658.35 -52743.32 2917.32
v -53714.06 -52232.35 2917.32
v -53296.53 -52186.83 2917.32
v -53240.82 -52697.81 2917.32
v -53658.35 -52743.32 2987.32
v -53714.06 -52232.35 2987.32
v -53296.53 -52186.83 2987.32
v -53240.82 -52697.81 2987.32
v -53612.29 -52686.00 2917.32
v -53656.73 -52278.41 2917.32
v -53342.59 -52244.16 2917.32
v -53298.15 -52651.75 2917.32
v -53612.29 -52686.00 2987.32
v -53656.73 -52278.41 2987.32
v -53342.59 -52244.16 2987.32
v -53298.15 -52651.75 2987.32
v -53564.65 -52717.01 2296.32
v -53644.18 -52725.68 2296.32
v -53643.09 -52735.63 2296.32
v -53563.57 -52726.96 2296.32
v -53564.65 -52717.01 2351.32
v -53644.18 -52725.68 2351.32
v -53643.09 -52735.63 2351.32
v -53563.57 -52726.96 2351.32
v -53644.18 -52725.68 2368.32
v -53650.25 -52670.01 2368.32
v -53660.19 -52671.10 2368.32
v -53654.12 -52726.77 2368.32
v -53644.18 -52725.68 2423.32
v -53650.25 -52670.01 2423.32
v -53660.19 -52671.10 2423.32
v -53654.12 -52726.77 2423.32
v -53564.65 -52717.01 2440.32
v -53644.18 -52725.68 2440.32
v -53643.09 -52735.63 2440.32
v -53563.57 -52726.96 2440.32
v -53564.65 -52717.01 2495.32
v -53644.18 -52725.68 2495.32
v -53643.09 -52735.63 2495.32
v -53563.57 -52726.96 2495.32
v -53644.18 -52725.68 2512.32
v -53650.25 -52670.01 2512.32
v -53660.19 -52671.10 2512.32
v -53654.12 -52726.77 2512.32
v -53644.18 -52725.68 2567.32
v -53650.25 -52670.01 2567.32
v -53660.19 -52671.10 2567.32
v -53654.12 -52726.77 2567.32
v -53687.75 -52326.05 2296.32
v -53696.42 -52246.52 2296.32
v -53706.36 -52247.61 2296.32
v -53697.69 -52327.14 2296.32
v -53687.75 -52326.05 2351.32
v -53696.42 -52246.52 2351.32
v -53706.36 -52247.61 2351.32
v -53697.69 -52327.14 2351.32
v -53696.42 -52246.52 2368.32
v -53640.75 -52240.45 2368.32
v -53641.83 -52230.51 2368.32
v -53697.50 -52236.58 2368.32
v -53696.42 -52246.52 2423.32
v -53640.75 -52240.45 2423.32
v -53641.83 -52230.51 2423.32
v -53697.50 -52236.58 2423.32
v -53687.75 -52326.05 2440.32
v -53696.42 -52246.52 2440.32
v -53706.36 -52247.61 2440.32
v -53697.69 -52327.14 2440.32
v -53687.75 -52326.05 2495.32
v -53696.42 -52246.52 2495.32
v -53706.36 -52247.61 2495.32
v -53697.69 -52327.14 2495.32
v -53696.42 -52246.52 2512.32
v -53640.75 -52240.45 2512.32
v -53641.83 -52230.51 2512.32
v -53697.50 -52236.58 2512.32
v -53696.42 -52246.52 2567.32
v -53640.75 -52240.45 2567.32
v -53641.83 -52230.51 2567.32
v -53697.50 -52236.58 2567.32
v -53390.23 -52213.14 2296.32
v -53310.70 -52204.47 2296.32
v -53311.79 -52194.53 2296.32
v -53391.32 -52203.20 2296.32
v -53390.23 -52213.14 2351.32
v -53310.70 -52204.47 2351.32
v -53311.79 -52194.53 2351.32
v -53391.32 -52203.20 2351.32
v -53310.70 -52204.47 2368.32
v -53304.63 -52260.14 2368.32
v -53294.69 -52259.06 2368.32
v -53300.76 -52203.39 2368.32
v -53310.70 -52204.47 2423.32
v -53304.63 -52260.14 2423.32
v -53294.69 -52259.06 2423.32
v -53300.76 -52203.39 2423.32
v -53390.23 -52213.14 2440.32
v -53310.70 -52204.47 2440.32
v -53311.79 -52194.53 2440.32
v -53391.32 -52203.20 2440.32
v -53390.23 -52213.14 2495.32
v -53310.70 -52204.47 2495.32
v -53311.79 -52194.53 2495.32
v -53391.32 -52203.20 2495.32
v -53310.70 -52204.47 2512.32
v -53304.63 -52260.14 2512.32
v -53294.69 -52259.06 2512.32
v -53300.76 -52203.39 2512.32
v -53310.70 -52204.47 2567.32
v -53304.63 -52260.14 2567.32
v -53294.69 -52259.06 2567.32
v -53300.76 -52203.39 2567.32
v -53267.13 -52604.10 2296.32
v -53258.46 -52683.63 2296.32
v -53248.52 -52682.55 2296.32
v -53257.19 -52603.02 2296.32
v -53267.13 -52604.10 2351.32
v -53258.46 -52683.63 2351.32
v -53248.52 -52682.55 2351.32
v -53257.19 -52603.02 2351.32
v -53258.46 -52683.63 2368.32
v -53314.13 -52689.70 2368.32
v -53313.05 -52699.64 2368.32
v -53257.38 -52693.57 2368.32
v -53258.46 -52683.63 2423.32
v -53314.13 -52689.70 2423.32
v -53313.05 -52699.64 2423.32
v -53257.38 -52693.57 2423.32
v -53267.13 -52604.10 2440.32
v -53258.46 -52683.63 2440.32
v -53248.52 -52682.55 2440.32
v -53257.19 -52603.02 2440.32
v -53267.13 -52604.10 2495.32
v -53258.46 -52683.63 2495.32
v -53248.52 -52682.55 2495.32
v -53257.19 -52603.02 2495.32
v -53258.46 -52683.63 2512.32
v -53314.13 -52689.70 2512.32
v -53313.05 -52699.64 2512.32
v -53257.38 -52693.57 2512.32
v -53258.46 -52683.63 2567.32
v -53314.13 -52689.70 2567.32
v -53313.05 -52699.64 2567.32
v -53257.38 -52693.57 2567.32
v -53791.97 -52839.28 2275.17
v -53421.58 -52774.55 2275.17
v -53340.66 -53237.53 2275.17
v -53711.05 -53302.26 2275.17
v -53791.97 -52839.28 3235.17
v -53421.58 -52774.55 3235.17
v -53340.66 -53237.53 3235.17
v -53711.05 -53302.26 3235.17
v -53658.09 -52803.70 2365.17
v -53559.58 -52786.49 2365.17
v -53559.58 -52786.49 2545.17
v -53658.09 -52803.70 2545.17
v -53660.50 -52789.91 2365.17
v -53562.00 -52772.69 2365.17
v -53562.00 -52772.69 2545.17
v -53660.50 -52789.91 2545.17
v -53644.30 -52801.29 2379.17
v -53573.38 -52788.90 2379.17
v -53573.38 -52788.90 2531.17
v -53644.30 -52801.29 2531.17
v -53646.71 -52787.50 2379.17
v -53575.79 -52775.10 2379.17
v -53575.79 -52775.10 2531.17
v -53646.71 -52787.50 2531.17
v -53658.09 -52803.70 2685.17
v -53559.58 -52786.49 2685.17
v -53559.58 -52786.49 2815.17
v -53584.21 -52790.79 2858.47
v -53633.47 -52799.40 2858.47
v -53658.09 -52803.70 2815.17
v -53660.50 -52789.91 2685.17
v -53562.00 -52772.69 2685.17
v -53562.00 -52772.69 2815.17
v -53586.62 -52777.00 2858.47
v -53635.88 -52785.61 2858.47
v -53660.50 -52789.91 2815.17
v -53644.30 -52801.29 2699.17
v -53573.38 -52788.90 2699.17
v -53573.38 -52788.90 2815.17
v -53591.11 -52791.99 2846.35
v -53626.57 -52798.19 2846.35
v -53644.30 -52801.29 2815.17
v -53646.71 -52787.50 2699.17
v -53575.79 -52775.10 2699.17
v -53575.79 -52775.10 2815.17
v -53593.52 -52778.20 2846.35
v -53628.98 -52784.40 2846.35
v -53646.71 -52787.50 2815.17
v -53377.91 -52954.72 2365.17
v -53360.69 -53053.23 2365.17
v -53360.69 -53053.23 2545.17
v -53377.91 -52954.72 2545.17
v -53364.12 -52952.31 2365.17
v -53346.90 -53050.82 2365.17
v -53346.90 -53050.82 2545.17
v -53364.12 -52952.31 2545.17
v -53375.50 -52968.51 2379.17
v -53363.10 -53039.43 2379.17
v -53363.10 -53039.43 2531.17
v -53375.50 -52968.51 2531.17
v -53361.71 -52966.10 2379.17
v -53349.31 -53037.02 2379.17
v -53349.31 -53037.02 2531.17
v -53361.71 -52966.10 2531.17
v -53377.91 -52954.72 2685.17
v -53360.69 -53053.23 2685.17
v -53360.69 -53053.23 2815.17
v -53365.00 -53028.60 2858.47
v -53373.60 -52979.35 2858.47
v -53377.91 -52954.72 2815.17
v -53364.12 -52952.31 2685.17
v -53346.90 -53050.82 2685.17
v -53346.90 -53050.82 2815.17
v -53351.20 -53026.19 2858.47
v -53359.81 -52976.94 2858.47
v -53364.12 -52952.31 2815.17
v -53375.50 -52968.51 2699.17
v -53363.10 -53039.43 2699.17
v -53363.10 -53039.43 2815.17
v -53366.20 -53021.70 2846.35
v -53372.40 -52986.24 2846.35
v -53375.50 -52968.51 2815.17
v -53361.71 -52966.10 2699.17
v -53349.31 -53037.02 2699.17
v -53349.31 -53037.02 2815.17
v -53352.41 -53019.29 2846.35
v -53358.61 -52983.83 2846.35
v -53361.71 -52966.10 2815.17
v -53474.54 -53273.11 2685.17
v -53573.04 -53290.33 2685.17
v -53573.04 -53290.33 2865.17
v -53474.54 -53273.11 2865.17
v -53472.12 -53286.90 2685.17
v -53570.63 -53304.12 2685.17
v -53570.63 -53304.12 2865.17
v -53472.12 -53286.90 2865.17
v -53488.33 -53275.52 2699.17
v -53559.25 -53287.92 2699.17
v -53559.25 -53287.92 2851.17
v -53488.33 -53275.52 2851.17
v -53485.92 -53289.31 2699.17
v -53556.84 -53301.71 2699.17
v -53556.84 -53301.71 2851.17
v -53485.92 -53289.31 2851.17
v -53464.68 -53271.39 2275.17
v -53582.89 -53292.05 2275.17
v -53582.89 -53292.05 2505.17
v -53464.68 -53271.39 2505.17
v -53461.24 -53291.09 2275.17
v -53579.45 -53311.75 2275.17
v -53579.45 -53311.75 2505.17
v -53461.24 -53291.09 2505.17
v -53482.42 -53274.49 2293.17
v -53565.16 -53288.95 2293.17
v -53565.16 -53288.95 2487.17
v -53482.42 -53274.49 2487.17
v -53478.97 -53294.19 2293.17
v -53561.72 -53308.65 2293.17
v -53561.72 -53308.65 2487.17
v -53478.97 -53294.19 2487.17
v -53444.98 -53267.94 2271.17
v -53602.59 -53295.49 2271.17
v -53598.12 -53321.10 2271.17
v -53440.51 -53293.56 2271.17
v -53444.98 -53267.94 2287.17
v -53602.59 -53295.49 2287.17
v -53598.12 -53321.10 2287.17
v -53440.51 -53293.56 2287.17
v -53754.72 -53122.09 2365.17
v -53771.94 -53023.59 2365.17
v -53771.94 -53023.59 2545.17
v -53754.72 -53122.09 2545.17
v -53768.51 -53124.50 2365.17
v -53785.73 -53026.00 2365.17
v -53785.73 -53026.00 2545.17
v -53768.51 -53124.50 2545.17
v -53757.13 -53108.30 2379.17
v -53769.53 -53037.38 2379.17
v -53769.53 -53037.38 2531.17
v -53757.13 -53108.30 2531.17
v -53770.92 -53110.71 2379.17
v -53783.32 -53039.79 2379.17
v -53783.32 -53039.79 2531.17
v -53770.92 -53110.71 2531.17
v -53754.72 -53122.09 2685.17
v -53771.94 -53023.59 2685.17
v -53771.94 -53023.59 2865.17
v -53754.72 -53122.09 2865.17
v -53768.51 -53124.50 2685.17
v -53785.73 -53026.00 2685.17
v -53785.73 -53026.00 2865.17
v -53768.51 -53124.50 2865.17
v -53757.13 -53108.30 2699.17
v -53769.53 -53037.38 2699.17
v -53769.53 -53037.38 2851.17
v -53757.13 -53108.30 2851.17
v -53770.92 -53110.71 2699.17
v -53783.32 -53039.79 2699.17
v -53783.32 -53039.79 2851.17
v -53770.92 -53110.71 2851.17
v -53812.80 -52824.65 3205.17
v -53406.95 -52753.72 3205.17
v -53319.83 -53252.16 3205.17
v -53725.68 -53323.09 3205.17
v -53812.80 -52824.65 3219.17
v -53406.95 -52753.72 3219.17
v -53319.83 -53252.16 3219.17
v -53725.68 -53323.09 3219.17
v -53798.91 -52834.40 3205.17
v -53416.70 -52767.60 3205.17
v -53333.72 -53242.41 3205.17
v -53715.92 -53309.21 3205.17
v -53798.91 -52834.40 3219.17
v -53416.70 -52767.60 3219.17
v -53333.72 -53242.41 3219.17
v -53715.92 -53309.21 3219.17
v -53824.37 -52816.52 3183.17
v -53398.82 -52742.14 3183.17
v -53308.26 -53260.29 3183.17
v -53733.81 -53334.67 3183.17
v -53824.37 -52816.52 3211.17
v -53398.82 -52742.14 3211.17
v -53308.26 -53260.29 3211.17
v -53733.81 -53334.67 3211.17
v -53798.91 -52834.40 3183.17
v -53416.70 -52767.60 3183.17
v -53333.72 -53242.41 3183.17
v -53715.92 -53309.21 3183.17
v -53798.91 -52834.40 3211.17
v -53416.70 -52767.60 3211.17
v -53333.72 -53242.41 3211.17
v -53715.92 -53309.21 3211.17
v -53817.42 -52821.40 3241.17
v -53403.70 -52749.09 3241.17
v -53315.20 -53255.41 3241.17
v -53728.93 -53327.72 3241.17
v -53817.42 -52821.40 3311.17
v -53403.70 -52749.09 3311.17
v -53315.20 -53255.41 3311.17
v -53728.93 -53327.72 3311.17
v -53757.25 -52863.67 3241.17
v -53445.97 -52809.26 3241.17
v -53375.38 -53213.14 3241.17
v -53686.66 -53267.55 3241.17
v -53757.25 -52863.67 3311.17
v -53445.97 -52809.26 3311.17
v -53375.38 -53213.14 3311.17
v -53686.66 -53267.55 3311.17
v -53495.51 -52781.38 2300.17
v -53416.70 -52767.60 2300.17
v -53418.42 -52757.75 2300.17
v -53497.23 -52771.53 2300.17
v -53495.51 -52781.38 2355.17
v -53416.70 -52767.60 2355.17
v -53418.42 -52757.75 2355.17
v -53497.23 -52771.53 2355.17
v -53416.70 -52767.60 2372.17
v -53407.06 -52822.77 2372.17
v -53397.21 -52821.05 2372.17
v -53406.85 -52765.88 2372.17
v -53416.70 -52767.60 2427.17
v -53407.06 -52822.77 2427.17
v -53397.21 -52821.05 2427.17
v -53406.85 -52765.88 2427.17
v -53495.51 -52781.38 2444.17
v -53416.70 -52767.60 2444.17
v -53418.42 -52757.75 2444.17
v -53497.23 -52771.53 2444.17
v -53495.51 -52781.38 2499.17
v -53416.70 -52767.60 2499.17
v -53418.42 -52757.75 2499.17
v -53497.23 -52771.53 2499.17
v -53416.70 -52767.60 2516.17
v -53407.06 -52822.77 2516.17
v -53397.21 -52821.05 2516.17
v -53406.85 -52765.88 2516.17
v -53416.70 -52767.60 2571.17
v -53407.06 -52822.77 2571.17
v -53397.21 -52821.05 2571.17
v -53406.85 -52765.88 2571.17
v -53637.12 -53295.43 2300.17
v -53715.92 -53309.21 2300.17
v -53714.20 -53319.06 2300.17
v -53635.40 -53305.28 2300.17
v -53637.12 -53295.43 2355.17
v -53715.92 -53309.21 2355.17
v -53714.20 -53319.06 2355.17
v -53635.40 -53305.28 2355.17
v -53715.92 -53309.21 2372.17
v -53725.57 -53254.04 2372.17
v -53735.42 -53255.76 2372.17
v -53725.78 -53310.93 2372.17
v -53715.92 -53309.21 2427.17
v -53725.57 -53254.04 2427.17
v -53735.42 -53255.76 2427.17
v -53725.78 -53310.93 2427.17
v -53637.12 -53295.43 2444.17
v -53715.92 -53309.21 2444.17
v -53714.20 -53319.06 2444.17
v -53635.40 -53305.28 2444.17
v -53637.12 -53295.43 2499.17
v -53715.92 -53309.21 2499.17
v -53714.20 -53319.06 2499.17
v -53635.40 -53305.28 2499.17
v -53715.92 -53309.21 2516.17
v -53725.57 -53254.04 2516.17
v -53735.42 -53255.76 2516.17
v -53725.78 -53310.93 2516.17
v -53715.92 -53309.21 2571.17
v -53725.57 -53254.04 2571.17
v -53735.42 -53255.76 2571.17
v -53725.78 -53310.93 2571.17
v -53785.14 -52913.21 2300.17
v -53798.91 -52834.40 2300.17
v -53808.76 -52836.13 2300.17
v -53794.99 -52914.93 2300.17
v -53785.14 -52913.21 2355.17
v -53798.91 -52834.40 2355.17
v -53808.76 -52836.13 2355.17
v -53794.99 -52914.93 2355.17
v -53798.91 -52834.40 2372.17
v -53743.74 -52824.76 2372.17
v -53745.47 -52814.91 2372.17
v -53800.63 -52824.55 2372.17
v -53798.91 -52834.40 2427.17
v -53743.74 -52824.76 2427.17
v -53745.47 -52814.91 2427.17
v -53800.63 -52824.55 2427.17
v -53785.14 -52913.21 2444.17
v -53798.91 -52834.40 2444.17
v -53808.76 -52836.13 2444.17
v -53794.99 -52914.93 2444.17
v -53785.14 -52913.21 2499.17
v -53798.91 -52834.40 2499.17
v -53808.76 -52836.13 2499.17
v -53794.99 -52914.93 2499.17
v -53798.91 -52834.40 2516.17
v -53743.74 -52824.76 2516.17
v -53745.47 -52814.91 2516.17
v -53800.63 -52824.55 2516.17
v -53798.91 -52834.40 2571.17
v -53743.74 -52824.76 2571.17
v -53745.47 -52814.91 2571.17
v -53800.63 -52824.55 2571.17
v -53347.49 -53163.60 2300.17
v -53333.72 -53242.41 2300.17
v -53323.87 -53240.68 2300.17
v -53337.64 -53161.88 2300.17
v -53347.49 -53163.60 2355.17
v -53333.72 -53242.41 2355.17
v -53323.87 -53240.68 2355.17
v -53337.64 -53161.88 2355.17
v -53333.72 -53242.41 2372.17
v -53388.88 -53252.05 2372.17
v -53387.16 -53261.90 2372.17
v -53332.00 -53252.26 2372.17
v -53333.72 -53242.41 2427.17
v -53388.88 -53252.05 2427.17
v -53387.16 -53261.90 2427.17
v -53332.00 -53252.26 2427.17
v -53347.49 -53163.60 2444.17
v -53333.72 -53242.41 2444.17
v -53323.87 -53240.68 2444.17
v -53337.64 -53161.88 2444.17
v -53347.49 -53163.60 2499.17
v -53333.72 -53242.41 2499.17
v -53323.87 -53240.68 2499.17
v -53337.64 -53161.88 2499.17
v -53333.72 -53242.41 2516.17
v -53388.88 -53252.05 2516.17
v -53387.16 -53261.90 2516.17
v -53332.00 -53252.26 2516.17
v -53333.72 -53242.41 2571.17
v -53388.88 -53252.05 2571.17
v -53387.16 -53261.90 2571.17
v -53332.00 -53252.26 2571.17
vt -17.6929 6.2253
vt -15.2238 6.2253
vt -18.6539 6.2253
vt -21.1230 6.2253
vt -17.6929 7.8253
vt -15.2238 7.8253
vt -18.6539 7.8253
vt -21.1230 7.8253
vt -17.3401 6.4503
vt -17.0821 6.4503
vt -17.0821 6.9003
vt -17.3401 6.9003
vt -17.3063 6.4503
vt -17.0483 6.4503
vt -17.0483 6.9003
vt -17.3063 6.9003
vt -17.3040 6.4853
vt -17.1183 6.4853
vt -17.1183 6.8653
vt -17.3040 6.8653
vt -17.2702 6.4853
vt -17.0844 6.4853
vt -17.0844 6.8653
vt -17.2702 6.8653
vt -15.7766 6.4503
vt -15.5186 6.4503
vt -15.5186 6.9003
vt -15.7766 6.9003
vt -15.7428 6.4503
vt -15.4848 6.4503
vt -15.4848 6.9003
vt -15.7428 6.9003
vt -15.7405 6.4853
vt -15.5547 6.4853
vt -15.5547 6.8653
vt -15.7405 6.8653
vt -15.7066 6.4853
vt -15.5209 6.4853
vt -15.5209 6.8653
vt -15.7066 6.8653
vt -16.5842 6.2253
vt -16.2745 6.2253
vt -16.2745 6.8003
vt -16.5842 6.8003
vt -16.5358 6.2253
vt -16.2262 6.2253
vt -16.2262 6.8003
vt -16.5358 6.8003
vt -16.5377 6.2703
vt -16.3210 6.2703
vt -16.3210 6.7553
vt -16.5377 6.7553
vt -16.4894 6.2703
vt -16.2726 6.2703
vt -16.2726 6.7553
vt -16.4894 6.7553
vt -16.6358 6.2153
vt -16.2230 6.2153
vt -16.1601 6.2153
vt -16.5729 6.2153
vt -16.6358 6.2553
vt -16.2230 6.2553
vt -16.1601 6.2553
vt -16.5729 6.2553
vt -15.5442 6.4503
vt -15.7859 6.4503
vt -15.7859 6.9003
vt -15.5442 6.9003
vt -15.5081 6.4503
vt -15.7499 6.4503
vt -15.7499 6.9003
vt -15.5081 6.9003
vt -15.5781 6.4853
vt -15.7521 6.4853
vt -15.7521 6.8653
vt -15.5781 6.8653
vt -15.5419 6.4853
vt -15.7160 6.4853
vt -15.7160 6.8653
vt -15.5419 6.8653
vt -16.3727 6.4503
vt -16.6144 6.4503
vt -16.6144 6.9003
vt -16.3727 6.9003
vt -16.3366 6.4503
vt -16.5783 6.4503
vt -16.5783 6.9003
vt -16.3366 6.9003
vt -16.4066 6.4853
vt -16.5806 6.4853
vt -16.5806 6.8653
vt -16.4066 6.8653
vt -16.3704 6.4853
vt -16.5445 6.4853
vt -16.5445 6.8653
vt -16.3704 6.8653
vt -17.2013 6.4503
vt -17.4430 6.4503
vt -17.4430 6.9003
vt -17.2013 6.9003
vt -17.1651 6.4503
vt -17.4068 6.4503
vt -17.4068 6.9003
vt -17.1651 6.9003
vt -17.2351 6.4853
vt -17.4091 6.4853
vt -17.4091 6.8653
vt -17.2351 6.8653
vt -17.1990 6.4853
vt -17.3730 6.4853
vt -17.3730 6.8653
vt -17.1990 6.8653
vt -18.0298 6.4503
vt -18.2715 6.4503
vt -18.2715 6.9003
vt -18.0298 6.9003
vt -17.9936 6.4503
vt -18.2353 6.4503
vt -18.2353 6.9003
vt -17.9936 6.9003
vt -18.0636 6.4853
vt -18.2376 6.4853
vt -18.2376 6.8653
vt -18.0636 6.8653
vt -18.0275 6.4853
vt -18.2015 6.4853
vt -18.2015 6.8653
vt -18.0275 6.8653
vt -19.0067 6.4503
vt -19.2647 6.4503
vt -19.2647 6.9003
vt -19.0067 6.9003
vt -19.0405 6.4503
vt -19.2985 6.4503
vt -19.2985 6.9003
vt -19.0405 6.9003
vt -19.0428 6.4853
vt -19.2285 6.4853
vt -19.2285 6.8653
vt -19.0428 6.8653
vt -19.0766 6.4853
vt -19.2624 6.4853
vt -19.2624 6.8653
vt -19.0766 6.8653
vt -19.7884 6.4503
vt -20.0465 6.4503
vt -20.0465 6.9003
vt -19.7884 6.9003
vt -19.8223 6.4503
vt -20.0803 6.4503
vt -20.0803 6.9003
vt -19.8223 6.9003
vt -19.8245 6.4853
vt -20.0103 6.4853
vt -20.0103 6.8653
vt -19.8245 6.8653
vt -19.8584 6.4853
vt -20.0441 6.4853
vt -20.0441 6.8653
vt -19.8584 6.8653
vt -20.5702 6.4503
vt -20.8282 6.4503
vt -20.8282 6.9003
vt -20.5702 6.9003
vt -20.6041 6.4503
vt -20.8620 6.4503
vt -20.8620 6.9003
vt -20.6041 6.9003
vt -20.6063 6.4853
vt -20.7921 6.4853
vt -20.7921 6.8653
vt -20.6063 6.8653
vt -20.6402 6.4853
vt -20.8259 6.4853
vt -20.8259 6.8653
vt -20.6402 6.8653
vt -20.8025 6.4503
vt -20.5609 6.4503
vt -20.5609 6.9003
vt -20.8025 6.9003
vt -20.8387 6.4503
vt -20.5969 6.4503
vt -20.5969 6.9003
vt -20.8387 6.9003
vt -20.7687 6.4853
vt -20.5947 6.4853
vt -20.5947 6.8653
vt -20.7687 6.8653
vt -20.8048 6.4853
vt -20.6308 6.4853
vt -20.6308 6.8653
vt -20.8048 6.8653
vt -19.9741 6.4503
vt -19.7324 6.4503
vt -19.7324 6.9003
vt -19.9741 6.9003
vt -20.0102 6.4503
vt -19.7684 6.4503
vt -19.7684 6.9003
vt -20.0102 6.9003
vt -19.9402 6.4853
vt -19.7662 6.4853
vt -19.7662 6.8653
vt -19.9402 6.8653
vt -19.9764 6.4853
vt -19.8023 6.4853
vt -19.8023 6.8653
vt -19.9764 6.8653
vt -19.1456 6.4503
vt -18.9038 6.4503
vt -18.9038 6.9003
vt -19.1456 6.9003
vt -19.1817 6.4503
vt -18.9400 6.4503
vt -18.9400 6.9003
vt -19.1817 6.9003
vt -19.1117 6.4853
vt -18.9376 6.4853
vt -18.9376 6.8653
vt -19.1117 6.8653
vt -19.1478 6.4853
vt -18.9738 6.4853
vt -18.9738 6.8653
vt -19.1478 6.8653
vt -18.3170 6.4503
vt -18.0753 6.4503
vt -18.0753 6.9003
vt -18.3170 6.9003
vt -18.3532 6.4503
vt -18.1115 6.4503
vt -18.1115 6.9003
vt -18.3532 6.9003
vt -18.2832 6.4853
vt -18.1092 6.4853
vt -18.1092 6.8653
vt -18.2832 6.8653
vt -18.3193 6.4853
vt -18.1453 6.4853
vt -18.1453 6.8653
vt -18.3193 6.8653
vt -17.6959 7.7504
vt -15.1338 7.7504
vt -18.6509 7.7504
vt -21.2130 7.7504
vt -17.6959 7.7853
vt -15.1338 7.7853
vt -18.6509 7.7853
vt -21.2130 7.7853
vt -17.6939 7.7504
vt -15.1938 7.7504
vt -18.6529 7.7504
vt -21.1530 7.7504
vt -17.6939 7.7853
vt -15.1938 7.7853
vt -18.6529 7.7853
vt -21.1530 7.7853
vt -17.6975 7.6953
vt -15.0839 7.6953
vt -18.6493 7.6953
vt -21.2630 7.6953
vt -17.6975 7.7653
vt -15.0839 7.7653
vt -18.6493 7.7653
vt -21.2630 7.7653
vt -17.6939 7.6953
vt -15.1938 7.6953
vt -18.6529 7.6953
vt -21.1530 7.6953
vt -17.6939 7.7653
vt -15.1938 7.7653
vt -18.6529 7.7653
vt -21.1530 7.7653
vt -17.6965 7.8403
vt -15.1138 7.8403
vt -18.6503 7.8403
vt -21.2330 7.8403
vt -17.6965 8.0153
vt -15.1138 8.0153
vt -18.6503 8.0153
vt -21.2330 8.0153
vt -17.6881 7.8403
vt -15.3737 7.8403
vt -18.6587 7.8403
vt -20.9731 7.8403
vt -17.6881 8.0153
vt -15.3737 8.0153
vt -18.6587 8.0153
vt -20.9731 8.0153
vt -17.8873 6.2878
vt -17.6939 6.2878
vt -17.7198 6.2878
vt -17.9131 6.2878
vt -17.8873 6.4253
vt -17.6939 6.4253
vt -17.7198 6.4253
vt -17.9131 6.4253
vt -17.6939 6.4678
vt -17.5494 6.4678
vt -17.5253 6.4678
vt -17.6698 6.4678
vt -17.6939 6.6053
vt -17.5494 6.6053
vt -17.5253 6.6053
vt -17.6698 6.6053
vt -17.8873 6.6479
vt -17.6939 6.6479
vt -17.7198 6.6479
vt -17.9131 6.6479
vt -17.8873 6.7853
vt -17.6939 6.7853
vt -17.7198 6.7853
vt -17.9131 6.7853
vt -17.6939 6.8278
vt -17.5494 6.8278
vt -17.5253 6.8278
vt -17.6698 6.8278
vt -17.6939 6.9653
vt -17.5494 6.9653
vt -17.5253 6.9653
vt -17.6698 6.9653
vt -18.4595 6.2878
vt -18.6529 6.2878
vt -18.6271 6.2878
vt -18.4337 6.2878
vt -18.4595 6.4253
vt -18.6529 6.4253
vt -18.6271 6.4253
vt -18.4337 6.4253
vt -18.6529 6.4678
vt -18.7973 6.4678
vt -18.8215 6.4678
vt -18.6770 6.4678
vt -18.6529 6.6053
vt -18.7973 6.6053
vt -18.8215 6.6053
vt -18.6770 6.6053
vt -18.4595 6.6479
vt -18.6529 6.6479
vt -18.6271 6.6479
vt -18.4337 6.6479
vt -18.4595 6.7853
vt -18.6529 6.7853
vt -18.6271 6.7853
vt -18.4337 6.7853
vt -18.6529 6.8278
vt -18.7973 6.8278
vt -18.8215 6.8278
vt -18.6770 6.8278
vt -18.6529 6.9653
vt -18.7973 6.9653
vt -18.8215 6.9653
vt -18.6770 6.9653
vt -15.4002 6.2878
vt -15.1938 6.2878
vt -15.1696 6.2878
vt -15.3760 6.2878
vt -15.4002 6.4253
vt -15.1938 6.4253
vt -15.1696 6.4253
vt -15.3760 6.4253
vt -15.1938 6.4678
vt -15.3292 6.4678
vt -15.3034 6.4678
vt -15.1680 6.4678
vt -15.1938 6.6053
vt -15.3292 6.6053
vt -15.3034 6.6053
vt -15.1680 6.6053
vt -15.4002 6.6479
vt -15.1938 6.6479
vt -15.1696 6.6479
vt -15.3760 6.6479
vt -15.4002 6.7853
vt -15.1938 6.7853
vt -15.1696 6.7853
vt -15.3760 6.7853
vt -15.1938 6.8278
vt -15.3292 6.8278
vt -15.3034 6.8278
vt -15.1680 6.8278
vt -15.1938 6.9653
vt -15.3292 6.9653
vt -15.3034 6.9653
vt -15.1680 6.9653
vt -20.9466 6.2878
vt -21.1530 6.2878
vt -21.1772 6.2878
vt -20.9708 6.2878
vt -20.9466 6.4253
vt -21.1530 6.4253
vt -21.1772 6.4253
vt -20.9708 6.4253
vt -21.1530 6.4678
vt -21.0176 6.4678
vt -21.0434 6.4678
vt -21.1788 6.4678
vt -21.1530 6.6053
vt -21.0176 6.6053
vt -21.0434 6.6053
vt -21.1788 6.6053
vt -20.9466 6.6479
vt -21.1530 6.6479
vt -21.1772 6.6479
vt -20.9708 6.6479
vt -20.9466 6.7853
vt -21.1530 6.7853
vt -21.1772 6.7853
vt -20.9708 6.7853
vt -21.1530 6.8278
vt -21.0176 6.8278
vt -21.0434 6.8278
vt -21.1788 6.8278
vt -21.1530 6.9653
vt -21.0176 6.9653
vt -21.0434 6.9653
vt -21.1788 6.9653
vt -17.7984 7.8403
vt -17.6496 7.8403
vt -17.7009 7.8403
vt -17.9326 7.8403
vt -18.2564 7.8403
vt -18.5484 7.8403
vt -18.6972 7.8403
vt -18.6459 7.8403
vt -18.4142 7.8403
vt -18.0905 7.8403
vt -17.7984 7.9779
vt -17.6496 7.9779
vt -17.7009 7.9779
vt -17.9326 7.9779
vt -18.2564 7.9779
vt -18.5484 7.9779
vt -18.6972 7.9779
vt -18.6459 7.9779
vt -18.4142 7.9779
vt -18.0905 7.9779
vt -17.8486 8.1654
vt -17.7198 8.1654
vt -17.7642 8.1654
vt -17.9649 8.1654
vt -18.2452 8.1654
vt -18.4982 8.1654
vt -18.6270 8.1654
vt -18.5826 8.1654
vt -18.3819 8.1654
vt -18.1016 8.1654
vt -17.9859 8.3026
vt -17.9115 8.3026
vt -17.9371 8.3026
vt -18.0530 8.3026
vt -18.2149 8.3026
vt -18.3609 8.3026
vt -18.4353 8.3026
vt -18.4097 8.3026
vt -18.2938 8.3026
vt -18.1319 8.3026
vt -18.1734 8.3529
vt -15.4971 5.9524
vt -13.0202 5.9524
vt -14.5672 5.9524
vt -17.0441 5.9524
vt -15.4971 8.3524
vt -13.0202 8.3524
vt -14.5672 8.3524
vt -17.0441 8.3524
vt -15.1430 6.1775
vt -14.8850 6.1775
vt -14.8850 6.6274
vt -15.1430 6.6274
vt -15.1092 6.1775
vt -14.8512 6.1775
vt -14.8512 6.6274
vt -15.1092 6.6274
vt -15.1069 6.2125
vt -14.9211 6.2125
vt -14.9211 6.5925
vt -15.1069 6.5925
vt -15.0731 6.2125
vt -14.8873 6.2125
vt -14.8873 6.5925
vt -15.0731 6.5925
vt -15.1430 6.9775
vt -14.8850 6.9775
vt -14.8850 7.4275
vt -15.1430 7.4275
vt -15.1092 6.9775
vt -14.8512 6.9775
vt -14.8512 7.4275
vt -15.1092 7.4275
vt -15.1069 7.0125
vt -14.9211 7.0125
vt -14.9211 7.3925
vt -15.1069 7.3925
vt -15.0731 7.0125
vt -14.8873 7.0125
vt -14.8873 7.3925
vt -15.0731 7.3925
vt -14.3587 6.1775
vt -14.1007 6.1775
vt -14.1007 6.6274
vt -14.3587 6.6274
vt -14.3248 6.1775
vt -14.0668 6.1775
vt -14.0668 6.6274
vt -14.3248 6.6274
vt -14.3225 6.2125
vt -14.1368 6.2125
vt -14.1368 6.5925
vt -14.3225 6.5925
vt -14.2887 6.2125
vt -14.1029 6.2125
vt -14.1029 6.5925
vt -14.2887 6.5925
vt -14.3587 6.9775
vt -14.1007 6.9775
vt -14.1007 7.3025
vt -14.1651 7.4107
vt -14.2941 7.4107
vt -14.3587 7.3025
vt -14.3248 6.9775
vt -14.0668 6.9775
vt -14.0668 7.3025
vt -14.1313 7.4107
vt -14.2603 7.4107
vt -14.3248 7.3025
vt -14.3225 7.0125
vt -14.1368 7.0125
vt -14.1368 7.3025
vt -14.1832 7.3804
vt -14.2761 7.3804
vt -14.3225 7.3025
vt -14.2887 7.0125
vt -14.1029 7.0125
vt -14.1029 7.3025
vt -14.1494 7.3804
vt -14.2422 7.3804
vt -14.2887 7.3025
vt -13.5743 6.1775
vt -13.3163 6.1775
vt -13.3163 6.6274
vt -13.5743 6.6274
vt -13.5405 6.1775
vt -13.2825 6.1775
vt -13.2825 6.6274
vt -13.5405 6.6274
vt -13.5382 6.2125
vt -13.3524 6.2125
vt -13.3524 6.5925
vt -13.5382 6.5925
vt -13.5043 6.2125
vt -13.3186 6.2125
vt -13.3186 6.5925
vt -13.5043 6.5925
vt -13.5743 6.9775
vt -13.3163 6.9775
vt -13.3163 7.4275
vt -13.5743 7.4275
vt -13.5405 6.9775
vt -13.2825 6.9775
vt -13.2825 7.4275
vt -13.5405 7.4275
vt -13.5382 7.0125
vt -13.3524 7.0125
vt -13.3524 7.3925
vt -13.5382 7.3925
vt -13.5043 7.0125
vt -13.3186 7.0125
vt -13.3186 7.3925
vt -13.5043 7.3925
vt -13.2842 6.1775
vt -13.5259 6.1775
vt -13.5259 6.6274
vt -13.2842 6.6274
vt -13.2480 6.1775
vt -13.4898 6.1775
vt -13.4898 6.6274
vt -13.2480 6.6274
vt -13.3180 6.2125
vt -13.4920 6.2125
vt -13.4920 6.5925
vt -13.3180 6.5925
vt -13.2819 6.2125
vt -13.4559 6.2125
vt -13.4559 6.5925
vt -13.2819 6.5925
vt -13.2842 6.9775
vt -13.5259 6.9775
vt -13.5259 7.3025
vt -13.4655 7.4107
vt -13.3446 7.4107
vt -13.2842 7.3025
vt -13.2480 6.9775
vt -13.4898 6.9775
vt -13.4898 7.3025
vt -13.4293 7.4107
vt -13.3085 7.4107
vt -13.2480 7.3025
vt -13.3180 7.0125
vt -13.4920 7.0125
vt -13.4920 7.3025
vt -13.4485 7.3804
vt -13.3615 7.3804
vt -13.3180 7.3025
vt -13.2819 7.0125
vt -13.4559 7.0125
vt -13.4559 7.3025
vt -13.4124 7.3804
vt -13.3254 7.3804
vt -13.2819 7.3025
vt -13.9997 6.1775
vt -14.2414 6.1775
vt -14.2414 6.6274
vt -13.9997 6.6274
vt -13.9635 6.1775
vt -14.2052 6.1775
vt -14.2052 6.6274
vt -13.9635 6.6274
vt -14.0335 6.2125
vt -14.2075 6.2125
vt -14.2075 6.5925
vt -14.0335 6.5925
vt -13.9974 6.2125
vt -14.1714 6.2125
vt -14.1714 6.5925
vt -13.9974 6.5925
vt -13.9997 6.9775
vt -14.2414 6.9775
vt -14.2414 7.4275
vt -13.9997 7.4275
vt -13.9635 6.9775
vt -14.2052 6.9775
vt -14.2052 7.4275
vt -13.9635 7.4275
vt -14.0335 7.0125
vt -14.2075 7.0125
vt -14.2075 7.3925
vt -14.0335 7.3925
vt -13.9974 7.0125
vt -14.1714 7.0125
vt -14.1714 7.3925
vt -13.9974 7.3925
vt -14.9214 6.1775
vt -15.1794 6.1775
vt -15.1794 6.6274
vt -14.9214 6.6274
vt -14.9552 6.1775
vt -15.2132 6.1775
vt -15.2132 6.6274
vt -14.9552 6.6274
vt -14.9575 6.2125
vt -15.1432 6.2125
vt -15.1432 6.5925
vt -14.9575 6.5925
vt -14.9913 6.2125
vt -15.1770 6.2125
vt -15.1770 6.5925
vt -14.9913 6.5925
vt -14.9214 6.9775
vt -15.1794 6.9775
vt -15.1794 7.3025
vt -15.1149 7.4107
vt -14.9858 7.4107
vt -14.9214 7.3025
vt -14.9552 6.9775
vt -15.2132 6.9775
vt -15.2132 7.3025
vt -15.1487 7.4107
vt -15.0197 7.4107
vt -14.9552 7.3025
vt -14.9575 7.0125
vt -15.1432 7.0125
vt -15.1432 7.3025
vt -15.0968 7.3804
vt -15.0039 7.3804
vt -14.9575 7.3025
vt -14.9913 7.0125
vt -15.1770 7.0125
vt -15.1770 7.3025
vt -15.1306 7.3804
vt -15.0377 7.3804
vt -14.9913 7.3025
vt -15.7057 6.9775
vt -15.9637 6.9775
vt -15.9637 7.4275
vt -15.7057 7.4275
vt -15.7395 6.9775
vt -15.9976 6.9775
vt -15.9976 7.4275
vt -15.7395 7.4275
vt -15.7418 7.0125
vt -15.9276 7.0125
vt -15.9276 7.3925
vt -15.7418 7.3925
vt -15.7757 7.0125
vt -15.9614 7.0125
vt -15.9614 7.3925
vt -15.7757 7.3925
vt -16.4900 6.1775
vt -16.7481 6.1775
vt -16.7481 6.6274
vt -16.4900 6.6274
vt -16.5239 6.1775
vt -16.7819 6.1775
vt -16.7819 6.6274
vt -16.5239 6.6274
vt -16.5262 6.2125
vt -16.7119 6.2125
vt -16.7119 6.5925
vt -16.5262 6.5925
vt -16.5600 6.2125
vt -16.7458 6.2125
vt -16.7458 6.5925
vt -16.5600 6.5925
vt -16.4900 6.9775
vt -16.7481 6.9775
vt -16.7481 7.4275
vt -16.4900 7.4275
vt -16.5239 6.9775
vt -16.7819 6.9775
vt -16.7819 7.4275
vt -16.5239 7.4275
vt -16.5262 7.0125
vt -16.7119 7.0125
vt -16.7119 7.3925
vt -16.5262 7.3925
vt -16.5600 7.0125
vt -16.7458 7.0125
vt -16.7458 7.3925
vt -16.5600 7.3925
vt -15.6799 5.9524
vt -15.9895 5.9524
vt -15.9895 6.5274
vt -15.6799 6.5274
vt -15.7283 5.9524
vt -16.0378 5.9524
vt -16.0378 6.5274
vt -15.7283 6.5274
vt -15.7263 5.9974
vt -15.9431 5.9974
vt -15.9431 6.4825
vt -15.7263 6.4825
vt -15.7747 5.9974
vt -15.9914 5.9974
vt -15.9914 6.4825
vt -15.7747 6.4825
vt -15.6283 5.9425
vt -16.0411 5.9425
vt -16.1039 5.9425
vt -15.6911 5.9425
vt -15.6283 5.9825
vt -16.0411 5.9825
vt -16.1039 5.9825
vt -15.6911 5.9825
vt -16.7802 6.1775
vt -16.5385 6.1775
vt -16.5385 6.6274
vt -16.7802 6.6274
vt -16.8163 6.1775
vt -16.5746 6.1775
vt -16.5746 6.6274
vt -16.8163 6.6274
vt -16.7464 6.2125
vt -16.5723 6.2125
vt -16.5723 6.5925
vt -16.7464 6.5925
vt -16.7825 6.2125
vt -16.6084 6.2125
vt -16.6084 6.5925
vt -16.7825 6.5925
vt -16.7802 6.9775
vt -16.5385 6.9775
vt -16.5385 7.4275
vt -16.7802 7.4275
vt -16.8163 6.9775
vt -16.5746 6.9775
vt -16.5746 7.4275
vt -16.8163 7.4275
vt -16.7464 7.0125
vt -16.5723 7.0125
vt -16.5723 7.3925
vt -16.7464 7.3925
vt -16.7825 7.0125
vt -16.6084 7.0125
vt -16.6084 7.3925
vt -16.7825 7.3925
vt -16.0647 6.1775
vt -15.8230 6.1775
vt -15.8230 6.6274
vt -16.0647 6.6274
vt -16.1008 6.1775
vt -15.8591 6.1775
vt -15.8591 6.6274
vt -16.1008 6.6274
vt -16.0309 6.2125
vt -15.8568 6.2125
vt -15.8568 6.5925
vt -16.0309 6.5925
vt -16.0670 6.2125
vt -15.8930 6.2125
vt -15.8930 6.5925
vt -16.0670 6.5925
vt -16.0647 6.9775
vt -15.8230 6.9775
vt -15.8230 7.4275
vt -16.0647 7.4275
vt -16.1008 6.9775
vt -15.8591 6.9775
vt -15.8591 7.4275
vt -16.1008 7.4275
vt -16.0309 7.0125
vt -15.8568 7.0125
vt -15.8568 7.3925
vt -16.0309 7.3925
vt -16.0670 7.0125
vt -15.8930 7.0125
vt -15.8930 7.3925
vt -16.0670 7.3925
vt -15.5001 8.2774
vt -12.9302 8.2774
vt -14.5643 8.2774
vt -17.1341 8.2774
vt -15.5001 8.3125
vt -12.9302 8.3125
vt -14.5643 8.3125
vt -17.1341 8.3125
vt -15.4981 8.2774
vt -12.9902 8.2774
vt -14.5663 8.2774
vt -17.0741 8.2774
vt -15.4981 8.3125
vt -12.9902 8.3125
vt -14.5663 8.3125
vt -17.0741 8.3125
vt -15.5017 8.2225
vt -12.8803 8.2225
vt -14.5627 8.2225
vt -17.1841 8.2225
vt -15.5017 8.2925
vt -12.8803 8.2925
vt -14.5627 8.2925
vt -17.1841 8.2925
vt -15.4981 8.2225
vt -12.9902 8.2225
vt -14.5663 8.2225
vt -17.0741 8.2225
vt -15.4981 8.2925
vt -12.9902 8.2925
vt -14.5663 8.2925
vt -17.0741 8.2925
vt -15.5007 8.3674
vt -12.9103 8.3674
vt -14.5636 8.3674
vt -17.1541 8.3674
vt -15.5007 8.5425
vt -12.9103 8.5425
vt -14.5636 8.5425
vt -17.1541 8.5425
vt -15.4922 8.3674
vt -13.1701 8.3674
vt -14.5722 8.3674
vt -16.8942 8.3674
vt -15.4922 8.5425
vt -13.1701 8.5425
vt -14.5722 8.5425
vt -16.8942 8.5425
vt -15.6915 6.0149
vt -15.4981 6.0149
vt -15.5239 6.0149
vt -15.7173 6.0149
vt -15.6915 6.1524
vt -15.4981 6.1524
vt -15.5239 6.1524
vt -15.7173 6.1524
vt -15.4981 6.1950
vt -15.3536 6.1950
vt -15.3294 6.1950
vt -15.4739 6.1950
vt -15.4981 6.3324
vt -15.3536 6.3324
vt -15.3294 6.3324
vt -15.4739 6.3324
vt -15.6915 6.3750
vt -15.4981 6.3750
vt -15.5239 6.3750
vt -15.7173 6.3750
vt -15.6915 6.5125
vt -15.4981 6.5125
vt -15.5239 6.5125
vt -15.7173 6.5125
vt -15.4981 6.5549
vt -15.3536 6.5549
vt -15.3294 6.5549
vt -15.4739 6.5549
vt -15.4981 6.6925
vt -15.3536 6.6925
vt -15.3294 6.6925
vt -15.4739 6.6925
vt -14.3729 6.0149
vt -14.5663 6.0149
vt -14.5405 6.0149
vt -14.3471 6.0149
vt -14.3729 6.1524
vt -14.5663 6.1524
vt -14.5405 6.1524
vt -14.3471 6.1524
vt -14.5663 6.1950
vt -14.7108 6.1950
vt -14.7349 6.1950
vt -14.5905 6.1950
vt -14.5663 6.3324
vt -14.7108 6.3324
vt -14.7349 6.3324
vt -14.5905 6.3324
vt -14.3729 6.3750
vt -14.5663 6.3750
vt -14.5405 6.3750
vt -14.3471 6.3750
vt -14.3729 6.5125
vt -14.5663 6.5125
vt -14.5405 6.5125
vt -14.3471 6.5125
vt -14.5663 6.5549
vt -14.7108 6.5549
vt -14.7349 6.5549
vt -14.5905 6.5549
vt -14.5663 6.6925
vt -14.7108 6.6925
vt -14.7349 6.6925
vt -14.5905 6.6925
vt -13.1966 6.0149
vt -12.9902 6.0149
vt -12.9660 6.0149
vt -13.1724 6.0149
vt -13.1966 6.1524
vt -12.9902 6.1524
vt -12.9660 6.1524
vt -13.1724 6.1524
vt -12.9902 6.1950
vt -13.1256 6.1950
vt -13.0998 6.1950
vt -12.9644 6.1950
vt -12.9902 6.3324
vt -13.1256 6.3324
vt -13.0998 6.3324
vt -12.9644 6.3324
vt -13.1966 6.3750
vt -12.9902 6.3750
vt -12.9660 6.3750
vt -13.1724 6.3750
vt -13.1966 6.5125
vt -12.9902 6.5125
vt -12.9660 6.5125
vt -13.1724 6.5125
vt -12.9902 6.5549
vt -13.1256 6.5549
vt -13.0998 6.5549
vt -12.9644 6.5549
vt -12.9902 6.6925
vt -13.1256 6.6925
vt -13.0998 6.6925
vt -12.9644 6.6925
vt -16.8677 6.0149
vt -17.0741 6.0149
vt -17.0983 6.0149
vt -16.8919 6.0149
vt -16.8677 6.1524
vt -17.0741 6.1524
vt -17.0983 6.1524
vt -16.8919 6.1524
vt -17.0741 6.1950
vt -16.9388 6.1950
vt -16.9645 6.1950
vt -17.0999 6.1950
vt -17.0741 6.3324
vt -16.9388 6.3324
vt -16.9645 6.3324
vt -17.0999 6.3324
vt -16.8677 6.3750
vt -17.0741 6.3750
vt -17.0983 6.3750
vt -16.8919 6.3750
vt -16.8677 6.5125
vt -17.0741 6.5125
vt -17.0983 6.5125
vt -16.8919 6.5125
vt -17.0741 6.5549
vt -16.9388 6.5549
vt -16.9645 6.5549
vt -17.0999 6.5549
vt -17.0741 6.6925
vt -16.9388 6.6925
vt -16.9645 6.6925
vt -17.0999 6.6925
vt -16.9018 6.2052
vt -21.6008 6.2052
vt -24.0428 6.2052
vt -19.3439 6.2052
vt -16.9018 7.8052
vt -21.6008 7.8052
vt -24.0428 7.8052
vt -19.3439 7.8052
vt -17.2624 6.4302
vt -17.5255 6.4302
vt -17.5255 6.8802
vt -17.2624 6.8802
vt -17.2293 6.4302
vt -17.4924 6.4302
vt -17.4924 6.8802
vt -17.2293 6.8802
vt -17.2992 6.4652
vt -17.4886 6.4652
vt -17.4886 6.8452
vt -17.2992 6.8452
vt -17.2661 6.4652
vt -17.4556 6.4652
vt -17.4556 6.8452
vt -17.2661 6.8452
vt -18.1769 6.4302
vt -18.4400 6.4302
vt -18.4400 6.8802
vt -18.1769 6.8802
vt -18.1438 6.4302
vt -18.4069 6.4302
vt -18.4069 6.8802
vt -18.1438 6.8802
vt -18.2137 6.4652
vt -18.4032 6.4652
vt -18.4032 6.8452
vt -18.2137 6.8452
vt -18.1807 6.4652
vt -18.3701 6.4652
vt -18.3701 6.8452
vt -18.1807 6.8452
vt -19.0915 6.4302
vt -19.3545 6.4302
vt -19.3545 6.8802
vt -19.0915 6.8802
vt -19.0584 6.4302
vt -19.3215 6.4302
vt -19.3215 6.8802
vt -19.0584 6.8802
vt -19.1283 6.4652
vt -19.3177 6.4652
vt -19.3177 6.8452
vt -19.1283 6.8452
vt -19.0952 6.4652
vt -19.2847 6.4652
vt -19.2847 6.8452
vt -19.0952 6.8452
vt -20.0059 6.4302
vt -20.2691 6.4302
vt -20.2691 6.8802
vt -20.0059 6.8802
vt -19.9729 6.4302
vt -20.2360 6.4302
vt -20.2360 6.8802
vt -19.9729 6.8802
vt -20.0428 6.4652
vt -20.2322 6.4652
vt -20.2322 6.8452
vt -20.0428 6.8452
vt -20.0098 6.4652
vt -20.1992 6.4652
vt -20.1992 6.8452
vt -20.0098 6.8452
vt -20.9205 6.4302
vt -21.1836 6.4302
vt -21.1836 6.8802
vt -20.9205 6.8802
vt -20.8874 6.4302
vt -21.1505 6.4302
vt -21.1505 6.8802
vt -20.8874 6.8802
vt -20.9573 6.4652
vt -21.1467 6.4652
vt -21.1467 6.8452
vt -20.9573 6.8452
vt -20.9242 6.4652
vt -21.1137 6.4652
vt -21.1137 6.8452
vt -20.9242 6.8452
vt -21.9591 6.4302
vt -22.1952 6.4302
vt -22.1952 6.8802
vt -21.9591 6.8802
vt -21.9959 6.4302
vt -22.2321 6.4302
vt -22.2321 6.8802
vt -21.9959 6.8802
vt -21.9921 6.4652
vt -22.1622 6.4652
vt -22.1622 6.8452
vt -21.9921 6.8452
vt -22.0290 6.4652
vt -22.1990 6.4652
vt -22.1990 6.8452
vt -22.0290 6.8452
vt -22.7353 6.4302
vt -22.9715 6.4302
vt -22.9715 6.8802
vt -22.7353 6.8802
vt -22.7721 6.4302
vt -23.0083 6.4302
vt -23.0083 6.8802
vt -22.7721 6.8802
vt -22.7684 6.4652
vt -22.9384 6.4652
vt -22.9384 6.8452
vt -22.7684 6.8452
vt -22.8052 6.4652
vt -22.9752 6.4652
vt -22.9752 6.8452
vt -22.8052 6.8452
vt -23.5115 6.4302
vt -23.7477 6.4302
vt -23.7477 6.8802
vt -23.5115 6.8802
vt -23.5484 6.4302
vt -23.7845 6.4302
vt -23.7845 6.8802
vt -23.5484 6.8802
vt -23.5446 6.4652
vt -23.7147 6.4652
vt -23.7147 6.8452
vt -23.5446 6.8452
vt -23.5815 6.4652
vt -23.7515 6.4652
vt -23.7515 6.8452
vt -23.5815 6.8452
vt -23.6824 6.4302
vt -23.4192 6.4302
vt -23.4192 6.8802
vt -23.6824 6.8802
vt -23.7154 6.4302
vt -23.4523 6.4302
vt -23.4523 6.8802
vt -23.7154 6.8802
vt -23.6455 6.4652
vt -23.4561 6.4652
vt -23.4561 6.8452
vt -23.6455 6.8452
vt -23.6785 6.4652
vt -23.4891 6.4652
vt -23.4891 6.8452
vt -23.6785 6.8452
vt -22.7678 6.4302
vt -22.5047 6.4302
vt -22.5047 6.8802
vt -22.7678 6.8802
vt -22.8009 6.4302
vt -22.5378 6.4302
vt -22.5378 6.8802
vt -22.8009 6.8802
vt -22.7310 6.4652
vt -22.5415 6.4652
vt -22.5415 6.8452
vt -22.7310 6.8452
vt -22.7641 6.4652
vt -22.5746 6.4652
vt -22.5746 6.8452
vt -22.7641 6.8452
vt -20.9387 6.4302
vt -20.6756 6.4302
vt -20.6756 6.8802
vt -20.9387 6.8802
vt -20.9718 6.4302
vt -20.7087 6.4302
vt -20.7087 6.8802
vt -20.9718 6.8802
vt -20.9019 6.4652
vt -20.7125 6.4652
vt -20.7125 6.8452
vt -20.9019 6.8452
vt -20.9349 6.4652
vt -20.7455 6.4652
vt -20.7455 6.8452
vt -20.9349 6.8452
vt -20.0242 6.4302
vt -19.7611 6.4302
vt -19.7611 6.8802
vt -20.0242 6.8802
vt -20.0573 6.4302
vt -19.7942 6.4302
vt -19.7942 6.8802
vt -20.0573 6.8802
vt -19.9874 6.4652
vt -19.7980 6.4652
vt -19.7980 6.8452
vt -19.9874 6.8452
vt -20.0205 6.4652
vt -19.8310 6.4652
vt -19.8310 6.8452
vt -20.0205 6.8452
vt -21.8796 6.2052
vt -21.5639 6.2052
vt -21.5639 6.6302
vt -21.6428 6.7601
vt -21.8006 6.7601
vt -21.8796 6.6302
vt -21.9268 6.2052
vt -21.6111 6.2052
vt -21.6111 6.6302
vt -21.6900 6.7601
vt -21.8479 6.7601
vt -21.9268 6.6302
vt -21.8322 6.2502
vt -21.6112 6.2502
vt -21.6112 6.6302
vt -21.6665 6.7211
vt -21.7770 6.7211
vt -21.8322 6.6302
vt -21.8794 6.2502
vt -21.6585 6.2502
vt -21.6585 6.6302
vt -21.7137 6.7211
vt -21.8242 6.7211
vt -21.8794 6.6302
vt -21.9322 6.1952
vt -21.5112 6.1952
vt -21.5726 6.1952
vt -21.9936 6.1952
vt -21.9322 6.2352
vt -21.5112 6.2352
vt -21.5726 6.2352
vt -21.9936 6.2352
vt -18.9856 6.4302
vt -18.7494 6.4302
vt -18.7494 6.8802
vt -18.9856 6.8802
vt -18.9488 6.4302
vt -18.7126 6.4302
vt -18.7126 6.8802
vt -18.9488 6.8802
vt -18.9526 6.4652
vt -18.7825 6.4652
vt -18.7825 6.8452
vt -18.9526 6.8452
vt -18.9157 6.4652
vt -18.7457 6.4652
vt -18.7457 6.8452
vt -18.9157 6.8452
vt -18.2094 6.4302
vt -17.9732 6.4302
vt -17.9732 6.8802
vt -18.2094 6.8802
vt -18.1726 6.4302
vt -17.9364 6.4302
vt -17.9364 6.8802
vt -18.1726 6.8802
vt -18.1764 6.4652
vt -18.0063 6.4652
vt -18.0063 6.8452
vt -18.1764 6.8452
vt -18.1395 6.4652
vt -17.9694 6.4652
vt -17.9694 6.8452
vt -18.1395 6.8452
vt -17.4332 6.4302
vt -17.1970 6.4302
vt -17.1970 6.8802
vt -17.4332 6.8802
vt -17.3963 6.4302
vt -17.1601 6.4302
vt -17.1601 6.8802
vt -17.3963 6.8802
vt -17.4001 6.4652
vt -17.2300 6.4652
vt -17.2300 6.8452
vt -17.4001 6.8452
vt -17.3633 6.4652
vt -17.1932 6.4652
vt -17.1932 6.8452
vt -17.3633 6.8452
vt -16.8120 7.7302
vt -21.6057 7.7302
vt -24.1327 7.7302
vt -19.3391 7.7302
vt -16.8120 7.7652
vt -21.6057 7.7652
vt -24.1327 7.7652
vt -19.3391 7.7652
vt -16.8719 7.7302
vt -21.6024 7.7302
vt -24.0728 7.7302
vt -19.3423 7.7302
vt -16.8719 7.7652
vt -21.6024 7.7652
vt -24.0728 7.7652
vt -19.3423 7.7652
vt -16.7621 7.6752
vt -21.6083 7.6752
vt -24.1827 7.6752
vt -19.3364 7.6752
vt -16.7621 7.7452
vt -21.6083 7.7452
vt -24.1827 7.7452
vt -19.3364 7.7452
vt -16.8719 7.6752
vt -21.6024 7.6752
vt -24.0728 7.6752
vt -19.3423 7.6752
vt -16.8719 7.7452
vt -21.6024 7.7452
vt -24.0728 7.7452
vt -19.3423 7.7452
vt -16.7920 7.8202
vt -21.6067 7.8202
vt -24.1527 7.8202
vt -19.3380 7.8202
vt -16.7920 7.9952
vt -21.6067 7.9952
vt -24.1527 7.9952
vt -19.3380 7.9952
vt -17.0516 7.8202
vt -21.5927 7.8202
vt -23.8931 7.8202
vt -19.3520 7.8202
vt -17.0516 7.9952
vt -21.5927 7.9952
vt -23.8931 7.9952
vt -19.3520 7.9952
vt -21.3919 6.2677
vt -21.6024 6.2677
vt -21.5788 6.2677
vt -21.3683 6.2677
vt -21.3919 6.4052
vt -21.6024 6.4052
vt -21.5788 6.4052
vt -21.3683 6.4052
vt -21.6024 6.4477
vt -21.7347 6.4477
vt -21.7610 6.4477
vt -21.6287 6.4477
vt -21.6024 6.5852
vt -21.7347 6.5852
vt -21.7610 6.5852
vt -21.6287 6.5852
vt -21.3919 6.6277
vt -21.6024 6.6277
vt -21.5788 6.6277
vt -21.3683 6.6277
vt -21.3919 6.7652
vt -21.6024 6.7652
vt -21.5788 6.7652
vt -21.3683 6.7652
vt -21.6024 6.8077
vt -21.7347 6.8077
vt -21.7610 6.8077
vt -21.6287 6.8077
vt -21.6024 6.9452
vt -21.7347 6.9452
vt -21.7610 6.9452
vt -21.6287 6.9452
vt -19.5528 6.2677
vt -19.3423 6.2677
vt -19.3659 6.2677
vt -19.5764 6.2677
vt -19.5528 6.4052
vt -19.3423 6.4052
vt -19.3659 6.4052
vt -19.5764 6.4052
vt -19.3423 6.4477
vt -19.2100 6.4477
vt -19.1837 6.4477
vt -19.3160 6.4477
vt -19.3423 6.5852
vt -19.2100 6.5852
vt -19.1837 6.5852
vt -19.3160 6.5852
vt -19.5528 6.6277
vt -19.3423 6.6277
vt -19.3659 6.6277
vt -19.5764 6.6277
vt -19.5528 6.7652
vt -19.3423 6.7652
vt -19.3659 6.7652
vt -19.5764 6.7652
vt -19.3423 6.8077
vt -19.2100 6.8077
vt -19.1837 6.8077
vt -19.3160 6.8077
vt -19.3423 6.9452
vt -19.2100 6.9452
vt -19.1837 6.9452
vt -19.3160 6.9452
vt -17.0608 6.2677
vt -16.8719 6.2677
vt -16.8456 6.2677
vt -17.0345 6.2677
vt -17.0608 6.4052
vt -16.8719 6.4052
vt -16.8456 6.4052
vt -17.0345 6.4052
vt -16.8719 6.4477
vt -17.0193 6.4477
vt -16.9956 6.4477
vt -16.8483 6.4477
vt -16.8719 6.5852
vt -17.0193 6.5852
vt -16.9956 6.5852
vt -16.8483 6.5852
vt -17.0608 6.6277
vt -16.8719 6.6277
vt -16.8456 6.6277
vt -17.0345 6.6277
vt -17.0608 6.7652
vt -16.8719 6.7652
vt -16.8456 6.7652
vt -17.0345 6.7652
vt -16.8719 6.8077
vt -17.0193 6.8077
vt -16.9956 6.8077
vt -16.8483 6.8077
vt -16.8719 6.9452
vt -17.0193 6.9452
vt -16.9956 6.9452
vt -16.8483 6.9452
vt -23.8839 6.2677
vt -24.0728 6.2677
vt -24.0991 6.2677
vt -23.9102 6.2677
vt -23.8839 6.4052
vt -24.0728 6.4052
vt -24.0991 6.4052
vt -23.9102 6.4052
vt -24.0728 6.4477
vt -23.9255 6.4477
vt -23.9491 6.4477
vt -24.0964 6.4477
vt -24.0728 6.5852
vt -23.9255 6.5852
vt -23.9491 6.5852
vt -24.0964 6.5852
vt -23.8839 6.6277
vt -24.0728 6.6277
vt -24.0991 6.6277
vt -23.9102 6.6277
vt -23.8839 6.7652
vt -24.0728 6.7652
vt -24.0991 6.7652
vt -23.9102 6.7652
vt -24.0728 6.8077
vt -23.9255 6.8077
vt -23.9491 6.8077
vt -24.0964 6.8077
vt -24.0728 6.9452
vt -23.9255 6.9452
vt -23.9491 6.9452
vt -24.0964 6.9452
vt -13.8408 6.1603
vt -9.5965 6.1603
vt -12.3232 6.1603
vt -16.5674 6.1603
vt -13.8408 8.5603
vt -9.5965 8.5603
vt -12.3232 8.5603
vt -16.5674 8.5603
vt -13.4668 6.3853
vt -13.2088 6.3853
vt -13.2088 6.8353
vt -13.4668 6.8353
vt -13.4330 6.3853
vt -13.1750 6.3853
vt -13.1750 6.8353
vt -13.4330 6.8353
vt -13.4307 6.4203
vt -13.2450 6.4203
vt -13.2450 6.8003
vt -13.4307 6.8003
vt -13.3969 6.4203
vt -13.2111 6.4203
vt -13.2111 6.8003
vt -13.3969 6.8003
vt -13.4668 7.1853
vt -13.2088 7.1853
vt -13.2088 7.6353
vt -13.4668 7.6353
vt -13.4330 7.1853
vt -13.1750 7.1853
vt -13.1750 7.6353
vt -13.4330 7.6353
vt -13.4307 7.2203
vt -13.2450 7.2203
vt -13.2450 7.6003
vt -13.4307 7.6003
vt -13.3969 7.2203
vt -13.2111 7.2203
vt -13.2111 7.6003
vt -13.3969 7.6003
vt -12.6427 6.3853
vt -12.3848 6.3853
vt -12.3848 6.8353
vt -12.6427 6.8353
vt -12.6089 6.3853
vt -12.3509 6.3853
vt -12.3509 6.8353
vt -12.6089 6.8353
vt -12.6066 6.4203
vt -12.4208 6.4203
vt -12.4208 6.8003
vt -12.6066 6.8003
vt -12.5728 6.4203
vt -12.3870 6.4203
vt -12.3870 6.8003
vt -12.5728 6.8003
vt -12.6427 7.1853
vt -12.3848 7.1853
vt -12.3848 7.6353
vt -12.6427 7.6353
vt -12.6089 7.1853
vt -12.3509 7.1853
vt -12.3509 7.6353
vt -12.6089 7.6353
vt -12.6066 7.2203
vt -12.4208 7.2203
vt -12.4208 7.6003
vt -12.6066 7.6003
vt -12.5728 7.2203
vt -12.3870 7.2203
vt -12.3870 7.6003
vt -12.5728 7.6003
vt -11.8187 7.1853
vt -11.5606 7.1853
vt -11.5606 7.5103
vt -11.6252 7.6185
vt -11.7541 7.6185
vt -11.8187 7.5103
vt -11.7848 7.1853
vt -11.5268 7.1853
vt -11.5268 7.5103
vt -11.5913 7.6185
vt -11.7203 7.6185
vt -11.7848 7.5103
vt -11.7825 7.2203
vt -11.5968 7.2203
vt -11.5968 7.5103
vt -11.6432 7.5882
vt -11.7361 7.5882
vt -11.7825 7.5103
vt -11.7487 7.2203
vt -11.5630 7.2203
vt -11.5630 7.5103
vt -11.6094 7.5882
vt -11.7023 7.5882
vt -11.7487 7.5103
vt -10.9946 6.3853
vt -10.7366 6.3853
vt -10.7366 6.8353
vt -10.9946 6.8353
vt -10.9607 6.3853
vt -10.7027 6.3853
vt -10.7027 6.8353
vt -10.9607 6.8353
vt -10.9584 6.4203
vt -10.7727 6.4203
vt -10.7727 6.8003
vt -10.9584 6.8003
vt -10.9246 6.4203
vt -10.7389 6.4203
vt -10.7389 6.8003
vt -10.9246 6.8003
vt -10.9946 7.1853
vt -10.7366 7.1853
vt -10.7366 7.6353
vt -10.9946 7.6353
vt -10.9607 7.1853
vt -10.7027 7.1853
vt -10.7027 7.6353
vt -10.9607 7.6353
vt -10.9584 7.2203
vt -10.7727 7.2203
vt -10.7727 7.6003
vt -10.9584 7.6003
vt -10.9246 7.2203
vt -10.7389 7.2203
vt -10.7389 7.6003
vt -10.9246 7.6003
vt -10.1705 6.3853
vt -9.9125 6.3853
vt -9.9125 6.8353
vt -10.1705 6.8353
vt -10.1366 6.3853
vt -9.8786 6.3853
vt -9.8786 6.8353
vt -10.1366 6.8353
vt -10.1344 6.4203
vt -9.9486 6.4203
vt -9.9486 6.8003
vt -10.1344 6.8003
vt -10.1005 6.4203
vt -9.9148 6.4203
vt -9.9148 6.8003
vt -10.1005 6.8003
vt -10.1705 7.1853
vt -9.9125 7.1853
vt -9.9125 7.5103
vt -9.9770 7.6185
vt -10.1060 7.6185
vt -10.1705 7.5103
vt -10.1366 7.1853
vt -9.8786 7.1853
vt -9.8786 7.5103
vt -9.9431 7.6185
vt -10.0721 7.6185
vt -10.1366 7.5103
vt -10.1344 7.2203
vt -9.9486 7.2203
vt -9.9486 7.5103
vt -9.9951 7.5882
vt -10.0879 7.5882
vt -10.1344 7.5103
vt -10.1005 7.2203
vt -9.9148 7.2203
vt -9.9148 7.5103
vt -9.9612 7.5882
vt -10.0541 7.5882
vt -10.1005 7.5103
vt -11.8445 6.1603
vt -11.5348 6.1603
vt -11.5348 6.7353
vt -11.8445 6.7353
vt -11.7961 6.1603
vt -11.4865 6.1603
vt -11.4865 6.7353
vt -11.7961 6.7353
vt -11.7980 6.2053
vt -11.5813 6.2053
vt -11.5813 6.6903
vt -11.7980 6.6903
vt -11.7497 6.2053
vt -11.5330 6.2053
vt -11.5330 6.6903
vt -11.7497 6.6903
vt -11.8961 6.1503
vt -11.4832 6.1503
vt -11.4204 6.1503
vt -11.8332 6.1503
vt -11.8961 6.1903
vt -11.4832 6.1903
vt -11.4204 6.1903
vt -11.8332 6.1903
vt -9.9378 6.3853
vt -10.1795 6.3853
vt -10.1795 6.8353
vt -9.9378 6.8353
vt -9.9017 6.3853
vt -10.1434 6.3853
vt -10.1434 6.8353
vt -9.9017 6.8353
vt -9.9717 6.4203
vt -10.1457 6.4203
vt -10.1457 6.8003
vt -9.9717 6.8003
vt -9.9355 6.4203
vt -10.1096 6.4203
vt -10.1096 6.8003
vt -9.9355 6.8003
vt -9.9378 7.1853
vt -10.1795 7.1853
vt -10.1795 7.5103
vt -10.1191 7.6185
vt -9.9983 7.6185
vt -9.9378 7.5103
vt -9.9017 7.1853
vt -10.1434 7.1853
vt -10.1434 7.5103
vt -10.0830 7.6185
vt -9.9621 7.6185
vt -9.9017 7.5103
vt -9.9717 7.2203
vt -10.1457 7.2203
vt -10.1457 7.5103
vt -10.1022 7.5882
vt -10.0152 7.5882
vt -9.9717 7.5103
vt -9.9355 7.2203
vt -10.1096 7.2203
vt -10.1096 7.5103
vt -10.0661 7.5882
vt -9.9790 7.5882
vt -9.9355 7.5103
vt -10.8080 6.3853
vt -11.0497 6.3853
vt -11.0497 6.8353
vt -10.8080 6.8353
vt -10.7719 6.3853
vt -11.0136 6.3853
vt -11.0136 6.8353
vt -10.7719 6.8353
vt -10.8418 6.4203
vt -11.0159 6.4203
vt -11.0159 6.8003
vt -10.8418 6.8003
vt -10.8057 6.4203
vt -10.9798 6.4203
vt -10.9798 6.8003
vt -10.8057 6.8003
vt -10.8080 7.1853
vt -11.0497 7.1853
vt -11.0497 7.6353
vt -10.8080 7.6353
vt -10.7719 7.1853
vt -11.0136 7.1853
vt -11.0136 7.6353
vt -10.7719 7.6353
vt -10.8418 7.2203
vt -11.0159 7.2203
vt -11.0159 7.6003
vt -10.8418 7.6003
vt -10.8057 7.2203
vt -10.9798 7.2203
vt -10.9798 7.6003
vt -10.8057 7.6003
vt -11.6782 6.3853
vt -11.9200 6.3853
vt -11.9200 6.8353
vt -11.6782 6.8353
vt -11.6421 6.3853
vt -11.8838 6.3853
vt -11.8838 6.8353
vt -11.6421 6.8353
vt -11.7121 6.4203
vt -11.8861 6.4203
vt -11.8861 6.8003
vt -11.7121 6.8003
vt -11.6759 6.4203
vt -11.8500 6.4203
vt -11.8500 6.8003
vt -11.6759 6.8003
vt -11.6782 7.1853
vt -11.9200 7.1853
vt -11.9200 7.6353
vt -11.6782 7.6353
vt -11.6421 7.1853
vt -11.8838 7.1853
vt -11.8838 7.6353
vt -11.6421 7.6353
vt -11.7121 7.2203
vt -11.8861 7.2203
vt -11.8861 7.6003
vt -11.7121 7.6003
vt -11.6759 7.2203
vt -11.8500 7.2203
vt -11.8500 7.6003
vt -11.6759 7.6003
vt -12.6971 6.3853
vt -12.9551 6.3853
vt -12.9551 6.8353
vt -12.6971 6.8353
vt -12.7310 6.3853
vt -12.9890 6.3853
vt -12.9890 6.8353
vt -12.7310 6.8353
vt -12.7332 6.4203
vt -12.9190 6.4203
vt -12.9190 6.8003
vt -12.7332 6.8003
vt -12.7671 6.4203
vt -12.9529 6.4203
vt -12.9529 6.8003
vt -12.7671 6.8003
vt -12.6971 7.1853
vt -12.9551 7.1853
vt -12.9551 7.5103
vt -12.8906 7.6185
vt -12.7616 7.6185
vt -12.6971 7.5103
vt -12.7310 7.1853
vt -12.9890 7.1853
vt -12.9890 7.5103
vt -12.9245 7.6185
vt -12.7955 7.6185
vt -12.7310 7.5103
vt -12.7332 7.2203
vt -12.9190 7.2203
vt -12.9190 7.5103
vt -12.8726 7.5882
vt -12.7797 7.5882
vt -12.7332 7.5103
vt -12.7671 7.2203
vt -12.9529 7.2203
vt -12.9529 7.5103
vt -12.9064 7.5882
vt -12.8135 7.5882
vt -12.7671 7.5103
vt -13.5212 6.3853
vt -13.7792 6.3853
vt -13.7792 6.8353
vt -13.5212 6.8353
vt -13.5551 6.3853
vt -13.8131 6.3853
vt -13.8131 6.8353
vt -13.5551 6.8353
vt -13.5573 6.4203
vt -13.7431 6.4203
vt -13.7431 6.8003
vt -13.5573 6.8003
vt -13.5912 6.4203
vt -13.7770 6.4203
vt -13.7770 6.8003
vt -13.5912 6.8003
vt -13.5212 7.1853
vt -13.7792 7.1853
vt -13.7792 7.5103
vt -13.7147 7.6185
vt -13.5857 7.6185
vt -13.5212 7.5103
vt -13.5551 7.1853
vt -13.8131 7.1853
vt -13.8131 7.5103
vt -13.7486 7.6185
vt -13.6195 7.6185
vt -13.5551 7.5103
vt -13.5573 7.2203
vt -13.7431 7.2203
vt -13.7431 7.5103
vt -13.6967 7.5882
vt -13.6038 7.5882
vt -13.5573 7.5103
vt -13.5912 7.2203
vt -13.7770 7.2203
vt -13.7770 7.5103
vt -13.7305 7.5882
vt -13.6376 7.5882
vt -13.5912 7.5103
vt -14.3453 6.3853
vt -14.6033 6.3853
vt -14.6033 6.8353
vt -14.3453 6.8353
vt -14.3792 6.3853
vt -14.6371 6.3853
vt -14.6371 6.8353
vt -14.3792 6.8353
vt -14.3814 6.4203
vt -14.5672 6.4203
vt -14.5672 6.8003
vt -14.3814 6.8003
vt -14.4153 6.4203
vt -14.6010 6.4203
vt -14.6010 6.8003
vt -14.4153 6.8003
vt -14.3453 7.1853
vt -14.6033 7.1853
vt -14.6033 7.6353
vt -14.3453 7.6353
vt -14.3792 7.1853
vt -14.6371 7.1853
vt -14.6371 7.6353
vt -14.3792 7.6353
vt -14.3814 7.2203
vt -14.5672 7.2203
vt -14.5672 7.6003
vt -14.3814 7.6003
vt -14.4153 7.2203
vt -14.6010 7.2203
vt -14.6010 7.6003
vt -14.4153 7.6003
vt -15.1694 6.3853
vt -15.4274 6.3853
vt -15.4274 6.8353
vt -15.1694 6.8353
vt -15.2032 6.3853
vt -15.4612 6.3853
vt -15.4612 6.8353
vt -15.2032 6.8353
vt -15.2055 6.4203
vt -15.3913 6.4203
vt -15.3913 6.8003
vt -15.2055 6.8003
vt -15.2394 6.4203
vt -15.4251 6.4203
vt -15.4251 6.8003
vt -15.2394 6.8003
vt -15.1694 7.1853
vt -15.4274 7.1853
vt -15.4274 7.6353
vt -15.1694 7.6353
vt -15.2032 7.1853
vt -15.4612 7.1853
vt -15.4612 7.6353
vt -15.2032 7.6353
vt -15.2055 7.2203
vt -15.3913 7.2203
vt -15.3913 7.6003
vt -15.2055 7.6003
vt -15.2394 7.2203
vt -15.4251 7.2203
vt -15.4251 7.6003
vt -15.2394 7.6003
vt -15.9935 6.3853
vt -16.2515 6.3853
vt -16.2515 6.8353
vt -15.9935 6.8353
vt -16.0273 6.3853
vt -16.2853 6.3853
vt -16.2853 6.8353
vt -16.0273 6.8353
vt -16.0296 6.4203
vt -16.2154 6.4203
vt -16.2154 6.8003
vt -16.0296 6.8003
vt -16.0634 6.4203
vt -16.2492 6.4203
vt -16.2492 6.8003
vt -16.0634 6.8003
vt -15.9935 7.1853
vt -16.2515 7.1853
vt -16.2515 7.6353
vt -15.9935 7.6353
vt -16.0273 7.1853
vt -16.2853 7.1853
vt -16.2853 7.6353
vt -16.0273 7.6353
vt -16.0296 7.2203
vt -16.2154 7.2203
vt -16.2154 7.6003
vt -16.0296 7.6003
vt -16.0634 7.2203
vt -16.2492 7.2203
vt -16.2492 7.6003
vt -16.0634 7.6003
vt -16.2261 6.3853
vt -15.9844 6.3853
vt -15.9844 6.8353
vt -16.2261 6.8353
vt -16.2623 6.3853
vt -16.0206 6.3853
vt -16.0206 6.8353
vt -16.2623 6.8353
vt -16.1923 6.4203
vt -16.0183 6.4203
vt -16.0183 6.8003
vt -16.1923 6.8003
vt -16.2284 6.4203
vt -16.0544 6.4203
vt -16.0544 6.8003
vt -16.2284 6.8003
vt -16.2261 7.1853
vt -15.9844 7.1853
vt -15.9844 7.6353
vt -16.2261 7.6353
vt -16.2623 7.1853
vt -16.0206 7.1853
vt -16.0206 7.6353
vt -16.2623 7.6353
vt -16.1923 7.2203
vt -16.0183 7.2203
vt -16.0183 7.6003
vt -16.1923 7.6003
vt -16.2284 7.2203
vt -16.0544 7.2203
vt -16.0544 7.6003
vt -16.2284 7.6003
vt -15.3559 6.3853
vt -15.1142 6.3853
vt -15.1142 6.8353
vt -15.3559 6.8353
vt -15.3921 6.3853
vt -15.1503 6.3853
vt -15.1503 6.8353
vt -15.3921 6.8353
vt -15.3221 6.4203
vt -15.1481 6.4203
vt -15.1481 6.8003
vt -15.3221 6.8003
vt -15.3583 6.4203
vt -15.1842 6.4203
vt -15.1842 6.8003
vt -15.3583 6.8003
vt -15.3559 7.1853
vt -15.1142 7.1853
vt -15.1142 7.6353
vt -15.3559 7.6353
vt -15.3921 7.1853
vt -15.1503 7.1853
vt -15.1503 7.6353
vt -15.3921 7.6353
vt -15.3221 7.2203
vt -15.1481 7.2203
vt -15.1481 7.6003
vt -15.3221 7.6003
vt -15.3583 7.2203
vt -15.1842 7.2203
vt -15.1842 7.6003
vt -15.3583 7.6003
vt -14.4857 6.3853
vt -14.2440 6.3853
vt -14.2440 6.8353
vt -14.4857 6.8353
vt -14.5219 6.3853
vt -14.2801 6.3853
vt -14.2801 6.8353
vt -14.5219 6.8353
vt -14.4519 6.4203
vt -14.2779 6.4203
vt -14.2779 6.8003
vt -14.4519 6.8003
vt -14.4880 6.4203
vt -14.3140 6.4203
vt -14.3140 6.8003
vt -14.4880 6.8003
vt -14.4857 7.1853
vt -14.2440 7.1853
vt -14.2440 7.5103
vt -14.3044 7.6185
vt -14.4253 7.6185
vt -14.4857 7.5103
vt -14.5219 7.1853
vt -14.2801 7.1853
vt -14.2801 7.5103
vt -14.3406 7.6185
vt -14.4614 7.6185
vt -14.5219 7.5103
vt -14.4519 7.2203
vt -14.2779 7.2203
vt -14.2779 7.5103
vt -14.3214 7.5882
vt -14.4084 7.5882
vt -14.4519 7.5103
vt -14.4880 7.2203
vt -14.3140 7.2203
vt -14.3140 7.5103
vt -14.3575 7.5882
vt -14.4445 7.5882
vt -14.4880 7.5103
vt -13.8437 8.4853
vt -9.5065 8.4853
vt -12.3202 8.4853
vt -16.6574 8.4853
vt -13.8437 8.5203
vt -9.5065 8.5203
vt -12.3202 8.5203
vt -16.6574 8.5203
vt -13.8418 8.4853
vt -9.5665 8.4853
vt -12.3222 8.4853
vt -16.5974 8.4853
vt -13.8418 8.5203
vt -9.5665 8.5203
vt -12.3222 8.5203
vt -16.5974 8.5203
vt -13.8453 8.4303
vt -9.4566 8.4303
vt -12.3186 8.4303
vt -16.7074 8.4303
vt -13.8453 8.5003
vt -9.4566 8.5003
vt -12.3186 8.5003
vt -16.7074 8.5003
vt -13.8418 8.4303
vt -9.5665 8.4303
vt -12.3222 8.4303
vt -16.5974 8.4303
vt -13.8418 8.5003
vt -9.5665 8.5003
vt -12.3222 8.5003
vt -16.5974 8.5003
vt -13.8444 8.5753
vt -9.4866 8.5753
vt -12.3196 8.5753
vt -16.6774 8.5753
vt -13.8444 8.7503
vt -9.4866 8.7503
vt -12.3196 8.7503
vt -16.6774 8.7503
vt -13.8359 8.5753
vt -9.7464 8.5753
vt -12.3281 8.5753
vt -16.4175 8.5753
vt -13.8359 8.7503
vt -9.7464 8.7503
vt -12.3281 8.7503
vt -16.4175 8.7503
vt -9.7729 6.2228
vt -9.5665 6.2228
vt -9.5423 6.2228
vt -9.7488 6.2228
vt -9.7729 6.3603
vt -9.5665 6.3603
vt -9.5423 6.3603
vt -9.7488 6.3603
vt -9.5665 6.4028
vt -9.7019 6.4028
vt -9.6761 6.4028
vt -9.5407 6.4028
vt -9.5665 6.5403
vt -9.7019 6.5403
vt -9.6761 6.5403
vt -9.5407 6.5403
vt -9.7729 6.5828
vt -9.5665 6.5828
vt -9.5423 6.5828
vt -9.7488 6.5828
vt -9.7729 6.7203
vt -9.5665 6.7203
vt -9.5423 6.7203
vt -9.7488 6.7203
vt -9.5665 6.7628
vt -9.7019 6.7628
vt -9.6761 6.7628
vt -9.5407 6.7628
vt -9.5665 6.9003
vt -9.7019 6.9003
vt -9.6761 6.9003
vt -9.5407 6.9003
vt -16.3910 6.2228
vt -16.5974 6.2228
vt -16.6216 6.2228
vt -16.4152 6.2228
vt -16.3910 6.3603
vt -16.5974 6.3603
vt -16.6216 6.3603
vt -16.4152 6.3603
vt -16.5974 6.4028
vt -16.4621 6.4028
vt -16.4879 6.4028
vt -16.6233 6.4028
vt -16.5974 6.5403
vt -16.4621 6.5403
vt -16.4879 6.5403
vt -16.6233 6.5403
vt -16.3910 6.5828
vt -16.5974 6.5828
vt -16.6216 6.5828
vt -16.4152 6.5828
vt -16.3910 6.7203
vt -16.5974 6.7203
vt -16.6216 6.7203
vt -16.4152 6.7203
vt -16.5974 6.7628
vt -16.4621 6.7628
vt -16.4879 6.7628
vt -16.6233 6.7628
vt -16.5974 6.9003
vt -16.4621 6.9003
vt -16.4879 6.9003
vt -16.6233 6.9003
vt -14.0351 6.2228
vt -13.8418 6.2228
vt -13.8676 6.2228
vt -14.0610 6.2228
vt -14.0351 6.3603
vt -13.8418 6.3603
vt -13.8676 6.3603
vt -14.0610 6.3603
vt -13.8418 6.4028
vt -13.6973 6.4028
vt -13.6731 6.4028
vt -13.8176 6.4028
vt -13.8418 6.5403
vt -13.6973 6.5403
vt -13.6731 6.5403
vt -13.8176 6.5403
vt -14.0351 6.5828
vt -13.8418 6.5828
vt -13.8676 6.5828
vt -14.0610 6.5828
vt -14.0351 6.7203
vt -13.8418 6.7203
vt -13.8676 6.7203
vt -14.0610 6.7203
vt -13.8418 6.7628
vt -13.6973 6.7628
vt -13.6731 6.7628
vt -13.8176 6.7628
vt -13.8418 6.9003
vt -13.6973 6.9003
vt -13.6731 6.9003
vt -13.8176 6.9003
vt -12.1288 6.2228
vt -12.3222 6.2228
vt -12.2964 6.2228
vt -12.1030 6.2228
vt -12.1288 6.3603
vt -12.3222 6.3603
vt -12.2964 6.3603
vt -12.1030 6.3603
vt -12.3222 6.4028
vt -12.4667 6.4028
vt -12.4909 6.4028
vt -12.3464 6.4028
vt -12.3222 6.5403
vt -12.4667 6.5403
vt -12.4909 6.5403
vt -12.3464 6.5403
vt -12.1288 6.5828
vt -12.3222 6.5828
vt -12.2964 6.5828
vt -12.1030 6.5828
vt -12.1288 6.7203
vt -12.3222 6.7203
vt -12.2964 6.7203
vt -12.1030 6.7203
vt -12.3222 6.7628
vt -12.4667 6.7628
vt -12.4909 6.7628
vt -12.3464 6.7628
vt -12.3222 6.9003
vt -12.4667 6.9003
vt -12.4909 6.9003
vt -12.3464 6.9003
vt -1.6852 5.7065
vt -0.2220 5.7065
vt 2.6711 5.7065
vt 1.2079 5.7065
vt -1.6852 7.3065
vt -0.2220 7.3065
vt 2.6711 7.3065
vt 1.2079 7.3065
vt -1.4314 5.9315
vt -1.2282 5.9315
vt -1.2282 6.3815
vt -1.4314 6.3815
vt -1.4719 5.9315
vt -1.2686 5.9315
vt -1.2686 6.3815
vt -1.4719 6.3815
vt -1.4029 5.9665
vt -1.2566 5.9665
vt -1.2566 6.3465
vt -1.4029 6.3465
vt -1.4434 5.9665
vt -1.2971 5.9665
vt -1.2971 6.3465
vt -1.4434 6.3465
vt -0.7485 5.9315
vt -0.5453 5.9315
vt -0.5453 6.3815
vt -0.7485 6.3815
vt -0.7890 5.9315
vt -0.5858 5.9315
vt -0.5858 6.3815
vt -0.7890 6.3815
vt -0.7201 5.9665
vt -0.5737 5.9665
vt -0.5737 6.3465
vt -0.7201 6.3465
vt -0.7606 5.9665
vt -0.6142 5.9665
vt -0.6142 6.3465
vt -0.7606 6.3465
vt 0.1862 5.9315
vt 0.4755 5.9315
vt 0.4755 6.3815
vt 0.1862 6.3815
vt 0.2147 5.9315
vt 0.5040 5.9315
vt 0.5040 6.3815
vt 0.2147 6.3815
vt 0.2267 5.9665
vt 0.4350 5.9665
vt 0.4350 6.3465
vt 0.2267 6.3465
vt 0.2551 5.9665
vt 0.4634 5.9665
vt 0.4634 6.3465
vt 0.2551 6.3465
vt 1.1043 5.9315
vt 1.3936 5.9315
vt 1.3936 6.3815
vt 1.1043 6.3815
vt 1.1327 5.9315
vt 1.4220 5.9315
vt 1.4220 6.3815
vt 1.1327 6.3815
vt 1.1448 5.9665
vt 1.3531 5.9665
vt 1.3531 6.3465
vt 1.1448 6.3465
vt 1.1732 5.9665
vt 1.3815 5.9665
vt 1.3815 6.3465
vt 1.1732 6.3465
vt 2.0223 5.9315
vt 2.3117 5.9315
vt 2.3117 6.3815
vt 2.0223 6.3815
vt 2.0508 5.9315
vt 2.3401 5.9315
vt 2.3401 6.3815
vt 2.0508 6.3815
vt 2.0628 5.9665
vt 2.2712 5.9665
vt 2.2712 6.3465
vt 2.0628 6.3465
vt 2.0913 5.9665
vt 2.2996 5.9665
vt 2.2996 6.3465
vt 2.0913 6.3465
vt 2.4172 5.9315
vt 2.2140 5.9315
vt 2.2140 6.3815
vt 2.4172 6.3815
vt 2.4577 5.9315
vt 2.2545 5.9315
vt 2.2545 6.3815
vt 2.4577 6.3815
vt 2.3888 5.9665
vt 2.2424 5.9665
vt 2.2424 6.3465
vt 2.3888 6.3465
vt 2.4293 5.9665
vt 2.2830 5.9665
vt 2.2830 6.3465
vt 2.4293 6.3465
vt 1.7344 5.9315
vt 1.5311 5.9315
vt 1.5311 6.3815
vt 1.7344 6.3815
vt 1.7749 5.9315
vt 1.5717 5.9315
vt 1.5717 6.3815
vt 1.7749 6.3815
vt 1.7059 5.9665
vt 1.5596 5.9665
vt 1.5596 6.3465
vt 1.7059 6.3465
vt 1.7464 5.9665
vt 1.6001 5.9665
vt 1.6001 6.3465
vt 1.7464 6.3465
vt 2.0961 5.7065
vt 1.8522 5.7065
vt 1.8522 6.2815
vt 2.0961 6.2815
vt 2.1540 5.7065
vt 1.9101 5.7065
vt 1.9101 6.2815
vt 2.1540 6.2815
vt 2.0595 5.7515
vt 1.8888 5.7515
vt 1.8888 6.2365
vt 2.0595 6.2365
vt 2.1174 5.7515
vt 1.9467 5.7515
vt 1.9467 6.2365
vt 2.1174 6.2365
vt 2.1368 5.6965
vt 1.8116 5.6965
vt 1.8868 5.6965
vt 2.2120 5.6965
vt 2.1368 5.7365
vt 1.8116 5.7365
vt 1.8868 5.7365
vt 2.2120 5.7365
vt 0.7997 5.9315
vt 0.5103 5.9315
vt 0.5103 6.3815
vt 0.7997 6.3815
vt 0.7712 5.9315
vt 0.4819 5.9315
vt 0.4819 6.3815
vt 0.7712 6.3815
vt 0.7592 5.9665
vt 0.5509 5.9665
vt 0.5509 6.3465
vt 0.7592 6.3465
vt 0.7307 5.9665
vt 0.5224 5.9665
vt 0.5224 6.3465
vt 0.7307 6.3465
vt -0.1184 5.9315
vt -0.4077 5.9315
vt -0.4077 6.3815
vt -0.1184 6.3815
vt -0.1469 5.9315
vt -0.4362 5.9315
vt -0.4362 6.3815
vt -0.1469 6.3815
vt -0.1589 5.9665
vt -0.3672 5.9665
vt -0.3672 6.3465
vt -0.1589 6.3465
vt -0.1874 5.9665
vt -0.3957 5.9665
vt -0.3957 6.3465
vt -0.1874 6.3465
vt -1.0365 5.9315
vt -1.3258 5.9315
vt -1.3258 6.3815
vt -1.0365 6.3815
vt -1.0649 5.9315
vt -1.3542 5.9315
vt -1.3542 6.3815
vt -1.0649 6.3815
vt -1.0770 5.9665
vt -1.2853 5.9665
vt -1.2853 6.3465
vt -1.0770 6.3465
vt -1.1054 5.9665
vt -1.3137 5.9665
vt -1.3137 6.3465
vt -1.1054 6.3465
vt -1.7739 7.2315
vt -0.2375 7.2315
vt 2.7597 7.2315
vt 1.2233 7.2315
vt -1.7739 7.2665
vt -0.2375 7.2665
vt 2.7597 7.2665
vt 1.2233 7.2665
vt -1.7148 7.2315
vt -0.2272 7.2315
vt 2.7006 7.2315
vt 1.2130 7.2315
vt -1.7148 7.2665
vt -0.2272 7.2665
vt 2.7006 7.2665
vt 1.2130 7.2665
vt -1.8231 7.1765
vt -0.2461 7.1765
vt 2.8090 7.1765
vt 1.2320 7.1765
vt -1.8231 7.2465
vt -0.2461 7.2465
vt 2.8090 7.2465
vt 1.2320 7.2465
vt -1.7148 7.1765
vt -0.2272 7.1765
vt 2.7006 7.1765
vt 1.2130 7.1765
vt -1.7148 7.2465
vt -0.2272 7.2465
vt 2.7006 7.2465
vt 1.2130 7.2465
vt -1.7936 7.3215
vt -0.2409 7.3215
vt 2.7794 7.3215
vt 1.2268 7.3215
vt -1.7936 7.4965
vt -0.2409 7.4965
vt 2.7794 7.4965
vt 1.2268 7.4965
vt -1.5375 7.3215
vt -0.1962 7.3215
vt 2.5233 7.3215
vt 1.1820 7.3215
vt -1.5375 7.4965
vt -0.1962 7.4965
vt 2.5233 7.4965
vt 1.1820 7.4965
vt -1.4833 5.7690
vt -1.7148 5.7690
vt -1.7351 5.7690
vt -1.5036 5.7690
vt -1.4833 5.9065
vt -1.7148 5.9065
vt -1.7351 5.9065
vt -1.5036 5.9065
vt -1.7148 5.9490
vt -1.6010 5.9490
vt -1.6299 5.9490
vt -1.7437 5.9490
vt -1.7148 6.0865
vt -1.6010 6.0865
vt -1.6299 6.0865
vt -1.7437 6.0865
vt -1.4833 6.1290
vt -1.7148 6.1290
vt -1.7351 6.1290
vt -1.5036 6.1290
vt -1.4833 6.2665
vt -1.7148 6.2665
vt -1.7351 6.2665
vt -1.5036 6.2665
vt -1.7148 6.3090
vt -1.6010 6.3090
vt -1.6299 6.3090
vt -1.7437 6.3090
vt -1.7148 6.4465
vt -1.6010 6.4465
vt -1.6299 6.4465
vt -1.7437 6.4465
vt 2.4692 5.7690
vt 2.7006 5.7690
vt 2.7209 5.7690
vt 2.4895 5.7690
vt 2.4692 5.9065
vt 2.7006 5.9065
vt 2.7209 5.9065
vt 2.4895 5.9065
vt 2.7006 5.9490
vt 2.5869 5.9490
vt 2.6158 5.9490
vt 2.7296 5.9490
vt 2.7006 6.0865
vt 2.5869 6.0865
vt 2.6158 6.0865
vt 2.7296 6.0865
vt 2.4692 6.1290
vt 2.7006 6.1290
vt 2.7209 6.1290
vt 2.4895 6.1290
vt 2.4692 6.2665
vt 2.7006 6.2665
vt 2.7209 6.2665
vt 2.4895 6.2665
vt 2.7006 6.3090
vt 2.5869 6.3090
vt 2.6158 6.3090
vt 2.7296 6.3090
vt 2.7006 6.4465
vt 2.5869 6.4465
vt 2.6158 6.4465
vt 2.7296 6.4465
vt -0.3898 5.7690
vt -0.2272 5.7690
vt -0.2561 5.7690
vt -0.4187 5.7690
vt -0.3898 5.9065
vt -0.2272 5.9065
vt -0.2561 5.9065
vt -0.4187 5.9065
vt -0.2272 5.9490
vt -0.0651 5.9490
vt -0.0448 5.9490
vt -0.2068 5.9490
vt -0.2272 6.0865
vt -0.0651 6.0865
vt -0.0448 6.0865
vt -0.2068 6.0865
vt -0.3898 6.1290
vt -0.2272 6.1290
vt -0.2561 6.1290
vt -0.4187 6.1290
vt -0.3898 6.2665
vt -0.2272 6.2665
vt -0.2561 6.2665
vt -0.4187 6.2665
vt -0.2272 6.3090
vt -0.0651 6.3090
vt -0.0448 6.3090
vt -0.2068 6.3090
vt -0.2272 6.4465
vt -0.0651 6.4465
vt -0.0448 6.4465
vt -0.2068 6.4465
vt 1.3756 5.7690
vt 1.2130 5.7690
vt 1.2419 5.7690
vt 1.4045 5.7690
vt 1.3756 5.9065
vt 1.2130 5.9065
vt 1.2419 5.9065
vt 1.4045 5.9065
vt 1.2130 5.9490
vt 1.0510 5.9490
vt 1.0307 5.9490
vt 1.1927 5.9490
vt 1.2130 6.0865
vt 1.0510 6.0865
vt 1.0307 6.0865
vt 1.1927 6.0865
vt 1.3756 6.1290
vt 1.2130 6.1290
vt 1.2419 6.1290
vt 1.4045 6.1290
vt 1.3756 6.2665
vt 1.2130 6.2665
vt 1.2419 6.2665
vt 1.4045 6.2665
vt 1.2130 6.3090
vt 1.0510 6.3090
vt 1.0307 6.3090
vt 1.1927 6.3090
vt 1.2130 6.4465
vt 1.0510 6.4465
vt 1.0307 6.4465
vt 1.1927 6.4465
vt 0.9479 7.3965
vt 1.0121 7.3965
vt 0.9479 7.3965
vt 0.7929 7.3965
vt 0.6379 7.3965
vt 0.5737 7.3965
vt 0.6379 7.3965
vt 0.7929 7.3965
vt 0.9479 7.6715
vt 1.0121 7.6715
vt 0.9479 7.6715
vt 0.7929 7.6715
vt 0.6379 7.6715
vt 0.5737 7.6715
vt 0.6379 7.6715
vt 0.7929 7.6715
vt 0.4629 7.3215
vt 0.7929 7.3215
vt 1.1229 7.3215
vt 0.7929 7.3215
vt 0.4629 7.3965
vt 0.7929 7.3965
vt 1.1229 7.3965
vt 0.7929 7.3965
vt -0.2959 7.3215
vt 0.3482 7.3215
vt 0.5817 7.3215
vt -0.0623 7.3215
vt -0.2959 7.8715
vt 0.3482 7.8715
vt 0.5817 7.8715
vt -0.0623 7.8715
vt -6.4102 5.7764
vt -5.3885 5.7764
vt -7.7815 5.7764
vt -8.8033 5.7764
vt -6.4102 8.1764
vt -5.3885 8.1764
vt -7.7815 8.1764
vt -8.8033 8.1764
vt -5.9993 6.0015
vt -5.7414 6.0015
vt -5.7414 6.4514
vt -5.9993 6.4514
vt -5.9655 6.0015
vt -5.7075 6.0015
vt -5.7075 6.4514
vt -5.9655 6.4514
vt -5.9633 6.0364
vt -5.7775 6.0364
vt -5.7775 6.4165
vt -5.9633 6.4165
vt -5.9294 6.0364
vt -5.7436 6.0364
vt -5.7436 6.4165
vt -5.9294 6.4165
vt -5.9993 6.8014
vt -5.7414 6.8014
vt -5.7414 7.1265
vt -5.8059 7.2347
vt -5.9349 7.2347
vt -5.9993 7.1265
vt -5.9655 6.8014
vt -5.7075 6.8014
vt -5.7075 7.1265
vt -5.7720 7.2347
vt -5.9010 7.2347
vt -5.9655 7.1265
vt -5.9633 6.8365
vt -5.7775 6.8365
vt -5.7775 7.1265
vt -5.8239 7.2044
vt -5.9168 7.2044
vt -5.9633 7.1265
vt -5.9294 6.8365
vt -5.7436 6.8365
vt -5.7436 7.1265
vt -5.7901 7.2044
vt -5.8830 7.2044
vt -5.9294 7.1265
vt -5.6742 6.0015
vt -5.9159 6.0015
vt -5.9159 6.4514
vt -5.6742 6.4514
vt -5.6381 6.0015
vt -5.8798 6.0015
vt -5.8798 6.4514
vt -5.6381 6.4514
vt -5.7081 6.0364
vt -5.8821 6.0364
vt -5.8821 6.4165
vt -5.7081 6.4165
vt -5.6719 6.0364
vt -5.8460 6.0364
vt -5.8460 6.4165
vt -5.6719 6.4165
vt -5.6742 6.8014
vt -5.9159 6.8014
vt -5.9159 7.2515
vt -5.6742 7.2515
vt -5.6381 6.8014
vt -5.8798 6.8014
vt -5.8798 7.2515
vt -5.6381 7.2515
vt -5.7081 6.8365
vt -5.8821 6.8365
vt -5.8821 7.2165
vt -5.7081 7.2165
vt -5.6719 6.8365
vt -5.8460 6.8365
vt -5.8460 7.2165
vt -5.6719 7.2165
vt -6.4332 6.0015
vt -6.6750 6.0015
vt -6.6750 6.4514
vt -6.4332 6.4514
vt -6.3971 6.0015
vt -6.6388 6.0015
vt -6.6388 6.4514
vt -6.3971 6.4514
vt -6.4670 6.0364
vt -6.6411 6.0364
vt -6.6411 6.4165
vt -6.4670 6.4165
vt -6.4309 6.0364
vt -6.6050 6.0364
vt -6.6050 6.4165
vt -6.4309 6.4165
vt -6.4332 6.8014
vt -6.6750 6.8014
vt -6.6750 7.1265
vt -6.6145 7.2347
vt -6.4936 7.2347
vt -6.4332 7.1265
vt -6.3971 6.8014
vt -6.6388 6.8014
vt -6.6388 7.1265
vt -6.5784 7.2347
vt -6.4575 7.2347
vt -6.3971 7.1265
vt -6.4670 6.8365
vt -6.6411 6.8365
vt -6.6411 7.1265
vt -6.5976 7.2044
vt -6.5106 7.2044
vt -6.4670 7.1265
vt -6.4309 6.8365
vt -6.6050 6.8365
vt -6.6050 7.1265
vt -6.5615 7.2044
vt -6.4744 7.2044
vt -6.4309 7.1265
vt -7.1922 6.0015
vt -7.4339 6.0015
vt -7.4339 6.4514
vt -7.1922 6.4514
vt -7.1561 6.0015
vt -7.3978 6.0015
vt -7.3978 6.4514
vt -7.1561 6.4514
vt -7.2261 6.0364
vt -7.4001 6.0364
vt -7.4001 6.4165
vt -7.2261 6.4165
vt -7.1900 6.0364
vt -7.3640 6.0364
vt -7.3640 6.4165
vt -7.1900 6.4165
vt -7.1922 6.8014
vt -7.4339 6.8014
vt -7.4339 7.2515
vt -7.1922 7.2515
vt -7.1561 6.8014
vt -7.3978 6.8014
vt -7.3978 7.2515
vt -7.1561 7.2515
vt -7.2261 6.8365
vt -7.4001 6.8365
vt -7.4001 7.2165
vt -7.2261 7.2165
vt -7.1900 6.8365
vt -7.3640 6.8365
vt -7.3640 7.2165
vt -7.1900 7.2165
vt -8.1924 6.8014
vt -8.4505 6.8014
vt -8.4505 7.2515
vt -8.1924 7.2515
vt -8.2263 6.8014
vt -8.4843 6.8014
vt -8.4843 7.2515
vt -8.2263 7.2515
vt -8.2285 6.8365
vt -8.4143 6.8365
vt -8.4143 7.2165
vt -8.2285 7.2165
vt -8.2624 6.8365
vt -8.4481 6.8365
vt -8.4481 7.2165
vt -8.2624 7.2165
vt -8.1666 5.7764
vt -8.4763 5.7764
vt -8.4763 6.3514
vt -8.1666 6.3514
vt -8.2150 5.7764
vt -8.5246 5.7764
vt -8.5246 6.3514
vt -8.2150 6.3514
vt -8.2131 5.8214
vt -8.4298 5.8214
vt -8.4298 6.3064
vt -8.2131 6.3064
vt -8.2614 5.8214
vt -8.4781 5.8214
vt -8.4781 6.3064
vt -8.2614 6.3064
vt -8.1150 5.7664
vt -8.5278 5.7664
vt -8.5907 5.7664
vt -8.1779 5.7664
vt -8.1150 5.8064
vt -8.5278 5.8064
vt -8.5907 5.8064
vt -8.1779 5.8064
vt -8.5176 6.0015
vt -8.2759 6.0015
vt -8.2759 6.4514
vt -8.5176 6.4514
vt -8.5537 6.0015
vt -8.3120 6.0015
vt -8.3120 6.4514
vt -8.5537 6.4514
vt -8.4838 6.0364
vt -8.3097 6.0364
vt -8.3097 6.4165
vt -8.4838 6.4165
vt -8.5199 6.0364
vt -8.3458 6.0364
vt -8.3458 6.4165
vt -8.5199 6.4165
vt -8.5176 6.8014
vt -8.2759 6.8014
vt -8.2759 7.2515
vt -8.5176 7.2515
vt -8.5537 6.8014
vt -8.3120 6.8014
vt -8.3120 7.2515
vt -8.5537 7.2515
vt -8.4838 6.8365
vt -8.3097 6.8365
vt -8.3097 7.2165
vt -8.4838 7.2165
vt -8.5199 6.8365
vt -8.3458 6.8365
vt -8.3458 7.2165
vt -8.5199 7.2165
vt -7.7586 6.0015
vt -7.5168 6.0015
vt -7.5168 6.4514
vt -7.7586 6.4514
vt -7.7947 6.0015
vt -7.5530 6.0015
vt -7.5530 6.4514
vt -7.7947 6.4514
vt -7.7248 6.0364
vt -7.5507 6.0364
vt -7.5507 6.4165
vt -7.7248 6.4165
vt -7.7609 6.0364
vt -7.5868 6.0364
vt -7.5868 6.4165
vt -7.7609 6.4165
vt -7.7586 6.8014
vt -7.5168 6.8014
vt -7.5168 7.1265
vt -7.5773 7.2347
vt -7.6981 7.2347
vt -7.7586 7.1265
vt -7.7947 6.8014
vt -7.5530 6.8014
vt -7.5530 7.1265
vt -7.6134 7.2347
vt -7.7343 7.2347
vt -7.7947 7.1265
vt -7.7248 6.8365
vt -7.5507 6.8365
vt -7.5507 7.1265
vt -7.5942 7.2044
vt -7.6813 7.2044
vt -7.7248 7.1265
vt -7.7609 6.8365
vt -7.5868 6.8365
vt -7.5868 7.1265
vt -7.6303 7.2044
vt -7.7173 7.2044
vt -7.7609 7.1265
vt -6.9996 6.0015
vt -6.7578 6.0015
vt -6.7578 6.4514
vt -6.9996 6.4514
vt -7.0357 6.0015
vt -6.7940 6.0015
vt -6.7940 6.4514
vt -7.0357 6.4514
vt -6.9657 6.0364
vt -6.7917 6.0364
vt -6.7917 6.4165
vt -6.9657 6.4165
vt -7.0018 6.0364
vt -6.8278 6.0364
vt -6.8278 6.4165
vt -7.0018 6.4165
vt -6.9996 6.8014
vt -6.7578 6.8014
vt -6.7578 7.2515
vt -6.9996 7.2515
vt -7.0357 6.8014
vt -6.7940 6.8014
vt -6.7940 7.2515
vt -7.0357 7.2515
vt -6.9657 6.8365
vt -6.7917 6.8365
vt -6.7917 7.2165
vt -6.9657 7.2165
vt -7.0018 6.8365
vt -6.8278 6.8365
vt -6.8278 7.2165
vt -7.0018 7.2165
vt -6.4132 8.1014
vt -5.2985 8.1014
vt -7.7786 8.1014
vt -8.8933 8.1014
vt -6.4132 8.1364
vt -5.2985 8.1364
vt -7.7786 8.1364
vt -8.8933 8.1364
vt -6.4112 8.1014
vt -5.3585 8.1014
vt -7.7806 8.1014
vt -8.8333 8.1014
vt -6.4112 8.1364
vt -5.3585 8.1364
vt -7.7806 8.1364
vt -8.8333 8.1364
vt -6.4148 8.0465
vt -5.2486 8.0465
vt -7.7770 8.0465
vt -8.9432 8.0465
vt -6.4148 8.1165
vt -5.2486 8.1165
vt -7.7770 8.1165
vt -8.9432 8.1165
vt -6.4112 8.0465
vt -5.3585 8.0465
vt -7.7806 8.0465
vt -8.8333 8.0465
vt -6.4112 8.1165
vt -5.3585 8.1165
vt -7.7806 8.1165
vt -8.8333 8.1165
vt -6.4138 8.1914
vt -5.2785 8.1914
vt -7.7780 8.1914
vt -8.9132 8.1914
vt -6.4138 8.3665
vt -5.2785 8.3665
vt -7.7780 8.3665
vt -8.9132 8.3665
vt -6.4053 8.1914
vt -5.5384 8.1914
vt -7.7864 8.1914
vt -8.6534 8.1914
vt -6.4053 8.3665
vt -5.5384 8.3665
vt -7.7864 8.3665
vt -8.6534 8.3665
vt -6.6046 5.8389
vt -6.4112 5.8389
vt -6.4370 5.8389
vt -6.6304 5.8389
vt -6.6046 5.9764
vt -6.4112 5.9764
vt -6.4370 5.9764
vt -6.6304 5.9764
vt -6.4112 6.0190
vt -6.2667 6.0190
vt -6.2426 6.0190
vt -6.3870 6.0190
vt -6.4112 6.1564
vt -6.2667 6.1564
vt -6.2426 6.1564
vt -6.3870 6.1564
vt -6.6046 6.1989
vt -6.4112 6.1989
vt -6.4370 6.1989
vt -6.6304 6.1989
vt -6.6046 6.3365
vt -6.4112 6.3365
vt -6.4370 6.3365
vt -6.6304 6.3365
vt -6.4112 6.3789
vt -6.2667 6.3789
vt -6.2426 6.3789
vt -6.3870 6.3789
vt -6.4112 6.5164
vt -6.2667 6.5164
vt -6.2426 6.5164
vt -6.3870 6.5164
vt -5.5649 5.8389
vt -5.3585 5.8389
vt -5.3343 5.8389
vt -5.5408 5.8389
vt -5.5649 5.9764
vt -5.3585 5.9764
vt -5.3343 5.9764
vt -5.5408 5.9764
vt -5.3585 6.0190
vt -5.4939 6.0190
vt -5.4681 6.0190
vt -5.3327 6.0190
vt -5.3585 6.1564
vt -5.4939 6.1564
vt -5.4681 6.1564
vt -5.3327 6.1564
vt -5.5649 6.1989
vt -5.3585 6.1989
vt -5.3343 6.1989
vt -5.5408 6.1989
vt -5.5649 6.3365
vt -5.3585 6.3365
vt -5.3343 6.3365
vt -5.5408 6.3365
vt -5.3585 6.3789
vt -5.4939 6.3789
vt -5.4681 6.3789
vt -5.3327 6.3789
vt -5.3585 6.5164
vt -5.4939 6.5164
vt -5.4681 6.5164
vt -5.3327 6.5164
vt -7.5872 5.8389
vt -7.7806 5.8389
vt -7.7548 5.8389
vt -7.5614 5.8389
vt -7.5872 5.9764
vt -7.7806 5.9764
vt -7.7548 5.9764
vt -7.5614 5.9764
vt -7.7806 6.0190
vt -7.9251 6.0190
vt -7.9492 6.0190
vt -7.8048 6.0190
vt -7.7806 6.1564
vt -7.9251 6.1564
vt -7.9492 6.1564
vt -7.8048 6.1564
vt -7.5872 6.1989
vt -7.7806 6.1989
vt -7.7548 6.1989
vt -7.5614 6.1989
vt -7.5872 6.3365
vt -7.7806 6.3365
vt -7.7548 6.3365
vt -7.5614 6.3365
vt -7.7806 6.3789
vt -7.9251 6.3789
vt -7.9492 6.3789
vt -7.8048 6.3789
vt -7.7806 6.5164
vt -7.9251 6.5164
vt -7.9492 6.5164
vt -7.8048 6.5164
vt -8.6269 5.8389
vt -8.8333 5.8389
vt -8.8575 5.8389
vt -8.6510 5.8389
vt -8.6269 5.9764
vt -8.8333 5.9764
vt -8.8575 5.9764
vt -8.6510 5.9764
vt -8.8333 6.0190
vt -8.6979 6.0190
vt -8.7237 6.0190
vt -8.8591 6.0190
vt -8.8333 6.1564
vt -8.6979 6.1564
vt -8.7237 6.1564
vt -8.8591 6.1564
vt -8.6269 6.1989
vt -8.8333 6.1989
vt -8.8575 6.1989
vt -8.6510 6.1989
vt -8.6269 6.3365
vt -8.8333 6.3365
vt -8.8575 6.3365
vt -8.6510 6.3365
vt -8.8333 6.3789
vt -8.6979 6.3789
vt -8.7237 6.3789
vt -8.8591 6.3789
vt -8.8333 6.5164
vt -8.6979 6.5164
vt -8.7237 6.5164
vt -8.8591 6.5164
vt 0.1998 5.6055
vt -2.2295 5.6055
vt 0.5985 5.6055
vt 3.0278 5.6055
vt 0.1998 7.2055
vt -2.2295 7.2055
vt 0.5985 7.2055
vt 3.0278 7.2055
vt -0.1647 5.8305
vt -0.3820 5.8305
vt -0.3820 6.2805
vt -0.1647 6.2805
vt -0.2038 5.8305
vt -0.4211 5.8305
vt -0.4211 6.2805
vt -0.2038 6.2805
vt -0.1952 5.8655
vt -0.3516 5.8655
vt -0.3516 6.2455
vt -0.1952 6.2455
vt -0.2342 5.8655
vt -0.3906 5.8655
vt -0.3906 6.2455
vt -0.2342 6.2455
vt -0.9397 5.8305
vt -1.1570 5.8305
vt -1.1570 6.2805
vt -0.9397 6.2805
vt -0.9788 5.8305
vt -1.1960 5.8305
vt -1.1960 6.2805
vt -0.9788 6.2805
vt -0.9701 5.8655
vt -1.1266 5.8655
vt -1.1266 6.2455
vt -0.9701 6.2455
vt -1.0092 5.8655
vt -1.1656 5.8655
vt -1.1656 6.2455
vt -1.0092 6.2455
vt -1.7147 5.8305
vt -1.9320 5.8305
vt -1.9320 6.2805
vt -1.7147 6.2805
vt -1.7538 5.8305
vt -1.9710 5.8305
vt -1.9710 6.2805
vt -1.7538 6.2805
vt -1.7451 5.8655
vt -1.9016 5.8655
vt -1.9016 6.2455
vt -1.7451 6.2455
vt -1.7842 5.8655
vt -1.9406 5.8655
vt -1.9406 6.2455
vt -1.7842 6.2455
vt -1.8791 5.8305
vt -1.6002 5.8305
vt -1.6002 6.2805
vt -1.8791 6.2805
vt -1.9095 5.8305
vt -1.6306 5.8305
vt -1.6306 6.2805
vt -1.9095 6.2805
vt -1.8400 5.8655
vt -1.6393 5.8655
vt -1.6393 6.2455
vt -1.8400 6.2455
vt -1.8705 5.8655
vt -1.6697 5.8655
vt -1.6697 6.2455
vt -1.8705 6.2455
vt -0.9810 5.8305
vt -0.7021 5.8305
vt -0.7021 6.2805
vt -0.9810 6.2805
vt -1.0115 5.8305
vt -0.7326 5.8305
vt -0.7326 6.2805
vt -1.0115 6.2805
vt -0.9420 5.8655
vt -0.7412 5.8655
vt -0.7412 6.2455
vt -0.9420 6.2455
vt -0.9724 5.8655
vt -0.7716 5.8655
vt -0.7716 6.2455
vt -0.9724 6.2455
vt -0.0830 5.8305
vt 0.1959 5.8305
vt 0.1959 6.2805
vt -0.0830 6.2805
vt -0.1134 5.8305
vt 0.1655 5.8305
vt 0.1655 6.2805
vt -0.1134 6.2805
vt -0.0439 5.8655
vt 0.1569 5.8655
vt 0.1569 6.2455
vt -0.0439 6.2455
vt -0.0743 5.8655
vt 0.1265 5.8655
vt 0.1265 6.2455
vt -0.0743 6.2455
vt 0.9630 5.8305
vt 1.1803 5.8305
vt 1.1803 6.2805
vt 0.9630 6.2805
vt 1.0020 5.8305
vt 1.2193 5.8305
vt 1.2193 6.2805
vt 1.0020 6.2805
vt 0.9934 5.8655
vt 1.1499 5.8655
vt 1.1499 6.2455
vt 0.9934 6.2455
vt 1.0325 5.8655
vt 1.1889 5.8655
vt 1.1889 6.2455
vt 1.0325 6.2455
vt 2.5130 5.8305
vt 2.7302 5.8305
vt 2.7302 6.2805
vt 2.5130 6.2805
vt 2.5520 5.8305
vt 2.7693 5.8305
vt 2.7693 6.2805
vt 2.5520 6.2805
vt 2.5434 5.8655
vt 2.6999 5.8655
vt 2.6999 6.2455
vt 2.5434 6.2455
vt 2.5825 5.8655
vt 2.7389 5.8655
vt 2.7389 6.2455
vt 2.5825 6.2455
vt 1.7163 5.6055
vt 1.9770 5.6055
vt 1.9770 6.0305
vt 1.9118 6.1604
vt 1.7815 6.1604
vt 1.7163 6.0305
vt 1.7720 5.6055
vt 2.0328 5.6055
vt 2.0328 6.0305
vt 1.9676 6.1604
vt 1.8372 6.1604
vt 1.7720 6.0305
vt 1.7554 5.6505
vt 1.9379 5.6505
vt 1.9379 6.0305
vt 1.8923 6.1214
vt 1.8010 6.1214
vt 1.7554 6.0305
vt 1.8111 5.6505
vt 1.9937 5.6505
vt 1.9937 6.0305
vt 1.9481 6.1214
vt 1.8568 6.1214
vt 1.8111 6.0305
vt 1.6728 5.5955
vt 2.0205 5.5955
vt 2.0930 5.5955
vt 1.7453 5.5955
vt 1.6728 5.6355
vt 2.0205 5.6355
vt 2.0930 5.6355
vt 1.7453 5.6355
vt 2.6774 5.8305
vt 2.3985 5.8305
vt 2.3985 6.2805
vt 2.6774 6.2805
vt 2.7078 5.8305
vt 2.4289 5.8305
vt 2.4289 6.2805
vt 2.7078 6.2805
vt 2.6383 5.8655
vt 2.4375 5.8655
vt 2.4375 6.2455
vt 2.6383 6.2455
vt 2.6688 5.8655
vt 2.4680 5.8655
vt 2.4680 6.2455
vt 2.6688 6.2455
vt 1.7793 5.8305
vt 1.5004 5.8305
vt 1.5004 6.2805
vt 1.7793 6.2805
vt 1.8097 5.8305
vt 1.5308 5.8305
vt 1.5308 6.2805
vt 1.8097 6.2805
vt 1.7403 5.8655
vt 1.5394 5.8655
vt 1.5394 6.2455
vt 1.7403 6.2455
vt 1.7707 5.8655
vt 1.5699 5.8655
vt 1.5699 6.2455
vt 1.7707 6.2455
vt 0.8812 5.8305
vt 0.6024 5.8305
vt 0.6024 6.2805
vt 0.8812 6.2805
vt 0.9117 5.8305
vt 0.6327 5.8305
vt 0.6327 6.2805
vt 0.9117 6.2805
vt 0.8422 5.8655
vt 0.6414 5.8655
vt 0.6414 6.2455
vt 0.8422 6.2455
vt 0.8726 5.8655
vt 0.6718 5.8655
vt 0.6718 6.2455
vt 0.8726 6.2455
vt 0.1886 7.1305
vt -2.3188 7.1305
vt 0.6096 7.1305
vt 3.1171 7.1305
vt 0.1886 7.1655
vt -2.3188 7.1655
vt 0.6096 7.1655
vt 3.1171 7.1655
vt 0.1960 7.1305
vt -2.2593 7.1305
vt 0.6022 7.1305
vt 3.0576 7.1305
vt 0.1960 7.1655
vt -2.2593 7.1655
vt 0.6022 7.1655
vt 3.0576 7.1655
vt 0.1825 7.0755
vt -2.3685 7.0755
vt 0.6158 7.0755
vt 3.1668 7.0755
vt 0.1825 7.1455
vt -2.3685 7.1455
vt 0.6158 7.1455
vt 3.1668 7.1455
vt 0.1960 7.0755
vt -2.2593 7.0755
vt 0.6022 7.0755
vt 3.0576 7.0755
vt 0.1960 7.1455
vt -2.2593 7.1455
vt 0.6022 7.1455
vt 3.0576 7.1455
vt 0.1862 7.2205
vt -2.3387 7.2205
vt 0.6121 7.2205
vt 3.1370 7.2205
vt 0.1862 7.3955
vt -2.3387 7.3955
vt 0.6121 7.3955
vt 3.1370 7.3955
vt 0.2182 7.2205
vt -2.0807 7.2205
vt 0.5800 7.2205
vt 2.8789 7.2205
vt 0.2182 7.3955
vt -2.0807 7.3955
vt 0.5800 7.3955
vt 2.8789 7.3955
vt -2.0855 5.6680
vt -2.2593 5.6680
vt -2.2872 5.6680
vt -2.1134 5.6680
vt -2.0855 5.8055
vt -2.2593 5.8055
vt -2.2872 5.8055
vt -2.1134 5.8055
vt -2.2593 5.8480
vt -2.1031 5.8480
vt -2.1249 5.8480
vt -2.2810 5.8480
vt -2.2593 5.9855
vt -2.1031 5.9855
vt -2.1249 5.9855
vt -2.2810 5.9855
vt -2.0855 6.0280
vt -2.2593 6.0280
vt -2.2872 6.0280
vt -2.1134 6.0280
vt -2.0855 6.1655
vt -2.2593 6.1655
vt -2.2872 6.1655
vt -2.1134 6.1655
vt -2.2593 6.2080
vt -2.1031 6.2080
vt -2.1249 6.2080
vt -2.2810 6.2080
vt -2.2593 6.3455
vt -2.1031 6.3455
vt -2.1249 6.3455
vt -2.2810 6.3455
vt 2.8838 5.6680
vt 3.0576 5.6680
vt 3.0855 5.6680
vt 2.9116 5.6680
vt 2.8838 5.8055
vt 3.0576 5.8055
vt 3.0855 5.8055
vt 2.9116 5.8055
vt 3.0576 5.8480
vt 2.9014 5.8480
vt 2.9231 5.8480
vt 3.0793 5.8480
vt 3.0576 5.9855
vt 2.9014 5.9855
vt 2.9231 5.9855
vt 3.0793 5.9855
vt 2.8838 6.0280
vt 3.0576 6.0280
vt 3.0855 6.0280
vt 2.9116 6.0280
vt 2.8838 6.1655
vt 3.0576 6.1655
vt 3.0855 6.1655
vt 2.9116 6.1655
vt 3.0576 6.2080
vt 2.9014 6.2080
vt 2.9231 6.2080
vt 3.0793 6.2080
vt 3.0576 6.3455
vt 2.9014 6.3455
vt 2.9231 6.3455
vt 3.0793 6.3455
vt 0.4192 5.6680
vt 0.1960 5.6680
vt 0.2178 5.6680
vt 0.4409 5.6680
vt 0.4192 5.8055
vt 0.1960 5.8055
vt 0.2178 5.8055
vt 0.4409 5.8055
vt 0.1960 5.8480
vt 0.0744 5.8480
vt 0.0465 5.8480
vt 0.1682 5.8480
vt 0.1960 5.9855
vt 0.0744 5.9855
vt 0.0465 5.9855
vt 0.1682 5.9855
vt 0.4192 6.0280
vt 0.1960 6.0280
vt 0.2178 6.0280
vt 0.4409 6.0280
vt 0.4192 6.1655
vt 0.1960 6.1655
vt 0.2178 6.1655
vt 0.4409 6.1655
vt 0.1960 6.2080
vt 0.0744 6.2080
vt 0.0465 6.2080
vt 0.1682 6.2080
vt 0.1960 6.3455
vt 0.0744 6.3455
vt 0.0465 6.3455
vt 0.1682 6.3455
vt 0.3791 5.6680
vt 0.6022 5.6680
vt 0.5805 5.6680
vt 0.3574 5.6680
vt 0.3791 5.8055
vt 0.6022 5.8055
vt 0.5805 5.8055
vt 0.3574 5.8055
vt 0.6022 5.8480
vt 0.7239 5.8480
vt 0.7518 5.8480
vt 0.6301 5.8480
vt 0.6022 5.9855
vt 0.7239 5.9855
vt 0.7518 5.9855
vt 0.6301 5.9855
vt 0.3791 6.0280
vt 0.6022 6.0280
vt 0.5805 6.0280
vt 0.3574 6.0280
vt 0.3791 6.1655
vt 0.6022 6.1655
vt 0.5805 6.1655
vt 0.3574 6.1655
vt 0.6022 6.2080
vt 0.7239 6.2080
vt 0.7518 6.2080
vt 0.6301 6.2080
vt 0.6022 6.3455
vt 0.7239 6.3455
vt 0.7518 6.3455
vt 0.6301 6.3455
vt 0.8541 7.2955
vt 0.9183 7.2955
vt 0.8541 7.2955
vt 0.6991 7.2955
vt 0.5441 7.2955
vt 0.4799 7.2955
vt 0.5441 7.2955
vt 0.6991 7.2955
vt 0.8541 7.5705
vt 0.9183 7.5705
vt 0.8541 7.5705
vt 0.6991 7.5705
vt 0.5441 7.5705
vt 0.4799 7.5705
vt 0.5441 7.5705
vt 0.6991 7.5705
vt 0.3691 7.2205
vt 0.6991 7.2205
vt 1.0291 7.2205
vt 0.6991 7.2205
vt 0.3691 7.2955
vt 0.6991 7.2955
vt 1.0291 7.2955
vt 0.6991 7.2955
vt 3.4774 5.5028
vt 0.2616 5.5028
vt 2.2696 5.5028
vt 5.4855 5.5028
vt 3.4774 7.9028
vt 0.2616 7.9028
vt 2.2696 7.9028
vt 5.4855 7.9028
vt 3.1115 5.7278
vt 2.8942 5.7278
vt 2.8942 6.1778
vt 3.1115 6.1778
vt 3.0725 5.7278
vt 2.8552 5.7278
vt 2.8552 6.1778
vt 3.0725 6.1778
vt 3.0811 5.7628
vt 2.9247 5.7628
vt 2.9247 6.1428
vt 3.0811 6.1428
vt 3.0420 5.7628
vt 2.8856 5.7628
vt 2.8856 6.1428
vt 3.0420 6.1428
vt 3.1115 6.5278
vt 2.8942 6.5278
vt 2.8942 6.8528
vt 2.9485 6.9611
vt 3.0572 6.9611
vt 3.1115 6.8528
vt 3.0725 6.5278
vt 2.8552 6.5278
vt 2.8552 6.8528
vt 2.9095 6.9611
vt 3.0181 6.9611
vt 3.0725 6.8528
vt 3.0811 6.5628
vt 2.9247 6.5628
vt 2.9247 6.8528
vt 2.9638 6.9308
vt 3.0420 6.9308
vt 3.0811 6.8528
vt 3.0420 6.5628
vt 2.8856 6.5628
vt 2.8856 6.8528
vt 2.9247 6.9308
vt 3.0030 6.9308
vt 3.0420 6.8528
vt 2.3336 5.7278
vt 2.1163 5.7278
vt 2.1163 6.1778
vt 2.3336 6.1778
vt 2.2946 5.7278
vt 2.0773 5.7278
vt 2.0773 6.1778
vt 2.2946 6.1778
vt 2.3032 5.7628
vt 2.1467 5.7628
vt 2.1467 6.1428
vt 2.3032 6.1428
vt 2.2642 5.7628
vt 2.1077 5.7628
vt 2.1077 6.1428
vt 2.2642 6.1428
vt 2.3336 6.5278
vt 2.1163 6.5278
vt 2.1163 6.9778
vt 2.3336 6.9778
vt 2.2946 6.5278
vt 2.0773 6.5278
vt 2.0773 6.9778
vt 2.2946 6.9778
vt 2.3032 6.5628
vt 2.1467 6.5628
vt 2.1467 6.9428
vt 2.3032 6.9428
vt 2.2642 6.5628
vt 2.1077 6.5628
vt 2.1077 6.9428
vt 2.2642 6.9428
vt 1.5557 5.7278
vt 1.3384 5.7278
vt 1.3384 6.1778
vt 1.5557 6.1778
vt 1.5167 5.7278
vt 1.2994 5.7278
vt 1.2994 6.1778
vt 1.5167 6.1778
vt 1.5253 5.7628
vt 1.3689 5.7628
vt 1.3689 6.1428
vt 1.5253 6.1428
vt 1.4863 5.7628
vt 1.3298 5.7628
vt 1.3298 6.1428
vt 1.4863 6.1428
vt 1.5557 6.5278
vt 1.3384 6.5278
vt 1.3384 6.9778
vt 1.5557 6.9778
vt 1.5167 6.5278
vt 1.2994 6.5278
vt 1.2994 6.9778
vt 1.5167 6.9778
vt 1.5253 6.5628
vt 1.3689 6.5628
vt 1.3689 6.9428
vt 1.5253 6.9428
vt 1.4863 6.5628
vt 1.3298 6.5628
vt 1.3298 6.9428
vt 1.4863 6.9428
vt 0.7778 5.7278
vt 0.5606 5.7278
vt 0.5606 6.1778
vt 0.7778 6.1778
vt 0.7388 5.7278
vt 0.5215 5.7278
vt 0.5215 6.1778
vt 0.7388 6.1778
vt 0.7474 5.7628
vt 0.5910 5.7628
vt 0.5910 6.1428
vt 0.7474 6.1428
vt 0.7084 5.7628
vt 0.5519 5.7628
vt 0.5519 6.1428
vt 0.7084 6.1428
vt 0.7778 6.5278
vt 0.5606 6.5278
vt 0.5606 6.8528
vt 0.6149 6.9611
vt 0.7235 6.9611
vt 0.7778 6.8528
vt 0.7388 6.5278
vt 0.5215 6.5278
vt 0.5215 6.8528
vt 0.5758 6.9611
vt 0.6845 6.9611
vt 0.7388 6.8528
vt 0.7474 6.5628
vt 0.5910 6.5628
vt 0.5910 6.8528
vt 0.6301 6.9308
vt 0.7083 6.9308
vt 0.7474 6.8528
vt 0.7084 6.5628
vt 0.5519 6.5628
vt 0.5519 6.8528
vt 0.5911 6.9308
vt 0.6693 6.9308
vt 0.7084 6.8528
vt 0.6316 5.7278
vt 0.9104 5.7278
vt 0.9104 6.1778
vt 0.6316 6.1778
vt 0.6011 5.7278
vt 0.8800 5.7278
vt 0.8800 6.1778
vt 0.6011 6.1778
vt 0.6706 5.7628
vt 0.8714 5.7628
vt 0.8714 6.1428
vt 0.6706 6.1428
vt 0.6401 5.7628
vt 0.8410 5.7628
vt 0.8410 6.1428
vt 0.6401 6.1428
vt 0.6316 6.5278
vt 0.9104 6.5278
vt 0.9104 6.9778
vt 0.6316 6.9778
vt 0.6011 6.5278
vt 0.8800 6.5278
vt 0.8800 6.9778
vt 0.6011 6.9778
vt 0.6706 6.5628
vt 0.8714 6.5628
vt 0.8714 6.9428
vt 0.6706 6.9428
vt 0.6401 6.5628
vt 0.8410 6.5628
vt 0.8410 6.9428
vt 0.6401 6.9428
vt 1.5687 5.7278
vt 1.8476 5.7278
vt 1.8476 6.1778
vt 1.5687 6.1778
vt 1.5382 5.7278
vt 1.8171 5.7278
vt 1.8171 6.1778
vt 1.5382 6.1778
vt 1.6077 5.7628
vt 1.8085 5.7628
vt 1.8085 6.1428
vt 1.6077 6.1428
vt 1.5773 5.7628
vt 1.7781 5.7628
vt 1.7781 6.1428
vt 1.5773 6.1428
vt 1.5687 6.5278
vt 1.8476 6.5278
vt 1.8476 6.8528
vt 1.7778 6.9611
vt 1.6384 6.9611
vt 1.5687 6.8528
vt 1.5382 6.5278
vt 1.8171 6.5278
vt 1.8171 6.8528
vt 1.7474 6.9611
vt 1.6080 6.9611
vt 1.5382 6.8528
vt 1.6077 6.5628
vt 1.8085 6.5628
vt 1.8085 6.8528
vt 1.7583 6.9308
vt 1.6579 6.9308
vt 1.6077 6.8528
vt 1.5773 6.5628
vt 1.7781 6.5628
vt 1.7781 6.8528
vt 1.7279 6.9308
vt 1.6275 6.9308
vt 1.5773 6.8528
vt 2.6356 5.7278
vt 2.8529 5.7278
vt 2.8529 6.1778
vt 2.6356 6.1778
vt 2.6746 5.7278
vt 2.8919 5.7278
vt 2.8919 6.1778
vt 2.6746 6.1778
vt 2.6660 5.7628
vt 2.8225 5.7628
vt 2.8225 6.1428
vt 2.6660 6.1428
vt 2.7051 5.7628
vt 2.8615 5.7628
vt 2.8615 6.1428
vt 2.7051 6.1428
vt 2.6356 6.5278
vt 2.8529 6.5278
vt 2.8529 6.9778
vt 2.6356 6.9778
vt 2.6746 6.5278
vt 2.8919 6.5278
vt 2.8919 6.9778
vt 2.6746 6.9778
vt 2.6660 6.5628
vt 2.8225 6.5628
vt 2.8225 6.9428
vt 2.6660 6.9428
vt 2.7051 6.5628
vt 2.8615 6.5628
vt 2.8615 6.9428
vt 2.7051 6.9428
vt 3.4135 5.7278
vt 3.6308 5.7278
vt 3.6308 6.1778
vt 3.4135 6.1778
vt 3.4525 5.7278
vt 3.6698 5.7278
vt 3.6698 6.1778
vt 3.4525 6.1778
vt 3.4439 5.7628
vt 3.6003 5.7628
vt 3.6003 6.1428
vt 3.4439 6.1428
vt 3.4830 5.7628
vt 3.6394 5.7628
vt 3.6394 6.1428
vt 3.4830 6.1428
vt 3.4135 6.5278
vt 3.6308 6.5278
vt 3.6308 6.9778
vt 3.4135 6.9778
vt 3.4525 6.5278
vt 3.6698 6.5278
vt 3.6698 6.9778
vt 3.4525 6.9778
vt 3.4439 6.5628
vt 3.6003 6.5628
vt 3.6003 6.9428
vt 3.4439 6.9428
vt 3.4830 6.5628
vt 3.6394 6.5628
vt 3.6394 6.9428
vt 3.4830 6.9428
vt 4.1914 5.7278
vt 4.4087 5.7278
vt 4.4087 6.1778
vt 4.1914 6.1778
vt 4.2304 5.7278
vt 4.4477 5.7278
vt 4.4477 6.1778
vt 4.2304 6.1778
vt 4.2218 5.7628
vt 4.3782 5.7628
vt 4.3782 6.1428
vt 4.2218 6.1428
vt 4.2608 5.7628
vt 4.4173 5.7628
vt 4.4173 6.1428
vt 4.2608 6.1428
vt 4.1914 6.5278
vt 4.4087 6.5278
vt 4.4087 6.9778
vt 4.1914 6.9778
vt 4.2304 6.5278
vt 4.4477 6.5278
vt 4.4477 6.9778
vt 4.2304 6.9778
vt 4.2218 6.5628
vt 4.3782 6.5628
vt 4.3782 6.9428
vt 4.2218 6.9428
vt 4.2608 6.5628
vt 4.4173 6.5628
vt 4.4173 6.9428
vt 4.2608 6.9428
vt 4.9693 5.7278
vt 5.1866 5.7278
vt 5.1866 6.1778
vt 4.9693 6.1778
vt 5.0083 5.7278
vt 5.2256 5.7278
vt 5.2256 6.1778
vt 5.0083 6.1778
vt 4.9997 5.7628
vt 5.1561 5.7628
vt 5.1561 6.1428
vt 4.9997 6.1428
vt 5.0387 5.7628
vt 5.1952 5.7628
vt 5.1952 6.1428
vt 5.0387 6.1428
vt 4.9693 6.5278
vt 5.1866 6.5278
vt 5.1866 6.9778
vt 4.9693 6.9778
vt 5.0083 6.5278
vt 5.2256 6.5278
vt 5.2256 6.9778
vt 5.0083 6.9778
vt 4.9997 6.5628
vt 5.1561 6.5628
vt 5.1561 6.9428
vt 4.9997 6.9428
vt 5.0387 6.5628
vt 5.1952 6.5628
vt 5.1952 6.9428
vt 5.0387 6.9428
vt 3.7807 5.5028
vt 4.0415 5.5028
vt 4.0415 5.9278
vt 3.9762 6.0577
vt 3.8459 6.0577
vt 3.7807 5.9278
vt 3.8365 5.5028
vt 4.0972 5.5028
vt 4.0972 5.9278
vt 4.0320 6.0577
vt 3.9017 6.0577
vt 3.8365 5.9278
vt 3.8198 5.5478
vt 4.0023 5.5478
vt 4.0023 5.9278
vt 3.9567 6.0188
vt 3.8654 6.0188
vt 3.8198 5.9278
vt 3.8756 5.5478
vt 4.0581 5.5478
vt 4.0581 5.9278
vt 4.0125 6.0188
vt 3.9212 6.0188
vt 3.8756 5.9278
vt 3.7372 5.4928
vt 4.0849 5.4928
vt 4.1574 5.4928
vt 3.8098 5.4928
vt 3.7372 5.5328
vt 4.0849 5.5328
vt 4.1574 5.5328
vt 3.8098 5.5328
vt 5.1156 5.7278
vt 4.8367 5.7278
vt 4.8367 6.1778
vt 5.1156 6.1778
vt 5.1460 5.7278
vt 4.8671 5.7278
vt 4.8671 6.1778
vt 5.1460 6.1778
vt 5.0765 5.7628
vt 4.8757 5.7628
vt 4.8757 6.1428
vt 5.0765 6.1428
vt 5.1069 5.7628
vt 4.9061 5.7628
vt 4.9061 6.1428
vt 5.1069 6.1428
vt 5.1156 6.5278
vt 4.8367 6.5278
vt 4.8367 6.9778
vt 5.1156 6.9778
vt 5.1460 6.5278
vt 4.8671 6.5278
vt 4.8671 6.9778
vt 5.1460 6.9778
vt 5.0765 6.5628
vt 4.8757 6.5628
vt 4.8757 6.9428
vt 5.0765 6.9428
vt 5.1069 6.5628
vt 4.9061 6.5628
vt 4.9061 6.9428
vt 5.1069 6.9428
vt 4.1784 5.7278
vt 3.8995 5.7278
vt 3.8995 6.1778
vt 4.1784 6.1778
vt 4.2089 5.7278
vt 3.9300 5.7278
vt 3.9300 6.1778
vt 4.2089 6.1778
vt 4.1394 5.7628
vt 3.9386 5.7628
vt 3.9386 6.1428
vt 4.1394 6.1428
vt 4.1698 5.7628
vt 3.9690 5.7628
vt 3.9690 6.1428
vt 4.1698 6.1428
vt 4.1784 6.5278
vt 3.8995 6.5278
vt 3.8995 6.8528
vt 3.9693 6.9611
vt 4.1087 6.9611
vt 4.1784 6.8528
vt 4.2089 6.5278
vt 3.9300 6.5278
vt 3.9300 6.8528
vt 3.9997 6.9611
vt 4.1391 6.9611
vt 4.2089 6.8528
vt 4.1394 6.5628
vt 3.9386 6.5628
vt 3.9386 6.8528
vt 3.9888 6.9308
vt 4.0892 6.9308
vt 4.1394 6.8528
vt 4.1698 6.5628
vt 3.9690 6.5628
vt 3.9690 6.8528
vt 4.0192 6.9308
vt 4.1196 6.9308
vt 4.1698 6.8528
vt 3.4664 7.8278
vt 0.1723 7.8278
vt 2.2807 7.8278
vt 5.5749 7.8278
vt 3.4664 7.8628
vt 0.1723 7.8628
vt 2.2807 7.8628
vt 5.5749 7.8628
vt 3.4737 7.8278
vt 0.2318 7.8278
vt 2.2734 7.8278
vt 5.5153 7.8278
vt 3.4737 7.8628
vt 0.2318 7.8628
vt 2.2734 7.8628
vt 5.5153 7.8628
vt 3.4602 7.7728
vt 0.1226 7.7728
vt 2.2869 7.7728
vt 5.6245 7.7728
vt 3.4602 7.8428
vt 0.1226 7.8428
vt 2.2869 7.8428
vt 5.6245 7.8428
vt 3.4737 7.7728
vt 0.2318 7.7728
vt 2.2734 7.7728
vt 5.5153 7.7728
vt 3.4737 7.8428
vt 0.2318 7.8428
vt 2.2734 7.8428
vt 5.5153 7.8428
vt 3.4639 7.9178
vt 0.1524 7.9178
vt 2.2832 7.9178
vt 5.5947 7.9178
vt 3.4639 8.0928
vt 0.1524 8.0928
vt 2.2832 8.0928
vt 5.5947 8.0928
vt 3.4959 7.9178
vt 0.4104 7.9178
vt 2.2512 7.9178
vt 5.3367 7.9178
vt 3.4959 8.0928
vt 0.4104 8.0928
vt 2.2512 8.0928
vt 5.3367 8.0928
vt 3.6969 5.5653
vt 3.4737 5.5653
vt 3.4955 5.5653
vt 3.7186 5.5653
vt 3.6969 5.7028
vt 3.4737 5.7028
vt 3.4955 5.7028
vt 3.7186 5.7028
vt 3.4737 5.7453
vt 3.3521 5.7453
vt 3.3242 5.7453
vt 3.4458 5.7453
vt 3.4737 5.8828
vt 3.3521 5.8828
vt 3.3242 5.8828
vt 3.4458 5.8828
vt 3.6969 5.9253
vt 3.4737 5.9253
vt 3.4955 5.9253
vt 3.7186 5.9253
vt 3.6969 6.0628
vt 3.4737 6.0628
vt 3.4955 6.0628
vt 3.7186 6.0628
vt 3.4737 6.1053
vt 3.3521 6.1053
vt 3.3242 6.1053
vt 3.4458 6.1053
vt 3.4737 6.2428
vt 3.3521 6.2428
vt 3.3242 6.2428
vt 3.4458 6.2428
vt 0.4057 5.5653
vt 0.2318 5.5653
vt 0.2039 5.5653
vt 0.3777 5.5653
vt 0.4057 5.7028
vt 0.2318 5.7028
vt 0.2039 5.7028
vt 0.3777 5.7028
vt 0.2318 5.7453
vt 0.3880 5.7453
vt 0.3663 5.7453
vt 0.2101 5.7453
vt 0.2318 5.8828
vt 0.3880 5.8828
vt 0.3663 5.8828
vt 0.2101 5.8828
vt 0.4057 5.9253
vt 0.2318 5.9253
vt 0.2039 5.9253
vt 0.3777 5.9253
vt 0.4057 6.0628
vt 0.2318 6.0628
vt 0.2039 6.0628
vt 0.3777 6.0628
vt 0.2318 6.1053
vt 0.3880 6.1053
vt 0.3663 6.1053
vt 0.2101 6.1053
vt 0.2318 6.2428
vt 0.3880 6.2428
vt 0.3663 6.2428
vt 0.2101 6.2428
vt 2.0502 5.5653
vt 2.2734 5.5653
vt 2.2516 5.5653
vt 2.0285 5.5653
vt 2.0502 5.7028
vt 2.2734 5.7028
vt 2.2516 5.7028
vt 2.0285 5.7028
vt 2.2734 5.7453
vt 2.3950 5.7453
vt 2.4229 5.7453
vt 2.3013 5.7453
vt 2.2734 5.8828
vt 2.3950 5.8828
vt 2.4229 5.8828
vt 2.3013 5.8828
vt 2.0502 5.9253
vt 2.2734 5.9253
vt 2.2516 5.9253
vt 2.0285 5.9253
vt 2.0502 6.0628
vt 2.2734 6.0628
vt 2.2516 6.0628
vt 2.0285 6.0628
vt 2.2734 6.1053
vt 2.3950 6.1053
vt 2.4229 6.1053
vt 2.3013 6.1053
vt 2.2734 6.2428
vt 2.3950 6.2428
vt 2.4229 6.2428
vt 2.3013 6.2428
vt 5.3415 5.5653
vt 5.5153 5.5653
vt 5.5432 5.5653
vt 5.3694 5.5653
vt 5.3415 5.7028
vt 5.5153 5.7028
vt 5.5432 5.7028
vt 5.3694 5.7028
vt 5.5153 5.7453
vt 5.3591 5.7453
vt 5.3808 5.7453
vt 5.5370 5.7453
vt 5.5153 5.8828
vt 5.3591 5.8828
vt 5.3808 5.8828
vt 5.5370 5.8828
vt 5.3415 5.9253
vt 5.5153 5.9253
vt 5.5432 5.9253
vt 5.3694 5.9253
vt 5.3415 6.0628
vt 5.5153 6.0628
vt 5.5432 6.0628
vt 5.3694 6.0628
vt 5.5153 6.1053
vt 5.3591 6.1053
vt 5.3808 6.1053
vt 5.5370 6.1053
vt 5.5153 6.2428
vt 5.3591 6.2428
vt 5.3808 6.2428
vt 5.5370 6.2428
vt 2.8049 7.9178
vt 2.8079 7.9178
vt 2.2422 7.9178
vt 2.2393 7.9178
vt 2.8049 8.4678
vt 2.8079 8.4678
vt 2.2422 8.4678
vt 2.2393 8.4678
vt -11.4829 6.1671
vt -8.3678 6.1671
vt -6.9845 6.1671
vt -10.0995 6.1671
vt -11.4829 7.7671
vt -8.3678 7.7671
vt -6.9845 7.7671
vt -10.0995 7.7671
vt -11.0900 6.3921
vt -10.7754 6.3921
vt -10.7754 6.8421
vt -11.0900 6.8421
vt -11.1126 6.3921
vt -10.7979 6.3921
vt -10.7979 6.8421
vt -11.1126 6.8421
vt -11.0460 6.4271
vt -10.8194 6.4271
vt -10.8194 6.8071
vt -11.0460 6.8071
vt -11.0685 6.4271
vt -10.8420 6.4271
vt -10.8420 6.8071
vt -11.0685 6.8071
vt -10.1020 6.3921
vt -9.7874 6.3921
vt -9.7874 6.8421
vt -10.1020 6.8421
vt -10.1246 6.3921
vt -9.8099 6.3921
vt -9.8099 6.8421
vt -10.1246 6.8421
vt -10.0580 6.4271
vt -9.8314 6.4271
vt -9.8314 6.8071
vt -10.0580 6.8071
vt -10.0805 6.4271
vt -9.8540 6.4271
vt -9.8540 6.8071
vt -10.0805 6.8071
vt -9.1140 6.3921
vt -8.7993 6.3921
vt -8.7993 6.8421
vt -9.1140 6.8421
vt -9.1366 6.3921
vt -8.8219 6.3921
vt -8.8219 6.8421
vt -9.1366 6.8421
vt -9.0699 6.4271
vt -8.8434 6.4271
vt -8.8434 6.8071
vt -9.0699 6.8071
vt -9.0925 6.4271
vt -8.8660 6.4271
vt -8.8660 6.8071
vt -9.0925 6.8071
vt -8.1543 6.3921
vt -7.9931 6.3921
vt -7.9931 6.8421
vt -8.1543 6.8421
vt -8.1103 6.3921
vt -7.9490 6.3921
vt -7.9490 6.8421
vt -8.1103 6.8421
vt -8.1318 6.4271
vt -8.0157 6.4271
vt -8.0157 6.8071
vt -8.1318 6.8071
vt -8.0877 6.4271
vt -7.9716 6.4271
vt -7.9716 6.8071
vt -8.0877 6.8071
vt -7.2837 6.3921
vt -7.1225 6.3921
vt -7.1225 6.8421
vt -7.2837 6.8421
vt -7.2396 6.3921
vt -7.0784 6.3921
vt -7.0784 6.8421
vt -7.2396 6.8421
vt -7.2611 6.4271
vt -7.1451 6.4271
vt -7.1451 6.8071
vt -7.2611 6.8071
vt -7.2171 6.4271
vt -7.1010 6.4271
vt -7.1010 6.8071
vt -7.2171 6.8071
vt -7.7351 6.1671
vt -7.5416 6.1671
vt -7.5416 6.7421
vt -7.7351 6.7421
vt -7.6722 6.1671
vt -7.4787 6.1671
vt -7.4787 6.7421
vt -7.6722 6.7421
vt -7.7061 6.2121
vt -7.5707 6.2121
vt -7.5707 6.6971
vt -7.7061 6.6971
vt -7.6432 6.2121
vt -7.5077 6.2121
vt -7.5077 6.6971
vt -7.6432 6.6971
vt -7.7674 6.1571
vt -7.5094 6.1571
vt -7.4276 6.1571
vt -7.6856 6.1571
vt -7.7674 6.1971
vt -7.5094 6.1971
vt -7.4276 6.1971
vt -7.6856 6.1971
vt -7.3774 6.3921
vt -7.6920 6.3921
vt -7.6920 6.8421
vt -7.3774 6.8421
vt -7.3548 6.3921
vt -7.6694 6.3921
vt -7.6694 6.8421
vt -7.3548 6.8421
vt -7.4214 6.4271
vt -7.6480 6.4271
vt -7.6480 6.8071
vt -7.4214 6.8071
vt -7.3988 6.4271
vt -7.6253 6.4271
vt -7.6253 6.8071
vt -7.3988 6.8071
vt -8.3653 6.3921
vt -8.6800 6.3921
vt -8.6800 6.8421
vt -8.3653 6.8421
vt -8.3428 6.3921
vt -8.6574 6.3921
vt -8.6574 6.8421
vt -8.3428 6.8421
vt -8.4094 6.4271
vt -8.6359 6.4271
vt -8.6359 6.8071
vt -8.4094 6.8071
vt -8.3868 6.4271
vt -8.6134 6.4271
vt -8.6134 6.8071
vt -8.3868 6.8071
vt -9.3533 6.3921
vt -9.6680 6.3921
vt -9.6680 6.8421
vt -9.3533 6.8421
vt -9.3308 6.3921
vt -9.6454 6.3921
vt -9.6454 6.8421
vt -9.3308 6.8421
vt -9.3974 6.4271
vt -9.6239 6.4271
vt -9.6239 6.8071
vt -9.3974 6.8071
vt -9.3748 6.4271
vt -9.6014 6.4271
vt -9.6014 6.8071
vt -9.3748 6.8071
vt -10.3131 6.3921
vt -10.4742 6.3921
vt -10.4742 6.8421
vt -10.3131 6.8421
vt -10.3571 6.3921
vt -10.5183 6.3921
vt -10.5183 6.8421
vt -10.3571 6.8421
vt -10.3356 6.4271
vt -10.4517 6.4271
vt -10.4517 6.8071
vt -10.3356 6.8071
vt -10.3797 6.4271
vt -10.4958 6.4271
vt -10.4958 6.8071
vt -10.3797 6.8071
vt -10.7484 6.3921
vt -10.9096 6.3921
vt -10.9096 6.8421
vt -10.7484 6.8421
vt -10.7924 6.3921
vt -10.9536 6.3921
vt -10.9536 6.8421
vt -10.7924 6.8421
vt -10.7709 6.4271
vt -10.8870 6.4271
vt -10.8870 6.8071
vt -10.7709 6.8071
vt -10.8150 6.4271
vt -10.9311 6.4271
vt -10.9311 6.8071
vt -10.8150 6.8071
vt -11.1837 6.3921
vt -11.3449 6.3921
vt -11.3449 6.8421
vt -11.1837 6.8421
vt -11.2277 6.3921
vt -11.3890 6.3921
vt -11.3890 6.8421
vt -11.2277 6.8421
vt -11.2062 6.4271
vt -11.3223 6.4271
vt -11.3223 6.8071
vt -11.2062 6.8071
vt -11.2503 6.4271
vt -11.3664 6.4271
vt -11.3664 6.8071
vt -11.2503 6.8071
vt -11.5685 7.6921
vt -8.3402 7.6921
vt -6.8989 7.6921
vt -10.1272 7.6921
vt -11.5685 7.7271
vt -8.3402 7.7271
vt -6.8989 7.7271
vt -10.1272 7.7271
vt -11.5114 7.6921
vt -8.3586 7.6921
vt -6.9559 7.6921
vt -10.1088 7.6921
vt -11.5114 7.7271
vt -8.3586 7.7271
vt -6.9559 7.7271
vt -10.1088 7.7271
vt -11.6161 7.6371
vt -8.3249 7.6371
vt -6.8513 7.6371
vt -10.1425 7.6371
vt -11.6161 7.7071
vt -8.3249 7.7071
vt -6.8513 7.7071
vt -10.1425 7.7071
vt -11.5114 7.6371
vt -8.3586 7.6371
vt -6.9559 7.6371
vt -10.1088 7.6371
vt -11.5114 7.7071
vt -8.3586 7.7071
vt -6.9559 7.7071
vt -10.1088 7.7071
vt -11.5876 7.7821
vt -8.3341 7.7821
vt -6.8798 7.7821
vt -10.1333 7.7821
vt -11.5876 7.9571
vt -8.3341 7.9571
vt -6.8798 7.9571
vt -10.1333 7.9571
vt -11.3401 7.7821
vt -8.4138 7.7821
vt -7.1272 7.7821
vt -10.0535 7.7821
vt -11.3401 7.9571
vt -8.4138 7.9571
vt -7.1272 7.9571
vt -10.0535 7.9571
vt -11.3824 6.2296
vt -11.5114 6.2296
vt -11.5429 6.2296
vt -11.4139 6.2296
vt -11.3824 6.3671
vt -11.5114 6.3671
vt -11.5429 6.3671
vt -11.4139 6.3671
vt -11.5114 6.4096
vt -11.3352 6.4096
vt -11.3514 6.4096
vt -11.5276 6.4096
vt -11.5114 6.5471
vt -11.3352 6.5471
vt -11.3514 6.5471
vt -11.5276 6.5471
vt -11.3824 6.5896
vt -11.5114 6.5896
vt -11.5429 6.5896
vt -11.4139 6.5896
vt -11.3824 6.7271
vt -11.5114 6.7271
vt -11.5429 6.7271
vt -11.4139 6.7271
vt -11.5114 6.7696
vt -11.3352 6.7696
vt -11.3514 6.7696
vt -11.5276 6.7696
vt -11.5114 6.9071
vt -11.3352 6.9071
vt -11.3514 6.9071
vt -11.5276 6.9071
vt -8.6103 6.2296
vt -8.3586 6.2296
vt -8.3748 6.2296
vt -8.6265 6.2296
vt -8.6103 6.3671
vt -8.3586 6.3671
vt -8.3748 6.3671
vt -8.6265 6.3671
vt -8.3586 6.4096
vt -8.2683 6.4096
vt -8.2369 6.4096
vt -8.3272 6.4096
vt -8.3586 6.5471
vt -8.2683 6.5471
vt -8.2369 6.5471
vt -8.3272 6.5471
vt -8.6103 6.5896
vt -8.3586 6.5896
vt -8.3748 6.5896
vt -8.6265 6.5896
vt -8.6103 6.7271
vt -8.3586 6.7271
vt -8.3748 6.7271
vt -8.6265 6.7271
vt -8.3586 6.7696
vt -8.2683 6.7696
vt -8.2369 6.7696
vt -8.3272 6.7696
vt -8.3586 6.9071
vt -8.2683 6.9071
vt -8.2369 6.9071
vt -8.3272 6.9071
vt -7.0849 6.2296
vt -6.9559 6.2296
vt -6.9245 6.2296
vt -7.0534 6.2296
vt -7.0849 6.3671
vt -6.9559 6.3671
vt -6.9245 6.3671
vt -7.0534 6.3671
vt -6.9559 6.4096
vt -7.1321 6.4096
vt -7.1160 6.4096
vt -6.9398 6.4096
vt -6.9559 6.5471
vt -7.1321 6.5471
vt -7.1160 6.5471
vt -6.9398 6.5471
vt -7.0849 6.5896
vt -6.9559 6.5896
vt -6.9245 6.5896
vt -7.0534 6.5896
vt -7.0849 6.7271
vt -6.9559 6.7271
vt -6.9245 6.7271
vt -7.0534 6.7271
vt -6.9559 6.7696
vt -7.1321 6.7696
vt -7.1160 6.7696
vt -6.9398 6.7696
vt -6.9559 6.9071
vt -7.1321 6.9071
vt -7.1160 6.9071
vt -6.9398 6.9071
vt -9.8570 6.2296
vt -10.1088 6.2296
vt -10.0926 6.2296
vt -9.8409 6.2296
vt -9.8570 6.3671
vt -10.1088 6.3671
vt -10.0926 6.3671
vt -9.8409 6.3671
vt -10.1088 6.4096
vt -10.1990 6.4096
vt -10.2305 6.4096
vt -10.1402 6.4096
vt -10.1088 6.5471
vt -10.1990 6.5471
vt -10.2305 6.5471
vt -10.1402 6.5471
vt -9.8570 6.5896
vt -10.1088 6.5896
vt -10.0926 6.5896
vt -9.8409 6.5896
vt -9.8570 6.7271
vt -10.1088 6.7271
vt -10.0926 6.7271
vt -9.8409 6.7271
vt -10.1088 6.7696
vt -10.1990 6.7696
vt -10.2305 6.7696
vt -10.1402 6.7696
vt -10.1088 6.9071
vt -10.1990 6.9071
vt -10.2305 6.9071
vt -10.1402 6.9071
vt -2.0698 5.8118
vt -1.0481 5.8118
vt -2.9625 5.8118
vt -3.9842 5.8118
vt -2.0698 8.2118
vt -1.0481 8.2118
vt -2.9625 8.2118
vt -3.9842 8.2118
vt -1.6589 6.0368
vt -1.4009 6.0368
vt -1.4009 6.4868
vt -1.6589 6.4868
vt -1.6251 6.0368
vt -1.3671 6.0368
vt -1.3671 6.4868
vt -1.6251 6.4868
vt -1.6228 6.0718
vt -1.4370 6.0718
vt -1.4370 6.4518
vt -1.6228 6.4518
vt -1.5890 6.0718
vt -1.4032 6.0718
vt -1.4032 6.4518
vt -1.5890 6.4518
vt -1.6589 6.8368
vt -1.4009 6.8368
vt -1.4009 7.2868
vt -1.6589 7.2868
vt -1.6251 6.8368
vt -1.3671 6.8368
vt -1.3671 7.2868
vt -1.6251 7.2868
vt -1.6228 6.8718
vt -1.4370 6.8718
vt -1.4370 7.2518
vt -1.6228 7.2518
vt -1.5890 6.8718
vt -1.4032 6.8718
vt -1.4032 7.2518
vt -1.5890 7.2518
vt -1.4039 6.0368
vt -1.6456 6.0368
vt -1.6456 6.4868
vt -1.4039 6.4868
vt -1.3677 6.0368
vt -1.6095 6.0368
vt -1.6095 6.4868
vt -1.3677 6.4868
vt -1.4377 6.0718
vt -1.6118 6.0718
vt -1.6118 6.4518
vt -1.4377 6.4518
vt -1.4016 6.0718
vt -1.5756 6.0718
vt -1.5756 6.4518
vt -1.4016 6.4518
vt -1.4039 6.8368
vt -1.6456 6.8368
vt -1.6456 7.2868
vt -1.4039 7.2868
vt -1.3677 6.8368
vt -1.6095 6.8368
vt -1.6095 7.2868
vt -1.3677 7.2868
vt -1.4377 6.8718
vt -1.6118 6.8718
vt -1.6118 7.2518
vt -1.4377 7.2518
vt -1.4016 6.8718
vt -1.5756 6.8718
vt -1.5756 7.2518
vt -1.4016 7.2518
vt -2.3031 6.0368
vt -2.5448 6.0368
vt -2.5448 6.4868
vt -2.3031 6.4868
vt -2.2669 6.0368
vt -2.5087 6.0368
vt -2.5087 6.4868
vt -2.2669 6.4868
vt -2.3369 6.0718
vt -2.5109 6.0718
vt -2.5109 6.4518
vt -2.3369 6.4518
vt -2.3008 6.0718
vt -2.4749 6.0718
vt -2.4749 6.4518
vt -2.3008 6.4518
vt -2.3031 6.8368
vt -2.5448 6.8368
vt -2.5448 7.2868
vt -2.3031 7.2868
vt -2.2669 6.8368
vt -2.5087 6.8368
vt -2.5087 7.2868
vt -2.2669 7.2868
vt -2.3369 6.8718
vt -2.5109 6.8718
vt -2.5109 7.2518
vt -2.3369 7.2518
vt -2.3008 6.8718
vt -2.4749 6.8718
vt -2.4749 7.2518
vt -2.3008 7.2518
vt -3.3734 6.8368
vt -3.6314 6.8368
vt -3.6314 7.1618
vt -3.5669 7.2701
vt -3.4379 7.2701
vt -3.3734 7.1618
vt -3.4072 6.8368
vt -3.6652 6.8368
vt -3.6652 7.1618
vt -3.6007 7.2701
vt -3.4717 7.2701
vt -3.4072 7.1618
vt -3.4095 6.8718
vt -3.5953 6.8718
vt -3.5953 7.1618
vt -3.5488 7.2397
vt -3.4559 7.2397
vt -3.4095 7.1618
vt -3.4433 6.8718
vt -3.6291 6.8718
vt -3.6291 7.1618
vt -3.5827 7.2397
vt -3.4898 7.2397
vt -3.4433 7.1618
vt -3.3476 5.8118
vt -3.6572 5.8118
vt -3.6572 6.3868
vt -3.3476 6.3868
vt -3.3959 5.8118
vt -3.7056 5.8118
vt -3.7056 6.3868
vt -3.3959 6.3868
vt -3.3940 5.8568
vt -3.6107 5.8568
vt -3.6107 6.3418
vt -3.3940 6.3418
vt -3.4424 5.8568
vt -3.6591 5.8568
vt -3.6591 6.3418
vt -3.4424 6.3418
vt -3.2960 5.8018
vt -3.7088 5.8018
vt -3.7717 5.8018
vt -3.3588 5.8018
vt -3.2960 5.8418
vt -3.7088 5.8418
vt -3.7717 5.8418
vt -3.3588 5.8418
vt -3.6284 6.0368
vt -3.3867 6.0368
vt -3.3867 6.4868
vt -3.6284 6.4868
vt -3.6645 6.0368
vt -3.4228 6.0368
vt -3.4228 6.4868
vt -3.6645 6.4868
vt -3.5946 6.0718
vt -3.4206 6.0718
vt -3.4206 6.4518
vt -3.5946 6.4518
vt -3.6307 6.0718
vt -3.4567 6.0718
vt -3.4567 6.4518
vt -3.6307 6.4518
vt -3.6284 6.8368
vt -3.3867 6.8368
vt -3.3867 7.2868
vt -3.6284 7.2868
vt -3.6645 6.8368
vt -3.4228 6.8368
vt -3.4228 7.2868
vt -3.6645 7.2868
vt -3.5946 6.8718
vt -3.4206 6.8718
vt -3.4206 7.2518
vt -3.5946 7.2518
vt -3.6307 6.8718
vt -3.4567 6.8718
vt -3.4567 7.2518
vt -3.6307 7.2518
vt -2.7293 6.0368
vt -2.4875 6.0368
vt -2.4875 6.4868
vt -2.7293 6.4868
vt -2.7653 6.0368
vt -2.5236 6.0368
vt -2.5236 6.4868
vt -2.7653 6.4868
vt -2.6954 6.0718
vt -2.5214 6.0718
vt -2.5214 6.4518
vt -2.6954 6.4518
vt -2.7315 6.0718
vt -2.5575 6.0718
vt -2.5575 6.4518
vt -2.7315 6.4518
vt -2.7293 6.8368
vt -2.4875 6.8368
vt -2.4875 7.2868
vt -2.7293 7.2868
vt -2.7653 6.8368
vt -2.5236 6.8368
vt -2.5236 7.2868
vt -2.7653 7.2868
vt -2.6954 6.8718
vt -2.5214 6.8718
vt -2.5214 7.2518
vt -2.6954 7.2518
vt -2.7315 6.8718
vt -2.5575 6.8718
vt -2.5575 7.2518
vt -2.7315 7.2518
vt -2.0727 8.1368
vt -0.9581 8.1368
vt -2.9596 8.1368
vt -4.0742 8.1368
vt -2.0727 8.1718
vt -0.9581 8.1718
vt -2.9596 8.1718
vt -4.0742 8.1718
vt -2.0708 8.1368
vt -1.0181 8.1368
vt -2.9615 8.1368
vt -4.0142 8.1368
vt -2.0708 8.1718
vt -1.0181 8.1718
vt -2.9615 8.1718
vt -4.0142 8.1718
vt -2.0743 8.0818
vt -0.9082 8.0818
vt -2.9580 8.0818
vt -4.1242 8.0818
vt -2.0743 8.1518
vt -0.9082 8.1518
vt -2.9580 8.1518
vt -4.1242 8.1518
vt -2.0708 8.0818
vt -1.0181 8.0818
vt -2.9615 8.0818
vt -4.0142 8.0818
vt -2.0708 8.1518
vt -1.0181 8.1518
vt -2.9615 8.1518
vt -4.0142 8.1518
vt -2.0734 8.2268
vt -0.9381 8.2268
vt -2.9589 8.2268
vt -4.0942 8.2268
vt -2.0734 8.4018
vt -0.9381 8.4018
vt -2.9589 8.4018
vt -4.0942 8.4018
vt -2.0649 8.2268
vt -1.1980 8.2268
vt -2.9674 8.2268
vt -3.8343 8.2268
vt -2.0649 8.4018
vt -1.1980 8.4018
vt -2.9674 8.4018
vt -3.8343 8.4018
vt -2.2642 5.8743
vt -2.0708 5.8743
vt -2.0966 5.8743
vt -2.2899 5.8743
vt -2.2642 6.0118
vt -2.0708 6.0118
vt -2.0966 6.0118
vt -2.2899 6.0118
vt -2.0708 6.0543
vt -1.9263 6.0543
vt -1.9021 6.0543
vt -2.0466 6.0543
vt -2.0708 6.1918
vt -1.9263 6.1918
vt -1.9021 6.1918
vt -2.0466 6.1918
vt -2.2642 6.2343
vt -2.0708 6.2343
vt -2.0966 6.2343
vt -2.2899 6.2343
vt -2.2642 6.3718
vt -2.0708 6.3718
vt -2.0966 6.3718
vt -2.2899 6.3718
vt -2.0708 6.4143
vt -1.9263 6.4143
vt -1.9021 6.4143
vt -2.0466 6.4143
vt -2.0708 6.5518
vt -1.9263 6.5518
vt -1.9021 6.5518
vt -2.0466 6.5518
vt -2.7682 5.8743
vt -2.9615 5.8743
vt -2.9358 5.8743
vt -2.7423 5.8743
vt -2.7682 6.0118
vt -2.9615 6.0118
vt -2.9358 6.0118
vt -2.7423 6.0118
vt -2.9615 6.0543
vt -3.1060 6.0543
vt -3.1302 6.0543
vt -2.9857 6.0543
vt -2.9615 6.1918
vt -3.1060 6.1918
vt -3.1302 6.1918
vt -2.9857 6.1918
vt -2.7682 6.2343
vt -2.9615 6.2343
vt -2.9358 6.2343
vt -2.7423 6.2343
vt -2.7682 6.3718
vt -2.9615 6.3718
vt -2.9358 6.3718
vt -2.7423 6.3718
vt -2.9615 6.4143
vt -3.1060 6.4143
vt -3.1302 6.4143
vt -2.9857 6.4143
vt -2.9615 6.5518
vt -3.1060 6.5518
vt -3.1302 6.5518
vt -2.9857 6.5518
vt -1.2245 5.8743
vt -1.0181 5.8743
vt -0.9939 5.8743
vt -1.2003 5.8743
vt -1.2245 6.0118
vt -1.0181 6.0118
vt -0.9939 6.0118
vt -1.2003 6.0118
vt -1.0181 6.0543
vt -1.1534 6.0543
vt -1.1276 6.0543
vt -0.9923 6.0543
vt -1.0181 6.1918
vt -1.1534 6.1918
vt -1.1276 6.1918
vt -0.9923 6.1918
vt -1.2245 6.2343
vt -1.0181 6.2343
vt -0.9939 6.2343
vt -1.2003 6.2343
vt -1.2245 6.3718
vt -1.0181 6.3718
vt -0.9939 6.3718
vt -1.2003 6.3718
vt -1.0181 6.4143
vt -1.1534 6.4143
vt -1.1276 6.4143
vt -0.9923 6.4143
vt -1.0181 6.5518
vt -1.1534 6.5518
vt -1.1276 6.5518
vt -0.9923 6.5518
vt -3.8078 5.8743
vt -4.0142 5.8743
vt -4.0384 5.8743
vt -3.8320 5.8743
vt -3.8078 6.0118
vt -4.0142 6.0118
vt -4.0384 6.0118
vt -3.8320 6.0118
vt -4.0142 6.0543
vt -3.8789 6.0543
vt -3.9047 6.0543
vt -4.0400 6.0543
vt -4.0142 6.1918
vt -3.8789 6.1918
vt -3.9047 6.1918
vt -4.0400 6.1918
vt -3.8078 6.2343
vt -4.0142 6.2343
vt -4.0384 6.2343
vt -3.8320 6.2343
vt -3.8078 6.3718
vt -4.0142 6.3718
vt -4.0384 6.3718
vt -3.8320 6.3718
vt -4.0142 6.4143
vt -3.8789 6.4143
vt -3.9047 6.4143
vt -4.0400 6.4143
vt -4.0142 6.5518
vt -3.8789 6.5518
vt -3.9047 6.5518
vt -4.0400 6.5518
vt 7.1713 5.4813
vt 8.7603 5.4813
vt 9.9293 5.4813
vt 8.3403 5.4813
vt 7.1713 7.0813
vt 8.7603 7.0813
vt 9.9293 7.0813
vt 8.3403 7.0813
vt 7.3479 5.7063
vt 7.4938 5.7063
vt 7.4938 6.1563
vt 7.3479 6.1563
vt 7.3028 5.7063
vt 7.4487 5.7063
vt 7.4487 6.1563
vt 7.3028 6.1563
vt 7.3683 5.7413
vt 7.4733 5.7413
vt 7.4733 6.1213
vt 7.3683 6.1213
vt 7.3232 5.7413
vt 7.4282 5.7413
vt 7.4282 6.1213
vt 7.3232 6.1213
vt 7.8542 5.7063
vt 8.0001 5.7063
vt 8.0001 6.1563
vt 7.8542 6.1563
vt 7.8091 5.7063
vt 7.9550 5.7063
vt 7.9550 6.1563
vt 7.8091 6.1563
vt 7.8746 5.7413
vt 7.9797 5.7413
vt 7.9797 6.1213
vt 7.8746 6.1213
vt 7.8295 5.7413
vt 7.9346 5.7413
vt 7.9346 6.1213
vt 7.8295 6.1213
vt 8.3605 5.7063
vt 8.5064 5.7063
vt 8.5064 6.1563
vt 8.3605 6.1563
vt 8.3154 5.7063
vt 8.4613 5.7063
vt 8.4613 6.1563
vt 8.3154 6.1563
vt 8.3809 5.7413
vt 8.4860 5.7413
vt 8.4860 6.1213
vt 8.3809 6.1213
vt 8.3359 5.7413
vt 8.4409 5.7413
vt 8.4409 6.1213
vt 8.3359 6.1213
vt 9.2012 5.7063
vt 9.5233 5.7063
vt 9.5233 6.1563
vt 9.2012 6.1563
vt 9.2217 5.7063
vt 9.5437 5.7063
vt 9.5437 6.1563
vt 9.2217 6.1563
vt 9.2463 5.7413
vt 9.4782 5.7413
vt 9.4782 6.1213
vt 9.2463 6.1213
vt 9.2668 5.7413
vt 9.4986 5.7413
vt 9.4986 6.1213
vt 9.2668 6.1213
vt 9.7527 5.7063
vt 9.6068 5.7063
vt 9.6068 6.1563
vt 9.7527 6.1563
vt 9.7978 5.7063
vt 9.6519 5.7063
vt 9.6519 6.1563
vt 9.7978 6.1563
vt 9.7323 5.7413
vt 9.6272 5.7413
vt 9.6272 6.1213
vt 9.7323 6.1213
vt 9.7774 5.7413
vt 9.6723 5.7413
vt 9.6723 6.1213
vt 9.7774 6.1213
vt 8.7401 5.7063
vt 8.5942 5.7063
vt 8.5942 6.1563
vt 8.7401 6.1563
vt 8.7851 5.7063
vt 8.6392 5.7063
vt 8.6392 6.1563
vt 8.7851 6.1563
vt 8.7197 5.7413
vt 8.6146 5.7413
vt 8.6146 6.1213
vt 8.7197 6.1213
vt 8.7647 5.7413
vt 8.6597 5.7413
vt 8.6597 6.1213
vt 8.7647 6.1213
vt 9.2610 5.4813
vt 9.0859 5.4813
vt 9.0859 5.9063
vt 9.1296 6.0363
vt 9.2172 6.0363
vt 9.2610 5.9063
vt 9.3254 5.4813
vt 9.1503 5.4813
vt 9.1503 5.9063
vt 9.1940 6.0363
vt 9.2816 6.0363
vt 9.3254 5.9063
vt 9.2347 5.5263
vt 9.1122 5.5263
vt 9.1122 5.9063
vt 9.1428 5.9973
vt 9.2041 5.9973
vt 9.2347 5.9063
vt 9.2991 5.5263
vt 9.1766 5.5263
vt 9.1766 5.9063
vt 9.2072 5.9973
vt 9.2685 5.9973
vt 9.2991 5.9063
vt 9.2902 5.4714
vt 9.0567 5.4714
vt 9.1404 5.4714
vt 9.3739 5.4714
vt 9.2902 5.5114
vt 9.0567 5.5114
vt 9.1404 5.5114
vt 9.3739 5.5114
vt 7.8993 5.7063
vt 7.5772 5.7063
vt 7.5772 6.1563
vt 7.8993 6.1563
vt 7.8789 5.7063
vt 7.5568 5.7063
vt 7.5568 6.1563
vt 7.8789 6.1563
vt 7.8542 5.7413
vt 7.6223 5.7413
vt 7.6223 6.1213
vt 7.8542 6.1213
vt 7.8338 5.7413
vt 7.6019 5.7413
vt 7.6019 6.1213
vt 7.8338 6.1213
vt 7.0870 7.0064
vt 8.7285 7.0064
vt 10.0135 7.0064
vt 8.3720 7.0064
vt 7.0870 7.0413
vt 8.7285 7.0413
vt 10.0135 7.0413
vt 8.3720 7.0413
vt 7.1432 7.0064
vt 8.7497 7.0064
vt 9.9573 7.0064
vt 8.3509 7.0064
vt 7.1432 7.0413
vt 8.7497 7.0413
vt 9.9573 7.0413
vt 8.3509 7.0413
vt 7.0402 6.9513
vt 8.7110 6.9513
vt 10.0603 6.9513
vt 8.3896 6.9513
vt 7.0402 7.0213
vt 8.7110 7.0213
vt 10.0603 7.0213
vt 8.3896 7.0213
vt 7.1432 6.9513
vt 8.7497 6.9513
vt 9.9573 6.9513
vt 8.3509 6.9513
vt 7.1432 7.0213
vt 8.7497 7.0213
vt 9.9573 7.0213
vt 8.3509 7.0213
vt 7.0683 7.0964
vt 8.7215 7.0964
vt 10.0322 7.0964
vt 8.3791 7.0964
vt 7.0683 7.2713
vt 8.7215 7.2713
vt 10.0322 7.2713
vt 8.3791 7.2713
vt 7.3117 7.0964
vt 8.8131 7.0964
vt 9.7889 7.0964
vt 8.2874 7.0964
vt 7.3117 7.2713
vt 8.8131 7.2713
vt 9.7889 7.2713
vt 8.2874 7.2713
vt 8.6330 5.5438
vt 8.7497 5.5438
vt 8.7175 5.5438
vt 8.6008 5.5438
vt 8.6330 5.6814
vt 8.7497 5.6814
vt 8.7175 5.6814
vt 8.6008 5.6814
vt 8.7497 5.7238
vt 8.9301 5.7238
vt 8.9447 5.7238
vt 8.7643 5.7238
vt 8.7497 5.8613
vt 8.9301 5.8613
vt 8.9447 5.8613
vt 8.7643 5.8613
vt 8.6330 5.9039
vt 8.7497 5.9039
vt 8.7175 5.9039
vt 8.6008 5.9039
vt 8.6330 6.0413
vt 8.7497 6.0413
vt 8.7175 6.0413
vt 8.6008 6.0413
vt 8.7497 6.0838
vt 8.9301 6.0838
vt 8.9447 6.0838
vt 8.7643 6.0838
vt 8.7497 6.2214
vt 8.9301 6.2214
vt 8.9447 6.2214
vt 8.7643 6.2214
vt 8.4676 5.5438
vt 8.3509 5.5438
vt 8.3831 5.5438
vt 8.4998 5.5438
vt 8.4676 5.6814
vt 8.3509 5.6814
vt 8.3831 5.6814
vt 8.4998 5.6814
vt 8.3509 5.7238
vt 8.1705 5.7238
vt 8.1559 5.7238
vt 8.3363 5.7238
vt 8.3509 5.8613
vt 8.1705 5.8613
vt 8.1559 5.8613
vt 8.3363 5.8613
vt 8.4676 5.9039
vt 8.3509 5.9039
vt 8.3831 5.9039
vt 8.4998 5.9039
vt 8.4676 6.0413
vt 8.3509 6.0413
vt 8.3831 6.0413
vt 8.4998 6.0413
vt 8.3509 6.0838
vt 8.1705 6.0838
vt 8.1559 6.0838
vt 8.3363 6.0838
vt 8.3509 6.2214
vt 8.1705 6.2214
vt 8.1559 6.2214
vt 8.3363 6.2214
vt 7.4008 5.5438
vt 7.1432 5.5438
vt 7.1286 5.5438
vt 7.3863 5.5438
vt 7.4008 5.6814
vt 7.1432 5.6814
vt 7.1286 5.6814
vt 7.3863 5.6814
vt 7.1432 5.7238
vt 7.2249 5.7238
vt 7.1927 5.7238
vt 7.1110 5.7238
vt 7.1432 5.8613
vt 7.2249 5.8613
vt 7.1927 5.8613
vt 7.1110 5.8613
vt 7.4008 5.9039
vt 7.1432 5.9039
vt 7.1286 5.9039
vt 7.3863 5.9039
vt 7.4008 6.0413
vt 7.1432 6.0413
vt 7.1286 6.0413
vt 7.3863 6.0413
vt 7.1432 6.0838
vt 7.2249 6.0838
vt 7.1927 6.0838
vt 7.1110 6.0838
vt 7.1432 6.2214
vt 7.2249 6.2214
vt 7.1927 6.2214
vt 7.1110 6.2214
vt 9.6997 5.5438
vt 9.9573 5.5438
vt 9.9719 5.5438
vt 9.7143 5.5438
vt 9.6997 5.6814
vt 9.9573 5.6814
vt 9.9719 5.6814
vt 9.7143 5.6814
vt 9.9573 5.7238
vt 9.8757 5.7238
vt 9.9078 5.7238
vt 9.9895 5.7238
vt 9.9573 5.8613
vt 9.8757 5.8613
vt 9.9078 5.8613
vt 9.9895 5.8613
vt 9.6997 5.9039
vt 9.9573 5.9039
vt 9.9719 5.9039
vt 9.7143 5.9039
vt 9.6997 6.0413
vt 9.9573 6.0413
vt 9.9719 6.0413
vt 9.7143 6.0413
vt 9.9573 6.0838
vt 9.8757 6.0838
vt 9.9078 6.0838
vt 9.9895 6.0838
vt 9.9573 6.2214
vt 9.8757 6.2214
vt 9.9078 6.2214
vt 9.9895 6.2214
vt 1.2053 5.6081
vt 3.3067 5.6081
vt 4.3945 5.6081
vt 2.2931 5.6081
vt 1.2053 8.0081
vt 3.3067 8.0081
vt 4.3945 8.0081
vt 2.2931 8.0081
vt 1.4517 5.8331
vt 1.6550 5.8331
vt 1.6550 6.2831
vt 1.4517 6.2831
vt 1.4112 5.8331
vt 1.6144 5.8331
vt 1.6144 6.2831
vt 1.4112 6.2831
vt 1.4802 5.8681
vt 1.6265 5.8681
vt 1.6265 6.2481
vt 1.4802 6.2481
vt 1.4397 5.8681
vt 1.5860 5.8681
vt 1.5860 6.2481
vt 1.4397 6.2481
vt 1.4517 6.6331
vt 1.6550 6.6331
vt 1.6550 7.0831
vt 1.4517 7.0831
vt 1.4112 6.6331
vt 1.6144 6.6331
vt 1.6144 7.0831
vt 1.4112 7.0831
vt 1.4802 6.6681
vt 1.6265 6.6681
vt 1.6265 7.0481
vt 1.4802 7.0481
vt 1.4397 6.6681
vt 1.5860 6.6681
vt 1.5860 7.0481
vt 1.4397 7.0481
vt 2.1197 5.8331
vt 2.3229 5.8331
vt 2.3229 6.2831
vt 2.1197 6.2831
vt 2.0792 5.8331
vt 2.2824 5.8331
vt 2.2824 6.2831
vt 2.0792 6.2831
vt 2.1482 5.8681
vt 2.2944 5.8681
vt 2.2944 6.2481
vt 2.1482 6.2481
vt 2.1076 5.8681
vt 2.2540 5.8681
vt 2.2540 6.2481
vt 2.1076 6.2481
vt 2.1197 6.6331
vt 2.3229 6.6331
vt 2.3229 7.0831
vt 2.1197 7.0831
vt 2.0792 6.6331
vt 2.2824 6.6331
vt 2.2824 7.0831
vt 2.0792 7.0831
vt 2.1482 6.6681
vt 2.2944 6.6681
vt 2.2944 7.0481
vt 2.1482 7.0481
vt 2.1076 6.6681
vt 2.2540 6.6681
vt 2.2540 7.0481
vt 2.1076 7.0481
vt 2.7876 5.8331
vt 2.9909 5.8331
vt 2.9909 6.2831
vt 2.7876 6.2831
vt 2.7471 5.8331
vt 2.9503 5.8331
vt 2.9503 6.2831
vt 2.7471 6.2831
vt 2.8160 5.8681
vt 2.9624 5.8681
vt 2.9624 6.2481
vt 2.8160 6.2481
vt 2.7755 5.8681
vt 2.9219 5.8681
vt 2.9219 6.2481
vt 2.7755 6.2481
vt 2.7876 6.6331
vt 2.9909 6.6331
vt 2.9909 7.0831
vt 2.7876 7.0831
vt 2.7471 6.6331
vt 2.9503 6.6331
vt 2.9503 7.0831
vt 2.7471 7.0831
vt 2.8160 6.6681
vt 2.9624 6.6681
vt 2.9624 7.0481
vt 2.8160 7.0481
vt 2.7755 6.6681
vt 2.9219 6.6681
vt 2.9219 7.0481
vt 2.7755 7.0481
vt 3.7303 5.8331
vt 4.0196 5.8331
vt 4.0196 6.2831
vt 3.7303 6.2831
vt 3.7588 5.8331
vt 4.0481 5.8331
vt 4.0481 6.2831
vt 3.7588 6.2831
vt 3.7708 5.8681
vt 3.9791 5.8681
vt 3.9791 6.2481
vt 3.7708 6.2481
vt 3.7993 5.8681
vt 4.0076 5.8681
vt 4.0076 6.2481
vt 3.7993 6.2481
vt 3.7303 6.6331
vt 4.0196 6.6331
vt 4.0196 7.0831
vt 3.7303 7.0831
vt 3.7588 6.6331
vt 4.0481 6.6331
vt 4.0481 7.0831
vt 3.7588 7.0831
vt 3.7708 6.6681
vt 3.9791 6.6681
vt 3.9791 7.0481
vt 3.7708 7.0481
vt 3.7993 6.6681
vt 4.0076 6.6681
vt 4.0076 7.0481
vt 3.7993 7.0481
vt 4.1481 5.8331
vt 3.9449 5.8331
vt 3.9449 6.2831
vt 4.1481 6.2831
vt 4.1886 5.8331
vt 3.9853 5.8331
vt 3.9853 6.2831
vt 4.1886 6.2831
vt 4.1196 5.8681
vt 3.9733 5.8681
vt 3.9733 6.2481
vt 4.1196 6.2481
vt 4.1601 5.8681
vt 4.0138 5.8681
vt 4.0138 6.2481
vt 4.1601 6.2481
vt 4.1481 6.6331
vt 3.9449 6.6331
vt 3.9449 7.0831
vt 4.1481 7.0831
vt 4.1886 6.6331
vt 3.9853 6.6331
vt 3.9853 7.0831
vt 4.1886 7.0831
vt 4.1196 6.6681
vt 3.9733 6.6681
vt 3.9733 7.0481
vt 4.1196 7.0481
vt 4.1601 6.6681
vt 4.0138 6.6681
vt 4.0138 7.0481
vt 4.1601 7.0481
vt 3.4802 6.6331
vt 3.2769 6.6331
vt 3.2769 7.0831
vt 3.4802 7.0831
vt 3.5206 6.6331
vt 3.3174 6.6331
vt 3.3174 7.0831
vt 3.5206 7.0831
vt 3.4517 6.6681
vt 3.3053 6.6681
vt 3.3053 7.0481
vt 3.4517 7.0481
vt 3.4922 6.6681
vt 3.3459 6.6681
vt 3.3459 7.0481
vt 3.4922 7.0481
vt 2.8122 5.8331
vt 2.6090 5.8331
vt 2.6090 6.2831
vt 2.8122 6.2831
vt 2.8527 5.8331
vt 2.6495 5.8331
vt 2.6495 6.2831
vt 2.8527 6.2831
vt 2.7837 5.8681
vt 2.6374 5.8681
vt 2.6374 6.2481
vt 2.7837 6.2481
vt 2.8243 5.8681
vt 2.6779 5.8681
vt 2.6779 6.2481
vt 2.8243 6.2481
vt 2.8122 6.6331
vt 2.6090 6.6331
vt 2.6090 7.0831
vt 2.8122 7.0831
vt 2.8527 6.6331
vt 2.6495 6.6331
vt 2.6495 7.0831
vt 2.8527 7.0831
vt 2.7837 6.6681
vt 2.6374 6.6681
vt 2.6374 7.0481
vt 2.7837 7.0481
vt 2.8243 6.6681
vt 2.6779 6.6681
vt 2.6779 7.0481
vt 2.8243 7.0481
vt 3.5005 5.6081
vt 3.2566 5.6081
vt 3.2566 6.0331
vt 3.3175 6.1630
vt 3.4395 6.1630
vt 3.5005 6.0331
vt 3.5583 5.6081
vt 3.3145 5.6081
vt 3.3145 6.0331
vt 3.3754 6.1630
vt 3.4974 6.1630
vt 3.5583 6.0331
vt 3.4639 5.6531
vt 3.2932 5.6531
vt 3.2932 6.0331
vt 3.3358 6.1241
vt 3.4212 6.1241
vt 3.4639 6.0331
vt 3.5217 5.6531
vt 3.3510 5.6531
vt 3.3510 6.0331
vt 3.3937 6.1241
vt 3.4790 6.1241
vt 3.5217 6.0331
vt 3.5411 5.5981
vt 3.2159 5.5981
vt 3.2912 5.5981
vt 3.6163 5.5981
vt 3.5411 5.6381
vt 3.2159 5.6381
vt 3.2912 5.6381
vt 3.6163 5.6381
vt 1.8695 5.8331
vt 1.5802 5.8331
vt 1.5802 6.2831
vt 1.8695 6.2831
vt 1.8410 5.8331
vt 1.5517 5.8331
vt 1.5517 6.2831
vt 1.8410 6.2831
vt 1.8290 5.8681
vt 1.6207 5.8681
vt 1.6207 6.2481
vt 1.8290 6.2481
vt 1.8005 5.8681
vt 1.5923 5.8681
vt 1.5923 6.2481
vt 1.8005 6.2481
vt 1.8695 6.6331
vt 1.5802 6.6331
vt 1.5802 7.0831
vt 1.8695 7.0831
vt 1.8410 6.6331
vt 1.5517 6.6331
vt 1.5517 7.0831
vt 1.8410 7.0831
vt 1.8290 6.6681
vt 1.6207 6.6681
vt 1.6207 7.0481
vt 1.8290 7.0481
vt 1.8005 6.6681
vt 1.5923 6.6681
vt 1.5923 7.0481
vt 1.8005 7.0481
vt 1.1167 7.9331
vt 3.2912 7.9331
vt 4.4832 7.9331
vt 2.3086 7.9331
vt 1.1167 7.9681
vt 3.2912 7.9681
vt 4.4832 7.9681
vt 2.3086 7.9681
vt 1.1758 7.9331
vt 3.3015 7.9331
vt 4.4240 7.9331
vt 2.2983 7.9331
vt 1.1758 7.9681
vt 3.3015 7.9681
vt 4.4240 7.9681
vt 2.2983 7.9681
vt 1.0674 7.8781
vt 3.2826 7.8781
vt 4.5324 7.8781
vt 2.3173 7.8781
vt 1.0674 7.9481
vt 3.2826 7.9481
vt 4.5324 7.9481
vt 2.3173 7.9481
vt 1.1758 7.8781
vt 3.3015 7.8781
vt 4.4240 7.8781
vt 2.2983 7.8781
vt 1.1758 7.9481
vt 3.3015 7.9481
vt 4.4240 7.9481
vt 2.2983 7.9481
vt 1.0970 8.0231
vt 3.2878 8.0231
vt 4.5028 8.0231
vt 2.3120 8.0231
vt 1.0970 8.1981
vt 3.2878 8.1981
vt 4.5028 8.1981
vt 2.3120 8.1981
vt 1.3531 8.0231
vt 3.3325 8.0231
vt 4.2467 8.0231
vt 2.2673 8.0231
vt 1.3531 8.1981
vt 3.3325 8.1981
vt 4.2467 8.1981
vt 2.2673 8.1981
vt 1.4072 5.6706
vt 1.1758 5.6706
vt 1.1555 5.6706
vt 1.3869 5.6706
vt 1.4072 5.8081
vt 1.1758 5.8081
vt 1.1555 5.8081
vt 1.3869 5.8081
vt 1.1758 5.8506
vt 1.2896 5.8506
vt 1.2606 5.8506
vt 1.1469 5.8506
vt 1.1758 5.9881
vt 1.2896 5.9881
vt 1.2606 5.9881
vt 1.1469 5.9881
vt 1.4072 6.0306
vt 1.1758 6.0306
vt 1.1555 6.0306
vt 1.3869 6.0306
vt 1.4072 6.1681
vt 1.1758 6.1681
vt 1.1555 6.1681
vt 1.3869 6.1681
vt 1.1758 6.2106
vt 1.2896 6.2106
vt 1.2606 6.2106
vt 1.1469 6.2106
vt 1.1758 6.3481
vt 1.2896 6.3481
vt 1.2606 6.3481
vt 1.1469 6.3481
vt 3.1389 5.6706
vt 3.3015 5.6706
vt 3.2726 5.6706
vt 3.1100 5.6706
vt 3.1389 5.8081
vt 3.3015 5.8081
vt 3.2726 5.8081
vt 3.1100 5.8081
vt 3.3015 5.8506
vt 3.4635 5.8506
vt 3.4839 5.8506
vt 3.3218 5.8506
vt 3.3015 5.9881
vt 3.4635 5.9881
vt 3.4839 5.9881
vt 3.3218 5.9881
vt 3.1389 6.0306
vt 3.3015 6.0306
vt 3.2726 6.0306
vt 3.1100 6.0306
vt 3.1389 6.1681
vt 3.3015 6.1681
vt 3.2726 6.1681
vt 3.1100 6.1681
vt 3.3015 6.2106
vt 3.4635 6.2106
vt 3.4839 6.2106
vt 3.3218 6.2106
vt 3.3015 6.3481
vt 3.4635 6.3481
vt 3.4839 6.3481
vt 3.3218 6.3481
vt 4.1926 5.6706
vt 4.4240 5.6706
vt 4.4444 5.6706
vt 4.2129 5.6706
vt 4.1926 5.8081
vt 4.4240 5.8081
vt 4.4444 5.8081
vt 4.2129 5.8081
vt 4.4240 5.8506
vt 4.3102 5.8506
vt 4.3392 5.8506
vt 4.4530 5.8506
vt 4.4240 5.9881
vt 4.3102 5.9881
vt 4.3392 5.9881
vt 4.4530 5.9881
vt 4.1926 6.0306
vt 4.4240 6.0306
vt 4.4444 6.0306
vt 4.2129 6.0306
vt 4.1926 6.1681
vt 4.4240 6.1681
vt 4.4444 6.1681
vt 4.2129 6.1681
vt 4.4240 6.2106
vt 4.3102 6.2106
vt 4.3392 6.2106
vt 4.4530 6.2106
vt 4.4240 6.3481
vt 4.3102 6.3481
vt 4.3392 6.3481
vt 4.4530 6.3481
vt 2.4609 5.6706
vt 2.2983 5.6706
vt 2.3272 5.6706
vt 2.4898 5.6706
vt 2.4609 5.8081
vt 2.2983 5.8081
vt 2.3272 5.8081
vt 2.4898 5.8081
vt 2.2983 5.8506
vt 2.1363 5.8506
vt 2.1160 5.8506
vt 2.2780 5.8506
vt 2.2983 5.9881
vt 2.1363 5.9881
vt 2.1160 5.9881
vt 2.2780 5.9881
vt 2.4609 6.0306
vt 2.2983 6.0306
vt 2.3272 6.0306
vt 2.4898 6.0306
vt 2.4609 6.1681
vt 2.2983 6.1681
vt 2.3272 6.1681
vt 2.4898 6.1681
vt 2.2983 6.2106
vt 2.1363 6.2106
vt 2.1160 6.2106
vt 2.2780 6.2106
vt 2.2983 6.3481
vt 2.1363 6.3481
vt 2.1160 6.3481
vt 2.2780 6.3481
vt -2.2581 5.5502
vt -3.1672 5.5502
vt -0.9847 5.5502
vt -0.0757 5.5502
vt -2.2581 7.1502
vt -3.1672 7.1502
vt -0.9847 7.1502
vt -0.0757 7.1502
vt -2.6227 5.7752
vt -2.8645 5.7752
vt -2.8645 6.2252
vt -2.6227 6.2252
vt -2.6588 5.7752
vt -2.9006 5.7752
vt -2.9006 6.2252
vt -2.6588 6.2252
vt -2.6565 5.8102
vt -2.8306 5.8102
vt -2.8306 6.1902
vt -2.6565 6.1902
vt -2.6927 5.8102
vt -2.8667 5.8102
vt -2.8667 6.1902
vt -2.6927 6.1902
vt -2.7486 5.7752
vt -2.4906 5.7752
vt -2.4906 6.2252
vt -2.7486 6.2252
vt -2.7824 5.7752
vt -2.5244 5.7752
vt -2.5244 6.2252
vt -2.7824 6.2252
vt -2.7125 5.8102
vt -2.5267 5.8102
vt -2.5267 6.1902
vt -2.7125 6.1902
vt -2.7463 5.8102
vt -2.5606 5.8102
vt -2.5606 6.1902
vt -2.7463 6.1902
vt -1.7193 5.7752
vt -1.4613 5.7752
vt -1.4613 6.2252
vt -1.7193 6.2252
vt -1.7531 5.7752
vt -1.4952 5.7752
vt -1.4952 6.2252
vt -1.7531 6.2252
vt -1.6832 5.8102
vt -1.4974 5.8102
vt -1.4974 6.1902
vt -1.6832 6.1902
vt -1.7170 5.8102
vt -1.5313 5.8102
vt -1.5313 6.1902
vt -1.7170 6.1902
vt -0.6443 5.5502
vt -0.3542 5.5502
vt -0.3542 6.1252
vt -0.6443 6.1252
vt -0.5927 5.5502
vt -0.3026 5.5502
vt -0.3026 6.1252
vt -0.5927 6.1252
vt -0.6008 5.5952
vt -0.3977 5.5952
vt -0.3977 6.0802
vt -0.6008 6.0802
vt -0.5492 5.5952
vt -0.3461 5.5952
vt -0.3461 6.0802
vt -0.5492 6.0802
vt -0.6926 5.5402
vt -0.3059 5.5402
vt -0.2387 5.5402
vt -0.6256 5.5402
vt -0.6926 5.5802
vt -0.3059 5.5802
vt -0.2387 5.5802
vt -0.6256 5.5802
vt -0.4943 5.7752
vt -0.7522 5.7752
vt -0.7522 6.2252
vt -0.4943 6.2252
vt -0.4604 5.7752
vt -0.7184 5.7752
vt -0.7184 6.2252
vt -0.4604 6.2252
vt -0.5303 5.8102
vt -0.7161 5.8102
vt -0.7161 6.1902
vt -0.5303 6.1902
vt -0.4965 5.8102
vt -0.6822 5.8102
vt -0.6822 6.1902
vt -0.4965 6.1902
vt -1.5236 5.7752
vt -1.7815 5.7752
vt -1.7815 6.2252
vt -1.5236 6.2252
vt -1.4897 5.7752
vt -1.7476 5.7752
vt -1.7476 6.2252
vt -1.4897 6.2252
vt -1.5597 5.8102
vt -1.7454 5.8102
vt -1.7454 6.1902
vt -1.5597 6.1902
vt -1.5258 5.8102
vt -1.7115 5.8102
vt -1.7115 6.1902
vt -1.5258 6.1902
vt -2.2610 7.0752
vt -3.2571 7.0752
vt -0.9818 7.0752
vt 0.0143 7.0752
vt -2.2610 7.1102
vt -3.2571 7.1102
vt -0.9818 7.1102
vt 0.0143 7.1102
vt -2.2591 7.0752
vt -3.1971 7.0752
vt -0.9838 7.0752
vt -0.0457 7.0752
vt -2.2591 7.1102
vt -3.1971 7.1102
vt -0.9838 7.1102
vt -0.0457 7.1102
vt -2.2626 7.0202
vt -3.3071 7.0202
vt -0.9802 7.0202
vt 0.0643 7.0202
vt -2.2626 7.0902
vt -3.3071 7.0902
vt -0.9802 7.0902
vt 0.0643 7.0902
vt -2.2591 7.0202
vt -3.1971 7.0202
vt -0.9838 7.0202
vt -0.0457 7.0202
vt -2.2591 7.0902
vt -3.1971 7.0902
vt -0.9838 7.0902
vt -0.0457 7.0902
vt -2.2617 7.1652
vt -3.2771 7.1652
vt -0.9811 7.1652
vt 0.0343 7.1652
vt -2.2617 7.3402
vt -3.2771 7.3402
vt -0.9811 7.3402
vt 0.0343 7.3402
vt -2.2532 7.1652
vt -3.0172 7.1652
vt -0.9896 7.1652
vt -0.2256 7.1652
vt -2.2532 7.3402
vt -3.0172 7.3402
vt -0.9896 7.3402
vt -0.2256 7.3402
vt -2.0527 5.6127
vt -2.2591 5.6127
vt -2.2349 5.6127
vt -2.0285 5.6127
vt -2.0527 5.7502
vt -2.2591 5.7502
vt -2.2349 5.7502
vt -2.0285 5.7502
vt -2.2591 5.7927
vt -2.3944 5.7927
vt -2.4202 5.7927
vt -2.2848 5.7927
vt -2.2591 5.9302
vt -2.3944 5.9302
vt -2.4202 5.9302
vt -2.2848 5.9302
vt -2.0527 5.9727
vt -2.2591 5.9727
vt -2.2349 5.9727
vt -2.0285 5.9727
vt -2.0527 6.1102
vt -2.2591 6.1102
vt -2.2349 6.1102
vt -2.0285 6.1102
vt -2.2591 6.1527
vt -2.3944 6.1527
vt -2.4202 6.1527
vt -2.2848 6.1527
vt -2.2591 6.2902
vt -2.3944 6.2902
vt -2.4202 6.2902
vt -2.2848 6.2902
vt -3.0037 5.6127
vt -3.1971 5.6127
vt -3.2229 5.6127
vt -3.0295 5.6127
vt -3.0037 5.7502
vt -3.1971 5.7502
vt -3.2229 5.7502
vt -3.0295 5.7502
vt -3.1971 5.7927
vt -3.0527 5.7927
vt -3.0769 5.7927
vt -3.2213 5.7927
vt -3.1971 5.9302
vt -3.0527 5.9302
vt -3.0769 5.9302
vt -3.2213 5.9302
vt -3.0037 5.9727
vt -3.1971 5.9727
vt -3.2229 5.9727
vt -3.0295 5.9727
vt -3.0037 6.1102
vt -3.1971 6.1102
vt -3.2229 6.1102
vt -3.0295 6.1102
vt -3.1971 6.1527
vt -3.0527 6.1527
vt -3.0769 6.1527
vt -3.2213 6.1527
vt -3.1971 6.2902
vt -3.0527 6.2902
vt -3.0769 6.2902
vt -3.2213 6.2902
vt -1.1901 5.6127
vt -0.9838 5.6127
vt -1.0079 5.6127
vt -1.2143 5.6127
vt -1.1901 5.7502
vt -0.9838 5.7502
vt -1.0079 5.7502
vt -1.2143 5.7502
vt -0.9838 5.7927
vt -0.8484 5.7927
vt -0.8226 5.7927
vt -0.9580 5.7927
vt -0.9838 5.9302
vt -0.8484 5.9302
vt -0.8226 5.9302
vt -0.9580 5.9302
vt -1.1901 5.9727
vt -0.9838 5.9727
vt -1.0079 5.9727
vt -1.2143 5.9727
vt -1.1901 6.1102
vt -0.9838 6.1102
vt -1.0079 6.1102
vt -1.2143 6.1102
vt -0.9838 6.1527
vt -0.8484 6.1527
vt -0.8226 6.1527
vt -0.9580 6.1527
vt -0.9838 6.2902
vt -0.8484 6.2902
vt -0.8226 6.2902
vt -0.9580 6.2902
vt -0.2391 5.6127
vt -0.0457 5.6127
vt -0.0199 5.6127
vt -0.2133 5.6127
vt -0.2391 5.7502
vt -0.0457 5.7502
vt -0.0199 5.7502
vt -0.2133 5.7502
vt -0.0457 5.7927
vt -0.1902 5.7927
vt -0.1660 5.7927
vt -0.0215 5.7927
vt -0.0457 5.9302
vt -0.1902 5.9302
vt -0.1660 5.9302
vt -0.0215 5.9302
vt -0.2391 5.9727
vt -0.0457 5.9727
vt -0.0199 5.9727
vt -0.2133 5.9727
vt -0.2391 6.1102
vt -0.0457 6.1102
vt -0.0199 6.1102
vt -0.2133 6.1102
vt -0.0457 6.1527
vt -0.1902 6.1527
vt -0.1660 6.1527
vt -0.0215 6.1527
vt -0.0457 6.2902
vt -0.1902 6.2902
vt -0.1660 6.2902
vt -0.0215 6.2902
vt 0.7300 5.3077
vt -2.0746 5.3077
vt -1.0427 5.3077
vt 1.7618 5.3077
vt 0.7300 7.7077
vt -2.0746 7.7077
vt -1.0427 7.7077
vt 1.7618 7.7077
vt 0.3138 5.5327
vt 0.0720 5.5327
vt 0.0720 5.9827
vt 0.3138 5.9827
vt 0.2776 5.5327
vt 0.0359 5.5327
vt 0.0359 5.9827
vt 0.2776 5.9827
vt 0.2799 5.5677
vt 0.1058 5.5677
vt 0.1058 5.9477
vt 0.2799 5.9477
vt 0.2438 5.5677
vt 0.0698 5.5677
vt 0.0698 5.9477
vt 0.2438 5.9477
vt 0.3138 6.3327
vt 0.0720 6.3327
vt 0.0720 6.7827
vt 0.3138 6.7827
vt 0.2776 6.3327
vt 0.0359 6.3327
vt 0.0359 6.7827
vt 0.2776 6.7827
vt 0.2799 6.3677
vt 0.1058 6.3677
vt 0.1058 6.7477
vt 0.2799 6.7477
vt 0.2438 6.3677
vt 0.0698 6.3677
vt 0.0698 6.7477
vt 0.2438 6.7477
vt -0.5824 5.5327
vt -0.8242 5.5327
vt -0.8242 5.9827
vt -0.5824 5.9827
vt -0.6185 5.5327
vt -0.8603 5.5327
vt -0.8603 5.9827
vt -0.6185 5.9827
vt -0.6162 5.5677
vt -0.7903 5.5677
vt -0.7903 5.9477
vt -0.6162 5.9477
vt -0.6523 5.5677
vt -0.8264 5.5677
vt -0.8264 5.9477
vt -0.6523 5.9477
vt -0.5824 6.3327
vt -0.8242 6.3327
vt -0.8242 6.6577
vt -0.7637 6.7660
vt -0.6428 6.7660
vt -0.5824 6.6577
vt -0.6185 6.3327
vt -0.8603 6.3327
vt -0.8603 6.6577
vt -0.7998 6.7660
vt -0.6790 6.7660
vt -0.6185 6.6577
vt -0.6162 6.3677
vt -0.7903 6.3677
vt -0.7903 6.6577
vt -0.7468 6.7357
vt -0.6598 6.7357
vt -0.6162 6.6577
vt -0.6523 6.3677
vt -0.8264 6.3677
vt -0.8264 6.6577
vt -0.7829 6.7357
vt -0.6958 6.7357
vt -0.6523 6.6577
vt -1.4785 5.5327
vt -1.7203 5.5327
vt -1.7203 5.9827
vt -1.4785 5.9827
vt -1.5147 5.5327
vt -1.7564 5.5327
vt -1.7564 5.9827
vt -1.5147 5.9827
vt -1.5124 5.5677
vt -1.6864 5.5677
vt -1.6864 5.9477
vt -1.5124 5.9477
vt -1.5485 5.5677
vt -1.7226 5.5677
vt -1.7226 5.9477
vt -1.5485 5.9477
vt -1.4785 6.3327
vt -1.7203 6.3327
vt -1.7203 6.7827
vt -1.4785 6.7827
vt -1.5147 6.3327
vt -1.7564 6.3327
vt -1.7564 6.7827
vt -1.5147 6.7827
vt -1.5124 6.3677
vt -1.6864 6.3677
vt -1.6864 6.7477
vt -1.5124 6.7477
vt -1.5485 6.3677
vt -1.7226 6.3677
vt -1.7226 6.7477
vt -1.5485 6.7477
vt -1.7166 5.5327
vt -1.4586 5.5327
vt -1.4586 5.9827
vt -1.7166 5.9827
vt -1.7505 5.5327
vt -1.4925 5.5327
vt -1.4925 5.9827
vt -1.7505 5.9827
vt -1.6805 5.5677
vt -1.4948 5.5677
vt -1.4948 5.9477
vt -1.6805 5.9477
vt -1.7143 5.5677
vt -1.5286 5.5677
vt -1.5286 5.9477
vt -1.7143 5.9477
vt -1.7166 6.3327
vt -1.4586 6.3327
vt -1.4586 6.7827
vt -1.7166 6.7827
vt -1.7505 6.3327
vt -1.4925 6.3327
vt -1.4925 6.7827
vt -1.7505 6.7827
vt -1.6805 6.3677
vt -1.4948 6.3677
vt -1.4948 6.7477
vt -1.6805 6.7477
vt -1.7143 6.3677
vt -1.5286 6.3677
vt -1.5286 6.7477
vt -1.7143 6.7477
vt -0.6265 5.5327
vt -0.3848 5.5327
vt -0.3848 5.9827
vt -0.6265 5.9827
vt -0.5904 5.5327
vt -0.3486 5.5327
vt -0.3486 5.9827
vt -0.5904 5.9827
vt -0.5926 5.5677
vt -0.4186 5.5677
vt -0.4186 5.9477
vt -0.5926 5.9477
vt -0.5566 5.5677
vt -0.3825 5.5677
vt -0.3825 5.9477
vt -0.5566 5.9477
vt -0.6265 6.3327
vt -0.3848 6.3327
vt -0.3848 6.7827
vt -0.6265 6.7827
vt -0.5904 6.3327
vt -0.3486 6.3327
vt -0.3486 6.7827
vt -0.5904 6.7827
vt -0.5926 6.3677
vt -0.4186 6.3677
vt -0.4186 6.7477
vt -0.5926 6.7477
vt -0.5566 6.3677
vt -0.3825 6.3677
vt -0.3825 6.7477
vt -0.5566 6.7477
vt 0.2696 6.3327
vt 0.5114 6.3327
vt 0.5114 6.6577
vt 0.4510 6.7660
vt 0.3301 6.7660
vt 0.2696 6.6577
vt 0.3058 6.3327
vt 0.5475 6.3327
vt 0.5475 6.6577
vt 0.4871 6.7660
vt 0.3662 6.7660
vt 0.3058 6.6577
vt 0.3035 6.3677
vt 0.4776 6.3677
vt 0.4776 6.6577
vt 0.4341 6.7357
vt 0.3470 6.7357
vt 0.3035 6.6577
vt 0.3396 6.3677
vt 0.5137 6.3677
vt 0.5137 6.6577
vt 0.4701 6.7357
vt 0.3831 6.7357
vt 0.3396 6.6577
vt 1.1658 5.5327
vt 1.4075 5.5327
vt 1.4075 5.9827
vt 1.1658 5.9827
vt 1.2019 5.5327
vt 1.4437 5.5327
vt 1.4437 5.9827
vt 1.2019 5.9827
vt 1.1997 5.5677
vt 1.3737 5.5677
vt 1.3737 5.9477
vt 1.1997 5.9477
vt 1.2358 5.5677
vt 1.4099 5.5677
vt 1.4099 5.9477
vt 1.2358 5.9477
vt 1.1658 6.3327
vt 1.4075 6.3327
vt 1.4075 6.7827
vt 1.1658 6.7827
vt 1.2019 6.3327
vt 1.4437 6.3327
vt 1.4437 6.7827
vt 1.2019 6.7827
vt 1.1997 6.3677
vt 1.3737 6.3677
vt 1.3737 6.7477
vt 1.1997 6.7477
vt 1.2358 6.3677
vt 1.4099 6.3677
vt 1.4099 6.7477
vt 1.2358 6.7477
vt 0.2455 5.3077
vt 0.5356 5.3077
vt 0.5356 5.7327
vt 0.4631 5.8626
vt 0.3180 5.8626
vt 0.2455 5.7327
vt 0.2970 5.3077
vt 0.5872 5.3077
vt 0.5872 5.7327
vt 0.5147 5.8626
vt 0.3696 5.8626
vt 0.2970 5.7327
vt 0.2890 5.3527
vt 0.4921 5.3527
vt 0.4921 5.7327
vt 0.4413 5.8236
vt 0.3398 5.8236
vt 0.2890 5.7327
vt 0.3406 5.3527
vt 0.5436 5.3527
vt 0.5436 5.7327
vt 0.4929 5.8236
vt 0.3914 5.8236
vt 0.3406 5.7327
vt 0.1971 5.2977
vt 0.5839 5.2977
vt 0.6510 5.2977
vt 0.2642 5.2977
vt 0.1971 5.3377
vt 0.5839 5.3377
vt 0.6510 5.3377
vt 0.2642 5.3377
vt 1.4039 5.5327
vt 1.1459 5.5327
vt 1.1459 5.9827
vt 1.4039 5.9827
vt 1.4377 5.5327
vt 1.1798 5.5327
vt 1.1798 5.9827
vt 1.4377 5.9827
vt 1.3677 5.5677
vt 1.1820 5.5677
vt 1.1820 5.9477
vt 1.3677 5.9477
vt 1.4016 5.5677
vt 1.2159 5.5677
vt 1.2159 5.9477
vt 1.4016 5.9477
vt 1.4039 6.3327
vt 1.1459 6.3327
vt 1.1459 6.7827
vt 1.4039 6.7827
vt 1.4377 6.3327
vt 1.1798 6.3327
vt 1.1798 6.7827
vt 1.4377 6.7827
vt 1.3677 6.3677
vt 1.1820 6.3677
vt 1.1820 6.7477
vt 1.3677 6.7477
vt 1.4016 6.3677
vt 1.2159 6.3677
vt 1.2159 6.7477
vt 1.4016 6.7477
vt 0.7270 7.6327
vt -2.1645 7.6327
vt -1.0398 7.6327
vt 1.8518 7.6327
vt 0.7270 7.6677
vt -2.1645 7.6677
vt -1.0398 7.6677
vt 1.8518 7.6677
vt 0.7290 7.6327
vt -2.1045 7.6327
vt -1.0417 7.6327
vt 1.7918 7.6327
vt 0.7290 7.6677
vt -2.1045 7.6677
vt -1.0417 7.6677
vt 1.7918 7.6677
vt 0.7254 7.5777
vt -2.2145 7.5777
vt -1.0382 7.5777
vt 1.9018 7.5777
vt 0.7254 7.6477
vt -2.2145 7.6477
vt -1.0382 7.6477
vt 1.9018 7.6477
vt 0.7290 7.5777
vt -2.1045 7.5777
vt -1.0417 7.5777
vt 1.7918 7.5777
vt 0.7290 7.6477
vt -2.1045 7.6477
vt -1.0417 7.6477
vt 1.7918 7.6477
vt 0.7264 7.7227
vt -2.1845 7.7227
vt -1.0391 7.7227
vt 1.8718 7.7227
vt 0.7264 7.8977
vt -2.1845 7.8977
vt -1.0391 7.8977
vt 1.8718 7.8977
vt 0.7348 7.7227
vt -1.9247 7.7227
vt -1.0476 7.7227
vt 1.6119 7.7227
vt 0.7348 7.8977
vt -1.9247 7.8977
vt -1.0476 7.8977
vt 1.6119 7.8977
vt 0.9353 5.3702
vt 0.7290 5.3702
vt 0.7531 5.3702
vt 0.9595 5.3702
vt 0.9353 5.5077
vt 0.7290 5.5077
vt 0.7531 5.5077
vt 0.9595 5.5077
vt 0.7290 5.5502
vt 0.5936 5.5502
vt 0.5678 5.5502
vt 0.7032 5.5502
vt 0.7290 5.6877
vt 0.5936 5.6877
vt 0.5678 5.6877
vt 0.7032 5.6877
vt 0.9353 5.7302
vt 0.7290 5.7302
vt 0.7531 5.7302
vt 0.9595 5.7302
vt 0.9353 5.8677
vt 0.7290 5.8677
vt 0.7531 5.8677
vt 0.9595 5.8677
vt 0.7290 5.9102
vt 0.5936 5.9102
vt 0.5678 5.9102
vt 0.7032 5.9102
vt 0.7290 6.0477
vt 0.5936 6.0477
vt 0.5678 6.0477
vt 0.7032 6.0477
vt -1.9111 5.3702
vt -2.1045 5.3702
vt -2.1303 5.3702
vt -1.9369 5.3702
vt -1.9111 5.5077
vt -2.1045 5.5077
vt -2.1303 5.5077
vt -1.9369 5.5077
vt -2.1045 5.5502
vt -1.9601 5.5502
vt -1.9843 5.5502
vt -2.1287 5.5502
vt -2.1045 5.6877
vt -1.9601 5.6877
vt -1.9843 5.6877
vt -2.1287 5.6877
vt -1.9111 5.7302
vt -2.1045 5.7302
vt -2.1303 5.7302
vt -1.9369 5.7302
vt -1.9111 5.8677
vt -2.1045 5.8677
vt -2.1303 5.8677
vt -1.9369 5.8677
vt -2.1045 5.9102
vt -1.9601 5.9102
vt -1.9843 5.9102
vt -2.1287 5.9102
vt -2.1045 6.0477
vt -1.9601 6.0477
vt -1.9843 6.0477
vt -2.1287 6.0477
vt -1.2481 5.3702
vt -1.0417 5.3702
vt -1.0659 5.3702
vt -1.2723 5.3702
vt -1.2481 5.5077
vt -1.0417 5.5077
vt -1.0659 5.5077
vt -1.2723 5.5077
vt -1.0417 5.5502
vt -0.9063 5.5502
vt -0.8805 5.5502
vt -1.0159 5.5502
vt -1.0417 5.6877
vt -0.9063 5.6877
vt -0.8805 5.6877
vt -1.0159 5.6877
vt -1.2481 5.7302
vt -1.0417 5.7302
vt -1.0659 5.7302
vt -1.2723 5.7302
vt -1.2481 5.8677
vt -1.0417 5.8677
vt -1.0659 5.8677
vt -1.2723 5.8677
vt -1.0417 5.9102
vt -0.9063 5.9102
vt -0.8805 5.9102
vt -1.0159 5.9102
vt -1.0417 6.0477
vt -0.9063 6.0477
vt -0.8805 6.0477
vt -1.0159 6.0477
vt 1.5984 5.3702
vt 1.7918 5.3702
vt 1.8176 5.3702
vt 1.6242 5.3702
vt 1.5984 5.5077
vt 1.7918 5.5077
vt 1.8176 5.5077
vt 1.6242 5.5077
vt 1.7918 5.5502
vt 1.6473 5.5502
vt 1.6715 5.5502
vt 1.8160 5.5502
vt 1.7918 5.6877
vt 1.6473 5.6877
vt 1.6715 5.6877
vt 1.8160 5.6877
vt 1.5984 5.7302
vt 1.7918 5.7302
vt 1.8176 5.7302
vt 1.6242 5.7302
vt 1.5984 5.8677
vt 1.7918 5.8677
vt 1.8176 5.8677
vt 1.6242 5.8677
vt 1.7918 5.9102
vt 1.6473 5.9102
vt 1.6715 5.9102
vt 1.8160 5.9102
vt 1.7918 6.0477
vt 1.6473 6.0477
vt 1.6715 6.0477
vt 1.8160 6.0477
vt -8.5453 5.7758
vt -7.0901 5.7758
vt -8.6807 5.7758
vt -10.1358 5.7758
vt -8.5453 7.3758
vt -7.0901 7.3758
vt -8.6807 7.3758
vt -10.1358 7.3758
vt -8.2505 6.0008
vt -7.9926 6.0008
vt -7.9926 6.4508
vt -8.2505 6.4508
vt -8.2167 6.0008
vt -7.9587 6.0008
vt -7.9587 6.4508
vt -8.2167 6.4508
vt -8.2144 6.0358
vt -8.0286 6.0358
vt -8.0286 6.4158
vt -8.2144 6.4158
vt -8.1806 6.0358
vt -7.9948 6.0358
vt -7.9948 6.4158
vt -8.1806 6.4158
vt -7.5849 6.0008
vt -7.3268 6.0008
vt -7.3268 6.4508
vt -7.5849 6.4508
vt -7.5511 6.0008
vt -7.2930 6.0008
vt -7.2930 6.4508
vt -7.5511 6.4508
vt -7.5488 6.0358
vt -7.3630 6.0358
vt -7.3630 6.4158
vt -7.5488 6.4158
vt -7.5149 6.0358
vt -7.3292 6.0358
vt -7.3292 6.4158
vt -7.5149 6.4158
vt -7.3649 6.0008
vt -7.6066 6.0008
vt -7.6066 6.4508
vt -7.3649 6.4508
vt -7.3288 6.0008
vt -7.5705 6.0008
vt -7.5705 6.4508
vt -7.3288 6.4508
vt -7.3988 6.0358
vt -7.5728 6.0358
vt -7.5728 6.4158
vt -7.3988 6.4158
vt -7.3626 6.0358
vt -7.5367 6.0358
vt -7.5367 6.4158
vt -7.3626 6.4158
vt -8.1022 6.0008
vt -8.3439 6.0008
vt -8.3439 6.4508
vt -8.1022 6.4508
vt -8.0661 6.0008
vt -8.3078 6.0008
vt -8.3078 6.4508
vt -8.0661 6.4508
vt -8.1360 6.0358
vt -8.3101 6.0358
vt -8.3101 6.4158
vt -8.1360 6.4158
vt -8.0999 6.0358
vt -8.2740 6.0358
vt -8.2740 6.4158
vt -8.0999 6.4158
vt -8.9754 6.0008
vt -9.2334 6.0008
vt -9.2334 6.4508
vt -8.9754 6.4508
vt -9.0092 6.0008
vt -9.2673 6.0008
vt -9.2673 6.4508
vt -9.0092 6.4508
vt -9.0115 6.0358
vt -9.1973 6.0358
vt -9.1973 6.4158
vt -9.0115 6.4158
vt -9.0454 6.0358
vt -9.2311 6.0358
vt -9.2311 6.4158
vt -9.0454 6.4158
vt -9.6411 6.0008
vt -9.8991 6.0008
vt -9.8991 6.4508
vt -9.6411 6.4508
vt -9.6749 6.0008
vt -9.9329 6.0008
vt -9.9329 6.4508
vt -9.6749 6.4508
vt -9.6772 6.0358
vt -9.8630 6.0358
vt -9.8630 6.4158
vt -9.6772 6.4158
vt -9.7110 6.0358
vt -9.8968 6.0358
vt -9.8968 6.4158
vt -9.7110 6.4158
vt -9.2825 5.7758
vt -9.5921 5.7758
vt -9.5921 6.3508
vt -9.2825 6.3508
vt -9.3308 5.7758
vt -9.6404 5.7758
vt -9.6404 6.3508
vt -9.3308 6.3508
vt -9.3289 5.8208
vt -9.5456 5.8208
vt -9.5456 6.3058
vt -9.3289 6.3058
vt -9.3772 5.8208
vt -9.5940 5.8208
vt -9.5940 6.3058
vt -9.3772 6.3058
vt -9.2309 5.7658
vt -9.6437 5.7658
vt -9.7065 5.7658
vt -9.2937 5.7658
vt -9.2309 5.8058
vt -9.6437 5.8058
vt -9.7065 5.8058
vt -9.2937 5.8058
vt -9.8610 6.0008
vt -9.6193 6.0008
vt -9.6193 6.4508
vt -9.8610 6.4508
vt -9.8972 6.0008
vt -9.6554 6.0008
vt -9.6554 6.4508
vt -9.8972 6.4508
vt -9.8272 6.0358
vt -9.6531 6.0358
vt -9.6531 6.4158
vt -9.8272 6.4158
vt -9.8633 6.0358
vt -9.6893 6.0358
vt -9.6893 6.4158
vt -9.8633 6.4158
vt -9.1238 6.0008
vt -8.8820 6.0008
vt -8.8820 6.4508
vt -9.1238 6.4508
vt -9.1599 6.0008
vt -8.9182 6.0008
vt -8.9182 6.4508
vt -9.1599 6.4508
vt -9.0899 6.0358
vt -8.9159 6.0358
vt -8.9159 6.4158
vt -9.0899 6.4158
vt -9.1260 6.0358
vt -8.9520 6.0358
vt -8.9520 6.4158
vt -9.1260 6.4158
vt -8.5482 7.3008
vt -7.0002 7.3008
vt -8.6778 7.3008
vt -10.2258 7.3008
vt -8.5482 7.3358
vt -7.0002 7.3358
vt -8.6778 7.3358
vt -10.2258 7.3358
vt -8.5463 7.3008
vt -7.0602 7.3008
vt -8.6797 7.3008
vt -10.1658 7.3008
vt -8.5463 7.3358
vt -7.0602 7.3358
vt -8.6797 7.3358
vt -10.1658 7.3358
vt -8.5499 7.2458
vt -6.9502 7.2458
vt -8.6761 7.2458
vt -10.2758 7.2458
vt -8.5499 7.3158
vt -6.9502 7.3158
vt -8.6761 7.3158
vt -10.2758 7.3158
vt -8.5463 7.2458
vt -7.0602 7.2458
vt -8.6797 7.2458
vt -10.1658 7.2458
vt -8.5463 7.3158
vt -7.0602 7.3158
vt -8.6797 7.3158
vt -10.1658 7.3158
vt -8.5489 7.3908
vt -6.9802 7.3908
vt -8.6771 7.3908
vt -10.2458 7.3908
vt -8.5489 7.5658
vt -6.9802 7.5658
vt -8.6771 7.5658
vt -10.2458 7.5658
vt -8.5404 7.3908
vt -7.2400 7.3908
vt -8.6856 7.3908
vt -9.9859 7.3908
vt -8.5404 7.5658
vt -7.2400 7.5658
vt -8.6856 7.5658
vt -9.9859 7.5658
vt -8.7397 5.8383
vt -8.5463 5.8383
vt -8.5721 5.8383
vt -8.7655 5.8383
vt -8.7397 5.9758
vt -8.5463 5.9758
vt -8.5721 5.9758
vt -8.7655 5.9758
vt -8.5463 6.0183
vt -8.4018 6.0183
vt -8.3776 6.0183
vt -8.5221 6.0183
vt -8.5463 6.1558
vt -8.4018 6.1558
vt -8.3776 6.1558
vt -8.5221 6.1558
vt -8.7397 6.1983
vt -8.5463 6.1983
vt -8.5721 6.1983
vt -8.7655 6.1983
vt -8.7397 6.3358
vt -8.5463 6.3358
vt -8.5721 6.3358
vt -8.7655 6.3358
vt -8.5463 6.3783
vt -8.4018 6.3783
vt -8.3776 6.3783
vt -8.5221 6.3783
vt -8.5463 6.5158
vt -8.4018 6.5158
vt -8.3776 6.5158
vt -8.5221 6.5158
vt -8.4863 5.8383
vt -8.6797 5.8383
vt -8.6539 5.8383
vt -8.4605 5.8383
vt -8.4863 5.9758
vt -8.6797 5.9758
vt -8.6539 5.9758
vt -8.4605 5.9758
vt -8.6797 6.0183
vt -8.8242 6.0183
vt -8.8483 6.0183
vt -8.7039 6.0183
vt -8.6797 6.1558
vt -8.8242 6.1558
vt -8.8483 6.1558
vt -8.7039 6.1558
vt -8.4863 6.1983
vt -8.6797 6.1983
vt -8.6539 6.1983
vt -8.4605 6.1983
vt -8.4863 6.3358
vt -8.6797 6.3358
vt -8.6539 6.3358
vt -8.4605 6.3358
vt -8.6797 6.3783
vt -8.8242 6.3783
vt -8.8483 6.3783
vt -8.7039 6.3783
vt -8.6797 6.5158
vt -8.8242 6.5158
vt -8.8483 6.5158
vt -8.7039 6.5158
vt -7.2665 5.8383
vt -7.0602 5.8383
vt -7.0360 5.8383
vt -7.2424 5.8383
vt -7.2665 5.9758
vt -7.0602 5.9758
vt -7.0360 5.9758
vt -7.2424 5.9758
vt -7.0602 6.0183
vt -7.1955 6.0183
vt -7.1697 6.0183
vt -7.0343 6.0183
vt -7.0602 6.1558
vt -7.1955 6.1558
vt -7.1697 6.1558
vt -7.0343 6.1558
vt -7.2665 6.1983
vt -7.0602 6.1983
vt -7.0360 6.1983
vt -7.2424 6.1983
vt -7.2665 6.3358
vt -7.0602 6.3358
vt -7.0360 6.3358
vt -7.2424 6.3358
vt -7.0602 6.3783
vt -7.1955 6.3783
vt -7.1697 6.3783
vt -7.0343 6.3783
vt -7.0602 6.5158
vt -7.1955 6.5158
vt -7.1697 6.5158
vt -7.0343 6.5158
vt -9.9594 5.8383
vt -10.1658 5.8383
vt -10.1900 5.8383
vt -9.9836 5.8383
vt -9.9594 5.9758
vt -10.1658 5.9758
vt -10.1900 5.9758
vt -9.9836 5.9758
vt -10.1658 6.0183
vt -10.0305 6.0183
vt -10.0563 6.0183
vt -10.1916 6.0183
vt -10.1658 6.1558
vt -10.0305 6.1558
vt -10.0563 6.1558
vt -10.1916 6.1558
vt -9.9594 6.1983
vt -10.1658 6.1983
vt -10.1900 6.1983
vt -9.9836 6.1983
vt -9.9594 6.3358
vt -10.1658 6.3358
vt -10.1900 6.3358
vt -9.9836 6.3358
vt -10.1658 6.3783
vt -10.0305 6.3783
vt -10.0563 6.3783
vt -10.1916 6.3783
vt -10.1658 6.5158
vt -10.0305 6.5158
vt -10.0563 6.5158
vt -10.1916 6.5158
vt -9.0257 7.3908
vt -8.4434 7.3908
vt -8.7643 7.3908
vt -9.3466 7.3908
vt -9.0257 7.9408
vt -8.4434 7.9408
vt -8.7643 7.9408
vt -9.3466 7.9408
vt 6.0000 5.5832
vt 6.8129 5.5832
vt 7.9701 5.5832
vt 7.1573 5.5832
vt 6.0000 7.9832
vt 6.8129 7.9832
vt 7.9701 7.9832
vt 7.1573 7.9832
vt 6.2701 5.8082
vt 6.4733 5.8082
vt 6.4733 6.2582
vt 6.2701 6.2582
vt 6.2296 5.8082
vt 6.4328 5.8082
vt 6.4328 6.2582
vt 6.2296 6.2582
vt 6.2986 5.8432
vt 6.4449 5.8432
vt 6.4449 6.2232
vt 6.2986 6.2232
vt 6.2581 5.8432
vt 6.4044 5.8432
vt 6.4044 6.2232
vt 6.2581 6.2232
vt 6.2701 6.6082
vt 6.4733 6.6082
vt 6.4733 6.9332
vt 6.4225 7.0414
vt 6.3209 7.0414
vt 6.2701 6.9332
vt 6.2296 6.6082
vt 6.4328 6.6082
vt 6.4328 6.9332
vt 6.3820 7.0414
vt 6.2804 7.0414
vt 6.2296 6.9332
vt 6.2986 6.6432
vt 6.4449 6.6432
vt 6.4449 6.9332
vt 6.4083 7.0111
vt 6.3352 7.0111
vt 6.2986 6.9332
vt 6.2581 6.6432
vt 6.4044 6.6432
vt 6.4044 6.9332
vt 6.3678 7.0111
vt 6.2947 7.0111
vt 6.2581 6.9332
vt 7.2713 5.8082
vt 7.5606 5.8082
vt 7.5606 6.2582
vt 7.2713 6.2582
vt 7.2997 5.8082
vt 7.5890 5.8082
vt 7.5890 6.2582
vt 7.2997 6.2582
vt 7.3118 5.8432
vt 7.5201 5.8432
vt 7.5201 6.2232
vt 7.3118 6.2232
vt 7.3402 5.8432
vt 7.5485 5.8432
vt 7.5485 6.2232
vt 7.3402 6.2232
vt 7.2713 6.6082
vt 7.5606 6.6082
vt 7.5606 7.0582
vt 7.2713 7.0582
vt 7.2997 6.6082
vt 7.5890 6.6082
vt 7.5890 7.0582
vt 7.2997 7.0582
vt 7.3118 6.6432
vt 7.5201 6.6432
vt 7.5201 7.0232
vt 7.3118 7.0232
vt 7.3402 6.6432
vt 7.5485 6.6432
vt 7.5485 7.0232
vt 7.3402 7.0232
vt 7.7000 6.6082
vt 7.4968 6.6082
vt 7.4968 7.0582
vt 7.7000 7.0582
vt 7.7405 6.6082
vt 7.5373 6.6082
vt 7.5373 7.0582
vt 7.7405 7.0582
vt 7.6716 6.6432
vt 7.5252 6.6432
vt 7.5252 7.0232
vt 7.6716 7.0232
vt 7.7121 6.6432
vt 7.5657 6.6432
vt 7.5657 7.0232
vt 7.7121 7.0232
vt 7.7203 5.5832
vt 7.4764 5.5832
vt 7.4764 6.0082
vt 7.5374 6.1380
vt 7.6594 6.1380
vt 7.7203 6.0082
vt 7.7782 5.5832
vt 7.5343 5.5832
vt 7.5343 6.0082
vt 7.5953 6.1380
vt 7.7172 6.1380
vt 7.7782 6.0082
vt 7.6837 5.6282
vt 7.5131 5.6282
vt 7.5131 6.0082
vt 7.5557 6.0991
vt 7.6411 6.0991
vt 7.6837 6.0082
vt 7.7416 5.6282
vt 7.5709 5.6282
vt 7.5709 6.0082
vt 7.6136 6.0991
vt 7.6990 6.0991
vt 7.7416 6.0082
vt 7.7610 5.5732
vt 7.4358 5.5732
vt 7.5111 5.5732
vt 7.8362 5.5732
vt 7.7610 5.6132
vt 7.4358 5.6132
vt 7.5111 5.6132
vt 7.8362 5.6132
vt 6.6989 5.8082
vt 6.4096 5.8082
vt 6.4096 6.2582
vt 6.6989 6.2582
vt 6.6704 5.8082
vt 6.3811 5.8082
vt 6.3811 6.2582
vt 6.6704 6.2582
vt 6.6584 5.8432
vt 6.4501 5.8432
vt 6.4501 6.2232
vt 6.6584 6.2232
vt 6.6299 5.8432
vt 6.4216 5.8432
vt 6.4216 6.2232
vt 6.6299 6.2232
vt 6.6989 6.6082
vt 6.4096 6.6082
vt 6.4096 7.0582
vt 6.6989 7.0582
vt 6.6704 6.6082
vt 6.3811 6.6082
vt 6.3811 7.0582
vt 6.6704 7.0582
vt 6.6584 6.6432
vt 6.4501 6.6432
vt 6.4501 7.0232
vt 6.6584 7.0232
vt 6.6299 6.6432
vt 6.4216 6.6432
vt 6.4216 7.0232
vt 6.6299 7.0232
vt 5.9114 7.9082
vt 6.7974 7.9082
vt 8.0588 7.9082
vt 7.1727 7.9082
vt 5.9114 7.9432
vt 6.7974 7.9432
vt 8.0588 7.9432
vt 7.1727 7.9432
vt 5.9705 7.9082
vt 6.8077 7.9082
vt 7.9997 7.9082
vt 7.1624 7.9082
vt 5.9705 7.9432
vt 6.8077 7.9432
vt 7.9997 7.9432
vt 7.1624 7.9432
vt 5.8621 7.8532
vt 6.7888 7.8532
vt 8.1081 7.8532
vt 7.1813 7.8532
vt 5.8621 7.9232
vt 6.7888 7.9232
vt 8.1081 7.9232
vt 7.1813 7.9232
vt 5.9705 7.8532
vt 6.8077 7.8532
vt 7.9997 7.8532
vt 7.1624 7.8532
vt 5.9705 7.9232
vt 6.8077 7.9232
vt 7.9997 7.9232
vt 7.1624 7.9232
vt 5.8917 7.9982
vt 6.7940 7.9982
vt 8.0785 7.9982
vt 7.1762 7.9982
vt 5.8917 8.1731
vt 6.7940 8.1731
vt 8.0785 8.1731
vt 7.1762 8.1731
vt 6.1478 7.9982
vt 6.8387 7.9982
vt 7.8224 7.9982
vt 7.1314 7.9982
vt 6.1478 8.1731
vt 6.8387 8.1731
vt 7.8224 8.1731
vt 7.1314 8.1731
vt 6.2019 5.6457
vt 5.9705 5.6457
vt 5.9501 5.6457
vt 6.1816 5.6457
vt 6.2019 5.7832
vt 5.9705 5.7832
vt 5.9501 5.7832
vt 6.1816 5.7832
vt 5.9705 5.8257
vt 6.0843 5.8257
vt 6.0553 5.8257
vt 5.9415 5.8257
vt 5.9705 5.9632
vt 6.0843 5.9632
vt 6.0553 5.9632
vt 5.9415 5.9632
vt 6.2019 6.0057
vt 5.9705 6.0057
vt 5.9501 6.0057
vt 6.1816 6.0057
vt 6.2019 6.1432
vt 5.9705 6.1432
vt 5.9501 6.1432
vt 6.1816 6.1432
vt 5.9705 6.1857
vt 6.0843 6.1857
vt 6.0553 6.1857
vt 5.9415 6.1857
vt 5.9705 6.3232
vt 6.0843 6.3232
vt 6.0553 6.3232
vt 5.9415 6.3232
vt 6.6451 5.6457
vt 6.8077 5.6457
vt 6.7788 5.6457
vt 6.6162 5.6457
vt 6.6451 5.7832
vt 6.8077 5.7832
vt 6.7788 5.7832
vt 6.6162 5.7832
vt 6.8077 5.8257
vt 6.9698 5.8257
vt 6.9901 5.8257
vt 6.8281 5.8257
vt 6.8077 5.9632
vt 6.9698 5.9632
vt 6.9901 5.9632
vt 6.8281 5.9632
vt 6.6451 6.0057
vt 6.8077 6.0057
vt 6.7788 6.0057
vt 6.6162 6.0057
vt 6.6451 6.1432
vt 6.8077 6.1432
vt 6.7788 6.1432
vt 6.6162 6.1432
vt 6.8077 6.1857
vt 6.9698 6.1857
vt 6.9901 6.1857
vt 6.8281 6.1857
vt 6.8077 6.3232
vt 6.9698 6.3232
vt 6.9901 6.3232
vt 6.8281 6.3232
vt 7.7682 5.6457
vt 7.9997 5.6457
vt 8.0200 5.6457
vt 7.7886 5.6457
vt 7.7682 5.7832
vt 7.9997 5.7832
vt 8.0200 5.7832
vt 7.7886 5.7832
vt 7.9997 5.8257
vt 7.8859 5.8257
vt 7.9148 5.8257
vt 8.0286 5.8257
vt 7.9997 5.9632
vt 7.8859 5.9632
vt 7.9148 5.9632
vt 8.0286 5.9632
vt 7.7682 6.0057
vt 7.9997 6.0057
vt 8.0200 6.0057
vt 7.7886 6.0057
vt 7.7682 6.1432
vt 7.9997 6.1432
vt 8.0200 6.1432
vt 7.7886 6.1432
vt 7.9997 6.1857
vt 7.8859 6.1857
vt 7.9148 6.1857
vt 8.0286 6.1857
vt 7.9997 6.3232
vt 7.8859 6.3232
vt 7.9148 6.3232
vt 8.0286 6.3232
vt 7.3250 5.6457
vt 7.1624 5.6457
vt 7.1913 5.6457
vt 7.3539 5.6457
vt 7.3250 5.7832
vt 7.1624 5.7832
vt 7.1913 5.7832
vt 7.3539 5.7832
vt 7.1624 5.8257
vt 7.0004 5.8257
vt 6.9801 5.8257
vt 7.1421 5.8257
vt 7.1624 5.9632
vt 7.0004 5.9632
vt 6.9801 5.9632
vt 7.1421 5.9632
vt 7.3250 6.0057
vt 7.1624 6.0057
vt 7.1913 6.0057
vt 7.3539 6.0057
vt 7.3250 6.1432
vt 7.1624 6.1432
vt 7.1913 6.1432
vt 7.3539 6.1432
vt 7.1624 6.1857
vt 7.0004 6.1857
vt 6.9801 6.1857
vt 7.1421 6.1857
vt 7.1624 6.3232
vt 7.0004 6.3232
vt 6.9801 6.3232
vt 7.1421 6.3232
vt -2.2995 5.6783
vt -3.5949 5.6783
vt -2.7623 5.6783
vt -1.4669 5.6783
vt -2.2995 7.2783
vt -3.5949 7.2783
vt -2.7623 7.2783
vt -1.4669 7.2783
vt -2.8084 5.6783
vt -3.1391 5.6783
vt -3.1391 6.2533
vt -2.8084 6.2533
vt -2.8527 5.6783
vt -3.1834 5.6783
vt -3.1834 6.2533
vt -2.8527 6.2533
vt -2.8580 5.7233
vt -3.0895 5.7233
vt -3.0895 6.2083
vt -2.8580 6.2083
vt -2.9023 5.7233
vt -3.1338 5.7233
vt -3.1338 6.2083
vt -2.9023 6.2083
vt -2.7533 5.6683
vt -3.1942 5.6683
vt -3.2518 5.6683
vt -2.8109 5.6683
vt -2.7533 5.7083
vt -3.1942 5.7083
vt -3.2518 5.7083
vt -2.8109 5.7083
vt -3.3224 5.9033
vt -3.1010 5.9033
vt -3.1010 6.3533
vt -3.3224 6.3533
vt -3.3610 5.9033
vt -3.1395 5.9033
vt -3.1395 6.3533
vt -3.3610 6.3533
vt -3.2914 5.9383
vt -3.1320 5.9383
vt -3.1320 6.3183
vt -3.2914 6.3183
vt -3.3300 5.9383
vt -3.1706 5.9383
vt -3.1706 6.3183
vt -3.3300 6.3183
vt -2.2259 5.9033
vt -1.9502 5.9033
vt -1.9502 6.3533
vt -2.2259 6.3533
vt -2.1949 5.9033
vt -1.9192 5.9033
vt -1.9192 6.3533
vt -2.1949 6.3533
vt -2.1872 5.9383
vt -1.9888 5.9383
vt -1.9888 6.3183
vt -2.1872 6.3183
vt -2.1562 5.9383
vt -1.9578 5.9383
vt -1.9578 6.3183
vt -2.1562 6.3183
vt -1.7394 5.9033
vt -1.9608 5.9033
vt -1.9608 6.3533
vt -1.7394 6.3533
vt -1.7008 5.9033
vt -1.9223 5.9033
vt -1.9223 6.3533
vt -1.7008 6.3533
vt -1.7704 5.9383
vt -1.9298 5.9383
vt -1.9298 6.3183
vt -1.7704 6.3183
vt -1.7318 5.9383
vt -1.8913 5.9383
vt -1.8913 6.3183
vt -1.7318 6.3183
vt -2.2897 7.2033
vt -3.6844 7.2033
vt -2.7721 7.2033
vt -1.3774 7.2033
vt -2.2897 7.2383
vt -3.6844 7.2383
vt -2.7721 7.2383
vt -1.3774 7.2383
vt -2.2963 7.2033
vt -3.6248 7.2033
vt -2.7656 7.2033
vt -1.4371 7.2033
vt -2.2963 7.2383
vt -3.6248 7.2383
vt -2.7656 7.2383
vt -1.4371 7.2383
vt -2.2843 7.1483
vt -3.7341 7.1483
vt -2.7775 7.1483
vt -1.3277 7.1483
vt -2.2843 7.2183
vt -3.7341 7.2183
vt -2.7775 7.2183
vt -1.3277 7.2183
vt -2.2963 7.1483
vt -3.6248 7.1483
vt -2.7656 7.1483
vt -1.4371 7.1483
vt -2.2963 7.2183
vt -3.6248 7.2183
vt -2.7656 7.2183
vt -1.4371 7.2183
vt -2.2876 7.2933
vt -3.7043 7.2933
vt -2.7742 7.2933
vt -1.3575 7.2933
vt -2.2876 7.4683
vt -3.7043 7.4683
vt -2.7742 7.4683
vt -1.3575 7.4683
vt -2.3157 7.2933
vt -3.4458 7.2933
vt -2.7461 7.2933
vt -1.6160 7.2933
vt -2.3157 7.4683
vt -3.4458 7.4683
vt -2.7461 7.4683
vt -1.6160 7.4683
vt -2.1191 5.7408
vt -2.2963 5.7408
vt -2.2686 5.7408
vt -2.0915 5.7408
vt -2.1191 5.8783
vt -2.2963 5.8783
vt -2.2686 5.8783
vt -2.0915 5.8783
vt -2.2963 5.9208
vt -2.4506 5.9208
vt -2.4727 5.9208
vt -2.3184 5.9208
vt -2.2963 6.0583
vt -2.4506 6.0583
vt -2.4727 6.0583
vt -2.3184 6.0583
vt -2.1191 6.1008
vt -2.2963 6.1008
vt -2.2686 6.1008
vt -2.0915 6.1008
vt -2.1191 6.2383
vt -2.2963 6.2383
vt -2.2686 6.2383
vt -2.0915 6.2383
vt -2.2963 6.2808
vt -2.4506 6.2808
vt -2.4727 6.2808
vt -2.3184 6.2808
vt -2.2963 6.4183
vt -2.4506 6.4183
vt -2.4727 6.4183
vt -2.3184 6.4183
vt -3.4042 5.7408
vt -3.6248 5.7408
vt -3.6469 5.7408
vt -3.4264 5.7408
vt -3.4042 5.8783
vt -3.6248 5.8783
vt -3.6469 5.8783
vt -3.4264 5.8783
vt -3.6248 5.9208
vt -3.5008 5.9208
vt -3.5283 5.9208
vt -3.6523 5.9208
vt -3.6248 6.0583
vt -3.5008 6.0583
vt -3.5283 6.0583
vt -3.6523 6.0583
vt -3.4042 6.1008
vt -3.6248 6.1008
vt -3.6469 6.1008
vt -3.4264 6.1008
vt -3.4042 6.2383
vt -3.6248 6.2383
vt -3.6469 6.2383
vt -3.4264 6.2383
vt -3.6248 6.2808
vt -3.5008 6.2808
vt -3.5283 6.2808
vt -3.6523 6.2808
vt -3.6248 6.4183
vt -3.5008 6.4183
vt -3.5283 6.4183
vt -3.6523 6.4183
vt -2.9427 5.7408
vt -2.7656 5.7408
vt -2.7932 5.7408
vt -2.9703 5.7408
vt -2.9427 5.8783
vt -2.7656 5.8783
vt -2.7932 5.8783
vt -2.9703 5.8783
vt -2.7656 5.9208
vt -2.6112 5.9208
vt -2.5891 5.9208
vt -2.7434 5.9208
vt -2.7656 6.0583
vt -2.6112 6.0583
vt -2.5891 6.0583
vt -2.7434 6.0583
vt -2.9427 6.1008
vt -2.7656 6.1008
vt -2.7932 6.1008
vt -2.9703 6.1008
vt -2.9427 6.2383
vt -2.7656 6.2383
vt -2.7932 6.2383
vt -2.9703 6.2383
vt -2.7656 6.2808
vt -2.6112 6.2808
vt -2.5891 6.2808
vt -2.7434 6.2808
vt -2.7656 6.4183
vt -2.6112 6.4183
vt -2.5891 6.4183
vt -2.7434 6.4183
vt -1.6576 5.7408
vt -1.4371 5.7408
vt -1.4149 5.7408
vt -1.6354 5.7408
vt -1.6576 5.8783
vt -1.4371 5.8783
vt -1.4149 5.8783
vt -1.6354 5.8783
vt -1.4371 5.9208
vt -1.5611 5.9208
vt -1.5335 5.9208
vt -1.4095 5.9208
vt -1.4371 6.0583
vt -1.5611 6.0583
vt -1.5335 6.0583
vt -1.4095 6.0583
vt -1.6576 6.1008
vt -1.4371 6.1008
vt -1.4149 6.1008
vt -1.6354 6.1008
vt -1.6576 6.2383
vt -1.4371 6.2383
vt -1.4149 6.2383
vt -1.6354 6.2383
vt -1.4371 6.2808
vt -1.5611 6.2808
vt -1.5335 6.2808
vt -1.4095 6.2808
vt -1.4371 6.4183
vt -1.5611 6.4183
vt -1.5335 6.4183
vt -1.4095 6.4183
vt -2.3817 5.6879
vt -1.6176 5.6879
vt -0.2578 5.6879
vt -1.0220 5.6879
vt -2.3817 8.0879
vt -1.6176 8.0879
vt -0.2578 8.0879
vt -1.0220 8.0879
vt -2.1360 5.9129
vt -1.9327 5.9129
vt -1.9327 6.3629
vt -2.1360 6.3629
vt -2.1765 5.9129
vt -1.9733 5.9129
vt -1.9733 6.3629
vt -2.1765 6.3629
vt -2.1075 5.9479
vt -1.9612 5.9479
vt -1.9612 6.3279
vt -2.1075 6.3279
vt -2.1480 5.9479
vt -2.0017 5.9479
vt -2.0017 6.3279
vt -2.1480 6.3279
vt -2.1360 6.7129
vt -1.9327 6.7129
vt -1.9327 7.0379
vt -1.9835 7.1462
vt -2.0852 7.1462
vt -2.1360 7.0379
vt -2.1765 6.7129
vt -1.9733 6.7129
vt -1.9733 7.0379
vt -2.0241 7.1462
vt -2.1257 7.1462
vt -2.1765 7.0379
vt -2.1075 6.7479
vt -1.9612 6.7479
vt -1.9612 7.0379
vt -1.9978 7.1159
vt -2.0709 7.1159
vt -2.1075 7.0379
vt -2.1480 6.7479
vt -2.0017 6.7479
vt -2.0017 7.0379
vt -2.0383 7.1159
vt -2.1115 7.1159
vt -2.1480 7.0379
vt -1.0580 5.9129
vt -0.7686 5.9129
vt -0.7686 6.3629
vt -1.0580 6.3629
vt -1.0295 5.9129
vt -0.7402 5.9129
vt -0.7402 6.3629
vt -1.0295 6.3629
vt -1.0175 5.9479
vt -0.8092 5.9479
vt -0.8092 6.3279
vt -1.0175 6.3279
vt -0.9890 5.9479
vt -0.7807 5.9479
vt -0.7807 6.3279
vt -0.9890 6.3279
vt -1.0580 6.7129
vt -0.7686 6.7129
vt -0.7686 7.0379
vt -0.8410 7.1462
vt -0.9856 7.1462
vt -1.0580 7.0379
vt -1.0295 6.7129
vt -0.7402 6.7129
vt -0.7402 7.0379
vt -0.8125 7.1462
vt -0.9572 7.1462
vt -1.0295 7.0379
vt -1.0175 6.7479
vt -0.8092 6.7479
vt -0.8092 7.0379
vt -0.8612 7.1159
vt -0.9654 7.1159
vt -1.0175 7.0379
vt -0.9890 6.7479
vt -0.7807 6.7479
vt -0.7807 7.0379
vt -0.8328 7.1159
vt -0.9369 7.1159
vt -0.9890 7.0379
vt -0.5036 6.7129
vt -0.7068 6.7129
vt -0.7068 7.1629
vt -0.5036 7.1629
vt -0.4631 6.7129
vt -0.6663 6.7129
vt -0.6663 7.1629
vt -0.4631 7.1629
vt -0.5320 6.7479
vt -0.6783 6.7479
vt -0.6783 7.1279
vt -0.5320 7.1279
vt -0.4915 6.7479
vt -0.6378 6.7479
vt -0.6378 7.1279
vt -0.4915 7.1279
vt -0.4832 5.6879
vt -0.7271 5.6879
vt -0.7271 6.2629
vt -0.4832 6.2629
vt -0.4254 5.6879
vt -0.6692 5.6879
vt -0.6692 6.2629
vt -0.4254 6.2629
vt -0.5198 5.7329
vt -0.6905 5.7329
vt -0.6905 6.2179
vt -0.5198 6.2179
vt -0.4619 5.7329
vt -0.6327 5.7329
vt -0.6327 6.2179
vt -0.4619 6.2179
vt -0.4426 5.6779
vt -0.7677 5.6779
vt -0.6926 5.6779
vt -0.3674 5.6779
vt -0.4426 5.7179
vt -0.7677 5.7179
vt -0.6926 5.7179
vt -0.3674 5.7179
vt -1.5816 5.9129
vt -1.8709 5.9129
vt -1.8709 6.3629
vt -1.5816 6.3629
vt -1.6100 5.9129
vt -1.8993 5.9129
vt -1.8993 6.3629
vt -1.6100 6.3629
vt -1.6221 5.9479
vt -1.8304 5.9479
vt -1.8304 6.3279
vt -1.6221 6.3279
vt -1.6505 5.9479
vt -1.8588 5.9479
vt -1.8588 6.3279
vt -1.6505 6.3279
vt -1.5816 6.7129
vt -1.8709 6.7129
vt -1.8709 7.1629
vt -1.5816 7.1629
vt -1.6100 6.7129
vt -1.8993 6.7129
vt -1.8993 7.1629
vt -1.6100 7.1629
vt -1.6221 6.7479
vt -1.8304 6.7479
vt -1.8304 7.1279
vt -1.6221 7.1279
vt -1.6505 6.7479
vt -1.8588 6.7479
vt -1.8588 7.1279
vt -1.6505 7.1279
vt -2.4704 8.0129
vt -1.6331 8.0129
vt -0.1692 8.0129
vt -1.0065 8.0129
vt -2.4704 8.0479
vt -1.6331 8.0479
vt -0.1692 8.0479
vt -1.0065 8.0479
vt -2.4113 8.0129
vt -1.6227 8.0129
vt -0.2283 8.0129
vt -1.0168 8.0129
vt -2.4113 8.0479
vt -1.6227 8.0479
vt -0.2283 8.0479
vt -1.0168 8.0479
vt -2.5196 7.9579
vt -1.6417 7.9579
vt -0.1199 7.9579
vt -0.9978 7.9579
vt -2.5196 8.0279
vt -1.6417 8.0279
vt -0.1199 8.0279
vt -0.9978 8.0279
vt -2.4113 7.9579
vt -1.6227 7.9579
vt -0.2283 7.9579
vt -1.0168 7.9579
vt -2.4113 8.0279
vt -1.6227 8.0279
vt -0.2283 8.0279
vt -1.0168 8.0279
vt -2.4900 8.1029
vt -1.6365 8.1029
vt -0.1495 8.1029
vt -1.0030 8.1029
vt -2.4900 8.2779
vt -1.6365 8.2779
vt -0.1495 8.2779
vt -1.0030 8.2779
vt -2.2340 8.1029
vt -1.5918 8.1029
vt -0.4056 8.1029
vt -1.0478 8.1029
vt -2.2340 8.2779
vt -1.5918 8.2779
vt -0.4056 8.2779
vt -1.0478 8.2779
vt -1.7853 5.7504
vt -1.6227 5.7504
vt -1.6517 5.7504
vt -1.8143 5.7504
vt -1.7853 5.8879
vt -1.6227 5.8879
vt -1.6517 5.8879
vt -1.8143 5.8879
vt -1.6227 5.9304
vt -1.4607 5.9304
vt -1.4404 5.9304
vt -1.6024 5.9304
vt -1.6227 6.0679
vt -1.4607 6.0679
vt -1.4404 6.0679
vt -1.6024 6.0679
vt -1.7853 6.1104
vt -1.6227 6.1104
vt -1.6517 6.1104
vt -1.8143 6.1104
vt -1.7853 6.2479
vt -1.6227 6.2479
vt -1.6517 6.2479
vt -1.8143 6.2479
vt -1.6227 6.2904
vt -1.4607 6.2904
vt -1.4404 6.2904
vt -1.6024 6.2904
vt -1.6227 6.4279
vt -1.4607 6.4279
vt -1.4404 6.4279
vt -1.6024 6.4279
vt -0.8542 5.7504
vt -1.0168 5.7504
vt -0.9878 5.7504
vt -0.8253 5.7504
vt -0.8542 5.8879
vt -1.0168 5.8879
vt -0.9878 5.8879
vt -0.8253 5.8879
vt -1.0168 5.9304
vt -1.1788 5.9304
vt -1.1991 5.9304
vt -1.0371 5.9304
vt -1.0168 6.0679
vt -1.1788 6.0679
vt -1.1991 6.0679
vt -1.0371 6.0679
vt -0.8542 6.1104
vt -1.0168 6.1104
vt -0.9878 6.1104
vt -0.8253 6.1104
vt -0.8542 6.2479
vt -1.0168 6.2479
vt -0.9878 6.2479
vt -0.8253 6.2479
vt -1.0168 6.2904
vt -1.1788 6.2904
vt -1.1991 6.2904
vt -1.0371 6.2904
vt -1.0168 6.4279
vt -1.1788 6.4279
vt -1.1991 6.4279
vt -1.0371 6.4279
vt -2.1798 5.7504
vt -2.4113 5.7504
vt -2.4316 5.7504
vt -2.2001 5.7504
vt -2.1798 5.8879
vt -2.4113 5.8879
vt -2.4316 5.8879
vt -2.2001 5.8879
vt -2.4113 5.9304
vt -2.2974 5.9304
vt -2.3264 5.9304
vt -2.4402 5.9304
vt -2.4113 6.0679
vt -2.2974 6.0679
vt -2.3264 6.0679
vt -2.4402 6.0679
vt -2.1798 6.1104
vt -2.4113 6.1104
vt -2.4316 6.1104
vt -2.2001 6.1104
vt -2.1798 6.2479
vt -2.4113 6.2479
vt -2.4316 6.2479
vt -2.2001 6.2479
vt -2.4113 6.2904
vt -2.2974 6.2904
vt -2.3264 6.2904
vt -2.4402 6.2904
vt -2.4113 6.4279
vt -2.2974 6.4279
vt -2.3264 6.4279
vt -2.4402 6.4279
vt -0.4597 5.7504
vt -0.2283 5.7504
vt -0.2080 5.7504
vt -0.4394 5.7504
vt -0.4597 5.8879
vt -0.2283 5.8879
vt -0.2080 5.8879
vt -0.4394 5.8879
vt -0.2283 5.9304
vt -0.3421 5.9304
vt -0.3132 5.9304
vt -0.1993 5.9304
vt -0.2283 6.0679
vt -0.3421 6.0679
vt -0.3132 6.0679
vt -0.1993 6.0679
vt -0.4597 6.1104
vt -0.2283 6.1104
vt -0.2080 6.1104
vt -0.4394 6.1104
vt -0.4597 6.2479
vt -0.2283 6.2479
vt -0.2080 6.2479
vt -0.4394 6.2479
vt -0.2283 6.2904
vt -0.3421 6.2904
vt -0.3132 6.2904
vt -0.1993 6.2904
vt -0.2283 6.4279
vt -0.3421 6.4279
vt -0.3132 6.4279
vt -0.1993 6.4279
vn 0.9995 0.0326 0.0000
vn 0.0326 -0.9995 0.0000
vn -0.9995 -0.0326 0.0000
vn -0.0326 0.9995 0.0000
vn 0.0000 0.0000 1.0000
vn 0.0000 -0.0000 -1.0000
vn 0.9511 -0.3090 0.0000
vn 0.5878 -0.8090 0.0000
vn 0.0000 -1.0000 0.0000
vn -0.5878 -0.8090 0.0000
vn -0.9511 -0.3090 0.0000
vn -0.9511 0.3090 0.0000
vn -0.5878 0.8090 0.0000
vn 0.0000 1.0000 0.0000
vn 0.5878 0.8090 0.0000
vn 0.9511 0.3090 0.0000
vn 0.9216 -0.2994 0.2469
vn 0.5696 -0.7840 0.2469
vn 0.0000 -0.9690 0.2469
vn -0.5696 -0.7840 0.2469
vn -0.9216 -0.2994 0.2469
vn -0.9216 0.2994 0.2469
vn -0.5696 0.7840 0.2469
vn 0.0000 0.9690 0.2469
vn 0.5696 0.7840 0.2469
vn 0.9216 0.2994 0.2469
vn 0.6892 -0.2239 0.6892
vn 0.4259 -0.5862 0.6892
vn 0.0000 -0.7246 0.6892
vn -0.4259 -0.5862 0.6892
vn -0.6892 -0.2239 0.6892
vn -0.6892 0.2239 0.6892
vn -0.4259 0.5862 0.6892
vn 0.0000 0.7246 0.6892
vn 0.4259 0.5862 0.6892
vn 0.6892 0.2239 0.6892
vn 0.2579 -0.0838 0.9625
vn 0.1594 -0.2194 0.9625
vn 0.0000 -0.2712 0.9625
vn -0.1594 -0.2194 0.9625
vn -0.2579 -0.0838 0.9625
vn -0.2579 0.0838 0.9625
vn -0.1594 0.2194 0.9625
vn 0.0000 0.2712 0.9625
vn 0.1594 0.2194 0.9625
vn 0.2579 0.0838 0.9625
vn 0.0282 -0.8656 0.5000
vn -0.0282 0.8656 -0.5000
vn -0.0282 0.8656 0.5000
vn 0.0282 -0.8656 -0.5000
vn -0.8656 -0.0282 0.5000
vn 0.8656 0.0282 -0.5000
vn 0.8656 0.0282 0.5000
vn -0.8656 -0.0282 -0.5000
vn -0.0538 -0.9985 0.0000
vn -0.9985 0.0538 0.0000
vn 0.0538 0.9985 0.0000
vn 0.9985 -0.0538 0.0000
vn 0.8648 -0.0466 0.5000
vn -0.8648 0.0466 -0.5000
vn -0.8648 0.0466 0.5000
vn 0.8648 -0.0466 -0.5000
vn -0.1722 0.9851 0.0000
vn 0.9851 0.1722 0.0000
vn 0.1722 -0.9851 0.0000
vn -0.9851 -0.1722 0.0000
vn 0.9239 -0.3827 0.0000
vn 0.3827 -0.9239 0.0000
vn -0.3827 -0.9239 0.0000
vn -0.9239 -0.3827 0.0000
vn -0.9239 0.3827 0.0000
vn -0.3827 0.9239 0.0000
vn 0.3827 0.9239 0.0000
vn 0.9239 0.3827 0.0000
vn 1.0000 -0.0000 0.0000
vn -1.0000 -0.0000 0.0000
vn 0.3520 0.9360 0.0000
vn 0.9360 -0.3520 0.0000
vn -0.3520 -0.9360 0.0000
vn -0.9360 0.3520 0.0000
vn -0.9924 0.1232 0.0000
vn 0.1232 0.9924 0.0000
vn 0.9924 -0.1232 0.0000
vn -0.1232 -0.9924 0.0000
vn -0.1067 -0.8594 0.5000
vn 0.1067 0.8594 -0.5000
vn 0.1067 0.8594 0.5000
vn -0.1067 -0.8594 -0.5000
vn 0.8594 -0.1067 0.5000
vn -0.8594 0.1067 -0.5000
vn -0.8594 0.1067 0.5000
vn 0.8594 -0.1067 -0.5000
vn 0.7100 -0.7042 0.0000
vn -0.7042 -0.7100 0.0000
vn -0.7100 0.7042 0.0000
vn 0.7042 0.7100 0.0000
vn 0.3069 0.9518 0.0000
vn 0.9518 -0.3069 0.0000
vn -0.3069 -0.9518 0.0000
vn -0.9518 0.3069 0.0000
vn -0.3523 0.9359 0.0000
vn 0.9359 0.3523 0.0000
vn 0.3523 -0.9359 0.0000
vn -0.9359 -0.3523 0.0000
vn -0.8105 -0.3051 0.5000
vn 0.8105 0.3051 -0.5000
vn 0.8105 0.3051 0.5000
vn -0.8105 -0.3051 -0.5000
vn -0.8531 -0.1491 0.5000
vn 0.8531 0.1491 -0.5000
vn 0.8531 0.1491 0.5000
vn -0.8531 -0.1491 -0.5000
vn -0.9995 0.0324 0.0000
vn 0.0324 0.9995 0.0000
vn 0.9995 -0.0324 0.0000
vn -0.0324 -0.9995 0.0000
vn 0.0281 0.8656 0.5000
vn -0.0281 -0.8656 -0.5000
vn -0.0281 -0.8656 0.5000
vn 0.0281 0.8656 -0.5000
vn 0.9835 0.1812 0.0000
vn 0.1812 -0.9835 0.0000
vn -0.9835 -0.1812 0.0000
vn -0.1812 0.9835 0.0000
vn -0.9941 -0.1084 0.0000
vn -0.1084 0.9941 0.0000
vn 0.9941 0.1084 0.0000
vn 0.1084 -0.9941 0.0000
vn 0.1491 -0.8531 0.5000
vn -0.1491 0.8531 -0.5000
vn -0.1491 0.8531 0.5000
vn 0.1491 -0.8531 -0.5000
f 1/1/1 6/6/1 2/2/1
f 1/1/1 5/5/1 6/6/1
f 2/2/2 7/7/2 3/3/2
f 2/2/2 6/6/2 7/7/2
f 3/3/3 8/8/3 4/4/3
f 3/3/3 7/7/3 8/8/3
f 4/4/4 5/5/4 1/1/4
f 4/4/4 8/8/4 5/5/4
f 5/5/5 7/7/5 6/6/5
f 5/5/5 8/8/5 7/7/5
f 4/4/6 2/2/6 3/3/6
f 4/4/6 1/1/6 2/2/6
f 9/9/6 14/14/6 10/10/6
f 9/9/6 13/13/6 14/14/6
f 18/18/5 21/21/5 17/17/5
f 18/18/5 22/22/5 21/21/5
f 13/13/1 22/22/1 14/14/1
f 13/13/1 21/21/1 22/22/1
f 10/10/3 17/17/3 9/9/3
f 10/10/3 18/18/3 17/17/3
f 10/10/2 15/15/2 11/11/2
f 10/10/2 14/14/2 15/15/2
f 19/19/4 22/22/4 18/18/4
f 19/19/4 23/23/4 22/22/4
f 14/14/1 23/23/1 15/15/1
f 14/14/1 22/22/1 23/23/1
f 11/11/3 18/18/3 10/10/3
f 11/11/3 19/19/3 18/18/3
f 11/11/5 16/16/5 12/12/5
f 11/11/5 15/15/5 16/16/5
f 20/20/6 23/23/6 19/19/6
f 20/20/6 24/24/6 23/23/6
f 15/15/1 24/24/1 16/16/1
f 15/15/1 23/23/1 24/24/1
f 12/12/3 19/19/3 11/11/3
f 12/12/3 20/20/3 19/19/3
f 12/12/4 13/13/4 9/9/4
f 12/12/4 16/16/4 13/13/4
f 17/17/2 24/24/2 20/20/2
f 17/17/2 21/21/2 24/24/2
f 16/16/1 21/21/1 13/13/1
f 16/16/1 24/24/1 21/21/1
f 9/9/3 20/20/3 12/12/3
f 9/9/3 17/17/3 20/20/3
f 25/25/6 30/30/6 26/26/6
f 25/25/6 29/29/6 30/30/6
f 34/34/5 37/37/5 33/33/5
f 34/34/5 38/38/5 37/37/5
f 29/29/1 38/38/1 30/30/1
f 29/29/1 37/37/1 38/38/1
f 26/26/3 33/33/3 25/25/3
f 26/26/3 34/34/3 33/33/3
f 26/26/2 31/31/2 27/27/2
f 26/26/2 30/30/2 31/31/2
f 35/35/4 38/38/4 34/34/4
f 35/35/4 39/39/4 38/38/4
f 30/30/1 39/39/1 31/31/1
f 30/30/1 38/38/1 39/39/1
f 27/27/3 34/34/3 26/26/3
f 27/27/3 35/35/3 34/34/3
f 27/27/5 32/32/5 28/28/5
f 27/27/5 31/31/5 32/32/5
f 36/36/6 39/39/6 35/35/6
f 36/36/6 40/40/6 39/39/6
f 31/31/1 40/40/1 32/32/1
f 31/31/1 39/39/1 40/40/1
f 28/28/3 35/35/3 27/27/3
f 28/28/3 36/36/3 35/35/3
f 28/28/4 29/29/4 25/25/4
f 28/28/4 32/32/4 29/29/4
f 33/33/2 40/40/2 36/36/2
f 33/33/2 37/37/2 40/40/2
f 32/32/1 37/37/1 29/29/1
f 32/32/1 40/40/1 37/37/1
f 25/25/3 36/36/3 28/28/3
f 25/25/3 33/33/3 36/36/3
f 41/41/6 46/46/6 42/42/6
f 41/41/6 45/45/6 46/46/6
f 50/50/5 53/53/5 49/49/5
f 50/50/5 54/54/5 53/53/5
f 45/45/1 54/54/1 46/46/1
f 45/45/1 53/53/1 54/54/1
f 42/42/3 49/49/3 41/41/3
f 42/42/3 50/50/3 49/49/3
f 42/42/2 47/47/2 43/43/2
f 42/42/2 46/46/2 47/47/2
f 51/51/4 54/54/4 50/50/4
f 51/51/4 55/55/4 54/54/4
f 46/46/1 55/55/1 47/47/1
f 46/46/1 54/54/1 55/55/1
f 43/43/3 50/50/3 42/42/3
f 43/43/3 51/51/3 50/50/3
f 43/43/5 48/48/5 44/44/5
f 43/43/5 47/47/5 48/48/5
f 52/52/6 55/55/6 51/51/6
f 52/52/6 56/56/6 55/55/6
f 47/47/1 56/56/1 48/48/1
f 47/47/1 55/55/1 56/56/1
f 44/44/3 51/51/3 43/43/3
f 44/44/3 52/52/3 51/51/3
f 44/44/4 45/45/4 41/41/4
f 44/44/4 48/48/4 45/45/4
f 49/49/2 56/56/2 52/52/2
f 49/49/2 53/53/2 56/56/2
f 48/48/1 53/53/1 45/45/1
f 48/48/1 56/56/1 53/53/1
f 41/41/3 52/52/3 44/44/3
f 41/41/3 49/49/3 52/52/3
f 57/57/3 58/58/3 62/62/3
f 57/57/3 62/62/3 61/61/3
f 58/58/2 59/59/2 63/63/2
f 58/58/2 63/63/2 62/62/2
f 59/59/1 60/60/1 64/64/1
f 59/59/1 64/64/1 63/63/1
f 60/60/4 57/57/4 61/61/4
f 60/60/4 61/61/4 64/64/4
f 61/61/5 62/62/5 63/63/5
f 61/61/5 63/63/5 64/64/5
f 60/60/6 59/59/6 58/58/6
f 60/60/6 58/58/6 57/57/6
f 65/65/6 70/70/6 66/66/6
f 65/65/6 69/69/6 70/70/6
f 74/74/5 77/77/5 73/73/5
f 74/74/5 78/78/5 77/77/5
f 69/69/2 78/78/2 70/70/2
f 69/69/2 77/77/2 78/78/2
f 66/66/4 73/73/4 65/65/4
f 66/66/4 74/74/4 73/73/4
f 66/66/3 71/71/3 67/67/3
f 66/66/3 70/70/3 71/71/3
f 75/75/1 78/78/1 74/74/1
f 75/75/1 79/79/1 78/78/1
f 70/70/2 79/79/2 71/71/2
f 70/70/2 78/78/2 79/79/2
f 67/67/4 74/74/4 66/66/4
f 67/67/4 75/75/4 74/74/4
f 67/67/5 72/72/5 68/68/5
f 67/67/5 71/71/5 72/72/5
f 76/76/6 79/79/6 75/75/6
f 76/76/6 80/80/6 79/79/6
f 71/71/2 80/80/2 72/72/2
f 71/71/2 79/79/2 80/80/2
f 68/68/4 75/75/4 67/67/4
f 68/68/4 76/76/4 75/75/4
f 68/68/1 69/69/1 65/65/1
f 68/68/1 72/72/1 69/69/1
f 73/73/3 80/80/3 76/76/3
f 73/73/3 77/77/3 80/80/3
f 72/72/2 77/77/2 69/69/2
f 72/72/2 80/80/2 77/77/2
f 65/65/4 76/76/4 68/68/4
f 65/65/4 73/73/4 76/76/4
f 81/81/6 86/86/6 82/82/6
f 81/81/6 85/85/6 86/86/6
f 90/90/5 93/93/5 89/89/5
f 90/90/5 94/94/5 93/93/5
f 85/85/2 94/94/2 86/86/2
f 85/85/2 93/93/2 94/94/2
f 82/82/4 89/89/4 81/81/4
f 82/82/4 90/90/4 89/89/4
f 82/82/3 87/87/3 83/83/3
f 82/82/3 86/86/3 87/87/3
f 91/91/1 94/94/1 90/90/1
f 91/91/1 95/95/1 94/94/1
f 86/86/2 95/95/2 87/87/2
f 86/86/2 94/94/2 95/95/2
f 83/83/4 90/90/4 82/82/4
f 83/83/4 91/91/4 90/90/4
f 83/83/5 88/88/5 84/84/5
f 83/83/5 87/87/5 88/88/5
f 92/92/6 95/95/6 91/91/6
f 92/92/6 96/96/6 95/95/6
f 87/87/2 96/96/2 88/88/2
f 87/87/2 95/95/2 96/96/2
f 84/84/4 91/91/4 83/83/4
f 84/84/4 92/92/4 91/91/4
f 84/84/1 85/85/1 81/81/1
f 84/84/1 88/88/1 85/85/1
f 89/89/3 96/96/3 92/92/3
f 89/89/3 93/93/3 96/96/3
f 88/88/2 93/93/2 85/85/2
f 88/88/2 96/96/2 93/93/2
f 81/81/4 92/92/4 84/84/4
f 81/81/4 89/89/4 92/92/4
f 97/97/6 102/102/6 98/98/6
f 97/97/6 101/101/6 102/102/6
f 106/106/5 109/109/5 105/105/5
f 106/106/5 110/110/5 109/109/5
f 101/101/2 110/110/2 102/102/2
f 101/101/2 109/109/2 110/110/2
f 98/98/4 105/105/4 97/97/4
f 98/98/4 106/106/4 105/105/4
f 98/98/3 103/103/3 99/99/3
f 98/98/3 102/102/3 103/103/3
f 107/107/1 110/110/1 106/106/1
f 107/107/1 111/111/1 110/110/1
f 102/102/2 111/111/2 103/103/2
f 102/102/2 110/110/2 111/111/2
f 99/99/4 106/106/4 98/98/4
f 99/99/4 107/107/4 106/106/4
f 99/99/5 104/104/5 100/100/5
f 99/99/5 103/103/5 104/104/5
f 108/108/6 111/111/6 107/107/6
f 108/108/6 112/112/6 111/111/6
f 103/103/2 112/112/2 104/104/2
f 103/103/2 111/111/2 112/112/2
f 100/100/4 107/107/4 99/99/4
f 100/100/4 108/108/4 107/107/4
f 100/100/1 101/101/1 97/97/1
f 100/100/1 104/104/1 101/101/1
f 105/105/3 112/112/3 108/108/3
f 105/105/3 109/109/3 112/112/3
f 104/104/2 109/109/2 101/101/2
f 104/104/2 112/112/2 109/109/2
f 97/97/4 108/108/4 100/100/4
f 97/97/4 105/105/4 108/108/4
f 113/113/6 118/118/6 114/114/6
f 113/113/6 117/117/6 118/118/6
f 122/122/5 125/125/5 121/121/5
f 122/122/5 126/126/5 125/125/5
f 117/117/2 126/126/2 118/118/2
f 117/117/2 125/125/2 126/126/2
f 114/114/4 121/121/4 113/113/4
f 114/114/4 122/122/4 121/121/4
f 114/114/3 119/119/3 115/115/3
f 114/114/3 118/118/3 119/119/3
f 123/123/1 126/126/1 122/122/1
f 123/123/1 127/127/1 126/126/1
f 118/118/2 127/127/2 119/119/2
f 118/118/2 126/126/2 127/127/2
f 115/115/4 122/122/4 114/114/4
f 115/115/4 123/123/4 122/122/4
f 115/115/5 120/120/5 116/116/5
f 115/115/5 119/119/5 120/120/5
f 124/124/6 127/127/6 123/123/6
f 124/124/6 128/128/6 127/127/6
f 119/119/2 128/128/2 120/120/2
f 119/119/2 127/127/2 128/128/2
f 116/116/4 123/123/4 115/115/4
f 116/116/4 124/124/4 123/123/4
f 116/116/1 117/117/1 113/113/1
f 116/116/1 120/120/1 117/117/1
f 121/121/3 128/128/3 124/124/3
f 121/121/3 125/125/3 128/128/3
f 120/120/2 125/125/2 117/117/2
f 120/120/2 128/128/2 125/125/2
f 113/113/4 124/124/4 116/116/4
f 113/113/4 121/121/4 124/124/4
f 129/129/6 134/134/6 130/130/6
f 129/129/6 133/133/6 134/134/6
f 138/138/5 141/141/5 137/137/5
f 138/138/5 142/142/5 141/141/5
f 133/133/3 142/142/3 134/134/3
f 133/133/3 141/141/3 142/142/3
f 130/130/1 137/137/1 129/129/1
f 130/130/1 138/138/1 137/137/1
f 130/130/4 135/135/4 131/131/4
f 130/130/4 134/134/4 135/135/4
f 139/139/2 142/142/2 138/138/2
f 139/139/2 143/143/2 142/142/2
f 134/134/3 143/143/3 135/135/3
f 134/134/3 142/142/3 143/143/3
f 131/131/1 138/138/1 130/130/1
f 131/131/1 139/139/1 138/138/1
f 131/131/5 136/136/5 132/132/5
f 131/131/5 135/135/5 136/136/5
f 140/140/6 143/143/6 139/139/6
f 140/140/6 144/144/6 143/143/6
f 135/135/3 144/144/3 136/136/3
f 135/135/3 143/143/3 144/144/3
f 132/132/1 139/139/1 131/131/1
f 132/132/1 140/140/1 139/139/1
f 132/132/2 133/133/2 129/129/2
f 132/132/2 136/136/2 133/133/2
f 137/137/4 144/144/4 140/140/4
f 137/137/4 141/141/4 144/144/4
f 136/136/3 141/141/3 133/133/3
f 136/136/3 144/144/3 141/141/3
f 129/129/1 140/140/1 132/132/1
f 129/129/1 137/137/1 140/140/1
f 145/145/6 150/150/6 146/146/6
f 145/145/6 149/149/6 150/150/6
f 154/154/5 157/157/5 153/153/5
f 154/154/5 158/158/5 157/157/5
f 149/149/3 158/158/3 150/150/3
f 149/149/3 157/157/3 158/158/3
f 146/146/1 153/153/1 145/145/1
f 146/146/1 154/154/1 153/153/1
f 146/146/4 151/151/4 147/147/4
f 146/146/4 150/150/4 151/151/4
f 155/155/2 158/158/2 154/154/2
f 155/155/2 159/159/2 158/158/2
f 150/150/3 159/159/3 151/151/3
f 150/150/3 158/158/3 159/159/3
f 147/147/1 154/154/1 146/146/1
f 147/147/1 155/155/1 154/154/1
f 147/147/5 152/152/5 148/148/5
f 147/147/5 151/151/5 152/152/5
f 156/156/6 159/159/6 155/155/6
f 156/156/6 160/160/6 159/159/6
f 151/151/3 160/160/3 152/152/3
f 151/151/3 159/159/3 160/160/3
f 148/148/1 155/155/1 147/147/1
f 148/148/1 156/156/1 155/155/1
f 148/148/2 149/149/2 145/145/2
f 148/148/2 152/152/2 149/149/2
f 153/153/4 160/160/4 156/156/4
f 153/153/4 157/157/4 160/160/4
f 152/152/3 157/157/3 149/149/3
f 152/152/3 160/160/3 157/157/3
f 145/145/1 156/156/1 148/148/1
f 145/145/1 153/153/1 156/156/1
f 161/161/6 166/166/6 162/162/6
f 161/161/6 165/165/6 166/166/6
f 170/170/5 173/173/5 169/169/5
f 170/170/5 174/174/5 173/173/5
f 165/165/3 174/174/3 166/166/3
f 165/165/3 173/173/3 174/174/3
f 162/162/1 169/169/1 161/161/1
f 162/162/1 170/170/1 169/169/1
f 162/162/4 167/167/4 163/163/4
f 162/162/4 166/166/4 167/167/4
f 171/171/2 174/174/2 170/170/2
f 171/171/2 175/175/2 174/174/2
f 166/166/3 175/175/3 167/167/3
f 166/166/3 174/174/3 175/175/3
f 163/163/1 170/170/1 162/162/1
f 163/163/1 171/171/1 170/170/1
f 163/163/5 168/168/5 164/164/5
f 163/163/5 167/167/5 168/168/5
f 172/172/6 175/175/6 171/171/6
f 172/172/6 176/176/6 175/175/6
f 167/167/3 176/176/3 168/168/3
f 167/167/3 175/175/3 176/176/3
f 164/164/1 171/171/1 163/163/1
f 164/164/1 172/172/1 171/171/1
f 164/164/2 165/165/2 161/161/2
f 164/164/2 168/168/2 165/165/2
f 169/169/4 176/176/4 172/172/4
f 169/169/4 173/173/4 176/176/4
f 168/168/3 173/173/3 165/165/3
f 168/168/3 176/176/3 173/173/3
f 161/161/1 172/172/1 164/164/1
f 161/161/1 169/169/1 172/172/1
f 177/177/6 182/182/6 178/178/6
f 177/177/6 181/181/6 182/182/6
f 186/186/5 189/189/5 185/185/5
f 186/186/5 190/190/5 189/189/5
f 181/181/4 190/190/4 182/182/4
f 181/181/4 189/189/4 190/190/4
f 178/178/2 185/185/2 177/177/2
f 178/178/2 186/186/2 185/185/2
f 178/178/1 183/183/1 179/179/1
f 178/178/1 182/182/1 183/183/1
f 187/187/3 190/190/3 186/186/3
f 187/187/3 191/191/3 190/190/3
f 182/182/4 191/191/4 183/183/4
f 182/182/4 190/190/4 191/191/4
f 179/179/2 186/186/2 178/178/2
f 179/179/2 187/187/2 186/186/2
f 179/179/5 184/184/5 180/180/5
f 179/179/5 183/183/5 184/184/5
f 188/188/6 191/191/6 187/187/6
f 188/188/6 192/192/6 191/191/6
f 183/183/4 192/192/4 184/184/4
f 183/183/4 191/191/4 192/192/4
f 180/180/2 187/187/2 179/179/2
f 180/180/2 188/188/2 187/187/2
f 180/180/3 181/181/3 177/177/3
f 180/180/3 184/184/3 181/181/3
f 185/185/1 192/192/1 188/188/1
f 185/185/1 189/189/1 192/192/1
f 184/184/4 189/189/4 181/181/4
f 184/184/4 192/192/4 189/189/4
f 177/177/2 188/188/2 180/180/2
f 177/177/2 185/185/2 188/188/2
f 193/193/6 198/198/6 194/194/6
f 193/193/6 197/197/6 198/198/6
f 202/202/5 205/205/5 201/201/5
f 202/202/5 206/206/5 205/205/5
f 197/197/4 206/206/4 198/198/4
f 197/197/4 205/205/4 206/206/4
f 194/194/2 201/201/2 193/193/2
f 194/194/2 202/202/2 201/201/2
f 194/194/1 199/199/1 195/195/1
f 194/194/1 198/198/1 199/199/1
f 203/203/3 206/206/3 202/202/3
f 203/203/3 207/207/3 206/206/3
f 198/198/4 207/207/4 199/199/4
f 198/198/4 206/206/4 207/207/4
f 195/195/2 202/202/2 194/194/2
f 195/195/2 203/203/2 202/202/2
f 195/195/5 200/200/5 196/196/5
f 195/195/5 199/199/5 200/200/5
f 204/204/6 207/207/6 203/203/6
f 204/204/6 208/208/6 207/207/6
f 199/199/4 208/208/4 200/200/4
f 199/199/4 207/207/4 208/208/4
f 196/196/2 203/203/2 195/195/2
f 196/196/2 204/204/2 203/203/2
f 196/196/3 197/197/3 193/193/3
f 196/196/3 200/200/3 197/197/3
f 201/201/1 208/208/1 204/204/1
f 201/201/1 205/205/1 208/208/1
f 200/200/4 205/205/4 197/197/4
f 200/200/4 208/208/4 205/205/4
f 193/193/2 204/204/2 196/196/2
f 193/193/2 201/201/2 204/204/2
f 209/209/6 214/214/6 210/210/6
f 209/209/6 213/213/6 214/214/6
f 218/218/5 221/221/5 217/217/5
f 218/218/5 222/222/5 221/221/5
f 213/213/4 222/222/4 214/214/4
f 213/213/4 221/221/4 222/222/4
f 210/210/2 217/217/2 209/209/2
f 210/210/2 218/218/2 217/217/2
f 210/210/1 215/215/1 211/211/1
f 210/210/1 214/214/1 215/215/1
f 219/219/3 222/222/3 218/218/3
f 219/219/3 223/223/3 222/222/3
f 214/214/4 223/223/4 215/215/4
f 214/214/4 222/222/4 223/223/4
f 211/211/2 218/218/2 210/210/2
f 211/211/2 219/219/2 218/218/2
f 211/211/5 216/216/5 212/212/5
f 211/211/5 215/215/5 216/216/5
f 220/220/6 223/223/6 219/219/6
f 220/220/6 224/224/6 223/223/6
f 215/215/4 224/224/4 216/216/4
f 215/215/4 223/223/4 224/224/4
f 212/212/2 219/219/2 211/211/2
f 212/212/2 220/220/2 219/219/2
f 212/212/3 213/213/3 209/209/3
f 212/212/3 216/216/3 213/213/3
f 217/217/1 224/224/1 220/220/1
f 217/217/1 221/221/1 224/224/1
f 216/216/4 221/221/4 213/213/4
f 216/216/4 224/224/4 221/221/4
f 209/209/2 220/220/2 212/212/2
f 209/209/2 217/217/2 220/220/2
f 225/225/6 230/230/6 226/226/6
f 225/225/6 229/229/6 230/230/6
f 234/234/5 237/237/5 233/233/5
f 234/234/5 238/238/5 237/237/5
f 229/229/4 238/238/4 230/230/4
f 229/229/4 237/237/4 238/238/4
f 226/226/2 233/233/2 225/225/2
f 226/226/2 234/234/2 233/233/2
f 226/226/1 231/231/1 227/227/1
f 226/226/1 230/230/1 231/231/1
f 235/235/3 238/238/3 234/234/3
f 235/235/3 239/239/3 238/238/3
f 230/230/4 239/239/4 231/231/4
f 230/230/4 238/238/4 239/239/4
f 227/227/2 234/234/2 226/226/2
f 227/227/2 235/235/2 234/234/2
f 227/227/5 232/232/5 228/228/5
f 227/227/5 231/231/5 232/232/5
f 236/236/6 239/239/6 235/235/6
f 236/236/6 240/240/6 239/239/6
f 231/231/4 240/240/4 232/232/4
f 231/231/4 239/239/4 240/240/4
f 228/228/2 235/235/2 227/227/2
f 228/228/2 236/236/2 235/235/2
f 228/228/3 229/229/3 225/225/3
f 228/228/3 232/232/3 229/229/3
f 233/233/1 240/240/1 236/236/1
f 233/233/1 237/237/1 240/240/1
f 232/232/4 237/237/4 229/229/4
f 232/232/4 240/240/4 237/237/4
f 225/225/2 236/236/2 228/228/2
f 225/225/2 233/233/2 236/236/2
f 241/241/1 246/246/1 242/242/1
f 241/241/1 245/245/1 246/246/1
f 250/250/3 253/253/3 249/249/3
f 250/250/3 254/254/3 253/253/3
f 245/245/5 254/254/5 246/246/5
f 245/245/5 253/253/5 254/254/5
f 242/242/6 249/249/6 241/241/6
f 242/242/6 250/250/6 249/249/6
f 242/242/2 247/247/2 243/243/2
f 242/242/2 246/246/2 247/247/2
f 251/251/4 254/254/4 250/250/4
f 251/251/4 255/255/4 254/254/4
f 246/246/5 255/255/5 247/247/5
f 246/246/5 254/254/5 255/255/5
f 243/243/6 250/250/6 242/242/6
f 243/243/6 251/251/6 250/250/6
f 243/243/3 248/248/3 244/244/3
f 243/243/3 247/247/3 248/248/3
f 252/252/1 255/255/1 251/251/1
f 252/252/1 256/256/1 255/255/1
f 247/247/5 256/256/5 248/248/5
f 247/247/5 255/255/5 256/256/5
f 244/244/6 251/251/6 243/243/6
f 244/244/6 252/252/6 251/251/6
f 244/244/4 245/245/4 241/241/4
f 244/244/4 248/248/4 245/245/4
f 249/249/2 256/256/2 252/252/2
f 249/249/2 253/253/2 256/256/2
f 248/248/5 253/253/5 245/245/5
f 248/248/5 256/256/5 253/253/5
f 241/241/6 252/252/6 244/244/6
f 241/241/6 249/249/6 252/252/6
f 257/257/1 262/262/1 258/258/1
f 257/257/1 261/261/1 262/262/1
f 266/266/3 269/269/3 265/265/3
f 266/266/3 270/270/3 269/269/3
f 261/261/5 270/270/5 262/262/5
f 261/261/5 269/269/5 270/270/5
f 258/258/6 265/265/6 257/257/6
f 258/258/6 266/266/6 265/265/6
f 258/258/2 263/263/2 259/259/2
f 258/258/2 262/262/2 263/263/2
f 267/267/4 270/270/4 266/266/4
f 267/267/4 271/271/4 270/270/4
f 262/262/5 271/271/5 263/263/5
f 262/262/5 270/270/5 271/271/5
f 259/259/6 266/266/6 258/258/6
f 259/259/6 267/267/6 266/266/6
f 259/259/3 264/264/3 260/260/3
f 259/259/3 263/263/3 264/264/3
f 268/268/1 271/271/1 267/267/1
f 268/268/1 272/272/1 271/271/1
f 263/263/5 272/272/5 264/264/5
f 263/263/5 271/271/5 272/272/5
f 260/260/6 267/267/6 259/259/6
f 260/260/6 268/268/6 267/267/6
f 260/260/4 261/261/4 257/257/4
f 260/260/4 264/264/4 261/261/4
f 265/265/2 272/272/2 268/268/2
f 265/265/2 269/269/2 272/272/2
f 264/264/5 269/269/5 261/261/5
f 264/264/5 272/272/5 269/269/5
f 257/257/6 268/268/6 260/260/6
f 257/257/6 265/265/6 268/268/6
f 273/273/1 278/278/1 274/274/1
f 273/273/1 277/277/1 278/278/1
f 282/282/3 285/285/3 281/281/3
f 282/282/3 286/286/3 285/285/3
f 277/277/5 286/286/5 278/278/5
f 277/277/5 285/285/5 286/286/5
f 274/274/6 281/281/6 273/273/6
f 274/274/6 282/282/6 281/281/6
f 274/274/2 279/279/2 275/275/2
f 274/274/2 278/278/2 279/279/2
f 283/283/4 286/286/4 282/282/4
f 283/283/4 287/287/4 286/286/4
f 278/278/5 287/287/5 279/279/5
f 278/278/5 286/286/5 287/287/5
f 275/275/6 282/282/6 274/274/6
f 275/275/6 283/283/6 282/282/6
f 275/275/3 280/280/3 276/276/3
f 275/275/3 279/279/3 280/280/3
f 284/284/1 287/287/1 283/283/1
f 284/284/1 288/288/1 287/287/1
f 279/279/5 288/288/5 280/280/5
f 279/279/5 287/287/5 288/288/5
f 276/276/6 283/283/6 275/275/6
f 276/276/6 284/284/6 283/283/6
f 276/276/4 277/277/4 273/273/4
f 276/276/4 280/280/4 277/277/4
f 281/281/2 288/288/2 284/284/2
f 281/281/2 285/285/2 288/288/2
f 280/280/5 285/285/5 277/277/5
f 280/280/5 288/288/5 285/285/5
f 273/273/6 284/284/6 276/276/6
f 273/273/6 281/281/6 284/284/6
f 289/289/2 290/290/2 294/294/2
f 289/289/2 294/294/2 293/293/2
f 290/290/1 291/291/1 295/295/1
f 290/290/1 295/295/1 294/294/1
f 291/291/4 292/292/4 296/296/4
f 291/291/4 296/296/4 295/295/4
f 292/292/3 289/289/3 293/293/3
f 292/292/3 293/293/3 296/296/3
f 293/293/5 294/294/5 295/295/5
f 293/293/5 295/295/5 296/296/5
f 292/292/6 291/291/6 290/290/6
f 292/292/6 290/290/6 289/289/6
f 297/297/3 298/298/3 302/302/3
f 297/297/3 302/302/3 301/301/3
f 298/298/2 299/299/2 303/303/2
f 298/298/2 303/303/2 302/302/2
f 299/299/1 300/300/1 304/304/1
f 299/299/1 304/304/1 303/303/1
f 300/300/4 297/297/4 301/301/4
f 300/300/4 301/301/4 304/304/4
f 301/301/5 302/302/5 303/303/5
f 301/301/5 303/303/5 304/304/5
f 300/300/6 299/299/6 298/298/6
f 300/300/6 298/298/6 297/297/6
f 305/305/2 306/306/2 310/310/2
f 305/305/2 310/310/2 309/309/2
f 306/306/1 307/307/1 311/311/1
f 306/306/1 311/311/1 310/310/1
f 307/307/4 308/308/4 312/312/4
f 307/307/4 312/312/4 311/311/4
f 308/308/3 305/305/3 309/309/3
f 308/308/3 309/309/3 312/312/3
f 309/309/5 310/310/5 311/311/5
f 309/309/5 311/311/5 312/312/5
f 308/308/6 307/307/6 306/306/6
f 308/308/6 306/306/6 305/305/6
f 313/313/3 314/314/3 318/318/3
f 313/313/3 318/318/3 317/317/3
f 314/314/2 315/315/2 319/319/2
f 314/314/2 319/319/2 318/318/2
f 315/315/1 316/316/1 320/320/1
f 315/315/1 320/320/1 319/319/1
f 316/316/4 313/313/4 317/317/4
f 316/316/4 317/317/4 320/320/4
f 317/317/5 318/318/5 319/319/5
f 317/317/5 319/319/5 320/320/5
f 316/316/6 315/315/6 314/314/6
f 316/316/6 314/314/6 313/313/6
f 321/321/4 322/322/4 326/326/4
f 321/321/4 326/326/4 325/325/4
f 322/322/3 323/323/3 327/327/3
f 322/322/3 327/327/3 326/326/3
f 323/323/2 324/324/2 328/328/2
f 323/323/2 328/328/2 327/327/2
f 324/324/1 321/321/1 325/325/1
f 324/324/1 325/325/1 328/328/1
f 325/325/5 326/326/5 327/327/5
f 325/325/5 327/327/5 328/328/5
f 324/324/6 323/323/6 322/322/6
f 324/324/6 322/322/6 321/321/6
f 329/329/1 330/330/1 334/334/1
f 329/329/1 334/334/1 333/333/1
f 330/330/4 331/331/4 335/335/4
f 330/330/4 335/335/4 334/334/4
f 331/331/3 332/332/3 336/336/3
f 331/331/3 336/336/3 335/335/3
f 332/332/2 329/329/2 333/333/2
f 332/332/2 333/333/2 336/336/2
f 333/333/5 334/334/5 335/335/5
f 333/333/5 335/335/5 336/336/5
f 332/332/6 331/331/6 330/330/6
f 332/332/6 330/330/6 329/329/6
f 337/337/4 338/338/4 342/342/4
f 337/337/4 342/342/4 341/341/4
f 338/338/3 339/339/3 343/343/3
f 338/338/3 343/343/3 342/342/3
f 339/339/2 340/340/2 344/344/2
f 339/339/2 344/344/2 343/343/2
f 340/340/1 337/337/1 341/341/1
f 340/340/1 341/341/1 344/344/1
f 341/341/5 342/342/5 343/343/5
f 341/341/5 343/343/5 344/344/5
f 340/340/6 339/339/6 338/338/6
f 340/340/6 338/338/6 337/337/6
f 345/345/1 346/346/1 350/350/1
f 345/345/1 350/350/1 349/349/1
f 346/346/4 347/347/4 351/351/4
f 346/346/4 351/351/4 350/350/4
f 347/347/3 348/348/3 352/352/3
f 347/347/3 352/352/3 351/351/3
f 348/348/2 345/345/2 349/349/2
f 348/348/2 349/349/2 352/352/2
f 349/349/5 350/350/5 351/351/5
f 349/349/5 351/351/5 352/352/5
f 348/348/6 347/347/6 346/346/6
f 348/348/6 346/346/6 345/345/6
f 353/353/3 354/354/3 358/358/3
f 353/353/3 358/358/3 357/357/3
f 354/354/2 355/355/2 359/359/2
f 354/354/2 359/359/2 358/358/2
f 355/355/1 356/356/1 360/360/1
f 355/355/1 360/360/1 359/359/1
f 356/356/4 353/353/4 357/357/4
f 356/356/4 357/357/4 360/360/4
f 357/357/5 358/358/5 359/359/5
f 357/357/5 359/359/5 360/360/5
f 356/356/6 355/355/6 354/354/6
f 356/356/6 354/354/6 353/353/6
f 361/361/4 362/362/4 366/366/4
f 361/361/4 366/366/4 365/365/4
f 362/362/3 363/363/3 367/367/3
f 362/362/3 367/367/3 366/366/3
f 363/363/2 364/364/2 368/368/2
f 363/363/2 368/368/2 367/367/2
f 364/364/1 361/361/1 365/365/1
f 364/364/1 365/365/1 368/368/1
f 365/365/5 366/366/5 367/367/5
f 365/365/5 367/367/5 368/368/5
f 364/364/6 363/363/6 362/362/6
f 364/364/6 362/362/6 361/361/6
f 369/369/3 370/370/3 374/374/3
f 369/369/3 374/374/3 373/373/3
f 370/370/2 371/371/2 375/375/2
f 370/370/2 375/375/2 374/374/2
f 371/371/1 372/372/1 376/376/1
f 371/371/1 376/376/1 375/375/1
f 372/372/4 369/369/4 373/373/4
f 372/372/4 373/373/4 376/376/4
f 373/373/5 374/374/5 375/375/5
f 373/373/5 375/375/5 376/376/5
f 372/372/6 371/371/6 370/370/6
f 372/372/6 370/370/6 369/369/6
f 377/377/4 378/378/4 382/382/4
f 377/377/4 382/382/4 381/381/4
f 378/378/3 379/379/3 383/383/3
f 378/378/3 383/383/3 382/382/3
f 379/379/2 380/380/2 384/384/2
f 379/379/2 384/384/2 383/383/2
f 380/380/1 377/377/1 381/381/1
f 380/380/1 381/381/1 384/384/1
f 381/381/5 382/382/5 383/383/5
f 381/381/5 383/383/5 384/384/5
f 380/380/6 379/379/6 378/378/6
f 380/380/6 378/378/6 377/377/6
f 385/385/1 386/386/1 390/390/1
f 385/385/1 390/390/1 389/389/1
f 386/386/4 387/387/4 391/391/4
f 386/386/4 391/391/4 390/390/4
f 387/387/3 388/388/3 392/392/3
f 387/387/3 392/392/3 391/391/3
f 388/388/2 385/385/2 389/389/2
f 388/388/2 389/389/2 392/392/2
f 389/389/5 390/390/5 391/391/5
f 389/389/5 391/391/5 392/392/5
f 388/388/6 387/387/6 386/386/6
f 388/388/6 386/386/6 385/385/6
f 393/393/2 394/394/2 398/398/2
f 393/393/2 398/398/2 397/397/2
f 394/394/1 395/395/1 399/399/1
f 394/394/1 399/399/1 398/398/1
f 395/395/4 396/396/4 400/400/4
f 395/395/4 400/400/4 399/399/4
f 396/396/3 393/393/3 397/397/3
f 396/396/3 397/397/3 400/400/3
f 397/397/5 398/398/5 399/399/5
f 397/397/5 399/399/5 400/400/5
f 396/396/6 395/395/6 394/394/6
f 396/396/6 394/394/6 393/393/6
f 401/401/1 402/402/1 406/406/1
f 401/401/1 406/406/1 405/405/1
f 402/402/4 403/403/4 407/407/4
f 402/402/4 407/407/4 406/406/4
f 403/403/3 404/404/3 408/408/3
f 403/403/3 408/408/3 407/407/3
f 404/404/2 401/401/2 405/405/2
f 404/404/2 405/405/2 408/408/2
f 405/405/5 406/406/5 407/407/5
f 405/405/5 407/407/5 408/408/5
f 404/404/6 403/403/6 402/402/6
f 404/404/6 402/402/6 401/401/6
f 409/409/2 410/410/2 414/414/2
f 409/409/2 414/414/2 413/413/2
f 410/410/1 411/411/1 415/415/1
f 410/410/1 415/415/1 414/414/1
f 411/411/4 412/412/4 416/416/4
f 411/411/4 416/416/4 415/415/4
f 412/412/3 409/409/3 413/413/3
f 412/412/3 413/413/3 416/416/3
f 413/413/5 414/414/5 415/415/5
f 413/413/5 415/415/5 416/416/5
f 412/412/6 411/411/6 410/410/6
f 412/412/6 410/410/6 409/409/6
f 417/417/7 428/428/7 418/418/7
f 417/417/7 427/427/7 428/428/7
f 418/418/8 429/429/8 419/419/8
f 418/418/8 428/428/8 429/429/8
f 419/419/9 430/430/9 420/420/9
f 419/419/9 429/429/9 430/430/9
f 420/420/10 431/431/10 421/421/10
f 420/420/10 430/430/10 431/431/10
f 421/421/11 432/432/11 422/422/11
f 421/421/11 431/431/11 432/432/11
f 422/422/12 433/433/12 423/423/12
f 422/422/12 432/432/12 433/433/12
f 423/423/13 434/434/13 424/424/13
f 423/423/13 433/433/13 434/434/13
f 424/424/14 435/435/14 425/425/14
f 424/424/14 434/434/14 435/435/14
f 425/425/15 436/436/15 426/426/15
f 425/425/15 435/435/15 436/436/15
f 426/426/16 427/427/16 417/417/16
f 426/426/16 436/436/16 427/427/16
f 426/426/6 424/424/6 425/425/6
f 426/426/6 423/423/6 424/424/6
f 426/426/6 422/422/6 423/423/6
f 426/426/6 421/421/6 422/422/6
f 426/426/6 420/420/6 421/421/6
f 426/426/6 419/419/6 420/420/6
f 426/426/6 418/418/6 419/419/6
f 426/426/6 417/417/6 418/418/6
f 427/427/17 438/438/17 428/428/17
f 427/427/17 437/437/17 438/438/17
f 428/428/18 439/439/18 429/429/18
f 428/428/18 438/438/18 439/439/18
f 429/429/19 440/440/19 430/430/19
f 429/429/19 439/439/19 440/440/19
f 430/430/20 441/441/20 431/431/20
f 430/430/20 440/440/20 441/441/20
f 431/431/21 442/442/21 432/432/21
f 431/431/21 441/441/21 442/442/21
f 432/432/22 443/443/22 433/433/22
f 432/432/22 442/442/22 443/443/22
f 433/433/23 444/444/23 434/434/23
f 433/433/23 443/443/23 444/444/23
f 434/434/24 445/445/24 435/435/24
f 434/434/24 444/444/24 445/445/24
f 435/435/25 446/446/25 436/436/25
f 435/435/25 445/445/25 446/446/25
f 436/436/26 437/437/26 427/427/26
f 436/436/26 446/446/26 437/437/26
f 437/437/27 448/448/27 438/438/27
f 437/437/27 447/447/27 448/448/27
f 438/438/28 449/449/28 439/439/28
f 438/438/28 448/448/28 449/449/28
f 439/439/29 450/450/29 440/440/29
f 439/439/29 449/449/29 450/450/29
f 440/440/30 451/451/30 441/441/30
f 440/440/30 450/450/30 451/451/30
f 441/441/31 452/452/31 442/442/31
f 441/441/31 451/451/31 452/452/31
f 442/442/32 453/453/32 443/443/32
f 442/442/32 452/452/32 453/453/32
f 443/443/33 454/454/33 444/444/33
f 443/443/33 453/453/33 454/454/33
f 444/444/34 455/455/34 445/445/34
f 444/444/34 454/454/34 455/455/34
f 445/445/35 456/456/35 446/446/35
f 445/445/35 455/455/35 456/456/35
f 446/446/36 447/447/36 437/437/36
f 446/446/36 456/456/36 447/447/36
f 447/447/37 457/457/37 448/448/37
f 448/448/38 457/457/38 449/449/38
f 449/449/39 457/457/39 450/450/39
f 450/450/40 457/457/40 451/451/40
f 451/451/41 457/457/41 452/452/41
f 452/452/42 457/457/42 453/453/42
f 453/453/43 457/457/43 454/454/43
f 454/454/44 457/457/44 455/455/44
f 455/455/45 457/457/45 456/456/45
f 456/456/46 457/457/46 447/447/46
f 458/458/1 463/463/1 459/459/1
f 458/458/1 462/462/1 463/463/1
f 459/459/2 464/464/2 460/460/2
f 459/459/2 463/463/2 464/464/2
f 460/460/3 465/465/3 461/461/3
f 460/460/3 464/464/3 465/465/3
f 461/461/4 462/462/4 458/458/4
f 461/461/4 465/465/4 462/462/4
f 462/462/5 464/464/5 463/463/5
f 462/462/5 465/465/5 464/464/5
f 461/461/6 459/459/6 460/460/6
f 461/461/6 458/458/6 459/459/6
f 466/466/6 471/471/6 467/467/6
f 466/466/6 470/470/6 471/471/6
f 475/475/5 478/478/5 474/474/5
f 475/475/5 479/479/5 478/478/5
f 470/470/1 479/479/1 471/471/1
f 470/470/1 478/478/1 479/479/1
f 467/467/3 474/474/3 466/466/3
f 467/467/3 475/475/3 474/474/3
f 467/467/2 472/472/2 468/468/2
f 467/467/2 471/471/2 472/472/2
f 476/476/4 479/479/4 475/475/4
f 476/476/4 480/480/4 479/479/4
f 471/471/1 480/480/1 472/472/1
f 471/471/1 479/479/1 480/480/1
f 468/468/3 475/475/3 467/467/3
f 468/468/3 476/476/3 475/475/3
f 468/468/5 473/473/5 469/469/5
f 468/468/5 472/472/5 473/473/5
f 477/477/6 480/480/6 476/476/6
f 477/477/6 481/481/6 480/480/6
f 472/472/1 481/481/1 473/473/1
f 472/472/1 480/480/1 481/481/1
f 469/469/3 476/476/3 468/468/3
f 469/469/3 477/477/3 476/476/3
f 469/469/4 470/470/4 466/466/4
f 469/469/4 473/473/4 470/470/4
f 474/474/2 481/481/2 477/477/2
f 474/474/2 478/478/2 481/481/2
f 473/473/1 478/478/1 470/470/1
f 473/473/1 481/481/1 478/478/1
f 466/466/3 477/477/3 469/469/3
f 466/466/3 474/474/3 477/477/3
f 482/482/6 487/487/6 483/483/6
f 482/482/6 486/486/6 487/487/6
f 491/491/5 494/494/5 490/490/5
f 491/491/5 495/495/5 494/494/5
f 486/486/1 495/495/1 487/487/1
f 486/486/1 494/494/1 495/495/1
f 483/483/3 490/490/3 482/482/3
f 483/483/3 491/491/3 490/490/3
f 483/483/2 488/488/2 484/484/2
f 483/483/2 487/487/2 488/488/2
f 492/492/4 495/495/4 491/491/4
f 492/492/4 496/496/4 495/495/4
f 487/487/1 496/496/1 488/488/1
f 487/487/1 495/495/1 496/496/1
f 484/484/3 491/491/3 483/483/3
f 484/484/3 492/492/3 491/491/3
f 484/484/5 489/489/5 485/485/5
f 484/484/5 488/488/5 489/489/5
f 493/493/6 496/496/6 492/492/6
f 493/493/6 497/497/6 496/496/6
f 488/488/1 497/497/1 489/489/1
f 488/488/1 496/496/1 497/497/1
f 485/485/3 492/492/3 484/484/3
f 485/485/3 493/493/3 492/492/3
f 485/485/4 486/486/4 482/482/4
f 485/485/4 489/489/4 486/486/4
f 490/490/2 497/497/2 493/493/2
f 490/490/2 494/494/2 497/497/2
f 489/489/1 494/494/1 486/486/1
f 489/489/1 497/497/1 494/494/1
f 482/482/3 493/493/3 485/485/3
f 482/482/3 490/490/3 493/493/3
f 498/498/6 503/503/6 499/499/6
f 498/498/6 502/502/6 503/503/6
f 507/507/5 510/510/5 506/506/5
f 507/507/5 511/511/5 510/510/5
f 502/502/1 511/511/1 503/503/1
f 502/502/1 510/510/1 511/511/1
f 499/499/3 506/506/3 498/498/3
f 499/499/3 507/507/3 506/506/3
f 499/499/2 504/504/2 500/500/2
f 499/499/2 503/503/2 504/504/2
f 508/508/4 511/511/4 507/507/4
f 508/508/4 512/512/4 511/511/4
f 503/503/1 512/512/1 504/504/1
f 503/503/1 511/511/1 512/512/1
f 500/500/3 507/507/3 499/499/3
f 500/500/3 508/508/3 507/507/3
f 500/500/5 505/505/5 501/501/5
f 500/500/5 504/504/5 505/505/5
f 509/509/6 512/512/6 508/508/6
f 509/509/6 513/513/6 512/512/6
f 504/504/1 513/513/1 505/505/1
f 504/504/1 512/512/1 513/513/1
f 501/501/3 508/508/3 500/500/3
f 501/501/3 509/509/3 508/508/3
f 501/501/4 502/502/4 498/498/4
f 501/501/4 505/505/4 502/502/4
f 506/506/2 513/513/2 509/509/2
f 506/506/2 510/510/2 513/513/2
f 505/505/1 510/510/1 502/502/1
f 505/505/1 513/513/1 510/510/1
f 498/498/3 509/509/3 501/501/3
f 498/498/3 506/506/3 509/509/3
f 514/514/6 521/521/6 515/515/6
f 514/514/6 520/520/6 521/521/6
f 527/527/5 532/532/5 526/526/5
f 527/527/5 533/533/5 532/532/5
f 520/520/1 533/533/1 521/521/1
f 520/520/1 532/532/1 533/533/1
f 515/515/3 526/526/3 514/514/3
f 515/515/3 527/527/3 526/526/3
f 515/515/2 522/522/2 516/516/2
f 515/515/2 521/521/2 522/522/2
f 528/528/4 533/533/4 527/527/4
f 528/528/4 534/534/4 533/533/4
f 521/521/1 534/534/1 522/522/1
f 521/521/1 533/533/1 534/534/1
f 516/516/3 527/527/3 515/515/3
f 516/516/3 528/528/3 527/527/3
f 516/516/47 523/523/47 517/517/47
f 516/516/47 522/522/47 523/523/47
f 529/529/48 534/534/48 528/528/48
f 529/529/48 535/535/48 534/534/48
f 522/522/1 535/535/1 523/523/1
f 522/522/1 534/534/1 535/535/1
f 517/517/3 528/528/3 516/516/3
f 517/517/3 529/529/3 528/528/3
f 517/517/5 524/524/5 518/518/5
f 517/517/5 523/523/5 524/524/5
f 530/530/6 535/535/6 529/529/6
f 530/530/6 536/536/6 535/535/6
f 523/523/1 536/536/1 524/524/1
f 523/523/1 535/535/1 536/536/1
f 518/518/3 529/529/3 517/517/3
f 518/518/3 530/530/3 529/529/3
f 518/518/49 525/525/49 519/519/49
f 518/518/49 524/524/49 525/525/49
f 531/531/50 536/536/50 530/530/50
f 531/531/50 537/537/50 536/536/50
f 524/524/1 537/537/1 525/525/1
f 524/524/1 536/536/1 537/537/1
f 519/519/3 530/530/3 518/518/3
f 519/519/3 531/531/3 530/530/3
f 519/519/4 520/520/4 514/514/4
f 519/519/4 525/525/4 520/520/4
f 526/526/2 537/537/2 531/531/2
f 526/526/2 532/532/2 537/537/2
f 525/525/1 532/532/1 520/520/1
f 525/525/1 537/537/1 532/532/1
f 514/514/3 531/531/3 519/519/3
f 514/514/3 526/526/3 531/531/3
f 538/538/6 543/543/6 539/539/6
f 538/538/6 542/542/6 543/543/6
f 547/547/5 550/550/5 546/546/5
f 547/547/5 551/551/5 550/550/5
f 542/542/1 551/551/1 543/543/1
f 542/542/1 550/550/1 551/551/1
f 539/539/3 546/546/3 538/538/3
f 539/539/3 547/547/3 546/546/3
f 539/539/2 544/544/2 540/540/2
f 539/539/2 543/543/2 544/544/2
f 548/548/4 551/551/4 547/547/4
f 548/548/4 552/552/4 551/551/4
f 543/543/1 552/552/1 544/544/1
f 543/543/1 551/551/1 552/552/1
f 540/540/3 547/547/3 539/539/3
f 540/540/3 548/548/3 547/547/3
f 540/540/5 545/545/5 541/541/5
f 540/540/5 544/544/5 545/545/5
f 549/549/6 552/552/6 548/548/6
f 549/549/6 553/553/6 552/552/6
f 544/544/1 553/553/1 545/545/1
f 544/544/1 552/552/1 553/553/1
f 541/541/3 548/548/3 540/540/3
f 541/541/3 549/549/3 548/548/3
f 541/541/4 542/542/4 538/538/4
f 541/541/4 545/545/4 542/542/4
f 546/546/2 553/553/2 549/549/2
f 546/546/2 550/550/2 553/553/2
f 545/545/1 550/550/1 542/542/1
f 545/545/1 553/553/1 550/550/1
f 538/538/3 549/549/3 541/541/3
f 538/538/3 546/546/3 549/549/3
f 554/554/6 559/559/6 555/555/6
f 554/554/6 558/558/6 559/559/6
f 563/563/5 566/566/5 562/562/5
f 563/563/5 567/567/5 566/566/5
f 558/558/1 567/567/1 559/559/1
f 558/558/1 566/566/1 567/567/1
f 555/555/3 562/562/3 554/554/3
f 555/555/3 563/563/3 562/562/3
f 555/555/2 560/560/2 556/556/2
f 555/555/2 559/559/2 560/560/2
f 564/564/4 567/567/4 563/563/4
f 564/564/4 568/568/4 567/567/4
f 559/559/1 568/568/1 560/560/1
f 559/559/1 567/567/1 568/568/1
f 556/556/3 563/563/3 555/555/3
f 556/556/3 564/564/3 563/563/3
f 556/556/5 561/561/5 557/557/5
f 556/556/5 560/560/5 561/561/5
f 565/565/6 568/568/6 564/564/6
f 565/565/6 569/569/6 568/568/6
f 560/560/1 569/569/1 561/561/1
f 560/560/1 568/568/1 569/569/1
f 557/557/3 564/564/3 556/556/3
f 557/557/3 565/565/3 564/564/3
f 557/557/4 558/558/4 554/554/4
f 557/557/4 561/561/4 558/558/4
f 562/562/2 569/569/2 565/565/2
f 562/562/2 566/566/2 569/569/2
f 561/561/1 566/566/1 558/558/1
f 561/561/1 569/569/1 566/566/1
f 554/554/3 565/565/3 557/557/3
f 554/554/3 562/562/3 565/565/3
f 570/570/6 575/575/6 571/571/6
f 570/570/6 574/574/6 575/575/6
f 579/579/5 582/582/5 578/578/5
f 579/579/5 583/583/5 582/582/5
f 574/574/2 583/583/2 575/575/2
f 574/574/2 582/582/2 583/583/2
f 571/571/4 578/578/4 570/570/4
f 571/571/4 579/579/4 578/578/4
f 571/571/3 576/576/3 572/572/3
f 571/571/3 575/575/3 576/576/3
f 580/580/1 583/583/1 579/579/1
f 580/580/1 584/584/1 583/583/1
f 575/575/2 584/584/2 576/576/2
f 575/575/2 583/583/2 584/584/2
f 572/572/4 579/579/4 571/571/4
f 572/572/4 580/580/4 579/579/4
f 572/572/5 577/577/5 573/573/5
f 572/572/5 576/576/5 577/577/5
f 581/581/6 584/584/6 580/580/6
f 581/581/6 585/585/6 584/584/6
f 576/576/2 585/585/2 577/577/2
f 576/576/2 584/584/2 585/585/2
f 573/573/4 580/580/4 572/572/4
f 573/573/4 581/581/4 580/580/4
f 573/573/1 574/574/1 570/570/1
f 573/573/1 577/577/1 574/574/1
f 578/578/3 585/585/3 581/581/3
f 578/578/3 582/582/3 585/585/3
f 577/577/2 582/582/2 574/574/2
f 577/577/2 585/585/2 582/582/2
f 570/570/4 581/581/4 573/573/4
f 570/570/4 578/578/4 581/581/4
f 586/586/6 593/593/6 587/587/6
f 586/586/6 592/592/6 593/593/6
f 599/599/5 604/604/5 598/598/5
f 599/599/5 605/605/5 604/604/5
f 592/592/2 605/605/2 593/593/2
f 592/592/2 604/604/2 605/605/2
f 587/587/4 598/598/4 586/586/4
f 587/587/4 599/599/4 598/598/4
f 587/587/3 594/594/3 588/588/3
f 587/587/3 593/593/3 594/594/3
f 600/600/1 605/605/1 599/599/1
f 600/600/1 606/606/1 605/605/1
f 593/593/2 606/606/2 594/594/2
f 593/593/2 605/605/2 606/606/2
f 588/588/4 599/599/4 587/587/4
f 588/588/4 600/600/4 599/599/4
f 588/588/51 595/595/51 589/589/51
f 588/588/51 594/594/51 595/595/51
f 601/601/52 606/606/52 600/600/52
f 601/601/52 607/607/52 606/606/52
f 594/594/2 607/607/2 595/595/2
f 594/594/2 606/606/2 607/607/2
f 589/589/4 600/600/4 588/588/4
f 589/589/4 601/601/4 600/600/4
f 589/589/5 596/596/5 590/590/5
f 589/589/5 595/595/5 596/596/5
f 602/602/6 607/607/6 601/601/6
f 602/602/6 608/608/6 607/607/6
f 595/595/2 608/608/2 596/596/2
f 595/595/2 607/607/2 608/608/2
f 590/590/4 601/601/4 589/589/4
f 590/590/4 602/602/4 601/601/4
f 590/590/53 597/597/53 591/591/53
f 590/590/53 596/596/53 597/597/53
f 603/603/54 608/608/54 602/602/54
f 603/603/54 609/609/54 608/608/54
f 596/596/2 609/609/2 597/597/2
f 596/596/2 608/608/2 609/609/2
f 591/591/4 602/602/4 590/590/4
f 591/591/4 603/603/4 602/602/4
f 591/591/1 592/592/1 586/586/1
f 591/591/1 597/597/1 592/592/1
f 598/598/3 609/609/3 603/603/3
f 598/598/3 604/604/3 609/609/3
f 597/597/2 604/604/2 592/592/2
f 597/597/2 609/609/2 604/604/2
f 586/586/4 603/603/4 591/591/4
f 586/586/4 598/598/4 603/603/4
f 610/610/6 615/615/6 611/611/6
f 610/610/6 614/614/6 615/615/6
f 619/619/5 622/622/5 618/618/5
f 619/619/5 623/623/5 622/622/5
f 614/614/2 623/623/2 615/615/2
f 614/614/2 622/622/2 623/623/2
f 611/611/4 618/618/4 610/610/4
f 611/611/4 619/619/4 618/618/4
f 611/611/3 616/616/3 612/612/3
f 611/611/3 615/615/3 616/616/3
f 620/620/1 623/623/1 619/619/1
f 620/620/1 624/624/1 623/623/1
f 615/615/2 624/624/2 616/616/2
f 615/615/2 623/623/2 624/624/2
f 612/612/4 619/619/4 611/611/4
f 612/612/4 620/620/4 619/619/4
f 612/612/5 617/617/5 613/613/5
f 612/612/5 616/616/5 617/617/5
f 621/621/6 624/624/6 620/620/6
f 621/621/6 625/625/6 624/624/6
f 616/616/2 625/625/2 617/617/2
f 616/616/2 624/624/2 625/625/2
f 613/613/4 620/620/4 612/612/4
f 613/613/4 621/621/4 620/620/4
f 613/613/1 614/614/1 610/610/1
f 613/613/1 617/617/1 614/614/1
f 618/618/3 625/625/3 621/621/3
f 618/618/3 622/622/3 625/625/3
f 617/617/2 622/622/2 614/614/2
f 617/617/2 625/625/2 622/622/2
f 610/610/4 621/621/4 613/613/4
f 610/610/4 618/618/4 621/621/4
f 626/626/6 631/631/6 627/627/6
f 626/626/6 630/630/6 631/631/6
f 635/635/5 638/638/5 634/634/5
f 635/635/5 639/639/5 638/638/5
f 630/630/2 639/639/2 631/631/2
f 630/630/2 638/638/2 639/639/2
f 627/627/4 634/634/4 626/626/4
f 627/627/4 635/635/4 634/634/4
f 627/627/3 632/632/3 628/628/3
f 627/627/3 631/631/3 632/632/3
f 636/636/1 639/639/1 635/635/1
f 636/636/1 640/640/1 639/639/1
f 631/631/2 640/640/2 632/632/2
f 631/631/2 639/639/2 640/640/2
f 628/628/4 635/635/4 627/627/4
f 628/628/4 636/636/4 635/635/4
f 628/628/5 633/633/5 629/629/5
f 628/628/5 632/632/5 633/633/5
f 637/637/6 640/640/6 636/636/6
f 637/637/6 641/641/6 640/640/6
f 632/632/2 641/641/2 633/633/2
f 632/632/2 640/640/2 641/641/2
f 629/629/4 636/636/4 628/628/4
f 629/629/4 637/637/4 636/636/4
f 629/629/1 630/630/1 626/626/1
f 629/629/1 633/633/1 630/630/1
f 634/634/3 641/641/3 637/637/3
f 634/634/3 638/638/3 641/641/3
f 633/633/2 638/638/2 630/630/2
f 633/633/2 641/641/2 638/638/2
f 626/626/4 637/637/4 629/629/4
f 626/626/4 634/634/4 637/637/4
f 642/642/6 647/647/6 643/643/6
f 642/642/6 646/646/6 647/647/6
f 651/651/5 654/654/5 650/650/5
f 651/651/5 655/655/5 654/654/5
f 646/646/3 655/655/3 647/647/3
f 646/646/3 654/654/3 655/655/3
f 643/643/1 650/650/1 642/642/1
f 643/643/1 651/651/1 650/650/1
f 643/643/4 648/648/4 644/644/4
f 643/643/4 647/647/4 648/648/4
f 652/652/2 655/655/2 651/651/2
f 652/652/2 656/656/2 655/655/2
f 647/647/3 656/656/3 648/648/3
f 647/647/3 655/655/3 656/656/3
f 644/644/1 651/651/1 643/643/1
f 644/644/1 652/652/1 651/651/1
f 644/644/5 649/649/5 645/645/5
f 644/644/5 648/648/5 649/649/5
f 653/653/6 656/656/6 652/652/6
f 653/653/6 657/657/6 656/656/6
f 648/648/3 657/657/3 649/649/3
f 648/648/3 656/656/3 657/657/3
f 645/645/1 652/652/1 644/644/1
f 645/645/1 653/653/1 652/652/1
f 645/645/2 646/646/2 642/642/2
f 645/645/2 649/649/2 646/646/2
f 650/650/4 657/657/4 653/653/4
f 650/650/4 654/654/4 657/657/4
f 649/649/3 654/654/3 646/646/3
f 649/649/3 657/657/3 654/654/3
f 642/642/1 653/653/1 645/645/1
f 642/642/1 650/650/1 653/653/1
f 658/658/6 665/665/6 659/659/6
f 658/658/6 664/664/6 665/665/6
f 671/671/5 676/676/5 670/670/5
f 671/671/5 677/677/5 676/676/5
f 664/664/3 677/677/3 665/665/3
f 664/664/3 676/676/3 677/677/3
f 659/659/1 670/670/1 658/658/1
f 659/659/1 671/671/1 670/670/1
f 659/659/4 666/666/4 660/660/4
f 659/659/4 665/665/4 666/666/4
f 672/672/2 677/677/2 671/671/2
f 672/672/2 678/678/2 677/677/2
f 665/665/3 678/678/3 666/666/3
f 665/665/3 677/677/3 678/678/3
f 660/660/1 671/671/1 659/659/1
f 660/660/1 672/672/1 671/671/1
f 660/660/49 667/667/49 661/661/49
f 660/660/49 666/666/49 667/667/49
f 673/673/50 678/678/50 672/672/50
f 673/673/50 679/679/50 678/678/50
f 666/666/3 679/679/3 667/667/3
f 666/666/3 678/678/3 679/679/3
f 661/661/1 672/672/1 660/660/1
f 661/661/1 673/673/1 672/672/1
f 661/661/5 668/668/5 662/662/5
f 661/661/5 667/667/5 668/668/5
f 674/674/6 679/679/6 673/673/6
f 674/674/6 680/680/6 679/679/6
f 667/667/3 680/680/3 668/668/3
f 667/667/3 679/679/3 680/680/3
f 662/662/1 673/673/1 661/661/1
f 662/662/1 674/674/1 673/673/1
f 662/662/47 669/669/47 663/663/47
f 662/662/47 668/668/47 669/669/47
f 675/675/48 680/680/48 674/674/48
f 675/675/48 681/681/48 680/680/48
f 668/668/3 681/681/3 669/669/3
f 668/668/3 680/680/3 681/681/3
f 663/663/1 674/674/1 662/662/1
f 663/663/1 675/675/1 674/674/1
f 663/663/2 664/664/2 658/658/2
f 663/663/2 669/669/2 664/664/2
f 670/670/4 681/681/4 675/675/4
f 670/670/4 676/676/4 681/681/4
f 669/669/3 676/676/3 664/664/3
f 669/669/3 681/681/3 676/676/3
f 658/658/1 675/675/1 663/663/1
f 658/658/1 670/670/1 675/675/1
f 682/682/6 687/687/6 683/683/6
f 682/682/6 686/686/6 687/687/6
f 691/691/5 694/694/5 690/690/5
f 691/691/5 695/695/5 694/694/5
f 686/686/3 695/695/3 687/687/3
f 686/686/3 694/694/3 695/695/3
f 683/683/1 690/690/1 682/682/1
f 683/683/1 691/691/1 690/690/1
f 683/683/4 688/688/4 684/684/4
f 683/683/4 687/687/4 688/688/4
f 692/692/2 695/695/2 691/691/2
f 692/692/2 696/696/2 695/695/2
f 687/687/3 696/696/3 688/688/3
f 687/687/3 695/695/3 696/696/3
f 684/684/1 691/691/1 683/683/1
f 684/684/1 692/692/1 691/691/1
f 684/684/5 689/689/5 685/685/5
f 684/684/5 688/688/5 689/689/5
f 693/693/6 696/696/6 692/692/6
f 693/693/6 697/697/6 696/696/6
f 688/688/3 697/697/3 689/689/3
f 688/688/3 696/696/3 697/697/3
f 685/685/1 692/692/1 684/684/1
f 685/685/1 693/693/1 692/692/1
f 685/685/2 686/686/2 682/682/2
f 685/685/2 689/689/2 686/686/2
f 690/690/4 697/697/4 693/693/4
f 690/690/4 694/694/4 697/697/4
f 689/689/3 694/694/3 686/686/3
f 689/689/3 697/697/3 694/694/3
f 682/682/1 693/693/1 685/685/1
f 682/682/1 690/690/1 693/693/1
f 698/698/6 703/703/6 699/699/6
f 698/698/6 702/702/6 703/703/6
f 707/707/5 710/710/5 706/706/5
f 707/707/5 711/711/5 710/710/5
f 702/702/3 711/711/3 703/703/3
f 702/702/3 710/710/3 711/711/3
f 699/699/1 706/706/1 698/698/1
f 699/699/1 707/707/1 706/706/1
f 699/699/4 704/704/4 700/700/4
f 699/699/4 703/703/4 704/704/4
f 708/708/2 711/711/2 707/707/2
f 708/708/2 712/712/2 711/711/2
f 703/703/3 712/712/3 704/704/3
f 703/703/3 711/711/3 712/712/3
f 700/700/1 707/707/1 699/699/1
f 700/700/1 708/708/1 707/707/1
f 700/700/5 705/705/5 701/701/5
f 700/700/5 704/704/5 705/705/5
f 709/709/6 712/712/6 708/708/6
f 709/709/6 713/713/6 712/712/6
f 704/704/3 713/713/3 705/705/3
f 704/704/3 712/712/3 713/713/3
f 701/701/1 708/708/1 700/700/1
f 701/701/1 709/709/1 708/708/1
f 701/701/2 702/702/2 698/698/2
f 701/701/2 705/705/2 702/702/2
f 706/706/4 713/713/4 709/709/4
f 706/706/4 710/710/4 713/713/4
f 705/705/3 710/710/3 702/702/3
f 705/705/3 713/713/3 710/710/3
f 698/698/1 709/709/1 701/701/1
f 698/698/1 706/706/1 709/709/1
f 714/714/6 719/719/6 715/715/6
f 714/714/6 718/718/6 719/719/6
f 723/723/5 726/726/5 722/722/5
f 723/723/5 727/727/5 726/726/5
f 718/718/3 727/727/3 719/719/3
f 718/718/3 726/726/3 727/727/3
f 715/715/1 722/722/1 714/714/1
f 715/715/1 723/723/1 722/722/1
f 715/715/4 720/720/4 716/716/4
f 715/715/4 719/719/4 720/720/4
f 724/724/2 727/727/2 723/723/2
f 724/724/2 728/728/2 727/727/2
f 719/719/3 728/728/3 720/720/3
f 719/719/3 727/727/3 728/728/3
f 716/716/1 723/723/1 715/715/1
f 716/716/1 724/724/1 723/723/1
f 716/716/5 721/721/5 717/717/5
f 716/716/5 720/720/5 721/721/5
f 725/725/6 728/728/6 724/724/6
f 725/725/6 729/729/6 728/728/6
f 720/720/3 729/729/3 721/721/3
f 720/720/3 728/728/3 729/729/3
f 717/717/1 724/724/1 716/716/1
f 717/717/1 725/725/1 724/724/1
f 717/717/2 718/718/2 714/714/2
f 717/717/2 721/721/2 718/718/2
f 722/722/4 729/729/4 725/725/4
f 722/722/4 726/726/4 729/729/4
f 721/721/3 726/726/3 718/718/3
f 721/721/3 729/729/3 726/726/3
f 714/714/1 725/725/1 717/717/1
f 714/714/1 722/722/1 725/725/1
f 730/730/6 735/735/6 731/731/6
f 730/730/6 734/734/6 735/735/6
f 739/739/5 742/742/5 738/738/5
f 739/739/5 743/743/5 742/742/5
f 734/734/3 743/743/3 735/735/3
f 734/734/3 742/742/3 743/743/3
f 731/731/1 738/738/1 730/730/1
f 731/731/1 739/739/1 738/738/1
f 731/731/4 736/736/4 732/732/4
f 731/731/4 735/735/4 736/736/4
f 740/740/2 743/743/2 739/739/2
f 740/740/2 744/744/2 743/743/2
f 735/735/3 744/744/3 736/736/3
f 735/735/3 743/743/3 744/744/3
f 732/732/1 739/739/1 731/731/1
f 732/732/1 740/740/1 739/739/1
f 732/732/5 737/737/5 733/733/5
f 732/732/5 736/736/5 737/737/5
f 741/741/6 744/744/6 740/740/6
f 741/741/6 745/745/6 744/744/6
f 736/736/3 745/745/3 737/737/3
f 736/736/3 744/744/3 745/745/3
f 733/733/1 740/740/1 732/732/1
f 733/733/1 741/741/1 740/740/1
f 733/733/2 734/734/2 730/730/2
f 733/733/2 737/737/2 734/734/2
f 738/738/4 745/745/4 741/741/4
f 738/738/4 742/742/4 745/745/4
f 737/737/3 742/742/3 734/734/3
f 737/737/3 745/745/3 742/742/3
f 730/730/1 741/741/1 733/733/1
f 730/730/1 738/738/1 741/741/1
f 746/746/1 747/747/1 751/751/1
f 746/746/1 751/751/1 750/750/1
f 747/747/4 748/748/4 752/752/4
f 747/747/4 752/752/4 751/751/4
f 748/748/3 749/749/3 753/753/3
f 748/748/3 753/753/3 752/752/3
f 749/749/2 746/746/2 750/750/2
f 749/749/2 750/750/2 753/753/2
f 750/750/5 751/751/5 752/752/5
f 750/750/5 752/752/5 753/753/5
f 749/749/6 748/748/6 747/747/6
f 749/749/6 747/747/6 746/746/6
f 754/754/6 759/759/6 755/755/6
f 754/754/6 758/758/6 759/759/6
f 763/763/5 766/766/5 762/762/5
f 763/763/5 767/767/5 766/766/5
f 758/758/4 767/767/4 759/759/4
f 758/758/4 766/766/4 767/767/4
f 755/755/2 762/762/2 754/754/2
f 755/755/2 763/763/2 762/762/2
f 755/755/1 760/760/1 756/756/1
f 755/755/1 759/759/1 760/760/1
f 764/764/3 767/767/3 763/763/3
f 764/764/3 768/768/3 767/767/3
f 759/759/4 768/768/4 760/760/4
f 759/759/4 767/767/4 768/768/4
f 756/756/2 763/763/2 755/755/2
f 756/756/2 764/764/2 763/763/2
f 756/756/5 761/761/5 757/757/5
f 756/756/5 760/760/5 761/761/5
f 765/765/6 768/768/6 764/764/6
f 765/765/6 769/769/6 768/768/6
f 760/760/4 769/769/4 761/761/4
f 760/760/4 768/768/4 769/769/4
f 757/757/2 764/764/2 756/756/2
f 757/757/2 765/765/2 764/764/2
f 757/757/3 758/758/3 754/754/3
f 757/757/3 761/761/3 758/758/3
f 762/762/1 769/769/1 765/765/1
f 762/762/1 766/766/1 769/769/1
f 761/761/4 766/766/4 758/758/4
f 761/761/4 769/769/4 766/766/4
f 754/754/2 765/765/2 757/757/2
f 754/754/2 762/762/2 765/765/2
f 770/770/6 775/775/6 771/771/6
f 770/770/6 774/774/6 775/775/6
f 779/779/5 782/782/5 778/778/5
f 779/779/5 783/783/5 782/782/5
f 774/774/4 783/783/4 775/775/4
f 774/774/4 782/782/4 783/783/4
f 771/771/2 778/778/2 770/770/2
f 771/771/2 779/779/2 778/778/2
f 771/771/1 776/776/1 772/772/1
f 771/771/1 775/775/1 776/776/1
f 780/780/3 783/783/3 779/779/3
f 780/780/3 784/784/3 783/783/3
f 775/775/4 784/784/4 776/776/4
f 775/775/4 783/783/4 784/784/4
f 772/772/2 779/779/2 771/771/2
f 772/772/2 780/780/2 779/779/2
f 772/772/5 777/777/5 773/773/5
f 772/772/5 776/776/5 777/777/5
f 781/781/6 784/784/6 780/780/6
f 781/781/6 785/785/6 784/784/6
f 776/776/4 785/785/4 777/777/4
f 776/776/4 784/784/4 785/785/4
f 773/773/2 780/780/2 772/772/2
f 773/773/2 781/781/2 780/780/2
f 773/773/3 774/774/3 770/770/3
f 773/773/3 777/777/3 774/774/3
f 778/778/1 785/785/1 781/781/1
f 778/778/1 782/782/1 785/785/1
f 777/777/4 782/782/4 774/774/4
f 777/777/4 785/785/4 782/782/4
f 770/770/2 781/781/2 773/773/2
f 770/770/2 778/778/2 781/781/2
f 786/786/6 791/791/6 787/787/6
f 786/786/6 790/790/6 791/791/6
f 795/795/5 798/798/5 794/794/5
f 795/795/5 799/799/5 798/798/5
f 790/790/4 799/799/4 791/791/4
f 790/790/4 798/798/4 799/799/4
f 787/787/2 794/794/2 786/786/2
f 787/787/2 795/795/2 794/794/2
f 787/787/1 792/792/1 788/788/1
f 787/787/1 791/791/1 792/792/1
f 796/796/3 799/799/3 795/795/3
f 796/796/3 800/800/3 799/799/3
f 791/791/4 800/800/4 792/792/4
f 791/791/4 799/799/4 800/800/4
f 788/788/2 795/795/2 787/787/2
f 788/788/2 796/796/2 795/795/2
f 788/788/5 793/793/5 789/789/5
f 788/788/5 792/792/5 793/793/5
f 797/797/6 800/800/6 796/796/6
f 797/797/6 801/801/6 800/800/6
f 792/792/4 801/801/4 793/793/4
f 792/792/4 800/800/4 801/801/4
f 789/789/2 796/796/2 788/788/2
f 789/789/2 797/797/2 796/796/2
f 789/789/3 790/790/3 786/786/3
f 789/789/3 793/793/3 790/790/3
f 794/794/1 801/801/1 797/797/1
f 794/794/1 798/798/1 801/801/1
f 793/793/4 798/798/4 790/790/4
f 793/793/4 801/801/4 798/798/4
f 786/786/2 797/797/2 789/789/2
f 786/786/2 794/794/2 797/797/2
f 802/802/6 807/807/6 803/803/6
f 802/802/6 806/806/6 807/807/6
f 811/811/5 814/814/5 810/810/5
f 811/811/5 815/815/5 814/814/5
f 806/806/4 815/815/4 807/807/4
f 806/806/4 814/814/4 815/815/4
f 803/803/2 810/810/2 802/802/2
f 803/803/2 811/811/2 810/810/2
f 803/803/1 808/808/1 804/804/1
f 803/803/1 807/807/1 808/808/1
f 812/812/3 815/815/3 811/811/3
f 812/812/3 816/816/3 815/815/3
f 807/807/4 816/816/4 808/808/4
f 807/807/4 815/815/4 816/816/4
f 804/804/2 811/811/2 803/803/2
f 804/804/2 812/812/2 811/811/2
f 804/804/5 809/809/5 805/805/5
f 804/804/5 808/808/5 809/809/5
f 813/813/6 816/816/6 812/812/6
f 813/813/6 817/817/6 816/816/6
f 808/808/4 817/817/4 809/809/4
f 808/808/4 816/816/4 817/817/4
f 805/805/2 812/812/2 804/804/2
f 805/805/2 813/813/2 812/812/2
f 805/805/3 806/806/3 802/802/3
f 805/805/3 809/809/3 806/806/3
f 810/810/1 817/817/1 813/813/1
f 810/810/1 814/814/1 817/817/1
f 809/809/4 814/814/4 806/806/4
f 809/809/4 817/817/4 814/814/4
f 802/802/2 813/813/2 805/805/2
f 802/802/2 810/810/2 813/813/2
f 818/818/1 823/823/1 819/819/1
f 818/818/1 822/822/1 823/823/1
f 827/827/3 830/830/3 826/826/3
f 827/827/3 831/831/3 830/830/3
f 822/822/5 831/831/5 823/823/5
f 822/822/5 830/830/5 831/831/5
f 819/819/6 826/826/6 818/818/6
f 819/819/6 827/827/6 826/826/6
f 819/819/2 824/824/2 820/820/2
f 819/819/2 823/823/2 824/824/2
f 828/828/4 831/831/4 827/827/4
f 828/828/4 832/832/4 831/831/4
f 823/823/5 832/832/5 824/824/5
f 823/823/5 831/831/5 832/832/5
f 820/820/6 827/827/6 819/819/6
f 820/820/6 828/828/6 827/827/6
f 820/820/3 825/825/3 821/821/3
f 820/820/3 824/824/3 825/825/3
f 829/829/1 832/832/1 828/828/1
f 829/829/1 833/833/1 832/832/1
f 824/824/5 833/833/5 825/825/5
f 824/824/5 832/832/5 833/833/5
f 821/821/6 828/828/6 820/820/6
f 821/821/6 829/829/6 828/828/6
f 821/821/4 822/822/4 818/818/4
f 821/821/4 825/825/4 822/822/4
f 826/826/2 833/833/2 829/829/2
f 826/826/2 830/830/2 833/833/2
f 825/825/5 830/830/5 822/822/5
f 825/825/5 833/833/5 830/830/5
f 818/818/6 829/829/6 821/821/6
f 818/818/6 826/826/6 829/829/6
f 834/834/1 839/839/1 835/835/1
f 834/834/1 838/838/1 839/839/1
f 843/843/3 846/846/3 842/842/3
f 843/843/3 847/847/3 846/846/3
f 838/838/5 847/847/5 839/839/5
f 838/838/5 846/846/5 847/847/5
f 835/835/6 842/842/6 834/834/6
f 835/835/6 843/843/6 842/842/6
f 835/835/2 840/840/2 836/836/2
f 835/835/2 839/839/2 840/840/2
f 844/844/4 847/847/4 843/843/4
f 844/844/4 848/848/4 847/847/4
f 839/839/5 848/848/5 840/840/5
f 839/839/5 847/847/5 848/848/5
f 836/836/6 843/843/6 835/835/6
f 836/836/6 844/844/6 843/843/6
f 836/836/3 841/841/3 837/837/3
f 836/836/3 840/840/3 841/841/3
f 845/845/1 848/848/1 844/844/1
f 845/845/1 849/849/1 848/848/1
f 840/840/5 849/849/5 841/841/5
f 840/840/5 848/848/5 849/849/5
f 837/837/6 844/844/6 836/836/6
f 837/837/6 845/845/6 844/844/6
f 837/837/4 838/838/4 834/834/4
f 837/837/4 841/841/4 838/838/4
f 842/842/2 849/849/2 845/845/2
f 842/842/2 846/846/2 849/849/2
f 841/841/5 846/846/5 838/838/5
f 841/841/5 849/849/5 846/846/5
f 834/834/6 845/845/6 837/837/6
f 834/834/6 842/842/6 845/845/6
f 850/850/1 855/855/1 851/851/1
f 850/850/1 854/854/1 855/855/1
f 859/859/3 862/862/3 858/858/3
f 859/859/3 863/863/3 862/862/3
f 854/854/5 863/863/5 855/855/5
f 854/854/5 862/862/5 863/863/5
f 851/851/6 858/858/6 850/850/6
f 851/851/6 859/859/6 858/858/6
f 851/851/2 856/856/2 852/852/2
f 851/851/2 855/855/2 856/856/2
f 860/860/4 863/863/4 859/859/4
f 860/860/4 864/864/4 863/863/4
f 855/855/5 864/864/5 856/856/5
f 855/855/5 863/863/5 864/864/5
f 852/852/6 859/859/6 851/851/6
f 852/852/6 860/860/6 859/859/6
f 852/852/3 857/857/3 853/853/3
f 852/852/3 856/856/3 857/857/3
f 861/861/1 864/864/1 860/860/1
f 861/861/1 865/865/1 864/864/1
f 856/856/5 865/865/5 857/857/5
f 856/856/5 864/864/5 865/865/5
f 853/853/6 860/860/6 852/852/6
f 853/853/6 861/861/6 860/860/6
f 853/853/4 854/854/4 850/850/4
f 853/853/4 857/857/4 854/854/4
f 858/858/2 865/865/2 861/861/2
f 858/858/2 862/862/2 865/865/2
f 857/857/5 862/862/5 854/854/5
f 857/857/5 865/865/5 862/862/5
f 850/850/6 861/861/6 853/853/6
f 850/850/6 858/858/6 861/861/6
f 866/866/2 867/867/2 871/871/2
f 866/866/2 871/871/2 870/870/2
f 867/867/1 868/868/1 872/872/1
f 867/867/1 872/872/1 871/871/1
f 868/868/4 869/869/4 873/873/4
f 868/868/4 873/873/4 872/872/4
f 869/869/3 866/866/3 870/870/3
f 869/869/3 870/870/3 873/873/3
f 870/870/5 871/871/5 872/872/5
f 870/870/5 872/872/5 873/873/5
f 869/869/6 868/868/6 867/867/6
f 869/869/6 867/867/6 866/866/6
f 874/874/3 875/875/3 879/879/3
f 874/874/3 879/879/3 878/878/3
f 875/875/2 876/876/2 880/880/2
f 875/875/2 880/880/2 879/879/2
f 876/876/1 877/877/1 881/881/1
f 876/876/1 881/881/1 880/880/1
f 877/877/4 874/874/4 878/878/4
f 877/877/4 878/878/4 881/881/4
f 878/878/5 879/879/5 880/880/5
f 878/878/5 880/880/5 881/881/5
f 877/877/6 876/876/6 875/875/6
f 877/877/6 875/875/6 874/874/6
f 882/882/2 883/883/2 887/887/2
f 882/882/2 887/887/2 886/886/2
f 883/883/1 884/884/1 888/888/1
f 883/883/1 888/888/1 887/887/1
f 884/884/4 885/885/4 889/889/4
f 884/884/4 889/889/4 888/888/4
f 885/885/3 882/882/3 886/886/3
f 885/885/3 886/886/3 889/889/3
f 886/886/5 887/887/5 888/888/5
f 886/886/5 888/888/5 889/889/5
f 885/885/6 884/884/6 883/883/6
f 885/885/6 883/883/6 882/882/6
f 890/890/3 891/891/3 895/895/3
f 890/890/3 895/895/3 894/894/3
f 891/891/2 892/892/2 896/896/2
f 891/891/2 896/896/2 895/895/2
f 892/892/1 893/893/1 897/897/1
f 892/892/1 897/897/1 896/896/1
f 893/893/4 890/890/4 894/894/4
f 893/893/4 894/894/4 897/897/4
f 894/894/5 895/895/5 896/896/5
f 894/894/5 896/896/5 897/897/5
f 893/893/6 892/892/6 891/891/6
f 893/893/6 891/891/6 890/890/6
f 898/898/4 899/899/4 903/903/4
f 898/898/4 903/903/4 902/902/4
f 899/899/3 900/900/3 904/904/3
f 899/899/3 904/904/3 903/903/3
f 900/900/2 901/901/2 905/905/2
f 900/900/2 905/905/2 904/904/2
f 901/901/1 898/898/1 902/902/1
f 901/901/1 902/902/1 905/905/1
f 902/902/5 903/903/5 904/904/5
f 902/902/5 904/904/5 905/905/5
f 901/901/6 900/900/6 899/899/6
f 901/901/6 899/899/6 898/898/6
f 906/906/1 907/907/1 911/911/1
f 906/906/1 911/911/1 910/910/1
f 907/907/4 908/908/4 912/912/4
f 907/907/4 912/912/4 911/911/4
f 908/908/3 909/909/3 913/913/3
f 908/908/3 913/913/3 912/912/3
f 909/909/2 906/906/2 910/910/2
f 909/909/2 910/910/2 913/913/2
f 910/910/5 911/911/5 912/912/5
f 910/910/5 912/912/5 913/913/5
f 909/909/6 908/908/6 907/907/6
f 909/909/6 907/907/6 906/906/6
f 914/914/4 915/915/4 919/919/4
f 914/914/4 919/919/4 918/918/4
f 915/915/3 916/916/3 920/920/3
f 915/915/3 920/920/3 919/919/3
f 916/916/2 917/917/2 921/921/2
f 916/916/2 921/921/2 920/920/2
f 917/917/1 914/914/1 918/918/1
f 917/917/1 918/918/1 921/921/1
f 918/918/5 919/919/5 920/920/5
f 918/918/5 920/920/5 921/921/5
f 917/917/6 916/916/6 915/915/6
f 917/917/6 915/915/6 914/914/6
f 922/922/1 923/923/1 927/927/1
f 922/922/1 927/927/1 926/926/1
f 923/923/4 924/924/4 928/928/4
f 923/923/4 928/928/4 927/927/4
f 924/924/3 925/925/3 929/929/3
f 924/924/3 929/929/3 928/928/3
f 925/925/2 922/922/2 926/926/2
f 925/925/2 926/926/2 929/929/2
f 926/926/5 927/927/5 928/928/5
f 926/926/5 928/928/5 929/929/5
f 925/925/6 924/924/6 923/923/6
f 925/925/6 923/923/6 922/922/6
f 930/930/3 931/931/3 935/935/3
f 930/930/3 935/935/3 934/934/3
f 931/931/2 932/932/2 936/936/2
f 931/931/2 936/936/2 935/935/2
f 932/932/1 933/933/1 937/937/1
f 932/932/1 937/937/1 936/936/1
f 933/933/4 930/930/4 934/934/4
f 933/933/4 934/934/4 937/937/4
f 934/934/5 935/935/5 936/936/5
f 934/934/5 936/936/5 937/937/5
f 933/933/6 932/932/6 931/931/6
f 933/933/6 931/931/6 930/930/6
f 938/938/4 939/939/4 943/943/4
f 938/938/4 943/943/4 942/942/4
f 939/939/3 940/940/3 944/944/3
f 939/939/3 944/944/3 943/943/3
f 940/940/2 941/941/2 945/945/2
f 940/940/2 945/945/2 944/944/2
f 941/941/1 938/938/1 942/942/1
f 941/941/1 942/942/1 945/945/1
f 942/942/5 943/943/5 944/944/5
f 942/942/5 944/944/5 945/945/5
f 941/941/6 940/940/6 939/939/6
f 941/941/6 939/939/6 938/938/6
f 946/946/3 947/947/3 951/951/3
f 946/946/3 951/951/3 950/950/3
f 947/947/2 948/948/2 952/952/2
f 947/947/2 952/952/2 951/951/2
f 948/948/1 949/949/1 953/953/1
f 948/948/1 953/953/1 952/952/1
f 949/949/4 946/946/4 950/950/4
f 949/949/4 950/950/4 953/953/4
f 950/950/5 951/951/5 952/952/5
f 950/950/5 952/952/5 953/953/5
f 949/949/6 948/948/6 947/947/6
f 949/949/6 947/947/6 946/946/6
f 954/954/4 955/955/4 959/959/4
f 954/954/4 959/959/4 958/958/4
f 955/955/3 956/956/3 960/960/3
f 955/955/3 960/960/3 959/959/3
f 956/956/2 957/957/2 961/961/2
f 956/956/2 961/961/2 960/960/2
f 957/957/1 954/954/1 958/958/1
f 957/957/1 958/958/1 961/961/1
f 958/958/5 959/959/5 960/960/5
f 958/958/5 960/960/5 961/961/5
f 957/957/6 956/956/6 955/955/6
f 957/957/6 955/955/6 954/954/6
f 962/962/1 963/963/1 967/967/1
f 962/962/1 967/967/1 966/966/1
f 963/963/4 964/964/4 968/968/4
f 963/963/4 968/968/4 967/967/4
f 964/964/3 965/965/3 969/969/3
f 964/964/3 969/969/3 968/968/3
f 965/965/2 962/962/2 966/966/2
f 965/965/2 966/966/2 969/969/2
f 966/966/5 967/967/5 968/968/5
f 966/966/5 968/968/5 969/969/5
f 965/965/6 964/964/6 963/963/6
f 965/965/6 963/963/6 962/962/6
f 970/970/2 971/971/2 975/975/2
f 970/970/2 975/975/2 974/974/2
f 971/971/1 972/972/1 976/976/1
f 971/971/1 976/976/1 975/975/1
f 972/972/4 973/973/4 977/977/4
f 972/972/4 977/977/4 976/976/4
f 973/973/3 970/970/3 974/974/3
f 973/973/3 974/974/3 977/977/3
f 974/974/5 975/975/5 976/976/5
f 974/974/5 976/976/5 977/977/5
f 973/973/6 972/972/6 971/971/6
f 973/973/6 971/971/6 970/970/6
f 978/978/1 979/979/1 983/983/1
f 978/978/1 983/983/1 982/982/1
f 979/979/4 980/980/4 984/984/4
f 979/979/4 984/984/4 983/983/4
f 980/980/3 981/981/3 985/985/3
f 980/980/3 985/985/3 984/984/3
f 981/981/2 978/978/2 982/982/2
f 981/981/2 982/982/2 985/985/2
f 982/982/5 983/983/5 984/984/5
f 982/982/5 984/984/5 985/985/5
f 981/981/6 980/980/6 979/979/6
f 981/981/6 979/979/6 978/978/6
f 986/986/2 987/987/2 991/991/2
f 986/986/2 991/991/2 990/990/2
f 987/987/1 988/988/1 992/992/1
f 987/987/1 992/992/1 991/991/1
f 988/988/4 989/989/4 993/993/4
f 988/988/4 993/993/4 992/992/4
f 989/989/3 986/986/3 990/990/3
f 989/989/3 990/990/3 993/993/3
f 990/990/5 991/991/5 992/992/5
f 990/990/5 992/992/5 993/993/5
f 989/989/6 988/988/6 987/987/6
f 989/989/6 987/987/6 986/986/6
f 994/994/55 999/999/55 995/995/55
f 994/994/55 998/998/55 999/999/55
f 995/995/56 1000/1000/56 996/996/56
f 995/995/56 999/999/56 1000/1000/56
f 996/996/57 1001/1001/57 997/997/57
f 996/996/57 1000/1000/57 1001/1001/57
f 997/997/58 998/998/58 994/994/58
f 997/997/58 1001/1001/58 998/998/58
f 998/998/5 1000/1000/5 999/999/5
f 998/998/5 1001/1001/5 1000/1000/5
f 997/997/6 995/995/6 996/996/6
f 997/997/6 994/994/6 995/995/6
f 1002/1002/6 1007/1007/6 1003/1003/6
f 1002/1002/6 1006/1006/6 1007/1007/6
f 1011/1011/5 1014/1014/5 1010/1010/5
f 1011/1011/5 1015/1015/5 1014/1014/5
f 1006/1006/55 1015/1015/55 1007/1007/55
f 1006/1006/55 1014/1014/55 1015/1015/55
f 1003/1003/57 1010/1010/57 1002/1002/57
f 1003/1003/57 1011/1011/57 1010/1010/57
f 1003/1003/56 1008/1008/56 1004/1004/56
f 1003/1003/56 1007/1007/56 1008/1008/56
f 1012/1012/58 1015/1015/58 1011/1011/58
f 1012/1012/58 1016/1016/58 1015/1015/58
f 1007/1007/55 1016/1016/55 1008/1008/55
f 1007/1007/55 1015/1015/55 1016/1016/55
f 1004/1004/57 1011/1011/57 1003/1003/57
f 1004/1004/57 1012/1012/57 1011/1011/57
f 1004/1004/5 1009/1009/5 1005/1005/5
f 1004/1004/5 1008/1008/5 1009/1009/5
f 1013/1013/6 1016/1016/6 1012/1012/6
f 1013/1013/6 1017/1017/6 1016/1016/6
f 1008/1008/55 1017/1017/55 1009/1009/55
f 1008/1008/55 1016/1016/55 1017/1017/55
f 1005/1005/57 1012/1012/57 1004/1004/57
f 1005/1005/57 1013/1013/57 1012/1012/57
f 1005/1005/58 1006/1006/58 1002/1002/58
f 1005/1005/58 1009/1009/58 1006/1006/58
f 1010/1010/56 1017/1017/56 1013/1013/56
f 1010/1010/56 1014/1014/56 1017/1017/56
f 1009/1009/55 1014/1014/55 1006/1006/55
f 1009/1009/55 1017/1017/55 1014/1014/55
f 1002/1002/57 1013/1013/57 1005/1005/57
f 1002/1002/57 1010/1010/57 1013/1013/57
f 1018/1018/6 1023/1023/6 1019/1019/6
f 1018/1018/6 1022/1022/6 1023/1023/6
f 1027/1027/5 1030/1030/5 1026/1026/5
f 1027/1027/5 1031/1031/5 1030/1030/5
f 1022/1022/55 1031/1031/55 1023/1023/55
f 1022/1022/55 1030/1030/55 1031/1031/55
f 1019/1019/57 1026/1026/57 1018/1018/57
f 1019/1019/57 1027/1027/57 1026/1026/57
f 1019/1019/56 1024/1024/56 1020/1020/56
f 1019/1019/56 1023/1023/56 1024/1024/56
f 1028/1028/58 1031/1031/58 1027/1027/58
f 1028/1028/58 1032/1032/58 1031/1031/58
f 1023/1023/55 1032/1032/55 1024/1024/55
f 1023/1023/55 1031/1031/55 1032/1032/55
f 1020/1020/57 1027/1027/57 1019/1019/57
f 1020/1020/57 1028/1028/57 1027/1027/57
f 1020/1020/5 1025/1025/5 1021/1021/5
f 1020/1020/5 1024/1024/5 1025/1025/5
f 1029/1029/6 1032/1032/6 1028/1028/6
f 1029/1029/6 1033/1033/6 1032/1032/6
f 1024/1024/55 1033/1033/55 1025/1025/55
f 1024/1024/55 1032/1032/55 1033/1033/55
f 1021/1021/57 1028/1028/57 1020/1020/57
f 1021/1021/57 1029/1029/57 1028/1028/57
f 1021/1021/58 1022/1022/58 1018/1018/58
f 1021/1021/58 1025/1025/58 1022/1022/58
f 1026/1026/56 1033/1033/56 1029/1029/56
f 1026/1026/56 1030/1030/56 1033/1033/56
f 1025/1025/55 1030/1030/55 1022/1022/55
f 1025/1025/55 1033/1033/55 1030/1030/55
f 1018/1018/57 1029/1029/57 1021/1021/57
f 1018/1018/57 1026/1026/57 1029/1029/57
f 1034/1034/6 1039/1039/6 1035/1035/6
f 1034/1034/6 1038/1038/6 1039/1039/6
f 1043/1043/5 1046/1046/5 1042/1042/5
f 1043/1043/5 1047/1047/5 1046/1046/5
f 1038/1038/55 1047/1047/55 1039/1039/55
f 1038/1038/55 1046/1046/55 1047/1047/55
f 1035/1035/57 1042/1042/57 1034/1034/57
f 1035/1035/57 1043/1043/57 1042/1042/57
f 1035/1035/56 1040/1040/56 1036/1036/56
f 1035/1035/56 1039/1039/56 1040/1040/56
f 1044/1044/58 1047/1047/58 1043/1043/58
f 1044/1044/58 1048/1048/58 1047/1047/58
f 1039/1039/55 1048/1048/55 1040/1040/55
f 1039/1039/55 1047/1047/55 1048/1048/55
f 1036/1036/57 1043/1043/57 1035/1035/57
f 1036/1036/57 1044/1044/57 1043/1043/57
f 1036/1036/5 1041/1041/5 1037/1037/5
f 1036/1036/5 1040/1040/5 1041/1041/5
f 1045/1045/6 1048/1048/6 1044/1044/6
f 1045/1045/6 1049/1049/6 1048/1048/6
f 1040/1040/55 1049/1049/55 1041/1041/55
f 1040/1040/55 1048/1048/55 1049/1049/55
f 1037/1037/57 1044/1044/57 1036/1036/57
f 1037/1037/57 1045/1045/57 1044/1044/57
f 1037/1037/58 1038/1038/58 1034/1034/58
f 1037/1037/58 1041/1041/58 1038/1038/58
f 1042/1042/56 1049/1049/56 1045/1045/56
f 1042/1042/56 1046/1046/56 1049/1049/56
f 1041/1041/55 1046/1046/55 1038/1038/55
f 1041/1041/55 1049/1049/55 1046/1046/55
f 1034/1034/57 1045/1045/57 1037/1037/57
f 1034/1034/57 1042/1042/57 1045/1045/57
f 1050/1050/6 1055/1055/6 1051/1051/6
f 1050/1050/6 1054/1054/6 1055/1055/6
f 1059/1059/5 1062/1062/5 1058/1058/5
f 1059/1059/5 1063/1063/5 1062/1062/5
f 1054/1054/55 1063/1063/55 1055/1055/55
f 1054/1054/55 1062/1062/55 1063/1063/55
f 1051/1051/57 1058/1058/57 1050/1050/57
f 1051/1051/57 1059/1059/57 1058/1058/57
f 1051/1051/56 1056/1056/56 1052/1052/56
f 1051/1051/56 1055/1055/56 1056/1056/56
f 1060/1060/58 1063/1063/58 1059/1059/58
f 1060/1060/58 1064/1064/58 1063/1063/58
f 1055/1055/55 1064/1064/55 1056/1056/55
f 1055/1055/55 1063/1063/55 1064/1064/55
f 1052/1052/57 1059/1059/57 1051/1051/57
f 1052/1052/57 1060/1060/57 1059/1059/57
f 1052/1052/5 1057/1057/5 1053/1053/5
f 1052/1052/5 1056/1056/5 1057/1057/5
f 1061/1061/6 1064/1064/6 1060/1060/6
f 1061/1061/6 1065/1065/6 1064/1064/6
f 1056/1056/55 1065/1065/55 1057/1057/55
f 1056/1056/55 1064/1064/55 1065/1065/55
f 1053/1053/57 1060/1060/57 1052/1052/57
f 1053/1053/57 1061/1061/57 1060/1060/57
f 1053/1053/58 1054/1054/58 1050/1050/58
f 1053/1053/58 1057/1057/58 1054/1054/58
f 1058/1058/56 1065/1065/56 1061/1061/56
f 1058/1058/56 1062/1062/56 1065/1065/56
f 1057/1057/55 1062/1062/55 1054/1054/55
f 1057/1057/55 1065/1065/55 1062/1062/55
f 1050/1050/57 1061/1061/57 1053/1053/57
f 1050/1050/57 1058/1058/57 1061/1061/57
f 1066/1066/6 1071/1071/6 1067/1067/6
f 1066/1066/6 1070/1070/6 1071/1071/6
f 1075/1075/5 1078/1078/5 1074/1074/5
f 1075/1075/5 1079/1079/5 1078/1078/5
f 1070/1070/55 1079/1079/55 1071/1071/55
f 1070/1070/55 1078/1078/55 1079/1079/55
f 1067/1067/57 1074/1074/57 1066/1066/57
f 1067/1067/57 1075/1075/57 1074/1074/57
f 1067/1067/56 1072/1072/56 1068/1068/56
f 1067/1067/56 1071/1071/56 1072/1072/56
f 1076/1076/58 1079/1079/58 1075/1075/58
f 1076/1076/58 1080/1080/58 1079/1079/58
f 1071/1071/55 1080/1080/55 1072/1072/55
f 1071/1071/55 1079/1079/55 1080/1080/55
f 1068/1068/57 1075/1075/57 1067/1067/57
f 1068/1068/57 1076/1076/57 1075/1075/57
f 1068/1068/5 1073/1073/5 1069/1069/5
f 1068/1068/5 1072/1072/5 1073/1073/5
f 1077/1077/6 1080/1080/6 1076/1076/6
f 1077/1077/6 1081/1081/6 1080/1080/6
f 1072/1072/55 1081/1081/55 1073/1073/55
f 1072/1072/55 1080/1080/55 1081/1081/55
f 1069/1069/57 1076/1076/57 1068/1068/57
f 1069/1069/57 1077/1077/57 1076/1076/57
f 1069/1069/58 1070/1070/58 1066/1066/58
f 1069/1069/58 1073/1073/58 1070/1070/58
f 1074/1074/56 1081/1081/56 1077/1077/56
f 1074/1074/56 1078/1078/56 1081/1081/56
f 1073/1073/55 1078/1078/55 1070/1070/55
f 1073/1073/55 1081/1081/55 1078/1078/55
f 1066/1066/57 1077/1077/57 1069/1069/57
f 1066/1066/57 1074/1074/57 1077/1077/57
f 1082/1082/6 1087/1087/6 1083/1083/6
f 1082/1082/6 1086/1086/6 1087/1087/6
f 1091/1091/5 1094/1094/5 1090/1090/5
f 1091/1091/5 1095/1095/5 1094/1094/5
f 1086/1086/56 1095/1095/56 1087/1087/56
f 1086/1086/56 1094/1094/56 1095/1095/56
f 1083/1083/58 1090/1090/58 1082/1082/58
f 1083/1083/58 1091/1091/58 1090/1090/58
f 1083/1083/57 1088/1088/57 1084/1084/57
f 1083/1083/57 1087/1087/57 1088/1088/57
f 1092/1092/55 1095/1095/55 1091/1091/55
f 1092/1092/55 1096/1096/55 1095/1095/55
f 1087/1087/56 1096/1096/56 1088/1088/56
f 1087/1087/56 1095/1095/56 1096/1096/56
f 1084/1084/58 1091/1091/58 1083/1083/58
f 1084/1084/58 1092/1092/58 1091/1091/58
f 1084/1084/5 1089/1089/5 1085/1085/5
f 1084/1084/5 1088/1088/5 1089/1089/5
f 1093/1093/6 1096/1096/6 1092/1092/6
f 1093/1093/6 1097/1097/6 1096/1096/6
f 1088/1088/56 1097/1097/56 1089/1089/56
f 1088/1088/56 1096/1096/56 1097/1097/56
f 1085/1085/58 1092/1092/58 1084/1084/58
f 1085/1085/58 1093/1093/58 1092/1092/58
f 1085/1085/55 1086/1086/55 1082/1082/55
f 1085/1085/55 1089/1089/55 1086/1086/55
f 1090/1090/57 1097/1097/57 1093/1093/57
f 1090/1090/57 1094/1094/57 1097/1097/57
f 1089/1089/56 1094/1094/56 1086/1086/56
f 1089/1089/56 1097/1097/56 1094/1094/56
f 1082/1082/58 1093/1093/58 1085/1085/58
f 1082/1082/58 1090/1090/58 1093/1093/58
f 1098/1098/6 1103/1103/6 1099/1099/6
f 1098/1098/6 1102/1102/6 1103/1103/6
f 1107/1107/5 1110/1110/5 1106/1106/5
f 1107/1107/5 1111/1111/5 1110/1110/5
f 1102/1102/56 1111/1111/56 1103/1103/56
f 1102/1102/56 1110/1110/56 1111/1111/56
f 1099/1099/58 1106/1106/58 1098/1098/58
f 1099/1099/58 1107/1107/58 1106/1106/58
f 1099/1099/57 1104/1104/57 1100/1100/57
f 1099/1099/57 1103/1103/57 1104/1104/57
f 1108/1108/55 1111/1111/55 1107/1107/55
f 1108/1108/55 1112/1112/55 1111/1111/55
f 1103/1103/56 1112/1112/56 1104/1104/56
f 1103/1103/56 1111/1111/56 1112/1112/56
f 1100/1100/58 1107/1107/58 1099/1099/58
f 1100/1100/58 1108/1108/58 1107/1107/58
f 1100/1100/5 1105/1105/5 1101/1101/5
f 1100/1100/5 1104/1104/5 1105/1105/5
f 1109/1109/6 1112/1112/6 1108/1108/6
f 1109/1109/6 1113/1113/6 1112/1112/6
f 1104/1104/56 1113/1113/56 1105/1105/56
f 1104/1104/56 1112/1112/56 1113/1113/56
f 1101/1101/58 1108/1108/58 1100/1100/58
f 1101/1101/58 1109/1109/58 1108/1108/58
f 1101/1101/55 1102/1102/55 1098/1098/55
f 1101/1101/55 1105/1105/55 1102/1102/55
f 1106/1106/57 1113/1113/57 1109/1109/57
f 1106/1106/57 1110/1110/57 1113/1113/57
f 1105/1105/56 1110/1110/56 1102/1102/56
f 1105/1105/56 1113/1113/56 1110/1110/56
f 1098/1098/58 1109/1109/58 1101/1101/58
f 1098/1098/58 1106/1106/58 1109/1109/58
f 1114/1114/6 1119/1119/6 1115/1115/6
f 1114/1114/6 1118/1118/6 1119/1119/6
f 1123/1123/5 1126/1126/5 1122/1122/5
f 1123/1123/5 1127/1127/5 1126/1126/5
f 1118/1118/56 1127/1127/56 1119/1119/56
f 1118/1118/56 1126/1126/56 1127/1127/56
f 1115/1115/58 1122/1122/58 1114/1114/58
f 1115/1115/58 1123/1123/58 1122/1122/58
f 1115/1115/57 1120/1120/57 1116/1116/57
f 1115/1115/57 1119/1119/57 1120/1120/57
f 1124/1124/55 1127/1127/55 1123/1123/55
f 1124/1124/55 1128/1128/55 1127/1127/55
f 1119/1119/56 1128/1128/56 1120/1120/56
f 1119/1119/56 1127/1127/56 1128/1128/56
f 1116/1116/58 1123/1123/58 1115/1115/58
f 1116/1116/58 1124/1124/58 1123/1123/58
f 1116/1116/5 1121/1121/5 1117/1117/5
f 1116/1116/5 1120/1120/5 1121/1121/5
f 1125/1125/6 1128/1128/6 1124/1124/6
f 1125/1125/6 1129/1129/6 1128/1128/6
f 1120/1120/56 1129/1129/56 1121/1121/56
f 1120/1120/56 1128/1128/56 1129/1129/56
f 1117/1117/58 1124/1124/58 1116/1116/58
f 1117/1117/58 1125/1125/58 1124/1124/58
f 1117/1117/55 1118/1118/55 1114/1114/55
f 1117/1117/55 1121/1121/55 1118/1118/55
f 1122/1122/57 1129/1129/57 1125/1125/57
f 1122/1122/57 1126/1126/57 1129/1129/57
f 1121/1121/56 1126/1126/56 1118/1118/56
f 1121/1121/56 1129/1129/56 1126/1126/56
f 1114/1114/58 1125/1125/58 1117/1117/58
f 1114/1114/58 1122/1122/58 1125/1125/58
f 1130/1130/6 1135/1135/6 1131/1131/6
f 1130/1130/6 1134/1134/6 1135/1135/6
f 1139/1139/5 1142/1142/5 1138/1138/5
f 1139/1139/5 1143/1143/5 1142/1142/5
f 1134/1134/57 1143/1143/57 1135/1135/57
f 1134/1134/57 1142/1142/57 1143/1143/57
f 1131/1131/55 1138/1138/55 1130/1130/55
f 1131/1131/55 1139/1139/55 1138/1138/55
f 1131/1131/58 1136/1136/58 1132/1132/58
f 1131/1131/58 1135/1135/58 1136/1136/58
f 1140/1140/56 1143/1143/56 1139/1139/56
f 1140/1140/56 1144/1144/56 1143/1143/56
f 1135/1135/57 1144/1144/57 1136/1136/57
f 1135/1135/57 1143/1143/57 1144/1144/57
f 1132/1132/55 1139/1139/55 1131/1131/55
f 1132/1132/55 1140/1140/55 1139/1139/55
f 1132/1132/5 1137/1137/5 1133/1133/5
f 1132/1132/5 1136/1136/5 1137/1137/5
f 1141/1141/6 1144/1144/6 1140/1140/6
f 1141/1141/6 1145/1145/6 1144/1144/6
f 1136/1136/57 1145/1145/57 1137/1137/57
f 1136/1136/57 1144/1144/57 1145/1145/57
f 1133/1133/55 1140/1140/55 1132/1132/55
f 1133/1133/55 1141/1141/55 1140/1140/55
f 1133/1133/56 1134/1134/56 1130/1130/56
f 1133/1133/56 1137/1137/56 1134/1134/56
f 1138/1138/58 1145/1145/58 1141/1141/58
f 1138/1138/58 1142/1142/58 1145/1145/58
f 1137/1137/57 1142/1142/57 1134/1134/57
f 1137/1137/57 1145/1145/57 1142/1142/57
f 1130/1130/55 1141/1141/55 1133/1133/55
f 1130/1130/55 1138/1138/55 1141/1141/55
f 1146/1146/6 1151/1151/6 1147/1147/6
f 1146/1146/6 1150/1150/6 1151/1151/6
f 1155/1155/5 1158/1158/5 1154/1154/5
f 1155/1155/5 1159/1159/5 1158/1158/5
f 1150/1150/57 1159/1159/57 1151/1151/57
f 1150/1150/57 1158/1158/57 1159/1159/57
f 1147/1147/55 1154/1154/55 1146/1146/55
f 1147/1147/55 1155/1155/55 1154/1154/55
f 1147/1147/58 1152/1152/58 1148/1148/58
f 1147/1147/58 1151/1151/58 1152/1152/58
f 1156/1156/56 1159/1159/56 1155/1155/56
f 1156/1156/56 1160/1160/56 1159/1159/56
f 1151/1151/57 1160/1160/57 1152/1152/57
f 1151/1151/57 1159/1159/57 1160/1160/57
f 1148/1148/55 1155/1155/55 1147/1147/55
f 1148/1148/55 1156/1156/55 1155/1155/55
f 1148/1148/5 1153/1153/5 1149/1149/5
f 1148/1148/5 1152/1152/5 1153/1153/5
f 1157/1157/6 1160/1160/6 1156/1156/6
f 1157/1157/6 1161/1161/6 1160/1160/6
f 1152/1152/57 1161/1161/57 1153/1153/57
f 1152/1152/57 1160/1160/57 1161/1161/57
f 1149/1149/55 1156/1156/55 1148/1148/55
f 1149/1149/55 1157/1157/55 1156/1156/55
f 1149/1149/56 1150/1150/56 1146/1146/56
f 1149/1149/56 1153/1153/56 1150/1150/56
f 1154/1154/58 1161/1161/58 1157/1157/58
f 1154/1154/58 1158/1158/58 1161/1161/58
f 1153/1153/57 1158/1158/57 1150/1150/57
f 1153/1153/57 1161/1161/57 1158/1158/57
f 1146/1146/55 1157/1157/55 1149/1149/55
f 1146/1146/55 1154/1154/55 1157/1157/55
f 1162/1162/6 1167/1167/6 1163/1163/6
f 1162/1162/6 1166/1166/6 1167/1167/6
f 1171/1171/5 1174/1174/5 1170/1170/5
f 1171/1171/5 1175/1175/5 1174/1174/5
f 1166/1166/57 1175/1175/57 1167/1167/57
f 1166/1166/57 1174/1174/57 1175/1175/57
f 1163/1163/55 1170/1170/55 1162/1162/55
f 1163/1163/55 1171/1171/55 1170/1170/55
f 1163/1163/58 1168/1168/58 1164/1164/58
f 1163/1163/58 1167/1167/58 1168/1168/58
f 1172/1172/56 1175/1175/56 1171/1171/56
f 1172/1172/56 1176/1176/56 1175/1175/56
f 1167/1167/57 1176/1176/57 1168/1168/57
f 1167/1167/57 1175/1175/57 1176/1176/57
f 1164/1164/55 1171/1171/55 1163/1163/55
f 1164/1164/55 1172/1172/55 1171/1171/55
f 1164/1164/5 1169/1169/5 1165/1165/5
f 1164/1164/5 1168/1168/5 1169/1169/5
f 1173/1173/6 1176/1176/6 1172/1172/6
f 1173/1173/6 1177/1177/6 1176/1176/6
f 1168/1168/57 1177/1177/57 1169/1169/57
f 1168/1168/57 1176/1176/57 1177/1177/57
f 1165/1165/55 1172/1172/55 1164/1164/55
f 1165/1165/55 1173/1173/55 1172/1172/55
f 1165/1165/56 1166/1166/56 1162/1162/56
f 1165/1165/56 1169/1169/56 1166/1166/56
f 1170/1170/58 1177/1177/58 1173/1173/58
f 1170/1170/58 1174/1174/58 1177/1177/58
f 1169/1169/57 1174/1174/57 1166/1166/57
f 1169/1169/57 1177/1177/57 1174/1174/57
f 1162/1162/55 1173/1173/55 1165/1165/55
f 1162/1162/55 1170/1170/55 1173/1173/55
f 1178/1178/6 1183/1183/6 1179/1179/6
f 1178/1178/6 1182/1182/6 1183/1183/6
f 1187/1187/5 1190/1190/5 1186/1186/5
f 1187/1187/5 1191/1191/5 1190/1190/5
f 1182/1182/57 1191/1191/57 1183/1183/57
f 1182/1182/57 1190/1190/57 1191/1191/57
f 1179/1179/55 1186/1186/55 1178/1178/55
f 1179/1179/55 1187/1187/55 1186/1186/55
f 1179/1179/58 1184/1184/58 1180/1180/58
f 1179/1179/58 1183/1183/58 1184/1184/58
f 1188/1188/56 1191/1191/56 1187/1187/56
f 1188/1188/56 1192/1192/56 1191/1191/56
f 1183/1183/57 1192/1192/57 1184/1184/57
f 1183/1183/57 1191/1191/57 1192/1192/57
f 1180/1180/55 1187/1187/55 1179/1179/55
f 1180/1180/55 1188/1188/55 1187/1187/55
f 1180/1180/5 1185/1185/5 1181/1181/5
f 1180/1180/5 1184/1184/5 1185/1185/5
f 1189/1189/6 1192/1192/6 1188/1188/6
f 1189/1189/6 1193/1193/6 1192/1192/6
f 1184/1184/57 1193/1193/57 1185/1185/57
f 1184/1184/57 1192/1192/57 1193/1193/57
f 1181/1181/55 1188/1188/55 1180/1180/55
f 1181/1181/55 1189/1189/55 1188/1188/55
f 1181/1181/56 1182/1182/56 1178/1178/56
f 1181/1181/56 1185/1185/56 1182/1182/56
f 1186/1186/58 1193/1193/58 1189/1189/58
f 1186/1186/58 1190/1190/58 1193/1193/58
f 1185/1185/57 1190/1190/57 1182/1182/57
f 1185/1185/57 1193/1193/57 1190/1190/57
f 1178/1178/55 1189/1189/55 1181/1181/55
f 1178/1178/55 1186/1186/55 1189/1189/55
f 1194/1194/6 1201/1201/6 1195/1195/6
f 1194/1194/6 1200/1200/6 1201/1201/6
f 1207/1207/5 1212/1212/5 1206/1206/5
f 1207/1207/5 1213/1213/5 1212/1212/5
f 1200/1200/57 1213/1213/57 1201/1201/57
f 1200/1200/57 1212/1212/57 1213/1213/57
f 1195/1195/55 1206/1206/55 1194/1194/55
f 1195/1195/55 1207/1207/55 1206/1206/55
f 1195/1195/58 1202/1202/58 1196/1196/58
f 1195/1195/58 1201/1201/58 1202/1202/58
f 1208/1208/56 1213/1213/56 1207/1207/56
f 1208/1208/56 1214/1214/56 1213/1213/56
f 1201/1201/57 1214/1214/57 1202/1202/57
f 1201/1201/57 1213/1213/57 1214/1214/57
f 1196/1196/55 1207/1207/55 1195/1195/55
f 1196/1196/55 1208/1208/55 1207/1207/55
f 1196/1196/59 1203/1203/59 1197/1197/59
f 1196/1196/59 1202/1202/59 1203/1203/59
f 1209/1209/60 1214/1214/60 1208/1208/60
f 1209/1209/60 1215/1215/60 1214/1214/60
f 1202/1202/57 1215/1215/57 1203/1203/57
f 1202/1202/57 1214/1214/57 1215/1215/57
f 1197/1197/55 1208/1208/55 1196/1196/55
f 1197/1197/55 1209/1209/55 1208/1208/55
f 1197/1197/5 1204/1204/5 1198/1198/5
f 1197/1197/5 1203/1203/5 1204/1204/5
f 1210/1210/6 1215/1215/6 1209/1209/6
f 1210/1210/6 1216/1216/6 1215/1215/6
f 1203/1203/57 1216/1216/57 1204/1204/57
f 1203/1203/57 1215/1215/57 1216/1216/57
f 1198/1198/55 1209/1209/55 1197/1197/55
f 1198/1198/55 1210/1210/55 1209/1209/55
f 1198/1198/61 1205/1205/61 1199/1199/61
f 1198/1198/61 1204/1204/61 1205/1205/61
f 1211/1211/62 1216/1216/62 1210/1210/62
f 1211/1211/62 1217/1217/62 1216/1216/62
f 1204/1204/57 1217/1217/57 1205/1205/57
f 1204/1204/57 1216/1216/57 1217/1217/57
f 1199/1199/55 1210/1210/55 1198/1198/55
f 1199/1199/55 1211/1211/55 1210/1210/55
f 1199/1199/56 1200/1200/56 1194/1194/56
f 1199/1199/56 1205/1205/56 1200/1200/56
f 1206/1206/58 1217/1217/58 1211/1211/58
f 1206/1206/58 1212/1212/58 1217/1217/58
f 1205/1205/57 1212/1212/57 1200/1200/57
f 1205/1205/57 1217/1217/57 1212/1212/57
f 1194/1194/55 1211/1211/55 1199/1199/55
f 1194/1194/55 1206/1206/55 1211/1211/55
f 1218/1218/55 1219/1219/55 1223/1223/55
f 1218/1218/55 1223/1223/55 1222/1222/55
f 1219/1219/58 1220/1220/58 1224/1224/58
f 1219/1219/58 1224/1224/58 1223/1223/58
f 1220/1220/57 1221/1221/57 1225/1225/57
f 1220/1220/57 1225/1225/57 1224/1224/57
f 1221/1221/56 1218/1218/56 1222/1222/56
f 1221/1221/56 1222/1222/56 1225/1225/56
f 1222/1222/5 1223/1223/5 1224/1224/5
f 1222/1222/5 1224/1224/5 1225/1225/5
f 1221/1221/6 1220/1220/6 1219/1219/6
f 1221/1221/6 1219/1219/6 1218/1218/6
f 1226/1226/6 1231/1231/6 1227/1227/6
f 1226/1226/6 1230/1230/6 1231/1231/6
f 1235/1235/5 1238/1238/5 1234/1234/5
f 1235/1235/5 1239/1239/5 1238/1238/5
f 1230/1230/58 1239/1239/58 1231/1231/58
f 1230/1230/58 1238/1238/58 1239/1239/58
f 1227/1227/56 1234/1234/56 1226/1226/56
f 1227/1227/56 1235/1235/56 1234/1234/56
f 1227/1227/55 1232/1232/55 1228/1228/55
f 1227/1227/55 1231/1231/55 1232/1232/55
f 1236/1236/57 1239/1239/57 1235/1235/57
f 1236/1236/57 1240/1240/57 1239/1239/57
f 1231/1231/58 1240/1240/58 1232/1232/58
f 1231/1231/58 1239/1239/58 1240/1240/58
f 1228/1228/56 1235/1235/56 1227/1227/56
f 1228/1228/56 1236/1236/56 1235/1235/56
f 1228/1228/5 1233/1233/5 1229/1229/5
f 1228/1228/5 1232/1232/5 1233/1233/5
f 1237/1237/6 1240/1240/6 1236/1236/6
f 1237/1237/6 1241/1241/6 1240/1240/6
f 1232/1232/58 1241/1241/58 1233/1233/58
f 1232/1232/58 1240/1240/58 1241/1241/58
f 1229/1229/56 1236/1236/56 1228/1228/56
f 1229/1229/56 1237/1237/56 1236/1236/56
f 1229/1229/57 1230/1230/57 1226/1226/57
f 1229/1229/57 1233/1233/57 1230/1230/57
f 1234/1234/55 1241/1241/55 1237/1237/55
f 1234/1234/55 1238/1238/55 1241/1241/55
f 1233/1233/58 1238/1238/58 1230/1230/58
f 1233/1233/58 1241/1241/58 1238/1238/58
f 1226/1226/56 1237/1237/56 1229/1229/56
f 1226/1226/56 1234/1234/56 1237/1237/56
f 1242/1242/6 1247/1247/6 1243/1243/6
f 1242/1242/6 1246/1246/6 1247/1247/6
f 1251/1251/5 1254/1254/5 1250/1250/5
f 1251/1251/5 1255/1255/5 1254/1254/5
f 1246/1246/58 1255/1255/58 1247/1247/58
f 1246/1246/58 1254/1254/58 1255/1255/58
f 1243/1243/56 1250/1250/56 1242/1242/56
f 1243/1243/56 1251/1251/56 1250/1250/56
f 1243/1243/55 1248/1248/55 1244/1244/55
f 1243/1243/55 1247/1247/55 1248/1248/55
f 1252/1252/57 1255/1255/57 1251/1251/57
f 1252/1252/57 1256/1256/57 1255/1255/57
f 1247/1247/58 1256/1256/58 1248/1248/58
f 1247/1247/58 1255/1255/58 1256/1256/58
f 1244/1244/56 1251/1251/56 1243/1243/56
f 1244/1244/56 1252/1252/56 1251/1251/56
f 1244/1244/5 1249/1249/5 1245/1245/5
f 1244/1244/5 1248/1248/5 1249/1249/5
f 1253/1253/6 1256/1256/6 1252/1252/6
f 1253/1253/6 1257/1257/6 1256/1256/6
f 1248/1248/58 1257/1257/58 1249/1249/58
f 1248/1248/58 1256/1256/58 1257/1257/58
f 1245/1245/56 1252/1252/56 1244/1244/56
f 1245/1245/56 1253/1253/56 1252/1252/56
f 1245/1245/57 1246/1246/57 1242/1242/57
f 1245/1245/57 1249/1249/57 1246/1246/57
f 1250/1250/55 1257/1257/55 1253/1253/55
f 1250/1250/55 1254/1254/55 1257/1257/55
f 1249/1249/58 1254/1254/58 1246/1246/58
f 1249/1249/58 1257/1257/58 1254/1254/58
f 1242/1242/56 1253/1253/56 1245/1245/56
f 1242/1242/56 1250/1250/56 1253/1253/56
f 1258/1258/6 1263/1263/6 1259/1259/6
f 1258/1258/6 1262/1262/6 1263/1263/6
f 1267/1267/5 1270/1270/5 1266/1266/5
f 1267/1267/5 1271/1271/5 1270/1270/5
f 1262/1262/58 1271/1271/58 1263/1263/58
f 1262/1262/58 1270/1270/58 1271/1271/58
f 1259/1259/56 1266/1266/56 1258/1258/56
f 1259/1259/56 1267/1267/56 1266/1266/56
f 1259/1259/55 1264/1264/55 1260/1260/55
f 1259/1259/55 1263/1263/55 1264/1264/55
f 1268/1268/57 1271/1271/57 1267/1267/57
f 1268/1268/57 1272/1272/57 1271/1271/57
f 1263/1263/58 1272/1272/58 1264/1264/58
f 1263/1263/58 1271/1271/58 1272/1272/58
f 1260/1260/56 1267/1267/56 1259/1259/56
f 1260/1260/56 1268/1268/56 1267/1267/56
f 1260/1260/5 1265/1265/5 1261/1261/5
f 1260/1260/5 1264/1264/5 1265/1265/5
f 1269/1269/6 1272/1272/6 1268/1268/6
f 1269/1269/6 1273/1273/6 1272/1272/6
f 1264/1264/58 1273/1273/58 1265/1265/58
f 1264/1264/58 1272/1272/58 1273/1273/58
f 1261/1261/56 1268/1268/56 1260/1260/56
f 1261/1261/56 1269/1269/56 1268/1268/56
f 1261/1261/57 1262/1262/57 1258/1258/57
f 1261/1261/57 1265/1265/57 1262/1262/57
f 1266/1266/55 1273/1273/55 1269/1269/55
f 1266/1266/55 1270/1270/55 1273/1273/55
f 1265/1265/58 1270/1270/58 1262/1262/58
f 1265/1265/58 1273/1273/58 1270/1270/58
f 1258/1258/56 1269/1269/56 1261/1261/56
f 1258/1258/56 1266/1266/56 1269/1269/56
f 1274/1274/55 1279/1279/55 1275/1275/55
f 1274/1274/55 1278/1278/55 1279/1279/55
f 1283/1283/57 1286/1286/57 1282/1282/57
f 1283/1283/57 1287/1287/57 1286/1286/57
f 1278/1278/5 1287/1287/5 1279/1279/5
f 1278/1278/5 1286/1286/5 1287/1287/5
f 1275/1275/6 1282/1282/6 1274/1274/6
f 1275/1275/6 1283/1283/6 1282/1282/6
f 1275/1275/56 1280/1280/56 1276/1276/56
f 1275/1275/56 1279/1279/56 1280/1280/56
f 1284/1284/58 1287/1287/58 1283/1283/58
f 1284/1284/58 1288/1288/58 1287/1287/58
f 1279/1279/5 1288/1288/5 1280/1280/5
f 1279/1279/5 1287/1287/5 1288/1288/5
f 1276/1276/6 1283/1283/6 1275/1275/6
f 1276/1276/6 1284/1284/6 1283/1283/6
f 1276/1276/57 1281/1281/57 1277/1277/57
f 1276/1276/57 1280/1280/57 1281/1281/57
f 1285/1285/55 1288/1288/55 1284/1284/55
f 1285/1285/55 1289/1289/55 1288/1288/55
f 1280/1280/5 1289/1289/5 1281/1281/5
f 1280/1280/5 1288/1288/5 1289/1289/5
f 1277/1277/6 1284/1284/6 1276/1276/6
f 1277/1277/6 1285/1285/6 1284/1284/6
f 1277/1277/58 1278/1278/58 1274/1274/58
f 1277/1277/58 1281/1281/58 1278/1278/58
f 1282/1282/56 1289/1289/56 1285/1285/56
f 1282/1282/56 1286/1286/56 1289/1289/56
f 1281/1281/5 1286/1286/5 1278/1278/5
f 1281/1281/5 1289/1289/5 1286/1286/5
f 1274/1274/6 1285/1285/6 1277/1277/6
f 1274/1274/6 1282/1282/6 1285/1285/6
f 1290/1290/55 1295/1295/55 1291/1291/55
f 1290/1290/55 1294/1294/55 1295/1295/55
f 1299/1299/57 1302/1302/57 1298/1298/57
f 1299/1299/57 1303/1303/57 1302/1302/57
f 1294/1294/5 1303/1303/5 1295/1295/5
f 1294/1294/5 1302/1302/5 1303/1303/5
f 1291/1291/6 1298/1298/6 1290/1290/6
f 1291/1291/6 1299/1299/6 1298/1298/6
f 1291/1291/56 1296/1296/56 1292/1292/56
f 1291/1291/56 1295/1295/56 1296/1296/56
f 1300/1300/58 1303/1303/58 1299/1299/58
f 1300/1300/58 1304/1304/58 1303/1303/58
f 1295/1295/5 1304/1304/5 1296/1296/5
f 1295/1295/5 1303/1303/5 1304/1304/5
f 1292/1292/6 1299/1299/6 1291/1291/6
f 1292/1292/6 1300/1300/6 1299/1299/6
f 1292/1292/57 1297/1297/57 1293/1293/57
f 1292/1292/57 1296/1296/57 1297/1297/57
f 1301/1301/55 1304/1304/55 1300/1300/55
f 1301/1301/55 1305/1305/55 1304/1304/55
f 1296/1296/5 1305/1305/5 1297/1297/5
f 1296/1296/5 1304/1304/5 1305/1305/5
f 1293/1293/6 1300/1300/6 1292/1292/6
f 1293/1293/6 1301/1301/6 1300/1300/6
f 1293/1293/58 1294/1294/58 1290/1290/58
f 1293/1293/58 1297/1297/58 1294/1294/58
f 1298/1298/56 1305/1305/56 1301/1301/56
f 1298/1298/56 1302/1302/56 1305/1305/56
f 1297/1297/5 1302/1302/5 1294/1294/5
f 1297/1297/5 1305/1305/5 1302/1302/5
f 1290/1290/6 1301/1301/6 1293/1293/6
f 1290/1290/6 1298/1298/6 1301/1301/6
f 1306/1306/55 1311/1311/55 1307/1307/55
f 1306/1306/55 1310/1310/55 1311/1311/55
f 1315/1315/57 1318/1318/57 1314/1314/57
f 1315/1315/57 1319/1319/57 1318/1318/57
f 1310/1310/5 1319/1319/5 1311/1311/5
f 1310/1310/5 1318/1318/5 1319/1319/5
f 1307/1307/6 1314/1314/6 1306/1306/6
f 1307/1307/6 1315/1315/6 1314/1314/6
f 1307/1307/56 1312/1312/56 1308/1308/56
f 1307/1307/56 1311/1311/56 1312/1312/56
f 1316/1316/58 1319/1319/58 1315/1315/58
f 1316/1316/58 1320/1320/58 1319/1319/58
f 1311/1311/5 1320/1320/5 1312/1312/5
f 1311/1311/5 1319/1319/5 1320/1320/5
f 1308/1308/6 1315/1315/6 1307/1307/6
f 1308/1308/6 1316/1316/6 1315/1315/6
f 1308/1308/57 1313/1313/57 1309/1309/57
f 1308/1308/57 1312/1312/57 1313/1313/57
f 1317/1317/55 1320/1320/55 1316/1316/55
f 1317/1317/55 1321/1321/55 1320/1320/55
f 1312/1312/5 1321/1321/5 1313/1313/5
f 1312/1312/5 1320/1320/5 1321/1321/5
f 1309/1309/6 1316/1316/6 1308/1308/6
f 1309/1309/6 1317/1317/6 1316/1316/6
f 1309/1309/58 1310/1310/58 1306/1306/58
f 1309/1309/58 1313/1313/58 1310/1310/58
f 1314/1314/56 1321/1321/56 1317/1317/56
f 1314/1314/56 1318/1318/56 1321/1321/56
f 1313/1313/5 1318/1318/5 1310/1310/5
f 1313/1313/5 1321/1321/5 1318/1318/5
f 1306/1306/6 1317/1317/6 1309/1309/6
f 1306/1306/6 1314/1314/6 1317/1317/6
f 1322/1322/57 1323/1323/57 1327/1327/57
f 1322/1322/57 1327/1327/57 1326/1326/57
f 1323/1323/56 1324/1324/56 1328/1328/56
f 1323/1323/56 1328/1328/56 1327/1327/56
f 1324/1324/55 1325/1325/55 1329/1329/55
f 1324/1324/55 1329/1329/55 1328/1328/55
f 1325/1325/58 1322/1322/58 1326/1326/58
f 1325/1325/58 1326/1326/58 1329/1329/58
f 1326/1326/5 1327/1327/5 1328/1328/5
f 1326/1326/5 1328/1328/5 1329/1329/5
f 1325/1325/6 1324/1324/6 1323/1323/6
f 1325/1325/6 1323/1323/6 1322/1322/6
f 1330/1330/58 1331/1331/58 1335/1335/58
f 1330/1330/58 1335/1335/58 1334/1334/58
f 1331/1331/57 1332/1332/57 1336/1336/57
f 1331/1331/57 1336/1336/57 1335/1335/57
f 1332/1332/56 1333/1333/56 1337/1337/56
f 1332/1332/56 1337/1337/56 1336/1336/56
f 1333/1333/55 1330/1330/55 1334/1334/55
f 1333/1333/55 1334/1334/55 1337/1337/55
f 1334/1334/5 1335/1335/5 1336/1336/5
f 1334/1334/5 1336/1336/5 1337/1337/5
f 1333/1333/6 1332/1332/6 1331/1331/6
f 1333/1333/6 1331/1331/6 1330/1330/6
f 1338/1338/57 1339/1339/57 1343/1343/57
f 1338/1338/57 1343/1343/57 1342/1342/57
f 1339/1339/56 1340/1340/56 1344/1344/56
f 1339/1339/56 1344/1344/56 1343/1343/56
f 1340/1340/55 1341/1341/55 1345/1345/55
f 1340/1340/55 1345/1345/55 1344/1344/55
f 1341/1341/58 1338/1338/58 1342/1342/58
f 1341/1341/58 1342/1342/58 1345/1345/58
f 1342/1342/5 1343/1343/5 1344/1344/5
f 1342/1342/5 1344/1344/5 1345/1345/5
f 1341/1341/6 1340/1340/6 1339/1339/6
f 1341/1341/6 1339/1339/6 1338/1338/6
f 1346/1346/58 1347/1347/58 1351/1351/58
f 1346/1346/58 1351/1351/58 1350/1350/58
f 1347/1347/57 1348/1348/57 1352/1352/57
f 1347/1347/57 1352/1352/57 1351/1351/57
f 1348/1348/56 1349/1349/56 1353/1353/56
f 1348/1348/56 1353/1353/56 1352/1352/56
f 1349/1349/55 1346/1346/55 1350/1350/55
f 1349/1349/55 1350/1350/55 1353/1353/55
f 1350/1350/5 1351/1351/5 1352/1352/5
f 1350/1350/5 1352/1352/5 1353/1353/5
f 1349/1349/6 1348/1348/6 1347/1347/6
f 1349/1349/6 1347/1347/6 1346/1346/6
f 1354/1354/55 1355/1355/55 1359/1359/55
f 1354/1354/55 1359/1359/55 1358/1358/55
f 1355/1355/58 1356/1356/58 1360/1360/58
f 1355/1355/58 1360/1360/58 1359/1359/58
f 1356/1356/57 1357/1357/57 1361/1361/57
f 1356/1356/57 1361/1361/57 1360/1360/57
f 1357/1357/56 1354/1354/56 1358/1358/56
f 1357/1357/56 1358/1358/56 1361/1361/56
f 1358/1358/5 1359/1359/5 1360/1360/5
f 1358/1358/5 1360/1360/5 1361/1361/5
f 1357/1357/6 1356/1356/6 1355/1355/6
f 1357/1357/6 1355/1355/6 1354/1354/6
f 1362/1362/56 1363/1363/56 1367/1367/56
f 1362/1362/56 1367/1367/56 1366/1366/56
f 1363/1363/55 1364/1364/55 1368/1368/55
f 1363/1363/55 1368/1368/55 1367/1367/55
f 1364/1364/58 1365/1365/58 1369/1369/58
f 1364/1364/58 1369/1369/58 1368/1368/58
f 1365/1365/57 1362/1362/57 1366/1366/57
f 1365/1365/57 1366/1366/57 1369/1369/57
f 1366/1366/5 1367/1367/5 1368/1368/5
f 1366/1366/5 1368/1368/5 1369/1369/5
f 1365/1365/6 1364/1364/6 1363/1363/6
f 1365/1365/6 1363/1363/6 1362/1362/6
f 1370/1370/55 1371/1371/55 1375/1375/55
f 1370/1370/55 1375/1375/55 1374/1374/55
f 1371/1371/58 1372/1372/58 1376/1376/58
f 1371/1371/58 1376/1376/58 1375/1375/58
f 1372/1372/57 1373/1373/57 1377/1377/57
f 1372/1372/57 1377/1377/57 1376/1376/57
f 1373/1373/56 1370/1370/56 1374/1374/56
f 1373/1373/56 1374/1374/56 1377/1377/56
f 1374/1374/5 1375/1375/5 1376/1376/5
f 1374/1374/5 1376/1376/5 1377/1377/5
f 1373/1373/6 1372/1372/6 1371/1371/6
f 1373/1373/6 1371/1371/6 1370/1370/6
f 1378/1378/56 1379/1379/56 1383/1383/56
f 1378/1378/56 1383/1383/56 1382/1382/56
f 1379/1379/55 1380/1380/55 1384/1384/55
f 1379/1379/55 1384/1384/55 1383/1383/55
f 1380/1380/58 1381/1381/58 1385/1385/58
f 1380/1380/58 1385/1385/58 1384/1384/58
f 1381/1381/57 1378/1378/57 1382/1382/57
f 1381/1381/57 1382/1382/57 1385/1385/57
f 1382/1382/5 1383/1383/5 1384/1384/5
f 1382/1382/5 1384/1384/5 1385/1385/5
f 1381/1381/6 1380/1380/6 1379/1379/6
f 1381/1381/6 1379/1379/6 1378/1378/6
f 1386/1386/56 1387/1387/56 1391/1391/56
f 1386/1386/56 1391/1391/56 1390/1390/56
f 1387/1387/55 1388/1388/55 1392/1392/55
f 1387/1387/55 1392/1392/55 1391/1391/55
f 1388/1388/58 1389/1389/58 1393/1393/58
f 1388/1388/58 1393/1393/58 1392/1392/58
f 1389/1389/57 1386/1386/57 1390/1390/57
f 1389/1389/57 1390/1390/57 1393/1393/57
f 1390/1390/5 1391/1391/5 1392/1392/5
f 1390/1390/5 1392/1392/5 1393/1393/5
f 1389/1389/6 1388/1388/6 1387/1387/6
f 1389/1389/6 1387/1387/6 1386/1386/6
f 1394/1394/57 1395/1395/57 1399/1399/57
f 1394/1394/57 1399/1399/57 1398/1398/57
f 1395/1395/56 1396/1396/56 1400/1400/56
f 1395/1395/56 1400/1400/56 1399/1399/56
f 1396/1396/55 1397/1397/55 1401/1401/55
f 1396/1396/55 1401/1401/55 1400/1400/55
f 1397/1397/58 1394/1394/58 1398/1398/58
f 1397/1397/58 1398/1398/58 1401/1401/58
f 1398/1398/5 1399/1399/5 1400/1400/5
f 1398/1398/5 1400/1400/5 1401/1401/5
f 1397/1397/6 1396/1396/6 1395/1395/6
f 1397/1397/6 1395/1395/6 1394/1394/6
f 1402/1402/56 1403/1403/56 1407/1407/56
f 1402/1402/56 1407/1407/56 1406/1406/56
f 1403/1403/55 1404/1404/55 1408/1408/55
f 1403/1403/55 1408/1408/55 1407/1407/55
f 1404/1404/58 1405/1405/58 1409/1409/58
f 1404/1404/58 1409/1409/58 1408/1408/58
f 1405/1405/57 1402/1402/57 1406/1406/57
f 1405/1405/57 1406/1406/57 1409/1409/57
f 1406/1406/5 1407/1407/5 1408/1408/5
f 1406/1406/5 1408/1408/5 1409/1409/5
f 1405/1405/6 1404/1404/6 1403/1403/6
f 1405/1405/6 1403/1403/6 1402/1402/6
f 1410/1410/57 1411/1411/57 1415/1415/57
f 1410/1410/57 1415/1415/57 1414/1414/57
f 1411/1411/56 1412/1412/56 1416/1416/56
f 1411/1411/56 1416/1416/56 1415/1415/56
f 1412/1412/55 1413/1413/55 1417/1417/55
f 1412/1412/55 1417/1417/55 1416/1416/55
f 1413/1413/58 1410/1410/58 1414/1414/58
f 1413/1413/58 1414/1414/58 1417/1417/58
f 1414/1414/5 1415/1415/5 1416/1416/5
f 1414/1414/5 1416/1416/5 1417/1417/5
f 1413/1413/6 1412/1412/6 1411/1411/6
f 1413/1413/6 1411/1411/6 1410/1410/6
f 1418/1418/58 1419/1419/58 1423/1423/58
f 1418/1418/58 1423/1423/58 1422/1422/58
f 1419/1419/57 1420/1420/57 1424/1424/57
f 1419/1419/57 1424/1424/57 1423/1423/57
f 1420/1420/56 1421/1421/56 1425/1425/56
f 1420/1420/56 1425/1425/56 1424/1424/56
f 1421/1421/55 1418/1418/55 1422/1422/55
f 1421/1421/55 1422/1422/55 1425/1425/55
f 1422/1422/5 1423/1423/5 1424/1424/5
f 1422/1422/5 1424/1424/5 1425/1425/5
f 1421/1421/6 1420/1420/6 1419/1419/6
f 1421/1421/6 1419/1419/6 1418/1418/6
f 1426/1426/55 1427/1427/55 1431/1431/55
f 1426/1426/55 1431/1431/55 1430/1430/55
f 1427/1427/58 1428/1428/58 1432/1432/58
f 1427/1427/58 1432/1432/58 1431/1431/58
f 1428/1428/57 1429/1429/57 1433/1433/57
f 1428/1428/57 1433/1433/57 1432/1432/57
f 1429/1429/56 1426/1426/56 1430/1430/56
f 1429/1429/56 1430/1430/56 1433/1433/56
f 1430/1430/5 1431/1431/5 1432/1432/5
f 1430/1430/5 1432/1432/5 1433/1433/5
f 1429/1429/6 1428/1428/6 1427/1427/6
f 1429/1429/6 1427/1427/6 1426/1426/6
f 1434/1434/58 1435/1435/58 1439/1439/58
f 1434/1434/58 1439/1439/58 1438/1438/58
f 1435/1435/57 1436/1436/57 1440/1440/57
f 1435/1435/57 1440/1440/57 1439/1439/57
f 1436/1436/56 1437/1437/56 1441/1441/56
f 1436/1436/56 1441/1441/56 1440/1440/56
f 1437/1437/55 1434/1434/55 1438/1438/55
f 1437/1437/55 1438/1438/55 1441/1441/55
f 1438/1438/5 1439/1439/5 1440/1440/5
f 1438/1438/5 1440/1440/5 1441/1441/5
f 1437/1437/6 1436/1436/6 1435/1435/6
f 1437/1437/6 1435/1435/6 1434/1434/6
f 1442/1442/55 1443/1443/55 1447/1447/55
f 1442/1442/55 1447/1447/55 1446/1446/55
f 1443/1443/58 1444/1444/58 1448/1448/58
f 1443/1443/58 1448/1448/58 1447/1447/58
f 1444/1444/57 1445/1445/57 1449/1449/57
f 1444/1444/57 1449/1449/57 1448/1448/57
f 1445/1445/56 1442/1442/56 1446/1446/56
f 1445/1445/56 1446/1446/56 1449/1449/56
f 1446/1446/5 1447/1447/5 1448/1448/5
f 1446/1446/5 1448/1448/5 1449/1449/5
f 1445/1445/6 1444/1444/6 1443/1443/6
f 1445/1445/6 1443/1443/6 1442/1442/6
f 1450/1450/1 1455/1455/1 1451/1451/1
f 1450/1450/1 1454/1454/1 1455/1455/1
f 1451/1451/2 1456/1456/2 1452/1452/2
f 1451/1451/2 1455/1455/2 1456/1456/2
f 1452/1452/3 1457/1457/3 1453/1453/3
f 1452/1452/3 1456/1456/3 1457/1457/3
f 1453/1453/4 1454/1454/4 1450/1450/4
f 1453/1453/4 1457/1457/4 1454/1454/4
f 1454/1454/5 1456/1456/5 1455/1455/5
f 1454/1454/5 1457/1457/5 1456/1456/5
f 1453/1453/6 1451/1451/6 1452/1452/6
f 1453/1453/6 1450/1450/6 1451/1451/6
f 1458/1458/6 1463/1463/6 1459/1459/6
f 1458/1458/6 1462/1462/6 1463/1463/6
f 1467/1467/5 1470/1470/5 1466/1466/5
f 1467/1467/5 1471/1471/5 1470/1470/5
f 1462/1462/1 1471/1471/1 1463/1463/1
f 1462/1462/1 1470/1470/1 1471/1471/1
f 1459/1459/3 1466/1466/3 1458/1458/3
f 1459/1459/3 1467/1467/3 1466/1466/3
f 1459/1459/2 1464/1464/2 1460/1460/2
f 1459/1459/2 1463/1463/2 1464/1464/2
f 1468/1468/4 1471/1471/4 1467/1467/4
f 1468/1468/4 1472/1472/4 1471/1471/4
f 1463/1463/1 1472/1472/1 1464/1464/1
f 1463/1463/1 1471/1471/1 1472/1472/1
f 1460/1460/3 1467/1467/3 1459/1459/3
f 1460/1460/3 1468/1468/3 1467/1467/3
f 1460/1460/5 1465/1465/5 1461/1461/5
f 1460/1460/5 1464/1464/5 1465/1465/5
f 1469/1469/6 1472/1472/6 1468/1468/6
f 1469/1469/6 1473/1473/6 1472/1472/6
f 1464/1464/1 1473/1473/1 1465/1465/1
f 1464/1464/1 1472/1472/1 1473/1473/1
f 1461/1461/3 1468/1468/3 1460/1460/3
f 1461/1461/3 1469/1469/3 1468/1468/3
f 1461/1461/4 1462/1462/4 1458/1458/4
f 1461/1461/4 1465/1465/4 1462/1462/4
f 1466/1466/2 1473/1473/2 1469/1469/2
f 1466/1466/2 1470/1470/2 1473/1473/2
f 1465/1465/1 1470/1470/1 1462/1462/1
f 1465/1465/1 1473/1473/1 1470/1470/1
f 1458/1458/3 1469/1469/3 1461/1461/3
f 1458/1458/3 1466/1466/3 1469/1469/3
f 1474/1474/6 1479/1479/6 1475/1475/6
f 1474/1474/6 1478/1478/6 1479/1479/6
f 1483/1483/5 1486/1486/5 1482/1482/5
f 1483/1483/5 1487/1487/5 1486/1486/5
f 1478/1478/1 1487/1487/1 1479/1479/1
f 1478/1478/1 1486/1486/1 1487/1487/1
f 1475/1475/3 1482/1482/3 1474/1474/3
f 1475/1475/3 1483/1483/3 1482/1482/3
f 1475/1475/2 1480/1480/2 1476/1476/2
f 1475/1475/2 1479/1479/2 1480/1480/2
f 1484/1484/4 1487/1487/4 1483/1483/4
f 1484/1484/4 1488/1488/4 1487/1487/4
f 1479/1479/1 1488/1488/1 1480/1480/1
f 1479/1479/1 1487/1487/1 1488/1488/1
f 1476/1476/3 1483/1483/3 1475/1475/3
f 1476/1476/3 1484/1484/3 1483/1483/3
f 1476/1476/5 1481/1481/5 1477/1477/5
f 1476/1476/5 1480/1480/5 1481/1481/5
f 1485/1485/6 1488/1488/6 1484/1484/6
f 1485/1485/6 1489/1489/6 1488/1488/6
f 1480/1480/1 1489/1489/1 1481/1481/1
f 1480/1480/1 1488/1488/1 1489/1489/1
f 1477/1477/3 1484/1484/3 1476/1476/3
f 1477/1477/3 1485/1485/3 1484/1484/3
f 1477/1477/4 1478/1478/4 1474/1474/4
f 1477/1477/4 1481/1481/4 1478/1478/4
f 1482/1482/2 1489/1489/2 1485/1485/2
f 1482/1482/2 1486/1486/2 1489/1489/2
f 1481/1481/1 1486/1486/1 1478/1478/1
f 1481/1481/1 1489/1489/1 1486/1486/1
f 1474/1474/3 1485/1485/3 1477/1477/3
f 1474/1474/3 1482/1482/3 1485/1485/3
f 1490/1490/6 1495/1495/6 1491/1491/6
f 1490/1490/6 1494/1494/6 1495/1495/6
f 1499/1499/5 1502/1502/5 1498/1498/5
f 1499/1499/5 1503/1503/5 1502/1502/5
f 1494/1494/1 1503/1503/1 1495/1495/1
f 1494/1494/1 1502/1502/1 1503/1503/1
f 1491/1491/3 1498/1498/3 1490/1490/3
f 1491/1491/3 1499/1499/3 1498/1498/3
f 1491/1491/2 1496/1496/2 1492/1492/2
f 1491/1491/2 1495/1495/2 1496/1496/2
f 1500/1500/4 1503/1503/4 1499/1499/4
f 1500/1500/4 1504/1504/4 1503/1503/4
f 1495/1495/1 1504/1504/1 1496/1496/1
f 1495/1495/1 1503/1503/1 1504/1504/1
f 1492/1492/3 1499/1499/3 1491/1491/3
f 1492/1492/3 1500/1500/3 1499/1499/3
f 1492/1492/5 1497/1497/5 1493/1493/5
f 1492/1492/5 1496/1496/5 1497/1497/5
f 1501/1501/6 1504/1504/6 1500/1500/6
f 1501/1501/6 1505/1505/6 1504/1504/6
f 1496/1496/1 1505/1505/1 1497/1497/1
f 1496/1496/1 1504/1504/1 1505/1505/1
f 1493/1493/3 1500/1500/3 1492/1492/3
f 1493/1493/3 1501/1501/3 1500/1500/3
f 1493/1493/4 1494/1494/4 1490/1490/4
f 1493/1493/4 1497/1497/4 1494/1494/4
f 1498/1498/2 1505/1505/2 1501/1501/2
f 1498/1498/2 1502/1502/2 1505/1505/2
f 1497/1497/1 1502/1502/1 1494/1494/1
f 1497/1497/1 1505/1505/1 1502/1502/1
f 1490/1490/3 1501/1501/3 1493/1493/3
f 1490/1490/3 1498/1498/3 1501/1501/3
f 1506/1506/6 1511/1511/6 1507/1507/6
f 1506/1506/6 1510/1510/6 1511/1511/6
f 1515/1515/5 1518/1518/5 1514/1514/5
f 1515/1515/5 1519/1519/5 1518/1518/5
f 1510/1510/1 1519/1519/1 1511/1511/1
f 1510/1510/1 1518/1518/1 1519/1519/1
f 1507/1507/3 1514/1514/3 1506/1506/3
f 1507/1507/3 1515/1515/3 1514/1514/3
f 1507/1507/2 1512/1512/2 1508/1508/2
f 1507/1507/2 1511/1511/2 1512/1512/2
f 1516/1516/4 1519/1519/4 1515/1515/4
f 1516/1516/4 1520/1520/4 1519/1519/4
f 1511/1511/1 1520/1520/1 1512/1512/1
f 1511/1511/1 1519/1519/1 1520/1520/1
f 1508/1508/3 1515/1515/3 1507/1507/3
f 1508/1508/3 1516/1516/3 1515/1515/3
f 1508/1508/5 1513/1513/5 1509/1509/5
f 1508/1508/5 1512/1512/5 1513/1513/5
f 1517/1517/6 1520/1520/6 1516/1516/6
f 1517/1517/6 1521/1521/6 1520/1520/6
f 1512/1512/1 1521/1521/1 1513/1513/1
f 1512/1512/1 1520/1520/1 1521/1521/1
f 1509/1509/3 1516/1516/3 1508/1508/3
f 1509/1509/3 1517/1517/3 1516/1516/3
f 1509/1509/4 1510/1510/4 1506/1506/4
f 1509/1509/4 1513/1513/4 1510/1510/4
f 1514/1514/2 1521/1521/2 1517/1517/2
f 1514/1514/2 1518/1518/2 1521/1521/2
f 1513/1513/1 1518/1518/1 1510/1510/1
f 1513/1513/1 1521/1521/1 1518/1518/1
f 1506/1506/3 1517/1517/3 1509/1509/3
f 1506/1506/3 1514/1514/3 1517/1517/3
f 1522/1522/6 1529/1529/6 1523/1523/6
f 1522/1522/6 1528/1528/6 1529/1529/6
f 1535/1535/5 1540/1540/5 1534/1534/5
f 1535/1535/5 1541/1541/5 1540/1540/5
f 1528/1528/1 1541/1541/1 1529/1529/1
f 1528/1528/1 1540/1540/1 1541/1541/1
f 1523/1523/3 1534/1534/3 1522/1522/3
f 1523/1523/3 1535/1535/3 1534/1534/3
f 1523/1523/2 1530/1530/2 1524/1524/2
f 1523/1523/2 1529/1529/2 1530/1530/2
f 1536/1536/4 1541/1541/4 1535/1535/4
f 1536/1536/4 1542/1542/4 1541/1541/4
f 1529/1529/1 1542/1542/1 1530/1530/1
f 1529/1529/1 1541/1541/1 1542/1542/1
f 1524/1524/3 1535/1535/3 1523/1523/3
f 1524/1524/3 1536/1536/3 1535/1535/3
f 1524/1524/47 1531/1531/47 1525/1525/47
f 1524/1524/47 1530/1530/47 1531/1531/47
f 1537/1537/48 1542/1542/48 1536/1536/48
f 1537/1537/48 1543/1543/48 1542/1542/48
f 1530/1530/1 1543/1543/1 1531/1531/1
f 1530/1530/1 1542/1542/1 1543/1543/1
f 1525/1525/3 1536/1536/3 1524/1524/3
f 1525/1525/3 1537/1537/3 1536/1536/3
f 1525/1525/5 1532/1532/5 1526/1526/5
f 1525/1525/5 1531/1531/5 1532/1532/5
f 1538/1538/6 1543/1543/6 1537/1537/6
f 1538/1538/6 1544/1544/6 1543/1543/6
f 1531/1531/1 1544/1544/1 1532/1532/1
f 1531/1531/1 1543/1543/1 1544/1544/1
f 1526/1526/3 1537/1537/3 1525/1525/3
f 1526/1526/3 1538/1538/3 1537/1537/3
f 1526/1526/49 1533/1533/49 1527/1527/49
f 1526/1526/49 1532/1532/49 1533/1533/49
f 1539/1539/50 1544/1544/50 1538/1538/50
f 1539/1539/50 1545/1545/50 1544/1544/50
f 1532/1532/1 1545/1545/1 1533/1533/1
f 1532/1532/1 1544/1544/1 1545/1545/1
f 1527/1527/3 1538/1538/3 1526/1526/3
f 1527/1527/3 1539/1539/3 1538/1538/3
f 1527/1527/4 1528/1528/4 1522/1522/4
f 1527/1527/4 1533/1533/4 1528/1528/4
f 1534/1534/2 1545/1545/2 1539/1539/2
f 1534/1534/2 1540/1540/2 1545/1545/2
f 1533/1533/1 1540/1540/1 1528/1528/1
f 1533/1533/1 1545/1545/1 1540/1540/1
f 1522/1522/3 1539/1539/3 1527/1527/3
f 1522/1522/3 1534/1534/3 1539/1539/3
f 1546/1546/6 1551/1551/6 1547/1547/6
f 1546/1546/6 1550/1550/6 1551/1551/6
f 1555/1555/5 1558/1558/5 1554/1554/5
f 1555/1555/5 1559/1559/5 1558/1558/5
f 1550/1550/1 1559/1559/1 1551/1551/1
f 1550/1550/1 1558/1558/1 1559/1559/1
f 1547/1547/3 1554/1554/3 1546/1546/3
f 1547/1547/3 1555/1555/3 1554/1554/3
f 1547/1547/2 1552/1552/2 1548/1548/2
f 1547/1547/2 1551/1551/2 1552/1552/2
f 1556/1556/4 1559/1559/4 1555/1555/4
f 1556/1556/4 1560/1560/4 1559/1559/4
f 1551/1551/1 1560/1560/1 1552/1552/1
f 1551/1551/1 1559/1559/1 1560/1560/1
f 1548/1548/3 1555/1555/3 1547/1547/3
f 1548/1548/3 1556/1556/3 1555/1555/3
f 1548/1548/5 1553/1553/5 1549/1549/5
f 1548/1548/5 1552/1552/5 1553/1553/5
f 1557/1557/6 1560/1560/6 1556/1556/6
f 1557/1557/6 1561/1561/6 1560/1560/6
f 1552/1552/1 1561/1561/1 1553/1553/1
f 1552/1552/1 1560/1560/1 1561/1561/1
f 1549/1549/3 1556/1556/3 1548/1548/3
f 1549/1549/3 1557/1557/3 1556/1556/3
f 1549/1549/4 1550/1550/4 1546/1546/4
f 1549/1549/4 1553/1553/4 1550/1550/4
f 1554/1554/2 1561/1561/2 1557/1557/2
f 1554/1554/2 1558/1558/2 1561/1561/2
f 1553/1553/1 1558/1558/1 1550/1550/1
f 1553/1553/1 1561/1561/1 1558/1558/1
f 1546/1546/3 1557/1557/3 1549/1549/3
f 1546/1546/3 1554/1554/3 1557/1557/3
f 1562/1562/6 1567/1567/6 1563/1563/6
f 1562/1562/6 1566/1566/6 1567/1567/6
f 1571/1571/5 1574/1574/5 1570/1570/5
f 1571/1571/5 1575/1575/5 1574/1574/5
f 1566/1566/1 1575/1575/1 1567/1567/1
f 1566/1566/1 1574/1574/1 1575/1575/1
f 1563/1563/3 1570/1570/3 1562/1562/3
f 1563/1563/3 1571/1571/3 1570/1570/3
f 1563/1563/2 1568/1568/2 1564/1564/2
f 1563/1563/2 1567/1567/2 1568/1568/2
f 1572/1572/4 1575/1575/4 1571/1571/4
f 1572/1572/4 1576/1576/4 1575/1575/4
f 1567/1567/1 1576/1576/1 1568/1568/1
f 1567/1567/1 1575/1575/1 1576/1576/1
f 1564/1564/3 1571/1571/3 1563/1563/3
f 1564/1564/3 1572/1572/3 1571/1571/3
f 1564/1564/5 1569/1569/5 1565/1565/5
f 1564/1564/5 1568/1568/5 1569/1569/5
f 1573/1573/6 1576/1576/6 1572/1572/6
f 1573/1573/6 1577/1577/6 1576/1576/6
f 1568/1568/1 1577/1577/1 1569/1569/1
f 1568/1568/1 1576/1576/1 1577/1577/1
f 1565/1565/3 1572/1572/3 1564/1564/3
f 1565/1565/3 1573/1573/3 1572/1572/3
f 1565/1565/4 1566/1566/4 1562/1562/4
f 1565/1565/4 1569/1569/4 1566/1566/4
f 1570/1570/2 1577/1577/2 1573/1573/2
f 1570/1570/2 1574/1574/2 1577/1577/2
f 1569/1569/1 1574/1574/1 1566/1566/1
f 1569/1569/1 1577/1577/1 1574/1574/1
f 1562/1562/3 1573/1573/3 1565/1565/3
f 1562/1562/3 1570/1570/3 1573/1573/3
f 1578/1578/6 1583/1583/6 1579/1579/6
f 1578/1578/6 1582/1582/6 1583/1583/6
f 1587/1587/5 1590/1590/5 1586/1586/5
f 1587/1587/5 1591/1591/5 1590/1590/5
f 1582/1582/1 1591/1591/1 1583/1583/1
f 1582/1582/1 1590/1590/1 1591/1591/1
f 1579/1579/3 1586/1586/3 1578/1578/3
f 1579/1579/3 1587/1587/3 1586/1586/3
f 1579/1579/2 1584/1584/2 1580/1580/2
f 1579/1579/2 1583/1583/2 1584/1584/2
f 1588/1588/4 1591/1591/4 1587/1587/4
f 1588/1588/4 1592/1592/4 1591/1591/4
f 1583/1583/1 1592/1592/1 1584/1584/1
f 1583/1583/1 1591/1591/1 1592/1592/1
f 1580/1580/3 1587/1587/3 1579/1579/3
f 1580/1580/3 1588/1588/3 1587/1587/3
f 1580/1580/5 1585/1585/5 1581/1581/5
f 1580/1580/5 1584/1584/5 1585/1585/5
f 1589/1589/6 1592/1592/6 1588/1588/6
f 1589/1589/6 1593/1593/6 1592/1592/6
f 1584/1584/1 1593/1593/1 1585/1585/1
f 1584/1584/1 1592/1592/1 1593/1593/1
f 1581/1581/3 1588/1588/3 1580/1580/3
f 1581/1581/3 1589/1589/3 1588/1588/3
f 1581/1581/4 1582/1582/4 1578/1578/4
f 1581/1581/4 1585/1585/4 1582/1582/4
f 1586/1586/2 1593/1593/2 1589/1589/2
f 1586/1586/2 1590/1590/2 1593/1593/2
f 1585/1585/1 1590/1590/1 1582/1582/1
f 1585/1585/1 1593/1593/1 1590/1590/1
f 1578/1578/3 1589/1589/3 1581/1581/3
f 1578/1578/3 1586/1586/3 1589/1589/3
f 1594/1594/6 1601/1601/6 1595/1595/6
f 1594/1594/6 1600/1600/6 1601/1601/6
f 1607/1607/5 1612/1612/5 1606/1606/5
f 1607/1607/5 1613/1613/5 1612/1612/5
f 1600/1600/1 1613/1613/1 1601/1601/1
f 1600/1600/1 1612/1612/1 1613/1613/1
f 1595/1595/3 1606/1606/3 1594/1594/3
f 1595/1595/3 1607/1607/3 1606/1606/3
f 1595/1595/2 1602/1602/2 1596/1596/2
f 1595/1595/2 1601/1601/2 1602/1602/2
f 1608/1608/4 1613/1613/4 1607/1607/4
f 1608/1608/4 1614/1614/4 1613/1613/4
f 1601/1601/1 1614/1614/1 1602/1602/1
f 1601/1601/1 1613/1613/1 1614/1614/1
f 1596/1596/3 1607/1607/3 1595/1595/3
f 1596/1596/3 1608/1608/3 1607/1607/3
f 1596/1596/47 1603/1603/47 1597/1597/47
f 1596/1596/47 1602/1602/47 1603/1603/47
f 1609/1609/48 1614/1614/48 1608/1608/48
f 1609/1609/48 1615/1615/48 1614/1614/48
f 1602/1602/1 1615/1615/1 1603/1603/1
f 1602/1602/1 1614/1614/1 1615/1615/1
f 1597/1597/3 1608/1608/3 1596/1596/3
f 1597/1597/3 1609/1609/3 1608/1608/3
f 1597/1597/5 1604/1604/5 1598/1598/5
f 1597/1597/5 1603/1603/5 1604/1604/5
f 1610/1610/6 1615/1615/6 1609/1609/6
f 1610/1610/6 1616/1616/6 1615/1615/6
f 1603/1603/1 1616/1616/1 1604/1604/1
f 1603/1603/1 1615/1615/1 1616/1616/1
f 1598/1598/3 1609/1609/3 1597/1597/3
f 1598/1598/3 1610/1610/3 1609/1609/3
f 1598/1598/49 1605/1605/49 1599/1599/49
f 1598/1598/49 1604/1604/49 1605/1605/49
f 1611/1611/50 1616/1616/50 1610/1610/50
f 1611/1611/50 1617/1617/50 1616/1616/50
f 1604/1604/1 1617/1617/1 1605/1605/1
f 1604/1604/1 1616/1616/1 1617/1617/1
f 1599/1599/3 1610/1610/3 1598/1598/3
f 1599/1599/3 1611/1611/3 1610/1610/3
f 1599/1599/4 1600/1600/4 1594/1594/4
f 1599/1599/4 1605/1605/4 1600/1600/4
f 1606/1606/2 1617/1617/2 1611/1611/2
f 1606/1606/2 1612/1612/2 1617/1617/2
f 1605/1605/1 1612/1612/1 1600/1600/1
f 1605/1605/1 1617/1617/1 1612/1612/1
f 1594/1594/3 1611/1611/3 1599/1599/3
f 1594/1594/3 1606/1606/3 1611/1611/3
f 1618/1618/6 1623/1623/6 1619/1619/6
f 1618/1618/6 1622/1622/6 1623/1623/6
f 1627/1627/5 1630/1630/5 1626/1626/5
f 1627/1627/5 1631/1631/5 1630/1630/5
f 1622/1622/1 1631/1631/1 1623/1623/1
f 1622/1622/1 1630/1630/1 1631/1631/1
f 1619/1619/3 1626/1626/3 1618/1618/3
f 1619/1619/3 1627/1627/3 1626/1626/3
f 1619/1619/2 1624/1624/2 1620/1620/2
f 1619/1619/2 1623/1623/2 1624/1624/2
f 1628/1628/4 1631/1631/4 1627/1627/4
f 1628/1628/4 1632/1632/4 1631/1631/4
f 1623/1623/1 1632/1632/1 1624/1624/1
f 1623/1623/1 1631/1631/1 1632/1632/1
f 1620/1620/3 1627/1627/3 1619/1619/3
f 1620/1620/3 1628/1628/3 1627/1627/3
f 1620/1620/5 1625/1625/5 1621/1621/5
f 1620/1620/5 1624/1624/5 1625/1625/5
f 1629/1629/6 1632/1632/6 1628/1628/6
f 1629/1629/6 1633/1633/6 1632/1632/6
f 1624/1624/1 1633/1633/1 1625/1625/1
f 1624/1624/1 1632/1632/1 1633/1633/1
f 1621/1621/3 1628/1628/3 1620/1620/3
f 1621/1621/3 1629/1629/3 1628/1628/3
f 1621/1621/4 1622/1622/4 1618/1618/4
f 1621/1621/4 1625/1625/4 1622/1622/4
f 1626/1626/2 1633/1633/2 1629/1629/2
f 1626/1626/2 1630/1630/2 1633/1633/2
f 1625/1625/1 1630/1630/1 1622/1622/1
f 1625/1625/1 1633/1633/1 1630/1630/1
f 1618/1618/3 1629/1629/3 1621/1621/3
f 1618/1618/3 1626/1626/3 1629/1629/3
f 1634/1634/3 1635/1635/3 1639/1639/3
f 1634/1634/3 1639/1639/3 1638/1638/3
f 1635/1635/2 1636/1636/2 1640/1640/2
f 1635/1635/2 1640/1640/2 1639/1639/2
f 1636/1636/1 1637/1637/1 1641/1641/1
f 1636/1636/1 1641/1641/1 1640/1640/1
f 1637/1637/4 1634/1634/4 1638/1638/4
f 1637/1637/4 1638/1638/4 1641/1641/4
f 1638/1638/5 1639/1639/5 1640/1640/5
f 1638/1638/5 1640/1640/5 1641/1641/5
f 1637/1637/6 1636/1636/6 1635/1635/6
f 1637/1637/6 1635/1635/6 1634/1634/6
f 1642/1642/6 1647/1647/6 1643/1643/6
f 1642/1642/6 1646/1646/6 1647/1647/6
f 1651/1651/5 1654/1654/5 1650/1650/5
f 1651/1651/5 1655/1655/5 1654/1654/5
f 1646/1646/2 1655/1655/2 1647/1647/2
f 1646/1646/2 1654/1654/2 1655/1655/2
f 1643/1643/4 1650/1650/4 1642/1642/4
f 1643/1643/4 1651/1651/4 1650/1650/4
f 1643/1643/3 1648/1648/3 1644/1644/3
f 1643/1643/3 1647/1647/3 1648/1648/3
f 1652/1652/1 1655/1655/1 1651/1651/1
f 1652/1652/1 1656/1656/1 1655/1655/1
f 1647/1647/2 1656/1656/2 1648/1648/2
f 1647/1647/2 1655/1655/2 1656/1656/2
f 1644/1644/4 1651/1651/4 1643/1643/4
f 1644/1644/4 1652/1652/4 1651/1651/4
f 1644/1644/5 1649/1649/5 1645/1645/5
f 1644/1644/5 1648/1648/5 1649/1649/5
f 1653/1653/6 1656/1656/6 1652/1652/6
f 1653/1653/6 1657/1657/6 1656/1656/6
f 1648/1648/2 1657/1657/2 1649/1649/2
f 1648/1648/2 1656/1656/2 1657/1657/2
f 1645/1645/4 1652/1652/4 1644/1644/4
f 1645/1645/4 1653/1653/4 1652/1652/4
f 1645/1645/1 1646/1646/1 1642/1642/1
f 1645/1645/1 1649/1649/1 1646/1646/1
f 1650/1650/3 1657/1657/3 1653/1653/3
f 1650/1650/3 1654/1654/3 1657/1657/3
f 1649/1649/2 1654/1654/2 1646/1646/2
f 1649/1649/2 1657/1657/2 1654/1654/2
f 1642/1642/4 1653/1653/4 1645/1645/4
f 1642/1642/4 1650/1650/4 1653/1653/4
f 1658/1658/6 1665/1665/6 1659/1659/6
f 1658/1658/6 1664/1664/6 1665/1665/6
f 1671/1671/5 1676/1676/5 1670/1670/5
f 1671/1671/5 1677/1677/5 1676/1676/5
f 1664/1664/2 1677/1677/2 1665/1665/2
f 1664/1664/2 1676/1676/2 1677/1677/2
f 1659/1659/4 1670/1670/4 1658/1658/4
f 1659/1659/4 1671/1671/4 1670/1670/4
f 1659/1659/3 1666/1666/3 1660/1660/3
f 1659/1659/3 1665/1665/3 1666/1666/3
f 1672/1672/1 1677/1677/1 1671/1671/1
f 1672/1672/1 1678/1678/1 1677/1677/1
f 1665/1665/2 1678/1678/2 1666/1666/2
f 1665/1665/2 1677/1677/2 1678/1678/2
f 1660/1660/4 1671/1671/4 1659/1659/4
f 1660/1660/4 1672/1672/4 1671/1671/4
f 1660/1660/51 1667/1667/51 1661/1661/51
f 1660/1660/51 1666/1666/51 1667/1667/51
f 1673/1673/52 1678/1678/52 1672/1672/52
f 1673/1673/52 1679/1679/52 1678/1678/52
f 1666/1666/2 1679/1679/2 1667/1667/2
f 1666/1666/2 1678/1678/2 1679/1679/2
f 1661/1661/4 1672/1672/4 1660/1660/4
f 1661/1661/4 1673/1673/4 1672/1672/4
f 1661/1661/5 1668/1668/5 1662/1662/5
f 1661/1661/5 1667/1667/5 1668/1668/5
f 1674/1674/6 1679/1679/6 1673/1673/6
f 1674/1674/6 1680/1680/6 1679/1679/6
f 1667/1667/2 1680/1680/2 1668/1668/2
f 1667/1667/2 1679/1679/2 1680/1680/2
f 1662/1662/4 1673/1673/4 1661/1661/4
f 1662/1662/4 1674/1674/4 1673/1673/4
f 1662/1662/53 1669/1669/53 1663/1663/53
f 1662/1662/53 1668/1668/53 1669/1669/53
f 1675/1675/54 1680/1680/54 1674/1674/54
f 1675/1675/54 1681/1681/54 1680/1680/54
f 1668/1668/2 1681/1681/2 1669/1669/2
f 1668/1668/2 1680/1680/2 1681/1681/2
f 1663/1663/4 1674/1674/4 1662/1662/4
f 1663/1663/4 1675/1675/4 1674/1674/4
f 1663/1663/1 1664/1664/1 1658/1658/1
f 1663/1663/1 1669/1669/1 1664/1664/1
f 1670/1670/3 1681/1681/3 1675/1675/3
f 1670/1670/3 1676/1676/3 1681/1681/3
f 1669/1669/2 1676/1676/2 1664/1664/2
f 1669/1669/2 1681/1681/2 1676/1676/2
f 1658/1658/4 1675/1675/4 1663/1663/4
f 1658/1658/4 1670/1670/4 1675/1675/4
f 1682/1682/6 1687/1687/6 1683/1683/6
f 1682/1682/6 1686/1686/6 1687/1687/6
f 1691/1691/5 1694/1694/5 1690/1690/5
f 1691/1691/5 1695/1695/5 1694/1694/5
f 1686/1686/2 1695/1695/2 1687/1687/2
f 1686/1686/2 1694/1694/2 1695/1695/2
f 1683/1683/4 1690/1690/4 1682/1682/4
f 1683/1683/4 1691/1691/4 1690/1690/4
f 1683/1683/3 1688/1688/3 1684/1684/3
f 1683/1683/3 1687/1687/3 1688/1688/3
f 1692/1692/1 1695/1695/1 1691/1691/1
f 1692/1692/1 1696/1696/1 1695/1695/1
f 1687/1687/2 1696/1696/2 1688/1688/2
f 1687/1687/2 1695/1695/2 1696/1696/2
f 1684/1684/4 1691/1691/4 1683/1683/4
f 1684/1684/4 1692/1692/4 1691/1691/4
f 1684/1684/5 1689/1689/5 1685/1685/5
f 1684/1684/5 1688/1688/5 1689/1689/5
f 1693/1693/6 1696/1696/6 1692/1692/6
f 1693/1693/6 1697/1697/6 1696/1696/6
f 1688/1688/2 1697/1697/2 1689/1689/2
f 1688/1688/2 1696/1696/2 1697/1697/2
f 1685/1685/4 1692/1692/4 1684/1684/4
f 1685/1685/4 1693/1693/4 1692/1692/4
f 1685/1685/1 1686/1686/1 1682/1682/1
f 1685/1685/1 1689/1689/1 1686/1686/1
f 1690/1690/3 1697/1697/3 1693/1693/3
f 1690/1690/3 1694/1694/3 1697/1697/3
f 1689/1689/2 1694/1694/2 1686/1686/2
f 1689/1689/2 1697/1697/2 1694/1694/2
f 1682/1682/4 1693/1693/4 1685/1685/4
f 1682/1682/4 1690/1690/4 1693/1693/4
f 1698/1698/6 1703/1703/6 1699/1699/6
f 1698/1698/6 1702/1702/6 1703/1703/6
f 1707/1707/5 1710/1710/5 1706/1706/5
f 1707/1707/5 1711/1711/5 1710/1710/5
f 1702/1702/2 1711/1711/2 1703/1703/2
f 1702/1702/2 1710/1710/2 1711/1711/2
f 1699/1699/4 1706/1706/4 1698/1698/4
f 1699/1699/4 1707/1707/4 1706/1706/4
f 1699/1699/3 1704/1704/3 1700/1700/3
f 1699/1699/3 1703/1703/3 1704/1704/3
f 1708/1708/1 1711/1711/1 1707/1707/1
f 1708/1708/1 1712/1712/1 1711/1711/1
f 1703/1703/2 1712/1712/2 1704/1704/2
f 1703/1703/2 1711/1711/2 1712/1712/2
f 1700/1700/4 1707/1707/4 1699/1699/4
f 1700/1700/4 1708/1708/4 1707/1707/4
f 1700/1700/5 1705/1705/5 1701/1701/5
f 1700/1700/5 1704/1704/5 1705/1705/5
f 1709/1709/6 1712/1712/6 1708/1708/6
f 1709/1709/6 1713/1713/6 1712/1712/6
f 1704/1704/2 1713/1713/2 1705/1705/2
f 1704/1704/2 1712/1712/2 1713/1713/2
f 1701/1701/4 1708/1708/4 1700/1700/4
f 1701/1701/4 1709/1709/4 1708/1708/4
f 1701/1701/1 1702/1702/1 1698/1698/1
f 1701/1701/1 1705/1705/1 1702/1702/1
f 1706/1706/3 1713/1713/3 1709/1709/3
f 1706/1706/3 1710/1710/3 1713/1713/3
f 1705/1705/2 1710/1710/2 1702/1702/2
f 1705/1705/2 1713/1713/2 1710/1710/2
f 1698/1698/4 1709/1709/4 1701/1701/4
f 1698/1698/4 1706/1706/4 1709/1709/4
f 1714/1714/6 1719/1719/6 1715/1715/6
f 1714/1714/6 1718/1718/6 1719/1719/6
f 1723/1723/5 1726/1726/5 1722/1722/5
f 1723/1723/5 1727/1727/5 1726/1726/5
f 1718/1718/2 1727/1727/2 1719/1719/2
f 1718/1718/2 1726/1726/2 1727/1727/2
f 1715/1715/4 1722/1722/4 1714/1714/4
f 1715/1715/4 1723/1723/4 1722/1722/4
f 1715/1715/3 1720/1720/3 1716/1716/3
f 1715/1715/3 1719/1719/3 1720/1720/3
f 1724/1724/1 1727/1727/1 1723/1723/1
f 1724/1724/1 1728/1728/1 1727/1727/1
f 1719/1719/2 1728/1728/2 1720/1720/2
f 1719/1719/2 1727/1727/2 1728/1728/2
f 1716/1716/4 1723/1723/4 1715/1715/4
f 1716/1716/4 1724/1724/4 1723/1723/4
f 1716/1716/5 1721/1721/5 1717/1717/5
f 1716/1716/5 1720/1720/5 1721/1721/5
f 1725/1725/6 1728/1728/6 1724/1724/6
f 1725/1725/6 1729/1729/6 1728/1728/6
f 1720/1720/2 1729/1729/2 1721/1721/2
f 1720/1720/2 1728/1728/2 1729/1729/2
f 1717/1717/4 1724/1724/4 1716/1716/4
f 1717/1717/4 1725/1725/4 1724/1724/4
f 1717/1717/1 1718/1718/1 1714/1714/1
f 1717/1717/1 1721/1721/1 1718/1718/1
f 1722/1722/3 1729/1729/3 1725/1725/3
f 1722/1722/3 1726/1726/3 1729/1729/3
f 1721/1721/2 1726/1726/2 1718/1718/2
f 1721/1721/2 1729/1729/2 1726/1726/2
f 1714/1714/4 1725/1725/4 1717/1717/4
f 1714/1714/4 1722/1722/4 1725/1725/4
f 1730/1730/6 1735/1735/6 1731/1731/6
f 1730/1730/6 1734/1734/6 1735/1735/6
f 1739/1739/5 1742/1742/5 1738/1738/5
f 1739/1739/5 1743/1743/5 1742/1742/5
f 1734/1734/2 1743/1743/2 1735/1735/2
f 1734/1734/2 1742/1742/2 1743/1743/2
f 1731/1731/4 1738/1738/4 1730/1730/4
f 1731/1731/4 1739/1739/4 1738/1738/4
f 1731/1731/3 1736/1736/3 1732/1732/3
f 1731/1731/3 1735/1735/3 1736/1736/3
f 1740/1740/1 1743/1743/1 1739/1739/1
f 1740/1740/1 1744/1744/1 1743/1743/1
f 1735/1735/2 1744/1744/2 1736/1736/2
f 1735/1735/2 1743/1743/2 1744/1744/2
f 1732/1732/4 1739/1739/4 1731/1731/4
f 1732/1732/4 1740/1740/4 1739/1739/4
f 1732/1732/5 1737/1737/5 1733/1733/5
f 1732/1732/5 1736/1736/5 1737/1737/5
f 1741/1741/6 1744/1744/6 1740/1740/6
f 1741/1741/6 1745/1745/6 1744/1744/6
f 1736/1736/2 1745/1745/2 1737/1737/2
f 1736/1736/2 1744/1744/2 1745/1745/2
f 1733/1733/4 1740/1740/4 1732/1732/4
f 1733/1733/4 1741/1741/4 1740/1740/4
f 1733/1733/1 1734/1734/1 1730/1730/1
f 1733/1733/1 1737/1737/1 1734/1734/1
f 1738/1738/3 1745/1745/3 1741/1741/3
f 1738/1738/3 1742/1742/3 1745/1745/3
f 1737/1737/2 1742/1742/2 1734/1734/2
f 1737/1737/2 1745/1745/2 1742/1742/2
f 1730/1730/4 1741/1741/4 1733/1733/4
f 1730/1730/4 1738/1738/4 1741/1741/4
f 1746/1746/6 1751/1751/6 1747/1747/6
f 1746/1746/6 1750/1750/6 1751/1751/6
f 1755/1755/5 1758/1758/5 1754/1754/5
f 1755/1755/5 1759/1759/5 1758/1758/5
f 1750/1750/3 1759/1759/3 1751/1751/3
f 1750/1750/3 1758/1758/3 1759/1759/3
f 1747/1747/1 1754/1754/1 1746/1746/1
f 1747/1747/1 1755/1755/1 1754/1754/1
f 1747/1747/4 1752/1752/4 1748/1748/4
f 1747/1747/4 1751/1751/4 1752/1752/4
f 1756/1756/2 1759/1759/2 1755/1755/2
f 1756/1756/2 1760/1760/2 1759/1759/2
f 1751/1751/3 1760/1760/3 1752/1752/3
f 1751/1751/3 1759/1759/3 1760/1760/3
f 1748/1748/1 1755/1755/1 1747/1747/1
f 1748/1748/1 1756/1756/1 1755/1755/1
f 1748/1748/5 1753/1753/5 1749/1749/5
f 1748/1748/5 1752/1752/5 1753/1753/5
f 1757/1757/6 1760/1760/6 1756/1756/6
f 1757/1757/6 1761/1761/6 1760/1760/6
f 1752/1752/3 1761/1761/3 1753/1753/3
f 1752/1752/3 1760/1760/3 1761/1761/3
f 1749/1749/1 1756/1756/1 1748/1748/1
f 1749/1749/1 1757/1757/1 1756/1756/1
f 1749/1749/2 1750/1750/2 1746/1746/2
f 1749/1749/2 1753/1753/2 1750/1750/2
f 1754/1754/4 1761/1761/4 1757/1757/4
f 1754/1754/4 1758/1758/4 1761/1761/4
f 1753/1753/3 1758/1758/3 1750/1750/3
f 1753/1753/3 1761/1761/3 1758/1758/3
f 1746/1746/1 1757/1757/1 1749/1749/1
f 1746/1746/1 1754/1754/1 1757/1757/1
f 1762/1762/6 1769/1769/6 1763/1763/6
f 1762/1762/6 1768/1768/6 1769/1769/6
f 1775/1775/5 1780/1780/5 1774/1774/5
f 1775/1775/5 1781/1781/5 1780/1780/5
f 1768/1768/3 1781/1781/3 1769/1769/3
f 1768/1768/3 1780/1780/3 1781/1781/3
f 1763/1763/1 1774/1774/1 1762/1762/1
f 1763/1763/1 1775/1775/1 1774/1774/1
f 1763/1763/4 1770/1770/4 1764/1764/4
f 1763/1763/4 1769/1769/4 1770/1770/4
f 1776/1776/2 1781/1781/2 1775/1775/2
f 1776/1776/2 1782/1782/2 1781/1781/2
f 1769/1769/3 1782/1782/3 1770/1770/3
f 1769/1769/3 1781/1781/3 1782/1782/3
f 1764/1764/1 1775/1775/1 1763/1763/1
f 1764/1764/1 1776/1776/1 1775/1775/1
f 1764/1764/49 1771/1771/49 1765/1765/49
f 1764/1764/49 1770/1770/49 1771/1771/49
f 1777/1777/50 1782/1782/50 1776/1776/50
f 1777/1777/50 1783/1783/50 1782/1782/50
f 1770/1770/3 1783/1783/3 1771/1771/3
f 1770/1770/3 1782/1782/3 1783/1783/3
f 1765/1765/1 1776/1776/1 1764/1764/1
f 1765/1765/1 1777/1777/1 1776/1776/1
f 1765/1765/5 1772/1772/5 1766/1766/5
f 1765/1765/5 1771/1771/5 1772/1772/5
f 1778/1778/6 1783/1783/6 1777/1777/6
f 1778/1778/6 1784/1784/6 1783/1783/6
f 1771/1771/3 1784/1784/3 1772/1772/3
f 1771/1771/3 1783/1783/3 1784/1784/3
f 1766/1766/1 1777/1777/1 1765/1765/1
f 1766/1766/1 1778/1778/1 1777/1777/1
f 1766/1766/47 1773/1773/47 1767/1767/47
f 1766/1766/47 1772/1772/47 1773/1773/47
f 1779/1779/48 1784/1784/48 1778/1778/48
f 1779/1779/48 1785/1785/48 1784/1784/48
f 1772/1772/3 1785/1785/3 1773/1773/3
f 1772/1772/3 1784/1784/3 1785/1785/3
f 1767/1767/1 1778/1778/1 1766/1766/1
f 1767/1767/1 1779/1779/1 1778/1778/1
f 1767/1767/2 1768/1768/2 1762/1762/2
f 1767/1767/2 1773/1773/2 1768/1768/2
f 1774/1774/4 1785/1785/4 1779/1779/4
f 1774/1774/4 1780/1780/4 1785/1785/4
f 1773/1773/3 1780/1780/3 1768/1768/3
f 1773/1773/3 1785/1785/3 1780/1780/3
f 1762/1762/1 1779/1779/1 1767/1767/1
f 1762/1762/1 1774/1774/1 1779/1779/1
f 1786/1786/6 1791/1791/6 1787/1787/6
f 1786/1786/6 1790/1790/6 1791/1791/6
f 1795/1795/5 1798/1798/5 1794/1794/5
f 1795/1795/5 1799/1799/5 1798/1798/5
f 1790/1790/3 1799/1799/3 1791/1791/3
f 1790/1790/3 1798/1798/3 1799/1799/3
f 1787/1787/1 1794/1794/1 1786/1786/1
f 1787/1787/1 1795/1795/1 1794/1794/1
f 1787/1787/4 1792/1792/4 1788/1788/4
f 1787/1787/4 1791/1791/4 1792/1792/4
f 1796/1796/2 1799/1799/2 1795/1795/2
f 1796/1796/2 1800/1800/2 1799/1799/2
f 1791/1791/3 1800/1800/3 1792/1792/3
f 1791/1791/3 1799/1799/3 1800/1800/3
f 1788/1788/1 1795/1795/1 1787/1787/1
f 1788/1788/1 1796/1796/1 1795/1795/1
f 1788/1788/5 1793/1793/5 1789/1789/5
f 1788/1788/5 1792/1792/5 1793/1793/5
f 1797/1797/6 1800/1800/6 1796/1796/6
f 1797/1797/6 1801/1801/6 1800/1800/6
f 1792/1792/3 1801/1801/3 1793/1793/3
f 1792/1792/3 1800/1800/3 1801/1801/3
f 1789/1789/1 1796/1796/1 1788/1788/1
f 1789/1789/1 1797/1797/1 1796/1796/1
f 1789/1789/2 1790/1790/2 1786/1786/2
f 1789/1789/2 1793/1793/2 1790/1790/2
f 1794/1794/4 1801/1801/4 1797/1797/4
f 1794/1794/4 1798/1798/4 1801/1801/4
f 1793/1793/3 1798/1798/3 1790/1790/3
f 1793/1793/3 1801/1801/3 1798/1798/3
f 1786/1786/1 1797/1797/1 1789/1789/1
f 1786/1786/1 1794/1794/1 1797/1797/1
f 1802/1802/6 1809/1809/6 1803/1803/6
f 1802/1802/6 1808/1808/6 1809/1809/6
f 1815/1815/5 1820/1820/5 1814/1814/5
f 1815/1815/5 1821/1821/5 1820/1820/5
f 1808/1808/3 1821/1821/3 1809/1809/3
f 1808/1808/3 1820/1820/3 1821/1821/3
f 1803/1803/1 1814/1814/1 1802/1802/1
f 1803/1803/1 1815/1815/1 1814/1814/1
f 1803/1803/4 1810/1810/4 1804/1804/4
f 1803/1803/4 1809/1809/4 1810/1810/4
f 1816/1816/2 1821/1821/2 1815/1815/2
f 1816/1816/2 1822/1822/2 1821/1821/2
f 1809/1809/3 1822/1822/3 1810/1810/3
f 1809/1809/3 1821/1821/3 1822/1822/3
f 1804/1804/1 1815/1815/1 1803/1803/1
f 1804/1804/1 1816/1816/1 1815/1815/1
f 1804/1804/49 1811/1811/49 1805/1805/49
f 1804/1804/49 1810/1810/49 1811/1811/49
f 1817/1817/50 1822/1822/50 1816/1816/50
f 1817/1817/50 1823/1823/50 1822/1822/50
f 1810/1810/3 1823/1823/3 1811/1811/3
f 1810/1810/3 1822/1822/3 1823/1823/3
f 1805/1805/1 1816/1816/1 1804/1804/1
f 1805/1805/1 1817/1817/1 1816/1816/1
f 1805/1805/5 1812/1812/5 1806/1806/5
f 1805/1805/5 1811/1811/5 1812/1812/5
f 1818/1818/6 1823/1823/6 1817/1817/6
f 1818/1818/6 1824/1824/6 1823/1823/6
f 1811/1811/3 1824/1824/3 1812/1812/3
f 1811/1811/3 1823/1823/3 1824/1824/3
f 1806/1806/1 1817/1817/1 1805/1805/1
f 1806/1806/1 1818/1818/1 1817/1817/1
f 1806/1806/47 1813/1813/47 1807/1807/47
f 1806/1806/47 1812/1812/47 1813/1813/47
f 1819/1819/48 1824/1824/48 1818/1818/48
f 1819/1819/48 1825/1825/48 1824/1824/48
f 1812/1812/3 1825/1825/3 1813/1813/3
f 1812/1812/3 1824/1824/3 1825/1825/3
f 1807/1807/1 1818/1818/1 1806/1806/1
f 1807/1807/1 1819/1819/1 1818/1818/1
f 1807/1807/2 1808/1808/2 1802/1802/2
f 1807/1807/2 1813/1813/2 1808/1808/2
f 1814/1814/4 1825/1825/4 1819/1819/4
f 1814/1814/4 1820/1820/4 1825/1825/4
f 1813/1813/3 1820/1820/3 1808/1808/3
f 1813/1813/3 1825/1825/3 1820/1820/3
f 1802/1802/1 1819/1819/1 1807/1807/1
f 1802/1802/1 1814/1814/1 1819/1819/1
f 1826/1826/6 1831/1831/6 1827/1827/6
f 1826/1826/6 1830/1830/6 1831/1831/6
f 1835/1835/5 1838/1838/5 1834/1834/5
f 1835/1835/5 1839/1839/5 1838/1838/5
f 1830/1830/3 1839/1839/3 1831/1831/3
f 1830/1830/3 1838/1838/3 1839/1839/3
f 1827/1827/1 1834/1834/1 1826/1826/1
f 1827/1827/1 1835/1835/1 1834/1834/1
f 1827/1827/4 1832/1832/4 1828/1828/4
f 1827/1827/4 1831/1831/4 1832/1832/4
f 1836/1836/2 1839/1839/2 1835/1835/2
f 1836/1836/2 1840/1840/2 1839/1839/2
f 1831/1831/3 1840/1840/3 1832/1832/3
f 1831/1831/3 1839/1839/3 1840/1840/3
f 1828/1828/1 1835/1835/1 1827/1827/1
f 1828/1828/1 1836/1836/1 1835/1835/1
f 1828/1828/5 1833/1833/5 1829/1829/5
f 1828/1828/5 1832/1832/5 1833/1833/5
f 1837/1837/6 1840/1840/6 1836/1836/6
f 1837/1837/6 1841/1841/6 1840/1840/6
f 1832/1832/3 1841/1841/3 1833/1833/3
f 1832/1832/3 1840/1840/3 1841/1841/3
f 1829/1829/1 1836/1836/1 1828/1828/1
f 1829/1829/1 1837/1837/1 1836/1836/1
f 1829/1829/2 1830/1830/2 1826/1826/2
f 1829/1829/2 1833/1833/2 1830/1830/2
f 1834/1834/4 1841/1841/4 1837/1837/4
f 1834/1834/4 1838/1838/4 1841/1841/4
f 1833/1833/3 1838/1838/3 1830/1830/3
f 1833/1833/3 1841/1841/3 1838/1838/3
f 1826/1826/1 1837/1837/1 1829/1829/1
f 1826/1826/1 1834/1834/1 1837/1837/1
f 1842/1842/6 1847/1847/6 1843/1843/6
f 1842/1842/6 1846/1846/6 1847/1847/6
f 1851/1851/5 1854/1854/5 1850/1850/5
f 1851/1851/5 1855/1855/5 1854/1854/5
f 1846/1846/3 1855/1855/3 1847/1847/3
f 1846/1846/3 1854/1854/3 1855/1855/3
f 1843/1843/1 1850/1850/1 1842/1842/1
f 1843/1843/1 1851/1851/1 1850/1850/1
f 1843/1843/4 1848/1848/4 1844/1844/4
f 1843/1843/4 1847/1847/4 1848/1848/4
f 1852/1852/2 1855/1855/2 1851/1851/2
f 1852/1852/2 1856/1856/2 1855/1855/2
f 1847/1847/3 1856/1856/3 1848/1848/3
f 1847/1847/3 1855/1855/3 1856/1856/3
f 1844/1844/1 1851/1851/1 1843/1843/1
f 1844/1844/1 1852/1852/1 1851/1851/1
f 1844/1844/5 1849/1849/5 1845/1845/5
f 1844/1844/5 1848/1848/5 1849/1849/5
f 1853/1853/6 1856/1856/6 1852/1852/6
f 1853/1853/6 1857/1857/6 1856/1856/6
f 1848/1848/3 1857/1857/3 1849/1849/3
f 1848/1848/3 1856/1856/3 1857/1857/3
f 1845/1845/1 1852/1852/1 1844/1844/1
f 1845/1845/1 1853/1853/1 1852/1852/1
f 1845/1845/2 1846/1846/2 1842/1842/2
f 1845/1845/2 1849/1849/2 1846/1846/2
f 1850/1850/4 1857/1857/4 1853/1853/4
f 1850/1850/4 1854/1854/4 1857/1857/4
f 1849/1849/3 1854/1854/3 1846/1846/3
f 1849/1849/3 1857/1857/3 1854/1854/3
f 1842/1842/1 1853/1853/1 1845/1845/1
f 1842/1842/1 1850/1850/1 1853/1853/1
f 1858/1858/6 1863/1863/6 1859/1859/6
f 1858/1858/6 1862/1862/6 1863/1863/6
f 1867/1867/5 1870/1870/5 1866/1866/5
f 1867/1867/5 1871/1871/5 1870/1870/5
f 1862/1862/3 1871/1871/3 1863/1863/3
f 1862/1862/3 1870/1870/3 1871/1871/3
f 1859/1859/1 1866/1866/1 1858/1858/1
f 1859/1859/1 1867/1867/1 1866/1866/1
f 1859/1859/4 1864/1864/4 1860/1860/4
f 1859/1859/4 1863/1863/4 1864/1864/4
f 1868/1868/2 1871/1871/2 1867/1867/2
f 1868/1868/2 1872/1872/2 1871/1871/2
f 1863/1863/3 1872/1872/3 1864/1864/3
f 1863/1863/3 1871/1871/3 1872/1872/3
f 1860/1860/1 1867/1867/1 1859/1859/1
f 1860/1860/1 1868/1868/1 1867/1867/1
f 1860/1860/5 1865/1865/5 1861/1861/5
f 1860/1860/5 1864/1864/5 1865/1865/5
f 1869/1869/6 1872/1872/6 1868/1868/6
f 1869/1869/6 1873/1873/6 1872/1872/6
f 1864/1864/3 1873/1873/3 1865/1865/3
f 1864/1864/3 1872/1872/3 1873/1873/3
f 1861/1861/1 1868/1868/1 1860/1860/1
f 1861/1861/1 1869/1869/1 1868/1868/1
f 1861/1861/2 1862/1862/2 1858/1858/2
f 1861/1861/2 1865/1865/2 1862/1862/2
f 1866/1866/4 1873/1873/4 1869/1869/4
f 1866/1866/4 1870/1870/4 1873/1873/4
f 1865/1865/3 1870/1870/3 1862/1862/3
f 1865/1865/3 1873/1873/3 1870/1870/3
f 1858/1858/1 1869/1869/1 1861/1861/1
f 1858/1858/1 1866/1866/1 1869/1869/1
f 1874/1874/6 1879/1879/6 1875/1875/6
f 1874/1874/6 1878/1878/6 1879/1879/6
f 1883/1883/5 1886/1886/5 1882/1882/5
f 1883/1883/5 1887/1887/5 1886/1886/5
f 1878/1878/3 1887/1887/3 1879/1879/3
f 1878/1878/3 1886/1886/3 1887/1887/3
f 1875/1875/1 1882/1882/1 1874/1874/1
f 1875/1875/1 1883/1883/1 1882/1882/1
f 1875/1875/4 1880/1880/4 1876/1876/4
f 1875/1875/4 1879/1879/4 1880/1880/4
f 1884/1884/2 1887/1887/2 1883/1883/2
f 1884/1884/2 1888/1888/2 1887/1887/2
f 1879/1879/3 1888/1888/3 1880/1880/3
f 1879/1879/3 1887/1887/3 1888/1888/3
f 1876/1876/1 1883/1883/1 1875/1875/1
f 1876/1876/1 1884/1884/1 1883/1883/1
f 1876/1876/5 1881/1881/5 1877/1877/5
f 1876/1876/5 1880/1880/5 1881/1881/5
f 1885/1885/6 1888/1888/6 1884/1884/6
f 1885/1885/6 1889/1889/6 1888/1888/6
f 1880/1880/3 1889/1889/3 1881/1881/3
f 1880/1880/3 1888/1888/3 1889/1889/3
f 1877/1877/1 1884/1884/1 1876/1876/1
f 1877/1877/1 1885/1885/1 1884/1884/1
f 1877/1877/2 1878/1878/2 1874/1874/2
f 1877/1877/2 1881/1881/2 1878/1878/2
f 1882/1882/4 1889/1889/4 1885/1885/4
f 1882/1882/4 1886/1886/4 1889/1889/4
f 1881/1881/3 1886/1886/3 1878/1878/3
f 1881/1881/3 1889/1889/3 1886/1886/3
f 1874/1874/1 1885/1885/1 1877/1877/1
f 1874/1874/1 1882/1882/1 1885/1885/1
f 1890/1890/6 1895/1895/6 1891/1891/6
f 1890/1890/6 1894/1894/6 1895/1895/6
f 1899/1899/5 1902/1902/5 1898/1898/5
f 1899/1899/5 1903/1903/5 1902/1902/5
f 1894/1894/3 1903/1903/3 1895/1895/3
f 1894/1894/3 1902/1902/3 1903/1903/3
f 1891/1891/1 1898/1898/1 1890/1890/1
f 1891/1891/1 1899/1899/1 1898/1898/1
f 1891/1891/4 1896/1896/4 1892/1892/4
f 1891/1891/4 1895/1895/4 1896/1896/4
f 1900/1900/2 1903/1903/2 1899/1899/2
f 1900/1900/2 1904/1904/2 1903/1903/2
f 1895/1895/3 1904/1904/3 1896/1896/3
f 1895/1895/3 1903/1903/3 1904/1904/3
f 1892/1892/1 1899/1899/1 1891/1891/1
f 1892/1892/1 1900/1900/1 1899/1899/1
f 1892/1892/5 1897/1897/5 1893/1893/5
f 1892/1892/5 1896/1896/5 1897/1897/5
f 1901/1901/6 1904/1904/6 1900/1900/6
f 1901/1901/6 1905/1905/6 1904/1904/6
f 1896/1896/3 1905/1905/3 1897/1897/3
f 1896/1896/3 1904/1904/3 1905/1905/3
f 1893/1893/1 1900/1900/1 1892/1892/1
f 1893/1893/1 1901/1901/1 1900/1900/1
f 1893/1893/2 1894/1894/2 1890/1890/2
f 1893/1893/2 1897/1897/2 1894/1894/2
f 1898/1898/4 1905/1905/4 1901/1901/4
f 1898/1898/4 1902/1902/4 1905/1905/4
f 1897/1897/3 1902/1902/3 1894/1894/3
f 1897/1897/3 1905/1905/3 1902/1902/3
f 1890/1890/1 1901/1901/1 1893/1893/1
f 1890/1890/1 1898/1898/1 1901/1901/1
f 1906/1906/6 1911/1911/6 1907/1907/6
f 1906/1906/6 1910/1910/6 1911/1911/6
f 1915/1915/5 1918/1918/5 1914/1914/5
f 1915/1915/5 1919/1919/5 1918/1918/5
f 1910/1910/3 1919/1919/3 1911/1911/3
f 1910/1910/3 1918/1918/3 1919/1919/3
f 1907/1907/1 1914/1914/1 1906/1906/1
f 1907/1907/1 1915/1915/1 1914/1914/1
f 1907/1907/4 1912/1912/4 1908/1908/4
f 1907/1907/4 1911/1911/4 1912/1912/4
f 1916/1916/2 1919/1919/2 1915/1915/2
f 1916/1916/2 1920/1920/2 1919/1919/2
f 1911/1911/3 1920/1920/3 1912/1912/3
f 1911/1911/3 1919/1919/3 1920/1920/3
f 1908/1908/1 1915/1915/1 1907/1907/1
f 1908/1908/1 1916/1916/1 1915/1915/1
f 1908/1908/5 1913/1913/5 1909/1909/5
f 1908/1908/5 1912/1912/5 1913/1913/5
f 1917/1917/6 1920/1920/6 1916/1916/6
f 1917/1917/6 1921/1921/6 1920/1920/6
f 1912/1912/3 1921/1921/3 1913/1913/3
f 1912/1912/3 1920/1920/3 1921/1921/3
f 1909/1909/1 1916/1916/1 1908/1908/1
f 1909/1909/1 1917/1917/1 1916/1916/1
f 1909/1909/2 1910/1910/2 1906/1906/2
f 1909/1909/2 1913/1913/2 1910/1910/2
f 1914/1914/4 1921/1921/4 1917/1917/4
f 1914/1914/4 1918/1918/4 1921/1921/4
f 1913/1913/3 1918/1918/3 1910/1910/3
f 1913/1913/3 1921/1921/3 1918/1918/3
f 1906/1906/1 1917/1917/1 1909/1909/1
f 1906/1906/1 1914/1914/1 1917/1917/1
f 1922/1922/6 1927/1927/6 1923/1923/6
f 1922/1922/6 1926/1926/6 1927/1927/6
f 1931/1931/5 1934/1934/5 1930/1930/5
f 1931/1931/5 1935/1935/5 1934/1934/5
f 1926/1926/4 1935/1935/4 1927/1927/4
f 1926/1926/4 1934/1934/4 1935/1935/4
f 1923/1923/2 1930/1930/2 1922/1922/2
f 1923/1923/2 1931/1931/2 1930/1930/2
f 1923/1923/1 1928/1928/1 1924/1924/1
f 1923/1923/1 1927/1927/1 1928/1928/1
f 1932/1932/3 1935/1935/3 1931/1931/3
f 1932/1932/3 1936/1936/3 1935/1935/3
f 1927/1927/4 1936/1936/4 1928/1928/4
f 1927/1927/4 1935/1935/4 1936/1936/4
f 1924/1924/2 1931/1931/2 1923/1923/2
f 1924/1924/2 1932/1932/2 1931/1931/2
f 1924/1924/5 1929/1929/5 1925/1925/5
f 1924/1924/5 1928/1928/5 1929/1929/5
f 1933/1933/6 1936/1936/6 1932/1932/6
f 1933/1933/6 1937/1937/6 1936/1936/6
f 1928/1928/4 1937/1937/4 1929/1929/4
f 1928/1928/4 1936/1936/4 1937/1937/4
f 1925/1925/2 1932/1932/2 1924/1924/2
f 1925/1925/2 1933/1933/2 1932/1932/2
f 1925/1925/3 1926/1926/3 1922/1922/3
f 1925/1925/3 1929/1929/3 1926/1926/3
f 1930/1930/1 1937/1937/1 1933/1933/1
f 1930/1930/1 1934/1934/1 1937/1937/1
f 1929/1929/4 1934/1934/4 1926/1926/4
f 1929/1929/4 1937/1937/4 1934/1934/4
f 1922/1922/2 1933/1933/2 1925/1925/2
f 1922/1922/2 1930/1930/2 1933/1933/2
f 1938/1938/6 1943/1943/6 1939/1939/6
f 1938/1938/6 1942/1942/6 1943/1943/6
f 1947/1947/5 1950/1950/5 1946/1946/5
f 1947/1947/5 1951/1951/5 1950/1950/5
f 1942/1942/4 1951/1951/4 1943/1943/4
f 1942/1942/4 1950/1950/4 1951/1951/4
f 1939/1939/2 1946/1946/2 1938/1938/2
f 1939/1939/2 1947/1947/2 1946/1946/2
f 1939/1939/1 1944/1944/1 1940/1940/1
f 1939/1939/1 1943/1943/1 1944/1944/1
f 1948/1948/3 1951/1951/3 1947/1947/3
f 1948/1948/3 1952/1952/3 1951/1951/3
f 1943/1943/4 1952/1952/4 1944/1944/4
f 1943/1943/4 1951/1951/4 1952/1952/4
f 1940/1940/2 1947/1947/2 1939/1939/2
f 1940/1940/2 1948/1948/2 1947/1947/2
f 1940/1940/5 1945/1945/5 1941/1941/5
f 1940/1940/5 1944/1944/5 1945/1945/5
f 1949/1949/6 1952/1952/6 1948/1948/6
f 1949/1949/6 1953/1953/6 1952/1952/6
f 1944/1944/4 1953/1953/4 1945/1945/4
f 1944/1944/4 1952/1952/4 1953/1953/4
f 1941/1941/2 1948/1948/2 1940/1940/2
f 1941/1941/2 1949/1949/2 1948/1948/2
f 1941/1941/3 1942/1942/3 1938/1938/3
f 1941/1941/3 1945/1945/3 1942/1942/3
f 1946/1946/1 1953/1953/1 1949/1949/1
f 1946/1946/1 1950/1950/1 1953/1953/1
f 1945/1945/4 1950/1950/4 1942/1942/4
f 1945/1945/4 1953/1953/4 1950/1950/4
f 1938/1938/2 1949/1949/2 1941/1941/2
f 1938/1938/2 1946/1946/2 1949/1949/2
f 1954/1954/6 1959/1959/6 1955/1955/6
f 1954/1954/6 1958/1958/6 1959/1959/6
f 1963/1963/5 1966/1966/5 1962/1962/5
f 1963/1963/5 1967/1967/5 1966/1966/5
f 1958/1958/4 1967/1967/4 1959/1959/4
f 1958/1958/4 1966/1966/4 1967/1967/4
f 1955/1955/2 1962/1962/2 1954/1954/2
f 1955/1955/2 1963/1963/2 1962/1962/2
f 1955/1955/1 1960/1960/1 1956/1956/1
f 1955/1955/1 1959/1959/1 1960/1960/1
f 1964/1964/3 1967/1967/3 1963/1963/3
f 1964/1964/3 1968/1968/3 1967/1967/3
f 1959/1959/4 1968/1968/4 1960/1960/4
f 1959/1959/4 1967/1967/4 1968/1968/4
f 1956/1956/2 1963/1963/2 1955/1955/2
f 1956/1956/2 1964/1964/2 1963/1963/2
f 1956/1956/5 1961/1961/5 1957/1957/5
f 1956/1956/5 1960/1960/5 1961/1961/5
f 1965/1965/6 1968/1968/6 1964/1964/6
f 1965/1965/6 1969/1969/6 1968/1968/6
f 1960/1960/4 1969/1969/4 1961/1961/4
f 1960/1960/4 1968/1968/4 1969/1969/4
f 1957/1957/2 1964/1964/2 1956/1956/2
f 1957/1957/2 1965/1965/2 1964/1964/2
f 1957/1957/3 1958/1958/3 1954/1954/3
f 1957/1957/3 1961/1961/3 1958/1958/3
f 1962/1962/1 1969/1969/1 1965/1965/1
f 1962/1962/1 1966/1966/1 1969/1969/1
f 1961/1961/4 1966/1966/4 1958/1958/4
f 1961/1961/4 1969/1969/4 1966/1966/4
f 1954/1954/2 1965/1965/2 1957/1957/2
f 1954/1954/2 1962/1962/2 1965/1965/2
f 1970/1970/6 1975/1975/6 1971/1971/6
f 1970/1970/6 1974/1974/6 1975/1975/6
f 1979/1979/5 1982/1982/5 1978/1978/5
f 1979/1979/5 1983/1983/5 1982/1982/5
f 1974/1974/4 1983/1983/4 1975/1975/4
f 1974/1974/4 1982/1982/4 1983/1983/4
f 1971/1971/2 1978/1978/2 1970/1970/2
f 1971/1971/2 1979/1979/2 1978/1978/2
f 1971/1971/1 1976/1976/1 1972/1972/1
f 1971/1971/1 1975/1975/1 1976/1976/1
f 1980/1980/3 1983/1983/3 1979/1979/3
f 1980/1980/3 1984/1984/3 1983/1983/3
f 1975/1975/4 1984/1984/4 1976/1976/4
f 1975/1975/4 1983/1983/4 1984/1984/4
f 1972/1972/2 1979/1979/2 1971/1971/2
f 1972/1972/2 1980/1980/2 1979/1979/2
f 1972/1972/5 1977/1977/5 1973/1973/5
f 1972/1972/5 1976/1976/5 1977/1977/5
f 1981/1981/6 1984/1984/6 1980/1980/6
f 1981/1981/6 1985/1985/6 1984/1984/6
f 1976/1976/4 1985/1985/4 1977/1977/4
f 1976/1976/4 1984/1984/4 1985/1985/4
f 1973/1973/2 1980/1980/2 1972/1972/2
f 1973/1973/2 1981/1981/2 1980/1980/2
f 1973/1973/3 1974/1974/3 1970/1970/3
f 1973/1973/3 1977/1977/3 1974/1974/3
f 1978/1978/1 1985/1985/1 1981/1981/1
f 1978/1978/1 1982/1982/1 1985/1985/1
f 1977/1977/4 1982/1982/4 1974/1974/4
f 1977/1977/4 1985/1985/4 1982/1982/4
f 1970/1970/2 1981/1981/2 1973/1973/2
f 1970/1970/2 1978/1978/2 1981/1981/2
f 1986/1986/6 1991/1991/6 1987/1987/6
f 1986/1986/6 1990/1990/6 1991/1991/6
f 1995/1995/5 1998/1998/5 1994/1994/5
f 1995/1995/5 1999/1999/5 1998/1998/5
f 1990/1990/4 1999/1999/4 1991/1991/4
f 1990/1990/4 1998/1998/4 1999/1999/4
f 1987/1987/2 1994/1994/2 1986/1986/2
f 1987/1987/2 1995/1995/2 1994/1994/2
f 1987/1987/1 1992/1992/1 1988/1988/1
f 1987/1987/1 1991/1991/1 1992/1992/1
f 1996/1996/3 1999/1999/3 1995/1995/3
f 1996/1996/3 2000/2000/3 1999/1999/3
f 1991/1991/4 2000/2000/4 1992/1992/4
f 1991/1991/4 1999/1999/4 2000/2000/4
f 1988/1988/2 1995/1995/2 1987/1987/2
f 1988/1988/2 1996/1996/2 1995/1995/2
f 1988/1988/5 1993/1993/5 1989/1989/5
f 1988/1988/5 1992/1992/5 1993/1993/5
f 1997/1997/6 2000/2000/6 1996/1996/6
f 1997/1997/6 2001/2001/6 2000/2000/6
f 1992/1992/4 2001/2001/4 1993/1993/4
f 1992/1992/4 2000/2000/4 2001/2001/4
f 1989/1989/2 1996/1996/2 1988/1988/2
f 1989/1989/2 1997/1997/2 1996/1996/2
f 1989/1989/3 1990/1990/3 1986/1986/3
f 1989/1989/3 1993/1993/3 1990/1990/3
f 1994/1994/1 2001/2001/1 1997/1997/1
f 1994/1994/1 1998/1998/1 2001/2001/1
f 1993/1993/4 1998/1998/4 1990/1990/4
f 1993/1993/4 2001/2001/4 1998/1998/4
f 1986/1986/2 1997/1997/2 1989/1989/2
f 1986/1986/2 1994/1994/2 1997/1997/2
f 2002/2002/6 2009/2009/6 2003/2003/6
f 2002/2002/6 2008/2008/6 2009/2009/6
f 2015/2015/5 2020/2020/5 2014/2014/5
f 2015/2015/5 2021/2021/5 2020/2020/5
f 2008/2008/4 2021/2021/4 2009/2009/4
f 2008/2008/4 2020/2020/4 2021/2021/4
f 2003/2003/2 2014/2014/2 2002/2002/2
f 2003/2003/2 2015/2015/2 2014/2014/2
f 2003/2003/1 2010/2010/1 2004/2004/1
f 2003/2003/1 2009/2009/1 2010/2010/1
f 2016/2016/3 2021/2021/3 2015/2015/3
f 2016/2016/3 2022/2022/3 2021/2021/3
f 2009/2009/4 2022/2022/4 2010/2010/4
f 2009/2009/4 2021/2021/4 2022/2022/4
f 2004/2004/2 2015/2015/2 2003/2003/2
f 2004/2004/2 2016/2016/2 2015/2015/2
f 2004/2004/53 2011/2011/53 2005/2005/53
f 2004/2004/53 2010/2010/53 2011/2011/53
f 2017/2017/54 2022/2022/54 2016/2016/54
f 2017/2017/54 2023/2023/54 2022/2022/54
f 2010/2010/4 2023/2023/4 2011/2011/4
f 2010/2010/4 2022/2022/4 2023/2023/4
f 2005/2005/2 2016/2016/2 2004/2004/2
f 2005/2005/2 2017/2017/2 2016/2016/2
f 2005/2005/5 2012/2012/5 2006/2006/5
f 2005/2005/5 2011/2011/5 2012/2012/5
f 2018/2018/6 2023/2023/6 2017/2017/6
f 2018/2018/6 2024/2024/6 2023/2023/6
f 2011/2011/4 2024/2024/4 2012/2012/4
f 2011/2011/4 2023/2023/4 2024/2024/4
f 2006/2006/2 2017/2017/2 2005/2005/2
f 2006/2006/2 2018/2018/2 2017/2017/2
f 2006/2006/51 2013/2013/51 2007/2007/51
f 2006/2006/51 2012/2012/51 2013/2013/51
f 2019/2019/52 2024/2024/52 2018/2018/52
f 2019/2019/52 2025/2025/52 2024/2024/52
f 2012/2012/4 2025/2025/4 2013/2013/4
f 2012/2012/4 2024/2024/4 2025/2025/4
f 2007/2007/2 2018/2018/2 2006/2006/2
f 2007/2007/2 2019/2019/2 2018/2018/2
f 2007/2007/3 2008/2008/3 2002/2002/3
f 2007/2007/3 2013/2013/3 2008/2008/3
f 2014/2014/1 2025/2025/1 2019/2019/1
f 2014/2014/1 2020/2020/1 2025/2025/1
f 2013/2013/4 2020/2020/4 2008/2008/4
f 2013/2013/4 2025/2025/4 2020/2020/4
f 2002/2002/2 2019/2019/2 2007/2007/2
f 2002/2002/2 2014/2014/2 2019/2019/2
f 2026/2026/1 2031/2031/1 2027/2027/1
f 2026/2026/1 2030/2030/1 2031/2031/1
f 2035/2035/3 2038/2038/3 2034/2034/3
f 2035/2035/3 2039/2039/3 2038/2038/3
f 2030/2030/5 2039/2039/5 2031/2031/5
f 2030/2030/5 2038/2038/5 2039/2039/5
f 2027/2027/6 2034/2034/6 2026/2026/6
f 2027/2027/6 2035/2035/6 2034/2034/6
f 2027/2027/2 2032/2032/2 2028/2028/2
f 2027/2027/2 2031/2031/2 2032/2032/2
f 2036/2036/4 2039/2039/4 2035/2035/4
f 2036/2036/4 2040/2040/4 2039/2039/4
f 2031/2031/5 2040/2040/5 2032/2032/5
f 2031/2031/5 2039/2039/5 2040/2040/5
f 2028/2028/6 2035/2035/6 2027/2027/6
f 2028/2028/6 2036/2036/6 2035/2035/6
f 2028/2028/3 2033/2033/3 2029/2029/3
f 2028/2028/3 2032/2032/3 2033/2033/3
f 2037/2037/1 2040/2040/1 2036/2036/1
f 2037/2037/1 2041/2041/1 2040/2040/1
f 2032/2032/5 2041/2041/5 2033/2033/5
f 2032/2032/5 2040/2040/5 2041/2041/5
f 2029/2029/6 2036/2036/6 2028/2028/6
f 2029/2029/6 2037/2037/6 2036/2036/6
f 2029/2029/4 2030/2030/4 2026/2026/4
f 2029/2029/4 2033/2033/4 2030/2030/4
f 2034/2034/2 2041/2041/2 2037/2037/2
f 2034/2034/2 2038/2038/2 2041/2041/2
f 2033/2033/5 2038/2038/5 2030/2030/5
f 2033/2033/5 2041/2041/5 2038/2038/5
f 2026/2026/6 2037/2037/6 2029/2029/6
f 2026/2026/6 2034/2034/6 2037/2037/6
f 2042/2042/1 2047/2047/1 2043/2043/1
f 2042/2042/1 2046/2046/1 2047/2047/1
f 2051/2051/3 2054/2054/3 2050/2050/3
f 2051/2051/3 2055/2055/3 2054/2054/3
f 2046/2046/5 2055/2055/5 2047/2047/5
f 2046/2046/5 2054/2054/5 2055/2055/5
f 2043/2043/6 2050/2050/6 2042/2042/6
f 2043/2043/6 2051/2051/6 2050/2050/6
f 2043/2043/2 2048/2048/2 2044/2044/2
f 2043/2043/2 2047/2047/2 2048/2048/2
f 2052/2052/4 2055/2055/4 2051/2051/4
f 2052/2052/4 2056/2056/4 2055/2055/4
f 2047/2047/5 2056/2056/5 2048/2048/5
f 2047/2047/5 2055/2055/5 2056/2056/5
f 2044/2044/6 2051/2051/6 2043/2043/6
f 2044/2044/6 2052/2052/6 2051/2051/6
f 2044/2044/3 2049/2049/3 2045/2045/3
f 2044/2044/3 2048/2048/3 2049/2049/3
f 2053/2053/1 2056/2056/1 2052/2052/1
f 2053/2053/1 2057/2057/1 2056/2056/1
f 2048/2048/5 2057/2057/5 2049/2049/5
f 2048/2048/5 2056/2056/5 2057/2057/5
f 2045/2045/6 2052/2052/6 2044/2044/6
f 2045/2045/6 2053/2053/6 2052/2052/6
f 2045/2045/4 2046/2046/4 2042/2042/4
f 2045/2045/4 2049/2049/4 2046/2046/4
f 2050/2050/2 2057/2057/2 2053/2053/2
f 2050/2050/2 2054/2054/2 2057/2057/2
f 2049/2049/5 2054/2054/5 2046/2046/5
f 2049/2049/5 2057/2057/5 2054/2054/5
f 2042/2042/6 2053/2053/6 2045/2045/6
f 2042/2042/6 2050/2050/6 2053/2053/6
f 2058/2058/1 2063/2063/1 2059/2059/1
f 2058/2058/1 2062/2062/1 2063/2063/1
f 2067/2067/3 2070/2070/3 2066/2066/3
f 2067/2067/3 2071/2071/3 2070/2070/3
f 2062/2062/5 2071/2071/5 2063/2063/5
f 2062/2062/5 2070/2070/5 2071/2071/5
f 2059/2059/6 2066/2066/6 2058/2058/6
f 2059/2059/6 2067/2067/6 2066/2066/6
f 2059/2059/2 2064/2064/2 2060/2060/2
f 2059/2059/2 2063/2063/2 2064/2064/2
f 2068/2068/4 2071/2071/4 2067/2067/4
f 2068/2068/4 2072/2072/4 2071/2071/4
f 2063/2063/5 2072/2072/5 2064/2064/5
f 2063/2063/5 2071/2071/5 2072/2072/5
f 2060/2060/6 2067/2067/6 2059/2059/6
f 2060/2060/6 2068/2068/6 2067/2067/6
f 2060/2060/3 2065/2065/3 2061/2061/3
f 2060/2060/3 2064/2064/3 2065/2065/3
f 2069/2069/1 2072/2072/1 2068/2068/1
f 2069/2069/1 2073/2073/1 2072/2072/1
f 2064/2064/5 2073/2073/5 2065/2065/5
f 2064/2064/5 2072/2072/5 2073/2073/5
f 2061/2061/6 2068/2068/6 2060/2060/6
f 2061/2061/6 2069/2069/6 2068/2068/6
f 2061/2061/4 2062/2062/4 2058/2058/4
f 2061/2061/4 2065/2065/4 2062/2062/4
f 2066/2066/2 2073/2073/2 2069/2069/2
f 2066/2066/2 2070/2070/2 2073/2073/2
f 2065/2065/5 2070/2070/5 2062/2062/5
f 2065/2065/5 2073/2073/5 2070/2070/5
f 2058/2058/6 2069/2069/6 2061/2061/6
f 2058/2058/6 2066/2066/6 2069/2069/6
f 2074/2074/3 2075/2075/3 2079/2079/3
f 2074/2074/3 2079/2079/3 2078/2078/3
f 2075/2075/2 2076/2076/2 2080/2080/2
f 2075/2075/2 2080/2080/2 2079/2079/2
f 2076/2076/1 2077/2077/1 2081/2081/1
f 2076/2076/1 2081/2081/1 2080/2080/1
f 2077/2077/4 2074/2074/4 2078/2078/4
f 2077/2077/4 2078/2078/4 2081/2081/4
f 2078/2078/5 2079/2079/5 2080/2080/5
f 2078/2078/5 2080/2080/5 2081/2081/5
f 2077/2077/6 2076/2076/6 2075/2075/6
f 2077/2077/6 2075/2075/6 2074/2074/6
f 2082/2082/4 2083/2083/4 2087/2087/4
f 2082/2082/4 2087/2087/4 2086/2086/4
f 2083/2083/3 2084/2084/3 2088/2088/3
f 2083/2083/3 2088/2088/3 2087/2087/3
f 2084/2084/2 2085/2085/2 2089/2089/2
f 2084/2084/2 2089/2089/2 2088/2088/2
f 2085/2085/1 2082/2082/1 2086/2086/1
f 2085/2085/1 2086/2086/1 2089/2089/1
f 2086/2086/5 2087/2087/5 2088/2088/5
f 2086/2086/5 2088/2088/5 2089/2089/5
f 2085/2085/6 2084/2084/6 2083/2083/6
f 2085/2085/6 2083/2083/6 2082/2082/6
f 2090/2090/3 2091/2091/3 2095/2095/3
f 2090/2090/3 2095/2095/3 2094/2094/3
f 2091/2091/2 2092/2092/2 2096/2096/2
f 2091/2091/2 2096/2096/2 2095/2095/2
f 2092/2092/1 2093/2093/1 2097/2097/1
f 2092/2092/1 2097/2097/1 2096/2096/1
f 2093/2093/4 2090/2090/4 2094/2094/4
f 2093/2093/4 2094/2094/4 2097/2097/4
f 2094/2094/5 2095/2095/5 2096/2096/5
f 2094/2094/5 2096/2096/5 2097/2097/5
f 2093/2093/6 2092/2092/6 2091/2091/6
f 2093/2093/6 2091/2091/6 2090/2090/6
f 2098/2098/4 2099/2099/4 2103/2103/4
f 2098/2098/4 2103/2103/4 2102/2102/4
f 2099/2099/3 2100/2100/3 2104/2104/3
f 2099/2099/3 2104/2104/3 2103/2103/3
f 2100/2100/2 2101/2101/2 2105/2105/2
f 2100/2100/2 2105/2105/2 2104/2104/2
f 2101/2101/1 2098/2098/1 2102/2102/1
f 2101/2101/1 2102/2102/1 2105/2105/1
f 2102/2102/5 2103/2103/5 2104/2104/5
f 2102/2102/5 2104/2104/5 2105/2105/5
f 2101/2101/6 2100/2100/6 2099/2099/6
f 2101/2101/6 2099/2099/6 2098/2098/6
f 2106/2106/1 2107/2107/1 2111/2111/1
f 2106/2106/1 2111/2111/1 2110/2110/1
f 2107/2107/4 2108/2108/4 2112/2112/4
f 2107/2107/4 2112/2112/4 2111/2111/4
f 2108/2108/3 2109/2109/3 2113/2113/3
f 2108/2108/3 2113/2113/3 2112/2112/3
f 2109/2109/2 2106/2106/2 2110/2110/2
f 2109/2109/2 2110/2110/2 2113/2113/2
f 2110/2110/5 2111/2111/5 2112/2112/5
f 2110/2110/5 2112/2112/5 2113/2113/5
f 2109/2109/6 2108/2108/6 2107/2107/6
f 2109/2109/6 2107/2107/6 2106/2106/6
f 2114/2114/2 2115/2115/2 2119/2119/2
f 2114/2114/2 2119/2119/2 2118/2118/2
f 2115/2115/1 2116/2116/1 2120/2120/1
f 2115/2115/1 2120/2120/1 2119/2119/1
f 2116/2116/4 2117/2117/4 2121/2121/4
f 2116/2116/4 2121/2121/4 2120/2120/4
f 2117/2117/3 2114/2114/3 2118/2118/3
f 2117/2117/3 2118/2118/3 2121/2121/3
f 2118/2118/5 2119/2119/5 2120/2120/5
f 2118/2118/5 2120/2120/5 2121/2121/5
f 2117/2117/6 2116/2116/6 2115/2115/6
f 2117/2117/6 2115/2115/6 2114/2114/6
f 2122/2122/1 2123/2123/1 2127/2127/1
f 2122/2122/1 2127/2127/1 2126/2126/1
f 2123/2123/4 2124/2124/4 2128/2128/4
f 2123/2123/4 2128/2128/4 2127/2127/4
f 2124/2124/3 2125/2125/3 2129/2129/3
f 2124/2124/3 2129/2129/3 2128/2128/3
f 2125/2125/2 2122/2122/2 2126/2126/2
f 2125/2125/2 2126/2126/2 2129/2129/2
f 2126/2126/5 2127/2127/5 2128/2128/5
f 2126/2126/5 2128/2128/5 2129/2129/5
f 2125/2125/6 2124/2124/6 2123/2123/6
f 2125/2125/6 2123/2123/6 2122/2122/6
f 2130/2130/2 2131/2131/2 2135/2135/2
f 2130/2130/2 2135/2135/2 2134/2134/2
f 2131/2131/1 2132/2132/1 2136/2136/1
f 2131/2131/1 2136/2136/1 2135/2135/1
f 2132/2132/4 2133/2133/4 2137/2137/4
f 2132/2132/4 2137/2137/4 2136/2136/4
f 2133/2133/3 2130/2130/3 2134/2134/3
f 2133/2133/3 2134/2134/3 2137/2137/3
f 2134/2134/5 2135/2135/5 2136/2136/5
f 2134/2134/5 2136/2136/5 2137/2137/5
f 2133/2133/6 2132/2132/6 2131/2131/6
f 2133/2133/6 2131/2131/6 2130/2130/6
f 2138/2138/2 2139/2139/2 2143/2143/2
f 2138/2138/2 2143/2143/2 2142/2142/2
f 2139/2139/1 2140/2140/1 2144/2144/1
f 2139/2139/1 2144/2144/1 2143/2143/1
f 2140/2140/4 2141/2141/4 2145/2145/4
f 2140/2140/4 2145/2145/4 2144/2144/4
f 2141/2141/3 2138/2138/3 2142/2142/3
f 2141/2141/3 2142/2142/3 2145/2145/3
f 2142/2142/5 2143/2143/5 2144/2144/5
f 2142/2142/5 2144/2144/5 2145/2145/5
f 2141/2141/6 2140/2140/6 2139/2139/6
f 2141/2141/6 2139/2139/6 2138/2138/6
f 2146/2146/3 2147/2147/3 2151/2151/3
f 2146/2146/3 2151/2151/3 2150/2150/3
f 2147/2147/2 2148/2148/2 2152/2152/2
f 2147/2147/2 2152/2152/2 2151/2151/2
f 2148/2148/1 2149/2149/1 2153/2153/1
f 2148/2148/1 2153/2153/1 2152/2152/1
f 2149/2149/4 2146/2146/4 2150/2150/4
f 2149/2149/4 2150/2150/4 2153/2153/4
f 2150/2150/5 2151/2151/5 2152/2152/5
f 2150/2150/5 2152/2152/5 2153/2153/5
f 2149/2149/6 2148/2148/6 2147/2147/6
f 2149/2149/6 2147/2147/6 2146/2146/6
f 2154/2154/2 2155/2155/2 2159/2159/2
f 2154/2154/2 2159/2159/2 2158/2158/2
f 2155/2155/1 2156/2156/1 2160/2160/1
f 2155/2155/1 2160/2160/1 2159/2159/1
f 2156/2156/4 2157/2157/4 2161/2161/4
f 2156/2156/4 2161/2161/4 2160/2160/4
f 2157/2157/3 2154/2154/3 2158/2158/3
f 2157/2157/3 2158/2158/3 2161/2161/3
f 2158/2158/5 2159/2159/5 2160/2160/5
f 2158/2158/5 2160/2160/5 2161/2161/5
f 2157/2157/6 2156/2156/6 2155/2155/6
f 2157/2157/6 2155/2155/6 2154/2154/6
f 2162/2162/3 2163/2163/3 2167/2167/3
f 2162/2162/3 2167/2167/3 2166/2166/3
f 2163/2163/2 2164/2164/2 2168/2168/2
f 2163/2163/2 2168/2168/2 2167/2167/2
f 2164/2164/1 2165/2165/1 2169/2169/1
f 2164/2164/1 2169/2169/1 2168/2168/1
f 2165/2165/4 2162/2162/4 2166/2166/4
f 2165/2165/4 2166/2166/4 2169/2169/4
f 2166/2166/5 2167/2167/5 2168/2168/5
f 2166/2166/5 2168/2168/5 2169/2169/5
f 2165/2165/6 2164/2164/6 2163/2163/6
f 2165/2165/6 2163/2163/6 2162/2162/6
f 2170/2170/4 2171/2171/4 2175/2175/4
f 2170/2170/4 2175/2175/4 2174/2174/4
f 2171/2171/3 2172/2172/3 2176/2176/3
f 2171/2171/3 2176/2176/3 2175/2175/3
f 2172/2172/2 2173/2173/2 2177/2177/2
f 2172/2172/2 2177/2177/2 2176/2176/2
f 2173/2173/1 2170/2170/1 2174/2174/1
f 2173/2173/1 2174/2174/1 2177/2177/1
f 2174/2174/5 2175/2175/5 2176/2176/5
f 2174/2174/5 2176/2176/5 2177/2177/5
f 2173/2173/6 2172/2172/6 2171/2171/6
f 2173/2173/6 2171/2171/6 2170/2170/6
f 2178/2178/1 2179/2179/1 2183/2183/1
f 2178/2178/1 2183/2183/1 2182/2182/1
f 2179/2179/4 2180/2180/4 2184/2184/4
f 2179/2179/4 2184/2184/4 2183/2183/4
f 2180/2180/3 2181/2181/3 2185/2185/3
f 2180/2180/3 2185/2185/3 2184/2184/3
f 2181/2181/2 2178/2178/2 2182/2182/2
f 2181/2181/2 2182/2182/2 2185/2185/2
f 2182/2182/5 2183/2183/5 2184/2184/5
f 2182/2182/5 2184/2184/5 2185/2185/5
f 2181/2181/6 2180/2180/6 2179/2179/6
f 2181/2181/6 2179/2179/6 2178/2178/6
f 2186/2186/4 2187/2187/4 2191/2191/4
f 2186/2186/4 2191/2191/4 2190/2190/4
f 2187/2187/3 2188/2188/3 2192/2192/3
f 2187/2187/3 2192/2192/3 2191/2191/3
f 2188/2188/2 2189/2189/2 2193/2193/2
f 2188/2188/2 2193/2193/2 2192/2192/2
f 2189/2189/1 2186/2186/1 2190/2190/1
f 2189/2189/1 2190/2190/1 2193/2193/1
f 2190/2190/5 2191/2191/5 2192/2192/5
f 2190/2190/5 2192/2192/5 2193/2193/5
f 2189/2189/6 2188/2188/6 2187/2187/6
f 2189/2189/6 2187/2187/6 2186/2186/6
f 2194/2194/1 2195/2195/1 2199/2199/1
f 2194/2194/1 2199/2199/1 2198/2198/1
f 2195/2195/4 2196/2196/4 2200/2200/4
f 2195/2195/4 2200/2200/4 2199/2199/4
f 2196/2196/3 2197/2197/3 2201/2201/3
f 2196/2196/3 2201/2201/3 2200/2200/3
f 2197/2197/2 2194/2194/2 2198/2198/2
f 2197/2197/2 2198/2198/2 2201/2201/2
f 2198/2198/5 2199/2199/5 2200/2200/5
f 2198/2198/5 2200/2200/5 2201/2201/5
f 2197/2197/6 2196/2196/6 2195/2195/6
f 2197/2197/6 2195/2195/6 2194/2194/6
f 2202/2202/63 2207/2207/63 2203/2203/63
f 2202/2202/63 2206/2206/63 2207/2207/63
f 2203/2203/64 2208/2208/64 2204/2204/64
f 2203/2203/64 2207/2207/64 2208/2208/64
f 2204/2204/65 2209/2209/65 2205/2205/65
f 2204/2204/65 2208/2208/65 2209/2209/65
f 2205/2205/66 2206/2206/66 2202/2202/66
f 2205/2205/66 2209/2209/66 2206/2206/66
f 2206/2206/5 2208/2208/5 2207/2207/5
f 2206/2206/5 2209/2209/5 2208/2208/5
f 2205/2205/6 2203/2203/6 2204/2204/6
f 2205/2205/6 2202/2202/6 2203/2203/6
f 2210/2210/6 2215/2215/6 2211/2211/6
f 2210/2210/6 2214/2214/6 2215/2215/6
f 2219/2219/5 2222/2222/5 2218/2218/5
f 2219/2219/5 2223/2223/5 2222/2222/5
f 2214/2214/63 2223/2223/63 2215/2215/63
f 2214/2214/63 2222/2222/63 2223/2223/63
f 2211/2211/65 2218/2218/65 2210/2210/65
f 2211/2211/65 2219/2219/65 2218/2218/65
f 2211/2211/64 2216/2216/64 2212/2212/64
f 2211/2211/64 2215/2215/64 2216/2216/64
f 2220/2220/66 2223/2223/66 2219/2219/66
f 2220/2220/66 2224/2224/66 2223/2223/66
f 2215/2215/63 2224/2224/63 2216/2216/63
f 2215/2215/63 2223/2223/63 2224/2224/63
f 2212/2212/65 2219/2219/65 2211/2211/65
f 2212/2212/65 2220/2220/65 2219/2219/65
f 2212/2212/5 2217/2217/5 2213/2213/5
f 2212/2212/5 2216/2216/5 2217/2217/5
f 2221/2221/6 2224/2224/6 2220/2220/6
f 2221/2221/6 2225/2225/6 2224/2224/6
f 2216/2216/63 2225/2225/63 2217/2217/63
f 2216/2216/63 2224/2224/63 2225/2225/63
f 2213/2213/65 2220/2220/65 2212/2212/65
f 2213/2213/65 2221/2221/65 2220/2220/65
f 2213/2213/66 2214/2214/66 2210/2210/66
f 2213/2213/66 2217/2217/66 2214/2214/66
f 2218/2218/64 2225/2225/64 2221/2221/64
f 2218/2218/64 2222/2222/64 2225/2225/64
f 2217/2217/63 2222/2222/63 2214/2214/63
f 2217/2217/63 2225/2225/63 2222/2222/63
f 2210/2210/65 2221/2221/65 2213/2213/65
f 2210/2210/65 2218/2218/65 2221/2221/65
f 2226/2226/6 2231/2231/6 2227/2227/6
f 2226/2226/6 2230/2230/6 2231/2231/6
f 2235/2235/5 2238/2238/5 2234/2234/5
f 2235/2235/5 2239/2239/5 2238/2238/5
f 2230/2230/63 2239/2239/63 2231/2231/63
f 2230/2230/63 2238/2238/63 2239/2239/63
f 2227/2227/65 2234/2234/65 2226/2226/65
f 2227/2227/65 2235/2235/65 2234/2234/65
f 2227/2227/64 2232/2232/64 2228/2228/64
f 2227/2227/64 2231/2231/64 2232/2232/64
f 2236/2236/66 2239/2239/66 2235/2235/66
f 2236/2236/66 2240/2240/66 2239/2239/66
f 2231/2231/63 2240/2240/63 2232/2232/63
f 2231/2231/63 2239/2239/63 2240/2240/63
f 2228/2228/65 2235/2235/65 2227/2227/65
f 2228/2228/65 2236/2236/65 2235/2235/65
f 2228/2228/5 2233/2233/5 2229/2229/5
f 2228/2228/5 2232/2232/5 2233/2233/5
f 2237/2237/6 2240/2240/6 2236/2236/6
f 2237/2237/6 2241/2241/6 2240/2240/6
f 2232/2232/63 2241/2241/63 2233/2233/63
f 2232/2232/63 2240/2240/63 2241/2241/63
f 2229/2229/65 2236/2236/65 2228/2228/65
f 2229/2229/65 2237/2237/65 2236/2236/65
f 2229/2229/66 2230/2230/66 2226/2226/66
f 2229/2229/66 2233/2233/66 2230/2230/66
f 2234/2234/64 2241/2241/64 2237/2237/64
f 2234/2234/64 2238/2238/64 2241/2241/64
f 2233/2233/63 2238/2238/63 2230/2230/63
f 2233/2233/63 2241/2241/63 2238/2238/63
f 2226/2226/65 2237/2237/65 2229/2229/65
f 2226/2226/65 2234/2234/65 2237/2237/65
f 2242/2242/6 2247/2247/6 2243/2243/6
f 2242/2242/6 2246/2246/6 2247/2247/6
f 2251/2251/5 2254/2254/5 2250/2250/5
f 2251/2251/5 2255/2255/5 2254/2254/5
f 2246/2246/64 2255/2255/64 2247/2247/64
f 2246/2246/64 2254/2254/64 2255/2255/64
f 2243/2243/66 2250/2250/66 2242/2242/66
f 2243/2243/66 2251/2251/66 2250/2250/66
f 2243/2243/65 2248/2248/65 2244/2244/65
f 2243/2243/65 2247/2247/65 2248/2248/65
f 2252/2252/63 2255/2255/63 2251/2251/63
f 2252/2252/63 2256/2256/63 2255/2255/63
f 2247/2247/64 2256/2256/64 2248/2248/64
f 2247/2247/64 2255/2255/64 2256/2256/64
f 2244/2244/66 2251/2251/66 2243/2243/66
f 2244/2244/66 2252/2252/66 2251/2251/66
f 2244/2244/5 2249/2249/5 2245/2245/5
f 2244/2244/5 2248/2248/5 2249/2249/5
f 2253/2253/6 2256/2256/6 2252/2252/6
f 2253/2253/6 2257/2257/6 2256/2256/6
f 2248/2248/64 2257/2257/64 2249/2249/64
f 2248/2248/64 2256/2256/64 2257/2257/64
f 2245/2245/66 2252/2252/66 2244/2244/66
f 2245/2245/66 2253/2253/66 2252/2252/66
f 2245/2245/63 2246/2246/63 2242/2242/63
f 2245/2245/63 2249/2249/63 2246/2246/63
f 2250/2250/65 2257/2257/65 2253/2253/65
f 2250/2250/65 2254/2254/65 2257/2257/65
f 2249/2249/64 2254/2254/64 2246/2246/64
f 2249/2249/64 2257/2257/64 2254/2254/64
f 2242/2242/66 2253/2253/66 2245/2245/66
f 2242/2242/66 2250/2250/66 2253/2253/66
f 2258/2258/6 2263/2263/6 2259/2259/6
f 2258/2258/6 2262/2262/6 2263/2263/6
f 2267/2267/5 2270/2270/5 2266/2266/5
f 2267/2267/5 2271/2271/5 2270/2270/5
f 2262/2262/64 2271/2271/64 2263/2263/64
f 2262/2262/64 2270/2270/64 2271/2271/64
f 2259/2259/66 2266/2266/66 2258/2258/66
f 2259/2259/66 2267/2267/66 2266/2266/66
f 2259/2259/65 2264/2264/65 2260/2260/65
f 2259/2259/65 2263/2263/65 2264/2264/65
f 2268/2268/63 2271/2271/63 2267/2267/63
f 2268/2268/63 2272/2272/63 2271/2271/63
f 2263/2263/64 2272/2272/64 2264/2264/64
f 2263/2263/64 2271/2271/64 2272/2272/64
f 2260/2260/66 2267/2267/66 2259/2259/66
f 2260/2260/66 2268/2268/66 2267/2267/66
f 2260/2260/5 2265/2265/5 2261/2261/5
f 2260/2260/5 2264/2264/5 2265/2265/5
f 2269/2269/6 2272/2272/6 2268/2268/6
f 2269/2269/6 2273/2273/6 2272/2272/6
f 2264/2264/64 2273/2273/64 2265/2265/64
f 2264/2264/64 2272/2272/64 2273/2273/64
f 2261/2261/66 2268/2268/66 2260/2260/66
f 2261/2261/66 2269/2269/66 2268/2268/66
f 2261/2261/63 2262/2262/63 2258/2258/63
f 2261/2261/63 2265/2265/63 2262/2262/63
f 2266/2266/65 2273/2273/65 2269/2269/65
f 2266/2266/65 2270/2270/65 2273/2273/65
f 2265/2265/64 2270/2270/64 2262/2262/64
f 2265/2265/64 2273/2273/64 2270/2270/64
f 2258/2258/66 2269/2269/66 2261/2261/66
f 2258/2258/66 2266/2266/66 2269/2269/66
f 2274/2274/6 2279/2279/6 2275/2275/6
f 2274/2274/6 2278/2278/6 2279/2279/6
f 2283/2283/5 2286/2286/5 2282/2282/5
f 2283/2283/5 2287/2287/5 2286/2286/5
f 2278/2278/64 2287/2287/64 2279/2279/64
f 2278/2278/64 2286/2286/64 2287/2287/64
f 2275/2275/66 2282/2282/66 2274/2274/66
f 2275/2275/66 2283/2283/66 2282/2282/66
f 2275/2275/65 2280/2280/65 2276/2276/65
f 2275/2275/65 2279/2279/65 2280/2280/65
f 2284/2284/63 2287/2287/63 2283/2283/63
f 2284/2284/63 2288/2288/63 2287/2287/63
f 2279/2279/64 2288/2288/64 2280/2280/64
f 2279/2279/64 2287/2287/64 2288/2288/64
f 2276/2276/66 2283/2283/66 2275/2275/66
f 2276/2276/66 2284/2284/66 2283/2283/66
f 2276/2276/5 2281/2281/5 2277/2277/5
f 2276/2276/5 2280/2280/5 2281/2281/5
f 2285/2285/6 2288/2288/6 2284/2284/6
f 2285/2285/6 2289/2289/6 2288/2288/6
f 2280/2280/64 2289/2289/64 2281/2281/64
f 2280/2280/64 2288/2288/64 2289/2289/64
f 2277/2277/66 2284/2284/66 2276/2276/66
f 2277/2277/66 2285/2285/66 2284/2284/66
f 2277/2277/63 2278/2278/63 2274/2274/63
f 2277/2277/63 2281/2281/63 2278/2278/63
f 2282/2282/65 2289/2289/65 2285/2285/65
f 2282/2282/65 2286/2286/65 2289/2289/65
f 2281/2281/64 2286/2286/64 2278/2278/64
f 2281/2281/64 2289/2289/64 2286/2286/64
f 2274/2274/66 2285/2285/66 2277/2277/66
f 2274/2274/66 2282/2282/66 2285/2285/66
f 2290/2290/6 2295/2295/6 2291/2291/6
f 2290/2290/6 2294/2294/6 2295/2295/6
f 2299/2299/5 2302/2302/5 2298/2298/5
f 2299/2299/5 2303/2303/5 2302/2302/5
f 2294/2294/65 2303/2303/65 2295/2295/65
f 2294/2294/65 2302/2302/65 2303/2303/65
f 2291/2291/63 2298/2298/63 2290/2290/63
f 2291/2291/63 2299/2299/63 2298/2298/63
f 2291/2291/66 2296/2296/66 2292/2292/66
f 2291/2291/66 2295/2295/66 2296/2296/66
f 2300/2300/64 2303/2303/64 2299/2299/64
f 2300/2300/64 2304/2304/64 2303/2303/64
f 2295/2295/65 2304/2304/65 2296/2296/65
f 2295/2295/65 2303/2303/65 2304/2304/65
f 2292/2292/63 2299/2299/63 2291/2291/63
f 2292/2292/63 2300/2300/63 2299/2299/63
f 2292/2292/5 2297/2297/5 2293/2293/5
f 2292/2292/5 2296/2296/5 2297/2297/5
f 2301/2301/6 2304/2304/6 2300/2300/6
f 2301/2301/6 2305/2305/6 2304/2304/6
f 2296/2296/65 2305/2305/65 2297/2297/65
f 2296/2296/65 2304/2304/65 2305/2305/65
f 2293/2293/63 2300/2300/63 2292/2292/63
f 2293/2293/63 2301/2301/63 2300/2300/63
f 2293/2293/64 2294/2294/64 2290/2290/64
f 2293/2293/64 2297/2297/64 2294/2294/64
f 2298/2298/66 2305/2305/66 2301/2301/66
f 2298/2298/66 2302/2302/66 2305/2305/66
f 2297/2297/65 2302/2302/65 2294/2294/65
f 2297/2297/65 2305/2305/65 2302/2302/65
f 2290/2290/63 2301/2301/63 2293/2293/63
f 2290/2290/63 2298/2298/63 2301/2301/63
f 2306/2306/6 2311/2311/6 2307/2307/6
f 2306/2306/6 2310/2310/6 2311/2311/6
f 2315/2315/5 2318/2318/5 2314/2314/5
f 2315/2315/5 2319/2319/5 2318/2318/5
f 2310/2310/65 2319/2319/65 2311/2311/65
f 2310/2310/65 2318/2318/65 2319/2319/65
f 2307/2307/63 2314/2314/63 2306/2306/63
f 2307/2307/63 2315/2315/63 2314/2314/63
f 2307/2307/66 2312/2312/66 2308/2308/66
f 2307/2307/66 2311/2311/66 2312/2312/66
f 2316/2316/64 2319/2319/64 2315/2315/64
f 2316/2316/64 2320/2320/64 2319/2319/64
f 2311/2311/65 2320/2320/65 2312/2312/65
f 2311/2311/65 2319/2319/65 2320/2320/65
f 2308/2308/63 2315/2315/63 2307/2307/63
f 2308/2308/63 2316/2316/63 2315/2315/63
f 2308/2308/5 2313/2313/5 2309/2309/5
f 2308/2308/5 2312/2312/5 2313/2313/5
f 2317/2317/6 2320/2320/6 2316/2316/6
f 2317/2317/6 2321/2321/6 2320/2320/6
f 2312/2312/65 2321/2321/65 2313/2313/65
f 2312/2312/65 2320/2320/65 2321/2321/65
f 2309/2309/63 2316/2316/63 2308/2308/63
f 2309/2309/63 2317/2317/63 2316/2316/63
f 2309/2309/64 2310/2310/64 2306/2306/64
f 2309/2309/64 2313/2313/64 2310/2310/64
f 2314/2314/66 2321/2321/66 2317/2317/66
f 2314/2314/66 2318/2318/66 2321/2321/66
f 2313/2313/65 2318/2318/65 2310/2310/65
f 2313/2313/65 2321/2321/65 2318/2318/65
f 2306/2306/63 2317/2317/63 2309/2309/63
f 2306/2306/63 2314/2314/63 2317/2317/63
f 2322/2322/6 2327/2327/6 2323/2323/6
f 2322/2322/6 2326/2326/6 2327/2327/6
f 2331/2331/5 2334/2334/5 2330/2330/5
f 2331/2331/5 2335/2335/5 2334/2334/5
f 2326/2326/65 2335/2335/65 2327/2327/65
f 2326/2326/65 2334/2334/65 2335/2335/65
f 2323/2323/63 2330/2330/63 2322/2322/63
f 2323/2323/63 2331/2331/63 2330/2330/63
f 2323/2323/66 2328/2328/66 2324/2324/66
f 2323/2323/66 2327/2327/66 2328/2328/66
f 2332/2332/64 2335/2335/64 2331/2331/64
f 2332/2332/64 2336/2336/64 2335/2335/64
f 2327/2327/65 2336/2336/65 2328/2328/65
f 2327/2327/65 2335/2335/65 2336/2336/65
f 2324/2324/63 2331/2331/63 2323/2323/63
f 2324/2324/63 2332/2332/63 2331/2331/63
f 2324/2324/5 2329/2329/5 2325/2325/5
f 2324/2324/5 2328/2328/5 2329/2329/5
f 2333/2333/6 2336/2336/6 2332/2332/6
f 2333/2333/6 2337/2337/6 2336/2336/6
f 2328/2328/65 2337/2337/65 2329/2329/65
f 2328/2328/65 2336/2336/65 2337/2337/65
f 2325/2325/63 2332/2332/63 2324/2324/63
f 2325/2325/63 2333/2333/63 2332/2332/63
f 2325/2325/64 2326/2326/64 2322/2322/64
f 2325/2325/64 2329/2329/64 2326/2326/64
f 2330/2330/66 2337/2337/66 2333/2333/66
f 2330/2330/66 2334/2334/66 2337/2337/66
f 2329/2329/65 2334/2334/65 2326/2326/65
f 2329/2329/65 2337/2337/65 2334/2334/65
f 2322/2322/63 2333/2333/63 2325/2325/63
f 2322/2322/63 2330/2330/63 2333/2333/63
f 2338/2338/63 2339/2339/63 2343/2343/63
f 2338/2338/63 2343/2343/63 2342/2342/63
f 2339/2339/66 2340/2340/66 2344/2344/66
f 2339/2339/66 2344/2344/66 2343/2343/66
f 2340/2340/65 2341/2341/65 2345/2345/65
f 2340/2340/65 2345/2345/65 2344/2344/65
f 2341/2341/64 2338/2338/64 2342/2342/64
f 2341/2341/64 2342/2342/64 2345/2345/64
f 2342/2342/5 2343/2343/5 2344/2344/5
f 2342/2342/5 2344/2344/5 2345/2345/5
f 2341/2341/6 2340/2340/6 2339/2339/6
f 2341/2341/6 2339/2339/6 2338/2338/6
f 2346/2346/6 2351/2351/6 2347/2347/6
f 2346/2346/6 2350/2350/6 2351/2351/6
f 2355/2355/5 2358/2358/5 2354/2354/5
f 2355/2355/5 2359/2359/5 2358/2358/5
f 2350/2350/66 2359/2359/66 2351/2351/66
f 2350/2350/66 2358/2358/66 2359/2359/66
f 2347/2347/64 2354/2354/64 2346/2346/64
f 2347/2347/64 2355/2355/64 2354/2354/64
f 2347/2347/63 2352/2352/63 2348/2348/63
f 2347/2347/63 2351/2351/63 2352/2352/63
f 2356/2356/65 2359/2359/65 2355/2355/65
f 2356/2356/65 2360/2360/65 2359/2359/65
f 2351/2351/66 2360/2360/66 2352/2352/66
f 2351/2351/66 2359/2359/66 2360/2360/66
f 2348/2348/64 2355/2355/64 2347/2347/64
f 2348/2348/64 2356/2356/64 2355/2355/64
f 2348/2348/5 2353/2353/5 2349/2349/5
f 2348/2348/5 2352/2352/5 2353/2353/5
f 2357/2357/6 2360/2360/6 2356/2356/6
f 2357/2357/6 2361/2361/6 2360/2360/6
f 2352/2352/66 2361/2361/66 2353/2353/66
f 2352/2352/66 2360/2360/66 2361/2361/66
f 2349/2349/64 2356/2356/64 2348/2348/64
f 2349/2349/64 2357/2357/64 2356/2356/64
f 2349/2349/65 2350/2350/65 2346/2346/65
f 2349/2349/65 2353/2353/65 2350/2350/65
f 2354/2354/63 2361/2361/63 2357/2357/63
f 2354/2354/63 2358/2358/63 2361/2361/63
f 2353/2353/66 2358/2358/66 2350/2350/66
f 2353/2353/66 2361/2361/66 2358/2358/66
f 2346/2346/64 2357/2357/64 2349/2349/64
f 2346/2346/64 2354/2354/64 2357/2357/64
f 2362/2362/6 2367/2367/6 2363/2363/6
f 2362/2362/6 2366/2366/6 2367/2367/6
f 2371/2371/5 2374/2374/5 2370/2370/5
f 2371/2371/5 2375/2375/5 2374/2374/5
f 2366/2366/66 2375/2375/66 2367/2367/66
f 2366/2366/66 2374/2374/66 2375/2375/66
f 2363/2363/64 2370/2370/64 2362/2362/64
f 2363/2363/64 2371/2371/64 2370/2370/64
f 2363/2363/63 2368/2368/63 2364/2364/63
f 2363/2363/63 2367/2367/63 2368/2368/63
f 2372/2372/65 2375/2375/65 2371/2371/65
f 2372/2372/65 2376/2376/65 2375/2375/65
f 2367/2367/66 2376/2376/66 2368/2368/66
f 2367/2367/66 2375/2375/66 2376/2376/66
f 2364/2364/64 2371/2371/64 2363/2363/64
f 2364/2364/64 2372/2372/64 2371/2371/64
f 2364/2364/5 2369/2369/5 2365/2365/5
f 2364/2364/5 2368/2368/5 2369/2369/5
f 2373/2373/6 2376/2376/6 2372/2372/6
f 2373/2373/6 2377/2377/6 2376/2376/6
f 2368/2368/66 2377/2377/66 2369/2369/66
f 2368/2368/66 2376/2376/66 2377/2377/66
f 2365/2365/64 2372/2372/64 2364/2364/64
f 2365/2365/64 2373/2373/64 2372/2372/64
f 2365/2365/65 2366/2366/65 2362/2362/65
f 2365/2365/65 2369/2369/65 2366/2366/65
f 2370/2370/63 2377/2377/63 2373/2373/63
f 2370/2370/63 2374/2374/63 2377/2377/63
f 2369/2369/66 2374/2374/66 2366/2366/66
f 2369/2369/66 2377/2377/66 2374/2374/66
f 2362/2362/64 2373/2373/64 2365/2365/64
f 2362/2362/64 2370/2370/64 2373/2373/64
f 2378/2378/6 2383/2383/6 2379/2379/6
f 2378/2378/6 2382/2382/6 2383/2383/6
f 2387/2387/5 2390/2390/5 2386/2386/5
f 2387/2387/5 2391/2391/5 2390/2390/5
f 2382/2382/66 2391/2391/66 2383/2383/66
f 2382/2382/66 2390/2390/66 2391/2391/66
f 2379/2379/64 2386/2386/64 2378/2378/64
f 2379/2379/64 2387/2387/64 2386/2386/64
f 2379/2379/63 2384/2384/63 2380/2380/63
f 2379/2379/63 2383/2383/63 2384/2384/63
f 2388/2388/65 2391/2391/65 2387/2387/65
f 2388/2388/65 2392/2392/65 2391/2391/65
f 2383/2383/66 2392/2392/66 2384/2384/66
f 2383/2383/66 2391/2391/66 2392/2392/66
f 2380/2380/64 2387/2387/64 2379/2379/64
f 2380/2380/64 2388/2388/64 2387/2387/64
f 2380/2380/5 2385/2385/5 2381/2381/5
f 2380/2380/5 2384/2384/5 2385/2385/5
f 2389/2389/6 2392/2392/6 2388/2388/6
f 2389/2389/6 2393/2393/6 2392/2392/6
f 2384/2384/66 2393/2393/66 2385/2385/66
f 2384/2384/66 2392/2392/66 2393/2393/66
f 2381/2381/64 2388/2388/64 2380/2380/64
f 2381/2381/64 2389/2389/64 2388/2388/64
f 2381/2381/65 2382/2382/65 2378/2378/65
f 2381/2381/65 2385/2385/65 2382/2382/65
f 2386/2386/63 2393/2393/63 2389/2389/63
f 2386/2386/63 2390/2390/63 2393/2393/63
f 2385/2385/66 2390/2390/66 2382/2382/66
f 2385/2385/66 2393/2393/66 2390/2390/66
f 2378/2378/64 2389/2389/64 2381/2381/64
f 2378/2378/64 2386/2386/64 2389/2389/64
f 2394/2394/63 2399/2399/63 2395/2395/63
f 2394/2394/63 2398/2398/63 2399/2399/63
f 2403/2403/65 2406/2406/65 2402/2402/65
f 2403/2403/65 2407/2407/65 2406/2406/65
f 2398/2398/5 2407/2407/5 2399/2399/5
f 2398/2398/5 2406/2406/5 2407/2407/5
f 2395/2395/6 2402/2402/6 2394/2394/6
f 2395/2395/6 2403/2403/6 2402/2402/6
f 2395/2395/64 2400/2400/64 2396/2396/64
f 2395/2395/64 2399/2399/64 2400/2400/64
f 2404/2404/66 2407/2407/66 2403/2403/66
f 2404/2404/66 2408/2408/66 2407/2407/66
f 2399/2399/5 2408/2408/5 2400/2400/5
f 2399/2399/5 2407/2407/5 2408/2408/5
f 2396/2396/6 2403/2403/6 2395/2395/6
f 2396/2396/6 2404/2404/6 2403/2403/6
f 2396/2396/65 2401/2401/65 2397/2397/65
f 2396/2396/65 2400/2400/65 2401/2401/65
f 2405/2405/63 2408/2408/63 2404/2404/63
f 2405/2405/63 2409/2409/63 2408/2408/63
f 2400/2400/5 2409/2409/5 2401/2401/5
f 2400/2400/5 2408/2408/5 2409/2409/5
f 2397/2397/6 2404/2404/6 2396/2396/6
f 2397/2397/6 2405/2405/6 2404/2404/6
f 2397/2397/66 2398/2398/66 2394/2394/66
f 2397/2397/66 2401/2401/66 2398/2398/66
f 2402/2402/64 2409/2409/64 2405/2405/64
f 2402/2402/64 2406/2406/64 2409/2409/64
f 2401/2401/5 2406/2406/5 2398/2398/5
f 2401/2401/5 2409/2409/5 2406/2406/5
f 2394/2394/6 2405/2405/6 2397/2397/6
f 2394/2394/6 2402/2402/6 2405/2405/6
f 2410/2410/63 2415/2415/63 2411/2411/63
f 2410/2410/63 2414/2414/63 2415/2415/63
f 2419/2419/65 2422/2422/65 2418/2418/65
f 2419/2419/65 2423/2423/65 2422/2422/65
f 2414/2414/5 2423/2423/5 2415/2415/5
f 2414/2414/5 2422/2422/5 2423/2423/5
f 2411/2411/6 2418/2418/6 2410/2410/6
f 2411/2411/6 2419/2419/6 2418/2418/6
f 2411/2411/64 2416/2416/64 2412/2412/64
f 2411/2411/64 2415/2415/64 2416/2416/64
f 2420/2420/66 2423/2423/66 2419/2419/66
f 2420/2420/66 2424/2424/66 2423/2423/66
f 2415/2415/5 2424/2424/5 2416/2416/5
f 2415/2415/5 2423/2423/5 2424/2424/5
f 2412/2412/6 2419/2419/6 2411/2411/6
f 2412/2412/6 2420/2420/6 2419/2419/6
f 2412/2412/65 2417/2417/65 2413/2413/65
f 2412/2412/65 2416/2416/65 2417/2417/65
f 2421/2421/63 2424/2424/63 2420/2420/63
f 2421/2421/63 2425/2425/63 2424/2424/63
f 2416/2416/5 2425/2425/5 2417/2417/5
f 2416/2416/5 2424/2424/5 2425/2425/5
f 2413/2413/6 2420/2420/6 2412/2412/6
f 2413/2413/6 2421/2421/6 2420/2420/6
f 2413/2413/66 2414/2414/66 2410/2410/66
f 2413/2413/66 2417/2417/66 2414/2414/66
f 2418/2418/64 2425/2425/64 2421/2421/64
f 2418/2418/64 2422/2422/64 2425/2425/64
f 2417/2417/5 2422/2422/5 2414/2414/5
f 2417/2417/5 2425/2425/5 2422/2422/5
f 2410/2410/6 2421/2421/6 2413/2413/6
f 2410/2410/6 2418/2418/6 2421/2421/6
f 2426/2426/63 2431/2431/63 2427/2427/63
f 2426/2426/63 2430/2430/63 2431/2431/63
f 2435/2435/65 2438/2438/65 2434/2434/65
f 2435/2435/65 2439/2439/65 2438/2438/65
f 2430/2430/5 2439/2439/5 2431/2431/5
f 2430/2430/5 2438/2438/5 2439/2439/5
f 2427/2427/6 2434/2434/6 2426/2426/6
f 2427/2427/6 2435/2435/6 2434/2434/6
f 2427/2427/64 2432/2432/64 2428/2428/64
f 2427/2427/64 2431/2431/64 2432/2432/64
f 2436/2436/66 2439/2439/66 2435/2435/66
f 2436/2436/66 2440/2440/66 2439/2439/66
f 2431/2431/5 2440/2440/5 2432/2432/5
f 2431/2431/5 2439/2439/5 2440/2440/5
f 2428/2428/6 2435/2435/6 2427/2427/6
f 2428/2428/6 2436/2436/6 2435/2435/6
f 2428/2428/65 2433/2433/65 2429/2429/65
f 2428/2428/65 2432/2432/65 2433/2433/65
f 2437/2437/63 2440/2440/63 2436/2436/63
f 2437/2437/63 2441/2441/63 2440/2440/63
f 2432/2432/5 2441/2441/5 2433/2433/5
f 2432/2432/5 2440/2440/5 2441/2441/5
f 2429/2429/6 2436/2436/6 2428/2428/6
f 2429/2429/6 2437/2437/6 2436/2436/6
f 2429/2429/66 2430/2430/66 2426/2426/66
f 2429/2429/66 2433/2433/66 2430/2430/66
f 2434/2434/64 2441/2441/64 2437/2437/64
f 2434/2434/64 2438/2438/64 2441/2441/64
f 2433/2433/5 2438/2438/5 2430/2430/5
f 2433/2433/5 2441/2441/5 2438/2438/5
f 2426/2426/6 2437/2437/6 2429/2429/6
f 2426/2426/6 2434/2434/6 2437/2437/6
f 2442/2442/64 2443/2443/64 2447/2447/64
f 2442/2442/64 2447/2447/64 2446/2446/64
f 2443/2443/63 2444/2444/63 2448/2448/63
f 2443/2443/63 2448/2448/63 2447/2447/63
f 2444/2444/66 2445/2445/66 2449/2449/66
f 2444/2444/66 2449/2449/66 2448/2448/66
f 2445/2445/65 2442/2442/65 2446/2446/65
f 2445/2445/65 2446/2446/65 2449/2449/65
f 2446/2446/5 2447/2447/5 2448/2448/5
f 2446/2446/5 2448/2448/5 2449/2449/5
f 2445/2445/6 2444/2444/6 2443/2443/6
f 2445/2445/6 2443/2443/6 2442/2442/6
f 2450/2450/65 2451/2451/65 2455/2455/65
f 2450/2450/65 2455/2455/65 2454/2454/65
f 2451/2451/64 2452/2452/64 2456/2456/64
f 2451/2451/64 2456/2456/64 2455/2455/64
f 2452/2452/63 2453/2453/63 2457/2457/63
f 2452/2452/63 2457/2457/63 2456/2456/63
f 2453/2453/66 2450/2450/66 2454/2454/66
f 2453/2453/66 2454/2454/66 2457/2457/66
f 2454/2454/5 2455/2455/5 2456/2456/5
f 2454/2454/5 2456/2456/5 2457/2457/5
f 2453/2453/6 2452/2452/6 2451/2451/6
f 2453/2453/6 2451/2451/6 2450/2450/6
f 2458/2458/64 2459/2459/64 2463/2463/64
f 2458/2458/64 2463/2463/64 2462/2462/64
f 2459/2459/63 2460/2460/63 2464/2464/63
f 2459/2459/63 2464/2464/63 2463/2463/63
f 2460/2460/66 2461/2461/66 2465/2465/66
f 2460/2460/66 2465/2465/66 2464/2464/66
f 2461/2461/65 2458/2458/65 2462/2462/65
f 2461/2461/65 2462/2462/65 2465/2465/65
f 2462/2462/5 2463/2463/5 2464/2464/5
f 2462/2462/5 2464/2464/5 2465/2465/5
f 2461/2461/6 2460/2460/6 2459/2459/6
f 2461/2461/6 2459/2459/6 2458/2458/6
f 2466/2466/65 2467/2467/65 2471/2471/65
f 2466/2466/65 2471/2471/65 2470/2470/65
f 2467/2467/64 2468/2468/64 2472/2472/64
f 2467/2467/64 2472/2472/64 2471/2471/64
f 2468/2468/63 2469/2469/63 2473/2473/63
f 2468/2468/63 2473/2473/63 2472/2472/63
f 2469/2469/66 2466/2466/66 2470/2470/66
f 2469/2469/66 2470/2470/66 2473/2473/66
f 2470/2470/5 2471/2471/5 2472/2472/5
f 2470/2470/5 2472/2472/5 2473/2473/5
f 2469/2469/6 2468/2468/6 2467/2467/6
f 2469/2469/6 2467/2467/6 2466/2466/6
f 2474/2474/66 2475/2475/66 2479/2479/66
f 2474/2474/66 2479/2479/66 2478/2478/66
f 2475/2475/65 2476/2476/65 2480/2480/65
f 2475/2475/65 2480/2480/65 2479/2479/65
f 2476/2476/64 2477/2477/64 2481/2481/64
f 2476/2476/64 2481/2481/64 2480/2480/64
f 2477/2477/63 2474/2474/63 2478/2478/63
f 2477/2477/63 2478/2478/63 2481/2481/63
f 2478/2478/5 2479/2479/5 2480/2480/5
f 2478/2478/5 2480/2480/5 2481/2481/5
f 2477/2477/6 2476/2476/6 2475/2475/6
f 2477/2477/6 2475/2475/6 2474/2474/6
f 2482/2482/63 2483/2483/63 2487/2487/63
f 2482/2482/63 2487/2487/63 2486/2486/63
f 2483/2483/66 2484/2484/66 2488/2488/66
f 2483/2483/66 2488/2488/66 2487/2487/66
f 2484/2484/65 2485/2485/65 2489/2489/65
f 2484/2484/65 2489/2489/65 2488/2488/65
f 2485/2485/64 2482/2482/64 2486/2486/64
f 2485/2485/64 2486/2486/64 2489/2489/64
f 2486/2486/5 2487/2487/5 2488/2488/5
f 2486/2486/5 2488/2488/5 2489/2489/5
f 2485/2485/6 2484/2484/6 2483/2483/6
f 2485/2485/6 2483/2483/6 2482/2482/6
f 2490/2490/66 2491/2491/66 2495/2495/66
f 2490/2490/66 2495/2495/66 2494/2494/66
f 2491/2491/65 2492/2492/65 2496/2496/65
f 2491/2491/65 2496/2496/65 2495/2495/65
f 2492/2492/64 2493/2493/64 2497/2497/64
f 2492/2492/64 2497/2497/64 2496/2496/64
f 2493/2493/63 2490/2490/63 2494/2494/63
f 2493/2493/63 2494/2494/63 2497/2497/63
f 2494/2494/5 2495/2495/5 2496/2496/5
f 2494/2494/5 2496/2496/5 2497/2497/5
f 2493/2493/6 2492/2492/6 2491/2491/6
f 2493/2493/6 2491/2491/6 2490/2490/6
f 2498/2498/63 2499/2499/63 2503/2503/63
f 2498/2498/63 2503/2503/63 2502/2502/63
f 2499/2499/66 2500/2500/66 2504/2504/66
f 2499/2499/66 2504/2504/66 2503/2503/66
f 2500/2500/65 2501/2501/65 2505/2505/65
f 2500/2500/65 2505/2505/65 2504/2504/65
f 2501/2501/64 2498/2498/64 2502/2502/64
f 2501/2501/64 2502/2502/64 2505/2505/64
f 2502/2502/5 2503/2503/5 2504/2504/5
f 2502/2502/5 2504/2504/5 2505/2505/5
f 2501/2501/6 2500/2500/6 2499/2499/6
f 2501/2501/6 2499/2499/6 2498/2498/6
f 2506/2506/65 2507/2507/65 2511/2511/65
f 2506/2506/65 2511/2511/65 2510/2510/65
f 2507/2507/64 2508/2508/64 2512/2512/64
f 2507/2507/64 2512/2512/64 2511/2511/64
f 2508/2508/63 2509/2509/63 2513/2513/63
f 2508/2508/63 2513/2513/63 2512/2512/63
f 2509/2509/66 2506/2506/66 2510/2510/66
f 2509/2509/66 2510/2510/66 2513/2513/66
f 2510/2510/5 2511/2511/5 2512/2512/5
f 2510/2510/5 2512/2512/5 2513/2513/5
f 2509/2509/6 2508/2508/6 2507/2507/6
f 2509/2509/6 2507/2507/6 2506/2506/6
f 2514/2514/66 2515/2515/66 2519/2519/66
f 2514/2514/66 2519/2519/66 2518/2518/66
f 2515/2515/65 2516/2516/65 2520/2520/65
f 2515/2515/65 2520/2520/65 2519/2519/65
f 2516/2516/64 2517/2517/64 2521/2521/64
f 2516/2516/64 2521/2521/64 2520/2520/64
f 2517/2517/63 2514/2514/63 2518/2518/63
f 2517/2517/63 2518/2518/63 2521/2521/63
f 2518/2518/5 2519/2519/5 2520/2520/5
f 2518/2518/5 2520/2520/5 2521/2521/5
f 2517/2517/6 2516/2516/6 2515/2515/6
f 2517/2517/6 2515/2515/6 2514/2514/6
f 2522/2522/65 2523/2523/65 2527/2527/65
f 2522/2522/65 2527/2527/65 2526/2526/65
f 2523/2523/64 2524/2524/64 2528/2528/64
f 2523/2523/64 2528/2528/64 2527/2527/64
f 2524/2524/63 2525/2525/63 2529/2529/63
f 2524/2524/63 2529/2529/63 2528/2528/63
f 2525/2525/66 2522/2522/66 2526/2526/66
f 2525/2525/66 2526/2526/66 2529/2529/66
f 2526/2526/5 2527/2527/5 2528/2528/5
f 2526/2526/5 2528/2528/5 2529/2529/5
f 2525/2525/6 2524/2524/6 2523/2523/6
f 2525/2525/6 2523/2523/6 2522/2522/6
f 2530/2530/66 2531/2531/66 2535/2535/66
f 2530/2530/66 2535/2535/66 2534/2534/66
f 2531/2531/65 2532/2532/65 2536/2536/65
f 2531/2531/65 2536/2536/65 2535/2535/65
f 2532/2532/64 2533/2533/64 2537/2537/64
f 2532/2532/64 2537/2537/64 2536/2536/64
f 2533/2533/63 2530/2530/63 2534/2534/63
f 2533/2533/63 2534/2534/63 2537/2537/63
f 2534/2534/5 2535/2535/5 2536/2536/5
f 2534/2534/5 2536/2536/5 2537/2537/5
f 2533/2533/6 2532/2532/6 2531/2531/6
f 2533/2533/6 2531/2531/6 2530/2530/6
f 2538/2538/63 2539/2539/63 2543/2543/63
f 2538/2538/63 2543/2543/63 2542/2542/63
f 2539/2539/66 2540/2540/66 2544/2544/66
f 2539/2539/66 2544/2544/66 2543/2543/66
f 2540/2540/65 2541/2541/65 2545/2545/65
f 2540/2540/65 2545/2545/65 2544/2544/65
f 2541/2541/64 2538/2538/64 2542/2542/64
f 2541/2541/64 2542/2542/64 2545/2545/64
f 2542/2542/5 2543/2543/5 2544/2544/5
f 2542/2542/5 2544/2544/5 2545/2545/5
f 2541/2541/6 2540/2540/6 2539/2539/6
f 2541/2541/6 2539/2539/6 2538/2538/6
f 2546/2546/64 2547/2547/64 2551/2551/64
f 2546/2546/64 2551/2551/64 2550/2550/64
f 2547/2547/63 2548/2548/63 2552/2552/63
f 2547/2547/63 2552/2552/63 2551/2551/63
f 2548/2548/66 2549/2549/66 2553/2553/66
f 2548/2548/66 2553/2553/66 2552/2552/66
f 2549/2549/65 2546/2546/65 2550/2550/65
f 2549/2549/65 2550/2550/65 2553/2553/65
f 2550/2550/5 2551/2551/5 2552/2552/5
f 2550/2550/5 2552/2552/5 2553/2553/5
f 2549/2549/6 2548/2548/6 2547/2547/6
f 2549/2549/6 2547/2547/6 2546/2546/6
f 2554/2554/63 2555/2555/63 2559/2559/63
f 2554/2554/63 2559/2559/63 2558/2558/63
f 2555/2555/66 2556/2556/66 2560/2560/66
f 2555/2555/66 2560/2560/66 2559/2559/66
f 2556/2556/65 2557/2557/65 2561/2561/65
f 2556/2556/65 2561/2561/65 2560/2560/65
f 2557/2557/64 2554/2554/64 2558/2558/64
f 2557/2557/64 2558/2558/64 2561/2561/64
f 2558/2558/5 2559/2559/5 2560/2560/5
f 2558/2558/5 2560/2560/5 2561/2561/5
f 2557/2557/6 2556/2556/6 2555/2555/6
f 2557/2557/6 2555/2555/6 2554/2554/6
f 2562/2562/64 2563/2563/64 2567/2567/64
f 2562/2562/64 2567/2567/64 2566/2566/64
f 2563/2563/63 2564/2564/63 2568/2568/63
f 2563/2563/63 2568/2568/63 2567/2567/63
f 2564/2564/66 2565/2565/66 2569/2569/66
f 2564/2564/66 2569/2569/66 2568/2568/66
f 2565/2565/65 2562/2562/65 2566/2566/65
f 2565/2565/65 2566/2566/65 2569/2569/65
f 2566/2566/5 2567/2567/5 2568/2568/5
f 2566/2566/5 2568/2568/5 2569/2569/5
f 2565/2565/6 2564/2564/6 2563/2563/6
f 2565/2565/6 2563/2563/6 2562/2562/6
f 2570/2570/67 2579/2579/67 2571/2571/67
f 2570/2570/67 2578/2578/67 2579/2579/67
f 2571/2571/68 2580/2580/68 2572/2572/68
f 2571/2571/68 2579/2579/68 2580/2580/68
f 2572/2572/69 2581/2581/69 2573/2573/69
f 2572/2572/69 2580/2580/69 2581/2581/69
f 2573/2573/70 2582/2582/70 2574/2574/70
f 2573/2573/70 2581/2581/70 2582/2582/70
f 2574/2574/71 2583/2583/71 2575/2575/71
f 2574/2574/71 2582/2582/71 2583/2583/71
f 2575/2575/72 2584/2584/72 2576/2576/72
f 2575/2575/72 2583/2583/72 2584/2584/72
f 2576/2576/73 2585/2585/73 2577/2577/73
f 2576/2576/73 2584/2584/73 2585/2585/73
f 2577/2577/74 2578/2578/74 2570/2570/74
f 2577/2577/74 2585/2585/74 2578/2578/74
f 2578/2578/5 2580/2580/5 2579/2579/5
f 2578/2578/5 2581/2581/5 2580/2580/5
f 2578/2578/5 2582/2582/5 2581/2581/5
f 2578/2578/5 2583/2583/5 2582/2582/5
f 2578/2578/5 2584/2584/5 2583/2583/5
f 2578/2578/5 2585/2585/5 2584/2584/5
f 2577/2577/6 2575/2575/6 2576/2576/6
f 2577/2577/6 2574/2574/6 2575/2575/6
f 2577/2577/6 2573/2573/6 2574/2574/6
f 2577/2577/6 2572/2572/6 2573/2573/6
f 2577/2577/6 2571/2571/6 2572/2572/6
f 2577/2577/6 2570/2570/6 2571/2571/6
f 2586/2586/14 2591/2591/14 2587/2587/14
f 2586/2586/14 2590/2590/14 2591/2591/14
f 2587/2587/75 2592/2592/75 2588/2588/75
f 2587/2587/75 2591/2591/75 2592/2592/75
f 2588/2588/9 2593/2593/9 2589/2589/9
f 2588/2588/9 2592/2592/9 2593/2593/9
f 2589/2589/76 2590/2590/76 2586/2586/76
f 2589/2589/76 2593/2593/76 2590/2590/76
f 2590/2590/5 2592/2592/5 2591/2591/5
f 2590/2590/5 2593/2593/5 2592/2592/5
f 2589/2589/6 2587/2587/6 2588/2588/6
f 2589/2589/6 2586/2586/6 2587/2587/6
f 2594/2594/77 2599/2599/77 2595/2595/77
f 2594/2594/77 2598/2598/77 2599/2599/77
f 2595/2595/78 2600/2600/78 2596/2596/78
f 2595/2595/78 2599/2599/78 2600/2600/78
f 2596/2596/79 2601/2601/79 2597/2597/79
f 2596/2596/79 2600/2600/79 2601/2601/79
f 2597/2597/80 2598/2598/80 2594/2594/80
f 2597/2597/80 2601/2601/80 2598/2598/80
f 2598/2598/5 2600/2600/5 2599/2599/5
f 2598/2598/5 2601/2601/5 2600/2600/5
f 2597/2597/6 2595/2595/6 2596/2596/6
f 2597/2597/6 2594/2594/6 2595/2595/6
f 2602/2602/1 2607/2607/1 2603/2603/1
f 2602/2602/1 2606/2606/1 2607/2607/1
f 2603/2603/2 2608/2608/2 2604/2604/2
f 2603/2603/2 2607/2607/2 2608/2608/2
f 2604/2604/3 2609/2609/3 2605/2605/3
f 2604/2604/3 2608/2608/3 2609/2609/3
f 2605/2605/4 2606/2606/4 2602/2602/4
f 2605/2605/4 2609/2609/4 2606/2606/4
f 2606/2606/5 2608/2608/5 2607/2607/5
f 2606/2606/5 2609/2609/5 2608/2608/5
f 2605/2605/6 2603/2603/6 2604/2604/6
f 2605/2605/6 2602/2602/6 2603/2603/6
f 2610/2610/6 2615/2615/6 2611/2611/6
f 2610/2610/6 2614/2614/6 2615/2615/6
f 2619/2619/5 2622/2622/5 2618/2618/5
f 2619/2619/5 2623/2623/5 2622/2622/5
f 2614/2614/1 2623/2623/1 2615/2615/1
f 2614/2614/1 2622/2622/1 2623/2623/1
f 2611/2611/3 2618/2618/3 2610/2610/3
f 2611/2611/3 2619/2619/3 2618/2618/3
f 2611/2611/2 2616/2616/2 2612/2612/2
f 2611/2611/2 2615/2615/2 2616/2616/2
f 2620/2620/4 2623/2623/4 2619/2619/4
f 2620/2620/4 2624/2624/4 2623/2623/4
f 2615/2615/1 2624/2624/1 2616/2616/1
f 2615/2615/1 2623/2623/1 2624/2624/1
f 2612/2612/3 2619/2619/3 2611/2611/3
f 2612/2612/3 2620/2620/3 2619/2619/3
f 2612/2612/5 2617/2617/5 2613/2613/5
f 2612/2612/5 2616/2616/5 2617/2617/5
f 2621/2621/6 2624/2624/6 2620/2620/6
f 2621/2621/6 2625/2625/6 2624/2624/6
f 2616/2616/1 2625/2625/1 2617/2617/1
f 2616/2616/1 2624/2624/1 2625/2625/1
f 2613/2613/3 2620/2620/3 2612/2612/3
f 2613/2613/3 2621/2621/3 2620/2620/3
f 2613/2613/4 2614/2614/4 2610/2610/4
f 2613/2613/4 2617/2617/4 2614/2614/4
f 2618/2618/2 2625/2625/2 2621/2621/2
f 2618/2618/2 2622/2622/2 2625/2625/2
f 2617/2617/1 2622/2622/1 2614/2614/1
f 2617/2617/1 2625/2625/1 2622/2622/1
f 2610/2610/3 2621/2621/3 2613/2613/3
f 2610/2610/3 2618/2618/3 2621/2621/3
f 2626/2626/6 2633/2633/6 2627/2627/6
f 2626/2626/6 2632/2632/6 2633/2633/6
f 2639/2639/5 2644/2644/5 2638/2638/5
f 2639/2639/5 2645/2645/5 2644/2644/5
f 2632/2632/1 2645/2645/1 2633/2633/1
f 2632/2632/1 2644/2644/1 2645/2645/1
f 2627/2627/3 2638/2638/3 2626/2626/3
f 2627/2627/3 2639/2639/3 2638/2638/3
f 2627/2627/2 2634/2634/2 2628/2628/2
f 2627/2627/2 2633/2633/2 2634/2634/2
f 2640/2640/4 2645/2645/4 2639/2639/4
f 2640/2640/4 2646/2646/4 2645/2645/4
f 2633/2633/1 2646/2646/1 2634/2634/1
f 2633/2633/1 2645/2645/1 2646/2646/1
f 2628/2628/3 2639/2639/3 2627/2627/3
f 2628/2628/3 2640/2640/3 2639/2639/3
f 2628/2628/47 2635/2635/47 2629/2629/47
f 2628/2628/47 2634/2634/47 2635/2635/47
f 2641/2641/48 2646/2646/48 2640/2640/48
f 2641/2641/48 2647/2647/48 2646/2646/48
f 2634/2634/1 2647/2647/1 2635/2635/1
f 2634/2634/1 2646/2646/1 2647/2647/1
f 2629/2629/3 2640/2640/3 2628/2628/3
f 2629/2629/3 2641/2641/3 2640/2640/3
f 2629/2629/5 2636/2636/5 2630/2630/5
f 2629/2629/5 2635/2635/5 2636/2636/5
f 2642/2642/6 2647/2647/6 2641/2641/6
f 2642/2642/6 2648/2648/6 2647/2647/6
f 2635/2635/1 2648/2648/1 2636/2636/1
f 2635/2635/1 2647/2647/1 2648/2648/1
f 2630/2630/3 2641/2641/3 2629/2629/3
f 2630/2630/3 2642/2642/3 2641/2641/3
f 2630/2630/49 2637/2637/49 2631/2631/49
f 2630/2630/49 2636/2636/49 2637/2637/49
f 2643/2643/50 2648/2648/50 2642/2642/50
f 2643/2643/50 2649/2649/50 2648/2648/50
f 2636/2636/1 2649/2649/1 2637/2637/1
f 2636/2636/1 2648/2648/1 2649/2649/1
f 2631/2631/3 2642/2642/3 2630/2630/3
f 2631/2631/3 2643/2643/3 2642/2642/3
f 2631/2631/4 2632/2632/4 2626/2626/4
f 2631/2631/4 2637/2637/4 2632/2632/4
f 2638/2638/2 2649/2649/2 2643/2643/2
f 2638/2638/2 2644/2644/2 2649/2649/2
f 2637/2637/1 2644/2644/1 2632/2632/1
f 2637/2637/1 2649/2649/1 2644/2644/1
f 2626/2626/3 2643/2643/3 2631/2631/3
f 2626/2626/3 2638/2638/3 2643/2643/3
f 2650/2650/6 2655/2655/6 2651/2651/6
f 2650/2650/6 2654/2654/6 2655/2655/6
f 2659/2659/5 2662/2662/5 2658/2658/5
f 2659/2659/5 2663/2663/5 2662/2662/5
f 2654/2654/2 2663/2663/2 2655/2655/2
f 2654/2654/2 2662/2662/2 2663/2663/2
f 2651/2651/4 2658/2658/4 2650/2650/4
f 2651/2651/4 2659/2659/4 2658/2658/4
f 2651/2651/3 2656/2656/3 2652/2652/3
f 2651/2651/3 2655/2655/3 2656/2656/3
f 2660/2660/1 2663/2663/1 2659/2659/1
f 2660/2660/1 2664/2664/1 2663/2663/1
f 2655/2655/2 2664/2664/2 2656/2656/2
f 2655/2655/2 2663/2663/2 2664/2664/2
f 2652/2652/4 2659/2659/4 2651/2651/4
f 2652/2652/4 2660/2660/4 2659/2659/4
f 2652/2652/5 2657/2657/5 2653/2653/5
f 2652/2652/5 2656/2656/5 2657/2657/5
f 2661/2661/6 2664/2664/6 2660/2660/6
f 2661/2661/6 2665/2665/6 2664/2664/6
f 2656/2656/2 2665/2665/2 2657/2657/2
f 2656/2656/2 2664/2664/2 2665/2665/2
f 2653/2653/4 2660/2660/4 2652/2652/4
f 2653/2653/4 2661/2661/4 2660/2660/4
f 2653/2653/1 2654/2654/1 2650/2650/1
f 2653/2653/1 2657/2657/1 2654/2654/1
f 2658/2658/3 2665/2665/3 2661/2661/3
f 2658/2658/3 2662/2662/3 2665/2665/3
f 2657/2657/2 2662/2662/2 2654/2654/2
f 2657/2657/2 2665/2665/2 2662/2662/2
f 2650/2650/4 2661/2661/4 2653/2653/4
f 2650/2650/4 2658/2658/4 2661/2661/4
f 2666/2666/6 2671/2671/6 2667/2667/6
f 2666/2666/6 2670/2670/6 2671/2671/6
f 2675/2675/5 2678/2678/5 2674/2674/5
f 2675/2675/5 2679/2679/5 2678/2678/5
f 2670/2670/2 2679/2679/2 2671/2671/2
f 2670/2670/2 2678/2678/2 2679/2679/2
f 2667/2667/4 2674/2674/4 2666/2666/4
f 2667/2667/4 2675/2675/4 2674/2674/4
f 2667/2667/3 2672/2672/3 2668/2668/3
f 2667/2667/3 2671/2671/3 2672/2672/3
f 2676/2676/1 2679/2679/1 2675/2675/1
f 2676/2676/1 2680/2680/1 2679/2679/1
f 2671/2671/2 2680/2680/2 2672/2672/2
f 2671/2671/2 2679/2679/2 2680/2680/2
f 2668/2668/4 2675/2675/4 2667/2667/4
f 2668/2668/4 2676/2676/4 2675/2675/4
f 2668/2668/5 2673/2673/5 2669/2669/5
f 2668/2668/5 2672/2672/5 2673/2673/5
f 2677/2677/6 2680/2680/6 2676/2676/6
f 2677/2677/6 2681/2681/6 2680/2680/6
f 2672/2672/2 2681/2681/2 2673/2673/2
f 2672/2672/2 2680/2680/2 2681/2681/2
f 2669/2669/4 2676/2676/4 2668/2668/4
f 2669/2669/4 2677/2677/4 2676/2676/4
f 2669/2669/1 2670/2670/1 2666/2666/1
f 2669/2669/1 2673/2673/1 2670/2670/1
f 2674/2674/3 2681/2681/3 2677/2677/3
f 2674/2674/3 2678/2678/3 2681/2681/3
f 2673/2673/2 2678/2678/2 2670/2670/2
f 2673/2673/2 2681/2681/2 2678/2678/2
f 2666/2666/4 2677/2677/4 2669/2669/4
f 2666/2666/4 2674/2674/4 2677/2677/4
f 2682/2682/6 2687/2687/6 2683/2683/6
f 2682/2682/6 2686/2686/6 2687/2687/6
f 2691/2691/5 2694/2694/5 2690/2690/5
f 2691/2691/5 2695/2695/5 2694/2694/5
f 2686/2686/2 2695/2695/2 2687/2687/2
f 2686/2686/2 2694/2694/2 2695/2695/2
f 2683/2683/4 2690/2690/4 2682/2682/4
f 2683/2683/4 2691/2691/4 2690/2690/4
f 2683/2683/3 2688/2688/3 2684/2684/3
f 2683/2683/3 2687/2687/3 2688/2688/3
f 2692/2692/1 2695/2695/1 2691/2691/1
f 2692/2692/1 2696/2696/1 2695/2695/1
f 2687/2687/2 2696/2696/2 2688/2688/2
f 2687/2687/2 2695/2695/2 2696/2696/2
f 2684/2684/4 2691/2691/4 2683/2683/4
f 2684/2684/4 2692/2692/4 2691/2691/4
f 2684/2684/5 2689/2689/5 2685/2685/5
f 2684/2684/5 2688/2688/5 2689/2689/5
f 2693/2693/6 2696/2696/6 2692/2692/6
f 2693/2693/6 2697/2697/6 2696/2696/6
f 2688/2688/2 2697/2697/2 2689/2689/2
f 2688/2688/2 2696/2696/2 2697/2697/2
f 2685/2685/4 2692/2692/4 2684/2684/4
f 2685/2685/4 2693/2693/4 2692/2692/4
f 2685/2685/1 2686/2686/1 2682/2682/1
f 2685/2685/1 2689/2689/1 2686/2686/1
f 2690/2690/3 2697/2697/3 2693/2693/3
f 2690/2690/3 2694/2694/3 2697/2697/3
f 2689/2689/2 2694/2694/2 2686/2686/2
f 2689/2689/2 2697/2697/2 2694/2694/2
f 2682/2682/4 2693/2693/4 2685/2685/4
f 2682/2682/4 2690/2690/4 2693/2693/4
f 2698/2698/6 2705/2705/6 2699/2699/6
f 2698/2698/6 2704/2704/6 2705/2705/6
f 2711/2711/5 2716/2716/5 2710/2710/5
f 2711/2711/5 2717/2717/5 2716/2716/5
f 2704/2704/2 2717/2717/2 2705/2705/2
f 2704/2704/2 2716/2716/2 2717/2717/2
f 2699/2699/4 2710/2710/4 2698/2698/4
f 2699/2699/4 2711/2711/4 2710/2710/4
f 2699/2699/3 2706/2706/3 2700/2700/3
f 2699/2699/3 2705/2705/3 2706/2706/3
f 2712/2712/1 2717/2717/1 2711/2711/1
f 2712/2712/1 2718/2718/1 2717/2717/1
f 2705/2705/2 2718/2718/2 2706/2706/2
f 2705/2705/2 2717/2717/2 2718/2718/2
f 2700/2700/4 2711/2711/4 2699/2699/4
f 2700/2700/4 2712/2712/4 2711/2711/4
f 2700/2700/51 2707/2707/51 2701/2701/51
f 2700/2700/51 2706/2706/51 2707/2707/51
f 2713/2713/52 2718/2718/52 2712/2712/52
f 2713/2713/52 2719/2719/52 2718/2718/52
f 2706/2706/2 2719/2719/2 2707/2707/2
f 2706/2706/2 2718/2718/2 2719/2719/2
f 2701/2701/4 2712/2712/4 2700/2700/4
f 2701/2701/4 2713/2713/4 2712/2712/4
f 2701/2701/5 2708/2708/5 2702/2702/5
f 2701/2701/5 2707/2707/5 2708/2708/5
f 2714/2714/6 2719/2719/6 2713/2713/6
f 2714/2714/6 2720/2720/6 2719/2719/6
f 2707/2707/2 2720/2720/2 2708/2708/2
f 2707/2707/2 2719/2719/2 2720/2720/2
f 2702/2702/4 2713/2713/4 2701/2701/4
f 2702/2702/4 2714/2714/4 2713/2713/4
f 2702/2702/53 2709/2709/53 2703/2703/53
f 2702/2702/53 2708/2708/53 2709/2709/53
f 2715/2715/54 2720/2720/54 2714/2714/54
f 2715/2715/54 2721/2721/54 2720/2720/54
f 2708/2708/2 2721/2721/2 2709/2709/2
f 2708/2708/2 2720/2720/2 2721/2721/2
f 2703/2703/4 2714/2714/4 2702/2702/4
f 2703/2703/4 2715/2715/4 2714/2714/4
f 2703/2703/1 2704/2704/1 2698/2698/1
f 2703/2703/1 2709/2709/1 2704/2704/1
f 2710/2710/3 2721/2721/3 2715/2715/3
f 2710/2710/3 2716/2716/3 2721/2721/3
f 2709/2709/2 2716/2716/2 2704/2704/2
f 2709/2709/2 2721/2721/2 2716/2716/2
f 2698/2698/4 2715/2715/4 2703/2703/4
f 2698/2698/4 2710/2710/4 2715/2715/4
f 2722/2722/6 2727/2727/6 2723/2723/6
f 2722/2722/6 2726/2726/6 2727/2727/6
f 2731/2731/5 2734/2734/5 2730/2730/5
f 2731/2731/5 2735/2735/5 2734/2734/5
f 2726/2726/2 2735/2735/2 2727/2727/2
f 2726/2726/2 2734/2734/2 2735/2735/2
f 2723/2723/4 2730/2730/4 2722/2722/4
f 2723/2723/4 2731/2731/4 2730/2730/4
f 2723/2723/3 2728/2728/3 2724/2724/3
f 2723/2723/3 2727/2727/3 2728/2728/3
f 2732/2732/1 2735/2735/1 2731/2731/1
f 2732/2732/1 2736/2736/1 2735/2735/1
f 2727/2727/2 2736/2736/2 2728/2728/2
f 2727/2727/2 2735/2735/2 2736/2736/2
f 2724/2724/4 2731/2731/4 2723/2723/4
f 2724/2724/4 2732/2732/4 2731/2731/4
f 2724/2724/5 2729/2729/5 2725/2725/5
f 2724/2724/5 2728/2728/5 2729/2729/5
f 2733/2733/6 2736/2736/6 2732/2732/6
f 2733/2733/6 2737/2737/6 2736/2736/6
f 2728/2728/2 2737/2737/2 2729/2729/2
f 2728/2728/2 2736/2736/2 2737/2737/2
f 2725/2725/4 2732/2732/4 2724/2724/4
f 2725/2725/4 2733/2733/4 2732/2732/4
f 2725/2725/1 2726/2726/1 2722/2722/1
f 2725/2725/1 2729/2729/1 2726/2726/1
f 2730/2730/3 2737/2737/3 2733/2733/3
f 2730/2730/3 2734/2734/3 2737/2737/3
f 2729/2729/2 2734/2734/2 2726/2726/2
f 2729/2729/2 2737/2737/2 2734/2734/2
f 2722/2722/4 2733/2733/4 2725/2725/4
f 2722/2722/4 2730/2730/4 2733/2733/4
f 2738/2738/6 2743/2743/6 2739/2739/6
f 2738/2738/6 2742/2742/6 2743/2743/6
f 2747/2747/5 2750/2750/5 2746/2746/5
f 2747/2747/5 2751/2751/5 2750/2750/5
f 2742/2742/2 2751/2751/2 2743/2743/2
f 2742/2742/2 2750/2750/2 2751/2751/2
f 2739/2739/4 2746/2746/4 2738/2738/4
f 2739/2739/4 2747/2747/4 2746/2746/4
f 2739/2739/3 2744/2744/3 2740/2740/3
f 2739/2739/3 2743/2743/3 2744/2744/3
f 2748/2748/1 2751/2751/1 2747/2747/1
f 2748/2748/1 2752/2752/1 2751/2751/1
f 2743/2743/2 2752/2752/2 2744/2744/2
f 2743/2743/2 2751/2751/2 2752/2752/2
f 2740/2740/4 2747/2747/4 2739/2739/4
f 2740/2740/4 2748/2748/4 2747/2747/4
f 2740/2740/5 2745/2745/5 2741/2741/5
f 2740/2740/5 2744/2744/5 2745/2745/5
f 2749/2749/6 2752/2752/6 2748/2748/6
f 2749/2749/6 2753/2753/6 2752/2752/6
f 2744/2744/2 2753/2753/2 2745/2745/2
f 2744/2744/2 2752/2752/2 2753/2753/2
f 2741/2741/4 2748/2748/4 2740/2740/4
f 2741/2741/4 2749/2749/4 2748/2748/4
f 2741/2741/1 2742/2742/1 2738/2738/1
f 2741/2741/1 2745/2745/1 2742/2742/1
f 2746/2746/3 2753/2753/3 2749/2749/3
f 2746/2746/3 2750/2750/3 2753/2753/3
f 2745/2745/2 2750/2750/2 2742/2742/2
f 2745/2745/2 2753/2753/2 2750/2750/2
f 2738/2738/4 2749/2749/4 2741/2741/4
f 2738/2738/4 2746/2746/4 2749/2749/4
f 2754/2754/6 2759/2759/6 2755/2755/6
f 2754/2754/6 2758/2758/6 2759/2759/6
f 2763/2763/5 2766/2766/5 2762/2762/5
f 2763/2763/5 2767/2767/5 2766/2766/5
f 2758/2758/3 2767/2767/3 2759/2759/3
f 2758/2758/3 2766/2766/3 2767/2767/3
f 2755/2755/1 2762/2762/1 2754/2754/1
f 2755/2755/1 2763/2763/1 2762/2762/1
f 2755/2755/4 2760/2760/4 2756/2756/4
f 2755/2755/4 2759/2759/4 2760/2760/4
f 2764/2764/2 2767/2767/2 2763/2763/2
f 2764/2764/2 2768/2768/2 2767/2767/2
f 2759/2759/3 2768/2768/3 2760/2760/3
f 2759/2759/3 2767/2767/3 2768/2768/3
f 2756/2756/1 2763/2763/1 2755/2755/1
f 2756/2756/1 2764/2764/1 2763/2763/1
f 2756/2756/5 2761/2761/5 2757/2757/5
f 2756/2756/5 2760/2760/5 2761/2761/5
f 2765/2765/6 2768/2768/6 2764/2764/6
f 2765/2765/6 2769/2769/6 2768/2768/6
f 2760/2760/3 2769/2769/3 2761/2761/3
f 2760/2760/3 2768/2768/3 2769/2769/3
f 2757/2757/1 2764/2764/1 2756/2756/1
f 2757/2757/1 2765/2765/1 2764/2764/1
f 2757/2757/2 2758/2758/2 2754/2754/2
f 2757/2757/2 2761/2761/2 2758/2758/2
f 2762/2762/4 2769/2769/4 2765/2765/4
f 2762/2762/4 2766/2766/4 2769/2769/4
f 2761/2761/3 2766/2766/3 2758/2758/3
f 2761/2761/3 2769/2769/3 2766/2766/3
f 2754/2754/1 2765/2765/1 2757/2757/1
f 2754/2754/1 2762/2762/1 2765/2765/1
f 2770/2770/6 2775/2775/6 2771/2771/6
f 2770/2770/6 2774/2774/6 2775/2775/6
f 2779/2779/5 2782/2782/5 2778/2778/5
f 2779/2779/5 2783/2783/5 2782/2782/5
f 2774/2774/3 2783/2783/3 2775/2775/3
f 2774/2774/3 2782/2782/3 2783/2783/3
f 2771/2771/1 2778/2778/1 2770/2770/1
f 2771/2771/1 2779/2779/1 2778/2778/1
f 2771/2771/4 2776/2776/4 2772/2772/4
f 2771/2771/4 2775/2775/4 2776/2776/4
f 2780/2780/2 2783/2783/2 2779/2779/2
f 2780/2780/2 2784/2784/2 2783/2783/2
f 2775/2775/3 2784/2784/3 2776/2776/3
f 2775/2775/3 2783/2783/3 2784/2784/3
f 2772/2772/1 2779/2779/1 2771/2771/1
f 2772/2772/1 2780/2780/1 2779/2779/1
f 2772/2772/5 2777/2777/5 2773/2773/5
f 2772/2772/5 2776/2776/5 2777/2777/5
f 2781/2781/6 2784/2784/6 2780/2780/6
f 2781/2781/6 2785/2785/6 2784/2784/6
f 2776/2776/3 2785/2785/3 2777/2777/3
f 2776/2776/3 2784/2784/3 2785/2785/3
f 2773/2773/1 2780/2780/1 2772/2772/1
f 2773/2773/1 2781/2781/1 2780/2780/1
f 2773/2773/2 2774/2774/2 2770/2770/2
f 2773/2773/2 2777/2777/2 2774/2774/2
f 2778/2778/4 2785/2785/4 2781/2781/4
f 2778/2778/4 2782/2782/4 2785/2785/4
f 2777/2777/3 2782/2782/3 2774/2774/3
f 2777/2777/3 2785/2785/3 2782/2782/3
f 2770/2770/1 2781/2781/1 2773/2773/1
f 2770/2770/1 2778/2778/1 2781/2781/1
f 2786/2786/1 2787/2787/1 2791/2791/1
f 2786/2786/1 2791/2791/1 2790/2790/1
f 2787/2787/4 2788/2788/4 2792/2792/4
f 2787/2787/4 2792/2792/4 2791/2791/4
f 2788/2788/3 2789/2789/3 2793/2793/3
f 2788/2788/3 2793/2793/3 2792/2792/3
f 2789/2789/2 2786/2786/2 2790/2790/2
f 2789/2789/2 2790/2790/2 2793/2793/2
f 2790/2790/5 2791/2791/5 2792/2792/5
f 2790/2790/5 2792/2792/5 2793/2793/5
f 2789/2789/6 2788/2788/6 2787/2787/6
f 2789/2789/6 2787/2787/6 2786/2786/6
f 2794/2794/6 2799/2799/6 2795/2795/6
f 2794/2794/6 2798/2798/6 2799/2799/6
f 2803/2803/5 2806/2806/5 2802/2802/5
f 2803/2803/5 2807/2807/5 2806/2806/5
f 2798/2798/4 2807/2807/4 2799/2799/4
f 2798/2798/4 2806/2806/4 2807/2807/4
f 2795/2795/2 2802/2802/2 2794/2794/2
f 2795/2795/2 2803/2803/2 2802/2802/2
f 2795/2795/1 2800/2800/1 2796/2796/1
f 2795/2795/1 2799/2799/1 2800/2800/1
f 2804/2804/3 2807/2807/3 2803/2803/3
f 2804/2804/3 2808/2808/3 2807/2807/3
f 2799/2799/4 2808/2808/4 2800/2800/4
f 2799/2799/4 2807/2807/4 2808/2808/4
f 2796/2796/2 2803/2803/2 2795/2795/2
f 2796/2796/2 2804/2804/2 2803/2803/2
f 2796/2796/5 2801/2801/5 2797/2797/5
f 2796/2796/5 2800/2800/5 2801/2801/5
f 2805/2805/6 2808/2808/6 2804/2804/6
f 2805/2805/6 2809/2809/6 2808/2808/6
f 2800/2800/4 2809/2809/4 2801/2801/4
f 2800/2800/4 2808/2808/4 2809/2809/4
f 2797/2797/2 2804/2804/2 2796/2796/2
f 2797/2797/2 2805/2805/2 2804/2804/2
f 2797/2797/3 2798/2798/3 2794/2794/3
f 2797/2797/3 2801/2801/3 2798/2798/3
f 2802/2802/1 2809/2809/1 2805/2805/1
f 2802/2802/1 2806/2806/1 2809/2809/1
f 2801/2801/4 2806/2806/4 2798/2798/4
f 2801/2801/4 2809/2809/4 2806/2806/4
f 2794/2794/2 2805/2805/2 2797/2797/2
f 2794/2794/2 2802/2802/2 2805/2805/2
f 2810/2810/6 2815/2815/6 2811/2811/6
f 2810/2810/6 2814/2814/6 2815/2815/6
f 2819/2819/5 2822/2822/5 2818/2818/5
f 2819/2819/5 2823/2823/5 2822/2822/5
f 2814/2814/4 2823/2823/4 2815/2815/4
f 2814/2814/4 2822/2822/4 2823/2823/4
f 2811/2811/2 2818/2818/2 2810/2810/2
f 2811/2811/2 2819/2819/2 2818/2818/2
f 2811/2811/1 2816/2816/1 2812/2812/1
f 2811/2811/1 2815/2815/1 2816/2816/1
f 2820/2820/3 2823/2823/3 2819/2819/3
f 2820/2820/3 2824/2824/3 2823/2823/3
f 2815/2815/4 2824/2824/4 2816/2816/4
f 2815/2815/4 2823/2823/4 2824/2824/4
f 2812/2812/2 2819/2819/2 2811/2811/2
f 2812/2812/2 2820/2820/2 2819/2819/2
f 2812/2812/5 2817/2817/5 2813/2813/5
f 2812/2812/5 2816/2816/5 2817/2817/5
f 2821/2821/6 2824/2824/6 2820/2820/6
f 2821/2821/6 2825/2825/6 2824/2824/6
f 2816/2816/4 2825/2825/4 2817/2817/4
f 2816/2816/4 2824/2824/4 2825/2825/4
f 2813/2813/2 2820/2820/2 2812/2812/2
f 2813/2813/2 2821/2821/2 2820/2820/2
f 2813/2813/3 2814/2814/3 2810/2810/3
f 2813/2813/3 2817/2817/3 2814/2814/3
f 2818/2818/1 2825/2825/1 2821/2821/1
f 2818/2818/1 2822/2822/1 2825/2825/1
f 2817/2817/4 2822/2822/4 2814/2814/4
f 2817/2817/4 2825/2825/4 2822/2822/4
f 2810/2810/2 2821/2821/2 2813/2813/2
f 2810/2810/2 2818/2818/2 2821/2821/2
f 2826/2826/6 2831/2831/6 2827/2827/6
f 2826/2826/6 2830/2830/6 2831/2831/6
f 2835/2835/5 2838/2838/5 2834/2834/5
f 2835/2835/5 2839/2839/5 2838/2838/5
f 2830/2830/4 2839/2839/4 2831/2831/4
f 2830/2830/4 2838/2838/4 2839/2839/4
f 2827/2827/2 2834/2834/2 2826/2826/2
f 2827/2827/2 2835/2835/2 2834/2834/2
f 2827/2827/1 2832/2832/1 2828/2828/1
f 2827/2827/1 2831/2831/1 2832/2832/1
f 2836/2836/3 2839/2839/3 2835/2835/3
f 2836/2836/3 2840/2840/3 2839/2839/3
f 2831/2831/4 2840/2840/4 2832/2832/4
f 2831/2831/4 2839/2839/4 2840/2840/4
f 2828/2828/2 2835/2835/2 2827/2827/2
f 2828/2828/2 2836/2836/2 2835/2835/2
f 2828/2828/5 2833/2833/5 2829/2829/5
f 2828/2828/5 2832/2832/5 2833/2833/5
f 2837/2837/6 2840/2840/6 2836/2836/6
f 2837/2837/6 2841/2841/6 2840/2840/6
f 2832/2832/4 2841/2841/4 2833/2833/4
f 2832/2832/4 2840/2840/4 2841/2841/4
f 2829/2829/2 2836/2836/2 2828/2828/2
f 2829/2829/2 2837/2837/2 2836/2836/2
f 2829/2829/3 2830/2830/3 2826/2826/3
f 2829/2829/3 2833/2833/3 2830/2830/3
f 2834/2834/1 2841/2841/1 2837/2837/1
f 2834/2834/1 2838/2838/1 2841/2841/1
f 2833/2833/4 2838/2838/4 2830/2830/4
f 2833/2833/4 2841/2841/4 2838/2838/4
f 2826/2826/2 2837/2837/2 2829/2829/2
f 2826/2826/2 2834/2834/2 2837/2837/2
f 2842/2842/6 2849/2849/6 2843/2843/6
f 2842/2842/6 2848/2848/6 2849/2849/6
f 2855/2855/5 2860/2860/5 2854/2854/5
f 2855/2855/5 2861/2861/5 2860/2860/5
f 2848/2848/4 2861/2861/4 2849/2849/4
f 2848/2848/4 2860/2860/4 2861/2861/4
f 2843/2843/2 2854/2854/2 2842/2842/2
f 2843/2843/2 2855/2855/2 2854/2854/2
f 2843/2843/1 2850/2850/1 2844/2844/1
f 2843/2843/1 2849/2849/1 2850/2850/1
f 2856/2856/3 2861/2861/3 2855/2855/3
f 2856/2856/3 2862/2862/3 2861/2861/3
f 2849/2849/4 2862/2862/4 2850/2850/4
f 2849/2849/4 2861/2861/4 2862/2862/4
f 2844/2844/2 2855/2855/2 2843/2843/2
f 2844/2844/2 2856/2856/2 2855/2855/2
f 2844/2844/53 2851/2851/53 2845/2845/53
f 2844/2844/53 2850/2850/53 2851/2851/53
f 2857/2857/54 2862/2862/54 2856/2856/54
f 2857/2857/54 2863/2863/54 2862/2862/54
f 2850/2850/4 2863/2863/4 2851/2851/4
f 2850/2850/4 2862/2862/4 2863/2863/4
f 2845/2845/2 2856/2856/2 2844/2844/2
f 2845/2845/2 2857/2857/2 2856/2856/2
f 2845/2845/5 2852/2852/5 2846/2846/5
f 2845/2845/5 2851/2851/5 2852/2852/5
f 2858/2858/6 2863/2863/6 2857/2857/6
f 2858/2858/6 2864/2864/6 2863/2863/6
f 2851/2851/4 2864/2864/4 2852/2852/4
f 2851/2851/4 2863/2863/4 2864/2864/4
f 2846/2846/2 2857/2857/2 2845/2845/2
f 2846/2846/2 2858/2858/2 2857/2857/2
f 2846/2846/51 2853/2853/51 2847/2847/51
f 2846/2846/51 2852/2852/51 2853/2853/51
f 2859/2859/52 2864/2864/52 2858/2858/52
f 2859/2859/52 2865/2865/52 2864/2864/52
f 2852/2852/4 2865/2865/4 2853/2853/4
f 2852/2852/4 2864/2864/4 2865/2865/4
f 2847/2847/2 2858/2858/2 2846/2846/2
f 2847/2847/2 2859/2859/2 2858/2858/2
f 2847/2847/3 2848/2848/3 2842/2842/3
f 2847/2847/3 2853/2853/3 2848/2848/3
f 2854/2854/1 2865/2865/1 2859/2859/1
f 2854/2854/1 2860/2860/1 2865/2865/1
f 2853/2853/4 2860/2860/4 2848/2848/4
f 2853/2853/4 2865/2865/4 2860/2860/4
f 2842/2842/2 2859/2859/2 2847/2847/2
f 2842/2842/2 2854/2854/2 2859/2859/2
f 2866/2866/6 2871/2871/6 2867/2867/6
f 2866/2866/6 2870/2870/6 2871/2871/6
f 2875/2875/5 2878/2878/5 2874/2874/5
f 2875/2875/5 2879/2879/5 2878/2878/5
f 2870/2870/4 2879/2879/4 2871/2871/4
f 2870/2870/4 2878/2878/4 2879/2879/4
f 2867/2867/2 2874/2874/2 2866/2866/2
f 2867/2867/2 2875/2875/2 2874/2874/2
f 2867/2867/1 2872/2872/1 2868/2868/1
f 2867/2867/1 2871/2871/1 2872/2872/1
f 2876/2876/3 2879/2879/3 2875/2875/3
f 2876/2876/3 2880/2880/3 2879/2879/3
f 2871/2871/4 2880/2880/4 2872/2872/4
f 2871/2871/4 2879/2879/4 2880/2880/4
f 2868/2868/2 2875/2875/2 2867/2867/2
f 2868/2868/2 2876/2876/2 2875/2875/2
f 2868/2868/5 2873/2873/5 2869/2869/5
f 2868/2868/5 2872/2872/5 2873/2873/5
f 2877/2877/6 2880/2880/6 2876/2876/6
f 2877/2877/6 2881/2881/6 2880/2880/6
f 2872/2872/4 2881/2881/4 2873/2873/4
f 2872/2872/4 2880/2880/4 2881/2881/4
f 2869/2869/2 2876/2876/2 2868/2868/2
f 2869/2869/2 2877/2877/2 2876/2876/2
f 2869/2869/3 2870/2870/3 2866/2866/3
f 2869/2869/3 2873/2873/3 2870/2870/3
f 2874/2874/1 2881/2881/1 2877/2877/1
f 2874/2874/1 2878/2878/1 2881/2881/1
f 2873/2873/4 2878/2878/4 2870/2870/4
f 2873/2873/4 2881/2881/4 2878/2878/4
f 2866/2866/2 2877/2877/2 2869/2869/2
f 2866/2866/2 2874/2874/2 2877/2877/2
f 2882/2882/6 2887/2887/6 2883/2883/6
f 2882/2882/6 2886/2886/6 2887/2887/6
f 2891/2891/5 2894/2894/5 2890/2890/5
f 2891/2891/5 2895/2895/5 2894/2894/5
f 2886/2886/4 2895/2895/4 2887/2887/4
f 2886/2886/4 2894/2894/4 2895/2895/4
f 2883/2883/2 2890/2890/2 2882/2882/2
f 2883/2883/2 2891/2891/2 2890/2890/2
f 2883/2883/1 2888/2888/1 2884/2884/1
f 2883/2883/1 2887/2887/1 2888/2888/1
f 2892/2892/3 2895/2895/3 2891/2891/3
f 2892/2892/3 2896/2896/3 2895/2895/3
f 2887/2887/4 2896/2896/4 2888/2888/4
f 2887/2887/4 2895/2895/4 2896/2896/4
f 2884/2884/2 2891/2891/2 2883/2883/2
f 2884/2884/2 2892/2892/2 2891/2891/2
f 2884/2884/5 2889/2889/5 2885/2885/5
f 2884/2884/5 2888/2888/5 2889/2889/5
f 2893/2893/6 2896/2896/6 2892/2892/6
f 2893/2893/6 2897/2897/6 2896/2896/6
f 2888/2888/4 2897/2897/4 2889/2889/4
f 2888/2888/4 2896/2896/4 2897/2897/4
f 2885/2885/2 2892/2892/2 2884/2884/2
f 2885/2885/2 2893/2893/2 2892/2892/2
f 2885/2885/3 2886/2886/3 2882/2882/3
f 2885/2885/3 2889/2889/3 2886/2886/3
f 2890/2890/1 2897/2897/1 2893/2893/1
f 2890/2890/1 2894/2894/1 2897/2897/1
f 2889/2889/4 2894/2894/4 2886/2886/4
f 2889/2889/4 2897/2897/4 2894/2894/4
f 2882/2882/2 2893/2893/2 2885/2885/2
f 2882/2882/2 2890/2890/2 2893/2893/2
f 2898/2898/1 2903/2903/1 2899/2899/1
f 2898/2898/1 2902/2902/1 2903/2903/1
f 2907/2907/3 2910/2910/3 2906/2906/3
f 2907/2907/3 2911/2911/3 2910/2910/3
f 2902/2902/5 2911/2911/5 2903/2903/5
f 2902/2902/5 2910/2910/5 2911/2911/5
f 2899/2899/6 2906/2906/6 2898/2898/6
f 2899/2899/6 2907/2907/6 2906/2906/6
f 2899/2899/2 2904/2904/2 2900/2900/2
f 2899/2899/2 2903/2903/2 2904/2904/2
f 2908/2908/4 2911/2911/4 2907/2907/4
f 2908/2908/4 2912/2912/4 2911/2911/4
f 2903/2903/5 2912/2912/5 2904/2904/5
f 2903/2903/5 2911/2911/5 2912/2912/5
f 2900/2900/6 2907/2907/6 2899/2899/6
f 2900/2900/6 2908/2908/6 2907/2907/6
f 2900/2900/3 2905/2905/3 2901/2901/3
f 2900/2900/3 2904/2904/3 2905/2905/3
f 2909/2909/1 2912/2912/1 2908/2908/1
f 2909/2909/1 2913/2913/1 2912/2912/1
f 2904/2904/5 2913/2913/5 2905/2905/5
f 2904/2904/5 2912/2912/5 2913/2913/5
f 2901/2901/6 2908/2908/6 2900/2900/6
f 2901/2901/6 2909/2909/6 2908/2908/6
f 2901/2901/4 2902/2902/4 2898/2898/4
f 2901/2901/4 2905/2905/4 2902/2902/4
f 2906/2906/2 2913/2913/2 2909/2909/2
f 2906/2906/2 2910/2910/2 2913/2913/2
f 2905/2905/5 2910/2910/5 2902/2902/5
f 2905/2905/5 2913/2913/5 2910/2910/5
f 2898/2898/6 2909/2909/6 2901/2901/6
f 2898/2898/6 2906/2906/6 2909/2909/6
f 2914/2914/1 2919/2919/1 2915/2915/1
f 2914/2914/1 2918/2918/1 2919/2919/1
f 2923/2923/3 2926/2926/3 2922/2922/3
f 2923/2923/3 2927/2927/3 2926/2926/3
f 2918/2918/5 2927/2927/5 2919/2919/5
f 2918/2918/5 2926/2926/5 2927/2927/5
f 2915/2915/6 2922/2922/6 2914/2914/6
f 2915/2915/6 2923/2923/6 2922/2922/6
f 2915/2915/2 2920/2920/2 2916/2916/2
f 2915/2915/2 2919/2919/2 2920/2920/2
f 2924/2924/4 2927/2927/4 2923/2923/4
f 2924/2924/4 2928/2928/4 2927/2927/4
f 2919/2919/5 2928/2928/5 2920/2920/5
f 2919/2919/5 2927/2927/5 2928/2928/5
f 2916/2916/6 2923/2923/6 2915/2915/6
f 2916/2916/6 2924/2924/6 2923/2923/6
f 2916/2916/3 2921/2921/3 2917/2917/3
f 2916/2916/3 2920/2920/3 2921/2921/3
f 2925/2925/1 2928/2928/1 2924/2924/1
f 2925/2925/1 2929/2929/1 2928/2928/1
f 2920/2920/5 2929/2929/5 2921/2921/5
f 2920/2920/5 2928/2928/5 2929/2929/5
f 2917/2917/6 2924/2924/6 2916/2916/6
f 2917/2917/6 2925/2925/6 2924/2924/6
f 2917/2917/4 2918/2918/4 2914/2914/4
f 2917/2917/4 2921/2921/4 2918/2918/4
f 2922/2922/2 2929/2929/2 2925/2925/2
f 2922/2922/2 2926/2926/2 2929/2929/2
f 2921/2921/5 2926/2926/5 2918/2918/5
f 2921/2921/5 2929/2929/5 2926/2926/5
f 2914/2914/6 2925/2925/6 2917/2917/6
f 2914/2914/6 2922/2922/6 2925/2925/6
f 2930/2930/1 2935/2935/1 2931/2931/1
f 2930/2930/1 2934/2934/1 2935/2935/1
f 2939/2939/3 2942/2942/3 2938/2938/3
f 2939/2939/3 2943/2943/3 2942/2942/3
f 2934/2934/5 2943/2943/5 2935/2935/5
f 2934/2934/5 2942/2942/5 2943/2943/5
f 2931/2931/6 2938/2938/6 2930/2930/6
f 2931/2931/6 2939/2939/6 2938/2938/6
f 2931/2931/2 2936/2936/2 2932/2932/2
f 2931/2931/2 2935/2935/2 2936/2936/2
f 2940/2940/4 2943/2943/4 2939/2939/4
f 2940/2940/4 2944/2944/4 2943/2943/4
f 2935/2935/5 2944/2944/5 2936/2936/5
f 2935/2935/5 2943/2943/5 2944/2944/5
f 2932/2932/6 2939/2939/6 2931/2931/6
f 2932/2932/6 2940/2940/6 2939/2939/6
f 2932/2932/3 2937/2937/3 2933/2933/3
f 2932/2932/3 2936/2936/3 2937/2937/3
f 2941/2941/1 2944/2944/1 2940/2940/1
f 2941/2941/1 2945/2945/1 2944/2944/1
f 2936/2936/5 2945/2945/5 2937/2937/5
f 2936/2936/5 2944/2944/5 2945/2945/5
f 2933/2933/6 2940/2940/6 2932/2932/6
f 2933/2933/6 2941/2941/6 2940/2940/6
f 2933/2933/4 2934/2934/4 2930/2930/4
f 2933/2933/4 2937/2937/4 2934/2934/4
f 2938/2938/2 2945/2945/2 2941/2941/2
f 2938/2938/2 2942/2942/2 2945/2945/2
f 2937/2937/5 2942/2942/5 2934/2934/5
f 2937/2937/5 2945/2945/5 2942/2942/5
f 2930/2930/6 2941/2941/6 2933/2933/6
f 2930/2930/6 2938/2938/6 2941/2941/6
f 2946/2946/2 2947/2947/2 2951/2951/2
f 2946/2946/2 2951/2951/2 2950/2950/2
f 2947/2947/1 2948/2948/1 2952/2952/1
f 2947/2947/1 2952/2952/1 2951/2951/1
f 2948/2948/4 2949/2949/4 2953/2953/4
f 2948/2948/4 2953/2953/4 2952/2952/4
f 2949/2949/3 2946/2946/3 2950/2950/3
f 2949/2949/3 2950/2950/3 2953/2953/3
f 2950/2950/5 2951/2951/5 2952/2952/5
f 2950/2950/5 2952/2952/5 2953/2953/5
f 2949/2949/6 2948/2948/6 2947/2947/6
f 2949/2949/6 2947/2947/6 2946/2946/6
f 2954/2954/3 2955/2955/3 2959/2959/3
f 2954/2954/3 2959/2959/3 2958/2958/3
f 2955/2955/2 2956/2956/2 2960/2960/2
f 2955/2955/2 2960/2960/2 2959/2959/2
f 2956/2956/1 2957/2957/1 2961/2961/1
f 2956/2956/1 2961/2961/1 2960/2960/1
f 2957/2957/4 2954/2954/4 2958/2958/4
f 2957/2957/4 2958/2958/4 2961/2961/4
f 2958/2958/5 2959/2959/5 2960/2960/5
f 2958/2958/5 2960/2960/5 2961/2961/5
f 2957/2957/6 2956/2956/6 2955/2955/6
f 2957/2957/6 2955/2955/6 2954/2954/6
f 2962/2962/2 2963/2963/2 2967/2967/2
f 2962/2962/2 2967/2967/2 2966/2966/2
f 2963/2963/1 2964/2964/1 2968/2968/1
f 2963/2963/1 2968/2968/1 2967/2967/1
f 2964/2964/4 2965/2965/4 2969/2969/4
f 2964/2964/4 2969/2969/4 2968/2968/4
f 2965/2965/3 2962/2962/3 2966/2966/3
f 2965/2965/3 2966/2966/3 2969/2969/3
f 2966/2966/5 2967/2967/5 2968/2968/5
f 2966/2966/5 2968/2968/5 2969/2969/5
f 2965/2965/6 2964/2964/6 2963/2963/6
f 2965/2965/6 2963/2963/6 2962/2962/6
f 2970/2970/3 2971/2971/3 2975/2975/3
f 2970/2970/3 2975/2975/3 2974/2974/3
f 2971/2971/2 2972/2972/2 2976/2976/2
f 2971/2971/2 2976/2976/2 2975/2975/2
f 2972/2972/1 2973/2973/1 2977/2977/1
f 2972/2972/1 2977/2977/1 2976/2976/1
f 2973/2973/4 2970/2970/4 2974/2974/4
f 2973/2973/4 2974/2974/4 2977/2977/4
f 2974/2974/5 2975/2975/5 2976/2976/5
f 2974/2974/5 2976/2976/5 2977/2977/5
f 2973/2973/6 2972/2972/6 2971/2971/6
f 2973/2973/6 2971/2971/6 2970/2970/6
f 2978/2978/3 2979/2979/3 2983/2983/3
f 2978/2978/3 2983/2983/3 2982/2982/3
f 2979/2979/2 2980/2980/2 2984/2984/2
f 2979/2979/2 2984/2984/2 2983/2983/2
f 2980/2980/1 2981/2981/1 2985/2985/1
f 2980/2980/1 2985/2985/1 2984/2984/1
f 2981/2981/4 2978/2978/4 2982/2982/4
f 2981/2981/4 2982/2982/4 2985/2985/4
f 2982/2982/5 2983/2983/5 2984/2984/5
f 2982/2982/5 2984/2984/5 2985/2985/5
f 2981/2981/6 2980/2980/6 2979/2979/6
f 2981/2981/6 2979/2979/6 2978/2978/6
f 2986/2986/4 2987/2987/4 2991/2991/4
f 2986/2986/4 2991/2991/4 2990/2990/4
f 2987/2987/3 2988/2988/3 2992/2992/3
f 2987/2987/3 2992/2992/3 2991/2991/3
f 2988/2988/2 2989/2989/2 2993/2993/2
f 2988/2988/2 2993/2993/2 2992/2992/2
f 2989/2989/1 2986/2986/1 2990/2990/1
f 2989/2989/1 2990/2990/1 2993/2993/1
f 2990/2990/5 2991/2991/5 2992/2992/5
f 2990/2990/5 2992/2992/5 2993/2993/5
f 2989/2989/6 2988/2988/6 2987/2987/6
f 2989/2989/6 2987/2987/6 2986/2986/6
f 2994/2994/3 2995/2995/3 2999/2999/3
f 2994/2994/3 2999/2999/3 2998/2998/3
f 2995/2995/2 2996/2996/2 3000/3000/2
f 2995/2995/2 3000/3000/2 2999/2999/2
f 2996/2996/1 2997/2997/1 3001/3001/1
f 2996/2996/1 3001/3001/1 3000/3000/1
f 2997/2997/4 2994/2994/4 2998/2998/4
f 2997/2997/4 2998/2998/4 3001/3001/4
f 2998/2998/5 2999/2999/5 3000/3000/5
f 2998/2998/5 3000/3000/5 3001/3001/5
f 2997/2997/6 2996/2996/6 2995/2995/6
f 2997/2997/6 2995/2995/6 2994/2994/6
f 3002/3002/4 3003/3003/4 3007/3007/4
f 3002/3002/4 3007/3007/4 3006/3006/4
f 3003/3003/3 3004/3004/3 3008/3008/3
f 3003/3003/3 3008/3008/3 3007/3007/3
f 3004/3004/2 3005/3005/2 3009/3009/2
f 3004/3004/2 3009/3009/2 3008/3008/2
f 3005/3005/1 3002/3002/1 3006/3006/1
f 3005/3005/1 3006/3006/1 3009/3009/1
f 3006/3006/5 3007/3007/5 3008/3008/5
f 3006/3006/5 3008/3008/5 3009/3009/5
f 3005/3005/6 3004/3004/6 3003/3003/6
f 3005/3005/6 3003/3003/6 3002/3002/6
f 3010/3010/4 3011/3011/4 3015/3015/4
f 3010/3010/4 3015/3015/4 3014/3014/4
f 3011/3011/3 3012/3012/3 3016/3016/3
f 3011/3011/3 3016/3016/3 3015/3015/3
f 3012/3012/2 3013/3013/2 3017/3017/2
f 3012/3012/2 3017/3017/2 3016/3016/2
f 3013/3013/1 3010/3010/1 3014/3014/1
f 3013/3013/1 3014/3014/1 3017/3017/1
f 3014/3014/5 3015/3015/5 3016/3016/5
f 3014/3014/5 3016/3016/5 3017/3017/5
f 3013/3013/6 3012/3012/6 3011/3011/6
f 3013/3013/6 3011/3011/6 3010/3010/6
f 3018/3018/1 3019/3019/1 3023/3023/1
f 3018/3018/1 3023/3023/1 3022/3022/1
f 3019/3019/4 3020/3020/4 3024/3024/4
f 3019/3019/4 3024/3024/4 3023/3023/4
f 3020/3020/3 3021/3021/3 3025/3025/3
f 3020/3020/3 3025/3025/3 3024/3024/3
f 3021/3021/2 3018/3018/2 3022/3022/2
f 3021/3021/2 3022/3022/2 3025/3025/2
f 3022/3022/5 3023/3023/5 3024/3024/5
f 3022/3022/5 3024/3024/5 3025/3025/5
f 3021/3021/6 3020/3020/6 3019/3019/6
f 3021/3021/6 3019/3019/6 3018/3018/6
f 3026/3026/4 3027/3027/4 3031/3031/4
f 3026/3026/4 3031/3031/4 3030/3030/4
f 3027/3027/3 3028/3028/3 3032/3032/3
f 3027/3027/3 3032/3032/3 3031/3031/3
f 3028/3028/2 3029/3029/2 3033/3033/2
f 3028/3028/2 3033/3033/2 3032/3032/2
f 3029/3029/1 3026/3026/1 3030/3030/1
f 3029/3029/1 3030/3030/1 3033/3033/1
f 3030/3030/5 3031/3031/5 3032/3032/5
f 3030/3030/5 3032/3032/5 3033/3033/5
f 3029/3029/6 3028/3028/6 3027/3027/6
f 3029/3029/6 3027/3027/6 3026/3026/6
f 3034/3034/1 3035/3035/1 3039/3039/1
f 3034/3034/1 3039/3039/1 3038/3038/1
f 3035/3035/4 3036/3036/4 3040/3040/4
f 3035/3035/4 3040/3040/4 3039/3039/4
f 3036/3036/3 3037/3037/3 3041/3041/3
f 3036/3036/3 3041/3041/3 3040/3040/3
f 3037/3037/2 3034/3034/2 3038/3038/2
f 3037/3037/2 3038/3038/2 3041/3041/2
f 3038/3038/5 3039/3039/5 3040/3040/5
f 3038/3038/5 3040/3040/5 3041/3041/5
f 3037/3037/6 3036/3036/6 3035/3035/6
f 3037/3037/6 3035/3035/6 3034/3034/6
f 3042/3042/1 3043/3043/1 3047/3047/1
f 3042/3042/1 3047/3047/1 3046/3046/1
f 3043/3043/4 3044/3044/4 3048/3048/4
f 3043/3043/4 3048/3048/4 3047/3047/4
f 3044/3044/3 3045/3045/3 3049/3049/3
f 3044/3044/3 3049/3049/3 3048/3048/3
f 3045/3045/2 3042/3042/2 3046/3046/2
f 3045/3045/2 3046/3046/2 3049/3049/2
f 3046/3046/5 3047/3047/5 3048/3048/5
f 3046/3046/5 3048/3048/5 3049/3049/5
f 3045/3045/6 3044/3044/6 3043/3043/6
f 3045/3045/6 3043/3043/6 3042/3042/6
f 3050/3050/2 3051/3051/2 3055/3055/2
f 3050/3050/2 3055/3055/2 3054/3054/2
f 3051/3051/1 3052/3052/1 3056/3056/1
f 3051/3051/1 3056/3056/1 3055/3055/1
f 3052/3052/4 3053/3053/4 3057/3057/4
f 3052/3052/4 3057/3057/4 3056/3056/4
f 3053/3053/3 3050/3050/3 3054/3054/3
f 3053/3053/3 3054/3054/3 3057/3057/3
f 3054/3054/5 3055/3055/5 3056/3056/5
f 3054/3054/5 3056/3056/5 3057/3057/5
f 3053/3053/6 3052/3052/6 3051/3051/6
f 3053/3053/6 3051/3051/6 3050/3050/6
f 3058/3058/1 3059/3059/1 3063/3063/1
f 3058/3058/1 3063/3063/1 3062/3062/1
f 3059/3059/4 3060/3060/4 3064/3064/4
f 3059/3059/4 3064/3064/4 3063/3063/4
f 3060/3060/3 3061/3061/3 3065/3065/3
f 3060/3060/3 3065/3065/3 3064/3064/3
f 3061/3061/2 3058/3058/2 3062/3062/2
f 3061/3061/2 3062/3062/2 3065/3065/2
f 3062/3062/5 3063/3063/5 3064/3064/5
f 3062/3062/5 3064/3064/5 3065/3065/5
f 3061/3061/6 3060/3060/6 3059/3059/6
f 3061/3061/6 3059/3059/6 3058/3058/6
f 3066/3066/2 3067/3067/2 3071/3071/2
f 3066/3066/2 3071/3071/2 3070/3070/2
f 3067/3067/1 3068/3068/1 3072/3072/1
f 3067/3067/1 3072/3072/1 3071/3071/1
f 3068/3068/4 3069/3069/4 3073/3073/4
f 3068/3068/4 3073/3073/4 3072/3072/4
f 3069/3069/3 3066/3066/3 3070/3070/3
f 3069/3069/3 3070/3070/3 3073/3073/3
f 3070/3070/5 3071/3071/5 3072/3072/5
f 3070/3070/5 3072/3072/5 3073/3073/5
f 3069/3069/6 3068/3068/6 3067/3067/6
f 3069/3069/6 3067/3067/6 3066/3066/6
f 3074/3074/81 3079/3079/81 3075/3075/81
f 3074/3074/81 3078/3078/81 3079/3079/81
f 3075/3075/82 3080/3080/82 3076/3076/82
f 3075/3075/82 3079/3079/82 3080/3080/82
f 3076/3076/83 3081/3081/83 3077/3077/83
f 3076/3076/83 3080/3080/83 3081/3081/83
f 3077/3077/84 3078/3078/84 3074/3074/84
f 3077/3077/84 3081/3081/84 3078/3078/84
f 3078/3078/5 3080/3080/5 3079/3079/5
f 3078/3078/5 3081/3081/5 3080/3080/5
f 3077/3077/6 3075/3075/6 3076/3076/6
f 3077/3077/6 3074/3074/6 3075/3075/6
f 3082/3082/6 3087/3087/6 3083/3083/6
f 3082/3082/6 3086/3086/6 3087/3087/6
f 3091/3091/5 3094/3094/5 3090/3090/5
f 3091/3091/5 3095/3095/5 3094/3094/5
f 3086/3086/81 3095/3095/81 3087/3087/81
f 3086/3086/81 3094/3094/81 3095/3095/81
f 3083/3083/83 3090/3090/83 3082/3082/83
f 3083/3083/83 3091/3091/83 3090/3090/83
f 3083/3083/82 3088/3088/82 3084/3084/82
f 3083/3083/82 3087/3087/82 3088/3088/82
f 3092/3092/84 3095/3095/84 3091/3091/84
f 3092/3092/84 3096/3096/84 3095/3095/84
f 3087/3087/81 3096/3096/81 3088/3088/81
f 3087/3087/81 3095/3095/81 3096/3096/81
f 3084/3084/83 3091/3091/83 3083/3083/83
f 3084/3084/83 3092/3092/83 3091/3091/83
f 3084/3084/5 3089/3089/5 3085/3085/5
f 3084/3084/5 3088/3088/5 3089/3089/5
f 3093/3093/6 3096/3096/6 3092/3092/6
f 3093/3093/6 3097/3097/6 3096/3096/6
f 3088/3088/81 3097/3097/81 3089/3089/81
f 3088/3088/81 3096/3096/81 3097/3097/81
f 3085/3085/83 3092/3092/83 3084/3084/83
f 3085/3085/83 3093/3093/83 3092/3092/83
f 3085/3085/84 3086/3086/84 3082/3082/84
f 3085/3085/84 3089/3089/84 3086/3086/84
f 3090/3090/82 3097/3097/82 3093/3093/82
f 3090/3090/82 3094/3094/82 3097/3097/82
f 3089/3089/81 3094/3094/81 3086/3086/81
f 3089/3089/81 3097/3097/81 3094/3094/81
f 3082/3082/83 3093/3093/83 3085/3085/83
f 3082/3082/83 3090/3090/83 3093/3093/83
f 3098/3098/6 3103/3103/6 3099/3099/6
f 3098/3098/6 3102/3102/6 3103/3103/6
f 3107/3107/5 3110/3110/5 3106/3106/5
f 3107/3107/5 3111/3111/5 3110/3110/5
f 3102/3102/81 3111/3111/81 3103/3103/81
f 3102/3102/81 3110/3110/81 3111/3111/81
f 3099/3099/83 3106/3106/83 3098/3098/83
f 3099/3099/83 3107/3107/83 3106/3106/83
f 3099/3099/82 3104/3104/82 3100/3100/82
f 3099/3099/82 3103/3103/82 3104/3104/82
f 3108/3108/84 3111/3111/84 3107/3107/84
f 3108/3108/84 3112/3112/84 3111/3111/84
f 3103/3103/81 3112/3112/81 3104/3104/81
f 3103/3103/81 3111/3111/81 3112/3112/81
f 3100/3100/83 3107/3107/83 3099/3099/83
f 3100/3100/83 3108/3108/83 3107/3107/83
f 3100/3100/5 3105/3105/5 3101/3101/5
f 3100/3100/5 3104/3104/5 3105/3105/5
f 3109/3109/6 3112/3112/6 3108/3108/6
f 3109/3109/6 3113/3113/6 3112/3112/6
f 3104/3104/81 3113/3113/81 3105/3105/81
f 3104/3104/81 3112/3112/81 3113/3113/81
f 3101/3101/83 3108/3108/83 3100/3100/83
f 3101/3101/83 3109/3109/83 3108/3108/83
f 3101/3101/84 3102/3102/84 3098/3098/84
f 3101/3101/84 3105/3105/84 3102/3102/84
f 3106/3106/82 3113/3113/82 3109/3109/82
f 3106/3106/82 3110/3110/82 3113/3113/82
f 3105/3105/81 3110/3110/81 3102/3102/81
f 3105/3105/81 3113/3113/81 3110/3110/81
f 3098/3098/83 3109/3109/83 3101/3101/83
f 3098/3098/83 3106/3106/83 3109/3109/83
f 3114/3114/6 3119/3119/6 3115/3115/6
f 3114/3114/6 3118/3118/6 3119/3119/6
f 3123/3123/5 3126/3126/5 3122/3122/5
f 3123/3123/5 3127/3127/5 3126/3126/5
f 3118/3118/81 3127/3127/81 3119/3119/81
f 3118/3118/81 3126/3126/81 3127/3127/81
f 3115/3115/83 3122/3122/83 3114/3114/83
f 3115/3115/83 3123/3123/83 3122/3122/83
f 3115/3115/82 3120/3120/82 3116/3116/82
f 3115/3115/82 3119/3119/82 3120/3120/82
f 3124/3124/84 3127/3127/84 3123/3123/84
f 3124/3124/84 3128/3128/84 3127/3127/84
f 3119/3119/81 3128/3128/81 3120/3120/81
f 3119/3119/81 3127/3127/81 3128/3128/81
f 3116/3116/83 3123/3123/83 3115/3115/83
f 3116/3116/83 3124/3124/83 3123/3123/83
f 3116/3116/5 3121/3121/5 3117/3117/5
f 3116/3116/5 3120/3120/5 3121/3121/5
f 3125/3125/6 3128/3128/6 3124/3124/6
f 3125/3125/6 3129/3129/6 3128/3128/6
f 3120/3120/81 3129/3129/81 3121/3121/81
f 3120/3120/81 3128/3128/81 3129/3129/81
f 3117/3117/83 3124/3124/83 3116/3116/83
f 3117/3117/83 3125/3125/83 3124/3124/83
f 3117/3117/84 3118/3118/84 3114/3114/84
f 3117/3117/84 3121/3121/84 3118/3118/84
f 3122/3122/82 3129/3129/82 3125/3125/82
f 3122/3122/82 3126/3126/82 3129/3129/82
f 3121/3121/81 3126/3126/81 3118/3118/81
f 3121/3121/81 3129/3129/81 3126/3126/81
f 3114/3114/83 3125/3125/83 3117/3117/83
f 3114/3114/83 3122/3122/83 3125/3125/83
f 3130/3130/6 3135/3135/6 3131/3131/6
f 3130/3130/6 3134/3134/6 3135/3135/6
f 3139/3139/5 3142/3142/5 3138/3138/5
f 3139/3139/5 3143/3143/5 3142/3142/5
f 3134/3134/82 3143/3143/82 3135/3135/82
f 3134/3134/82 3142/3142/82 3143/3143/82
f 3131/3131/84 3138/3138/84 3130/3130/84
f 3131/3131/84 3139/3139/84 3138/3138/84
f 3131/3131/83 3136/3136/83 3132/3132/83
f 3131/3131/83 3135/3135/83 3136/3136/83
f 3140/3140/81 3143/3143/81 3139/3139/81
f 3140/3140/81 3144/3144/81 3143/3143/81
f 3135/3135/82 3144/3144/82 3136/3136/82
f 3135/3135/82 3143/3143/82 3144/3144/82
f 3132/3132/84 3139/3139/84 3131/3131/84
f 3132/3132/84 3140/3140/84 3139/3139/84
f 3132/3132/5 3137/3137/5 3133/3133/5
f 3132/3132/5 3136/3136/5 3137/3137/5
f 3141/3141/6 3144/3144/6 3140/3140/6
f 3141/3141/6 3145/3145/6 3144/3144/6
f 3136/3136/82 3145/3145/82 3137/3137/82
f 3136/3136/82 3144/3144/82 3145/3145/82
f 3133/3133/84 3140/3140/84 3132/3132/84
f 3133/3133/84 3141/3141/84 3140/3140/84
f 3133/3133/81 3134/3134/81 3130/3130/81
f 3133/3133/81 3137/3137/81 3134/3134/81
f 3138/3138/83 3145/3145/83 3141/3141/83
f 3138/3138/83 3142/3142/83 3145/3145/83
f 3137/3137/82 3142/3142/82 3134/3134/82
f 3137/3137/82 3145/3145/82 3142/3142/82
f 3130/3130/84 3141/3141/84 3133/3133/84
f 3130/3130/84 3138/3138/84 3141/3141/84
f 3146/3146/6 3151/3151/6 3147/3147/6
f 3146/3146/6 3150/3150/6 3151/3151/6
f 3155/3155/5 3158/3158/5 3154/3154/5
f 3155/3155/5 3159/3159/5 3158/3158/5
f 3150/3150/82 3159/3159/82 3151/3151/82
f 3150/3150/82 3158/3158/82 3159/3159/82
f 3147/3147/84 3154/3154/84 3146/3146/84
f 3147/3147/84 3155/3155/84 3154/3154/84
f 3147/3147/83 3152/3152/83 3148/3148/83
f 3147/3147/83 3151/3151/83 3152/3152/83
f 3156/3156/81 3159/3159/81 3155/3155/81
f 3156/3156/81 3160/3160/81 3159/3159/81
f 3151/3151/82 3160/3160/82 3152/3152/82
f 3151/3151/82 3159/3159/82 3160/3160/82
f 3148/3148/84 3155/3155/84 3147/3147/84
f 3148/3148/84 3156/3156/84 3155/3155/84
f 3148/3148/5 3153/3153/5 3149/3149/5
f 3148/3148/5 3152/3152/5 3153/3153/5
f 3157/3157/6 3160/3160/6 3156/3156/6
f 3157/3157/6 3161/3161/6 3160/3160/6
f 3152/3152/82 3161/3161/82 3153/3153/82
f 3152/3152/82 3160/3160/82 3161/3161/82
f 3149/3149/84 3156/3156/84 3148/3148/84
f 3149/3149/84 3157/3157/84 3156/3156/84
f 3149/3149/81 3150/3150/81 3146/3146/81
f 3149/3149/81 3153/3153/81 3150/3150/81
f 3154/3154/83 3161/3161/83 3157/3157/83
f 3154/3154/83 3158/3158/83 3161/3161/83
f 3153/3153/82 3158/3158/82 3150/3150/82
f 3153/3153/82 3161/3161/82 3158/3158/82
f 3146/3146/84 3157/3157/84 3149/3149/84
f 3146/3146/84 3154/3154/84 3157/3157/84
f 3162/3162/6 3167/3167/6 3163/3163/6
f 3162/3162/6 3166/3166/6 3167/3167/6
f 3171/3171/5 3174/3174/5 3170/3170/5
f 3171/3171/5 3175/3175/5 3174/3174/5
f 3166/3166/82 3175/3175/82 3167/3167/82
f 3166/3166/82 3174/3174/82 3175/3175/82
f 3163/3163/84 3170/3170/84 3162/3162/84
f 3163/3163/84 3171/3171/84 3170/3170/84
f 3163/3163/83 3168/3168/83 3164/3164/83
f 3163/3163/83 3167/3167/83 3168/3168/83
f 3172/3172/81 3175/3175/81 3171/3171/81
f 3172/3172/81 3176/3176/81 3175/3175/81
f 3167/3167/82 3176/3176/82 3168/3168/82
f 3167/3167/82 3175/3175/82 3176/3176/82
f 3164/3164/84 3171/3171/84 3163/3163/84
f 3164/3164/84 3172/3172/84 3171/3171/84
f 3164/3164/5 3169/3169/5 3165/3165/5
f 3164/3164/5 3168/3168/5 3169/3169/5
f 3173/3173/6 3176/3176/6 3172/3172/6
f 3173/3173/6 3177/3177/6 3176/3176/6
f 3168/3168/82 3177/3177/82 3169/3169/82
f 3168/3168/82 3176/3176/82 3177/3177/82
f 3165/3165/84 3172/3172/84 3164/3164/84
f 3165/3165/84 3173/3173/84 3172/3172/84
f 3165/3165/81 3166/3166/81 3162/3162/81
f 3165/3165/81 3169/3169/81 3166/3166/81
f 3170/3170/83 3177/3177/83 3173/3173/83
f 3170/3170/83 3174/3174/83 3177/3177/83
f 3169/3169/82 3174/3174/82 3166/3166/82
f 3169/3169/82 3177/3177/82 3174/3174/82
f 3162/3162/84 3173/3173/84 3165/3165/84
f 3162/3162/84 3170/3170/84 3173/3173/84
f 3178/3178/6 3183/3183/6 3179/3179/6
f 3178/3178/6 3182/3182/6 3183/3183/6
f 3187/3187/5 3190/3190/5 3186/3186/5
f 3187/3187/5 3191/3191/5 3190/3190/5
f 3182/3182/83 3191/3191/83 3183/3183/83
f 3182/3182/83 3190/3190/83 3191/3191/83
f 3179/3179/81 3186/3186/81 3178/3178/81
f 3179/3179/81 3187/3187/81 3186/3186/81
f 3179/3179/84 3184/3184/84 3180/3180/84
f 3179/3179/84 3183/3183/84 3184/3184/84
f 3188/3188/82 3191/3191/82 3187/3187/82
f 3188/3188/82 3192/3192/82 3191/3191/82
f 3183/3183/83 3192/3192/83 3184/3184/83
f 3183/3183/83 3191/3191/83 3192/3192/83
f 3180/3180/81 3187/3187/81 3179/3179/81
f 3180/3180/81 3188/3188/81 3187/3187/81
f 3180/3180/5 3185/3185/5 3181/3181/5
f 3180/3180/5 3184/3184/5 3185/3185/5
f 3189/3189/6 3192/3192/6 3188/3188/6
f 3189/3189/6 3193/3193/6 3192/3192/6
f 3184/3184/83 3193/3193/83 3185/3185/83
f 3184/3184/83 3192/3192/83 3193/3193/83
f 3181/3181/81 3188/3188/81 3180/3180/81
f 3181/3181/81 3189/3189/81 3188/3188/81
f 3181/3181/82 3182/3182/82 3178/3178/82
f 3181/3181/82 3185/3185/82 3182/3182/82
f 3186/3186/84 3193/3193/84 3189/3189/84
f 3186/3186/84 3190/3190/84 3193/3193/84
f 3185/3185/83 3190/3190/83 3182/3182/83
f 3185/3185/83 3193/3193/83 3190/3190/83
f 3178/3178/81 3189/3189/81 3181/3181/81
f 3178/3178/81 3186/3186/81 3189/3189/81
f 3194/3194/6 3199/3199/6 3195/3195/6
f 3194/3194/6 3198/3198/6 3199/3199/6
f 3203/3203/5 3206/3206/5 3202/3202/5
f 3203/3203/5 3207/3207/5 3206/3206/5
f 3198/3198/83 3207/3207/83 3199/3199/83
f 3198/3198/83 3206/3206/83 3207/3207/83
f 3195/3195/81 3202/3202/81 3194/3194/81
f 3195/3195/81 3203/3203/81 3202/3202/81
f 3195/3195/84 3200/3200/84 3196/3196/84
f 3195/3195/84 3199/3199/84 3200/3200/84
f 3204/3204/82 3207/3207/82 3203/3203/82
f 3204/3204/82 3208/3208/82 3207/3207/82
f 3199/3199/83 3208/3208/83 3200/3200/83
f 3199/3199/83 3207/3207/83 3208/3208/83
f 3196/3196/81 3203/3203/81 3195/3195/81
f 3196/3196/81 3204/3204/81 3203/3203/81
f 3196/3196/5 3201/3201/5 3197/3197/5
f 3196/3196/5 3200/3200/5 3201/3201/5
f 3205/3205/6 3208/3208/6 3204/3204/6
f 3205/3205/6 3209/3209/6 3208/3208/6
f 3200/3200/83 3209/3209/83 3201/3201/83
f 3200/3200/83 3208/3208/83 3209/3209/83
f 3197/3197/81 3204/3204/81 3196/3196/81
f 3197/3197/81 3205/3205/81 3204/3204/81
f 3197/3197/82 3198/3198/82 3194/3194/82
f 3197/3197/82 3201/3201/82 3198/3198/82
f 3202/3202/84 3209/3209/84 3205/3205/84
f 3202/3202/84 3206/3206/84 3209/3209/84
f 3201/3201/83 3206/3206/83 3198/3198/83
f 3201/3201/83 3209/3209/83 3206/3206/83
f 3194/3194/81 3205/3205/81 3197/3197/81
f 3194/3194/81 3202/3202/81 3205/3205/81
f 3210/3210/6 3217/3217/6 3211/3211/6
f 3210/3210/6 3216/3216/6 3217/3217/6
f 3223/3223/5 3228/3228/5 3222/3222/5
f 3223/3223/5 3229/3229/5 3228/3228/5
f 3216/3216/83 3229/3229/83 3217/3217/83
f 3216/3216/83 3228/3228/83 3229/3229/83
f 3211/3211/81 3222/3222/81 3210/3210/81
f 3211/3211/81 3223/3223/81 3222/3222/81
f 3211/3211/84 3218/3218/84 3212/3212/84
f 3211/3211/84 3217/3217/84 3218/3218/84
f 3224/3224/82 3229/3229/82 3223/3223/82
f 3224/3224/82 3230/3230/82 3229/3229/82
f 3217/3217/83 3230/3230/83 3218/3218/83
f 3217/3217/83 3229/3229/83 3230/3230/83
f 3212/3212/81 3223/3223/81 3211/3211/81
f 3212/3212/81 3224/3224/81 3223/3223/81
f 3212/3212/85 3219/3219/85 3213/3213/85
f 3212/3212/85 3218/3218/85 3219/3219/85
f 3225/3225/86 3230/3230/86 3224/3224/86
f 3225/3225/86 3231/3231/86 3230/3230/86
f 3218/3218/83 3231/3231/83 3219/3219/83
f 3218/3218/83 3230/3230/83 3231/3231/83
f 3213/3213/81 3224/3224/81 3212/3212/81
f 3213/3213/81 3225/3225/81 3224/3224/81
f 3213/3213/5 3220/3220/5 3214/3214/5
f 3213/3213/5 3219/3219/5 3220/3220/5
f 3226/3226/6 3231/3231/6 3225/3225/6
f 3226/3226/6 3232/3232/6 3231/3231/6
f 3219/3219/83 3232/3232/83 3220/3220/83
f 3219/3219/83 3231/3231/83 3232/3232/83
f 3214/3214/81 3225/3225/81 3213/3213/81
f 3214/3214/81 3226/3226/81 3225/3225/81
f 3214/3214/87 3221/3221/87 3215/3215/87
f 3214/3214/87 3220/3220/87 3221/3221/87
f 3227/3227/88 3232/3232/88 3226/3226/88
f 3227/3227/88 3233/3233/88 3232/3232/88
f 3220/3220/83 3233/3233/83 3221/3221/83
f 3220/3220/83 3232/3232/83 3233/3233/83
f 3215/3215/81 3226/3226/81 3214/3214/81
f 3215/3215/81 3227/3227/81 3226/3226/81
f 3215/3215/82 3216/3216/82 3210/3210/82
f 3215/3215/82 3221/3221/82 3216/3216/82
f 3222/3222/84 3233/3233/84 3227/3227/84
f 3222/3222/84 3228/3228/84 3233/3233/84
f 3221/3221/83 3228/3228/83 3216/3216/83
f 3221/3221/83 3233/3233/83 3228/3228/83
f 3210/3210/81 3227/3227/81 3215/3215/81
f 3210/3210/81 3222/3222/81 3227/3227/81
f 3234/3234/81 3235/3235/81 3239/3239/81
f 3234/3234/81 3239/3239/81 3238/3238/81
f 3235/3235/84 3236/3236/84 3240/3240/84
f 3235/3235/84 3240/3240/84 3239/3239/84
f 3236/3236/83 3237/3237/83 3241/3241/83
f 3236/3236/83 3241/3241/83 3240/3240/83
f 3237/3237/82 3234/3234/82 3238/3238/82
f 3237/3237/82 3238/3238/82 3241/3241/82
f 3238/3238/5 3239/3239/5 3240/3240/5
f 3238/3238/5 3240/3240/5 3241/3241/5
f 3237/3237/6 3236/3236/6 3235/3235/6
f 3237/3237/6 3235/3235/6 3234/3234/6
f 3242/3242/6 3247/3247/6 3243/3243/6
f 3242/3242/6 3246/3246/6 3247/3247/6
f 3251/3251/5 3254/3254/5 3250/3250/5
f 3251/3251/5 3255/3255/5 3254/3254/5
f 3246/3246/84 3255/3255/84 3247/3247/84
f 3246/3246/84 3254/3254/84 3255/3255/84
f 3243/3243/82 3250/3250/82 3242/3242/82
f 3243/3243/82 3251/3251/82 3250/3250/82
f 3243/3243/81 3248/3248/81 3244/3244/81
f 3243/3243/81 3247/3247/81 3248/3248/81
f 3252/3252/83 3255/3255/83 3251/3251/83
f 3252/3252/83 3256/3256/83 3255/3255/83
f 3247/3247/84 3256/3256/84 3248/3248/84
f 3247/3247/84 3255/3255/84 3256/3256/84
f 3244/3244/82 3251/3251/82 3243/3243/82
f 3244/3244/82 3252/3252/82 3251/3251/82
f 3244/3244/5 3249/3249/5 3245/3245/5
f 3244/3244/5 3248/3248/5 3249/3249/5
f 3253/3253/6 3256/3256/6 3252/3252/6
f 3253/3253/6 3257/3257/6 3256/3256/6
f 3248/3248/84 3257/3257/84 3249/3249/84
f 3248/3248/84 3256/3256/84 3257/3257/84
f 3245/3245/82 3252/3252/82 3244/3244/82
f 3245/3245/82 3253/3253/82 3252/3252/82
f 3245/3245/83 3246/3246/83 3242/3242/83
f 3245/3245/83 3249/3249/83 3246/3246/83
f 3250/3250/81 3257/3257/81 3253/3253/81
f 3250/3250/81 3254/3254/81 3257/3257/81
f 3249/3249/84 3254/3254/84 3246/3246/84
f 3249/3249/84 3257/3257/84 3254/3254/84
f 3242/3242/82 3253/3253/82 3245/3245/82
f 3242/3242/82 3250/3250/82 3253/3253/82
f 3258/3258/6 3263/3263/6 3259/3259/6
f 3258/3258/6 3262/3262/6 3263/3263/6
f 3267/3267/5 3270/3270/5 3266/3266/5
f 3267/3267/5 3271/3271/5 3270/3270/5
f 3262/3262/84 3271/3271/84 3263/3263/84
f 3262/3262/84 3270/3270/84 3271/3271/84
f 3259/3259/82 3266/3266/82 3258/3258/82
f 3259/3259/82 3267/3267/82 3266/3266/82
f 3259/3259/81 3264/3264/81 3260/3260/81
f 3259/3259/81 3263/3263/81 3264/3264/81
f 3268/3268/83 3271/3271/83 3267/3267/83
f 3268/3268/83 3272/3272/83 3271/3271/83
f 3263/3263/84 3272/3272/84 3264/3264/84
f 3263/3263/84 3271/3271/84 3272/3272/84
f 3260/3260/82 3267/3267/82 3259/3259/82
f 3260/3260/82 3268/3268/82 3267/3267/82
f 3260/3260/5 3265/3265/5 3261/3261/5
f 3260/3260/5 3264/3264/5 3265/3265/5
f 3269/3269/6 3272/3272/6 3268/3268/6
f 3269/3269/6 3273/3273/6 3272/3272/6
f 3264/3264/84 3273/3273/84 3265/3265/84
f 3264/3264/84 3272/3272/84 3273/3273/84
f 3261/3261/82 3268/3268/82 3260/3260/82
f 3261/3261/82 3269/3269/82 3268/3268/82
f 3261/3261/83 3262/3262/83 3258/3258/83
f 3261/3261/83 3265/3265/83 3262/3262/83
f 3266/3266/81 3273/3273/81 3269/3269/81
f 3266/3266/81 3270/3270/81 3273/3273/81
f 3265/3265/84 3270/3270/84 3262/3262/84
f 3265/3265/84 3273/3273/84 3270/3270/84
f 3258/3258/82 3269/3269/82 3261/3261/82
f 3258/3258/82 3266/3266/82 3269/3269/82
f 3274/3274/6 3279/3279/6 3275/3275/6
f 3274/3274/6 3278/3278/6 3279/3279/6
f 3283/3283/5 3286/3286/5 3282/3282/5
f 3283/3283/5 3287/3287/5 3286/3286/5
f 3278/3278/84 3287/3287/84 3279/3279/84
f 3278/3278/84 3286/3286/84 3287/3287/84
f 3275/3275/82 3282/3282/82 3274/3274/82
f 3275/3275/82 3283/3283/82 3282/3282/82
f 3275/3275/81 3280/3280/81 3276/3276/81
f 3275/3275/81 3279/3279/81 3280/3280/81
f 3284/3284/83 3287/3287/83 3283/3283/83
f 3284/3284/83 3288/3288/83 3287/3287/83
f 3279/3279/84 3288/3288/84 3280/3280/84
f 3279/3279/84 3287/3287/84 3288/3288/84
f 3276/3276/82 3283/3283/82 3275/3275/82
f 3276/3276/82 3284/3284/82 3283/3283/82
f 3276/3276/5 3281/3281/5 3277/3277/5
f 3276/3276/5 3280/3280/5 3281/3281/5
f 3285/3285/6 3288/3288/6 3284/3284/6
f 3285/3285/6 3289/3289/6 3288/3288/6
f 3280/3280/84 3289/3289/84 3281/3281/84
f 3280/3280/84 3288/3288/84 3289/3289/84
f 3277/3277/82 3284/3284/82 3276/3276/82
f 3277/3277/82 3285/3285/82 3284/3284/82
f 3277/3277/83 3278/3278/83 3274/3274/83
f 3277/3277/83 3281/3281/83 3278/3278/83
f 3282/3282/81 3289/3289/81 3285/3285/81
f 3282/3282/81 3286/3286/81 3289/3289/81
f 3281/3281/84 3286/3286/84 3278/3278/84
f 3281/3281/84 3289/3289/84 3286/3286/84
f 3274/3274/82 3285/3285/82 3277/3277/82
f 3274/3274/82 3282/3282/82 3285/3285/82
f 3290/3290/81 3295/3295/81 3291/3291/81
f 3290/3290/81 3294/3294/81 3295/3295/81
f 3299/3299/83 3302/3302/83 3298/3298/83
f 3299/3299/83 3303/3303/83 3302/3302/83
f 3294/3294/5 3303/3303/5 3295/3295/5
f 3294/3294/5 3302/3302/5 3303/3303/5
f 3291/3291/6 3298/3298/6 3290/3290/6
f 3291/3291/6 3299/3299/6 3298/3298/6
f 3291/3291/82 3296/3296/82 3292/3292/82
f 3291/3291/82 3295/3295/82 3296/3296/82
f 3300/3300/84 3303/3303/84 3299/3299/84
f 3300/3300/84 3304/3304/84 3303/3303/84
f 3295/3295/5 3304/3304/5 3296/3296/5
f 3295/3295/5 3303/3303/5 3304/3304/5
f 3292/3292/6 3299/3299/6 3291/3291/6
f 3292/3292/6 3300/3300/6 3299/3299/6
f 3292/3292/83 3297/3297/83 3293/3293/83
f 3292/3292/83 3296/3296/83 3297/3297/83
f 3301/3301/81 3304/3304/81 3300/3300/81
f 3301/3301/81 3305/3305/81 3304/3304/81
f 3296/3296/5 3305/3305/5 3297/3297/5
f 3296/3296/5 3304/3304/5 3305/3305/5
f 3293/3293/6 3300/3300/6 3292/3292/6
f 3293/3293/6 3301/3301/6 3300/3300/6
f 3293/3293/84 3294/3294/84 3290/3290/84
f 3293/3293/84 3297/3297/84 3294/3294/84
f 3298/3298/82 3305/3305/82 3301/3301/82
f 3298/3298/82 3302/3302/82 3305/3305/82
f 3297/3297/5 3302/3302/5 3294/3294/5
f 3297/3297/5 3305/3305/5 3302/3302/5
f 3290/3290/6 3301/3301/6 3293/3293/6
f 3290/3290/6 3298/3298/6 3301/3301/6
f 3306/3306/81 3311/3311/81 3307/3307/81
f 3306/3306/81 3310/3310/81 3311/3311/81
f 3315/3315/83 3318/3318/83 3314/3314/83
f 3315/3315/83 3319/3319/83 3318/3318/83
f 3310/3310/5 3319/3319/5 3311/3311/5
f 3310/3310/5 3318/3318/5 3319/3319/5
f 3307/3307/6 3314/3314/6 3306/3306/6
f 3307/3307/6 3315/3315/6 3314/3314/6
f 3307/3307/82 3312/3312/82 3308/3308/82
f 3307/3307/82 3311/3311/82 3312/3312/82
f 3316/3316/84 3319/3319/84 3315/3315/84
f 3316/3316/84 3320/3320/84 3319/3319/84
f 3311/3311/5 3320/3320/5 3312/3312/5
f 3311/3311/5 3319/3319/5 3320/3320/5
f 3308/3308/6 3315/3315/6 3307/3307/6
f 3308/3308/6 3316/3316/6 3315/3315/6
f 3308/3308/83 3313/3313/83 3309/3309/83
f 3308/3308/83 3312/3312/83 3313/3313/83
f 3317/3317/81 3320/3320/81 3316/3316/81
f 3317/3317/81 3321/3321/81 3320/3320/81
f 3312/3312/5 3321/3321/5 3313/3313/5
f 3312/3312/5 3320/3320/5 3321/3321/5
f 3309/3309/6 3316/3316/6 3308/3308/6
f 3309/3309/6 3317/3317/6 3316/3316/6
f 3309/3309/84 3310/3310/84 3306/3306/84
f 3309/3309/84 3313/3313/84 3310/3310/84
f 3314/3314/82 3321/3321/82 3317/3317/82
f 3314/3314/82 3318/3318/82 3321/3321/82
f 3313/3313/5 3318/3318/5 3310/3310/5
f 3313/3313/5 3321/3321/5 3318/3318/5
f 3306/3306/6 3317/3317/6 3309/3309/6
f 3306/3306/6 3314/3314/6 3317/3317/6
f 3322/3322/81 3327/3327/81 3323/3323/81
f 3322/3322/81 3326/3326/81 3327/3327/81
f 3331/3331/83 3334/3334/83 3330/3330/83
f 3331/3331/83 3335/3335/83 3334/3334/83
f 3326/3326/5 3335/3335/5 3327/3327/5
f 3326/3326/5 3334/3334/5 3335/3335/5
f 3323/3323/6 3330/3330/6 3322/3322/6
f 3323/3323/6 3331/3331/6 3330/3330/6
f 3323/3323/82 3328/3328/82 3324/3324/82
f 3323/3323/82 3327/3327/82 3328/3328/82
f 3332/3332/84 3335/3335/84 3331/3331/84
f 3332/3332/84 3336/3336/84 3335/3335/84
f 3327/3327/5 3336/3336/5 3328/3328/5
f 3327/3327/5 3335/3335/5 3336/3336/5
f 3324/3324/6 3331/3331/6 3323/3323/6
f 3324/3324/6 3332/3332/6 3331/3331/6
f 3324/3324/83 3329/3329/83 3325/3325/83
f 3324/3324/83 3328/3328/83 3329/3329/83
f 3333/3333/81 3336/3336/81 3332/3332/81
f 3333/3333/81 3337/3337/81 3336/3336/81
f 3328/3328/5 3337/3337/5 3329/3329/5
f 3328/3328/5 3336/3336/5 3337/3337/5
f 3325/3325/6 3332/3332/6 3324/3324/6
f 3325/3325/6 3333/3333/6 3332/3332/6
f 3325/3325/84 3326/3326/84 3322/3322/84
f 3325/3325/84 3329/3329/84 3326/3326/84
f 3330/3330/82 3337/3337/82 3333/3333/82
f 3330/3330/82 3334/3334/82 3337/3337/82
f 3329/3329/5 3334/3334/5 3326/3326/5
f 3329/3329/5 3337/3337/5 3334/3334/5
f 3322/3322/6 3333/3333/6 3325/3325/6
f 3322/3322/6 3330/3330/6 3333/3333/6
f 3338/3338/83 3339/3339/83 3343/3343/83
f 3338/3338/83 3343/3343/83 3342/3342/83
f 3339/3339/82 3340/3340/82 3344/3344/82
f 3339/3339/82 3344/3344/82 3343/3343/82
f 3340/3340/81 3341/3341/81 3345/3345/81
f 3340/3340/81 3345/3345/81 3344/3344/81
f 3341/3341/84 3338/3338/84 3342/3342/84
f 3341/3341/84 3342/3342/84 3345/3345/84
f 3342/3342/5 3343/3343/5 3344/3344/5
f 3342/3342/5 3344/3344/5 3345/3345/5
f 3341/3341/6 3340/3340/6 3339/3339/6
f 3341/3341/6 3339/3339/6 3338/3338/6
f 3346/3346/84 3347/3347/84 3351/3351/84
f 3346/3346/84 3351/3351/84 3350/3350/84
f 3347/3347/83 3348/3348/83 3352/3352/83
f 3347/3347/83 3352/3352/83 3351/3351/83
f 3348/3348/82 3349/3349/82 3353/3353/82
f 3348/3348/82 3353/3353/82 3352/3352/82
f 3349/3349/81 3346/3346/81 3350/3350/81
f 3349/3349/81 3350/3350/81 3353/3353/81
f 3350/3350/5 3351/3351/5 3352/3352/5
f 3350/3350/5 3352/3352/5 3353/3353/5
f 3349/3349/6 3348/3348/6 3347/3347/6
f 3349/3349/6 3347/3347/6 3346/3346/6
f 3354/3354/83 3355/3355/83 3359/3359/83
f 3354/3354/83 3359/3359/83 3358/3358/83
f 3355/3355/82 3356/3356/82 3360/3360/82
f 3355/3355/82 3360/3360/82 3359/3359/82
f 3356/3356/81 3357/3357/81 3361/3361/81
f 3356/3356/81 3361/3361/81 3360/3360/81
f 3357/3357/84 3354/3354/84 3358/3358/84
f 3357/3357/84 3358/3358/84 3361/3361/84
f 3358/3358/5 3359/3359/5 3360/3360/5
f 3358/3358/5 3360/3360/5 3361/3361/5
f 3357/3357/6 3356/3356/6 3355/3355/6
f 3357/3357/6 3355/3355/6 3354/3354/6
f 3362/3362/84 3363/3363/84 3367/3367/84
f 3362/3362/84 3367/3367/84 3366/3366/84
f 3363/3363/83 3364/3364/83 3368/3368/83
f 3363/3363/83 3368/3368/83 3367/3367/83
f 3364/3364/82 3365/3365/82 3369/3369/82
f 3364/3364/82 3369/3369/82 3368/3368/82
f 3365/3365/81 3362/3362/81 3366/3366/81
f 3365/3365/81 3366/3366/81 3369/3369/81
f 3366/3366/5 3367/3367/5 3368/3368/5
f 3366/3366/5 3368/3368/5 3369/3369/5
f 3365/3365/6 3364/3364/6 3363/3363/6
f 3365/3365/6 3363/3363/6 3362/3362/6
f 3370/3370/81 3371/3371/81 3375/3375/81
f 3370/3370/81 3375/3375/81 3374/3374/81
f 3371/3371/84 3372/3372/84 3376/3376/84
f 3371/3371/84 3376/3376/84 3375/3375/84
f 3372/3372/83 3373/3373/83 3377/3377/83
f 3372/3372/83 3377/3377/83 3376/3376/83
f 3373/3373/82 3370/3370/82 3374/3374/82
f 3373/3373/82 3374/3374/82 3377/3377/82
f 3374/3374/5 3375/3375/5 3376/3376/5
f 3374/3374/5 3376/3376/5 3377/3377/5
f 3373/3373/6 3372/3372/6 3371/3371/6
f 3373/3373/6 3371/3371/6 3370/3370/6
f 3378/3378/82 3379/3379/82 3383/3383/82
f 3378/3378/82 3383/3383/82 3382/3382/82
f 3379/3379/81 3380/3380/81 3384/3384/81
f 3379/3379/81 3384/3384/81 3383/3383/81
f 3380/3380/84 3381/3381/84 3385/3385/84
f 3380/3380/84 3385/3385/84 3384/3384/84
f 3381/3381/83 3378/3378/83 3382/3382/83
f 3381/3381/83 3382/3382/83 3385/3385/83
f 3382/3382/5 3383/3383/5 3384/3384/5
f 3382/3382/5 3384/3384/5 3385/3385/5
f 3381/3381/6 3380/3380/6 3379/3379/6
f 3381/3381/6 3379/3379/6 3378/3378/6
f 3386/3386/81 3387/3387/81 3391/3391/81
f 3386/3386/81 3391/3391/81 3390/3390/81
f 3387/3387/84 3388/3388/84 3392/3392/84
f 3387/3387/84 3392/3392/84 3391/3391/84
f 3388/3388/83 3389/3389/83 3393/3393/83
f 3388/3388/83 3393/3393/83 3392/3392/83
f 3389/3389/82 3386/3386/82 3390/3390/82
f 3389/3389/82 3390/3390/82 3393/3393/82
f 3390/3390/5 3391/3391/5 3392/3392/5
f 3390/3390/5 3392/3392/5 3393/3393/5
f 3389/3389/6 3388/3388/6 3387/3387/6
f 3389/3389/6 3387/3387/6 3386/3386/6
f 3394/3394/82 3395/3395/82 3399/3399/82
f 3394/3394/82 3399/3399/82 3398/3398/82
f 3395/3395/81 3396/3396/81 3400/3400/81
f 3395/3395/81 3400/3400/81 3399/3399/81
f 3396/3396/84 3397/3397/84 3401/3401/84
f 3396/3396/84 3401/3401/84 3400/3400/84
f 3397/3397/83 3394/3394/83 3398/3398/83
f 3397/3397/83 3398/3398/83 3401/3401/83
f 3398/3398/5 3399/3399/5 3400/3400/5
f 3398/3398/5 3400/3400/5 3401/3401/5
f 3397/3397/6 3396/3396/6 3395/3395/6
f 3397/3397/6 3395/3395/6 3394/3394/6
f 3402/3402/82 3403/3403/82 3407/3407/82
f 3402/3402/82 3407/3407/82 3406/3406/82
f 3403/3403/81 3404/3404/81 3408/3408/81
f 3403/3403/81 3408/3408/81 3407/3407/81
f 3404/3404/84 3405/3405/84 3409/3409/84
f 3404/3404/84 3409/3409/84 3408/3408/84
f 3405/3405/83 3402/3402/83 3406/3406/83
f 3405/3405/83 3406/3406/83 3409/3409/83
f 3406/3406/5 3407/3407/5 3408/3408/5
f 3406/3406/5 3408/3408/5 3409/3409/5
f 3405/3405/6 3404/3404/6 3403/3403/6
f 3405/3405/6 3403/3403/6 3402/3402/6
f 3410/3410/83 3411/3411/83 3415/3415/83
f 3410/3410/83 3415/3415/83 3414/3414/83
f 3411/3411/82 3412/3412/82 3416/3416/82
f 3411/3411/82 3416/3416/82 3415/3415/82
f 3412/3412/81 3413/3413/81 3417/3417/81
f 3412/3412/81 3417/3417/81 3416/3416/81
f 3413/3413/84 3410/3410/84 3414/3414/84
f 3413/3413/84 3414/3414/84 3417/3417/84
f 3414/3414/5 3415/3415/5 3416/3416/5
f 3414/3414/5 3416/3416/5 3417/3417/5
f 3413/3413/6 3412/3412/6 3411/3411/6
f 3413/3413/6 3411/3411/6 3410/3410/6
f 3418/3418/82 3419/3419/82 3423/3423/82
f 3418/3418/82 3423/3423/82 3422/3422/82
f 3419/3419/81 3420/3420/81 3424/3424/81
f 3419/3419/81 3424/3424/81 3423/3423/81
f 3420/3420/84 3421/3421/84 3425/3425/84
f 3420/3420/84 3425/3425/84 3424/3424/84
f 3421/3421/83 3418/3418/83 3422/3422/83
f 3421/3421/83 3422/3422/83 3425/3425/83
f 3422/3422/5 3423/3423/5 3424/3424/5
f 3422/3422/5 3424/3424/5 3425/3425/5
f 3421/3421/6 3420/3420/6 3419/3419/6
f 3421/3421/6 3419/3419/6 3418/3418/6
f 3426/3426/83 3427/3427/83 3431/3431/83
f 3426/3426/83 3431/3431/83 3430/3430/83
f 3427/3427/82 3428/3428/82 3432/3432/82
f 3427/3427/82 3432/3432/82 3431/3431/82
f 3428/3428/81 3429/3429/81 3433/3433/81
f 3428/3428/81 3433/3433/81 3432/3432/81
f 3429/3429/84 3426/3426/84 3430/3430/84
f 3429/3429/84 3430/3430/84 3433/3433/84
f 3430/3430/5 3431/3431/5 3432/3432/5
f 3430/3430/5 3432/3432/5 3433/3433/5
f 3429/3429/6 3428/3428/6 3427/3427/6
f 3429/3429/6 3427/3427/6 3426/3426/6
f 3434/3434/84 3435/3435/84 3439/3439/84
f 3434/3434/84 3439/3439/84 3438/3438/84
f 3435/3435/83 3436/3436/83 3440/3440/83
f 3435/3435/83 3440/3440/83 3439/3439/83
f 3436/3436/82 3437/3437/82 3441/3441/82
f 3436/3436/82 3441/3441/82 3440/3440/82
f 3437/3437/81 3434/3434/81 3438/3438/81
f 3437/3437/81 3438/3438/81 3441/3441/81
f 3438/3438/5 3439/3439/5 3440/3440/5
f 3438/3438/5 3440/3440/5 3441/3441/5
f 3437/3437/6 3436/3436/6 3435/3435/6
f 3437/3437/6 3435/3435/6 3434/3434/6
f 3442/3442/81 3443/3443/81 3447/3447/81
f 3442/3442/81 3447/3447/81 3446/3446/81
f 3443/3443/84 3444/3444/84 3448/3448/84
f 3443/3443/84 3448/3448/84 3447/3447/84
f 3444/3444/83 3445/3445/83 3449/3449/83
f 3444/3444/83 3449/3449/83 3448/3448/83
f 3445/3445/82 3442/3442/82 3446/3446/82
f 3445/3445/82 3446/3446/82 3449/3449/82
f 3446/3446/5 3447/3447/5 3448/3448/5
f 3446/3446/5 3448/3448/5 3449/3449/5
f 3445/3445/6 3444/3444/6 3443/3443/6
f 3445/3445/6 3443/3443/6 3442/3442/6
f 3450/3450/84 3451/3451/84 3455/3455/84
f 3450/3450/84 3455/3455/84 3454/3454/84
f 3451/3451/83 3452/3452/83 3456/3456/83
f 3451/3451/83 3456/3456/83 3455/3455/83
f 3452/3452/82 3453/3453/82 3457/3457/82
f 3452/3452/82 3457/3457/82 3456/3456/82
f 3453/3453/81 3450/3450/81 3454/3454/81
f 3453/3453/81 3454/3454/81 3457/3457/81
f 3454/3454/5 3455/3455/5 3456/3456/5
f 3454/3454/5 3456/3456/5 3457/3457/5
f 3453/3453/6 3452/3452/6 3451/3451/6
f 3453/3453/6 3451/3451/6 3450/3450/6
f 3458/3458/81 3459/3459/81 3463/3463/81
f 3458/3458/81 3463/3463/81 3462/3462/81
f 3459/3459/84 3460/3460/84 3464/3464/84
f 3459/3459/84 3464/3464/84 3463/3463/84
f 3460/3460/83 3461/3461/83 3465/3465/83
f 3460/3460/83 3465/3465/83 3464/3464/83
f 3461/3461/82 3458/3458/82 3462/3462/82
f 3461/3461/82 3462/3462/82 3465/3465/82
f 3462/3462/5 3463/3463/5 3464/3464/5
f 3462/3462/5 3464/3464/5 3465/3465/5
f 3461/3461/6 3460/3460/6 3459/3459/6
f 3461/3461/6 3459/3459/6 3458/3458/6
f 3466/3466/67 3475/3475/67 3467/3467/67
f 3466/3466/67 3474/3474/67 3475/3475/67
f 3467/3467/68 3476/3476/68 3468/3468/68
f 3467/3467/68 3475/3475/68 3476/3476/68
f 3468/3468/69 3477/3477/69 3469/3469/69
f 3468/3468/69 3476/3476/69 3477/3477/69
f 3469/3469/70 3478/3478/70 3470/3470/70
f 3469/3469/70 3477/3477/70 3478/3478/70
f 3470/3470/71 3479/3479/71 3471/3471/71
f 3470/3470/71 3478/3478/71 3479/3479/71
f 3471/3471/72 3480/3480/72 3472/3472/72
f 3471/3471/72 3479/3479/72 3480/3480/72
f 3472/3472/73 3481/3481/73 3473/3473/73
f 3472/3472/73 3480/3480/73 3481/3481/73
f 3473/3473/74 3474/3474/74 3466/3466/74
f 3473/3473/74 3481/3481/74 3474/3474/74
f 3474/3474/5 3476/3476/5 3475/3475/5
f 3474/3474/5 3477/3477/5 3476/3476/5
f 3474/3474/5 3478/3478/5 3477/3477/5
f 3474/3474/5 3479/3479/5 3478/3478/5
f 3474/3474/5 3480/3480/5 3479/3479/5
f 3474/3474/5 3481/3481/5 3480/3480/5
f 3473/3473/6 3471/3471/6 3472/3472/6
f 3473/3473/6 3470/3470/6 3471/3471/6
f 3473/3473/6 3469/3469/6 3470/3470/6
f 3473/3473/6 3468/3468/6 3469/3469/6
f 3473/3473/6 3467/3467/6 3468/3468/6
f 3473/3473/6 3466/3466/6 3467/3467/6
f 3482/3482/14 3487/3487/14 3483/3483/14
f 3482/3482/14 3486/3486/14 3487/3487/14
f 3483/3483/75 3488/3488/75 3484/3484/75
f 3483/3483/75 3487/3487/75 3488/3488/75
f 3484/3484/9 3489/3489/9 3485/3485/9
f 3484/3484/9 3488/3488/9 3489/3489/9
f 3485/3485/76 3486/3486/76 3482/3482/76
f 3485/3485/76 3489/3489/76 3486/3486/76
f 3486/3486/5 3488/3488/5 3487/3487/5
f 3486/3486/5 3489/3489/5 3488/3488/5
f 3485/3485/6 3483/3483/6 3484/3484/6
f 3485/3485/6 3482/3482/6 3483/3483/6
f 3490/3490/81 3495/3495/81 3491/3491/81
f 3490/3490/81 3494/3494/81 3495/3495/81
f 3491/3491/82 3496/3496/82 3492/3492/82
f 3491/3491/82 3495/3495/82 3496/3496/82
f 3492/3492/83 3497/3497/83 3493/3493/83
f 3492/3492/83 3496/3496/83 3497/3497/83
f 3493/3493/84 3494/3494/84 3490/3490/84
f 3493/3493/84 3497/3497/84 3494/3494/84
f 3494/3494/5 3496/3496/5 3495/3495/5
f 3494/3494/5 3497/3497/5 3496/3496/5
f 3493/3493/6 3491/3491/6 3492/3492/6
f 3493/3493/6 3490/3490/6 3491/3491/6
f 3498/3498/6 3503/3503/6 3499/3499/6
f 3498/3498/6 3502/3502/6 3503/3503/6
f 3507/3507/5 3510/3510/5 3506/3506/5
f 3507/3507/5 3511/3511/5 3510/3510/5
f 3502/3502/81 3511/3511/81 3503/3503/81
f 3502/3502/81 3510/3510/81 3511/3511/81
f 3499/3499/83 3506/3506/83 3498/3498/83
f 3499/3499/83 3507/3507/83 3506/3506/83
f 3499/3499/82 3504/3504/82 3500/3500/82
f 3499/3499/82 3503/3503/82 3504/3504/82
f 3508/3508/84 3511/3511/84 3507/3507/84
f 3508/3508/84 3512/3512/84 3511/3511/84
f 3503/3503/81 3512/3512/81 3504/3504/81
f 3503/3503/81 3511/3511/81 3512/3512/81
f 3500/3500/83 3507/3507/83 3499/3499/83
f 3500/3500/83 3508/3508/83 3507/3507/83
f 3500/3500/5 3505/3505/5 3501/3501/5
f 3500/3500/5 3504/3504/5 3505/3505/5
f 3509/3509/6 3512/3512/6 3508/3508/6
f 3509/3509/6 3513/3513/6 3512/3512/6
f 3504/3504/81 3513/3513/81 3505/3505/81
f 3504/3504/81 3512/3512/81 3513/3513/81
f 3501/3501/83 3508/3508/83 3500/3500/83
f 3501/3501/83 3509/3509/83 3508/3508/83
f 3501/3501/84 3502/3502/84 3498/3498/84
f 3501/3501/84 3505/3505/84 3502/3502/84
f 3506/3506/82 3513/3513/82 3509/3509/82
f 3506/3506/82 3510/3510/82 3513/3513/82
f 3505/3505/81 3510/3510/81 3502/3502/81
f 3505/3505/81 3513/3513/81 3510/3510/81
f 3498/3498/83 3509/3509/83 3501/3501/83
f 3498/3498/83 3506/3506/83 3509/3509/83
f 3514/3514/6 3521/3521/6 3515/3515/6
f 3514/3514/6 3520/3520/6 3521/3521/6
f 3527/3527/5 3532/3532/5 3526/3526/5
f 3527/3527/5 3533/3533/5 3532/3532/5
f 3520/3520/81 3533/3533/81 3521/3521/81
f 3520/3520/81 3532/3532/81 3533/3533/81
f 3515/3515/83 3526/3526/83 3514/3514/83
f 3515/3515/83 3527/3527/83 3526/3526/83
f 3515/3515/82 3522/3522/82 3516/3516/82
f 3515/3515/82 3521/3521/82 3522/3522/82
f 3528/3528/84 3533/3533/84 3527/3527/84
f 3528/3528/84 3534/3534/84 3533/3533/84
f 3521/3521/81 3534/3534/81 3522/3522/81
f 3521/3521/81 3533/3533/81 3534/3534/81
f 3516/3516/83 3527/3527/83 3515/3515/83
f 3516/3516/83 3528/3528/83 3527/3527/83
f 3516/3516/87 3523/3523/87 3517/3517/87
f 3516/3516/87 3522/3522/87 3523/3523/87
f 3529/3529/88 3534/3534/88 3528/3528/88
f 3529/3529/88 3535/3535/88 3534/3534/88
f 3522/3522/81 3535/3535/81 3523/3523/81
f 3522/3522/81 3534/3534/81 3535/3535/81
f 3517/3517/83 3528/3528/83 3516/3516/83
f 3517/3517/83 3529/3529/83 3528/3528/83
f 3517/3517/5 3524/3524/5 3518/3518/5
f 3517/3517/5 3523/3523/5 3524/3524/5
f 3530/3530/6 3535/3535/6 3529/3529/6
f 3530/3530/6 3536/3536/6 3535/3535/6
f 3523/3523/81 3536/3536/81 3524/3524/81
f 3523/3523/81 3535/3535/81 3536/3536/81
f 3518/3518/83 3529/3529/83 3517/3517/83
f 3518/3518/83 3530/3530/83 3529/3529/83
f 3518/3518/85 3525/3525/85 3519/3519/85
f 3518/3518/85 3524/3524/85 3525/3525/85
f 3531/3531/86 3536/3536/86 3530/3530/86
f 3531/3531/86 3537/3537/86 3536/3536/86
f 3524/3524/81 3537/3537/81 3525/3525/81
f 3524/3524/81 3536/3536/81 3537/3537/81
f 3519/3519/83 3530/3530/83 3518/3518/83
f 3519/3519/83 3531/3531/83 3530/3530/83
f 3519/3519/84 3520/3520/84 3514/3514/84
f 3519/3519/84 3525/3525/84 3520/3520/84
f 3526/3526/82 3537/3537/82 3531/3531/82
f 3526/3526/82 3532/3532/82 3537/3537/82
f 3525/3525/81 3532/3532/81 3520/3520/81
f 3525/3525/81 3537/3537/81 3532/3532/81
f 3514/3514/83 3531/3531/83 3519/3519/83
f 3514/3514/83 3526/3526/83 3531/3531/83
f 3538/3538/6 3543/3543/6 3539/3539/6
f 3538/3538/6 3542/3542/6 3543/3543/6
f 3547/3547/5 3550/3550/5 3546/3546/5
f 3547/3547/5 3551/3551/5 3550/3550/5
f 3542/3542/81 3551/3551/81 3543/3543/81
f 3542/3542/81 3550/3550/81 3551/3551/81
f 3539/3539/83 3546/3546/83 3538/3538/83
f 3539/3539/83 3547/3547/83 3546/3546/83
f 3539/3539/82 3544/3544/82 3540/3540/82
f 3539/3539/82 3543/3543/82 3544/3544/82
f 3548/3548/84 3551/3551/84 3547/3547/84
f 3548/3548/84 3552/3552/84 3551/3551/84
f 3543/3543/81 3552/3552/81 3544/3544/81
f 3543/3543/81 3551/3551/81 3552/3552/81
f 3540/3540/83 3547/3547/83 3539/3539/83
f 3540/3540/83 3548/3548/83 3547/3547/83
f 3540/3540/5 3545/3545/5 3541/3541/5
f 3540/3540/5 3544/3544/5 3545/3545/5
f 3549/3549/6 3552/3552/6 3548/3548/6
f 3549/3549/6 3553/3553/6 3552/3552/6
f 3544/3544/81 3553/3553/81 3545/3545/81
f 3544/3544/81 3552/3552/81 3553/3553/81
f 3541/3541/83 3548/3548/83 3540/3540/83
f 3541/3541/83 3549/3549/83 3548/3548/83
f 3541/3541/84 3542/3542/84 3538/3538/84
f 3541/3541/84 3545/3545/84 3542/3542/84
f 3546/3546/82 3553/3553/82 3549/3549/82
f 3546/3546/82 3550/3550/82 3553/3553/82
f 3545/3545/81 3550/3550/81 3542/3542/81
f 3545/3545/81 3553/3553/81 3550/3550/81
f 3538/3538/83 3549/3549/83 3541/3541/83
f 3538/3538/83 3546/3546/83 3549/3549/83
f 3554/3554/6 3559/3559/6 3555/3555/6
f 3554/3554/6 3558/3558/6 3559/3559/6
f 3563/3563/5 3566/3566/5 3562/3562/5
f 3563/3563/5 3567/3567/5 3566/3566/5
f 3558/3558/81 3567/3567/81 3559/3559/81
f 3558/3558/81 3566/3566/81 3567/3567/81
f 3555/3555/83 3562/3562/83 3554/3554/83
f 3555/3555/83 3563/3563/83 3562/3562/83
f 3555/3555/82 3560/3560/82 3556/3556/82
f 3555/3555/82 3559/3559/82 3560/3560/82
f 3564/3564/84 3567/3567/84 3563/3563/84
f 3564/3564/84 3568/3568/84 3567/3567/84
f 3559/3559/81 3568/3568/81 3560/3560/81
f 3559/3559/81 3567/3567/81 3568/3568/81
f 3556/3556/83 3563/3563/83 3555/3555/83
f 3556/3556/83 3564/3564/83 3563/3563/83
f 3556/3556/5 3561/3561/5 3557/3557/5
f 3556/3556/5 3560/3560/5 3561/3561/5
f 3565/3565/6 3568/3568/6 3564/3564/6
f 3565/3565/6 3569/3569/6 3568/3568/6
f 3560/3560/81 3569/3569/81 3561/3561/81
f 3560/3560/81 3568/3568/81 3569/3569/81
f 3557/3557/83 3564/3564/83 3556/3556/83
f 3557/3557/83 3565/3565/83 3564/3564/83
f 3557/3557/84 3558/3558/84 3554/3554/84
f 3557/3557/84 3561/3561/84 3558/3558/84
f 3562/3562/82 3569/3569/82 3565/3565/82
f 3562/3562/82 3566/3566/82 3569/3569/82
f 3561/3561/81 3566/3566/81 3558/3558/81
f 3561/3561/81 3569/3569/81 3566/3566/81
f 3554/3554/83 3565/3565/83 3557/3557/83
f 3554/3554/83 3562/3562/83 3565/3565/83
f 3570/3570/6 3575/3575/6 3571/3571/6
f 3570/3570/6 3574/3574/6 3575/3575/6
f 3579/3579/5 3582/3582/5 3578/3578/5
f 3579/3579/5 3583/3583/5 3582/3582/5
f 3574/3574/81 3583/3583/81 3575/3575/81
f 3574/3574/81 3582/3582/81 3583/3583/81
f 3571/3571/83 3578/3578/83 3570/3570/83
f 3571/3571/83 3579/3579/83 3578/3578/83
f 3571/3571/82 3576/3576/82 3572/3572/82
f 3571/3571/82 3575/3575/82 3576/3576/82
f 3580/3580/84 3583/3583/84 3579/3579/84
f 3580/3580/84 3584/3584/84 3583/3583/84
f 3575/3575/81 3584/3584/81 3576/3576/81
f 3575/3575/81 3583/3583/81 3584/3584/81
f 3572/3572/83 3579/3579/83 3571/3571/83
f 3572/3572/83 3580/3580/83 3579/3579/83
f 3572/3572/5 3577/3577/5 3573/3573/5
f 3572/3572/5 3576/3576/5 3577/3577/5
f 3581/3581/6 3584/3584/6 3580/3580/6
f 3581/3581/6 3585/3585/6 3584/3584/6
f 3576/3576/81 3585/3585/81 3577/3577/81
f 3576/3576/81 3584/3584/81 3585/3585/81
f 3573/3573/83 3580/3580/83 3572/3572/83
f 3573/3573/83 3581/3581/83 3580/3580/83
f 3573/3573/84 3574/3574/84 3570/3570/84
f 3573/3573/84 3577/3577/84 3574/3574/84
f 3578/3578/82 3585/3585/82 3581/3581/82
f 3578/3578/82 3582/3582/82 3585/3585/82
f 3577/3577/81 3582/3582/81 3574/3574/81
f 3577/3577/81 3585/3585/81 3582/3582/81
f 3570/3570/83 3581/3581/83 3573/3573/83
f 3570/3570/83 3578/3578/83 3581/3581/83
f 3586/3586/6 3591/3591/6 3587/3587/6
f 3586/3586/6 3590/3590/6 3591/3591/6
f 3595/3595/5 3598/3598/5 3594/3594/5
f 3595/3595/5 3599/3599/5 3598/3598/5
f 3590/3590/81 3599/3599/81 3591/3591/81
f 3590/3590/81 3598/3598/81 3599/3599/81
f 3587/3587/83 3594/3594/83 3586/3586/83
f 3587/3587/83 3595/3595/83 3594/3594/83
f 3587/3587/82 3592/3592/82 3588/3588/82
f 3587/3587/82 3591/3591/82 3592/3592/82
f 3596/3596/84 3599/3599/84 3595/3595/84
f 3596/3596/84 3600/3600/84 3599/3599/84
f 3591/3591/81 3600/3600/81 3592/3592/81
f 3591/3591/81 3599/3599/81 3600/3600/81
f 3588/3588/83 3595/3595/83 3587/3587/83
f 3588/3588/83 3596/3596/83 3595/3595/83
f 3588/3588/5 3593/3593/5 3589/3589/5
f 3588/3588/5 3592/3592/5 3593/3593/5
f 3597/3597/6 3600/3600/6 3596/3596/6
f 3597/3597/6 3601/3601/6 3600/3600/6
f 3592/3592/81 3601/3601/81 3593/3593/81
f 3592/3592/81 3600/3600/81 3601/3601/81
f 3589/3589/83 3596/3596/83 3588/3588/83
f 3589/3589/83 3597/3597/83 3596/3596/83
f 3589/3589/84 3590/3590/84 3586/3586/84
f 3589/3589/84 3593/3593/84 3590/3590/84
f 3594/3594/82 3601/3601/82 3597/3597/82
f 3594/3594/82 3598/3598/82 3601/3601/82
f 3593/3593/81 3598/3598/81 3590/3590/81
f 3593/3593/81 3601/3601/81 3598/3598/81
f 3586/3586/83 3597/3597/83 3589/3589/83
f 3586/3586/83 3594/3594/83 3597/3597/83
f 3602/3602/6 3607/3607/6 3603/3603/6
f 3602/3602/6 3606/3606/6 3607/3607/6
f 3611/3611/5 3614/3614/5 3610/3610/5
f 3611/3611/5 3615/3615/5 3614/3614/5
f 3606/3606/81 3615/3615/81 3607/3607/81
f 3606/3606/81 3614/3614/81 3615/3615/81
f 3603/3603/83 3610/3610/83 3602/3602/83
f 3603/3603/83 3611/3611/83 3610/3610/83
f 3603/3603/82 3608/3608/82 3604/3604/82
f 3603/3603/82 3607/3607/82 3608/3608/82
f 3612/3612/84 3615/3615/84 3611/3611/84
f 3612/3612/84 3616/3616/84 3615/3615/84
f 3607/3607/81 3616/3616/81 3608/3608/81
f 3607/3607/81 3615/3615/81 3616/3616/81
f 3604/3604/83 3611/3611/83 3603/3603/83
f 3604/3604/83 3612/3612/83 3611/3611/83
f 3604/3604/5 3609/3609/5 3605/3605/5
f 3604/3604/5 3608/3608/5 3609/3609/5
f 3613/3613/6 3616/3616/6 3612/3612/6
f 3613/3613/6 3617/3617/6 3616/3616/6
f 3608/3608/81 3617/3617/81 3609/3609/81
f 3608/3608/81 3616/3616/81 3617/3617/81
f 3605/3605/83 3612/3612/83 3604/3604/83
f 3605/3605/83 3613/3613/83 3612/3612/83
f 3605/3605/84 3606/3606/84 3602/3602/84
f 3605/3605/84 3609/3609/84 3606/3606/84
f 3610/3610/82 3617/3617/82 3613/3613/82
f 3610/3610/82 3614/3614/82 3617/3617/82
f 3609/3609/81 3614/3614/81 3606/3606/81
f 3609/3609/81 3617/3617/81 3614/3614/81
f 3602/3602/83 3613/3613/83 3605/3605/83
f 3602/3602/83 3610/3610/83 3613/3613/83
f 3618/3618/6 3625/3625/6 3619/3619/6
f 3618/3618/6 3624/3624/6 3625/3625/6
f 3631/3631/5 3636/3636/5 3630/3630/5
f 3631/3631/5 3637/3637/5 3636/3636/5
f 3624/3624/81 3637/3637/81 3625/3625/81
f 3624/3624/81 3636/3636/81 3637/3637/81
f 3619/3619/83 3630/3630/83 3618/3618/83
f 3619/3619/83 3631/3631/83 3630/3630/83
f 3619/3619/82 3626/3626/82 3620/3620/82
f 3619/3619/82 3625/3625/82 3626/3626/82
f 3632/3632/84 3637/3637/84 3631/3631/84
f 3632/3632/84 3638/3638/84 3637/3637/84
f 3625/3625/81 3638/3638/81 3626/3626/81
f 3625/3625/81 3637/3637/81 3638/3638/81
f 3620/3620/83 3631/3631/83 3619/3619/83
f 3620/3620/83 3632/3632/83 3631/3631/83
f 3620/3620/87 3627/3627/87 3621/3621/87
f 3620/3620/87 3626/3626/87 3627/3627/87
f 3633/3633/88 3638/3638/88 3632/3632/88
f 3633/3633/88 3639/3639/88 3638/3638/88
f 3626/3626/81 3639/3639/81 3627/3627/81
f 3626/3626/81 3638/3638/81 3639/3639/81
f 3621/3621/83 3632/3632/83 3620/3620/83
f 3621/3621/83 3633/3633/83 3632/3632/83
f 3621/3621/5 3628/3628/5 3622/3622/5
f 3621/3621/5 3627/3627/5 3628/3628/5
f 3634/3634/6 3639/3639/6 3633/3633/6
f 3634/3634/6 3640/3640/6 3639/3639/6
f 3627/3627/81 3640/3640/81 3628/3628/81
f 3627/3627/81 3639/3639/81 3640/3640/81
f 3622/3622/83 3633/3633/83 3621/3621/83
f 3622/3622/83 3634/3634/83 3633/3633/83
f 3622/3622/85 3629/3629/85 3623/3623/85
f 3622/3622/85 3628/3628/85 3629/3629/85
f 3635/3635/86 3640/3640/86 3634/3634/86
f 3635/3635/86 3641/3641/86 3640/3640/86
f 3628/3628/81 3641/3641/81 3629/3629/81
f 3628/3628/81 3640/3640/81 3641/3641/81
f 3623/3623/83 3634/3634/83 3622/3622/83
f 3623/3623/83 3635/3635/83 3634/3634/83
f 3623/3623/84 3624/3624/84 3618/3618/84
f 3623/3623/84 3629/3629/84 3624/3624/84
f 3630/3630/82 3641/3641/82 3635/3635/82
f 3630/3630/82 3636/3636/82 3641/3641/82
f 3629/3629/81 3636/3636/81 3624/3624/81
f 3629/3629/81 3641/3641/81 3636/3636/81
f 3618/3618/83 3635/3635/83 3623/3623/83
f 3618/3618/83 3630/3630/83 3635/3635/83
f 3642/3642/6 3647/3647/6 3643/3643/6
f 3642/3642/6 3646/3646/6 3647/3647/6
f 3651/3651/5 3654/3654/5 3650/3650/5
f 3651/3651/5 3655/3655/5 3654/3654/5
f 3646/3646/82 3655/3655/82 3647/3647/82
f 3646/3646/82 3654/3654/82 3655/3655/82
f 3643/3643/84 3650/3650/84 3642/3642/84
f 3643/3643/84 3651/3651/84 3650/3650/84
f 3643/3643/83 3648/3648/83 3644/3644/83
f 3643/3643/83 3647/3647/83 3648/3648/83
f 3652/3652/81 3655/3655/81 3651/3651/81
f 3652/3652/81 3656/3656/81 3655/3655/81
f 3647/3647/82 3656/3656/82 3648/3648/82
f 3647/3647/82 3655/3655/82 3656/3656/82
f 3644/3644/84 3651/3651/84 3643/3643/84
f 3644/3644/84 3652/3652/84 3651/3651/84
f 3644/3644/5 3649/3649/5 3645/3645/5
f 3644/3644/5 3648/3648/5 3649/3649/5
f 3653/3653/6 3656/3656/6 3652/3652/6
f 3653/3653/6 3657/3657/6 3656/3656/6
f 3648/3648/82 3657/3657/82 3649/3649/82
f 3648/3648/82 3656/3656/82 3657/3657/82
f 3645/3645/84 3652/3652/84 3644/3644/84
f 3645/3645/84 3653/3653/84 3652/3652/84
f 3645/3645/81 3646/3646/81 3642/3642/81
f 3645/3645/81 3649/3649/81 3646/3646/81
f 3650/3650/83 3657/3657/83 3653/3653/83
f 3650/3650/83 3654/3654/83 3657/3657/83
f 3649/3649/82 3654/3654/82 3646/3646/82
f 3649/3649/82 3657/3657/82 3654/3654/82
f 3642/3642/84 3653/3653/84 3645/3645/84
f 3642/3642/84 3650/3650/84 3653/3653/84
f 3658/3658/6 3663/3663/6 3659/3659/6
f 3658/3658/6 3662/3662/6 3663/3663/6
f 3667/3667/5 3670/3670/5 3666/3666/5
f 3667/3667/5 3671/3671/5 3670/3670/5
f 3662/3662/82 3671/3671/82 3663/3663/82
f 3662/3662/82 3670/3670/82 3671/3671/82
f 3659/3659/84 3666/3666/84 3658/3658/84
f 3659/3659/84 3667/3667/84 3666/3666/84
f 3659/3659/83 3664/3664/83 3660/3660/83
f 3659/3659/83 3663/3663/83 3664/3664/83
f 3668/3668/81 3671/3671/81 3667/3667/81
f 3668/3668/81 3672/3672/81 3671/3671/81
f 3663/3663/82 3672/3672/82 3664/3664/82
f 3663/3663/82 3671/3671/82 3672/3672/82
f 3660/3660/84 3667/3667/84 3659/3659/84
f 3660/3660/84 3668/3668/84 3667/3667/84
f 3660/3660/5 3665/3665/5 3661/3661/5
f 3660/3660/5 3664/3664/5 3665/3665/5
f 3669/3669/6 3672/3672/6 3668/3668/6
f 3669/3669/6 3673/3673/6 3672/3672/6
f 3664/3664/82 3673/3673/82 3665/3665/82
f 3664/3664/82 3672/3672/82 3673/3673/82
f 3661/3661/84 3668/3668/84 3660/3660/84
f 3661/3661/84 3669/3669/84 3668/3668/84
f 3661/3661/81 3662/3662/81 3658/3658/81
f 3661/3661/81 3665/3665/81 3662/3662/81
f 3666/3666/83 3673/3673/83 3669/3669/83
f 3666/3666/83 3670/3670/83 3673/3673/83
f 3665/3665/82 3670/3670/82 3662/3662/82
f 3665/3665/82 3673/3673/82 3670/3670/82
f 3658/3658/84 3669/3669/84 3661/3661/84
f 3658/3658/84 3666/3666/84 3669/3669/84
f 3674/3674/6 3679/3679/6 3675/3675/6
f 3674/3674/6 3678/3678/6 3679/3679/6
f 3683/3683/5 3686/3686/5 3682/3682/5
f 3683/3683/5 3687/3687/5 3686/3686/5
f 3678/3678/82 3687/3687/82 3679/3679/82
f 3678/3678/82 3686/3686/82 3687/3687/82
f 3675/3675/84 3682/3682/84 3674/3674/84
f 3675/3675/84 3683/3683/84 3682/3682/84
f 3675/3675/83 3680/3680/83 3676/3676/83
f 3675/3675/83 3679/3679/83 3680/3680/83
f 3684/3684/81 3687/3687/81 3683/3683/81
f 3684/3684/81 3688/3688/81 3687/3687/81
f 3679/3679/82 3688/3688/82 3680/3680/82
f 3679/3679/82 3687/3687/82 3688/3688/82
f 3676/3676/84 3683/3683/84 3675/3675/84
f 3676/3676/84 3684/3684/84 3683/3683/84
f 3676/3676/5 3681/3681/5 3677/3677/5
f 3676/3676/5 3680/3680/5 3681/3681/5
f 3685/3685/6 3688/3688/6 3684/3684/6
f 3685/3685/6 3689/3689/6 3688/3688/6
f 3680/3680/82 3689/3689/82 3681/3681/82
f 3680/3680/82 3688/3688/82 3689/3689/82
f 3677/3677/84 3684/3684/84 3676/3676/84
f 3677/3677/84 3685/3685/84 3684/3684/84
f 3677/3677/81 3678/3678/81 3674/3674/81
f 3677/3677/81 3681/3681/81 3678/3678/81
f 3682/3682/83 3689/3689/83 3685/3685/83
f 3682/3682/83 3686/3686/83 3689/3689/83
f 3681/3681/82 3686/3686/82 3678/3678/82
f 3681/3681/82 3689/3689/82 3686/3686/82
f 3674/3674/84 3685/3685/84 3677/3677/84
f 3674/3674/84 3682/3682/84 3685/3685/84
f 3690/3690/6 3697/3697/6 3691/3691/6
f 3690/3690/6 3696/3696/6 3697/3697/6
f 3703/3703/5 3708/3708/5 3702/3702/5
f 3703/3703/5 3709/3709/5 3708/3708/5
f 3696/3696/82 3709/3709/82 3697/3697/82
f 3696/3696/82 3708/3708/82 3709/3709/82
f 3691/3691/84 3702/3702/84 3690/3690/84
f 3691/3691/84 3703/3703/84 3702/3702/84
f 3691/3691/83 3698/3698/83 3692/3692/83
f 3691/3691/83 3697/3697/83 3698/3698/83
f 3704/3704/81 3709/3709/81 3703/3703/81
f 3704/3704/81 3710/3710/81 3709/3709/81
f 3697/3697/82 3710/3710/82 3698/3698/82
f 3697/3697/82 3709/3709/82 3710/3710/82
f 3692/3692/84 3703/3703/84 3691/3691/84
f 3692/3692/84 3704/3704/84 3703/3703/84
f 3692/3692/89 3699/3699/89 3693/3693/89
f 3692/3692/89 3698/3698/89 3699/3699/89
f 3705/3705/90 3710/3710/90 3704/3704/90
f 3705/3705/90 3711/3711/90 3710/3710/90
f 3698/3698/82 3711/3711/82 3699/3699/82
f 3698/3698/82 3710/3710/82 3711/3711/82
f 3693/3693/84 3704/3704/84 3692/3692/84
f 3693/3693/84 3705/3705/84 3704/3704/84
f 3693/3693/5 3700/3700/5 3694/3694/5
f 3693/3693/5 3699/3699/5 3700/3700/5
f 3706/3706/6 3711/3711/6 3705/3705/6
f 3706/3706/6 3712/3712/6 3711/3711/6
f 3699/3699/82 3712/3712/82 3700/3700/82
f 3699/3699/82 3711/3711/82 3712/3712/82
f 3694/3694/84 3705/3705/84 3693/3693/84
f 3694/3694/84 3706/3706/84 3705/3705/84
f 3694/3694/91 3701/3701/91 3695/3695/91
f 3694/3694/91 3700/3700/91 3701/3701/91
f 3707/3707/92 3712/3712/92 3706/3706/92
f 3707/3707/92 3713/3713/92 3712/3712/92
f 3700/3700/82 3713/3713/82 3701/3701/82
f 3700/3700/82 3712/3712/82 3713/3713/82
f 3695/3695/84 3706/3706/84 3694/3694/84
f 3695/3695/84 3707/3707/84 3706/3706/84
f 3695/3695/81 3696/3696/81 3690/3690/81
f 3695/3695/81 3701/3701/81 3696/3696/81
f 3702/3702/83 3713/3713/83 3707/3707/83
f 3702/3702/83 3708/3708/83 3713/3713/83
f 3701/3701/82 3708/3708/82 3696/3696/82
f 3701/3701/82 3713/3713/82 3708/3708/82
f 3690/3690/84 3707/3707/84 3695/3695/84
f 3690/3690/84 3702/3702/84 3707/3707/84
f 3714/3714/6 3719/3719/6 3715/3715/6
f 3714/3714/6 3718/3718/6 3719/3719/6
f 3723/3723/5 3726/3726/5 3722/3722/5
f 3723/3723/5 3727/3727/5 3726/3726/5
f 3718/3718/83 3727/3727/83 3719/3719/83
f 3718/3718/83 3726/3726/83 3727/3727/83
f 3715/3715/81 3722/3722/81 3714/3714/81
f 3715/3715/81 3723/3723/81 3722/3722/81
f 3715/3715/84 3720/3720/84 3716/3716/84
f 3715/3715/84 3719/3719/84 3720/3720/84
f 3724/3724/82 3727/3727/82 3723/3723/82
f 3724/3724/82 3728/3728/82 3727/3727/82
f 3719/3719/83 3728/3728/83 3720/3720/83
f 3719/3719/83 3727/3727/83 3728/3728/83
f 3716/3716/81 3723/3723/81 3715/3715/81
f 3716/3716/81 3724/3724/81 3723/3723/81
f 3716/3716/5 3721/3721/5 3717/3717/5
f 3716/3716/5 3720/3720/5 3721/3721/5
f 3725/3725/6 3728/3728/6 3724/3724/6
f 3725/3725/6 3729/3729/6 3728/3728/6
f 3720/3720/83 3729/3729/83 3721/3721/83
f 3720/3720/83 3728/3728/83 3729/3729/83
f 3717/3717/81 3724/3724/81 3716/3716/81
f 3717/3717/81 3725/3725/81 3724/3724/81
f 3717/3717/82 3718/3718/82 3714/3714/82
f 3717/3717/82 3721/3721/82 3718/3718/82
f 3722/3722/84 3729/3729/84 3725/3725/84
f 3722/3722/84 3726/3726/84 3729/3729/84
f 3721/3721/83 3726/3726/83 3718/3718/83
f 3721/3721/83 3729/3729/83 3726/3726/83
f 3714/3714/81 3725/3725/81 3717/3717/81
f 3714/3714/81 3722/3722/81 3725/3725/81
f 3730/3730/6 3735/3735/6 3731/3731/6
f 3730/3730/6 3734/3734/6 3735/3735/6
f 3739/3739/5 3742/3742/5 3738/3738/5
f 3739/3739/5 3743/3743/5 3742/3742/5
f 3734/3734/83 3743/3743/83 3735/3735/83
f 3734/3734/83 3742/3742/83 3743/3743/83
f 3731/3731/81 3738/3738/81 3730/3730/81
f 3731/3731/81 3739/3739/81 3738/3738/81
f 3731/3731/84 3736/3736/84 3732/3732/84
f 3731/3731/84 3735/3735/84 3736/3736/84
f 3740/3740/82 3743/3743/82 3739/3739/82
f 3740/3740/82 3744/3744/82 3743/3743/82
f 3735/3735/83 3744/3744/83 3736/3736/83
f 3735/3735/83 3743/3743/83 3744/3744/83
f 3732/3732/81 3739/3739/81 3731/3731/81
f 3732/3732/81 3740/3740/81 3739/3739/81
f 3732/3732/5 3737/3737/5 3733/3733/5
f 3732/3732/5 3736/3736/5 3737/3737/5
f 3741/3741/6 3744/3744/6 3740/3740/6
f 3741/3741/6 3745/3745/6 3744/3744/6
f 3736/3736/83 3745/3745/83 3737/3737/83
f 3736/3736/83 3744/3744/83 3745/3745/83
f 3733/3733/81 3740/3740/81 3732/3732/81
f 3733/3733/81 3741/3741/81 3740/3740/81
f 3733/3733/82 3734/3734/82 3730/3730/82
f 3733/3733/82 3737/3737/82 3734/3734/82
f 3738/3738/84 3745/3745/84 3741/3741/84
f 3738/3738/84 3742/3742/84 3745/3745/84
f 3737/3737/83 3742/3742/83 3734/3734/83
f 3737/3737/83 3745/3745/83 3742/3742/83
f 3730/3730/81 3741/3741/81 3733/3733/81
f 3730/3730/81 3738/3738/81 3741/3741/81
f 3746/3746/6 3751/3751/6 3747/3747/6
f 3746/3746/6 3750/3750/6 3751/3751/6
f 3755/3755/5 3758/3758/5 3754/3754/5
f 3755/3755/5 3759/3759/5 3758/3758/5
f 3750/3750/83 3759/3759/83 3751/3751/83
f 3750/3750/83 3758/3758/83 3759/3759/83
f 3747/3747/81 3754/3754/81 3746/3746/81
f 3747/3747/81 3755/3755/81 3754/3754/81
f 3747/3747/84 3752/3752/84 3748/3748/84
f 3747/3747/84 3751/3751/84 3752/3752/84
f 3756/3756/82 3759/3759/82 3755/3755/82
f 3756/3756/82 3760/3760/82 3759/3759/82
f 3751/3751/83 3760/3760/83 3752/3752/83
f 3751/3751/83 3759/3759/83 3760/3760/83
f 3748/3748/81 3755/3755/81 3747/3747/81
f 3748/3748/81 3756/3756/81 3755/3755/81
f 3748/3748/5 3753/3753/5 3749/3749/5
f 3748/3748/5 3752/3752/5 3753/3753/5
f 3757/3757/6 3760/3760/6 3756/3756/6
f 3757/3757/6 3761/3761/6 3760/3760/6
f 3752/3752/83 3761/3761/83 3753/3753/83
f 3752/3752/83 3760/3760/83 3761/3761/83
f 3749/3749/81 3756/3756/81 3748/3748/81
f 3749/3749/81 3757/3757/81 3756/3756/81
f 3749/3749/82 3750/3750/82 3746/3746/82
f 3749/3749/82 3753/3753/82 3750/3750/82
f 3754/3754/84 3761/3761/84 3757/3757/84
f 3754/3754/84 3758/3758/84 3761/3761/84
f 3753/3753/83 3758/3758/83 3750/3750/83
f 3753/3753/83 3761/3761/83 3758/3758/83
f 3746/3746/81 3757/3757/81 3749/3749/81
f 3746/3746/81 3754/3754/81 3757/3757/81
f 3762/3762/6 3767/3767/6 3763/3763/6
f 3762/3762/6 3766/3766/6 3767/3767/6
f 3771/3771/5 3774/3774/5 3770/3770/5
f 3771/3771/5 3775/3775/5 3774/3774/5
f 3766/3766/83 3775/3775/83 3767/3767/83
f 3766/3766/83 3774/3774/83 3775/3775/83
f 3763/3763/81 3770/3770/81 3762/3762/81
f 3763/3763/81 3771/3771/81 3770/3770/81
f 3763/3763/84 3768/3768/84 3764/3764/84
f 3763/3763/84 3767/3767/84 3768/3768/84
f 3772/3772/82 3775/3775/82 3771/3771/82
f 3772/3772/82 3776/3776/82 3775/3775/82
f 3767/3767/83 3776/3776/83 3768/3768/83
f 3767/3767/83 3775/3775/83 3776/3776/83
f 3764/3764/81 3771/3771/81 3763/3763/81
f 3764/3764/81 3772/3772/81 3771/3771/81
f 3764/3764/5 3769/3769/5 3765/3765/5
f 3764/3764/5 3768/3768/5 3769/3769/5
f 3773/3773/6 3776/3776/6 3772/3772/6
f 3773/3773/6 3777/3777/6 3776/3776/6
f 3768/3768/83 3777/3777/83 3769/3769/83
f 3768/3768/83 3776/3776/83 3777/3777/83
f 3765/3765/81 3772/3772/81 3764/3764/81
f 3765/3765/81 3773/3773/81 3772/3772/81
f 3765/3765/82 3766/3766/82 3762/3762/82
f 3765/3765/82 3769/3769/82 3766/3766/82
f 3770/3770/84 3777/3777/84 3773/3773/84
f 3770/3770/84 3774/3774/84 3777/3777/84
f 3769/3769/83 3774/3774/83 3766/3766/83
f 3769/3769/83 3777/3777/83 3774/3774/83
f 3762/3762/81 3773/3773/81 3765/3765/81
f 3762/3762/81 3770/3770/81 3773/3773/81
f 3778/3778/6 3783/3783/6 3779/3779/6
f 3778/3778/6 3782/3782/6 3783/3783/6
f 3787/3787/5 3790/3790/5 3786/3786/5
f 3787/3787/5 3791/3791/5 3790/3790/5
f 3782/3782/83 3791/3791/83 3783/3783/83
f 3782/3782/83 3790/3790/83 3791/3791/83
f 3779/3779/81 3786/3786/81 3778/3778/81
f 3779/3779/81 3787/3787/81 3786/3786/81
f 3779/3779/84 3784/3784/84 3780/3780/84
f 3779/3779/84 3783/3783/84 3784/3784/84
f 3788/3788/82 3791/3791/82 3787/3787/82
f 3788/3788/82 3792/3792/82 3791/3791/82
f 3783/3783/83 3792/3792/83 3784/3784/83
f 3783/3783/83 3791/3791/83 3792/3792/83
f 3780/3780/81 3787/3787/81 3779/3779/81
f 3780/3780/81 3788/3788/81 3787/3787/81
f 3780/3780/5 3785/3785/5 3781/3781/5
f 3780/3780/5 3784/3784/5 3785/3785/5
f 3789/3789/6 3792/3792/6 3788/3788/6
f 3789/3789/6 3793/3793/6 3792/3792/6
f 3784/3784/83 3793/3793/83 3785/3785/83
f 3784/3784/83 3792/3792/83 3793/3793/83
f 3781/3781/81 3788/3788/81 3780/3780/81
f 3781/3781/81 3789/3789/81 3788/3788/81
f 3781/3781/82 3782/3782/82 3778/3778/82
f 3781/3781/82 3785/3785/82 3782/3782/82
f 3786/3786/84 3793/3793/84 3789/3789/84
f 3786/3786/84 3790/3790/84 3793/3793/84
f 3785/3785/83 3790/3790/83 3782/3782/83
f 3785/3785/83 3793/3793/83 3790/3790/83
f 3778/3778/81 3789/3789/81 3781/3781/81
f 3778/3778/81 3786/3786/81 3789/3789/81
f 3794/3794/6 3799/3799/6 3795/3795/6
f 3794/3794/6 3798/3798/6 3799/3799/6
f 3803/3803/5 3806/3806/5 3802/3802/5
f 3803/3803/5 3807/3807/5 3806/3806/5
f 3798/3798/83 3807/3807/83 3799/3799/83
f 3798/3798/83 3806/3806/83 3807/3807/83
f 3795/3795/81 3802/3802/81 3794/3794/81
f 3795/3795/81 3803/3803/81 3802/3802/81
f 3795/3795/84 3800/3800/84 3796/3796/84
f 3795/3795/84 3799/3799/84 3800/3800/84
f 3804/3804/82 3807/3807/82 3803/3803/82
f 3804/3804/82 3808/3808/82 3807/3807/82
f 3799/3799/83 3808/3808/83 3800/3800/83
f 3799/3799/83 3807/3807/83 3808/3808/83
f 3796/3796/81 3803/3803/81 3795/3795/81
f 3796/3796/81 3804/3804/81 3803/3803/81
f 3796/3796/5 3801/3801/5 3797/3797/5
f 3796/3796/5 3800/3800/5 3801/3801/5
f 3805/3805/6 3808/3808/6 3804/3804/6
f 3805/3805/6 3809/3809/6 3808/3808/6
f 3800/3800/83 3809/3809/83 3801/3801/83
f 3800/3800/83 3808/3808/83 3809/3809/83
f 3797/3797/81 3804/3804/81 3796/3796/81
f 3797/3797/81 3805/3805/81 3804/3804/81
f 3797/3797/82 3798/3798/82 3794/3794/82
f 3797/3797/82 3801/3801/82 3798/3798/82
f 3802/3802/84 3809/3809/84 3805/3805/84
f 3802/3802/84 3806/3806/84 3809/3809/84
f 3801/3801/83 3806/3806/83 3798/3798/83
f 3801/3801/83 3809/3809/83 3806/3806/83
f 3794/3794/81 3805/3805/81 3797/3797/81
f 3794/3794/81 3802/3802/81 3805/3805/81
f 3810/3810/6 3815/3815/6 3811/3811/6
f 3810/3810/6 3814/3814/6 3815/3815/6
f 3819/3819/5 3822/3822/5 3818/3818/5
f 3819/3819/5 3823/3823/5 3822/3822/5
f 3814/3814/83 3823/3823/83 3815/3815/83
f 3814/3814/83 3822/3822/83 3823/3823/83
f 3811/3811/81 3818/3818/81 3810/3810/81
f 3811/3811/81 3819/3819/81 3818/3818/81
f 3811/3811/84 3816/3816/84 3812/3812/84
f 3811/3811/84 3815/3815/84 3816/3816/84
f 3820/3820/82 3823/3823/82 3819/3819/82
f 3820/3820/82 3824/3824/82 3823/3823/82
f 3815/3815/83 3824/3824/83 3816/3816/83
f 3815/3815/83 3823/3823/83 3824/3824/83
f 3812/3812/81 3819/3819/81 3811/3811/81
f 3812/3812/81 3820/3820/81 3819/3819/81
f 3812/3812/5 3817/3817/5 3813/3813/5
f 3812/3812/5 3816/3816/5 3817/3817/5
f 3821/3821/6 3824/3824/6 3820/3820/6
f 3821/3821/6 3825/3825/6 3824/3824/6
f 3816/3816/83 3825/3825/83 3817/3817/83
f 3816/3816/83 3824/3824/83 3825/3825/83
f 3813/3813/81 3820/3820/81 3812/3812/81
f 3813/3813/81 3821/3821/81 3820/3820/81
f 3813/3813/82 3814/3814/82 3810/3810/82
f 3813/3813/82 3817/3817/82 3814/3814/82
f 3818/3818/84 3825/3825/84 3821/3821/84
f 3818/3818/84 3822/3822/84 3825/3825/84
f 3817/3817/83 3822/3822/83 3814/3814/83
f 3817/3817/83 3825/3825/83 3822/3822/83
f 3810/3810/81 3821/3821/81 3813/3813/81
f 3810/3810/81 3818/3818/81 3821/3821/81
f 3826/3826/6 3831/3831/6 3827/3827/6
f 3826/3826/6 3830/3830/6 3831/3831/6
f 3835/3835/5 3838/3838/5 3834/3834/5
f 3835/3835/5 3839/3839/5 3838/3838/5
f 3830/3830/83 3839/3839/83 3831/3831/83
f 3830/3830/83 3838/3838/83 3839/3839/83
f 3827/3827/81 3834/3834/81 3826/3826/81
f 3827/3827/81 3835/3835/81 3834/3834/81
f 3827/3827/84 3832/3832/84 3828/3828/84
f 3827/3827/84 3831/3831/84 3832/3832/84
f 3836/3836/82 3839/3839/82 3835/3835/82
f 3836/3836/82 3840/3840/82 3839/3839/82
f 3831/3831/83 3840/3840/83 3832/3832/83
f 3831/3831/83 3839/3839/83 3840/3840/83
f 3828/3828/81 3835/3835/81 3827/3827/81
f 3828/3828/81 3836/3836/81 3835/3835/81
f 3828/3828/5 3833/3833/5 3829/3829/5
f 3828/3828/5 3832/3832/5 3833/3833/5
f 3837/3837/6 3840/3840/6 3836/3836/6
f 3837/3837/6 3841/3841/6 3840/3840/6
f 3832/3832/83 3841/3841/83 3833/3833/83
f 3832/3832/83 3840/3840/83 3841/3841/83
f 3829/3829/81 3836/3836/81 3828/3828/81
f 3829/3829/81 3837/3837/81 3836/3836/81
f 3829/3829/82 3830/3830/82 3826/3826/82
f 3829/3829/82 3833/3833/82 3830/3830/82
f 3834/3834/84 3841/3841/84 3837/3837/84
f 3834/3834/84 3838/3838/84 3841/3841/84
f 3833/3833/83 3838/3838/83 3830/3830/83
f 3833/3833/83 3841/3841/83 3838/3838/83
f 3826/3826/81 3837/3837/81 3829/3829/81
f 3826/3826/81 3834/3834/81 3837/3837/81
f 3842/3842/6 3849/3849/6 3843/3843/6
f 3842/3842/6 3848/3848/6 3849/3849/6
f 3855/3855/5 3860/3860/5 3854/3854/5
f 3855/3855/5 3861/3861/5 3860/3860/5
f 3848/3848/83 3861/3861/83 3849/3849/83
f 3848/3848/83 3860/3860/83 3861/3861/83
f 3843/3843/81 3854/3854/81 3842/3842/81
f 3843/3843/81 3855/3855/81 3854/3854/81
f 3843/3843/84 3850/3850/84 3844/3844/84
f 3843/3843/84 3849/3849/84 3850/3850/84
f 3856/3856/82 3861/3861/82 3855/3855/82
f 3856/3856/82 3862/3862/82 3861/3861/82
f 3849/3849/83 3862/3862/83 3850/3850/83
f 3849/3849/83 3861/3861/83 3862/3862/83
f 3844/3844/81 3855/3855/81 3843/3843/81
f 3844/3844/81 3856/3856/81 3855/3855/81
f 3844/3844/85 3851/3851/85 3845/3845/85
f 3844/3844/85 3850/3850/85 3851/3851/85
f 3857/3857/86 3862/3862/86 3856/3856/86
f 3857/3857/86 3863/3863/86 3862/3862/86
f 3850/3850/83 3863/3863/83 3851/3851/83
f 3850/3850/83 3862/3862/83 3863/3863/83
f 3845/3845/81 3856/3856/81 3844/3844/81
f 3845/3845/81 3857/3857/81 3856/3856/81
f 3845/3845/5 3852/3852/5 3846/3846/5
f 3845/3845/5 3851/3851/5 3852/3852/5
f 3858/3858/6 3863/3863/6 3857/3857/6
f 3858/3858/6 3864/3864/6 3863/3863/6
f 3851/3851/83 3864/3864/83 3852/3852/83
f 3851/3851/83 3863/3863/83 3864/3864/83
f 3846/3846/81 3857/3857/81 3845/3845/81
f 3846/3846/81 3858/3858/81 3857/3857/81
f 3846/3846/87 3853/3853/87 3847/3847/87
f 3846/3846/87 3852/3852/87 3853/3853/87
f 3859/3859/88 3864/3864/88 3858/3858/88
f 3859/3859/88 3865/3865/88 3864/3864/88
f 3852/3852/83 3865/3865/83 3853/3853/83
f 3852/3852/83 3864/3864/83 3865/3865/83
f 3847/3847/81 3858/3858/81 3846/3846/81
f 3847/3847/81 3859/3859/81 3858/3858/81
f 3847/3847/82 3848/3848/82 3842/3842/82
f 3847/3847/82 3853/3853/82 3848/3848/82
f 3854/3854/84 3865/3865/84 3859/3859/84
f 3854/3854/84 3860/3860/84 3865/3865/84
f 3853/3853/83 3860/3860/83 3848/3848/83
f 3853/3853/83 3865/3865/83 3860/3860/83
f 3842/3842/81 3859/3859/81 3847/3847/81
f 3842/3842/81 3854/3854/81 3859/3859/81
f 3866/3866/81 3867/3867/81 3871/3871/81
f 3866/3866/81 3871/3871/81 3870/3870/81
f 3867/3867/84 3868/3868/84 3872/3872/84
f 3867/3867/84 3872/3872/84 3871/3871/84
f 3868/3868/83 3869/3869/83 3873/3873/83
f 3868/3868/83 3873/3873/83 3872/3872/83
f 3869/3869/82 3866/3866/82 3870/3870/82
f 3869/3869/82 3870/3870/82 3873/3873/82
f 3870/3870/5 3871/3871/5 3872/3872/5
f 3870/3870/5 3872/3872/5 3873/3873/5
f 3869/3869/6 3868/3868/6 3867/3867/6
f 3869/3869/6 3867/3867/6 3866/3866/6
f 3874/3874/6 3879/3879/6 3875/3875/6
f 3874/3874/6 3878/3878/6 3879/3879/6
f 3883/3883/5 3886/3886/5 3882/3882/5
f 3883/3883/5 3887/3887/5 3886/3886/5
f 3878/3878/84 3887/3887/84 3879/3879/84
f 3878/3878/84 3886/3886/84 3887/3887/84
f 3875/3875/82 3882/3882/82 3874/3874/82
f 3875/3875/82 3883/3883/82 3882/3882/82
f 3875/3875/81 3880/3880/81 3876/3876/81
f 3875/3875/81 3879/3879/81 3880/3880/81
f 3884/3884/83 3887/3887/83 3883/3883/83
f 3884/3884/83 3888/3888/83 3887/3887/83
f 3879/3879/84 3888/3888/84 3880/3880/84
f 3879/3879/84 3887/3887/84 3888/3888/84
f 3876/3876/82 3883/3883/82 3875/3875/82
f 3876/3876/82 3884/3884/82 3883/3883/82
f 3876/3876/5 3881/3881/5 3877/3877/5
f 3876/3876/5 3880/3880/5 3881/3881/5
f 3885/3885/6 3888/3888/6 3884/3884/6
f 3885/3885/6 3889/3889/6 3888/3888/6
f 3880/3880/84 3889/3889/84 3881/3881/84
f 3880/3880/84 3888/3888/84 3889/3889/84
f 3877/3877/82 3884/3884/82 3876/3876/82
f 3877/3877/82 3885/3885/82 3884/3884/82
f 3877/3877/83 3878/3878/83 3874/3874/83
f 3877/3877/83 3881/3881/83 3878/3878/83
f 3882/3882/81 3889/3889/81 3885/3885/81
f 3882/3882/81 3886/3886/81 3889/3889/81
f 3881/3881/84 3886/3886/84 3878/3878/84
f 3881/3881/84 3889/3889/84 3886/3886/84
f 3874/3874/82 3885/3885/82 3877/3877/82
f 3874/3874/82 3882/3882/82 3885/3885/82
f 3890/3890/6 3895/3895/6 3891/3891/6
f 3890/3890/6 3894/3894/6 3895/3895/6
f 3899/3899/5 3902/3902/5 3898/3898/5
f 3899/3899/5 3903/3903/5 3902/3902/5
f 3894/3894/84 3903/3903/84 3895/3895/84
f 3894/3894/84 3902/3902/84 3903/3903/84
f 3891/3891/82 3898/3898/82 3890/3890/82
f 3891/3891/82 3899/3899/82 3898/3898/82
f 3891/3891/81 3896/3896/81 3892/3892/81
f 3891/3891/81 3895/3895/81 3896/3896/81
f 3900/3900/83 3903/3903/83 3899/3899/83
f 3900/3900/83 3904/3904/83 3903/3903/83
f 3895/3895/84 3904/3904/84 3896/3896/84
f 3895/3895/84 3903/3903/84 3904/3904/84
f 3892/3892/82 3899/3899/82 3891/3891/82
f 3892/3892/82 3900/3900/82 3899/3899/82
f 3892/3892/5 3897/3897/5 3893/3893/5
f 3892/3892/5 3896/3896/5 3897/3897/5
f 3901/3901/6 3904/3904/6 3900/3900/6
f 3901/3901/6 3905/3905/6 3904/3904/6
f 3896/3896/84 3905/3905/84 3897/3897/84
f 3896/3896/84 3904/3904/84 3905/3905/84
f 3893/3893/82 3900/3900/82 3892/3892/82
f 3893/3893/82 3901/3901/82 3900/3900/82
f 3893/3893/83 3894/3894/83 3890/3890/83
f 3893/3893/83 3897/3897/83 3894/3894/83
f 3898/3898/81 3905/3905/81 3901/3901/81
f 3898/3898/81 3902/3902/81 3905/3905/81
f 3897/3897/84 3902/3902/84 3894/3894/84
f 3897/3897/84 3905/3905/84 3902/3902/84
f 3890/3890/82 3901/3901/82 3893/3893/82
f 3890/3890/82 3898/3898/82 3901/3901/82
f 3906/3906/6 3911/3911/6 3907/3907/6
f 3906/3906/6 3910/3910/6 3911/3911/6
f 3915/3915/5 3918/3918/5 3914/3914/5
f 3915/3915/5 3919/3919/5 3918/3918/5
f 3910/3910/84 3919/3919/84 3911/3911/84
f 3910/3910/84 3918/3918/84 3919/3919/84
f 3907/3907/82 3914/3914/82 3906/3906/82
f 3907/3907/82 3915/3915/82 3914/3914/82
f 3907/3907/81 3912/3912/81 3908/3908/81
f 3907/3907/81 3911/3911/81 3912/3912/81
f 3916/3916/83 3919/3919/83 3915/3915/83
f 3916/3916/83 3920/3920/83 3919/3919/83
f 3911/3911/84 3920/3920/84 3912/3912/84
f 3911/3911/84 3919/3919/84 3920/3920/84
f 3908/3908/82 3915/3915/82 3907/3907/82
f 3908/3908/82 3916/3916/82 3915/3915/82
f 3908/3908/5 3913/3913/5 3909/3909/5
f 3908/3908/5 3912/3912/5 3913/3913/5
f 3917/3917/6 3920/3920/6 3916/3916/6
f 3917/3917/6 3921/3921/6 3920/3920/6
f 3912/3912/84 3921/3921/84 3913/3913/84
f 3912/3912/84 3920/3920/84 3921/3921/84
f 3909/3909/82 3916/3916/82 3908/3908/82
f 3909/3909/82 3917/3917/82 3916/3916/82
f 3909/3909/83 3910/3910/83 3906/3906/83
f 3909/3909/83 3913/3913/83 3910/3910/83
f 3914/3914/81 3921/3921/81 3917/3917/81
f 3914/3914/81 3918/3918/81 3921/3921/81
f 3913/3913/84 3918/3918/84 3910/3910/84
f 3913/3913/84 3921/3921/84 3918/3918/84
f 3906/3906/82 3917/3917/82 3909/3909/82
f 3906/3906/82 3914/3914/82 3917/3917/82
f 3922/3922/6 3929/3929/6 3923/3923/6
f 3922/3922/6 3928/3928/6 3929/3929/6
f 3935/3935/5 3940/3940/5 3934/3934/5
f 3935/3935/5 3941/3941/5 3940/3940/5
f 3928/3928/84 3941/3941/84 3929/3929/84
f 3928/3928/84 3940/3940/84 3941/3941/84
f 3923/3923/82 3934/3934/82 3922/3922/82
f 3923/3923/82 3935/3935/82 3934/3934/82
f 3923/3923/81 3930/3930/81 3924/3924/81
f 3923/3923/81 3929/3929/81 3930/3930/81
f 3936/3936/83 3941/3941/83 3935/3935/83
f 3936/3936/83 3942/3942/83 3941/3941/83
f 3929/3929/84 3942/3942/84 3930/3930/84
f 3929/3929/84 3941/3941/84 3942/3942/84
f 3924/3924/82 3935/3935/82 3923/3923/82
f 3924/3924/82 3936/3936/82 3935/3935/82
f 3924/3924/91 3931/3931/91 3925/3925/91
f 3924/3924/91 3930/3930/91 3931/3931/91
f 3937/3937/92 3942/3942/92 3936/3936/92
f 3937/3937/92 3943/3943/92 3942/3942/92
f 3930/3930/84 3943/3943/84 3931/3931/84
f 3930/3930/84 3942/3942/84 3943/3943/84
f 3925/3925/82 3936/3936/82 3924/3924/82
f 3925/3925/82 3937/3937/82 3936/3936/82
f 3925/3925/5 3932/3932/5 3926/3926/5
f 3925/3925/5 3931/3931/5 3932/3932/5
f 3938/3938/6 3943/3943/6 3937/3937/6
f 3938/3938/6 3944/3944/6 3943/3943/6
f 3931/3931/84 3944/3944/84 3932/3932/84
f 3931/3931/84 3943/3943/84 3944/3944/84
f 3926/3926/82 3937/3937/82 3925/3925/82
f 3926/3926/82 3938/3938/82 3937/3937/82
f 3926/3926/89 3933/3933/89 3927/3927/89
f 3926/3926/89 3932/3932/89 3933/3933/89
f 3939/3939/90 3944/3944/90 3938/3938/90
f 3939/3939/90 3945/3945/90 3944/3944/90
f 3932/3932/84 3945/3945/84 3933/3933/84
f 3932/3932/84 3944/3944/84 3945/3945/84
f 3927/3927/82 3938/3938/82 3926/3926/82
f 3927/3927/82 3939/3939/82 3938/3938/82
f 3927/3927/83 3928/3928/83 3922/3922/83
f 3927/3927/83 3933/3933/83 3928/3928/83
f 3934/3934/81 3945/3945/81 3939/3939/81
f 3934/3934/81 3940/3940/81 3945/3945/81
f 3933/3933/84 3940/3940/84 3928/3928/84
f 3933/3933/84 3945/3945/84 3940/3940/84
f 3922/3922/82 3939/3939/82 3927/3927/82
f 3922/3922/82 3934/3934/82 3939/3939/82
f 3946/3946/81 3951/3951/81 3947/3947/81
f 3946/3946/81 3950/3950/81 3951/3951/81
f 3955/3955/83 3958/3958/83 3954/3954/83
f 3955/3955/83 3959/3959/83 3958/3958/83
f 3950/3950/5 3959/3959/5 3951/3951/5
f 3950/3950/5 3958/3958/5 3959/3959/5
f 3947/3947/6 3954/3954/6 3946/3946/6
f 3947/3947/6 3955/3955/6 3954/3954/6
f 3947/3947/82 3952/3952/82 3948/3948/82
f 3947/3947/82 3951/3951/82 3952/3952/82
f 3956/3956/84 3959/3959/84 3955/3955/84
f 3956/3956/84 3960/3960/84 3959/3959/84
f 3951/3951/5 3960/3960/5 3952/3952/5
f 3951/3951/5 3959/3959/5 3960/3960/5
f 3948/3948/6 3955/3955/6 3947/3947/6
f 3948/3948/6 3956/3956/6 3955/3955/6
f 3948/3948/83 3953/3953/83 3949/3949/83
f 3948/3948/83 3952/3952/83 3953/3953/83
f 3957/3957/81 3960/3960/81 3956/3956/81
f 3957/3957/81 3961/3961/81 3960/3960/81
f 3952/3952/5 3961/3961/5 3953/3953/5
f 3952/3952/5 3960/3960/5 3961/3961/5
f 3949/3949/6 3956/3956/6 3948/3948/6
f 3949/3949/6 3957/3957/6 3956/3956/6
f 3949/3949/84 3950/3950/84 3946/3946/84
f 3949/3949/84 3953/3953/84 3950/3950/84
f 3954/3954/82 3961/3961/82 3957/3957/82
f 3954/3954/82 3958/3958/82 3961/3961/82
f 3953/3953/5 3958/3958/5 3950/3950/5
f 3953/3953/5 3961/3961/5 3958/3958/5
f 3946/3946/6 3957/3957/6 3949/3949/6
f 3946/3946/6 3954/3954/6 3957/3957/6
f 3962/3962/81 3967/3967/81 3963/3963/81
f 3962/3962/81 3966/3966/81 3967/3967/81
f 3971/3971/83 3974/3974/83 3970/3970/83
f 3971/3971/83 3975/3975/83 3974/3974/83
f 3966/3966/5 3975/3975/5 3967/3967/5
f 3966/3966/5 3974/3974/5 3975/3975/5
f 3963/3963/6 3970/3970/6 3962/3962/6
f 3963/3963/6 3971/3971/6 3970/3970/6
f 3963/3963/82 3968/3968/82 3964/3964/82
f 3963/3963/82 3967/3967/82 3968/3968/82
f 3972/3972/84 3975/3975/84 3971/3971/84
f 3972/3972/84 3976/3976/84 3975/3975/84
f 3967/3967/5 3976/3976/5 3968/3968/5
f 3967/3967/5 3975/3975/5 3976/3976/5
f 3964/3964/6 3971/3971/6 3963/3963/6
f 3964/3964/6 3972/3972/6 3971/3971/6
f 3964/3964/83 3969/3969/83 3965/3965/83
f 3964/3964/83 3968/3968/83 3969/3969/83
f 3973/3973/81 3976/3976/81 3972/3972/81
f 3973/3973/81 3977/3977/81 3976/3976/81
f 3968/3968/5 3977/3977/5 3969/3969/5
f 3968/3968/5 3976/3976/5 3977/3977/5
f 3965/3965/6 3972/3972/6 3964/3964/6
f 3965/3965/6 3973/3973/6 3972/3972/6
f 3965/3965/84 3966/3966/84 3962/3962/84
f 3965/3965/84 3969/3969/84 3966/3966/84
f 3970/3970/82 3977/3977/82 3973/3973/82
f 3970/3970/82 3974/3974/82 3977/3977/82
f 3969/3969/5 3974/3974/5 3966/3966/5
f 3969/3969/5 3977/3977/5 3974/3974/5
f 3962/3962/6 3973/3973/6 3965/3965/6
f 3962/3962/6 3970/3970/6 3973/3973/6
f 3978/3978/81 3983/3983/81 3979/3979/81
f 3978/3978/81 3982/3982/81 3983/3983/81
f 3987/3987/83 3990/3990/83 3986/3986/83
f 3987/3987/83 3991/3991/83 3990/3990/83
f 3982/3982/5 3991/3991/5 3983/3983/5
f 3982/3982/5 3990/3990/5 3991/3991/5
f 3979/3979/6 3986/3986/6 3978/3978/6
f 3979/3979/6 3987/3987/6 3986/3986/6
f 3979/3979/82 3984/3984/82 3980/3980/82
f 3979/3979/82 3983/3983/82 3984/3984/82
f 3988/3988/84 3991/3991/84 3987/3987/84
f 3988/3988/84 3992/3992/84 3991/3991/84
f 3983/3983/5 3992/3992/5 3984/3984/5
f 3983/3983/5 3991/3991/5 3992/3992/5
f 3980/3980/6 3987/3987/6 3979/3979/6
f 3980/3980/6 3988/3988/6 3987/3987/6
f 3980/3980/83 3985/3985/83 3981/3981/83
f 3980/3980/83 3984/3984/83 3985/3985/83
f 3989/3989/81 3992/3992/81 3988/3988/81
f 3989/3989/81 3993/3993/81 3992/3992/81
f 3984/3984/5 3993/3993/5 3985/3985/5
f 3984/3984/5 3992/3992/5 3993/3993/5
f 3981/3981/6 3988/3988/6 3980/3980/6
f 3981/3981/6 3989/3989/6 3988/3988/6
f 3981/3981/84 3982/3982/84 3978/3978/84
f 3981/3981/84 3985/3985/84 3982/3982/84
f 3986/3986/82 3993/3993/82 3989/3989/82
f 3986/3986/82 3990/3990/82 3993/3993/82
f 3985/3985/5 3990/3990/5 3982/3982/5
f 3985/3985/5 3993/3993/5 3990/3990/5
f 3978/3978/6 3989/3989/6 3981/3981/6
f 3978/3978/6 3986/3986/6 3989/3989/6
f 3994/3994/82 3995/3995/82 3999/3999/82
f 3994/3994/82 3999/3999/82 3998/3998/82
f 3995/3995/81 3996/3996/81 4000/4000/81
f 3995/3995/81 4000/4000/81 3999/3999/81
f 3996/3996/84 3997/3997/84 4001/4001/84
f 3996/3996/84 4001/4001/84 4000/4000/84
f 3997/3997/83 3994/3994/83 3998/3998/83
f 3997/3997/83 3998/3998/83 4001/4001/83
f 3998/3998/5 3999/3999/5 4000/4000/5
f 3998/3998/5 4000/4000/5 4001/4001/5
f 3997/3997/6 3996/3996/6 3995/3995/6
f 3997/3997/6 3995/3995/6 3994/3994/6
f 4002/4002/83 4003/4003/83 4007/4007/83
f 4002/4002/83 4007/4007/83 4006/4006/83
f 4003/4003/82 4004/4004/82 4008/4008/82
f 4003/4003/82 4008/4008/82 4007/4007/82
f 4004/4004/81 4005/4005/81 4009/4009/81
f 4004/4004/81 4009/4009/81 4008/4008/81
f 4005/4005/84 4002/4002/84 4006/4006/84
f 4005/4005/84 4006/4006/84 4009/4009/84
f 4006/4006/5 4007/4007/5 4008/4008/5
f 4006/4006/5 4008/4008/5 4009/4009/5
f 4005/4005/6 4004/4004/6 4003/4003/6
f 4005/4005/6 4003/4003/6 4002/4002/6
f 4010/4010/82 4011/4011/82 4015/4015/82
f 4010/4010/82 4015/4015/82 4014/4014/82
f 4011/4011/81 4012/4012/81 4016/4016/81
f 4011/4011/81 4016/4016/81 4015/4015/81
f 4012/4012/84 4013/4013/84 4017/4017/84
f 4012/4012/84 4017/4017/84 4016/4016/84
f 4013/4013/83 4010/4010/83 4014/4014/83
f 4013/4013/83 4014/4014/83 4017/4017/83
f 4014/4014/5 4015/4015/5 4016/4016/5
f 4014/4014/5 4016/4016/5 4017/4017/5
f 4013/4013/6 4012/4012/6 4011/4011/6
f 4013/4013/6 4011/4011/6 4010/4010/6
f 4018/4018/83 4019/4019/83 4023/4023/83
f 4018/4018/83 4023/4023/83 4022/4022/83
f 4019/4019/82 4020/4020/82 4024/4024/82
f 4019/4019/82 4024/4024/82 4023/4023/82
f 4020/4020/81 4021/4021/81 4025/4025/81
f 4020/4020/81 4025/4025/81 4024/4024/81
f 4021/4021/84 4018/4018/84 4022/4022/84
f 4021/4021/84 4022/4022/84 4025/4025/84
f 4022/4022/5 4023/4023/5 4024/4024/5
f 4022/4022/5 4024/4024/5 4025/4025/5
f 4021/4021/6 4020/4020/6 4019/4019/6
f 4021/4021/6 4019/4019/6 4018/4018/6
f 4026/4026/83 4027/4027/83 4031/4031/83
f 4026/4026/83 4031/4031/83 4030/4030/83
f 4027/4027/82 4028/4028/82 4032/4032/82
f 4027/4027/82 4032/4032/82 4031/4031/82
f 4028/4028/81 4029/4029/81 4033/4033/81
f 4028/4028/81 4033/4033/81 4032/4032/81
f 4029/4029/84 4026/4026/84 4030/4030/84
f 4029/4029/84 4030/4030/84 4033/4033/84
f 4030/4030/5 4031/4031/5 4032/4032/5
f 4030/4030/5 4032/4032/5 4033/4033/5
f 4029/4029/6 4028/4028/6 4027/4027/6
f 4029/4029/6 4027/4027/6 4026/4026/6
f 4034/4034/84 4035/4035/84 4039/4039/84
f 4034/4034/84 4039/4039/84 4038/4038/84
f 4035/4035/83 4036/4036/83 4040/4040/83
f 4035/4035/83 4040/4040/83 4039/4039/83
f 4036/4036/82 4037/4037/82 4041/4041/82
f 4036/4036/82 4041/4041/82 4040/4040/82
f 4037/4037/81 4034/4034/81 4038/4038/81
f 4037/4037/81 4038/4038/81 4041/4041/81
f 4038/4038/5 4039/4039/5 4040/4040/5
f 4038/4038/5 4040/4040/5 4041/4041/5
f 4037/4037/6 4036/4036/6 4035/4035/6
f 4037/4037/6 4035/4035/6 4034/4034/6
f 4042/4042/83 4043/4043/83 4047/4047/83
f 4042/4042/83 4047/4047/83 4046/4046/83
f 4043/4043/82 4044/4044/82 4048/4048/82
f 4043/4043/82 4048/4048/82 4047/4047/82
f 4044/4044/81 4045/4045/81 4049/4049/81
f 4044/4044/81 4049/4049/81 4048/4048/81
f 4045/4045/84 4042/4042/84 4046/4046/84
f 4045/4045/84 4046/4046/84 4049/4049/84
f 4046/4046/5 4047/4047/5 4048/4048/5
f 4046/4046/5 4048/4048/5 4049/4049/5
f 4045/4045/6 4044/4044/6 4043/4043/6
f 4045/4045/6 4043/4043/6 4042/4042/6
f 4050/4050/84 4051/4051/84 4055/4055/84
f 4050/4050/84 4055/4055/84 4054/4054/84
f 4051/4051/83 4052/4052/83 4056/4056/83
f 4051/4051/83 4056/4056/83 4055/4055/83
f 4052/4052/82 4053/4053/82 4057/4057/82
f 4052/4052/82 4057/4057/82 4056/4056/82
f 4053/4053/81 4050/4050/81 4054/4054/81
f 4053/4053/81 4054/4054/81 4057/4057/81
f 4054/4054/5 4055/4055/5 4056/4056/5
f 4054/4054/5 4056/4056/5 4057/4057/5
f 4053/4053/6 4052/4052/6 4051/4051/6
f 4053/4053/6 4051/4051/6 4050/4050/6
f 4058/4058/84 4059/4059/84 4063/4063/84
f 4058/4058/84 4063/4063/84 4062/4062/84
f 4059/4059/83 4060/4060/83 4064/4064/83
f 4059/4059/83 4064/4064/83 4063/4063/83
f 4060/4060/82 4061/4061/82 4065/4065/82
f 4060/4060/82 4065/4065/82 4064/4064/82
f 4061/4061/81 4058/4058/81 4062/4062/81
f 4061/4061/81 4062/4062/81 4065/4065/81
f 4062/4062/5 4063/4063/5 4064/4064/5
f 4062/4062/5 4064/4064/5 4065/4065/5
f 4061/4061/6 4060/4060/6 4059/4059/6
f 4061/4061/6 4059/4059/6 4058/4058/6
f 4066/4066/81 4067/4067/81 4071/4071/81
f 4066/4066/81 4071/4071/81 4070/4070/81
f 4067/4067/84 4068/4068/84 4072/4072/84
f 4067/4067/84 4072/4072/84 4071/4071/84
f 4068/4068/83 4069/4069/83 4073/4073/83
f 4068/4068/83 4073/4073/83 4072/4072/83
f 4069/4069/82 4066/4066/82 4070/4070/82
f 4069/4069/82 4070/4070/82 4073/4073/82
f 4070/4070/5 4071/4071/5 4072/4072/5
f 4070/4070/5 4072/4072/5 4073/4073/5
f 4069/4069/6 4068/4068/6 4067/4067/6
f 4069/4069/6 4067/4067/6 4066/4066/6
f 4074/4074/84 4075/4075/84 4079/4079/84
f 4074/4074/84 4079/4079/84 4078/4078/84
f 4075/4075/83 4076/4076/83 4080/4080/83
f 4075/4075/83 4080/4080/83 4079/4079/83
f 4076/4076/82 4077/4077/82 4081/4081/82
f 4076/4076/82 4081/4081/82 4080/4080/82
f 4077/4077/81 4074/4074/81 4078/4078/81
f 4077/4077/81 4078/4078/81 4081/4081/81
f 4078/4078/5 4079/4079/5 4080/4080/5
f 4078/4078/5 4080/4080/5 4081/4081/5
f 4077/4077/6 4076/4076/6 4075/4075/6
f 4077/4077/6 4075/4075/6 4074/4074/6
f 4082/4082/81 4083/4083/81 4087/4087/81
f 4082/4082/81 4087/4087/81 4086/4086/81
f 4083/4083/84 4084/4084/84 4088/4088/84
f 4083/4083/84 4088/4088/84 4087/4087/84
f 4084/4084/83 4085/4085/83 4089/4089/83
f 4084/4084/83 4089/4089/83 4088/4088/83
f 4085/4085/82 4082/4082/82 4086/4086/82
f 4085/4085/82 4086/4086/82 4089/4089/82
f 4086/4086/5 4087/4087/5 4088/4088/5
f 4086/4086/5 4088/4088/5 4089/4089/5
f 4085/4085/6 4084/4084/6 4083/4083/6
f 4085/4085/6 4083/4083/6 4082/4082/6
f 4090/4090/81 4091/4091/81 4095/4095/81
f 4090/4090/81 4095/4095/81 4094/4094/81
f 4091/4091/84 4092/4092/84 4096/4096/84
f 4091/4091/84 4096/4096/84 4095/4095/84
f 4092/4092/83 4093/4093/83 4097/4097/83
f 4092/4092/83 4097/4097/83 4096/4096/83
f 4093/4093/82 4090/4090/82 4094/4094/82
f 4093/4093/82 4094/4094/82 4097/4097/82
f 4094/4094/5 4095/4095/5 4096/4096/5
f 4094/4094/5 4096/4096/5 4097/4097/5
f 4093/4093/6 4092/4092/6 4091/4091/6
f 4093/4093/6 4091/4091/6 4090/4090/6
f 4098/4098/82 4099/4099/82 4103/4103/82
f 4098/4098/82 4103/4103/82 4102/4102/82
f 4099/4099/81 4100/4100/81 4104/4104/81
f 4099/4099/81 4104/4104/81 4103/4103/81
f 4100/4100/84 4101/4101/84 4105/4105/84
f 4100/4100/84 4105/4105/84 4104/4104/84
f 4101/4101/83 4098/4098/83 4102/4102/83
f 4101/4101/83 4102/4102/83 4105/4105/83
f 4102/4102/5 4103/4103/5 4104/4104/5
f 4102/4102/5 4104/4104/5 4105/4105/5
f 4101/4101/6 4100/4100/6 4099/4099/6
f 4101/4101/6 4099/4099/6 4098/4098/6
f 4106/4106/81 4107/4107/81 4111/4111/81
f 4106/4106/81 4111/4111/81 4110/4110/81
f 4107/4107/84 4108/4108/84 4112/4112/84
f 4107/4107/84 4112/4112/84 4111/4111/84
f 4108/4108/83 4109/4109/83 4113/4113/83
f 4108/4108/83 4113/4113/83 4112/4112/83
f 4109/4109/82 4106/4106/82 4110/4110/82
f 4109/4109/82 4110/4110/82 4113/4113/82
f 4110/4110/5 4111/4111/5 4112/4112/5
f 4110/4110/5 4112/4112/5 4113/4113/5
f 4109/4109/6 4108/4108/6 4107/4107/6
f 4109/4109/6 4107/4107/6 4106/4106/6
f 4114/4114/82 4115/4115/82 4119/4119/82
f 4114/4114/82 4119/4119/82 4118/4118/82
f 4115/4115/81 4116/4116/81 4120/4120/81
f 4115/4115/81 4120/4120/81 4119/4119/81
f 4116/4116/84 4117/4117/84 4121/4121/84
f 4116/4116/84 4121/4121/84 4120/4120/84
f 4117/4117/83 4114/4114/83 4118/4118/83
f 4117/4117/83 4118/4118/83 4121/4121/83
f 4118/4118/5 4119/4119/5 4120/4120/5
f 4118/4118/5 4120/4120/5 4121/4121/5
f 4117/4117/6 4116/4116/6 4115/4115/6
f 4117/4117/6 4115/4115/6 4114/4114/6
f 4122/4122/93 4127/4127/93 4123/4123/93
f 4122/4122/93 4126/4126/93 4127/4127/93
f 4123/4123/94 4128/4128/94 4124/4124/94
f 4123/4123/94 4127/4127/94 4128/4128/94
f 4124/4124/95 4129/4129/95 4125/4125/95
f 4124/4124/95 4128/4128/95 4129/4129/95
f 4125/4125/96 4126/4126/96 4122/4122/96
f 4125/4125/96 4129/4129/96 4126/4126/96
f 4126/4126/5 4128/4128/5 4127/4127/5
f 4126/4126/5 4129/4129/5 4128/4128/5
f 4125/4125/6 4123/4123/6 4124/4124/6
f 4125/4125/6 4122/4122/6 4123/4123/6
f 4130/4130/97 4135/4135/97 4131/4131/97
f 4130/4130/97 4134/4134/97 4135/4135/97
f 4131/4131/98 4136/4136/98 4132/4132/98
f 4131/4131/98 4135/4135/98 4136/4136/98
f 4132/4132/99 4137/4137/99 4133/4133/99
f 4132/4132/99 4136/4136/99 4137/4137/99
f 4133/4133/100 4134/4134/100 4130/4130/100
f 4133/4133/100 4137/4137/100 4134/4134/100
f 4134/4134/5 4136/4136/5 4135/4135/5
f 4134/4134/5 4137/4137/5 4136/4136/5
f 4133/4133/6 4131/4131/6 4132/4132/6
f 4133/4133/6 4130/4130/6 4131/4131/6
f 4138/4138/6 4143/4143/6 4139/4139/6
f 4138/4138/6 4142/4142/6 4143/4143/6
f 4147/4147/5 4150/4150/5 4146/4146/5
f 4147/4147/5 4151/4151/5 4150/4150/5
f 4142/4142/97 4151/4151/97 4143/4143/97
f 4142/4142/97 4150/4150/97 4151/4151/97
f 4139/4139/99 4146/4146/99 4138/4138/99
f 4139/4139/99 4147/4147/99 4146/4146/99
f 4139/4139/98 4144/4144/98 4140/4140/98
f 4139/4139/98 4143/4143/98 4144/4144/98
f 4148/4148/100 4151/4151/100 4147/4147/100
f 4148/4148/100 4152/4152/100 4151/4151/100
f 4143/4143/97 4152/4152/97 4144/4144/97
f 4143/4143/97 4151/4151/97 4152/4152/97
f 4140/4140/99 4147/4147/99 4139/4139/99
f 4140/4140/99 4148/4148/99 4147/4147/99
f 4140/4140/5 4145/4145/5 4141/4141/5
f 4140/4140/5 4144/4144/5 4145/4145/5
f 4149/4149/6 4152/4152/6 4148/4148/6
f 4149/4149/6 4153/4153/6 4152/4152/6
f 4144/4144/97 4153/4153/97 4145/4145/97
f 4144/4144/97 4152/4152/97 4153/4153/97
f 4141/4141/99 4148/4148/99 4140/4140/99
f 4141/4141/99 4149/4149/99 4148/4148/99
f 4141/4141/100 4142/4142/100 4138/4138/100
f 4141/4141/100 4145/4145/100 4142/4142/100
f 4146/4146/98 4153/4153/98 4149/4149/98
f 4146/4146/98 4150/4150/98 4153/4153/98
f 4145/4145/97 4150/4150/97 4142/4142/97
f 4145/4145/97 4153/4153/97 4150/4150/97
f 4138/4138/99 4149/4149/99 4141/4141/99
f 4138/4138/99 4146/4146/99 4149/4149/99
f 4154/4154/6 4159/4159/6 4155/4155/6
f 4154/4154/6 4158/4158/6 4159/4159/6
f 4163/4163/5 4166/4166/5 4162/4162/5
f 4163/4163/5 4167/4167/5 4166/4166/5
f 4158/4158/97 4167/4167/97 4159/4159/97
f 4158/4158/97 4166/4166/97 4167/4167/97
f 4155/4155/99 4162/4162/99 4154/4154/99
f 4155/4155/99 4163/4163/99 4162/4162/99
f 4155/4155/98 4160/4160/98 4156/4156/98
f 4155/4155/98 4159/4159/98 4160/4160/98
f 4164/4164/100 4167/4167/100 4163/4163/100
f 4164/4164/100 4168/4168/100 4167/4167/100
f 4159/4159/97 4168/4168/97 4160/4160/97
f 4159/4159/97 4167/4167/97 4168/4168/97
f 4156/4156/99 4163/4163/99 4155/4155/99
f 4156/4156/99 4164/4164/99 4163/4163/99
f 4156/4156/5 4161/4161/5 4157/4157/5
f 4156/4156/5 4160/4160/5 4161/4161/5
f 4165/4165/6 4168/4168/6 4164/4164/6
f 4165/4165/6 4169/4169/6 4168/4168/6
f 4160/4160/97 4169/4169/97 4161/4161/97
f 4160/4160/97 4168/4168/97 4169/4169/97
f 4157/4157/99 4164/4164/99 4156/4156/99
f 4157/4157/99 4165/4165/99 4164/4164/99
f 4157/4157/100 4158/4158/100 4154/4154/100
f 4157/4157/100 4161/4161/100 4158/4158/100
f 4162/4162/98 4169/4169/98 4165/4165/98
f 4162/4162/98 4166/4166/98 4169/4169/98
f 4161/4161/97 4166/4166/97 4158/4158/97
f 4161/4161/97 4169/4169/97 4166/4166/97
f 4154/4154/99 4165/4165/99 4157/4157/99
f 4154/4154/99 4162/4162/99 4165/4165/99
f 4170/4170/6 4175/4175/6 4171/4171/6
f 4170/4170/6 4174/4174/6 4175/4175/6
f 4179/4179/5 4182/4182/5 4178/4178/5
f 4179/4179/5 4183/4183/5 4182/4182/5
f 4174/4174/97 4183/4183/97 4175/4175/97
f 4174/4174/97 4182/4182/97 4183/4183/97
f 4171/4171/99 4178/4178/99 4170/4170/99
f 4171/4171/99 4179/4179/99 4178/4178/99
f 4171/4171/98 4176/4176/98 4172/4172/98
f 4171/4171/98 4175/4175/98 4176/4176/98
f 4180/4180/100 4183/4183/100 4179/4179/100
f 4180/4180/100 4184/4184/100 4183/4183/100
f 4175/4175/97 4184/4184/97 4176/4176/97
f 4175/4175/97 4183/4183/97 4184/4184/97
f 4172/4172/99 4179/4179/99 4171/4171/99
f 4172/4172/99 4180/4180/99 4179/4179/99
f 4172/4172/5 4177/4177/5 4173/4173/5
f 4172/4172/5 4176/4176/5 4177/4177/5
f 4181/4181/6 4184/4184/6 4180/4180/6
f 4181/4181/6 4185/4185/6 4184/4184/6
f 4176/4176/97 4185/4185/97 4177/4177/97
f 4176/4176/97 4184/4184/97 4185/4185/97
f 4173/4173/99 4180/4180/99 4172/4172/99
f 4173/4173/99 4181/4181/99 4180/4180/99
f 4173/4173/100 4174/4174/100 4170/4170/100
f 4173/4173/100 4177/4177/100 4174/4174/100
f 4178/4178/98 4185/4185/98 4181/4181/98
f 4178/4178/98 4182/4182/98 4185/4185/98
f 4177/4177/97 4182/4182/97 4174/4174/97
f 4177/4177/97 4185/4185/97 4182/4182/97
f 4170/4170/99 4181/4181/99 4173/4173/99
f 4170/4170/99 4178/4178/99 4181/4181/99
f 4186/4186/6 4191/4191/6 4187/4187/6
f 4186/4186/6 4190/4190/6 4191/4191/6
f 4195/4195/5 4198/4198/5 4194/4194/5
f 4195/4195/5 4199/4199/5 4198/4198/5
f 4190/4190/98 4199/4199/98 4191/4191/98
f 4190/4190/98 4198/4198/98 4199/4199/98
f 4187/4187/100 4194/4194/100 4186/4186/100
f 4187/4187/100 4195/4195/100 4194/4194/100
f 4187/4187/99 4192/4192/99 4188/4188/99
f 4187/4187/99 4191/4191/99 4192/4192/99
f 4196/4196/97 4199/4199/97 4195/4195/97
f 4196/4196/97 4200/4200/97 4199/4199/97
f 4191/4191/98 4200/4200/98 4192/4192/98
f 4191/4191/98 4199/4199/98 4200/4200/98
f 4188/4188/100 4195/4195/100 4187/4187/100
f 4188/4188/100 4196/4196/100 4195/4195/100
f 4188/4188/5 4193/4193/5 4189/4189/5
f 4188/4188/5 4192/4192/5 4193/4193/5
f 4197/4197/6 4200/4200/6 4196/4196/6
f 4197/4197/6 4201/4201/6 4200/4200/6
f 4192/4192/98 4201/4201/98 4193/4193/98
f 4192/4192/98 4200/4200/98 4201/4201/98
f 4189/4189/100 4196/4196/100 4188/4188/100
f 4189/4189/100 4197/4197/100 4196/4196/100
f 4189/4189/97 4190/4190/97 4186/4186/97
f 4189/4189/97 4193/4193/97 4190/4190/97
f 4194/4194/99 4201/4201/99 4197/4197/99
f 4194/4194/99 4198/4198/99 4201/4201/99
f 4193/4193/98 4198/4198/98 4190/4190/98
f 4193/4193/98 4201/4201/98 4198/4198/98
f 4186/4186/100 4197/4197/100 4189/4189/100
f 4186/4186/100 4194/4194/100 4197/4197/100
f 4202/4202/6 4207/4207/6 4203/4203/6
f 4202/4202/6 4206/4206/6 4207/4207/6
f 4211/4211/5 4214/4214/5 4210/4210/5
f 4211/4211/5 4215/4215/5 4214/4214/5
f 4206/4206/98 4215/4215/98 4207/4207/98
f 4206/4206/98 4214/4214/98 4215/4215/98
f 4203/4203/100 4210/4210/100 4202/4202/100
f 4203/4203/100 4211/4211/100 4210/4210/100
f 4203/4203/99 4208/4208/99 4204/4204/99
f 4203/4203/99 4207/4207/99 4208/4208/99
f 4212/4212/97 4215/4215/97 4211/4211/97
f 4212/4212/97 4216/4216/97 4215/4215/97
f 4207/4207/98 4216/4216/98 4208/4208/98
f 4207/4207/98 4215/4215/98 4216/4216/98
f 4204/4204/100 4211/4211/100 4203/4203/100
f 4204/4204/100 4212/4212/100 4211/4211/100
f 4204/4204/5 4209/4209/5 4205/4205/5
f 4204/4204/5 4208/4208/5 4209/4209/5
f 4213/4213/6 4216/4216/6 4212/4212/6
f 4213/4213/6 4217/4217/6 4216/4216/6
f 4208/4208/98 4217/4217/98 4209/4209/98
f 4208/4208/98 4216/4216/98 4217/4217/98
f 4205/4205/100 4212/4212/100 4204/4204/100
f 4205/4205/100 4213/4213/100 4212/4212/100
f 4205/4205/97 4206/4206/97 4202/4202/97
f 4205/4205/97 4209/4209/97 4206/4206/97
f 4210/4210/99 4217/4217/99 4213/4213/99
f 4210/4210/99 4214/4214/99 4217/4217/99
f 4209/4209/98 4214/4214/98 4206/4206/98
f 4209/4209/98 4217/4217/98 4214/4214/98
f 4202/4202/100 4213/4213/100 4205/4205/100
f 4202/4202/100 4210/4210/100 4213/4213/100
f 4218/4218/6 4223/4223/6 4219/4219/6
f 4218/4218/6 4222/4222/6 4223/4223/6
f 4227/4227/5 4230/4230/5 4226/4226/5
f 4227/4227/5 4231/4231/5 4230/4230/5
f 4222/4222/98 4231/4231/98 4223/4223/98
f 4222/4222/98 4230/4230/98 4231/4231/98
f 4219/4219/100 4226/4226/100 4218/4218/100
f 4219/4219/100 4227/4227/100 4226/4226/100
f 4219/4219/99 4224/4224/99 4220/4220/99
f 4219/4219/99 4223/4223/99 4224/4224/99
f 4228/4228/97 4231/4231/97 4227/4227/97
f 4228/4228/97 4232/4232/97 4231/4231/97
f 4223/4223/98 4232/4232/98 4224/4224/98
f 4223/4223/98 4231/4231/98 4232/4232/98
f 4220/4220/100 4227/4227/100 4219/4219/100
f 4220/4220/100 4228/4228/100 4227/4227/100
f 4220/4220/5 4225/4225/5 4221/4221/5
f 4220/4220/5 4224/4224/5 4225/4225/5
f 4229/4229/6 4232/4232/6 4228/4228/6
f 4229/4229/6 4233/4233/6 4232/4232/6
f 4224/4224/98 4233/4233/98 4225/4225/98
f 4224/4224/98 4232/4232/98 4233/4233/98
f 4221/4221/100 4228/4228/100 4220/4220/100
f 4221/4221/100 4229/4229/100 4228/4228/100
f 4221/4221/97 4222/4222/97 4218/4218/97
f 4221/4221/97 4225/4225/97 4222/4222/97
f 4226/4226/99 4233/4233/99 4229/4229/99
f 4226/4226/99 4230/4230/99 4233/4233/99
f 4225/4225/98 4230/4230/98 4222/4222/98
f 4225/4225/98 4233/4233/98 4230/4230/98
f 4218/4218/100 4229/4229/100 4221/4221/100
f 4218/4218/100 4226/4226/100 4229/4229/100
f 4234/4234/100 4235/4235/100 4239/4239/100
f 4234/4234/100 4239/4239/100 4238/4238/100
f 4235/4235/99 4236/4236/99 4240/4240/99
f 4235/4235/99 4240/4240/99 4239/4239/99
f 4236/4236/98 4237/4237/98 4241/4241/98
f 4236/4236/98 4241/4241/98 4240/4240/98
f 4237/4237/97 4234/4234/97 4238/4238/97
f 4237/4237/97 4238/4238/97 4241/4241/97
f 4238/4238/5 4239/4239/5 4240/4240/5
f 4238/4238/5 4240/4240/5 4241/4241/5
f 4237/4237/6 4236/4236/6 4235/4235/6
f 4237/4237/6 4235/4235/6 4234/4234/6
f 4242/4242/6 4247/4247/6 4243/4243/6
f 4242/4242/6 4246/4246/6 4247/4247/6
f 4251/4251/5 4254/4254/5 4250/4250/5
f 4251/4251/5 4255/4255/5 4254/4254/5
f 4246/4246/99 4255/4255/99 4247/4247/99
f 4246/4246/99 4254/4254/99 4255/4255/99
f 4243/4243/97 4250/4250/97 4242/4242/97
f 4243/4243/97 4251/4251/97 4250/4250/97
f 4243/4243/100 4248/4248/100 4244/4244/100
f 4243/4243/100 4247/4247/100 4248/4248/100
f 4252/4252/98 4255/4255/98 4251/4251/98
f 4252/4252/98 4256/4256/98 4255/4255/98
f 4247/4247/99 4256/4256/99 4248/4248/99
f 4247/4247/99 4255/4255/99 4256/4256/99
f 4244/4244/97 4251/4251/97 4243/4243/97
f 4244/4244/97 4252/4252/97 4251/4251/97
f 4244/4244/5 4249/4249/5 4245/4245/5
f 4244/4244/5 4248/4248/5 4249/4249/5
f 4253/4253/6 4256/4256/6 4252/4252/6
f 4253/4253/6 4257/4257/6 4256/4256/6
f 4248/4248/99 4257/4257/99 4249/4249/99
f 4248/4248/99 4256/4256/99 4257/4257/99
f 4245/4245/97 4252/4252/97 4244/4244/97
f 4245/4245/97 4253/4253/97 4252/4252/97
f 4245/4245/98 4246/4246/98 4242/4242/98
f 4245/4245/98 4249/4249/98 4246/4246/98
f 4250/4250/100 4257/4257/100 4253/4253/100
f 4250/4250/100 4254/4254/100 4257/4257/100
f 4249/4249/99 4254/4254/99 4246/4246/99
f 4249/4249/99 4257/4257/99 4254/4254/99
f 4242/4242/97 4253/4253/97 4245/4245/97
f 4242/4242/97 4250/4250/97 4253/4253/97
f 4258/4258/6 4263/4263/6 4259/4259/6
f 4258/4258/6 4262/4262/6 4263/4263/6
f 4267/4267/5 4270/4270/5 4266/4266/5
f 4267/4267/5 4271/4271/5 4270/4270/5
f 4262/4262/99 4271/4271/99 4263/4263/99
f 4262/4262/99 4270/4270/99 4271/4271/99
f 4259/4259/97 4266/4266/97 4258/4258/97
f 4259/4259/97 4267/4267/97 4266/4266/97
f 4259/4259/100 4264/4264/100 4260/4260/100
f 4259/4259/100 4263/4263/100 4264/4264/100
f 4268/4268/98 4271/4271/98 4267/4267/98
f 4268/4268/98 4272/4272/98 4271/4271/98
f 4263/4263/99 4272/4272/99 4264/4264/99
f 4263/4263/99 4271/4271/99 4272/4272/99
f 4260/4260/97 4267/4267/97 4259/4259/97
f 4260/4260/97 4268/4268/97 4267/4267/97
f 4260/4260/5 4265/4265/5 4261/4261/5
f 4260/4260/5 4264/4264/5 4265/4265/5
f 4269/4269/6 4272/4272/6 4268/4268/6
f 4269/4269/6 4273/4273/6 4272/4272/6
f 4264/4264/99 4273/4273/99 4265/4265/99
f 4264/4264/99 4272/4272/99 4273/4273/99
f 4261/4261/97 4268/4268/97 4260/4260/97
f 4261/4261/97 4269/4269/97 4268/4268/97
f 4261/4261/98 4262/4262/98 4258/4258/98
f 4261/4261/98 4265/4265/98 4262/4262/98
f 4266/4266/100 4273/4273/100 4269/4269/100
f 4266/4266/100 4270/4270/100 4273/4273/100
f 4265/4265/99 4270/4270/99 4262/4262/99
f 4265/4265/99 4273/4273/99 4270/4270/99
f 4258/4258/97 4269/4269/97 4261/4261/97
f 4258/4258/97 4266/4266/97 4269/4269/97
f 4274/4274/6 4279/4279/6 4275/4275/6
f 4274/4274/6 4278/4278/6 4279/4279/6
f 4283/4283/5 4286/4286/5 4282/4282/5
f 4283/4283/5 4287/4287/5 4286/4286/5
f 4278/4278/99 4287/4287/99 4279/4279/99
f 4278/4278/99 4286/4286/99 4287/4287/99
f 4275/4275/97 4282/4282/97 4274/4274/97
f 4275/4275/97 4283/4283/97 4282/4282/97
f 4275/4275/100 4280/4280/100 4276/4276/100
f 4275/4275/100 4279/4279/100 4280/4280/100
f 4284/4284/98 4287/4287/98 4283/4283/98
f 4284/4284/98 4288/4288/98 4287/4287/98
f 4279/4279/99 4288/4288/99 4280/4280/99
f 4279/4279/99 4287/4287/99 4288/4288/99
f 4276/4276/97 4283/4283/97 4275/4275/97
f 4276/4276/97 4284/4284/97 4283/4283/97
f 4276/4276/5 4281/4281/5 4277/4277/5
f 4276/4276/5 4280/4280/5 4281/4281/5
f 4285/4285/6 4288/4288/6 4284/4284/6
f 4285/4285/6 4289/4289/6 4288/4288/6
f 4280/4280/99 4289/4289/99 4281/4281/99
f 4280/4280/99 4288/4288/99 4289/4289/99
f 4277/4277/97 4284/4284/97 4276/4276/97
f 4277/4277/97 4285/4285/97 4284/4284/97
f 4277/4277/98 4278/4278/98 4274/4274/98
f 4277/4277/98 4281/4281/98 4278/4278/98
f 4282/4282/100 4289/4289/100 4285/4285/100
f 4282/4282/100 4286/4286/100 4289/4289/100
f 4281/4281/99 4286/4286/99 4278/4278/99
f 4281/4281/99 4289/4289/99 4286/4286/99
f 4274/4274/97 4285/4285/97 4277/4277/97
f 4274/4274/97 4282/4282/97 4285/4285/97
f 4290/4290/6 4295/4295/6 4291/4291/6
f 4290/4290/6 4294/4294/6 4295/4295/6
f 4299/4299/5 4302/4302/5 4298/4298/5
f 4299/4299/5 4303/4303/5 4302/4302/5
f 4294/4294/100 4303/4303/100 4295/4295/100
f 4294/4294/100 4302/4302/100 4303/4303/100
f 4291/4291/98 4298/4298/98 4290/4290/98
f 4291/4291/98 4299/4299/98 4298/4298/98
f 4291/4291/97 4296/4296/97 4292/4292/97
f 4291/4291/97 4295/4295/97 4296/4296/97
f 4300/4300/99 4303/4303/99 4299/4299/99
f 4300/4300/99 4304/4304/99 4303/4303/99
f 4295/4295/100 4304/4304/100 4296/4296/100
f 4295/4295/100 4303/4303/100 4304/4304/100
f 4292/4292/98 4299/4299/98 4291/4291/98
f 4292/4292/98 4300/4300/98 4299/4299/98
f 4292/4292/5 4297/4297/5 4293/4293/5
f 4292/4292/5 4296/4296/5 4297/4297/5
f 4301/4301/6 4304/4304/6 4300/4300/6
f 4301/4301/6 4305/4305/6 4304/4304/6
f 4296/4296/100 4305/4305/100 4297/4297/100
f 4296/4296/100 4304/4304/100 4305/4305/100
f 4293/4293/98 4300/4300/98 4292/4292/98
f 4293/4293/98 4301/4301/98 4300/4300/98
f 4293/4293/99 4294/4294/99 4290/4290/99
f 4293/4293/99 4297/4297/99 4294/4294/99
f 4298/4298/97 4305/4305/97 4301/4301/97
f 4298/4298/97 4302/4302/97 4305/4305/97
f 4297/4297/100 4302/4302/100 4294/4294/100
f 4297/4297/100 4305/4305/100 4302/4302/100
f 4290/4290/98 4301/4301/98 4293/4293/98
f 4290/4290/98 4298/4298/98 4301/4301/98
f 4306/4306/6 4311/4311/6 4307/4307/6
f 4306/4306/6 4310/4310/6 4311/4311/6
f 4315/4315/5 4318/4318/5 4314/4314/5
f 4315/4315/5 4319/4319/5 4318/4318/5
f 4310/4310/100 4319/4319/100 4311/4311/100
f 4310/4310/100 4318/4318/100 4319/4319/100
f 4307/4307/98 4314/4314/98 4306/4306/98
f 4307/4307/98 4315/4315/98 4314/4314/98
f 4307/4307/97 4312/4312/97 4308/4308/97
f 4307/4307/97 4311/4311/97 4312/4312/97
f 4316/4316/99 4319/4319/99 4315/4315/99
f 4316/4316/99 4320/4320/99 4319/4319/99
f 4311/4311/100 4320/4320/100 4312/4312/100
f 4311/4311/100 4319/4319/100 4320/4320/100
f 4308/4308/98 4315/4315/98 4307/4307/98
f 4308/4308/98 4316/4316/98 4315/4315/98
f 4308/4308/5 4313/4313/5 4309/4309/5
f 4308/4308/5 4312/4312/5 4313/4313/5
f 4317/4317/6 4320/4320/6 4316/4316/6
f 4317/4317/6 4321/4321/6 4320/4320/6
f 4312/4312/100 4321/4321/100 4313/4313/100
f 4312/4312/100 4320/4320/100 4321/4321/100
f 4309/4309/98 4316/4316/98 4308/4308/98
f 4309/4309/98 4317/4317/98 4316/4316/98
f 4309/4309/99 4310/4310/99 4306/4306/99
f 4309/4309/99 4313/4313/99 4310/4310/99
f 4314/4314/97 4321/4321/97 4317/4317/97
f 4314/4314/97 4318/4318/97 4321/4321/97
f 4313/4313/100 4318/4318/100 4310/4310/100
f 4313/4313/100 4321/4321/100 4318/4318/100
f 4306/4306/98 4317/4317/98 4309/4309/98
f 4306/4306/98 4314/4314/98 4317/4317/98
f 4322/4322/6 4327/4327/6 4323/4323/6
f 4322/4322/6 4326/4326/6 4327/4327/6
f 4331/4331/5 4334/4334/5 4330/4330/5
f 4331/4331/5 4335/4335/5 4334/4334/5
f 4326/4326/100 4335/4335/100 4327/4327/100
f 4326/4326/100 4334/4334/100 4335/4335/100
f 4323/4323/98 4330/4330/98 4322/4322/98
f 4323/4323/98 4331/4331/98 4330/4330/98
f 4323/4323/97 4328/4328/97 4324/4324/97
f 4323/4323/97 4327/4327/97 4328/4328/97
f 4332/4332/99 4335/4335/99 4331/4331/99
f 4332/4332/99 4336/4336/99 4335/4335/99
f 4327/4327/100 4336/4336/100 4328/4328/100
f 4327/4327/100 4335/4335/100 4336/4336/100
f 4324/4324/98 4331/4331/98 4323/4323/98
f 4324/4324/98 4332/4332/98 4331/4331/98
f 4324/4324/5 4329/4329/5 4325/4325/5
f 4324/4324/5 4328/4328/5 4329/4329/5
f 4333/4333/6 4336/4336/6 4332/4332/6
f 4333/4333/6 4337/4337/6 4336/4336/6
f 4328/4328/100 4337/4337/100 4329/4329/100
f 4328/4328/100 4336/4336/100 4337/4337/100
f 4325/4325/98 4332/4332/98 4324/4324/98
f 4325/4325/98 4333/4333/98 4332/4332/98
f 4325/4325/99 4326/4326/99 4322/4322/99
f 4325/4325/99 4329/4329/99 4326/4326/99
f 4330/4330/97 4337/4337/97 4333/4333/97
f 4330/4330/97 4334/4334/97 4337/4337/97
f 4329/4329/100 4334/4334/100 4326/4326/100
f 4329/4329/100 4337/4337/100 4334/4334/100
f 4322/4322/98 4333/4333/98 4325/4325/98
f 4322/4322/98 4330/4330/98 4333/4333/98
f 4338/4338/97 4343/4343/97 4339/4339/97
f 4338/4338/97 4342/4342/97 4343/4343/97
f 4347/4347/99 4350/4350/99 4346/4346/99
f 4347/4347/99 4351/4351/99 4350/4350/99
f 4342/4342/5 4351/4351/5 4343/4343/5
f 4342/4342/5 4350/4350/5 4351/4351/5
f 4339/4339/6 4346/4346/6 4338/4338/6
f 4339/4339/6 4347/4347/6 4346/4346/6
f 4339/4339/98 4344/4344/98 4340/4340/98
f 4339/4339/98 4343/4343/98 4344/4344/98
f 4348/4348/100 4351/4351/100 4347/4347/100
f 4348/4348/100 4352/4352/100 4351/4351/100
f 4343/4343/5 4352/4352/5 4344/4344/5
f 4343/4343/5 4351/4351/5 4352/4352/5
f 4340/4340/6 4347/4347/6 4339/4339/6
f 4340/4340/6 4348/4348/6 4347/4347/6
f 4340/4340/99 4345/4345/99 4341/4341/99
f 4340/4340/99 4344/4344/99 4345/4345/99
f 4349/4349/97 4352/4352/97 4348/4348/97
f 4349/4349/97 4353/4353/97 4352/4352/97
f 4344/4344/5 4353/4353/5 4345/4345/5
f 4344/4344/5 4352/4352/5 4353/4353/5
f 4341/4341/6 4348/4348/6 4340/4340/6
f 4341/4341/6 4349/4349/6 4348/4348/6
f 4341/4341/100 4342/4342/100 4338/4338/100
f 4341/4341/100 4345/4345/100 4342/4342/100
f 4346/4346/98 4353/4353/98 4349/4349/98
f 4346/4346/98 4350/4350/98 4353/4353/98
f 4345/4345/5 4350/4350/5 4342/4342/5
f 4345/4345/5 4353/4353/5 4350/4350/5
f 4338/4338/6 4349/4349/6 4341/4341/6
f 4338/4338/6 4346/4346/6 4349/4349/6
f 4354/4354/97 4359/4359/97 4355/4355/97
f 4354/4354/97 4358/4358/97 4359/4359/97
f 4363/4363/99 4366/4366/99 4362/4362/99
f 4363/4363/99 4367/4367/99 4366/4366/99
f 4358/4358/5 4367/4367/5 4359/4359/5
f 4358/4358/5 4366/4366/5 4367/4367/5
f 4355/4355/6 4362/4362/6 4354/4354/6
f 4355/4355/6 4363/4363/6 4362/4362/6
f 4355/4355/98 4360/4360/98 4356/4356/98
f 4355/4355/98 4359/4359/98 4360/4360/98
f 4364/4364/100 4367/4367/100 4363/4363/100
f 4364/4364/100 4368/4368/100 4367/4367/100
f 4359/4359/5 4368/4368/5 4360/4360/5
f 4359/4359/5 4367/4367/5 4368/4368/5
f 4356/4356/6 4363/4363/6 4355/4355/6
f 4356/4356/6 4364/4364/6 4363/4363/6
f 4356/4356/99 4361/4361/99 4357/4357/99
f 4356/4356/99 4360/4360/99 4361/4361/99
f 4365/4365/97 4368/4368/97 4364/4364/97
f 4365/4365/97 4369/4369/97 4368/4368/97
f 4360/4360/5 4369/4369/5 4361/4361/5
f 4360/4360/5 4368/4368/5 4369/4369/5
f 4357/4357/6 4364/4364/6 4356/4356/6
f 4357/4357/6 4365/4365/6 4364/4364/6
f 4357/4357/100 4358/4358/100 4354/4354/100
f 4357/4357/100 4361/4361/100 4358/4358/100
f 4362/4362/98 4369/4369/98 4365/4365/98
f 4362/4362/98 4366/4366/98 4369/4369/98
f 4361/4361/5 4366/4366/5 4358/4358/5
f 4361/4361/5 4369/4369/5 4366/4366/5
f 4354/4354/6 4365/4365/6 4357/4357/6
f 4354/4354/6 4362/4362/6 4365/4365/6
f 4370/4370/97 4375/4375/97 4371/4371/97
f 4370/4370/97 4374/4374/97 4375/4375/97
f 4379/4379/99 4382/4382/99 4378/4378/99
f 4379/4379/99 4383/4383/99 4382/4382/99
f 4374/4374/5 4383/4383/5 4375/4375/5
f 4374/4374/5 4382/4382/5 4383/4383/5
f 4371/4371/6 4378/4378/6 4370/4370/6
f 4371/4371/6 4379/4379/6 4378/4378/6
f 4371/4371/98 4376/4376/98 4372/4372/98
f 4371/4371/98 4375/4375/98 4376/4376/98
f 4380/4380/100 4383/4383/100 4379/4379/100
f 4380/4380/100 4384/4384/100 4383/4383/100
f 4375/4375/5 4384/4384/5 4376/4376/5
f 4375/4375/5 4383/4383/5 4384/4384/5
f 4372/4372/6 4379/4379/6 4371/4371/6
f 4372/4372/6 4380/4380/6 4379/4379/6
f 4372/4372/99 4377/4377/99 4373/4373/99
f 4372/4372/99 4376/4376/99 4377/4377/99
f 4381/4381/97 4384/4384/97 4380/4380/97
f 4381/4381/97 4385/4385/97 4384/4384/97
f 4376/4376/5 4385/4385/5 4377/4377/5
f 4376/4376/5 4384/4384/5 4385/4385/5
f 4373/4373/6 4380/4380/6 4372/4372/6
f 4373/4373/6 4381/4381/6 4380/4380/6
f 4373/4373/100 4374/4374/100 4370/4370/100
f 4373/4373/100 4377/4377/100 4374/4374/100
f 4378/4378/98 4385/4385/98 4381/4381/98
f 4378/4378/98 4382/4382/98 4385/4385/98
f 4377/4377/5 4382/4382/5 4374/4374/5
f 4377/4377/5 4385/4385/5 4382/4382/5
f 4370/4370/6 4381/4381/6 4373/4373/6
f 4370/4370/6 4378/4378/6 4381/4381/6
f 4386/4386/98 4387/4387/98 4391/4391/98
f 4386/4386/98 4391/4391/98 4390/4390/98
f 4387/4387/97 4388/4388/97 4392/4392/97
f 4387/4387/97 4392/4392/97 4391/4391/97
f 4388/4388/100 4389/4389/100 4393/4393/100
f 4388/4388/100 4393/4393/100 4392/4392/100
f 4389/4389/99 4386/4386/99 4390/4390/99
f 4389/4389/99 4390/4390/99 4393/4393/99
f 4390/4390/5 4391/4391/5 4392/4392/5
f 4390/4390/5 4392/4392/5 4393/4393/5
f 4389/4389/6 4388/4388/6 4387/4387/6
f 4389/4389/6 4387/4387/6 4386/4386/6
f 4394/4394/99 4395/4395/99 4399/4399/99
f 4394/4394/99 4399/4399/99 4398/4398/99
f 4395/4395/98 4396/4396/98 4400/4400/98
f 4395/4395/98 4400/4400/98 4399/4399/98
f 4396/4396/97 4397/4397/97 4401/4401/97
f 4396/4396/97 4401/4401/97 4400/4400/97
f 4397/4397/100 4394/4394/100 4398/4398/100
f 4397/4397/100 4398/4398/100 4401/4401/100
f 4398/4398/5 4399/4399/5 4400/4400/5
f 4398/4398/5 4400/4400/5 4401/4401/5
f 4397/4397/6 4396/4396/6 4395/4395/6
f 4397/4397/6 4395/4395/6 4394/4394/6
f 4402/4402/98 4403/4403/98 4407/4407/98
f 4402/4402/98 4407/4407/98 4406/4406/98
f 4403/4403/97 4404/4404/97 4408/4408/97
f 4403/4403/97 4408/4408/97 4407/4407/97
f 4404/4404/100 4405/4405/100 4409/4409/100
f 4404/4404/100 4409/4409/100 4408/4408/100
f 4405/4405/99 4402/4402/99 4406/4406/99
f 4405/4405/99 4406/4406/99 4409/4409/99
f 4406/4406/5 4407/4407/5 4408/4408/5
f 4406/4406/5 4408/4408/5 4409/4409/5
f 4405/4405/6 4404/4404/6 4403/4403/6
f 4405/4405/6 4403/4403/6 4402/4402/6
f 4410/4410/99 4411/4411/99 4415/4415/99
f 4410/4410/99 4415/4415/99 4414/4414/99
f 4411/4411/98 4412/4412/98 4416/4416/98
f 4411/4411/98 4416/4416/98 4415/4415/98
f 4412/4412/97 4413/4413/97 4417/4417/97
f 4412/4412/97 4417/4417/97 4416/4416/97
f 4413/4413/100 4410/4410/100 4414/4414/100
f 4413/4413/100 4414/4414/100 4417/4417/100
f 4414/4414/5 4415/4415/5 4416/4416/5
f 4414/4414/5 4416/4416/5 4417/4417/5
f 4413/4413/6 4412/4412/6 4411/4411/6
f 4413/4413/6 4411/4411/6 4410/4410/6
f 4418/4418/99 4419/4419/99 4423/4423/99
f 4418/4418/99 4423/4423/99 4422/4422/99
f 4419/4419/98 4420/4420/98 4424/4424/98
f 4419/4419/98 4424/4424/98 4423/4423/98
f 4420/4420/97 4421/4421/97 4425/4425/97
f 4420/4420/97 4425/4425/97 4424/4424/97
f 4421/4421/100 4418/4418/100 4422/4422/100
f 4421/4421/100 4422/4422/100 4425/4425/100
f 4422/4422/5 4423/4423/5 4424/4424/5
f 4422/4422/5 4424/4424/5 4425/4425/5
f 4421/4421/6 4420/4420/6 4419/4419/6
f 4421/4421/6 4419/4419/6 4418/4418/6
f 4426/4426/100 4427/4427/100 4431/4431/100
f 4426/4426/100 4431/4431/100 4430/4430/100
f 4427/4427/99 4428/4428/99 4432/4432/99
f 4427/4427/99 4432/4432/99 4431/4431/99
f 4428/4428/98 4429/4429/98 4433/4433/98
f 4428/4428/98 4433/4433/98 4432/4432/98
f 4429/4429/97 4426/4426/97 4430/4430/97
f 4429/4429/97 4430/4430/97 4433/4433/97
f 4430/4430/5 4431/4431/5 4432/4432/5
f 4430/4430/5 4432/4432/5 4433/4433/5
f 4429/4429/6 4428/4428/6 4427/4427/6
f 4429/4429/6 4427/4427/6 4426/4426/6
f 4434/4434/99 4435/4435/99 4439/4439/99
f 4434/4434/99 4439/4439/99 4438/4438/99
f 4435/4435/98 4436/4436/98 4440/4440/98
f 4435/4435/98 4440/4440/98 4439/4439/98
f 4436/4436/97 4437/4437/97 4441/4441/97
f 4436/4436/97 4441/4441/97 4440/4440/97
f 4437/4437/100 4434/4434/100 4438/4438/100
f 4437/4437/100 4438/4438/100 4441/4441/100
f 4438/4438/5 4439/4439/5 4440/4440/5
f 4438/4438/5 4440/4440/5 4441/4441/5
f 4437/4437/6 4436/4436/6 4435/4435/6
f 4437/4437/6 4435/4435/6 4434/4434/6
f 4442/4442/100 4443/4443/100 4447/4447/100
f 4442/4442/100 4447/4447/100 4446/4446/100
f 4443/4443/99 4444/4444/99 4448/4448/99
f 4443/4443/99 4448/4448/99 4447/4447/99
f 4444/4444/98 4445/4445/98 4449/4449/98
f 4444/4444/98 4449/4449/98 4448/4448/98
f 4445/4445/97 4442/4442/97 4446/4446/97
f 4445/4445/97 4446/4446/97 4449/4449/97
f 4446/4446/5 4447/4447/5 4448/4448/5
f 4446/4446/5 4448/4448/5 4449/4449/5
f 4445/4445/6 4444/4444/6 4443/4443/6
f 4445/4445/6 4443/4443/6 4442/4442/6
f 4450/4450/100 4451/4451/100 4455/4455/100
f 4450/4450/100 4455/4455/100 4454/4454/100
f 4451/4451/99 4452/4452/99 4456/4456/99
f 4451/4451/99 4456/4456/99 4455/4455/99
f 4452/4452/98 4453/4453/98 4457/4457/98
f 4452/4452/98 4457/4457/98 4456/4456/98
f 4453/4453/97 4450/4450/97 4454/4454/97
f 4453/4453/97 4454/4454/97 4457/4457/97
f 4454/4454/5 4455/4455/5 4456/4456/5
f 4454/4454/5 4456/4456/5 4457/4457/5
f 4453/4453/6 4452/4452/6 4451/4451/6
f 4453/4453/6 4451/4451/6 4450/4450/6
f 4458/4458/97 4459/4459/97 4463/4463/97
f 4458/4458/97 4463/4463/97 4462/4462/97
f 4459/4459/100 4460/4460/100 4464/4464/100
f 4459/4459/100 4464/4464/100 4463/4463/100
f 4460/4460/99 4461/4461/99 4465/4465/99
f 4460/4460/99 4465/4465/99 4464/4464/99
f 4461/4461/98 4458/4458/98 4462/4462/98
f 4461/4461/98 4462/4462/98 4465/4465/98
f 4462/4462/5 4463/4463/5 4464/4464/5
f 4462/4462/5 4464/4464/5 4465/4465/5
f 4461/4461/6 4460/4460/6 4459/4459/6
f 4461/4461/6 4459/4459/6 4458/4458/6
f 4466/4466/100 4467/4467/100 4471/4471/100
f 4466/4466/100 4471/4471/100 4470/4470/100
f 4467/4467/99 4468/4468/99 4472/4472/99
f 4467/4467/99 4472/4472/99 4471/4471/99
f 4468/4468/98 4469/4469/98 4473/4473/98
f 4468/4468/98 4473/4473/98 4472/4472/98
f 4469/4469/97 4466/4466/97 4470/4470/97
f 4469/4469/97 4470/4470/97 4473/4473/97
f 4470/4470/5 4471/4471/5 4472/4472/5
f 4470/4470/5 4472/4472/5 4473/4473/5
f 4469/4469/6 4468/4468/6 4467/4467/6
f 4469/4469/6 4467/4467/6 4466/4466/6
f 4474/4474/97 4475/4475/97 4479/4479/97
f 4474/4474/97 4479/4479/97 4478/4478/97
f 4475/4475/100 4476/4476/100 4480/4480/100
f 4475/4475/100 4480/4480/100 4479/4479/100
f 4476/4476/99 4477/4477/99 4481/4481/99
f 4476/4476/99 4481/4481/99 4480/4480/99
f 4477/4477/98 4474/4474/98 4478/4478/98
f 4477/4477/98 4478/4478/98 4481/4481/98
f 4478/4478/5 4479/4479/5 4480/4480/5
f 4478/4478/5 4480/4480/5 4481/4481/5
f 4477/4477/6 4476/4476/6 4475/4475/6
f 4477/4477/6 4475/4475/6 4474/4474/6
f 4482/4482/97 4483/4483/97 4487/4487/97
f 4482/4482/97 4487/4487/97 4486/4486/97
f 4483/4483/100 4484/4484/100 4488/4488/100
f 4483/4483/100 4488/4488/100 4487/4487/100
f 4484/4484/99 4485/4485/99 4489/4489/99
f 4484/4484/99 4489/4489/99 4488/4488/99
f 4485/4485/98 4482/4482/98 4486/4486/98
f 4485/4485/98 4486/4486/98 4489/4489/98
f 4486/4486/5 4487/4487/5 4488/4488/5
f 4486/4486/5 4488/4488/5 4489/4489/5
f 4485/4485/6 4484/4484/6 4483/4483/6
f 4485/4485/6 4483/4483/6 4482/4482/6
f 4490/4490/98 4491/4491/98 4495/4495/98
f 4490/4490/98 4495/4495/98 4494/4494/98
f 4491/4491/97 4492/4492/97 4496/4496/97
f 4491/4491/97 4496/4496/97 4495/4495/97
f 4492/4492/100 4493/4493/100 4497/4497/100
f 4492/4492/100 4497/4497/100 4496/4496/100
f 4493/4493/99 4490/4490/99 4494/4494/99
f 4493/4493/99 4494/4494/99 4497/4497/99
f 4494/4494/5 4495/4495/5 4496/4496/5
f 4494/4494/5 4496/4496/5 4497/4497/5
f 4493/4493/6 4492/4492/6 4491/4491/6
f 4493/4493/6 4491/4491/6 4490/4490/6
f 4498/4498/97 4499/4499/97 4503/4503/97
f 4498/4498/97 4503/4503/97 4502/4502/97
f 4499/4499/100 4500/4500/100 4504/4504/100
f 4499/4499/100 4504/4504/100 4503/4503/100
f 4500/4500/99 4501/4501/99 4505/4505/99
f 4500/4500/99 4505/4505/99 4504/4504/99
f 4501/4501/98 4498/4498/98 4502/4502/98
f 4501/4501/98 4502/4502/98 4505/4505/98
f 4502/4502/5 4503/4503/5 4504/4504/5
f 4502/4502/5 4504/4504/5 4505/4505/5
f 4501/4501/6 4500/4500/6 4499/4499/6
f 4501/4501/6 4499/4499/6 4498/4498/6
f 4506/4506/98 4507/4507/98 4511/4511/98
f 4506/4506/98 4511/4511/98 4510/4510/98
f 4507/4507/97 4508/4508/97 4512/4512/97
f 4507/4507/97 4512/4512/97 4511/4511/97
f 4508/4508/100 4509/4509/100 4513/4513/100
f 4508/4508/100 4513/4513/100 4512/4512/100
f 4509/4509/99 4506/4506/99 4510/4510/99
f 4509/4509/99 4510/4510/99 4513/4513/99
f 4510/4510/5 4511/4511/5 4512/4512/5
f 4510/4510/5 4512/4512/5 4513/4513/5
f 4509/4509/6 4508/4508/6 4507/4507/6
f 4509/4509/6 4507/4507/6 4506/4506/6
f 4514/4514/1 4519/4519/1 4515/4515/1
f 4514/4514/1 4518/4518/1 4519/4519/1
f 4515/4515/2 4520/4520/2 4516/4516/2
f 4515/4515/2 4519/4519/2 4520/4520/2
f 4516/4516/3 4521/4521/3 4517/4517/3
f 4516/4516/3 4520/4520/3 4521/4521/3
f 4517/4517/4 4518/4518/4 4514/4514/4
f 4517/4517/4 4521/4521/4 4518/4518/4
f 4518/4518/5 4520/4520/5 4519/4519/5
f 4518/4518/5 4521/4521/5 4520/4520/5
f 4517/4517/6 4515/4515/6 4516/4516/6
f 4517/4517/6 4514/4514/6 4515/4515/6
f 4522/4522/6 4527/4527/6 4523/4523/6
f 4522/4522/6 4526/4526/6 4527/4527/6
f 4531/4531/5 4534/4534/5 4530/4530/5
f 4531/4531/5 4535/4535/5 4534/4534/5
f 4526/4526/1 4535/4535/1 4527/4527/1
f 4526/4526/1 4534/4534/1 4535/4535/1
f 4523/4523/3 4530/4530/3 4522/4522/3
f 4523/4523/3 4531/4531/3 4530/4530/3
f 4523/4523/2 4528/4528/2 4524/4524/2
f 4523/4523/2 4527/4527/2 4528/4528/2
f 4532/4532/4 4535/4535/4 4531/4531/4
f 4532/4532/4 4536/4536/4 4535/4535/4
f 4527/4527/1 4536/4536/1 4528/4528/1
f 4527/4527/1 4535/4535/1 4536/4536/1
f 4524/4524/3 4531/4531/3 4523/4523/3
f 4524/4524/3 4532/4532/3 4531/4531/3
f 4524/4524/5 4529/4529/5 4525/4525/5
f 4524/4524/5 4528/4528/5 4529/4529/5
f 4533/4533/6 4536/4536/6 4532/4532/6
f 4533/4533/6 4537/4537/6 4536/4536/6
f 4528/4528/1 4537/4537/1 4529/4529/1
f 4528/4528/1 4536/4536/1 4537/4537/1
f 4525/4525/3 4532/4532/3 4524/4524/3
f 4525/4525/3 4533/4533/3 4532/4532/3
f 4525/4525/4 4526/4526/4 4522/4522/4
f 4525/4525/4 4529/4529/4 4526/4526/4
f 4530/4530/2 4537/4537/2 4533/4533/2
f 4530/4530/2 4534/4534/2 4537/4537/2
f 4529/4529/1 4534/4534/1 4526/4526/1
f 4529/4529/1 4537/4537/1 4534/4534/1
f 4522/4522/3 4533/4533/3 4525/4525/3
f 4522/4522/3 4530/4530/3 4533/4533/3
f 4538/4538/6 4543/4543/6 4539/4539/6
f 4538/4538/6 4542/4542/6 4543/4543/6
f 4547/4547/5 4550/4550/5 4546/4546/5
f 4547/4547/5 4551/4551/5 4550/4550/5
f 4542/4542/1 4551/4551/1 4543/4543/1
f 4542/4542/1 4550/4550/1 4551/4551/1
f 4539/4539/3 4546/4546/3 4538/4538/3
f 4539/4539/3 4547/4547/3 4546/4546/3
f 4539/4539/2 4544/4544/2 4540/4540/2
f 4539/4539/2 4543/4543/2 4544/4544/2
f 4548/4548/4 4551/4551/4 4547/4547/4
f 4548/4548/4 4552/4552/4 4551/4551/4
f 4543/4543/1 4552/4552/1 4544/4544/1
f 4543/4543/1 4551/4551/1 4552/4552/1
f 4540/4540/3 4547/4547/3 4539/4539/3
f 4540/4540/3 4548/4548/3 4547/4547/3
f 4540/4540/5 4545/4545/5 4541/4541/5
f 4540/4540/5 4544/4544/5 4545/4545/5
f 4549/4549/6 4552/4552/6 4548/4548/6
f 4549/4549/6 4553/4553/6 4552/4552/6
f 4544/4544/1 4553/4553/1 4545/4545/1
f 4544/4544/1 4552/4552/1 4553/4553/1
f 4541/4541/3 4548/4548/3 4540/4540/3
f 4541/4541/3 4549/4549/3 4548/4548/3
f 4541/4541/4 4542/4542/4 4538/4538/4
f 4541/4541/4 4545/4545/4 4542/4542/4
f 4546/4546/2 4553/4553/2 4549/4549/2
f 4546/4546/2 4550/4550/2 4553/4553/2
f 4545/4545/1 4550/4550/1 4542/4542/1
f 4545/4545/1 4553/4553/1 4550/4550/1
f 4538/4538/3 4549/4549/3 4541/4541/3
f 4538/4538/3 4546/4546/3 4549/4549/3
f 4554/4554/6 4559/4559/6 4555/4555/6
f 4554/4554/6 4558/4558/6 4559/4559/6
f 4563/4563/5 4566/4566/5 4562/4562/5
f 4563/4563/5 4567/4567/5 4566/4566/5
f 4558/4558/2 4567/4567/2 4559/4559/2
f 4558/4558/2 4566/4566/2 4567/4567/2
f 4555/4555/4 4562/4562/4 4554/4554/4
f 4555/4555/4 4563/4563/4 4562/4562/4
f 4555/4555/3 4560/4560/3 4556/4556/3
f 4555/4555/3 4559/4559/3 4560/4560/3
f 4564/4564/1 4567/4567/1 4563/4563/1
f 4564/4564/1 4568/4568/1 4567/4567/1
f 4559/4559/2 4568/4568/2 4560/4560/2
f 4559/4559/2 4567/4567/2 4568/4568/2
f 4556/4556/4 4563/4563/4 4555/4555/4
f 4556/4556/4 4564/4564/4 4563/4563/4
f 4556/4556/5 4561/4561/5 4557/4557/5
f 4556/4556/5 4560/4560/5 4561/4561/5
f 4565/4565/6 4568/4568/6 4564/4564/6
f 4565/4565/6 4569/4569/6 4568/4568/6
f 4560/4560/2 4569/4569/2 4561/4561/2
f 4560/4560/2 4568/4568/2 4569/4569/2
f 4557/4557/4 4564/4564/4 4556/4556/4
f 4557/4557/4 4565/4565/4 4564/4564/4
f 4557/4557/1 4558/4558/1 4554/4554/1
f 4557/4557/1 4561/4561/1 4558/4558/1
f 4562/4562/3 4569/4569/3 4565/4565/3
f 4562/4562/3 4566/4566/3 4569/4569/3
f 4561/4561/2 4566/4566/2 4558/4558/2
f 4561/4561/2 4569/4569/2 4566/4566/2
f 4554/4554/4 4565/4565/4 4557/4557/4
f 4554/4554/4 4562/4562/4 4565/4565/4
f 4570/4570/6 4575/4575/6 4571/4571/6
f 4570/4570/6 4574/4574/6 4575/4575/6
f 4579/4579/5 4582/4582/5 4578/4578/5
f 4579/4579/5 4583/4583/5 4582/4582/5
f 4574/4574/2 4583/4583/2 4575/4575/2
f 4574/4574/2 4582/4582/2 4583/4583/2
f 4571/4571/4 4578/4578/4 4570/4570/4
f 4571/4571/4 4579/4579/4 4578/4578/4
f 4571/4571/3 4576/4576/3 4572/4572/3
f 4571/4571/3 4575/4575/3 4576/4576/3
f 4580/4580/1 4583/4583/1 4579/4579/1
f 4580/4580/1 4584/4584/1 4583/4583/1
f 4575/4575/2 4584/4584/2 4576/4576/2
f 4575/4575/2 4583/4583/2 4584/4584/2
f 4572/4572/4 4579/4579/4 4571/4571/4
f 4572/4572/4 4580/4580/4 4579/4579/4
f 4572/4572/5 4577/4577/5 4573/4573/5
f 4572/4572/5 4576/4576/5 4577/4577/5
f 4581/4581/6 4584/4584/6 4580/4580/6
f 4581/4581/6 4585/4585/6 4584/4584/6
f 4576/4576/2 4585/4585/2 4577/4577/2
f 4576/4576/2 4584/4584/2 4585/4585/2
f 4573/4573/4 4580/4580/4 4572/4572/4
f 4573/4573/4 4581/4581/4 4580/4580/4
f 4573/4573/1 4574/4574/1 4570/4570/1
f 4573/4573/1 4577/4577/1 4574/4574/1
f 4578/4578/3 4585/4585/3 4581/4581/3
f 4578/4578/3 4582/4582/3 4585/4585/3
f 4577/4577/2 4582/4582/2 4574/4574/2
f 4577/4577/2 4585/4585/2 4582/4582/2
f 4570/4570/4 4581/4581/4 4573/4573/4
f 4570/4570/4 4578/4578/4 4581/4581/4
f 4586/4586/6 4591/4591/6 4587/4587/6
f 4586/4586/6 4590/4590/6 4591/4591/6
f 4595/4595/5 4598/4598/5 4594/4594/5
f 4595/4595/5 4599/4599/5 4598/4598/5
f 4590/4590/2 4599/4599/2 4591/4591/2
f 4590/4590/2 4598/4598/2 4599/4599/2
f 4587/4587/4 4594/4594/4 4586/4586/4
f 4587/4587/4 4595/4595/4 4594/4594/4
f 4587/4587/3 4592/4592/3 4588/4588/3
f 4587/4587/3 4591/4591/3 4592/4592/3
f 4596/4596/1 4599/4599/1 4595/4595/1
f 4596/4596/1 4600/4600/1 4599/4599/1
f 4591/4591/2 4600/4600/2 4592/4592/2
f 4591/4591/2 4599/4599/2 4600/4600/2
f 4588/4588/4 4595/4595/4 4587/4587/4
f 4588/4588/4 4596/4596/4 4595/4595/4
f 4588/4588/5 4593/4593/5 4589/4589/5
f 4588/4588/5 4592/4592/5 4593/4593/5
f 4597/4597/6 4600/4600/6 4596/4596/6
f 4597/4597/6 4601/4601/6 4600/4600/6
f 4592/4592/2 4601/4601/2 4593/4593/2
f 4592/4592/2 4600/4600/2 4601/4601/2
f 4589/4589/4 4596/4596/4 4588/4588/4
f 4589/4589/4 4597/4597/4 4596/4596/4
f 4589/4589/1 4590/4590/1 4586/4586/1
f 4589/4589/1 4593/4593/1 4590/4590/1
f 4594/4594/3 4601/4601/3 4597/4597/3
f 4594/4594/3 4598/4598/3 4601/4601/3
f 4593/4593/2 4598/4598/2 4590/4590/2
f 4593/4593/2 4601/4601/2 4598/4598/2
f 4586/4586/4 4597/4597/4 4589/4589/4
f 4586/4586/4 4594/4594/4 4597/4597/4
f 4602/4602/6 4607/4607/6 4603/4603/6
f 4602/4602/6 4606/4606/6 4607/4607/6
f 4611/4611/5 4614/4614/5 4610/4610/5
f 4611/4611/5 4615/4615/5 4614/4614/5
f 4606/4606/2 4615/4615/2 4607/4607/2
f 4606/4606/2 4614/4614/2 4615/4615/2
f 4603/4603/4 4610/4610/4 4602/4602/4
f 4603/4603/4 4611/4611/4 4610/4610/4
f 4603/4603/3 4608/4608/3 4604/4604/3
f 4603/4603/3 4607/4607/3 4608/4608/3
f 4612/4612/1 4615/4615/1 4611/4611/1
f 4612/4612/1 4616/4616/1 4615/4615/1
f 4607/4607/2 4616/4616/2 4608/4608/2
f 4607/4607/2 4615/4615/2 4616/4616/2
f 4604/4604/4 4611/4611/4 4603/4603/4
f 4604/4604/4 4612/4612/4 4611/4611/4
f 4604/4604/5 4609/4609/5 4605/4605/5
f 4604/4604/5 4608/4608/5 4609/4609/5
f 4613/4613/6 4616/4616/6 4612/4612/6
f 4613/4613/6 4617/4617/6 4616/4616/6
f 4608/4608/2 4617/4617/2 4609/4609/2
f 4608/4608/2 4616/4616/2 4617/4617/2
f 4605/4605/4 4612/4612/4 4604/4604/4
f 4605/4605/4 4613/4613/4 4612/4612/4
f 4605/4605/1 4606/4606/1 4602/4602/1
f 4605/4605/1 4609/4609/1 4606/4606/1
f 4610/4610/3 4617/4617/3 4613/4613/3
f 4610/4610/3 4614/4614/3 4617/4617/3
f 4609/4609/2 4614/4614/2 4606/4606/2
f 4609/4609/2 4617/4617/2 4614/4614/2
f 4602/4602/4 4613/4613/4 4605/4605/4
f 4602/4602/4 4610/4610/4 4613/4613/4
f 4618/4618/6 4625/4625/6 4619/4619/6
f 4618/4618/6 4624/4624/6 4625/4625/6
f 4631/4631/5 4636/4636/5 4630/4630/5
f 4631/4631/5 4637/4637/5 4636/4636/5
f 4624/4624/3 4637/4637/3 4625/4625/3
f 4624/4624/3 4636/4636/3 4637/4637/3
f 4619/4619/1 4630/4630/1 4618/4618/1
f 4619/4619/1 4631/4631/1 4630/4630/1
f 4619/4619/4 4626/4626/4 4620/4620/4
f 4619/4619/4 4625/4625/4 4626/4626/4
f 4632/4632/2 4637/4637/2 4631/4631/2
f 4632/4632/2 4638/4638/2 4637/4637/2
f 4625/4625/3 4638/4638/3 4626/4626/3
f 4625/4625/3 4637/4637/3 4638/4638/3
f 4620/4620/1 4631/4631/1 4619/4619/1
f 4620/4620/1 4632/4632/1 4631/4631/1
f 4620/4620/49 4627/4627/49 4621/4621/49
f 4620/4620/49 4626/4626/49 4627/4627/49
f 4633/4633/50 4638/4638/50 4632/4632/50
f 4633/4633/50 4639/4639/50 4638/4638/50
f 4626/4626/3 4639/4639/3 4627/4627/3
f 4626/4626/3 4638/4638/3 4639/4639/3
f 4621/4621/1 4632/4632/1 4620/4620/1
f 4621/4621/1 4633/4633/1 4632/4632/1
f 4621/4621/5 4628/4628/5 4622/4622/5
f 4621/4621/5 4627/4627/5 4628/4628/5
f 4634/4634/6 4639/4639/6 4633/4633/6
f 4634/4634/6 4640/4640/6 4639/4639/6
f 4627/4627/3 4640/4640/3 4628/4628/3
f 4627/4627/3 4639/4639/3 4640/4640/3
f 4622/4622/1 4633/4633/1 4621/4621/1
f 4622/4622/1 4634/4634/1 4633/4633/1
f 4622/4622/47 4629/4629/47 4623/4623/47
f 4622/4622/47 4628/4628/47 4629/4629/47
f 4635/4635/48 4640/4640/48 4634/4634/48
f 4635/4635/48 4641/4641/48 4640/4640/48
f 4628/4628/3 4641/4641/3 4629/4629/3
f 4628/4628/3 4640/4640/3 4641/4641/3
f 4623/4623/1 4634/4634/1 4622/4622/1
f 4623/4623/1 4635/4635/1 4634/4634/1
f 4623/4623/2 4624/4624/2 4618/4618/2
f 4623/4623/2 4629/4629/2 4624/4624/2
f 4630/4630/4 4641/4641/4 4635/4635/4
f 4630/4630/4 4636/4636/4 4641/4641/4
f 4629/4629/3 4636/4636/3 4624/4624/3
f 4629/4629/3 4641/4641/3 4636/4636/3
f 4618/4618/1 4635/4635/1 4623/4623/1
f 4618/4618/1 4630/4630/1 4635/4635/1
f 4642/4642/6 4647/4647/6 4643/4643/6
f 4642/4642/6 4646/4646/6 4647/4647/6
f 4651/4651/5 4654/4654/5 4650/4650/5
f 4651/4651/5 4655/4655/5 4654/4654/5
f 4646/4646/3 4655/4655/3 4647/4647/3
f 4646/4646/3 4654/4654/3 4655/4655/3
f 4643/4643/1 4650/4650/1 4642/4642/1
f 4643/4643/1 4651/4651/1 4650/4650/1
f 4643/4643/4 4648/4648/4 4644/4644/4
f 4643/4643/4 4647/4647/4 4648/4648/4
f 4652/4652/2 4655/4655/2 4651/4651/2
f 4652/4652/2 4656/4656/2 4655/4655/2
f 4647/4647/3 4656/4656/3 4648/4648/3
f 4647/4647/3 4655/4655/3 4656/4656/3
f 4644/4644/1 4651/4651/1 4643/4643/1
f 4644/4644/1 4652/4652/1 4651/4651/1
f 4644/4644/5 4649/4649/5 4645/4645/5
f 4644/4644/5 4648/4648/5 4649/4649/5
f 4653/4653/6 4656/4656/6 4652/4652/6
f 4653/4653/6 4657/4657/6 4656/4656/6
f 4648/4648/3 4657/4657/3 4649/4649/3
f 4648/4648/3 4656/4656/3 4657/4657/3
f 4645/4645/1 4652/4652/1 4644/4644/1
f 4645/4645/1 4653/4653/1 4652/4652/1
f 4645/4645/2 4646/4646/2 4642/4642/2
f 4645/4645/2 4649/4649/2 4646/4646/2
f 4650/4650/4 4657/4657/4 4653/4653/4
f 4650/4650/4 4654/4654/4 4657/4657/4
f 4649/4649/3 4654/4654/3 4646/4646/3
f 4649/4649/3 4657/4657/3 4654/4654/3
f 4642/4642/1 4653/4653/1 4645/4645/1
f 4642/4642/1 4650/4650/1 4653/4653/1
f 4658/4658/1 4659/4659/1 4663/4663/1
f 4658/4658/1 4663/4663/1 4662/4662/1
f 4659/4659/4 4660/4660/4 4664/4664/4
f 4659/4659/4 4664/4664/4 4663/4663/4
f 4660/4660/3 4661/4661/3 4665/4665/3
f 4660/4660/3 4665/4665/3 4664/4664/3
f 4661/4661/2 4658/4658/2 4662/4662/2
f 4661/4661/2 4662/4662/2 4665/4665/2
f 4662/4662/5 4663/4663/5 4664/4664/5
f 4662/4662/5 4664/4664/5 4665/4665/5
f 4661/4661/6 4660/4660/6 4659/4659/6
f 4661/4661/6 4659/4659/6 4658/4658/6
f 4666/4666/6 4671/4671/6 4667/4667/6
f 4666/4666/6 4670/4670/6 4671/4671/6
f 4675/4675/5 4678/4678/5 4674/4674/5
f 4675/4675/5 4679/4679/5 4678/4678/5
f 4670/4670/4 4679/4679/4 4671/4671/4
f 4670/4670/4 4678/4678/4 4679/4679/4
f 4667/4667/2 4674/4674/2 4666/4666/2
f 4667/4667/2 4675/4675/2 4674/4674/2
f 4667/4667/1 4672/4672/1 4668/4668/1
f 4667/4667/1 4671/4671/1 4672/4672/1
f 4676/4676/3 4679/4679/3 4675/4675/3
f 4676/4676/3 4680/4680/3 4679/4679/3
f 4671/4671/4 4680/4680/4 4672/4672/4
f 4671/4671/4 4679/4679/4 4680/4680/4
f 4668/4668/2 4675/4675/2 4667/4667/2
f 4668/4668/2 4676/4676/2 4675/4675/2
f 4668/4668/5 4673/4673/5 4669/4669/5
f 4668/4668/5 4672/4672/5 4673/4673/5
f 4677/4677/6 4680/4680/6 4676/4676/6
f 4677/4677/6 4681/4681/6 4680/4680/6
f 4672/4672/4 4681/4681/4 4673/4673/4
f 4672/4672/4 4680/4680/4 4681/4681/4
f 4669/4669/2 4676/4676/2 4668/4668/2
f 4669/4669/2 4677/4677/2 4676/4676/2
f 4669/4669/3 4670/4670/3 4666/4666/3
f 4669/4669/3 4673/4673/3 4670/4670/3
f 4674/4674/1 4681/4681/1 4677/4677/1
f 4674/4674/1 4678/4678/1 4681/4681/1
f 4673/4673/4 4678/4678/4 4670/4670/4
f 4673/4673/4 4681/4681/4 4678/4678/4
f 4666/4666/2 4677/4677/2 4669/4669/2
f 4666/4666/2 4674/4674/2 4677/4677/2
f 4682/4682/6 4687/4687/6 4683/4683/6
f 4682/4682/6 4686/4686/6 4687/4687/6
f 4691/4691/5 4694/4694/5 4690/4690/5
f 4691/4691/5 4695/4695/5 4694/4694/5
f 4686/4686/4 4695/4695/4 4687/4687/4
f 4686/4686/4 4694/4694/4 4695/4695/4
f 4683/4683/2 4690/4690/2 4682/4682/2
f 4683/4683/2 4691/4691/2 4690/4690/2
f 4683/4683/1 4688/4688/1 4684/4684/1
f 4683/4683/1 4687/4687/1 4688/4688/1
f 4692/4692/3 4695/4695/3 4691/4691/3
f 4692/4692/3 4696/4696/3 4695/4695/3
f 4687/4687/4 4696/4696/4 4688/4688/4
f 4687/4687/4 4695/4695/4 4696/4696/4
f 4684/4684/2 4691/4691/2 4683/4683/2
f 4684/4684/2 4692/4692/2 4691/4691/2
f 4684/4684/5 4689/4689/5 4685/4685/5
f 4684/4684/5 4688/4688/5 4689/4689/5
f 4693/4693/6 4696/4696/6 4692/4692/6
f 4693/4693/6 4697/4697/6 4696/4696/6
f 4688/4688/4 4697/4697/4 4689/4689/4
f 4688/4688/4 4696/4696/4 4697/4697/4
f 4685/4685/2 4692/4692/2 4684/4684/2
f 4685/4685/2 4693/4693/2 4692/4692/2
f 4685/4685/3 4686/4686/3 4682/4682/3
f 4685/4685/3 4689/4689/3 4686/4686/3
f 4690/4690/1 4697/4697/1 4693/4693/1
f 4690/4690/1 4694/4694/1 4697/4697/1
f 4689/4689/4 4694/4694/4 4686/4686/4
f 4689/4689/4 4697/4697/4 4694/4694/4
f 4682/4682/2 4693/4693/2 4685/4685/2
f 4682/4682/2 4690/4690/2 4693/4693/2
f 4698/4698/6 4703/4703/6 4699/4699/6
f 4698/4698/6 4702/4702/6 4703/4703/6
f 4707/4707/5 4710/4710/5 4706/4706/5
f 4707/4707/5 4711/4711/5 4710/4710/5
f 4702/4702/4 4711/4711/4 4703/4703/4
f 4702/4702/4 4710/4710/4 4711/4711/4
f 4699/4699/2 4706/4706/2 4698/4698/2
f 4699/4699/2 4707/4707/2 4706/4706/2
f 4699/4699/1 4704/4704/1 4700/4700/1
f 4699/4699/1 4703/4703/1 4704/4704/1
f 4708/4708/3 4711/4711/3 4707/4707/3
f 4708/4708/3 4712/4712/3 4711/4711/3
f 4703/4703/4 4712/4712/4 4704/4704/4
f 4703/4703/4 4711/4711/4 4712/4712/4
f 4700/4700/2 4707/4707/2 4699/4699/2
f 4700/4700/2 4708/4708/2 4707/4707/2
f 4700/4700/5 4705/4705/5 4701/4701/5
f 4700/4700/5 4704/4704/5 4705/4705/5
f 4709/4709/6 4712/4712/6 4708/4708/6
f 4709/4709/6 4713/4713/6 4712/4712/6
f 4704/4704/4 4713/4713/4 4705/4705/4
f 4704/4704/4 4712/4712/4 4713/4713/4
f 4701/4701/2 4708/4708/2 4700/4700/2
f 4701/4701/2 4709/4709/2 4708/4708/2
f 4701/4701/3 4702/4702/3 4698/4698/3
f 4701/4701/3 4705/4705/3 4702/4702/3
f 4706/4706/1 4713/4713/1 4709/4709/1
f 4706/4706/1 4710/4710/1 4713/4713/1
f 4705/4705/4 4710/4710/4 4702/4702/4
f 4705/4705/4 4713/4713/4 4710/4710/4
f 4698/4698/2 4709/4709/2 4701/4701/2
f 4698/4698/2 4706/4706/2 4709/4709/2
f 4714/4714/6 4719/4719/6 4715/4715/6
f 4714/4714/6 4718/4718/6 4719/4719/6
f 4723/4723/5 4726/4726/5 4722/4722/5
f 4723/4723/5 4727/4727/5 4726/4726/5
f 4718/4718/4 4727/4727/4 4719/4719/4
f 4718/4718/4 4726/4726/4 4727/4727/4
f 4715/4715/2 4722/4722/2 4714/4714/2
f 4715/4715/2 4723/4723/2 4722/4722/2
f 4715/4715/1 4720/4720/1 4716/4716/1
f 4715/4715/1 4719/4719/1 4720/4720/1
f 4724/4724/3 4727/4727/3 4723/4723/3
f 4724/4724/3 4728/4728/3 4727/4727/3
f 4719/4719/4 4728/4728/4 4720/4720/4
f 4719/4719/4 4727/4727/4 4728/4728/4
f 4716/4716/2 4723/4723/2 4715/4715/2
f 4716/4716/2 4724/4724/2 4723/4723/2
f 4716/4716/5 4721/4721/5 4717/4717/5
f 4716/4716/5 4720/4720/5 4721/4721/5
f 4725/4725/6 4728/4728/6 4724/4724/6
f 4725/4725/6 4729/4729/6 4728/4728/6
f 4720/4720/4 4729/4729/4 4721/4721/4
f 4720/4720/4 4728/4728/4 4729/4729/4
f 4717/4717/2 4724/4724/2 4716/4716/2
f 4717/4717/2 4725/4725/2 4724/4724/2
f 4717/4717/3 4718/4718/3 4714/4714/3
f 4717/4717/3 4721/4721/3 4718/4718/3
f 4722/4722/1 4729/4729/1 4725/4725/1
f 4722/4722/1 4726/4726/1 4729/4729/1
f 4721/4721/4 4726/4726/4 4718/4718/4
f 4721/4721/4 4729/4729/4 4726/4726/4
f 4714/4714/2 4725/4725/2 4717/4717/2
f 4714/4714/2 4722/4722/2 4725/4725/2
f 4730/4730/1 4735/4735/1 4731/4731/1
f 4730/4730/1 4734/4734/1 4735/4735/1
f 4739/4739/3 4742/4742/3 4738/4738/3
f 4739/4739/3 4743/4743/3 4742/4742/3
f 4734/4734/5 4743/4743/5 4735/4735/5
f 4734/4734/5 4742/4742/5 4743/4743/5
f 4731/4731/6 4738/4738/6 4730/4730/6
f 4731/4731/6 4739/4739/6 4738/4738/6
f 4731/4731/2 4736/4736/2 4732/4732/2
f 4731/4731/2 4735/4735/2 4736/4736/2
f 4740/4740/4 4743/4743/4 4739/4739/4
f 4740/4740/4 4744/4744/4 4743/4743/4
f 4735/4735/5 4744/4744/5 4736/4736/5
f 4735/4735/5 4743/4743/5 4744/4744/5
f 4732/4732/6 4739/4739/6 4731/4731/6
f 4732/4732/6 4740/4740/6 4739/4739/6
f 4732/4732/3 4737/4737/3 4733/4733/3
f 4732/4732/3 4736/4736/3 4737/4737/3
f 4741/4741/1 4744/4744/1 4740/4740/1
f 4741/4741/1 4745/4745/1 4744/4744/1
f 4736/4736/5 4745/4745/5 4737/4737/5
f 4736/4736/5 4744/4744/5 4745/4745/5
f 4733/4733/6 4740/4740/6 4732/4732/6
f 4733/4733/6 4741/4741/6 4740/4740/6
f 4733/4733/4 4734/4734/4 4730/4730/4
f 4733/4733/4 4737/4737/4 4734/4734/4
f 4738/4738/2 4745/4745/2 4741/4741/2
f 4738/4738/2 4742/4742/2 4745/4745/2
f 4737/4737/5 4742/4742/5 4734/4734/5
f 4737/4737/5 4745/4745/5 4742/4742/5
f 4730/4730/6 4741/4741/6 4733/4733/6
f 4730/4730/6 4738/4738/6 4741/4741/6
f 4746/4746/1 4751/4751/1 4747/4747/1
f 4746/4746/1 4750/4750/1 4751/4751/1
f 4755/4755/3 4758/4758/3 4754/4754/3
f 4755/4755/3 4759/4759/3 4758/4758/3
f 4750/4750/5 4759/4759/5 4751/4751/5
f 4750/4750/5 4758/4758/5 4759/4759/5
f 4747/4747/6 4754/4754/6 4746/4746/6
f 4747/4747/6 4755/4755/6 4754/4754/6
f 4747/4747/2 4752/4752/2 4748/4748/2
f 4747/4747/2 4751/4751/2 4752/4752/2
f 4756/4756/4 4759/4759/4 4755/4755/4
f 4756/4756/4 4760/4760/4 4759/4759/4
f 4751/4751/5 4760/4760/5 4752/4752/5
f 4751/4751/5 4759/4759/5 4760/4760/5
f 4748/4748/6 4755/4755/6 4747/4747/6
f 4748/4748/6 4756/4756/6 4755/4755/6
f 4748/4748/3 4753/4753/3 4749/4749/3
f 4748/4748/3 4752/4752/3 4753/4753/3
f 4757/4757/1 4760/4760/1 4756/4756/1
f 4757/4757/1 4761/4761/1 4760/4760/1
f 4752/4752/5 4761/4761/5 4753/4753/5
f 4752/4752/5 4760/4760/5 4761/4761/5
f 4749/4749/6 4756/4756/6 4748/4748/6
f 4749/4749/6 4757/4757/6 4756/4756/6
f 4749/4749/4 4750/4750/4 4746/4746/4
f 4749/4749/4 4753/4753/4 4750/4750/4
f 4754/4754/2 4761/4761/2 4757/4757/2
f 4754/4754/2 4758/4758/2 4761/4761/2
f 4753/4753/5 4758/4758/5 4750/4750/5
f 4753/4753/5 4761/4761/5 4758/4758/5
f 4746/4746/6 4757/4757/6 4749/4749/6
f 4746/4746/6 4754/4754/6 4757/4757/6
f 4762/4762/1 4767/4767/1 4763/4763/1
f 4762/4762/1 4766/4766/1 4767/4767/1
f 4771/4771/3 4774/4774/3 4770/4770/3
f 4771/4771/3 4775/4775/3 4774/4774/3
f 4766/4766/5 4775/4775/5 4767/4767/5
f 4766/4766/5 4774/4774/5 4775/4775/5
f 4763/4763/6 4770/4770/6 4762/4762/6
f 4763/4763/6 4771/4771/6 4770/4770/6
f 4763/4763/2 4768/4768/2 4764/4764/2
f 4763/4763/2 4767/4767/2 4768/4768/2
f 4772/4772/4 4775/4775/4 4771/4771/4
f 4772/4772/4 4776/4776/4 4775/4775/4
f 4767/4767/5 4776/4776/5 4768/4768/5
f 4767/4767/5 4775/4775/5 4776/4776/5
f 4764/4764/6 4771/4771/6 4763/4763/6
f 4764/4764/6 4772/4772/6 4771/4771/6
f 4764/4764/3 4769/4769/3 4765/4765/3
f 4764/4764/3 4768/4768/3 4769/4769/3
f 4773/4773/1 4776/4776/1 4772/4772/1
f 4773/4773/1 4777/4777/1 4776/4776/1
f 4768/4768/5 4777/4777/5 4769/4769/5
f 4768/4768/5 4776/4776/5 4777/4777/5
f 4765/4765/6 4772/4772/6 4764/4764/6
f 4765/4765/6 4773/4773/6 4772/4772/6
f 4765/4765/4 4766/4766/4 4762/4762/4
f 4765/4765/4 4769/4769/4 4766/4766/4
f 4770/4770/2 4777/4777/2 4773/4773/2
f 4770/4770/2 4774/4774/2 4777/4777/2
f 4769/4769/5 4774/4774/5 4766/4766/5
f 4769/4769/5 4777/4777/5 4774/4774/5
f 4762/4762/6 4773/4773/6 4765/4765/6
f 4762/4762/6 4770/4770/6 4773/4773/6
f 4778/4778/2 4779/4779/2 4783/4783/2
f 4778/4778/2 4783/4783/2 4782/4782/2
f 4779/4779/1 4780/4780/1 4784/4784/1
f 4779/4779/1 4784/4784/1 4783/4783/1
f 4780/4780/4 4781/4781/4 4785/4785/4
f 4780/4780/4 4785/4785/4 4784/4784/4
f 4781/4781/3 4778/4778/3 4782/4782/3
f 4781/4781/3 4782/4782/3 4785/4785/3
f 4782/4782/5 4783/4783/5 4784/4784/5
f 4782/4782/5 4784/4784/5 4785/4785/5
f 4781/4781/6 4780/4780/6 4779/4779/6
f 4781/4781/6 4779/4779/6 4778/4778/6
f 4786/4786/3 4787/4787/3 4791/4791/3
f 4786/4786/3 4791/4791/3 4790/4790/3
f 4787/4787/2 4788/4788/2 4792/4792/2
f 4787/4787/2 4792/4792/2 4791/4791/2
f 4788/4788/1 4789/4789/1 4793/4793/1
f 4788/4788/1 4793/4793/1 4792/4792/1
f 4789/4789/4 4786/4786/4 4790/4790/4
f 4789/4789/4 4790/4790/4 4793/4793/4
f 4790/4790/5 4791/4791/5 4792/4792/5
f 4790/4790/5 4792/4792/5 4793/4793/5
f 4789/4789/6 4788/4788/6 4787/4787/6
f 4789/4789/6 4787/4787/6 4786/4786/6
f 4794/4794/2 4795/4795/2 4799/4799/2
f 4794/4794/2 4799/4799/2 4798/4798/2
f 4795/4795/1 4796/4796/1 4800/4800/1
f 4795/4795/1 4800/4800/1 4799/4799/1
f 4796/4796/4 4797/4797/4 4801/4801/4
f 4796/4796/4 4801/4801/4 4800/4800/4
f 4797/4797/3 4794/4794/3 4798/4798/3
f 4797/4797/3 4798/4798/3 4801/4801/3
f 4798/4798/5 4799/4799/5 4800/4800/5
f 4798/4798/5 4800/4800/5 4801/4801/5
f 4797/4797/6 4796/4796/6 4795/4795/6
f 4797/4797/6 4795/4795/6 4794/4794/6
f 4802/4802/3 4803/4803/3 4807/4807/3
f 4802/4802/3 4807/4807/3 4806/4806/3
f 4803/4803/2 4804/4804/2 4808/4808/2
f 4803/4803/2 4808/4808/2 4807/4807/2
f 4804/4804/1 4805/4805/1 4809/4809/1
f 4804/4804/1 4809/4809/1 4808/4808/1
f 4805/4805/4 4802/4802/4 4806/4806/4
f 4805/4805/4 4806/4806/4 4809/4809/4
f 4806/4806/5 4807/4807/5 4808/4808/5
f 4806/4806/5 4808/4808/5 4809/4809/5
f 4805/4805/6 4804/4804/6 4803/4803/6
f 4805/4805/6 4803/4803/6 4802/4802/6
f 4810/4810/4 4811/4811/4 4815/4815/4
f 4810/4810/4 4815/4815/4 4814/4814/4
f 4811/4811/3 4812/4812/3 4816/4816/3
f 4811/4811/3 4816/4816/3 4815/4815/3
f 4812/4812/2 4813/4813/2 4817/4817/2
f 4812/4812/2 4817/4817/2 4816/4816/2
f 4813/4813/1 4810/4810/1 4814/4814/1
f 4813/4813/1 4814/4814/1 4817/4817/1
f 4814/4814/5 4815/4815/5 4816/4816/5
f 4814/4814/5 4816/4816/5 4817/4817/5
f 4813/4813/6 4812/4812/6 4811/4811/6
f 4813/4813/6 4811/4811/6 4810/4810/6
f 4818/4818/1 4819/4819/1 4823/4823/1
f 4818/4818/1 4823/4823/1 4822/4822/1
f 4819/4819/4 4820/4820/4 4824/4824/4
f 4819/4819/4 4824/4824/4 4823/4823/4
f 4820/4820/3 4821/4821/3 4825/4825/3
f 4820/4820/3 4825/4825/3 4824/4824/3
f 4821/4821/2 4818/4818/2 4822/4822/2
f 4821/4821/2 4822/4822/2 4825/4825/2
f 4822/4822/5 4823/4823/5 4824/4824/5
f 4822/4822/5 4824/4824/5 4825/4825/5
f 4821/4821/6 4820/4820/6 4819/4819/6
f 4821/4821/6 4819/4819/6 4818/4818/6
f 4826/4826/4 4827/4827/4 4831/4831/4
f 4826/4826/4 4831/4831/4 4830/4830/4
f 4827/4827/3 4828/4828/3 4832/4832/3
f 4827/4827/3 4832/4832/3 4831/4831/3
f 4828/4828/2 4829/4829/2 4833/4833/2
f 4828/4828/2 4833/4833/2 4832/4832/2
f 4829/4829/1 4826/4826/1 4830/4830/1
f 4829/4829/1 4830/4830/1 4833/4833/1
f 4830/4830/5 4831/4831/5 4832/4832/5
f 4830/4830/5 4832/4832/5 4833/4833/5
f 4829/4829/6 4828/4828/6 4827/4827/6
f 4829/4829/6 4827/4827/6 4826/4826/6
f 4834/4834/1 4835/4835/1 4839/4839/1
f 4834/4834/1 4839/4839/1 4838/4838/1
f 4835/4835/4 4836/4836/4 4840/4840/4
f 4835/4835/4 4840/4840/4 4839/4839/4
f 4836/4836/3 4837/4837/3 4841/4841/3
f 4836/4836/3 4841/4841/3 4840/4840/3
f 4837/4837/2 4834/4834/2 4838/4838/2
f 4837/4837/2 4838/4838/2 4841/4841/2
f 4838/4838/5 4839/4839/5 4840/4840/5
f 4838/4838/5 4840/4840/5 4841/4841/5
f 4837/4837/6 4836/4836/6 4835/4835/6
f 4837/4837/6 4835/4835/6 4834/4834/6
f 4842/4842/3 4843/4843/3 4847/4847/3
f 4842/4842/3 4847/4847/3 4846/4846/3
f 4843/4843/2 4844/4844/2 4848/4848/2
f 4843/4843/2 4848/4848/2 4847/4847/2
f 4844/4844/1 4845/4845/1 4849/4849/1
f 4844/4844/1 4849/4849/1 4848/4848/1
f 4845/4845/4 4842/4842/4 4846/4846/4
f 4845/4845/4 4846/4846/4 4849/4849/4
f 4846/4846/5 4847/4847/5 4848/4848/5
f 4846/4846/5 4848/4848/5 4849/4849/5
f 4845/4845/6 4844/4844/6 4843/4843/6
f 4845/4845/6 4843/4843/6 4842/4842/6
f 4850/4850/4 4851/4851/4 4855/4855/4
f 4850/4850/4 4855/4855/4 4854/4854/4
f 4851/4851/3 4852/4852/3 4856/4856/3
f 4851/4851/3 4856/4856/3 4855/4855/3
f 4852/4852/2 4853/4853/2 4857/4857/2
f 4852/4852/2 4857/4857/2 4856/4856/2
f 4853/4853/1 4850/4850/1 4854/4854/1
f 4853/4853/1 4854/4854/1 4857/4857/1
f 4854/4854/5 4855/4855/5 4856/4856/5
f 4854/4854/5 4856/4856/5 4857/4857/5
f 4853/4853/6 4852/4852/6 4851/4851/6
f 4853/4853/6 4851/4851/6 4850/4850/6
f 4858/4858/3 4859/4859/3 4863/4863/3
f 4858/4858/3 4863/4863/3 4862/4862/3
f 4859/4859/2 4860/4860/2 4864/4864/2
f 4859/4859/2 4864/4864/2 4863/4863/2
f 4860/4860/1 4861/4861/1 4865/4865/1
f 4860/4860/1 4865/4865/1 4864/4864/1
f 4861/4861/4 4858/4858/4 4862/4862/4
f 4861/4861/4 4862/4862/4 4865/4865/4
f 4862/4862/5 4863/4863/5 4864/4864/5
f 4862/4862/5 4864/4864/5 4865/4865/5
f 4861/4861/6 4860/4860/6 4859/4859/6
f 4861/4861/6 4859/4859/6 4858/4858/6
f 4866/4866/4 4867/4867/4 4871/4871/4
f 4866/4866/4 4871/4871/4 4870/4870/4
f 4867/4867/3 4868/4868/3 4872/4872/3
f 4867/4867/3 4872/4872/3 4871/4871/3
f 4868/4868/2 4869/4869/2 4873/4873/2
f 4868/4868/2 4873/4873/2 4872/4872/2
f 4869/4869/1 4866/4866/1 4870/4870/1
f 4869/4869/1 4870/4870/1 4873/4873/1
f 4870/4870/5 4871/4871/5 4872/4872/5
f 4870/4870/5 4872/4872/5 4873/4873/5
f 4869/4869/6 4868/4868/6 4867/4867/6
f 4869/4869/6 4867/4867/6 4866/4866/6
f 4874/4874/1 4875/4875/1 4879/4879/1
f 4874/4874/1 4879/4879/1 4878/4878/1
f 4875/4875/4 4876/4876/4 4880/4880/4
f 4875/4875/4 4880/4880/4 4879/4879/4
f 4876/4876/3 4877/4877/3 4881/4881/3
f 4876/4876/3 4881/4881/3 4880/4880/3
f 4877/4877/2 4874/4874/2 4878/4878/2
f 4877/4877/2 4878/4878/2 4881/4881/2
f 4878/4878/5 4879/4879/5 4880/4880/5
f 4878/4878/5 4880/4880/5 4881/4881/5
f 4877/4877/6 4876/4876/6 4875/4875/6
f 4877/4877/6 4875/4875/6 4874/4874/6
f 4882/4882/2 4883/4883/2 4887/4887/2
f 4882/4882/2 4887/4887/2 4886/4886/2
f 4883/4883/1 4884/4884/1 4888/4888/1
f 4883/4883/1 4888/4888/1 4887/4887/1
f 4884/4884/4 4885/4885/4 4889/4889/4
f 4884/4884/4 4889/4889/4 4888/4888/4
f 4885/4885/3 4882/4882/3 4886/4886/3
f 4885/4885/3 4886/4886/3 4889/4889/3
f 4886/4886/5 4887/4887/5 4888/4888/5
f 4886/4886/5 4888/4888/5 4889/4889/5
f 4885/4885/6 4884/4884/6 4883/4883/6
f 4885/4885/6 4883/4883/6 4882/4882/6
f 4890/4890/1 4891/4891/1 4895/4895/1
f 4890/4890/1 4895/4895/1 4894/4894/1
f 4891/4891/4 4892/4892/4 4896/4896/4
f 4891/4891/4 4896/4896/4 4895/4895/4
f 4892/4892/3 4893/4893/3 4897/4897/3
f 4892/4892/3 4897/4897/3 4896/4896/3
f 4893/4893/2 4890/4890/2 4894/4894/2
f 4893/4893/2 4894/4894/2 4897/4897/2
f 4894/4894/5 4895/4895/5 4896/4896/5
f 4894/4894/5 4896/4896/5 4897/4897/5
f 4893/4893/6 4892/4892/6 4891/4891/6
f 4893/4893/6 4891/4891/6 4890/4890/6
f 4898/4898/2 4899/4899/2 4903/4903/2
f 4898/4898/2 4903/4903/2 4902/4902/2
f 4899/4899/1 4900/4900/1 4904/4904/1
f 4899/4899/1 4904/4904/1 4903/4903/1
f 4900/4900/4 4901/4901/4 4905/4905/4
f 4900/4900/4 4905/4905/4 4904/4904/4
f 4901/4901/3 4898/4898/3 4902/4902/3
f 4901/4901/3 4902/4902/3 4905/4905/3
f 4902/4902/5 4903/4903/5 4904/4904/5
f 4902/4902/5 4904/4904/5 4905/4905/5
f 4901/4901/6 4900/4900/6 4899/4899/6
f 4901/4901/6 4899/4899/6 4898/4898/6
f 4906/4906/101 4911/4911/101 4907/4907/101
f 4906/4906/101 4910/4910/101 4911/4911/101
f 4907/4907/102 4912/4912/102 4908/4908/102
f 4907/4907/102 4911/4911/102 4912/4912/102
f 4908/4908/103 4913/4913/103 4909/4909/103
f 4908/4908/103 4912/4912/103 4913/4913/103
f 4909/4909/104 4910/4910/104 4906/4906/104
f 4909/4909/104 4913/4913/104 4910/4910/104
f 4910/4910/5 4912/4912/5 4911/4911/5
f 4910/4910/5 4913/4913/5 4912/4912/5
f 4909/4909/6 4907/4907/6 4908/4908/6
f 4909/4909/6 4906/4906/6 4907/4907/6
f 4914/4914/6 4919/4919/6 4915/4915/6
f 4914/4914/6 4918/4918/6 4919/4919/6
f 4923/4923/5 4926/4926/5 4922/4922/5
f 4923/4923/5 4927/4927/5 4926/4926/5
f 4918/4918/101 4927/4927/101 4919/4919/101
f 4918/4918/101 4926/4926/101 4927/4927/101
f 4915/4915/103 4922/4922/103 4914/4914/103
f 4915/4915/103 4923/4923/103 4922/4922/103
f 4915/4915/102 4920/4920/102 4916/4916/102
f 4915/4915/102 4919/4919/102 4920/4920/102
f 4924/4924/104 4927/4927/104 4923/4923/104
f 4924/4924/104 4928/4928/104 4927/4927/104
f 4919/4919/101 4928/4928/101 4920/4920/101
f 4919/4919/101 4927/4927/101 4928/4928/101
f 4916/4916/103 4923/4923/103 4915/4915/103
f 4916/4916/103 4924/4924/103 4923/4923/103
f 4916/4916/5 4921/4921/5 4917/4917/5
f 4916/4916/5 4920/4920/5 4921/4921/5
f 4925/4925/6 4928/4928/6 4924/4924/6
f 4925/4925/6 4929/4929/6 4928/4928/6
f 4920/4920/101 4929/4929/101 4921/4921/101
f 4920/4920/101 4928/4928/101 4929/4929/101
f 4917/4917/103 4924/4924/103 4916/4916/103
f 4917/4917/103 4925/4925/103 4924/4924/103
f 4917/4917/104 4918/4918/104 4914/4914/104
f 4917/4917/104 4921/4921/104 4918/4918/104
f 4922/4922/102 4929/4929/102 4925/4925/102
f 4922/4922/102 4926/4926/102 4929/4929/102
f 4921/4921/101 4926/4926/101 4918/4918/101
f 4921/4921/101 4929/4929/101 4926/4926/101
f 4914/4914/103 4925/4925/103 4917/4917/103
f 4914/4914/103 4922/4922/103 4925/4925/103
f 4930/4930/6 4935/4935/6 4931/4931/6
f 4930/4930/6 4934/4934/6 4935/4935/6
f 4939/4939/5 4942/4942/5 4938/4938/5
f 4939/4939/5 4943/4943/5 4942/4942/5
f 4934/4934/101 4943/4943/101 4935/4935/101
f 4934/4934/101 4942/4942/101 4943/4943/101
f 4931/4931/103 4938/4938/103 4930/4930/103
f 4931/4931/103 4939/4939/103 4938/4938/103
f 4931/4931/102 4936/4936/102 4932/4932/102
f 4931/4931/102 4935/4935/102 4936/4936/102
f 4940/4940/104 4943/4943/104 4939/4939/104
f 4940/4940/104 4944/4944/104 4943/4943/104
f 4935/4935/101 4944/4944/101 4936/4936/101
f 4935/4935/101 4943/4943/101 4944/4944/101
f 4932/4932/103 4939/4939/103 4931/4931/103
f 4932/4932/103 4940/4940/103 4939/4939/103
f 4932/4932/5 4937/4937/5 4933/4933/5
f 4932/4932/5 4936/4936/5 4937/4937/5
f 4941/4941/6 4944/4944/6 4940/4940/6
f 4941/4941/6 4945/4945/6 4944/4944/6
f 4936/4936/101 4945/4945/101 4937/4937/101
f 4936/4936/101 4944/4944/101 4945/4945/101
f 4933/4933/103 4940/4940/103 4932/4932/103
f 4933/4933/103 4941/4941/103 4940/4940/103
f 4933/4933/104 4934/4934/104 4930/4930/104
f 4933/4933/104 4937/4937/104 4934/4934/104
f 4938/4938/102 4945/4945/102 4941/4941/102
f 4938/4938/102 4942/4942/102 4945/4945/102
f 4937/4937/101 4942/4942/101 4934/4934/101
f 4937/4937/101 4945/4945/101 4942/4942/101
f 4930/4930/103 4941/4941/103 4933/4933/103
f 4930/4930/103 4938/4938/103 4941/4941/103
f 4946/4946/6 4951/4951/6 4947/4947/6
f 4946/4946/6 4950/4950/6 4951/4951/6
f 4955/4955/5 4958/4958/5 4954/4954/5
f 4955/4955/5 4959/4959/5 4958/4958/5
f 4950/4950/101 4959/4959/101 4951/4951/101
f 4950/4950/101 4958/4958/101 4959/4959/101
f 4947/4947/103 4954/4954/103 4946/4946/103
f 4947/4947/103 4955/4955/103 4954/4954/103
f 4947/4947/102 4952/4952/102 4948/4948/102
f 4947/4947/102 4951/4951/102 4952/4952/102
f 4956/4956/104 4959/4959/104 4955/4955/104
f 4956/4956/104 4960/4960/104 4959/4959/104
f 4951/4951/101 4960/4960/101 4952/4952/101
f 4951/4951/101 4959/4959/101 4960/4960/101
f 4948/4948/103 4955/4955/103 4947/4947/103
f 4948/4948/103 4956/4956/103 4955/4955/103
f 4948/4948/5 4953/4953/5 4949/4949/5
f 4948/4948/5 4952/4952/5 4953/4953/5
f 4957/4957/6 4960/4960/6 4956/4956/6
f 4957/4957/6 4961/4961/6 4960/4960/6
f 4952/4952/101 4961/4961/101 4953/4953/101
f 4952/4952/101 4960/4960/101 4961/4961/101
f 4949/4949/103 4956/4956/103 4948/4948/103
f 4949/4949/103 4957/4957/103 4956/4956/103
f 4949/4949/104 4950/4950/104 4946/4946/104
f 4949/4949/104 4953/4953/104 4950/4950/104
f 4954/4954/102 4961/4961/102 4957/4957/102
f 4954/4954/102 4958/4958/102 4961/4961/102
f 4953/4953/101 4958/4958/101 4950/4950/101
f 4953/4953/101 4961/4961/101 4958/4958/101
f 4946/4946/103 4957/4957/103 4949/4949/103
f 4946/4946/103 4954/4954/103 4957/4957/103
f 4962/4962/6 4967/4967/6 4963/4963/6
f 4962/4962/6 4966/4966/6 4967/4967/6
f 4971/4971/5 4974/4974/5 4970/4970/5
f 4971/4971/5 4975/4975/5 4974/4974/5
f 4966/4966/102 4975/4975/102 4967/4967/102
f 4966/4966/102 4974/4974/102 4975/4975/102
f 4963/4963/104 4970/4970/104 4962/4962/104
f 4963/4963/104 4971/4971/104 4970/4970/104
f 4963/4963/103 4968/4968/103 4964/4964/103
f 4963/4963/103 4967/4967/103 4968/4968/103
f 4972/4972/101 4975/4975/101 4971/4971/101
f 4972/4972/101 4976/4976/101 4975/4975/101
f 4967/4967/102 4976/4976/102 4968/4968/102
f 4967/4967/102 4975/4975/102 4976/4976/102
f 4964/4964/104 4971/4971/104 4963/4963/104
f 4964/4964/104 4972/4972/104 4971/4971/104
f 4964/4964/5 4969/4969/5 4965/4965/5
f 4964/4964/5 4968/4968/5 4969/4969/5
f 4973/4973/6 4976/4976/6 4972/4972/6
f 4973/4973/6 4977/4977/6 4976/4976/6
f 4968/4968/102 4977/4977/102 4969/4969/102
f 4968/4968/102 4976/4976/102 4977/4977/102
f 4965/4965/104 4972/4972/104 4964/4964/104
f 4965/4965/104 4973/4973/104 4972/4972/104
f 4965/4965/101 4966/4966/101 4962/4962/101
f 4965/4965/101 4969/4969/101 4966/4966/101
f 4970/4970/103 4977/4977/103 4973/4973/103
f 4970/4970/103 4974/4974/103 4977/4977/103
f 4969/4969/102 4974/4974/102 4966/4966/102
f 4969/4969/102 4977/4977/102 4974/4974/102
f 4962/4962/104 4973/4973/104 4965/4965/104
f 4962/4962/104 4970/4970/104 4973/4973/104
f 4978/4978/6 4983/4983/6 4979/4979/6
f 4978/4978/6 4982/4982/6 4983/4983/6
f 4987/4987/5 4990/4990/5 4986/4986/5
f 4987/4987/5 4991/4991/5 4990/4990/5
f 4982/4982/103 4991/4991/103 4983/4983/103
f 4982/4982/103 4990/4990/103 4991/4991/103
f 4979/4979/101 4986/4986/101 4978/4978/101
f 4979/4979/101 4987/4987/101 4986/4986/101
f 4979/4979/104 4984/4984/104 4980/4980/104
f 4979/4979/104 4983/4983/104 4984/4984/104
f 4988/4988/102 4991/4991/102 4987/4987/102
f 4988/4988/102 4992/4992/102 4991/4991/102
f 4983/4983/103 4992/4992/103 4984/4984/103
f 4983/4983/103 4991/4991/103 4992/4992/103
f 4980/4980/101 4987/4987/101 4979/4979/101
f 4980/4980/101 4988/4988/101 4987/4987/101
f 4980/4980/5 4985/4985/5 4981/4981/5
f 4980/4980/5 4984/4984/5 4985/4985/5
f 4989/4989/6 4992/4992/6 4988/4988/6
f 4989/4989/6 4993/4993/6 4992/4992/6
f 4984/4984/103 4993/4993/103 4985/4985/103
f 4984/4984/103 4992/4992/103 4993/4993/103
f 4981/4981/101 4988/4988/101 4980/4980/101
f 4981/4981/101 4989/4989/101 4988/4988/101
f 4981/4981/102 4982/4982/102 4978/4978/102
f 4981/4981/102 4985/4985/102 4982/4982/102
f 4986/4986/104 4993/4993/104 4989/4989/104
f 4986/4986/104 4990/4990/104 4993/4993/104
f 4985/4985/103 4990/4990/103 4982/4982/103
f 4985/4985/103 4993/4993/103 4990/4990/103
f 4978/4978/101 4989/4989/101 4981/4981/101
f 4978/4978/101 4986/4986/101 4989/4989/101
f 4994/4994/6 4999/4999/6 4995/4995/6
f 4994/4994/6 4998/4998/6 4999/4999/6
f 5003/5003/5 5006/5006/5 5002/5002/5
f 5003/5003/5 5007/5007/5 5006/5006/5
f 4998/4998/103 5007/5007/103 4999/4999/103
f 4998/4998/103 5006/5006/103 5007/5007/103
f 4995/4995/101 5002/5002/101 4994/4994/101
f 4995/4995/101 5003/5003/101 5002/5002/101
f 4995/4995/104 5000/5000/104 4996/4996/104
f 4995/4995/104 4999/4999/104 5000/5000/104
f 5004/5004/102 5007/5007/102 5003/5003/102
f 5004/5004/102 5008/5008/102 5007/5007/102
f 4999/4999/103 5008/5008/103 5000/5000/103
f 4999/4999/103 5007/5007/103 5008/5008/103
f 4996/4996/101 5003/5003/101 4995/4995/101
f 4996/4996/101 5004/5004/101 5003/5003/101
f 4996/4996/5 5001/5001/5 4997/4997/5
f 4996/4996/5 5000/5000/5 5001/5001/5
f 5005/5005/6 5008/5008/6 5004/5004/6
f 5005/5005/6 5009/5009/6 5008/5008/6
f 5000/5000/103 5009/5009/103 5001/5001/103
f 5000/5000/103 5008/5008/103 5009/5009/103
f 4997/4997/101 5004/5004/101 4996/4996/101
f 4997/4997/101 5005/5005/101 5004/5004/101
f 4997/4997/102 4998/4998/102 4994/4994/102
f 4997/4997/102 5001/5001/102 4998/4998/102
f 5002/5002/104 5009/5009/104 5005/5005/104
f 5002/5002/104 5006/5006/104 5009/5009/104
f 5001/5001/103 5006/5006/103 4998/4998/103
f 5001/5001/103 5009/5009/103 5006/5006/103
f 4994/4994/101 5005/5005/101 4997/4997/101
f 4994/4994/101 5002/5002/101 5005/5005/101
f 5010/5010/6 5017/5017/6 5011/5011/6
f 5010/5010/6 5016/5016/6 5017/5017/6
f 5023/5023/5 5028/5028/5 5022/5022/5
f 5023/5023/5 5029/5029/5 5028/5028/5
f 5016/5016/103 5029/5029/103 5017/5017/103
f 5016/5016/103 5028/5028/103 5029/5029/103
f 5011/5011/101 5022/5022/101 5010/5010/101
f 5011/5011/101 5023/5023/101 5022/5022/101
f 5011/5011/104 5018/5018/104 5012/5012/104
f 5011/5011/104 5017/5017/104 5018/5018/104
f 5024/5024/102 5029/5029/102 5023/5023/102
f 5024/5024/102 5030/5030/102 5029/5029/102
f 5017/5017/103 5030/5030/103 5018/5018/103
f 5017/5017/103 5029/5029/103 5030/5030/103
f 5012/5012/101 5023/5023/101 5011/5011/101
f 5012/5012/101 5024/5024/101 5023/5023/101
f 5012/5012/105 5019/5019/105 5013/5013/105
f 5012/5012/105 5018/5018/105 5019/5019/105
f 5025/5025/106 5030/5030/106 5024/5024/106
f 5025/5025/106 5031/5031/106 5030/5030/106
f 5018/5018/103 5031/5031/103 5019/5019/103
f 5018/5018/103 5030/5030/103 5031/5031/103
f 5013/5013/101 5024/5024/101 5012/5012/101
f 5013/5013/101 5025/5025/101 5024/5024/101
f 5013/5013/5 5020/5020/5 5014/5014/5
f 5013/5013/5 5019/5019/5 5020/5020/5
f 5026/5026/6 5031/5031/6 5025/5025/6
f 5026/5026/6 5032/5032/6 5031/5031/6
f 5019/5019/103 5032/5032/103 5020/5020/103
f 5019/5019/103 5031/5031/103 5032/5032/103
f 5014/5014/101 5025/5025/101 5013/5013/101
f 5014/5014/101 5026/5026/101 5025/5025/101
f 5014/5014/107 5021/5021/107 5015/5015/107
f 5014/5014/107 5020/5020/107 5021/5021/107
f 5027/5027/108 5032/5032/108 5026/5026/108
f 5027/5027/108 5033/5033/108 5032/5032/108
f 5020/5020/103 5033/5033/103 5021/5021/103
f 5020/5020/103 5032/5032/103 5033/5033/103
f 5015/5015/101 5026/5026/101 5014/5014/101
f 5015/5015/101 5027/5027/101 5026/5026/101
f 5015/5015/102 5016/5016/102 5010/5010/102
f 5015/5015/102 5021/5021/102 5016/5016/102
f 5022/5022/104 5033/5033/104 5027/5027/104
f 5022/5022/104 5028/5028/104 5033/5033/104
f 5021/5021/103 5028/5028/103 5016/5016/103
f 5021/5021/103 5033/5033/103 5028/5028/103
f 5010/5010/101 5027/5027/101 5015/5015/101
f 5010/5010/101 5022/5022/101 5027/5027/101
f 5034/5034/101 5035/5035/101 5039/5039/101
f 5034/5034/101 5039/5039/101 5038/5038/101
f 5035/5035/104 5036/5036/104 5040/5040/104
f 5035/5035/104 5040/5040/104 5039/5039/104
f 5036/5036/103 5037/5037/103 5041/5041/103
f 5036/5036/103 5041/5041/103 5040/5040/103
f 5037/5037/102 5034/5034/102 5038/5038/102
f 5037/5037/102 5038/5038/102 5041/5041/102
f 5038/5038/5 5039/5039/5 5040/5040/5
f 5038/5038/5 5040/5040/5 5041/5041/5
f 5037/5037/6 5036/5036/6 5035/5035/6
f 5037/5037/6 5035/5035/6 5034/5034/6
f 5042/5042/6 5047/5047/6 5043/5043/6
f 5042/5042/6 5046/5046/6 5047/5047/6
f 5051/5051/5 5054/5054/5 5050/5050/5
f 5051/5051/5 5055/5055/5 5054/5054/5
f 5046/5046/104 5055/5055/104 5047/5047/104
f 5046/5046/104 5054/5054/104 5055/5055/104
f 5043/5043/102 5050/5050/102 5042/5042/102
f 5043/5043/102 5051/5051/102 5050/5050/102
f 5043/5043/101 5048/5048/101 5044/5044/101
f 5043/5043/101 5047/5047/101 5048/5048/101
f 5052/5052/103 5055/5055/103 5051/5051/103
f 5052/5052/103 5056/5056/103 5055/5055/103
f 5047/5047/104 5056/5056/104 5048/5048/104
f 5047/5047/104 5055/5055/104 5056/5056/104
f 5044/5044/102 5051/5051/102 5043/5043/102
f 5044/5044/102 5052/5052/102 5051/5051/102
f 5044/5044/5 5049/5049/5 5045/5045/5
f 5044/5044/5 5048/5048/5 5049/5049/5
f 5053/5053/6 5056/5056/6 5052/5052/6
f 5053/5053/6 5057/5057/6 5056/5056/6
f 5048/5048/104 5057/5057/104 5049/5049/104
f 5048/5048/104 5056/5056/104 5057/5057/104
f 5045/5045/102 5052/5052/102 5044/5044/102
f 5045/5045/102 5053/5053/102 5052/5052/102
f 5045/5045/103 5046/5046/103 5042/5042/103
f 5045/5045/103 5049/5049/103 5046/5046/103
f 5050/5050/101 5057/5057/101 5053/5053/101
f 5050/5050/101 5054/5054/101 5057/5057/101
f 5049/5049/104 5054/5054/104 5046/5046/104
f 5049/5049/104 5057/5057/104 5054/5054/104
f 5042/5042/102 5053/5053/102 5045/5045/102
f 5042/5042/102 5050/5050/102 5053/5053/102
f 5058/5058/101 5063/5063/101 5059/5059/101
f 5058/5058/101 5062/5062/101 5063/5063/101
f 5067/5067/103 5070/5070/103 5066/5066/103
f 5067/5067/103 5071/5071/103 5070/5070/103
f 5062/5062/5 5071/5071/5 5063/5063/5
f 5062/5062/5 5070/5070/5 5071/5071/5
f 5059/5059/6 5066/5066/6 5058/5058/6
f 5059/5059/6 5067/5067/6 5066/5066/6
f 5059/5059/102 5064/5064/102 5060/5060/102
f 5059/5059/102 5063/5063/102 5064/5064/102
f 5068/5068/104 5071/5071/104 5067/5067/104
f 5068/5068/104 5072/5072/104 5071/5071/104
f 5063/5063/5 5072/5072/5 5064/5064/5
f 5063/5063/5 5071/5071/5 5072/5072/5
f 5060/5060/6 5067/5067/6 5059/5059/6
f 5060/5060/6 5068/5068/6 5067/5067/6
f 5060/5060/103 5065/5065/103 5061/5061/103
f 5060/5060/103 5064/5064/103 5065/5065/103
f 5069/5069/101 5072/5072/101 5068/5068/101
f 5069/5069/101 5073/5073/101 5072/5072/101
f 5064/5064/5 5073/5073/5 5065/5065/5
f 5064/5064/5 5072/5072/5 5073/5073/5
f 5061/5061/6 5068/5068/6 5060/5060/6
f 5061/5061/6 5069/5069/6 5068/5068/6
f 5061/5061/104 5062/5062/104 5058/5058/104
f 5061/5061/104 5065/5065/104 5062/5062/104
f 5066/5066/102 5073/5073/102 5069/5069/102
f 5066/5066/102 5070/5070/102 5073/5073/102
f 5065/5065/5 5070/5070/5 5062/5062/5
f 5065/5065/5 5073/5073/5 5070/5070/5
f 5058/5058/6 5069/5069/6 5061/5061/6
f 5058/5058/6 5066/5066/6 5069/5069/6
f 5074/5074/101 5079/5079/101 5075/5075/101
f 5074/5074/101 5078/5078/101 5079/5079/101
f 5083/5083/103 5086/5086/103 5082/5082/103
f 5083/5083/103 5087/5087/103 5086/5086/103
f 5078/5078/5 5087/5087/5 5079/5079/5
f 5078/5078/5 5086/5086/5 5087/5087/5
f 5075/5075/6 5082/5082/6 5074/5074/6
f 5075/5075/6 5083/5083/6 5082/5082/6
f 5075/5075/102 5080/5080/102 5076/5076/102
f 5075/5075/102 5079/5079/102 5080/5080/102
f 5084/5084/104 5087/5087/104 5083/5083/104
f 5084/5084/104 5088/5088/104 5087/5087/104
f 5079/5079/5 5088/5088/5 5080/5080/5
f 5079/5079/5 5087/5087/5 5088/5088/5
f 5076/5076/6 5083/5083/6 5075/5075/6
f 5076/5076/6 5084/5084/6 5083/5083/6
f 5076/5076/103 5081/5081/103 5077/5077/103
f 5076/5076/103 5080/5080/103 5081/5081/103
f 5085/5085/101 5088/5088/101 5084/5084/101
f 5085/5085/101 5089/5089/101 5088/5088/101
f 5080/5080/5 5089/5089/5 5081/5081/5
f 5080/5080/5 5088/5088/5 5089/5089/5
f 5077/5077/6 5084/5084/6 5076/5076/6
f 5077/5077/6 5085/5085/6 5084/5084/6
f 5077/5077/104 5078/5078/104 5074/5074/104
f 5077/5077/104 5081/5081/104 5078/5078/104
f 5082/5082/102 5089/5089/102 5085/5085/102
f 5082/5082/102 5086/5086/102 5089/5089/102
f 5081/5081/5 5086/5086/5 5078/5078/5
f 5081/5081/5 5089/5089/5 5086/5086/5
f 5074/5074/6 5085/5085/6 5077/5077/6
f 5074/5074/6 5082/5082/6 5085/5085/6
f 5090/5090/101 5095/5095/101 5091/5091/101
f 5090/5090/101 5094/5094/101 5095/5095/101
f 5099/5099/103 5102/5102/103 5098/5098/103
f 5099/5099/103 5103/5103/103 5102/5102/103
f 5094/5094/5 5103/5103/5 5095/5095/5
f 5094/5094/5 5102/5102/5 5103/5103/5
f 5091/5091/6 5098/5098/6 5090/5090/6
f 5091/5091/6 5099/5099/6 5098/5098/6
f 5091/5091/102 5096/5096/102 5092/5092/102
f 5091/5091/102 5095/5095/102 5096/5096/102
f 5100/5100/104 5103/5103/104 5099/5099/104
f 5100/5100/104 5104/5104/104 5103/5103/104
f 5095/5095/5 5104/5104/5 5096/5096/5
f 5095/5095/5 5103/5103/5 5104/5104/5
f 5092/5092/6 5099/5099/6 5091/5091/6
f 5092/5092/6 5100/5100/6 5099/5099/6
f 5092/5092/103 5097/5097/103 5093/5093/103
f 5092/5092/103 5096/5096/103 5097/5097/103
f 5101/5101/101 5104/5104/101 5100/5100/101
f 5101/5101/101 5105/5105/101 5104/5104/101
f 5096/5096/5 5105/5105/5 5097/5097/5
f 5096/5096/5 5104/5104/5 5105/5105/5
f 5093/5093/6 5100/5100/6 5092/5092/6
f 5093/5093/6 5101/5101/6 5100/5100/6
f 5093/5093/104 5094/5094/104 5090/5090/104
f 5093/5093/104 5097/5097/104 5094/5094/104
f 5098/5098/102 5105/5105/102 5101/5101/102
f 5098/5098/102 5102/5102/102 5105/5105/102
f 5097/5097/5 5102/5102/5 5094/5094/5
f 5097/5097/5 5105/5105/5 5102/5102/5
f 5090/5090/6 5101/5101/6 5093/5093/6
f 5090/5090/6 5098/5098/6 5101/5101/6
f 5106/5106/103 5107/5107/103 5111/5111/103
f 5106/5106/103 5111/5111/103 5110/5110/103
f 5107/5107/102 5108/5108/102 5112/5112/102
f 5107/5107/102 5112/5112/102 5111/5111/102
f 5108/5108/101 5109/5109/101 5113/5113/101
f 5108/5108/101 5113/5113/101 5112/5112/101
f 5109/5109/104 5106/5106/104 5110/5110/104
f 5109/5109/104 5110/5110/104 5113/5113/104
f 5110/5110/5 5111/5111/5 5112/5112/5
f 5110/5110/5 5112/5112/5 5113/5113/5
f 5109/5109/6 5108/5108/6 5107/5107/6
f 5109/5109/6 5107/5107/6 5106/5106/6
f 5114/5114/104 5115/5115/104 5119/5119/104
f 5114/5114/104 5119/5119/104 5118/5118/104
f 5115/5115/103 5116/5116/103 5120/5120/103
f 5115/5115/103 5120/5120/103 5119/5119/103
f 5116/5116/102 5117/5117/102 5121/5121/102
f 5116/5116/102 5121/5121/102 5120/5120/102
f 5117/5117/101 5114/5114/101 5118/5118/101
f 5117/5117/101 5118/5118/101 5121/5121/101
f 5118/5118/5 5119/5119/5 5120/5120/5
f 5118/5118/5 5120/5120/5 5121/5121/5
f 5117/5117/6 5116/5116/6 5115/5115/6
f 5117/5117/6 5115/5115/6 5114/5114/6
f 5122/5122/103 5123/5123/103 5127/5127/103
f 5122/5122/103 5127/5127/103 5126/5126/103
f 5123/5123/102 5124/5124/102 5128/5128/102
f 5123/5123/102 5128/5128/102 5127/5127/102
f 5124/5124/101 5125/5125/101 5129/5129/101
f 5124/5124/101 5129/5129/101 5128/5128/101
f 5125/5125/104 5122/5122/104 5126/5126/104
f 5125/5125/104 5126/5126/104 5129/5129/104
f 5126/5126/5 5127/5127/5 5128/5128/5
f 5126/5126/5 5128/5128/5 5129/5129/5
f 5125/5125/6 5124/5124/6 5123/5123/6
f 5125/5125/6 5123/5123/6 5122/5122/6
f 5130/5130/104 5131/5131/104 5135/5135/104
f 5130/5130/104 5135/5135/104 5134/5134/104
f 5131/5131/103 5132/5132/103 5136/5136/103
f 5131/5131/103 5136/5136/103 5135/5135/103
f 5132/5132/102 5133/5133/102 5137/5137/102
f 5132/5132/102 5137/5137/102 5136/5136/102
f 5133/5133/101 5130/5130/101 5134/5134/101
f 5133/5133/101 5134/5134/101 5137/5137/101
f 5134/5134/5 5135/5135/5 5136/5136/5
f 5134/5134/5 5136/5136/5 5137/5137/5
f 5133/5133/6 5132/5132/6 5131/5131/6
f 5133/5133/6 5131/5131/6 5130/5130/6
f 5138/5138/101 5139/5139/101 5143/5143/101
f 5138/5138/101 5143/5143/101 5142/5142/101
f 5139/5139/104 5140/5140/104 5144/5144/104
f 5139/5139/104 5144/5144/104 5143/5143/104
f 5140/5140/103 5141/5141/103 5145/5145/103
f 5140/5140/103 5145/5145/103 5144/5144/103
f 5141/5141/102 5138/5138/102 5142/5142/102
f 5141/5141/102 5142/5142/102 5145/5145/102
f 5142/5142/5 5143/5143/5 5144/5144/5
f 5142/5142/5 5144/5144/5 5145/5145/5
f 5141/5141/6 5140/5140/6 5139/5139/6
f 5141/5141/6 5139/5139/6 5138/5138/6
f 5146/5146/102 5147/5147/102 5151/5151/102
f 5146/5146/102 5151/5151/102 5150/5150/102
f 5147/5147/101 5148/5148/101 5152/5152/101
f 5147/5147/101 5152/5152/101 5151/5151/101
f 5148/5148/104 5149/5149/104 5153/5153/104
f 5148/5148/104 5153/5153/104 5152/5152/104
f 5149/5149/103 5146/5146/103 5150/5150/103
f 5149/5149/103 5150/5150/103 5153/5153/103
f 5150/5150/5 5151/5151/5 5152/5152/5
f 5150/5150/5 5152/5152/5 5153/5153/5
f 5149/5149/6 5148/5148/6 5147/5147/6
f 5149/5149/6 5147/5147/6 5146/5146/6
f 5154/5154/101 5155/5155/101 5159/5159/101
f 5154/5154/101 5159/5159/101 5158/5158/101
f 5155/5155/104 5156/5156/104 5160/5160/104
f 5155/5155/104 5160/5160/104 5159/5159/104
f 5156/5156/103 5157/5157/103 5161/5161/103
f 5156/5156/103 5161/5161/103 5160/5160/103
f 5157/5157/102 5154/5154/102 5158/5158/102
f 5157/5157/102 5158/5158/102 5161/5161/102
f 5158/5158/5 5159/5159/5 5160/5160/5
f 5158/5158/5 5160/5160/5 5161/5161/5
f 5157/5157/6 5156/5156/6 5155/5155/6
f 5157/5157/6 5155/5155/6 5154/5154/6
f 5162/5162/102 5163/5163/102 5167/5167/102
f 5162/5162/102 5167/5167/102 5166/5166/102
f 5163/5163/101 5164/5164/101 5168/5168/101
f 5163/5163/101 5168/5168/101 5167/5167/101
f 5164/5164/104 5165/5165/104 5169/5169/104
f 5164/5164/104 5169/5169/104 5168/5168/104
f 5165/5165/103 5162/5162/103 5166/5166/103
f 5165/5165/103 5166/5166/103 5169/5169/103
f 5166/5166/5 5167/5167/5 5168/5168/5
f 5166/5166/5 5168/5168/5 5169/5169/5
f 5165/5165/6 5164/5164/6 5163/5163/6
f 5165/5165/6 5163/5163/6 5162/5162/6
f 5170/5170/102 5171/5171/102 5175/5175/102
f 5170/5170/102 5175/5175/102 5174/5174/102
f 5171/5171/101 5172/5172/101 5176/5176/101
f 5171/5171/101 5176/5176/101 5175/5175/101
f 5172/5172/104 5173/5173/104 5177/5177/104
f 5172/5172/104 5177/5177/104 5176/5176/104
f 5173/5173/103 5170/5170/103 5174/5174/103
f 5173/5173/103 5174/5174/103 5177/5177/103
f 5174/5174/5 5175/5175/5 5176/5176/5
f 5174/5174/5 5176/5176/5 5177/5177/5
f 5173/5173/6 5172/5172/6 5171/5171/6
f 5173/5173/6 5171/5171/6 5170/5170/6
f 5178/5178/103 5179/5179/103 5183/5183/103
f 5178/5178/103 5183/5183/103 5182/5182/103
f 5179/5179/102 5180/5180/102 5184/5184/102
f 5179/5179/102 5184/5184/102 5183/5183/102
f 5180/5180/101 5181/5181/101 5185/5185/101
f 5180/5180/101 5185/5185/101 5184/5184/101
f 5181/5181/104 5178/5178/104 5182/5182/104
f 5181/5181/104 5182/5182/104 5185/5185/104
f 5182/5182/5 5183/5183/5 5184/5184/5
f 5182/5182/5 5184/5184/5 5185/5185/5
f 5181/5181/6 5180/5180/6 5179/5179/6
f 5181/5181/6 5179/5179/6 5178/5178/6
f 5186/5186/102 5187/5187/102 5191/5191/102
f 5186/5186/102 5191/5191/102 5190/5190/102
f 5187/5187/101 5188/5188/101 5192/5192/101
f 5187/5187/101 5192/5192/101 5191/5191/101
f 5188/5188/104 5189/5189/104 5193/5193/104
f 5188/5188/104 5193/5193/104 5192/5192/104
f 5189/5189/103 5186/5186/103 5190/5190/103
f 5189/5189/103 5190/5190/103 5193/5193/103
f 5190/5190/5 5191/5191/5 5192/5192/5
f 5190/5190/5 5192/5192/5 5193/5193/5
f 5189/5189/6 5188/5188/6 5187/5187/6
f 5189/5189/6 5187/5187/6 5186/5186/6
f 5194/5194/103 5195/5195/103 5199/5199/103
f 5194/5194/103 5199/5199/103 5198/5198/103
f 5195/5195/102 5196/5196/102 5200/5200/102
f 5195/5195/102 5200/5200/102 5199/5199/102
f 5196/5196/101 5197/5197/101 5201/5201/101
f 5196/5196/101 5201/5201/101 5200/5200/101
f 5197/5197/104 5194/5194/104 5198/5198/104
f 5197/5197/104 5198/5198/104 5201/5201/104
f 5198/5198/5 5199/5199/5 5200/5200/5
f 5198/5198/5 5200/5200/5 5201/5201/5
f 5197/5197/6 5196/5196/6 5195/5195/6
f 5197/5197/6 5195/5195/6 5194/5194/6
f 5202/5202/104 5203/5203/104 5207/5207/104
f 5202/5202/104 5207/5207/104 5206/5206/104
f 5203/5203/103 5204/5204/103 5208/5208/103
f 5203/5203/103 5208/5208/103 5207/5207/103
f 5204/5204/102 5205/5205/102 5209/5209/102
f 5204/5204/102 5209/5209/102 5208/5208/102
f 5205/5205/101 5202/5202/101 5206/5206/101
f 5205/5205/101 5206/5206/101 5209/5209/101
f 5206/5206/5 5207/5207/5 5208/5208/5
f 5206/5206/5 5208/5208/5 5209/5209/5
f 5205/5205/6 5204/5204/6 5203/5203/6
f 5205/5205/6 5203/5203/6 5202/5202/6
f 5210/5210/101 5211/5211/101 5215/5215/101
f 5210/5210/101 5215/5215/101 5214/5214/101
f 5211/5211/104 5212/5212/104 5216/5216/104
f 5211/5211/104 5216/5216/104 5215/5215/104
f 5212/5212/103 5213/5213/103 5217/5217/103
f 5212/5212/103 5217/5217/103 5216/5216/103
f 5213/5213/102 5210/5210/102 5214/5214/102
f 5213/5213/102 5214/5214/102 5217/5217/102
f 5214/5214/5 5215/5215/5 5216/5216/5
f 5214/5214/5 5216/5216/5 5217/5217/5
f 5213/5213/6 5212/5212/6 5211/5211/6
f 5213/5213/6 5211/5211/6 5210/5210/6
f 5218/5218/104 5219/5219/104 5223/5223/104
f 5218/5218/104 5223/5223/104 5222/5222/104
f 5219/5219/103 5220/5220/103 5224/5224/103
f 5219/5219/103 5224/5224/103 5223/5223/103
f 5220/5220/102 5221/5221/102 5225/5225/102
f 5220/5220/102 5225/5225/102 5224/5224/102
f 5221/5221/101 5218/5218/101 5222/5222/101
f 5221/5221/101 5222/5222/101 5225/5225/101
f 5222/5222/5 5223/5223/5 5224/5224/5
f 5222/5222/5 5224/5224/5 5225/5225/5
f 5221/5221/6 5220/5220/6 5219/5219/6
f 5221/5221/6 5219/5219/6 5218/5218/6
f 5226/5226/101 5227/5227/101 5231/5231/101
f 5226/5226/101 5231/5231/101 5230/5230/101
f 5227/5227/104 5228/5228/104 5232/5232/104
f 5227/5227/104 5232/5232/104 5231/5231/104
f 5228/5228/103 5229/5229/103 5233/5233/103
f 5228/5228/103 5233/5233/103 5232/5232/103
f 5229/5229/102 5226/5226/102 5230/5230/102
f 5229/5229/102 5230/5230/102 5233/5233/102
f 5230/5230/5 5231/5231/5 5232/5232/5
f 5230/5230/5 5232/5232/5 5233/5233/5
f 5229/5229/6 5228/5228/6 5227/5227/6
f 5229/5229/6 5227/5227/6 5226/5226/6
f 5234/5234/63 5239/5239/63 5235/5235/63
f 5234/5234/63 5238/5238/63 5239/5239/63
f 5235/5235/64 5240/5240/64 5236/5236/64
f 5235/5235/64 5239/5239/64 5240/5240/64
f 5236/5236/65 5241/5241/65 5237/5237/65
f 5236/5236/65 5240/5240/65 5241/5241/65
f 5237/5237/66 5238/5238/66 5234/5234/66
f 5237/5237/66 5241/5241/66 5238/5238/66
f 5238/5238/5 5240/5240/5 5239/5239/5
f 5238/5238/5 5241/5241/5 5240/5240/5
f 5237/5237/6 5235/5235/6 5236/5236/6
f 5237/5237/6 5234/5234/6 5235/5235/6
f 5242/5242/6 5247/5247/6 5243/5243/6
f 5242/5242/6 5246/5246/6 5247/5247/6
f 5251/5251/5 5254/5254/5 5250/5250/5
f 5251/5251/5 5255/5255/5 5254/5254/5
f 5246/5246/63 5255/5255/63 5247/5247/63
f 5246/5246/63 5254/5254/63 5255/5255/63
f 5243/5243/65 5250/5250/65 5242/5242/65
f 5243/5243/65 5251/5251/65 5250/5250/65
f 5243/5243/64 5248/5248/64 5244/5244/64
f 5243/5243/64 5247/5247/64 5248/5248/64
f 5252/5252/66 5255/5255/66 5251/5251/66
f 5252/5252/66 5256/5256/66 5255/5255/66
f 5247/5247/63 5256/5256/63 5248/5248/63
f 5247/5247/63 5255/5255/63 5256/5256/63
f 5244/5244/65 5251/5251/65 5243/5243/65
f 5244/5244/65 5252/5252/65 5251/5251/65
f 5244/5244/5 5249/5249/5 5245/5245/5
f 5244/5244/5 5248/5248/5 5249/5249/5
f 5253/5253/6 5256/5256/6 5252/5252/6
f 5253/5253/6 5257/5257/6 5256/5256/6
f 5248/5248/63 5257/5257/63 5249/5249/63
f 5248/5248/63 5256/5256/63 5257/5257/63
f 5245/5245/65 5252/5252/65 5244/5244/65
f 5245/5245/65 5253/5253/65 5252/5252/65
f 5245/5245/66 5246/5246/66 5242/5242/66
f 5245/5245/66 5249/5249/66 5246/5246/66
f 5250/5250/64 5257/5257/64 5253/5253/64
f 5250/5250/64 5254/5254/64 5257/5257/64
f 5249/5249/63 5254/5254/63 5246/5246/63
f 5249/5249/63 5257/5257/63 5254/5254/63
f 5242/5242/65 5253/5253/65 5245/5245/65
f 5242/5242/65 5250/5250/65 5253/5253/65
f 5258/5258/6 5263/5263/6 5259/5259/6
f 5258/5258/6 5262/5262/6 5263/5263/6
f 5267/5267/5 5270/5270/5 5266/5266/5
f 5267/5267/5 5271/5271/5 5270/5270/5
f 5262/5262/63 5271/5271/63 5263/5263/63
f 5262/5262/63 5270/5270/63 5271/5271/63
f 5259/5259/65 5266/5266/65 5258/5258/65
f 5259/5259/65 5267/5267/65 5266/5266/65
f 5259/5259/64 5264/5264/64 5260/5260/64
f 5259/5259/64 5263/5263/64 5264/5264/64
f 5268/5268/66 5271/5271/66 5267/5267/66
f 5268/5268/66 5272/5272/66 5271/5271/66
f 5263/5263/63 5272/5272/63 5264/5264/63
f 5263/5263/63 5271/5271/63 5272/5272/63
f 5260/5260/65 5267/5267/65 5259/5259/65
f 5260/5260/65 5268/5268/65 5267/5267/65
f 5260/5260/5 5265/5265/5 5261/5261/5
f 5260/5260/5 5264/5264/5 5265/5265/5
f 5269/5269/6 5272/5272/6 5268/5268/6
f 5269/5269/6 5273/5273/6 5272/5272/6
f 5264/5264/63 5273/5273/63 5265/5265/63
f 5264/5264/63 5272/5272/63 5273/5273/63
f 5261/5261/65 5268/5268/65 5260/5260/65
f 5261/5261/65 5269/5269/65 5268/5268/65
f 5261/5261/66 5262/5262/66 5258/5258/66
f 5261/5261/66 5265/5265/66 5262/5262/66
f 5266/5266/64 5273/5273/64 5269/5269/64
f 5266/5266/64 5270/5270/64 5273/5273/64
f 5265/5265/63 5270/5270/63 5262/5262/63
f 5265/5265/63 5273/5273/63 5270/5270/63
f 5258/5258/65 5269/5269/65 5261/5261/65
f 5258/5258/65 5266/5266/65 5269/5269/65
f 5274/5274/6 5279/5279/6 5275/5275/6
f 5274/5274/6 5278/5278/6 5279/5279/6
f 5283/5283/5 5286/5286/5 5282/5282/5
f 5283/5283/5 5287/5287/5 5286/5286/5
f 5278/5278/63 5287/5287/63 5279/5279/63
f 5278/5278/63 5286/5286/63 5287/5287/63
f 5275/5275/65 5282/5282/65 5274/5274/65
f 5275/5275/65 5283/5283/65 5282/5282/65
f 5275/5275/64 5280/5280/64 5276/5276/64
f 5275/5275/64 5279/5279/64 5280/5280/64
f 5284/5284/66 5287/5287/66 5283/5283/66
f 5284/5284/66 5288/5288/66 5287/5287/66
f 5279/5279/63 5288/5288/63 5280/5280/63
f 5279/5279/63 5287/5287/63 5288/5288/63
f 5276/5276/65 5283/5283/65 5275/5275/65
f 5276/5276/65 5284/5284/65 5283/5283/65
f 5276/5276/5 5281/5281/5 5277/5277/5
f 5276/5276/5 5280/5280/5 5281/5281/5
f 5285/5285/6 5288/5288/6 5284/5284/6
f 5285/5285/6 5289/5289/6 5288/5288/6
f 5280/5280/63 5289/5289/63 5281/5281/63
f 5280/5280/63 5288/5288/63 5289/5289/63
f 5277/5277/65 5284/5284/65 5276/5276/65
f 5277/5277/65 5285/5285/65 5284/5284/65
f 5277/5277/66 5278/5278/66 5274/5274/66
f 5277/5277/66 5281/5281/66 5278/5278/66
f 5282/5282/64 5289/5289/64 5285/5285/64
f 5282/5282/64 5286/5286/64 5289/5289/64
f 5281/5281/63 5286/5286/63 5278/5278/63
f 5281/5281/63 5289/5289/63 5286/5286/63
f 5274/5274/65 5285/5285/65 5277/5277/65
f 5274/5274/65 5282/5282/65 5285/5285/65
f 5290/5290/6 5295/5295/6 5291/5291/6
f 5290/5290/6 5294/5294/6 5295/5295/6
f 5299/5299/5 5302/5302/5 5298/5298/5
f 5299/5299/5 5303/5303/5 5302/5302/5
f 5294/5294/63 5303/5303/63 5295/5295/63
f 5294/5294/63 5302/5302/63 5303/5303/63
f 5291/5291/65 5298/5298/65 5290/5290/65
f 5291/5291/65 5299/5299/65 5298/5298/65
f 5291/5291/64 5296/5296/64 5292/5292/64
f 5291/5291/64 5295/5295/64 5296/5296/64
f 5300/5300/66 5303/5303/66 5299/5299/66
f 5300/5300/66 5304/5304/66 5303/5303/66
f 5295/5295/63 5304/5304/63 5296/5296/63
f 5295/5295/63 5303/5303/63 5304/5304/63
f 5292/5292/65 5299/5299/65 5291/5291/65
f 5292/5292/65 5300/5300/65 5299/5299/65
f 5292/5292/5 5297/5297/5 5293/5293/5
f 5292/5292/5 5296/5296/5 5297/5297/5
f 5301/5301/6 5304/5304/6 5300/5300/6
f 5301/5301/6 5305/5305/6 5304/5304/6
f 5296/5296/63 5305/5305/63 5297/5297/63
f 5296/5296/63 5304/5304/63 5305/5305/63
f 5293/5293/65 5300/5300/65 5292/5292/65
f 5293/5293/65 5301/5301/65 5300/5300/65
f 5293/5293/66 5294/5294/66 5290/5290/66
f 5293/5293/66 5297/5297/66 5294/5294/66
f 5298/5298/64 5305/5305/64 5301/5301/64
f 5298/5298/64 5302/5302/64 5305/5305/64
f 5297/5297/63 5302/5302/63 5294/5294/63
f 5297/5297/63 5305/5305/63 5302/5302/63
f 5290/5290/65 5301/5301/65 5293/5293/65
f 5290/5290/65 5298/5298/65 5301/5301/65
f 5306/5306/6 5311/5311/6 5307/5307/6
f 5306/5306/6 5310/5310/6 5311/5311/6
f 5315/5315/5 5318/5318/5 5314/5314/5
f 5315/5315/5 5319/5319/5 5318/5318/5
f 5310/5310/63 5319/5319/63 5311/5311/63
f 5310/5310/63 5318/5318/63 5319/5319/63
f 5307/5307/65 5314/5314/65 5306/5306/65
f 5307/5307/65 5315/5315/65 5314/5314/65
f 5307/5307/64 5312/5312/64 5308/5308/64
f 5307/5307/64 5311/5311/64 5312/5312/64
f 5316/5316/66 5319/5319/66 5315/5315/66
f 5316/5316/66 5320/5320/66 5319/5319/66
f 5311/5311/63 5320/5320/63 5312/5312/63
f 5311/5311/63 5319/5319/63 5320/5320/63
f 5308/5308/65 5315/5315/65 5307/5307/65
f 5308/5308/65 5316/5316/65 5315/5315/65
f 5308/5308/5 5313/5313/5 5309/5309/5
f 5308/5308/5 5312/5312/5 5313/5313/5
f 5317/5317/6 5320/5320/6 5316/5316/6
f 5317/5317/6 5321/5321/6 5320/5320/6
f 5312/5312/63 5321/5321/63 5313/5313/63
f 5312/5312/63 5320/5320/63 5321/5321/63
f 5309/5309/65 5316/5316/65 5308/5308/65
f 5309/5309/65 5317/5317/65 5316/5316/65
f 5309/5309/66 5310/5310/66 5306/5306/66
f 5309/5309/66 5313/5313/66 5310/5310/66
f 5314/5314/64 5321/5321/64 5317/5317/64
f 5314/5314/64 5318/5318/64 5321/5321/64
f 5313/5313/63 5318/5318/63 5310/5310/63
f 5313/5313/63 5321/5321/63 5318/5318/63
f 5306/5306/65 5317/5317/65 5309/5309/65
f 5306/5306/65 5314/5314/65 5317/5317/65
f 5322/5322/6 5327/5327/6 5323/5323/6
f 5322/5322/6 5326/5326/6 5327/5327/6
f 5331/5331/5 5334/5334/5 5330/5330/5
f 5331/5331/5 5335/5335/5 5334/5334/5
f 5326/5326/63 5335/5335/63 5327/5327/63
f 5326/5326/63 5334/5334/63 5335/5335/63
f 5323/5323/65 5330/5330/65 5322/5322/65
f 5323/5323/65 5331/5331/65 5330/5330/65
f 5323/5323/64 5328/5328/64 5324/5324/64
f 5323/5323/64 5327/5327/64 5328/5328/64
f 5332/5332/66 5335/5335/66 5331/5331/66
f 5332/5332/66 5336/5336/66 5335/5335/66
f 5327/5327/63 5336/5336/63 5328/5328/63
f 5327/5327/63 5335/5335/63 5336/5336/63
f 5324/5324/65 5331/5331/65 5323/5323/65
f 5324/5324/65 5332/5332/65 5331/5331/65
f 5324/5324/5 5329/5329/5 5325/5325/5
f 5324/5324/5 5328/5328/5 5329/5329/5
f 5333/5333/6 5336/5336/6 5332/5332/6
f 5333/5333/6 5337/5337/6 5336/5336/6
f 5328/5328/63 5337/5337/63 5329/5329/63
f 5328/5328/63 5336/5336/63 5337/5337/63
f 5325/5325/65 5332/5332/65 5324/5324/65
f 5325/5325/65 5333/5333/65 5332/5332/65
f 5325/5325/66 5326/5326/66 5322/5322/66
f 5325/5325/66 5329/5329/66 5326/5326/66
f 5330/5330/64 5337/5337/64 5333/5333/64
f 5330/5330/64 5334/5334/64 5337/5337/64
f 5329/5329/63 5334/5334/63 5326/5326/63
f 5329/5329/63 5337/5337/63 5334/5334/63
f 5322/5322/65 5333/5333/65 5325/5325/65
f 5322/5322/65 5330/5330/65 5333/5333/65
f 5338/5338/6 5343/5343/6 5339/5339/6
f 5338/5338/6 5342/5342/6 5343/5343/6
f 5347/5347/5 5350/5350/5 5346/5346/5
f 5347/5347/5 5351/5351/5 5350/5350/5
f 5342/5342/64 5351/5351/64 5343/5343/64
f 5342/5342/64 5350/5350/64 5351/5351/64
f 5339/5339/66 5346/5346/66 5338/5338/66
f 5339/5339/66 5347/5347/66 5346/5346/66
f 5339/5339/65 5344/5344/65 5340/5340/65
f 5339/5339/65 5343/5343/65 5344/5344/65
f 5348/5348/63 5351/5351/63 5347/5347/63
f 5348/5348/63 5352/5352/63 5351/5351/63
f 5343/5343/64 5352/5352/64 5344/5344/64
f 5343/5343/64 5351/5351/64 5352/5352/64
f 5340/5340/66 5347/5347/66 5339/5339/66
f 5340/5340/66 5348/5348/66 5347/5347/66
f 5340/5340/5 5345/5345/5 5341/5341/5
f 5340/5340/5 5344/5344/5 5345/5345/5
f 5349/5349/6 5352/5352/6 5348/5348/6
f 5349/5349/6 5353/5353/6 5352/5352/6
f 5344/5344/64 5353/5353/64 5345/5345/64
f 5344/5344/64 5352/5352/64 5353/5353/64
f 5341/5341/66 5348/5348/66 5340/5340/66
f 5341/5341/66 5349/5349/66 5348/5348/66
f 5341/5341/63 5342/5342/63 5338/5338/63
f 5341/5341/63 5345/5345/63 5342/5342/63
f 5346/5346/65 5353/5353/65 5349/5349/65
f 5346/5346/65 5350/5350/65 5353/5353/65
f 5345/5345/64 5350/5350/64 5342/5342/64
f 5345/5345/64 5353/5353/64 5350/5350/64
f 5338/5338/66 5349/5349/66 5341/5341/66
f 5338/5338/66 5346/5346/66 5349/5349/66
f 5354/5354/6 5359/5359/6 5355/5355/6
f 5354/5354/6 5358/5358/6 5359/5359/6
f 5363/5363/5 5366/5366/5 5362/5362/5
f 5363/5363/5 5367/5367/5 5366/5366/5
f 5358/5358/64 5367/5367/64 5359/5359/64
f 5358/5358/64 5366/5366/64 5367/5367/64
f 5355/5355/66 5362/5362/66 5354/5354/66
f 5355/5355/66 5363/5363/66 5362/5362/66
f 5355/5355/65 5360/5360/65 5356/5356/65
f 5355/5355/65 5359/5359/65 5360/5360/65
f 5364/5364/63 5367/5367/63 5363/5363/63
f 5364/5364/63 5368/5368/63 5367/5367/63
f 5359/5359/64 5368/5368/64 5360/5360/64
f 5359/5359/64 5367/5367/64 5368/5368/64
f 5356/5356/66 5363/5363/66 5355/5355/66
f 5356/5356/66 5364/5364/66 5363/5363/66
f 5356/5356/5 5361/5361/5 5357/5357/5
f 5356/5356/5 5360/5360/5 5361/5361/5
f 5365/5365/6 5368/5368/6 5364/5364/6
f 5365/5365/6 5369/5369/6 5368/5368/6
f 5360/5360/64 5369/5369/64 5361/5361/64
f 5360/5360/64 5368/5368/64 5369/5369/64
f 5357/5357/66 5364/5364/66 5356/5356/66
f 5357/5357/66 5365/5365/66 5364/5364/66
f 5357/5357/63 5358/5358/63 5354/5354/63
f 5357/5357/63 5361/5361/63 5358/5358/63
f 5362/5362/65 5369/5369/65 5365/5365/65
f 5362/5362/65 5366/5366/65 5369/5369/65
f 5361/5361/64 5366/5366/64 5358/5358/64
f 5361/5361/64 5369/5369/64 5366/5366/64
f 5354/5354/66 5365/5365/66 5357/5357/66
f 5354/5354/66 5362/5362/66 5365/5365/66
f 5370/5370/6 5375/5375/6 5371/5371/6
f 5370/5370/6 5374/5374/6 5375/5375/6
f 5379/5379/5 5382/5382/5 5378/5378/5
f 5379/5379/5 5383/5383/5 5382/5382/5
f 5374/5374/65 5383/5383/65 5375/5375/65
f 5374/5374/65 5382/5382/65 5383/5383/65
f 5371/5371/63 5378/5378/63 5370/5370/63
f 5371/5371/63 5379/5379/63 5378/5378/63
f 5371/5371/66 5376/5376/66 5372/5372/66
f 5371/5371/66 5375/5375/66 5376/5376/66
f 5380/5380/64 5383/5383/64 5379/5379/64
f 5380/5380/64 5384/5384/64 5383/5383/64
f 5375/5375/65 5384/5384/65 5376/5376/65
f 5375/5375/65 5383/5383/65 5384/5384/65
f 5372/5372/63 5379/5379/63 5371/5371/63
f 5372/5372/63 5380/5380/63 5379/5379/63
f 5372/5372/5 5377/5377/5 5373/5373/5
f 5372/5372/5 5376/5376/5 5377/5377/5
f 5381/5381/6 5384/5384/6 5380/5380/6
f 5381/5381/6 5385/5385/6 5384/5384/6
f 5376/5376/65 5385/5385/65 5377/5377/65
f 5376/5376/65 5384/5384/65 5385/5385/65
f 5373/5373/63 5380/5380/63 5372/5372/63
f 5373/5373/63 5381/5381/63 5380/5380/63
f 5373/5373/64 5374/5374/64 5370/5370/64
f 5373/5373/64 5377/5377/64 5374/5374/64
f 5378/5378/66 5385/5385/66 5381/5381/66
f 5378/5378/66 5382/5382/66 5385/5385/66
f 5377/5377/65 5382/5382/65 5374/5374/65
f 5377/5377/65 5385/5385/65 5382/5382/65
f 5370/5370/63 5381/5381/63 5373/5373/63
f 5370/5370/63 5378/5378/63 5381/5381/63
f 5386/5386/6 5391/5391/6 5387/5387/6
f 5386/5386/6 5390/5390/6 5391/5391/6
f 5395/5395/5 5398/5398/5 5394/5394/5
f 5395/5395/5 5399/5399/5 5398/5398/5
f 5390/5390/65 5399/5399/65 5391/5391/65
f 5390/5390/65 5398/5398/65 5399/5399/65
f 5387/5387/63 5394/5394/63 5386/5386/63
f 5387/5387/63 5395/5395/63 5394/5394/63
f 5387/5387/66 5392/5392/66 5388/5388/66
f 5387/5387/66 5391/5391/66 5392/5392/66
f 5396/5396/64 5399/5399/64 5395/5395/64
f 5396/5396/64 5400/5400/64 5399/5399/64
f 5391/5391/65 5400/5400/65 5392/5392/65
f 5391/5391/65 5399/5399/65 5400/5400/65
f 5388/5388/63 5395/5395/63 5387/5387/63
f 5388/5388/63 5396/5396/63 5395/5395/63
f 5388/5388/5 5393/5393/5 5389/5389/5
f 5388/5388/5 5392/5392/5 5393/5393/5
f 5397/5397/6 5400/5400/6 5396/5396/6
f 5397/5397/6 5401/5401/6 5400/5400/6
f 5392/5392/65 5401/5401/65 5393/5393/65
f 5392/5392/65 5400/5400/65 5401/5401/65
f 5389/5389/63 5396/5396/63 5388/5388/63
f 5389/5389/63 5397/5397/63 5396/5396/63
f 5389/5389/64 5390/5390/64 5386/5386/64
f 5389/5389/64 5393/5393/64 5390/5390/64
f 5394/5394/66 5401/5401/66 5397/5397/66
f 5394/5394/66 5398/5398/66 5401/5401/66
f 5393/5393/65 5398/5398/65 5390/5390/65
f 5393/5393/65 5401/5401/65 5398/5398/65
f 5386/5386/63 5397/5397/63 5389/5389/63
f 5386/5386/63 5394/5394/63 5397/5397/63
f 5402/5402/6 5407/5407/6 5403/5403/6
f 5402/5402/6 5406/5406/6 5407/5407/6
f 5411/5411/5 5414/5414/5 5410/5410/5
f 5411/5411/5 5415/5415/5 5414/5414/5
f 5406/5406/65 5415/5415/65 5407/5407/65
f 5406/5406/65 5414/5414/65 5415/5415/65
f 5403/5403/63 5410/5410/63 5402/5402/63
f 5403/5403/63 5411/5411/63 5410/5410/63
f 5403/5403/66 5408/5408/66 5404/5404/66
f 5403/5403/66 5407/5407/66 5408/5408/66
f 5412/5412/64 5415/5415/64 5411/5411/64
f 5412/5412/64 5416/5416/64 5415/5415/64
f 5407/5407/65 5416/5416/65 5408/5408/65
f 5407/5407/65 5415/5415/65 5416/5416/65
f 5404/5404/63 5411/5411/63 5403/5403/63
f 5404/5404/63 5412/5412/63 5411/5411/63
f 5404/5404/5 5409/5409/5 5405/5405/5
f 5404/5404/5 5408/5408/5 5409/5409/5
f 5413/5413/6 5416/5416/6 5412/5412/6
f 5413/5413/6 5417/5417/6 5416/5416/6
f 5408/5408/65 5417/5417/65 5409/5409/65
f 5408/5408/65 5416/5416/65 5417/5417/65
f 5405/5405/63 5412/5412/63 5404/5404/63
f 5405/5405/63 5413/5413/63 5412/5412/63
f 5405/5405/64 5406/5406/64 5402/5402/64
f 5405/5405/64 5409/5409/64 5406/5406/64
f 5410/5410/66 5417/5417/66 5413/5413/66
f 5410/5410/66 5414/5414/66 5417/5417/66
f 5409/5409/65 5414/5414/65 5406/5406/65
f 5409/5409/65 5417/5417/65 5414/5414/65
f 5402/5402/63 5413/5413/63 5405/5405/63
f 5402/5402/63 5410/5410/63 5413/5413/63
f 5418/5418/6 5423/5423/6 5419/5419/6
f 5418/5418/6 5422/5422/6 5423/5423/6
f 5427/5427/5 5430/5430/5 5426/5426/5
f 5427/5427/5 5431/5431/5 5430/5430/5
f 5422/5422/65 5431/5431/65 5423/5423/65
f 5422/5422/65 5430/5430/65 5431/5431/65
f 5419/5419/63 5426/5426/63 5418/5418/63
f 5419/5419/63 5427/5427/63 5426/5426/63
f 5419/5419/66 5424/5424/66 5420/5420/66
f 5419/5419/66 5423/5423/66 5424/5424/66
f 5428/5428/64 5431/5431/64 5427/5427/64
f 5428/5428/64 5432/5432/64 5431/5431/64
f 5423/5423/65 5432/5432/65 5424/5424/65
f 5423/5423/65 5431/5431/65 5432/5432/65
f 5420/5420/63 5427/5427/63 5419/5419/63
f 5420/5420/63 5428/5428/63 5427/5427/63
f 5420/5420/5 5425/5425/5 5421/5421/5
f 5420/5420/5 5424/5424/5 5425/5425/5
f 5429/5429/6 5432/5432/6 5428/5428/6
f 5429/5429/6 5433/5433/6 5432/5432/6
f 5424/5424/65 5433/5433/65 5425/5425/65
f 5424/5424/65 5432/5432/65 5433/5433/65
f 5421/5421/63 5428/5428/63 5420/5420/63
f 5421/5421/63 5429/5429/63 5428/5428/63
f 5421/5421/64 5422/5422/64 5418/5418/64
f 5421/5421/64 5425/5425/64 5422/5422/64
f 5426/5426/66 5433/5433/66 5429/5429/66
f 5426/5426/66 5430/5430/66 5433/5433/66
f 5425/5425/65 5430/5430/65 5422/5422/65
f 5425/5425/65 5433/5433/65 5430/5430/65
f 5418/5418/63 5429/5429/63 5421/5421/63
f 5418/5418/63 5426/5426/63 5429/5429/63
f 5434/5434/6 5439/5439/6 5435/5435/6
f 5434/5434/6 5438/5438/6 5439/5439/6
f 5443/5443/5 5446/5446/5 5442/5442/5
f 5443/5443/5 5447/5447/5 5446/5446/5
f 5438/5438/65 5447/5447/65 5439/5439/65
f 5438/5438/65 5446/5446/65 5447/5447/65
f 5435/5435/63 5442/5442/63 5434/5434/63
f 5435/5435/63 5443/5443/63 5442/5442/63
f 5435/5435/66 5440/5440/66 5436/5436/66
f 5435/5435/66 5439/5439/66 5440/5440/66
f 5444/5444/64 5447/5447/64 5443/5443/64
f 5444/5444/64 5448/5448/64 5447/5447/64
f 5439/5439/65 5448/5448/65 5440/5440/65
f 5439/5439/65 5447/5447/65 5448/5448/65
f 5436/5436/63 5443/5443/63 5435/5435/63
f 5436/5436/63 5444/5444/63 5443/5443/63
f 5436/5436/5 5441/5441/5 5437/5437/5
f 5436/5436/5 5440/5440/5 5441/5441/5
f 5445/5445/6 5448/5448/6 5444/5444/6
f 5445/5445/6 5449/5449/6 5448/5448/6
f 5440/5440/65 5449/5449/65 5441/5441/65
f 5440/5440/65 5448/5448/65 5449/5449/65
f 5437/5437/63 5444/5444/63 5436/5436/63
f 5437/5437/63 5445/5445/63 5444/5444/63
f 5437/5437/64 5438/5438/64 5434/5434/64
f 5437/5437/64 5441/5441/64 5438/5438/64
f 5442/5442/66 5449/5449/66 5445/5445/66
f 5442/5442/66 5446/5446/66 5449/5449/66
f 5441/5441/65 5446/5446/65 5438/5438/65
f 5441/5441/65 5449/5449/65 5446/5446/65
f 5434/5434/63 5445/5445/63 5437/5437/63
f 5434/5434/63 5442/5442/63 5445/5445/63
f 5450/5450/6 5457/5457/6 5451/5451/6
f 5450/5450/6 5456/5456/6 5457/5457/6
f 5463/5463/5 5468/5468/5 5462/5462/5
f 5463/5463/5 5469/5469/5 5468/5468/5
f 5456/5456/65 5469/5469/65 5457/5457/65
f 5456/5456/65 5468/5468/65 5469/5469/65
f 5451/5451/63 5462/5462/63 5450/5450/63
f 5451/5451/63 5463/5463/63 5462/5462/63
f 5451/5451/66 5458/5458/66 5452/5452/66
f 5451/5451/66 5457/5457/66 5458/5458/66
f 5464/5464/64 5469/5469/64 5463/5463/64
f 5464/5464/64 5470/5470/64 5469/5469/64
f 5457/5457/65 5470/5470/65 5458/5458/65
f 5457/5457/65 5469/5469/65 5470/5470/65
f 5452/5452/63 5463/5463/63 5451/5451/63
f 5452/5452/63 5464/5464/63 5463/5463/63
f 5452/5452/109 5459/5459/109 5453/5453/109
f 5452/5452/109 5458/5458/109 5459/5459/109
f 5465/5465/110 5470/5470/110 5464/5464/110
f 5465/5465/110 5471/5471/110 5470/5470/110
f 5458/5458/65 5471/5471/65 5459/5459/65
f 5458/5458/65 5470/5470/65 5471/5471/65
f 5453/5453/63 5464/5464/63 5452/5452/63
f 5453/5453/63 5465/5465/63 5464/5464/63
f 5453/5453/5 5460/5460/5 5454/5454/5
f 5453/5453/5 5459/5459/5 5460/5460/5
f 5466/5466/6 5471/5471/6 5465/5465/6
f 5466/5466/6 5472/5472/6 5471/5471/6
f 5459/5459/65 5472/5472/65 5460/5460/65
f 5459/5459/65 5471/5471/65 5472/5472/65
f 5454/5454/63 5465/5465/63 5453/5453/63
f 5454/5454/63 5466/5466/63 5465/5465/63
f 5454/5454/111 5461/5461/111 5455/5455/111
f 5454/5454/111 5460/5460/111 5461/5461/111
f 5467/5467/112 5472/5472/112 5466/5466/112
f 5467/5467/112 5473/5473/112 5472/5472/112
f 5460/5460/65 5473/5473/65 5461/5461/65
f 5460/5460/65 5472/5472/65 5473/5473/65
f 5455/5455/63 5466/5466/63 5454/5454/63
f 5455/5455/63 5467/5467/63 5466/5466/63
f 5455/5455/64 5456/5456/64 5450/5450/64
f 5455/5455/64 5461/5461/64 5456/5456/64
f 5462/5462/66 5473/5473/66 5467/5467/66
f 5462/5462/66 5468/5468/66 5473/5473/66
f 5461/5461/65 5468/5468/65 5456/5456/65
f 5461/5461/65 5473/5473/65 5468/5468/65
f 5450/5450/63 5467/5467/63 5455/5455/63
f 5450/5450/63 5462/5462/63 5467/5467/63
f 5474/5474/63 5475/5475/63 5479/5479/63
f 5474/5474/63 5479/5479/63 5478/5478/63
f 5475/5475/66 5476/5476/66 5480/5480/66
f 5475/5475/66 5480/5480/66 5479/5479/66
f 5476/5476/65 5477/5477/65 5481/5481/65
f 5476/5476/65 5481/5481/65 5480/5480/65
f 5477/5477/64 5474/5474/64 5478/5478/64
f 5477/5477/64 5478/5478/64 5481/5481/64
f 5478/5478/5 5479/5479/5 5480/5480/5
f 5478/5478/5 5480/5480/5 5481/5481/5
f 5477/5477/6 5476/5476/6 5475/5475/6
f 5477/5477/6 5475/5475/6 5474/5474/6
f 5482/5482/6 5487/5487/6 5483/5483/6
f 5482/5482/6 5486/5486/6 5487/5487/6
f 5491/5491/5 5494/5494/5 5490/5490/5
f 5491/5491/5 5495/5495/5 5494/5494/5
f 5486/5486/66 5495/5495/66 5487/5487/66
f 5486/5486/66 5494/5494/66 5495/5495/66
f 5483/5483/64 5490/5490/64 5482/5482/64
f 5483/5483/64 5491/5491/64 5490/5490/64
f 5483/5483/63 5488/5488/63 5484/5484/63
f 5483/5483/63 5487/5487/63 5488/5488/63
f 5492/5492/65 5495/5495/65 5491/5491/65
f 5492/5492/65 5496/5496/65 5495/5495/65
f 5487/5487/66 5496/5496/66 5488/5488/66
f 5487/5487/66 5495/5495/66 5496/5496/66
f 5484/5484/64 5491/5491/64 5483/5483/64
f 5484/5484/64 5492/5492/64 5491/5491/64
f 5484/5484/5 5489/5489/5 5485/5485/5
f 5484/5484/5 5488/5488/5 5489/5489/5
f 5493/5493/6 5496/5496/6 5492/5492/6
f 5493/5493/6 5497/5497/6 5496/5496/6
f 5488/5488/66 5497/5497/66 5489/5489/66
f 5488/5488/66 5496/5496/66 5497/5497/66
f 5485/5485/64 5492/5492/64 5484/5484/64
f 5485/5485/64 5493/5493/64 5492/5492/64
f 5485/5485/65 5486/5486/65 5482/5482/65
f 5485/5485/65 5489/5489/65 5486/5486/65
f 5490/5490/63 5497/5497/63 5493/5493/63
f 5490/5490/63 5494/5494/63 5497/5497/63
f 5489/5489/66 5494/5494/66 5486/5486/66
f 5489/5489/66 5497/5497/66 5494/5494/66
f 5482/5482/64 5493/5493/64 5485/5485/64
f 5482/5482/64 5490/5490/64 5493/5493/64
f 5498/5498/6 5503/5503/6 5499/5499/6
f 5498/5498/6 5502/5502/6 5503/5503/6
f 5507/5507/5 5510/5510/5 5506/5506/5
f 5507/5507/5 5511/5511/5 5510/5510/5
f 5502/5502/66 5511/5511/66 5503/5503/66
f 5502/5502/66 5510/5510/66 5511/5511/66
f 5499/5499/64 5506/5506/64 5498/5498/64
f 5499/5499/64 5507/5507/64 5506/5506/64
f 5499/5499/63 5504/5504/63 5500/5500/63
f 5499/5499/63 5503/5503/63 5504/5504/63
f 5508/5508/65 5511/5511/65 5507/5507/65
f 5508/5508/65 5512/5512/65 5511/5511/65
f 5503/5503/66 5512/5512/66 5504/5504/66
f 5503/5503/66 5511/5511/66 5512/5512/66
f 5500/5500/64 5507/5507/64 5499/5499/64
f 5500/5500/64 5508/5508/64 5507/5507/64
f 5500/5500/5 5505/5505/5 5501/5501/5
f 5500/5500/5 5504/5504/5 5505/5505/5
f 5509/5509/6 5512/5512/6 5508/5508/6
f 5509/5509/6 5513/5513/6 5512/5512/6
f 5504/5504/66 5513/5513/66 5505/5505/66
f 5504/5504/66 5512/5512/66 5513/5513/66
f 5501/5501/64 5508/5508/64 5500/5500/64
f 5501/5501/64 5509/5509/64 5508/5508/64
f 5501/5501/65 5502/5502/65 5498/5498/65
f 5501/5501/65 5505/5505/65 5502/5502/65
f 5506/5506/63 5513/5513/63 5509/5509/63
f 5506/5506/63 5510/5510/63 5513/5513/63
f 5505/5505/66 5510/5510/66 5502/5502/66
f 5505/5505/66 5513/5513/66 5510/5510/66
f 5498/5498/64 5509/5509/64 5501/5501/64
f 5498/5498/64 5506/5506/64 5509/5509/64
f 5514/5514/63 5519/5519/63 5515/5515/63
f 5514/5514/63 5518/5518/63 5519/5519/63
f 5523/5523/65 5526/5526/65 5522/5522/65
f 5523/5523/65 5527/5527/65 5526/5526/65
f 5518/5518/5 5527/5527/5 5519/5519/5
f 5518/5518/5 5526/5526/5 5527/5527/5
f 5515/5515/6 5522/5522/6 5514/5514/6
f 5515/5515/6 5523/5523/6 5522/5522/6
f 5515/5515/64 5520/5520/64 5516/5516/64
f 5515/5515/64 5519/5519/64 5520/5520/64
f 5524/5524/66 5527/5527/66 5523/5523/66
f 5524/5524/66 5528/5528/66 5527/5527/66
f 5519/5519/5 5528/5528/5 5520/5520/5
f 5519/5519/5 5527/5527/5 5528/5528/5
f 5516/5516/6 5523/5523/6 5515/5515/6
f 5516/5516/6 5524/5524/6 5523/5523/6
f 5516/5516/65 5521/5521/65 5517/5517/65
f 5516/5516/65 5520/5520/65 5521/5521/65
f 5525/5525/63 5528/5528/63 5524/5524/63
f 5525/5525/63 5529/5529/63 5528/5528/63
f 5520/5520/5 5529/5529/5 5521/5521/5
f 5520/5520/5 5528/5528/5 5529/5529/5
f 5517/5517/6 5524/5524/6 5516/5516/6
f 5517/5517/6 5525/5525/6 5524/5524/6
f 5517/5517/66 5518/5518/66 5514/5514/66
f 5517/5517/66 5521/5521/66 5518/5518/66
f 5522/5522/64 5529/5529/64 5525/5525/64
f 5522/5522/64 5526/5526/64 5529/5529/64
f 5521/5521/5 5526/5526/5 5518/5518/5
f 5521/5521/5 5529/5529/5 5526/5526/5
f 5514/5514/6 5525/5525/6 5517/5517/6
f 5514/5514/6 5522/5522/6 5525/5525/6
f 5530/5530/63 5535/5535/63 5531/5531/63
f 5530/5530/63 5534/5534/63 5535/5535/63
f 5539/5539/65 5542/5542/65 5538/5538/65
f 5539/5539/65 5543/5543/65 5542/5542/65
f 5534/5534/5 5543/5543/5 5535/5535/5
f 5534/5534/5 5542/5542/5 5543/5543/5
f 5531/5531/6 5538/5538/6 5530/5530/6
f 5531/5531/6 5539/5539/6 5538/5538/6
f 5531/5531/64 5536/5536/64 5532/5532/64
f 5531/5531/64 5535/5535/64 5536/5536/64
f 5540/5540/66 5543/5543/66 5539/5539/66
f 5540/5540/66 5544/5544/66 5543/5543/66
f 5535/5535/5 5544/5544/5 5536/5536/5
f 5535/5535/5 5543/5543/5 5544/5544/5
f 5532/5532/6 5539/5539/6 5531/5531/6
f 5532/5532/6 5540/5540/6 5539/5539/6
f 5532/5532/65 5537/5537/65 5533/5533/65
f 5532/5532/65 5536/5536/65 5537/5537/65
f 5541/5541/63 5544/5544/63 5540/5540/63
f 5541/5541/63 5545/5545/63 5544/5544/63
f 5536/5536/5 5545/5545/5 5537/5537/5
f 5536/5536/5 5544/5544/5 5545/5545/5
f 5533/5533/6 5540/5540/6 5532/5532/6
f 5533/5533/6 5541/5541/6 5540/5540/6
f 5533/5533/66 5534/5534/66 5530/5530/66
f 5533/5533/66 5537/5537/66 5534/5534/66
f 5538/5538/64 5545/5545/64 5541/5541/64
f 5538/5538/64 5542/5542/64 5545/5545/64
f 5537/5537/5 5542/5542/5 5534/5534/5
f 5537/5537/5 5545/5545/5 5542/5542/5
f 5530/5530/6 5541/5541/6 5533/5533/6
f 5530/5530/6 5538/5538/6 5541/5541/6
f 5546/5546/63 5551/5551/63 5547/5547/63
f 5546/5546/63 5550/5550/63 5551/5551/63
f 5555/5555/65 5558/5558/65 5554/5554/65
f 5555/5555/65 5559/5559/65 5558/5558/65
f 5550/5550/5 5559/5559/5 5551/5551/5
f 5550/5550/5 5558/5558/5 5559/5559/5
f 5547/5547/6 5554/5554/6 5546/5546/6
f 5547/5547/6 5555/5555/6 5554/5554/6
f 5547/5547/64 5552/5552/64 5548/5548/64
f 5547/5547/64 5551/5551/64 5552/5552/64
f 5556/5556/66 5559/5559/66 5555/5555/66
f 5556/5556/66 5560/5560/66 5559/5559/66
f 5551/5551/5 5560/5560/5 5552/5552/5
f 5551/5551/5 5559/5559/5 5560/5560/5
f 5548/5548/6 5555/5555/6 5547/5547/6
f 5548/5548/6 5556/5556/6 5555/5555/6
f 5548/5548/65 5553/5553/65 5549/5549/65
f 5548/5548/65 5552/5552/65 5553/5553/65
f 5557/5557/63 5560/5560/63 5556/5556/63
f 5557/5557/63 5561/5561/63 5560/5560/63
f 5552/5552/5 5561/5561/5 5553/5553/5
f 5552/5552/5 5560/5560/5 5561/5561/5
f 5549/5549/6 5556/5556/6 5548/5548/6
f 5549/5549/6 5557/5557/6 5556/5556/6
f 5549/5549/66 5550/5550/66 5546/5546/66
f 5549/5549/66 5553/5553/66 5550/5550/66
f 5554/5554/64 5561/5561/64 5557/5557/64
f 5554/5554/64 5558/5558/64 5561/5561/64
f 5553/5553/5 5558/5558/5 5550/5550/5
f 5553/5553/5 5561/5561/5 5558/5558/5
f 5546/5546/6 5557/5557/6 5549/5549/6
f 5546/5546/6 5554/5554/6 5557/5557/6
f 5562/5562/64 5563/5563/64 5567/5567/64
f 5562/5562/64 5567/5567/64 5566/5566/64
f 5563/5563/63 5564/5564/63 5568/5568/63
f 5563/5563/63 5568/5568/63 5567/5567/63
f 5564/5564/66 5565/5565/66 5569/5569/66
f 5564/5564/66 5569/5569/66 5568/5568/66
f 5565/5565/65 5562/5562/65 5566/5566/65
f 5565/5565/65 5566/5566/65 5569/5569/65
f 5566/5566/5 5567/5567/5 5568/5568/5
f 5566/5566/5 5568/5568/5 5569/5569/5
f 5565/5565/6 5564/5564/6 5563/5563/6
f 5565/5565/6 5563/5563/6 5562/5562/6
f 5570/5570/65 5571/5571/65 5575/5575/65
f 5570/5570/65 5575/5575/65 5574/5574/65
f 5571/5571/64 5572/5572/64 5576/5576/64
f 5571/5571/64 5576/5576/64 5575/5575/64
f 5572/5572/63 5573/5573/63 5577/5577/63
f 5572/5572/63 5577/5577/63 5576/5576/63
f 5573/5573/66 5570/5570/66 5574/5574/66
f 5573/5573/66 5574/5574/66 5577/5577/66
f 5574/5574/5 5575/5575/5 5576/5576/5
f 5574/5574/5 5576/5576/5 5577/5577/5
f 5573/5573/6 5572/5572/6 5571/5571/6
f 5573/5573/6 5571/5571/6 5570/5570/6
f 5578/5578/64 5579/5579/64 5583/5583/64
f 5578/5578/64 5583/5583/64 5582/5582/64
f 5579/5579/63 5580/5580/63 5584/5584/63
f 5579/5579/63 5584/5584/63 5583/5583/63
f 5580/5580/66 5581/5581/66 5585/5585/66
f 5580/5580/66 5585/5585/66 5584/5584/66
f 5581/5581/65 5578/5578/65 5582/5582/65
f 5581/5581/65 5582/5582/65 5585/5585/65
f 5582/5582/5 5583/5583/5 5584/5584/5
f 5582/5582/5 5584/5584/5 5585/5585/5
f 5581/5581/6 5580/5580/6 5579/5579/6
f 5581/5581/6 5579/5579/6 5578/5578/6
f 5586/5586/65 5587/5587/65 5591/5591/65
f 5586/5586/65 5591/5591/65 5590/5590/65
f 5587/5587/64 5588/5588/64 5592/5592/64
f 5587/5587/64 5592/5592/64 5591/5591/64
f 5588/5588/63 5589/5589/63 5593/5593/63
f 5588/5588/63 5593/5593/63 5592/5592/63
f 5589/5589/66 5586/5586/66 5590/5590/66
f 5589/5589/66 5590/5590/66 5593/5593/66
f 5590/5590/5 5591/5591/5 5592/5592/5
f 5590/5590/5 5592/5592/5 5593/5593/5
f 5589/5589/6 5588/5588/6 5587/5587/6
f 5589/5589/6 5587/5587/6 5586/5586/6
f 5594/5594/65 5595/5595/65 5599/5599/65
f 5594/5594/65 5599/5599/65 5598/5598/65
f 5595/5595/64 5596/5596/64 5600/5600/64
f 5595/5595/64 5600/5600/64 5599/5599/64
f 5596/5596/63 5597/5597/63 5601/5601/63
f 5596/5596/63 5601/5601/63 5600/5600/63
f 5597/5597/66 5594/5594/66 5598/5598/66
f 5597/5597/66 5598/5598/66 5601/5601/66
f 5598/5598/5 5599/5599/5 5600/5600/5
f 5598/5598/5 5600/5600/5 5601/5601/5
f 5597/5597/6 5596/5596/6 5595/5595/6
f 5597/5597/6 5595/5595/6 5594/5594/6
f 5602/5602/66 5603/5603/66 5607/5607/66
f 5602/5602/66 5607/5607/66 5606/5606/66
f 5603/5603/65 5604/5604/65 5608/5608/65
f 5603/5603/65 5608/5608/65 5607/5607/65
f 5604/5604/64 5605/5605/64 5609/5609/64
f 5604/5604/64 5609/5609/64 5608/5608/64
f 5605/5605/63 5602/5602/63 5606/5606/63
f 5605/5605/63 5606/5606/63 5609/5609/63
f 5606/5606/5 5607/5607/5 5608/5608/5
f 5606/5606/5 5608/5608/5 5609/5609/5
f 5605/5605/6 5604/5604/6 5603/5603/6
f 5605/5605/6 5603/5603/6 5602/5602/6
f 5610/5610/65 5611/5611/65 5615/5615/65
f 5610/5610/65 5615/5615/65 5614/5614/65
f 5611/5611/64 5612/5612/64 5616/5616/64
f 5611/5611/64 5616/5616/64 5615/5615/64
f 5612/5612/63 5613/5613/63 5617/5617/63
f 5612/5612/63 5617/5617/63 5616/5616/63
f 5613/5613/66 5610/5610/66 5614/5614/66
f 5613/5613/66 5614/5614/66 5617/5617/66
f 5614/5614/5 5615/5615/5 5616/5616/5
f 5614/5614/5 5616/5616/5 5617/5617/5
f 5613/5613/6 5612/5612/6 5611/5611/6
f 5613/5613/6 5611/5611/6 5610/5610/6
f 5618/5618/66 5619/5619/66 5623/5623/66
f 5618/5618/66 5623/5623/66 5622/5622/66
f 5619/5619/65 5620/5620/65 5624/5624/65
f 5619/5619/65 5624/5624/65 5623/5623/65
f 5620/5620/64 5621/5621/64 5625/5625/64
f 5620/5620/64 5625/5625/64 5624/5624/64
f 5621/5621/63 5618/5618/63 5622/5622/63
f 5621/5621/63 5622/5622/63 5625/5625/63
f 5622/5622/5 5623/5623/5 5624/5624/5
f 5622/5622/5 5624/5624/5 5625/5625/5
f 5621/5621/6 5620/5620/6 5619/5619/6
f 5621/5621/6 5619/5619/6 5618/5618/6
f 5626/5626/66 5627/5627/66 5631/5631/66
f 5626/5626/66 5631/5631/66 5630/5630/66
f 5627/5627/65 5628/5628/65 5632/5632/65
f 5627/5627/65 5632/5632/65 5631/5631/65
f 5628/5628/64 5629/5629/64 5633/5633/64
f 5628/5628/64 5633/5633/64 5632/5632/64
f 5629/5629/63 5626/5626/63 5630/5630/63
f 5629/5629/63 5630/5630/63 5633/5633/63
f 5630/5630/5 5631/5631/5 5632/5632/5
f 5630/5630/5 5632/5632/5 5633/5633/5
f 5629/5629/6 5628/5628/6 5627/5627/6
f 5629/5629/6 5627/5627/6 5626/5626/6
f 5634/5634/63 5635/5635/63 5639/5639/63
f 5634/5634/63 5639/5639/63 5638/5638/63
f 5635/5635/66 5636/5636/66 5640/5640/66
f 5635/5635/66 5640/5640/66 5639/5639/66
f 5636/5636/65 5637/5637/65 5641/5641/65
f 5636/5636/65 5641/5641/65 5640/5640/65
f 5637/5637/64 5634/5634/64 5638/5638/64
f 5637/5637/64 5638/5638/64 5641/5641/64
f 5638/5638/5 5639/5639/5 5640/5640/5
f 5638/5638/5 5640/5640/5 5641/5641/5
f 5637/5637/6 5636/5636/6 5635/5635/6
f 5637/5637/6 5635/5635/6 5634/5634/6
f 5642/5642/66 5643/5643/66 5647/5647/66
f 5642/5642/66 5647/5647/66 5646/5646/66
f 5643/5643/65 5644/5644/65 5648/5648/65
f 5643/5643/65 5648/5648/65 5647/5647/65
f 5644/5644/64 5645/5645/64 5649/5649/64
f 5644/5644/64 5649/5649/64 5648/5648/64
f 5645/5645/63 5642/5642/63 5646/5646/63
f 5645/5645/63 5646/5646/63 5649/5649/63
f 5646/5646/5 5647/5647/5 5648/5648/5
f 5646/5646/5 5648/5648/5 5649/5649/5
f 5645/5645/6 5644/5644/6 5643/5643/6
f 5645/5645/6 5643/5643/6 5642/5642/6
f 5650/5650/63 5651/5651/63 5655/5655/63
f 5650/5650/63 5655/5655/63 5654/5654/63
f 5651/5651/66 5652/5652/66 5656/5656/66
f 5651/5651/66 5656/5656/66 5655/5655/66
f 5652/5652/65 5653/5653/65 5657/5657/65
f 5652/5652/65 5657/5657/65 5656/5656/65
f 5653/5653/64 5650/5650/64 5654/5654/64
f 5653/5653/64 5654/5654/64 5657/5657/64
f 5654/5654/5 5655/5655/5 5656/5656/5
f 5654/5654/5 5656/5656/5 5657/5657/5
f 5653/5653/6 5652/5652/6 5651/5651/6
f 5653/5653/6 5651/5651/6 5650/5650/6
f 5658/5658/63 5659/5659/63 5663/5663/63
f 5658/5658/63 5663/5663/63 5662/5662/63
f 5659/5659/66 5660/5660/66 5664/5664/66
f 5659/5659/66 5664/5664/66 5663/5663/66
f 5660/5660/65 5661/5661/65 5665/5665/65
f 5660/5660/65 5665/5665/65 5664/5664/65
f 5661/5661/64 5658/5658/64 5662/5662/64
f 5661/5661/64 5662/5662/64 5665/5665/64
f 5662/5662/5 5663/5663/5 5664/5664/5
f 5662/5662/5 5664/5664/5 5665/5665/5
f 5661/5661/6 5660/5660/6 5659/5659/6
f 5661/5661/6 5659/5659/6 5658/5658/6
f 5666/5666/64 5667/5667/64 5671/5671/64
f 5666/5666/64 5671/5671/64 5670/5670/64
f 5667/5667/63 5668/5668/63 5672/5672/63
f 5667/5667/63 5672/5672/63 5671/5671/63
f 5668/5668/66 5669/5669/66 5673/5673/66
f 5668/5668/66 5673/5673/66 5672/5672/66
f 5669/5669/65 5666/5666/65 5670/5670/65
f 5669/5669/65 5670/5670/65 5673/5673/65
f 5670/5670/5 5671/5671/5 5672/5672/5
f 5670/5670/5 5672/5672/5 5673/5673/5
f 5669/5669/6 5668/5668/6 5667/5667/6
f 5669/5669/6 5667/5667/6 5666/5666/6
f 5674/5674/63 5675/5675/63 5679/5679/63
f 5674/5674/63 5679/5679/63 5678/5678/63
f 5675/5675/66 5676/5676/66 5680/5680/66
f 5675/5675/66 5680/5680/66 5679/5679/66
f 5676/5676/65 5677/5677/65 5681/5681/65
f 5676/5676/65 5681/5681/65 5680/5680/65
f 5677/5677/64 5674/5674/64 5678/5678/64
f 5677/5677/64 5678/5678/64 5681/5681/64
f 5678/5678/5 5679/5679/5 5680/5680/5
f 5678/5678/5 5680/5680/5 5681/5681/5
f 5677/5677/6 5676/5676/6 5675/5675/6
f 5677/5677/6 5675/5675/6 5674/5674/6
f 5682/5682/64 5683/5683/64 5687/5687/64
f 5682/5682/64 5687/5687/64 5686/5686/64
f 5683/5683/63 5684/5684/63 5688/5688/63
f 5683/5683/63 5688/5688/63 5687/5687/63
f 5684/5684/66 5685/5685/66 5689/5689/66
f 5684/5684/66 5689/5689/66 5688/5688/66
f 5685/5685/65 5682/5682/65 5686/5686/65
f 5685/5685/65 5686/5686/65 5689/5689/65
f 5686/5686/5 5687/5687/5 5688/5688/5
f 5686/5686/5 5688/5688/5 5689/5689/5
f 5685/5685/6 5684/5684/6 5683/5683/6
f 5685/5685/6 5683/5683/6 5682/5682/6
f 5690/5690/113 5695/5695/113 5691/5691/113
f 5690/5690/113 5694/5694/113 5695/5695/113
f 5691/5691/114 5696/5696/114 5692/5692/114
f 5691/5691/114 5695/5695/114 5696/5696/114
f 5692/5692/115 5697/5697/115 5693/5693/115
f 5692/5692/115 5696/5696/115 5697/5697/115
f 5693/5693/116 5694/5694/116 5690/5690/116
f 5693/5693/116 5697/5697/116 5694/5694/116
f 5694/5694/5 5696/5696/5 5695/5695/5
f 5694/5694/5 5697/5697/5 5696/5696/5
f 5693/5693/6 5691/5691/6 5692/5692/6
f 5693/5693/6 5690/5690/6 5691/5691/6
f 5698/5698/6 5703/5703/6 5699/5699/6
f 5698/5698/6 5702/5702/6 5703/5703/6
f 5707/5707/5 5710/5710/5 5706/5706/5
f 5707/5707/5 5711/5711/5 5710/5710/5
f 5702/5702/113 5711/5711/113 5703/5703/113
f 5702/5702/113 5710/5710/113 5711/5711/113
f 5699/5699/115 5706/5706/115 5698/5698/115
f 5699/5699/115 5707/5707/115 5706/5706/115
f 5699/5699/114 5704/5704/114 5700/5700/114
f 5699/5699/114 5703/5703/114 5704/5704/114
f 5708/5708/116 5711/5711/116 5707/5707/116
f 5708/5708/116 5712/5712/116 5711/5711/116
f 5703/5703/113 5712/5712/113 5704/5704/113
f 5703/5703/113 5711/5711/113 5712/5712/113
f 5700/5700/115 5707/5707/115 5699/5699/115
f 5700/5700/115 5708/5708/115 5707/5707/115
f 5700/5700/5 5705/5705/5 5701/5701/5
f 5700/5700/5 5704/5704/5 5705/5705/5
f 5709/5709/6 5712/5712/6 5708/5708/6
f 5709/5709/6 5713/5713/6 5712/5712/6
f 5704/5704/113 5713/5713/113 5705/5705/113
f 5704/5704/113 5712/5712/113 5713/5713/113
f 5701/5701/115 5708/5708/115 5700/5700/115
f 5701/5701/115 5709/5709/115 5708/5708/115
f 5701/5701/116 5702/5702/116 5698/5698/116
f 5701/5701/116 5705/5705/116 5702/5702/116
f 5706/5706/114 5713/5713/114 5709/5709/114
f 5706/5706/114 5710/5710/114 5713/5713/114
f 5705/5705/113 5710/5710/113 5702/5702/113
f 5705/5705/113 5713/5713/113 5710/5710/113
f 5698/5698/115 5709/5709/115 5701/5701/115
f 5698/5698/115 5706/5706/115 5709/5709/115
f 5714/5714/6 5719/5719/6 5715/5715/6
f 5714/5714/6 5718/5718/6 5719/5719/6
f 5723/5723/5 5726/5726/5 5722/5722/5
f 5723/5723/5 5727/5727/5 5726/5726/5
f 5718/5718/114 5727/5727/114 5719/5719/114
f 5718/5718/114 5726/5726/114 5727/5727/114
f 5715/5715/116 5722/5722/116 5714/5714/116
f 5715/5715/116 5723/5723/116 5722/5722/116
f 5715/5715/115 5720/5720/115 5716/5716/115
f 5715/5715/115 5719/5719/115 5720/5720/115
f 5724/5724/113 5727/5727/113 5723/5723/113
f 5724/5724/113 5728/5728/113 5727/5727/113
f 5719/5719/114 5728/5728/114 5720/5720/114
f 5719/5719/114 5727/5727/114 5728/5728/114
f 5716/5716/116 5723/5723/116 5715/5715/116
f 5716/5716/116 5724/5724/116 5723/5723/116
f 5716/5716/5 5721/5721/5 5717/5717/5
f 5716/5716/5 5720/5720/5 5721/5721/5
f 5725/5725/6 5728/5728/6 5724/5724/6
f 5725/5725/6 5729/5729/6 5728/5728/6
f 5720/5720/114 5729/5729/114 5721/5721/114
f 5720/5720/114 5728/5728/114 5729/5729/114
f 5717/5717/116 5724/5724/116 5716/5716/116
f 5717/5717/116 5725/5725/116 5724/5724/116
f 5717/5717/113 5718/5718/113 5714/5714/113
f 5717/5717/113 5721/5721/113 5718/5718/113
f 5722/5722/115 5729/5729/115 5725/5725/115
f 5722/5722/115 5726/5726/115 5729/5729/115
f 5721/5721/114 5726/5726/114 5718/5718/114
f 5721/5721/114 5729/5729/114 5726/5726/114
f 5714/5714/116 5725/5725/116 5717/5717/116
f 5714/5714/116 5722/5722/116 5725/5725/116
f 5730/5730/6 5735/5735/6 5731/5731/6
f 5730/5730/6 5734/5734/6 5735/5735/6
f 5739/5739/5 5742/5742/5 5738/5738/5
f 5739/5739/5 5743/5743/5 5742/5742/5
f 5734/5734/114 5743/5743/114 5735/5735/114
f 5734/5734/114 5742/5742/114 5743/5743/114
f 5731/5731/116 5738/5738/116 5730/5730/116
f 5731/5731/116 5739/5739/116 5738/5738/116
f 5731/5731/115 5736/5736/115 5732/5732/115
f 5731/5731/115 5735/5735/115 5736/5736/115
f 5740/5740/113 5743/5743/113 5739/5739/113
f 5740/5740/113 5744/5744/113 5743/5743/113
f 5735/5735/114 5744/5744/114 5736/5736/114
f 5735/5735/114 5743/5743/114 5744/5744/114
f 5732/5732/116 5739/5739/116 5731/5731/116
f 5732/5732/116 5740/5740/116 5739/5739/116
f 5732/5732/5 5737/5737/5 5733/5733/5
f 5732/5732/5 5736/5736/5 5737/5737/5
f 5741/5741/6 5744/5744/6 5740/5740/6
f 5741/5741/6 5745/5745/6 5744/5744/6
f 5736/5736/114 5745/5745/114 5737/5737/114
f 5736/5736/114 5744/5744/114 5745/5745/114
f 5733/5733/116 5740/5740/116 5732/5732/116
f 5733/5733/116 5741/5741/116 5740/5740/116
f 5733/5733/113 5734/5734/113 5730/5730/113
f 5733/5733/113 5737/5737/113 5734/5734/113
f 5738/5738/115 5745/5745/115 5741/5741/115
f 5738/5738/115 5742/5742/115 5745/5745/115
f 5737/5737/114 5742/5742/114 5734/5734/114
f 5737/5737/114 5745/5745/114 5742/5742/114
f 5730/5730/116 5741/5741/116 5733/5733/116
f 5730/5730/116 5738/5738/116 5741/5741/116
f 5746/5746/6 5751/5751/6 5747/5747/6
f 5746/5746/6 5750/5750/6 5751/5751/6
f 5755/5755/5 5758/5758/5 5754/5754/5
f 5755/5755/5 5759/5759/5 5758/5758/5
f 5750/5750/115 5759/5759/115 5751/5751/115
f 5750/5750/115 5758/5758/115 5759/5759/115
f 5747/5747/113 5754/5754/113 5746/5746/113
f 5747/5747/113 5755/5755/113 5754/5754/113
f 5747/5747/116 5752/5752/116 5748/5748/116
f 5747/5747/116 5751/5751/116 5752/5752/116
f 5756/5756/114 5759/5759/114 5755/5755/114
f 5756/5756/114 5760/5760/114 5759/5759/114
f 5751/5751/115 5760/5760/115 5752/5752/115
f 5751/5751/115 5759/5759/115 5760/5760/115
f 5748/5748/113 5755/5755/113 5747/5747/113
f 5748/5748/113 5756/5756/113 5755/5755/113
f 5748/5748/5 5753/5753/5 5749/5749/5
f 5748/5748/5 5752/5752/5 5753/5753/5
f 5757/5757/6 5760/5760/6 5756/5756/6
f 5757/5757/6 5761/5761/6 5760/5760/6
f 5752/5752/115 5761/5761/115 5753/5753/115
f 5752/5752/115 5760/5760/115 5761/5761/115
f 5749/5749/113 5756/5756/113 5748/5748/113
f 5749/5749/113 5757/5757/113 5756/5756/113
f 5749/5749/114 5750/5750/114 5746/5746/114
f 5749/5749/114 5753/5753/114 5750/5750/114
f 5754/5754/116 5761/5761/116 5757/5757/116
f 5754/5754/116 5758/5758/116 5761/5761/116
f 5753/5753/115 5758/5758/115 5750/5750/115
f 5753/5753/115 5761/5761/115 5758/5758/115
f 5746/5746/113 5757/5757/113 5749/5749/113
f 5746/5746/113 5754/5754/113 5757/5757/113
f 5762/5762/113 5763/5763/113 5767/5767/113
f 5762/5762/113 5767/5767/113 5766/5766/113
f 5763/5763/116 5764/5764/116 5768/5768/116
f 5763/5763/116 5768/5768/116 5767/5767/116
f 5764/5764/115 5765/5765/115 5769/5769/115
f 5764/5764/115 5769/5769/115 5768/5768/115
f 5765/5765/114 5762/5762/114 5766/5766/114
f 5765/5765/114 5766/5766/114 5769/5769/114
f 5766/5766/5 5767/5767/5 5768/5768/5
f 5766/5766/5 5768/5768/5 5769/5769/5
f 5765/5765/6 5764/5764/6 5763/5763/6
f 5765/5765/6 5763/5763/6 5762/5762/6
f 5770/5770/6 5775/5775/6 5771/5771/6
f 5770/5770/6 5774/5774/6 5775/5775/6
f 5779/5779/5 5782/5782/5 5778/5778/5
f 5779/5779/5 5783/5783/5 5782/5782/5
f 5774/5774/116 5783/5783/116 5775/5775/116
f 5774/5774/116 5782/5782/116 5783/5783/116
f 5771/5771/114 5778/5778/114 5770/5770/114
f 5771/5771/114 5779/5779/114 5778/5778/114
f 5771/5771/113 5776/5776/113 5772/5772/113
f 5771/5771/113 5775/5775/113 5776/5776/113
f 5780/5780/115 5783/5783/115 5779/5779/115
f 5780/5780/115 5784/5784/115 5783/5783/115
f 5775/5775/116 5784/5784/116 5776/5776/116
f 5775/5775/116 5783/5783/116 5784/5784/116
f 5772/5772/114 5779/5779/114 5771/5771/114
f 5772/5772/114 5780/5780/114 5779/5779/114
f 5772/5772/5 5777/5777/5 5773/5773/5
f 5772/5772/5 5776/5776/5 5777/5777/5
f 5781/5781/6 5784/5784/6 5780/5780/6
f 5781/5781/6 5785/5785/6 5784/5784/6
f 5776/5776/116 5785/5785/116 5777/5777/116
f 5776/5776/116 5784/5784/116 5785/5785/116
f 5773/5773/114 5780/5780/114 5772/5772/114
f 5773/5773/114 5781/5781/114 5780/5780/114
f 5773/5773/115 5774/5774/115 5770/5770/115
f 5773/5773/115 5777/5777/115 5774/5774/115
f 5778/5778/113 5785/5785/113 5781/5781/113
f 5778/5778/113 5782/5782/113 5785/5785/113
f 5777/5777/116 5782/5782/116 5774/5774/116
f 5777/5777/116 5785/5785/116 5782/5782/116
f 5770/5770/114 5781/5781/114 5773/5773/114
f 5770/5770/114 5778/5778/114 5781/5781/114
f 5786/5786/6 5791/5791/6 5787/5787/6
f 5786/5786/6 5790/5790/6 5791/5791/6
f 5795/5795/5 5798/5798/5 5794/5794/5
f 5795/5795/5 5799/5799/5 5798/5798/5
f 5790/5790/116 5799/5799/116 5791/5791/116
f 5790/5790/116 5798/5798/116 5799/5799/116
f 5787/5787/114 5794/5794/114 5786/5786/114
f 5787/5787/114 5795/5795/114 5794/5794/114
f 5787/5787/113 5792/5792/113 5788/5788/113
f 5787/5787/113 5791/5791/113 5792/5792/113
f 5796/5796/115 5799/5799/115 5795/5795/115
f 5796/5796/115 5800/5800/115 5799/5799/115
f 5791/5791/116 5800/5800/116 5792/5792/116
f 5791/5791/116 5799/5799/116 5800/5800/116
f 5788/5788/114 5795/5795/114 5787/5787/114
f 5788/5788/114 5796/5796/114 5795/5795/114
f 5788/5788/5 5793/5793/5 5789/5789/5
f 5788/5788/5 5792/5792/5 5793/5793/5
f 5797/5797/6 5800/5800/6 5796/5796/6
f 5797/5797/6 5801/5801/6 5800/5800/6
f 5792/5792/116 5801/5801/116 5793/5793/116
f 5792/5792/116 5800/5800/116 5801/5801/116
f 5789/5789/114 5796/5796/114 5788/5788/114
f 5789/5789/114 5797/5797/114 5796/5796/114
f 5789/5789/115 5790/5790/115 5786/5786/115
f 5789/5789/115 5793/5793/115 5790/5790/115
f 5794/5794/113 5801/5801/113 5797/5797/113
f 5794/5794/113 5798/5798/113 5801/5801/113
f 5793/5793/116 5798/5798/116 5790/5790/116
f 5793/5793/116 5801/5801/116 5798/5798/116
f 5786/5786/114 5797/5797/114 5789/5789/114
f 5786/5786/114 5794/5794/114 5797/5797/114
f 5802/5802/113 5807/5807/113 5803/5803/113
f 5802/5802/113 5806/5806/113 5807/5807/113
f 5811/5811/115 5814/5814/115 5810/5810/115
f 5811/5811/115 5815/5815/115 5814/5814/115
f 5806/5806/5 5815/5815/5 5807/5807/5
f 5806/5806/5 5814/5814/5 5815/5815/5
f 5803/5803/6 5810/5810/6 5802/5802/6
f 5803/5803/6 5811/5811/6 5810/5810/6
f 5803/5803/114 5808/5808/114 5804/5804/114
f 5803/5803/114 5807/5807/114 5808/5808/114
f 5812/5812/116 5815/5815/116 5811/5811/116
f 5812/5812/116 5816/5816/116 5815/5815/116
f 5807/5807/5 5816/5816/5 5808/5808/5
f 5807/5807/5 5815/5815/5 5816/5816/5
f 5804/5804/6 5811/5811/6 5803/5803/6
f 5804/5804/6 5812/5812/6 5811/5811/6
f 5804/5804/115 5809/5809/115 5805/5805/115
f 5804/5804/115 5808/5808/115 5809/5809/115
f 5813/5813/113 5816/5816/113 5812/5812/113
f 5813/5813/113 5817/5817/113 5816/5816/113
f 5808/5808/5 5817/5817/5 5809/5809/5
f 5808/5808/5 5816/5816/5 5817/5817/5
f 5805/5805/6 5812/5812/6 5804/5804/6
f 5805/5805/6 5813/5813/6 5812/5812/6
f 5805/5805/116 5806/5806/116 5802/5802/116
f 5805/5805/116 5809/5809/116 5806/5806/116
f 5810/5810/114 5817/5817/114 5813/5813/114
f 5810/5810/114 5814/5814/114 5817/5817/114
f 5809/5809/5 5814/5814/5 5806/5806/5
f 5809/5809/5 5817/5817/5 5814/5814/5
f 5802/5802/6 5813/5813/6 5805/5805/6
f 5802/5802/6 5810/5810/6 5813/5813/6
f 5818/5818/113 5823/5823/113 5819/5819/113
f 5818/5818/113 5822/5822/113 5823/5823/113
f 5827/5827/115 5830/5830/115 5826/5826/115
f 5827/5827/115 5831/5831/115 5830/5830/115
f 5822/5822/5 5831/5831/5 5823/5823/5
f 5822/5822/5 5830/5830/5 5831/5831/5
f 5819/5819/6 5826/5826/6 5818/5818/6
f 5819/5819/6 5827/5827/6 5826/5826/6
f 5819/5819/114 5824/5824/114 5820/5820/114
f 5819/5819/114 5823/5823/114 5824/5824/114
f 5828/5828/116 5831/5831/116 5827/5827/116
f 5828/5828/116 5832/5832/116 5831/5831/116
f 5823/5823/5 5832/5832/5 5824/5824/5
f 5823/5823/5 5831/5831/5 5832/5832/5
f 5820/5820/6 5827/5827/6 5819/5819/6
f 5820/5820/6 5828/5828/6 5827/5827/6
f 5820/5820/115 5825/5825/115 5821/5821/115
f 5820/5820/115 5824/5824/115 5825/5825/115
f 5829/5829/113 5832/5832/113 5828/5828/113
f 5829/5829/113 5833/5833/113 5832/5832/113
f 5824/5824/5 5833/5833/5 5825/5825/5
f 5824/5824/5 5832/5832/5 5833/5833/5
f 5821/5821/6 5828/5828/6 5820/5820/6
f 5821/5821/6 5829/5829/6 5828/5828/6
f 5821/5821/116 5822/5822/116 5818/5818/116
f 5821/5821/116 5825/5825/116 5822/5822/116
f 5826/5826/114 5833/5833/114 5829/5829/114
f 5826/5826/114 5830/5830/114 5833/5833/114
f 5825/5825/5 5830/5830/5 5822/5822/5
f 5825/5825/5 5833/5833/5 5830/5830/5
f 5818/5818/6 5829/5829/6 5821/5821/6
f 5818/5818/6 5826/5826/6 5829/5829/6
f 5834/5834/113 5839/5839/113 5835/5835/113
f 5834/5834/113 5838/5838/113 5839/5839/113
f 5843/5843/115 5846/5846/115 5842/5842/115
f 5843/5843/115 5847/5847/115 5846/5846/115
f 5838/5838/5 5847/5847/5 5839/5839/5
f 5838/5838/5 5846/5846/5 5847/5847/5
f 5835/5835/6 5842/5842/6 5834/5834/6
f 5835/5835/6 5843/5843/6 5842/5842/6
f 5835/5835/114 5840/5840/114 5836/5836/114
f 5835/5835/114 5839/5839/114 5840/5840/114
f 5844/5844/116 5847/5847/116 5843/5843/116
f 5844/5844/116 5848/5848/116 5847/5847/116
f 5839/5839/5 5848/5848/5 5840/5840/5
f 5839/5839/5 5847/5847/5 5848/5848/5
f 5836/5836/6 5843/5843/6 5835/5835/6
f 5836/5836/6 5844/5844/6 5843/5843/6
f 5836/5836/115 5841/5841/115 5837/5837/115
f 5836/5836/115 5840/5840/115 5841/5841/115
f 5845/5845/113 5848/5848/113 5844/5844/113
f 5845/5845/113 5849/5849/113 5848/5848/113
f 5840/5840/5 5849/5849/5 5841/5841/5
f 5840/5840/5 5848/5848/5 5849/5849/5
f 5837/5837/6 5844/5844/6 5836/5836/6
f 5837/5837/6 5845/5845/6 5844/5844/6
f 5837/5837/116 5838/5838/116 5834/5834/116
f 5837/5837/116 5841/5841/116 5838/5838/116
f 5842/5842/114 5849/5849/114 5845/5845/114
f 5842/5842/114 5846/5846/114 5849/5849/114
f 5841/5841/5 5846/5846/5 5838/5838/5
f 5841/5841/5 5849/5849/5 5846/5846/5
f 5834/5834/6 5845/5845/6 5837/5837/6
f 5834/5834/6 5842/5842/6 5845/5845/6
f 5850/5850/114 5851/5851/114 5855/5855/114
f 5850/5850/114 5855/5855/114 5854/5854/114
f 5851/5851/113 5852/5852/113 5856/5856/113
f 5851/5851/113 5856/5856/113 5855/5855/113
f 5852/5852/116 5853/5853/116 5857/5857/116
f 5852/5852/116 5857/5857/116 5856/5856/116
f 5853/5853/115 5850/5850/115 5854/5854/115
f 5853/5853/115 5854/5854/115 5857/5857/115
f 5854/5854/5 5855/5855/5 5856/5856/5
f 5854/5854/5 5856/5856/5 5857/5857/5
f 5853/5853/6 5852/5852/6 5851/5851/6
f 5853/5853/6 5851/5851/6 5850/5850/6
f 5858/5858/115 5859/5859/115 5863/5863/115
f 5858/5858/115 5863/5863/115 5862/5862/115
f 5859/5859/114 5860/5860/114 5864/5864/114
f 5859/5859/114 5864/5864/114 5863/5863/114
f 5860/5860/113 5861/5861/113 5865/5865/113
f 5860/5860/113 5865/5865/113 5864/5864/113
f 5861/5861/116 5858/5858/116 5862/5862/116
f 5861/5861/116 5862/5862/116 5865/5865/116
f 5862/5862/5 5863/5863/5 5864/5864/5
f 5862/5862/5 5864/5864/5 5865/5865/5
f 5861/5861/6 5860/5860/6 5859/5859/6
f 5861/5861/6 5859/5859/6 5858/5858/6
f 5866/5866/114 5867/5867/114 5871/5871/114
f 5866/5866/114 5871/5871/114 5870/5870/114
f 5867/5867/113 5868/5868/113 5872/5872/113
f 5867/5867/113 5872/5872/113 5871/5871/113
f 5868/5868/116 5869/5869/116 5873/5873/116
f 5868/5868/116 5873/5873/116 5872/5872/116
f 5869/5869/115 5866/5866/115 5870/5870/115
f 5869/5869/115 5870/5870/115 5873/5873/115
f 5870/5870/5 5871/5871/5 5872/5872/5
f 5870/5870/5 5872/5872/5 5873/5873/5
f 5869/5869/6 5868/5868/6 5867/5867/6
f 5869/5869/6 5867/5867/6 5866/5866/6
f 5874/5874/115 5875/5875/115 5879/5879/115
f 5874/5874/115 5879/5879/115 5878/5878/115
f 5875/5875/114 5876/5876/114 5880/5880/114
f 5875/5875/114 5880/5880/114 5879/5879/114
f 5876/5876/113 5877/5877/113 5881/5881/113
f 5876/5876/113 5881/5881/113 5880/5880/113
f 5877/5877/116 5874/5874/116 5878/5878/116
f 5877/5877/116 5878/5878/116 5881/5881/116
f 5878/5878/5 5879/5879/5 5880/5880/5
f 5878/5878/5 5880/5880/5 5881/5881/5
f 5877/5877/6 5876/5876/6 5875/5875/6
f 5877/5877/6 5875/5875/6 5874/5874/6
f 5882/5882/115 5883/5883/115 5887/5887/115
f 5882/5882/115 5887/5887/115 5886/5886/115
f 5883/5883/114 5884/5884/114 5888/5888/114
f 5883/5883/114 5888/5888/114 5887/5887/114
f 5884/5884/113 5885/5885/113 5889/5889/113
f 5884/5884/113 5889/5889/113 5888/5888/113
f 5885/5885/116 5882/5882/116 5886/5886/116
f 5885/5885/116 5886/5886/116 5889/5889/116
f 5886/5886/5 5887/5887/5 5888/5888/5
f 5886/5886/5 5888/5888/5 5889/5889/5
f 5885/5885/6 5884/5884/6 5883/5883/6
f 5885/5885/6 5883/5883/6 5882/5882/6
f 5890/5890/116 5891/5891/116 5895/5895/116
f 5890/5890/116 5895/5895/116 5894/5894/116
f 5891/5891/115 5892/5892/115 5896/5896/115
f 5891/5891/115 5896/5896/115 5895/5895/115
f 5892/5892/114 5893/5893/114 5897/5897/114
f 5892/5892/114 5897/5897/114 5896/5896/114
f 5893/5893/113 5890/5890/113 5894/5894/113
f 5893/5893/113 5894/5894/113 5897/5897/113
f 5894/5894/5 5895/5895/5 5896/5896/5
f 5894/5894/5 5896/5896/5 5897/5897/5
f 5893/5893/6 5892/5892/6 5891/5891/6
f 5893/5893/6 5891/5891/6 5890/5890/6
f 5898/5898/115 5899/5899/115 5903/5903/115
f 5898/5898/115 5903/5903/115 5902/5902/115
f 5899/5899/114 5900/5900/114 5904/5904/114
f 5899/5899/114 5904/5904/114 5903/5903/114
f 5900/5900/113 5901/5901/113 5905/5905/113
f 5900/5900/113 5905/5905/113 5904/5904/113
f 5901/5901/116 5898/5898/116 5902/5902/116
f 5901/5901/116 5902/5902/116 5905/5905/116
f 5902/5902/5 5903/5903/5 5904/5904/5
f 5902/5902/5 5904/5904/5 5905/5905/5
f 5901/5901/6 5900/5900/6 5899/5899/6
f 5901/5901/6 5899/5899/6 5898/5898/6
f 5906/5906/116 5907/5907/116 5911/5911/116
f 5906/5906/116 5911/5911/116 5910/5910/116
f 5907/5907/115 5908/5908/115 5912/5912/115
f 5907/5907/115 5912/5912/115 5911/5911/115
f 5908/5908/114 5909/5909/114 5913/5913/114
f 5908/5908/114 5913/5913/114 5912/5912/114
f 5909/5909/113 5906/5906/113 5910/5910/113
f 5909/5909/113 5910/5910/113 5913/5913/113
f 5910/5910/5 5911/5911/5 5912/5912/5
f 5910/5910/5 5912/5912/5 5913/5913/5
f 5909/5909/6 5908/5908/6 5907/5907/6
f 5909/5909/6 5907/5907/6 5906/5906/6
f 5914/5914/116 5915/5915/116 5919/5919/116
f 5914/5914/116 5919/5919/116 5918/5918/116
f 5915/5915/115 5916/5916/115 5920/5920/115
f 5915/5915/115 5920/5920/115 5919/5919/115
f 5916/5916/114 5917/5917/114 5921/5921/114
f 5916/5916/114 5921/5921/114 5920/5920/114
f 5917/5917/113 5914/5914/113 5918/5918/113
f 5917/5917/113 5918/5918/113 5921/5921/113
f 5918/5918/5 5919/5919/5 5920/5920/5
f 5918/5918/5 5920/5920/5 5921/5921/5
f 5917/5917/6 5916/5916/6 5915/5915/6
f 5917/5917/6 5915/5915/6 5914/5914/6
f 5922/5922/113 5923/5923/113 5927/5927/113
f 5922/5922/113 5927/5927/113 5926/5926/113
f 5923/5923/116 5924/5924/116 5928/5928/116
f 5923/5923/116 5928/5928/116 5927/5927/116
f 5924/5924/115 5925/5925/115 5929/5929/115
f 5924/5924/115 5929/5929/115 5928/5928/115
f 5925/5925/114 5922/5922/114 5926/5926/114
f 5925/5925/114 5926/5926/114 5929/5929/114
f 5926/5926/5 5927/5927/5 5928/5928/5
f 5926/5926/5 5928/5928/5 5929/5929/5
f 5925/5925/6 5924/5924/6 5923/5923/6
f 5925/5925/6 5923/5923/6 5922/5922/6
f 5930/5930/116 5931/5931/116 5935/5935/116
f 5930/5930/116 5935/5935/116 5934/5934/116
f 5931/5931/115 5932/5932/115 5936/5936/115
f 5931/5931/115 5936/5936/115 5935/5935/115
f 5932/5932/114 5933/5933/114 5937/5937/114
f 5932/5932/114 5937/5937/114 5936/5936/114
f 5933/5933/113 5930/5930/113 5934/5934/113
f 5933/5933/113 5934/5934/113 5937/5937/113
f 5934/5934/5 5935/5935/5 5936/5936/5
f 5934/5934/5 5936/5936/5 5937/5937/5
f 5933/5933/6 5932/5932/6 5931/5931/6
f 5933/5933/6 5931/5931/6 5930/5930/6
f 5938/5938/113 5939/5939/113 5943/5943/113
f 5938/5938/113 5943/5943/113 5942/5942/113
f 5939/5939/116 5940/5940/116 5944/5944/116
f 5939/5939/116 5944/5944/116 5943/5943/116
f 5940/5940/115 5941/5941/115 5945/5945/115
f 5940/5940/115 5945/5945/115 5944/5944/115
f 5941/5941/114 5938/5938/114 5942/5942/114
f 5941/5941/114 5942/5942/114 5945/5945/114
f 5942/5942/5 5943/5943/5 5944/5944/5
f 5942/5942/5 5944/5944/5 5945/5945/5
f 5941/5941/6 5940/5940/6 5939/5939/6
f 5941/5941/6 5939/5939/6 5938/5938/6
f 5946/5946/113 5947/5947/113 5951/5951/113
f 5946/5946/113 5951/5951/113 5950/5950/113
f 5947/5947/116 5948/5948/116 5952/5952/116
f 5947/5947/116 5952/5952/116 5951/5951/116
f 5948/5948/115 5949/5949/115 5953/5953/115
f 5948/5948/115 5953/5953/115 5952/5952/115
f 5949/5949/114 5946/5946/114 5950/5950/114
f 5949/5949/114 5950/5950/114 5953/5953/114
f 5950/5950/5 5951/5951/5 5952/5952/5
f 5950/5950/5 5952/5952/5 5953/5953/5
f 5949/5949/6 5948/5948/6 5947/5947/6
f 5949/5949/6 5947/5947/6 5946/5946/6
f 5954/5954/114 5955/5955/114 5959/5959/114
f 5954/5954/114 5959/5959/114 5958/5958/114
f 5955/5955/113 5956/5956/113 5960/5960/113
f 5955/5955/113 5960/5960/113 5959/5959/113
f 5956/5956/116 5957/5957/116 5961/5961/116
f 5956/5956/116 5961/5961/116 5960/5960/116
f 5957/5957/115 5954/5954/115 5958/5958/115
f 5957/5957/115 5958/5958/115 5961/5961/115
f 5958/5958/5 5959/5959/5 5960/5960/5
f 5958/5958/5 5960/5960/5 5961/5961/5
f 5957/5957/6 5956/5956/6 5955/5955/6
f 5957/5957/6 5955/5955/6 5954/5954/6
f 5962/5962/113 5963/5963/113 5967/5967/113
f 5962/5962/113 5967/5967/113 5966/5966/113
f 5963/5963/116 5964/5964/116 5968/5968/116
f 5963/5963/116 5968/5968/116 5967/5967/116
f 5964/5964/115 5965/5965/115 5969/5969/115
f 5964/5964/115 5969/5969/115 5968/5968/115
f 5965/5965/114 5962/5962/114 5966/5966/114
f 5965/5965/114 5966/5966/114 5969/5969/114
f 5966/5966/5 5967/5967/5 5968/5968/5
f 5966/5966/5 5968/5968/5 5969/5969/5
f 5965/5965/6 5964/5964/6 5963/5963/6
f 5965/5965/6 5963/5963/6 5962/5962/6
f 5970/5970/114 5971/5971/114 5975/5975/114
f 5970/5970/114 5975/5975/114 5974/5974/114
f 5971/5971/113 5972/5972/113 5976/5976/113
f 5971/5971/113 5976/5976/113 5975/5975/113
f 5972/5972/116 5973/5973/116 5977/5977/116
f 5972/5972/116 5977/5977/116 5976/5976/116
f 5973/5973/115 5970/5970/115 5974/5974/115
f 5973/5973/115 5974/5974/115 5977/5977/115
f 5974/5974/5 5975/5975/5 5976/5976/5
f 5974/5974/5 5976/5976/5 5977/5977/5
f 5973/5973/6 5972/5972/6 5971/5971/6
f 5973/5973/6 5971/5971/6 5970/5970/6
f 5978/5978/113 5983/5983/113 5979/5979/113
f 5978/5978/113 5982/5982/113 5983/5983/113
f 5979/5979/114 5984/5984/114 5980/5980/114
f 5979/5979/114 5983/5983/114 5984/5984/114
f 5980/5980/115 5985/5985/115 5981/5981/115
f 5980/5980/115 5984/5984/115 5985/5985/115
f 5981/5981/116 5982/5982/116 5978/5978/116
f 5981/5981/116 5985/5985/116 5982/5982/116
f 5982/5982/5 5984/5984/5 5983/5983/5
f 5982/5982/5 5985/5985/5 5984/5984/5
f 5981/5981/6 5979/5979/6 5980/5980/6
f 5981/5981/6 5978/5978/6 5979/5979/6
f 5986/5986/6 5991/5991/6 5987/5987/6
f 5986/5986/6 5990/5990/6 5991/5991/6
f 5995/5995/5 5998/5998/5 5994/5994/5
f 5995/5995/5 5999/5999/5 5998/5998/5
f 5990/5990/113 5999/5999/113 5991/5991/113
f 5990/5990/113 5998/5998/113 5999/5999/113
f 5987/5987/115 5994/5994/115 5986/5986/115
f 5987/5987/115 5995/5995/115 5994/5994/115
f 5987/5987/114 5992/5992/114 5988/5988/114
f 5987/5987/114 5991/5991/114 5992/5992/114
f 5996/5996/116 5999/5999/116 5995/5995/116
f 5996/5996/116 6000/6000/116 5999/5999/116
f 5991/5991/113 6000/6000/113 5992/5992/113
f 5991/5991/113 5999/5999/113 6000/6000/113
f 5988/5988/115 5995/5995/115 5987/5987/115
f 5988/5988/115 5996/5996/115 5995/5995/115
f 5988/5988/5 5993/5993/5 5989/5989/5
f 5988/5988/5 5992/5992/5 5993/5993/5
f 5997/5997/6 6000/6000/6 5996/5996/6
f 5997/5997/6 6001/6001/6 6000/6000/6
f 5992/5992/113 6001/6001/113 5993/5993/113
f 5992/5992/113 6000/6000/113 6001/6001/113
f 5989/5989/115 5996/5996/115 5988/5988/115
f 5989/5989/115 5997/5997/115 5996/5996/115
f 5989/5989/116 5990/5990/116 5986/5986/116
f 5989/5989/116 5993/5993/116 5990/5990/116
f 5994/5994/114 6001/6001/114 5997/5997/114
f 5994/5994/114 5998/5998/114 6001/6001/114
f 5993/5993/113 5998/5998/113 5990/5990/113
f 5993/5993/113 6001/6001/113 5998/5998/113
f 5986/5986/115 5997/5997/115 5989/5989/115
f 5986/5986/115 5994/5994/115 5997/5997/115
f 6002/6002/6 6007/6007/6 6003/6003/6
f 6002/6002/6 6006/6006/6 6007/6007/6
f 6011/6011/5 6014/6014/5 6010/6010/5
f 6011/6011/5 6015/6015/5 6014/6014/5
f 6006/6006/113 6015/6015/113 6007/6007/113
f 6006/6006/113 6014/6014/113 6015/6015/113
f 6003/6003/115 6010/6010/115 6002/6002/115
f 6003/6003/115 6011/6011/115 6010/6010/115
f 6003/6003/114 6008/6008/114 6004/6004/114
f 6003/6003/114 6007/6007/114 6008/6008/114
f 6012/6012/116 6015/6015/116 6011/6011/116
f 6012/6012/116 6016/6016/116 6015/6015/116
f 6007/6007/113 6016/6016/113 6008/6008/113
f 6007/6007/113 6015/6015/113 6016/6016/113
f 6004/6004/115 6011/6011/115 6003/6003/115
f 6004/6004/115 6012/6012/115 6011/6011/115
f 6004/6004/5 6009/6009/5 6005/6005/5
f 6004/6004/5 6008/6008/5 6009/6009/5
f 6013/6013/6 6016/6016/6 6012/6012/6
f 6013/6013/6 6017/6017/6 6016/6016/6
f 6008/6008/113 6017/6017/113 6009/6009/113
f 6008/6008/113 6016/6016/113 6017/6017/113
f 6005/6005/115 6012/6012/115 6004/6004/115
f 6005/6005/115 6013/6013/115 6012/6012/115
f 6005/6005/116 6006/6006/116 6002/6002/116
f 6005/6005/116 6009/6009/116 6006/6006/116
f 6010/6010/114 6017/6017/114 6013/6013/114
f 6010/6010/114 6014/6014/114 6017/6017/114
f 6009/6009/113 6014/6014/113 6006/6006/113
f 6009/6009/113 6017/6017/113 6014/6014/113
f 6002/6002/115 6013/6013/115 6005/6005/115
f 6002/6002/115 6010/6010/115 6013/6013/115
f 6018/6018/6 6023/6023/6 6019/6019/6
f 6018/6018/6 6022/6022/6 6023/6023/6
f 6027/6027/5 6030/6030/5 6026/6026/5
f 6027/6027/5 6031/6031/5 6030/6030/5
f 6022/6022/113 6031/6031/113 6023/6023/113
f 6022/6022/113 6030/6030/113 6031/6031/113
f 6019/6019/115 6026/6026/115 6018/6018/115
f 6019/6019/115 6027/6027/115 6026/6026/115
f 6019/6019/114 6024/6024/114 6020/6020/114
f 6019/6019/114 6023/6023/114 6024/6024/114
f 6028/6028/116 6031/6031/116 6027/6027/116
f 6028/6028/116 6032/6032/116 6031/6031/116
f 6023/6023/113 6032/6032/113 6024/6024/113
f 6023/6023/113 6031/6031/113 6032/6032/113
f 6020/6020/115 6027/6027/115 6019/6019/115
f 6020/6020/115 6028/6028/115 6027/6027/115
f 6020/6020/5 6025/6025/5 6021/6021/5
f 6020/6020/5 6024/6024/5 6025/6025/5
f 6029/6029/6 6032/6032/6 6028/6028/6
f 6029/6029/6 6033/6033/6 6032/6032/6
f 6024/6024/113 6033/6033/113 6025/6025/113
f 6024/6024/113 6032/6032/113 6033/6033/113
f 6021/6021/115 6028/6028/115 6020/6020/115
f 6021/6021/115 6029/6029/115 6028/6028/115
f 6021/6021/116 6022/6022/116 6018/6018/116
f 6021/6021/116 6025/6025/116 6022/6022/116
f 6026/6026/114 6033/6033/114 6029/6029/114
f 6026/6026/114 6030/6030/114 6033/6033/114
f 6025/6025/113 6030/6030/113 6022/6022/113
f 6025/6025/113 6033/6033/113 6030/6030/113
f 6018/6018/115 6029/6029/115 6021/6021/115
f 6018/6018/115 6026/6026/115 6029/6029/115
f 6034/6034/6 6041/6041/6 6035/6035/6
f 6034/6034/6 6040/6040/6 6041/6041/6
f 6047/6047/5 6052/6052/5 6046/6046/5
f 6047/6047/5 6053/6053/5 6052/6052/5
f 6040/6040/113 6053/6053/113 6041/6041/113
f 6040/6040/113 6052/6052/113 6053/6053/113
f 6035/6035/115 6046/6046/115 6034/6034/115
f 6035/6035/115 6047/6047/115 6046/6046/115
f 6035/6035/114 6042/6042/114 6036/6036/114
f 6035/6035/114 6041/6041/114 6042/6042/114
f 6048/6048/116 6053/6053/116 6047/6047/116
f 6048/6048/116 6054/6054/116 6053/6053/116
f 6041/6041/113 6054/6054/113 6042/6042/113
f 6041/6041/113 6053/6053/113 6054/6054/113
f 6036/6036/115 6047/6047/115 6035/6035/115
f 6036/6036/115 6048/6048/115 6047/6047/115
f 6036/6036/117 6043/6043/117 6037/6037/117
f 6036/6036/117 6042/6042/117 6043/6043/117
f 6049/6049/118 6054/6054/118 6048/6048/118
f 6049/6049/118 6055/6055/118 6054/6054/118
f 6042/6042/113 6055/6055/113 6043/6043/113
f 6042/6042/113 6054/6054/113 6055/6055/113
f 6037/6037/115 6048/6048/115 6036/6036/115
f 6037/6037/115 6049/6049/115 6048/6048/115
f 6037/6037/5 6044/6044/5 6038/6038/5
f 6037/6037/5 6043/6043/5 6044/6044/5
f 6050/6050/6 6055/6055/6 6049/6049/6
f 6050/6050/6 6056/6056/6 6055/6055/6
f 6043/6043/113 6056/6056/113 6044/6044/113
f 6043/6043/113 6055/6055/113 6056/6056/113
f 6038/6038/115 6049/6049/115 6037/6037/115
f 6038/6038/115 6050/6050/115 6049/6049/115
f 6038/6038/119 6045/6045/119 6039/6039/119
f 6038/6038/119 6044/6044/119 6045/6045/119
f 6051/6051/120 6056/6056/120 6050/6050/120
f 6051/6051/120 6057/6057/120 6056/6056/120
f 6044/6044/113 6057/6057/113 6045/6045/113
f 6044/6044/113 6056/6056/113 6057/6057/113
f 6039/6039/115 6050/6050/115 6038/6038/115
f 6039/6039/115 6051/6051/115 6050/6050/115
f 6039/6039/116 6040/6040/116 6034/6034/116
f 6039/6039/116 6045/6045/116 6040/6040/116
f 6046/6046/114 6057/6057/114 6051/6051/114
f 6046/6046/114 6052/6052/114 6057/6057/114
f 6045/6045/113 6052/6052/113 6040/6040/113
f 6045/6045/113 6057/6057/113 6052/6052/113
f 6034/6034/115 6051/6051/115 6039/6039/115
f 6034/6034/115 6046/6046/115 6051/6051/115
f 6058/6058/6 6063/6063/6 6059/6059/6
f 6058/6058/6 6062/6062/6 6063/6063/6
f 6067/6067/5 6070/6070/5 6066/6066/5
f 6067/6067/5 6071/6071/5 6070/6070/5
f 6062/6062/113 6071/6071/113 6063/6063/113
f 6062/6062/113 6070/6070/113 6071/6071/113
f 6059/6059/115 6066/6066/115 6058/6058/115
f 6059/6059/115 6067/6067/115 6066/6066/115
f 6059/6059/114 6064/6064/114 6060/6060/114
f 6059/6059/114 6063/6063/114 6064/6064/114
f 6068/6068/116 6071/6071/116 6067/6067/116
f 6068/6068/116 6072/6072/116 6071/6071/116
f 6063/6063/113 6072/6072/113 6064/6064/113
f 6063/6063/113 6071/6071/113 6072/6072/113
f 6060/6060/115 6067/6067/115 6059/6059/115
f 6060/6060/115 6068/6068/115 6067/6067/115
f 6060/6060/5 6065/6065/5 6061/6061/5
f 6060/6060/5 6064/6064/5 6065/6065/5
f 6069/6069/6 6072/6072/6 6068/6068/6
f 6069/6069/6 6073/6073/6 6072/6072/6
f 6064/6064/113 6073/6073/113 6065/6065/113
f 6064/6064/113 6072/6072/113 6073/6073/113
f 6061/6061/115 6068/6068/115 6060/6060/115
f 6061/6061/115 6069/6069/115 6068/6068/115
f 6061/6061/116 6062/6062/116 6058/6058/116
f 6061/6061/116 6065/6065/116 6062/6062/116
f 6066/6066/114 6073/6073/114 6069/6069/114
f 6066/6066/114 6070/6070/114 6073/6073/114
f 6065/6065/113 6070/6070/113 6062/6062/113
f 6065/6065/113 6073/6073/113 6070/6070/113
f 6058/6058/115 6069/6069/115 6061/6061/115
f 6058/6058/115 6066/6066/115 6069/6069/115
f 6074/6074/6 6079/6079/6 6075/6075/6
f 6074/6074/6 6078/6078/6 6079/6079/6
f 6083/6083/5 6086/6086/5 6082/6082/5
f 6083/6083/5 6087/6087/5 6086/6086/5
f 6078/6078/113 6087/6087/113 6079/6079/113
f 6078/6078/113 6086/6086/113 6087/6087/113
f 6075/6075/115 6082/6082/115 6074/6074/115
f 6075/6075/115 6083/6083/115 6082/6082/115
f 6075/6075/114 6080/6080/114 6076/6076/114
f 6075/6075/114 6079/6079/114 6080/6080/114
f 6084/6084/116 6087/6087/116 6083/6083/116
f 6084/6084/116 6088/6088/116 6087/6087/116
f 6079/6079/113 6088/6088/113 6080/6080/113
f 6079/6079/113 6087/6087/113 6088/6088/113
f 6076/6076/115 6083/6083/115 6075/6075/115
f 6076/6076/115 6084/6084/115 6083/6083/115
f 6076/6076/5 6081/6081/5 6077/6077/5
f 6076/6076/5 6080/6080/5 6081/6081/5
f 6085/6085/6 6088/6088/6 6084/6084/6
f 6085/6085/6 6089/6089/6 6088/6088/6
f 6080/6080/113 6089/6089/113 6081/6081/113
f 6080/6080/113 6088/6088/113 6089/6089/113
f 6077/6077/115 6084/6084/115 6076/6076/115
f 6077/6077/115 6085/6085/115 6084/6084/115
f 6077/6077/116 6078/6078/116 6074/6074/116
f 6077/6077/116 6081/6081/116 6078/6078/116
f 6082/6082/114 6089/6089/114 6085/6085/114
f 6082/6082/114 6086/6086/114 6089/6089/114
f 6081/6081/113 6086/6086/113 6078/6078/113
f 6081/6081/113 6089/6089/113 6086/6086/113
f 6074/6074/115 6085/6085/115 6077/6077/115
f 6074/6074/115 6082/6082/115 6085/6085/115
f 6090/6090/6 6095/6095/6 6091/6091/6
f 6090/6090/6 6094/6094/6 6095/6095/6
f 6099/6099/5 6102/6102/5 6098/6098/5
f 6099/6099/5 6103/6103/5 6102/6102/5
f 6094/6094/114 6103/6103/114 6095/6095/114
f 6094/6094/114 6102/6102/114 6103/6103/114
f 6091/6091/116 6098/6098/116 6090/6090/116
f 6091/6091/116 6099/6099/116 6098/6098/116
f 6091/6091/115 6096/6096/115 6092/6092/115
f 6091/6091/115 6095/6095/115 6096/6096/115
f 6100/6100/113 6103/6103/113 6099/6099/113
f 6100/6100/113 6104/6104/113 6103/6103/113
f 6095/6095/114 6104/6104/114 6096/6096/114
f 6095/6095/114 6103/6103/114 6104/6104/114
f 6092/6092/116 6099/6099/116 6091/6091/116
f 6092/6092/116 6100/6100/116 6099/6099/116
f 6092/6092/5 6097/6097/5 6093/6093/5
f 6092/6092/5 6096/6096/5 6097/6097/5
f 6101/6101/6 6104/6104/6 6100/6100/6
f 6101/6101/6 6105/6105/6 6104/6104/6
f 6096/6096/114 6105/6105/114 6097/6097/114
f 6096/6096/114 6104/6104/114 6105/6105/114
f 6093/6093/116 6100/6100/116 6092/6092/116
f 6093/6093/116 6101/6101/116 6100/6100/116
f 6093/6093/113 6094/6094/113 6090/6090/113
f 6093/6093/113 6097/6097/113 6094/6094/113
f 6098/6098/115 6105/6105/115 6101/6101/115
f 6098/6098/115 6102/6102/115 6105/6105/115
f 6097/6097/114 6102/6102/114 6094/6094/114
f 6097/6097/114 6105/6105/114 6102/6102/114
f 6090/6090/116 6101/6101/116 6093/6093/116
f 6090/6090/116 6098/6098/116 6101/6101/116
f 6106/6106/6 6111/6111/6 6107/6107/6
f 6106/6106/6 6110/6110/6 6111/6111/6
f 6115/6115/5 6118/6118/5 6114/6114/5
f 6115/6115/5 6119/6119/5 6118/6118/5
f 6110/6110/114 6119/6119/114 6111/6111/114
f 6110/6110/114 6118/6118/114 6119/6119/114
f 6107/6107/116 6114/6114/116 6106/6106/116
f 6107/6107/116 6115/6115/116 6114/6114/116
f 6107/6107/115 6112/6112/115 6108/6108/115
f 6107/6107/115 6111/6111/115 6112/6112/115
f 6116/6116/113 6119/6119/113 6115/6115/113
f 6116/6116/113 6120/6120/113 6119/6119/113
f 6111/6111/114 6120/6120/114 6112/6112/114
f 6111/6111/114 6119/6119/114 6120/6120/114
f 6108/6108/116 6115/6115/116 6107/6107/116
f 6108/6108/116 6116/6116/116 6115/6115/116
f 6108/6108/5 6113/6113/5 6109/6109/5
f 6108/6108/5 6112/6112/5 6113/6113/5
f 6117/6117/6 6120/6120/6 6116/6116/6
f 6117/6117/6 6121/6121/6 6120/6120/6
f 6112/6112/114 6121/6121/114 6113/6113/114
f 6112/6112/114 6120/6120/114 6121/6121/114
f 6109/6109/116 6116/6116/116 6108/6108/116
f 6109/6109/116 6117/6117/116 6116/6116/116
f 6109/6109/113 6110/6110/113 6106/6106/113
f 6109/6109/113 6113/6113/113 6110/6110/113
f 6114/6114/115 6121/6121/115 6117/6117/115
f 6114/6114/115 6118/6118/115 6121/6121/115
f 6113/6113/114 6118/6118/114 6110/6110/114
f 6113/6113/114 6121/6121/114 6118/6118/114
f 6106/6106/116 6117/6117/116 6109/6109/116
f 6106/6106/116 6114/6114/116 6117/6117/116
f 6122/6122/6 6127/6127/6 6123/6123/6
f 6122/6122/6 6126/6126/6 6127/6127/6
f 6131/6131/5 6134/6134/5 6130/6130/5
f 6131/6131/5 6135/6135/5 6134/6134/5
f 6126/6126/115 6135/6135/115 6127/6127/115
f 6126/6126/115 6134/6134/115 6135/6135/115
f 6123/6123/113 6130/6130/113 6122/6122/113
f 6123/6123/113 6131/6131/113 6130/6130/113
f 6123/6123/116 6128/6128/116 6124/6124/116
f 6123/6123/116 6127/6127/116 6128/6128/116
f 6132/6132/114 6135/6135/114 6131/6131/114
f 6132/6132/114 6136/6136/114 6135/6135/114
f 6127/6127/115 6136/6136/115 6128/6128/115
f 6127/6127/115 6135/6135/115 6136/6136/115
f 6124/6124/113 6131/6131/113 6123/6123/113
f 6124/6124/113 6132/6132/113 6131/6131/113
f 6124/6124/5 6129/6129/5 6125/6125/5
f 6124/6124/5 6128/6128/5 6129/6129/5
f 6133/6133/6 6136/6136/6 6132/6132/6
f 6133/6133/6 6137/6137/6 6136/6136/6
f 6128/6128/115 6137/6137/115 6129/6129/115
f 6128/6128/115 6136/6136/115 6137/6137/115
f 6125/6125/113 6132/6132/113 6124/6124/113
f 6125/6125/113 6133/6133/113 6132/6132/113
f 6125/6125/114 6126/6126/114 6122/6122/114
f 6125/6125/114 6129/6129/114 6126/6126/114
f 6130/6130/116 6137/6137/116 6133/6133/116
f 6130/6130/116 6134/6134/116 6137/6137/116
f 6129/6129/115 6134/6134/115 6126/6126/115
f 6129/6129/115 6137/6137/115 6134/6134/115
f 6122/6122/113 6133/6133/113 6125/6125/113
f 6122/6122/113 6130/6130/113 6133/6133/113
f 6138/6138/6 6143/6143/6 6139/6139/6
f 6138/6138/6 6142/6142/6 6143/6143/6
f 6147/6147/5 6150/6150/5 6146/6146/5
f 6147/6147/5 6151/6151/5 6150/6150/5
f 6142/6142/115 6151/6151/115 6143/6143/115
f 6142/6142/115 6150/6150/115 6151/6151/115
f 6139/6139/113 6146/6146/113 6138/6138/113
f 6139/6139/113 6147/6147/113 6146/6146/113
f 6139/6139/116 6144/6144/116 6140/6140/116
f 6139/6139/116 6143/6143/116 6144/6144/116
f 6148/6148/114 6151/6151/114 6147/6147/114
f 6148/6148/114 6152/6152/114 6151/6151/114
f 6143/6143/115 6152/6152/115 6144/6144/115
f 6143/6143/115 6151/6151/115 6152/6152/115
f 6140/6140/113 6147/6147/113 6139/6139/113
f 6140/6140/113 6148/6148/113 6147/6147/113
f 6140/6140/5 6145/6145/5 6141/6141/5
f 6140/6140/5 6144/6144/5 6145/6145/5
f 6149/6149/6 6152/6152/6 6148/6148/6
f 6149/6149/6 6153/6153/6 6152/6152/6
f 6144/6144/115 6153/6153/115 6145/6145/115
f 6144/6144/115 6152/6152/115 6153/6153/115
f 6141/6141/113 6148/6148/113 6140/6140/113
f 6141/6141/113 6149/6149/113 6148/6148/113
f 6141/6141/114 6142/6142/114 6138/6138/114
f 6141/6141/114 6145/6145/114 6142/6142/114
f 6146/6146/116 6153/6153/116 6149/6149/116
f 6146/6146/116 6150/6150/116 6153/6153/116
f 6145/6145/115 6150/6150/115 6142/6142/115
f 6145/6145/115 6153/6153/115 6150/6150/115
f 6138/6138/113 6149/6149/113 6141/6141/113
f 6138/6138/113 6146/6146/113 6149/6149/113
f 6154/6154/6 6161/6161/6 6155/6155/6
f 6154/6154/6 6160/6160/6 6161/6161/6
f 6167/6167/5 6172/6172/5 6166/6166/5
f 6167/6167/5 6173/6173/5 6172/6172/5
f 6160/6160/115 6173/6173/115 6161/6161/115
f 6160/6160/115 6172/6172/115 6173/6173/115
f 6155/6155/113 6166/6166/113 6154/6154/113
f 6155/6155/113 6167/6167/113 6166/6166/113
f 6155/6155/116 6162/6162/116 6156/6156/116
f 6155/6155/116 6161/6161/116 6162/6162/116
f 6168/6168/114 6173/6173/114 6167/6167/114
f 6168/6168/114 6174/6174/114 6173/6173/114
f 6161/6161/115 6174/6174/115 6162/6162/115
f 6161/6161/115 6173/6173/115 6174/6174/115
f 6156/6156/113 6167/6167/113 6155/6155/113
f 6156/6156/113 6168/6168/113 6167/6167/113
f 6156/6156/119 6163/6163/119 6157/6157/119
f 6156/6156/119 6162/6162/119 6163/6163/119
f 6169/6169/120 6174/6174/120 6168/6168/120
f 6169/6169/120 6175/6175/120 6174/6174/120
f 6162/6162/115 6175/6175/115 6163/6163/115
f 6162/6162/115 6174/6174/115 6175/6175/115
f 6157/6157/113 6168/6168/113 6156/6156/113
f 6157/6157/113 6169/6169/113 6168/6168/113
f 6157/6157/5 6164/6164/5 6158/6158/5
f 6157/6157/5 6163/6163/5 6164/6164/5
f 6170/6170/6 6175/6175/6 6169/6169/6
f 6170/6170/6 6176/6176/6 6175/6175/6
f 6163/6163/115 6176/6176/115 6164/6164/115
f 6163/6163/115 6175/6175/115 6176/6176/115
f 6158/6158/113 6169/6169/113 6157/6157/113
f 6158/6158/113 6170/6170/113 6169/6169/113
f 6158/6158/117 6165/6165/117 6159/6159/117
f 6158/6158/117 6164/6164/117 6165/6165/117
f 6171/6171/118 6176/6176/118 6170/6170/118
f 6171/6171/118 6177/6177/118 6176/6176/118
f 6164/6164/115 6177/6177/115 6165/6165/115
f 6164/6164/115 6176/6176/115 6177/6177/115
f 6159/6159/113 6170/6170/113 6158/6158/113
f 6159/6159/113 6171/6171/113 6170/6170/113
f 6159/6159/114 6160/6160/114 6154/6154/114
f 6159/6159/114 6165/6165/114 6160/6160/114
f 6166/6166/116 6177/6177/116 6171/6171/116
f 6166/6166/116 6172/6172/116 6177/6177/116
f 6165/6165/115 6172/6172/115 6160/6160/115
f 6165/6165/115 6177/6177/115 6172/6172/115
f 6154/6154/113 6171/6171/113 6159/6159/113
f 6154/6154/113 6166/6166/113 6171/6171/113
f 6178/6178/6 6183/6183/6 6179/6179/6
f 6178/6178/6 6182/6182/6 6183/6183/6
f 6187/6187/5 6190/6190/5 6186/6186/5
f 6187/6187/5 6191/6191/5 6190/6190/5
f 6182/6182/115 6191/6191/115 6183/6183/115
f 6182/6182/115 6190/6190/115 6191/6191/115
f 6179/6179/113 6186/6186/113 6178/6178/113
f 6179/6179/113 6187/6187/113 6186/6186/113
f 6179/6179/116 6184/6184/116 6180/6180/116
f 6179/6179/116 6183/6183/116 6184/6184/116
f 6188/6188/114 6191/6191/114 6187/6187/114
f 6188/6188/114 6192/6192/114 6191/6191/114
f 6183/6183/115 6192/6192/115 6184/6184/115
f 6183/6183/115 6191/6191/115 6192/6192/115
f 6180/6180/113 6187/6187/113 6179/6179/113
f 6180/6180/113 6188/6188/113 6187/6187/113
f 6180/6180/5 6185/6185/5 6181/6181/5
f 6180/6180/5 6184/6184/5 6185/6185/5
f 6189/6189/6 6192/6192/6 6188/6188/6
f 6189/6189/6 6193/6193/6 6192/6192/6
f 6184/6184/115 6193/6193/115 6185/6185/115
f 6184/6184/115 6192/6192/115 6193/6193/115
f 6181/6181/113 6188/6188/113 6180/6180/113
f 6181/6181/113 6189/6189/113 6188/6188/113
f 6181/6181/114 6182/6182/114 6178/6178/114
f 6181/6181/114 6185/6185/114 6182/6182/114
f 6186/6186/116 6193/6193/116 6189/6189/116
f 6186/6186/116 6190/6190/116 6193/6193/116
f 6185/6185/115 6190/6190/115 6182/6182/115
f 6185/6185/115 6193/6193/115 6190/6190/115
f 6178/6178/113 6189/6189/113 6181/6181/113
f 6178/6178/113 6186/6186/113 6189/6189/113
f 6194/6194/6 6199/6199/6 6195/6195/6
f 6194/6194/6 6198/6198/6 6199/6199/6
f 6203/6203/5 6206/6206/5 6202/6202/5
f 6203/6203/5 6207/6207/5 6206/6206/5
f 6198/6198/115 6207/6207/115 6199/6199/115
f 6198/6198/115 6206/6206/115 6207/6207/115
f 6195/6195/113 6202/6202/113 6194/6194/113
f 6195/6195/113 6203/6203/113 6202/6202/113
f 6195/6195/116 6200/6200/116 6196/6196/116
f 6195/6195/116 6199/6199/116 6200/6200/116
f 6204/6204/114 6207/6207/114 6203/6203/114
f 6204/6204/114 6208/6208/114 6207/6207/114
f 6199/6199/115 6208/6208/115 6200/6200/115
f 6199/6199/115 6207/6207/115 6208/6208/115
f 6196/6196/113 6203/6203/113 6195/6195/113
f 6196/6196/113 6204/6204/113 6203/6203/113
f 6196/6196/5 6201/6201/5 6197/6197/5
f 6196/6196/5 6200/6200/5 6201/6201/5
f 6205/6205/6 6208/6208/6 6204/6204/6
f 6205/6205/6 6209/6209/6 6208/6208/6
f 6200/6200/115 6209/6209/115 6201/6201/115
f 6200/6200/115 6208/6208/115 6209/6209/115
f 6197/6197/113 6204/6204/113 6196/6196/113
f 6197/6197/113 6205/6205/113 6204/6204/113
f 6197/6197/114 6198/6198/114 6194/6194/114
f 6197/6197/114 6201/6201/114 6198/6198/114
f 6202/6202/116 6209/6209/116 6205/6205/116
f 6202/6202/116 6206/6206/116 6209/6209/116
f 6201/6201/115 6206/6206/115 6198/6198/115
f 6201/6201/115 6209/6209/115 6206/6206/115
f 6194/6194/113 6205/6205/113 6197/6197/113
f 6194/6194/113 6202/6202/113 6205/6205/113
f 6210/6210/6 6217/6217/6 6211/6211/6
f 6210/6210/6 6216/6216/6 6217/6217/6
f 6223/6223/5 6228/6228/5 6222/6222/5
f 6223/6223/5 6229/6229/5 6228/6228/5
f 6216/6216/115 6229/6229/115 6217/6217/115
f 6216/6216/115 6228/6228/115 6229/6229/115
f 6211/6211/113 6222/6222/113 6210/6210/113
f 6211/6211/113 6223/6223/113 6222/6222/113
f 6211/6211/116 6218/6218/116 6212/6212/116
f 6211/6211/116 6217/6217/116 6218/6218/116
f 6224/6224/114 6229/6229/114 6223/6223/114
f 6224/6224/114 6230/6230/114 6229/6229/114
f 6217/6217/115 6230/6230/115 6218/6218/115
f 6217/6217/115 6229/6229/115 6230/6230/115
f 6212/6212/113 6223/6223/113 6211/6211/113
f 6212/6212/113 6224/6224/113 6223/6223/113
f 6212/6212/119 6219/6219/119 6213/6213/119
f 6212/6212/119 6218/6218/119 6219/6219/119
f 6225/6225/120 6230/6230/120 6224/6224/120
f 6225/6225/120 6231/6231/120 6230/6230/120
f 6218/6218/115 6231/6231/115 6219/6219/115
f 6218/6218/115 6230/6230/115 6231/6231/115
f 6213/6213/113 6224/6224/113 6212/6212/113
f 6213/6213/113 6225/6225/113 6224/6224/113
f 6213/6213/5 6220/6220/5 6214/6214/5
f 6213/6213/5 6219/6219/5 6220/6220/5
f 6226/6226/6 6231/6231/6 6225/6225/6
f 6226/6226/6 6232/6232/6 6231/6231/6
f 6219/6219/115 6232/6232/115 6220/6220/115
f 6219/6219/115 6231/6231/115 6232/6232/115
f 6214/6214/113 6225/6225/113 6213/6213/113
f 6214/6214/113 6226/6226/113 6225/6225/113
f 6214/6214/117 6221/6221/117 6215/6215/117
f 6214/6214/117 6220/6220/117 6221/6221/117
f 6227/6227/118 6232/6232/118 6226/6226/118
f 6227/6227/118 6233/6233/118 6232/6232/118
f 6220/6220/115 6233/6233/115 6221/6221/115
f 6220/6220/115 6232/6232/115 6233/6233/115
f 6215/6215/113 6226/6226/113 6214/6214/113
f 6215/6215/113 6227/6227/113 6226/6226/113
f 6215/6215/114 6216/6216/114 6210/6210/114
f 6215/6215/114 6221/6221/114 6216/6216/114
f 6222/6222/116 6233/6233/116 6227/6227/116
f 6222/6222/116 6228/6228/116 6233/6233/116
f 6221/6221/115 6228/6228/115 6216/6216/115
f 6221/6221/115 6233/6233/115 6228/6228/115
f 6210/6210/113 6227/6227/113 6215/6215/113
f 6210/6210/113 6222/6222/113 6227/6227/113
f 6234/6234/113 6235/6235/113 6239/6239/113
f 6234/6234/113 6239/6239/113 6238/6238/113
f 6235/6235/116 6236/6236/116 6240/6240/116
f 6235/6235/116 6240/6240/116 6239/6239/116
f 6236/6236/115 6237/6237/115 6241/6241/115
f 6236/6236/115 6241/6241/115 6240/6240/115
f 6237/6237/114 6234/6234/114 6238/6238/114
f 6237/6237/114 6238/6238/114 6241/6241/114
f 6238/6238/5 6239/6239/5 6240/6240/5
f 6238/6238/5 6240/6240/5 6241/6241/5
f 6237/6237/6 6236/6236/6 6235/6235/6
f 6237/6237/6 6235/6235/6 6234/6234/6
f 6242/6242/6 6247/6247/6 6243/6243/6
f 6242/6242/6 6246/6246/6 6247/6247/6
f 6251/6251/5 6254/6254/5 6250/6250/5
f 6251/6251/5 6255/6255/5 6254/6254/5
f 6246/6246/116 6255/6255/116 6247/6247/116
f 6246/6246/116 6254/6254/116 6255/6255/116
f 6243/6243/114 6250/6250/114 6242/6242/114
f 6243/6243/114 6251/6251/114 6250/6250/114
f 6243/6243/113 6248/6248/113 6244/6244/113
f 6243/6243/113 6247/6247/113 6248/6248/113
f 6252/6252/115 6255/6255/115 6251/6251/115
f 6252/6252/115 6256/6256/115 6255/6255/115
f 6247/6247/116 6256/6256/116 6248/6248/116
f 6247/6247/116 6255/6255/116 6256/6256/116
f 6244/6244/114 6251/6251/114 6243/6243/114
f 6244/6244/114 6252/6252/114 6251/6251/114
f 6244/6244/5 6249/6249/5 6245/6245/5
f 6244/6244/5 6248/6248/5 6249/6249/5
f 6253/6253/6 6256/6256/6 6252/6252/6
f 6253/6253/6 6257/6257/6 6256/6256/6
f 6248/6248/116 6257/6257/116 6249/6249/116
f 6248/6248/116 6256/6256/116 6257/6257/116
f 6245/6245/114 6252/6252/114 6244/6244/114
f 6245/6245/114 6253/6253/114 6252/6252/114
f 6245/6245/115 6246/6246/115 6242/6242/115
f 6245/6245/115 6249/6249/115 6246/6246/115
f 6250/6250/113 6257/6257/113 6253/6253/113
f 6250/6250/113 6254/6254/113 6257/6257/113
f 6249/6249/116 6254/6254/116 6246/6246/116
f 6249/6249/116 6257/6257/116 6254/6254/116
f 6242/6242/114 6253/6253/114 6245/6245/114
f 6242/6242/114 6250/6250/114 6253/6253/114
f 6258/6258/6 6263/6263/6 6259/6259/6
f 6258/6258/6 6262/6262/6 6263/6263/6
f 6267/6267/5 6270/6270/5 6266/6266/5
f 6267/6267/5 6271/6271/5 6270/6270/5
f 6262/6262/116 6271/6271/116 6263/6263/116
f 6262/6262/116 6270/6270/116 6271/6271/116
f 6259/6259/114 6266/6266/114 6258/6258/114
f 6259/6259/114 6267/6267/114 6266/6266/114
f 6259/6259/113 6264/6264/113 6260/6260/113
f 6259/6259/113 6263/6263/113 6264/6264/113
f 6268/6268/115 6271/6271/115 6267/6267/115
f 6268/6268/115 6272/6272/115 6271/6271/115
f 6263/6263/116 6272/6272/116 6264/6264/116
f 6263/6263/116 6271/6271/116 6272/6272/116
f 6260/6260/114 6267/6267/114 6259/6259/114
f 6260/6260/114 6268/6268/114 6267/6267/114
f 6260/6260/5 6265/6265/5 6261/6261/5
f 6260/6260/5 6264/6264/5 6265/6265/5
f 6269/6269/6 6272/6272/6 6268/6268/6
f 6269/6269/6 6273/6273/6 6272/6272/6
f 6264/6264/116 6273/6273/116 6265/6265/116
f 6264/6264/116 6272/6272/116 6273/6273/116
f 6261/6261/114 6268/6268/114 6260/6260/114
f 6261/6261/114 6269/6269/114 6268/6268/114
f 6261/6261/115 6262/6262/115 6258/6258/115
f 6261/6261/115 6265/6265/115 6262/6262/115
f 6266/6266/113 6273/6273/113 6269/6269/113
f 6266/6266/113 6270/6270/113 6273/6273/113
f 6265/6265/116 6270/6270/116 6262/6262/116
f 6265/6265/116 6273/6273/116 6270/6270/116
f 6258/6258/114 6269/6269/114 6261/6261/114
f 6258/6258/114 6266/6266/114 6269/6269/114
f 6274/6274/113 6279/6279/113 6275/6275/113
f 6274/6274/113 6278/6278/113 6279/6279/113
f 6283/6283/115 6286/6286/115 6282/6282/115
f 6283/6283/115 6287/6287/115 6286/6286/115
f 6278/6278/5 6287/6287/5 6279/6279/5
f 6278/6278/5 6286/6286/5 6287/6287/5
f 6275/6275/6 6282/6282/6 6274/6274/6
f 6275/6275/6 6283/6283/6 6282/6282/6
f 6275/6275/114 6280/6280/114 6276/6276/114
f 6275/6275/114 6279/6279/114 6280/6280/114
f 6284/6284/116 6287/6287/116 6283/6283/116
f 6284/6284/116 6288/6288/116 6287/6287/116
f 6279/6279/5 6288/6288/5 6280/6280/5
f 6279/6279/5 6287/6287/5 6288/6288/5
f 6276/6276/6 6283/6283/6 6275/6275/6
f 6276/6276/6 6284/6284/6 6283/6283/6
f 6276/6276/115 6281/6281/115 6277/6277/115
f 6276/6276/115 6280/6280/115 6281/6281/115
f 6285/6285/113 6288/6288/113 6284/6284/113
f 6285/6285/113 6289/6289/113 6288/6288/113
f 6280/6280/5 6289/6289/5 6281/6281/5
f 6280/6280/5 6288/6288/5 6289/6289/5
f 6277/6277/6 6284/6284/6 6276/6276/6
f 6277/6277/6 6285/6285/6 6284/6284/6
f 6277/6277/116 6278/6278/116 6274/6274/116
f 6277/6277/116 6281/6281/116 6278/6278/116
f 6282/6282/114 6289/6289/114 6285/6285/114
f 6282/6282/114 6286/6286/114 6289/6289/114
f 6281/6281/5 6286/6286/5 6278/6278/5
f 6281/6281/5 6289/6289/5 6286/6286/5
f 6274/6274/6 6285/6285/6 6277/6277/6
f 6274/6274/6 6282/6282/6 6285/6285/6
f 6290/6290/113 6295/6295/113 6291/6291/113
f 6290/6290/113 6294/6294/113 6295/6295/113
f 6299/6299/115 6302/6302/115 6298/6298/115
f 6299/6299/115 6303/6303/115 6302/6302/115
f 6294/6294/5 6303/6303/5 6295/6295/5
f 6294/6294/5 6302/6302/5 6303/6303/5
f 6291/6291/6 6298/6298/6 6290/6290/6
f 6291/6291/6 6299/6299/6 6298/6298/6
f 6291/6291/114 6296/6296/114 6292/6292/114
f 6291/6291/114 6295/6295/114 6296/6296/114
f 6300/6300/116 6303/6303/116 6299/6299/116
f 6300/6300/116 6304/6304/116 6303/6303/116
f 6295/6295/5 6304/6304/5 6296/6296/5
f 6295/6295/5 6303/6303/5 6304/6304/5
f 6292/6292/6 6299/6299/6 6291/6291/6
f 6292/6292/6 6300/6300/6 6299/6299/6
f 6292/6292/115 6297/6297/115 6293/6293/115
f 6292/6292/115 6296/6296/115 6297/6297/115
f 6301/6301/113 6304/6304/113 6300/6300/113
f 6301/6301/113 6305/6305/113 6304/6304/113
f 6296/6296/5 6305/6305/5 6297/6297/5
f 6296/6296/5 6304/6304/5 6305/6305/5
f 6293/6293/6 6300/6300/6 6292/6292/6
f 6293/6293/6 6301/6301/6 6300/6300/6
f 6293/6293/116 6294/6294/116 6290/6290/116
f 6293/6293/116 6297/6297/116 6294/6294/116
f 6298/6298/114 6305/6305/114 6301/6301/114
f 6298/6298/114 6302/6302/114 6305/6305/114
f 6297/6297/5 6302/6302/5 6294/6294/5
f 6297/6297/5 6305/6305/5 6302/6302/5
f 6290/6290/6 6301/6301/6 6293/6293/6
f 6290/6290/6 6298/6298/6 6301/6301/6
f 6306/6306/113 6311/6311/113 6307/6307/113
f 6306/6306/113 6310/6310/113 6311/6311/113
f 6315/6315/115 6318/6318/115 6314/6314/115
f 6315/6315/115 6319/6319/115 6318/6318/115
f 6310/6310/5 6319/6319/5 6311/6311/5
f 6310/6310/5 6318/6318/5 6319/6319/5
f 6307/6307/6 6314/6314/6 6306/6306/6
f 6307/6307/6 6315/6315/6 6314/6314/6
f 6307/6307/114 6312/6312/114 6308/6308/114
f 6307/6307/114 6311/6311/114 6312/6312/114
f 6316/6316/116 6319/6319/116 6315/6315/116
f 6316/6316/116 6320/6320/116 6319/6319/116
f 6311/6311/5 6320/6320/5 6312/6312/5
f 6311/6311/5 6319/6319/5 6320/6320/5
f 6308/6308/6 6315/6315/6 6307/6307/6
f 6308/6308/6 6316/6316/6 6315/6315/6
f 6308/6308/115 6313/6313/115 6309/6309/115
f 6308/6308/115 6312/6312/115 6313/6313/115
f 6317/6317/113 6320/6320/113 6316/6316/113
f 6317/6317/113 6321/6321/113 6320/6320/113
f 6312/6312/5 6321/6321/5 6313/6313/5
f 6312/6312/5 6320/6320/5 6321/6321/5
f 6309/6309/6 6316/6316/6 6308/6308/6
f 6309/6309/6 6317/6317/6 6316/6316/6
f 6309/6309/116 6310/6310/116 6306/6306/116
f 6309/6309/116 6313/6313/116 6310/6310/116
f 6314/6314/114 6321/6321/114 6317/6317/114
f 6314/6314/114 6318/6318/114 6321/6321/114
f 6313/6313/5 6318/6318/5 6310/6310/5
f 6313/6313/5 6321/6321/5 6318/6318/5
f 6306/6306/6 6317/6317/6 6309/6309/6
f 6306/6306/6 6314/6314/6 6317/6317/6
f 6322/6322/114 6323/6323/114 6327/6327/114
f 6322/6322/114 6327/6327/114 6326/6326/114
f 6323/6323/113 6324/6324/113 6328/6328/113
f 6323/6323/113 6328/6328/113 6327/6327/113
f 6324/6324/116 6325/6325/116 6329/6329/116
f 6324/6324/116 6329/6329/116 6328/6328/116
f 6325/6325/115 6322/6322/115 6326/6326/115
f 6325/6325/115 6326/6326/115 6329/6329/115
f 6326/6326/5 6327/6327/5 6328/6328/5
f 6326/6326/5 6328/6328/5 6329/6329/5
f 6325/6325/6 6324/6324/6 6323/6323/6
f 6325/6325/6 6323/6323/6 6322/6322/6
f 6330/6330/115 6331/6331/115 6335/6335/115
f 6330/6330/115 6335/6335/115 6334/6334/115
f 6331/6331/114 6332/6332/114 6336/6336/114
f 6331/6331/114 6336/6336/114 6335/6335/114
f 6332/6332/113 6333/6333/113 6337/6337/113
f 6332/6332/113 6337/6337/113 6336/6336/113
f 6333/6333/116 6330/6330/116 6334/6334/116
f 6333/6333/116 6334/6334/116 6337/6337/116
f 6334/6334/5 6335/6335/5 6336/6336/5
f 6334/6334/5 6336/6336/5 6337/6337/5
f 6333/6333/6 6332/6332/6 6331/6331/6
f 6333/6333/6 6331/6331/6 6330/6330/6
f 6338/6338/114 6339/6339/114 6343/6343/114
f 6338/6338/114 6343/6343/114 6342/6342/114
f 6339/6339/113 6340/6340/113 6344/6344/113
f 6339/6339/113 6344/6344/113 6343/6343/113
f 6340/6340/116 6341/6341/116 6345/6345/116
f 6340/6340/116 6345/6345/116 6344/6344/116
f 6341/6341/115 6338/6338/115 6342/6342/115
f 6341/6341/115 6342/6342/115 6345/6345/115
f 6342/6342/5 6343/6343/5 6344/6344/5
f 6342/6342/5 6344/6344/5 6345/6345/5
f 6341/6341/6 6340/6340/6 6339/6339/6
f 6341/6341/6 6339/6339/6 6338/6338/6
f 6346/6346/115 6347/6347/115 6351/6351/115
f 6346/6346/115 6351/6351/115 6350/6350/115
f 6347/6347/114 6348/6348/114 6352/6352/114
f 6347/6347/114 6352/6352/114 6351/6351/114
f 6348/6348/113 6349/6349/113 6353/6353/113
f 6348/6348/113 6353/6353/113 6352/6352/113
f 6349/6349/116 6346/6346/116 6350/6350/116
f 6349/6349/116 6350/6350/116 6353/6353/116
f 6350/6350/5 6351/6351/5 6352/6352/5
f 6350/6350/5 6352/6352/5 6353/6353/5
f 6349/6349/6 6348/6348/6 6347/6347/6
f 6349/6349/6 6347/6347/6 6346/6346/6
f 6354/6354/115 6355/6355/115 6359/6359/115
f 6354/6354/115 6359/6359/115 6358/6358/115
f 6355/6355/114 6356/6356/114 6360/6360/114
f 6355/6355/114 6360/6360/114 6359/6359/114
f 6356/6356/113 6357/6357/113 6361/6361/113
f 6356/6356/113 6361/6361/113 6360/6360/113
f 6357/6357/116 6354/6354/116 6358/6358/116
f 6357/6357/116 6358/6358/116 6361/6361/116
f 6358/6358/5 6359/6359/5 6360/6360/5
f 6358/6358/5 6360/6360/5 6361/6361/5
f 6357/6357/6 6356/6356/6 6355/6355/6
f 6357/6357/6 6355/6355/6 6354/6354/6
f 6362/6362/116 6363/6363/116 6367/6367/116
f 6362/6362/116 6367/6367/116 6366/6366/116
f 6363/6363/115 6364/6364/115 6368/6368/115
f 6363/6363/115 6368/6368/115 6367/6367/115
f 6364/6364/114 6365/6365/114 6369/6369/114
f 6364/6364/114 6369/6369/114 6368/6368/114
f 6365/6365/113 6362/6362/113 6366/6366/113
f 6365/6365/113 6366/6366/113 6369/6369/113
f 6366/6366/5 6367/6367/5 6368/6368/5
f 6366/6366/5 6368/6368/5 6369/6369/5
f 6365/6365/6 6364/6364/6 6363/6363/6
f 6365/6365/6 6363/6363/6 6362/6362/6
f 6370/6370/115 6371/6371/115 6375/6375/115
f 6370/6370/115 6375/6375/115 6374/6374/115
f 6371/6371/114 6372/6372/114 6376/6376/114
f 6371/6371/114 6376/6376/114 6375/6375/114
f 6372/6372/113 6373/6373/113 6377/6377/113
f 6372/6372/113 6377/6377/113 6376/6376/113
f 6373/6373/116 6370/6370/116 6374/6374/116
f 6373/6373/116 6374/6374/116 6377/6377/116
f 6374/6374/5 6375/6375/5 6376/6376/5
f 6374/6374/5 6376/6376/5 6377/6377/5
f 6373/6373/6 6372/6372/6 6371/6371/6
f 6373/6373/6 6371/6371/6 6370/6370/6
f 6378/6378/116 6379/6379/116 6383/6383/116
f 6378/6378/116 6383/6383/116 6382/6382/116
f 6379/6379/115 6380/6380/115 6384/6384/115
f 6379/6379/115 6384/6384/115 6383/6383/115
f 6380/6380/114 6381/6381/114 6385/6385/114
f 6380/6380/114 6385/6385/114 6384/6384/114
f 6381/6381/113 6378/6378/113 6382/6382/113
f 6381/6381/113 6382/6382/113 6385/6385/113
f 6382/6382/5 6383/6383/5 6384/6384/5
f 6382/6382/5 6384/6384/5 6385/6385/5
f 6381/6381/6 6380/6380/6 6379/6379/6
f 6381/6381/6 6379/6379/6 6378/6378/6
f 6386/6386/116 6387/6387/116 6391/6391/116
f 6386/6386/116 6391/6391/116 6390/6390/116
f 6387/6387/115 6388/6388/115 6392/6392/115
f 6387/6387/115 6392/6392/115 6391/6391/115
f 6388/6388/114 6389/6389/114 6393/6393/114
f 6388/6388/114 6393/6393/114 6392/6392/114
f 6389/6389/113 6386/6386/113 6390/6390/113
f 6389/6389/113 6390/6390/113 6393/6393/113
f 6390/6390/5 6391/6391/5 6392/6392/5
f 6390/6390/5 6392/6392/5 6393/6393/5
f 6389/6389/6 6388/6388/6 6387/6387/6
f 6389/6389/6 6387/6387/6 6386/6386/6
f 6394/6394/113 6395/6395/113 6399/6399/113
f 6394/6394/113 6399/6399/113 6398/6398/113
f 6395/6395/116 6396/6396/116 6400/6400/116
f 6395/6395/116 6400/6400/116 6399/6399/116
f 6396/6396/115 6397/6397/115 6401/6401/115
f 6396/6396/115 6401/6401/115 6400/6400/115
f 6397/6397/114 6394/6394/114 6398/6398/114
f 6397/6397/114 6398/6398/114 6401/6401/114
f 6398/6398/5 6399/6399/5 6400/6400/5
f 6398/6398/5 6400/6400/5 6401/6401/5
f 6397/6397/6 6396/6396/6 6395/6395/6
f 6397/6397/6 6395/6395/6 6394/6394/6
f 6402/6402/116 6403/6403/116 6407/6407/116
f 6402/6402/116 6407/6407/116 6406/6406/116
f 6403/6403/115 6404/6404/115 6408/6408/115
f 6403/6403/115 6408/6408/115 6407/6407/115
f 6404/6404/114 6405/6405/114 6409/6409/114
f 6404/6404/114 6409/6409/114 6408/6408/114
f 6405/6405/113 6402/6402/113 6406/6406/113
f 6405/6405/113 6406/6406/113 6409/6409/113
f 6406/6406/5 6407/6407/5 6408/6408/5
f 6406/6406/5 6408/6408/5 6409/6409/5
f 6405/6405/6 6404/6404/6 6403/6403/6
f 6405/6405/6 6403/6403/6 6402/6402/6
f 6410/6410/113 6411/6411/113 6415/6415/113
f 6410/6410/113 6415/6415/113 6414/6414/113
f 6411/6411/116 6412/6412/116 6416/6416/116
f 6411/6411/116 6416/6416/116 6415/6415/116
f 6412/6412/115 6413/6413/115 6417/6417/115
f 6412/6412/115 6417/6417/115 6416/6416/115
f 6413/6413/114 6410/6410/114 6414/6414/114
f 6413/6413/114 6414/6414/114 6417/6417/114
f 6414/6414/5 6415/6415/5 6416/6416/5
f 6414/6414/5 6416/6416/5 6417/6417/5
f 6413/6413/6 6412/6412/6 6411/6411/6
f 6413/6413/6 6411/6411/6 6410/6410/6
f 6418/6418/113 6419/6419/113 6423/6423/113
f 6418/6418/113 6423/6423/113 6422/6422/113
f 6419/6419/116 6420/6420/116 6424/6424/116
f 6419/6419/116 6424/6424/116 6423/6423/116
f 6420/6420/115 6421/6421/115 6425/6425/115
f 6420/6420/115 6425/6425/115 6424/6424/115
f 6421/6421/114 6418/6418/114 6422/6422/114
f 6421/6421/114 6422/6422/114 6425/6425/114
f 6422/6422/5 6423/6423/5 6424/6424/5
f 6422/6422/5 6424/6424/5 6425/6425/5
f 6421/6421/6 6420/6420/6 6419/6419/6
f 6421/6421/6 6419/6419/6 6418/6418/6
f 6426/6426/114 6427/6427/114 6431/6431/114
f 6426/6426/114 6431/6431/114 6430/6430/114
f 6427/6427/113 6428/6428/113 6432/6432/113
f 6427/6427/113 6432/6432/113 6431/6431/113
f 6428/6428/116 6429/6429/116 6433/6433/116
f 6428/6428/116 6433/6433/116 6432/6432/116
f 6429/6429/115 6426/6426/115 6430/6430/115
f 6429/6429/115 6430/6430/115 6433/6433/115
f 6430/6430/5 6431/6431/5 6432/6432/5
f 6430/6430/5 6432/6432/5 6433/6433/5
f 6429/6429/6 6428/6428/6 6427/6427/6
f 6429/6429/6 6427/6427/6 6426/6426/6
f 6434/6434/113 6435/6435/113 6439/6439/113
f 6434/6434/113 6439/6439/113 6438/6438/113
f 6435/6435/116 6436/6436/116 6440/6440/116
f 6435/6435/116 6440/6440/116 6439/6439/116
f 6436/6436/115 6437/6437/115 6441/6441/115
f 6436/6436/115 6441/6441/115 6440/6440/115
f 6437/6437/114 6434/6434/114 6438/6438/114
f 6437/6437/114 6438/6438/114 6441/6441/114
f 6438/6438/5 6439/6439/5 6440/6440/5
f 6438/6438/5 6440/6440/5 6441/6441/5
f 6437/6437/6 6436/6436/6 6435/6435/6
f 6437/6437/6 6435/6435/6 6434/6434/6
f 6442/6442/114 6443/6443/114 6447/6447/114
f 6442/6442/114 6447/6447/114 6446/6446/114
f 6443/6443/113 6444/6444/113 6448/6448/113
f 6443/6443/113 6448/6448/113 6447/6447/113
f 6444/6444/116 6445/6445/116 6449/6449/116
f 6444/6444/116 6449/6449/116 6448/6448/116
f 6445/6445/115 6442/6442/115 6446/6446/115
f 6445/6445/115 6446/6446/115 6449/6449/115
f 6446/6446/5 6447/6447/5 6448/6448/5
f 6446/6446/5 6448/6448/5 6449/6449/5
f 6445/6445/6 6444/6444/6 6443/6443/6
f 6445/6445/6 6443/6443/6 6442/6442/6
f 6450/6450/1 6455/6455/1 6451/6451/1
f 6450/6450/1 6454/6454/1 6455/6455/1
f 6451/6451/2 6456/6456/2 6452/6452/2
f 6451/6451/2 6455/6455/2 6456/6456/2
f 6452/6452/3 6457/6457/3 6453/6453/3
f 6452/6452/3 6456/6456/3 6457/6457/3
f 6453/6453/4 6454/6454/4 6450/6450/4
f 6453/6453/4 6457/6457/4 6454/6454/4
f 6454/6454/5 6456/6456/5 6455/6455/5
f 6454/6454/5 6457/6457/5 6456/6456/5
f 6453/6453/6 6451/6451/6 6452/6452/6
f 6453/6453/6 6450/6450/6 6451/6451/6
f 6458/6458/6 6463/6463/6 6459/6459/6
f 6458/6458/6 6462/6462/6 6463/6463/6
f 6467/6467/5 6470/6470/5 6466/6466/5
f 6467/6467/5 6471/6471/5 6470/6470/5
f 6462/6462/1 6471/6471/1 6463/6463/1
f 6462/6462/1 6470/6470/1 6471/6471/1
f 6459/6459/3 6466/6466/3 6458/6458/3
f 6459/6459/3 6467/6467/3 6466/6466/3
f 6459/6459/2 6464/6464/2 6460/6460/2
f 6459/6459/2 6463/6463/2 6464/6464/2
f 6468/6468/4 6471/6471/4 6467/6467/4
f 6468/6468/4 6472/6472/4 6471/6471/4
f 6463/6463/1 6472/6472/1 6464/6464/1
f 6463/6463/1 6471/6471/1 6472/6472/1
f 6460/6460/3 6467/6467/3 6459/6459/3
f 6460/6460/3 6468/6468/3 6467/6467/3
f 6460/6460/5 6465/6465/5 6461/6461/5
f 6460/6460/5 6464/6464/5 6465/6465/5
f 6469/6469/6 6472/6472/6 6468/6468/6
f 6469/6469/6 6473/6473/6 6472/6472/6
f 6464/6464/1 6473/6473/1 6465/6465/1
f 6464/6464/1 6472/6472/1 6473/6473/1
f 6461/6461/3 6468/6468/3 6460/6460/3
f 6461/6461/3 6469/6469/3 6468/6468/3
f 6461/6461/4 6462/6462/4 6458/6458/4
f 6461/6461/4 6465/6465/4 6462/6462/4
f 6466/6466/2 6473/6473/2 6469/6469/2
f 6466/6466/2 6470/6470/2 6473/6473/2
f 6465/6465/1 6470/6470/1 6462/6462/1
f 6465/6465/1 6473/6473/1 6470/6470/1
f 6458/6458/3 6469/6469/3 6461/6461/3
f 6458/6458/3 6466/6466/3 6469/6469/3
f 6474/6474/6 6479/6479/6 6475/6475/6
f 6474/6474/6 6478/6478/6 6479/6479/6
f 6483/6483/5 6486/6486/5 6482/6482/5
f 6483/6483/5 6487/6487/5 6486/6486/5
f 6478/6478/1 6487/6487/1 6479/6479/1
f 6478/6478/1 6486/6486/1 6487/6487/1
f 6475/6475/3 6482/6482/3 6474/6474/3
f 6475/6475/3 6483/6483/3 6482/6482/3
f 6475/6475/2 6480/6480/2 6476/6476/2
f 6475/6475/2 6479/6479/2 6480/6480/2
f 6484/6484/4 6487/6487/4 6483/6483/4
f 6484/6484/4 6488/6488/4 6487/6487/4
f 6479/6479/1 6488/6488/1 6480/6480/1
f 6479/6479/1 6487/6487/1 6488/6488/1
f 6476/6476/3 6483/6483/3 6475/6475/3
f 6476/6476/3 6484/6484/3 6483/6483/3
f 6476/6476/5 6481/6481/5 6477/6477/5
f 6476/6476/5 6480/6480/5 6481/6481/5
f 6485/6485/6 6488/6488/6 6484/6484/6
f 6485/6485/6 6489/6489/6 6488/6488/6
f 6480/6480/1 6489/6489/1 6481/6481/1
f 6480/6480/1 6488/6488/1 6489/6489/1
f 6477/6477/3 6484/6484/3 6476/6476/3
f 6477/6477/3 6485/6485/3 6484/6484/3
f 6477/6477/4 6478/6478/4 6474/6474/4
f 6477/6477/4 6481/6481/4 6478/6478/4
f 6482/6482/2 6489/6489/2 6485/6485/2
f 6482/6482/2 6486/6486/2 6489/6489/2
f 6481/6481/1 6486/6486/1 6478/6478/1
f 6481/6481/1 6489/6489/1 6486/6486/1
f 6474/6474/3 6485/6485/3 6477/6477/3
f 6474/6474/3 6482/6482/3 6485/6485/3
f 6490/6490/6 6495/6495/6 6491/6491/6
f 6490/6490/6 6494/6494/6 6495/6495/6
f 6499/6499/5 6502/6502/5 6498/6498/5
f 6499/6499/5 6503/6503/5 6502/6502/5
f 6494/6494/2 6503/6503/2 6495/6495/2
f 6494/6494/2 6502/6502/2 6503/6503/2
f 6491/6491/4 6498/6498/4 6490/6490/4
f 6491/6491/4 6499/6499/4 6498/6498/4
f 6491/6491/3 6496/6496/3 6492/6492/3
f 6491/6491/3 6495/6495/3 6496/6496/3
f 6500/6500/1 6503/6503/1 6499/6499/1
f 6500/6500/1 6504/6504/1 6503/6503/1
f 6495/6495/2 6504/6504/2 6496/6496/2
f 6495/6495/2 6503/6503/2 6504/6504/2
f 6492/6492/4 6499/6499/4 6491/6491/4
f 6492/6492/4 6500/6500/4 6499/6499/4
f 6492/6492/5 6497/6497/5 6493/6493/5
f 6492/6492/5 6496/6496/5 6497/6497/5
f 6501/6501/6 6504/6504/6 6500/6500/6
f 6501/6501/6 6505/6505/6 6504/6504/6
f 6496/6496/2 6505/6505/2 6497/6497/2
f 6496/6496/2 6504/6504/2 6505/6505/2
f 6493/6493/4 6500/6500/4 6492/6492/4
f 6493/6493/4 6501/6501/4 6500/6500/4
f 6493/6493/1 6494/6494/1 6490/6490/1
f 6493/6493/1 6497/6497/1 6494/6494/1
f 6498/6498/3 6505/6505/3 6501/6501/3
f 6498/6498/3 6502/6502/3 6505/6505/3
f 6497/6497/2 6502/6502/2 6494/6494/2
f 6497/6497/2 6505/6505/2 6502/6502/2
f 6490/6490/4 6501/6501/4 6493/6493/4
f 6490/6490/4 6498/6498/4 6501/6501/4
f 6506/6506/6 6511/6511/6 6507/6507/6
f 6506/6506/6 6510/6510/6 6511/6511/6
f 6515/6515/5 6518/6518/5 6514/6514/5
f 6515/6515/5 6519/6519/5 6518/6518/5
f 6510/6510/2 6519/6519/2 6511/6511/2
f 6510/6510/2 6518/6518/2 6519/6519/2
f 6507/6507/4 6514/6514/4 6506/6506/4
f 6507/6507/4 6515/6515/4 6514/6514/4
f 6507/6507/3 6512/6512/3 6508/6508/3
f 6507/6507/3 6511/6511/3 6512/6512/3
f 6516/6516/1 6519/6519/1 6515/6515/1
f 6516/6516/1 6520/6520/1 6519/6519/1
f 6511/6511/2 6520/6520/2 6512/6512/2
f 6511/6511/2 6519/6519/2 6520/6520/2
f 6508/6508/4 6515/6515/4 6507/6507/4
f 6508/6508/4 6516/6516/4 6515/6515/4
f 6508/6508/5 6513/6513/5 6509/6509/5
f 6508/6508/5 6512/6512/5 6513/6513/5
f 6517/6517/6 6520/6520/6 6516/6516/6
f 6517/6517/6 6521/6521/6 6520/6520/6
f 6512/6512/2 6521/6521/2 6513/6513/2
f 6512/6512/2 6520/6520/2 6521/6521/2
f 6509/6509/4 6516/6516/4 6508/6508/4
f 6509/6509/4 6517/6517/4 6516/6516/4
f 6509/6509/1 6510/6510/1 6506/6506/1
f 6509/6509/1 6513/6513/1 6510/6510/1
f 6514/6514/3 6521/6521/3 6517/6517/3
f 6514/6514/3 6518/6518/3 6521/6521/3
f 6513/6513/2 6518/6518/2 6510/6510/2
f 6513/6513/2 6521/6521/2 6518/6518/2
f 6506/6506/4 6517/6517/4 6509/6509/4
f 6506/6506/4 6514/6514/4 6517/6517/4
f 6522/6522/6 6527/6527/6 6523/6523/6
f 6522/6522/6 6526/6526/6 6527/6527/6
f 6531/6531/5 6534/6534/5 6530/6530/5
f 6531/6531/5 6535/6535/5 6534/6534/5
f 6526/6526/3 6535/6535/3 6527/6527/3
f 6526/6526/3 6534/6534/3 6535/6535/3
f 6523/6523/1 6530/6530/1 6522/6522/1
f 6523/6523/1 6531/6531/1 6530/6530/1
f 6523/6523/4 6528/6528/4 6524/6524/4
f 6523/6523/4 6527/6527/4 6528/6528/4
f 6532/6532/2 6535/6535/2 6531/6531/2
f 6532/6532/2 6536/6536/2 6535/6535/2
f 6527/6527/3 6536/6536/3 6528/6528/3
f 6527/6527/3 6535/6535/3 6536/6536/3
f 6524/6524/1 6531/6531/1 6523/6523/1
f 6524/6524/1 6532/6532/1 6531/6531/1
f 6524/6524/5 6529/6529/5 6525/6525/5
f 6524/6524/5 6528/6528/5 6529/6529/5
f 6533/6533/6 6536/6536/6 6532/6532/6
f 6533/6533/6 6537/6537/6 6536/6536/6
f 6528/6528/3 6537/6537/3 6529/6529/3
f 6528/6528/3 6536/6536/3 6537/6537/3
f 6525/6525/1 6532/6532/1 6524/6524/1
f 6525/6525/1 6533/6533/1 6532/6532/1
f 6525/6525/2 6526/6526/2 6522/6522/2
f 6525/6525/2 6529/6529/2 6526/6526/2
f 6530/6530/4 6537/6537/4 6533/6533/4
f 6530/6530/4 6534/6534/4 6537/6537/4
f 6529/6529/3 6534/6534/3 6526/6526/3
f 6529/6529/3 6537/6537/3 6534/6534/3
f 6522/6522/1 6533/6533/1 6525/6525/1
f 6522/6522/1 6530/6530/1 6533/6533/1
f 6538/6538/6 6543/6543/6 6539/6539/6
f 6538/6538/6 6542/6542/6 6543/6543/6
f 6547/6547/5 6550/6550/5 6546/6546/5
f 6547/6547/5 6551/6551/5 6550/6550/5
f 6542/6542/3 6551/6551/3 6543/6543/3
f 6542/6542/3 6550/6550/3 6551/6551/3
f 6539/6539/1 6546/6546/1 6538/6538/1
f 6539/6539/1 6547/6547/1 6546/6546/1
f 6539/6539/4 6544/6544/4 6540/6540/4
f 6539/6539/4 6543/6543/4 6544/6544/4
f 6548/6548/2 6551/6551/2 6547/6547/2
f 6548/6548/2 6552/6552/2 6551/6551/2
f 6543/6543/3 6552/6552/3 6544/6544/3
f 6543/6543/3 6551/6551/3 6552/6552/3
f 6540/6540/1 6547/6547/1 6539/6539/1
f 6540/6540/1 6548/6548/1 6547/6547/1
f 6540/6540/5 6545/6545/5 6541/6541/5
f 6540/6540/5 6544/6544/5 6545/6545/5
f 6549/6549/6 6552/6552/6 6548/6548/6
f 6549/6549/6 6553/6553/6 6552/6552/6
f 6544/6544/3 6553/6553/3 6545/6545/3
f 6544/6544/3 6552/6552/3 6553/6553/3
f 6541/6541/1 6548/6548/1 6540/6540/1
f 6541/6541/1 6549/6549/1 6548/6548/1
f 6541/6541/2 6542/6542/2 6538/6538/2
f 6541/6541/2 6545/6545/2 6542/6542/2
f 6546/6546/4 6553/6553/4 6549/6549/4
f 6546/6546/4 6550/6550/4 6553/6553/4
f 6545/6545/3 6550/6550/3 6542/6542/3
f 6545/6545/3 6553/6553/3 6550/6550/3
f 6538/6538/1 6549/6549/1 6541/6541/1
f 6538/6538/1 6546/6546/1 6549/6549/1
f 6554/6554/6 6559/6559/6 6555/6555/6
f 6554/6554/6 6558/6558/6 6559/6559/6
f 6563/6563/5 6566/6566/5 6562/6562/5
f 6563/6563/5 6567/6567/5 6566/6566/5
f 6558/6558/3 6567/6567/3 6559/6559/3
f 6558/6558/3 6566/6566/3 6567/6567/3
f 6555/6555/1 6562/6562/1 6554/6554/1
f 6555/6555/1 6563/6563/1 6562/6562/1
f 6555/6555/4 6560/6560/4 6556/6556/4
f 6555/6555/4 6559/6559/4 6560/6560/4
f 6564/6564/2 6567/6567/2 6563/6563/2
f 6564/6564/2 6568/6568/2 6567/6567/2
f 6559/6559/3 6568/6568/3 6560/6560/3
f 6559/6559/3 6567/6567/3 6568/6568/3
f 6556/6556/1 6563/6563/1 6555/6555/1
f 6556/6556/1 6564/6564/1 6563/6563/1
f 6556/6556/5 6561/6561/5 6557/6557/5
f 6556/6556/5 6560/6560/5 6561/6561/5
f 6565/6565/6 6568/6568/6 6564/6564/6
f 6565/6565/6 6569/6569/6 6568/6568/6
f 6560/6560/3 6569/6569/3 6561/6561/3
f 6560/6560/3 6568/6568/3 6569/6569/3
f 6557/6557/1 6564/6564/1 6556/6556/1
f 6557/6557/1 6565/6565/1 6564/6564/1
f 6557/6557/2 6558/6558/2 6554/6554/2
f 6557/6557/2 6561/6561/2 6558/6558/2
f 6562/6562/4 6569/6569/4 6565/6565/4
f 6562/6562/4 6566/6566/4 6569/6569/4
f 6561/6561/3 6566/6566/3 6558/6558/3
f 6561/6561/3 6569/6569/3 6566/6566/3
f 6554/6554/1 6565/6565/1 6557/6557/1
f 6554/6554/1 6562/6562/1 6565/6565/1
f 6570/6570/1 6571/6571/1 6575/6575/1
f 6570/6570/1 6575/6575/1 6574/6574/1
f 6571/6571/4 6572/6572/4 6576/6576/4
f 6571/6571/4 6576/6576/4 6575/6575/4
f 6572/6572/3 6573/6573/3 6577/6577/3
f 6572/6572/3 6577/6577/3 6576/6576/3
f 6573/6573/2 6570/6570/2 6574/6574/2
f 6573/6573/2 6574/6574/2 6577/6577/2
f 6574/6574/5 6575/6575/5 6576/6576/5
f 6574/6574/5 6576/6576/5 6577/6577/5
f 6573/6573/6 6572/6572/6 6571/6571/6
f 6573/6573/6 6571/6571/6 6570/6570/6
f 6578/6578/6 6583/6583/6 6579/6579/6
f 6578/6578/6 6582/6582/6 6583/6583/6
f 6587/6587/5 6590/6590/5 6586/6586/5
f 6587/6587/5 6591/6591/5 6590/6590/5
f 6582/6582/4 6591/6591/4 6583/6583/4
f 6582/6582/4 6590/6590/4 6591/6591/4
f 6579/6579/2 6586/6586/2 6578/6578/2
f 6579/6579/2 6587/6587/2 6586/6586/2
f 6579/6579/1 6584/6584/1 6580/6580/1
f 6579/6579/1 6583/6583/1 6584/6584/1
f 6588/6588/3 6591/6591/3 6587/6587/3
f 6588/6588/3 6592/6592/3 6591/6591/3
f 6583/6583/4 6592/6592/4 6584/6584/4
f 6583/6583/4 6591/6591/4 6592/6592/4
f 6580/6580/2 6587/6587/2 6579/6579/2
f 6580/6580/2 6588/6588/2 6587/6587/2
f 6580/6580/5 6585/6585/5 6581/6581/5
f 6580/6580/5 6584/6584/5 6585/6585/5
f 6589/6589/6 6592/6592/6 6588/6588/6
f 6589/6589/6 6593/6593/6 6592/6592/6
f 6584/6584/4 6593/6593/4 6585/6585/4
f 6584/6584/4 6592/6592/4 6593/6593/4
f 6581/6581/2 6588/6588/2 6580/6580/2
f 6581/6581/2 6589/6589/2 6588/6588/2
f 6581/6581/3 6582/6582/3 6578/6578/3
f 6581/6581/3 6585/6585/3 6582/6582/3
f 6586/6586/1 6593/6593/1 6589/6589/1
f 6586/6586/1 6590/6590/1 6593/6593/1
f 6585/6585/4 6590/6590/4 6582/6582/4
f 6585/6585/4 6593/6593/4 6590/6590/4
f 6578/6578/2 6589/6589/2 6581/6581/2
f 6578/6578/2 6586/6586/2 6589/6589/2
f 6594/6594/6 6599/6599/6 6595/6595/6
f 6594/6594/6 6598/6598/6 6599/6599/6
f 6603/6603/5 6606/6606/5 6602/6602/5
f 6603/6603/5 6607/6607/5 6606/6606/5
f 6598/6598/4 6607/6607/4 6599/6599/4
f 6598/6598/4 6606/6606/4 6607/6607/4
f 6595/6595/2 6602/6602/2 6594/6594/2
f 6595/6595/2 6603/6603/2 6602/6602/2
f 6595/6595/1 6600/6600/1 6596/6596/1
f 6595/6595/1 6599/6599/1 6600/6600/1
f 6604/6604/3 6607/6607/3 6603/6603/3
f 6604/6604/3 6608/6608/3 6607/6607/3
f 6599/6599/4 6608/6608/4 6600/6600/4
f 6599/6599/4 6607/6607/4 6608/6608/4
f 6596/6596/2 6603/6603/2 6595/6595/2
f 6596/6596/2 6604/6604/2 6603/6603/2
f 6596/6596/5 6601/6601/5 6597/6597/5
f 6596/6596/5 6600/6600/5 6601/6601/5
f 6605/6605/6 6608/6608/6 6604/6604/6
f 6605/6605/6 6609/6609/6 6608/6608/6
f 6600/6600/4 6609/6609/4 6601/6601/4
f 6600/6600/4 6608/6608/4 6609/6609/4
f 6597/6597/2 6604/6604/2 6596/6596/2
f 6597/6597/2 6605/6605/2 6604/6604/2
f 6597/6597/3 6598/6598/3 6594/6594/3
f 6597/6597/3 6601/6601/3 6598/6598/3
f 6602/6602/1 6609/6609/1 6605/6605/1
f 6602/6602/1 6606/6606/1 6609/6609/1
f 6601/6601/4 6606/6606/4 6598/6598/4
f 6601/6601/4 6609/6609/4 6606/6606/4
f 6594/6594/2 6605/6605/2 6597/6597/2
f 6594/6594/2 6602/6602/2 6605/6605/2
f 6610/6610/1 6615/6615/1 6611/6611/1
f 6610/6610/1 6614/6614/1 6615/6615/1
f 6619/6619/3 6622/6622/3 6618/6618/3
f 6619/6619/3 6623/6623/3 6622/6622/3
f 6614/6614/5 6623/6623/5 6615/6615/5
f 6614/6614/5 6622/6622/5 6623/6623/5
f 6611/6611/6 6618/6618/6 6610/6610/6
f 6611/6611/6 6619/6619/6 6618/6618/6
f 6611/6611/2 6616/6616/2 6612/6612/2
f 6611/6611/2 6615/6615/2 6616/6616/2
f 6620/6620/4 6623/6623/4 6619/6619/4
f 6620/6620/4 6624/6624/4 6623/6623/4
f 6615/6615/5 6624/6624/5 6616/6616/5
f 6615/6615/5 6623/6623/5 6624/6624/5
f 6612/6612/6 6619/6619/6 6611/6611/6
f 6612/6612/6 6620/6620/6 6619/6619/6
f 6612/6612/3 6617/6617/3 6613/6613/3
f 6612/6612/3 6616/6616/3 6617/6617/3
f 6621/6621/1 6624/6624/1 6620/6620/1
f 6621/6621/1 6625/6625/1 6624/6624/1
f 6616/6616/5 6625/6625/5 6617/6617/5
f 6616/6616/5 6624/6624/5 6625/6625/5
f 6613/6613/6 6620/6620/6 6612/6612/6
f 6613/6613/6 6621/6621/6 6620/6620/6
f 6613/6613/4 6614/6614/4 6610/6610/4
f 6613/6613/4 6617/6617/4 6614/6614/4
f 6618/6618/2 6625/6625/2 6621/6621/2
f 6618/6618/2 6622/6622/2 6625/6625/2
f 6617/6617/5 6622/6622/5 6614/6614/5
f 6617/6617/5 6625/6625/5 6622/6622/5
f 6610/6610/6 6621/6621/6 6613/6613/6
f 6610/6610/6 6618/6618/6 6621/6621/6
f 6626/6626/1 6631/6631/1 6627/6627/1
f 6626/6626/1 6630/6630/1 6631/6631/1
f 6635/6635/3 6638/6638/3 6634/6634/3
f 6635/6635/3 6639/6639/3 6638/6638/3
f 6630/6630/5 6639/6639/5 6631/6631/5
f 6630/6630/5 6638/6638/5 6639/6639/5
f 6627/6627/6 6634/6634/6 6626/6626/6
f 6627/6627/6 6635/6635/6 6634/6634/6
f 6627/6627/2 6632/6632/2 6628/6628/2
f 6627/6627/2 6631/6631/2 6632/6632/2
f 6636/6636/4 6639/6639/4 6635/6635/4
f 6636/6636/4 6640/6640/4 6639/6639/4
f 6631/6631/5 6640/6640/5 6632/6632/5
f 6631/6631/5 6639/6639/5 6640/6640/5
f 6628/6628/6 6635/6635/6 6627/6627/6
f 6628/6628/6 6636/6636/6 6635/6635/6
f 6628/6628/3 6633/6633/3 6629/6629/3
f 6628/6628/3 6632/6632/3 6633/6633/3
f 6637/6637/1 6640/6640/1 6636/6636/1
f 6637/6637/1 6641/6641/1 6640/6640/1
f 6632/6632/5 6641/6641/5 6633/6633/5
f 6632/6632/5 6640/6640/5 6641/6641/5
f 6629/6629/6 6636/6636/6 6628/6628/6
f 6629/6629/6 6637/6637/6 6636/6636/6
f 6629/6629/4 6630/6630/4 6626/6626/4
f 6629/6629/4 6633/6633/4 6630/6630/4
f 6634/6634/2 6641/6641/2 6637/6637/2
f 6634/6634/2 6638/6638/2 6641/6641/2
f 6633/6633/5 6638/6638/5 6630/6630/5
f 6633/6633/5 6641/6641/5 6638/6638/5
f 6626/6626/6 6637/6637/6 6629/6629/6
f 6626/6626/6 6634/6634/6 6637/6637/6
f 6642/6642/1 6647/6647/1 6643/6643/1
f 6642/6642/1 6646/6646/1 6647/6647/1
f 6651/6651/3 6654/6654/3 6650/6650/3
f 6651/6651/3 6655/6655/3 6654/6654/3
f 6646/6646/5 6655/6655/5 6647/6647/5
f 6646/6646/5 6654/6654/5 6655/6655/5
f 6643/6643/6 6650/6650/6 6642/6642/6
f 6643/6643/6 6651/6651/6 6650/6650/6
f 6643/6643/2 6648/6648/2 6644/6644/2
f 6643/6643/2 6647/6647/2 6648/6648/2
f 6652/6652/4 6655/6655/4 6651/6651/4
f 6652/6652/4 6656/6656/4 6655/6655/4
f 6647/6647/5 6656/6656/5 6648/6648/5
f 6647/6647/5 6655/6655/5 6656/6656/5
f 6644/6644/6 6651/6651/6 6643/6643/6
f 6644/6644/6 6652/6652/6 6651/6651/6
f 6644/6644/3 6649/6649/3 6645/6645/3
f 6644/6644/3 6648/6648/3 6649/6649/3
f 6653/6653/1 6656/6656/1 6652/6652/1
f 6653/6653/1 6657/6657/1 6656/6656/1
f 6648/6648/5 6657/6657/5 6649/6649/5
f 6648/6648/5 6656/6656/5 6657/6657/5
f 6645/6645/6 6652/6652/6 6644/6644/6
f 6645/6645/6 6653/6653/6 6652/6652/6
f 6645/6645/4 6646/6646/4 6642/6642/4
f 6645/6645/4 6649/6649/4 6646/6646/4
f 6650/6650/2 6657/6657/2 6653/6653/2
f 6650/6650/2 6654/6654/2 6657/6657/2
f 6649/6649/5 6654/6654/5 6646/6646/5
f 6649/6649/5 6657/6657/5 6654/6654/5
f 6642/6642/6 6653/6653/6 6645/6645/6
f 6642/6642/6 6650/6650/6 6653/6653/6
f 6658/6658/2 6659/6659/2 6663/6663/2
f 6658/6658/2 6663/6663/2 6662/6662/2
f 6659/6659/1 6660/6660/1 6664/6664/1
f 6659/6659/1 6664/6664/1 6663/6663/1
f 6660/6660/4 6661/6661/4 6665/6665/4
f 6660/6660/4 6665/6665/4 6664/6664/4
f 6661/6661/3 6658/6658/3 6662/6662/3
f 6661/6661/3 6662/6662/3 6665/6665/3
f 6662/6662/5 6663/6663/5 6664/6664/5
f 6662/6662/5 6664/6664/5 6665/6665/5
f 6661/6661/6 6660/6660/6 6659/6659/6
f 6661/6661/6 6659/6659/6 6658/6658/6
f 6666/6666/3 6667/6667/3 6671/6671/3
f 6666/6666/3 6671/6671/3 6670/6670/3
f 6667/6667/2 6668/6668/2 6672/6672/2
f 6667/6667/2 6672/6672/2 6671/6671/2
f 6668/6668/1 6669/6669/1 6673/6673/1
f 6668/6668/1 6673/6673/1 6672/6672/1
f 6669/6669/4 6666/6666/4 6670/6670/4
f 6669/6669/4 6670/6670/4 6673/6673/4
f 6670/6670/5 6671/6671/5 6672/6672/5
f 6670/6670/5 6672/6672/5 6673/6673/5
f 6669/6669/6 6668/6668/6 6667/6667/6
f 6669/6669/6 6667/6667/6 6666/6666/6
f 6674/6674/2 6675/6675/2 6679/6679/2
f 6674/6674/2 6679/6679/2 6678/6678/2
f 6675/6675/1 6676/6676/1 6680/6680/1
f 6675/6675/1 6680/6680/1 6679/6679/1
f 6676/6676/4 6677/6677/4 6681/6681/4
f 6676/6676/4 6681/6681/4 6680/6680/4
f 6677/6677/3 6674/6674/3 6678/6678/3
f 6677/6677/3 6678/6678/3 6681/6681/3
f 6678/6678/5 6679/6679/5 6680/6680/5
f 6678/6678/5 6680/6680/5 6681/6681/5
f 6677/6677/6 6676/6676/6 6675/6675/6
f 6677/6677/6 6675/6675/6 6674/6674/6
f 6682/6682/3 6683/6683/3 6687/6687/3
f 6682/6682/3 6687/6687/3 6686/6686/3
f 6683/6683/2 6684/6684/2 6688/6688/2
f 6683/6683/2 6688/6688/2 6687/6687/2
f 6684/6684/1 6685/6685/1 6689/6689/1
f 6684/6684/1 6689/6689/1 6688/6688/1
f 6685/6685/4 6682/6682/4 6686/6686/4
f 6685/6685/4 6686/6686/4 6689/6689/4
f 6686/6686/5 6687/6687/5 6688/6688/5
f 6686/6686/5 6688/6688/5 6689/6689/5
f 6685/6685/6 6684/6684/6 6683/6683/6
f 6685/6685/6 6683/6683/6 6682/6682/6
f 6690/6690/4 6691/6691/4 6695/6695/4
f 6690/6690/4 6695/6695/4 6694/6694/4
f 6691/6691/3 6692/6692/3 6696/6696/3
f 6691/6691/3 6696/6696/3 6695/6695/3
f 6692/6692/2 6693/6693/2 6697/6697/2
f 6692/6692/2 6697/6697/2 6696/6696/2
f 6693/6693/1 6690/6690/1 6694/6694/1
f 6693/6693/1 6694/6694/1 6697/6697/1
f 6694/6694/5 6695/6695/5 6696/6696/5
f 6694/6694/5 6696/6696/5 6697/6697/5
f 6693/6693/6 6692/6692/6 6691/6691/6
f 6693/6693/6 6691/6691/6 6690/6690/6
f 6698/6698/1 6699/6699/1 6703/6703/1
f 6698/6698/1 6703/6703/1 6702/6702/1
f 6699/6699/4 6700/6700/4 6704/6704/4
f 6699/6699/4 6704/6704/4 6703/6703/4
f 6700/6700/3 6701/6701/3 6705/6705/3
f 6700/6700/3 6705/6705/3 6704/6704/3
f 6701/6701/2 6698/6698/2 6702/6702/2
f 6701/6701/2 6702/6702/2 6705/6705/2
f 6702/6702/5 6703/6703/5 6704/6704/5
f 6702/6702/5 6704/6704/5 6705/6705/5
f 6701/6701/6 6700/6700/6 6699/6699/6
f 6701/6701/6 6699/6699/6 6698/6698/6
f 6706/6706/4 6707/6707/4 6711/6711/4
f 6706/6706/4 6711/6711/4 6710/6710/4
f 6707/6707/3 6708/6708/3 6712/6712/3
f 6707/6707/3 6712/6712/3 6711/6711/3
f 6708/6708/2 6709/6709/2 6713/6713/2
f 6708/6708/2 6713/6713/2 6712/6712/2
f 6709/6709/1 6706/6706/1 6710/6710/1
f 6709/6709/1 6710/6710/1 6713/6713/1
f 6710/6710/5 6711/6711/5 6712/6712/5
f 6710/6710/5 6712/6712/5 6713/6713/5
f 6709/6709/6 6708/6708/6 6707/6707/6
f 6709/6709/6 6707/6707/6 6706/6706/6
f 6714/6714/1 6715/6715/1 6719/6719/1
f 6714/6714/1 6719/6719/1 6718/6718/1
f 6715/6715/4 6716/6716/4 6720/6720/4
f 6715/6715/4 6720/6720/4 6719/6719/4
f 6716/6716/3 6717/6717/3 6721/6721/3
f 6716/6716/3 6721/6721/3 6720/6720/3
f 6717/6717/2 6714/6714/2 6718/6718/2
f 6717/6717/2 6718/6718/2 6721/6721/2
f 6718/6718/5 6719/6719/5 6720/6720/5
f 6718/6718/5 6720/6720/5 6721/6721/5
f 6717/6717/6 6716/6716/6 6715/6715/6
f 6717/6717/6 6715/6715/6 6714/6714/6
f 6722/6722/3 6723/6723/3 6727/6727/3
f 6722/6722/3 6727/6727/3 6726/6726/3
f 6723/6723/2 6724/6724/2 6728/6728/2
f 6723/6723/2 6728/6728/2 6727/6727/2
f 6724/6724/1 6725/6725/1 6729/6729/1
f 6724/6724/1 6729/6729/1 6728/6728/1
f 6725/6725/4 6722/6722/4 6726/6726/4
f 6725/6725/4 6726/6726/4 6729/6729/4
f 6726/6726/5 6727/6727/5 6728/6728/5
f 6726/6726/5 6728/6728/5 6729/6729/5
f 6725/6725/6 6724/6724/6 6723/6723/6
f 6725/6725/6 6723/6723/6 6722/6722/6
f 6730/6730/4 6731/6731/4 6735/6735/4
f 6730/6730/4 6735/6735/4 6734/6734/4
f 6731/6731/3 6732/6732/3 6736/6736/3
f 6731/6731/3 6736/6736/3 6735/6735/3
f 6732/6732/2 6733/6733/2 6737/6737/2
f 6732/6732/2 6737/6737/2 6736/6736/2
f 6733/6733/1 6730/6730/1 6734/6734/1
f 6733/6733/1 6734/6734/1 6737/6737/1
f 6734/6734/5 6735/6735/5 6736/6736/5
f 6734/6734/5 6736/6736/5 6737/6737/5
f 6733/6733/6 6732/6732/6 6731/6731/6
f 6733/6733/6 6731/6731/6 6730/6730/6
f 6738/6738/3 6739/6739/3 6743/6743/3
f 6738/6738/3 6743/6743/3 6742/6742/3
f 6739/6739/2 6740/6740/2 6744/6744/2
f 6739/6739/2 6744/6744/2 6743/6743/2
f 6740/6740/1 6741/6741/1 6745/6745/1
f 6740/6740/1 6745/6745/1 6744/6744/1
f 6741/6741/4 6738/6738/4 6742/6742/4
f 6741/6741/4 6742/6742/4 6745/6745/4
f 6742/6742/5 6743/6743/5 6744/6744/5
f 6742/6742/5 6744/6744/5 6745/6745/5
f 6741/6741/6 6740/6740/6 6739/6739/6
f 6741/6741/6 6739/6739/6 6738/6738/6
f 6746/6746/4 6747/6747/4 6751/6751/4
f 6746/6746/4 6751/6751/4 6750/6750/4
f 6747/6747/3 6748/6748/3 6752/6752/3
f 6747/6747/3 6752/6752/3 6751/6751/3
f 6748/6748/2 6749/6749/2 6753/6753/2
f 6748/6748/2 6753/6753/2 6752/6752/2
f 6749/6749/1 6746/6746/1 6750/6750/1
f 6749/6749/1 6750/6750/1 6753/6753/1
f 6750/6750/5 6751/6751/5 6752/6752/5
f 6750/6750/5 6752/6752/5 6753/6753/5
f 6749/6749/6 6748/6748/6 6747/6747/6
f 6749/6749/6 6747/6747/6 6746/6746/6
f 6754/6754/1 6755/6755/1 6759/6759/1
f 6754/6754/1 6759/6759/1 6758/6758/1
f 6755/6755/4 6756/6756/4 6760/6760/4
f 6755/6755/4 6760/6760/4 6759/6759/4
f 6756/6756/3 6757/6757/3 6761/6761/3
f 6756/6756/3 6761/6761/3 6760/6760/3
f 6757/6757/2 6754/6754/2 6758/6758/2
f 6757/6757/2 6758/6758/2 6761/6761/2
f 6758/6758/5 6759/6759/5 6760/6760/5
f 6758/6758/5 6760/6760/5 6761/6761/5
f 6757/6757/6 6756/6756/6 6755/6755/6
f 6757/6757/6 6755/6755/6 6754/6754/6
f 6762/6762/2 6763/6763/2 6767/6767/2
f 6762/6762/2 6767/6767/2 6766/6766/2
f 6763/6763/1 6764/6764/1 6768/6768/1
f 6763/6763/1 6768/6768/1 6767/6767/1
f 6764/6764/4 6765/6765/4 6769/6769/4
f 6764/6764/4 6769/6769/4 6768/6768/4
f 6765/6765/3 6762/6762/3 6766/6766/3
f 6765/6765/3 6766/6766/3 6769/6769/3
f 6766/6766/5 6767/6767/5 6768/6768/5
f 6766/6766/5 6768/6768/5 6769/6769/5
f 6765/6765/6 6764/6764/6 6763/6763/6
f 6765/6765/6 6763/6763/6 6762/6762/6
f 6770/6770/1 6771/6771/1 6775/6775/1
f 6770/6770/1 6775/6775/1 6774/6774/1
f 6771/6771/4 6772/6772/4 6776/6776/4
f 6771/6771/4 6776/6776/4 6775/6775/4
f 6772/6772/3 6773/6773/3 6777/6777/3
f 6772/6772/3 6777/6777/3 6776/6776/3
f 6773/6773/2 6770/6770/2 6774/6774/2
f 6773/6773/2 6774/6774/2 6777/6777/2
f 6774/6774/5 6775/6775/5 6776/6776/5
f 6774/6774/5 6776/6776/5 6777/6777/5
f 6773/6773/6 6772/6772/6 6771/6771/6
f 6773/6773/6 6771/6771/6 6770/6770/6
f 6778/6778/2 6779/6779/2 6783/6783/2
f 6778/6778/2 6783/6783/2 6782/6782/2
f 6779/6779/1 6780/6780/1 6784/6784/1
f 6779/6779/1 6784/6784/1 6783/6783/1
f 6780/6780/4 6781/6781/4 6785/6785/4
f 6780/6780/4 6785/6785/4 6784/6784/4
f 6781/6781/3 6778/6778/3 6782/6782/3
f 6781/6781/3 6782/6782/3 6785/6785/3
f 6782/6782/5 6783/6783/5 6784/6784/5
f 6782/6782/5 6784/6784/5 6785/6785/5
f 6781/6781/6 6780/6780/6 6779/6779/6
f 6781/6781/6 6779/6779/6 6778/6778/6
f 6786/6786/121 6791/6791/121 6787/6787/121
f 6786/6786/121 6790/6790/121 6791/6791/121
f 6787/6787/122 6792/6792/122 6788/6788/122
f 6787/6787/122 6791/6791/122 6792/6792/122
f 6788/6788/123 6793/6793/123 6789/6789/123
f 6788/6788/123 6792/6792/123 6793/6793/123
f 6789/6789/124 6790/6790/124 6786/6786/124
f 6789/6789/124 6793/6793/124 6790/6790/124
f 6790/6790/5 6792/6792/5 6791/6791/5
f 6790/6790/5 6793/6793/5 6792/6792/5
f 6789/6789/6 6787/6787/6 6788/6788/6
f 6789/6789/6 6786/6786/6 6787/6787/6
f 6794/6794/63 6799/6799/63 6795/6795/63
f 6794/6794/63 6798/6798/63 6799/6799/63
f 6795/6795/64 6800/6800/64 6796/6796/64
f 6795/6795/64 6799/6799/64 6800/6800/64
f 6796/6796/65 6801/6801/65 6797/6797/65
f 6796/6796/65 6800/6800/65 6801/6801/65
f 6797/6797/66 6798/6798/66 6794/6794/66
f 6797/6797/66 6801/6801/66 6798/6798/66
f 6798/6798/5 6800/6800/5 6799/6799/5
f 6798/6798/5 6801/6801/5 6800/6800/5
f 6797/6797/6 6795/6795/6 6796/6796/6
f 6797/6797/6 6794/6794/6 6795/6795/6
f 6802/6802/6 6807/6807/6 6803/6803/6
f 6802/6802/6 6806/6806/6 6807/6807/6
f 6811/6811/5 6814/6814/5 6810/6810/5
f 6811/6811/5 6815/6815/5 6814/6814/5
f 6806/6806/63 6815/6815/63 6807/6807/63
f 6806/6806/63 6814/6814/63 6815/6815/63
f 6803/6803/65 6810/6810/65 6802/6802/65
f 6803/6803/65 6811/6811/65 6810/6810/65
f 6803/6803/64 6808/6808/64 6804/6804/64
f 6803/6803/64 6807/6807/64 6808/6808/64
f 6812/6812/66 6815/6815/66 6811/6811/66
f 6812/6812/66 6816/6816/66 6815/6815/66
f 6807/6807/63 6816/6816/63 6808/6808/63
f 6807/6807/63 6815/6815/63 6816/6816/63
f 6804/6804/65 6811/6811/65 6803/6803/65
f 6804/6804/65 6812/6812/65 6811/6811/65
f 6804/6804/5 6809/6809/5 6805/6805/5
f 6804/6804/5 6808/6808/5 6809/6809/5
f 6813/6813/6 6816/6816/6 6812/6812/6
f 6813/6813/6 6817/6817/6 6816/6816/6
f 6808/6808/63 6817/6817/63 6809/6809/63
f 6808/6808/63 6816/6816/63 6817/6817/63
f 6805/6805/65 6812/6812/65 6804/6804/65
f 6805/6805/65 6813/6813/65 6812/6812/65
f 6805/6805/66 6806/6806/66 6802/6802/66
f 6805/6805/66 6809/6809/66 6806/6806/66
f 6810/6810/64 6817/6817/64 6813/6813/64
f 6810/6810/64 6814/6814/64 6817/6817/64
f 6809/6809/63 6814/6814/63 6806/6806/63
f 6809/6809/63 6817/6817/63 6814/6814/63
f 6802/6802/65 6813/6813/65 6805/6805/65
f 6802/6802/65 6810/6810/65 6813/6813/65
f 6818/6818/6 6825/6825/6 6819/6819/6
f 6818/6818/6 6824/6824/6 6825/6825/6
f 6831/6831/5 6836/6836/5 6830/6830/5
f 6831/6831/5 6837/6837/5 6836/6836/5
f 6824/6824/63 6837/6837/63 6825/6825/63
f 6824/6824/63 6836/6836/63 6837/6837/63
f 6819/6819/65 6830/6830/65 6818/6818/65
f 6819/6819/65 6831/6831/65 6830/6830/65
f 6819/6819/64 6826/6826/64 6820/6820/64
f 6819/6819/64 6825/6825/64 6826/6826/64
f 6832/6832/66 6837/6837/66 6831/6831/66
f 6832/6832/66 6838/6838/66 6837/6837/66
f 6825/6825/63 6838/6838/63 6826/6826/63
f 6825/6825/63 6837/6837/63 6838/6838/63
f 6820/6820/65 6831/6831/65 6819/6819/65
f 6820/6820/65 6832/6832/65 6831/6831/65
f 6820/6820/111 6827/6827/111 6821/6821/111
f 6820/6820/111 6826/6826/111 6827/6827/111
f 6833/6833/112 6838/6838/112 6832/6832/112
f 6833/6833/112 6839/6839/112 6838/6838/112
f 6826/6826/63 6839/6839/63 6827/6827/63
f 6826/6826/63 6838/6838/63 6839/6839/63
f 6821/6821/65 6832/6832/65 6820/6820/65
f 6821/6821/65 6833/6833/65 6832/6832/65
f 6821/6821/5 6828/6828/5 6822/6822/5
f 6821/6821/5 6827/6827/5 6828/6828/5
f 6834/6834/6 6839/6839/6 6833/6833/6
f 6834/6834/6 6840/6840/6 6839/6839/6
f 6827/6827/63 6840/6840/63 6828/6828/63
f 6827/6827/63 6839/6839/63 6840/6840/63
f 6822/6822/65 6833/6833/65 6821/6821/65
f 6822/6822/65 6834/6834/65 6833/6833/65
f 6822/6822/109 6829/6829/109 6823/6823/109
f 6822/6822/109 6828/6828/109 6829/6829/109
f 6835/6835/110 6840/6840/110 6834/6834/110
f 6835/6835/110 6841/6841/110 6840/6840/110
f 6828/6828/63 6841/6841/63 6829/6829/63
f 6828/6828/63 6840/6840/63 6841/6841/63
f 6823/6823/65 6834/6834/65 6822/6822/65
f 6823/6823/65 6835/6835/65 6834/6834/65
f 6823/6823/66 6824/6824/66 6818/6818/66
f 6823/6823/66 6829/6829/66 6824/6824/66
f 6830/6830/64 6841/6841/64 6835/6835/64
f 6830/6830/64 6836/6836/64 6841/6841/64
f 6829/6829/63 6836/6836/63 6824/6824/63
f 6829/6829/63 6841/6841/63 6836/6836/63
f 6818/6818/65 6835/6835/65 6823/6823/65
f 6818/6818/65 6830/6830/65 6835/6835/65
f 6842/6842/6 6847/6847/6 6843/6843/6
f 6842/6842/6 6846/6846/6 6847/6847/6
f 6851/6851/5 6854/6854/5 6850/6850/5
f 6851/6851/5 6855/6855/5 6854/6854/5
f 6846/6846/64 6855/6855/64 6847/6847/64
f 6846/6846/64 6854/6854/64 6855/6855/64
f 6843/6843/66 6850/6850/66 6842/6842/66
f 6843/6843/66 6851/6851/66 6850/6850/66
f 6843/6843/65 6848/6848/65 6844/6844/65
f 6843/6843/65 6847/6847/65 6848/6848/65
f 6852/6852/63 6855/6855/63 6851/6851/63
f 6852/6852/63 6856/6856/63 6855/6855/63
f 6847/6847/64 6856/6856/64 6848/6848/64
f 6847/6847/64 6855/6855/64 6856/6856/64
f 6844/6844/66 6851/6851/66 6843/6843/66
f 6844/6844/66 6852/6852/66 6851/6851/66
f 6844/6844/5 6849/6849/5 6845/6845/5
f 6844/6844/5 6848/6848/5 6849/6849/5
f 6853/6853/6 6856/6856/6 6852/6852/6
f 6853/6853/6 6857/6857/6 6856/6856/6
f 6848/6848/64 6857/6857/64 6849/6849/64
f 6848/6848/64 6856/6856/64 6857/6857/64
f 6845/6845/66 6852/6852/66 6844/6844/66
f 6845/6845/66 6853/6853/66 6852/6852/66
f 6845/6845/63 6846/6846/63 6842/6842/63
f 6845/6845/63 6849/6849/63 6846/6846/63
f 6850/6850/65 6857/6857/65 6853/6853/65
f 6850/6850/65 6854/6854/65 6857/6857/65
f 6849/6849/64 6854/6854/64 6846/6846/64
f 6849/6849/64 6857/6857/64 6854/6854/64
f 6842/6842/66 6853/6853/66 6845/6845/66
f 6842/6842/66 6850/6850/66 6853/6853/66
f 6858/6858/6 6863/6863/6 6859/6859/6
f 6858/6858/6 6862/6862/6 6863/6863/6
f 6867/6867/5 6870/6870/5 6866/6866/5
f 6867/6867/5 6871/6871/5 6870/6870/5
f 6862/6862/64 6871/6871/64 6863/6863/64
f 6862/6862/64 6870/6870/64 6871/6871/64
f 6859/6859/66 6866/6866/66 6858/6858/66
f 6859/6859/66 6867/6867/66 6866/6866/66
f 6859/6859/65 6864/6864/65 6860/6860/65
f 6859/6859/65 6863/6863/65 6864/6864/65
f 6868/6868/63 6871/6871/63 6867/6867/63
f 6868/6868/63 6872/6872/63 6871/6871/63
f 6863/6863/64 6872/6872/64 6864/6864/64
f 6863/6863/64 6871/6871/64 6872/6872/64
f 6860/6860/66 6867/6867/66 6859/6859/66
f 6860/6860/66 6868/6868/66 6867/6867/66
f 6860/6860/5 6865/6865/5 6861/6861/5
f 6860/6860/5 6864/6864/5 6865/6865/5
f 6869/6869/6 6872/6872/6 6868/6868/6
f 6869/6869/6 6873/6873/6 6872/6872/6
f 6864/6864/64 6873/6873/64 6865/6865/64
f 6864/6864/64 6872/6872/64 6873/6873/64
f 6861/6861/66 6868/6868/66 6860/6860/66
f 6861/6861/66 6869/6869/66 6868/6868/66
f 6861/6861/63 6862/6862/63 6858/6858/63
f 6861/6861/63 6865/6865/63 6862/6862/63
f 6866/6866/65 6873/6873/65 6869/6869/65
f 6866/6866/65 6870/6870/65 6873/6873/65
f 6865/6865/64 6870/6870/64 6862/6862/64
f 6865/6865/64 6873/6873/64 6870/6870/64
f 6858/6858/66 6869/6869/66 6861/6861/66
f 6858/6858/66 6866/6866/66 6869/6869/66
f 6874/6874/6 6879/6879/6 6875/6875/6
f 6874/6874/6 6878/6878/6 6879/6879/6
f 6883/6883/5 6886/6886/5 6882/6882/5
f 6883/6883/5 6887/6887/5 6886/6886/5
f 6878/6878/65 6887/6887/65 6879/6879/65
f 6878/6878/65 6886/6886/65 6887/6887/65
f 6875/6875/63 6882/6882/63 6874/6874/63
f 6875/6875/63 6883/6883/63 6882/6882/63
f 6875/6875/66 6880/6880/66 6876/6876/66
f 6875/6875/66 6879/6879/66 6880/6880/66
f 6884/6884/64 6887/6887/64 6883/6883/64
f 6884/6884/64 6888/6888/64 6887/6887/64
f 6879/6879/65 6888/6888/65 6880/6880/65
f 6879/6879/65 6887/6887/65 6888/6888/65
f 6876/6876/63 6883/6883/63 6875/6875/63
f 6876/6876/63 6884/6884/63 6883/6883/63
f 6876/6876/5 6881/6881/5 6877/6877/5
f 6876/6876/5 6880/6880/5 6881/6881/5
f 6885/6885/6 6888/6888/6 6884/6884/6
f 6885/6885/6 6889/6889/6 6888/6888/6
f 6880/6880/65 6889/6889/65 6881/6881/65
f 6880/6880/65 6888/6888/65 6889/6889/65
f 6877/6877/63 6884/6884/63 6876/6876/63
f 6877/6877/63 6885/6885/63 6884/6884/63
f 6877/6877/64 6878/6878/64 6874/6874/64
f 6877/6877/64 6881/6881/64 6878/6878/64
f 6882/6882/66 6889/6889/66 6885/6885/66
f 6882/6882/66 6886/6886/66 6889/6889/66
f 6881/6881/65 6886/6886/65 6878/6878/65
f 6881/6881/65 6889/6889/65 6886/6886/65
f 6874/6874/63 6885/6885/63 6877/6877/63
f 6874/6874/63 6882/6882/63 6885/6885/63
f 6890/6890/6 6897/6897/6 6891/6891/6
f 6890/6890/6 6896/6896/6 6897/6897/6
f 6903/6903/5 6908/6908/5 6902/6902/5
f 6903/6903/5 6909/6909/5 6908/6908/5
f 6896/6896/65 6909/6909/65 6897/6897/65
f 6896/6896/65 6908/6908/65 6909/6909/65
f 6891/6891/63 6902/6902/63 6890/6890/63
f 6891/6891/63 6903/6903/63 6902/6902/63
f 6891/6891/66 6898/6898/66 6892/6892/66
f 6891/6891/66 6897/6897/66 6898/6898/66
f 6904/6904/64 6909/6909/64 6903/6903/64
f 6904/6904/64 6910/6910/64 6909/6909/64
f 6897/6897/65 6910/6910/65 6898/6898/65
f 6897/6897/65 6909/6909/65 6910/6910/65
f 6892/6892/63 6903/6903/63 6891/6891/63
f 6892/6892/63 6904/6904/63 6903/6903/63
f 6892/6892/109 6899/6899/109 6893/6893/109
f 6892/6892/109 6898/6898/109 6899/6899/109
f 6905/6905/110 6910/6910/110 6904/6904/110
f 6905/6905/110 6911/6911/110 6910/6910/110
f 6898/6898/65 6911/6911/65 6899/6899/65
f 6898/6898/65 6910/6910/65 6911/6911/65
f 6893/6893/63 6904/6904/63 6892/6892/63
f 6893/6893/63 6905/6905/63 6904/6904/63
f 6893/6893/5 6900/6900/5 6894/6894/5
f 6893/6893/5 6899/6899/5 6900/6900/5
f 6906/6906/6 6911/6911/6 6905/6905/6
f 6906/6906/6 6912/6912/6 6911/6911/6
f 6899/6899/65 6912/6912/65 6900/6900/65
f 6899/6899/65 6911/6911/65 6912/6912/65
f 6894/6894/63 6905/6905/63 6893/6893/63
f 6894/6894/63 6906/6906/63 6905/6905/63
f 6894/6894/111 6901/6901/111 6895/6895/111
f 6894/6894/111 6900/6900/111 6901/6901/111
f 6907/6907/112 6912/6912/112 6906/6906/112
f 6907/6907/112 6913/6913/112 6912/6912/112
f 6900/6900/65 6913/6913/65 6901/6901/65
f 6900/6900/65 6912/6912/65 6913/6913/65
f 6895/6895/63 6906/6906/63 6894/6894/63
f 6895/6895/63 6907/6907/63 6906/6906/63
f 6895/6895/64 6896/6896/64 6890/6890/64
f 6895/6895/64 6901/6901/64 6896/6896/64
f 6902/6902/66 6913/6913/66 6907/6907/66
f 6902/6902/66 6908/6908/66 6913/6913/66
f 6901/6901/65 6908/6908/65 6896/6896/65
f 6901/6901/65 6913/6913/65 6908/6908/65
f 6890/6890/63 6907/6907/63 6895/6895/63
f 6890/6890/63 6902/6902/63 6907/6907/63
f 6914/6914/63 6915/6915/63 6919/6919/63
f 6914/6914/63 6919/6919/63 6918/6918/63
f 6915/6915/66 6916/6916/66 6920/6920/66
f 6915/6915/66 6920/6920/66 6919/6919/66
f 6916/6916/65 6917/6917/65 6921/6921/65
f 6916/6916/65 6921/6921/65 6920/6920/65
f 6917/6917/64 6914/6914/64 6918/6918/64
f 6917/6917/64 6918/6918/64 6921/6921/64
f 6918/6918/5 6919/6919/5 6920/6920/5
f 6918/6918/5 6920/6920/5 6921/6921/5
f 6917/6917/6 6916/6916/6 6915/6915/6
f 6917/6917/6 6915/6915/6 6914/6914/6
f 6922/6922/6 6927/6927/6 6923/6923/6
f 6922/6922/6 6926/6926/6 6927/6927/6
f 6931/6931/5 6934/6934/5 6930/6930/5
f 6931/6931/5 6935/6935/5 6934/6934/5
f 6926/6926/66 6935/6935/66 6927/6927/66
f 6926/6926/66 6934/6934/66 6935/6935/66
f 6923/6923/64 6930/6930/64 6922/6922/64
f 6923/6923/64 6931/6931/64 6930/6930/64
f 6923/6923/63 6928/6928/63 6924/6924/63
f 6923/6923/63 6927/6927/63 6928/6928/63
f 6932/6932/65 6935/6935/65 6931/6931/65
f 6932/6932/65 6936/6936/65 6935/6935/65
f 6927/6927/66 6936/6936/66 6928/6928/66
f 6927/6927/66 6935/6935/66 6936/6936/66
f 6924/6924/64 6931/6931/64 6923/6923/64
f 6924/6924/64 6932/6932/64 6931/6931/64
f 6924/6924/5 6929/6929/5 6925/6925/5
f 6924/6924/5 6928/6928/5 6929/6929/5
f 6933/6933/6 6936/6936/6 6932/6932/6
f 6933/6933/6 6937/6937/6 6936/6936/6
f 6928/6928/66 6937/6937/66 6929/6929/66
f 6928/6928/66 6936/6936/66 6937/6937/66
f 6925/6925/64 6932/6932/64 6924/6924/64
f 6925/6925/64 6933/6933/64 6932/6932/64
f 6925/6925/65 6926/6926/65 6922/6922/65
f 6925/6925/65 6929/6929/65 6926/6926/65
f 6930/6930/63 6937/6937/63 6933/6933/63
f 6930/6930/63 6934/6934/63 6937/6937/63
f 6929/6929/66 6934/6934/66 6926/6926/66
f 6929/6929/66 6937/6937/66 6934/6934/66
f 6922/6922/64 6933/6933/64 6925/6925/64
f 6922/6922/64 6930/6930/64 6933/6933/64
f 6938/6938/6 6943/6943/6 6939/6939/6
f 6938/6938/6 6942/6942/6 6943/6943/6
f 6947/6947/5 6950/6950/5 6946/6946/5
f 6947/6947/5 6951/6951/5 6950/6950/5
f 6942/6942/66 6951/6951/66 6943/6943/66
f 6942/6942/66 6950/6950/66 6951/6951/66
f 6939/6939/64 6946/6946/64 6938/6938/64
f 6939/6939/64 6947/6947/64 6946/6946/64
f 6939/6939/63 6944/6944/63 6940/6940/63
f 6939/6939/63 6943/6943/63 6944/6944/63
f 6948/6948/65 6951/6951/65 6947/6947/65
f 6948/6948/65 6952/6952/65 6951/6951/65
f 6943/6943/66 6952/6952/66 6944/6944/66
f 6943/6943/66 6951/6951/66 6952/6952/66
f 6940/6940/64 6947/6947/64 6939/6939/64
f 6940/6940/64 6948/6948/64 6947/6947/64
f 6940/6940/5 6945/6945/5 6941/6941/5
f 6940/6940/5 6944/6944/5 6945/6945/5
f 6949/6949/6 6952/6952/6 6948/6948/6
f 6949/6949/6 6953/6953/6 6952/6952/6
f 6944/6944/66 6953/6953/66 6945/6945/66
f 6944/6944/66 6952/6952/66 6953/6953/66
f 6941/6941/64 6948/6948/64 6940/6940/64
f 6941/6941/64 6949/6949/64 6948/6948/64
f 6941/6941/65 6942/6942/65 6938/6938/65
f 6941/6941/65 6945/6945/65 6942/6942/65
f 6946/6946/63 6953/6953/63 6949/6949/63
f 6946/6946/63 6950/6950/63 6953/6953/63
f 6945/6945/66 6950/6950/66 6942/6942/66
f 6945/6945/66 6953/6953/66 6950/6950/66
f 6938/6938/64 6949/6949/64 6941/6941/64
f 6938/6938/64 6946/6946/64 6949/6949/64
f 6954/6954/63 6959/6959/63 6955/6955/63
f 6954/6954/63 6958/6958/63 6959/6959/63
f 6963/6963/65 6966/6966/65 6962/6962/65
f 6963/6963/65 6967/6967/65 6966/6966/65
f 6958/6958/5 6967/6967/5 6959/6959/5
f 6958/6958/5 6966/6966/5 6967/6967/5
f 6955/6955/6 6962/6962/6 6954/6954/6
f 6955/6955/6 6963/6963/6 6962/6962/6
f 6955/6955/64 6960/6960/64 6956/6956/64
f 6955/6955/64 6959/6959/64 6960/6960/64
f 6964/6964/66 6967/6967/66 6963/6963/66
f 6964/6964/66 6968/6968/66 6967/6967/66
f 6959/6959/5 6968/6968/5 6960/6960/5
f 6959/6959/5 6967/6967/5 6968/6968/5
f 6956/6956/6 6963/6963/6 6955/6955/6
f 6956/6956/6 6964/6964/6 6963/6963/6
f 6956/6956/65 6961/6961/65 6957/6957/65
f 6956/6956/65 6960/6960/65 6961/6961/65
f 6965/6965/63 6968/6968/63 6964/6964/63
f 6965/6965/63 6969/6969/63 6968/6968/63
f 6960/6960/5 6969/6969/5 6961/6961/5
f 6960/6960/5 6968/6968/5 6969/6969/5
f 6957/6957/6 6964/6964/6 6956/6956/6
f 6957/6957/6 6965/6965/6 6964/6964/6
f 6957/6957/66 6958/6958/66 6954/6954/66
f 6957/6957/66 6961/6961/66 6958/6958/66
f 6962/6962/64 6969/6969/64 6965/6965/64
f 6962/6962/64 6966/6966/64 6969/6969/64
f 6961/6961/5 6966/6966/5 6958/6958/5
f 6961/6961/5 6969/6969/5 6966/6966/5
f 6954/6954/6 6965/6965/6 6957/6957/6
f 6954/6954/6 6962/6962/6 6965/6965/6
f 6970/6970/63 6975/6975/63 6971/6971/63
f 6970/6970/63 6974/6974/63 6975/6975/63
f 6979/6979/65 6982/6982/65 6978/6978/65
f 6979/6979/65 6983/6983/65 6982/6982/65
f 6974/6974/5 6983/6983/5 6975/6975/5
f 6974/6974/5 6982/6982/5 6983/6983/5
f 6971/6971/6 6978/6978/6 6970/6970/6
f 6971/6971/6 6979/6979/6 6978/6978/6
f 6971/6971/64 6976/6976/64 6972/6972/64
f 6971/6971/64 6975/6975/64 6976/6976/64
f 6980/6980/66 6983/6983/66 6979/6979/66
f 6980/6980/66 6984/6984/66 6983/6983/66
f 6975/6975/5 6984/6984/5 6976/6976/5
f 6975/6975/5 6983/6983/5 6984/6984/5
f 6972/6972/6 6979/6979/6 6971/6971/6
f 6972/6972/6 6980/6980/6 6979/6979/6
f 6972/6972/65 6977/6977/65 6973/6973/65
f 6972/6972/65 6976/6976/65 6977/6977/65
f 6981/6981/63 6984/6984/63 6980/6980/63
f 6981/6981/63 6985/6985/63 6984/6984/63
f 6976/6976/5 6985/6985/5 6977/6977/5
f 6976/6976/5 6984/6984/5 6985/6985/5
f 6973/6973/6 6980/6980/6 6972/6972/6
f 6973/6973/6 6981/6981/6 6980/6980/6
f 6973/6973/66 6974/6974/66 6970/6970/66
f 6973/6973/66 6977/6977/66 6974/6974/66
f 6978/6978/64 6985/6985/64 6981/6981/64
f 6978/6978/64 6982/6982/64 6985/6985/64
f 6977/6977/5 6982/6982/5 6974/6974/5
f 6977/6977/5 6985/6985/5 6982/6982/5
f 6970/6970/6 6981/6981/6 6973/6973/6
f 6970/6970/6 6978/6978/6 6981/6981/6
f 6986/6986/63 6991/6991/63 6987/6987/63
f 6986/6986/63 6990/6990/63 6991/6991/63
f 6995/6995/65 6998/6998/65 6994/6994/65
f 6995/6995/65 6999/6999/65 6998/6998/65
f 6990/6990/5 6999/6999/5 6991/6991/5
f 6990/6990/5 6998/6998/5 6999/6999/5
f 6987/6987/6 6994/6994/6 6986/6986/6
f 6987/6987/6 6995/6995/6 6994/6994/6
f 6987/6987/64 6992/6992/64 6988/6988/64
f 6987/6987/64 6991/6991/64 6992/6992/64
f 6996/6996/66 6999/6999/66 6995/6995/66
f 6996/6996/66 7000/7000/66 6999/6999/66
f 6991/6991/5 7000/7000/5 6992/6992/5
f 6991/6991/5 6999/6999/5 7000/7000/5
f 6988/6988/6 6995/6995/6 6987/6987/6
f 6988/6988/6 6996/6996/6 6995/6995/6
f 6988/6988/65 6993/6993/65 6989/6989/65
f 6988/6988/65 6992/6992/65 6993/6993/65
f 6997/6997/63 7000/7000/63 6996/6996/63
f 6997/6997/63 7001/7001/63 7000/7000/63
f 6992/6992/5 7001/7001/5 6993/6993/5
f 6992/6992/5 7000/7000/5 7001/7001/5
f 6989/6989/6 6996/6996/6 6988/6988/6
f 6989/6989/6 6997/6997/6 6996/6996/6
f 6989/6989/66 6990/6990/66 6986/6986/66
f 6989/6989/66 6993/6993/66 6990/6990/66
f 6994/6994/64 7001/7001/64 6997/6997/64
f 6994/6994/64 6998/6998/64 7001/7001/64
f 6993/6993/5 6998/6998/5 6990/6990/5
f 6993/6993/5 7001/7001/5 6998/6998/5
f 6986/6986/6 6997/6997/6 6989/6989/6
f 6986/6986/6 6994/6994/6 6997/6997/6
f 7002/7002/64 7003/7003/64 7007/7007/64
f 7002/7002/64 7007/7007/64 7006/7006/64
f 7003/7003/63 7004/7004/63 7008/7008/63
f 7003/7003/63 7008/7008/63 7007/7007/63
f 7004/7004/66 7005/7005/66 7009/7009/66
f 7004/7004/66 7009/7009/66 7008/7008/66
f 7005/7005/65 7002/7002/65 7006/7006/65
f 7005/7005/65 7006/7006/65 7009/7009/65
f 7006/7006/5 7007/7007/5 7008/7008/5
f 7006/7006/5 7008/7008/5 7009/7009/5
f 7005/7005/6 7004/7004/6 7003/7003/6
f 7005/7005/6 7003/7003/6 7002/7002/6
f 7010/7010/65 7011/7011/65 7015/7015/65
f 7010/7010/65 7015/7015/65 7014/7014/65
f 7011/7011/64 7012/7012/64 7016/7016/64
f 7011/7011/64 7016/7016/64 7015/7015/64
f 7012/7012/63 7013/7013/63 7017/7017/63
f 7012/7012/63 7017/7017/63 7016/7016/63
f 7013/7013/66 7010/7010/66 7014/7014/66
f 7013/7013/66 7014/7014/66 7017/7017/66
f 7014/7014/5 7015/7015/5 7016/7016/5
f 7014/7014/5 7016/7016/5 7017/7017/5
f 7013/7013/6 7012/7012/6 7011/7011/6
f 7013/7013/6 7011/7011/6 7010/7010/6
f 7018/7018/64 7019/7019/64 7023/7023/64
f 7018/7018/64 7023/7023/64 7022/7022/64
f 7019/7019/63 7020/7020/63 7024/7024/63
f 7019/7019/63 7024/7024/63 7023/7023/63
f 7020/7020/66 7021/7021/66 7025/7025/66
f 7020/7020/66 7025/7025/66 7024/7024/66
f 7021/7021/65 7018/7018/65 7022/7022/65
f 7021/7021/65 7022/7022/65 7025/7025/65
f 7022/7022/5 7023/7023/5 7024/7024/5
f 7022/7022/5 7024/7024/5 7025/7025/5
f 7021/7021/6 7020/7020/6 7019/7019/6
f 7021/7021/6 7019/7019/6 7018/7018/6
f 7026/7026/65 7027/7027/65 7031/7031/65
f 7026/7026/65 7031/7031/65 7030/7030/65
f 7027/7027/64 7028/7028/64 7032/7032/64
f 7027/7027/64 7032/7032/64 7031/7031/64
f 7028/7028/63 7029/7029/63 7033/7033/63
f 7028/7028/63 7033/7033/63 7032/7032/63
f 7029/7029/66 7026/7026/66 7030/7030/66
f 7029/7029/66 7030/7030/66 7033/7033/66
f 7030/7030/5 7031/7031/5 7032/7032/5
f 7030/7030/5 7032/7032/5 7033/7033/5
f 7029/7029/6 7028/7028/6 7027/7027/6
f 7029/7029/6 7027/7027/6 7026/7026/6
f 7034/7034/65 7035/7035/65 7039/7039/65
f 7034/7034/65 7039/7039/65 7038/7038/65
f 7035/7035/64 7036/7036/64 7040/7040/64
f 7035/7035/64 7040/7040/64 7039/7039/64
f 7036/7036/63 7037/7037/63 7041/7041/63
f 7036/7036/63 7041/7041/63 7040/7040/63
f 7037/7037/66 7034/7034/66 7038/7038/66
f 7037/7037/66 7038/7038/66 7041/7041/66
f 7038/7038/5 7039/7039/5 7040/7040/5
f 7038/7038/5 7040/7040/5 7041/7041/5
f 7037/7037/6 7036/7036/6 7035/7035/6
f 7037/7037/6 7035/7035/6 7034/7034/6
f 7042/7042/66 7043/7043/66 7047/7047/66
f 7042/7042/66 7047/7047/66 7046/7046/66
f 7043/7043/65 7044/7044/65 7048/7048/65
f 7043/7043/65 7048/7048/65 7047/7047/65
f 7044/7044/64 7045/7045/64 7049/7049/64
f 7044/7044/64 7049/7049/64 7048/7048/64
f 7045/7045/63 7042/7042/63 7046/7046/63
f 7045/7045/63 7046/7046/63 7049/7049/63
f 7046/7046/5 7047/7047/5 7048/7048/5
f 7046/7046/5 7048/7048/5 7049/7049/5
f 7045/7045/6 7044/7044/6 7043/7043/6
f 7045/7045/6 7043/7043/6 7042/7042/6
f 7050/7050/65 7051/7051/65 7055/7055/65
f 7050/7050/65 7055/7055/65 7054/7054/65
f 7051/7051/64 7052/7052/64 7056/7056/64
f 7051/7051/64 7056/7056/64 7055/7055/64
f 7052/7052/63 7053/7053/63 7057/7057/63
f 7052/7052/63 7057/7057/63 7056/7056/63
f 7053/7053/66 7050/7050/66 7054/7054/66
f 7053/7053/66 7054/7054/66 7057/7057/66
f 7054/7054/5 7055/7055/5 7056/7056/5
f 7054/7054/5 7056/7056/5 7057/7057/5
f 7053/7053/6 7052/7052/6 7051/7051/6
f 7053/7053/6 7051/7051/6 7050/7050/6
f 7058/7058/66 7059/7059/66 7063/7063/66
f 7058/7058/66 7063/7063/66 7062/7062/66
f 7059/7059/65 7060/7060/65 7064/7064/65
f 7059/7059/65 7064/7064/65 7063/7063/65
f 7060/7060/64 7061/7061/64 7065/7065/64
f 7060/7060/64 7065/7065/64 7064/7064/64
f 7061/7061/63 7058/7058/63 7062/7062/63
f 7061/7061/63 7062/7062/63 7065/7065/63
f 7062/7062/5 7063/7063/5 7064/7064/5
f 7062/7062/5 7064/7064/5 7065/7065/5
f 7061/7061/6 7060/7060/6 7059/7059/6
f 7061/7061/6 7059/7059/6 7058/7058/6
f 7066/7066/66 7067/7067/66 7071/7071/66
f 7066/7066/66 7071/7071/66 7070/7070/66
f 7067/7067/65 7068/7068/65 7072/7072/65
f 7067/7067/65 7072/7072/65 7071/7071/65
f 7068/7068/64 7069/7069/64 7073/7073/64
f 7068/7068/64 7073/7073/64 7072/7072/64
f 7069/7069/63 7066/7066/63 7070/7070/63
f 7069/7069/63 7070/7070/63 7073/7073/63
f 7070/7070/5 7071/7071/5 7072/7072/5
f 7070/7070/5 7072/7072/5 7073/7073/5
f 7069/7069/6 7068/7068/6 7067/7067/6
f 7069/7069/6 7067/7067/6 7066/7066/6
f 7074/7074/63 7075/7075/63 7079/7079/63
f 7074/7074/63 7079/7079/63 7078/7078/63
f 7075/7075/66 7076/7076/66 7080/7080/66
f 7075/7075/66 7080/7080/66 7079/7079/66
f 7076/7076/65 7077/7077/65 7081/7081/65
f 7076/7076/65 7081/7081/65 7080/7080/65
f 7077/7077/64 7074/7074/64 7078/7078/64
f 7077/7077/64 7078/7078/64 7081/7081/64
f 7078/7078/5 7079/7079/5 7080/7080/5
f 7078/7078/5 7080/7080/5 7081/7081/5
f 7077/7077/6 7076/7076/6 7075/7075/6
f 7077/7077/6 7075/7075/6 7074/7074/6
f 7082/7082/66 7083/7083/66 7087/7087/66
f 7082/7082/66 7087/7087/66 7086/7086/66
f 7083/7083/65 7084/7084/65 7088/7088/65
f 7083/7083/65 7088/7088/65 7087/7087/65
f 7084/7084/64 7085/7085/64 7089/7089/64
f 7084/7084/64 7089/7089/64 7088/7088/64
f 7085/7085/63 7082/7082/63 7086/7086/63
f 7085/7085/63 7086/7086/63 7089/7089/63
f 7086/7086/5 7087/7087/5 7088/7088/5
f 7086/7086/5 7088/7088/5 7089/7089/5
f 7085/7085/6 7084/7084/6 7083/7083/6
f 7085/7085/6 7083/7083/6 7082/7082/6
f 7090/7090/63 7091/7091/63 7095/7095/63
f 7090/7090/63 7095/7095/63 7094/7094/63
f 7091/7091/66 7092/7092/66 7096/7096/66
f 7091/7091/66 7096/7096/66 7095/7095/66
f 7092/7092/65 7093/7093/65 7097/7097/65
f 7092/7092/65 7097/7097/65 7096/7096/65
f 7093/7093/64 7090/7090/64 7094/7094/64
f 7093/7093/64 7094/7094/64 7097/7097/64
f 7094/7094/5 7095/7095/5 7096/7096/5
f 7094/7094/5 7096/7096/5 7097/7097/5
f 7093/7093/6 7092/7092/6 7091/7091/6
f 7093/7093/6 7091/7091/6 7090/7090/6
f 7098/7098/63 7099/7099/63 7103/7103/63
f 7098/7098/63 7103/7103/63 7102/7102/63
f 7099/7099/66 7100/7100/66 7104/7104/66
f 7099/7099/66 7104/7104/66 7103/7103/66
f 7100/7100/65 7101/7101/65 7105/7105/65
f 7100/7100/65 7105/7105/65 7104/7104/65
f 7101/7101/64 7098/7098/64 7102/7102/64
f 7101/7101/64 7102/7102/64 7105/7105/64
f 7102/7102/5 7103/7103/5 7104/7104/5
f 7102/7102/5 7104/7104/5 7105/7105/5
f 7101/7101/6 7100/7100/6 7099/7099/6
f 7101/7101/6 7099/7099/6 7098/7098/6
f 7106/7106/64 7107/7107/64 7111/7111/64
f 7106/7106/64 7111/7111/64 7110/7110/64
f 7107/7107/63 7108/7108/63 7112/7112/63
f 7107/7107/63 7112/7112/63 7111/7111/63
f 7108/7108/66 7109/7109/66 7113/7113/66
f 7108/7108/66 7113/7113/66 7112/7112/66
f 7109/7109/65 7106/7106/65 7110/7110/65
f 7109/7109/65 7110/7110/65 7113/7113/65
f 7110/7110/5 7111/7111/5 7112/7112/5
f 7110/7110/5 7112/7112/5 7113/7113/5
f 7109/7109/6 7108/7108/6 7107/7107/6
f 7109/7109/6 7107/7107/6 7106/7106/6
f 7114/7114/63 7115/7115/63 7119/7119/63
f 7114/7114/63 7119/7119/63 7118/7118/63
f 7115/7115/66 7116/7116/66 7120/7120/66
f 7115/7115/66 7120/7120/66 7119/7119/66
f 7116/7116/65 7117/7117/65 7121/7121/65
f 7116/7116/65 7121/7121/65 7120/7120/65
f 7117/7117/64 7114/7114/64 7118/7118/64
f 7117/7117/64 7118/7118/64 7121/7121/64
f 7118/7118/5 7119/7119/5 7120/7120/5
f 7118/7118/5 7120/7120/5 7121/7121/5
f 7117/7117/6 7116/7116/6 7115/7115/6
f 7117/7117/6 7115/7115/6 7114/7114/6
f 7122/7122/64 7123/7123/64 7127/7127/64
f 7122/7122/64 7127/7127/64 7126/7126/64
f 7123/7123/63 7124/7124/63 7128/7128/63
f 7123/7123/63 7128/7128/63 7127/7127/63
f 7124/7124/66 7125/7125/66 7129/7129/66
f 7124/7124/66 7129/7129/66 7128/7128/66
f 7125/7125/65 7122/7122/65 7126/7126/65
f 7125/7125/65 7126/7126/65 7129/7129/65
f 7126/7126/5 7127/7127/5 7128/7128/5
f 7126/7126/5 7128/7128/5 7129/7129/5
f 7125/7125/6 7124/7124/6 7123/7123/6
f 7125/7125/6 7123/7123/6 7122/7122/6
f 7130/7130/125 7135/7135/125 7131/7131/125
f 7130/7130/125 7134/7134/125 7135/7135/125
f 7131/7131/126 7136/7136/126 7132/7132/126
f 7131/7131/126 7135/7135/126 7136/7136/126
f 7132/7132/127 7137/7137/127 7133/7133/127
f 7132/7132/127 7136/7136/127 7137/7137/127
f 7133/7133/128 7134/7134/128 7130/7130/128
f 7133/7133/128 7137/7137/128 7134/7134/128
f 7134/7134/5 7136/7136/5 7135/7135/5
f 7134/7134/5 7137/7137/5 7136/7136/5
f 7133/7133/6 7131/7131/6 7132/7132/6
f 7133/7133/6 7130/7130/6 7131/7131/6
f 7138/7138/6 7143/7143/6 7139/7139/6
f 7138/7138/6 7142/7142/6 7143/7143/6
f 7147/7147/5 7150/7150/5 7146/7146/5
f 7147/7147/5 7151/7151/5 7150/7150/5
f 7142/7142/125 7151/7151/125 7143/7143/125
f 7142/7142/125 7150/7150/125 7151/7151/125
f 7139/7139/127 7146/7146/127 7138/7138/127
f 7139/7139/127 7147/7147/127 7146/7146/127
f 7139/7139/126 7144/7144/126 7140/7140/126
f 7139/7139/126 7143/7143/126 7144/7144/126
f 7148/7148/128 7151/7151/128 7147/7147/128
f 7148/7148/128 7152/7152/128 7151/7151/128
f 7143/7143/125 7152/7152/125 7144/7144/125
f 7143/7143/125 7151/7151/125 7152/7152/125
f 7140/7140/127 7147/7147/127 7139/7139/127
f 7140/7140/127 7148/7148/127 7147/7147/127
f 7140/7140/5 7145/7145/5 7141/7141/5
f 7140/7140/5 7144/7144/5 7145/7145/5
f 7149/7149/6 7152/7152/6 7148/7148/6
f 7149/7149/6 7153/7153/6 7152/7152/6
f 7144/7144/125 7153/7153/125 7145/7145/125
f 7144/7144/125 7152/7152/125 7153/7153/125
f 7141/7141/127 7148/7148/127 7140/7140/127
f 7141/7141/127 7149/7149/127 7148/7148/127
f 7141/7141/128 7142/7142/128 7138/7138/128
f 7141/7141/128 7145/7145/128 7142/7142/128
f 7146/7146/126 7153/7153/126 7149/7149/126
f 7146/7146/126 7150/7150/126 7153/7153/126
f 7145/7145/125 7150/7150/125 7142/7142/125
f 7145/7145/125 7153/7153/125 7150/7150/125
f 7138/7138/127 7149/7149/127 7141/7141/127
f 7138/7138/127 7146/7146/127 7149/7149/127
f 7154/7154/127 7155/7155/127 7159/7159/127
f 7154/7154/127 7159/7159/127 7158/7158/127
f 7155/7155/126 7156/7156/126 7160/7160/126
f 7155/7155/126 7160/7160/126 7159/7159/126
f 7156/7156/125 7157/7157/125 7161/7161/125
f 7156/7156/125 7161/7161/125 7160/7160/125
f 7157/7157/128 7154/7154/128 7158/7158/128
f 7157/7157/128 7158/7158/128 7161/7161/128
f 7158/7158/5 7159/7159/5 7160/7160/5
f 7158/7158/5 7160/7160/5 7161/7161/5
f 7157/7157/6 7156/7156/6 7155/7155/6
f 7157/7157/6 7155/7155/6 7154/7154/6
f 7162/7162/6 7167/7167/6 7163/7163/6
f 7162/7162/6 7166/7166/6 7167/7167/6
f 7171/7171/5 7174/7174/5 7170/7170/5
f 7171/7171/5 7175/7175/5 7174/7174/5
f 7166/7166/126 7175/7175/126 7167/7167/126
f 7166/7166/126 7174/7174/126 7175/7175/126
f 7163/7163/128 7170/7170/128 7162/7162/128
f 7163/7163/128 7171/7171/128 7170/7170/128
f 7163/7163/127 7168/7168/127 7164/7164/127
f 7163/7163/127 7167/7167/127 7168/7168/127
f 7172/7172/125 7175/7175/125 7171/7171/125
f 7172/7172/125 7176/7176/125 7175/7175/125
f 7167/7167/126 7176/7176/126 7168/7168/126
f 7167/7167/126 7175/7175/126 7176/7176/126
f 7164/7164/128 7171/7171/128 7163/7163/128
f 7164/7164/128 7172/7172/128 7171/7171/128
f 7164/7164/5 7169/7169/5 7165/7165/5
f 7164/7164/5 7168/7168/5 7169/7169/5
f 7173/7173/6 7176/7176/6 7172/7172/6
f 7173/7173/6 7177/7177/6 7176/7176/6
f 7168/7168/126 7177/7177/126 7169/7169/126
f 7168/7168/126 7176/7176/126 7177/7177/126
f 7165/7165/128 7172/7172/128 7164/7164/128
f 7165/7165/128 7173/7173/128 7172/7172/128
f 7165/7165/125 7166/7166/125 7162/7162/125
f 7165/7165/125 7169/7169/125 7166/7166/125
f 7170/7170/127 7177/7177/127 7173/7173/127
f 7170/7170/127 7174/7174/127 7177/7177/127
f 7169/7169/126 7174/7174/126 7166/7166/126
f 7169/7169/126 7177/7177/126 7174/7174/126
f 7162/7162/128 7173/7173/128 7165/7165/128
f 7162/7162/128 7170/7170/128 7173/7173/128
f 7178/7178/6 7183/7183/6 7179/7179/6
f 7178/7178/6 7182/7182/6 7183/7183/6
f 7187/7187/5 7190/7190/5 7186/7186/5
f 7187/7187/5 7191/7191/5 7190/7190/5
f 7182/7182/127 7191/7191/127 7183/7183/127
f 7182/7182/127 7190/7190/127 7191/7191/127
f 7179/7179/125 7186/7186/125 7178/7178/125
f 7179/7179/125 7187/7187/125 7186/7186/125
f 7179/7179/128 7184/7184/128 7180/7180/128
f 7179/7179/128 7183/7183/128 7184/7184/128
f 7188/7188/126 7191/7191/126 7187/7187/126
f 7188/7188/126 7192/7192/126 7191/7191/126
f 7183/7183/127 7192/7192/127 7184/7184/127
f 7183/7183/127 7191/7191/127 7192/7192/127
f 7180/7180/125 7187/7187/125 7179/7179/125
f 7180/7180/125 7188/7188/125 7187/7187/125
f 7180/7180/5 7185/7185/5 7181/7181/5
f 7180/7180/5 7184/7184/5 7185/7185/5
f 7189/7189/6 7192/7192/6 7188/7188/6
f 7189/7189/6 7193/7193/6 7192/7192/6
f 7184/7184/127 7193/7193/127 7185/7185/127
f 7184/7184/127 7192/7192/127 7193/7193/127
f 7181/7181/125 7188/7188/125 7180/7180/125
f 7181/7181/125 7189/7189/125 7188/7188/125
f 7181/7181/126 7182/7182/126 7178/7178/126
f 7181/7181/126 7185/7185/126 7182/7182/126
f 7186/7186/128 7193/7193/128 7189/7189/128
f 7186/7186/128 7190/7190/128 7193/7193/128
f 7185/7185/127 7190/7190/127 7182/7182/127
f 7185/7185/127 7193/7193/127 7190/7190/127
f 7178/7178/125 7189/7189/125 7181/7181/125
f 7178/7178/125 7186/7186/125 7189/7189/125
f 7194/7194/6 7199/7199/6 7195/7195/6
f 7194/7194/6 7198/7198/6 7199/7199/6
f 7203/7203/5 7206/7206/5 7202/7202/5
f 7203/7203/5 7207/7207/5 7206/7206/5
f 7198/7198/128 7207/7207/128 7199/7199/128
f 7198/7198/128 7206/7206/128 7207/7207/128
f 7195/7195/126 7202/7202/126 7194/7194/126
f 7195/7195/126 7203/7203/126 7202/7202/126
f 7195/7195/125 7200/7200/125 7196/7196/125
f 7195/7195/125 7199/7199/125 7200/7200/125
f 7204/7204/127 7207/7207/127 7203/7203/127
f 7204/7204/127 7208/7208/127 7207/7207/127
f 7199/7199/128 7208/7208/128 7200/7200/128
f 7199/7199/128 7207/7207/128 7208/7208/128
f 7196/7196/126 7203/7203/126 7195/7195/126
f 7196/7196/126 7204/7204/126 7203/7203/126
f 7196/7196/5 7201/7201/5 7197/7197/5
f 7196/7196/5 7200/7200/5 7201/7201/5
f 7205/7205/6 7208/7208/6 7204/7204/6
f 7205/7205/6 7209/7209/6 7208/7208/6
f 7200/7200/128 7209/7209/128 7201/7201/128
f 7200/7200/128 7208/7208/128 7209/7209/128
f 7197/7197/126 7204/7204/126 7196/7196/126
f 7197/7197/126 7205/7205/126 7204/7204/126
f 7197/7197/127 7198/7198/127 7194/7194/127
f 7197/7197/127 7201/7201/127 7198/7198/127
f 7202/7202/125 7209/7209/125 7205/7205/125
f 7202/7202/125 7206/7206/125 7209/7209/125
f 7201/7201/128 7206/7206/128 7198/7198/128
f 7201/7201/128 7209/7209/128 7206/7206/128
f 7194/7194/126 7205/7205/126 7197/7197/126
f 7194/7194/126 7202/7202/126 7205/7205/126
f 7210/7210/125 7215/7215/125 7211/7211/125
f 7210/7210/125 7214/7214/125 7215/7215/125
f 7219/7219/127 7222/7222/127 7218/7218/127
f 7219/7219/127 7223/7223/127 7222/7222/127
f 7214/7214/5 7223/7223/5 7215/7215/5
f 7214/7214/5 7222/7222/5 7223/7223/5
f 7211/7211/6 7218/7218/6 7210/7210/6
f 7211/7211/6 7219/7219/6 7218/7218/6
f 7211/7211/126 7216/7216/126 7212/7212/126
f 7211/7211/126 7215/7215/126 7216/7216/126
f 7220/7220/128 7223/7223/128 7219/7219/128
f 7220/7220/128 7224/7224/128 7223/7223/128
f 7215/7215/5 7224/7224/5 7216/7216/5
f 7215/7215/5 7223/7223/5 7224/7224/5
f 7212/7212/6 7219/7219/6 7211/7211/6
f 7212/7212/6 7220/7220/6 7219/7219/6
f 7212/7212/127 7217/7217/127 7213/7213/127
f 7212/7212/127 7216/7216/127 7217/7217/127
f 7221/7221/125 7224/7224/125 7220/7220/125
f 7221/7221/125 7225/7225/125 7224/7224/125
f 7216/7216/5 7225/7225/5 7217/7217/5
f 7216/7216/5 7224/7224/5 7225/7225/5
f 7213/7213/6 7220/7220/6 7212/7212/6
f 7213/7213/6 7221/7221/6 7220/7220/6
f 7213/7213/128 7214/7214/128 7210/7210/128
f 7213/7213/128 7217/7217/128 7214/7214/128
f 7218/7218/126 7225/7225/126 7221/7221/126
f 7218/7218/126 7222/7222/126 7225/7225/126
f 7217/7217/5 7222/7222/5 7214/7214/5
f 7217/7217/5 7225/7225/5 7222/7222/5
f 7210/7210/6 7221/7221/6 7213/7213/6
f 7210/7210/6 7218/7218/6 7221/7221/6
f 7226/7226/125 7231/7231/125 7227/7227/125
f 7226/7226/125 7230/7230/125 7231/7231/125
f 7235/7235/127 7238/7238/127 7234/7234/127
f 7235/7235/127 7239/7239/127 7238/7238/127
f 7230/7230/5 7239/7239/5 7231/7231/5
f 7230/7230/5 7238/7238/5 7239/7239/5
f 7227/7227/6 7234/7234/6 7226/7226/6
f 7227/7227/6 7235/7235/6 7234/7234/6
f 7227/7227/126 7232/7232/126 7228/7228/126
f 7227/7227/126 7231/7231/126 7232/7232/126
f 7236/7236/128 7239/7239/128 7235/7235/128
f 7236/7236/128 7240/7240/128 7239/7239/128
f 7231/7231/5 7240/7240/5 7232/7232/5
f 7231/7231/5 7239/7239/5 7240/7240/5
f 7228/7228/6 7235/7235/6 7227/7227/6
f 7228/7228/6 7236/7236/6 7235/7235/6
f 7228/7228/127 7233/7233/127 7229/7229/127
f 7228/7228/127 7232/7232/127 7233/7233/127
f 7237/7237/125 7240/7240/125 7236/7236/125
f 7237/7237/125 7241/7241/125 7240/7240/125
f 7232/7232/5 7241/7241/5 7233/7233/5
f 7232/7232/5 7240/7240/5 7241/7241/5
f 7229/7229/6 7236/7236/6 7228/7228/6
f 7229/7229/6 7237/7237/6 7236/7236/6
f 7229/7229/128 7230/7230/128 7226/7226/128
f 7229/7229/128 7233/7233/128 7230/7230/128
f 7234/7234/126 7241/7241/126 7237/7237/126
f 7234/7234/126 7238/7238/126 7241/7241/126
f 7233/7233/5 7238/7238/5 7230/7230/5
f 7233/7233/5 7241/7241/5 7238/7238/5
f 7226/7226/6 7237/7237/6 7229/7229/6
f 7226/7226/6 7234/7234/6 7237/7237/6
f 7242/7242/125 7247/7247/125 7243/7243/125
f 7242/7242/125 7246/7246/125 7247/7247/125
f 7251/7251/127 7254/7254/127 7250/7250/127
f 7251/7251/127 7255/7255/127 7254/7254/127
f 7246/7246/5 7255/7255/5 7247/7247/5
f 7246/7246/5 7254/7254/5 7255/7255/5
f 7243/7243/6 7250/7250/6 7242/7242/6
f 7243/7243/6 7251/7251/6 7250/7250/6
f 7243/7243/126 7248/7248/126 7244/7244/126
f 7243/7243/126 7247/7247/126 7248/7248/126
f 7252/7252/128 7255/7255/128 7251/7251/128
f 7252/7252/128 7256/7256/128 7255/7255/128
f 7247/7247/5 7256/7256/5 7248/7248/5
f 7247/7247/5 7255/7255/5 7256/7256/5
f 7244/7244/6 7251/7251/6 7243/7243/6
f 7244/7244/6 7252/7252/6 7251/7251/6
f 7244/7244/127 7249/7249/127 7245/7245/127
f 7244/7244/127 7248/7248/127 7249/7249/127
f 7253/7253/125 7256/7256/125 7252/7252/125
f 7253/7253/125 7257/7257/125 7256/7256/125
f 7248/7248/5 7257/7257/5 7249/7249/5
f 7248/7248/5 7256/7256/5 7257/7257/5
f 7245/7245/6 7252/7252/6 7244/7244/6
f 7245/7245/6 7253/7253/6 7252/7252/6
f 7245/7245/128 7246/7246/128 7242/7242/128
f 7245/7245/128 7249/7249/128 7246/7246/128
f 7250/7250/126 7257/7257/126 7253/7253/126
f 7250/7250/126 7254/7254/126 7257/7257/126
f 7249/7249/5 7254/7254/5 7246/7246/5
f 7249/7249/5 7257/7257/5 7254/7254/5
f 7242/7242/6 7253/7253/6 7245/7245/6
f 7242/7242/6 7250/7250/6 7253/7253/6
f 7258/7258/126 7259/7259/126 7263/7263/126
f 7258/7258/126 7263/7263/126 7262/7262/126
f 7259/7259/125 7260/7260/125 7264/7264/125
f 7259/7259/125 7264/7264/125 7263/7263/125
f 7260/7260/128 7261/7261/128 7265/7265/128
f 7260/7260/128 7265/7265/128 7264/7264/128
f 7261/7261/127 7258/7258/127 7262/7262/127
f 7261/7261/127 7262/7262/127 7265/7265/127
f 7262/7262/5 7263/7263/5 7264/7264/5
f 7262/7262/5 7264/7264/5 7265/7265/5
f 7261/7261/6 7260/7260/6 7259/7259/6
f 7261/7261/6 7259/7259/6 7258/7258/6
f 7266/7266/127 7267/7267/127 7271/7271/127
f 7266/7266/127 7271/7271/127 7270/7270/127
f 7267/7267/126 7268/7268/126 7272/7272/126
f 7267/7267/126 7272/7272/126 7271/7271/126
f 7268/7268/125 7269/7269/125 7273/7273/125
f 7268/7268/125 7273/7273/125 7272/7272/125
f 7269/7269/128 7266/7266/128 7270/7270/128
f 7269/7269/128 7270/7270/128 7273/7273/128
f 7270/7270/5 7271/7271/5 7272/7272/5
f 7270/7270/5 7272/7272/5 7273/7273/5
f 7269/7269/6 7268/7268/6 7267/7267/6
f 7269/7269/6 7267/7267/6 7266/7266/6
f 7274/7274/126 7275/7275/126 7279/7279/126
f 7274/7274/126 7279/7279/126 7278/7278/126
f 7275/7275/125 7276/7276/125 7280/7280/125
f 7275/7275/125 7280/7280/125 7279/7279/125
f 7276/7276/128 7277/7277/128 7281/7281/128
f 7276/7276/128 7281/7281/128 7280/7280/128
f 7277/7277/127 7274/7274/127 7278/7278/127
f 7277/7277/127 7278/7278/127 7281/7281/127
f 7278/7278/5 7279/7279/5 7280/7280/5
f 7278/7278/5 7280/7280/5 7281/7281/5
f 7277/7277/6 7276/7276/6 7275/7275/6
f 7277/7277/6 7275/7275/6 7274/7274/6
f 7282/7282/127 7283/7283/127 7287/7287/127
f 7282/7282/127 7287/7287/127 7286/7286/127
f 7283/7283/126 7284/7284/126 7288/7288/126
f 7283/7283/126 7288/7288/126 7287/7287/126
f 7284/7284/125 7285/7285/125 7289/7289/125
f 7284/7284/125 7289/7289/125 7288/7288/125
f 7285/7285/128 7282/7282/128 7286/7286/128
f 7285/7285/128 7286/7286/128 7289/7289/128
f 7286/7286/5 7287/7287/5 7288/7288/5
f 7286/7286/5 7288/7288/5 7289/7289/5
f 7285/7285/6 7284/7284/6 7283/7283/6
f 7285/7285/6 7283/7283/6 7282/7282/6
f 7290/7290/127 7291/7291/127 7295/7295/127
f 7290/7290/127 7295/7295/127 7294/7294/127
f 7291/7291/126 7292/7292/126 7296/7296/126
f 7291/7291/126 7296/7296/126 7295/7295/126
f 7292/7292/125 7293/7293/125 7297/7297/125
f 7292/7292/125 7297/7297/125 7296/7296/125
f 7293/7293/128 7290/7290/128 7294/7294/128
f 7293/7293/128 7294/7294/128 7297/7297/128
f 7294/7294/5 7295/7295/5 7296/7296/5
f 7294/7294/5 7296/7296/5 7297/7297/5
f 7293/7293/6 7292/7292/6 7291/7291/6
f 7293/7293/6 7291/7291/6 7290/7290/6
f 7298/7298/128 7299/7299/128 7303/7303/128
f 7298/7298/128 7303/7303/128 7302/7302/128
f 7299/7299/127 7300/7300/127 7304/7304/127
f 7299/7299/127 7304/7304/127 7303/7303/127
f 7300/7300/126 7301/7301/126 7305/7305/126
f 7300/7300/126 7305/7305/126 7304/7304/126
f 7301/7301/125 7298/7298/125 7302/7302/125
f 7301/7301/125 7302/7302/125 7305/7305/125
f 7302/7302/5 7303/7303/5 7304/7304/5
f 7302/7302/5 7304/7304/5 7305/7305/5
f 7301/7301/6 7300/7300/6 7299/7299/6
f 7301/7301/6 7299/7299/6 7298/7298/6
f 7306/7306/127 7307/7307/127 7311/7311/127
f 7306/7306/127 7311/7311/127 7310/7310/127
f 7307/7307/126 7308/7308/126 7312/7312/126
f 7307/7307/126 7312/7312/126 7311/7311/126
f 7308/7308/125 7309/7309/125 7313/7313/125
f 7308/7308/125 7313/7313/125 7312/7312/125
f 7309/7309/128 7306/7306/128 7310/7310/128
f 7309/7309/128 7310/7310/128 7313/7313/128
f 7310/7310/5 7311/7311/5 7312/7312/5
f 7310/7310/5 7312/7312/5 7313/7313/5
f 7309/7309/6 7308/7308/6 7307/7307/6
f 7309/7309/6 7307/7307/6 7306/7306/6
f 7314/7314/128 7315/7315/128 7319/7319/128
f 7314/7314/128 7319/7319/128 7318/7318/128
f 7315/7315/127 7316/7316/127 7320/7320/127
f 7315/7315/127 7320/7320/127 7319/7319/127
f 7316/7316/126 7317/7317/126 7321/7321/126
f 7316/7316/126 7321/7321/126 7320/7320/126
f 7317/7317/125 7314/7314/125 7318/7318/125
f 7317/7317/125 7318/7318/125 7321/7321/125
f 7318/7318/5 7319/7319/5 7320/7320/5
f 7318/7318/5 7320/7320/5 7321/7321/5
f 7317/7317/6 7316/7316/6 7315/7315/6
f 7317/7317/6 7315/7315/6 7314/7314/6
f 7322/7322/128 7323/7323/128 7327/7327/128
f 7322/7322/128 7327/7327/128 7326/7326/128
f 7323/7323/127 7324/7324/127 7328/7328/127
f 7323/7323/127 7328/7328/127 7327/7327/127
f 7324/7324/126 7325/7325/126 7329/7329/126
f 7324/7324/126 7329/7329/126 7328/7328/126
f 7325/7325/125 7322/7322/125 7326/7326/125
f 7325/7325/125 7326/7326/125 7329/7329/125
f 7326/7326/5 7327/7327/5 7328/7328/5
f 7326/7326/5 7328/7328/5 7329/7329/5
f 7325/7325/6 7324/7324/6 7323/7323/6
f 7325/7325/6 7323/7323/6 7322/7322/6
f 7330/7330/125 7331/7331/125 7335/7335/125
f 7330/7330/125 7335/7335/125 7334/7334/125
f 7331/7331/128 7332/7332/128 7336/7336/128
f 7331/7331/128 7336/7336/128 7335/7335/128
f 7332/7332/127 7333/7333/127 7337/7337/127
f 7332/7332/127 7337/7337/127 7336/7336/127
f 7333/7333/126 7330/7330/126 7334/7334/126
f 7333/7333/126 7334/7334/126 7337/7337/126
f 7334/7334/5 7335/7335/5 7336/7336/5
f 7334/7334/5 7336/7336/5 7337/7337/5
f 7333/7333/6 7332/7332/6 7331/7331/6
f 7333/7333/6 7331/7331/6 7330/7330/6
f 7338/7338/128 7339/7339/128 7343/7343/128
f 7338/7338/128 7343/7343/128 7342/7342/128
f 7339/7339/127 7340/7340/127 7344/7344/127
f 7339/7339/127 7344/7344/127 7343/7343/127
f 7340/7340/126 7341/7341/126 7345/7345/126
f 7340/7340/126 7345/7345/126 7344/7344/126
f 7341/7341/125 7338/7338/125 7342/7342/125
f 7341/7341/125 7342/7342/125 7345/7345/125
f 7342/7342/5 7343/7343/5 7344/7344/5
f 7342/7342/5 7344/7344/5 7345/7345/5
f 7341/7341/6 7340/7340/6 7339/7339/6
f 7341/7341/6 7339/7339/6 7338/7338/6
f 7346/7346/125 7347/7347/125 7351/7351/125
f 7346/7346/125 7351/7351/125 7350/7350/125
f 7347/7347/128 7348/7348/128 7352/7352/128
f 7347/7347/128 7352/7352/128 7351/7351/128
f 7348/7348/127 7349/7349/127 7353/7353/127
f 7348/7348/127 7353/7353/127 7352/7352/127
f 7349/7349/126 7346/7346/126 7350/7350/126
f 7349/7349/126 7350/7350/126 7353/7353/126
f 7350/7350/5 7351/7351/5 7352/7352/5
f 7350/7350/5 7352/7352/5 7353/7353/5
f 7349/7349/6 7348/7348/6 7347/7347/6
f 7349/7349/6 7347/7347/6 7346/7346/6
f 7354/7354/125 7355/7355/125 7359/7359/125
f 7354/7354/125 7359/7359/125 7358/7358/125
f 7355/7355/128 7356/7356/128 7360/7360/128
f 7355/7355/128 7360/7360/128 7359/7359/128
f 7356/7356/127 7357/7357/127 7361/7361/127
f 7356/7356/127 7361/7361/127 7360/7360/127
f 7357/7357/126 7354/7354/126 7358/7358/126
f 7357/7357/126 7358/7358/126 7361/7361/126
f 7358/7358/5 7359/7359/5 7360/7360/5
f 7358/7358/5 7360/7360/5 7361/7361/5
f 7357/7357/6 7356/7356/6 7355/7355/6
f 7357/7357/6 7355/7355/6 7354/7354/6
f 7362/7362/126 7363/7363/126 7367/7367/126
f 7362/7362/126 7367/7367/126 7366/7366/126
f 7363/7363/125 7364/7364/125 7368/7368/125
f 7363/7363/125 7368/7368/125 7367/7367/125
f 7364/7364/128 7365/7365/128 7369/7369/128
f 7364/7364/128 7369/7369/128 7368/7368/128
f 7365/7365/127 7362/7362/127 7366/7366/127
f 7365/7365/127 7366/7366/127 7369/7369/127
f 7366/7366/5 7367/7367/5 7368/7368/5
f 7366/7366/5 7368/7368/5 7369/7369/5
f 7365/7365/6 7364/7364/6 7363/7363/6
f 7365/7365/6 7363/7363/6 7362/7362/6
f 7370/7370/125 7371/7371/125 7375/7375/125
f 7370/7370/125 7375/7375/125 7374/7374/125
f 7371/7371/128 7372/7372/128 7376/7376/128
f 7371/7371/128 7376/7376/128 7375/7375/128
f 7372/7372/127 7373/7373/127 7377/7377/127
f 7372/7372/127 7377/7377/127 7376/7376/127
f 7373/7373/126 7370/7370/126 7374/7374/126
f 7373/7373/126 7374/7374/126 7377/7377/126
f 7374/7374/5 7375/7375/5 7376/7376/5
f 7374/7374/5 7376/7376/5 7377/7377/5
f 7373/7373/6 7372/7372/6 7371/7371/6
f 7373/7373/6 7371/7371/6 7370/7370/6
f 7378/7378/126 7379/7379/126 7383/7383/126
f 7378/7378/126 7383/7383/126 7382/7382/126
f 7379/7379/125 7380/7380/125 7384/7384/125
f 7379/7379/125 7384/7384/125 7383/7383/125
f 7380/7380/128 7381/7381/128 7385/7385/128
f 7380/7380/128 7385/7385/128 7384/7384/128
f 7381/7381/127 7378/7378/127 7382/7382/127
f 7381/7381/127 7382/7382/127 7385/7385/127
f 7382/7382/5 7383/7383/5 7384/7384/5
f 7382/7382/5 7384/7384/5 7385/7385/5
f 7381/7381/6 7380/7380/6 7379/7379/6
f 7381/7381/6 7379/7379/6 7378/7378/6
f 7386/7386/63 7391/7391/63 7387/7387/63
f 7386/7386/63 7390/7390/63 7391/7391/63
f 7387/7387/64 7392/7392/64 7388/7388/64
f 7387/7387/64 7391/7391/64 7392/7392/64
f 7388/7388/65 7393/7393/65 7389/7389/65
f 7388/7388/65 7392/7392/65 7393/7393/65
f 7389/7389/66 7390/7390/66 7386/7386/66
f 7389/7389/66 7393/7393/66 7390/7390/66
f 7390/7390/5 7392/7392/5 7391/7391/5
f 7390/7390/5 7393/7393/5 7392/7392/5
f 7389/7389/6 7387/7387/6 7388/7388/6
f 7389/7389/6 7386/7386/6 7387/7387/6
f 7394/7394/6 7399/7399/6 7395/7395/6
f 7394/7394/6 7398/7398/6 7399/7399/6
f 7403/7403/5 7406/7406/5 7402/7402/5
f 7403/7403/5 7407/7407/5 7406/7406/5
f 7398/7398/63 7407/7407/63 7399/7399/63
f 7398/7398/63 7406/7406/63 7407/7407/63
f 7395/7395/65 7402/7402/65 7394/7394/65
f 7395/7395/65 7403/7403/65 7402/7402/65
f 7395/7395/64 7400/7400/64 7396/7396/64
f 7395/7395/64 7399/7399/64 7400/7400/64
f 7404/7404/66 7407/7407/66 7403/7403/66
f 7404/7404/66 7408/7408/66 7407/7407/66
f 7399/7399/63 7408/7408/63 7400/7400/63
f 7399/7399/63 7407/7407/63 7408/7408/63
f 7396/7396/65 7403/7403/65 7395/7395/65
f 7396/7396/65 7404/7404/65 7403/7403/65
f 7396/7396/5 7401/7401/5 7397/7397/5
f 7396/7396/5 7400/7400/5 7401/7401/5
f 7405/7405/6 7408/7408/6 7404/7404/6
f 7405/7405/6 7409/7409/6 7408/7408/6
f 7400/7400/63 7409/7409/63 7401/7401/63
f 7400/7400/63 7408/7408/63 7409/7409/63
f 7397/7397/65 7404/7404/65 7396/7396/65
f 7397/7397/65 7405/7405/65 7404/7404/65
f 7397/7397/66 7398/7398/66 7394/7394/66
f 7397/7397/66 7401/7401/66 7398/7398/66
f 7402/7402/64 7409/7409/64 7405/7405/64
f 7402/7402/64 7406/7406/64 7409/7409/64
f 7401/7401/63 7406/7406/63 7398/7398/63
f 7401/7401/63 7409/7409/63 7406/7406/63
f 7394/7394/65 7405/7405/65 7397/7397/65
f 7394/7394/65 7402/7402/65 7405/7405/65
f 7410/7410/6 7417/7417/6 7411/7411/6
f 7410/7410/6 7416/7416/6 7417/7417/6
f 7423/7423/5 7428/7428/5 7422/7422/5
f 7423/7423/5 7429/7429/5 7428/7428/5
f 7416/7416/63 7429/7429/63 7417/7417/63
f 7416/7416/63 7428/7428/63 7429/7429/63
f 7411/7411/65 7422/7422/65 7410/7410/65
f 7411/7411/65 7423/7423/65 7422/7422/65
f 7411/7411/64 7418/7418/64 7412/7412/64
f 7411/7411/64 7417/7417/64 7418/7418/64
f 7424/7424/66 7429/7429/66 7423/7423/66
f 7424/7424/66 7430/7430/66 7429/7429/66
f 7417/7417/63 7430/7430/63 7418/7418/63
f 7417/7417/63 7429/7429/63 7430/7430/63
f 7412/7412/65 7423/7423/65 7411/7411/65
f 7412/7412/65 7424/7424/65 7423/7423/65
f 7412/7412/111 7419/7419/111 7413/7413/111
f 7412/7412/111 7418/7418/111 7419/7419/111
f 7425/7425/112 7430/7430/112 7424/7424/112
f 7425/7425/112 7431/7431/112 7430/7430/112
f 7418/7418/63 7431/7431/63 7419/7419/63
f 7418/7418/63 7430/7430/63 7431/7431/63
f 7413/7413/65 7424/7424/65 7412/7412/65
f 7413/7413/65 7425/7425/65 7424/7424/65
f 7413/7413/5 7420/7420/5 7414/7414/5
f 7413/7413/5 7419/7419/5 7420/7420/5
f 7426/7426/6 7431/7431/6 7425/7425/6
f 7426/7426/6 7432/7432/6 7431/7431/6
f 7419/7419/63 7432/7432/63 7420/7420/63
f 7419/7419/63 7431/7431/63 7432/7432/63
f 7414/7414/65 7425/7425/65 7413/7413/65
f 7414/7414/65 7426/7426/65 7425/7425/65
f 7414/7414/109 7421/7421/109 7415/7415/109
f 7414/7414/109 7420/7420/109 7421/7421/109
f 7427/7427/110 7432/7432/110 7426/7426/110
f 7427/7427/110 7433/7433/110 7432/7432/110
f 7420/7420/63 7433/7433/63 7421/7421/63
f 7420/7420/63 7432/7432/63 7433/7433/63
f 7415/7415/65 7426/7426/65 7414/7414/65
f 7415/7415/65 7427/7427/65 7426/7426/65
f 7415/7415/66 7416/7416/66 7410/7410/66
f 7415/7415/66 7421/7421/66 7416/7416/66
f 7422/7422/64 7433/7433/64 7427/7427/64
f 7422/7422/64 7428/7428/64 7433/7433/64
f 7421/7421/63 7428/7428/63 7416/7416/63
f 7421/7421/63 7433/7433/63 7428/7428/63
f 7410/7410/65 7427/7427/65 7415/7415/65
f 7410/7410/65 7422/7422/65 7427/7427/65
f 7434/7434/6 7439/7439/6 7435/7435/6
f 7434/7434/6 7438/7438/6 7439/7439/6
f 7443/7443/5 7446/7446/5 7442/7442/5
f 7443/7443/5 7447/7447/5 7446/7446/5
f 7438/7438/64 7447/7447/64 7439/7439/64
f 7438/7438/64 7446/7446/64 7447/7447/64
f 7435/7435/66 7442/7442/66 7434/7434/66
f 7435/7435/66 7443/7443/66 7442/7442/66
f 7435/7435/65 7440/7440/65 7436/7436/65
f 7435/7435/65 7439/7439/65 7440/7440/65
f 7444/7444/63 7447/7447/63 7443/7443/63
f 7444/7444/63 7448/7448/63 7447/7447/63
f 7439/7439/64 7448/7448/64 7440/7440/64
f 7439/7439/64 7447/7447/64 7448/7448/64
f 7436/7436/66 7443/7443/66 7435/7435/66
f 7436/7436/66 7444/7444/66 7443/7443/66
f 7436/7436/5 7441/7441/5 7437/7437/5
f 7436/7436/5 7440/7440/5 7441/7441/5
f 7445/7445/6 7448/7448/6 7444/7444/6
f 7445/7445/6 7449/7449/6 7448/7448/6
f 7440/7440/64 7449/7449/64 7441/7441/64
f 7440/7440/64 7448/7448/64 7449/7449/64
f 7437/7437/66 7444/7444/66 7436/7436/66
f 7437/7437/66 7445/7445/66 7444/7444/66
f 7437/7437/63 7438/7438/63 7434/7434/63
f 7437/7437/63 7441/7441/63 7438/7438/63
f 7442/7442/65 7449/7449/65 7445/7445/65
f 7442/7442/65 7446/7446/65 7449/7449/65
f 7441/7441/64 7446/7446/64 7438/7438/64
f 7441/7441/64 7449/7449/64 7446/7446/64
f 7434/7434/66 7445/7445/66 7437/7437/66
f 7434/7434/66 7442/7442/66 7445/7445/66
f 7450/7450/6 7457/7457/6 7451/7451/6
f 7450/7450/6 7456/7456/6 7457/7457/6
f 7463/7463/5 7468/7468/5 7462/7462/5
f 7463/7463/5 7469/7469/5 7468/7468/5
f 7456/7456/64 7469/7469/64 7457/7457/64
f 7456/7456/64 7468/7468/64 7469/7469/64
f 7451/7451/66 7462/7462/66 7450/7450/66
f 7451/7451/66 7463/7463/66 7462/7462/66
f 7451/7451/65 7458/7458/65 7452/7452/65
f 7451/7451/65 7457/7457/65 7458/7458/65
f 7464/7464/63 7469/7469/63 7463/7463/63
f 7464/7464/63 7470/7470/63 7469/7469/63
f 7457/7457/64 7470/7470/64 7458/7458/64
f 7457/7457/64 7469/7469/64 7470/7470/64
f 7452/7452/66 7463/7463/66 7451/7451/66
f 7452/7452/66 7464/7464/66 7463/7463/66
f 7452/7452/129 7459/7459/129 7453/7453/129
f 7452/7452/129 7458/7458/129 7459/7459/129
f 7465/7465/130 7470/7470/130 7464/7464/130
f 7465/7465/130 7471/7471/130 7470/7470/130
f 7458/7458/64 7471/7471/64 7459/7459/64
f 7458/7458/64 7470/7470/64 7471/7471/64
f 7453/7453/66 7464/7464/66 7452/7452/66
f 7453/7453/66 7465/7465/66 7464/7464/66
f 7453/7453/5 7460/7460/5 7454/7454/5
f 7453/7453/5 7459/7459/5 7460/7460/5
f 7466/7466/6 7471/7471/6 7465/7465/6
f 7466/7466/6 7472/7472/6 7471/7471/6
f 7459/7459/64 7472/7472/64 7460/7460/64
f 7459/7459/64 7471/7471/64 7472/7472/64
f 7454/7454/66 7465/7465/66 7453/7453/66
f 7454/7454/66 7466/7466/66 7465/7465/66
f 7454/7454/131 7461/7461/131 7455/7455/131
f 7454/7454/131 7460/7460/131 7461/7461/131
f 7467/7467/132 7472/7472/132 7466/7466/132
f 7467/7467/132 7473/7473/132 7472/7472/132
f 7460/7460/64 7473/7473/64 7461/7461/64
f 7460/7460/64 7472/7472/64 7473/7473/64
f 7455/7455/66 7466/7466/66 7454/7454/66
f 7455/7455/66 7467/7467/66 7466/7466/66
f 7455/7455/63 7456/7456/63 7450/7450/63
f 7455/7455/63 7461/7461/63 7456/7456/63
f 7462/7462/65 7473/7473/65 7467/7467/65
f 7462/7462/65 7468/7468/65 7473/7473/65
f 7461/7461/64 7468/7468/64 7456/7456/64
f 7461/7461/64 7473/7473/64 7468/7468/64
f 7450/7450/66 7467/7467/66 7455/7455/66
f 7450/7450/66 7462/7462/66 7467/7467/66
f 7474/7474/6 7479/7479/6 7475/7475/6
f 7474/7474/6 7478/7478/6 7479/7479/6
f 7483/7483/5 7486/7486/5 7482/7482/5
f 7483/7483/5 7487/7487/5 7486/7486/5
f 7478/7478/65 7487/7487/65 7479/7479/65
f 7478/7478/65 7486/7486/65 7487/7487/65
f 7475/7475/63 7482/7482/63 7474/7474/63
f 7475/7475/63 7483/7483/63 7482/7482/63
f 7475/7475/66 7480/7480/66 7476/7476/66
f 7475/7475/66 7479/7479/66 7480/7480/66
f 7484/7484/64 7487/7487/64 7483/7483/64
f 7484/7484/64 7488/7488/64 7487/7487/64
f 7479/7479/65 7488/7488/65 7480/7480/65
f 7479/7479/65 7487/7487/65 7488/7488/65
f 7476/7476/63 7483/7483/63 7475/7475/63
f 7476/7476/63 7484/7484/63 7483/7483/63
f 7476/7476/5 7481/7481/5 7477/7477/5
f 7476/7476/5 7480/7480/5 7481/7481/5
f 7485/7485/6 7488/7488/6 7484/7484/6
f 7485/7485/6 7489/7489/6 7488/7488/6
f 7480/7480/65 7489/7489/65 7481/7481/65
f 7480/7480/65 7488/7488/65 7489/7489/65
f 7477/7477/63 7484/7484/63 7476/7476/63
f 7477/7477/63 7485/7485/63 7484/7484/63
f 7477/7477/64 7478/7478/64 7474/7474/64
f 7477/7477/64 7481/7481/64 7478/7478/64
f 7482/7482/66 7489/7489/66 7485/7485/66
f 7482/7482/66 7486/7486/66 7489/7489/66
f 7481/7481/65 7486/7486/65 7478/7478/65
f 7481/7481/65 7489/7489/65 7486/7486/65
f 7474/7474/63 7485/7485/63 7477/7477/63
f 7474/7474/63 7482/7482/63 7485/7485/63
f 7490/7490/6 7495/7495/6 7491/7491/6
f 7490/7490/6 7494/7494/6 7495/7495/6
f 7499/7499/5 7502/7502/5 7498/7498/5
f 7499/7499/5 7503/7503/5 7502/7502/5
f 7494/7494/65 7503/7503/65 7495/7495/65
f 7494/7494/65 7502/7502/65 7503/7503/65
f 7491/7491/63 7498/7498/63 7490/7490/63
f 7491/7491/63 7499/7499/63 7498/7498/63
f 7491/7491/66 7496/7496/66 7492/7492/66
f 7491/7491/66 7495/7495/66 7496/7496/66
f 7500/7500/64 7503/7503/64 7499/7499/64
f 7500/7500/64 7504/7504/64 7503/7503/64
f 7495/7495/65 7504/7504/65 7496/7496/65
f 7495/7495/65 7503/7503/65 7504/7504/65
f 7492/7492/63 7499/7499/63 7491/7491/63
f 7492/7492/63 7500/7500/63 7499/7499/63
f 7492/7492/5 7497/7497/5 7493/7493/5
f 7492/7492/5 7496/7496/5 7497/7497/5
f 7501/7501/6 7504/7504/6 7500/7500/6
f 7501/7501/6 7505/7505/6 7504/7504/6
f 7496/7496/65 7505/7505/65 7497/7497/65
f 7496/7496/65 7504/7504/65 7505/7505/65
f 7493/7493/63 7500/7500/63 7492/7492/63
f 7493/7493/63 7501/7501/63 7500/7500/63
f 7493/7493/64 7494/7494/64 7490/7490/64
f 7493/7493/64 7497/7497/64 7494/7494/64
f 7498/7498/66 7505/7505/66 7501/7501/66
f 7498/7498/66 7502/7502/66 7505/7505/66
f 7497/7497/65 7502/7502/65 7494/7494/65
f 7497/7497/65 7505/7505/65 7502/7502/65
f 7490/7490/63 7501/7501/63 7493/7493/63
f 7490/7490/63 7498/7498/63 7501/7501/63
f 7506/7506/63 7507/7507/63 7511/7511/63
f 7506/7506/63 7511/7511/63 7510/7510/63
f 7507/7507/66 7508/7508/66 7512/7512/66
f 7507/7507/66 7512/7512/66 7511/7511/66
f 7508/7508/65 7509/7509/65 7513/7513/65
f 7508/7508/65 7513/7513/65 7512/7512/65
f 7509/7509/64 7506/7506/64 7510/7510/64
f 7509/7509/64 7510/7510/64 7513/7513/64
f 7510/7510/5 7511/7511/5 7512/7512/5
f 7510/7510/5 7512/7512/5 7513/7513/5
f 7509/7509/6 7508/7508/6 7507/7507/6
f 7509/7509/6 7507/7507/6 7506/7506/6
f 7514/7514/6 7519/7519/6 7515/7515/6
f 7514/7514/6 7518/7518/6 7519/7519/6
f 7523/7523/5 7526/7526/5 7522/7522/5
f 7523/7523/5 7527/7527/5 7526/7526/5
f 7518/7518/66 7527/7527/66 7519/7519/66
f 7518/7518/66 7526/7526/66 7527/7527/66
f 7515/7515/64 7522/7522/64 7514/7514/64
f 7515/7515/64 7523/7523/64 7522/7522/64
f 7515/7515/63 7520/7520/63 7516/7516/63
f 7515/7515/63 7519/7519/63 7520/7520/63
f 7524/7524/65 7527/7527/65 7523/7523/65
f 7524/7524/65 7528/7528/65 7527/7527/65
f 7519/7519/66 7528/7528/66 7520/7520/66
f 7519/7519/66 7527/7527/66 7528/7528/66
f 7516/7516/64 7523/7523/64 7515/7515/64
f 7516/7516/64 7524/7524/64 7523/7523/64
f 7516/7516/5 7521/7521/5 7517/7517/5
f 7516/7516/5 7520/7520/5 7521/7521/5
f 7525/7525/6 7528/7528/6 7524/7524/6
f 7525/7525/6 7529/7529/6 7528/7528/6
f 7520/7520/66 7529/7529/66 7521/7521/66
f 7520/7520/66 7528/7528/66 7529/7529/66
f 7517/7517/64 7524/7524/64 7516/7516/64
f 7517/7517/64 7525/7525/64 7524/7524/64
f 7517/7517/65 7518/7518/65 7514/7514/65
f 7517/7517/65 7521/7521/65 7518/7518/65
f 7522/7522/63 7529/7529/63 7525/7525/63
f 7522/7522/63 7526/7526/63 7529/7529/63
f 7521/7521/66 7526/7526/66 7518/7518/66
f 7521/7521/66 7529/7529/66 7526/7526/66
f 7514/7514/64 7525/7525/64 7517/7517/64
f 7514/7514/64 7522/7522/64 7525/7525/64
f 7530/7530/6 7535/7535/6 7531/7531/6
f 7530/7530/6 7534/7534/6 7535/7535/6
f 7539/7539/5 7542/7542/5 7538/7538/5
f 7539/7539/5 7543/7543/5 7542/7542/5
f 7534/7534/66 7543/7543/66 7535/7535/66
f 7534/7534/66 7542/7542/66 7543/7543/66
f 7531/7531/64 7538/7538/64 7530/7530/64
f 7531/7531/64 7539/7539/64 7538/7538/64
f 7531/7531/63 7536/7536/63 7532/7532/63
f 7531/7531/63 7535/7535/63 7536/7536/63
f 7540/7540/65 7543/7543/65 7539/7539/65
f 7540/7540/65 7544/7544/65 7543/7543/65
f 7535/7535/66 7544/7544/66 7536/7536/66
f 7535/7535/66 7543/7543/66 7544/7544/66
f 7532/7532/64 7539/7539/64 7531/7531/64
f 7532/7532/64 7540/7540/64 7539/7539/64
f 7532/7532/5 7537/7537/5 7533/7533/5
f 7532/7532/5 7536/7536/5 7537/7537/5
f 7541/7541/6 7544/7544/6 7540/7540/6
f 7541/7541/6 7545/7545/6 7544/7544/6
f 7536/7536/66 7545/7545/66 7537/7537/66
f 7536/7536/66 7544/7544/66 7545/7545/66
f 7533/7533/64 7540/7540/64 7532/7532/64
f 7533/7533/64 7541/7541/64 7540/7540/64
f 7533/7533/65 7534/7534/65 7530/7530/65
f 7533/7533/65 7537/7537/65 7534/7534/65
f 7538/7538/63 7545/7545/63 7541/7541/63
f 7538/7538/63 7542/7542/63 7545/7545/63
f 7537/7537/66 7542/7542/66 7534/7534/66
f 7537/7537/66 7545/7545/66 7542/7542/66
f 7530/7530/64 7541/7541/64 7533/7533/64
f 7530/7530/64 7538/7538/64 7541/7541/64
f 7546/7546/63 7551/7551/63 7547/7547/63
f 7546/7546/63 7550/7550/63 7551/7551/63
f 7555/7555/65 7558/7558/65 7554/7554/65
f 7555/7555/65 7559/7559/65 7558/7558/65
f 7550/7550/5 7559/7559/5 7551/7551/5
f 7550/7550/5 7558/7558/5 7559/7559/5
f 7547/7547/6 7554/7554/6 7546/7546/6
f 7547/7547/6 7555/7555/6 7554/7554/6
f 7547/7547/64 7552/7552/64 7548/7548/64
f 7547/7547/64 7551/7551/64 7552/7552/64
f 7556/7556/66 7559/7559/66 7555/7555/66
f 7556/7556/66 7560/7560/66 7559/7559/66
f 7551/7551/5 7560/7560/5 7552/7552/5
f 7551/7551/5 7559/7559/5 7560/7560/5
f 7548/7548/6 7555/7555/6 7547/7547/6
f 7548/7548/6 7556/7556/6 7555/7555/6
f 7548/7548/65 7553/7553/65 7549/7549/65
f 7548/7548/65 7552/7552/65 7553/7553/65
f 7557/7557/63 7560/7560/63 7556/7556/63
f 7557/7557/63 7561/7561/63 7560/7560/63
f 7552/7552/5 7561/7561/5 7553/7553/5
f 7552/7552/5 7560/7560/5 7561/7561/5
f 7549/7549/6 7556/7556/6 7548/7548/6
f 7549/7549/6 7557/7557/6 7556/7556/6
f 7549/7549/66 7550/7550/66 7546/7546/66
f 7549/7549/66 7553/7553/66 7550/7550/66
f 7554/7554/64 7561/7561/64 7557/7557/64
f 7554/7554/64 7558/7558/64 7561/7561/64
f 7553/7553/5 7558/7558/5 7550/7550/5
f 7553/7553/5 7561/7561/5 7558/7558/5
f 7546/7546/6 7557/7557/6 7549/7549/6
f 7546/7546/6 7554/7554/6 7557/7557/6
f 7562/7562/63 7567/7567/63 7563/7563/63
f 7562/7562/63 7566/7566/63 7567/7567/63
f 7571/7571/65 7574/7574/65 7570/7570/65
f 7571/7571/65 7575/7575/65 7574/7574/65
f 7566/7566/5 7575/7575/5 7567/7567/5
f 7566/7566/5 7574/7574/5 7575/7575/5
f 7563/7563/6 7570/7570/6 7562/7562/6
f 7563/7563/6 7571/7571/6 7570/7570/6
f 7563/7563/64 7568/7568/64 7564/7564/64
f 7563/7563/64 7567/7567/64 7568/7568/64
f 7572/7572/66 7575/7575/66 7571/7571/66
f 7572/7572/66 7576/7576/66 7575/7575/66
f 7567/7567/5 7576/7576/5 7568/7568/5
f 7567/7567/5 7575/7575/5 7576/7576/5
f 7564/7564/6 7571/7571/6 7563/7563/6
f 7564/7564/6 7572/7572/6 7571/7571/6
f 7564/7564/65 7569/7569/65 7565/7565/65
f 7564/7564/65 7568/7568/65 7569/7569/65
f 7573/7573/63 7576/7576/63 7572/7572/63
f 7573/7573/63 7577/7577/63 7576/7576/63
f 7568/7568/5 7577/7577/5 7569/7569/5
f 7568/7568/5 7576/7576/5 7577/7577/5
f 7565/7565/6 7572/7572/6 7564/7564/6
f 7565/7565/6 7573/7573/6 7572/7572/6
f 7565/7565/66 7566/7566/66 7562/7562/66
f 7565/7565/66 7569/7569/66 7566/7566/66
f 7570/7570/64 7577/7577/64 7573/7573/64
f 7570/7570/64 7574/7574/64 7577/7577/64
f 7569/7569/5 7574/7574/5 7566/7566/5
f 7569/7569/5 7577/7577/5 7574/7574/5
f 7562/7562/6 7573/7573/6 7565/7565/6
f 7562/7562/6 7570/7570/6 7573/7573/6
f 7578/7578/63 7583/7583/63 7579/7579/63
f 7578/7578/63 7582/7582/63 7583/7583/63
f 7587/7587/65 7590/7590/65 7586/7586/65
f 7587/7587/65 7591/7591/65 7590/7590/65
f 7582/7582/5 7591/7591/5 7583/7583/5
f 7582/7582/5 7590/7590/5 7591/7591/5
f 7579/7579/6 7586/7586/6 7578/7578/6
f 7579/7579/6 7587/7587/6 7586/7586/6
f 7579/7579/64 7584/7584/64 7580/7580/64
f 7579/7579/64 7583/7583/64 7584/7584/64
f 7588/7588/66 7591/7591/66 7587/7587/66
f 7588/7588/66 7592/7592/66 7591/7591/66
f 7583/7583/5 7592/7592/5 7584/7584/5
f 7583/7583/5 7591/7591/5 7592/7592/5
f 7580/7580/6 7587/7587/6 7579/7579/6
f 7580/7580/6 7588/7588/6 7587/7587/6
f 7580/7580/65 7585/7585/65 7581/7581/65
f 7580/7580/65 7584/7584/65 7585/7585/65
f 7589/7589/63 7592/7592/63 7588/7588/63
f 7589/7589/63 7593/7593/63 7592/7592/63
f 7584/7584/5 7593/7593/5 7585/7585/5
f 7584/7584/5 7592/7592/5 7593/7593/5
f 7581/7581/6 7588/7588/6 7580/7580/6
f 7581/7581/6 7589/7589/6 7588/7588/6
f 7581/7581/66 7582/7582/66 7578/7578/66
f 7581/7581/66 7585/7585/66 7582/7582/66
f 7586/7586/64 7593/7593/64 7589/7589/64
f 7586/7586/64 7590/7590/64 7593/7593/64
f 7585/7585/5 7590/7590/5 7582/7582/5
f 7585/7585/5 7593/7593/5 7590/7590/5
f 7578/7578/6 7589/7589/6 7581/7581/6
f 7578/7578/6 7586/7586/6 7589/7589/6
f 7594/7594/65 7595/7595/65 7599/7599/65
f 7594/7594/65 7599/7599/65 7598/7598/65
f 7595/7595/64 7596/7596/64 7600/7600/64
f 7595/7595/64 7600/7600/64 7599/7599/64
f 7596/7596/63 7597/7597/63 7601/7601/63
f 7596/7596/63 7601/7601/63 7600/7600/63
f 7597/7597/66 7594/7594/66 7598/7598/66
f 7597/7597/66 7598/7598/66 7601/7601/66
f 7598/7598/5 7599/7599/5 7600/7600/5
f 7598/7598/5 7600/7600/5 7601/7601/5
f 7597/7597/6 7596/7596/6 7595/7595/6
f 7597/7597/6 7595/7595/6 7594/7594/6
f 7602/7602/66 7603/7603/66 7607/7607/66
f 7602/7602/66 7607/7607/66 7606/7606/66
f 7603/7603/65 7604/7604/65 7608/7608/65
f 7603/7603/65 7608/7608/65 7607/7607/65
f 7604/7604/64 7605/7605/64 7609/7609/64
f 7604/7604/64 7609/7609/64 7608/7608/64
f 7605/7605/63 7602/7602/63 7606/7606/63
f 7605/7605/63 7606/7606/63 7609/7609/63
f 7606/7606/5 7607/7607/5 7608/7608/5
f 7606/7606/5 7608/7608/5 7609/7609/5
f 7605/7605/6 7604/7604/6 7603/7603/6
f 7605/7605/6 7603/7603/6 7602/7602/6
f 7610/7610/65 7611/7611/65 7615/7615/65
f 7610/7610/65 7615/7615/65 7614/7614/65
f 7611/7611/64 7612/7612/64 7616/7616/64
f 7611/7611/64 7616/7616/64 7615/7615/64
f 7612/7612/63 7613/7613/63 7617/7617/63
f 7612/7612/63 7617/7617/63 7616/7616/63
f 7613/7613/66 7610/7610/66 7614/7614/66
f 7613/7613/66 7614/7614/66 7617/7617/66
f 7614/7614/5 7615/7615/5 7616/7616/5
f 7614/7614/5 7616/7616/5 7617/7617/5
f 7613/7613/6 7612/7612/6 7611/7611/6
f 7613/7613/6 7611/7611/6 7610/7610/6
f 7618/7618/66 7619/7619/66 7623/7623/66
f 7618/7618/66 7623/7623/66 7622/7622/66
f 7619/7619/65 7620/7620/65 7624/7624/65
f 7619/7619/65 7624/7624/65 7623/7623/65
f 7620/7620/64 7621/7621/64 7625/7625/64
f 7620/7620/64 7625/7625/64 7624/7624/64
f 7621/7621/63 7618/7618/63 7622/7622/63
f 7621/7621/63 7622/7622/63 7625/7625/63
f 7622/7622/5 7623/7623/5 7624/7624/5
f 7622/7622/5 7624/7624/5 7625/7625/5
f 7621/7621/6 7620/7620/6 7619/7619/6
f 7621/7621/6 7619/7619/6 7618/7618/6
f 7626/7626/63 7627/7627/63 7631/7631/63
f 7626/7626/63 7631/7631/63 7630/7630/63
f 7627/7627/66 7628/7628/66 7632/7632/66
f 7627/7627/66 7632/7632/66 7631/7631/66
f 7628/7628/65 7629/7629/65 7633/7633/65
f 7628/7628/65 7633/7633/65 7632/7632/65
f 7629/7629/64 7626/7626/64 7630/7630/64
f 7629/7629/64 7630/7630/64 7633/7633/64
f 7630/7630/5 7631/7631/5 7632/7632/5
f 7630/7630/5 7632/7632/5 7633/7633/5
f 7629/7629/6 7628/7628/6 7627/7627/6
f 7629/7629/6 7627/7627/6 7626/7626/6
f 7634/7634/64 7635/7635/64 7639/7639/64
f 7634/7634/64 7639/7639/64 7638/7638/64
f 7635/7635/63 7636/7636/63 7640/7640/63
f 7635/7635/63 7640/7640/63 7639/7639/63
f 7636/7636/66 7637/7637/66 7641/7641/66
f 7636/7636/66 7641/7641/66 7640/7640/66
f 7637/7637/65 7634/7634/65 7638/7638/65
f 7637/7637/65 7638/7638/65 7641/7641/65
f 7638/7638/5 7639/7639/5 7640/7640/5
f 7638/7638/5 7640/7640/5 7641/7641/5
f 7637/7637/6 7636/7636/6 7635/7635/6
f 7637/7637/6 7635/7635/6 7634/7634/6
f 7642/7642/63 7643/7643/63 7647/7647/63
f 7642/7642/63 7647/7647/63 7646/7646/63
f 7643/7643/66 7644/7644/66 7648/7648/66
f 7643/7643/66 7648/7648/66 7647/7647/66
f 7644/7644/65 7645/7645/65 7649/7649/65
f 7644/7644/65 7649/7649/65 7648/7648/65
f 7645/7645/64 7642/7642/64 7646/7646/64
f 7645/7645/64 7646/7646/64 7649/7649/64
f 7646/7646/5 7647/7647/5 7648/7648/5
f 7646/7646/5 7648/7648/5 7649/7649/5
f 7645/7645/6 7644/7644/6 7643/7643/6
f 7645/7645/6 7643/7643/6 7642/7642/6
f 7650/7650/64 7651/7651/64 7655/7655/64
f 7650/7650/64 7655/7655/64 7654/7654/64
f 7651/7651/63 7652/7652/63 7656/7656/63
f 7651/7651/63 7656/7656/63 7655/7655/63
f 7652/7652/66 7653/7653/66 7657/7657/66
f 7652/7652/66 7657/7657/66 7656/7656/66
f 7653/7653/65 7650/7650/65 7654/7654/65
f 7653/7653/65 7654/7654/65 7657/7657/65
f 7654/7654/5 7655/7655/5 7656/7656/5
f 7654/7654/5 7656/7656/5 7657/7657/5
f 7653/7653/6 7652/7652/6 7651/7651/6
f 7653/7653/6 7651/7651/6 7650/7650/6
f 7658/7658/64 7659/7659/64 7663/7663/64
f 7658/7658/64 7663/7663/64 7662/7662/64
f 7659/7659/63 7660/7660/63 7664/7664/63
f 7659/7659/63 7664/7664/63 7663/7663/63
f 7660/7660/66 7661/7661/66 7665/7665/66
f 7660/7660/66 7665/7665/66 7664/7664/66
f 7661/7661/65 7658/7658/65 7662/7662/65
f 7661/7661/65 7662/7662/65 7665/7665/65
f 7662/7662/5 7663/7663/5 7664/7664/5
f 7662/7662/5 7664/7664/5 7665/7665/5
f 7661/7661/6 7660/7660/6 7659/7659/6
f 7661/7661/6 7659/7659/6 7658/7658/6
f 7666/7666/65 7667/7667/65 7671/7671/65
f 7666/7666/65 7671/7671/65 7670/7670/65
f 7667/7667/64 7668/7668/64 7672/7672/64
f 7667/7667/64 7672/7672/64 7671/7671/64
f 7668/7668/63 7669/7669/63 7673/7673/63
f 7668/7668/63 7673/7673/63 7672/7672/63
f 7669/7669/66 7666/7666/66 7670/7670/66
f 7669/7669/66 7670/7670/66 7673/7673/66
f 7670/7670/5 7671/7671/5 7672/7672/5
f 7670/7670/5 7672/7672/5 7673/7673/5
f 7669/7669/6 7668/7668/6 7667/7667/6
f 7669/7669/6 7667/7667/6 7666/7666/6
f 7674/7674/64 7675/7675/64 7679/7679/64
f 7674/7674/64 7679/7679/64 7678/7678/64
f 7675/7675/63 7676/7676/63 7680/7680/63
f 7675/7675/63 7680/7680/63 7679/7679/63
f 7676/7676/66 7677/7677/66 7681/7681/66
f 7676/7676/66 7681/7681/66 7680/7680/66
f 7677/7677/65 7674/7674/65 7678/7678/65
f 7677/7677/65 7678/7678/65 7681/7681/65
f 7678/7678/5 7679/7679/5 7680/7680/5
f 7678/7678/5 7680/7680/5 7681/7681/5
f 7677/7677/6 7676/7676/6 7675/7675/6
f 7677/7677/6 7675/7675/6 7674/7674/6
f 7682/7682/65 7683/7683/65 7687/7687/65
f 7682/7682/65 7687/7687/65 7686/7686/65
f 7683/7683/64 7684/7684/64 7688/7688/64
f 7683/7683/64 7688/7688/64 7687/7687/64
f 7684/7684/63 7685/7685/63 7689/7689/63
f 7684/7684/63 7689/7689/63 7688/7688/63
f 7685/7685/66 7682/7682/66 7686/7686/66
f 7685/7685/66 7686/7686/66 7689/7689/66
f 7686/7686/5 7687/7687/5 7688/7688/5
f 7686/7686/5 7688/7688/5 7689/7689/5
f 7685/7685/6 7684/7684/6 7683/7683/6
f 7685/7685/6 7683/7683/6 7682/7682/6
f 7690/7690/66 7691/7691/66 7695/7695/66
f 7690/7690/66 7695/7695/66 7694/7694/66
f 7691/7691/65 7692/7692/65 7696/7696/65
f 7691/7691/65 7696/7696/65 7695/7695/65
f 7692/7692/64 7693/7693/64 7697/7697/64
f 7692/7692/64 7697/7697/64 7696/7696/64
f 7693/7693/63 7690/7690/63 7694/7694/63
f 7693/7693/63 7694/7694/63 7697/7697/63
f 7694/7694/5 7695/7695/5 7696/7696/5
f 7694/7694/5 7696/7696/5 7697/7697/5
f 7693/7693/6 7692/7692/6 7691/7691/6
f 7693/7693/6 7691/7691/6 7690/7690/6
f 7698/7698/63 7699/7699/63 7703/7703/63
f 7698/7698/63 7703/7703/63 7702/7702/63
f 7699/7699/66 7700/7700/66 7704/7704/66
f 7699/7699/66 7704/7704/66 7703/7703/66
f 7700/7700/65 7701/7701/65 7705/7705/65
f 7700/7700/65 7705/7705/65 7704/7704/65
f 7701/7701/64 7698/7698/64 7702/7702/64
f 7701/7701/64 7702/7702/64 7705/7705/64
f 7702/7702/5 7703/7703/5 7704/7704/5
f 7702/7702/5 7704/7704/5 7705/7705/5
f 7701/7701/6 7700/7700/6 7699/7699/6
f 7701/7701/6 7699/7699/6 7698/7698/6
f 7706/7706/66 7707/7707/66 7711/7711/66
f 7706/7706/66 7711/7711/66 7710/7710/66
f 7707/7707/65 7708/7708/65 7712/7712/65
f 7707/7707/65 7712/7712/65 7711/7711/65
f 7708/7708/64 7709/7709/64 7713/7713/64
f 7708/7708/64 7713/7713/64 7712/7712/64
f 7709/7709/63 7706/7706/63 7710/7710/63
f 7709/7709/63 7710/7710/63 7713/7713/63
f 7710/7710/5 7711/7711/5 7712/7712/5
f 7710/7710/5 7712/7712/5 7713/7713/5
f 7709/7709/6 7708/7708/6 7707/7707/6
f 7709/7709/6 7707/7707/6 7706/7706/6
f 7714/7714/63 7715/7715/63 7719/7719/63
f 7714/7714/63 7719/7719/63 7718/7718/63
f 7715/7715/66 7716/7716/66 7720/7720/66
f 7715/7715/66 7720/7720/66 7719/7719/66
f 7716/7716/65 7717/7717/65 7721/7721/65
f 7716/7716/65 7721/7721/65 7720/7720/65
f 7717/7717/64 7714/7714/64 7718/7718/64
f 7717/7717/64 7718/7718/64 7721/7721/64
f 7718/7718/5 7719/7719/5 7720/7720/5
f 7718/7718/5 7720/7720/5 7721/7721/5
f 7717/7717/6 7716/7716/6 7715/7715/6
f 7717/7717/6 7715/7715/6 7714/7714/6
