# Native import adapter: centimeters, reflected Y, reversed winding; authored interpretation (OpeningV2)
o KotelApproach_ElevatedDeck_V2
v -18400.000000000 -20122.432518000 -1477.500000000
v -18100.000000000 -19822.432518000 -1477.500000000
v -18100.000000000 -20122.432518000 -1477.500000000
vt 0.000000000 0.000000000
vt 4.242640687 0.000000000
vt 2.121320344 2.121320344
vn 0.000000000000 0.000000000000 -1.000000000000
vn 0.000000000000 0.000000000000 -1.000000000000
vn 0.000000000000 0.000000000000 -1.000000000000
f 1/1/1 2/2/2 3/3/3
v -18400.000000000 -20122.432518000 -1477.500000000
v -18400.000000000 -19822.432518000 -1477.500000000
v -18100.000000000 -19822.432518000 -1477.500000000
vt 0.000000000 0.000000000
vt 3.000000000 0.000000000
vt 3.000000000 3.000000000
vn 0.000000000000 0.000000000000 -1.000000000000
vn 0.000000000000 0.000000000000 -1.000000000000
vn 0.000000000000 0.000000000000 -1.000000000000
f 4/4/4 5/5/5 6/6/6
v -18400.000000000 -19822.432518000 -1432.500000000
v -18100.000000000 -20122.432518000 -1432.500000000
v -18100.000000000 -19822.432518000 -1432.500000000
vt 0.000000000 0.000000000
vt 4.242640687 0.000000000
vt 2.121320344 2.121320344
vn -0.000000000000 0.000000000000 1.000000000000
vn -0.000000000000 0.000000000000 1.000000000000
vn -0.000000000000 0.000000000000 1.000000000000
f 7/7/7 8/8/8 9/9/9
v -18400.000000000 -19822.432518000 -1432.500000000
v -18400.000000000 -20122.432518000 -1432.500000000
v -18100.000000000 -20122.432518000 -1432.500000000
vt 0.000000000 0.000000000
vt 3.000000000 0.000000000
vt 3.000000000 3.000000000
vn 0.000000000000 0.000000000000 1.000000000000
vn 0.000000000000 0.000000000000 1.000000000000
vn 0.000000000000 0.000000000000 1.000000000000
f 10/10/10 11/11/11 12/12/12
v -18400.000000000 -19822.432518000 -1477.500000000
v -18100.000000000 -19822.432518000 -1432.500000000
v -18100.000000000 -19822.432518000 -1477.500000000
vt 0.000000000 0.000000000
vt 3.033562262 0.000000000
vt 2.966809059 0.445021359
vn 0.000000000000 1.000000000000 0.000000000000
vn 0.000000000000 1.000000000000 0.000000000000
vn 0.000000000000 1.000000000000 0.000000000000
f 13/13/13 14/14/14 15/15/15
v -18400.000000000 -19822.432518000 -1477.500000000
v -18400.000000000 -19822.432518000 -1432.500000000
v -18100.000000000 -19822.432518000 -1432.500000000
vt 0.000000000 0.000000000
vt 0.450000000 0.000000000
vt 0.450000000 3.000000000
vn 0.000000000000 1.000000000000 0.000000000000
vn 0.000000000000 1.000000000000 0.000000000000
vn 0.000000000000 1.000000000000 0.000000000000
f 16/16/16 17/17/17 18/18/18
v -18100.000000000 -19822.432518000 -1477.500000000
v -18100.000000000 -20122.432518000 -1432.500000000
v -18100.000000000 -20122.432518000 -1477.500000000
vt 0.000000000 0.000000000
vt 3.033562262 0.000000000
vt 2.966809059 0.445021359
vn 1.000000000000 0.000000000000 0.000000000000
vn 1.000000000000 0.000000000000 0.000000000000
vn 1.000000000000 0.000000000000 0.000000000000
f 19/19/19 20/20/20 21/21/21
v -18100.000000000 -19822.432518000 -1477.500000000
v -18100.000000000 -19822.432518000 -1432.500000000
v -18100.000000000 -20122.432518000 -1432.500000000
vt 0.000000000 0.000000000
vt 0.450000000 0.000000000
vt 0.450000000 3.000000000
vn 1.000000000000 0.000000000000 -0.000000000000
vn 1.000000000000 0.000000000000 -0.000000000000
vn 1.000000000000 0.000000000000 -0.000000000000
f 22/22/22 23/23/23 24/24/24
v -18100.000000000 -20122.432518000 -1477.500000000
v -18400.000000000 -20122.432518000 -1432.500000000
v -18400.000000000 -20122.432518000 -1477.500000000
vt 0.000000000 0.000000000
vt 3.033562262 0.000000000
vt 2.966809059 0.445021359
vn 0.000000000000 -1.000000000000 0.000000000000
vn 0.000000000000 -1.000000000000 0.000000000000
vn 0.000000000000 -1.000000000000 0.000000000000
f 25/25/25 26/26/26 27/27/27
v -18100.000000000 -20122.432518000 -1477.500000000
v -18100.000000000 -20122.432518000 -1432.500000000
v -18400.000000000 -20122.432518000 -1432.500000000
vt 0.000000000 0.000000000
vt 0.450000000 0.000000000
vt 0.450000000 3.000000000
vn 0.000000000000 -1.000000000000 0.000000000000
vn 0.000000000000 -1.000000000000 0.000000000000
vn 0.000000000000 -1.000000000000 0.000000000000
f 28/28/28 29/29/29 30/30/30
v -18400.000000000 -20122.432518000 -1477.500000000
v -18400.000000000 -19822.432518000 -1432.500000000
v -18400.000000000 -19822.432518000 -1477.500000000
vt 0.000000000 0.000000000
vt 3.033562262 0.000000000
vt 2.966809059 0.445021359
vn -1.000000000000 0.000000000000 0.000000000000
vn -1.000000000000 0.000000000000 0.000000000000
vn -1.000000000000 0.000000000000 0.000000000000
f 31/31/31 32/32/32 33/33/33
v -18400.000000000 -20122.432518000 -1477.500000000
v -18400.000000000 -20122.432518000 -1432.500000000
v -18400.000000000 -19822.432518000 -1432.500000000
vt 0.000000000 0.000000000
vt 0.450000000 0.000000000
vt 0.450000000 3.000000000
vn -1.000000000000 0.000000000000 0.000000000000
vn -1.000000000000 0.000000000000 0.000000000000
vn -1.000000000000 0.000000000000 0.000000000000
f 34/34/34 35/35/35 36/36/36
v -18100.000000000 -20122.432518000 -1460.030487805
v -18065.000000000 -19822.432518000 -1460.030487805
v -18065.000000000 -20122.432518000 -1460.030487805
vt 0.000000000 0.000000000
vt 3.020347662 0.000000000
vt 0.040558245 0.347642099
vn 0.000000000000 0.000000000000 -1.000000000000
vn 0.000000000000 0.000000000000 -1.000000000000
vn 0.000000000000 0.000000000000 -1.000000000000
f 37/37/37 38/38/38 39/39/39
v -18100.000000000 -20122.432518000 -1460.030487805
v -18100.000000000 -19822.432518000 -1460.030487805
v -18065.000000000 -19822.432518000 -1460.030487805
vt 0.000000000 0.000000000
vt 3.000000000 0.000000000
vt 3.000000000 0.350000000
vn 0.000000000000 0.000000000000 -1.000000000000
vn 0.000000000000 0.000000000000 -1.000000000000
vn 0.000000000000 0.000000000000 -1.000000000000
f 40/40/40 41/41/41 42/42/42
v -18100.000000000 -19822.432518000 -1415.030487805
v -18065.000000000 -20122.432518000 -1415.030487805
v -18065.000000000 -19822.432518000 -1415.030487805
vt 0.000000000 0.000000000
vt 3.020347662 0.000000000
vt 0.040558245 0.347642099
vn -0.000000000000 0.000000000000 1.000000000000
vn -0.000000000000 0.000000000000 1.000000000000
vn -0.000000000000 0.000000000000 1.000000000000
f 43/43/43 44/44/44 45/45/45
v -18100.000000000 -19822.432518000 -1415.030487805
v -18100.000000000 -20122.432518000 -1415.030487805
v -18065.000000000 -20122.432518000 -1415.030487805
vt 0.000000000 0.000000000
vt 3.000000000 0.000000000
vt 3.000000000 0.350000000
vn 0.000000000000 0.000000000000 1.000000000000
vn 0.000000000000 0.000000000000 1.000000000000
vn 0.000000000000 0.000000000000 1.000000000000
f 46/46/46 47/47/47 48/48/48
v -18100.000000000 -19822.432518000 -1460.030487805
v -18065.000000000 -19822.432518000 -1415.030487805
v -18065.000000000 -19822.432518000 -1460.030487805
vt 0.000000000 0.000000000
vt 0.570087713 0.000000000
vt 0.214879215 0.276273276
vn 0.000000000000 1.000000000000 0.000000000000
vn 0.000000000000 1.000000000000 0.000000000000
vn 0.000000000000 1.000000000000 0.000000000000
f 49/49/49 50/50/50 51/51/51
v -18100.000000000 -19822.432518000 -1460.030487805
v -18100.000000000 -19822.432518000 -1415.030487805
v -18065.000000000 -19822.432518000 -1415.030487805
vt 0.000000000 0.000000000
vt 0.450000000 0.000000000
vt 0.450000000 0.350000000
vn 0.000000000000 1.000000000000 0.000000000000
vn 0.000000000000 1.000000000000 0.000000000000
vn 0.000000000000 1.000000000000 0.000000000000
f 52/52/52 53/53/53 54/54/54
v -18065.000000000 -19822.432518000 -1460.030487805
v -18065.000000000 -20122.432518000 -1415.030487805
v -18065.000000000 -20122.432518000 -1460.030487805
vt 0.000000000 0.000000000
vt 3.033562262 0.000000000
vt 2.966809059 0.445021359
vn 1.000000000000 0.000000000000 0.000000000000
vn 1.000000000000 0.000000000000 0.000000000000
vn 1.000000000000 0.000000000000 0.000000000000
f 55/55/55 56/56/56 57/57/57
v -18065.000000000 -19822.432518000 -1460.030487805
v -18065.000000000 -19822.432518000 -1415.030487805
v -18065.000000000 -20122.432518000 -1415.030487805
vt 0.000000000 0.000000000
vt 0.450000000 0.000000000
vt 0.450000000 3.000000000
vn 1.000000000000 0.000000000000 -0.000000000000
vn 1.000000000000 0.000000000000 -0.000000000000
vn 1.000000000000 0.000000000000 -0.000000000000
f 58/58/58 59/59/59 60/60/60
v -18065.000000000 -20122.432518000 -1460.030487805
v -18100.000000000 -20122.432518000 -1415.030487805
v -18100.000000000 -20122.432518000 -1460.030487805
vt 0.000000000 0.000000000
vt 0.570087713 0.000000000
vt 0.214879215 0.276273276
vn 0.000000000000 -1.000000000000 0.000000000000
vn 0.000000000000 -1.000000000000 0.000000000000
vn 0.000000000000 -1.000000000000 0.000000000000
f 61/61/61 62/62/62 63/63/63
v -18065.000000000 -20122.432518000 -1460.030487805
v -18065.000000000 -20122.432518000 -1415.030487805
v -18100.000000000 -20122.432518000 -1415.030487805
vt 0.000000000 0.000000000
vt 0.450000000 0.000000000
vt 0.450000000 0.350000000
vn 0.000000000000 -1.000000000000 0.000000000000
vn 0.000000000000 -1.000000000000 0.000000000000
vn 0.000000000000 -1.000000000000 0.000000000000
f 64/64/64 65/65/65 66/66/66
v -18100.000000000 -20122.432518000 -1460.030487805
v -18100.000000000 -19822.432518000 -1415.030487805
v -18100.000000000 -19822.432518000 -1460.030487805
vt 0.000000000 0.000000000
vt 3.033562262 0.000000000
vt 2.966809059 0.445021359
vn -1.000000000000 0.000000000000 0.000000000000
vn -1.000000000000 0.000000000000 0.000000000000
vn -1.000000000000 0.000000000000 0.000000000000
f 67/67/67 68/68/68 69/69/69
v -18100.000000000 -20122.432518000 -1460.030487805
v -18100.000000000 -20122.432518000 -1415.030487805
v -18100.000000000 -19822.432518000 -1415.030487805
vt 0.000000000 0.000000000
vt 0.450000000 0.000000000
vt 0.450000000 3.000000000
vn -1.000000000000 0.000000000000 0.000000000000
vn -1.000000000000 0.000000000000 0.000000000000
vn -1.000000000000 0.000000000000 0.000000000000
f 70/70/70 71/71/71 72/72/72
v -18065.000000000 -20122.432518000 -1442.560975610
v -18030.000000000 -19822.432518000 -1442.560975610
v -18030.000000000 -20122.432518000 -1442.560975610
vt 0.000000000 0.000000000
vt 3.020347662 0.000000000
vt 0.040558245 0.347642099
vn 0.000000000000 0.000000000000 -1.000000000000
vn 0.000000000000 0.000000000000 -1.000000000000
vn 0.000000000000 0.000000000000 -1.000000000000
f 73/73/73 74/74/74 75/75/75
v -18065.000000000 -20122.432518000 -1442.560975610
v -18065.000000000 -19822.432518000 -1442.560975610
v -18030.000000000 -19822.432518000 -1442.560975610
vt 0.000000000 0.000000000
vt 3.000000000 0.000000000
vt 3.000000000 0.350000000
vn 0.000000000000 0.000000000000 -1.000000000000
vn 0.000000000000 0.000000000000 -1.000000000000
vn 0.000000000000 0.000000000000 -1.000000000000
f 76/76/76 77/77/77 78/78/78
v -18065.000000000 -19822.432518000 -1397.560975610
v -18030.000000000 -20122.432518000 -1397.560975610
v -18030.000000000 -19822.432518000 -1397.560975610
vt 0.000000000 0.000000000
vt 3.020347662 0.000000000
vt 0.040558245 0.347642099
vn -0.000000000000 0.000000000000 1.000000000000
vn -0.000000000000 0.000000000000 1.000000000000
vn -0.000000000000 0.000000000000 1.000000000000
f 79/79/79 80/80/80 81/81/81
v -18065.000000000 -19822.432518000 -1397.560975610
v -18065.000000000 -20122.432518000 -1397.560975610
v -18030.000000000 -20122.432518000 -1397.560975610
vt 0.000000000 0.000000000
vt 3.000000000 0.000000000
vt 3.000000000 0.350000000
vn 0.000000000000 0.000000000000 1.000000000000
vn 0.000000000000 0.000000000000 1.000000000000
vn 0.000000000000 0.000000000000 1.000000000000
f 82/82/82 83/83/83 84/84/84
v -18065.000000000 -19822.432518000 -1442.560975610
v -18030.000000000 -19822.432518000 -1397.560975610
v -18030.000000000 -19822.432518000 -1442.560975610
vt 0.000000000 0.000000000
vt 0.570087713 0.000000000
vt 0.214879215 0.276273276
vn 0.000000000000 1.000000000000 0.000000000000
vn 0.000000000000 1.000000000000 0.000000000000
vn 0.000000000000 1.000000000000 0.000000000000
f 85/85/85 86/86/86 87/87/87
v -18065.000000000 -19822.432518000 -1442.560975610
v -18065.000000000 -19822.432518000 -1397.560975610
v -18030.000000000 -19822.432518000 -1397.560975610
vt 0.000000000 0.000000000
vt 0.450000000 0.000000000
vt 0.450000000 0.350000000
vn 0.000000000000 1.000000000000 0.000000000000
vn 0.000000000000 1.000000000000 0.000000000000
vn 0.000000000000 1.000000000000 0.000000000000
f 88/88/88 89/89/89 90/90/90
v -18030.000000000 -19822.432518000 -1442.560975610
v -18030.000000000 -20122.432518000 -1397.560975610
v -18030.000000000 -20122.432518000 -1442.560975610
vt 0.000000000 0.000000000
vt 3.033562262 0.000000000
vt 2.966809059 0.445021359
vn 1.000000000000 0.000000000000 0.000000000000
vn 1.000000000000 0.000000000000 0.000000000000
vn 1.000000000000 0.000000000000 0.000000000000
f 91/91/91 92/92/92 93/93/93
v -18030.000000000 -19822.432518000 -1442.560975610
v -18030.000000000 -19822.432518000 -1397.560975610
v -18030.000000000 -20122.432518000 -1397.560975610
vt 0.000000000 0.000000000
vt 0.450000000 0.000000000
vt 0.450000000 3.000000000
vn 1.000000000000 0.000000000000 -0.000000000000
vn 1.000000000000 0.000000000000 -0.000000000000
vn 1.000000000000 0.000000000000 -0.000000000000
f 94/94/94 95/95/95 96/96/96
v -18030.000000000 -20122.432518000 -1442.560975610
v -18065.000000000 -20122.432518000 -1397.560975610
v -18065.000000000 -20122.432518000 -1442.560975610
vt 0.000000000 0.000000000
vt 0.570087713 0.000000000
vt 0.214879215 0.276273276
vn 0.000000000000 -1.000000000000 0.000000000000
vn 0.000000000000 -1.000000000000 0.000000000000
vn 0.000000000000 -1.000000000000 0.000000000000
f 97/97/97 98/98/98 99/99/99
v -18030.000000000 -20122.432518000 -1442.560975610
v -18030.000000000 -20122.432518000 -1397.560975610
v -18065.000000000 -20122.432518000 -1397.560975610
vt 0.000000000 0.000000000
vt 0.450000000 0.000000000
vt 0.450000000 0.350000000
vn 0.000000000000 -1.000000000000 0.000000000000
vn 0.000000000000 -1.000000000000 0.000000000000
vn 0.000000000000 -1.000000000000 0.000000000000
f 100/100/100 101/101/101 102/102/102
v -18065.000000000 -20122.432518000 -1442.560975610
v -18065.000000000 -19822.432518000 -1397.560975610
v -18065.000000000 -19822.432518000 -1442.560975610
vt 0.000000000 0.000000000
vt 3.033562262 0.000000000
vt 2.966809059 0.445021359
vn -1.000000000000 0.000000000000 0.000000000000
vn -1.000000000000 0.000000000000 0.000000000000
vn -1.000000000000 0.000000000000 0.000000000000
f 103/103/103 104/104/104 105/105/105
v -18065.000000000 -20122.432518000 -1442.560975610
v -18065.000000000 -20122.432518000 -1397.560975610
v -18065.000000000 -19822.432518000 -1397.560975610
vt 0.000000000 0.000000000
vt 0.450000000 0.000000000
vt 0.450000000 3.000000000
vn -1.000000000000 0.000000000000 0.000000000000
vn -1.000000000000 0.000000000000 0.000000000000
vn -1.000000000000 0.000000000000 0.000000000000
f 106/106/106 107/107/107 108/108/108
v -18030.000000000 -20122.432518000 -1425.091463415
v -17995.000000000 -19822.432518000 -1425.091463415
v -17995.000000000 -20122.432518000 -1425.091463415
vt 0.000000000 0.000000000
vt 3.020347662 0.000000000
vt 0.040558245 0.347642099
vn 0.000000000000 0.000000000000 -1.000000000000
vn 0.000000000000 0.000000000000 -1.000000000000
vn 0.000000000000 0.000000000000 -1.000000000000
f 109/109/109 110/110/110 111/111/111
v -18030.000000000 -20122.432518000 -1425.091463415
v -18030.000000000 -19822.432518000 -1425.091463415
v -17995.000000000 -19822.432518000 -1425.091463415
vt 0.000000000 0.000000000
vt 3.000000000 0.000000000
vt 3.000000000 0.350000000
vn 0.000000000000 0.000000000000 -1.000000000000
vn 0.000000000000 0.000000000000 -1.000000000000
vn 0.000000000000 0.000000000000 -1.000000000000
f 112/112/112 113/113/113 114/114/114
v -18030.000000000 -19822.432518000 -1380.091463415
v -17995.000000000 -20122.432518000 -1380.091463415
v -17995.000000000 -19822.432518000 -1380.091463415
vt 0.000000000 0.000000000
vt 3.020347662 0.000000000
vt 0.040558245 0.347642099
vn -0.000000000000 0.000000000000 1.000000000000
vn -0.000000000000 0.000000000000 1.000000000000
vn -0.000000000000 0.000000000000 1.000000000000
f 115/115/115 116/116/116 117/117/117
v -18030.000000000 -19822.432518000 -1380.091463415
v -18030.000000000 -20122.432518000 -1380.091463415
v -17995.000000000 -20122.432518000 -1380.091463415
vt 0.000000000 0.000000000
vt 3.000000000 0.000000000
vt 3.000000000 0.350000000
vn 0.000000000000 0.000000000000 1.000000000000
vn 0.000000000000 0.000000000000 1.000000000000
vn 0.000000000000 0.000000000000 1.000000000000
f 118/118/118 119/119/119 120/120/120
v -18030.000000000 -19822.432518000 -1425.091463415
v -17995.000000000 -19822.432518000 -1380.091463415
v -17995.000000000 -19822.432518000 -1425.091463415
vt 0.000000000 0.000000000
vt 0.570087713 0.000000000
vt 0.214879215 0.276273276
vn 0.000000000000 1.000000000000 0.000000000000
vn 0.000000000000 1.000000000000 0.000000000000
vn 0.000000000000 1.000000000000 0.000000000000
f 121/121/121 122/122/122 123/123/123
v -18030.000000000 -19822.432518000 -1425.091463415
v -18030.000000000 -19822.432518000 -1380.091463415
v -17995.000000000 -19822.432518000 -1380.091463415
vt 0.000000000 0.000000000
vt 0.450000000 0.000000000
vt 0.450000000 0.350000000
vn 0.000000000000 1.000000000000 0.000000000000
vn 0.000000000000 1.000000000000 0.000000000000
vn 0.000000000000 1.000000000000 0.000000000000
f 124/124/124 125/125/125 126/126/126
v -17995.000000000 -19822.432518000 -1425.091463415
v -17995.000000000 -20122.432518000 -1380.091463415
v -17995.000000000 -20122.432518000 -1425.091463415
vt 0.000000000 0.000000000
vt 3.033562262 0.000000000
vt 2.966809059 0.445021359
vn 1.000000000000 0.000000000000 0.000000000000
vn 1.000000000000 0.000000000000 0.000000000000
vn 1.000000000000 0.000000000000 0.000000000000
f 127/127/127 128/128/128 129/129/129
v -17995.000000000 -19822.432518000 -1425.091463415
v -17995.000000000 -19822.432518000 -1380.091463415
v -17995.000000000 -20122.432518000 -1380.091463415
vt 0.000000000 0.000000000
vt 0.450000000 0.000000000
vt 0.450000000 3.000000000
vn 1.000000000000 0.000000000000 -0.000000000000
vn 1.000000000000 0.000000000000 -0.000000000000
vn 1.000000000000 0.000000000000 -0.000000000000
f 130/130/130 131/131/131 132/132/132
v -17995.000000000 -20122.432518000 -1425.091463415
v -18030.000000000 -20122.432518000 -1380.091463415
v -18030.000000000 -20122.432518000 -1425.091463415
vt 0.000000000 0.000000000
vt 0.570087713 0.000000000
vt 0.214879215 0.276273276
vn 0.000000000000 -1.000000000000 0.000000000000
vn 0.000000000000 -1.000000000000 0.000000000000
vn 0.000000000000 -1.000000000000 0.000000000000
f 133/133/133 134/134/134 135/135/135
v -17995.000000000 -20122.432518000 -1425.091463415
v -17995.000000000 -20122.432518000 -1380.091463415
v -18030.000000000 -20122.432518000 -1380.091463415
vt 0.000000000 0.000000000
vt 0.450000000 0.000000000
vt 0.450000000 0.350000000
vn 0.000000000000 -1.000000000000 0.000000000000
vn 0.000000000000 -1.000000000000 0.000000000000
vn 0.000000000000 -1.000000000000 0.000000000000
f 136/136/136 137/137/137 138/138/138
v -18030.000000000 -20122.432518000 -1425.091463415
v -18030.000000000 -19822.432518000 -1380.091463415
v -18030.000000000 -19822.432518000 -1425.091463415
vt 0.000000000 0.000000000
vt 3.033562262 0.000000000
vt 2.966809059 0.445021359
vn -1.000000000000 0.000000000000 0.000000000000
vn -1.000000000000 0.000000000000 0.000000000000
vn -1.000000000000 0.000000000000 0.000000000000
f 139/139/139 140/140/140 141/141/141
v -18030.000000000 -20122.432518000 -1425.091463415
v -18030.000000000 -20122.432518000 -1380.091463415
v -18030.000000000 -19822.432518000 -1380.091463415
vt 0.000000000 0.000000000
vt 0.450000000 0.000000000
vt 0.450000000 3.000000000
vn -1.000000000000 0.000000000000 0.000000000000
vn -1.000000000000 0.000000000000 0.000000000000
vn -1.000000000000 0.000000000000 0.000000000000
f 142/142/142 143/143/143 144/144/144
v -17995.000000000 -20122.432518000 -1407.621951220
v -17960.000000000 -19822.432518000 -1407.621951220
v -17960.000000000 -20122.432518000 -1407.621951220
vt 0.000000000 0.000000000
vt 3.020347662 0.000000000
vt 0.040558245 0.347642099
vn 0.000000000000 0.000000000000 -1.000000000000
vn 0.000000000000 0.000000000000 -1.000000000000
vn 0.000000000000 0.000000000000 -1.000000000000
f 145/145/145 146/146/146 147/147/147
v -17995.000000000 -20122.432518000 -1407.621951220
v -17995.000000000 -19822.432518000 -1407.621951220
v -17960.000000000 -19822.432518000 -1407.621951220
vt 0.000000000 0.000000000
vt 3.000000000 0.000000000
vt 3.000000000 0.350000000
vn 0.000000000000 0.000000000000 -1.000000000000
vn 0.000000000000 0.000000000000 -1.000000000000
vn 0.000000000000 0.000000000000 -1.000000000000
f 148/148/148 149/149/149 150/150/150
v -17995.000000000 -19822.432518000 -1362.621951220
v -17960.000000000 -20122.432518000 -1362.621951220
v -17960.000000000 -19822.432518000 -1362.621951220
vt 0.000000000 0.000000000
vt 3.020347662 0.000000000
vt 0.040558245 0.347642099
vn -0.000000000000 0.000000000000 1.000000000000
vn -0.000000000000 0.000000000000 1.000000000000
vn -0.000000000000 0.000000000000 1.000000000000
f 151/151/151 152/152/152 153/153/153
v -17995.000000000 -19822.432518000 -1362.621951220
v -17995.000000000 -20122.432518000 -1362.621951220
v -17960.000000000 -20122.432518000 -1362.621951220
vt 0.000000000 0.000000000
vt 3.000000000 0.000000000
vt 3.000000000 0.350000000
vn 0.000000000000 0.000000000000 1.000000000000
vn 0.000000000000 0.000000000000 1.000000000000
vn 0.000000000000 0.000000000000 1.000000000000
f 154/154/154 155/155/155 156/156/156
v -17995.000000000 -19822.432518000 -1407.621951220
v -17960.000000000 -19822.432518000 -1362.621951220
v -17960.000000000 -19822.432518000 -1407.621951220
vt 0.000000000 0.000000000
vt 0.570087713 0.000000000
vt 0.214879215 0.276273276
vn 0.000000000000 1.000000000000 0.000000000000
vn 0.000000000000 1.000000000000 0.000000000000
vn 0.000000000000 1.000000000000 0.000000000000
f 157/157/157 158/158/158 159/159/159
v -17995.000000000 -19822.432518000 -1407.621951220
v -17995.000000000 -19822.432518000 -1362.621951220
v -17960.000000000 -19822.432518000 -1362.621951220
vt 0.000000000 0.000000000
vt 0.450000000 0.000000000
vt 0.450000000 0.350000000
vn 0.000000000000 1.000000000000 0.000000000000
vn 0.000000000000 1.000000000000 0.000000000000
vn 0.000000000000 1.000000000000 0.000000000000
f 160/160/160 161/161/161 162/162/162
v -17960.000000000 -19822.432518000 -1407.621951220
v -17960.000000000 -20122.432518000 -1362.621951220
v -17960.000000000 -20122.432518000 -1407.621951220
vt 0.000000000 0.000000000
vt 3.033562262 0.000000000
vt 2.966809059 0.445021359
vn 1.000000000000 0.000000000000 0.000000000000
vn 1.000000000000 0.000000000000 0.000000000000
vn 1.000000000000 0.000000000000 0.000000000000
f 163/163/163 164/164/164 165/165/165
v -17960.000000000 -19822.432518000 -1407.621951220
v -17960.000000000 -19822.432518000 -1362.621951220
v -17960.000000000 -20122.432518000 -1362.621951220
vt 0.000000000 0.000000000
vt 0.450000000 0.000000000
vt 0.450000000 3.000000000
vn 1.000000000000 0.000000000000 -0.000000000000
vn 1.000000000000 0.000000000000 -0.000000000000
vn 1.000000000000 0.000000000000 -0.000000000000
f 166/166/166 167/167/167 168/168/168
v -17960.000000000 -20122.432518000 -1407.621951220
v -17995.000000000 -20122.432518000 -1362.621951220
v -17995.000000000 -20122.432518000 -1407.621951220
vt 0.000000000 0.000000000
vt 0.570087713 0.000000000
vt 0.214879215 0.276273276
vn 0.000000000000 -1.000000000000 0.000000000000
vn 0.000000000000 -1.000000000000 0.000000000000
vn 0.000000000000 -1.000000000000 0.000000000000
f 169/169/169 170/170/170 171/171/171
v -17960.000000000 -20122.432518000 -1407.621951220
v -17960.000000000 -20122.432518000 -1362.621951220
v -17995.000000000 -20122.432518000 -1362.621951220
vt 0.000000000 0.000000000
vt 0.450000000 0.000000000
vt 0.450000000 0.350000000
vn 0.000000000000 -1.000000000000 0.000000000000
vn 0.000000000000 -1.000000000000 0.000000000000
vn 0.000000000000 -1.000000000000 0.000000000000
f 172/172/172 173/173/173 174/174/174
v -17995.000000000 -20122.432518000 -1407.621951220
v -17995.000000000 -19822.432518000 -1362.621951220
v -17995.000000000 -19822.432518000 -1407.621951220
vt 0.000000000 0.000000000
vt 3.033562262 0.000000000
vt 2.966809059 0.445021359
vn -1.000000000000 0.000000000000 0.000000000000
vn -1.000000000000 0.000000000000 0.000000000000
vn -1.000000000000 0.000000000000 0.000000000000
f 175/175/175 176/176/176 177/177/177
v -17995.000000000 -20122.432518000 -1407.621951220
v -17995.000000000 -20122.432518000 -1362.621951220
v -17995.000000000 -19822.432518000 -1362.621951220
vt 0.000000000 0.000000000
vt 0.450000000 0.000000000
vt 0.450000000 3.000000000
vn -1.000000000000 0.000000000000 0.000000000000
vn -1.000000000000 0.000000000000 0.000000000000
vn -1.000000000000 0.000000000000 0.000000000000
f 178/178/178 179/179/179 180/180/180
v -17960.000000000 -20122.432518000 -1390.152439024
v -17925.000000000 -19822.432518000 -1390.152439024
v -17925.000000000 -20122.432518000 -1390.152439024
vt 0.000000000 0.000000000
vt 3.020347662 0.000000000
vt 0.040558245 0.347642099
vn 0.000000000000 0.000000000000 -1.000000000000
vn 0.000000000000 0.000000000000 -1.000000000000
vn 0.000000000000 0.000000000000 -1.000000000000
f 181/181/181 182/182/182 183/183/183
v -17960.000000000 -20122.432518000 -1390.152439024
v -17960.000000000 -19822.432518000 -1390.152439024
v -17925.000000000 -19822.432518000 -1390.152439024
vt 0.000000000 0.000000000
vt 3.000000000 0.000000000
vt 3.000000000 0.350000000
vn 0.000000000000 0.000000000000 -1.000000000000
vn 0.000000000000 0.000000000000 -1.000000000000
vn 0.000000000000 0.000000000000 -1.000000000000
f 184/184/184 185/185/185 186/186/186
v -17960.000000000 -19822.432518000 -1345.152439024
v -17925.000000000 -20122.432518000 -1345.152439024
v -17925.000000000 -19822.432518000 -1345.152439024
vt 0.000000000 0.000000000
vt 3.020347662 0.000000000
vt 0.040558245 0.347642099
vn -0.000000000000 0.000000000000 1.000000000000
vn -0.000000000000 0.000000000000 1.000000000000
vn -0.000000000000 0.000000000000 1.000000000000
f 187/187/187 188/188/188 189/189/189
v -17960.000000000 -19822.432518000 -1345.152439024
v -17960.000000000 -20122.432518000 -1345.152439024
v -17925.000000000 -20122.432518000 -1345.152439024
vt 0.000000000 0.000000000
vt 3.000000000 0.000000000
vt 3.000000000 0.350000000
vn 0.000000000000 0.000000000000 1.000000000000
vn 0.000000000000 0.000000000000 1.000000000000
vn 0.000000000000 0.000000000000 1.000000000000
f 190/190/190 191/191/191 192/192/192
v -17960.000000000 -19822.432518000 -1390.152439024
v -17925.000000000 -19822.432518000 -1345.152439024
v -17925.000000000 -19822.432518000 -1390.152439024
vt 0.000000000 0.000000000
vt 0.570087713 0.000000000
vt 0.214879215 0.276273276
vn 0.000000000000 1.000000000000 0.000000000000
vn 0.000000000000 1.000000000000 0.000000000000
vn 0.000000000000 1.000000000000 0.000000000000
f 193/193/193 194/194/194 195/195/195
v -17960.000000000 -19822.432518000 -1390.152439024
v -17960.000000000 -19822.432518000 -1345.152439024
v -17925.000000000 -19822.432518000 -1345.152439024
vt 0.000000000 0.000000000
vt 0.450000000 0.000000000
vt 0.450000000 0.350000000
vn 0.000000000000 1.000000000000 0.000000000000
vn 0.000000000000 1.000000000000 0.000000000000
vn 0.000000000000 1.000000000000 0.000000000000
f 196/196/196 197/197/197 198/198/198
v -17925.000000000 -19822.432518000 -1390.152439024
v -17925.000000000 -20122.432518000 -1345.152439024
v -17925.000000000 -20122.432518000 -1390.152439024
vt 0.000000000 0.000000000
vt 3.033562262 0.000000000
vt 2.966809059 0.445021359
vn 1.000000000000 0.000000000000 0.000000000000
vn 1.000000000000 0.000000000000 0.000000000000
vn 1.000000000000 0.000000000000 0.000000000000
f 199/199/199 200/200/200 201/201/201
v -17925.000000000 -19822.432518000 -1390.152439024
v -17925.000000000 -19822.432518000 -1345.152439024
v -17925.000000000 -20122.432518000 -1345.152439024
vt 0.000000000 0.000000000
vt 0.450000000 0.000000000
vt 0.450000000 3.000000000
vn 1.000000000000 0.000000000000 -0.000000000000
vn 1.000000000000 0.000000000000 -0.000000000000
vn 1.000000000000 0.000000000000 -0.000000000000
f 202/202/202 203/203/203 204/204/204
v -17925.000000000 -20122.432518000 -1390.152439024
v -17960.000000000 -20122.432518000 -1345.152439024
v -17960.000000000 -20122.432518000 -1390.152439024
vt 0.000000000 0.000000000
vt 0.570087713 0.000000000
vt 0.214879215 0.276273276
vn 0.000000000000 -1.000000000000 0.000000000000
vn 0.000000000000 -1.000000000000 0.000000000000
vn 0.000000000000 -1.000000000000 0.000000000000
f 205/205/205 206/206/206 207/207/207
v -17925.000000000 -20122.432518000 -1390.152439024
v -17925.000000000 -20122.432518000 -1345.152439024
v -17960.000000000 -20122.432518000 -1345.152439024
vt 0.000000000 0.000000000
vt 0.450000000 0.000000000
vt 0.450000000 0.350000000
vn 0.000000000000 -1.000000000000 0.000000000000
vn 0.000000000000 -1.000000000000 0.000000000000
vn 0.000000000000 -1.000000000000 0.000000000000
f 208/208/208 209/209/209 210/210/210
v -17960.000000000 -20122.432518000 -1390.152439024
v -17960.000000000 -19822.432518000 -1345.152439024
v -17960.000000000 -19822.432518000 -1390.152439024
vt 0.000000000 0.000000000
vt 3.033562262 0.000000000
vt 2.966809059 0.445021359
vn -1.000000000000 0.000000000000 0.000000000000
vn -1.000000000000 0.000000000000 0.000000000000
vn -1.000000000000 0.000000000000 0.000000000000
f 211/211/211 212/212/212 213/213/213
v -17960.000000000 -20122.432518000 -1390.152439024
v -17960.000000000 -20122.432518000 -1345.152439024
v -17960.000000000 -19822.432518000 -1345.152439024
vt 0.000000000 0.000000000
vt 0.450000000 0.000000000
vt 0.450000000 3.000000000
vn -1.000000000000 0.000000000000 0.000000000000
vn -1.000000000000 0.000000000000 0.000000000000
vn -1.000000000000 0.000000000000 0.000000000000
f 214/214/214 215/215/215 216/216/216
v -17925.000000000 -20122.432518000 -1372.682926829
v -17890.000000000 -19822.432518000 -1372.682926829
v -17890.000000000 -20122.432518000 -1372.682926829
vt 0.000000000 0.000000000
vt 3.020347662 0.000000000
vt 0.040558245 0.347642099
vn 0.000000000000 0.000000000000 -1.000000000000
vn 0.000000000000 0.000000000000 -1.000000000000
vn 0.000000000000 0.000000000000 -1.000000000000
f 217/217/217 218/218/218 219/219/219
v -17925.000000000 -20122.432518000 -1372.682926829
v -17925.000000000 -19822.432518000 -1372.682926829
v -17890.000000000 -19822.432518000 -1372.682926829
vt 0.000000000 0.000000000
vt 3.000000000 0.000000000
vt 3.000000000 0.350000000
vn 0.000000000000 0.000000000000 -1.000000000000
vn 0.000000000000 0.000000000000 -1.000000000000
vn 0.000000000000 0.000000000000 -1.000000000000
f 220/220/220 221/221/221 222/222/222
v -17925.000000000 -19822.432518000 -1327.682926829
v -17890.000000000 -20122.432518000 -1327.682926829
v -17890.000000000 -19822.432518000 -1327.682926829
vt 0.000000000 0.000000000
vt 3.020347662 0.000000000
vt 0.040558245 0.347642099
vn -0.000000000000 0.000000000000 1.000000000000
vn -0.000000000000 0.000000000000 1.000000000000
vn -0.000000000000 0.000000000000 1.000000000000
f 223/223/223 224/224/224 225/225/225
v -17925.000000000 -19822.432518000 -1327.682926829
v -17925.000000000 -20122.432518000 -1327.682926829
v -17890.000000000 -20122.432518000 -1327.682926829
vt 0.000000000 0.000000000
vt 3.000000000 0.000000000
vt 3.000000000 0.350000000
vn 0.000000000000 0.000000000000 1.000000000000
vn 0.000000000000 0.000000000000 1.000000000000
vn 0.000000000000 0.000000000000 1.000000000000
f 226/226/226 227/227/227 228/228/228
v -17925.000000000 -19822.432518000 -1372.682926829
v -17890.000000000 -19822.432518000 -1327.682926829
v -17890.000000000 -19822.432518000 -1372.682926829
vt 0.000000000 0.000000000
vt 0.570087713 0.000000000
vt 0.214879215 0.276273276
vn 0.000000000000 1.000000000000 0.000000000000
vn 0.000000000000 1.000000000000 0.000000000000
vn 0.000000000000 1.000000000000 0.000000000000
f 229/229/229 230/230/230 231/231/231
v -17925.000000000 -19822.432518000 -1372.682926829
v -17925.000000000 -19822.432518000 -1327.682926829
v -17890.000000000 -19822.432518000 -1327.682926829
vt 0.000000000 0.000000000
vt 0.450000000 0.000000000
vt 0.450000000 0.350000000
vn 0.000000000000 1.000000000000 0.000000000000
vn 0.000000000000 1.000000000000 0.000000000000
vn 0.000000000000 1.000000000000 0.000000000000
f 232/232/232 233/233/233 234/234/234
v -17890.000000000 -19822.432518000 -1372.682926829
v -17890.000000000 -20122.432518000 -1327.682926829
v -17890.000000000 -20122.432518000 -1372.682926829
vt 0.000000000 0.000000000
vt 3.033562262 0.000000000
vt 2.966809059 0.445021359
vn 1.000000000000 0.000000000000 0.000000000000
vn 1.000000000000 0.000000000000 0.000000000000
vn 1.000000000000 0.000000000000 0.000000000000
f 235/235/235 236/236/236 237/237/237
v -17890.000000000 -19822.432518000 -1372.682926829
v -17890.000000000 -19822.432518000 -1327.682926829
v -17890.000000000 -20122.432518000 -1327.682926829
vt 0.000000000 0.000000000
vt 0.450000000 0.000000000
vt 0.450000000 3.000000000
vn 1.000000000000 0.000000000000 -0.000000000000
vn 1.000000000000 0.000000000000 -0.000000000000
vn 1.000000000000 0.000000000000 -0.000000000000
f 238/238/238 239/239/239 240/240/240
v -17890.000000000 -20122.432518000 -1372.682926829
v -17925.000000000 -20122.432518000 -1327.682926829
v -17925.000000000 -20122.432518000 -1372.682926829
vt 0.000000000 0.000000000
vt 0.570087713 0.000000000
vt 0.214879215 0.276273276
vn 0.000000000000 -1.000000000000 0.000000000000
vn 0.000000000000 -1.000000000000 0.000000000000
vn 0.000000000000 -1.000000000000 0.000000000000
f 241/241/241 242/242/242 243/243/243
v -17890.000000000 -20122.432518000 -1372.682926829
v -17890.000000000 -20122.432518000 -1327.682926829
v -17925.000000000 -20122.432518000 -1327.682926829
vt 0.000000000 0.000000000
vt 0.450000000 0.000000000
vt 0.450000000 0.350000000
vn 0.000000000000 -1.000000000000 0.000000000000
vn 0.000000000000 -1.000000000000 0.000000000000
vn 0.000000000000 -1.000000000000 0.000000000000
f 244/244/244 245/245/245 246/246/246
v -17925.000000000 -20122.432518000 -1372.682926829
v -17925.000000000 -19822.432518000 -1327.682926829
v -17925.000000000 -19822.432518000 -1372.682926829
vt 0.000000000 0.000000000
vt 3.033562262 0.000000000
vt 2.966809059 0.445021359
vn -1.000000000000 0.000000000000 0.000000000000
vn -1.000000000000 0.000000000000 0.000000000000
vn -1.000000000000 0.000000000000 0.000000000000
f 247/247/247 248/248/248 249/249/249
v -17925.000000000 -20122.432518000 -1372.682926829
v -17925.000000000 -20122.432518000 -1327.682926829
v -17925.000000000 -19822.432518000 -1327.682926829
vt 0.000000000 0.000000000
vt 0.450000000 0.000000000
vt 0.450000000 3.000000000
vn -1.000000000000 0.000000000000 0.000000000000
vn -1.000000000000 0.000000000000 0.000000000000
vn -1.000000000000 0.000000000000 0.000000000000
f 250/250/250 251/251/251 252/252/252
v -17890.000000000 -20122.432518000 -1355.213414634
v -17855.000000000 -19822.432518000 -1355.213414634
v -17855.000000000 -20122.432518000 -1355.213414634
vt 0.000000000 0.000000000
vt 3.020347662 0.000000000
vt 0.040558245 0.347642099
vn 0.000000000000 0.000000000000 -1.000000000000
vn 0.000000000000 0.000000000000 -1.000000000000
vn 0.000000000000 0.000000000000 -1.000000000000
f 253/253/253 254/254/254 255/255/255
v -17890.000000000 -20122.432518000 -1355.213414634
v -17890.000000000 -19822.432518000 -1355.213414634
v -17855.000000000 -19822.432518000 -1355.213414634
vt 0.000000000 0.000000000
vt 3.000000000 0.000000000
vt 3.000000000 0.350000000
vn 0.000000000000 0.000000000000 -1.000000000000
vn 0.000000000000 0.000000000000 -1.000000000000
vn 0.000000000000 0.000000000000 -1.000000000000
f 256/256/256 257/257/257 258/258/258
v -17890.000000000 -19822.432518000 -1310.213414634
v -17855.000000000 -20122.432518000 -1310.213414634
v -17855.000000000 -19822.432518000 -1310.213414634
vt 0.000000000 0.000000000
vt 3.020347662 0.000000000
vt 0.040558245 0.347642099
vn -0.000000000000 0.000000000000 1.000000000000
vn -0.000000000000 0.000000000000 1.000000000000
vn -0.000000000000 0.000000000000 1.000000000000
f 259/259/259 260/260/260 261/261/261
v -17890.000000000 -19822.432518000 -1310.213414634
v -17890.000000000 -20122.432518000 -1310.213414634
v -17855.000000000 -20122.432518000 -1310.213414634
vt 0.000000000 0.000000000
vt 3.000000000 0.000000000
vt 3.000000000 0.350000000
vn 0.000000000000 0.000000000000 1.000000000000
vn 0.000000000000 0.000000000000 1.000000000000
vn 0.000000000000 0.000000000000 1.000000000000
f 262/262/262 263/263/263 264/264/264
v -17890.000000000 -19822.432518000 -1355.213414634
v -17855.000000000 -19822.432518000 -1310.213414634
v -17855.000000000 -19822.432518000 -1355.213414634
vt 0.000000000 0.000000000
vt 0.570087713 0.000000000
vt 0.214879215 0.276273276
vn 0.000000000000 1.000000000000 0.000000000000
vn 0.000000000000 1.000000000000 0.000000000000
vn 0.000000000000 1.000000000000 0.000000000000
f 265/265/265 266/266/266 267/267/267
v -17890.000000000 -19822.432518000 -1355.213414634
v -17890.000000000 -19822.432518000 -1310.213414634
v -17855.000000000 -19822.432518000 -1310.213414634
vt 0.000000000 0.000000000
vt 0.450000000 0.000000000
vt 0.450000000 0.350000000
vn 0.000000000000 1.000000000000 0.000000000000
vn 0.000000000000 1.000000000000 0.000000000000
vn 0.000000000000 1.000000000000 0.000000000000
f 268/268/268 269/269/269 270/270/270
v -17855.000000000 -19822.432518000 -1355.213414634
v -17855.000000000 -20122.432518000 -1310.213414634
v -17855.000000000 -20122.432518000 -1355.213414634
vt 0.000000000 0.000000000
vt 3.033562262 0.000000000
vt 2.966809059 0.445021359
vn 1.000000000000 0.000000000000 0.000000000000
vn 1.000000000000 0.000000000000 0.000000000000
vn 1.000000000000 0.000000000000 0.000000000000
f 271/271/271 272/272/272 273/273/273
v -17855.000000000 -19822.432518000 -1355.213414634
v -17855.000000000 -19822.432518000 -1310.213414634
v -17855.000000000 -20122.432518000 -1310.213414634
vt 0.000000000 0.000000000
vt 0.450000000 0.000000000
vt 0.450000000 3.000000000
vn 1.000000000000 0.000000000000 -0.000000000000
vn 1.000000000000 0.000000000000 -0.000000000000
vn 1.000000000000 0.000000000000 -0.000000000000
f 274/274/274 275/275/275 276/276/276
v -17855.000000000 -20122.432518000 -1355.213414634
v -17890.000000000 -20122.432518000 -1310.213414634
v -17890.000000000 -20122.432518000 -1355.213414634
vt 0.000000000 0.000000000
vt 0.570087713 0.000000000
vt 0.214879215 0.276273276
vn 0.000000000000 -1.000000000000 0.000000000000
vn 0.000000000000 -1.000000000000 0.000000000000
vn 0.000000000000 -1.000000000000 0.000000000000
f 277/277/277 278/278/278 279/279/279
v -17855.000000000 -20122.432518000 -1355.213414634
v -17855.000000000 -20122.432518000 -1310.213414634
v -17890.000000000 -20122.432518000 -1310.213414634
vt 0.000000000 0.000000000
vt 0.450000000 0.000000000
vt 0.450000000 0.350000000
vn 0.000000000000 -1.000000000000 0.000000000000
vn 0.000000000000 -1.000000000000 0.000000000000
vn 0.000000000000 -1.000000000000 0.000000000000
f 280/280/280 281/281/281 282/282/282
v -17890.000000000 -20122.432518000 -1355.213414634
v -17890.000000000 -19822.432518000 -1310.213414634
v -17890.000000000 -19822.432518000 -1355.213414634
vt 0.000000000 0.000000000
vt 3.033562262 0.000000000
vt 2.966809059 0.445021359
vn -1.000000000000 0.000000000000 0.000000000000
vn -1.000000000000 0.000000000000 0.000000000000
vn -1.000000000000 0.000000000000 0.000000000000
f 283/283/283 284/284/284 285/285/285
v -17890.000000000 -20122.432518000 -1355.213414634
v -17890.000000000 -20122.432518000 -1310.213414634
v -17890.000000000 -19822.432518000 -1310.213414634
vt 0.000000000 0.000000000
vt 0.450000000 0.000000000
vt 0.450000000 3.000000000
vn -1.000000000000 0.000000000000 0.000000000000
vn -1.000000000000 0.000000000000 0.000000000000
vn -1.000000000000 0.000000000000 0.000000000000
f 286/286/286 287/287/287 288/288/288
v -17855.000000000 -20122.432518000 -1337.743902439
v -17820.000000000 -19822.432518000 -1337.743902439
v -17820.000000000 -20122.432518000 -1337.743902439
vt 0.000000000 0.000000000
vt 3.020347662 0.000000000
vt 0.040558245 0.347642099
vn 0.000000000000 0.000000000000 -1.000000000000
vn 0.000000000000 0.000000000000 -1.000000000000
vn 0.000000000000 0.000000000000 -1.000000000000
f 289/289/289 290/290/290 291/291/291
v -17855.000000000 -20122.432518000 -1337.743902439
v -17855.000000000 -19822.432518000 -1337.743902439
v -17820.000000000 -19822.432518000 -1337.743902439
vt 0.000000000 0.000000000
vt 3.000000000 0.000000000
vt 3.000000000 0.350000000
vn 0.000000000000 0.000000000000 -1.000000000000
vn 0.000000000000 0.000000000000 -1.000000000000
vn 0.000000000000 0.000000000000 -1.000000000000
f 292/292/292 293/293/293 294/294/294
v -17855.000000000 -19822.432518000 -1292.743902439
v -17820.000000000 -20122.432518000 -1292.743902439
v -17820.000000000 -19822.432518000 -1292.743902439
vt 0.000000000 0.000000000
vt 3.020347662 0.000000000
vt 0.040558245 0.347642099
vn -0.000000000000 0.000000000000 1.000000000000
vn -0.000000000000 0.000000000000 1.000000000000
vn -0.000000000000 0.000000000000 1.000000000000
f 295/295/295 296/296/296 297/297/297
v -17855.000000000 -19822.432518000 -1292.743902439
v -17855.000000000 -20122.432518000 -1292.743902439
v -17820.000000000 -20122.432518000 -1292.743902439
vt 0.000000000 0.000000000
vt 3.000000000 0.000000000
vt 3.000000000 0.350000000
vn 0.000000000000 0.000000000000 1.000000000000
vn 0.000000000000 0.000000000000 1.000000000000
vn 0.000000000000 0.000000000000 1.000000000000
f 298/298/298 299/299/299 300/300/300
v -17855.000000000 -19822.432518000 -1337.743902439
v -17820.000000000 -19822.432518000 -1292.743902439
v -17820.000000000 -19822.432518000 -1337.743902439
vt 0.000000000 0.000000000
vt 0.570087713 0.000000000
vt 0.214879215 0.276273276
vn 0.000000000000 1.000000000000 0.000000000000
vn 0.000000000000 1.000000000000 0.000000000000
vn 0.000000000000 1.000000000000 0.000000000000
f 301/301/301 302/302/302 303/303/303
v -17855.000000000 -19822.432518000 -1337.743902439
v -17855.000000000 -19822.432518000 -1292.743902439
v -17820.000000000 -19822.432518000 -1292.743902439
vt 0.000000000 0.000000000
vt 0.450000000 0.000000000
vt 0.450000000 0.350000000
vn 0.000000000000 1.000000000000 0.000000000000
vn 0.000000000000 1.000000000000 0.000000000000
vn 0.000000000000 1.000000000000 0.000000000000
f 304/304/304 305/305/305 306/306/306
v -17820.000000000 -19822.432518000 -1337.743902439
v -17820.000000000 -20122.432518000 -1292.743902439
v -17820.000000000 -20122.432518000 -1337.743902439
vt 0.000000000 0.000000000
vt 3.033562262 0.000000000
vt 2.966809059 0.445021359
vn 1.000000000000 0.000000000000 0.000000000000
vn 1.000000000000 0.000000000000 0.000000000000
vn 1.000000000000 0.000000000000 0.000000000000
f 307/307/307 308/308/308 309/309/309
v -17820.000000000 -19822.432518000 -1337.743902439
v -17820.000000000 -19822.432518000 -1292.743902439
v -17820.000000000 -20122.432518000 -1292.743902439
vt 0.000000000 0.000000000
vt 0.450000000 0.000000000
vt 0.450000000 3.000000000
vn 1.000000000000 0.000000000000 -0.000000000000
vn 1.000000000000 0.000000000000 -0.000000000000
vn 1.000000000000 0.000000000000 -0.000000000000
f 310/310/310 311/311/311 312/312/312
v -17820.000000000 -20122.432518000 -1337.743902439
v -17855.000000000 -20122.432518000 -1292.743902439
v -17855.000000000 -20122.432518000 -1337.743902439
vt 0.000000000 0.000000000
vt 0.570087713 0.000000000
vt 0.214879215 0.276273276
vn 0.000000000000 -1.000000000000 0.000000000000
vn 0.000000000000 -1.000000000000 0.000000000000
vn 0.000000000000 -1.000000000000 0.000000000000
f 313/313/313 314/314/314 315/315/315
v -17820.000000000 -20122.432518000 -1337.743902439
v -17820.000000000 -20122.432518000 -1292.743902439
v -17855.000000000 -20122.432518000 -1292.743902439
vt 0.000000000 0.000000000
vt 0.450000000 0.000000000
vt 0.450000000 0.350000000
vn 0.000000000000 -1.000000000000 0.000000000000
vn 0.000000000000 -1.000000000000 0.000000000000
vn 0.000000000000 -1.000000000000 0.000000000000
f 316/316/316 317/317/317 318/318/318
v -17855.000000000 -20122.432518000 -1337.743902439
v -17855.000000000 -19822.432518000 -1292.743902439
v -17855.000000000 -19822.432518000 -1337.743902439
vt 0.000000000 0.000000000
vt 3.033562262 0.000000000
vt 2.966809059 0.445021359
vn -1.000000000000 0.000000000000 0.000000000000
vn -1.000000000000 0.000000000000 0.000000000000
vn -1.000000000000 0.000000000000 0.000000000000
f 319/319/319 320/320/320 321/321/321
v -17855.000000000 -20122.432518000 -1337.743902439
v -17855.000000000 -20122.432518000 -1292.743902439
v -17855.000000000 -19822.432518000 -1292.743902439
vt 0.000000000 0.000000000
vt 0.450000000 0.000000000
vt 0.450000000 3.000000000
vn -1.000000000000 0.000000000000 0.000000000000
vn -1.000000000000 0.000000000000 0.000000000000
vn -1.000000000000 0.000000000000 0.000000000000
f 322/322/322 323/323/323 324/324/324
v -17820.000000000 -20122.432518000 -1320.274390244
v -17785.000000000 -19822.432518000 -1320.274390244
v -17785.000000000 -20122.432518000 -1320.274390244
vt 0.000000000 0.000000000
vt 3.020347662 0.000000000
vt 0.040558245 0.347642099
vn 0.000000000000 0.000000000000 -1.000000000000
vn 0.000000000000 0.000000000000 -1.000000000000
vn 0.000000000000 0.000000000000 -1.000000000000
f 325/325/325 326/326/326 327/327/327
v -17820.000000000 -20122.432518000 -1320.274390244
v -17820.000000000 -19822.432518000 -1320.274390244
v -17785.000000000 -19822.432518000 -1320.274390244
vt 0.000000000 0.000000000
vt 3.000000000 0.000000000
vt 3.000000000 0.350000000
vn 0.000000000000 0.000000000000 -1.000000000000
vn 0.000000000000 0.000000000000 -1.000000000000
vn 0.000000000000 0.000000000000 -1.000000000000
f 328/328/328 329/329/329 330/330/330
v -17820.000000000 -19822.432518000 -1275.274390244
v -17785.000000000 -20122.432518000 -1275.274390244
v -17785.000000000 -19822.432518000 -1275.274390244
vt 0.000000000 0.000000000
vt 3.020347662 0.000000000
vt 0.040558245 0.347642099
vn -0.000000000000 0.000000000000 1.000000000000
vn -0.000000000000 0.000000000000 1.000000000000
vn -0.000000000000 0.000000000000 1.000000000000
f 331/331/331 332/332/332 333/333/333
v -17820.000000000 -19822.432518000 -1275.274390244
v -17820.000000000 -20122.432518000 -1275.274390244
v -17785.000000000 -20122.432518000 -1275.274390244
vt 0.000000000 0.000000000
vt 3.000000000 0.000000000
vt 3.000000000 0.350000000
vn 0.000000000000 0.000000000000 1.000000000000
vn 0.000000000000 0.000000000000 1.000000000000
vn 0.000000000000 0.000000000000 1.000000000000
f 334/334/334 335/335/335 336/336/336
v -17820.000000000 -19822.432518000 -1320.274390244
v -17785.000000000 -19822.432518000 -1275.274390244
v -17785.000000000 -19822.432518000 -1320.274390244
vt 0.000000000 0.000000000
vt 0.570087713 0.000000000
vt 0.214879215 0.276273276
vn 0.000000000000 1.000000000000 0.000000000000
vn 0.000000000000 1.000000000000 0.000000000000
vn 0.000000000000 1.000000000000 0.000000000000
f 337/337/337 338/338/338 339/339/339
v -17820.000000000 -19822.432518000 -1320.274390244
v -17820.000000000 -19822.432518000 -1275.274390244
v -17785.000000000 -19822.432518000 -1275.274390244
vt 0.000000000 0.000000000
vt 0.450000000 0.000000000
vt 0.450000000 0.350000000
vn 0.000000000000 1.000000000000 0.000000000000
vn 0.000000000000 1.000000000000 0.000000000000
vn 0.000000000000 1.000000000000 0.000000000000
f 340/340/340 341/341/341 342/342/342
v -17785.000000000 -19822.432518000 -1320.274390244
v -17785.000000000 -20122.432518000 -1275.274390244
v -17785.000000000 -20122.432518000 -1320.274390244
vt 0.000000000 0.000000000
vt 3.033562262 0.000000000
vt 2.966809059 0.445021359
vn 1.000000000000 0.000000000000 0.000000000000
vn 1.000000000000 0.000000000000 0.000000000000
vn 1.000000000000 0.000000000000 0.000000000000
f 343/343/343 344/344/344 345/345/345
v -17785.000000000 -19822.432518000 -1320.274390244
v -17785.000000000 -19822.432518000 -1275.274390244
v -17785.000000000 -20122.432518000 -1275.274390244
vt 0.000000000 0.000000000
vt 0.450000000 0.000000000
vt 0.450000000 3.000000000
vn 1.000000000000 0.000000000000 -0.000000000000
vn 1.000000000000 0.000000000000 -0.000000000000
vn 1.000000000000 0.000000000000 -0.000000000000
f 346/346/346 347/347/347 348/348/348
v -17785.000000000 -20122.432518000 -1320.274390244
v -17820.000000000 -20122.432518000 -1275.274390244
v -17820.000000000 -20122.432518000 -1320.274390244
vt 0.000000000 0.000000000
vt 0.570087713 0.000000000
vt 0.214879215 0.276273276
vn 0.000000000000 -1.000000000000 0.000000000000
vn 0.000000000000 -1.000000000000 0.000000000000
vn 0.000000000000 -1.000000000000 0.000000000000
f 349/349/349 350/350/350 351/351/351
v -17785.000000000 -20122.432518000 -1320.274390244
v -17785.000000000 -20122.432518000 -1275.274390244
v -17820.000000000 -20122.432518000 -1275.274390244
vt 0.000000000 0.000000000
vt 0.450000000 0.000000000
vt 0.450000000 0.350000000
vn 0.000000000000 -1.000000000000 0.000000000000
vn 0.000000000000 -1.000000000000 0.000000000000
vn 0.000000000000 -1.000000000000 0.000000000000
f 352/352/352 353/353/353 354/354/354
v -17820.000000000 -20122.432518000 -1320.274390244
v -17820.000000000 -19822.432518000 -1275.274390244
v -17820.000000000 -19822.432518000 -1320.274390244
vt 0.000000000 0.000000000
vt 3.033562262 0.000000000
vt 2.966809059 0.445021359
vn -1.000000000000 0.000000000000 0.000000000000
vn -1.000000000000 0.000000000000 0.000000000000
vn -1.000000000000 0.000000000000 0.000000000000
f 355/355/355 356/356/356 357/357/357
v -17820.000000000 -20122.432518000 -1320.274390244
v -17820.000000000 -20122.432518000 -1275.274390244
v -17820.000000000 -19822.432518000 -1275.274390244
vt 0.000000000 0.000000000
vt 0.450000000 0.000000000
vt 0.450000000 3.000000000
vn -1.000000000000 0.000000000000 0.000000000000
vn -1.000000000000 0.000000000000 0.000000000000
vn -1.000000000000 0.000000000000 0.000000000000
f 358/358/358 359/359/359 360/360/360
v -17785.000000000 -20122.432518000 -1302.804878049
v -17750.000000000 -19822.432518000 -1302.804878049
v -17750.000000000 -20122.432518000 -1302.804878049
vt 0.000000000 0.000000000
vt 3.020347662 0.000000000
vt 0.040558245 0.347642099
vn 0.000000000000 0.000000000000 -1.000000000000
vn 0.000000000000 0.000000000000 -1.000000000000
vn 0.000000000000 0.000000000000 -1.000000000000
f 361/361/361 362/362/362 363/363/363
v -17785.000000000 -20122.432518000 -1302.804878049
v -17785.000000000 -19822.432518000 -1302.804878049
v -17750.000000000 -19822.432518000 -1302.804878049
vt 0.000000000 0.000000000
vt 3.000000000 0.000000000
vt 3.000000000 0.350000000
vn 0.000000000000 0.000000000000 -1.000000000000
vn 0.000000000000 0.000000000000 -1.000000000000
vn 0.000000000000 0.000000000000 -1.000000000000
f 364/364/364 365/365/365 366/366/366
v -17785.000000000 -19822.432518000 -1257.804878049
v -17750.000000000 -20122.432518000 -1257.804878049
v -17750.000000000 -19822.432518000 -1257.804878049
vt 0.000000000 0.000000000
vt 3.020347662 0.000000000
vt 0.040558245 0.347642099
vn -0.000000000000 0.000000000000 1.000000000000
vn -0.000000000000 0.000000000000 1.000000000000
vn -0.000000000000 0.000000000000 1.000000000000
f 367/367/367 368/368/368 369/369/369
v -17785.000000000 -19822.432518000 -1257.804878049
v -17785.000000000 -20122.432518000 -1257.804878049
v -17750.000000000 -20122.432518000 -1257.804878049
vt 0.000000000 0.000000000
vt 3.000000000 0.000000000
vt 3.000000000 0.350000000
vn 0.000000000000 0.000000000000 1.000000000000
vn 0.000000000000 0.000000000000 1.000000000000
vn 0.000000000000 0.000000000000 1.000000000000
f 370/370/370 371/371/371 372/372/372
v -17785.000000000 -19822.432518000 -1302.804878049
v -17750.000000000 -19822.432518000 -1257.804878049
v -17750.000000000 -19822.432518000 -1302.804878049
vt 0.000000000 0.000000000
vt 0.570087713 0.000000000
vt 0.214879215 0.276273276
vn 0.000000000000 1.000000000000 0.000000000000
vn 0.000000000000 1.000000000000 0.000000000000
vn 0.000000000000 1.000000000000 0.000000000000
f 373/373/373 374/374/374 375/375/375
v -17785.000000000 -19822.432518000 -1302.804878049
v -17785.000000000 -19822.432518000 -1257.804878049
v -17750.000000000 -19822.432518000 -1257.804878049
vt 0.000000000 0.000000000
vt 0.450000000 0.000000000
vt 0.450000000 0.350000000
vn 0.000000000000 1.000000000000 0.000000000000
vn 0.000000000000 1.000000000000 0.000000000000
vn 0.000000000000 1.000000000000 0.000000000000
f 376/376/376 377/377/377 378/378/378
v -17750.000000000 -19822.432518000 -1302.804878049
v -17750.000000000 -20122.432518000 -1257.804878049
v -17750.000000000 -20122.432518000 -1302.804878049
vt 0.000000000 0.000000000
vt 3.033562262 0.000000000
vt 2.966809059 0.445021359
vn 1.000000000000 0.000000000000 0.000000000000
vn 1.000000000000 0.000000000000 0.000000000000
vn 1.000000000000 0.000000000000 0.000000000000
f 379/379/379 380/380/380 381/381/381
v -17750.000000000 -19822.432518000 -1302.804878049
v -17750.000000000 -19822.432518000 -1257.804878049
v -17750.000000000 -20122.432518000 -1257.804878049
vt 0.000000000 0.000000000
vt 0.450000000 0.000000000
vt 0.450000000 3.000000000
vn 1.000000000000 0.000000000000 -0.000000000000
vn 1.000000000000 0.000000000000 -0.000000000000
vn 1.000000000000 0.000000000000 -0.000000000000
f 382/382/382 383/383/383 384/384/384
v -17750.000000000 -20122.432518000 -1302.804878049
v -17785.000000000 -20122.432518000 -1257.804878049
v -17785.000000000 -20122.432518000 -1302.804878049
vt 0.000000000 0.000000000
vt 0.570087713 0.000000000
vt 0.214879215 0.276273276
vn 0.000000000000 -1.000000000000 0.000000000000
vn 0.000000000000 -1.000000000000 0.000000000000
vn 0.000000000000 -1.000000000000 0.000000000000
f 385/385/385 386/386/386 387/387/387
v -17750.000000000 -20122.432518000 -1302.804878049
v -17750.000000000 -20122.432518000 -1257.804878049
v -17785.000000000 -20122.432518000 -1257.804878049
vt 0.000000000 0.000000000
vt 0.450000000 0.000000000
vt 0.450000000 0.350000000
vn 0.000000000000 -1.000000000000 0.000000000000
vn 0.000000000000 -1.000000000000 0.000000000000
vn 0.000000000000 -1.000000000000 0.000000000000
f 388/388/388 389/389/389 390/390/390
v -17785.000000000 -20122.432518000 -1302.804878049
v -17785.000000000 -19822.432518000 -1257.804878049
v -17785.000000000 -19822.432518000 -1302.804878049
vt 0.000000000 0.000000000
vt 3.033562262 0.000000000
vt 2.966809059 0.445021359
vn -1.000000000000 0.000000000000 0.000000000000
vn -1.000000000000 0.000000000000 0.000000000000
vn -1.000000000000 0.000000000000 0.000000000000
f 391/391/391 392/392/392 393/393/393
v -17785.000000000 -20122.432518000 -1302.804878049
v -17785.000000000 -20122.432518000 -1257.804878049
v -17785.000000000 -19822.432518000 -1257.804878049
vt 0.000000000 0.000000000
vt 0.450000000 0.000000000
vt 0.450000000 3.000000000
vn -1.000000000000 0.000000000000 0.000000000000
vn -1.000000000000 0.000000000000 0.000000000000
vn -1.000000000000 0.000000000000 0.000000000000
f 394/394/394 395/395/395 396/396/396
v -17750.000000000 -20122.432518000 -1285.335365854
v -17715.000000000 -19822.432518000 -1285.335365854
v -17715.000000000 -20122.432518000 -1285.335365854
vt 0.000000000 0.000000000
vt 3.020347662 0.000000000
vt 0.040558245 0.347642099
vn 0.000000000000 0.000000000000 -1.000000000000
vn 0.000000000000 0.000000000000 -1.000000000000
vn 0.000000000000 0.000000000000 -1.000000000000
f 397/397/397 398/398/398 399/399/399
v -17750.000000000 -20122.432518000 -1285.335365854
v -17750.000000000 -19822.432518000 -1285.335365854
v -17715.000000000 -19822.432518000 -1285.335365854
vt 0.000000000 0.000000000
vt 3.000000000 0.000000000
vt 3.000000000 0.350000000
vn 0.000000000000 0.000000000000 -1.000000000000
vn 0.000000000000 0.000000000000 -1.000000000000
vn 0.000000000000 0.000000000000 -1.000000000000
f 400/400/400 401/401/401 402/402/402
v -17750.000000000 -19822.432518000 -1240.335365854
v -17715.000000000 -20122.432518000 -1240.335365854
v -17715.000000000 -19822.432518000 -1240.335365854
vt 0.000000000 0.000000000
vt 3.020347662 0.000000000
vt 0.040558245 0.347642099
vn -0.000000000000 0.000000000000 1.000000000000
vn -0.000000000000 0.000000000000 1.000000000000
vn -0.000000000000 0.000000000000 1.000000000000
f 403/403/403 404/404/404 405/405/405
v -17750.000000000 -19822.432518000 -1240.335365854
v -17750.000000000 -20122.432518000 -1240.335365854
v -17715.000000000 -20122.432518000 -1240.335365854
vt 0.000000000 0.000000000
vt 3.000000000 0.000000000
vt 3.000000000 0.350000000
vn 0.000000000000 0.000000000000 1.000000000000
vn 0.000000000000 0.000000000000 1.000000000000
vn 0.000000000000 0.000000000000 1.000000000000
f 406/406/406 407/407/407 408/408/408
v -17750.000000000 -19822.432518000 -1285.335365854
v -17715.000000000 -19822.432518000 -1240.335365854
v -17715.000000000 -19822.432518000 -1285.335365854
vt 0.000000000 0.000000000
vt 0.570087713 0.000000000
vt 0.214879215 0.276273276
vn 0.000000000000 1.000000000000 0.000000000000
vn 0.000000000000 1.000000000000 0.000000000000
vn 0.000000000000 1.000000000000 0.000000000000
f 409/409/409 410/410/410 411/411/411
v -17750.000000000 -19822.432518000 -1285.335365854
v -17750.000000000 -19822.432518000 -1240.335365854
v -17715.000000000 -19822.432518000 -1240.335365854
vt 0.000000000 0.000000000
vt 0.450000000 0.000000000
vt 0.450000000 0.350000000
vn 0.000000000000 1.000000000000 0.000000000000
vn 0.000000000000 1.000000000000 0.000000000000
vn 0.000000000000 1.000000000000 0.000000000000
f 412/412/412 413/413/413 414/414/414
v -17715.000000000 -19822.432518000 -1285.335365854
v -17715.000000000 -20122.432518000 -1240.335365854
v -17715.000000000 -20122.432518000 -1285.335365854
vt 0.000000000 0.000000000
vt 3.033562262 0.000000000
vt 2.966809059 0.445021359
vn 1.000000000000 0.000000000000 0.000000000000
vn 1.000000000000 0.000000000000 0.000000000000
vn 1.000000000000 0.000000000000 0.000000000000
f 415/415/415 416/416/416 417/417/417
v -17715.000000000 -19822.432518000 -1285.335365854
v -17715.000000000 -19822.432518000 -1240.335365854
v -17715.000000000 -20122.432518000 -1240.335365854
vt 0.000000000 0.000000000
vt 0.450000000 0.000000000
vt 0.450000000 3.000000000
vn 1.000000000000 0.000000000000 -0.000000000000
vn 1.000000000000 0.000000000000 -0.000000000000
vn 1.000000000000 0.000000000000 -0.000000000000
f 418/418/418 419/419/419 420/420/420
v -17715.000000000 -20122.432518000 -1285.335365854
v -17750.000000000 -20122.432518000 -1240.335365854
v -17750.000000000 -20122.432518000 -1285.335365854
vt 0.000000000 0.000000000
vt 0.570087713 0.000000000
vt 0.214879215 0.276273276
vn 0.000000000000 -1.000000000000 0.000000000000
vn 0.000000000000 -1.000000000000 0.000000000000
vn 0.000000000000 -1.000000000000 0.000000000000
f 421/421/421 422/422/422 423/423/423
v -17715.000000000 -20122.432518000 -1285.335365854
v -17715.000000000 -20122.432518000 -1240.335365854
v -17750.000000000 -20122.432518000 -1240.335365854
vt 0.000000000 0.000000000
vt 0.450000000 0.000000000
vt 0.450000000 0.350000000
vn 0.000000000000 -1.000000000000 0.000000000000
vn 0.000000000000 -1.000000000000 0.000000000000
vn 0.000000000000 -1.000000000000 0.000000000000
f 424/424/424 425/425/425 426/426/426
v -17750.000000000 -20122.432518000 -1285.335365854
v -17750.000000000 -19822.432518000 -1240.335365854
v -17750.000000000 -19822.432518000 -1285.335365854
vt 0.000000000 0.000000000
vt 3.033562262 0.000000000
vt 2.966809059 0.445021359
vn -1.000000000000 0.000000000000 0.000000000000
vn -1.000000000000 0.000000000000 0.000000000000
vn -1.000000000000 0.000000000000 0.000000000000
f 427/427/427 428/428/428 429/429/429
v -17750.000000000 -20122.432518000 -1285.335365854
v -17750.000000000 -20122.432518000 -1240.335365854
v -17750.000000000 -19822.432518000 -1240.335365854
vt 0.000000000 0.000000000
vt 0.450000000 0.000000000
vt 0.450000000 3.000000000
vn -1.000000000000 0.000000000000 0.000000000000
vn -1.000000000000 0.000000000000 0.000000000000
vn -1.000000000000 0.000000000000 0.000000000000
f 430/430/430 431/431/431 432/432/432
v -17715.000000000 -20122.432518000 -1267.865853659
v -17680.000000000 -19822.432518000 -1267.865853659
v -17680.000000000 -20122.432518000 -1267.865853659
vt 0.000000000 0.000000000
vt 3.020347662 0.000000000
vt 0.040558245 0.347642099
vn 0.000000000000 0.000000000000 -1.000000000000
vn 0.000000000000 0.000000000000 -1.000000000000
vn 0.000000000000 0.000000000000 -1.000000000000
f 433/433/433 434/434/434 435/435/435
v -17715.000000000 -20122.432518000 -1267.865853659
v -17715.000000000 -19822.432518000 -1267.865853659
v -17680.000000000 -19822.432518000 -1267.865853659
vt 0.000000000 0.000000000
vt 3.000000000 0.000000000
vt 3.000000000 0.350000000
vn 0.000000000000 0.000000000000 -1.000000000000
vn 0.000000000000 0.000000000000 -1.000000000000
vn 0.000000000000 0.000000000000 -1.000000000000
f 436/436/436 437/437/437 438/438/438
v -17715.000000000 -19822.432518000 -1222.865853659
v -17680.000000000 -20122.432518000 -1222.865853659
v -17680.000000000 -19822.432518000 -1222.865853659
vt 0.000000000 0.000000000
vt 3.020347662 0.000000000
vt 0.040558245 0.347642099
vn -0.000000000000 0.000000000000 1.000000000000
vn -0.000000000000 0.000000000000 1.000000000000
vn -0.000000000000 0.000000000000 1.000000000000
f 439/439/439 440/440/440 441/441/441
v -17715.000000000 -19822.432518000 -1222.865853659
v -17715.000000000 -20122.432518000 -1222.865853659
v -17680.000000000 -20122.432518000 -1222.865853659
vt 0.000000000 0.000000000
vt 3.000000000 0.000000000
vt 3.000000000 0.350000000
vn 0.000000000000 0.000000000000 1.000000000000
vn 0.000000000000 0.000000000000 1.000000000000
vn 0.000000000000 0.000000000000 1.000000000000
f 442/442/442 443/443/443 444/444/444
v -17715.000000000 -19822.432518000 -1267.865853659
v -17680.000000000 -19822.432518000 -1222.865853659
v -17680.000000000 -19822.432518000 -1267.865853659
vt 0.000000000 0.000000000
vt 0.570087713 0.000000000
vt 0.214879215 0.276273276
vn 0.000000000000 1.000000000000 0.000000000000
vn 0.000000000000 1.000000000000 0.000000000000
vn 0.000000000000 1.000000000000 0.000000000000
f 445/445/445 446/446/446 447/447/447
v -17715.000000000 -19822.432518000 -1267.865853659
v -17715.000000000 -19822.432518000 -1222.865853659
v -17680.000000000 -19822.432518000 -1222.865853659
vt 0.000000000 0.000000000
vt 0.450000000 0.000000000
vt 0.450000000 0.350000000
vn 0.000000000000 1.000000000000 0.000000000000
vn 0.000000000000 1.000000000000 0.000000000000
vn 0.000000000000 1.000000000000 0.000000000000
f 448/448/448 449/449/449 450/450/450
v -17680.000000000 -19822.432518000 -1267.865853659
v -17680.000000000 -20122.432518000 -1222.865853659
v -17680.000000000 -20122.432518000 -1267.865853659
vt 0.000000000 0.000000000
vt 3.033562262 0.000000000
vt 2.966809059 0.445021359
vn 1.000000000000 0.000000000000 0.000000000000
vn 1.000000000000 0.000000000000 0.000000000000
vn 1.000000000000 0.000000000000 0.000000000000
f 451/451/451 452/452/452 453/453/453
v -17680.000000000 -19822.432518000 -1267.865853659
v -17680.000000000 -19822.432518000 -1222.865853659
v -17680.000000000 -20122.432518000 -1222.865853659
vt 0.000000000 0.000000000
vt 0.450000000 0.000000000
vt 0.450000000 3.000000000
vn 1.000000000000 0.000000000000 -0.000000000000
vn 1.000000000000 0.000000000000 -0.000000000000
vn 1.000000000000 0.000000000000 -0.000000000000
f 454/454/454 455/455/455 456/456/456
v -17680.000000000 -20122.432518000 -1267.865853659
v -17715.000000000 -20122.432518000 -1222.865853659
v -17715.000000000 -20122.432518000 -1267.865853659
vt 0.000000000 0.000000000
vt 0.570087713 0.000000000
vt 0.214879215 0.276273276
vn 0.000000000000 -1.000000000000 0.000000000000
vn 0.000000000000 -1.000000000000 0.000000000000
vn 0.000000000000 -1.000000000000 0.000000000000
f 457/457/457 458/458/458 459/459/459
v -17680.000000000 -20122.432518000 -1267.865853659
v -17680.000000000 -20122.432518000 -1222.865853659
v -17715.000000000 -20122.432518000 -1222.865853659
vt 0.000000000 0.000000000
vt 0.450000000 0.000000000
vt 0.450000000 0.350000000
vn 0.000000000000 -1.000000000000 0.000000000000
vn 0.000000000000 -1.000000000000 0.000000000000
vn 0.000000000000 -1.000000000000 0.000000000000
f 460/460/460 461/461/461 462/462/462
v -17715.000000000 -20122.432518000 -1267.865853659
v -17715.000000000 -19822.432518000 -1222.865853659
v -17715.000000000 -19822.432518000 -1267.865853659
vt 0.000000000 0.000000000
vt 3.033562262 0.000000000
vt 2.966809059 0.445021359
vn -1.000000000000 0.000000000000 0.000000000000
vn -1.000000000000 0.000000000000 0.000000000000
vn -1.000000000000 0.000000000000 0.000000000000
f 463/463/463 464/464/464 465/465/465
v -17715.000000000 -20122.432518000 -1267.865853659
v -17715.000000000 -20122.432518000 -1222.865853659
v -17715.000000000 -19822.432518000 -1222.865853659
vt 0.000000000 0.000000000
vt 0.450000000 0.000000000
vt 0.450000000 3.000000000
vn -1.000000000000 0.000000000000 0.000000000000
vn -1.000000000000 0.000000000000 0.000000000000
vn -1.000000000000 0.000000000000 0.000000000000
f 466/466/466 467/467/467 468/468/468
v -17680.000000000 -20122.432518000 -1267.865853659
v -17430.000000000 -19822.432518000 -1267.865853659
v -17430.000000000 -20122.432518000 -1267.865853659
vt 0.000000000 0.000000000
vt 3.905124838 0.000000000
vt 1.600460999 1.920553199
vn 0.000000000000 0.000000000000 -1.000000000000
vn 0.000000000000 0.000000000000 -1.000000000000
vn 0.000000000000 0.000000000000 -1.000000000000
f 469/469/469 470/470/470 471/471/471
v -17680.000000000 -20122.432518000 -1267.865853659
v -17680.000000000 -19822.432518000 -1267.865853659
v -17430.000000000 -19822.432518000 -1267.865853659
vt 0.000000000 0.000000000
vt 3.000000000 0.000000000
vt 3.000000000 2.500000000
vn 0.000000000000 0.000000000000 -1.000000000000
vn 0.000000000000 0.000000000000 -1.000000000000
vn 0.000000000000 0.000000000000 -1.000000000000
f 472/472/472 473/473/473 474/474/474
v -17680.000000000 -19822.432518000 -1222.865853659
v -17430.000000000 -20122.432518000 -1222.865853659
v -17430.000000000 -19822.432518000 -1222.865853659
vt 0.000000000 0.000000000
vt 3.905124838 0.000000000
vt 1.600460999 1.920553199
vn -0.000000000000 0.000000000000 1.000000000000
vn -0.000000000000 0.000000000000 1.000000000000
vn -0.000000000000 0.000000000000 1.000000000000
f 475/475/475 476/476/476 477/477/477
v -17680.000000000 -19822.432518000 -1222.865853659
v -17680.000000000 -20122.432518000 -1222.865853659
v -17430.000000000 -20122.432518000 -1222.865853659
vt 0.000000000 0.000000000
vt 3.000000000 0.000000000
vt 3.000000000 2.500000000
vn 0.000000000000 0.000000000000 1.000000000000
vn 0.000000000000 0.000000000000 1.000000000000
vn 0.000000000000 0.000000000000 1.000000000000
f 478/478/478 479/479/479 480/480/480
v -17680.000000000 -19822.432518000 -1267.865853659
v -17430.000000000 -19822.432518000 -1222.865853659
v -17430.000000000 -19822.432518000 -1267.865853659
vt 0.000000000 0.000000000
vt 2.540177159 0.000000000
vt 2.460458310 0.442882496
vn 0.000000000000 1.000000000000 0.000000000000
vn 0.000000000000 1.000000000000 0.000000000000
vn 0.000000000000 1.000000000000 0.000000000000
f 481/481/481 482/482/482 483/483/483
v -17680.000000000 -19822.432518000 -1267.865853659
v -17680.000000000 -19822.432518000 -1222.865853659
v -17430.000000000 -19822.432518000 -1222.865853659
vt 0.000000000 0.000000000
vt 0.450000000 0.000000000
vt 0.450000000 2.500000000
vn 0.000000000000 1.000000000000 0.000000000000
vn 0.000000000000 1.000000000000 0.000000000000
vn 0.000000000000 1.000000000000 0.000000000000
f 484/484/484 485/485/485 486/486/486
v -17430.000000000 -19822.432518000 -1267.865853659
v -17430.000000000 -20122.432518000 -1222.865853659
v -17430.000000000 -20122.432518000 -1267.865853659
vt 0.000000000 0.000000000
vt 3.033562262 0.000000000
vt 2.966809059 0.445021359
vn 1.000000000000 0.000000000000 0.000000000000
vn 1.000000000000 0.000000000000 0.000000000000
vn 1.000000000000 0.000000000000 0.000000000000
f 487/487/487 488/488/488 489/489/489
v -17430.000000000 -19822.432518000 -1267.865853659
v -17430.000000000 -19822.432518000 -1222.865853659
v -17430.000000000 -20122.432518000 -1222.865853659
vt 0.000000000 0.000000000
vt 0.450000000 0.000000000
vt 0.450000000 3.000000000
vn 1.000000000000 0.000000000000 -0.000000000000
vn 1.000000000000 0.000000000000 -0.000000000000
vn 1.000000000000 0.000000000000 -0.000000000000
f 490/490/490 491/491/491 492/492/492
v -17430.000000000 -20122.432518000 -1267.865853659
v -17680.000000000 -20122.432518000 -1222.865853659
v -17680.000000000 -20122.432518000 -1267.865853659
vt 0.000000000 0.000000000
vt 2.540177159 0.000000000
vt 2.460458310 0.442882496
vn 0.000000000000 -1.000000000000 0.000000000000
vn 0.000000000000 -1.000000000000 0.000000000000
vn 0.000000000000 -1.000000000000 0.000000000000
f 493/493/493 494/494/494 495/495/495
v -17430.000000000 -20122.432518000 -1267.865853659
v -17430.000000000 -20122.432518000 -1222.865853659
v -17680.000000000 -20122.432518000 -1222.865853659
vt 0.000000000 0.000000000
vt 0.450000000 0.000000000
vt 0.450000000 2.500000000
vn 0.000000000000 -1.000000000000 0.000000000000
vn 0.000000000000 -1.000000000000 0.000000000000
vn 0.000000000000 -1.000000000000 0.000000000000
f 496/496/496 497/497/497 498/498/498
v -17680.000000000 -20122.432518000 -1267.865853659
v -17680.000000000 -19822.432518000 -1222.865853659
v -17680.000000000 -19822.432518000 -1267.865853659
vt 0.000000000 0.000000000
vt 3.033562262 0.000000000
vt 2.966809059 0.445021359
vn -1.000000000000 0.000000000000 0.000000000000
vn -1.000000000000 0.000000000000 0.000000000000
vn -1.000000000000 0.000000000000 0.000000000000
f 499/499/499 500/500/500 501/501/501
v -17680.000000000 -20122.432518000 -1267.865853659
v -17680.000000000 -20122.432518000 -1222.865853659
v -17680.000000000 -19822.432518000 -1222.865853659
vt 0.000000000 0.000000000
vt 0.450000000 0.000000000
vt 0.450000000 3.000000000
vn -1.000000000000 0.000000000000 0.000000000000
vn -1.000000000000 0.000000000000 0.000000000000
vn -1.000000000000 0.000000000000 0.000000000000
f 502/502/502 503/503/503 504/504/504
v -17430.000000000 -20122.432518000 -1250.396341463
v -17395.000000000 -19822.432518000 -1250.396341463
v -17395.000000000 -20122.432518000 -1250.396341463
vt 0.000000000 0.000000000
vt 3.020347662 0.000000000
vt 0.040558245 0.347642099
vn 0.000000000000 0.000000000000 -1.000000000000
vn 0.000000000000 0.000000000000 -1.000000000000
vn 0.000000000000 0.000000000000 -1.000000000000
f 505/505/505 506/506/506 507/507/507
v -17430.000000000 -20122.432518000 -1250.396341463
v -17430.000000000 -19822.432518000 -1250.396341463
v -17395.000000000 -19822.432518000 -1250.396341463
vt 0.000000000 0.000000000
vt 3.000000000 0.000000000
vt 3.000000000 0.350000000
vn 0.000000000000 0.000000000000 -1.000000000000
vn 0.000000000000 0.000000000000 -1.000000000000
vn 0.000000000000 0.000000000000 -1.000000000000
f 508/508/508 509/509/509 510/510/510
v -17430.000000000 -19822.432518000 -1205.396341463
v -17395.000000000 -20122.432518000 -1205.396341463
v -17395.000000000 -19822.432518000 -1205.396341463
vt 0.000000000 0.000000000
vt 3.020347662 0.000000000
vt 0.040558245 0.347642099
vn -0.000000000000 0.000000000000 1.000000000000
vn -0.000000000000 0.000000000000 1.000000000000
vn -0.000000000000 0.000000000000 1.000000000000
f 511/511/511 512/512/512 513/513/513
v -17430.000000000 -19822.432518000 -1205.396341463
v -17430.000000000 -20122.432518000 -1205.396341463
v -17395.000000000 -20122.432518000 -1205.396341463
vt 0.000000000 0.000000000
vt 3.000000000 0.000000000
vt 3.000000000 0.350000000
vn 0.000000000000 0.000000000000 1.000000000000
vn 0.000000000000 0.000000000000 1.000000000000
vn 0.000000000000 0.000000000000 1.000000000000
f 514/514/514 515/515/515 516/516/516
v -17430.000000000 -19822.432518000 -1250.396341463
v -17395.000000000 -19822.432518000 -1205.396341463
v -17395.000000000 -19822.432518000 -1250.396341463
vt 0.000000000 0.000000000
vt 0.570087713 0.000000000
vt 0.214879215 0.276273276
vn 0.000000000000 1.000000000000 0.000000000000
vn 0.000000000000 1.000000000000 0.000000000000
vn 0.000000000000 1.000000000000 0.000000000000
f 517/517/517 518/518/518 519/519/519
v -17430.000000000 -19822.432518000 -1250.396341463
v -17430.000000000 -19822.432518000 -1205.396341463
v -17395.000000000 -19822.432518000 -1205.396341463
vt 0.000000000 0.000000000
vt 0.450000000 0.000000000
vt 0.450000000 0.350000000
vn 0.000000000000 1.000000000000 0.000000000000
vn 0.000000000000 1.000000000000 0.000000000000
vn 0.000000000000 1.000000000000 0.000000000000
f 520/520/520 521/521/521 522/522/522
v -17395.000000000 -19822.432518000 -1250.396341463
v -17395.000000000 -20122.432518000 -1205.396341463
v -17395.000000000 -20122.432518000 -1250.396341463
vt 0.000000000 0.000000000
vt 3.033562262 0.000000000
vt 2.966809059 0.445021359
vn 1.000000000000 0.000000000000 0.000000000000
vn 1.000000000000 0.000000000000 0.000000000000
vn 1.000000000000 0.000000000000 0.000000000000
f 523/523/523 524/524/524 525/525/525
v -17395.000000000 -19822.432518000 -1250.396341463
v -17395.000000000 -19822.432518000 -1205.396341463
v -17395.000000000 -20122.432518000 -1205.396341463
vt 0.000000000 0.000000000
vt 0.450000000 0.000000000
vt 0.450000000 3.000000000
vn 1.000000000000 0.000000000000 -0.000000000000
vn 1.000000000000 0.000000000000 -0.000000000000
vn 1.000000000000 0.000000000000 -0.000000000000
f 526/526/526 527/527/527 528/528/528
v -17395.000000000 -20122.432518000 -1250.396341463
v -17430.000000000 -20122.432518000 -1205.396341463
v -17430.000000000 -20122.432518000 -1250.396341463
vt 0.000000000 0.000000000
vt 0.570087713 0.000000000
vt 0.214879215 0.276273276
vn 0.000000000000 -1.000000000000 0.000000000000
vn 0.000000000000 -1.000000000000 0.000000000000
vn 0.000000000000 -1.000000000000 0.000000000000
f 529/529/529 530/530/530 531/531/531
v -17395.000000000 -20122.432518000 -1250.396341463
v -17395.000000000 -20122.432518000 -1205.396341463
v -17430.000000000 -20122.432518000 -1205.396341463
vt 0.000000000 0.000000000
vt 0.450000000 0.000000000
vt 0.450000000 0.350000000
vn 0.000000000000 -1.000000000000 0.000000000000
vn 0.000000000000 -1.000000000000 0.000000000000
vn 0.000000000000 -1.000000000000 0.000000000000
f 532/532/532 533/533/533 534/534/534
v -17430.000000000 -20122.432518000 -1250.396341463
v -17430.000000000 -19822.432518000 -1205.396341463
v -17430.000000000 -19822.432518000 -1250.396341463
vt 0.000000000 0.000000000
vt 3.033562262 0.000000000
vt 2.966809059 0.445021359
vn -1.000000000000 0.000000000000 0.000000000000
vn -1.000000000000 0.000000000000 0.000000000000
vn -1.000000000000 0.000000000000 0.000000000000
f 535/535/535 536/536/536 537/537/537
v -17430.000000000 -20122.432518000 -1250.396341463
v -17430.000000000 -20122.432518000 -1205.396341463
v -17430.000000000 -19822.432518000 -1205.396341463
vt 0.000000000 0.000000000
vt 0.450000000 0.000000000
vt 0.450000000 3.000000000
vn -1.000000000000 0.000000000000 0.000000000000
vn -1.000000000000 0.000000000000 0.000000000000
vn -1.000000000000 0.000000000000 0.000000000000
f 538/538/538 539/539/539 540/540/540
v -17395.000000000 -20122.432518000 -1232.926829268
v -17360.000000000 -19822.432518000 -1232.926829268
v -17360.000000000 -20122.432518000 -1232.926829268
vt 0.000000000 0.000000000
vt 3.020347662 0.000000000
vt 0.040558245 0.347642099
vn 0.000000000000 0.000000000000 -1.000000000000
vn 0.000000000000 0.000000000000 -1.000000000000
vn 0.000000000000 0.000000000000 -1.000000000000
f 541/541/541 542/542/542 543/543/543
v -17395.000000000 -20122.432518000 -1232.926829268
v -17395.000000000 -19822.432518000 -1232.926829268
v -17360.000000000 -19822.432518000 -1232.926829268
vt 0.000000000 0.000000000
vt 3.000000000 0.000000000
vt 3.000000000 0.350000000
vn 0.000000000000 0.000000000000 -1.000000000000
vn 0.000000000000 0.000000000000 -1.000000000000
vn 0.000000000000 0.000000000000 -1.000000000000
f 544/544/544 545/545/545 546/546/546
v -17395.000000000 -19822.432518000 -1187.926829268
v -17360.000000000 -20122.432518000 -1187.926829268
v -17360.000000000 -19822.432518000 -1187.926829268
vt 0.000000000 0.000000000
vt 3.020347662 0.000000000
vt 0.040558245 0.347642099
vn -0.000000000000 0.000000000000 1.000000000000
vn -0.000000000000 0.000000000000 1.000000000000
vn -0.000000000000 0.000000000000 1.000000000000
f 547/547/547 548/548/548 549/549/549
v -17395.000000000 -19822.432518000 -1187.926829268
v -17395.000000000 -20122.432518000 -1187.926829268
v -17360.000000000 -20122.432518000 -1187.926829268
vt 0.000000000 0.000000000
vt 3.000000000 0.000000000
vt 3.000000000 0.350000000
vn 0.000000000000 0.000000000000 1.000000000000
vn 0.000000000000 0.000000000000 1.000000000000
vn 0.000000000000 0.000000000000 1.000000000000
f 550/550/550 551/551/551 552/552/552
v -17395.000000000 -19822.432518000 -1232.926829268
v -17360.000000000 -19822.432518000 -1187.926829268
v -17360.000000000 -19822.432518000 -1232.926829268
vt 0.000000000 0.000000000
vt 0.570087713 0.000000000
vt 0.214879215 0.276273276
vn 0.000000000000 1.000000000000 0.000000000000
vn 0.000000000000 1.000000000000 0.000000000000
vn 0.000000000000 1.000000000000 0.000000000000
f 553/553/553 554/554/554 555/555/555
v -17395.000000000 -19822.432518000 -1232.926829268
v -17395.000000000 -19822.432518000 -1187.926829268
v -17360.000000000 -19822.432518000 -1187.926829268
vt 0.000000000 0.000000000
vt 0.450000000 0.000000000
vt 0.450000000 0.350000000
vn 0.000000000000 1.000000000000 0.000000000000
vn 0.000000000000 1.000000000000 0.000000000000
vn 0.000000000000 1.000000000000 0.000000000000
f 556/556/556 557/557/557 558/558/558
v -17360.000000000 -19822.432518000 -1232.926829268
v -17360.000000000 -20122.432518000 -1187.926829268
v -17360.000000000 -20122.432518000 -1232.926829268
vt 0.000000000 0.000000000
vt 3.033562262 0.000000000
vt 2.966809059 0.445021359
vn 1.000000000000 0.000000000000 0.000000000000
vn 1.000000000000 0.000000000000 0.000000000000
vn 1.000000000000 0.000000000000 0.000000000000
f 559/559/559 560/560/560 561/561/561
v -17360.000000000 -19822.432518000 -1232.926829268
v -17360.000000000 -19822.432518000 -1187.926829268
v -17360.000000000 -20122.432518000 -1187.926829268
vt 0.000000000 0.000000000
vt 0.450000000 0.000000000
vt 0.450000000 3.000000000
vn 1.000000000000 0.000000000000 -0.000000000000
vn 1.000000000000 0.000000000000 -0.000000000000
vn 1.000000000000 0.000000000000 -0.000000000000
f 562/562/562 563/563/563 564/564/564
v -17360.000000000 -20122.432518000 -1232.926829268
v -17395.000000000 -20122.432518000 -1187.926829268
v -17395.000000000 -20122.432518000 -1232.926829268
vt 0.000000000 0.000000000
vt 0.570087713 0.000000000
vt 0.214879215 0.276273276
vn 0.000000000000 -1.000000000000 0.000000000000
vn 0.000000000000 -1.000000000000 0.000000000000
vn 0.000000000000 -1.000000000000 0.000000000000
f 565/565/565 566/566/566 567/567/567
v -17360.000000000 -20122.432518000 -1232.926829268
v -17360.000000000 -20122.432518000 -1187.926829268
v -17395.000000000 -20122.432518000 -1187.926829268
vt 0.000000000 0.000000000
vt 0.450000000 0.000000000
vt 0.450000000 0.350000000
vn 0.000000000000 -1.000000000000 0.000000000000
vn 0.000000000000 -1.000000000000 0.000000000000
vn 0.000000000000 -1.000000000000 0.000000000000
f 568/568/568 569/569/569 570/570/570
v -17395.000000000 -20122.432518000 -1232.926829268
v -17395.000000000 -19822.432518000 -1187.926829268
v -17395.000000000 -19822.432518000 -1232.926829268
vt 0.000000000 0.000000000
vt 3.033562262 0.000000000
vt 2.966809059 0.445021359
vn -1.000000000000 0.000000000000 0.000000000000
vn -1.000000000000 0.000000000000 0.000000000000
vn -1.000000000000 0.000000000000 0.000000000000
f 571/571/571 572/572/572 573/573/573
v -17395.000000000 -20122.432518000 -1232.926829268
v -17395.000000000 -20122.432518000 -1187.926829268
v -17395.000000000 -19822.432518000 -1187.926829268
vt 0.000000000 0.000000000
vt 0.450000000 0.000000000
vt 0.450000000 3.000000000
vn -1.000000000000 0.000000000000 0.000000000000
vn -1.000000000000 0.000000000000 0.000000000000
vn -1.000000000000 0.000000000000 0.000000000000
f 574/574/574 575/575/575 576/576/576
v -17360.000000000 -20122.432518000 -1215.457317073
v -17325.000000000 -19822.432518000 -1215.457317073
v -17325.000000000 -20122.432518000 -1215.457317073
vt 0.000000000 0.000000000
vt 3.020347662 0.000000000
vt 0.040558245 0.347642099
vn 0.000000000000 0.000000000000 -1.000000000000
vn 0.000000000000 0.000000000000 -1.000000000000
vn 0.000000000000 0.000000000000 -1.000000000000
f 577/577/577 578/578/578 579/579/579
v -17360.000000000 -20122.432518000 -1215.457317073
v -17360.000000000 -19822.432518000 -1215.457317073
v -17325.000000000 -19822.432518000 -1215.457317073
vt 0.000000000 0.000000000
vt 3.000000000 0.000000000
vt 3.000000000 0.350000000
vn 0.000000000000 0.000000000000 -1.000000000000
vn 0.000000000000 0.000000000000 -1.000000000000
vn 0.000000000000 0.000000000000 -1.000000000000
f 580/580/580 581/581/581 582/582/582
v -17360.000000000 -19822.432518000 -1170.457317073
v -17325.000000000 -20122.432518000 -1170.457317073
v -17325.000000000 -19822.432518000 -1170.457317073
vt 0.000000000 0.000000000
vt 3.020347662 0.000000000
vt 0.040558245 0.347642099
vn -0.000000000000 0.000000000000 1.000000000000
vn -0.000000000000 0.000000000000 1.000000000000
vn -0.000000000000 0.000000000000 1.000000000000
f 583/583/583 584/584/584 585/585/585
v -17360.000000000 -19822.432518000 -1170.457317073
v -17360.000000000 -20122.432518000 -1170.457317073
v -17325.000000000 -20122.432518000 -1170.457317073
vt 0.000000000 0.000000000
vt 3.000000000 0.000000000
vt 3.000000000 0.350000000
vn 0.000000000000 0.000000000000 1.000000000000
vn 0.000000000000 0.000000000000 1.000000000000
vn 0.000000000000 0.000000000000 1.000000000000
f 586/586/586 587/587/587 588/588/588
v -17360.000000000 -19822.432518000 -1215.457317073
v -17325.000000000 -19822.432518000 -1170.457317073
v -17325.000000000 -19822.432518000 -1215.457317073
vt 0.000000000 0.000000000
vt 0.570087713 0.000000000
vt 0.214879215 0.276273276
vn 0.000000000000 1.000000000000 0.000000000000
vn 0.000000000000 1.000000000000 0.000000000000
vn 0.000000000000 1.000000000000 0.000000000000
f 589/589/589 590/590/590 591/591/591
v -17360.000000000 -19822.432518000 -1215.457317073
v -17360.000000000 -19822.432518000 -1170.457317073
v -17325.000000000 -19822.432518000 -1170.457317073
vt 0.000000000 0.000000000
vt 0.450000000 0.000000000
vt 0.450000000 0.350000000
vn 0.000000000000 1.000000000000 0.000000000000
vn 0.000000000000 1.000000000000 0.000000000000
vn 0.000000000000 1.000000000000 0.000000000000
f 592/592/592 593/593/593 594/594/594
v -17325.000000000 -19822.432518000 -1215.457317073
v -17325.000000000 -20122.432518000 -1170.457317073
v -17325.000000000 -20122.432518000 -1215.457317073
vt 0.000000000 0.000000000
vt 3.033562262 0.000000000
vt 2.966809059 0.445021359
vn 1.000000000000 0.000000000000 0.000000000000
vn 1.000000000000 0.000000000000 0.000000000000
vn 1.000000000000 0.000000000000 0.000000000000
f 595/595/595 596/596/596 597/597/597
v -17325.000000000 -19822.432518000 -1215.457317073
v -17325.000000000 -19822.432518000 -1170.457317073
v -17325.000000000 -20122.432518000 -1170.457317073
vt 0.000000000 0.000000000
vt 0.450000000 0.000000000
vt 0.450000000 3.000000000
vn 1.000000000000 0.000000000000 -0.000000000000
vn 1.000000000000 0.000000000000 -0.000000000000
vn 1.000000000000 0.000000000000 -0.000000000000
f 598/598/598 599/599/599 600/600/600
v -17325.000000000 -20122.432518000 -1215.457317073
v -17360.000000000 -20122.432518000 -1170.457317073
v -17360.000000000 -20122.432518000 -1215.457317073
vt 0.000000000 0.000000000
vt 0.570087713 0.000000000
vt 0.214879215 0.276273276
vn 0.000000000000 -1.000000000000 0.000000000000
vn 0.000000000000 -1.000000000000 0.000000000000
vn 0.000000000000 -1.000000000000 0.000000000000
f 601/601/601 602/602/602 603/603/603
v -17325.000000000 -20122.432518000 -1215.457317073
v -17325.000000000 -20122.432518000 -1170.457317073
v -17360.000000000 -20122.432518000 -1170.457317073
vt 0.000000000 0.000000000
vt 0.450000000 0.000000000
vt 0.450000000 0.350000000
vn 0.000000000000 -1.000000000000 0.000000000000
vn 0.000000000000 -1.000000000000 0.000000000000
vn 0.000000000000 -1.000000000000 0.000000000000
f 604/604/604 605/605/605 606/606/606
v -17360.000000000 -20122.432518000 -1215.457317073
v -17360.000000000 -19822.432518000 -1170.457317073
v -17360.000000000 -19822.432518000 -1215.457317073
vt 0.000000000 0.000000000
vt 3.033562262 0.000000000
vt 2.966809059 0.445021359
vn -1.000000000000 0.000000000000 0.000000000000
vn -1.000000000000 0.000000000000 0.000000000000
vn -1.000000000000 0.000000000000 0.000000000000
f 607/607/607 608/608/608 609/609/609
v -17360.000000000 -20122.432518000 -1215.457317073
v -17360.000000000 -20122.432518000 -1170.457317073
v -17360.000000000 -19822.432518000 -1170.457317073
vt 0.000000000 0.000000000
vt 0.450000000 0.000000000
vt 0.450000000 3.000000000
vn -1.000000000000 0.000000000000 0.000000000000
vn -1.000000000000 0.000000000000 0.000000000000
vn -1.000000000000 0.000000000000 0.000000000000
f 610/610/610 611/611/611 612/612/612
v -17325.000000000 -20122.432518000 -1197.987804878
v -17290.000000000 -19822.432518000 -1197.987804878
v -17290.000000000 -20122.432518000 -1197.987804878
vt 0.000000000 0.000000000
vt 3.020347662 0.000000000
vt 0.040558245 0.347642099
vn 0.000000000000 0.000000000000 -1.000000000000
vn 0.000000000000 0.000000000000 -1.000000000000
vn 0.000000000000 0.000000000000 -1.000000000000
f 613/613/613 614/614/614 615/615/615
v -17325.000000000 -20122.432518000 -1197.987804878
v -17325.000000000 -19822.432518000 -1197.987804878
v -17290.000000000 -19822.432518000 -1197.987804878
vt 0.000000000 0.000000000
vt 3.000000000 0.000000000
vt 3.000000000 0.350000000
vn 0.000000000000 0.000000000000 -1.000000000000
vn 0.000000000000 0.000000000000 -1.000000000000
vn 0.000000000000 0.000000000000 -1.000000000000
f 616/616/616 617/617/617 618/618/618
v -17325.000000000 -19822.432518000 -1152.987804878
v -17290.000000000 -20122.432518000 -1152.987804878
v -17290.000000000 -19822.432518000 -1152.987804878
vt 0.000000000 0.000000000
vt 3.020347662 0.000000000
vt 0.040558245 0.347642099
vn -0.000000000000 0.000000000000 1.000000000000
vn -0.000000000000 0.000000000000 1.000000000000
vn -0.000000000000 0.000000000000 1.000000000000
f 619/619/619 620/620/620 621/621/621
v -17325.000000000 -19822.432518000 -1152.987804878
v -17325.000000000 -20122.432518000 -1152.987804878
v -17290.000000000 -20122.432518000 -1152.987804878
vt 0.000000000 0.000000000
vt 3.000000000 0.000000000
vt 3.000000000 0.350000000
vn 0.000000000000 0.000000000000 1.000000000000
vn 0.000000000000 0.000000000000 1.000000000000
vn 0.000000000000 0.000000000000 1.000000000000
f 622/622/622 623/623/623 624/624/624
v -17325.000000000 -19822.432518000 -1197.987804878
v -17290.000000000 -19822.432518000 -1152.987804878
v -17290.000000000 -19822.432518000 -1197.987804878
vt 0.000000000 0.000000000
vt 0.570087713 0.000000000
vt 0.214879215 0.276273276
vn 0.000000000000 1.000000000000 0.000000000000
vn 0.000000000000 1.000000000000 0.000000000000
vn 0.000000000000 1.000000000000 0.000000000000
f 625/625/625 626/626/626 627/627/627
v -17325.000000000 -19822.432518000 -1197.987804878
v -17325.000000000 -19822.432518000 -1152.987804878
v -17290.000000000 -19822.432518000 -1152.987804878
vt 0.000000000 0.000000000
vt 0.450000000 0.000000000
vt 0.450000000 0.350000000
vn 0.000000000000 1.000000000000 0.000000000000
vn 0.000000000000 1.000000000000 0.000000000000
vn 0.000000000000 1.000000000000 0.000000000000
f 628/628/628 629/629/629 630/630/630
v -17290.000000000 -19822.432518000 -1197.987804878
v -17290.000000000 -20122.432518000 -1152.987804878
v -17290.000000000 -20122.432518000 -1197.987804878
vt 0.000000000 0.000000000
vt 3.033562262 0.000000000
vt 2.966809059 0.445021359
vn 1.000000000000 0.000000000000 0.000000000000
vn 1.000000000000 0.000000000000 0.000000000000
vn 1.000000000000 0.000000000000 0.000000000000
f 631/631/631 632/632/632 633/633/633
v -17290.000000000 -19822.432518000 -1197.987804878
v -17290.000000000 -19822.432518000 -1152.987804878
v -17290.000000000 -20122.432518000 -1152.987804878
vt 0.000000000 0.000000000
vt 0.450000000 0.000000000
vt 0.450000000 3.000000000
vn 1.000000000000 0.000000000000 -0.000000000000
vn 1.000000000000 0.000000000000 -0.000000000000
vn 1.000000000000 0.000000000000 -0.000000000000
f 634/634/634 635/635/635 636/636/636
v -17290.000000000 -20122.432518000 -1197.987804878
v -17325.000000000 -20122.432518000 -1152.987804878
v -17325.000000000 -20122.432518000 -1197.987804878
vt 0.000000000 0.000000000
vt 0.570087713 0.000000000
vt 0.214879215 0.276273276
vn 0.000000000000 -1.000000000000 0.000000000000
vn 0.000000000000 -1.000000000000 0.000000000000
vn 0.000000000000 -1.000000000000 0.000000000000
f 637/637/637 638/638/638 639/639/639
v -17290.000000000 -20122.432518000 -1197.987804878
v -17290.000000000 -20122.432518000 -1152.987804878
v -17325.000000000 -20122.432518000 -1152.987804878
vt 0.000000000 0.000000000
vt 0.450000000 0.000000000
vt 0.450000000 0.350000000
vn 0.000000000000 -1.000000000000 0.000000000000
vn 0.000000000000 -1.000000000000 0.000000000000
vn 0.000000000000 -1.000000000000 0.000000000000
f 640/640/640 641/641/641 642/642/642
v -17325.000000000 -20122.432518000 -1197.987804878
v -17325.000000000 -19822.432518000 -1152.987804878
v -17325.000000000 -19822.432518000 -1197.987804878
vt 0.000000000 0.000000000
vt 3.033562262 0.000000000
vt 2.966809059 0.445021359
vn -1.000000000000 0.000000000000 0.000000000000
vn -1.000000000000 0.000000000000 0.000000000000
vn -1.000000000000 0.000000000000 0.000000000000
f 643/643/643 644/644/644 645/645/645
v -17325.000000000 -20122.432518000 -1197.987804878
v -17325.000000000 -20122.432518000 -1152.987804878
v -17325.000000000 -19822.432518000 -1152.987804878
vt 0.000000000 0.000000000
vt 0.450000000 0.000000000
vt 0.450000000 3.000000000
vn -1.000000000000 0.000000000000 0.000000000000
vn -1.000000000000 0.000000000000 0.000000000000
vn -1.000000000000 0.000000000000 0.000000000000
f 646/646/646 647/647/647 648/648/648
v -17290.000000000 -20122.432518000 -1180.518292683
v -17255.000000000 -19822.432518000 -1180.518292683
v -17255.000000000 -20122.432518000 -1180.518292683
vt 0.000000000 0.000000000
vt 3.020347662 0.000000000
vt 0.040558245 0.347642099
vn 0.000000000000 0.000000000000 -1.000000000000
vn 0.000000000000 0.000000000000 -1.000000000000
vn 0.000000000000 0.000000000000 -1.000000000000
f 649/649/649 650/650/650 651/651/651
v -17290.000000000 -20122.432518000 -1180.518292683
v -17290.000000000 -19822.432518000 -1180.518292683
v -17255.000000000 -19822.432518000 -1180.518292683
vt 0.000000000 0.000000000
vt 3.000000000 0.000000000
vt 3.000000000 0.350000000
vn 0.000000000000 0.000000000000 -1.000000000000
vn 0.000000000000 0.000000000000 -1.000000000000
vn 0.000000000000 0.000000000000 -1.000000000000
f 652/652/652 653/653/653 654/654/654
v -17290.000000000 -19822.432518000 -1135.518292683
v -17255.000000000 -20122.432518000 -1135.518292683
v -17255.000000000 -19822.432518000 -1135.518292683
vt 0.000000000 0.000000000
vt 3.020347662 0.000000000
vt 0.040558245 0.347642099
vn -0.000000000000 0.000000000000 1.000000000000
vn -0.000000000000 0.000000000000 1.000000000000
vn -0.000000000000 0.000000000000 1.000000000000
f 655/655/655 656/656/656 657/657/657
v -17290.000000000 -19822.432518000 -1135.518292683
v -17290.000000000 -20122.432518000 -1135.518292683
v -17255.000000000 -20122.432518000 -1135.518292683
vt 0.000000000 0.000000000
vt 3.000000000 0.000000000
vt 3.000000000 0.350000000
vn 0.000000000000 0.000000000000 1.000000000000
vn 0.000000000000 0.000000000000 1.000000000000
vn 0.000000000000 0.000000000000 1.000000000000
f 658/658/658 659/659/659 660/660/660
v -17290.000000000 -19822.432518000 -1180.518292683
v -17255.000000000 -19822.432518000 -1135.518292683
v -17255.000000000 -19822.432518000 -1180.518292683
vt 0.000000000 0.000000000
vt 0.570087713 0.000000000
vt 0.214879215 0.276273276
vn 0.000000000000 1.000000000000 0.000000000000
vn 0.000000000000 1.000000000000 0.000000000000
vn 0.000000000000 1.000000000000 0.000000000000
f 661/661/661 662/662/662 663/663/663
v -17290.000000000 -19822.432518000 -1180.518292683
v -17290.000000000 -19822.432518000 -1135.518292683
v -17255.000000000 -19822.432518000 -1135.518292683
vt 0.000000000 0.000000000
vt 0.450000000 0.000000000
vt 0.450000000 0.350000000
vn 0.000000000000 1.000000000000 0.000000000000
vn 0.000000000000 1.000000000000 0.000000000000
vn 0.000000000000 1.000000000000 0.000000000000
f 664/664/664 665/665/665 666/666/666
v -17255.000000000 -19822.432518000 -1180.518292683
v -17255.000000000 -20122.432518000 -1135.518292683
v -17255.000000000 -20122.432518000 -1180.518292683
vt 0.000000000 0.000000000
vt 3.033562262 0.000000000
vt 2.966809059 0.445021359
vn 1.000000000000 0.000000000000 0.000000000000
vn 1.000000000000 0.000000000000 0.000000000000
vn 1.000000000000 0.000000000000 0.000000000000
f 667/667/667 668/668/668 669/669/669
v -17255.000000000 -19822.432518000 -1180.518292683
v -17255.000000000 -19822.432518000 -1135.518292683
v -17255.000000000 -20122.432518000 -1135.518292683
vt 0.000000000 0.000000000
vt 0.450000000 0.000000000
vt 0.450000000 3.000000000
vn 1.000000000000 0.000000000000 -0.000000000000
vn 1.000000000000 0.000000000000 -0.000000000000
vn 1.000000000000 0.000000000000 -0.000000000000
f 670/670/670 671/671/671 672/672/672
v -17255.000000000 -20122.432518000 -1180.518292683
v -17290.000000000 -20122.432518000 -1135.518292683
v -17290.000000000 -20122.432518000 -1180.518292683
vt 0.000000000 0.000000000
vt 0.570087713 0.000000000
vt 0.214879215 0.276273276
vn 0.000000000000 -1.000000000000 0.000000000000
vn 0.000000000000 -1.000000000000 0.000000000000
vn 0.000000000000 -1.000000000000 0.000000000000
f 673/673/673 674/674/674 675/675/675
v -17255.000000000 -20122.432518000 -1180.518292683
v -17255.000000000 -20122.432518000 -1135.518292683
v -17290.000000000 -20122.432518000 -1135.518292683
vt 0.000000000 0.000000000
vt 0.450000000 0.000000000
vt 0.450000000 0.350000000
vn 0.000000000000 -1.000000000000 0.000000000000
vn 0.000000000000 -1.000000000000 0.000000000000
vn 0.000000000000 -1.000000000000 0.000000000000
f 676/676/676 677/677/677 678/678/678
v -17290.000000000 -20122.432518000 -1180.518292683
v -17290.000000000 -19822.432518000 -1135.518292683
v -17290.000000000 -19822.432518000 -1180.518292683
vt 0.000000000 0.000000000
vt 3.033562262 0.000000000
vt 2.966809059 0.445021359
vn -1.000000000000 0.000000000000 0.000000000000
vn -1.000000000000 0.000000000000 0.000000000000
vn -1.000000000000 0.000000000000 0.000000000000
f 679/679/679 680/680/680 681/681/681
v -17290.000000000 -20122.432518000 -1180.518292683
v -17290.000000000 -20122.432518000 -1135.518292683
v -17290.000000000 -19822.432518000 -1135.518292683
vt 0.000000000 0.000000000
vt 0.450000000 0.000000000
vt 0.450000000 3.000000000
vn -1.000000000000 0.000000000000 0.000000000000
vn -1.000000000000 0.000000000000 0.000000000000
vn -1.000000000000 0.000000000000 0.000000000000
f 682/682/682 683/683/683 684/684/684
v -17255.000000000 -20122.432518000 -1163.048780488
v -17220.000000000 -19822.432518000 -1163.048780488
v -17220.000000000 -20122.432518000 -1163.048780488
vt 0.000000000 0.000000000
vt 3.020347662 0.000000000
vt 0.040558245 0.347642099
vn 0.000000000000 0.000000000000 -1.000000000000
vn 0.000000000000 0.000000000000 -1.000000000000
vn 0.000000000000 0.000000000000 -1.000000000000
f 685/685/685 686/686/686 687/687/687
v -17255.000000000 -20122.432518000 -1163.048780488
v -17255.000000000 -19822.432518000 -1163.048780488
v -17220.000000000 -19822.432518000 -1163.048780488
vt 0.000000000 0.000000000
vt 3.000000000 0.000000000
vt 3.000000000 0.350000000
vn 0.000000000000 0.000000000000 -1.000000000000
vn 0.000000000000 0.000000000000 -1.000000000000
vn 0.000000000000 0.000000000000 -1.000000000000
f 688/688/688 689/689/689 690/690/690
v -17255.000000000 -19822.432518000 -1118.048780488
v -17220.000000000 -20122.432518000 -1118.048780488
v -17220.000000000 -19822.432518000 -1118.048780488
vt 0.000000000 0.000000000
vt 3.020347662 0.000000000
vt 0.040558245 0.347642099
vn -0.000000000000 0.000000000000 1.000000000000
vn -0.000000000000 0.000000000000 1.000000000000
vn -0.000000000000 0.000000000000 1.000000000000
f 691/691/691 692/692/692 693/693/693
v -17255.000000000 -19822.432518000 -1118.048780488
v -17255.000000000 -20122.432518000 -1118.048780488
v -17220.000000000 -20122.432518000 -1118.048780488
vt 0.000000000 0.000000000
vt 3.000000000 0.000000000
vt 3.000000000 0.350000000
vn 0.000000000000 0.000000000000 1.000000000000
vn 0.000000000000 0.000000000000 1.000000000000
vn 0.000000000000 0.000000000000 1.000000000000
f 694/694/694 695/695/695 696/696/696
v -17255.000000000 -19822.432518000 -1163.048780488
v -17220.000000000 -19822.432518000 -1118.048780488
v -17220.000000000 -19822.432518000 -1163.048780488
vt 0.000000000 0.000000000
vt 0.570087713 0.000000000
vt 0.214879215 0.276273276
vn 0.000000000000 1.000000000000 0.000000000000
vn 0.000000000000 1.000000000000 0.000000000000
vn 0.000000000000 1.000000000000 0.000000000000
f 697/697/697 698/698/698 699/699/699
v -17255.000000000 -19822.432518000 -1163.048780488
v -17255.000000000 -19822.432518000 -1118.048780488
v -17220.000000000 -19822.432518000 -1118.048780488
vt 0.000000000 0.000000000
vt 0.450000000 0.000000000
vt 0.450000000 0.350000000
vn 0.000000000000 1.000000000000 0.000000000000
vn 0.000000000000 1.000000000000 0.000000000000
vn 0.000000000000 1.000000000000 0.000000000000
f 700/700/700 701/701/701 702/702/702
v -17220.000000000 -19822.432518000 -1163.048780488
v -17220.000000000 -20122.432518000 -1118.048780488
v -17220.000000000 -20122.432518000 -1163.048780488
vt 0.000000000 0.000000000
vt 3.033562262 0.000000000
vt 2.966809059 0.445021359
vn 1.000000000000 0.000000000000 0.000000000000
vn 1.000000000000 0.000000000000 0.000000000000
vn 1.000000000000 0.000000000000 0.000000000000
f 703/703/703 704/704/704 705/705/705
v -17220.000000000 -19822.432518000 -1163.048780488
v -17220.000000000 -19822.432518000 -1118.048780488
v -17220.000000000 -20122.432518000 -1118.048780488
vt 0.000000000 0.000000000
vt 0.450000000 0.000000000
vt 0.450000000 3.000000000
vn 1.000000000000 0.000000000000 -0.000000000000
vn 1.000000000000 0.000000000000 -0.000000000000
vn 1.000000000000 0.000000000000 -0.000000000000
f 706/706/706 707/707/707 708/708/708
v -17220.000000000 -20122.432518000 -1163.048780488
v -17255.000000000 -20122.432518000 -1118.048780488
v -17255.000000000 -20122.432518000 -1163.048780488
vt 0.000000000 0.000000000
vt 0.570087713 0.000000000
vt 0.214879215 0.276273276
vn 0.000000000000 -1.000000000000 0.000000000000
vn 0.000000000000 -1.000000000000 0.000000000000
vn 0.000000000000 -1.000000000000 0.000000000000
f 709/709/709 710/710/710 711/711/711
v -17220.000000000 -20122.432518000 -1163.048780488
v -17220.000000000 -20122.432518000 -1118.048780488
v -17255.000000000 -20122.432518000 -1118.048780488
vt 0.000000000 0.000000000
vt 0.450000000 0.000000000
vt 0.450000000 0.350000000
vn 0.000000000000 -1.000000000000 0.000000000000
vn 0.000000000000 -1.000000000000 0.000000000000
vn 0.000000000000 -1.000000000000 0.000000000000
f 712/712/712 713/713/713 714/714/714
v -17255.000000000 -20122.432518000 -1163.048780488
v -17255.000000000 -19822.432518000 -1118.048780488
v -17255.000000000 -19822.432518000 -1163.048780488
vt 0.000000000 0.000000000
vt 3.033562262 0.000000000
vt 2.966809059 0.445021359
vn -1.000000000000 0.000000000000 0.000000000000
vn -1.000000000000 0.000000000000 0.000000000000
vn -1.000000000000 0.000000000000 0.000000000000
f 715/715/715 716/716/716 717/717/717
v -17255.000000000 -20122.432518000 -1163.048780488
v -17255.000000000 -20122.432518000 -1118.048780488
v -17255.000000000 -19822.432518000 -1118.048780488
vt 0.000000000 0.000000000
vt 0.450000000 0.000000000
vt 0.450000000 3.000000000
vn -1.000000000000 0.000000000000 0.000000000000
vn -1.000000000000 0.000000000000 0.000000000000
vn -1.000000000000 0.000000000000 0.000000000000
f 718/718/718 719/719/719 720/720/720
v -17220.000000000 -20122.432518000 -1145.579268293
v -17185.000000000 -19822.432518000 -1145.579268293
v -17185.000000000 -20122.432518000 -1145.579268293
vt 0.000000000 0.000000000
vt 3.020347662 0.000000000
vt 0.040558245 0.347642099
vn 0.000000000000 0.000000000000 -1.000000000000
vn 0.000000000000 0.000000000000 -1.000000000000
vn 0.000000000000 0.000000000000 -1.000000000000
f 721/721/721 722/722/722 723/723/723
v -17220.000000000 -20122.432518000 -1145.579268293
v -17220.000000000 -19822.432518000 -1145.579268293
v -17185.000000000 -19822.432518000 -1145.579268293
vt 0.000000000 0.000000000
vt 3.000000000 0.000000000
vt 3.000000000 0.350000000
vn 0.000000000000 0.000000000000 -1.000000000000
vn 0.000000000000 0.000000000000 -1.000000000000
vn 0.000000000000 0.000000000000 -1.000000000000
f 724/724/724 725/725/725 726/726/726
v -17220.000000000 -19822.432518000 -1100.579268293
v -17185.000000000 -20122.432518000 -1100.579268293
v -17185.000000000 -19822.432518000 -1100.579268293
vt 0.000000000 0.000000000
vt 3.020347662 0.000000000
vt 0.040558245 0.347642099
vn -0.000000000000 0.000000000000 1.000000000000
vn -0.000000000000 0.000000000000 1.000000000000
vn -0.000000000000 0.000000000000 1.000000000000
f 727/727/727 728/728/728 729/729/729
v -17220.000000000 -19822.432518000 -1100.579268293
v -17220.000000000 -20122.432518000 -1100.579268293
v -17185.000000000 -20122.432518000 -1100.579268293
vt 0.000000000 0.000000000
vt 3.000000000 0.000000000
vt 3.000000000 0.350000000
vn 0.000000000000 0.000000000000 1.000000000000
vn 0.000000000000 0.000000000000 1.000000000000
vn 0.000000000000 0.000000000000 1.000000000000
f 730/730/730 731/731/731 732/732/732
v -17220.000000000 -19822.432518000 -1145.579268293
v -17185.000000000 -19822.432518000 -1100.579268293
v -17185.000000000 -19822.432518000 -1145.579268293
vt 0.000000000 0.000000000
vt 0.570087713 0.000000000
vt 0.214879215 0.276273276
vn 0.000000000000 1.000000000000 0.000000000000
vn 0.000000000000 1.000000000000 0.000000000000
vn 0.000000000000 1.000000000000 0.000000000000
f 733/733/733 734/734/734 735/735/735
v -17220.000000000 -19822.432518000 -1145.579268293
v -17220.000000000 -19822.432518000 -1100.579268293
v -17185.000000000 -19822.432518000 -1100.579268293
vt 0.000000000 0.000000000
vt 0.450000000 0.000000000
vt 0.450000000 0.350000000
vn 0.000000000000 1.000000000000 0.000000000000
vn 0.000000000000 1.000000000000 0.000000000000
vn 0.000000000000 1.000000000000 0.000000000000
f 736/736/736 737/737/737 738/738/738
v -17185.000000000 -19822.432518000 -1145.579268293
v -17185.000000000 -20122.432518000 -1100.579268293
v -17185.000000000 -20122.432518000 -1145.579268293
vt 0.000000000 0.000000000
vt 3.033562262 0.000000000
vt 2.966809059 0.445021359
vn 1.000000000000 0.000000000000 0.000000000000
vn 1.000000000000 0.000000000000 0.000000000000
vn 1.000000000000 0.000000000000 0.000000000000
f 739/739/739 740/740/740 741/741/741
v -17185.000000000 -19822.432518000 -1145.579268293
v -17185.000000000 -19822.432518000 -1100.579268293
v -17185.000000000 -20122.432518000 -1100.579268293
vt 0.000000000 0.000000000
vt 0.450000000 0.000000000
vt 0.450000000 3.000000000
vn 1.000000000000 0.000000000000 -0.000000000000
vn 1.000000000000 0.000000000000 -0.000000000000
vn 1.000000000000 0.000000000000 -0.000000000000
f 742/742/742 743/743/743 744/744/744
v -17185.000000000 -20122.432518000 -1145.579268293
v -17220.000000000 -20122.432518000 -1100.579268293
v -17220.000000000 -20122.432518000 -1145.579268293
vt 0.000000000 0.000000000
vt 0.570087713 0.000000000
vt 0.214879215 0.276273276
vn 0.000000000000 -1.000000000000 0.000000000000
vn 0.000000000000 -1.000000000000 0.000000000000
vn 0.000000000000 -1.000000000000 0.000000000000
f 745/745/745 746/746/746 747/747/747
v -17185.000000000 -20122.432518000 -1145.579268293
v -17185.000000000 -20122.432518000 -1100.579268293
v -17220.000000000 -20122.432518000 -1100.579268293
vt 0.000000000 0.000000000
vt 0.450000000 0.000000000
vt 0.450000000 0.350000000
vn 0.000000000000 -1.000000000000 0.000000000000
vn 0.000000000000 -1.000000000000 0.000000000000
vn 0.000000000000 -1.000000000000 0.000000000000
f 748/748/748 749/749/749 750/750/750
v -17220.000000000 -20122.432518000 -1145.579268293
v -17220.000000000 -19822.432518000 -1100.579268293
v -17220.000000000 -19822.432518000 -1145.579268293
vt 0.000000000 0.000000000
vt 3.033562262 0.000000000
vt 2.966809059 0.445021359
vn -1.000000000000 0.000000000000 0.000000000000
vn -1.000000000000 0.000000000000 0.000000000000
vn -1.000000000000 0.000000000000 0.000000000000
f 751/751/751 752/752/752 753/753/753
v -17220.000000000 -20122.432518000 -1145.579268293
v -17220.000000000 -20122.432518000 -1100.579268293
v -17220.000000000 -19822.432518000 -1100.579268293
vt 0.000000000 0.000000000
vt 0.450000000 0.000000000
vt 0.450000000 3.000000000
vn -1.000000000000 0.000000000000 0.000000000000
vn -1.000000000000 0.000000000000 0.000000000000
vn -1.000000000000 0.000000000000 0.000000000000
f 754/754/754 755/755/755 756/756/756
v -17185.000000000 -20122.432518000 -1128.109756098
v -17150.000000000 -19822.432518000 -1128.109756098
v -17150.000000000 -20122.432518000 -1128.109756098
vt 0.000000000 0.000000000
vt 3.020347662 0.000000000
vt 0.040558245 0.347642099
vn 0.000000000000 0.000000000000 -1.000000000000
vn 0.000000000000 0.000000000000 -1.000000000000
vn 0.000000000000 0.000000000000 -1.000000000000
f 757/757/757 758/758/758 759/759/759
v -17185.000000000 -20122.432518000 -1128.109756098
v -17185.000000000 -19822.432518000 -1128.109756098
v -17150.000000000 -19822.432518000 -1128.109756098
vt 0.000000000 0.000000000
vt 3.000000000 0.000000000
vt 3.000000000 0.350000000
vn 0.000000000000 0.000000000000 -1.000000000000
vn 0.000000000000 0.000000000000 -1.000000000000
vn 0.000000000000 0.000000000000 -1.000000000000
f 760/760/760 761/761/761 762/762/762
v -17185.000000000 -19822.432518000 -1083.109756098
v -17150.000000000 -20122.432518000 -1083.109756098
v -17150.000000000 -19822.432518000 -1083.109756098
vt 0.000000000 0.000000000
vt 3.020347662 0.000000000
vt 0.040558245 0.347642099
vn -0.000000000000 0.000000000000 1.000000000000
vn -0.000000000000 0.000000000000 1.000000000000
vn -0.000000000000 0.000000000000 1.000000000000
f 763/763/763 764/764/764 765/765/765
v -17185.000000000 -19822.432518000 -1083.109756098
v -17185.000000000 -20122.432518000 -1083.109756098
v -17150.000000000 -20122.432518000 -1083.109756098
vt 0.000000000 0.000000000
vt 3.000000000 0.000000000
vt 3.000000000 0.350000000
vn 0.000000000000 0.000000000000 1.000000000000
vn 0.000000000000 0.000000000000 1.000000000000
vn 0.000000000000 0.000000000000 1.000000000000
f 766/766/766 767/767/767 768/768/768
v -17185.000000000 -19822.432518000 -1128.109756098
v -17150.000000000 -19822.432518000 -1083.109756098
v -17150.000000000 -19822.432518000 -1128.109756098
vt 0.000000000 0.000000000
vt 0.570087713 0.000000000
vt 0.214879215 0.276273276
vn 0.000000000000 1.000000000000 0.000000000000
vn 0.000000000000 1.000000000000 0.000000000000
vn 0.000000000000 1.000000000000 0.000000000000
f 769/769/769 770/770/770 771/771/771
v -17185.000000000 -19822.432518000 -1128.109756098
v -17185.000000000 -19822.432518000 -1083.109756098
v -17150.000000000 -19822.432518000 -1083.109756098
vt 0.000000000 0.000000000
vt 0.450000000 0.000000000
vt 0.450000000 0.350000000
vn 0.000000000000 1.000000000000 0.000000000000
vn 0.000000000000 1.000000000000 0.000000000000
vn 0.000000000000 1.000000000000 0.000000000000
f 772/772/772 773/773/773 774/774/774
v -17150.000000000 -19822.432518000 -1128.109756098
v -17150.000000000 -20122.432518000 -1083.109756098
v -17150.000000000 -20122.432518000 -1128.109756098
vt 0.000000000 0.000000000
vt 3.033562262 0.000000000
vt 2.966809059 0.445021359
vn 1.000000000000 0.000000000000 0.000000000000
vn 1.000000000000 0.000000000000 0.000000000000
vn 1.000000000000 0.000000000000 0.000000000000
f 775/775/775 776/776/776 777/777/777
v -17150.000000000 -19822.432518000 -1128.109756098
v -17150.000000000 -19822.432518000 -1083.109756098
v -17150.000000000 -20122.432518000 -1083.109756098
vt 0.000000000 0.000000000
vt 0.450000000 0.000000000
vt 0.450000000 3.000000000
vn 1.000000000000 0.000000000000 -0.000000000000
vn 1.000000000000 0.000000000000 -0.000000000000
vn 1.000000000000 0.000000000000 -0.000000000000
f 778/778/778 779/779/779 780/780/780
v -17150.000000000 -20122.432518000 -1128.109756098
v -17185.000000000 -20122.432518000 -1083.109756098
v -17185.000000000 -20122.432518000 -1128.109756098
vt 0.000000000 0.000000000
vt 0.570087713 0.000000000
vt 0.214879215 0.276273276
vn 0.000000000000 -1.000000000000 0.000000000000
vn 0.000000000000 -1.000000000000 0.000000000000
vn 0.000000000000 -1.000000000000 0.000000000000
f 781/781/781 782/782/782 783/783/783
v -17150.000000000 -20122.432518000 -1128.109756098
v -17150.000000000 -20122.432518000 -1083.109756098
v -17185.000000000 -20122.432518000 -1083.109756098
vt 0.000000000 0.000000000
vt 0.450000000 0.000000000
vt 0.450000000 0.350000000
vn 0.000000000000 -1.000000000000 0.000000000000
vn 0.000000000000 -1.000000000000 0.000000000000
vn 0.000000000000 -1.000000000000 0.000000000000
f 784/784/784 785/785/785 786/786/786
v -17185.000000000 -20122.432518000 -1128.109756098
v -17185.000000000 -19822.432518000 -1083.109756098
v -17185.000000000 -19822.432518000 -1128.109756098
vt 0.000000000 0.000000000
vt 3.033562262 0.000000000
vt 2.966809059 0.445021359
vn -1.000000000000 0.000000000000 0.000000000000
vn -1.000000000000 0.000000000000 0.000000000000
vn -1.000000000000 0.000000000000 0.000000000000
f 787/787/787 788/788/788 789/789/789
v -17185.000000000 -20122.432518000 -1128.109756098
v -17185.000000000 -20122.432518000 -1083.109756098
v -17185.000000000 -19822.432518000 -1083.109756098
vt 0.000000000 0.000000000
vt 0.450000000 0.000000000
vt 0.450000000 3.000000000
vn -1.000000000000 0.000000000000 0.000000000000
vn -1.000000000000 0.000000000000 0.000000000000
vn -1.000000000000 0.000000000000 0.000000000000
f 790/790/790 791/791/791 792/792/792
v -17150.000000000 -20122.432518000 -1110.640243902
v -17115.000000000 -19822.432518000 -1110.640243902
v -17115.000000000 -20122.432518000 -1110.640243902
vt 0.000000000 0.000000000
vt 3.020347662 0.000000000
vt 0.040558245 0.347642099
vn 0.000000000000 0.000000000000 -1.000000000000
vn 0.000000000000 0.000000000000 -1.000000000000
vn 0.000000000000 0.000000000000 -1.000000000000
f 793/793/793 794/794/794 795/795/795
v -17150.000000000 -20122.432518000 -1110.640243902
v -17150.000000000 -19822.432518000 -1110.640243902
v -17115.000000000 -19822.432518000 -1110.640243902
vt 0.000000000 0.000000000
vt 3.000000000 0.000000000
vt 3.000000000 0.350000000
vn 0.000000000000 0.000000000000 -1.000000000000
vn 0.000000000000 0.000000000000 -1.000000000000
vn 0.000000000000 0.000000000000 -1.000000000000
f 796/796/796 797/797/797 798/798/798
v -17150.000000000 -19822.432518000 -1065.640243902
v -17115.000000000 -20122.432518000 -1065.640243902
v -17115.000000000 -19822.432518000 -1065.640243902
vt 0.000000000 0.000000000
vt 3.020347662 0.000000000
vt 0.040558245 0.347642099
vn -0.000000000000 0.000000000000 1.000000000000
vn -0.000000000000 0.000000000000 1.000000000000
vn -0.000000000000 0.000000000000 1.000000000000
f 799/799/799 800/800/800 801/801/801
v -17150.000000000 -19822.432518000 -1065.640243902
v -17150.000000000 -20122.432518000 -1065.640243902
v -17115.000000000 -20122.432518000 -1065.640243902
vt 0.000000000 0.000000000
vt 3.000000000 0.000000000
vt 3.000000000 0.350000000
vn 0.000000000000 0.000000000000 1.000000000000
vn 0.000000000000 0.000000000000 1.000000000000
vn 0.000000000000 0.000000000000 1.000000000000
f 802/802/802 803/803/803 804/804/804
v -17150.000000000 -19822.432518000 -1110.640243902
v -17115.000000000 -19822.432518000 -1065.640243902
v -17115.000000000 -19822.432518000 -1110.640243902
vt 0.000000000 0.000000000
vt 0.570087713 0.000000000
vt 0.214879215 0.276273276
vn 0.000000000000 1.000000000000 0.000000000000
vn 0.000000000000 1.000000000000 0.000000000000
vn 0.000000000000 1.000000000000 0.000000000000
f 805/805/805 806/806/806 807/807/807
v -17150.000000000 -19822.432518000 -1110.640243902
v -17150.000000000 -19822.432518000 -1065.640243902
v -17115.000000000 -19822.432518000 -1065.640243902
vt 0.000000000 0.000000000
vt 0.450000000 0.000000000
vt 0.450000000 0.350000000
vn 0.000000000000 1.000000000000 0.000000000000
vn 0.000000000000 1.000000000000 0.000000000000
vn 0.000000000000 1.000000000000 0.000000000000
f 808/808/808 809/809/809 810/810/810
v -17115.000000000 -19822.432518000 -1110.640243902
v -17115.000000000 -20122.432518000 -1065.640243902
v -17115.000000000 -20122.432518000 -1110.640243902
vt 0.000000000 0.000000000
vt 3.033562262 0.000000000
vt 2.966809059 0.445021359
vn 1.000000000000 0.000000000000 0.000000000000
vn 1.000000000000 0.000000000000 0.000000000000
vn 1.000000000000 0.000000000000 0.000000000000
f 811/811/811 812/812/812 813/813/813
v -17115.000000000 -19822.432518000 -1110.640243902
v -17115.000000000 -19822.432518000 -1065.640243902
v -17115.000000000 -20122.432518000 -1065.640243902
vt 0.000000000 0.000000000
vt 0.450000000 0.000000000
vt 0.450000000 3.000000000
vn 1.000000000000 0.000000000000 -0.000000000000
vn 1.000000000000 0.000000000000 -0.000000000000
vn 1.000000000000 0.000000000000 -0.000000000000
f 814/814/814 815/815/815 816/816/816
v -17115.000000000 -20122.432518000 -1110.640243902
v -17150.000000000 -20122.432518000 -1065.640243902
v -17150.000000000 -20122.432518000 -1110.640243902
vt 0.000000000 0.000000000
vt 0.570087713 0.000000000
vt 0.214879215 0.276273276
vn 0.000000000000 -1.000000000000 0.000000000000
vn 0.000000000000 -1.000000000000 0.000000000000
vn 0.000000000000 -1.000000000000 0.000000000000
f 817/817/817 818/818/818 819/819/819
v -17115.000000000 -20122.432518000 -1110.640243902
v -17115.000000000 -20122.432518000 -1065.640243902
v -17150.000000000 -20122.432518000 -1065.640243902
vt 0.000000000 0.000000000
vt 0.450000000 0.000000000
vt 0.450000000 0.350000000
vn 0.000000000000 -1.000000000000 0.000000000000
vn 0.000000000000 -1.000000000000 0.000000000000
vn 0.000000000000 -1.000000000000 0.000000000000
f 820/820/820 821/821/821 822/822/822
v -17150.000000000 -20122.432518000 -1110.640243902
v -17150.000000000 -19822.432518000 -1065.640243902
v -17150.000000000 -19822.432518000 -1110.640243902
vt 0.000000000 0.000000000
vt 3.033562262 0.000000000
vt 2.966809059 0.445021359
vn -1.000000000000 0.000000000000 0.000000000000
vn -1.000000000000 0.000000000000 0.000000000000
vn -1.000000000000 0.000000000000 0.000000000000
f 823/823/823 824/824/824 825/825/825
v -17150.000000000 -20122.432518000 -1110.640243902
v -17150.000000000 -20122.432518000 -1065.640243902
v -17150.000000000 -19822.432518000 -1065.640243902
vt 0.000000000 0.000000000
vt 0.450000000 0.000000000
vt 0.450000000 3.000000000
vn -1.000000000000 0.000000000000 0.000000000000
vn -1.000000000000 0.000000000000 0.000000000000
vn -1.000000000000 0.000000000000 0.000000000000
f 826/826/826 827/827/827 828/828/828
v -17115.000000000 -20122.432518000 -1093.170731707
v -17080.000000000 -19822.432518000 -1093.170731707
v -17080.000000000 -20122.432518000 -1093.170731707
vt 0.000000000 0.000000000
vt 3.020347662 0.000000000
vt 0.040558245 0.347642099
vn 0.000000000000 0.000000000000 -1.000000000000
vn 0.000000000000 0.000000000000 -1.000000000000
vn 0.000000000000 0.000000000000 -1.000000000000
f 829/829/829 830/830/830 831/831/831
v -17115.000000000 -20122.432518000 -1093.170731707
v -17115.000000000 -19822.432518000 -1093.170731707
v -17080.000000000 -19822.432518000 -1093.170731707
vt 0.000000000 0.000000000
vt 3.000000000 0.000000000
vt 3.000000000 0.350000000
vn 0.000000000000 0.000000000000 -1.000000000000
vn 0.000000000000 0.000000000000 -1.000000000000
vn 0.000000000000 0.000000000000 -1.000000000000
f 832/832/832 833/833/833 834/834/834
v -17115.000000000 -19822.432518000 -1048.170731707
v -17080.000000000 -20122.432518000 -1048.170731707
v -17080.000000000 -19822.432518000 -1048.170731707
vt 0.000000000 0.000000000
vt 3.020347662 0.000000000
vt 0.040558245 0.347642099
vn -0.000000000000 0.000000000000 1.000000000000
vn -0.000000000000 0.000000000000 1.000000000000
vn -0.000000000000 0.000000000000 1.000000000000
f 835/835/835 836/836/836 837/837/837
v -17115.000000000 -19822.432518000 -1048.170731707
v -17115.000000000 -20122.432518000 -1048.170731707
v -17080.000000000 -20122.432518000 -1048.170731707
vt 0.000000000 0.000000000
vt 3.000000000 0.000000000
vt 3.000000000 0.350000000
vn 0.000000000000 0.000000000000 1.000000000000
vn 0.000000000000 0.000000000000 1.000000000000
vn 0.000000000000 0.000000000000 1.000000000000
f 838/838/838 839/839/839 840/840/840
v -17115.000000000 -19822.432518000 -1093.170731707
v -17080.000000000 -19822.432518000 -1048.170731707
v -17080.000000000 -19822.432518000 -1093.170731707
vt 0.000000000 0.000000000
vt 0.570087713 0.000000000
vt 0.214879215 0.276273276
vn 0.000000000000 1.000000000000 0.000000000000
vn 0.000000000000 1.000000000000 0.000000000000
vn 0.000000000000 1.000000000000 0.000000000000
f 841/841/841 842/842/842 843/843/843
v -17115.000000000 -19822.432518000 -1093.170731707
v -17115.000000000 -19822.432518000 -1048.170731707
v -17080.000000000 -19822.432518000 -1048.170731707
vt 0.000000000 0.000000000
vt 0.450000000 0.000000000
vt 0.450000000 0.350000000
vn 0.000000000000 1.000000000000 0.000000000000
vn 0.000000000000 1.000000000000 0.000000000000
vn 0.000000000000 1.000000000000 0.000000000000
f 844/844/844 845/845/845 846/846/846
v -17080.000000000 -19822.432518000 -1093.170731707
v -17080.000000000 -20122.432518000 -1048.170731707
v -17080.000000000 -20122.432518000 -1093.170731707
vt 0.000000000 0.000000000
vt 3.033562262 0.000000000
vt 2.966809059 0.445021359
vn 1.000000000000 0.000000000000 0.000000000000
vn 1.000000000000 0.000000000000 0.000000000000
vn 1.000000000000 0.000000000000 0.000000000000
f 847/847/847 848/848/848 849/849/849
v -17080.000000000 -19822.432518000 -1093.170731707
v -17080.000000000 -19822.432518000 -1048.170731707
v -17080.000000000 -20122.432518000 -1048.170731707
vt 0.000000000 0.000000000
vt 0.450000000 0.000000000
vt 0.450000000 3.000000000
vn 1.000000000000 0.000000000000 -0.000000000000
vn 1.000000000000 0.000000000000 -0.000000000000
vn 1.000000000000 0.000000000000 -0.000000000000
f 850/850/850 851/851/851 852/852/852
v -17080.000000000 -20122.432518000 -1093.170731707
v -17115.000000000 -20122.432518000 -1048.170731707
v -17115.000000000 -20122.432518000 -1093.170731707
vt 0.000000000 0.000000000
vt 0.570087713 0.000000000
vt 0.214879215 0.276273276
vn 0.000000000000 -1.000000000000 0.000000000000
vn 0.000000000000 -1.000000000000 0.000000000000
vn 0.000000000000 -1.000000000000 0.000000000000
f 853/853/853 854/854/854 855/855/855
v -17080.000000000 -20122.432518000 -1093.170731707
v -17080.000000000 -20122.432518000 -1048.170731707
v -17115.000000000 -20122.432518000 -1048.170731707
vt 0.000000000 0.000000000
vt 0.450000000 0.000000000
vt 0.450000000 0.350000000
vn 0.000000000000 -1.000000000000 0.000000000000
vn 0.000000000000 -1.000000000000 0.000000000000
vn 0.000000000000 -1.000000000000 0.000000000000
f 856/856/856 857/857/857 858/858/858
v -17115.000000000 -20122.432518000 -1093.170731707
v -17115.000000000 -19822.432518000 -1048.170731707
v -17115.000000000 -19822.432518000 -1093.170731707
vt 0.000000000 0.000000000
vt 3.033562262 0.000000000
vt 2.966809059 0.445021359
vn -1.000000000000 0.000000000000 0.000000000000
vn -1.000000000000 0.000000000000 0.000000000000
vn -1.000000000000 0.000000000000 0.000000000000
f 859/859/859 860/860/860 861/861/861
v -17115.000000000 -20122.432518000 -1093.170731707
v -17115.000000000 -20122.432518000 -1048.170731707
v -17115.000000000 -19822.432518000 -1048.170731707
vt 0.000000000 0.000000000
vt 0.450000000 0.000000000
vt 0.450000000 3.000000000
vn -1.000000000000 0.000000000000 0.000000000000
vn -1.000000000000 0.000000000000 0.000000000000
vn -1.000000000000 0.000000000000 0.000000000000
f 862/862/862 863/863/863 864/864/864
v -17080.000000000 -20122.432518000 -1075.701219512
v -17045.000000000 -19822.432518000 -1075.701219512
v -17045.000000000 -20122.432518000 -1075.701219512
vt 0.000000000 0.000000000
vt 3.020347662 0.000000000
vt 0.040558245 0.347642099
vn 0.000000000000 0.000000000000 -1.000000000000
vn 0.000000000000 0.000000000000 -1.000000000000
vn 0.000000000000 0.000000000000 -1.000000000000
f 865/865/865 866/866/866 867/867/867
v -17080.000000000 -20122.432518000 -1075.701219512
v -17080.000000000 -19822.432518000 -1075.701219512
v -17045.000000000 -19822.432518000 -1075.701219512
vt 0.000000000 0.000000000
vt 3.000000000 0.000000000
vt 3.000000000 0.350000000
vn 0.000000000000 0.000000000000 -1.000000000000
vn 0.000000000000 0.000000000000 -1.000000000000
vn 0.000000000000 0.000000000000 -1.000000000000
f 868/868/868 869/869/869 870/870/870
v -17080.000000000 -19822.432518000 -1030.701219512
v -17045.000000000 -20122.432518000 -1030.701219512
v -17045.000000000 -19822.432518000 -1030.701219512
vt 0.000000000 0.000000000
vt 3.020347662 0.000000000
vt 0.040558245 0.347642099
vn -0.000000000000 0.000000000000 1.000000000000
vn -0.000000000000 0.000000000000 1.000000000000
vn -0.000000000000 0.000000000000 1.000000000000
f 871/871/871 872/872/872 873/873/873
v -17080.000000000 -19822.432518000 -1030.701219512
v -17080.000000000 -20122.432518000 -1030.701219512
v -17045.000000000 -20122.432518000 -1030.701219512
vt 0.000000000 0.000000000
vt 3.000000000 0.000000000
vt 3.000000000 0.350000000
vn 0.000000000000 0.000000000000 1.000000000000
vn 0.000000000000 0.000000000000 1.000000000000
vn 0.000000000000 0.000000000000 1.000000000000
f 874/874/874 875/875/875 876/876/876
v -17080.000000000 -19822.432518000 -1075.701219512
v -17045.000000000 -19822.432518000 -1030.701219512
v -17045.000000000 -19822.432518000 -1075.701219512
vt 0.000000000 0.000000000
vt 0.570087713 0.000000000
vt 0.214879215 0.276273276
vn 0.000000000000 1.000000000000 0.000000000000
vn 0.000000000000 1.000000000000 0.000000000000
vn 0.000000000000 1.000000000000 0.000000000000
f 877/877/877 878/878/878 879/879/879
v -17080.000000000 -19822.432518000 -1075.701219512
v -17080.000000000 -19822.432518000 -1030.701219512
v -17045.000000000 -19822.432518000 -1030.701219512
vt 0.000000000 0.000000000
vt 0.450000000 0.000000000
vt 0.450000000 0.350000000
vn 0.000000000000 1.000000000000 0.000000000000
vn 0.000000000000 1.000000000000 0.000000000000
vn 0.000000000000 1.000000000000 0.000000000000
f 880/880/880 881/881/881 882/882/882
v -17045.000000000 -19822.432518000 -1075.701219512
v -17045.000000000 -20122.432518000 -1030.701219512
v -17045.000000000 -20122.432518000 -1075.701219512
vt 0.000000000 0.000000000
vt 3.033562262 0.000000000
vt 2.966809059 0.445021359
vn 1.000000000000 0.000000000000 0.000000000000
vn 1.000000000000 0.000000000000 0.000000000000
vn 1.000000000000 0.000000000000 0.000000000000
f 883/883/883 884/884/884 885/885/885
v -17045.000000000 -19822.432518000 -1075.701219512
v -17045.000000000 -19822.432518000 -1030.701219512
v -17045.000000000 -20122.432518000 -1030.701219512
vt 0.000000000 0.000000000
vt 0.450000000 0.000000000
vt 0.450000000 3.000000000
vn 1.000000000000 0.000000000000 -0.000000000000
vn 1.000000000000 0.000000000000 -0.000000000000
vn 1.000000000000 0.000000000000 -0.000000000000
f 886/886/886 887/887/887 888/888/888
v -17045.000000000 -20122.432518000 -1075.701219512
v -17080.000000000 -20122.432518000 -1030.701219512
v -17080.000000000 -20122.432518000 -1075.701219512
vt 0.000000000 0.000000000
vt 0.570087713 0.000000000
vt 0.214879215 0.276273276
vn 0.000000000000 -1.000000000000 0.000000000000
vn 0.000000000000 -1.000000000000 0.000000000000
vn 0.000000000000 -1.000000000000 0.000000000000
f 889/889/889 890/890/890 891/891/891
v -17045.000000000 -20122.432518000 -1075.701219512
v -17045.000000000 -20122.432518000 -1030.701219512
v -17080.000000000 -20122.432518000 -1030.701219512
vt 0.000000000 0.000000000
vt 0.450000000 0.000000000
vt 0.450000000 0.350000000
vn 0.000000000000 -1.000000000000 0.000000000000
vn 0.000000000000 -1.000000000000 0.000000000000
vn 0.000000000000 -1.000000000000 0.000000000000
f 892/892/892 893/893/893 894/894/894
v -17080.000000000 -20122.432518000 -1075.701219512
v -17080.000000000 -19822.432518000 -1030.701219512
v -17080.000000000 -19822.432518000 -1075.701219512
vt 0.000000000 0.000000000
vt 3.033562262 0.000000000
vt 2.966809059 0.445021359
vn -1.000000000000 0.000000000000 0.000000000000
vn -1.000000000000 0.000000000000 0.000000000000
vn -1.000000000000 0.000000000000 0.000000000000
f 895/895/895 896/896/896 897/897/897
v -17080.000000000 -20122.432518000 -1075.701219512
v -17080.000000000 -20122.432518000 -1030.701219512
v -17080.000000000 -19822.432518000 -1030.701219512
vt 0.000000000 0.000000000
vt 0.450000000 0.000000000
vt 0.450000000 3.000000000
vn -1.000000000000 0.000000000000 0.000000000000
vn -1.000000000000 0.000000000000 0.000000000000
vn -1.000000000000 0.000000000000 0.000000000000
f 898/898/898 899/899/899 900/900/900
v -17045.000000000 -20122.432518000 -1058.231707317
v -17010.000000000 -19822.432518000 -1058.231707317
v -17010.000000000 -20122.432518000 -1058.231707317
vt 0.000000000 0.000000000
vt 3.020347662 0.000000000
vt 0.040558245 0.347642099
vn 0.000000000000 0.000000000000 -1.000000000000
vn 0.000000000000 0.000000000000 -1.000000000000
vn 0.000000000000 0.000000000000 -1.000000000000
f 901/901/901 902/902/902 903/903/903
v -17045.000000000 -20122.432518000 -1058.231707317
v -17045.000000000 -19822.432518000 -1058.231707317
v -17010.000000000 -19822.432518000 -1058.231707317
vt 0.000000000 0.000000000
vt 3.000000000 0.000000000
vt 3.000000000 0.350000000
vn 0.000000000000 0.000000000000 -1.000000000000
vn 0.000000000000 0.000000000000 -1.000000000000
vn 0.000000000000 0.000000000000 -1.000000000000
f 904/904/904 905/905/905 906/906/906
v -17045.000000000 -19822.432518000 -1013.231707317
v -17010.000000000 -20122.432518000 -1013.231707317
v -17010.000000000 -19822.432518000 -1013.231707317
vt 0.000000000 0.000000000
vt 3.020347662 0.000000000
vt 0.040558245 0.347642099
vn -0.000000000000 0.000000000000 1.000000000000
vn -0.000000000000 0.000000000000 1.000000000000
vn -0.000000000000 0.000000000000 1.000000000000
f 907/907/907 908/908/908 909/909/909
v -17045.000000000 -19822.432518000 -1013.231707317
v -17045.000000000 -20122.432518000 -1013.231707317
v -17010.000000000 -20122.432518000 -1013.231707317
vt 0.000000000 0.000000000
vt 3.000000000 0.000000000
vt 3.000000000 0.350000000
vn 0.000000000000 0.000000000000 1.000000000000
vn 0.000000000000 0.000000000000 1.000000000000
vn 0.000000000000 0.000000000000 1.000000000000
f 910/910/910 911/911/911 912/912/912
v -17045.000000000 -19822.432518000 -1058.231707317
v -17010.000000000 -19822.432518000 -1013.231707317
v -17010.000000000 -19822.432518000 -1058.231707317
vt 0.000000000 0.000000000
vt 0.570087713 0.000000000
vt 0.214879215 0.276273276
vn 0.000000000000 1.000000000000 0.000000000000
vn 0.000000000000 1.000000000000 0.000000000000
vn 0.000000000000 1.000000000000 0.000000000000
f 913/913/913 914/914/914 915/915/915
v -17045.000000000 -19822.432518000 -1058.231707317
v -17045.000000000 -19822.432518000 -1013.231707317
v -17010.000000000 -19822.432518000 -1013.231707317
vt 0.000000000 0.000000000
vt 0.450000000 0.000000000
vt 0.450000000 0.350000000
vn 0.000000000000 1.000000000000 0.000000000000
vn 0.000000000000 1.000000000000 0.000000000000
vn 0.000000000000 1.000000000000 0.000000000000
f 916/916/916 917/917/917 918/918/918
v -17010.000000000 -19822.432518000 -1058.231707317
v -17010.000000000 -20122.432518000 -1013.231707317
v -17010.000000000 -20122.432518000 -1058.231707317
vt 0.000000000 0.000000000
vt 3.033562262 0.000000000
vt 2.966809059 0.445021359
vn 1.000000000000 0.000000000000 0.000000000000
vn 1.000000000000 0.000000000000 0.000000000000
vn 1.000000000000 0.000000000000 0.000000000000
f 919/919/919 920/920/920 921/921/921
v -17010.000000000 -19822.432518000 -1058.231707317
v -17010.000000000 -19822.432518000 -1013.231707317
v -17010.000000000 -20122.432518000 -1013.231707317
vt 0.000000000 0.000000000
vt 0.450000000 0.000000000
vt 0.450000000 3.000000000
vn 1.000000000000 0.000000000000 -0.000000000000
vn 1.000000000000 0.000000000000 -0.000000000000
vn 1.000000000000 0.000000000000 -0.000000000000
f 922/922/922 923/923/923 924/924/924
v -17010.000000000 -20122.432518000 -1058.231707317
v -17045.000000000 -20122.432518000 -1013.231707317
v -17045.000000000 -20122.432518000 -1058.231707317
vt 0.000000000 0.000000000
vt 0.570087713 0.000000000
vt 0.214879215 0.276273276
vn 0.000000000000 -1.000000000000 0.000000000000
vn 0.000000000000 -1.000000000000 0.000000000000
vn 0.000000000000 -1.000000000000 0.000000000000
f 925/925/925 926/926/926 927/927/927
v -17010.000000000 -20122.432518000 -1058.231707317
v -17010.000000000 -20122.432518000 -1013.231707317
v -17045.000000000 -20122.432518000 -1013.231707317
vt 0.000000000 0.000000000
vt 0.450000000 0.000000000
vt 0.450000000 0.350000000
vn 0.000000000000 -1.000000000000 0.000000000000
vn 0.000000000000 -1.000000000000 0.000000000000
vn 0.000000000000 -1.000000000000 0.000000000000
f 928/928/928 929/929/929 930/930/930
v -17045.000000000 -20122.432518000 -1058.231707317
v -17045.000000000 -19822.432518000 -1013.231707317
v -17045.000000000 -19822.432518000 -1058.231707317
vt 0.000000000 0.000000000
vt 3.033562262 0.000000000
vt 2.966809059 0.445021359
vn -1.000000000000 0.000000000000 0.000000000000
vn -1.000000000000 0.000000000000 0.000000000000
vn -1.000000000000 0.000000000000 0.000000000000
f 931/931/931 932/932/932 933/933/933
v -17045.000000000 -20122.432518000 -1058.231707317
v -17045.000000000 -20122.432518000 -1013.231707317
v -17045.000000000 -19822.432518000 -1013.231707317
vt 0.000000000 0.000000000
vt 0.450000000 0.000000000
vt 0.450000000 3.000000000
vn -1.000000000000 0.000000000000 0.000000000000
vn -1.000000000000 0.000000000000 0.000000000000
vn -1.000000000000 0.000000000000 0.000000000000
f 934/934/934 935/935/935 936/936/936
v -17010.000000000 -20122.432518000 -1058.231707317
v -16760.000000000 -19822.432518000 -1058.231707317
v -16760.000000000 -20122.432518000 -1058.231707317
vt 0.000000000 0.000000000
vt 3.905124838 0.000000000
vt 1.600460999 1.920553199
vn 0.000000000000 0.000000000000 -1.000000000000
vn 0.000000000000 0.000000000000 -1.000000000000
vn 0.000000000000 0.000000000000 -1.000000000000
f 937/937/937 938/938/938 939/939/939
v -17010.000000000 -20122.432518000 -1058.231707317
v -17010.000000000 -19822.432518000 -1058.231707317
v -16760.000000000 -19822.432518000 -1058.231707317
vt 0.000000000 0.000000000
vt 3.000000000 0.000000000
vt 3.000000000 2.500000000
vn 0.000000000000 0.000000000000 -1.000000000000
vn 0.000000000000 0.000000000000 -1.000000000000
vn 0.000000000000 0.000000000000 -1.000000000000
f 940/940/940 941/941/941 942/942/942
v -17010.000000000 -19822.432518000 -1013.231707317
v -16760.000000000 -20122.432518000 -1013.231707317
v -16760.000000000 -19822.432518000 -1013.231707317
vt 0.000000000 0.000000000
vt 3.905124838 0.000000000
vt 1.600460999 1.920553199
vn -0.000000000000 0.000000000000 1.000000000000
vn -0.000000000000 0.000000000000 1.000000000000
vn -0.000000000000 0.000000000000 1.000000000000
f 943/943/943 944/944/944 945/945/945
v -17010.000000000 -19822.432518000 -1013.231707317
v -17010.000000000 -20122.432518000 -1013.231707317
v -16760.000000000 -20122.432518000 -1013.231707317
vt 0.000000000 0.000000000
vt 3.000000000 0.000000000
vt 3.000000000 2.500000000
vn 0.000000000000 0.000000000000 1.000000000000
vn 0.000000000000 0.000000000000 1.000000000000
vn 0.000000000000 0.000000000000 1.000000000000
f 946/946/946 947/947/947 948/948/948
v -17010.000000000 -19822.432518000 -1058.231707317
v -16760.000000000 -19822.432518000 -1013.231707317
v -16760.000000000 -19822.432518000 -1058.231707317
vt 0.000000000 0.000000000
vt 2.540177159 0.000000000
vt 2.460458310 0.442882496
vn 0.000000000000 1.000000000000 0.000000000000
vn 0.000000000000 1.000000000000 0.000000000000
vn 0.000000000000 1.000000000000 0.000000000000
f 949/949/949 950/950/950 951/951/951
v -17010.000000000 -19822.432518000 -1058.231707317
v -17010.000000000 -19822.432518000 -1013.231707317
v -16760.000000000 -19822.432518000 -1013.231707317
vt 0.000000000 0.000000000
vt 0.450000000 0.000000000
vt 0.450000000 2.500000000
vn 0.000000000000 1.000000000000 0.000000000000
vn 0.000000000000 1.000000000000 0.000000000000
vn 0.000000000000 1.000000000000 0.000000000000
f 952/952/952 953/953/953 954/954/954
v -16760.000000000 -19822.432518000 -1058.231707317
v -16760.000000000 -20122.432518000 -1013.231707317
v -16760.000000000 -20122.432518000 -1058.231707317
vt 0.000000000 0.000000000
vt 3.033562262 0.000000000
vt 2.966809059 0.445021359
vn 1.000000000000 0.000000000000 0.000000000000
vn 1.000000000000 0.000000000000 0.000000000000
vn 1.000000000000 0.000000000000 0.000000000000
f 955/955/955 956/956/956 957/957/957
v -16760.000000000 -19822.432518000 -1058.231707317
v -16760.000000000 -19822.432518000 -1013.231707317
v -16760.000000000 -20122.432518000 -1013.231707317
vt 0.000000000 0.000000000
vt 0.450000000 0.000000000
vt 0.450000000 3.000000000
vn 1.000000000000 0.000000000000 -0.000000000000
vn 1.000000000000 0.000000000000 -0.000000000000
vn 1.000000000000 0.000000000000 -0.000000000000
f 958/958/958 959/959/959 960/960/960
v -16760.000000000 -20122.432518000 -1058.231707317
v -17010.000000000 -20122.432518000 -1013.231707317
v -17010.000000000 -20122.432518000 -1058.231707317
vt 0.000000000 0.000000000
vt 2.540177159 0.000000000
vt 2.460458310 0.442882496
vn 0.000000000000 -1.000000000000 0.000000000000
vn 0.000000000000 -1.000000000000 0.000000000000
vn 0.000000000000 -1.000000000000 0.000000000000
f 961/961/961 962/962/962 963/963/963
v -16760.000000000 -20122.432518000 -1058.231707317
v -16760.000000000 -20122.432518000 -1013.231707317
v -17010.000000000 -20122.432518000 -1013.231707317
vt 0.000000000 0.000000000
vt 0.450000000 0.000000000
vt 0.450000000 2.500000000
vn 0.000000000000 -1.000000000000 0.000000000000
vn 0.000000000000 -1.000000000000 0.000000000000
vn 0.000000000000 -1.000000000000 0.000000000000
f 964/964/964 965/965/965 966/966/966
v -17010.000000000 -20122.432518000 -1058.231707317
v -17010.000000000 -19822.432518000 -1013.231707317
v -17010.000000000 -19822.432518000 -1058.231707317
vt 0.000000000 0.000000000
vt 3.033562262 0.000000000
vt 2.966809059 0.445021359
vn -1.000000000000 0.000000000000 0.000000000000
vn -1.000000000000 0.000000000000 0.000000000000
vn -1.000000000000 0.000000000000 0.000000000000
f 967/967/967 968/968/968 969/969/969
v -17010.000000000 -20122.432518000 -1058.231707317
v -17010.000000000 -20122.432518000 -1013.231707317
v -17010.000000000 -19822.432518000 -1013.231707317
vt 0.000000000 0.000000000
vt 0.450000000 0.000000000
vt 0.450000000 3.000000000
vn -1.000000000000 0.000000000000 0.000000000000
vn -1.000000000000 0.000000000000 0.000000000000
vn -1.000000000000 0.000000000000 0.000000000000
f 970/970/970 971/971/971 972/972/972
v -16760.000000000 -20122.432518000 -1040.762195122
v -16725.000000000 -19822.432518000 -1040.762195122
v -16725.000000000 -20122.432518000 -1040.762195122
vt 0.000000000 0.000000000
vt 3.020347662 0.000000000
vt 0.040558245 0.347642099
vn 0.000000000000 0.000000000000 -1.000000000000
vn 0.000000000000 0.000000000000 -1.000000000000
vn 0.000000000000 0.000000000000 -1.000000000000
f 973/973/973 974/974/974 975/975/975
v -16760.000000000 -20122.432518000 -1040.762195122
v -16760.000000000 -19822.432518000 -1040.762195122
v -16725.000000000 -19822.432518000 -1040.762195122
vt 0.000000000 0.000000000
vt 3.000000000 0.000000000
vt 3.000000000 0.350000000
vn 0.000000000000 0.000000000000 -1.000000000000
vn 0.000000000000 0.000000000000 -1.000000000000
vn 0.000000000000 0.000000000000 -1.000000000000
f 976/976/976 977/977/977 978/978/978
v -16760.000000000 -19822.432518000 -995.762195122
v -16725.000000000 -20122.432518000 -995.762195122
v -16725.000000000 -19822.432518000 -995.762195122
vt 0.000000000 0.000000000
vt 3.020347662 0.000000000
vt 0.040558245 0.347642099
vn -0.000000000000 0.000000000000 1.000000000000
vn -0.000000000000 0.000000000000 1.000000000000
vn -0.000000000000 0.000000000000 1.000000000000
f 979/979/979 980/980/980 981/981/981
v -16760.000000000 -19822.432518000 -995.762195122
v -16760.000000000 -20122.432518000 -995.762195122
v -16725.000000000 -20122.432518000 -995.762195122
vt 0.000000000 0.000000000
vt 3.000000000 0.000000000
vt 3.000000000 0.350000000
vn 0.000000000000 0.000000000000 1.000000000000
vn 0.000000000000 0.000000000000 1.000000000000
vn 0.000000000000 0.000000000000 1.000000000000
f 982/982/982 983/983/983 984/984/984
v -16760.000000000 -19822.432518000 -1040.762195122
v -16725.000000000 -19822.432518000 -995.762195122
v -16725.000000000 -19822.432518000 -1040.762195122
vt 0.000000000 0.000000000
vt 0.570087713 0.000000000
vt 0.214879215 0.276273276
vn 0.000000000000 1.000000000000 0.000000000000
vn 0.000000000000 1.000000000000 0.000000000000
vn 0.000000000000 1.000000000000 0.000000000000
f 985/985/985 986/986/986 987/987/987
v -16760.000000000 -19822.432518000 -1040.762195122
v -16760.000000000 -19822.432518000 -995.762195122
v -16725.000000000 -19822.432518000 -995.762195122
vt 0.000000000 0.000000000
vt 0.450000000 0.000000000
vt 0.450000000 0.350000000
vn 0.000000000000 1.000000000000 0.000000000000
vn 0.000000000000 1.000000000000 0.000000000000
vn 0.000000000000 1.000000000000 0.000000000000
f 988/988/988 989/989/989 990/990/990
v -16725.000000000 -19822.432518000 -1040.762195122
v -16725.000000000 -20122.432518000 -995.762195122
v -16725.000000000 -20122.432518000 -1040.762195122
vt 0.000000000 0.000000000
vt 3.033562262 0.000000000
vt 2.966809059 0.445021359
vn 1.000000000000 0.000000000000 0.000000000000
vn 1.000000000000 0.000000000000 0.000000000000
vn 1.000000000000 0.000000000000 0.000000000000
f 991/991/991 992/992/992 993/993/993
v -16725.000000000 -19822.432518000 -1040.762195122
v -16725.000000000 -19822.432518000 -995.762195122
v -16725.000000000 -20122.432518000 -995.762195122
vt 0.000000000 0.000000000
vt 0.450000000 0.000000000
vt 0.450000000 3.000000000
vn 1.000000000000 0.000000000000 -0.000000000000
vn 1.000000000000 0.000000000000 -0.000000000000
vn 1.000000000000 0.000000000000 -0.000000000000
f 994/994/994 995/995/995 996/996/996
v -16725.000000000 -20122.432518000 -1040.762195122
v -16760.000000000 -20122.432518000 -995.762195122
v -16760.000000000 -20122.432518000 -1040.762195122
vt 0.000000000 0.000000000
vt 0.570087713 0.000000000
vt 0.214879215 0.276273276
vn 0.000000000000 -1.000000000000 0.000000000000
vn 0.000000000000 -1.000000000000 0.000000000000
vn 0.000000000000 -1.000000000000 0.000000000000
f 997/997/997 998/998/998 999/999/999
v -16725.000000000 -20122.432518000 -1040.762195122
v -16725.000000000 -20122.432518000 -995.762195122
v -16760.000000000 -20122.432518000 -995.762195122
vt 0.000000000 0.000000000
vt 0.450000000 0.000000000
vt 0.450000000 0.350000000
vn 0.000000000000 -1.000000000000 0.000000000000
vn 0.000000000000 -1.000000000000 0.000000000000
vn 0.000000000000 -1.000000000000 0.000000000000
f 1000/1000/1000 1001/1001/1001 1002/1002/1002
v -16760.000000000 -20122.432518000 -1040.762195122
v -16760.000000000 -19822.432518000 -995.762195122
v -16760.000000000 -19822.432518000 -1040.762195122
vt 0.000000000 0.000000000
vt 3.033562262 0.000000000
vt 2.966809059 0.445021359
vn -1.000000000000 0.000000000000 0.000000000000
vn -1.000000000000 0.000000000000 0.000000000000
vn -1.000000000000 0.000000000000 0.000000000000
f 1003/1003/1003 1004/1004/1004 1005/1005/1005
v -16760.000000000 -20122.432518000 -1040.762195122
v -16760.000000000 -20122.432518000 -995.762195122
v -16760.000000000 -19822.432518000 -995.762195122
vt 0.000000000 0.000000000
vt 0.450000000 0.000000000
vt 0.450000000 3.000000000
vn -1.000000000000 0.000000000000 0.000000000000
vn -1.000000000000 0.000000000000 0.000000000000
vn -1.000000000000 0.000000000000 0.000000000000
f 1006/1006/1006 1007/1007/1007 1008/1008/1008
v -16725.000000000 -20122.432518000 -1023.292682927
v -16690.000000000 -19822.432518000 -1023.292682927
v -16690.000000000 -20122.432518000 -1023.292682927
vt 0.000000000 0.000000000
vt 3.020347662 0.000000000
vt 0.040558245 0.347642099
vn 0.000000000000 0.000000000000 -1.000000000000
vn 0.000000000000 0.000000000000 -1.000000000000
vn 0.000000000000 0.000000000000 -1.000000000000
f 1009/1009/1009 1010/1010/1010 1011/1011/1011
v -16725.000000000 -20122.432518000 -1023.292682927
v -16725.000000000 -19822.432518000 -1023.292682927
v -16690.000000000 -19822.432518000 -1023.292682927
vt 0.000000000 0.000000000
vt 3.000000000 0.000000000
vt 3.000000000 0.350000000
vn 0.000000000000 0.000000000000 -1.000000000000
vn 0.000000000000 0.000000000000 -1.000000000000
vn 0.000000000000 0.000000000000 -1.000000000000
f 1012/1012/1012 1013/1013/1013 1014/1014/1014
v -16725.000000000 -19822.432518000 -978.292682927
v -16690.000000000 -20122.432518000 -978.292682927
v -16690.000000000 -19822.432518000 -978.292682927
vt 0.000000000 0.000000000
vt 3.020347662 0.000000000
vt 0.040558245 0.347642099
vn -0.000000000000 0.000000000000 1.000000000000
vn -0.000000000000 0.000000000000 1.000000000000
vn -0.000000000000 0.000000000000 1.000000000000
f 1015/1015/1015 1016/1016/1016 1017/1017/1017
v -16725.000000000 -19822.432518000 -978.292682927
v -16725.000000000 -20122.432518000 -978.292682927
v -16690.000000000 -20122.432518000 -978.292682927
vt 0.000000000 0.000000000
vt 3.000000000 0.000000000
vt 3.000000000 0.350000000
vn 0.000000000000 0.000000000000 1.000000000000
vn 0.000000000000 0.000000000000 1.000000000000
vn 0.000000000000 0.000000000000 1.000000000000
f 1018/1018/1018 1019/1019/1019 1020/1020/1020
v -16725.000000000 -19822.432518000 -1023.292682927
v -16690.000000000 -19822.432518000 -978.292682927
v -16690.000000000 -19822.432518000 -1023.292682927
vt 0.000000000 0.000000000
vt 0.570087713 0.000000000
vt 0.214879215 0.276273276
vn 0.000000000000 1.000000000000 0.000000000000
vn 0.000000000000 1.000000000000 0.000000000000
vn 0.000000000000 1.000000000000 0.000000000000
f 1021/1021/1021 1022/1022/1022 1023/1023/1023
v -16725.000000000 -19822.432518000 -1023.292682927
v -16725.000000000 -19822.432518000 -978.292682927
v -16690.000000000 -19822.432518000 -978.292682927
vt 0.000000000 0.000000000
vt 0.450000000 0.000000000
vt 0.450000000 0.350000000
vn 0.000000000000 1.000000000000 0.000000000000
vn 0.000000000000 1.000000000000 0.000000000000
vn 0.000000000000 1.000000000000 0.000000000000
f 1024/1024/1024 1025/1025/1025 1026/1026/1026
v -16690.000000000 -19822.432518000 -1023.292682927
v -16690.000000000 -20122.432518000 -978.292682927
v -16690.000000000 -20122.432518000 -1023.292682927
vt 0.000000000 0.000000000
vt 3.033562262 0.000000000
vt 2.966809059 0.445021359
vn 1.000000000000 0.000000000000 0.000000000000
vn 1.000000000000 0.000000000000 0.000000000000
vn 1.000000000000 0.000000000000 0.000000000000
f 1027/1027/1027 1028/1028/1028 1029/1029/1029
v -16690.000000000 -19822.432518000 -1023.292682927
v -16690.000000000 -19822.432518000 -978.292682927
v -16690.000000000 -20122.432518000 -978.292682927
vt 0.000000000 0.000000000
vt 0.450000000 0.000000000
vt 0.450000000 3.000000000
vn 1.000000000000 0.000000000000 -0.000000000000
vn 1.000000000000 0.000000000000 -0.000000000000
vn 1.000000000000 0.000000000000 -0.000000000000
f 1030/1030/1030 1031/1031/1031 1032/1032/1032
v -16690.000000000 -20122.432518000 -1023.292682927
v -16725.000000000 -20122.432518000 -978.292682927
v -16725.000000000 -20122.432518000 -1023.292682927
vt 0.000000000 0.000000000
vt 0.570087713 0.000000000
vt 0.214879215 0.276273276
vn 0.000000000000 -1.000000000000 0.000000000000
vn 0.000000000000 -1.000000000000 0.000000000000
vn 0.000000000000 -1.000000000000 0.000000000000
f 1033/1033/1033 1034/1034/1034 1035/1035/1035
v -16690.000000000 -20122.432518000 -1023.292682927
v -16690.000000000 -20122.432518000 -978.292682927
v -16725.000000000 -20122.432518000 -978.292682927
vt 0.000000000 0.000000000
vt 0.450000000 0.000000000
vt 0.450000000 0.350000000
vn 0.000000000000 -1.000000000000 0.000000000000
vn 0.000000000000 -1.000000000000 0.000000000000
vn 0.000000000000 -1.000000000000 0.000000000000
f 1036/1036/1036 1037/1037/1037 1038/1038/1038
v -16725.000000000 -20122.432518000 -1023.292682927
v -16725.000000000 -19822.432518000 -978.292682927
v -16725.000000000 -19822.432518000 -1023.292682927
vt 0.000000000 0.000000000
vt 3.033562262 0.000000000
vt 2.966809059 0.445021359
vn -1.000000000000 0.000000000000 0.000000000000
vn -1.000000000000 0.000000000000 0.000000000000
vn -1.000000000000 0.000000000000 0.000000000000
f 1039/1039/1039 1040/1040/1040 1041/1041/1041
v -16725.000000000 -20122.432518000 -1023.292682927
v -16725.000000000 -20122.432518000 -978.292682927
v -16725.000000000 -19822.432518000 -978.292682927
vt 0.000000000 0.000000000
vt 0.450000000 0.000000000
vt 0.450000000 3.000000000
vn -1.000000000000 0.000000000000 0.000000000000
vn -1.000000000000 0.000000000000 0.000000000000
vn -1.000000000000 0.000000000000 0.000000000000
f 1042/1042/1042 1043/1043/1043 1044/1044/1044
v -16690.000000000 -20122.432518000 -1005.823170732
v -16655.000000000 -19822.432518000 -1005.823170732
v -16655.000000000 -20122.432518000 -1005.823170732
vt 0.000000000 0.000000000
vt 3.020347662 0.000000000
vt 0.040558245 0.347642099
vn 0.000000000000 0.000000000000 -1.000000000000
vn 0.000000000000 0.000000000000 -1.000000000000
vn 0.000000000000 0.000000000000 -1.000000000000
f 1045/1045/1045 1046/1046/1046 1047/1047/1047
v -16690.000000000 -20122.432518000 -1005.823170732
v -16690.000000000 -19822.432518000 -1005.823170732
v -16655.000000000 -19822.432518000 -1005.823170732
vt 0.000000000 0.000000000
vt 3.000000000 0.000000000
vt 3.000000000 0.350000000
vn 0.000000000000 0.000000000000 -1.000000000000
vn 0.000000000000 0.000000000000 -1.000000000000
vn 0.000000000000 0.000000000000 -1.000000000000
f 1048/1048/1048 1049/1049/1049 1050/1050/1050
v -16690.000000000 -19822.432518000 -960.823170732
v -16655.000000000 -20122.432518000 -960.823170732
v -16655.000000000 -19822.432518000 -960.823170732
vt 0.000000000 0.000000000
vt 3.020347662 0.000000000
vt 0.040558245 0.347642099
vn -0.000000000000 0.000000000000 1.000000000000
vn -0.000000000000 0.000000000000 1.000000000000
vn -0.000000000000 0.000000000000 1.000000000000
f 1051/1051/1051 1052/1052/1052 1053/1053/1053
v -16690.000000000 -19822.432518000 -960.823170732
v -16690.000000000 -20122.432518000 -960.823170732
v -16655.000000000 -20122.432518000 -960.823170732
vt 0.000000000 0.000000000
vt 3.000000000 0.000000000
vt 3.000000000 0.350000000
vn 0.000000000000 0.000000000000 1.000000000000
vn 0.000000000000 0.000000000000 1.000000000000
vn 0.000000000000 0.000000000000 1.000000000000
f 1054/1054/1054 1055/1055/1055 1056/1056/1056
v -16690.000000000 -19822.432518000 -1005.823170732
v -16655.000000000 -19822.432518000 -960.823170732
v -16655.000000000 -19822.432518000 -1005.823170732
vt 0.000000000 0.000000000
vt 0.570087713 0.000000000
vt 0.214879215 0.276273276
vn 0.000000000000 1.000000000000 0.000000000000
vn 0.000000000000 1.000000000000 0.000000000000
vn 0.000000000000 1.000000000000 0.000000000000
f 1057/1057/1057 1058/1058/1058 1059/1059/1059
v -16690.000000000 -19822.432518000 -1005.823170732
v -16690.000000000 -19822.432518000 -960.823170732
v -16655.000000000 -19822.432518000 -960.823170732
vt 0.000000000 0.000000000
vt 0.450000000 0.000000000
vt 0.450000000 0.350000000
vn 0.000000000000 1.000000000000 0.000000000000
vn 0.000000000000 1.000000000000 0.000000000000
vn 0.000000000000 1.000000000000 0.000000000000
f 1060/1060/1060 1061/1061/1061 1062/1062/1062
v -16655.000000000 -19822.432518000 -1005.823170732
v -16655.000000000 -20122.432518000 -960.823170732
v -16655.000000000 -20122.432518000 -1005.823170732
vt 0.000000000 0.000000000
vt 3.033562262 0.000000000
vt 2.966809059 0.445021359
vn 1.000000000000 0.000000000000 0.000000000000
vn 1.000000000000 0.000000000000 0.000000000000
vn 1.000000000000 0.000000000000 0.000000000000
f 1063/1063/1063 1064/1064/1064 1065/1065/1065
v -16655.000000000 -19822.432518000 -1005.823170732
v -16655.000000000 -19822.432518000 -960.823170732
v -16655.000000000 -20122.432518000 -960.823170732
vt 0.000000000 0.000000000
vt 0.450000000 0.000000000
vt 0.450000000 3.000000000
vn 1.000000000000 0.000000000000 -0.000000000000
vn 1.000000000000 0.000000000000 -0.000000000000
vn 1.000000000000 0.000000000000 -0.000000000000
f 1066/1066/1066 1067/1067/1067 1068/1068/1068
v -16655.000000000 -20122.432518000 -1005.823170732
v -16690.000000000 -20122.432518000 -960.823170732
v -16690.000000000 -20122.432518000 -1005.823170732
vt 0.000000000 0.000000000
vt 0.570087713 0.000000000
vt 0.214879215 0.276273276
vn 0.000000000000 -1.000000000000 0.000000000000
vn 0.000000000000 -1.000000000000 0.000000000000
vn 0.000000000000 -1.000000000000 0.000000000000
f 1069/1069/1069 1070/1070/1070 1071/1071/1071
v -16655.000000000 -20122.432518000 -1005.823170732
v -16655.000000000 -20122.432518000 -960.823170732
v -16690.000000000 -20122.432518000 -960.823170732
vt 0.000000000 0.000000000
vt 0.450000000 0.000000000
vt 0.450000000 0.350000000
vn 0.000000000000 -1.000000000000 0.000000000000
vn 0.000000000000 -1.000000000000 0.000000000000
vn 0.000000000000 -1.000000000000 0.000000000000
f 1072/1072/1072 1073/1073/1073 1074/1074/1074
v -16690.000000000 -20122.432518000 -1005.823170732
v -16690.000000000 -19822.432518000 -960.823170732
v -16690.000000000 -19822.432518000 -1005.823170732
vt 0.000000000 0.000000000
vt 3.033562262 0.000000000
vt 2.966809059 0.445021359
vn -1.000000000000 0.000000000000 0.000000000000
vn -1.000000000000 0.000000000000 0.000000000000
vn -1.000000000000 0.000000000000 0.000000000000
f 1075/1075/1075 1076/1076/1076 1077/1077/1077
v -16690.000000000 -20122.432518000 -1005.823170732
v -16690.000000000 -20122.432518000 -960.823170732
v -16690.000000000 -19822.432518000 -960.823170732
vt 0.000000000 0.000000000
vt 0.450000000 0.000000000
vt 0.450000000 3.000000000
vn -1.000000000000 0.000000000000 0.000000000000
vn -1.000000000000 0.000000000000 0.000000000000
vn -1.000000000000 0.000000000000 0.000000000000
f 1078/1078/1078 1079/1079/1079 1080/1080/1080
v -16655.000000000 -20122.432518000 -988.353658537
v -16620.000000000 -19822.432518000 -988.353658537
v -16620.000000000 -20122.432518000 -988.353658537
vt 0.000000000 0.000000000
vt 3.020347662 0.000000000
vt 0.040558245 0.347642099
vn 0.000000000000 0.000000000000 -1.000000000000
vn 0.000000000000 0.000000000000 -1.000000000000
vn 0.000000000000 0.000000000000 -1.000000000000
f 1081/1081/1081 1082/1082/1082 1083/1083/1083
v -16655.000000000 -20122.432518000 -988.353658537
v -16655.000000000 -19822.432518000 -988.353658537
v -16620.000000000 -19822.432518000 -988.353658537
vt 0.000000000 0.000000000
vt 3.000000000 0.000000000
vt 3.000000000 0.350000000
vn 0.000000000000 0.000000000000 -1.000000000000
vn 0.000000000000 0.000000000000 -1.000000000000
vn 0.000000000000 0.000000000000 -1.000000000000
f 1084/1084/1084 1085/1085/1085 1086/1086/1086
v -16655.000000000 -19822.432518000 -943.353658537
v -16620.000000000 -20122.432518000 -943.353658537
v -16620.000000000 -19822.432518000 -943.353658537
vt 0.000000000 0.000000000
vt 3.020347662 0.000000000
vt 0.040558245 0.347642099
vn -0.000000000000 0.000000000000 1.000000000000
vn -0.000000000000 0.000000000000 1.000000000000
vn -0.000000000000 0.000000000000 1.000000000000
f 1087/1087/1087 1088/1088/1088 1089/1089/1089
v -16655.000000000 -19822.432518000 -943.353658537
v -16655.000000000 -20122.432518000 -943.353658537
v -16620.000000000 -20122.432518000 -943.353658537
vt 0.000000000 0.000000000
vt 3.000000000 0.000000000
vt 3.000000000 0.350000000
vn 0.000000000000 0.000000000000 1.000000000000
vn 0.000000000000 0.000000000000 1.000000000000
vn 0.000000000000 0.000000000000 1.000000000000
f 1090/1090/1090 1091/1091/1091 1092/1092/1092
v -16655.000000000 -19822.432518000 -988.353658537
v -16620.000000000 -19822.432518000 -943.353658537
v -16620.000000000 -19822.432518000 -988.353658537
vt 0.000000000 0.000000000
vt 0.570087713 0.000000000
vt 0.214879215 0.276273276
vn 0.000000000000 1.000000000000 0.000000000000
vn 0.000000000000 1.000000000000 0.000000000000
vn 0.000000000000 1.000000000000 0.000000000000
f 1093/1093/1093 1094/1094/1094 1095/1095/1095
v -16655.000000000 -19822.432518000 -988.353658537
v -16655.000000000 -19822.432518000 -943.353658537
v -16620.000000000 -19822.432518000 -943.353658537
vt 0.000000000 0.000000000
vt 0.450000000 0.000000000
vt 0.450000000 0.350000000
vn 0.000000000000 1.000000000000 0.000000000000
vn 0.000000000000 1.000000000000 0.000000000000
vn 0.000000000000 1.000000000000 0.000000000000
f 1096/1096/1096 1097/1097/1097 1098/1098/1098
v -16620.000000000 -19822.432518000 -988.353658537
v -16620.000000000 -20122.432518000 -943.353658537
v -16620.000000000 -20122.432518000 -988.353658537
vt 0.000000000 0.000000000
vt 3.033562262 0.000000000
vt 2.966809059 0.445021359
vn 1.000000000000 0.000000000000 0.000000000000
vn 1.000000000000 0.000000000000 0.000000000000
vn 1.000000000000 0.000000000000 0.000000000000
f 1099/1099/1099 1100/1100/1100 1101/1101/1101
v -16620.000000000 -19822.432518000 -988.353658537
v -16620.000000000 -19822.432518000 -943.353658537
v -16620.000000000 -20122.432518000 -943.353658537
vt 0.000000000 0.000000000
vt 0.450000000 0.000000000
vt 0.450000000 3.000000000
vn 1.000000000000 0.000000000000 -0.000000000000
vn 1.000000000000 0.000000000000 -0.000000000000
vn 1.000000000000 0.000000000000 -0.000000000000
f 1102/1102/1102 1103/1103/1103 1104/1104/1104
v -16620.000000000 -20122.432518000 -988.353658537
v -16655.000000000 -20122.432518000 -943.353658537
v -16655.000000000 -20122.432518000 -988.353658537
vt 0.000000000 0.000000000
vt 0.570087713 0.000000000
vt 0.214879215 0.276273276
vn 0.000000000000 -1.000000000000 0.000000000000
vn 0.000000000000 -1.000000000000 0.000000000000
vn 0.000000000000 -1.000000000000 0.000000000000
f 1105/1105/1105 1106/1106/1106 1107/1107/1107
v -16620.000000000 -20122.432518000 -988.353658537
v -16620.000000000 -20122.432518000 -943.353658537
v -16655.000000000 -20122.432518000 -943.353658537
vt 0.000000000 0.000000000
vt 0.450000000 0.000000000
vt 0.450000000 0.350000000
vn 0.000000000000 -1.000000000000 0.000000000000
vn 0.000000000000 -1.000000000000 0.000000000000
vn 0.000000000000 -1.000000000000 0.000000000000
f 1108/1108/1108 1109/1109/1109 1110/1110/1110
v -16655.000000000 -20122.432518000 -988.353658537
v -16655.000000000 -19822.432518000 -943.353658537
v -16655.000000000 -19822.432518000 -988.353658537
vt 0.000000000 0.000000000
vt 3.033562262 0.000000000
vt 2.966809059 0.445021359
vn -1.000000000000 0.000000000000 0.000000000000
vn -1.000000000000 0.000000000000 0.000000000000
vn -1.000000000000 0.000000000000 0.000000000000
f 1111/1111/1111 1112/1112/1112 1113/1113/1113
v -16655.000000000 -20122.432518000 -988.353658537
v -16655.000000000 -20122.432518000 -943.353658537
v -16655.000000000 -19822.432518000 -943.353658537
vt 0.000000000 0.000000000
vt 0.450000000 0.000000000
vt 0.450000000 3.000000000
vn -1.000000000000 0.000000000000 0.000000000000
vn -1.000000000000 0.000000000000 0.000000000000
vn -1.000000000000 0.000000000000 0.000000000000
f 1114/1114/1114 1115/1115/1115 1116/1116/1116
v -16620.000000000 -20122.432518000 -970.884146341
v -16585.000000000 -19822.432518000 -970.884146341
v -16585.000000000 -20122.432518000 -970.884146341
vt 0.000000000 0.000000000
vt 3.020347662 0.000000000
vt 0.040558245 0.347642099
vn 0.000000000000 0.000000000000 -1.000000000000
vn 0.000000000000 0.000000000000 -1.000000000000
vn 0.000000000000 0.000000000000 -1.000000000000
f 1117/1117/1117 1118/1118/1118 1119/1119/1119
v -16620.000000000 -20122.432518000 -970.884146341
v -16620.000000000 -19822.432518000 -970.884146341
v -16585.000000000 -19822.432518000 -970.884146341
vt 0.000000000 0.000000000
vt 3.000000000 0.000000000
vt 3.000000000 0.350000000
vn 0.000000000000 0.000000000000 -1.000000000000
vn 0.000000000000 0.000000000000 -1.000000000000
vn 0.000000000000 0.000000000000 -1.000000000000
f 1120/1120/1120 1121/1121/1121 1122/1122/1122
v -16620.000000000 -19822.432518000 -925.884146341
v -16585.000000000 -20122.432518000 -925.884146341
v -16585.000000000 -19822.432518000 -925.884146341
vt 0.000000000 0.000000000
vt 3.020347662 0.000000000
vt 0.040558245 0.347642099
vn -0.000000000000 0.000000000000 1.000000000000
vn -0.000000000000 0.000000000000 1.000000000000
vn -0.000000000000 0.000000000000 1.000000000000
f 1123/1123/1123 1124/1124/1124 1125/1125/1125
v -16620.000000000 -19822.432518000 -925.884146341
v -16620.000000000 -20122.432518000 -925.884146341
v -16585.000000000 -20122.432518000 -925.884146341
vt 0.000000000 0.000000000
vt 3.000000000 0.000000000
vt 3.000000000 0.350000000
vn 0.000000000000 0.000000000000 1.000000000000
vn 0.000000000000 0.000000000000 1.000000000000
vn 0.000000000000 0.000000000000 1.000000000000
f 1126/1126/1126 1127/1127/1127 1128/1128/1128
v -16620.000000000 -19822.432518000 -970.884146341
v -16585.000000000 -19822.432518000 -925.884146341
v -16585.000000000 -19822.432518000 -970.884146341
vt 0.000000000 0.000000000
vt 0.570087713 0.000000000
vt 0.214879215 0.276273276
vn 0.000000000000 1.000000000000 0.000000000000
vn 0.000000000000 1.000000000000 0.000000000000
vn 0.000000000000 1.000000000000 0.000000000000
f 1129/1129/1129 1130/1130/1130 1131/1131/1131
v -16620.000000000 -19822.432518000 -970.884146341
v -16620.000000000 -19822.432518000 -925.884146341
v -16585.000000000 -19822.432518000 -925.884146341
vt 0.000000000 0.000000000
vt 0.450000000 0.000000000
vt 0.450000000 0.350000000
vn 0.000000000000 1.000000000000 0.000000000000
vn 0.000000000000 1.000000000000 0.000000000000
vn 0.000000000000 1.000000000000 0.000000000000
f 1132/1132/1132 1133/1133/1133 1134/1134/1134
v -16585.000000000 -19822.432518000 -970.884146341
v -16585.000000000 -20122.432518000 -925.884146341
v -16585.000000000 -20122.432518000 -970.884146341
vt 0.000000000 0.000000000
vt 3.033562262 0.000000000
vt 2.966809059 0.445021359
vn 1.000000000000 0.000000000000 0.000000000000
vn 1.000000000000 0.000000000000 0.000000000000
vn 1.000000000000 0.000000000000 0.000000000000
f 1135/1135/1135 1136/1136/1136 1137/1137/1137
v -16585.000000000 -19822.432518000 -970.884146341
v -16585.000000000 -19822.432518000 -925.884146341
v -16585.000000000 -20122.432518000 -925.884146341
vt 0.000000000 0.000000000
vt 0.450000000 0.000000000
vt 0.450000000 3.000000000
vn 1.000000000000 0.000000000000 -0.000000000000
vn 1.000000000000 0.000000000000 -0.000000000000
vn 1.000000000000 0.000000000000 -0.000000000000
f 1138/1138/1138 1139/1139/1139 1140/1140/1140
v -16585.000000000 -20122.432518000 -970.884146341
v -16620.000000000 -20122.432518000 -925.884146341
v -16620.000000000 -20122.432518000 -970.884146341
vt 0.000000000 0.000000000
vt 0.570087713 0.000000000
vt 0.214879215 0.276273276
vn 0.000000000000 -1.000000000000 0.000000000000
vn 0.000000000000 -1.000000000000 0.000000000000
vn 0.000000000000 -1.000000000000 0.000000000000
f 1141/1141/1141 1142/1142/1142 1143/1143/1143
v -16585.000000000 -20122.432518000 -970.884146341
v -16585.000000000 -20122.432518000 -925.884146341
v -16620.000000000 -20122.432518000 -925.884146341
vt 0.000000000 0.000000000
vt 0.450000000 0.000000000
vt 0.450000000 0.350000000
vn 0.000000000000 -1.000000000000 0.000000000000
vn 0.000000000000 -1.000000000000 0.000000000000
vn 0.000000000000 -1.000000000000 0.000000000000
f 1144/1144/1144 1145/1145/1145 1146/1146/1146
v -16620.000000000 -20122.432518000 -970.884146341
v -16620.000000000 -19822.432518000 -925.884146341
v -16620.000000000 -19822.432518000 -970.884146341
vt 0.000000000 0.000000000
vt 3.033562262 0.000000000
vt 2.966809059 0.445021359
vn -1.000000000000 0.000000000000 0.000000000000
vn -1.000000000000 0.000000000000 0.000000000000
vn -1.000000000000 0.000000000000 0.000000000000
f 1147/1147/1147 1148/1148/1148 1149/1149/1149
v -16620.000000000 -20122.432518000 -970.884146341
v -16620.000000000 -20122.432518000 -925.884146341
v -16620.000000000 -19822.432518000 -925.884146341
vt 0.000000000 0.000000000
vt 0.450000000 0.000000000
vt 0.450000000 3.000000000
vn -1.000000000000 0.000000000000 0.000000000000
vn -1.000000000000 0.000000000000 0.000000000000
vn -1.000000000000 0.000000000000 0.000000000000
f 1150/1150/1150 1151/1151/1151 1152/1152/1152
v -16585.000000000 -20122.432518000 -953.414634146
v -16550.000000000 -19822.432518000 -953.414634146
v -16550.000000000 -20122.432518000 -953.414634146
vt 0.000000000 0.000000000
vt 3.020347662 0.000000000
vt 0.040558245 0.347642099
vn 0.000000000000 0.000000000000 -1.000000000000
vn 0.000000000000 0.000000000000 -1.000000000000
vn 0.000000000000 0.000000000000 -1.000000000000
f 1153/1153/1153 1154/1154/1154 1155/1155/1155
v -16585.000000000 -20122.432518000 -953.414634146
v -16585.000000000 -19822.432518000 -953.414634146
v -16550.000000000 -19822.432518000 -953.414634146
vt 0.000000000 0.000000000
vt 3.000000000 0.000000000
vt 3.000000000 0.350000000
vn 0.000000000000 0.000000000000 -1.000000000000
vn 0.000000000000 0.000000000000 -1.000000000000
vn 0.000000000000 0.000000000000 -1.000000000000
f 1156/1156/1156 1157/1157/1157 1158/1158/1158
v -16585.000000000 -19822.432518000 -908.414634146
v -16550.000000000 -20122.432518000 -908.414634146
v -16550.000000000 -19822.432518000 -908.414634146
vt 0.000000000 0.000000000
vt 3.020347662 0.000000000
vt 0.040558245 0.347642099
vn -0.000000000000 0.000000000000 1.000000000000
vn -0.000000000000 0.000000000000 1.000000000000
vn -0.000000000000 0.000000000000 1.000000000000
f 1159/1159/1159 1160/1160/1160 1161/1161/1161
v -16585.000000000 -19822.432518000 -908.414634146
v -16585.000000000 -20122.432518000 -908.414634146
v -16550.000000000 -20122.432518000 -908.414634146
vt 0.000000000 0.000000000
vt 3.000000000 0.000000000
vt 3.000000000 0.350000000
vn 0.000000000000 0.000000000000 1.000000000000
vn 0.000000000000 0.000000000000 1.000000000000
vn 0.000000000000 0.000000000000 1.000000000000
f 1162/1162/1162 1163/1163/1163 1164/1164/1164
v -16585.000000000 -19822.432518000 -953.414634146
v -16550.000000000 -19822.432518000 -908.414634146
v -16550.000000000 -19822.432518000 -953.414634146
vt 0.000000000 0.000000000
vt 0.570087713 0.000000000
vt 0.214879215 0.276273276
vn 0.000000000000 1.000000000000 0.000000000000
vn 0.000000000000 1.000000000000 0.000000000000
vn 0.000000000000 1.000000000000 0.000000000000
f 1165/1165/1165 1166/1166/1166 1167/1167/1167
v -16585.000000000 -19822.432518000 -953.414634146
v -16585.000000000 -19822.432518000 -908.414634146
v -16550.000000000 -19822.432518000 -908.414634146
vt 0.000000000 0.000000000
vt 0.450000000 0.000000000
vt 0.450000000 0.350000000
vn 0.000000000000 1.000000000000 0.000000000000
vn 0.000000000000 1.000000000000 0.000000000000
vn 0.000000000000 1.000000000000 0.000000000000
f 1168/1168/1168 1169/1169/1169 1170/1170/1170
v -16550.000000000 -19822.432518000 -953.414634146
v -16550.000000000 -20122.432518000 -908.414634146
v -16550.000000000 -20122.432518000 -953.414634146
vt 0.000000000 0.000000000
vt 3.033562262 0.000000000
vt 2.966809059 0.445021359
vn 1.000000000000 0.000000000000 0.000000000000
vn 1.000000000000 0.000000000000 0.000000000000
vn 1.000000000000 0.000000000000 0.000000000000
f 1171/1171/1171 1172/1172/1172 1173/1173/1173
v -16550.000000000 -19822.432518000 -953.414634146
v -16550.000000000 -19822.432518000 -908.414634146
v -16550.000000000 -20122.432518000 -908.414634146
vt 0.000000000 0.000000000
vt 0.450000000 0.000000000
vt 0.450000000 3.000000000
vn 1.000000000000 0.000000000000 -0.000000000000
vn 1.000000000000 0.000000000000 -0.000000000000
vn 1.000000000000 0.000000000000 -0.000000000000
f 1174/1174/1174 1175/1175/1175 1176/1176/1176
v -16550.000000000 -20122.432518000 -953.414634146
v -16585.000000000 -20122.432518000 -908.414634146
v -16585.000000000 -20122.432518000 -953.414634146
vt 0.000000000 0.000000000
vt 0.570087713 0.000000000
vt 0.214879215 0.276273276
vn 0.000000000000 -1.000000000000 0.000000000000
vn 0.000000000000 -1.000000000000 0.000000000000
vn 0.000000000000 -1.000000000000 0.000000000000
f 1177/1177/1177 1178/1178/1178 1179/1179/1179
v -16550.000000000 -20122.432518000 -953.414634146
v -16550.000000000 -20122.432518000 -908.414634146
v -16585.000000000 -20122.432518000 -908.414634146
vt 0.000000000 0.000000000
vt 0.450000000 0.000000000
vt 0.450000000 0.350000000
vn 0.000000000000 -1.000000000000 0.000000000000
vn 0.000000000000 -1.000000000000 0.000000000000
vn 0.000000000000 -1.000000000000 0.000000000000
f 1180/1180/1180 1181/1181/1181 1182/1182/1182
v -16585.000000000 -20122.432518000 -953.414634146
v -16585.000000000 -19822.432518000 -908.414634146
v -16585.000000000 -19822.432518000 -953.414634146
vt 0.000000000 0.000000000
vt 3.033562262 0.000000000
vt 2.966809059 0.445021359
vn -1.000000000000 0.000000000000 0.000000000000
vn -1.000000000000 0.000000000000 0.000000000000
vn -1.000000000000 0.000000000000 0.000000000000
f 1183/1183/1183 1184/1184/1184 1185/1185/1185
v -16585.000000000 -20122.432518000 -953.414634146
v -16585.000000000 -20122.432518000 -908.414634146
v -16585.000000000 -19822.432518000 -908.414634146
vt 0.000000000 0.000000000
vt 0.450000000 0.000000000
vt 0.450000000 3.000000000
vn -1.000000000000 0.000000000000 0.000000000000
vn -1.000000000000 0.000000000000 0.000000000000
vn -1.000000000000 0.000000000000 0.000000000000
f 1186/1186/1186 1187/1187/1187 1188/1188/1188
v -16550.000000000 -20122.432518000 -935.945121951
v -16515.000000000 -19822.432518000 -935.945121951
v -16515.000000000 -20122.432518000 -935.945121951
vt 0.000000000 0.000000000
vt 3.020347662 0.000000000
vt 0.040558245 0.347642099
vn 0.000000000000 0.000000000000 -1.000000000000
vn 0.000000000000 0.000000000000 -1.000000000000
vn 0.000000000000 0.000000000000 -1.000000000000
f 1189/1189/1189 1190/1190/1190 1191/1191/1191
v -16550.000000000 -20122.432518000 -935.945121951
v -16550.000000000 -19822.432518000 -935.945121951
v -16515.000000000 -19822.432518000 -935.945121951
vt 0.000000000 0.000000000
vt 3.000000000 0.000000000
vt 3.000000000 0.350000000
vn 0.000000000000 0.000000000000 -1.000000000000
vn 0.000000000000 0.000000000000 -1.000000000000
vn 0.000000000000 0.000000000000 -1.000000000000
f 1192/1192/1192 1193/1193/1193 1194/1194/1194
v -16550.000000000 -19822.432518000 -890.945121951
v -16515.000000000 -20122.432518000 -890.945121951
v -16515.000000000 -19822.432518000 -890.945121951
vt 0.000000000 0.000000000
vt 3.020347662 0.000000000
vt 0.040558245 0.347642099
vn -0.000000000000 0.000000000000 1.000000000000
vn -0.000000000000 0.000000000000 1.000000000000
vn -0.000000000000 0.000000000000 1.000000000000
f 1195/1195/1195 1196/1196/1196 1197/1197/1197
v -16550.000000000 -19822.432518000 -890.945121951
v -16550.000000000 -20122.432518000 -890.945121951
v -16515.000000000 -20122.432518000 -890.945121951
vt 0.000000000 0.000000000
vt 3.000000000 0.000000000
vt 3.000000000 0.350000000
vn 0.000000000000 0.000000000000 1.000000000000
vn 0.000000000000 0.000000000000 1.000000000000
vn 0.000000000000 0.000000000000 1.000000000000
f 1198/1198/1198 1199/1199/1199 1200/1200/1200
v -16550.000000000 -19822.432518000 -935.945121951
v -16515.000000000 -19822.432518000 -890.945121951
v -16515.000000000 -19822.432518000 -935.945121951
vt 0.000000000 0.000000000
vt 0.570087713 0.000000000
vt 0.214879215 0.276273276
vn 0.000000000000 1.000000000000 0.000000000000
vn 0.000000000000 1.000000000000 0.000000000000
vn 0.000000000000 1.000000000000 0.000000000000
f 1201/1201/1201 1202/1202/1202 1203/1203/1203
v -16550.000000000 -19822.432518000 -935.945121951
v -16550.000000000 -19822.432518000 -890.945121951
v -16515.000000000 -19822.432518000 -890.945121951
vt 0.000000000 0.000000000
vt 0.450000000 0.000000000
vt 0.450000000 0.350000000
vn 0.000000000000 1.000000000000 0.000000000000
vn 0.000000000000 1.000000000000 0.000000000000
vn 0.000000000000 1.000000000000 0.000000000000
f 1204/1204/1204 1205/1205/1205 1206/1206/1206
v -16515.000000000 -19822.432518000 -935.945121951
v -16515.000000000 -20122.432518000 -890.945121951
v -16515.000000000 -20122.432518000 -935.945121951
vt 0.000000000 0.000000000
vt 3.033562262 0.000000000
vt 2.966809059 0.445021359
vn 1.000000000000 0.000000000000 0.000000000000
vn 1.000000000000 0.000000000000 0.000000000000
vn 1.000000000000 0.000000000000 0.000000000000
f 1207/1207/1207 1208/1208/1208 1209/1209/1209
v -16515.000000000 -19822.432518000 -935.945121951
v -16515.000000000 -19822.432518000 -890.945121951
v -16515.000000000 -20122.432518000 -890.945121951
vt 0.000000000 0.000000000
vt 0.450000000 0.000000000
vt 0.450000000 3.000000000
vn 1.000000000000 0.000000000000 -0.000000000000
vn 1.000000000000 0.000000000000 -0.000000000000
vn 1.000000000000 0.000000000000 -0.000000000000
f 1210/1210/1210 1211/1211/1211 1212/1212/1212
v -16515.000000000 -20122.432518000 -935.945121951
v -16550.000000000 -20122.432518000 -890.945121951
v -16550.000000000 -20122.432518000 -935.945121951
vt 0.000000000 0.000000000
vt 0.570087713 0.000000000
vt 0.214879215 0.276273276
vn 0.000000000000 -1.000000000000 0.000000000000
vn 0.000000000000 -1.000000000000 0.000000000000
vn 0.000000000000 -1.000000000000 0.000000000000
f 1213/1213/1213 1214/1214/1214 1215/1215/1215
v -16515.000000000 -20122.432518000 -935.945121951
v -16515.000000000 -20122.432518000 -890.945121951
v -16550.000000000 -20122.432518000 -890.945121951
vt 0.000000000 0.000000000
vt 0.450000000 0.000000000
vt 0.450000000 0.350000000
vn 0.000000000000 -1.000000000000 0.000000000000
vn 0.000000000000 -1.000000000000 0.000000000000
vn 0.000000000000 -1.000000000000 0.000000000000
f 1216/1216/1216 1217/1217/1217 1218/1218/1218
v -16550.000000000 -20122.432518000 -935.945121951
v -16550.000000000 -19822.432518000 -890.945121951
v -16550.000000000 -19822.432518000 -935.945121951
vt 0.000000000 0.000000000
vt 3.033562262 0.000000000
vt 2.966809059 0.445021359
vn -1.000000000000 0.000000000000 0.000000000000
vn -1.000000000000 0.000000000000 0.000000000000
vn -1.000000000000 0.000000000000 0.000000000000
f 1219/1219/1219 1220/1220/1220 1221/1221/1221
v -16550.000000000 -20122.432518000 -935.945121951
v -16550.000000000 -20122.432518000 -890.945121951
v -16550.000000000 -19822.432518000 -890.945121951
vt 0.000000000 0.000000000
vt 0.450000000 0.000000000
vt 0.450000000 3.000000000
vn -1.000000000000 0.000000000000 0.000000000000
vn -1.000000000000 0.000000000000 0.000000000000
vn -1.000000000000 0.000000000000 0.000000000000
f 1222/1222/1222 1223/1223/1223 1224/1224/1224
v -16515.000000000 -20122.432518000 -918.475609756
v -16480.000000000 -19822.432518000 -918.475609756
v -16480.000000000 -20122.432518000 -918.475609756
vt 0.000000000 0.000000000
vt 3.020347662 0.000000000
vt 0.040558245 0.347642099
vn 0.000000000000 0.000000000000 -1.000000000000
vn 0.000000000000 0.000000000000 -1.000000000000
vn 0.000000000000 0.000000000000 -1.000000000000
f 1225/1225/1225 1226/1226/1226 1227/1227/1227
v -16515.000000000 -20122.432518000 -918.475609756
v -16515.000000000 -19822.432518000 -918.475609756
v -16480.000000000 -19822.432518000 -918.475609756
vt 0.000000000 0.000000000
vt 3.000000000 0.000000000
vt 3.000000000 0.350000000
vn 0.000000000000 0.000000000000 -1.000000000000
vn 0.000000000000 0.000000000000 -1.000000000000
vn 0.000000000000 0.000000000000 -1.000000000000
f 1228/1228/1228 1229/1229/1229 1230/1230/1230
v -16515.000000000 -19822.432518000 -873.475609756
v -16480.000000000 -20122.432518000 -873.475609756
v -16480.000000000 -19822.432518000 -873.475609756
vt 0.000000000 0.000000000
vt 3.020347662 0.000000000
vt 0.040558245 0.347642099
vn -0.000000000000 0.000000000000 1.000000000000
vn -0.000000000000 0.000000000000 1.000000000000
vn -0.000000000000 0.000000000000 1.000000000000
f 1231/1231/1231 1232/1232/1232 1233/1233/1233
v -16515.000000000 -19822.432518000 -873.475609756
v -16515.000000000 -20122.432518000 -873.475609756
v -16480.000000000 -20122.432518000 -873.475609756
vt 0.000000000 0.000000000
vt 3.000000000 0.000000000
vt 3.000000000 0.350000000
vn 0.000000000000 0.000000000000 1.000000000000
vn 0.000000000000 0.000000000000 1.000000000000
vn 0.000000000000 0.000000000000 1.000000000000
f 1234/1234/1234 1235/1235/1235 1236/1236/1236
v -16515.000000000 -19822.432518000 -918.475609756
v -16480.000000000 -19822.432518000 -873.475609756
v -16480.000000000 -19822.432518000 -918.475609756
vt 0.000000000 0.000000000
vt 0.570087713 0.000000000
vt 0.214879215 0.276273276
vn 0.000000000000 1.000000000000 0.000000000000
vn 0.000000000000 1.000000000000 0.000000000000
vn 0.000000000000 1.000000000000 0.000000000000
f 1237/1237/1237 1238/1238/1238 1239/1239/1239
v -16515.000000000 -19822.432518000 -918.475609756
v -16515.000000000 -19822.432518000 -873.475609756
v -16480.000000000 -19822.432518000 -873.475609756
vt 0.000000000 0.000000000
vt 0.450000000 0.000000000
vt 0.450000000 0.350000000
vn 0.000000000000 1.000000000000 0.000000000000
vn 0.000000000000 1.000000000000 0.000000000000
vn 0.000000000000 1.000000000000 0.000000000000
f 1240/1240/1240 1241/1241/1241 1242/1242/1242
v -16480.000000000 -19822.432518000 -918.475609756
v -16480.000000000 -20122.432518000 -873.475609756
v -16480.000000000 -20122.432518000 -918.475609756
vt 0.000000000 0.000000000
vt 3.033562262 0.000000000
vt 2.966809059 0.445021359
vn 1.000000000000 0.000000000000 0.000000000000
vn 1.000000000000 0.000000000000 0.000000000000
vn 1.000000000000 0.000000000000 0.000000000000
f 1243/1243/1243 1244/1244/1244 1245/1245/1245
v -16480.000000000 -19822.432518000 -918.475609756
v -16480.000000000 -19822.432518000 -873.475609756
v -16480.000000000 -20122.432518000 -873.475609756
vt 0.000000000 0.000000000
vt 0.450000000 0.000000000
vt 0.450000000 3.000000000
vn 1.000000000000 0.000000000000 -0.000000000000
vn 1.000000000000 0.000000000000 -0.000000000000
vn 1.000000000000 0.000000000000 -0.000000000000
f 1246/1246/1246 1247/1247/1247 1248/1248/1248
v -16480.000000000 -20122.432518000 -918.475609756
v -16515.000000000 -20122.432518000 -873.475609756
v -16515.000000000 -20122.432518000 -918.475609756
vt 0.000000000 0.000000000
vt 0.570087713 0.000000000
vt 0.214879215 0.276273276
vn 0.000000000000 -1.000000000000 0.000000000000
vn 0.000000000000 -1.000000000000 0.000000000000
vn 0.000000000000 -1.000000000000 0.000000000000
f 1249/1249/1249 1250/1250/1250 1251/1251/1251
v -16480.000000000 -20122.432518000 -918.475609756
v -16480.000000000 -20122.432518000 -873.475609756
v -16515.000000000 -20122.432518000 -873.475609756
vt 0.000000000 0.000000000
vt 0.450000000 0.000000000
vt 0.450000000 0.350000000
vn 0.000000000000 -1.000000000000 0.000000000000
vn 0.000000000000 -1.000000000000 0.000000000000
vn 0.000000000000 -1.000000000000 0.000000000000
f 1252/1252/1252 1253/1253/1253 1254/1254/1254
v -16515.000000000 -20122.432518000 -918.475609756
v -16515.000000000 -19822.432518000 -873.475609756
v -16515.000000000 -19822.432518000 -918.475609756
vt 0.000000000 0.000000000
vt 3.033562262 0.000000000
vt 2.966809059 0.445021359
vn -1.000000000000 0.000000000000 0.000000000000
vn -1.000000000000 0.000000000000 0.000000000000
vn -1.000000000000 0.000000000000 0.000000000000
f 1255/1255/1255 1256/1256/1256 1257/1257/1257
v -16515.000000000 -20122.432518000 -918.475609756
v -16515.000000000 -20122.432518000 -873.475609756
v -16515.000000000 -19822.432518000 -873.475609756
vt 0.000000000 0.000000000
vt 0.450000000 0.000000000
vt 0.450000000 3.000000000
vn -1.000000000000 0.000000000000 0.000000000000
vn -1.000000000000 0.000000000000 0.000000000000
vn -1.000000000000 0.000000000000 0.000000000000
f 1258/1258/1258 1259/1259/1259 1260/1260/1260
v -16480.000000000 -20122.432518000 -901.006097561
v -16445.000000000 -19822.432518000 -901.006097561
v -16445.000000000 -20122.432518000 -901.006097561
vt 0.000000000 0.000000000
vt 3.020347662 0.000000000
vt 0.040558245 0.347642099
vn 0.000000000000 0.000000000000 -1.000000000000
vn 0.000000000000 0.000000000000 -1.000000000000
vn 0.000000000000 0.000000000000 -1.000000000000
f 1261/1261/1261 1262/1262/1262 1263/1263/1263
v -16480.000000000 -20122.432518000 -901.006097561
v -16480.000000000 -19822.432518000 -901.006097561
v -16445.000000000 -19822.432518000 -901.006097561
vt 0.000000000 0.000000000
vt 3.000000000 0.000000000
vt 3.000000000 0.350000000
vn 0.000000000000 0.000000000000 -1.000000000000
vn 0.000000000000 0.000000000000 -1.000000000000
vn 0.000000000000 0.000000000000 -1.000000000000
f 1264/1264/1264 1265/1265/1265 1266/1266/1266
v -16480.000000000 -19822.432518000 -856.006097561
v -16445.000000000 -20122.432518000 -856.006097561
v -16445.000000000 -19822.432518000 -856.006097561
vt 0.000000000 0.000000000
vt 3.020347662 0.000000000
vt 0.040558245 0.347642099
vn -0.000000000000 0.000000000000 1.000000000000
vn -0.000000000000 0.000000000000 1.000000000000
vn -0.000000000000 0.000000000000 1.000000000000
f 1267/1267/1267 1268/1268/1268 1269/1269/1269
v -16480.000000000 -19822.432518000 -856.006097561
v -16480.000000000 -20122.432518000 -856.006097561
v -16445.000000000 -20122.432518000 -856.006097561
vt 0.000000000 0.000000000
vt 3.000000000 0.000000000
vt 3.000000000 0.350000000
vn 0.000000000000 0.000000000000 1.000000000000
vn 0.000000000000 0.000000000000 1.000000000000
vn 0.000000000000 0.000000000000 1.000000000000
f 1270/1270/1270 1271/1271/1271 1272/1272/1272
v -16480.000000000 -19822.432518000 -901.006097561
v -16445.000000000 -19822.432518000 -856.006097561
v -16445.000000000 -19822.432518000 -901.006097561
vt 0.000000000 0.000000000
vt 0.570087713 0.000000000
vt 0.214879215 0.276273276
vn 0.000000000000 1.000000000000 0.000000000000
vn 0.000000000000 1.000000000000 0.000000000000
vn 0.000000000000 1.000000000000 0.000000000000
f 1273/1273/1273 1274/1274/1274 1275/1275/1275
v -16480.000000000 -19822.432518000 -901.006097561
v -16480.000000000 -19822.432518000 -856.006097561
v -16445.000000000 -19822.432518000 -856.006097561
vt 0.000000000 0.000000000
vt 0.450000000 0.000000000
vt 0.450000000 0.350000000
vn 0.000000000000 1.000000000000 0.000000000000
vn 0.000000000000 1.000000000000 0.000000000000
vn 0.000000000000 1.000000000000 0.000000000000
f 1276/1276/1276 1277/1277/1277 1278/1278/1278
v -16445.000000000 -19822.432518000 -901.006097561
v -16445.000000000 -20122.432518000 -856.006097561
v -16445.000000000 -20122.432518000 -901.006097561
vt 0.000000000 0.000000000
vt 3.033562262 0.000000000
vt 2.966809059 0.445021359
vn 1.000000000000 0.000000000000 0.000000000000
vn 1.000000000000 0.000000000000 0.000000000000
vn 1.000000000000 0.000000000000 0.000000000000
f 1279/1279/1279 1280/1280/1280 1281/1281/1281
v -16445.000000000 -19822.432518000 -901.006097561
v -16445.000000000 -19822.432518000 -856.006097561
v -16445.000000000 -20122.432518000 -856.006097561
vt 0.000000000 0.000000000
vt 0.450000000 0.000000000
vt 0.450000000 3.000000000
vn 1.000000000000 0.000000000000 -0.000000000000
vn 1.000000000000 0.000000000000 -0.000000000000
vn 1.000000000000 0.000000000000 -0.000000000000
f 1282/1282/1282 1283/1283/1283 1284/1284/1284
v -16445.000000000 -20122.432518000 -901.006097561
v -16480.000000000 -20122.432518000 -856.006097561
v -16480.000000000 -20122.432518000 -901.006097561
vt 0.000000000 0.000000000
vt 0.570087713 0.000000000
vt 0.214879215 0.276273276
vn 0.000000000000 -1.000000000000 0.000000000000
vn 0.000000000000 -1.000000000000 0.000000000000
vn 0.000000000000 -1.000000000000 0.000000000000
f 1285/1285/1285 1286/1286/1286 1287/1287/1287
v -16445.000000000 -20122.432518000 -901.006097561
v -16445.000000000 -20122.432518000 -856.006097561
v -16480.000000000 -20122.432518000 -856.006097561
vt 0.000000000 0.000000000
vt 0.450000000 0.000000000
vt 0.450000000 0.350000000
vn 0.000000000000 -1.000000000000 0.000000000000
vn 0.000000000000 -1.000000000000 0.000000000000
vn 0.000000000000 -1.000000000000 0.000000000000
f 1288/1288/1288 1289/1289/1289 1290/1290/1290
v -16480.000000000 -20122.432518000 -901.006097561
v -16480.000000000 -19822.432518000 -856.006097561
v -16480.000000000 -19822.432518000 -901.006097561
vt 0.000000000 0.000000000
vt 3.033562262 0.000000000
vt 2.966809059 0.445021359
vn -1.000000000000 0.000000000000 0.000000000000
vn -1.000000000000 0.000000000000 0.000000000000
vn -1.000000000000 0.000000000000 0.000000000000
f 1291/1291/1291 1292/1292/1292 1293/1293/1293
v -16480.000000000 -20122.432518000 -901.006097561
v -16480.000000000 -20122.432518000 -856.006097561
v -16480.000000000 -19822.432518000 -856.006097561
vt 0.000000000 0.000000000
vt 0.450000000 0.000000000
vt 0.450000000 3.000000000
vn -1.000000000000 0.000000000000 0.000000000000
vn -1.000000000000 0.000000000000 0.000000000000
vn -1.000000000000 0.000000000000 0.000000000000
f 1294/1294/1294 1295/1295/1295 1296/1296/1296
v -16445.000000000 -20122.432518000 -883.536585366
v -16410.000000000 -19822.432518000 -883.536585366
v -16410.000000000 -20122.432518000 -883.536585366
vt 0.000000000 0.000000000
vt 3.020347662 0.000000000
vt 0.040558245 0.347642099
vn 0.000000000000 0.000000000000 -1.000000000000
vn 0.000000000000 0.000000000000 -1.000000000000
vn 0.000000000000 0.000000000000 -1.000000000000
f 1297/1297/1297 1298/1298/1298 1299/1299/1299
v -16445.000000000 -20122.432518000 -883.536585366
v -16445.000000000 -19822.432518000 -883.536585366
v -16410.000000000 -19822.432518000 -883.536585366
vt 0.000000000 0.000000000
vt 3.000000000 0.000000000
vt 3.000000000 0.350000000
vn 0.000000000000 0.000000000000 -1.000000000000
vn 0.000000000000 0.000000000000 -1.000000000000
vn 0.000000000000 0.000000000000 -1.000000000000
f 1300/1300/1300 1301/1301/1301 1302/1302/1302
v -16445.000000000 -19822.432518000 -838.536585366
v -16410.000000000 -20122.432518000 -838.536585366
v -16410.000000000 -19822.432518000 -838.536585366
vt 0.000000000 0.000000000
vt 3.020347662 0.000000000
vt 0.040558245 0.347642099
vn -0.000000000000 0.000000000000 1.000000000000
vn -0.000000000000 0.000000000000 1.000000000000
vn -0.000000000000 0.000000000000 1.000000000000
f 1303/1303/1303 1304/1304/1304 1305/1305/1305
v -16445.000000000 -19822.432518000 -838.536585366
v -16445.000000000 -20122.432518000 -838.536585366
v -16410.000000000 -20122.432518000 -838.536585366
vt 0.000000000 0.000000000
vt 3.000000000 0.000000000
vt 3.000000000 0.350000000
vn 0.000000000000 0.000000000000 1.000000000000
vn 0.000000000000 0.000000000000 1.000000000000
vn 0.000000000000 0.000000000000 1.000000000000
f 1306/1306/1306 1307/1307/1307 1308/1308/1308
v -16445.000000000 -19822.432518000 -883.536585366
v -16410.000000000 -19822.432518000 -838.536585366
v -16410.000000000 -19822.432518000 -883.536585366
vt 0.000000000 0.000000000
vt 0.570087713 0.000000000
vt 0.214879215 0.276273276
vn 0.000000000000 1.000000000000 0.000000000000
vn 0.000000000000 1.000000000000 0.000000000000
vn 0.000000000000 1.000000000000 0.000000000000
f 1309/1309/1309 1310/1310/1310 1311/1311/1311
v -16445.000000000 -19822.432518000 -883.536585366
v -16445.000000000 -19822.432518000 -838.536585366
v -16410.000000000 -19822.432518000 -838.536585366
vt 0.000000000 0.000000000
vt 0.450000000 0.000000000
vt 0.450000000 0.350000000
vn 0.000000000000 1.000000000000 0.000000000000
vn 0.000000000000 1.000000000000 0.000000000000
vn 0.000000000000 1.000000000000 0.000000000000
f 1312/1312/1312 1313/1313/1313 1314/1314/1314
v -16410.000000000 -19822.432518000 -883.536585366
v -16410.000000000 -20122.432518000 -838.536585366
v -16410.000000000 -20122.432518000 -883.536585366
vt 0.000000000 0.000000000
vt 3.033562262 0.000000000
vt 2.966809059 0.445021359
vn 1.000000000000 0.000000000000 0.000000000000
vn 1.000000000000 0.000000000000 0.000000000000
vn 1.000000000000 0.000000000000 0.000000000000
f 1315/1315/1315 1316/1316/1316 1317/1317/1317
v -16410.000000000 -19822.432518000 -883.536585366
v -16410.000000000 -19822.432518000 -838.536585366
v -16410.000000000 -20122.432518000 -838.536585366
vt 0.000000000 0.000000000
vt 0.450000000 0.000000000
vt 0.450000000 3.000000000
vn 1.000000000000 0.000000000000 -0.000000000000
vn 1.000000000000 0.000000000000 -0.000000000000
vn 1.000000000000 0.000000000000 -0.000000000000
f 1318/1318/1318 1319/1319/1319 1320/1320/1320
v -16410.000000000 -20122.432518000 -883.536585366
v -16445.000000000 -20122.432518000 -838.536585366
v -16445.000000000 -20122.432518000 -883.536585366
vt 0.000000000 0.000000000
vt 0.570087713 0.000000000
vt 0.214879215 0.276273276
vn 0.000000000000 -1.000000000000 0.000000000000
vn 0.000000000000 -1.000000000000 0.000000000000
vn 0.000000000000 -1.000000000000 0.000000000000
f 1321/1321/1321 1322/1322/1322 1323/1323/1323
v -16410.000000000 -20122.432518000 -883.536585366
v -16410.000000000 -20122.432518000 -838.536585366
v -16445.000000000 -20122.432518000 -838.536585366
vt 0.000000000 0.000000000
vt 0.450000000 0.000000000
vt 0.450000000 0.350000000
vn 0.000000000000 -1.000000000000 0.000000000000
vn 0.000000000000 -1.000000000000 0.000000000000
vn 0.000000000000 -1.000000000000 0.000000000000
f 1324/1324/1324 1325/1325/1325 1326/1326/1326
v -16445.000000000 -20122.432518000 -883.536585366
v -16445.000000000 -19822.432518000 -838.536585366
v -16445.000000000 -19822.432518000 -883.536585366
vt 0.000000000 0.000000000
vt 3.033562262 0.000000000
vt 2.966809059 0.445021359
vn -1.000000000000 0.000000000000 0.000000000000
vn -1.000000000000 0.000000000000 0.000000000000
vn -1.000000000000 0.000000000000 0.000000000000
f 1327/1327/1327 1328/1328/1328 1329/1329/1329
v -16445.000000000 -20122.432518000 -883.536585366
v -16445.000000000 -20122.432518000 -838.536585366
v -16445.000000000 -19822.432518000 -838.536585366
vt 0.000000000 0.000000000
vt 0.450000000 0.000000000
vt 0.450000000 3.000000000
vn -1.000000000000 0.000000000000 0.000000000000
vn -1.000000000000 0.000000000000 0.000000000000
vn -1.000000000000 0.000000000000 0.000000000000
f 1330/1330/1330 1331/1331/1331 1332/1332/1332
v -16410.000000000 -20122.432518000 -866.067073171
v -16375.000000000 -19822.432518000 -866.067073171
v -16375.000000000 -20122.432518000 -866.067073171
vt 0.000000000 0.000000000
vt 3.020347662 0.000000000
vt 0.040558245 0.347642099
vn 0.000000000000 0.000000000000 -1.000000000000
vn 0.000000000000 0.000000000000 -1.000000000000
vn 0.000000000000 0.000000000000 -1.000000000000
f 1333/1333/1333 1334/1334/1334 1335/1335/1335
v -16410.000000000 -20122.432518000 -866.067073171
v -16410.000000000 -19822.432518000 -866.067073171
v -16375.000000000 -19822.432518000 -866.067073171
vt 0.000000000 0.000000000
vt 3.000000000 0.000000000
vt 3.000000000 0.350000000
vn 0.000000000000 0.000000000000 -1.000000000000
vn 0.000000000000 0.000000000000 -1.000000000000
vn 0.000000000000 0.000000000000 -1.000000000000
f 1336/1336/1336 1337/1337/1337 1338/1338/1338
v -16410.000000000 -19822.432518000 -821.067073171
v -16375.000000000 -20122.432518000 -821.067073171
v -16375.000000000 -19822.432518000 -821.067073171
vt 0.000000000 0.000000000
vt 3.020347662 0.000000000
vt 0.040558245 0.347642099
vn -0.000000000000 0.000000000000 1.000000000000
vn -0.000000000000 0.000000000000 1.000000000000
vn -0.000000000000 0.000000000000 1.000000000000
f 1339/1339/1339 1340/1340/1340 1341/1341/1341
v -16410.000000000 -19822.432518000 -821.067073171
v -16410.000000000 -20122.432518000 -821.067073171
v -16375.000000000 -20122.432518000 -821.067073171
vt 0.000000000 0.000000000
vt 3.000000000 0.000000000
vt 3.000000000 0.350000000
vn 0.000000000000 0.000000000000 1.000000000000
vn 0.000000000000 0.000000000000 1.000000000000
vn 0.000000000000 0.000000000000 1.000000000000
f 1342/1342/1342 1343/1343/1343 1344/1344/1344
v -16410.000000000 -19822.432518000 -866.067073171
v -16375.000000000 -19822.432518000 -821.067073171
v -16375.000000000 -19822.432518000 -866.067073171
vt 0.000000000 0.000000000
vt 0.570087713 0.000000000
vt 0.214879215 0.276273276
vn 0.000000000000 1.000000000000 0.000000000000
vn 0.000000000000 1.000000000000 0.000000000000
vn 0.000000000000 1.000000000000 0.000000000000
f 1345/1345/1345 1346/1346/1346 1347/1347/1347
v -16410.000000000 -19822.432518000 -866.067073171
v -16410.000000000 -19822.432518000 -821.067073171
v -16375.000000000 -19822.432518000 -821.067073171
vt 0.000000000 0.000000000
vt 0.450000000 0.000000000
vt 0.450000000 0.350000000
vn 0.000000000000 1.000000000000 0.000000000000
vn 0.000000000000 1.000000000000 0.000000000000
vn 0.000000000000 1.000000000000 0.000000000000
f 1348/1348/1348 1349/1349/1349 1350/1350/1350
v -16375.000000000 -19822.432518000 -866.067073171
v -16375.000000000 -20122.432518000 -821.067073171
v -16375.000000000 -20122.432518000 -866.067073171
vt 0.000000000 0.000000000
vt 3.033562262 0.000000000
vt 2.966809059 0.445021359
vn 1.000000000000 0.000000000000 0.000000000000
vn 1.000000000000 0.000000000000 0.000000000000
vn 1.000000000000 0.000000000000 0.000000000000
f 1351/1351/1351 1352/1352/1352 1353/1353/1353
v -16375.000000000 -19822.432518000 -866.067073171
v -16375.000000000 -19822.432518000 -821.067073171
v -16375.000000000 -20122.432518000 -821.067073171
vt 0.000000000 0.000000000
vt 0.450000000 0.000000000
vt 0.450000000 3.000000000
vn 1.000000000000 0.000000000000 -0.000000000000
vn 1.000000000000 0.000000000000 -0.000000000000
vn 1.000000000000 0.000000000000 -0.000000000000
f 1354/1354/1354 1355/1355/1355 1356/1356/1356
v -16375.000000000 -20122.432518000 -866.067073171
v -16410.000000000 -20122.432518000 -821.067073171
v -16410.000000000 -20122.432518000 -866.067073171
vt 0.000000000 0.000000000
vt 0.570087713 0.000000000
vt 0.214879215 0.276273276
vn 0.000000000000 -1.000000000000 0.000000000000
vn 0.000000000000 -1.000000000000 0.000000000000
vn 0.000000000000 -1.000000000000 0.000000000000
f 1357/1357/1357 1358/1358/1358 1359/1359/1359
v -16375.000000000 -20122.432518000 -866.067073171
v -16375.000000000 -20122.432518000 -821.067073171
v -16410.000000000 -20122.432518000 -821.067073171
vt 0.000000000 0.000000000
vt 0.450000000 0.000000000
vt 0.450000000 0.350000000
vn 0.000000000000 -1.000000000000 0.000000000000
vn 0.000000000000 -1.000000000000 0.000000000000
vn 0.000000000000 -1.000000000000 0.000000000000
f 1360/1360/1360 1361/1361/1361 1362/1362/1362
v -16410.000000000 -20122.432518000 -866.067073171
v -16410.000000000 -19822.432518000 -821.067073171
v -16410.000000000 -19822.432518000 -866.067073171
vt 0.000000000 0.000000000
vt 3.033562262 0.000000000
vt 2.966809059 0.445021359
vn -1.000000000000 0.000000000000 0.000000000000
vn -1.000000000000 0.000000000000 0.000000000000
vn -1.000000000000 0.000000000000 0.000000000000
f 1363/1363/1363 1364/1364/1364 1365/1365/1365
v -16410.000000000 -20122.432518000 -866.067073171
v -16410.000000000 -20122.432518000 -821.067073171
v -16410.000000000 -19822.432518000 -821.067073171
vt 0.000000000 0.000000000
vt 0.450000000 0.000000000
vt 0.450000000 3.000000000
vn -1.000000000000 0.000000000000 0.000000000000
vn -1.000000000000 0.000000000000 0.000000000000
vn -1.000000000000 0.000000000000 0.000000000000
f 1366/1366/1366 1367/1367/1367 1368/1368/1368
v -16375.000000000 -20122.432518000 -848.597560976
v -16340.000000000 -19822.432518000 -848.597560976
v -16340.000000000 -20122.432518000 -848.597560976
vt 0.000000000 0.000000000
vt 3.020347662 0.000000000
vt 0.040558245 0.347642099
vn 0.000000000000 0.000000000000 -1.000000000000
vn 0.000000000000 0.000000000000 -1.000000000000
vn 0.000000000000 0.000000000000 -1.000000000000
f 1369/1369/1369 1370/1370/1370 1371/1371/1371
v -16375.000000000 -20122.432518000 -848.597560976
v -16375.000000000 -19822.432518000 -848.597560976
v -16340.000000000 -19822.432518000 -848.597560976
vt 0.000000000 0.000000000
vt 3.000000000 0.000000000
vt 3.000000000 0.350000000
vn 0.000000000000 0.000000000000 -1.000000000000
vn 0.000000000000 0.000000000000 -1.000000000000
vn 0.000000000000 0.000000000000 -1.000000000000
f 1372/1372/1372 1373/1373/1373 1374/1374/1374
v -16375.000000000 -19822.432518000 -803.597560976
v -16340.000000000 -20122.432518000 -803.597560976
v -16340.000000000 -19822.432518000 -803.597560976
vt 0.000000000 0.000000000
vt 3.020347662 0.000000000
vt 0.040558245 0.347642099
vn -0.000000000000 0.000000000000 1.000000000000
vn -0.000000000000 0.000000000000 1.000000000000
vn -0.000000000000 0.000000000000 1.000000000000
f 1375/1375/1375 1376/1376/1376 1377/1377/1377
v -16375.000000000 -19822.432518000 -803.597560976
v -16375.000000000 -20122.432518000 -803.597560976
v -16340.000000000 -20122.432518000 -803.597560976
vt 0.000000000 0.000000000
vt 3.000000000 0.000000000
vt 3.000000000 0.350000000
vn 0.000000000000 0.000000000000 1.000000000000
vn 0.000000000000 0.000000000000 1.000000000000
vn 0.000000000000 0.000000000000 1.000000000000
f 1378/1378/1378 1379/1379/1379 1380/1380/1380
v -16375.000000000 -19822.432518000 -848.597560976
v -16340.000000000 -19822.432518000 -803.597560976
v -16340.000000000 -19822.432518000 -848.597560976
vt 0.000000000 0.000000000
vt 0.570087713 0.000000000
vt 0.214879215 0.276273276
vn 0.000000000000 1.000000000000 0.000000000000
vn 0.000000000000 1.000000000000 0.000000000000
vn 0.000000000000 1.000000000000 0.000000000000
f 1381/1381/1381 1382/1382/1382 1383/1383/1383
v -16375.000000000 -19822.432518000 -848.597560976
v -16375.000000000 -19822.432518000 -803.597560976
v -16340.000000000 -19822.432518000 -803.597560976
vt 0.000000000 0.000000000
vt 0.450000000 0.000000000
vt 0.450000000 0.350000000
vn 0.000000000000 1.000000000000 0.000000000000
vn 0.000000000000 1.000000000000 0.000000000000
vn 0.000000000000 1.000000000000 0.000000000000
f 1384/1384/1384 1385/1385/1385 1386/1386/1386
v -16340.000000000 -19822.432518000 -848.597560976
v -16340.000000000 -20122.432518000 -803.597560976
v -16340.000000000 -20122.432518000 -848.597560976
vt 0.000000000 0.000000000
vt 3.033562262 0.000000000
vt 2.966809059 0.445021359
vn 1.000000000000 0.000000000000 0.000000000000
vn 1.000000000000 0.000000000000 0.000000000000
vn 1.000000000000 0.000000000000 0.000000000000
f 1387/1387/1387 1388/1388/1388 1389/1389/1389
v -16340.000000000 -19822.432518000 -848.597560976
v -16340.000000000 -19822.432518000 -803.597560976
v -16340.000000000 -20122.432518000 -803.597560976
vt 0.000000000 0.000000000
vt 0.450000000 0.000000000
vt 0.450000000 3.000000000
vn 1.000000000000 0.000000000000 -0.000000000000
vn 1.000000000000 0.000000000000 -0.000000000000
vn 1.000000000000 0.000000000000 -0.000000000000
f 1390/1390/1390 1391/1391/1391 1392/1392/1392
v -16340.000000000 -20122.432518000 -848.597560976
v -16375.000000000 -20122.432518000 -803.597560976
v -16375.000000000 -20122.432518000 -848.597560976
vt 0.000000000 0.000000000
vt 0.570087713 0.000000000
vt 0.214879215 0.276273276
vn 0.000000000000 -1.000000000000 0.000000000000
vn 0.000000000000 -1.000000000000 0.000000000000
vn 0.000000000000 -1.000000000000 0.000000000000
f 1393/1393/1393 1394/1394/1394 1395/1395/1395
v -16340.000000000 -20122.432518000 -848.597560976
v -16340.000000000 -20122.432518000 -803.597560976
v -16375.000000000 -20122.432518000 -803.597560976
vt 0.000000000 0.000000000
vt 0.450000000 0.000000000
vt 0.450000000 0.350000000
vn 0.000000000000 -1.000000000000 0.000000000000
vn 0.000000000000 -1.000000000000 0.000000000000
vn 0.000000000000 -1.000000000000 0.000000000000
f 1396/1396/1396 1397/1397/1397 1398/1398/1398
v -16375.000000000 -20122.432518000 -848.597560976
v -16375.000000000 -19822.432518000 -803.597560976
v -16375.000000000 -19822.432518000 -848.597560976
vt 0.000000000 0.000000000
vt 3.033562262 0.000000000
vt 2.966809059 0.445021359
vn -1.000000000000 0.000000000000 0.000000000000
vn -1.000000000000 0.000000000000 0.000000000000
vn -1.000000000000 0.000000000000 0.000000000000
f 1399/1399/1399 1400/1400/1400 1401/1401/1401
v -16375.000000000 -20122.432518000 -848.597560976
v -16375.000000000 -20122.432518000 -803.597560976
v -16375.000000000 -19822.432518000 -803.597560976
vt 0.000000000 0.000000000
vt 0.450000000 0.000000000
vt 0.450000000 3.000000000
vn -1.000000000000 0.000000000000 0.000000000000
vn -1.000000000000 0.000000000000 0.000000000000
vn -1.000000000000 0.000000000000 0.000000000000
f 1402/1402/1402 1403/1403/1403 1404/1404/1404
v -16340.000000000 -20122.432518000 -848.597560976
v -16090.000000000 -19822.432518000 -848.597560976
v -16090.000000000 -20122.432518000 -848.597560976
vt 0.000000000 0.000000000
vt 3.905124838 0.000000000
vt 1.600460999 1.920553199
vn 0.000000000000 0.000000000000 -1.000000000000
vn 0.000000000000 0.000000000000 -1.000000000000
vn 0.000000000000 0.000000000000 -1.000000000000
f 1405/1405/1405 1406/1406/1406 1407/1407/1407
v -16340.000000000 -20122.432518000 -848.597560976
v -16340.000000000 -19822.432518000 -848.597560976
v -16090.000000000 -19822.432518000 -848.597560976
vt 0.000000000 0.000000000
vt 3.000000000 0.000000000
vt 3.000000000 2.500000000
vn 0.000000000000 0.000000000000 -1.000000000000
vn 0.000000000000 0.000000000000 -1.000000000000
vn 0.000000000000 0.000000000000 -1.000000000000
f 1408/1408/1408 1409/1409/1409 1410/1410/1410
v -16340.000000000 -19822.432518000 -803.597560976
v -16090.000000000 -20122.432518000 -803.597560976
v -16090.000000000 -19822.432518000 -803.597560976
vt 0.000000000 0.000000000
vt 3.905124838 0.000000000
vt 1.600460999 1.920553199
vn -0.000000000000 0.000000000000 1.000000000000
vn -0.000000000000 0.000000000000 1.000000000000
vn -0.000000000000 0.000000000000 1.000000000000
f 1411/1411/1411 1412/1412/1412 1413/1413/1413
v -16340.000000000 -19822.432518000 -803.597560976
v -16340.000000000 -20122.432518000 -803.597560976
v -16090.000000000 -20122.432518000 -803.597560976
vt 0.000000000 0.000000000
vt 3.000000000 0.000000000
vt 3.000000000 2.500000000
vn 0.000000000000 0.000000000000 1.000000000000
vn 0.000000000000 0.000000000000 1.000000000000
vn 0.000000000000 0.000000000000 1.000000000000
f 1414/1414/1414 1415/1415/1415 1416/1416/1416
v -16340.000000000 -19822.432518000 -848.597560976
v -16090.000000000 -19822.432518000 -803.597560976
v -16090.000000000 -19822.432518000 -848.597560976
vt 0.000000000 0.000000000
vt 2.540177159 0.000000000
vt 2.460458310 0.442882496
vn 0.000000000000 1.000000000000 0.000000000000
vn 0.000000000000 1.000000000000 0.000000000000
vn 0.000000000000 1.000000000000 0.000000000000
f 1417/1417/1417 1418/1418/1418 1419/1419/1419
v -16340.000000000 -19822.432518000 -848.597560976
v -16340.000000000 -19822.432518000 -803.597560976
v -16090.000000000 -19822.432518000 -803.597560976
vt 0.000000000 0.000000000
vt 0.450000000 0.000000000
vt 0.450000000 2.500000000
vn 0.000000000000 1.000000000000 0.000000000000
vn 0.000000000000 1.000000000000 0.000000000000
vn 0.000000000000 1.000000000000 0.000000000000
f 1420/1420/1420 1421/1421/1421 1422/1422/1422
v -16090.000000000 -19822.432518000 -848.597560976
v -16090.000000000 -20122.432518000 -803.597560976
v -16090.000000000 -20122.432518000 -848.597560976
vt 0.000000000 0.000000000
vt 3.033562262 0.000000000
vt 2.966809059 0.445021359
vn 1.000000000000 0.000000000000 0.000000000000
vn 1.000000000000 0.000000000000 0.000000000000
vn 1.000000000000 0.000000000000 0.000000000000
f 1423/1423/1423 1424/1424/1424 1425/1425/1425
v -16090.000000000 -19822.432518000 -848.597560976
v -16090.000000000 -19822.432518000 -803.597560976
v -16090.000000000 -20122.432518000 -803.597560976
vt 0.000000000 0.000000000
vt 0.450000000 0.000000000
vt 0.450000000 3.000000000
vn 1.000000000000 0.000000000000 -0.000000000000
vn 1.000000000000 0.000000000000 -0.000000000000
vn 1.000000000000 0.000000000000 -0.000000000000
f 1426/1426/1426 1427/1427/1427 1428/1428/1428
v -16090.000000000 -20122.432518000 -848.597560976
v -16340.000000000 -20122.432518000 -803.597560976
v -16340.000000000 -20122.432518000 -848.597560976
vt 0.000000000 0.000000000
vt 2.540177159 0.000000000
vt 2.460458310 0.442882496
vn 0.000000000000 -1.000000000000 0.000000000000
vn 0.000000000000 -1.000000000000 0.000000000000
vn 0.000000000000 -1.000000000000 0.000000000000
f 1429/1429/1429 1430/1430/1430 1431/1431/1431
v -16090.000000000 -20122.432518000 -848.597560976
v -16090.000000000 -20122.432518000 -803.597560976
v -16340.000000000 -20122.432518000 -803.597560976
vt 0.000000000 0.000000000
vt 0.450000000 0.000000000
vt 0.450000000 2.500000000
vn 0.000000000000 -1.000000000000 0.000000000000
vn 0.000000000000 -1.000000000000 0.000000000000
vn 0.000000000000 -1.000000000000 0.000000000000
f 1432/1432/1432 1433/1433/1433 1434/1434/1434
v -16340.000000000 -20122.432518000 -848.597560976
v -16340.000000000 -19822.432518000 -803.597560976
v -16340.000000000 -19822.432518000 -848.597560976
vt 0.000000000 0.000000000
vt 3.033562262 0.000000000
vt 2.966809059 0.445021359
vn -1.000000000000 0.000000000000 0.000000000000
vn -1.000000000000 0.000000000000 0.000000000000
vn -1.000000000000 0.000000000000 0.000000000000
f 1435/1435/1435 1436/1436/1436 1437/1437/1437
v -16340.000000000 -20122.432518000 -848.597560976
v -16340.000000000 -20122.432518000 -803.597560976
v -16340.000000000 -19822.432518000 -803.597560976
vt 0.000000000 0.000000000
vt 0.450000000 0.000000000
vt 0.450000000 3.000000000
vn -1.000000000000 0.000000000000 0.000000000000
vn -1.000000000000 0.000000000000 0.000000000000
vn -1.000000000000 0.000000000000 0.000000000000
f 1438/1438/1438 1439/1439/1439 1440/1440/1440
v -16090.000000000 -20122.432518000 -831.128048780
v -16055.000000000 -19822.432518000 -831.128048780
v -16055.000000000 -20122.432518000 -831.128048780
vt 0.000000000 0.000000000
vt 3.020347662 0.000000000
vt 0.040558245 0.347642099
vn 0.000000000000 0.000000000000 -1.000000000000
vn 0.000000000000 0.000000000000 -1.000000000000
vn 0.000000000000 0.000000000000 -1.000000000000
f 1441/1441/1441 1442/1442/1442 1443/1443/1443
v -16090.000000000 -20122.432518000 -831.128048780
v -16090.000000000 -19822.432518000 -831.128048780
v -16055.000000000 -19822.432518000 -831.128048780
vt 0.000000000 0.000000000
vt 3.000000000 0.000000000
vt 3.000000000 0.350000000
vn 0.000000000000 0.000000000000 -1.000000000000
vn 0.000000000000 0.000000000000 -1.000000000000
vn 0.000000000000 0.000000000000 -1.000000000000
f 1444/1444/1444 1445/1445/1445 1446/1446/1446
v -16090.000000000 -19822.432518000 -786.128048780
v -16055.000000000 -20122.432518000 -786.128048780
v -16055.000000000 -19822.432518000 -786.128048780
vt 0.000000000 0.000000000
vt 3.020347662 0.000000000
vt 0.040558245 0.347642099
vn -0.000000000000 0.000000000000 1.000000000000
vn -0.000000000000 0.000000000000 1.000000000000
vn -0.000000000000 0.000000000000 1.000000000000
f 1447/1447/1447 1448/1448/1448 1449/1449/1449
v -16090.000000000 -19822.432518000 -786.128048780
v -16090.000000000 -20122.432518000 -786.128048780
v -16055.000000000 -20122.432518000 -786.128048780
vt 0.000000000 0.000000000
vt 3.000000000 0.000000000
vt 3.000000000 0.350000000
vn 0.000000000000 0.000000000000 1.000000000000
vn 0.000000000000 0.000000000000 1.000000000000
vn 0.000000000000 0.000000000000 1.000000000000
f 1450/1450/1450 1451/1451/1451 1452/1452/1452
v -16090.000000000 -19822.432518000 -831.128048780
v -16055.000000000 -19822.432518000 -786.128048780
v -16055.000000000 -19822.432518000 -831.128048780
vt 0.000000000 0.000000000
vt 0.570087713 0.000000000
vt 0.214879215 0.276273276
vn 0.000000000000 1.000000000000 0.000000000000
vn 0.000000000000 1.000000000000 0.000000000000
vn 0.000000000000 1.000000000000 0.000000000000
f 1453/1453/1453 1454/1454/1454 1455/1455/1455
v -16090.000000000 -19822.432518000 -831.128048780
v -16090.000000000 -19822.432518000 -786.128048780
v -16055.000000000 -19822.432518000 -786.128048780
vt 0.000000000 0.000000000
vt 0.450000000 0.000000000
vt 0.450000000 0.350000000
vn 0.000000000000 1.000000000000 0.000000000000
vn 0.000000000000 1.000000000000 0.000000000000
vn 0.000000000000 1.000000000000 0.000000000000
f 1456/1456/1456 1457/1457/1457 1458/1458/1458
v -16055.000000000 -19822.432518000 -831.128048780
v -16055.000000000 -20122.432518000 -786.128048780
v -16055.000000000 -20122.432518000 -831.128048780
vt 0.000000000 0.000000000
vt 3.033562262 0.000000000
vt 2.966809059 0.445021359
vn 1.000000000000 0.000000000000 0.000000000000
vn 1.000000000000 0.000000000000 0.000000000000
vn 1.000000000000 0.000000000000 0.000000000000
f 1459/1459/1459 1460/1460/1460 1461/1461/1461
v -16055.000000000 -19822.432518000 -831.128048780
v -16055.000000000 -19822.432518000 -786.128048780
v -16055.000000000 -20122.432518000 -786.128048780
vt 0.000000000 0.000000000
vt 0.450000000 0.000000000
vt 0.450000000 3.000000000
vn 1.000000000000 0.000000000000 -0.000000000000
vn 1.000000000000 0.000000000000 -0.000000000000
vn 1.000000000000 0.000000000000 -0.000000000000
f 1462/1462/1462 1463/1463/1463 1464/1464/1464
v -16055.000000000 -20122.432518000 -831.128048780
v -16090.000000000 -20122.432518000 -786.128048780
v -16090.000000000 -20122.432518000 -831.128048780
vt 0.000000000 0.000000000
vt 0.570087713 0.000000000
vt 0.214879215 0.276273276
vn 0.000000000000 -1.000000000000 0.000000000000
vn 0.000000000000 -1.000000000000 0.000000000000
vn 0.000000000000 -1.000000000000 0.000000000000
f 1465/1465/1465 1466/1466/1466 1467/1467/1467
v -16055.000000000 -20122.432518000 -831.128048780
v -16055.000000000 -20122.432518000 -786.128048780
v -16090.000000000 -20122.432518000 -786.128048780
vt 0.000000000 0.000000000
vt 0.450000000 0.000000000
vt 0.450000000 0.350000000
vn 0.000000000000 -1.000000000000 0.000000000000
vn 0.000000000000 -1.000000000000 0.000000000000
vn 0.000000000000 -1.000000000000 0.000000000000
f 1468/1468/1468 1469/1469/1469 1470/1470/1470
v -16090.000000000 -20122.432518000 -831.128048780
v -16090.000000000 -19822.432518000 -786.128048780
v -16090.000000000 -19822.432518000 -831.128048780
vt 0.000000000 0.000000000
vt 3.033562262 0.000000000
vt 2.966809059 0.445021359
vn -1.000000000000 0.000000000000 0.000000000000
vn -1.000000000000 0.000000000000 0.000000000000
vn -1.000000000000 0.000000000000 0.000000000000
f 1471/1471/1471 1472/1472/1472 1473/1473/1473
v -16090.000000000 -20122.432518000 -831.128048780
v -16090.000000000 -20122.432518000 -786.128048780
v -16090.000000000 -19822.432518000 -786.128048780
vt 0.000000000 0.000000000
vt 0.450000000 0.000000000
vt 0.450000000 3.000000000
vn -1.000000000000 0.000000000000 0.000000000000
vn -1.000000000000 0.000000000000 0.000000000000
vn -1.000000000000 0.000000000000 0.000000000000
f 1474/1474/1474 1475/1475/1475 1476/1476/1476
v -16055.000000000 -20122.432518000 -813.658536585
v -16020.000000000 -19822.432518000 -813.658536585
v -16020.000000000 -20122.432518000 -813.658536585
vt 0.000000000 0.000000000
vt 3.020347662 0.000000000
vt 0.040558245 0.347642099
vn 0.000000000000 0.000000000000 -1.000000000000
vn 0.000000000000 0.000000000000 -1.000000000000
vn 0.000000000000 0.000000000000 -1.000000000000
f 1477/1477/1477 1478/1478/1478 1479/1479/1479
v -16055.000000000 -20122.432518000 -813.658536585
v -16055.000000000 -19822.432518000 -813.658536585
v -16020.000000000 -19822.432518000 -813.658536585
vt 0.000000000 0.000000000
vt 3.000000000 0.000000000
vt 3.000000000 0.350000000
vn 0.000000000000 0.000000000000 -1.000000000000
vn 0.000000000000 0.000000000000 -1.000000000000
vn 0.000000000000 0.000000000000 -1.000000000000
f 1480/1480/1480 1481/1481/1481 1482/1482/1482
v -16055.000000000 -19822.432518000 -768.658536585
v -16020.000000000 -20122.432518000 -768.658536585
v -16020.000000000 -19822.432518000 -768.658536585
vt 0.000000000 0.000000000
vt 3.020347662 0.000000000
vt 0.040558245 0.347642099
vn -0.000000000000 0.000000000000 1.000000000000
vn -0.000000000000 0.000000000000 1.000000000000
vn -0.000000000000 0.000000000000 1.000000000000
f 1483/1483/1483 1484/1484/1484 1485/1485/1485
v -16055.000000000 -19822.432518000 -768.658536585
v -16055.000000000 -20122.432518000 -768.658536585
v -16020.000000000 -20122.432518000 -768.658536585
vt 0.000000000 0.000000000
vt 3.000000000 0.000000000
vt 3.000000000 0.350000000
vn 0.000000000000 0.000000000000 1.000000000000
vn 0.000000000000 0.000000000000 1.000000000000
vn 0.000000000000 0.000000000000 1.000000000000
f 1486/1486/1486 1487/1487/1487 1488/1488/1488
v -16055.000000000 -19822.432518000 -813.658536585
v -16020.000000000 -19822.432518000 -768.658536585
v -16020.000000000 -19822.432518000 -813.658536585
vt 0.000000000 0.000000000
vt 0.570087713 0.000000000
vt 0.214879215 0.276273276
vn 0.000000000000 1.000000000000 0.000000000000
vn 0.000000000000 1.000000000000 0.000000000000
vn 0.000000000000 1.000000000000 0.000000000000
f 1489/1489/1489 1490/1490/1490 1491/1491/1491
v -16055.000000000 -19822.432518000 -813.658536585
v -16055.000000000 -19822.432518000 -768.658536585
v -16020.000000000 -19822.432518000 -768.658536585
vt 0.000000000 0.000000000
vt 0.450000000 0.000000000
vt 0.450000000 0.350000000
vn 0.000000000000 1.000000000000 0.000000000000
vn 0.000000000000 1.000000000000 0.000000000000
vn 0.000000000000 1.000000000000 0.000000000000
f 1492/1492/1492 1493/1493/1493 1494/1494/1494
v -16020.000000000 -19822.432518000 -813.658536585
v -16020.000000000 -20122.432518000 -768.658536585
v -16020.000000000 -20122.432518000 -813.658536585
vt 0.000000000 0.000000000
vt 3.033562262 0.000000000
vt 2.966809059 0.445021359
vn 1.000000000000 0.000000000000 0.000000000000
vn 1.000000000000 0.000000000000 0.000000000000
vn 1.000000000000 0.000000000000 0.000000000000
f 1495/1495/1495 1496/1496/1496 1497/1497/1497
v -16020.000000000 -19822.432518000 -813.658536585
v -16020.000000000 -19822.432518000 -768.658536585
v -16020.000000000 -20122.432518000 -768.658536585
vt 0.000000000 0.000000000
vt 0.450000000 0.000000000
vt 0.450000000 3.000000000
vn 1.000000000000 0.000000000000 -0.000000000000
vn 1.000000000000 0.000000000000 -0.000000000000
vn 1.000000000000 0.000000000000 -0.000000000000
f 1498/1498/1498 1499/1499/1499 1500/1500/1500
v -16020.000000000 -20122.432518000 -813.658536585
v -16055.000000000 -20122.432518000 -768.658536585
v -16055.000000000 -20122.432518000 -813.658536585
vt 0.000000000 0.000000000
vt 0.570087713 0.000000000
vt 0.214879215 0.276273276
vn 0.000000000000 -1.000000000000 0.000000000000
vn 0.000000000000 -1.000000000000 0.000000000000
vn 0.000000000000 -1.000000000000 0.000000000000
f 1501/1501/1501 1502/1502/1502 1503/1503/1503
v -16020.000000000 -20122.432518000 -813.658536585
v -16020.000000000 -20122.432518000 -768.658536585
v -16055.000000000 -20122.432518000 -768.658536585
vt 0.000000000 0.000000000
vt 0.450000000 0.000000000
vt 0.450000000 0.350000000
vn 0.000000000000 -1.000000000000 0.000000000000
vn 0.000000000000 -1.000000000000 0.000000000000
vn 0.000000000000 -1.000000000000 0.000000000000
f 1504/1504/1504 1505/1505/1505 1506/1506/1506
v -16055.000000000 -20122.432518000 -813.658536585
v -16055.000000000 -19822.432518000 -768.658536585
v -16055.000000000 -19822.432518000 -813.658536585
vt 0.000000000 0.000000000
vt 3.033562262 0.000000000
vt 2.966809059 0.445021359
vn -1.000000000000 0.000000000000 0.000000000000
vn -1.000000000000 0.000000000000 0.000000000000
vn -1.000000000000 0.000000000000 0.000000000000
f 1507/1507/1507 1508/1508/1508 1509/1509/1509
v -16055.000000000 -20122.432518000 -813.658536585
v -16055.000000000 -20122.432518000 -768.658536585
v -16055.000000000 -19822.432518000 -768.658536585
vt 0.000000000 0.000000000
vt 0.450000000 0.000000000
vt 0.450000000 3.000000000
vn -1.000000000000 0.000000000000 0.000000000000
vn -1.000000000000 0.000000000000 0.000000000000
vn -1.000000000000 0.000000000000 0.000000000000
f 1510/1510/1510 1511/1511/1511 1512/1512/1512
v -16020.000000000 -20122.432518000 -796.189024390
v -15985.000000000 -19822.432518000 -796.189024390
v -15985.000000000 -20122.432518000 -796.189024390
vt 0.000000000 0.000000000
vt 3.020347662 0.000000000
vt 0.040558245 0.347642099
vn 0.000000000000 0.000000000000 -1.000000000000
vn 0.000000000000 0.000000000000 -1.000000000000
vn 0.000000000000 0.000000000000 -1.000000000000
f 1513/1513/1513 1514/1514/1514 1515/1515/1515
v -16020.000000000 -20122.432518000 -796.189024390
v -16020.000000000 -19822.432518000 -796.189024390
v -15985.000000000 -19822.432518000 -796.189024390
vt 0.000000000 0.000000000
vt 3.000000000 0.000000000
vt 3.000000000 0.350000000
vn 0.000000000000 0.000000000000 -1.000000000000
vn 0.000000000000 0.000000000000 -1.000000000000
vn 0.000000000000 0.000000000000 -1.000000000000
f 1516/1516/1516 1517/1517/1517 1518/1518/1518
v -16020.000000000 -19822.432518000 -751.189024390
v -15985.000000000 -20122.432518000 -751.189024390
v -15985.000000000 -19822.432518000 -751.189024390
vt 0.000000000 0.000000000
vt 3.020347662 0.000000000
vt 0.040558245 0.347642099
vn -0.000000000000 0.000000000000 1.000000000000
vn -0.000000000000 0.000000000000 1.000000000000
vn -0.000000000000 0.000000000000 1.000000000000
f 1519/1519/1519 1520/1520/1520 1521/1521/1521
v -16020.000000000 -19822.432518000 -751.189024390
v -16020.000000000 -20122.432518000 -751.189024390
v -15985.000000000 -20122.432518000 -751.189024390
vt 0.000000000 0.000000000
vt 3.000000000 0.000000000
vt 3.000000000 0.350000000
vn 0.000000000000 0.000000000000 1.000000000000
vn 0.000000000000 0.000000000000 1.000000000000
vn 0.000000000000 0.000000000000 1.000000000000
f 1522/1522/1522 1523/1523/1523 1524/1524/1524
v -16020.000000000 -19822.432518000 -796.189024390
v -15985.000000000 -19822.432518000 -751.189024390
v -15985.000000000 -19822.432518000 -796.189024390
vt 0.000000000 0.000000000
vt 0.570087713 0.000000000
vt 0.214879215 0.276273276
vn 0.000000000000 1.000000000000 0.000000000000
vn 0.000000000000 1.000000000000 0.000000000000
vn 0.000000000000 1.000000000000 0.000000000000
f 1525/1525/1525 1526/1526/1526 1527/1527/1527
v -16020.000000000 -19822.432518000 -796.189024390
v -16020.000000000 -19822.432518000 -751.189024390
v -15985.000000000 -19822.432518000 -751.189024390
vt 0.000000000 0.000000000
vt 0.450000000 0.000000000
vt 0.450000000 0.350000000
vn 0.000000000000 1.000000000000 0.000000000000
vn 0.000000000000 1.000000000000 0.000000000000
vn 0.000000000000 1.000000000000 0.000000000000
f 1528/1528/1528 1529/1529/1529 1530/1530/1530
v -15985.000000000 -19822.432518000 -796.189024390
v -15985.000000000 -20122.432518000 -751.189024390
v -15985.000000000 -20122.432518000 -796.189024390
vt 0.000000000 0.000000000
vt 3.033562262 0.000000000
vt 2.966809059 0.445021359
vn 1.000000000000 0.000000000000 0.000000000000
vn 1.000000000000 0.000000000000 0.000000000000
vn 1.000000000000 0.000000000000 0.000000000000
f 1531/1531/1531 1532/1532/1532 1533/1533/1533
v -15985.000000000 -19822.432518000 -796.189024390
v -15985.000000000 -19822.432518000 -751.189024390
v -15985.000000000 -20122.432518000 -751.189024390
vt 0.000000000 0.000000000
vt 0.450000000 0.000000000
vt 0.450000000 3.000000000
vn 1.000000000000 0.000000000000 -0.000000000000
vn 1.000000000000 0.000000000000 -0.000000000000
vn 1.000000000000 0.000000000000 -0.000000000000
f 1534/1534/1534 1535/1535/1535 1536/1536/1536
v -15985.000000000 -20122.432518000 -796.189024390
v -16020.000000000 -20122.432518000 -751.189024390
v -16020.000000000 -20122.432518000 -796.189024390
vt 0.000000000 0.000000000
vt 0.570087713 0.000000000
vt 0.214879215 0.276273276
vn 0.000000000000 -1.000000000000 0.000000000000
vn 0.000000000000 -1.000000000000 0.000000000000
vn 0.000000000000 -1.000000000000 0.000000000000
f 1537/1537/1537 1538/1538/1538 1539/1539/1539
v -15985.000000000 -20122.432518000 -796.189024390
v -15985.000000000 -20122.432518000 -751.189024390
v -16020.000000000 -20122.432518000 -751.189024390
vt 0.000000000 0.000000000
vt 0.450000000 0.000000000
vt 0.450000000 0.350000000
vn 0.000000000000 -1.000000000000 0.000000000000
vn 0.000000000000 -1.000000000000 0.000000000000
vn 0.000000000000 -1.000000000000 0.000000000000
f 1540/1540/1540 1541/1541/1541 1542/1542/1542
v -16020.000000000 -20122.432518000 -796.189024390
v -16020.000000000 -19822.432518000 -751.189024390
v -16020.000000000 -19822.432518000 -796.189024390
vt 0.000000000 0.000000000
vt 3.033562262 0.000000000
vt 2.966809059 0.445021359
vn -1.000000000000 0.000000000000 0.000000000000
vn -1.000000000000 0.000000000000 0.000000000000
vn -1.000000000000 0.000000000000 0.000000000000
f 1543/1543/1543 1544/1544/1544 1545/1545/1545
v -16020.000000000 -20122.432518000 -796.189024390
v -16020.000000000 -20122.432518000 -751.189024390
v -16020.000000000 -19822.432518000 -751.189024390
vt 0.000000000 0.000000000
vt 0.450000000 0.000000000
vt 0.450000000 3.000000000
vn -1.000000000000 0.000000000000 0.000000000000
vn -1.000000000000 0.000000000000 0.000000000000
vn -1.000000000000 0.000000000000 0.000000000000
f 1546/1546/1546 1547/1547/1547 1548/1548/1548
v -15985.000000000 -20122.432518000 -778.719512195
v -15950.000000000 -19822.432518000 -778.719512195
v -15950.000000000 -20122.432518000 -778.719512195
vt 0.000000000 0.000000000
vt 3.020347662 0.000000000
vt 0.040558245 0.347642099
vn 0.000000000000 0.000000000000 -1.000000000000
vn 0.000000000000 0.000000000000 -1.000000000000
vn 0.000000000000 0.000000000000 -1.000000000000
f 1549/1549/1549 1550/1550/1550 1551/1551/1551
v -15985.000000000 -20122.432518000 -778.719512195
v -15985.000000000 -19822.432518000 -778.719512195
v -15950.000000000 -19822.432518000 -778.719512195
vt 0.000000000 0.000000000
vt 3.000000000 0.000000000
vt 3.000000000 0.350000000
vn 0.000000000000 0.000000000000 -1.000000000000
vn 0.000000000000 0.000000000000 -1.000000000000
vn 0.000000000000 0.000000000000 -1.000000000000
f 1552/1552/1552 1553/1553/1553 1554/1554/1554
v -15985.000000000 -19822.432518000 -733.719512195
v -15950.000000000 -20122.432518000 -733.719512195
v -15950.000000000 -19822.432518000 -733.719512195
vt 0.000000000 0.000000000
vt 3.020347662 0.000000000
vt 0.040558245 0.347642099
vn -0.000000000000 0.000000000000 1.000000000000
vn -0.000000000000 0.000000000000 1.000000000000
vn -0.000000000000 0.000000000000 1.000000000000
f 1555/1555/1555 1556/1556/1556 1557/1557/1557
v -15985.000000000 -19822.432518000 -733.719512195
v -15985.000000000 -20122.432518000 -733.719512195
v -15950.000000000 -20122.432518000 -733.719512195
vt 0.000000000 0.000000000
vt 3.000000000 0.000000000
vt 3.000000000 0.350000000
vn 0.000000000000 0.000000000000 1.000000000000
vn 0.000000000000 0.000000000000 1.000000000000
vn 0.000000000000 0.000000000000 1.000000000000
f 1558/1558/1558 1559/1559/1559 1560/1560/1560
v -15985.000000000 -19822.432518000 -778.719512195
v -15950.000000000 -19822.432518000 -733.719512195
v -15950.000000000 -19822.432518000 -778.719512195
vt 0.000000000 0.000000000
vt 0.570087713 0.000000000
vt 0.214879215 0.276273276
vn 0.000000000000 1.000000000000 0.000000000000
vn 0.000000000000 1.000000000000 0.000000000000
vn 0.000000000000 1.000000000000 0.000000000000
f 1561/1561/1561 1562/1562/1562 1563/1563/1563
v -15985.000000000 -19822.432518000 -778.719512195
v -15985.000000000 -19822.432518000 -733.719512195
v -15950.000000000 -19822.432518000 -733.719512195
vt 0.000000000 0.000000000
vt 0.450000000 0.000000000
vt 0.450000000 0.350000000
vn 0.000000000000 1.000000000000 0.000000000000
vn 0.000000000000 1.000000000000 0.000000000000
vn 0.000000000000 1.000000000000 0.000000000000
f 1564/1564/1564 1565/1565/1565 1566/1566/1566
v -15950.000000000 -19822.432518000 -778.719512195
v -15950.000000000 -20122.432518000 -733.719512195
v -15950.000000000 -20122.432518000 -778.719512195
vt 0.000000000 0.000000000
vt 3.033562262 0.000000000
vt 2.966809059 0.445021359
vn 1.000000000000 0.000000000000 0.000000000000
vn 1.000000000000 0.000000000000 0.000000000000
vn 1.000000000000 0.000000000000 0.000000000000
f 1567/1567/1567 1568/1568/1568 1569/1569/1569
v -15950.000000000 -19822.432518000 -778.719512195
v -15950.000000000 -19822.432518000 -733.719512195
v -15950.000000000 -20122.432518000 -733.719512195
vt 0.000000000 0.000000000
vt 0.450000000 0.000000000
vt 0.450000000 3.000000000
vn 1.000000000000 0.000000000000 -0.000000000000
vn 1.000000000000 0.000000000000 -0.000000000000
vn 1.000000000000 0.000000000000 -0.000000000000
f 1570/1570/1570 1571/1571/1571 1572/1572/1572
v -15950.000000000 -20122.432518000 -778.719512195
v -15985.000000000 -20122.432518000 -733.719512195
v -15985.000000000 -20122.432518000 -778.719512195
vt 0.000000000 0.000000000
vt 0.570087713 0.000000000
vt 0.214879215 0.276273276
vn 0.000000000000 -1.000000000000 0.000000000000
vn 0.000000000000 -1.000000000000 0.000000000000
vn 0.000000000000 -1.000000000000 0.000000000000
f 1573/1573/1573 1574/1574/1574 1575/1575/1575
v -15950.000000000 -20122.432518000 -778.719512195
v -15950.000000000 -20122.432518000 -733.719512195
v -15985.000000000 -20122.432518000 -733.719512195
vt 0.000000000 0.000000000
vt 0.450000000 0.000000000
vt 0.450000000 0.350000000
vn 0.000000000000 -1.000000000000 0.000000000000
vn 0.000000000000 -1.000000000000 0.000000000000
vn 0.000000000000 -1.000000000000 0.000000000000
f 1576/1576/1576 1577/1577/1577 1578/1578/1578
v -15985.000000000 -20122.432518000 -778.719512195
v -15985.000000000 -19822.432518000 -733.719512195
v -15985.000000000 -19822.432518000 -778.719512195
vt 0.000000000 0.000000000
vt 3.033562262 0.000000000
vt 2.966809059 0.445021359
vn -1.000000000000 0.000000000000 0.000000000000
vn -1.000000000000 0.000000000000 0.000000000000
vn -1.000000000000 0.000000000000 0.000000000000
f 1579/1579/1579 1580/1580/1580 1581/1581/1581
v -15985.000000000 -20122.432518000 -778.719512195
v -15985.000000000 -20122.432518000 -733.719512195
v -15985.000000000 -19822.432518000 -733.719512195
vt 0.000000000 0.000000000
vt 0.450000000 0.000000000
vt 0.450000000 3.000000000
vn -1.000000000000 0.000000000000 0.000000000000
vn -1.000000000000 0.000000000000 0.000000000000
vn -1.000000000000 0.000000000000 0.000000000000
f 1582/1582/1582 1583/1583/1583 1584/1584/1584
v -15950.000000000 -20122.432518000 -761.250000000
v -15915.000000000 -19822.432518000 -761.250000000
v -15915.000000000 -20122.432518000 -761.250000000
vt 0.000000000 0.000000000
vt 3.020347662 0.000000000
vt 0.040558245 0.347642099
vn 0.000000000000 0.000000000000 -1.000000000000
vn 0.000000000000 0.000000000000 -1.000000000000
vn 0.000000000000 0.000000000000 -1.000000000000
f 1585/1585/1585 1586/1586/1586 1587/1587/1587
v -15950.000000000 -20122.432518000 -761.250000000
v -15950.000000000 -19822.432518000 -761.250000000
v -15915.000000000 -19822.432518000 -761.250000000
vt 0.000000000 0.000000000
vt 3.000000000 0.000000000
vt 3.000000000 0.350000000
vn 0.000000000000 0.000000000000 -1.000000000000
vn 0.000000000000 0.000000000000 -1.000000000000
vn 0.000000000000 0.000000000000 -1.000000000000
f 1588/1588/1588 1589/1589/1589 1590/1590/1590
v -15950.000000000 -19822.432518000 -716.250000000
v -15915.000000000 -20122.432518000 -716.250000000
v -15915.000000000 -19822.432518000 -716.250000000
vt 0.000000000 0.000000000
vt 3.020347662 0.000000000
vt 0.040558245 0.347642099
vn -0.000000000000 0.000000000000 1.000000000000
vn -0.000000000000 0.000000000000 1.000000000000
vn -0.000000000000 0.000000000000 1.000000000000
f 1591/1591/1591 1592/1592/1592 1593/1593/1593
v -15950.000000000 -19822.432518000 -716.250000000
v -15950.000000000 -20122.432518000 -716.250000000
v -15915.000000000 -20122.432518000 -716.250000000
vt 0.000000000 0.000000000
vt 3.000000000 0.000000000
vt 3.000000000 0.350000000
vn 0.000000000000 0.000000000000 1.000000000000
vn 0.000000000000 0.000000000000 1.000000000000
vn 0.000000000000 0.000000000000 1.000000000000
f 1594/1594/1594 1595/1595/1595 1596/1596/1596
v -15950.000000000 -19822.432518000 -761.250000000
v -15915.000000000 -19822.432518000 -716.250000000
v -15915.000000000 -19822.432518000 -761.250000000
vt 0.000000000 0.000000000
vt 0.570087713 0.000000000
vt 0.214879215 0.276273276
vn 0.000000000000 1.000000000000 0.000000000000
vn 0.000000000000 1.000000000000 0.000000000000
vn 0.000000000000 1.000000000000 0.000000000000
f 1597/1597/1597 1598/1598/1598 1599/1599/1599
v -15950.000000000 -19822.432518000 -761.250000000
v -15950.000000000 -19822.432518000 -716.250000000
v -15915.000000000 -19822.432518000 -716.250000000
vt 0.000000000 0.000000000
vt 0.450000000 0.000000000
vt 0.450000000 0.350000000
vn 0.000000000000 1.000000000000 0.000000000000
vn 0.000000000000 1.000000000000 0.000000000000
vn 0.000000000000 1.000000000000 0.000000000000
f 1600/1600/1600 1601/1601/1601 1602/1602/1602
v -15915.000000000 -19822.432518000 -761.250000000
v -15915.000000000 -20122.432518000 -716.250000000
v -15915.000000000 -20122.432518000 -761.250000000
vt 0.000000000 0.000000000
vt 3.033562262 0.000000000
vt 2.966809059 0.445021359
vn 1.000000000000 0.000000000000 0.000000000000
vn 1.000000000000 0.000000000000 0.000000000000
vn 1.000000000000 0.000000000000 0.000000000000
f 1603/1603/1603 1604/1604/1604 1605/1605/1605
v -15915.000000000 -19822.432518000 -761.250000000
v -15915.000000000 -19822.432518000 -716.250000000
v -15915.000000000 -20122.432518000 -716.250000000
vt 0.000000000 0.000000000
vt 0.450000000 0.000000000
vt 0.450000000 3.000000000
vn 1.000000000000 0.000000000000 -0.000000000000
vn 1.000000000000 0.000000000000 -0.000000000000
vn 1.000000000000 0.000000000000 -0.000000000000
f 1606/1606/1606 1607/1607/1607 1608/1608/1608
v -15915.000000000 -20122.432518000 -761.250000000
v -15950.000000000 -20122.432518000 -716.250000000
v -15950.000000000 -20122.432518000 -761.250000000
vt 0.000000000 0.000000000
vt 0.570087713 0.000000000
vt 0.214879215 0.276273276
vn 0.000000000000 -1.000000000000 0.000000000000
vn 0.000000000000 -1.000000000000 0.000000000000
vn 0.000000000000 -1.000000000000 0.000000000000
f 1609/1609/1609 1610/1610/1610 1611/1611/1611
v -15915.000000000 -20122.432518000 -761.250000000
v -15915.000000000 -20122.432518000 -716.250000000
v -15950.000000000 -20122.432518000 -716.250000000
vt 0.000000000 0.000000000
vt 0.450000000 0.000000000
vt 0.450000000 0.350000000
vn 0.000000000000 -1.000000000000 0.000000000000
vn 0.000000000000 -1.000000000000 0.000000000000
vn 0.000000000000 -1.000000000000 0.000000000000
f 1612/1612/1612 1613/1613/1613 1614/1614/1614
v -15950.000000000 -20122.432518000 -761.250000000
v -15950.000000000 -19822.432518000 -716.250000000
v -15950.000000000 -19822.432518000 -761.250000000
vt 0.000000000 0.000000000
vt 3.033562262 0.000000000
vt 2.966809059 0.445021359
vn -1.000000000000 0.000000000000 0.000000000000
vn -1.000000000000 0.000000000000 0.000000000000
vn -1.000000000000 0.000000000000 0.000000000000
f 1615/1615/1615 1616/1616/1616 1617/1617/1617
v -15950.000000000 -20122.432518000 -761.250000000
v -15950.000000000 -20122.432518000 -716.250000000
v -15950.000000000 -19822.432518000 -716.250000000
vt 0.000000000 0.000000000
vt 0.450000000 0.000000000
vt 0.450000000 3.000000000
vn -1.000000000000 0.000000000000 0.000000000000
vn -1.000000000000 0.000000000000 0.000000000000
vn -1.000000000000 0.000000000000 0.000000000000
f 1618/1618/1618 1619/1619/1619 1620/1620/1620
v -15915.000000000 -20122.432518000 -743.780487805
v -15880.000000000 -19822.432518000 -743.780487805
v -15880.000000000 -20122.432518000 -743.780487805
vt 0.000000000 0.000000000
vt 3.020347662 0.000000000
vt 0.040558245 0.347642099
vn 0.000000000000 0.000000000000 -1.000000000000
vn 0.000000000000 0.000000000000 -1.000000000000
vn 0.000000000000 0.000000000000 -1.000000000000
f 1621/1621/1621 1622/1622/1622 1623/1623/1623
v -15915.000000000 -20122.432518000 -743.780487805
v -15915.000000000 -19822.432518000 -743.780487805
v -15880.000000000 -19822.432518000 -743.780487805
vt 0.000000000 0.000000000
vt 3.000000000 0.000000000
vt 3.000000000 0.350000000
vn 0.000000000000 0.000000000000 -1.000000000000
vn 0.000000000000 0.000000000000 -1.000000000000
vn 0.000000000000 0.000000000000 -1.000000000000
f 1624/1624/1624 1625/1625/1625 1626/1626/1626
v -15915.000000000 -19822.432518000 -698.780487805
v -15880.000000000 -20122.432518000 -698.780487805
v -15880.000000000 -19822.432518000 -698.780487805
vt 0.000000000 0.000000000
vt 3.020347662 0.000000000
vt 0.040558245 0.347642099
vn -0.000000000000 0.000000000000 1.000000000000
vn -0.000000000000 0.000000000000 1.000000000000
vn -0.000000000000 0.000000000000 1.000000000000
f 1627/1627/1627 1628/1628/1628 1629/1629/1629
v -15915.000000000 -19822.432518000 -698.780487805
v -15915.000000000 -20122.432518000 -698.780487805
v -15880.000000000 -20122.432518000 -698.780487805
vt 0.000000000 0.000000000
vt 3.000000000 0.000000000
vt 3.000000000 0.350000000
vn 0.000000000000 0.000000000000 1.000000000000
vn 0.000000000000 0.000000000000 1.000000000000
vn 0.000000000000 0.000000000000 1.000000000000
f 1630/1630/1630 1631/1631/1631 1632/1632/1632
v -15915.000000000 -19822.432518000 -743.780487805
v -15880.000000000 -19822.432518000 -698.780487805
v -15880.000000000 -19822.432518000 -743.780487805
vt 0.000000000 0.000000000
vt 0.570087713 0.000000000
vt 0.214879215 0.276273276
vn 0.000000000000 1.000000000000 0.000000000000
vn 0.000000000000 1.000000000000 0.000000000000
vn 0.000000000000 1.000000000000 0.000000000000
f 1633/1633/1633 1634/1634/1634 1635/1635/1635
v -15915.000000000 -19822.432518000 -743.780487805
v -15915.000000000 -19822.432518000 -698.780487805
v -15880.000000000 -19822.432518000 -698.780487805
vt 0.000000000 0.000000000
vt 0.450000000 0.000000000
vt 0.450000000 0.350000000
vn 0.000000000000 1.000000000000 0.000000000000
vn 0.000000000000 1.000000000000 0.000000000000
vn 0.000000000000 1.000000000000 0.000000000000
f 1636/1636/1636 1637/1637/1637 1638/1638/1638
v -15880.000000000 -19822.432518000 -743.780487805
v -15880.000000000 -20122.432518000 -698.780487805
v -15880.000000000 -20122.432518000 -743.780487805
vt 0.000000000 0.000000000
vt 3.033562262 0.000000000
vt 2.966809059 0.445021359
vn 1.000000000000 0.000000000000 0.000000000000
vn 1.000000000000 0.000000000000 0.000000000000
vn 1.000000000000 0.000000000000 0.000000000000
f 1639/1639/1639 1640/1640/1640 1641/1641/1641
v -15880.000000000 -19822.432518000 -743.780487805
v -15880.000000000 -19822.432518000 -698.780487805
v -15880.000000000 -20122.432518000 -698.780487805
vt 0.000000000 0.000000000
vt 0.450000000 0.000000000
vt 0.450000000 3.000000000
vn 1.000000000000 0.000000000000 -0.000000000000
vn 1.000000000000 0.000000000000 -0.000000000000
vn 1.000000000000 0.000000000000 -0.000000000000
f 1642/1642/1642 1643/1643/1643 1644/1644/1644
v -15880.000000000 -20122.432518000 -743.780487805
v -15915.000000000 -20122.432518000 -698.780487805
v -15915.000000000 -20122.432518000 -743.780487805
vt 0.000000000 0.000000000
vt 0.570087713 0.000000000
vt 0.214879215 0.276273276
vn 0.000000000000 -1.000000000000 0.000000000000
vn 0.000000000000 -1.000000000000 0.000000000000
vn 0.000000000000 -1.000000000000 0.000000000000
f 1645/1645/1645 1646/1646/1646 1647/1647/1647
v -15880.000000000 -20122.432518000 -743.780487805
v -15880.000000000 -20122.432518000 -698.780487805
v -15915.000000000 -20122.432518000 -698.780487805
vt 0.000000000 0.000000000
vt 0.450000000 0.000000000
vt 0.450000000 0.350000000
vn 0.000000000000 -1.000000000000 0.000000000000
vn 0.000000000000 -1.000000000000 0.000000000000
vn 0.000000000000 -1.000000000000 0.000000000000
f 1648/1648/1648 1649/1649/1649 1650/1650/1650
v -15915.000000000 -20122.432518000 -743.780487805
v -15915.000000000 -19822.432518000 -698.780487805
v -15915.000000000 -19822.432518000 -743.780487805
vt 0.000000000 0.000000000
vt 3.033562262 0.000000000
vt 2.966809059 0.445021359
vn -1.000000000000 0.000000000000 0.000000000000
vn -1.000000000000 0.000000000000 0.000000000000
vn -1.000000000000 0.000000000000 0.000000000000
f 1651/1651/1651 1652/1652/1652 1653/1653/1653
v -15915.000000000 -20122.432518000 -743.780487805
v -15915.000000000 -20122.432518000 -698.780487805
v -15915.000000000 -19822.432518000 -698.780487805
vt 0.000000000 0.000000000
vt 0.450000000 0.000000000
vt 0.450000000 3.000000000
vn -1.000000000000 0.000000000000 0.000000000000
vn -1.000000000000 0.000000000000 0.000000000000
vn -1.000000000000 0.000000000000 0.000000000000
f 1654/1654/1654 1655/1655/1655 1656/1656/1656
v -15880.000000000 -20122.432518000 -726.310975610
v -15845.000000000 -19822.432518000 -726.310975610
v -15845.000000000 -20122.432518000 -726.310975610
vt 0.000000000 0.000000000
vt 3.020347662 0.000000000
vt 0.040558245 0.347642099
vn 0.000000000000 0.000000000000 -1.000000000000
vn 0.000000000000 0.000000000000 -1.000000000000
vn 0.000000000000 0.000000000000 -1.000000000000
f 1657/1657/1657 1658/1658/1658 1659/1659/1659
v -15880.000000000 -20122.432518000 -726.310975610
v -15880.000000000 -19822.432518000 -726.310975610
v -15845.000000000 -19822.432518000 -726.310975610
vt 0.000000000 0.000000000
vt 3.000000000 0.000000000
vt 3.000000000 0.350000000
vn 0.000000000000 0.000000000000 -1.000000000000
vn 0.000000000000 0.000000000000 -1.000000000000
vn 0.000000000000 0.000000000000 -1.000000000000
f 1660/1660/1660 1661/1661/1661 1662/1662/1662
v -15880.000000000 -19822.432518000 -681.310975610
v -15845.000000000 -20122.432518000 -681.310975610
v -15845.000000000 -19822.432518000 -681.310975610
vt 0.000000000 0.000000000
vt 3.020347662 0.000000000
vt 0.040558245 0.347642099
vn -0.000000000000 0.000000000000 1.000000000000
vn -0.000000000000 0.000000000000 1.000000000000
vn -0.000000000000 0.000000000000 1.000000000000
f 1663/1663/1663 1664/1664/1664 1665/1665/1665
v -15880.000000000 -19822.432518000 -681.310975610
v -15880.000000000 -20122.432518000 -681.310975610
v -15845.000000000 -20122.432518000 -681.310975610
vt 0.000000000 0.000000000
vt 3.000000000 0.000000000
vt 3.000000000 0.350000000
vn 0.000000000000 0.000000000000 1.000000000000
vn 0.000000000000 0.000000000000 1.000000000000
vn 0.000000000000 0.000000000000 1.000000000000
f 1666/1666/1666 1667/1667/1667 1668/1668/1668
v -15880.000000000 -19822.432518000 -726.310975610
v -15845.000000000 -19822.432518000 -681.310975610
v -15845.000000000 -19822.432518000 -726.310975610
vt 0.000000000 0.000000000
vt 0.570087713 0.000000000
vt 0.214879215 0.276273276
vn 0.000000000000 1.000000000000 0.000000000000
vn 0.000000000000 1.000000000000 0.000000000000
vn 0.000000000000 1.000000000000 0.000000000000
f 1669/1669/1669 1670/1670/1670 1671/1671/1671
v -15880.000000000 -19822.432518000 -726.310975610
v -15880.000000000 -19822.432518000 -681.310975610
v -15845.000000000 -19822.432518000 -681.310975610
vt 0.000000000 0.000000000
vt 0.450000000 0.000000000
vt 0.450000000 0.350000000
vn 0.000000000000 1.000000000000 0.000000000000
vn 0.000000000000 1.000000000000 0.000000000000
vn 0.000000000000 1.000000000000 0.000000000000
f 1672/1672/1672 1673/1673/1673 1674/1674/1674
v -15845.000000000 -19822.432518000 -726.310975610
v -15845.000000000 -20122.432518000 -681.310975610
v -15845.000000000 -20122.432518000 -726.310975610
vt 0.000000000 0.000000000
vt 3.033562262 0.000000000
vt 2.966809059 0.445021359
vn 1.000000000000 0.000000000000 0.000000000000
vn 1.000000000000 0.000000000000 0.000000000000
vn 1.000000000000 0.000000000000 0.000000000000
f 1675/1675/1675 1676/1676/1676 1677/1677/1677
v -15845.000000000 -19822.432518000 -726.310975610
v -15845.000000000 -19822.432518000 -681.310975610
v -15845.000000000 -20122.432518000 -681.310975610
vt 0.000000000 0.000000000
vt 0.450000000 0.000000000
vt 0.450000000 3.000000000
vn 1.000000000000 0.000000000000 -0.000000000000
vn 1.000000000000 0.000000000000 -0.000000000000
vn 1.000000000000 0.000000000000 -0.000000000000
f 1678/1678/1678 1679/1679/1679 1680/1680/1680
v -15845.000000000 -20122.432518000 -726.310975610
v -15880.000000000 -20122.432518000 -681.310975610
v -15880.000000000 -20122.432518000 -726.310975610
vt 0.000000000 0.000000000
vt 0.570087713 0.000000000
vt 0.214879215 0.276273276
vn 0.000000000000 -1.000000000000 0.000000000000
vn 0.000000000000 -1.000000000000 0.000000000000
vn 0.000000000000 -1.000000000000 0.000000000000
f 1681/1681/1681 1682/1682/1682 1683/1683/1683
v -15845.000000000 -20122.432518000 -726.310975610
v -15845.000000000 -20122.432518000 -681.310975610
v -15880.000000000 -20122.432518000 -681.310975610
vt 0.000000000 0.000000000
vt 0.450000000 0.000000000
vt 0.450000000 0.350000000
vn 0.000000000000 -1.000000000000 0.000000000000
vn 0.000000000000 -1.000000000000 0.000000000000
vn 0.000000000000 -1.000000000000 0.000000000000
f 1684/1684/1684 1685/1685/1685 1686/1686/1686
v -15880.000000000 -20122.432518000 -726.310975610
v -15880.000000000 -19822.432518000 -681.310975610
v -15880.000000000 -19822.432518000 -726.310975610
vt 0.000000000 0.000000000
vt 3.033562262 0.000000000
vt 2.966809059 0.445021359
vn -1.000000000000 0.000000000000 0.000000000000
vn -1.000000000000 0.000000000000 0.000000000000
vn -1.000000000000 0.000000000000 0.000000000000
f 1687/1687/1687 1688/1688/1688 1689/1689/1689
v -15880.000000000 -20122.432518000 -726.310975610
v -15880.000000000 -20122.432518000 -681.310975610
v -15880.000000000 -19822.432518000 -681.310975610
vt 0.000000000 0.000000000
vt 0.450000000 0.000000000
vt 0.450000000 3.000000000
vn -1.000000000000 0.000000000000 0.000000000000
vn -1.000000000000 0.000000000000 0.000000000000
vn -1.000000000000 0.000000000000 0.000000000000
f 1690/1690/1690 1691/1691/1691 1692/1692/1692
v -15845.000000000 -20122.432518000 -708.841463415
v -15810.000000000 -19822.432518000 -708.841463415
v -15810.000000000 -20122.432518000 -708.841463415
vt 0.000000000 0.000000000
vt 3.020347662 0.000000000
vt 0.040558245 0.347642099
vn 0.000000000000 0.000000000000 -1.000000000000
vn 0.000000000000 0.000000000000 -1.000000000000
vn 0.000000000000 0.000000000000 -1.000000000000
f 1693/1693/1693 1694/1694/1694 1695/1695/1695
v -15845.000000000 -20122.432518000 -708.841463415
v -15845.000000000 -19822.432518000 -708.841463415
v -15810.000000000 -19822.432518000 -708.841463415
vt 0.000000000 0.000000000
vt 3.000000000 0.000000000
vt 3.000000000 0.350000000
vn 0.000000000000 0.000000000000 -1.000000000000
vn 0.000000000000 0.000000000000 -1.000000000000
vn 0.000000000000 0.000000000000 -1.000000000000
f 1696/1696/1696 1697/1697/1697 1698/1698/1698
v -15845.000000000 -19822.432518000 -663.841463415
v -15810.000000000 -20122.432518000 -663.841463415
v -15810.000000000 -19822.432518000 -663.841463415
vt 0.000000000 0.000000000
vt 3.020347662 0.000000000
vt 0.040558245 0.347642099
vn -0.000000000000 0.000000000000 1.000000000000
vn -0.000000000000 0.000000000000 1.000000000000
vn -0.000000000000 0.000000000000 1.000000000000
f 1699/1699/1699 1700/1700/1700 1701/1701/1701
v -15845.000000000 -19822.432518000 -663.841463415
v -15845.000000000 -20122.432518000 -663.841463415
v -15810.000000000 -20122.432518000 -663.841463415
vt 0.000000000 0.000000000
vt 3.000000000 0.000000000
vt 3.000000000 0.350000000
vn 0.000000000000 0.000000000000 1.000000000000
vn 0.000000000000 0.000000000000 1.000000000000
vn 0.000000000000 0.000000000000 1.000000000000
f 1702/1702/1702 1703/1703/1703 1704/1704/1704
v -15845.000000000 -19822.432518000 -708.841463415
v -15810.000000000 -19822.432518000 -663.841463415
v -15810.000000000 -19822.432518000 -708.841463415
vt 0.000000000 0.000000000
vt 0.570087713 0.000000000
vt 0.214879215 0.276273276
vn 0.000000000000 1.000000000000 0.000000000000
vn 0.000000000000 1.000000000000 0.000000000000
vn 0.000000000000 1.000000000000 0.000000000000
f 1705/1705/1705 1706/1706/1706 1707/1707/1707
v -15845.000000000 -19822.432518000 -708.841463415
v -15845.000000000 -19822.432518000 -663.841463415
v -15810.000000000 -19822.432518000 -663.841463415
vt 0.000000000 0.000000000
vt 0.450000000 0.000000000
vt 0.450000000 0.350000000
vn 0.000000000000 1.000000000000 0.000000000000
vn 0.000000000000 1.000000000000 0.000000000000
vn 0.000000000000 1.000000000000 0.000000000000
f 1708/1708/1708 1709/1709/1709 1710/1710/1710
v -15810.000000000 -19822.432518000 -708.841463415
v -15810.000000000 -20122.432518000 -663.841463415
v -15810.000000000 -20122.432518000 -708.841463415
vt 0.000000000 0.000000000
vt 3.033562262 0.000000000
vt 2.966809059 0.445021359
vn 1.000000000000 0.000000000000 0.000000000000
vn 1.000000000000 0.000000000000 0.000000000000
vn 1.000000000000 0.000000000000 0.000000000000
f 1711/1711/1711 1712/1712/1712 1713/1713/1713
v -15810.000000000 -19822.432518000 -708.841463415
v -15810.000000000 -19822.432518000 -663.841463415
v -15810.000000000 -20122.432518000 -663.841463415
vt 0.000000000 0.000000000
vt 0.450000000 0.000000000
vt 0.450000000 3.000000000
vn 1.000000000000 0.000000000000 -0.000000000000
vn 1.000000000000 0.000000000000 -0.000000000000
vn 1.000000000000 0.000000000000 -0.000000000000
f 1714/1714/1714 1715/1715/1715 1716/1716/1716
v -15810.000000000 -20122.432518000 -708.841463415
v -15845.000000000 -20122.432518000 -663.841463415
v -15845.000000000 -20122.432518000 -708.841463415
vt 0.000000000 0.000000000
vt 0.570087713 0.000000000
vt 0.214879215 0.276273276
vn 0.000000000000 -1.000000000000 0.000000000000
vn 0.000000000000 -1.000000000000 0.000000000000
vn 0.000000000000 -1.000000000000 0.000000000000
f 1717/1717/1717 1718/1718/1718 1719/1719/1719
v -15810.000000000 -20122.432518000 -708.841463415
v -15810.000000000 -20122.432518000 -663.841463415
v -15845.000000000 -20122.432518000 -663.841463415
vt 0.000000000 0.000000000
vt 0.450000000 0.000000000
vt 0.450000000 0.350000000
vn 0.000000000000 -1.000000000000 0.000000000000
vn 0.000000000000 -1.000000000000 0.000000000000
vn 0.000000000000 -1.000000000000 0.000000000000
f 1720/1720/1720 1721/1721/1721 1722/1722/1722
v -15845.000000000 -20122.432518000 -708.841463415
v -15845.000000000 -19822.432518000 -663.841463415
v -15845.000000000 -19822.432518000 -708.841463415
vt 0.000000000 0.000000000
vt 3.033562262 0.000000000
vt 2.966809059 0.445021359
vn -1.000000000000 0.000000000000 0.000000000000
vn -1.000000000000 0.000000000000 0.000000000000
vn -1.000000000000 0.000000000000 0.000000000000
f 1723/1723/1723 1724/1724/1724 1725/1725/1725
v -15845.000000000 -20122.432518000 -708.841463415
v -15845.000000000 -20122.432518000 -663.841463415
v -15845.000000000 -19822.432518000 -663.841463415
vt 0.000000000 0.000000000
vt 0.450000000 0.000000000
vt 0.450000000 3.000000000
vn -1.000000000000 0.000000000000 0.000000000000
vn -1.000000000000 0.000000000000 0.000000000000
vn -1.000000000000 0.000000000000 0.000000000000
f 1726/1726/1726 1727/1727/1727 1728/1728/1728
v -15810.000000000 -20122.432518000 -691.371951220
v -15775.000000000 -19822.432518000 -691.371951220
v -15775.000000000 -20122.432518000 -691.371951220
vt 0.000000000 0.000000000
vt 3.020347662 0.000000000
vt 0.040558245 0.347642099
vn 0.000000000000 0.000000000000 -1.000000000000
vn 0.000000000000 0.000000000000 -1.000000000000
vn 0.000000000000 0.000000000000 -1.000000000000
f 1729/1729/1729 1730/1730/1730 1731/1731/1731
v -15810.000000000 -20122.432518000 -691.371951220
v -15810.000000000 -19822.432518000 -691.371951220
v -15775.000000000 -19822.432518000 -691.371951220
vt 0.000000000 0.000000000
vt 3.000000000 0.000000000
vt 3.000000000 0.350000000
vn 0.000000000000 0.000000000000 -1.000000000000
vn 0.000000000000 0.000000000000 -1.000000000000
vn 0.000000000000 0.000000000000 -1.000000000000
f 1732/1732/1732 1733/1733/1733 1734/1734/1734
v -15810.000000000 -19822.432518000 -646.371951220
v -15775.000000000 -20122.432518000 -646.371951220
v -15775.000000000 -19822.432518000 -646.371951220
vt 0.000000000 0.000000000
vt 3.020347662 0.000000000
vt 0.040558245 0.347642099
vn -0.000000000000 0.000000000000 1.000000000000
vn -0.000000000000 0.000000000000 1.000000000000
vn -0.000000000000 0.000000000000 1.000000000000
f 1735/1735/1735 1736/1736/1736 1737/1737/1737
v -15810.000000000 -19822.432518000 -646.371951220
v -15810.000000000 -20122.432518000 -646.371951220
v -15775.000000000 -20122.432518000 -646.371951220
vt 0.000000000 0.000000000
vt 3.000000000 0.000000000
vt 3.000000000 0.350000000
vn 0.000000000000 0.000000000000 1.000000000000
vn 0.000000000000 0.000000000000 1.000000000000
vn 0.000000000000 0.000000000000 1.000000000000
f 1738/1738/1738 1739/1739/1739 1740/1740/1740
v -15810.000000000 -19822.432518000 -691.371951220
v -15775.000000000 -19822.432518000 -646.371951220
v -15775.000000000 -19822.432518000 -691.371951220
vt 0.000000000 0.000000000
vt 0.570087713 0.000000000
vt 0.214879215 0.276273276
vn 0.000000000000 1.000000000000 0.000000000000
vn 0.000000000000 1.000000000000 0.000000000000
vn 0.000000000000 1.000000000000 0.000000000000
f 1741/1741/1741 1742/1742/1742 1743/1743/1743
v -15810.000000000 -19822.432518000 -691.371951220
v -15810.000000000 -19822.432518000 -646.371951220
v -15775.000000000 -19822.432518000 -646.371951220
vt 0.000000000 0.000000000
vt 0.450000000 0.000000000
vt 0.450000000 0.350000000
vn 0.000000000000 1.000000000000 0.000000000000
vn 0.000000000000 1.000000000000 0.000000000000
vn 0.000000000000 1.000000000000 0.000000000000
f 1744/1744/1744 1745/1745/1745 1746/1746/1746
v -15775.000000000 -19822.432518000 -691.371951220
v -15775.000000000 -20122.432518000 -646.371951220
v -15775.000000000 -20122.432518000 -691.371951220
vt 0.000000000 0.000000000
vt 3.033562262 0.000000000
vt 2.966809059 0.445021359
vn 1.000000000000 0.000000000000 0.000000000000
vn 1.000000000000 0.000000000000 0.000000000000
vn 1.000000000000 0.000000000000 0.000000000000
f 1747/1747/1747 1748/1748/1748 1749/1749/1749
v -15775.000000000 -19822.432518000 -691.371951220
v -15775.000000000 -19822.432518000 -646.371951220
v -15775.000000000 -20122.432518000 -646.371951220
vt 0.000000000 0.000000000
vt 0.450000000 0.000000000
vt 0.450000000 3.000000000
vn 1.000000000000 0.000000000000 -0.000000000000
vn 1.000000000000 0.000000000000 -0.000000000000
vn 1.000000000000 0.000000000000 -0.000000000000
f 1750/1750/1750 1751/1751/1751 1752/1752/1752
v -15775.000000000 -20122.432518000 -691.371951220
v -15810.000000000 -20122.432518000 -646.371951220
v -15810.000000000 -20122.432518000 -691.371951220
vt 0.000000000 0.000000000
vt 0.570087713 0.000000000
vt 0.214879215 0.276273276
vn 0.000000000000 -1.000000000000 0.000000000000
vn 0.000000000000 -1.000000000000 0.000000000000
vn 0.000000000000 -1.000000000000 0.000000000000
f 1753/1753/1753 1754/1754/1754 1755/1755/1755
v -15775.000000000 -20122.432518000 -691.371951220
v -15775.000000000 -20122.432518000 -646.371951220
v -15810.000000000 -20122.432518000 -646.371951220
vt 0.000000000 0.000000000
vt 0.450000000 0.000000000
vt 0.450000000 0.350000000
vn 0.000000000000 -1.000000000000 0.000000000000
vn 0.000000000000 -1.000000000000 0.000000000000
vn 0.000000000000 -1.000000000000 0.000000000000
f 1756/1756/1756 1757/1757/1757 1758/1758/1758
v -15810.000000000 -20122.432518000 -691.371951220
v -15810.000000000 -19822.432518000 -646.371951220
v -15810.000000000 -19822.432518000 -691.371951220
vt 0.000000000 0.000000000
vt 3.033562262 0.000000000
vt 2.966809059 0.445021359
vn -1.000000000000 0.000000000000 0.000000000000
vn -1.000000000000 0.000000000000 0.000000000000
vn -1.000000000000 0.000000000000 0.000000000000
f 1759/1759/1759 1760/1760/1760 1761/1761/1761
v -15810.000000000 -20122.432518000 -691.371951220
v -15810.000000000 -20122.432518000 -646.371951220
v -15810.000000000 -19822.432518000 -646.371951220
vt 0.000000000 0.000000000
vt 0.450000000 0.000000000
vt 0.450000000 3.000000000
vn -1.000000000000 0.000000000000 0.000000000000
vn -1.000000000000 0.000000000000 0.000000000000
vn -1.000000000000 0.000000000000 0.000000000000
f 1762/1762/1762 1763/1763/1763 1764/1764/1764
v -15775.000000000 -20122.432518000 -673.902439024
v -15740.000000000 -19822.432518000 -673.902439024
v -15740.000000000 -20122.432518000 -673.902439024
vt 0.000000000 0.000000000
vt 3.020347662 0.000000000
vt 0.040558245 0.347642099
vn 0.000000000000 0.000000000000 -1.000000000000
vn 0.000000000000 0.000000000000 -1.000000000000
vn 0.000000000000 0.000000000000 -1.000000000000
f 1765/1765/1765 1766/1766/1766 1767/1767/1767
v -15775.000000000 -20122.432518000 -673.902439024
v -15775.000000000 -19822.432518000 -673.902439024
v -15740.000000000 -19822.432518000 -673.902439024
vt 0.000000000 0.000000000
vt 3.000000000 0.000000000
vt 3.000000000 0.350000000
vn 0.000000000000 0.000000000000 -1.000000000000
vn 0.000000000000 0.000000000000 -1.000000000000
vn 0.000000000000 0.000000000000 -1.000000000000
f 1768/1768/1768 1769/1769/1769 1770/1770/1770
v -15775.000000000 -19822.432518000 -628.902439024
v -15740.000000000 -20122.432518000 -628.902439024
v -15740.000000000 -19822.432518000 -628.902439024
vt 0.000000000 0.000000000
vt 3.020347662 0.000000000
vt 0.040558245 0.347642099
vn -0.000000000000 0.000000000000 1.000000000000
vn -0.000000000000 0.000000000000 1.000000000000
vn -0.000000000000 0.000000000000 1.000000000000
f 1771/1771/1771 1772/1772/1772 1773/1773/1773
v -15775.000000000 -19822.432518000 -628.902439024
v -15775.000000000 -20122.432518000 -628.902439024
v -15740.000000000 -20122.432518000 -628.902439024
vt 0.000000000 0.000000000
vt 3.000000000 0.000000000
vt 3.000000000 0.350000000
vn 0.000000000000 0.000000000000 1.000000000000
vn 0.000000000000 0.000000000000 1.000000000000
vn 0.000000000000 0.000000000000 1.000000000000
f 1774/1774/1774 1775/1775/1775 1776/1776/1776
v -15775.000000000 -19822.432518000 -673.902439024
v -15740.000000000 -19822.432518000 -628.902439024
v -15740.000000000 -19822.432518000 -673.902439024
vt 0.000000000 0.000000000
vt 0.570087713 0.000000000
vt 0.214879215 0.276273276
vn 0.000000000000 1.000000000000 0.000000000000
vn 0.000000000000 1.000000000000 0.000000000000
vn 0.000000000000 1.000000000000 0.000000000000
f 1777/1777/1777 1778/1778/1778 1779/1779/1779
v -15775.000000000 -19822.432518000 -673.902439024
v -15775.000000000 -19822.432518000 -628.902439024
v -15740.000000000 -19822.432518000 -628.902439024
vt 0.000000000 0.000000000
vt 0.450000000 0.000000000
vt 0.450000000 0.350000000
vn 0.000000000000 1.000000000000 0.000000000000
vn 0.000000000000 1.000000000000 0.000000000000
vn 0.000000000000 1.000000000000 0.000000000000
f 1780/1780/1780 1781/1781/1781 1782/1782/1782
v -15740.000000000 -19822.432518000 -673.902439024
v -15740.000000000 -20122.432518000 -628.902439024
v -15740.000000000 -20122.432518000 -673.902439024
vt 0.000000000 0.000000000
vt 3.033562262 0.000000000
vt 2.966809059 0.445021359
vn 1.000000000000 0.000000000000 0.000000000000
vn 1.000000000000 0.000000000000 0.000000000000
vn 1.000000000000 0.000000000000 0.000000000000
f 1783/1783/1783 1784/1784/1784 1785/1785/1785
v -15740.000000000 -19822.432518000 -673.902439024
v -15740.000000000 -19822.432518000 -628.902439024
v -15740.000000000 -20122.432518000 -628.902439024
vt 0.000000000 0.000000000
vt 0.450000000 0.000000000
vt 0.450000000 3.000000000
vn 1.000000000000 0.000000000000 -0.000000000000
vn 1.000000000000 0.000000000000 -0.000000000000
vn 1.000000000000 0.000000000000 -0.000000000000
f 1786/1786/1786 1787/1787/1787 1788/1788/1788
v -15740.000000000 -20122.432518000 -673.902439024
v -15775.000000000 -20122.432518000 -628.902439024
v -15775.000000000 -20122.432518000 -673.902439024
vt 0.000000000 0.000000000
vt 0.570087713 0.000000000
vt 0.214879215 0.276273276
vn 0.000000000000 -1.000000000000 0.000000000000
vn 0.000000000000 -1.000000000000 0.000000000000
vn 0.000000000000 -1.000000000000 0.000000000000
f 1789/1789/1789 1790/1790/1790 1791/1791/1791
v -15740.000000000 -20122.432518000 -673.902439024
v -15740.000000000 -20122.432518000 -628.902439024
v -15775.000000000 -20122.432518000 -628.902439024
vt 0.000000000 0.000000000
vt 0.450000000 0.000000000
vt 0.450000000 0.350000000
vn 0.000000000000 -1.000000000000 0.000000000000
vn 0.000000000000 -1.000000000000 0.000000000000
vn 0.000000000000 -1.000000000000 0.000000000000
f 1792/1792/1792 1793/1793/1793 1794/1794/1794
v -15775.000000000 -20122.432518000 -673.902439024
v -15775.000000000 -19822.432518000 -628.902439024
v -15775.000000000 -19822.432518000 -673.902439024
vt 0.000000000 0.000000000
vt 3.033562262 0.000000000
vt 2.966809059 0.445021359
vn -1.000000000000 0.000000000000 0.000000000000
vn -1.000000000000 0.000000000000 0.000000000000
vn -1.000000000000 0.000000000000 0.000000000000
f 1795/1795/1795 1796/1796/1796 1797/1797/1797
v -15775.000000000 -20122.432518000 -673.902439024
v -15775.000000000 -20122.432518000 -628.902439024
v -15775.000000000 -19822.432518000 -628.902439024
vt 0.000000000 0.000000000
vt 0.450000000 0.000000000
vt 0.450000000 3.000000000
vn -1.000000000000 0.000000000000 0.000000000000
vn -1.000000000000 0.000000000000 0.000000000000
vn -1.000000000000 0.000000000000 0.000000000000
f 1798/1798/1798 1799/1799/1799 1800/1800/1800
v -15740.000000000 -20122.432518000 -656.432926829
v -15705.000000000 -19822.432518000 -656.432926829
v -15705.000000000 -20122.432518000 -656.432926829
vt 0.000000000 0.000000000
vt 3.020347662 0.000000000
vt 0.040558245 0.347642099
vn 0.000000000000 0.000000000000 -1.000000000000
vn 0.000000000000 0.000000000000 -1.000000000000
vn 0.000000000000 0.000000000000 -1.000000000000
f 1801/1801/1801 1802/1802/1802 1803/1803/1803
v -15740.000000000 -20122.432518000 -656.432926829
v -15740.000000000 -19822.432518000 -656.432926829
v -15705.000000000 -19822.432518000 -656.432926829
vt 0.000000000 0.000000000
vt 3.000000000 0.000000000
vt 3.000000000 0.350000000
vn 0.000000000000 0.000000000000 -1.000000000000
vn 0.000000000000 0.000000000000 -1.000000000000
vn 0.000000000000 0.000000000000 -1.000000000000
f 1804/1804/1804 1805/1805/1805 1806/1806/1806
v -15740.000000000 -19822.432518000 -611.432926829
v -15705.000000000 -20122.432518000 -611.432926829
v -15705.000000000 -19822.432518000 -611.432926829
vt 0.000000000 0.000000000
vt 3.020347662 0.000000000
vt 0.040558245 0.347642099
vn -0.000000000000 0.000000000000 1.000000000000
vn -0.000000000000 0.000000000000 1.000000000000
vn -0.000000000000 0.000000000000 1.000000000000
f 1807/1807/1807 1808/1808/1808 1809/1809/1809
v -15740.000000000 -19822.432518000 -611.432926829
v -15740.000000000 -20122.432518000 -611.432926829
v -15705.000000000 -20122.432518000 -611.432926829
vt 0.000000000 0.000000000
vt 3.000000000 0.000000000
vt 3.000000000 0.350000000
vn 0.000000000000 0.000000000000 1.000000000000
vn 0.000000000000 0.000000000000 1.000000000000
vn 0.000000000000 0.000000000000 1.000000000000
f 1810/1810/1810 1811/1811/1811 1812/1812/1812
v -15740.000000000 -19822.432518000 -656.432926829
v -15705.000000000 -19822.432518000 -611.432926829
v -15705.000000000 -19822.432518000 -656.432926829
vt 0.000000000 0.000000000
vt 0.570087713 0.000000000
vt 0.214879215 0.276273276
vn 0.000000000000 1.000000000000 0.000000000000
vn 0.000000000000 1.000000000000 0.000000000000
vn 0.000000000000 1.000000000000 0.000000000000
f 1813/1813/1813 1814/1814/1814 1815/1815/1815
v -15740.000000000 -19822.432518000 -656.432926829
v -15740.000000000 -19822.432518000 -611.432926829
v -15705.000000000 -19822.432518000 -611.432926829
vt 0.000000000 0.000000000
vt 0.450000000 0.000000000
vt 0.450000000 0.350000000
vn 0.000000000000 1.000000000000 0.000000000000
vn 0.000000000000 1.000000000000 0.000000000000
vn 0.000000000000 1.000000000000 0.000000000000
f 1816/1816/1816 1817/1817/1817 1818/1818/1818
v -15705.000000000 -19822.432518000 -656.432926829
v -15705.000000000 -20122.432518000 -611.432926829
v -15705.000000000 -20122.432518000 -656.432926829
vt 0.000000000 0.000000000
vt 3.033562262 0.000000000
vt 2.966809059 0.445021359
vn 1.000000000000 0.000000000000 0.000000000000
vn 1.000000000000 0.000000000000 0.000000000000
vn 1.000000000000 0.000000000000 0.000000000000
f 1819/1819/1819 1820/1820/1820 1821/1821/1821
v -15705.000000000 -19822.432518000 -656.432926829
v -15705.000000000 -19822.432518000 -611.432926829
v -15705.000000000 -20122.432518000 -611.432926829
vt 0.000000000 0.000000000
vt 0.450000000 0.000000000
vt 0.450000000 3.000000000
vn 1.000000000000 0.000000000000 -0.000000000000
vn 1.000000000000 0.000000000000 -0.000000000000
vn 1.000000000000 0.000000000000 -0.000000000000
f 1822/1822/1822 1823/1823/1823 1824/1824/1824
v -15705.000000000 -20122.432518000 -656.432926829
v -15740.000000000 -20122.432518000 -611.432926829
v -15740.000000000 -20122.432518000 -656.432926829
vt 0.000000000 0.000000000
vt 0.570087713 0.000000000
vt 0.214879215 0.276273276
vn 0.000000000000 -1.000000000000 0.000000000000
vn 0.000000000000 -1.000000000000 0.000000000000
vn 0.000000000000 -1.000000000000 0.000000000000
f 1825/1825/1825 1826/1826/1826 1827/1827/1827
v -15705.000000000 -20122.432518000 -656.432926829
v -15705.000000000 -20122.432518000 -611.432926829
v -15740.000000000 -20122.432518000 -611.432926829
vt 0.000000000 0.000000000
vt 0.450000000 0.000000000
vt 0.450000000 0.350000000
vn 0.000000000000 -1.000000000000 0.000000000000
vn 0.000000000000 -1.000000000000 0.000000000000
vn 0.000000000000 -1.000000000000 0.000000000000
f 1828/1828/1828 1829/1829/1829 1830/1830/1830
v -15740.000000000 -20122.432518000 -656.432926829
v -15740.000000000 -19822.432518000 -611.432926829
v -15740.000000000 -19822.432518000 -656.432926829
vt 0.000000000 0.000000000
vt 3.033562262 0.000000000
vt 2.966809059 0.445021359
vn -1.000000000000 0.000000000000 0.000000000000
vn -1.000000000000 0.000000000000 0.000000000000
vn -1.000000000000 0.000000000000 0.000000000000
f 1831/1831/1831 1832/1832/1832 1833/1833/1833
v -15740.000000000 -20122.432518000 -656.432926829
v -15740.000000000 -20122.432518000 -611.432926829
v -15740.000000000 -19822.432518000 -611.432926829
vt 0.000000000 0.000000000
vt 0.450000000 0.000000000
vt 0.450000000 3.000000000
vn -1.000000000000 0.000000000000 0.000000000000
vn -1.000000000000 0.000000000000 0.000000000000
vn -1.000000000000 0.000000000000 0.000000000000
f 1834/1834/1834 1835/1835/1835 1836/1836/1836
v -15705.000000000 -20122.432518000 -638.963414634
v -15670.000000000 -19822.432518000 -638.963414634
v -15670.000000000 -20122.432518000 -638.963414634
vt 0.000000000 0.000000000
vt 3.020347662 0.000000000
vt 0.040558245 0.347642099
vn 0.000000000000 0.000000000000 -1.000000000000
vn 0.000000000000 0.000000000000 -1.000000000000
vn 0.000000000000 0.000000000000 -1.000000000000
f 1837/1837/1837 1838/1838/1838 1839/1839/1839
v -15705.000000000 -20122.432518000 -638.963414634
v -15705.000000000 -19822.432518000 -638.963414634
v -15670.000000000 -19822.432518000 -638.963414634
vt 0.000000000 0.000000000
vt 3.000000000 0.000000000
vt 3.000000000 0.350000000
vn 0.000000000000 0.000000000000 -1.000000000000
vn 0.000000000000 0.000000000000 -1.000000000000
vn 0.000000000000 0.000000000000 -1.000000000000
f 1840/1840/1840 1841/1841/1841 1842/1842/1842
v -15705.000000000 -19822.432518000 -593.963414634
v -15670.000000000 -20122.432518000 -593.963414634
v -15670.000000000 -19822.432518000 -593.963414634
vt 0.000000000 0.000000000
vt 3.020347662 0.000000000
vt 0.040558245 0.347642099
vn -0.000000000000 0.000000000000 1.000000000000
vn -0.000000000000 0.000000000000 1.000000000000
vn -0.000000000000 0.000000000000 1.000000000000
f 1843/1843/1843 1844/1844/1844 1845/1845/1845
v -15705.000000000 -19822.432518000 -593.963414634
v -15705.000000000 -20122.432518000 -593.963414634
v -15670.000000000 -20122.432518000 -593.963414634
vt 0.000000000 0.000000000
vt 3.000000000 0.000000000
vt 3.000000000 0.350000000
vn 0.000000000000 0.000000000000 1.000000000000
vn 0.000000000000 0.000000000000 1.000000000000
vn 0.000000000000 0.000000000000 1.000000000000
f 1846/1846/1846 1847/1847/1847 1848/1848/1848
v -15705.000000000 -19822.432518000 -638.963414634
v -15670.000000000 -19822.432518000 -593.963414634
v -15670.000000000 -19822.432518000 -638.963414634
vt 0.000000000 0.000000000
vt 0.570087713 0.000000000
vt 0.214879215 0.276273276
vn 0.000000000000 1.000000000000 0.000000000000
vn 0.000000000000 1.000000000000 0.000000000000
vn 0.000000000000 1.000000000000 0.000000000000
f 1849/1849/1849 1850/1850/1850 1851/1851/1851
v -15705.000000000 -19822.432518000 -638.963414634
v -15705.000000000 -19822.432518000 -593.963414634
v -15670.000000000 -19822.432518000 -593.963414634
vt 0.000000000 0.000000000
vt 0.450000000 0.000000000
vt 0.450000000 0.350000000
vn 0.000000000000 1.000000000000 0.000000000000
vn 0.000000000000 1.000000000000 0.000000000000
vn 0.000000000000 1.000000000000 0.000000000000
f 1852/1852/1852 1853/1853/1853 1854/1854/1854
v -15670.000000000 -19822.432518000 -638.963414634
v -15670.000000000 -20122.432518000 -593.963414634
v -15670.000000000 -20122.432518000 -638.963414634
vt 0.000000000 0.000000000
vt 3.033562262 0.000000000
vt 2.966809059 0.445021359
vn 1.000000000000 0.000000000000 0.000000000000
vn 1.000000000000 0.000000000000 0.000000000000
vn 1.000000000000 0.000000000000 0.000000000000
f 1855/1855/1855 1856/1856/1856 1857/1857/1857
v -15670.000000000 -19822.432518000 -638.963414634
v -15670.000000000 -19822.432518000 -593.963414634
v -15670.000000000 -20122.432518000 -593.963414634
vt 0.000000000 0.000000000
vt 0.450000000 0.000000000
vt 0.450000000 3.000000000
vn 1.000000000000 0.000000000000 -0.000000000000
vn 1.000000000000 0.000000000000 -0.000000000000
vn 1.000000000000 0.000000000000 -0.000000000000
f 1858/1858/1858 1859/1859/1859 1860/1860/1860
v -15670.000000000 -20122.432518000 -638.963414634
v -15705.000000000 -20122.432518000 -593.963414634
v -15705.000000000 -20122.432518000 -638.963414634
vt 0.000000000 0.000000000
vt 0.570087713 0.000000000
vt 0.214879215 0.276273276
vn 0.000000000000 -1.000000000000 0.000000000000
vn 0.000000000000 -1.000000000000 0.000000000000
vn 0.000000000000 -1.000000000000 0.000000000000
f 1861/1861/1861 1862/1862/1862 1863/1863/1863
v -15670.000000000 -20122.432518000 -638.963414634
v -15670.000000000 -20122.432518000 -593.963414634
v -15705.000000000 -20122.432518000 -593.963414634
vt 0.000000000 0.000000000
vt 0.450000000 0.000000000
vt 0.450000000 0.350000000
vn 0.000000000000 -1.000000000000 0.000000000000
vn 0.000000000000 -1.000000000000 0.000000000000
vn 0.000000000000 -1.000000000000 0.000000000000
f 1864/1864/1864 1865/1865/1865 1866/1866/1866
v -15705.000000000 -20122.432518000 -638.963414634
v -15705.000000000 -19822.432518000 -593.963414634
v -15705.000000000 -19822.432518000 -638.963414634
vt 0.000000000 0.000000000
vt 3.033562262 0.000000000
vt 2.966809059 0.445021359
vn -1.000000000000 0.000000000000 0.000000000000
vn -1.000000000000 0.000000000000 0.000000000000
vn -1.000000000000 0.000000000000 0.000000000000
f 1867/1867/1867 1868/1868/1868 1869/1869/1869
v -15705.000000000 -20122.432518000 -638.963414634
v -15705.000000000 -20122.432518000 -593.963414634
v -15705.000000000 -19822.432518000 -593.963414634
vt 0.000000000 0.000000000
vt 0.450000000 0.000000000
vt 0.450000000 3.000000000
vn -1.000000000000 0.000000000000 0.000000000000
vn -1.000000000000 0.000000000000 0.000000000000
vn -1.000000000000 0.000000000000 0.000000000000
f 1870/1870/1870 1871/1871/1871 1872/1872/1872
v -15670.000000000 -20122.432518000 -638.963414634
v -15420.000000000 -19822.432518000 -638.963414634
v -15420.000000000 -20122.432518000 -638.963414634
vt 0.000000000 0.000000000
vt 3.905124838 0.000000000
vt 1.600460999 1.920553199
vn 0.000000000000 0.000000000000 -1.000000000000
vn 0.000000000000 0.000000000000 -1.000000000000
vn 0.000000000000 0.000000000000 -1.000000000000
f 1873/1873/1873 1874/1874/1874 1875/1875/1875
v -15670.000000000 -20122.432518000 -638.963414634
v -15670.000000000 -19822.432518000 -638.963414634
v -15420.000000000 -19822.432518000 -638.963414634
vt 0.000000000 0.000000000
vt 3.000000000 0.000000000
vt 3.000000000 2.500000000
vn 0.000000000000 0.000000000000 -1.000000000000
vn 0.000000000000 0.000000000000 -1.000000000000
vn 0.000000000000 0.000000000000 -1.000000000000
f 1876/1876/1876 1877/1877/1877 1878/1878/1878
v -15670.000000000 -19822.432518000 -593.963414634
v -15420.000000000 -20122.432518000 -593.963414634
v -15420.000000000 -19822.432518000 -593.963414634
vt 0.000000000 0.000000000
vt 3.905124838 0.000000000
vt 1.600460999 1.920553199
vn -0.000000000000 0.000000000000 1.000000000000
vn -0.000000000000 0.000000000000 1.000000000000
vn -0.000000000000 0.000000000000 1.000000000000
f 1879/1879/1879 1880/1880/1880 1881/1881/1881
v -15670.000000000 -19822.432518000 -593.963414634
v -15670.000000000 -20122.432518000 -593.963414634
v -15420.000000000 -20122.432518000 -593.963414634
vt 0.000000000 0.000000000
vt 3.000000000 0.000000000
vt 3.000000000 2.500000000
vn 0.000000000000 0.000000000000 1.000000000000
vn 0.000000000000 0.000000000000 1.000000000000
vn 0.000000000000 0.000000000000 1.000000000000
f 1882/1882/1882 1883/1883/1883 1884/1884/1884
v -15670.000000000 -19822.432518000 -638.963414634
v -15420.000000000 -19822.432518000 -593.963414634
v -15420.000000000 -19822.432518000 -638.963414634
vt 0.000000000 0.000000000
vt 2.540177159 0.000000000
vt 2.460458310 0.442882496
vn 0.000000000000 1.000000000000 0.000000000000
vn 0.000000000000 1.000000000000 0.000000000000
vn 0.000000000000 1.000000000000 0.000000000000
f 1885/1885/1885 1886/1886/1886 1887/1887/1887
v -15670.000000000 -19822.432518000 -638.963414634
v -15670.000000000 -19822.432518000 -593.963414634
v -15420.000000000 -19822.432518000 -593.963414634
vt 0.000000000 0.000000000
vt 0.450000000 0.000000000
vt 0.450000000 2.500000000
vn 0.000000000000 1.000000000000 0.000000000000
vn 0.000000000000 1.000000000000 0.000000000000
vn 0.000000000000 1.000000000000 0.000000000000
f 1888/1888/1888 1889/1889/1889 1890/1890/1890
v -15420.000000000 -19822.432518000 -638.963414634
v -15420.000000000 -20122.432518000 -593.963414634
v -15420.000000000 -20122.432518000 -638.963414634
vt 0.000000000 0.000000000
vt 3.033562262 0.000000000
vt 2.966809059 0.445021359
vn 1.000000000000 0.000000000000 0.000000000000
vn 1.000000000000 0.000000000000 0.000000000000
vn 1.000000000000 0.000000000000 0.000000000000
f 1891/1891/1891 1892/1892/1892 1893/1893/1893
v -15420.000000000 -19822.432518000 -638.963414634
v -15420.000000000 -19822.432518000 -593.963414634
v -15420.000000000 -20122.432518000 -593.963414634
vt 0.000000000 0.000000000
vt 0.450000000 0.000000000
vt 0.450000000 3.000000000
vn 1.000000000000 0.000000000000 -0.000000000000
vn 1.000000000000 0.000000000000 -0.000000000000
vn 1.000000000000 0.000000000000 -0.000000000000
f 1894/1894/1894 1895/1895/1895 1896/1896/1896
v -15420.000000000 -20122.432518000 -638.963414634
v -15670.000000000 -20122.432518000 -593.963414634
v -15670.000000000 -20122.432518000 -638.963414634
vt 0.000000000 0.000000000
vt 2.540177159 0.000000000
vt 2.460458310 0.442882496
vn 0.000000000000 -1.000000000000 0.000000000000
vn 0.000000000000 -1.000000000000 0.000000000000
vn 0.000000000000 -1.000000000000 0.000000000000
f 1897/1897/1897 1898/1898/1898 1899/1899/1899
v -15420.000000000 -20122.432518000 -638.963414634
v -15420.000000000 -20122.432518000 -593.963414634
v -15670.000000000 -20122.432518000 -593.963414634
vt 0.000000000 0.000000000
vt 0.450000000 0.000000000
vt 0.450000000 2.500000000
vn 0.000000000000 -1.000000000000 0.000000000000
vn 0.000000000000 -1.000000000000 0.000000000000
vn 0.000000000000 -1.000000000000 0.000000000000
f 1900/1900/1900 1901/1901/1901 1902/1902/1902
v -15670.000000000 -20122.432518000 -638.963414634
v -15670.000000000 -19822.432518000 -593.963414634
v -15670.000000000 -19822.432518000 -638.963414634
vt 0.000000000 0.000000000
vt 3.033562262 0.000000000
vt 2.966809059 0.445021359
vn -1.000000000000 0.000000000000 0.000000000000
vn -1.000000000000 0.000000000000 0.000000000000
vn -1.000000000000 0.000000000000 0.000000000000
f 1903/1903/1903 1904/1904/1904 1905/1905/1905
v -15670.000000000 -20122.432518000 -638.963414634
v -15670.000000000 -20122.432518000 -593.963414634
v -15670.000000000 -19822.432518000 -593.963414634
vt 0.000000000 0.000000000
vt 0.450000000 0.000000000
vt 0.450000000 3.000000000
vn -1.000000000000 0.000000000000 0.000000000000
vn -1.000000000000 0.000000000000 0.000000000000
vn -1.000000000000 0.000000000000 0.000000000000
f 1906/1906/1906 1907/1907/1907 1908/1908/1908
v -15420.000000000 -20122.432518000 -621.493902439
v -15385.000000000 -19822.432518000 -621.493902439
v -15385.000000000 -20122.432518000 -621.493902439
vt 0.000000000 0.000000000
vt 3.020347662 0.000000000
vt 0.040558245 0.347642099
vn 0.000000000000 0.000000000000 -1.000000000000
vn 0.000000000000 0.000000000000 -1.000000000000
vn 0.000000000000 0.000000000000 -1.000000000000
f 1909/1909/1909 1910/1910/1910 1911/1911/1911
v -15420.000000000 -20122.432518000 -621.493902439
v -15420.000000000 -19822.432518000 -621.493902439
v -15385.000000000 -19822.432518000 -621.493902439
vt 0.000000000 0.000000000
vt 3.000000000 0.000000000
vt 3.000000000 0.350000000
vn 0.000000000000 0.000000000000 -1.000000000000
vn 0.000000000000 0.000000000000 -1.000000000000
vn 0.000000000000 0.000000000000 -1.000000000000
f 1912/1912/1912 1913/1913/1913 1914/1914/1914
v -15420.000000000 -19822.432518000 -576.493902439
v -15385.000000000 -20122.432518000 -576.493902439
v -15385.000000000 -19822.432518000 -576.493902439
vt 0.000000000 0.000000000
vt 3.020347662 0.000000000
vt 0.040558245 0.347642099
vn -0.000000000000 0.000000000000 1.000000000000
vn -0.000000000000 0.000000000000 1.000000000000
vn -0.000000000000 0.000000000000 1.000000000000
f 1915/1915/1915 1916/1916/1916 1917/1917/1917
v -15420.000000000 -19822.432518000 -576.493902439
v -15420.000000000 -20122.432518000 -576.493902439
v -15385.000000000 -20122.432518000 -576.493902439
vt 0.000000000 0.000000000
vt 3.000000000 0.000000000
vt 3.000000000 0.350000000
vn 0.000000000000 0.000000000000 1.000000000000
vn 0.000000000000 0.000000000000 1.000000000000
vn 0.000000000000 0.000000000000 1.000000000000
f 1918/1918/1918 1919/1919/1919 1920/1920/1920
v -15420.000000000 -19822.432518000 -621.493902439
v -15385.000000000 -19822.432518000 -576.493902439
v -15385.000000000 -19822.432518000 -621.493902439
vt 0.000000000 0.000000000
vt 0.570087713 0.000000000
vt 0.214879215 0.276273276
vn 0.000000000000 1.000000000000 0.000000000000
vn 0.000000000000 1.000000000000 0.000000000000
vn 0.000000000000 1.000000000000 0.000000000000
f 1921/1921/1921 1922/1922/1922 1923/1923/1923
v -15420.000000000 -19822.432518000 -621.493902439
v -15420.000000000 -19822.432518000 -576.493902439
v -15385.000000000 -19822.432518000 -576.493902439
vt 0.000000000 0.000000000
vt 0.450000000 0.000000000
vt 0.450000000 0.350000000
vn 0.000000000000 1.000000000000 0.000000000000
vn 0.000000000000 1.000000000000 0.000000000000
vn 0.000000000000 1.000000000000 0.000000000000
f 1924/1924/1924 1925/1925/1925 1926/1926/1926
v -15385.000000000 -19822.432518000 -621.493902439
v -15385.000000000 -20122.432518000 -576.493902439
v -15385.000000000 -20122.432518000 -621.493902439
vt 0.000000000 0.000000000
vt 3.033562262 0.000000000
vt 2.966809059 0.445021359
vn 1.000000000000 0.000000000000 0.000000000000
vn 1.000000000000 0.000000000000 0.000000000000
vn 1.000000000000 0.000000000000 0.000000000000
f 1927/1927/1927 1928/1928/1928 1929/1929/1929
v -15385.000000000 -19822.432518000 -621.493902439
v -15385.000000000 -19822.432518000 -576.493902439
v -15385.000000000 -20122.432518000 -576.493902439
vt 0.000000000 0.000000000
vt 0.450000000 0.000000000
vt 0.450000000 3.000000000
vn 1.000000000000 0.000000000000 -0.000000000000
vn 1.000000000000 0.000000000000 -0.000000000000
vn 1.000000000000 0.000000000000 -0.000000000000
f 1930/1930/1930 1931/1931/1931 1932/1932/1932
v -15385.000000000 -20122.432518000 -621.493902439
v -15420.000000000 -20122.432518000 -576.493902439
v -15420.000000000 -20122.432518000 -621.493902439
vt 0.000000000 0.000000000
vt 0.570087713 0.000000000
vt 0.214879215 0.276273276
vn 0.000000000000 -1.000000000000 0.000000000000
vn 0.000000000000 -1.000000000000 0.000000000000
vn 0.000000000000 -1.000000000000 0.000000000000
f 1933/1933/1933 1934/1934/1934 1935/1935/1935
v -15385.000000000 -20122.432518000 -621.493902439
v -15385.000000000 -20122.432518000 -576.493902439
v -15420.000000000 -20122.432518000 -576.493902439
vt 0.000000000 0.000000000
vt 0.450000000 0.000000000
vt 0.450000000 0.350000000
vn 0.000000000000 -1.000000000000 0.000000000000
vn 0.000000000000 -1.000000000000 0.000000000000
vn 0.000000000000 -1.000000000000 0.000000000000
f 1936/1936/1936 1937/1937/1937 1938/1938/1938
v -15420.000000000 -20122.432518000 -621.493902439
v -15420.000000000 -19822.432518000 -576.493902439
v -15420.000000000 -19822.432518000 -621.493902439
vt 0.000000000 0.000000000
vt 3.033562262 0.000000000
vt 2.966809059 0.445021359
vn -1.000000000000 0.000000000000 0.000000000000
vn -1.000000000000 0.000000000000 0.000000000000
vn -1.000000000000 0.000000000000 0.000000000000
f 1939/1939/1939 1940/1940/1940 1941/1941/1941
v -15420.000000000 -20122.432518000 -621.493902439
v -15420.000000000 -20122.432518000 -576.493902439
v -15420.000000000 -19822.432518000 -576.493902439
vt 0.000000000 0.000000000
vt 0.450000000 0.000000000
vt 0.450000000 3.000000000
vn -1.000000000000 0.000000000000 0.000000000000
vn -1.000000000000 0.000000000000 0.000000000000
vn -1.000000000000 0.000000000000 0.000000000000
f 1942/1942/1942 1943/1943/1943 1944/1944/1944
v -15385.000000000 -20122.432518000 -604.024390244
v -15350.000000000 -19822.432518000 -604.024390244
v -15350.000000000 -20122.432518000 -604.024390244
vt 0.000000000 0.000000000
vt 3.020347662 0.000000000
vt 0.040558245 0.347642099
vn 0.000000000000 0.000000000000 -1.000000000000
vn 0.000000000000 0.000000000000 -1.000000000000
vn 0.000000000000 0.000000000000 -1.000000000000
f 1945/1945/1945 1946/1946/1946 1947/1947/1947
v -15385.000000000 -20122.432518000 -604.024390244
v -15385.000000000 -19822.432518000 -604.024390244
v -15350.000000000 -19822.432518000 -604.024390244
vt 0.000000000 0.000000000
vt 3.000000000 0.000000000
vt 3.000000000 0.350000000
vn 0.000000000000 0.000000000000 -1.000000000000
vn 0.000000000000 0.000000000000 -1.000000000000
vn 0.000000000000 0.000000000000 -1.000000000000
f 1948/1948/1948 1949/1949/1949 1950/1950/1950
v -15385.000000000 -19822.432518000 -559.024390244
v -15350.000000000 -20122.432518000 -559.024390244
v -15350.000000000 -19822.432518000 -559.024390244
vt 0.000000000 0.000000000
vt 3.020347662 0.000000000
vt 0.040558245 0.347642099
vn -0.000000000000 0.000000000000 1.000000000000
vn -0.000000000000 0.000000000000 1.000000000000
vn -0.000000000000 0.000000000000 1.000000000000
f 1951/1951/1951 1952/1952/1952 1953/1953/1953
v -15385.000000000 -19822.432518000 -559.024390244
v -15385.000000000 -20122.432518000 -559.024390244
v -15350.000000000 -20122.432518000 -559.024390244
vt 0.000000000 0.000000000
vt 3.000000000 0.000000000
vt 3.000000000 0.350000000
vn 0.000000000000 0.000000000000 1.000000000000
vn 0.000000000000 0.000000000000 1.000000000000
vn 0.000000000000 0.000000000000 1.000000000000
f 1954/1954/1954 1955/1955/1955 1956/1956/1956
v -15385.000000000 -19822.432518000 -604.024390244
v -15350.000000000 -19822.432518000 -559.024390244
v -15350.000000000 -19822.432518000 -604.024390244
vt 0.000000000 0.000000000
vt 0.570087713 0.000000000
vt 0.214879215 0.276273276
vn 0.000000000000 1.000000000000 0.000000000000
vn 0.000000000000 1.000000000000 0.000000000000
vn 0.000000000000 1.000000000000 0.000000000000
f 1957/1957/1957 1958/1958/1958 1959/1959/1959
v -15385.000000000 -19822.432518000 -604.024390244
v -15385.000000000 -19822.432518000 -559.024390244
v -15350.000000000 -19822.432518000 -559.024390244
vt 0.000000000 0.000000000
vt 0.450000000 0.000000000
vt 0.450000000 0.350000000
vn 0.000000000000 1.000000000000 0.000000000000
vn 0.000000000000 1.000000000000 0.000000000000
vn 0.000000000000 1.000000000000 0.000000000000
f 1960/1960/1960 1961/1961/1961 1962/1962/1962
v -15350.000000000 -19822.432518000 -604.024390244
v -15350.000000000 -20122.432518000 -559.024390244
v -15350.000000000 -20122.432518000 -604.024390244
vt 0.000000000 0.000000000
vt 3.033562262 0.000000000
vt 2.966809059 0.445021359
vn 1.000000000000 0.000000000000 0.000000000000
vn 1.000000000000 0.000000000000 0.000000000000
vn 1.000000000000 0.000000000000 0.000000000000
f 1963/1963/1963 1964/1964/1964 1965/1965/1965
v -15350.000000000 -19822.432518000 -604.024390244
v -15350.000000000 -19822.432518000 -559.024390244
v -15350.000000000 -20122.432518000 -559.024390244
vt 0.000000000 0.000000000
vt 0.450000000 0.000000000
vt 0.450000000 3.000000000
vn 1.000000000000 0.000000000000 -0.000000000000
vn 1.000000000000 0.000000000000 -0.000000000000
vn 1.000000000000 0.000000000000 -0.000000000000
f 1966/1966/1966 1967/1967/1967 1968/1968/1968
v -15350.000000000 -20122.432518000 -604.024390244
v -15385.000000000 -20122.432518000 -559.024390244
v -15385.000000000 -20122.432518000 -604.024390244
vt 0.000000000 0.000000000
vt 0.570087713 0.000000000
vt 0.214879215 0.276273276
vn 0.000000000000 -1.000000000000 0.000000000000
vn 0.000000000000 -1.000000000000 0.000000000000
vn 0.000000000000 -1.000000000000 0.000000000000
f 1969/1969/1969 1970/1970/1970 1971/1971/1971
v -15350.000000000 -20122.432518000 -604.024390244
v -15350.000000000 -20122.432518000 -559.024390244
v -15385.000000000 -20122.432518000 -559.024390244
vt 0.000000000 0.000000000
vt 0.450000000 0.000000000
vt 0.450000000 0.350000000
vn 0.000000000000 -1.000000000000 0.000000000000
vn 0.000000000000 -1.000000000000 0.000000000000
vn 0.000000000000 -1.000000000000 0.000000000000
f 1972/1972/1972 1973/1973/1973 1974/1974/1974
v -15385.000000000 -20122.432518000 -604.024390244
v -15385.000000000 -19822.432518000 -559.024390244
v -15385.000000000 -19822.432518000 -604.024390244
vt 0.000000000 0.000000000
vt 3.033562262 0.000000000
vt 2.966809059 0.445021359
vn -1.000000000000 0.000000000000 0.000000000000
vn -1.000000000000 0.000000000000 0.000000000000
vn -1.000000000000 0.000000000000 0.000000000000
f 1975/1975/1975 1976/1976/1976 1977/1977/1977
v -15385.000000000 -20122.432518000 -604.024390244
v -15385.000000000 -20122.432518000 -559.024390244
v -15385.000000000 -19822.432518000 -559.024390244
vt 0.000000000 0.000000000
vt 0.450000000 0.000000000
vt 0.450000000 3.000000000
vn -1.000000000000 0.000000000000 0.000000000000
vn -1.000000000000 0.000000000000 0.000000000000
vn -1.000000000000 0.000000000000 0.000000000000
f 1978/1978/1978 1979/1979/1979 1980/1980/1980
v -15350.000000000 -20122.432518000 -586.554878049
v -15315.000000000 -19822.432518000 -586.554878049
v -15315.000000000 -20122.432518000 -586.554878049
vt 0.000000000 0.000000000
vt 3.020347662 0.000000000
vt 0.040558245 0.347642099
vn 0.000000000000 0.000000000000 -1.000000000000
vn 0.000000000000 0.000000000000 -1.000000000000
vn 0.000000000000 0.000000000000 -1.000000000000
f 1981/1981/1981 1982/1982/1982 1983/1983/1983
v -15350.000000000 -20122.432518000 -586.554878049
v -15350.000000000 -19822.432518000 -586.554878049
v -15315.000000000 -19822.432518000 -586.554878049
vt 0.000000000 0.000000000
vt 3.000000000 0.000000000
vt 3.000000000 0.350000000
vn 0.000000000000 0.000000000000 -1.000000000000
vn 0.000000000000 0.000000000000 -1.000000000000
vn 0.000000000000 0.000000000000 -1.000000000000
f 1984/1984/1984 1985/1985/1985 1986/1986/1986
v -15350.000000000 -19822.432518000 -541.554878049
v -15315.000000000 -20122.432518000 -541.554878049
v -15315.000000000 -19822.432518000 -541.554878049
vt 0.000000000 0.000000000
vt 3.020347662 0.000000000
vt 0.040558245 0.347642099
vn -0.000000000000 0.000000000000 1.000000000000
vn -0.000000000000 0.000000000000 1.000000000000
vn -0.000000000000 0.000000000000 1.000000000000
f 1987/1987/1987 1988/1988/1988 1989/1989/1989
v -15350.000000000 -19822.432518000 -541.554878049
v -15350.000000000 -20122.432518000 -541.554878049
v -15315.000000000 -20122.432518000 -541.554878049
vt 0.000000000 0.000000000
vt 3.000000000 0.000000000
vt 3.000000000 0.350000000
vn 0.000000000000 0.000000000000 1.000000000000
vn 0.000000000000 0.000000000000 1.000000000000
vn 0.000000000000 0.000000000000 1.000000000000
f 1990/1990/1990 1991/1991/1991 1992/1992/1992
v -15350.000000000 -19822.432518000 -586.554878049
v -15315.000000000 -19822.432518000 -541.554878049
v -15315.000000000 -19822.432518000 -586.554878049
vt 0.000000000 0.000000000
vt 0.570087713 0.000000000
vt 0.214879215 0.276273276
vn 0.000000000000 1.000000000000 0.000000000000
vn 0.000000000000 1.000000000000 0.000000000000
vn 0.000000000000 1.000000000000 0.000000000000
f 1993/1993/1993 1994/1994/1994 1995/1995/1995
v -15350.000000000 -19822.432518000 -586.554878049
v -15350.000000000 -19822.432518000 -541.554878049
v -15315.000000000 -19822.432518000 -541.554878049
vt 0.000000000 0.000000000
vt 0.450000000 0.000000000
vt 0.450000000 0.350000000
vn 0.000000000000 1.000000000000 0.000000000000
vn 0.000000000000 1.000000000000 0.000000000000
vn 0.000000000000 1.000000000000 0.000000000000
f 1996/1996/1996 1997/1997/1997 1998/1998/1998
v -15315.000000000 -19822.432518000 -586.554878049
v -15315.000000000 -20122.432518000 -541.554878049
v -15315.000000000 -20122.432518000 -586.554878049
vt 0.000000000 0.000000000
vt 3.033562262 0.000000000
vt 2.966809059 0.445021359
vn 1.000000000000 0.000000000000 0.000000000000
vn 1.000000000000 0.000000000000 0.000000000000
vn 1.000000000000 0.000000000000 0.000000000000
f 1999/1999/1999 2000/2000/2000 2001/2001/2001
v -15315.000000000 -19822.432518000 -586.554878049
v -15315.000000000 -19822.432518000 -541.554878049
v -15315.000000000 -20122.432518000 -541.554878049
vt 0.000000000 0.000000000
vt 0.450000000 0.000000000
vt 0.450000000 3.000000000
vn 1.000000000000 0.000000000000 -0.000000000000
vn 1.000000000000 0.000000000000 -0.000000000000
vn 1.000000000000 0.000000000000 -0.000000000000
f 2002/2002/2002 2003/2003/2003 2004/2004/2004
v -15315.000000000 -20122.432518000 -586.554878049
v -15350.000000000 -20122.432518000 -541.554878049
v -15350.000000000 -20122.432518000 -586.554878049
vt 0.000000000 0.000000000
vt 0.570087713 0.000000000
vt 0.214879215 0.276273276
vn 0.000000000000 -1.000000000000 0.000000000000
vn 0.000000000000 -1.000000000000 0.000000000000
vn 0.000000000000 -1.000000000000 0.000000000000
f 2005/2005/2005 2006/2006/2006 2007/2007/2007
v -15315.000000000 -20122.432518000 -586.554878049
v -15315.000000000 -20122.432518000 -541.554878049
v -15350.000000000 -20122.432518000 -541.554878049
vt 0.000000000 0.000000000
vt 0.450000000 0.000000000
vt 0.450000000 0.350000000
vn 0.000000000000 -1.000000000000 0.000000000000
vn 0.000000000000 -1.000000000000 0.000000000000
vn 0.000000000000 -1.000000000000 0.000000000000
f 2008/2008/2008 2009/2009/2009 2010/2010/2010
v -15350.000000000 -20122.432518000 -586.554878049
v -15350.000000000 -19822.432518000 -541.554878049
v -15350.000000000 -19822.432518000 -586.554878049
vt 0.000000000 0.000000000
vt 3.033562262 0.000000000
vt 2.966809059 0.445021359
vn -1.000000000000 0.000000000000 0.000000000000
vn -1.000000000000 0.000000000000 0.000000000000
vn -1.000000000000 0.000000000000 0.000000000000
f 2011/2011/2011 2012/2012/2012 2013/2013/2013
v -15350.000000000 -20122.432518000 -586.554878049
v -15350.000000000 -20122.432518000 -541.554878049
v -15350.000000000 -19822.432518000 -541.554878049
vt 0.000000000 0.000000000
vt 0.450000000 0.000000000
vt 0.450000000 3.000000000
vn -1.000000000000 0.000000000000 0.000000000000
vn -1.000000000000 0.000000000000 0.000000000000
vn -1.000000000000 0.000000000000 0.000000000000
f 2014/2014/2014 2015/2015/2015 2016/2016/2016
v -15315.000000000 -20122.432518000 -569.085365854
v -15280.000000000 -19822.432518000 -569.085365854
v -15280.000000000 -20122.432518000 -569.085365854
vt 0.000000000 0.000000000
vt 3.020347662 0.000000000
vt 0.040558245 0.347642099
vn 0.000000000000 0.000000000000 -1.000000000000
vn 0.000000000000 0.000000000000 -1.000000000000
vn 0.000000000000 0.000000000000 -1.000000000000
f 2017/2017/2017 2018/2018/2018 2019/2019/2019
v -15315.000000000 -20122.432518000 -569.085365854
v -15315.000000000 -19822.432518000 -569.085365854
v -15280.000000000 -19822.432518000 -569.085365854
vt 0.000000000 0.000000000
vt 3.000000000 0.000000000
vt 3.000000000 0.350000000
vn 0.000000000000 0.000000000000 -1.000000000000
vn 0.000000000000 0.000000000000 -1.000000000000
vn 0.000000000000 0.000000000000 -1.000000000000
f 2020/2020/2020 2021/2021/2021 2022/2022/2022
v -15315.000000000 -19822.432518000 -524.085365854
v -15280.000000000 -20122.432518000 -524.085365854
v -15280.000000000 -19822.432518000 -524.085365854
vt 0.000000000 0.000000000
vt 3.020347662 0.000000000
vt 0.040558245 0.347642099
vn -0.000000000000 0.000000000000 1.000000000000
vn -0.000000000000 0.000000000000 1.000000000000
vn -0.000000000000 0.000000000000 1.000000000000
f 2023/2023/2023 2024/2024/2024 2025/2025/2025
v -15315.000000000 -19822.432518000 -524.085365854
v -15315.000000000 -20122.432518000 -524.085365854
v -15280.000000000 -20122.432518000 -524.085365854
vt 0.000000000 0.000000000
vt 3.000000000 0.000000000
vt 3.000000000 0.350000000
vn 0.000000000000 0.000000000000 1.000000000000
vn 0.000000000000 0.000000000000 1.000000000000
vn 0.000000000000 0.000000000000 1.000000000000
f 2026/2026/2026 2027/2027/2027 2028/2028/2028
v -15315.000000000 -19822.432518000 -569.085365854
v -15280.000000000 -19822.432518000 -524.085365854
v -15280.000000000 -19822.432518000 -569.085365854
vt 0.000000000 0.000000000
vt 0.570087713 0.000000000
vt 0.214879215 0.276273276
vn 0.000000000000 1.000000000000 0.000000000000
vn 0.000000000000 1.000000000000 0.000000000000
vn 0.000000000000 1.000000000000 0.000000000000
f 2029/2029/2029 2030/2030/2030 2031/2031/2031
v -15315.000000000 -19822.432518000 -569.085365854
v -15315.000000000 -19822.432518000 -524.085365854
v -15280.000000000 -19822.432518000 -524.085365854
vt 0.000000000 0.000000000
vt 0.450000000 0.000000000
vt 0.450000000 0.350000000
vn 0.000000000000 1.000000000000 0.000000000000
vn 0.000000000000 1.000000000000 0.000000000000
vn 0.000000000000 1.000000000000 0.000000000000
f 2032/2032/2032 2033/2033/2033 2034/2034/2034
v -15280.000000000 -19822.432518000 -569.085365854
v -15280.000000000 -20122.432518000 -524.085365854
v -15280.000000000 -20122.432518000 -569.085365854
vt 0.000000000 0.000000000
vt 3.033562262 0.000000000
vt 2.966809059 0.445021359
vn 1.000000000000 0.000000000000 0.000000000000
vn 1.000000000000 0.000000000000 0.000000000000
vn 1.000000000000 0.000000000000 0.000000000000
f 2035/2035/2035 2036/2036/2036 2037/2037/2037
v -15280.000000000 -19822.432518000 -569.085365854
v -15280.000000000 -19822.432518000 -524.085365854
v -15280.000000000 -20122.432518000 -524.085365854
vt 0.000000000 0.000000000
vt 0.450000000 0.000000000
vt 0.450000000 3.000000000
vn 1.000000000000 0.000000000000 -0.000000000000
vn 1.000000000000 0.000000000000 -0.000000000000
vn 1.000000000000 0.000000000000 -0.000000000000
f 2038/2038/2038 2039/2039/2039 2040/2040/2040
v -15280.000000000 -20122.432518000 -569.085365854
v -15315.000000000 -20122.432518000 -524.085365854
v -15315.000000000 -20122.432518000 -569.085365854
vt 0.000000000 0.000000000
vt 0.570087713 0.000000000
vt 0.214879215 0.276273276
vn 0.000000000000 -1.000000000000 0.000000000000
vn 0.000000000000 -1.000000000000 0.000000000000
vn 0.000000000000 -1.000000000000 0.000000000000
f 2041/2041/2041 2042/2042/2042 2043/2043/2043
v -15280.000000000 -20122.432518000 -569.085365854
v -15280.000000000 -20122.432518000 -524.085365854
v -15315.000000000 -20122.432518000 -524.085365854
vt 0.000000000 0.000000000
vt 0.450000000 0.000000000
vt 0.450000000 0.350000000
vn 0.000000000000 -1.000000000000 0.000000000000
vn 0.000000000000 -1.000000000000 0.000000000000
vn 0.000000000000 -1.000000000000 0.000000000000
f 2044/2044/2044 2045/2045/2045 2046/2046/2046
v -15315.000000000 -20122.432518000 -569.085365854
v -15315.000000000 -19822.432518000 -524.085365854
v -15315.000000000 -19822.432518000 -569.085365854
vt 0.000000000 0.000000000
vt 3.033562262 0.000000000
vt 2.966809059 0.445021359
vn -1.000000000000 0.000000000000 0.000000000000
vn -1.000000000000 0.000000000000 0.000000000000
vn -1.000000000000 0.000000000000 0.000000000000
f 2047/2047/2047 2048/2048/2048 2049/2049/2049
v -15315.000000000 -20122.432518000 -569.085365854
v -15315.000000000 -20122.432518000 -524.085365854
v -15315.000000000 -19822.432518000 -524.085365854
vt 0.000000000 0.000000000
vt 0.450000000 0.000000000
vt 0.450000000 3.000000000
vn -1.000000000000 0.000000000000 0.000000000000
vn -1.000000000000 0.000000000000 0.000000000000
vn -1.000000000000 0.000000000000 0.000000000000
f 2050/2050/2050 2051/2051/2051 2052/2052/2052
v -15280.000000000 -20122.432518000 -551.615853659
v -15245.000000000 -19822.432518000 -551.615853659
v -15245.000000000 -20122.432518000 -551.615853659
vt 0.000000000 0.000000000
vt 3.020347662 0.000000000
vt 0.040558245 0.347642099
vn 0.000000000000 0.000000000000 -1.000000000000
vn 0.000000000000 0.000000000000 -1.000000000000
vn 0.000000000000 0.000000000000 -1.000000000000
f 2053/2053/2053 2054/2054/2054 2055/2055/2055
v -15280.000000000 -20122.432518000 -551.615853659
v -15280.000000000 -19822.432518000 -551.615853659
v -15245.000000000 -19822.432518000 -551.615853659
vt 0.000000000 0.000000000
vt 3.000000000 0.000000000
vt 3.000000000 0.350000000
vn 0.000000000000 0.000000000000 -1.000000000000
vn 0.000000000000 0.000000000000 -1.000000000000
vn 0.000000000000 0.000000000000 -1.000000000000
f 2056/2056/2056 2057/2057/2057 2058/2058/2058
v -15280.000000000 -19822.432518000 -506.615853659
v -15245.000000000 -20122.432518000 -506.615853659
v -15245.000000000 -19822.432518000 -506.615853659
vt 0.000000000 0.000000000
vt 3.020347662 0.000000000
vt 0.040558245 0.347642099
vn -0.000000000000 0.000000000000 1.000000000000
vn -0.000000000000 0.000000000000 1.000000000000
vn -0.000000000000 0.000000000000 1.000000000000
f 2059/2059/2059 2060/2060/2060 2061/2061/2061
v -15280.000000000 -19822.432518000 -506.615853659
v -15280.000000000 -20122.432518000 -506.615853659
v -15245.000000000 -20122.432518000 -506.615853659
vt 0.000000000 0.000000000
vt 3.000000000 0.000000000
vt 3.000000000 0.350000000
vn 0.000000000000 0.000000000000 1.000000000000
vn 0.000000000000 0.000000000000 1.000000000000
vn 0.000000000000 0.000000000000 1.000000000000
f 2062/2062/2062 2063/2063/2063 2064/2064/2064
v -15280.000000000 -19822.432518000 -551.615853659
v -15245.000000000 -19822.432518000 -506.615853659
v -15245.000000000 -19822.432518000 -551.615853659
vt 0.000000000 0.000000000
vt 0.570087713 0.000000000
vt 0.214879215 0.276273276
vn 0.000000000000 1.000000000000 0.000000000000
vn 0.000000000000 1.000000000000 0.000000000000
vn 0.000000000000 1.000000000000 0.000000000000
f 2065/2065/2065 2066/2066/2066 2067/2067/2067
v -15280.000000000 -19822.432518000 -551.615853659
v -15280.000000000 -19822.432518000 -506.615853659
v -15245.000000000 -19822.432518000 -506.615853659
vt 0.000000000 0.000000000
vt 0.450000000 0.000000000
vt 0.450000000 0.350000000
vn 0.000000000000 1.000000000000 0.000000000000
vn 0.000000000000 1.000000000000 0.000000000000
vn 0.000000000000 1.000000000000 0.000000000000
f 2068/2068/2068 2069/2069/2069 2070/2070/2070
v -15245.000000000 -19822.432518000 -551.615853659
v -15245.000000000 -20122.432518000 -506.615853659
v -15245.000000000 -20122.432518000 -551.615853659
vt 0.000000000 0.000000000
vt 3.033562262 0.000000000
vt 2.966809059 0.445021359
vn 1.000000000000 0.000000000000 0.000000000000
vn 1.000000000000 0.000000000000 0.000000000000
vn 1.000000000000 0.000000000000 0.000000000000
f 2071/2071/2071 2072/2072/2072 2073/2073/2073
v -15245.000000000 -19822.432518000 -551.615853659
v -15245.000000000 -19822.432518000 -506.615853659
v -15245.000000000 -20122.432518000 -506.615853659
vt 0.000000000 0.000000000
vt 0.450000000 0.000000000
vt 0.450000000 3.000000000
vn 1.000000000000 0.000000000000 -0.000000000000
vn 1.000000000000 0.000000000000 -0.000000000000
vn 1.000000000000 0.000000000000 -0.000000000000
f 2074/2074/2074 2075/2075/2075 2076/2076/2076
v -15245.000000000 -20122.432518000 -551.615853659
v -15280.000000000 -20122.432518000 -506.615853659
v -15280.000000000 -20122.432518000 -551.615853659
vt 0.000000000 0.000000000
vt 0.570087713 0.000000000
vt 0.214879215 0.276273276
vn 0.000000000000 -1.000000000000 0.000000000000
vn 0.000000000000 -1.000000000000 0.000000000000
vn 0.000000000000 -1.000000000000 0.000000000000
f 2077/2077/2077 2078/2078/2078 2079/2079/2079
v -15245.000000000 -20122.432518000 -551.615853659
v -15245.000000000 -20122.432518000 -506.615853659
v -15280.000000000 -20122.432518000 -506.615853659
vt 0.000000000 0.000000000
vt 0.450000000 0.000000000
vt 0.450000000 0.350000000
vn 0.000000000000 -1.000000000000 0.000000000000
vn 0.000000000000 -1.000000000000 0.000000000000
vn 0.000000000000 -1.000000000000 0.000000000000
f 2080/2080/2080 2081/2081/2081 2082/2082/2082
v -15280.000000000 -20122.432518000 -551.615853659
v -15280.000000000 -19822.432518000 -506.615853659
v -15280.000000000 -19822.432518000 -551.615853659
vt 0.000000000 0.000000000
vt 3.033562262 0.000000000
vt 2.966809059 0.445021359
vn -1.000000000000 0.000000000000 0.000000000000
vn -1.000000000000 0.000000000000 0.000000000000
vn -1.000000000000 0.000000000000 0.000000000000
f 2083/2083/2083 2084/2084/2084 2085/2085/2085
v -15280.000000000 -20122.432518000 -551.615853659
v -15280.000000000 -20122.432518000 -506.615853659
v -15280.000000000 -19822.432518000 -506.615853659
vt 0.000000000 0.000000000
vt 0.450000000 0.000000000
vt 0.450000000 3.000000000
vn -1.000000000000 0.000000000000 0.000000000000
vn -1.000000000000 0.000000000000 0.000000000000
vn -1.000000000000 0.000000000000 0.000000000000
f 2086/2086/2086 2087/2087/2087 2088/2088/2088
v -15245.000000000 -20122.432518000 -534.146341463
v -15210.000000000 -19822.432518000 -534.146341463
v -15210.000000000 -20122.432518000 -534.146341463
vt 0.000000000 0.000000000
vt 3.020347662 0.000000000
vt 0.040558245 0.347642099
vn 0.000000000000 0.000000000000 -1.000000000000
vn 0.000000000000 0.000000000000 -1.000000000000
vn 0.000000000000 0.000000000000 -1.000000000000
f 2089/2089/2089 2090/2090/2090 2091/2091/2091
v -15245.000000000 -20122.432518000 -534.146341463
v -15245.000000000 -19822.432518000 -534.146341463
v -15210.000000000 -19822.432518000 -534.146341463
vt 0.000000000 0.000000000
vt 3.000000000 0.000000000
vt 3.000000000 0.350000000
vn 0.000000000000 0.000000000000 -1.000000000000
vn 0.000000000000 0.000000000000 -1.000000000000
vn 0.000000000000 0.000000000000 -1.000000000000
f 2092/2092/2092 2093/2093/2093 2094/2094/2094
v -15245.000000000 -19822.432518000 -489.146341463
v -15210.000000000 -20122.432518000 -489.146341463
v -15210.000000000 -19822.432518000 -489.146341463
vt 0.000000000 0.000000000
vt 3.020347662 0.000000000
vt 0.040558245 0.347642099
vn -0.000000000000 0.000000000000 1.000000000000
vn -0.000000000000 0.000000000000 1.000000000000
vn -0.000000000000 0.000000000000 1.000000000000
f 2095/2095/2095 2096/2096/2096 2097/2097/2097
v -15245.000000000 -19822.432518000 -489.146341463
v -15245.000000000 -20122.432518000 -489.146341463
v -15210.000000000 -20122.432518000 -489.146341463
vt 0.000000000 0.000000000
vt 3.000000000 0.000000000
vt 3.000000000 0.350000000
vn 0.000000000000 0.000000000000 1.000000000000
vn 0.000000000000 0.000000000000 1.000000000000
vn 0.000000000000 0.000000000000 1.000000000000
f 2098/2098/2098 2099/2099/2099 2100/2100/2100
v -15245.000000000 -19822.432518000 -534.146341463
v -15210.000000000 -19822.432518000 -489.146341463
v -15210.000000000 -19822.432518000 -534.146341463
vt 0.000000000 0.000000000
vt 0.570087713 0.000000000
vt 0.214879215 0.276273276
vn 0.000000000000 1.000000000000 0.000000000000
vn 0.000000000000 1.000000000000 0.000000000000
vn 0.000000000000 1.000000000000 0.000000000000
f 2101/2101/2101 2102/2102/2102 2103/2103/2103
v -15245.000000000 -19822.432518000 -534.146341463
v -15245.000000000 -19822.432518000 -489.146341463
v -15210.000000000 -19822.432518000 -489.146341463
vt 0.000000000 0.000000000
vt 0.450000000 0.000000000
vt 0.450000000 0.350000000
vn 0.000000000000 1.000000000000 0.000000000000
vn 0.000000000000 1.000000000000 0.000000000000
vn 0.000000000000 1.000000000000 0.000000000000
f 2104/2104/2104 2105/2105/2105 2106/2106/2106
v -15210.000000000 -19822.432518000 -534.146341463
v -15210.000000000 -20122.432518000 -489.146341463
v -15210.000000000 -20122.432518000 -534.146341463
vt 0.000000000 0.000000000
vt 3.033562262 0.000000000
vt 2.966809059 0.445021359
vn 1.000000000000 0.000000000000 0.000000000000
vn 1.000000000000 0.000000000000 0.000000000000
vn 1.000000000000 0.000000000000 0.000000000000
f 2107/2107/2107 2108/2108/2108 2109/2109/2109
v -15210.000000000 -19822.432518000 -534.146341463
v -15210.000000000 -19822.432518000 -489.146341463
v -15210.000000000 -20122.432518000 -489.146341463
vt 0.000000000 0.000000000
vt 0.450000000 0.000000000
vt 0.450000000 3.000000000
vn 1.000000000000 0.000000000000 -0.000000000000
vn 1.000000000000 0.000000000000 -0.000000000000
vn 1.000000000000 0.000000000000 -0.000000000000
f 2110/2110/2110 2111/2111/2111 2112/2112/2112
v -15210.000000000 -20122.432518000 -534.146341463
v -15245.000000000 -20122.432518000 -489.146341463
v -15245.000000000 -20122.432518000 -534.146341463
vt 0.000000000 0.000000000
vt 0.570087713 0.000000000
vt 0.214879215 0.276273276
vn 0.000000000000 -1.000000000000 0.000000000000
vn 0.000000000000 -1.000000000000 0.000000000000
vn 0.000000000000 -1.000000000000 0.000000000000
f 2113/2113/2113 2114/2114/2114 2115/2115/2115
v -15210.000000000 -20122.432518000 -534.146341463
v -15210.000000000 -20122.432518000 -489.146341463
v -15245.000000000 -20122.432518000 -489.146341463
vt 0.000000000 0.000000000
vt 0.450000000 0.000000000
vt 0.450000000 0.350000000
vn 0.000000000000 -1.000000000000 0.000000000000
vn 0.000000000000 -1.000000000000 0.000000000000
vn 0.000000000000 -1.000000000000 0.000000000000
f 2116/2116/2116 2117/2117/2117 2118/2118/2118
v -15245.000000000 -20122.432518000 -534.146341463
v -15245.000000000 -19822.432518000 -489.146341463
v -15245.000000000 -19822.432518000 -534.146341463
vt 0.000000000 0.000000000
vt 3.033562262 0.000000000
vt 2.966809059 0.445021359
vn -1.000000000000 0.000000000000 0.000000000000
vn -1.000000000000 0.000000000000 0.000000000000
vn -1.000000000000 0.000000000000 0.000000000000
f 2119/2119/2119 2120/2120/2120 2121/2121/2121
v -15245.000000000 -20122.432518000 -534.146341463
v -15245.000000000 -20122.432518000 -489.146341463
v -15245.000000000 -19822.432518000 -489.146341463
vt 0.000000000 0.000000000
vt 0.450000000 0.000000000
vt 0.450000000 3.000000000
vn -1.000000000000 0.000000000000 0.000000000000
vn -1.000000000000 0.000000000000 0.000000000000
vn -1.000000000000 0.000000000000 0.000000000000
f 2122/2122/2122 2123/2123/2123 2124/2124/2124
v -15210.000000000 -20122.432518000 -516.676829268
v -15175.000000000 -19822.432518000 -516.676829268
v -15175.000000000 -20122.432518000 -516.676829268
vt 0.000000000 0.000000000
vt 3.020347662 0.000000000
vt 0.040558245 0.347642099
vn 0.000000000000 0.000000000000 -1.000000000000
vn 0.000000000000 0.000000000000 -1.000000000000
vn 0.000000000000 0.000000000000 -1.000000000000
f 2125/2125/2125 2126/2126/2126 2127/2127/2127
v -15210.000000000 -20122.432518000 -516.676829268
v -15210.000000000 -19822.432518000 -516.676829268
v -15175.000000000 -19822.432518000 -516.676829268
vt 0.000000000 0.000000000
vt 3.000000000 0.000000000
vt 3.000000000 0.350000000
vn 0.000000000000 0.000000000000 -1.000000000000
vn 0.000000000000 0.000000000000 -1.000000000000
vn 0.000000000000 0.000000000000 -1.000000000000
f 2128/2128/2128 2129/2129/2129 2130/2130/2130
v -15210.000000000 -19822.432518000 -471.676829268
v -15175.000000000 -20122.432518000 -471.676829268
v -15175.000000000 -19822.432518000 -471.676829268
vt 0.000000000 0.000000000
vt 3.020347662 0.000000000
vt 0.040558245 0.347642099
vn -0.000000000000 0.000000000000 1.000000000000
vn -0.000000000000 0.000000000000 1.000000000000
vn -0.000000000000 0.000000000000 1.000000000000
f 2131/2131/2131 2132/2132/2132 2133/2133/2133
v -15210.000000000 -19822.432518000 -471.676829268
v -15210.000000000 -20122.432518000 -471.676829268
v -15175.000000000 -20122.432518000 -471.676829268
vt 0.000000000 0.000000000
vt 3.000000000 0.000000000
vt 3.000000000 0.350000000
vn 0.000000000000 0.000000000000 1.000000000000
vn 0.000000000000 0.000000000000 1.000000000000
vn 0.000000000000 0.000000000000 1.000000000000
f 2134/2134/2134 2135/2135/2135 2136/2136/2136
v -15210.000000000 -19822.432518000 -516.676829268
v -15175.000000000 -19822.432518000 -471.676829268
v -15175.000000000 -19822.432518000 -516.676829268
vt 0.000000000 0.000000000
vt 0.570087713 0.000000000
vt 0.214879215 0.276273276
vn 0.000000000000 1.000000000000 0.000000000000
vn 0.000000000000 1.000000000000 0.000000000000
vn 0.000000000000 1.000000000000 0.000000000000
f 2137/2137/2137 2138/2138/2138 2139/2139/2139
v -15210.000000000 -19822.432518000 -516.676829268
v -15210.000000000 -19822.432518000 -471.676829268
v -15175.000000000 -19822.432518000 -471.676829268
vt 0.000000000 0.000000000
vt 0.450000000 0.000000000
vt 0.450000000 0.350000000
vn 0.000000000000 1.000000000000 0.000000000000
vn 0.000000000000 1.000000000000 0.000000000000
vn 0.000000000000 1.000000000000 0.000000000000
f 2140/2140/2140 2141/2141/2141 2142/2142/2142
v -15175.000000000 -19822.432518000 -516.676829268
v -15175.000000000 -20122.432518000 -471.676829268
v -15175.000000000 -20122.432518000 -516.676829268
vt 0.000000000 0.000000000
vt 3.033562262 0.000000000
vt 2.966809059 0.445021359
vn 1.000000000000 0.000000000000 0.000000000000
vn 1.000000000000 0.000000000000 0.000000000000
vn 1.000000000000 0.000000000000 0.000000000000
f 2143/2143/2143 2144/2144/2144 2145/2145/2145
v -15175.000000000 -19822.432518000 -516.676829268
v -15175.000000000 -19822.432518000 -471.676829268
v -15175.000000000 -20122.432518000 -471.676829268
vt 0.000000000 0.000000000
vt 0.450000000 0.000000000
vt 0.450000000 3.000000000
vn 1.000000000000 0.000000000000 -0.000000000000
vn 1.000000000000 0.000000000000 -0.000000000000
vn 1.000000000000 0.000000000000 -0.000000000000
f 2146/2146/2146 2147/2147/2147 2148/2148/2148
v -15175.000000000 -20122.432518000 -516.676829268
v -15210.000000000 -20122.432518000 -471.676829268
v -15210.000000000 -20122.432518000 -516.676829268
vt 0.000000000 0.000000000
vt 0.570087713 0.000000000
vt 0.214879215 0.276273276
vn 0.000000000000 -1.000000000000 0.000000000000
vn 0.000000000000 -1.000000000000 0.000000000000
vn 0.000000000000 -1.000000000000 0.000000000000
f 2149/2149/2149 2150/2150/2150 2151/2151/2151
v -15175.000000000 -20122.432518000 -516.676829268
v -15175.000000000 -20122.432518000 -471.676829268
v -15210.000000000 -20122.432518000 -471.676829268
vt 0.000000000 0.000000000
vt 0.450000000 0.000000000
vt 0.450000000 0.350000000
vn 0.000000000000 -1.000000000000 0.000000000000
vn 0.000000000000 -1.000000000000 0.000000000000
vn 0.000000000000 -1.000000000000 0.000000000000
f 2152/2152/2152 2153/2153/2153 2154/2154/2154
v -15210.000000000 -20122.432518000 -516.676829268
v -15210.000000000 -19822.432518000 -471.676829268
v -15210.000000000 -19822.432518000 -516.676829268
vt 0.000000000 0.000000000
vt 3.033562262 0.000000000
vt 2.966809059 0.445021359
vn -1.000000000000 0.000000000000 0.000000000000
vn -1.000000000000 0.000000000000 0.000000000000
vn -1.000000000000 0.000000000000 0.000000000000
f 2155/2155/2155 2156/2156/2156 2157/2157/2157
v -15210.000000000 -20122.432518000 -516.676829268
v -15210.000000000 -20122.432518000 -471.676829268
v -15210.000000000 -19822.432518000 -471.676829268
vt 0.000000000 0.000000000
vt 0.450000000 0.000000000
vt 0.450000000 3.000000000
vn -1.000000000000 0.000000000000 0.000000000000
vn -1.000000000000 0.000000000000 0.000000000000
vn -1.000000000000 0.000000000000 0.000000000000
f 2158/2158/2158 2159/2159/2159 2160/2160/2160
v -15175.000000000 -20122.432518000 -499.207317073
v -15140.000000000 -19822.432518000 -499.207317073
v -15140.000000000 -20122.432518000 -499.207317073
vt 0.000000000 0.000000000
vt 3.020347662 0.000000000
vt 0.040558245 0.347642099
vn 0.000000000000 0.000000000000 -1.000000000000
vn 0.000000000000 0.000000000000 -1.000000000000
vn 0.000000000000 0.000000000000 -1.000000000000
f 2161/2161/2161 2162/2162/2162 2163/2163/2163
v -15175.000000000 -20122.432518000 -499.207317073
v -15175.000000000 -19822.432518000 -499.207317073
v -15140.000000000 -19822.432518000 -499.207317073
vt 0.000000000 0.000000000
vt 3.000000000 0.000000000
vt 3.000000000 0.350000000
vn 0.000000000000 0.000000000000 -1.000000000000
vn 0.000000000000 0.000000000000 -1.000000000000
vn 0.000000000000 0.000000000000 -1.000000000000
f 2164/2164/2164 2165/2165/2165 2166/2166/2166
v -15175.000000000 -19822.432518000 -454.207317073
v -15140.000000000 -20122.432518000 -454.207317073
v -15140.000000000 -19822.432518000 -454.207317073
vt 0.000000000 0.000000000
vt 3.020347662 0.000000000
vt 0.040558245 0.347642099
vn -0.000000000000 0.000000000000 1.000000000000
vn -0.000000000000 0.000000000000 1.000000000000
vn -0.000000000000 0.000000000000 1.000000000000
f 2167/2167/2167 2168/2168/2168 2169/2169/2169
v -15175.000000000 -19822.432518000 -454.207317073
v -15175.000000000 -20122.432518000 -454.207317073
v -15140.000000000 -20122.432518000 -454.207317073
vt 0.000000000 0.000000000
vt 3.000000000 0.000000000
vt 3.000000000 0.350000000
vn 0.000000000000 0.000000000000 1.000000000000
vn 0.000000000000 0.000000000000 1.000000000000
vn 0.000000000000 0.000000000000 1.000000000000
f 2170/2170/2170 2171/2171/2171 2172/2172/2172
v -15175.000000000 -19822.432518000 -499.207317073
v -15140.000000000 -19822.432518000 -454.207317073
v -15140.000000000 -19822.432518000 -499.207317073
vt 0.000000000 0.000000000
vt 0.570087713 0.000000000
vt 0.214879215 0.276273276
vn 0.000000000000 1.000000000000 0.000000000000
vn 0.000000000000 1.000000000000 0.000000000000
vn 0.000000000000 1.000000000000 0.000000000000
f 2173/2173/2173 2174/2174/2174 2175/2175/2175
v -15175.000000000 -19822.432518000 -499.207317073
v -15175.000000000 -19822.432518000 -454.207317073
v -15140.000000000 -19822.432518000 -454.207317073
vt 0.000000000 0.000000000
vt 0.450000000 0.000000000
vt 0.450000000 0.350000000
vn 0.000000000000 1.000000000000 0.000000000000
vn 0.000000000000 1.000000000000 0.000000000000
vn 0.000000000000 1.000000000000 0.000000000000
f 2176/2176/2176 2177/2177/2177 2178/2178/2178
v -15140.000000000 -19822.432518000 -499.207317073
v -15140.000000000 -20122.432518000 -454.207317073
v -15140.000000000 -20122.432518000 -499.207317073
vt 0.000000000 0.000000000
vt 3.033562262 0.000000000
vt 2.966809059 0.445021359
vn 1.000000000000 0.000000000000 0.000000000000
vn 1.000000000000 0.000000000000 0.000000000000
vn 1.000000000000 0.000000000000 0.000000000000
f 2179/2179/2179 2180/2180/2180 2181/2181/2181
v -15140.000000000 -19822.432518000 -499.207317073
v -15140.000000000 -19822.432518000 -454.207317073
v -15140.000000000 -20122.432518000 -454.207317073
vt 0.000000000 0.000000000
vt 0.450000000 0.000000000
vt 0.450000000 3.000000000
vn 1.000000000000 0.000000000000 -0.000000000000
vn 1.000000000000 0.000000000000 -0.000000000000
vn 1.000000000000 0.000000000000 -0.000000000000
f 2182/2182/2182 2183/2183/2183 2184/2184/2184
v -15140.000000000 -20122.432518000 -499.207317073
v -15175.000000000 -20122.432518000 -454.207317073
v -15175.000000000 -20122.432518000 -499.207317073
vt 0.000000000 0.000000000
vt 0.570087713 0.000000000
vt 0.214879215 0.276273276
vn 0.000000000000 -1.000000000000 0.000000000000
vn 0.000000000000 -1.000000000000 0.000000000000
vn 0.000000000000 -1.000000000000 0.000000000000
f 2185/2185/2185 2186/2186/2186 2187/2187/2187
v -15140.000000000 -20122.432518000 -499.207317073
v -15140.000000000 -20122.432518000 -454.207317073
v -15175.000000000 -20122.432518000 -454.207317073
vt 0.000000000 0.000000000
vt 0.450000000 0.000000000
vt 0.450000000 0.350000000
vn 0.000000000000 -1.000000000000 0.000000000000
vn 0.000000000000 -1.000000000000 0.000000000000
vn 0.000000000000 -1.000000000000 0.000000000000
f 2188/2188/2188 2189/2189/2189 2190/2190/2190
v -15175.000000000 -20122.432518000 -499.207317073
v -15175.000000000 -19822.432518000 -454.207317073
v -15175.000000000 -19822.432518000 -499.207317073
vt 0.000000000 0.000000000
vt 3.033562262 0.000000000
vt 2.966809059 0.445021359
vn -1.000000000000 0.000000000000 0.000000000000
vn -1.000000000000 0.000000000000 0.000000000000
vn -1.000000000000 0.000000000000 0.000000000000
f 2191/2191/2191 2192/2192/2192 2193/2193/2193
v -15175.000000000 -20122.432518000 -499.207317073
v -15175.000000000 -20122.432518000 -454.207317073
v -15175.000000000 -19822.432518000 -454.207317073
vt 0.000000000 0.000000000
vt 0.450000000 0.000000000
vt 0.450000000 3.000000000
vn -1.000000000000 0.000000000000 0.000000000000
vn -1.000000000000 0.000000000000 0.000000000000
vn -1.000000000000 0.000000000000 0.000000000000
f 2194/2194/2194 2195/2195/2195 2196/2196/2196
v -15140.000000000 -20122.432518000 -481.737804878
v -15105.000000000 -19822.432518000 -481.737804878
v -15105.000000000 -20122.432518000 -481.737804878
vt 0.000000000 0.000000000
vt 3.020347662 0.000000000
vt 0.040558245 0.347642099
vn 0.000000000000 0.000000000000 -1.000000000000
vn 0.000000000000 0.000000000000 -1.000000000000
vn 0.000000000000 0.000000000000 -1.000000000000
f 2197/2197/2197 2198/2198/2198 2199/2199/2199
v -15140.000000000 -20122.432518000 -481.737804878
v -15140.000000000 -19822.432518000 -481.737804878
v -15105.000000000 -19822.432518000 -481.737804878
vt 0.000000000 0.000000000
vt 3.000000000 0.000000000
vt 3.000000000 0.350000000
vn 0.000000000000 0.000000000000 -1.000000000000
vn 0.000000000000 0.000000000000 -1.000000000000
vn 0.000000000000 0.000000000000 -1.000000000000
f 2200/2200/2200 2201/2201/2201 2202/2202/2202
v -15140.000000000 -19822.432518000 -436.737804878
v -15105.000000000 -20122.432518000 -436.737804878
v -15105.000000000 -19822.432518000 -436.737804878
vt 0.000000000 0.000000000
vt 3.020347662 0.000000000
vt 0.040558245 0.347642099
vn -0.000000000000 0.000000000000 1.000000000000
vn -0.000000000000 0.000000000000 1.000000000000
vn -0.000000000000 0.000000000000 1.000000000000
f 2203/2203/2203 2204/2204/2204 2205/2205/2205
v -15140.000000000 -19822.432518000 -436.737804878
v -15140.000000000 -20122.432518000 -436.737804878
v -15105.000000000 -20122.432518000 -436.737804878
vt 0.000000000 0.000000000
vt 3.000000000 0.000000000
vt 3.000000000 0.350000000
vn 0.000000000000 0.000000000000 1.000000000000
vn 0.000000000000 0.000000000000 1.000000000000
vn 0.000000000000 0.000000000000 1.000000000000
f 2206/2206/2206 2207/2207/2207 2208/2208/2208
v -15140.000000000 -19822.432518000 -481.737804878
v -15105.000000000 -19822.432518000 -436.737804878
v -15105.000000000 -19822.432518000 -481.737804878
vt 0.000000000 0.000000000
vt 0.570087713 0.000000000
vt 0.214879215 0.276273276
vn 0.000000000000 1.000000000000 0.000000000000
vn 0.000000000000 1.000000000000 0.000000000000
vn 0.000000000000 1.000000000000 0.000000000000
f 2209/2209/2209 2210/2210/2210 2211/2211/2211
v -15140.000000000 -19822.432518000 -481.737804878
v -15140.000000000 -19822.432518000 -436.737804878
v -15105.000000000 -19822.432518000 -436.737804878
vt 0.000000000 0.000000000
vt 0.450000000 0.000000000
vt 0.450000000 0.350000000
vn 0.000000000000 1.000000000000 0.000000000000
vn 0.000000000000 1.000000000000 0.000000000000
vn 0.000000000000 1.000000000000 0.000000000000
f 2212/2212/2212 2213/2213/2213 2214/2214/2214
v -15105.000000000 -19822.432518000 -481.737804878
v -15105.000000000 -20122.432518000 -436.737804878
v -15105.000000000 -20122.432518000 -481.737804878
vt 0.000000000 0.000000000
vt 3.033562262 0.000000000
vt 2.966809059 0.445021359
vn 1.000000000000 0.000000000000 0.000000000000
vn 1.000000000000 0.000000000000 0.000000000000
vn 1.000000000000 0.000000000000 0.000000000000
f 2215/2215/2215 2216/2216/2216 2217/2217/2217
v -15105.000000000 -19822.432518000 -481.737804878
v -15105.000000000 -19822.432518000 -436.737804878
v -15105.000000000 -20122.432518000 -436.737804878
vt 0.000000000 0.000000000
vt 0.450000000 0.000000000
vt 0.450000000 3.000000000
vn 1.000000000000 0.000000000000 -0.000000000000
vn 1.000000000000 0.000000000000 -0.000000000000
vn 1.000000000000 0.000000000000 -0.000000000000
f 2218/2218/2218 2219/2219/2219 2220/2220/2220
v -15105.000000000 -20122.432518000 -481.737804878
v -15140.000000000 -20122.432518000 -436.737804878
v -15140.000000000 -20122.432518000 -481.737804878
vt 0.000000000 0.000000000
vt 0.570087713 0.000000000
vt 0.214879215 0.276273276
vn 0.000000000000 -1.000000000000 0.000000000000
vn 0.000000000000 -1.000000000000 0.000000000000
vn 0.000000000000 -1.000000000000 0.000000000000
f 2221/2221/2221 2222/2222/2222 2223/2223/2223
v -15105.000000000 -20122.432518000 -481.737804878
v -15105.000000000 -20122.432518000 -436.737804878
v -15140.000000000 -20122.432518000 -436.737804878
vt 0.000000000 0.000000000
vt 0.450000000 0.000000000
vt 0.450000000 0.350000000
vn 0.000000000000 -1.000000000000 0.000000000000
vn 0.000000000000 -1.000000000000 0.000000000000
vn 0.000000000000 -1.000000000000 0.000000000000
f 2224/2224/2224 2225/2225/2225 2226/2226/2226
v -15140.000000000 -20122.432518000 -481.737804878
v -15140.000000000 -19822.432518000 -436.737804878
v -15140.000000000 -19822.432518000 -481.737804878
vt 0.000000000 0.000000000
vt 3.033562262 0.000000000
vt 2.966809059 0.445021359
vn -1.000000000000 0.000000000000 0.000000000000
vn -1.000000000000 0.000000000000 0.000000000000
vn -1.000000000000 0.000000000000 0.000000000000
f 2227/2227/2227 2228/2228/2228 2229/2229/2229
v -15140.000000000 -20122.432518000 -481.737804878
v -15140.000000000 -20122.432518000 -436.737804878
v -15140.000000000 -19822.432518000 -436.737804878
vt 0.000000000 0.000000000
vt 0.450000000 0.000000000
vt 0.450000000 3.000000000
vn -1.000000000000 0.000000000000 0.000000000000
vn -1.000000000000 0.000000000000 0.000000000000
vn -1.000000000000 0.000000000000 0.000000000000
f 2230/2230/2230 2231/2231/2231 2232/2232/2232
v -15105.000000000 -20122.432518000 -464.268292683
v -15070.000000000 -19822.432518000 -464.268292683
v -15070.000000000 -20122.432518000 -464.268292683
vt 0.000000000 0.000000000
vt 3.020347662 0.000000000
vt 0.040558245 0.347642099
vn 0.000000000000 0.000000000000 -1.000000000000
vn 0.000000000000 0.000000000000 -1.000000000000
vn 0.000000000000 0.000000000000 -1.000000000000
f 2233/2233/2233 2234/2234/2234 2235/2235/2235
v -15105.000000000 -20122.432518000 -464.268292683
v -15105.000000000 -19822.432518000 -464.268292683
v -15070.000000000 -19822.432518000 -464.268292683
vt 0.000000000 0.000000000
vt 3.000000000 0.000000000
vt 3.000000000 0.350000000
vn 0.000000000000 0.000000000000 -1.000000000000
vn 0.000000000000 0.000000000000 -1.000000000000
vn 0.000000000000 0.000000000000 -1.000000000000
f 2236/2236/2236 2237/2237/2237 2238/2238/2238
v -15105.000000000 -19822.432518000 -419.268292683
v -15070.000000000 -20122.432518000 -419.268292683
v -15070.000000000 -19822.432518000 -419.268292683
vt 0.000000000 0.000000000
vt 3.020347662 0.000000000
vt 0.040558245 0.347642099
vn -0.000000000000 0.000000000000 1.000000000000
vn -0.000000000000 0.000000000000 1.000000000000
vn -0.000000000000 0.000000000000 1.000000000000
f 2239/2239/2239 2240/2240/2240 2241/2241/2241
v -15105.000000000 -19822.432518000 -419.268292683
v -15105.000000000 -20122.432518000 -419.268292683
v -15070.000000000 -20122.432518000 -419.268292683
vt 0.000000000 0.000000000
vt 3.000000000 0.000000000
vt 3.000000000 0.350000000
vn 0.000000000000 0.000000000000 1.000000000000
vn 0.000000000000 0.000000000000 1.000000000000
vn 0.000000000000 0.000000000000 1.000000000000
f 2242/2242/2242 2243/2243/2243 2244/2244/2244
v -15105.000000000 -19822.432518000 -464.268292683
v -15070.000000000 -19822.432518000 -419.268292683
v -15070.000000000 -19822.432518000 -464.268292683
vt 0.000000000 0.000000000
vt 0.570087713 0.000000000
vt 0.214879215 0.276273276
vn 0.000000000000 1.000000000000 0.000000000000
vn 0.000000000000 1.000000000000 0.000000000000
vn 0.000000000000 1.000000000000 0.000000000000
f 2245/2245/2245 2246/2246/2246 2247/2247/2247
v -15105.000000000 -19822.432518000 -464.268292683
v -15105.000000000 -19822.432518000 -419.268292683
v -15070.000000000 -19822.432518000 -419.268292683
vt 0.000000000 0.000000000
vt 0.450000000 0.000000000
vt 0.450000000 0.350000000
vn 0.000000000000 1.000000000000 0.000000000000
vn 0.000000000000 1.000000000000 0.000000000000
vn 0.000000000000 1.000000000000 0.000000000000
f 2248/2248/2248 2249/2249/2249 2250/2250/2250
v -15070.000000000 -19822.432518000 -464.268292683
v -15070.000000000 -20122.432518000 -419.268292683
v -15070.000000000 -20122.432518000 -464.268292683
vt 0.000000000 0.000000000
vt 3.033562262 0.000000000
vt 2.966809059 0.445021359
vn 1.000000000000 0.000000000000 0.000000000000
vn 1.000000000000 0.000000000000 0.000000000000
vn 1.000000000000 0.000000000000 0.000000000000
f 2251/2251/2251 2252/2252/2252 2253/2253/2253
v -15070.000000000 -19822.432518000 -464.268292683
v -15070.000000000 -19822.432518000 -419.268292683
v -15070.000000000 -20122.432518000 -419.268292683
vt 0.000000000 0.000000000
vt 0.450000000 0.000000000
vt 0.450000000 3.000000000
vn 1.000000000000 0.000000000000 -0.000000000000
vn 1.000000000000 0.000000000000 -0.000000000000
vn 1.000000000000 0.000000000000 -0.000000000000
f 2254/2254/2254 2255/2255/2255 2256/2256/2256
v -15070.000000000 -20122.432518000 -464.268292683
v -15105.000000000 -20122.432518000 -419.268292683
v -15105.000000000 -20122.432518000 -464.268292683
vt 0.000000000 0.000000000
vt 0.570087713 0.000000000
vt 0.214879215 0.276273276
vn 0.000000000000 -1.000000000000 0.000000000000
vn 0.000000000000 -1.000000000000 0.000000000000
vn 0.000000000000 -1.000000000000 0.000000000000
f 2257/2257/2257 2258/2258/2258 2259/2259/2259
v -15070.000000000 -20122.432518000 -464.268292683
v -15070.000000000 -20122.432518000 -419.268292683
v -15105.000000000 -20122.432518000 -419.268292683
vt 0.000000000 0.000000000
vt 0.450000000 0.000000000
vt 0.450000000 0.350000000
vn 0.000000000000 -1.000000000000 0.000000000000
vn 0.000000000000 -1.000000000000 0.000000000000
vn 0.000000000000 -1.000000000000 0.000000000000
f 2260/2260/2260 2261/2261/2261 2262/2262/2262
v -15105.000000000 -20122.432518000 -464.268292683
v -15105.000000000 -19822.432518000 -419.268292683
v -15105.000000000 -19822.432518000 -464.268292683
vt 0.000000000 0.000000000
vt 3.033562262 0.000000000
vt 2.966809059 0.445021359
vn -1.000000000000 0.000000000000 0.000000000000
vn -1.000000000000 0.000000000000 0.000000000000
vn -1.000000000000 0.000000000000 0.000000000000
f 2263/2263/2263 2264/2264/2264 2265/2265/2265
v -15105.000000000 -20122.432518000 -464.268292683
v -15105.000000000 -20122.432518000 -419.268292683
v -15105.000000000 -19822.432518000 -419.268292683
vt 0.000000000 0.000000000
vt 0.450000000 0.000000000
vt 0.450000000 3.000000000
vn -1.000000000000 0.000000000000 0.000000000000
vn -1.000000000000 0.000000000000 0.000000000000
vn -1.000000000000 0.000000000000 0.000000000000
f 2266/2266/2266 2267/2267/2267 2268/2268/2268
v -15070.000000000 -20122.432518000 -446.798780488
v -15035.000000000 -19822.432518000 -446.798780488
v -15035.000000000 -20122.432518000 -446.798780488
vt 0.000000000 0.000000000
vt 3.020347662 0.000000000
vt 0.040558245 0.347642099
vn 0.000000000000 0.000000000000 -1.000000000000
vn 0.000000000000 0.000000000000 -1.000000000000
vn 0.000000000000 0.000000000000 -1.000000000000
f 2269/2269/2269 2270/2270/2270 2271/2271/2271
v -15070.000000000 -20122.432518000 -446.798780488
v -15070.000000000 -19822.432518000 -446.798780488
v -15035.000000000 -19822.432518000 -446.798780488
vt 0.000000000 0.000000000
vt 3.000000000 0.000000000
vt 3.000000000 0.350000000
vn 0.000000000000 0.000000000000 -1.000000000000
vn 0.000000000000 0.000000000000 -1.000000000000
vn 0.000000000000 0.000000000000 -1.000000000000
f 2272/2272/2272 2273/2273/2273 2274/2274/2274
v -15070.000000000 -19822.432518000 -401.798780488
v -15035.000000000 -20122.432518000 -401.798780488
v -15035.000000000 -19822.432518000 -401.798780488
vt 0.000000000 0.000000000
vt 3.020347662 0.000000000
vt 0.040558245 0.347642099
vn -0.000000000000 0.000000000000 1.000000000000
vn -0.000000000000 0.000000000000 1.000000000000
vn -0.000000000000 0.000000000000 1.000000000000
f 2275/2275/2275 2276/2276/2276 2277/2277/2277
v -15070.000000000 -19822.432518000 -401.798780488
v -15070.000000000 -20122.432518000 -401.798780488
v -15035.000000000 -20122.432518000 -401.798780488
vt 0.000000000 0.000000000
vt 3.000000000 0.000000000
vt 3.000000000 0.350000000
vn 0.000000000000 0.000000000000 1.000000000000
vn 0.000000000000 0.000000000000 1.000000000000
vn 0.000000000000 0.000000000000 1.000000000000
f 2278/2278/2278 2279/2279/2279 2280/2280/2280
v -15070.000000000 -19822.432518000 -446.798780488
v -15035.000000000 -19822.432518000 -401.798780488
v -15035.000000000 -19822.432518000 -446.798780488
vt 0.000000000 0.000000000
vt 0.570087713 0.000000000
vt 0.214879215 0.276273276
vn 0.000000000000 1.000000000000 0.000000000000
vn 0.000000000000 1.000000000000 0.000000000000
vn 0.000000000000 1.000000000000 0.000000000000
f 2281/2281/2281 2282/2282/2282 2283/2283/2283
v -15070.000000000 -19822.432518000 -446.798780488
v -15070.000000000 -19822.432518000 -401.798780488
v -15035.000000000 -19822.432518000 -401.798780488
vt 0.000000000 0.000000000
vt 0.450000000 0.000000000
vt 0.450000000 0.350000000
vn 0.000000000000 1.000000000000 0.000000000000
vn 0.000000000000 1.000000000000 0.000000000000
vn 0.000000000000 1.000000000000 0.000000000000
f 2284/2284/2284 2285/2285/2285 2286/2286/2286
v -15035.000000000 -19822.432518000 -446.798780488
v -15035.000000000 -20122.432518000 -401.798780488
v -15035.000000000 -20122.432518000 -446.798780488
vt 0.000000000 0.000000000
vt 3.033562262 0.000000000
vt 2.966809059 0.445021359
vn 1.000000000000 0.000000000000 0.000000000000
vn 1.000000000000 0.000000000000 0.000000000000
vn 1.000000000000 0.000000000000 0.000000000000
f 2287/2287/2287 2288/2288/2288 2289/2289/2289
v -15035.000000000 -19822.432518000 -446.798780488
v -15035.000000000 -19822.432518000 -401.798780488
v -15035.000000000 -20122.432518000 -401.798780488
vt 0.000000000 0.000000000
vt 0.450000000 0.000000000
vt 0.450000000 3.000000000
vn 1.000000000000 0.000000000000 -0.000000000000
vn 1.000000000000 0.000000000000 -0.000000000000
vn 1.000000000000 0.000000000000 -0.000000000000
f 2290/2290/2290 2291/2291/2291 2292/2292/2292
v -15035.000000000 -20122.432518000 -446.798780488
v -15070.000000000 -20122.432518000 -401.798780488
v -15070.000000000 -20122.432518000 -446.798780488
vt 0.000000000 0.000000000
vt 0.570087713 0.000000000
vt 0.214879215 0.276273276
vn 0.000000000000 -1.000000000000 0.000000000000
vn 0.000000000000 -1.000000000000 0.000000000000
vn 0.000000000000 -1.000000000000 0.000000000000
f 2293/2293/2293 2294/2294/2294 2295/2295/2295
v -15035.000000000 -20122.432518000 -446.798780488
v -15035.000000000 -20122.432518000 -401.798780488
v -15070.000000000 -20122.432518000 -401.798780488
vt 0.000000000 0.000000000
vt 0.450000000 0.000000000
vt 0.450000000 0.350000000
vn 0.000000000000 -1.000000000000 0.000000000000
vn 0.000000000000 -1.000000000000 0.000000000000
vn 0.000000000000 -1.000000000000 0.000000000000
f 2296/2296/2296 2297/2297/2297 2298/2298/2298
v -15070.000000000 -20122.432518000 -446.798780488
v -15070.000000000 -19822.432518000 -401.798780488
v -15070.000000000 -19822.432518000 -446.798780488
vt 0.000000000 0.000000000
vt 3.033562262 0.000000000
vt 2.966809059 0.445021359
vn -1.000000000000 0.000000000000 0.000000000000
vn -1.000000000000 0.000000000000 0.000000000000
vn -1.000000000000 0.000000000000 0.000000000000
f 2299/2299/2299 2300/2300/2300 2301/2301/2301
v -15070.000000000 -20122.432518000 -446.798780488
v -15070.000000000 -20122.432518000 -401.798780488
v -15070.000000000 -19822.432518000 -401.798780488
vt 0.000000000 0.000000000
vt 0.450000000 0.000000000
vt 0.450000000 3.000000000
vn -1.000000000000 0.000000000000 0.000000000000
vn -1.000000000000 0.000000000000 0.000000000000
vn -1.000000000000 0.000000000000 0.000000000000
f 2302/2302/2302 2303/2303/2303 2304/2304/2304
v -15035.000000000 -20122.432518000 -429.329268293
v -15000.000000000 -19822.432518000 -429.329268293
v -15000.000000000 -20122.432518000 -429.329268293
vt 0.000000000 0.000000000
vt 3.020347662 0.000000000
vt 0.040558245 0.347642099
vn 0.000000000000 0.000000000000 -1.000000000000
vn 0.000000000000 0.000000000000 -1.000000000000
vn 0.000000000000 0.000000000000 -1.000000000000
f 2305/2305/2305 2306/2306/2306 2307/2307/2307
v -15035.000000000 -20122.432518000 -429.329268293
v -15035.000000000 -19822.432518000 -429.329268293
v -15000.000000000 -19822.432518000 -429.329268293
vt 0.000000000 0.000000000
vt 3.000000000 0.000000000
vt 3.000000000 0.350000000
vn 0.000000000000 0.000000000000 -1.000000000000
vn 0.000000000000 0.000000000000 -1.000000000000
vn 0.000000000000 0.000000000000 -1.000000000000
f 2308/2308/2308 2309/2309/2309 2310/2310/2310
v -15035.000000000 -19822.432518000 -384.329268293
v -15000.000000000 -20122.432518000 -384.329268293
v -15000.000000000 -19822.432518000 -384.329268293
vt 0.000000000 0.000000000
vt 3.020347662 0.000000000
vt 0.040558245 0.347642099
vn -0.000000000000 0.000000000000 1.000000000000
vn -0.000000000000 0.000000000000 1.000000000000
vn -0.000000000000 0.000000000000 1.000000000000
f 2311/2311/2311 2312/2312/2312 2313/2313/2313
v -15035.000000000 -19822.432518000 -384.329268293
v -15035.000000000 -20122.432518000 -384.329268293
v -15000.000000000 -20122.432518000 -384.329268293
vt 0.000000000 0.000000000
vt 3.000000000 0.000000000
vt 3.000000000 0.350000000
vn 0.000000000000 0.000000000000 1.000000000000
vn 0.000000000000 0.000000000000 1.000000000000
vn 0.000000000000 0.000000000000 1.000000000000
f 2314/2314/2314 2315/2315/2315 2316/2316/2316
v -15035.000000000 -19822.432518000 -429.329268293
v -15000.000000000 -19822.432518000 -384.329268293
v -15000.000000000 -19822.432518000 -429.329268293
vt 0.000000000 0.000000000
vt 0.570087713 0.000000000
vt 0.214879215 0.276273276
vn 0.000000000000 1.000000000000 0.000000000000
vn 0.000000000000 1.000000000000 0.000000000000
vn 0.000000000000 1.000000000000 0.000000000000
f 2317/2317/2317 2318/2318/2318 2319/2319/2319
v -15035.000000000 -19822.432518000 -429.329268293
v -15035.000000000 -19822.432518000 -384.329268293
v -15000.000000000 -19822.432518000 -384.329268293
vt 0.000000000 0.000000000
vt 0.450000000 0.000000000
vt 0.450000000 0.350000000
vn 0.000000000000 1.000000000000 0.000000000000
vn 0.000000000000 1.000000000000 0.000000000000
vn 0.000000000000 1.000000000000 0.000000000000
f 2320/2320/2320 2321/2321/2321 2322/2322/2322
v -15000.000000000 -19822.432518000 -429.329268293
v -15000.000000000 -20122.432518000 -384.329268293
v -15000.000000000 -20122.432518000 -429.329268293
vt 0.000000000 0.000000000
vt 3.033562262 0.000000000
vt 2.966809059 0.445021359
vn 1.000000000000 0.000000000000 0.000000000000
vn 1.000000000000 0.000000000000 0.000000000000
vn 1.000000000000 0.000000000000 0.000000000000
f 2323/2323/2323 2324/2324/2324 2325/2325/2325
v -15000.000000000 -19822.432518000 -429.329268293
v -15000.000000000 -19822.432518000 -384.329268293
v -15000.000000000 -20122.432518000 -384.329268293
vt 0.000000000 0.000000000
vt 0.450000000 0.000000000
vt 0.450000000 3.000000000
vn 1.000000000000 0.000000000000 -0.000000000000
vn 1.000000000000 0.000000000000 -0.000000000000
vn 1.000000000000 0.000000000000 -0.000000000000
f 2326/2326/2326 2327/2327/2327 2328/2328/2328
v -15000.000000000 -20122.432518000 -429.329268293
v -15035.000000000 -20122.432518000 -384.329268293
v -15035.000000000 -20122.432518000 -429.329268293
vt 0.000000000 0.000000000
vt 0.570087713 0.000000000
vt 0.214879215 0.276273276
vn 0.000000000000 -1.000000000000 0.000000000000
vn 0.000000000000 -1.000000000000 0.000000000000
vn 0.000000000000 -1.000000000000 0.000000000000
f 2329/2329/2329 2330/2330/2330 2331/2331/2331
v -15000.000000000 -20122.432518000 -429.329268293
v -15000.000000000 -20122.432518000 -384.329268293
v -15035.000000000 -20122.432518000 -384.329268293
vt 0.000000000 0.000000000
vt 0.450000000 0.000000000
vt 0.450000000 0.350000000
vn 0.000000000000 -1.000000000000 0.000000000000
vn 0.000000000000 -1.000000000000 0.000000000000
vn 0.000000000000 -1.000000000000 0.000000000000
f 2332/2332/2332 2333/2333/2333 2334/2334/2334
v -15035.000000000 -20122.432518000 -429.329268293
v -15035.000000000 -19822.432518000 -384.329268293
v -15035.000000000 -19822.432518000 -429.329268293
vt 0.000000000 0.000000000
vt 3.033562262 0.000000000
vt 2.966809059 0.445021359
vn -1.000000000000 0.000000000000 0.000000000000
vn -1.000000000000 0.000000000000 0.000000000000
vn -1.000000000000 0.000000000000 0.000000000000
f 2335/2335/2335 2336/2336/2336 2337/2337/2337
v -15035.000000000 -20122.432518000 -429.329268293
v -15035.000000000 -20122.432518000 -384.329268293
v -15035.000000000 -19822.432518000 -384.329268293
vt 0.000000000 0.000000000
vt 0.450000000 0.000000000
vt 0.450000000 3.000000000
vn -1.000000000000 0.000000000000 0.000000000000
vn -1.000000000000 0.000000000000 0.000000000000
vn -1.000000000000 0.000000000000 0.000000000000
f 2338/2338/2338 2339/2339/2339 2340/2340/2340
v -15000.000000000 -20122.432518000 -429.329268293
v -14750.000000000 -19822.432518000 -429.329268293
v -14750.000000000 -20122.432518000 -429.329268293
vt 0.000000000 0.000000000
vt 3.905124838 0.000000000
vt 1.600460999 1.920553199
vn 0.000000000000 0.000000000000 -1.000000000000
vn 0.000000000000 0.000000000000 -1.000000000000
vn 0.000000000000 0.000000000000 -1.000000000000
f 2341/2341/2341 2342/2342/2342 2343/2343/2343
v -15000.000000000 -20122.432518000 -429.329268293
v -15000.000000000 -19822.432518000 -429.329268293
v -14750.000000000 -19822.432518000 -429.329268293
vt 0.000000000 0.000000000
vt 3.000000000 0.000000000
vt 3.000000000 2.500000000
vn 0.000000000000 0.000000000000 -1.000000000000
vn 0.000000000000 0.000000000000 -1.000000000000
vn 0.000000000000 0.000000000000 -1.000000000000
f 2344/2344/2344 2345/2345/2345 2346/2346/2346
v -15000.000000000 -19822.432518000 -384.329268293
v -14750.000000000 -20122.432518000 -384.329268293
v -14750.000000000 -19822.432518000 -384.329268293
vt 0.000000000 0.000000000
vt 3.905124838 0.000000000
vt 1.600460999 1.920553199
vn -0.000000000000 0.000000000000 1.000000000000
vn -0.000000000000 0.000000000000 1.000000000000
vn -0.000000000000 0.000000000000 1.000000000000
f 2347/2347/2347 2348/2348/2348 2349/2349/2349
v -15000.000000000 -19822.432518000 -384.329268293
v -15000.000000000 -20122.432518000 -384.329268293
v -14750.000000000 -20122.432518000 -384.329268293
vt 0.000000000 0.000000000
vt 3.000000000 0.000000000
vt 3.000000000 2.500000000
vn 0.000000000000 0.000000000000 1.000000000000
vn 0.000000000000 0.000000000000 1.000000000000
vn 0.000000000000 0.000000000000 1.000000000000
f 2350/2350/2350 2351/2351/2351 2352/2352/2352
v -15000.000000000 -19822.432518000 -429.329268293
v -14750.000000000 -19822.432518000 -384.329268293
v -14750.000000000 -19822.432518000 -429.329268293
vt 0.000000000 0.000000000
vt 2.540177159 0.000000000
vt 2.460458310 0.442882496
vn 0.000000000000 1.000000000000 0.000000000000
vn 0.000000000000 1.000000000000 0.000000000000
vn 0.000000000000 1.000000000000 0.000000000000
f 2353/2353/2353 2354/2354/2354 2355/2355/2355
v -15000.000000000 -19822.432518000 -429.329268293
v -15000.000000000 -19822.432518000 -384.329268293
v -14750.000000000 -19822.432518000 -384.329268293
vt 0.000000000 0.000000000
vt 0.450000000 0.000000000
vt 0.450000000 2.500000000
vn 0.000000000000 1.000000000000 0.000000000000
vn 0.000000000000 1.000000000000 0.000000000000
vn 0.000000000000 1.000000000000 0.000000000000
f 2356/2356/2356 2357/2357/2357 2358/2358/2358
v -14750.000000000 -19822.432518000 -429.329268293
v -14750.000000000 -20122.432518000 -384.329268293
v -14750.000000000 -20122.432518000 -429.329268293
vt 0.000000000 0.000000000
vt 3.033562262 0.000000000
vt 2.966809059 0.445021359
vn 1.000000000000 0.000000000000 0.000000000000
vn 1.000000000000 0.000000000000 0.000000000000
vn 1.000000000000 0.000000000000 0.000000000000
f 2359/2359/2359 2360/2360/2360 2361/2361/2361
v -14750.000000000 -19822.432518000 -429.329268293
v -14750.000000000 -19822.432518000 -384.329268293
v -14750.000000000 -20122.432518000 -384.329268293
vt 0.000000000 0.000000000
vt 0.450000000 0.000000000
vt 0.450000000 3.000000000
vn 1.000000000000 0.000000000000 -0.000000000000
vn 1.000000000000 0.000000000000 -0.000000000000
vn 1.000000000000 0.000000000000 -0.000000000000
f 2362/2362/2362 2363/2363/2363 2364/2364/2364
v -14750.000000000 -20122.432518000 -429.329268293
v -15000.000000000 -20122.432518000 -384.329268293
v -15000.000000000 -20122.432518000 -429.329268293
vt 0.000000000 0.000000000
vt 2.540177159 0.000000000
vt 2.460458310 0.442882496
vn 0.000000000000 -1.000000000000 0.000000000000
vn 0.000000000000 -1.000000000000 0.000000000000
vn 0.000000000000 -1.000000000000 0.000000000000
f 2365/2365/2365 2366/2366/2366 2367/2367/2367
v -14750.000000000 -20122.432518000 -429.329268293
v -14750.000000000 -20122.432518000 -384.329268293
v -15000.000000000 -20122.432518000 -384.329268293
vt 0.000000000 0.000000000
vt 0.450000000 0.000000000
vt 0.450000000 2.500000000
vn 0.000000000000 -1.000000000000 0.000000000000
vn 0.000000000000 -1.000000000000 0.000000000000
vn 0.000000000000 -1.000000000000 0.000000000000
f 2368/2368/2368 2369/2369/2369 2370/2370/2370
v -15000.000000000 -20122.432518000 -429.329268293
v -15000.000000000 -19822.432518000 -384.329268293
v -15000.000000000 -19822.432518000 -429.329268293
vt 0.000000000 0.000000000
vt 3.033562262 0.000000000
vt 2.966809059 0.445021359
vn -1.000000000000 0.000000000000 0.000000000000
vn -1.000000000000 0.000000000000 0.000000000000
vn -1.000000000000 0.000000000000 0.000000000000
f 2371/2371/2371 2372/2372/2372 2373/2373/2373
v -15000.000000000 -20122.432518000 -429.329268293
v -15000.000000000 -20122.432518000 -384.329268293
v -15000.000000000 -19822.432518000 -384.329268293
vt 0.000000000 0.000000000
vt 0.450000000 0.000000000
vt 0.450000000 3.000000000
vn -1.000000000000 0.000000000000 0.000000000000
vn -1.000000000000 0.000000000000 0.000000000000
vn -1.000000000000 0.000000000000 0.000000000000
f 2374/2374/2374 2375/2375/2375 2376/2376/2376
v -14750.000000000 -20122.432518000 -411.859756098
v -14715.000000000 -19822.432518000 -411.859756098
v -14715.000000000 -20122.432518000 -411.859756098
vt 0.000000000 0.000000000
vt 3.020347662 0.000000000
vt 0.040558245 0.347642099
vn 0.000000000000 0.000000000000 -1.000000000000
vn 0.000000000000 0.000000000000 -1.000000000000
vn 0.000000000000 0.000000000000 -1.000000000000
f 2377/2377/2377 2378/2378/2378 2379/2379/2379
v -14750.000000000 -20122.432518000 -411.859756098
v -14750.000000000 -19822.432518000 -411.859756098
v -14715.000000000 -19822.432518000 -411.859756098
vt 0.000000000 0.000000000
vt 3.000000000 0.000000000
vt 3.000000000 0.350000000
vn 0.000000000000 0.000000000000 -1.000000000000
vn 0.000000000000 0.000000000000 -1.000000000000
vn 0.000000000000 0.000000000000 -1.000000000000
f 2380/2380/2380 2381/2381/2381 2382/2382/2382
v -14750.000000000 -19822.432518000 -366.859756098
v -14715.000000000 -20122.432518000 -366.859756098
v -14715.000000000 -19822.432518000 -366.859756098
vt 0.000000000 0.000000000
vt 3.020347662 0.000000000
vt 0.040558245 0.347642099
vn -0.000000000000 0.000000000000 1.000000000000
vn -0.000000000000 0.000000000000 1.000000000000
vn -0.000000000000 0.000000000000 1.000000000000
f 2383/2383/2383 2384/2384/2384 2385/2385/2385
v -14750.000000000 -19822.432518000 -366.859756098
v -14750.000000000 -20122.432518000 -366.859756098
v -14715.000000000 -20122.432518000 -366.859756098
vt 0.000000000 0.000000000
vt 3.000000000 0.000000000
vt 3.000000000 0.350000000
vn 0.000000000000 0.000000000000 1.000000000000
vn 0.000000000000 0.000000000000 1.000000000000
vn 0.000000000000 0.000000000000 1.000000000000
f 2386/2386/2386 2387/2387/2387 2388/2388/2388
v -14750.000000000 -19822.432518000 -411.859756098
v -14715.000000000 -19822.432518000 -366.859756098
v -14715.000000000 -19822.432518000 -411.859756098
vt 0.000000000 0.000000000
vt 0.570087713 0.000000000
vt 0.214879215 0.276273276
vn 0.000000000000 1.000000000000 0.000000000000
vn 0.000000000000 1.000000000000 0.000000000000
vn 0.000000000000 1.000000000000 0.000000000000
f 2389/2389/2389 2390/2390/2390 2391/2391/2391
v -14750.000000000 -19822.432518000 -411.859756098
v -14750.000000000 -19822.432518000 -366.859756098
v -14715.000000000 -19822.432518000 -366.859756098
vt 0.000000000 0.000000000
vt 0.450000000 0.000000000
vt 0.450000000 0.350000000
vn 0.000000000000 1.000000000000 0.000000000000
vn 0.000000000000 1.000000000000 0.000000000000
vn 0.000000000000 1.000000000000 0.000000000000
f 2392/2392/2392 2393/2393/2393 2394/2394/2394
v -14715.000000000 -19822.432518000 -411.859756098
v -14715.000000000 -20122.432518000 -366.859756098
v -14715.000000000 -20122.432518000 -411.859756098
vt 0.000000000 0.000000000
vt 3.033562262 0.000000000
vt 2.966809059 0.445021359
vn 1.000000000000 0.000000000000 0.000000000000
vn 1.000000000000 0.000000000000 0.000000000000
vn 1.000000000000 0.000000000000 0.000000000000
f 2395/2395/2395 2396/2396/2396 2397/2397/2397
v -14715.000000000 -19822.432518000 -411.859756098
v -14715.000000000 -19822.432518000 -366.859756098
v -14715.000000000 -20122.432518000 -366.859756098
vt 0.000000000 0.000000000
vt 0.450000000 0.000000000
vt 0.450000000 3.000000000
vn 1.000000000000 0.000000000000 -0.000000000000
vn 1.000000000000 0.000000000000 -0.000000000000
vn 1.000000000000 0.000000000000 -0.000000000000
f 2398/2398/2398 2399/2399/2399 2400/2400/2400
v -14715.000000000 -20122.432518000 -411.859756098
v -14750.000000000 -20122.432518000 -366.859756098
v -14750.000000000 -20122.432518000 -411.859756098
vt 0.000000000 0.000000000
vt 0.570087713 0.000000000
vt 0.214879215 0.276273276
vn 0.000000000000 -1.000000000000 0.000000000000
vn 0.000000000000 -1.000000000000 0.000000000000
vn 0.000000000000 -1.000000000000 0.000000000000
f 2401/2401/2401 2402/2402/2402 2403/2403/2403
v -14715.000000000 -20122.432518000 -411.859756098
v -14715.000000000 -20122.432518000 -366.859756098
v -14750.000000000 -20122.432518000 -366.859756098
vt 0.000000000 0.000000000
vt 0.450000000 0.000000000
vt 0.450000000 0.350000000
vn 0.000000000000 -1.000000000000 0.000000000000
vn 0.000000000000 -1.000000000000 0.000000000000
vn 0.000000000000 -1.000000000000 0.000000000000
f 2404/2404/2404 2405/2405/2405 2406/2406/2406
v -14750.000000000 -20122.432518000 -411.859756098
v -14750.000000000 -19822.432518000 -366.859756098
v -14750.000000000 -19822.432518000 -411.859756098
vt 0.000000000 0.000000000
vt 3.033562262 0.000000000
vt 2.966809059 0.445021359
vn -1.000000000000 0.000000000000 0.000000000000
vn -1.000000000000 0.000000000000 0.000000000000
vn -1.000000000000 0.000000000000 0.000000000000
f 2407/2407/2407 2408/2408/2408 2409/2409/2409
v -14750.000000000 -20122.432518000 -411.859756098
v -14750.000000000 -20122.432518000 -366.859756098
v -14750.000000000 -19822.432518000 -366.859756098
vt 0.000000000 0.000000000
vt 0.450000000 0.000000000
vt 0.450000000 3.000000000
vn -1.000000000000 0.000000000000 0.000000000000
vn -1.000000000000 0.000000000000 0.000000000000
vn -1.000000000000 0.000000000000 0.000000000000
f 2410/2410/2410 2411/2411/2411 2412/2412/2412
v -14715.000000000 -20122.432518000 -394.390243902
v -14680.000000000 -19822.432518000 -394.390243902
v -14680.000000000 -20122.432518000 -394.390243902
vt 0.000000000 0.000000000
vt 3.020347662 0.000000000
vt 0.040558245 0.347642099
vn 0.000000000000 0.000000000000 -1.000000000000
vn 0.000000000000 0.000000000000 -1.000000000000
vn 0.000000000000 0.000000000000 -1.000000000000
f 2413/2413/2413 2414/2414/2414 2415/2415/2415
v -14715.000000000 -20122.432518000 -394.390243902
v -14715.000000000 -19822.432518000 -394.390243902
v -14680.000000000 -19822.432518000 -394.390243902
vt 0.000000000 0.000000000
vt 3.000000000 0.000000000
vt 3.000000000 0.350000000
vn 0.000000000000 0.000000000000 -1.000000000000
vn 0.000000000000 0.000000000000 -1.000000000000
vn 0.000000000000 0.000000000000 -1.000000000000
f 2416/2416/2416 2417/2417/2417 2418/2418/2418
v -14715.000000000 -19822.432518000 -349.390243902
v -14680.000000000 -20122.432518000 -349.390243902
v -14680.000000000 -19822.432518000 -349.390243902
vt 0.000000000 0.000000000
vt 3.020347662 0.000000000
vt 0.040558245 0.347642099
vn -0.000000000000 0.000000000000 1.000000000000
vn -0.000000000000 0.000000000000 1.000000000000
vn -0.000000000000 0.000000000000 1.000000000000
f 2419/2419/2419 2420/2420/2420 2421/2421/2421
v -14715.000000000 -19822.432518000 -349.390243902
v -14715.000000000 -20122.432518000 -349.390243902
v -14680.000000000 -20122.432518000 -349.390243902
vt 0.000000000 0.000000000
vt 3.000000000 0.000000000
vt 3.000000000 0.350000000
vn 0.000000000000 0.000000000000 1.000000000000
vn 0.000000000000 0.000000000000 1.000000000000
vn 0.000000000000 0.000000000000 1.000000000000
f 2422/2422/2422 2423/2423/2423 2424/2424/2424
v -14715.000000000 -19822.432518000 -394.390243902
v -14680.000000000 -19822.432518000 -349.390243902
v -14680.000000000 -19822.432518000 -394.390243902
vt 0.000000000 0.000000000
vt 0.570087713 0.000000000
vt 0.214879215 0.276273276
vn 0.000000000000 1.000000000000 0.000000000000
vn 0.000000000000 1.000000000000 0.000000000000
vn 0.000000000000 1.000000000000 0.000000000000
f 2425/2425/2425 2426/2426/2426 2427/2427/2427
v -14715.000000000 -19822.432518000 -394.390243902
v -14715.000000000 -19822.432518000 -349.390243902
v -14680.000000000 -19822.432518000 -349.390243902
vt 0.000000000 0.000000000
vt 0.450000000 0.000000000
vt 0.450000000 0.350000000
vn 0.000000000000 1.000000000000 0.000000000000
vn 0.000000000000 1.000000000000 0.000000000000
vn 0.000000000000 1.000000000000 0.000000000000
f 2428/2428/2428 2429/2429/2429 2430/2430/2430
v -14680.000000000 -19822.432518000 -394.390243902
v -14680.000000000 -20122.432518000 -349.390243902
v -14680.000000000 -20122.432518000 -394.390243902
vt 0.000000000 0.000000000
vt 3.033562262 0.000000000
vt 2.966809059 0.445021359
vn 1.000000000000 0.000000000000 0.000000000000
vn 1.000000000000 0.000000000000 0.000000000000
vn 1.000000000000 0.000000000000 0.000000000000
f 2431/2431/2431 2432/2432/2432 2433/2433/2433
v -14680.000000000 -19822.432518000 -394.390243902
v -14680.000000000 -19822.432518000 -349.390243902
v -14680.000000000 -20122.432518000 -349.390243902
vt 0.000000000 0.000000000
vt 0.450000000 0.000000000
vt 0.450000000 3.000000000
vn 1.000000000000 0.000000000000 -0.000000000000
vn 1.000000000000 0.000000000000 -0.000000000000
vn 1.000000000000 0.000000000000 -0.000000000000
f 2434/2434/2434 2435/2435/2435 2436/2436/2436
v -14680.000000000 -20122.432518000 -394.390243902
v -14715.000000000 -20122.432518000 -349.390243902
v -14715.000000000 -20122.432518000 -394.390243902
vt 0.000000000 0.000000000
vt 0.570087713 0.000000000
vt 0.214879215 0.276273276
vn 0.000000000000 -1.000000000000 0.000000000000
vn 0.000000000000 -1.000000000000 0.000000000000
vn 0.000000000000 -1.000000000000 0.000000000000
f 2437/2437/2437 2438/2438/2438 2439/2439/2439
v -14680.000000000 -20122.432518000 -394.390243902
v -14680.000000000 -20122.432518000 -349.390243902
v -14715.000000000 -20122.432518000 -349.390243902
vt 0.000000000 0.000000000
vt 0.450000000 0.000000000
vt 0.450000000 0.350000000
vn 0.000000000000 -1.000000000000 0.000000000000
vn 0.000000000000 -1.000000000000 0.000000000000
vn 0.000000000000 -1.000000000000 0.000000000000
f 2440/2440/2440 2441/2441/2441 2442/2442/2442
v -14715.000000000 -20122.432518000 -394.390243902
v -14715.000000000 -19822.432518000 -349.390243902
v -14715.000000000 -19822.432518000 -394.390243902
vt 0.000000000 0.000000000
vt 3.033562262 0.000000000
vt 2.966809059 0.445021359
vn -1.000000000000 0.000000000000 0.000000000000
vn -1.000000000000 0.000000000000 0.000000000000
vn -1.000000000000 0.000000000000 0.000000000000
f 2443/2443/2443 2444/2444/2444 2445/2445/2445
v -14715.000000000 -20122.432518000 -394.390243902
v -14715.000000000 -20122.432518000 -349.390243902
v -14715.000000000 -19822.432518000 -349.390243902
vt 0.000000000 0.000000000
vt 0.450000000 0.000000000
vt 0.450000000 3.000000000
vn -1.000000000000 0.000000000000 0.000000000000
vn -1.000000000000 0.000000000000 0.000000000000
vn -1.000000000000 0.000000000000 0.000000000000
f 2446/2446/2446 2447/2447/2447 2448/2448/2448
v -14680.000000000 -20122.432518000 -376.920731707
v -14645.000000000 -19822.432518000 -376.920731707
v -14645.000000000 -20122.432518000 -376.920731707
vt 0.000000000 0.000000000
vt 3.020347662 0.000000000
vt 0.040558245 0.347642099
vn 0.000000000000 0.000000000000 -1.000000000000
vn 0.000000000000 0.000000000000 -1.000000000000
vn 0.000000000000 0.000000000000 -1.000000000000
f 2449/2449/2449 2450/2450/2450 2451/2451/2451
v -14680.000000000 -20122.432518000 -376.920731707
v -14680.000000000 -19822.432518000 -376.920731707
v -14645.000000000 -19822.432518000 -376.920731707
vt 0.000000000 0.000000000
vt 3.000000000 0.000000000
vt 3.000000000 0.350000000
vn 0.000000000000 0.000000000000 -1.000000000000
vn 0.000000000000 0.000000000000 -1.000000000000
vn 0.000000000000 0.000000000000 -1.000000000000
f 2452/2452/2452 2453/2453/2453 2454/2454/2454
v -14680.000000000 -19822.432518000 -331.920731707
v -14645.000000000 -20122.432518000 -331.920731707
v -14645.000000000 -19822.432518000 -331.920731707
vt 0.000000000 0.000000000
vt 3.020347662 0.000000000
vt 0.040558245 0.347642099
vn -0.000000000000 0.000000000000 1.000000000000
vn -0.000000000000 0.000000000000 1.000000000000
vn -0.000000000000 0.000000000000 1.000000000000
f 2455/2455/2455 2456/2456/2456 2457/2457/2457
v -14680.000000000 -19822.432518000 -331.920731707
v -14680.000000000 -20122.432518000 -331.920731707
v -14645.000000000 -20122.432518000 -331.920731707
vt 0.000000000 0.000000000
vt 3.000000000 0.000000000
vt 3.000000000 0.350000000
vn 0.000000000000 0.000000000000 1.000000000000
vn 0.000000000000 0.000000000000 1.000000000000
vn 0.000000000000 0.000000000000 1.000000000000
f 2458/2458/2458 2459/2459/2459 2460/2460/2460
v -14680.000000000 -19822.432518000 -376.920731707
v -14645.000000000 -19822.432518000 -331.920731707
v -14645.000000000 -19822.432518000 -376.920731707
vt 0.000000000 0.000000000
vt 0.570087713 0.000000000
vt 0.214879215 0.276273276
vn 0.000000000000 1.000000000000 0.000000000000
vn 0.000000000000 1.000000000000 0.000000000000
vn 0.000000000000 1.000000000000 0.000000000000
f 2461/2461/2461 2462/2462/2462 2463/2463/2463
v -14680.000000000 -19822.432518000 -376.920731707
v -14680.000000000 -19822.432518000 -331.920731707
v -14645.000000000 -19822.432518000 -331.920731707
vt 0.000000000 0.000000000
vt 0.450000000 0.000000000
vt 0.450000000 0.350000000
vn 0.000000000000 1.000000000000 0.000000000000
vn 0.000000000000 1.000000000000 0.000000000000
vn 0.000000000000 1.000000000000 0.000000000000
f 2464/2464/2464 2465/2465/2465 2466/2466/2466
v -14645.000000000 -19822.432518000 -376.920731707
v -14645.000000000 -20122.432518000 -331.920731707
v -14645.000000000 -20122.432518000 -376.920731707
vt 0.000000000 0.000000000
vt 3.033562262 0.000000000
vt 2.966809059 0.445021359
vn 1.000000000000 0.000000000000 0.000000000000
vn 1.000000000000 0.000000000000 0.000000000000
vn 1.000000000000 0.000000000000 0.000000000000
f 2467/2467/2467 2468/2468/2468 2469/2469/2469
v -14645.000000000 -19822.432518000 -376.920731707
v -14645.000000000 -19822.432518000 -331.920731707
v -14645.000000000 -20122.432518000 -331.920731707
vt 0.000000000 0.000000000
vt 0.450000000 0.000000000
vt 0.450000000 3.000000000
vn 1.000000000000 0.000000000000 -0.000000000000
vn 1.000000000000 0.000000000000 -0.000000000000
vn 1.000000000000 0.000000000000 -0.000000000000
f 2470/2470/2470 2471/2471/2471 2472/2472/2472
v -14645.000000000 -20122.432518000 -376.920731707
v -14680.000000000 -20122.432518000 -331.920731707
v -14680.000000000 -20122.432518000 -376.920731707
vt 0.000000000 0.000000000
vt 0.570087713 0.000000000
vt 0.214879215 0.276273276
vn 0.000000000000 -1.000000000000 0.000000000000
vn 0.000000000000 -1.000000000000 0.000000000000
vn 0.000000000000 -1.000000000000 0.000000000000
f 2473/2473/2473 2474/2474/2474 2475/2475/2475
v -14645.000000000 -20122.432518000 -376.920731707
v -14645.000000000 -20122.432518000 -331.920731707
v -14680.000000000 -20122.432518000 -331.920731707
vt 0.000000000 0.000000000
vt 0.450000000 0.000000000
vt 0.450000000 0.350000000
vn 0.000000000000 -1.000000000000 0.000000000000
vn 0.000000000000 -1.000000000000 0.000000000000
vn 0.000000000000 -1.000000000000 0.000000000000
f 2476/2476/2476 2477/2477/2477 2478/2478/2478
v -14680.000000000 -20122.432518000 -376.920731707
v -14680.000000000 -19822.432518000 -331.920731707
v -14680.000000000 -19822.432518000 -376.920731707
vt 0.000000000 0.000000000
vt 3.033562262 0.000000000
vt 2.966809059 0.445021359
vn -1.000000000000 0.000000000000 0.000000000000
vn -1.000000000000 0.000000000000 0.000000000000
vn -1.000000000000 0.000000000000 0.000000000000
f 2479/2479/2479 2480/2480/2480 2481/2481/2481
v -14680.000000000 -20122.432518000 -376.920731707
v -14680.000000000 -20122.432518000 -331.920731707
v -14680.000000000 -19822.432518000 -331.920731707
vt 0.000000000 0.000000000
vt 0.450000000 0.000000000
vt 0.450000000 3.000000000
vn -1.000000000000 0.000000000000 0.000000000000
vn -1.000000000000 0.000000000000 0.000000000000
vn -1.000000000000 0.000000000000 0.000000000000
f 2482/2482/2482 2483/2483/2483 2484/2484/2484
v -14645.000000000 -20122.432518000 -359.451219512
v -14610.000000000 -19822.432518000 -359.451219512
v -14610.000000000 -20122.432518000 -359.451219512
vt 0.000000000 0.000000000
vt 3.020347662 0.000000000
vt 0.040558245 0.347642099
vn 0.000000000000 0.000000000000 -1.000000000000
vn 0.000000000000 0.000000000000 -1.000000000000
vn 0.000000000000 0.000000000000 -1.000000000000
f 2485/2485/2485 2486/2486/2486 2487/2487/2487
v -14645.000000000 -20122.432518000 -359.451219512
v -14645.000000000 -19822.432518000 -359.451219512
v -14610.000000000 -19822.432518000 -359.451219512
vt 0.000000000 0.000000000
vt 3.000000000 0.000000000
vt 3.000000000 0.350000000
vn 0.000000000000 0.000000000000 -1.000000000000
vn 0.000000000000 0.000000000000 -1.000000000000
vn 0.000000000000 0.000000000000 -1.000000000000
f 2488/2488/2488 2489/2489/2489 2490/2490/2490
v -14645.000000000 -19822.432518000 -314.451219512
v -14610.000000000 -20122.432518000 -314.451219512
v -14610.000000000 -19822.432518000 -314.451219512
vt 0.000000000 0.000000000
vt 3.020347662 0.000000000
vt 0.040558245 0.347642099
vn -0.000000000000 0.000000000000 1.000000000000
vn -0.000000000000 0.000000000000 1.000000000000
vn -0.000000000000 0.000000000000 1.000000000000
f 2491/2491/2491 2492/2492/2492 2493/2493/2493
v -14645.000000000 -19822.432518000 -314.451219512
v -14645.000000000 -20122.432518000 -314.451219512
v -14610.000000000 -20122.432518000 -314.451219512
vt 0.000000000 0.000000000
vt 3.000000000 0.000000000
vt 3.000000000 0.350000000
vn 0.000000000000 0.000000000000 1.000000000000
vn 0.000000000000 0.000000000000 1.000000000000
vn 0.000000000000 0.000000000000 1.000000000000
f 2494/2494/2494 2495/2495/2495 2496/2496/2496
v -14645.000000000 -19822.432518000 -359.451219512
v -14610.000000000 -19822.432518000 -314.451219512
v -14610.000000000 -19822.432518000 -359.451219512
vt 0.000000000 0.000000000
vt 0.570087713 0.000000000
vt 0.214879215 0.276273276
vn 0.000000000000 1.000000000000 0.000000000000
vn 0.000000000000 1.000000000000 0.000000000000
vn 0.000000000000 1.000000000000 0.000000000000
f 2497/2497/2497 2498/2498/2498 2499/2499/2499
v -14645.000000000 -19822.432518000 -359.451219512
v -14645.000000000 -19822.432518000 -314.451219512
v -14610.000000000 -19822.432518000 -314.451219512
vt 0.000000000 0.000000000
vt 0.450000000 0.000000000
vt 0.450000000 0.350000000
vn 0.000000000000 1.000000000000 0.000000000000
vn 0.000000000000 1.000000000000 0.000000000000
vn 0.000000000000 1.000000000000 0.000000000000
f 2500/2500/2500 2501/2501/2501 2502/2502/2502
v -14610.000000000 -19822.432518000 -359.451219512
v -14610.000000000 -20122.432518000 -314.451219512
v -14610.000000000 -20122.432518000 -359.451219512
vt 0.000000000 0.000000000
vt 3.033562262 0.000000000
vt 2.966809059 0.445021359
vn 1.000000000000 0.000000000000 0.000000000000
vn 1.000000000000 0.000000000000 0.000000000000
vn 1.000000000000 0.000000000000 0.000000000000
f 2503/2503/2503 2504/2504/2504 2505/2505/2505
v -14610.000000000 -19822.432518000 -359.451219512
v -14610.000000000 -19822.432518000 -314.451219512
v -14610.000000000 -20122.432518000 -314.451219512
vt 0.000000000 0.000000000
vt 0.450000000 0.000000000
vt 0.450000000 3.000000000
vn 1.000000000000 0.000000000000 -0.000000000000
vn 1.000000000000 0.000000000000 -0.000000000000
vn 1.000000000000 0.000000000000 -0.000000000000
f 2506/2506/2506 2507/2507/2507 2508/2508/2508
v -14610.000000000 -20122.432518000 -359.451219512
v -14645.000000000 -20122.432518000 -314.451219512
v -14645.000000000 -20122.432518000 -359.451219512
vt 0.000000000 0.000000000
vt 0.570087713 0.000000000
vt 0.214879215 0.276273276
vn 0.000000000000 -1.000000000000 0.000000000000
vn 0.000000000000 -1.000000000000 0.000000000000
vn 0.000000000000 -1.000000000000 0.000000000000
f 2509/2509/2509 2510/2510/2510 2511/2511/2511
v -14610.000000000 -20122.432518000 -359.451219512
v -14610.000000000 -20122.432518000 -314.451219512
v -14645.000000000 -20122.432518000 -314.451219512
vt 0.000000000 0.000000000
vt 0.450000000 0.000000000
vt 0.450000000 0.350000000
vn 0.000000000000 -1.000000000000 0.000000000000
vn 0.000000000000 -1.000000000000 0.000000000000
vn 0.000000000000 -1.000000000000 0.000000000000
f 2512/2512/2512 2513/2513/2513 2514/2514/2514
v -14645.000000000 -20122.432518000 -359.451219512
v -14645.000000000 -19822.432518000 -314.451219512
v -14645.000000000 -19822.432518000 -359.451219512
vt 0.000000000 0.000000000
vt 3.033562262 0.000000000
vt 2.966809059 0.445021359
vn -1.000000000000 0.000000000000 0.000000000000
vn -1.000000000000 0.000000000000 0.000000000000
vn -1.000000000000 0.000000000000 0.000000000000
f 2515/2515/2515 2516/2516/2516 2517/2517/2517
v -14645.000000000 -20122.432518000 -359.451219512
v -14645.000000000 -20122.432518000 -314.451219512
v -14645.000000000 -19822.432518000 -314.451219512
vt 0.000000000 0.000000000
vt 0.450000000 0.000000000
vt 0.450000000 3.000000000
vn -1.000000000000 0.000000000000 0.000000000000
vn -1.000000000000 0.000000000000 0.000000000000
vn -1.000000000000 0.000000000000 0.000000000000
f 2518/2518/2518 2519/2519/2519 2520/2520/2520
v -14610.000000000 -20122.432518000 -341.981707317
v -14575.000000000 -19822.432518000 -341.981707317
v -14575.000000000 -20122.432518000 -341.981707317
vt 0.000000000 0.000000000
vt 3.020347662 0.000000000
vt 0.040558245 0.347642099
vn 0.000000000000 0.000000000000 -1.000000000000
vn 0.000000000000 0.000000000000 -1.000000000000
vn 0.000000000000 0.000000000000 -1.000000000000
f 2521/2521/2521 2522/2522/2522 2523/2523/2523
v -14610.000000000 -20122.432518000 -341.981707317
v -14610.000000000 -19822.432518000 -341.981707317
v -14575.000000000 -19822.432518000 -341.981707317
vt 0.000000000 0.000000000
vt 3.000000000 0.000000000
vt 3.000000000 0.350000000
vn 0.000000000000 0.000000000000 -1.000000000000
vn 0.000000000000 0.000000000000 -1.000000000000
vn 0.000000000000 0.000000000000 -1.000000000000
f 2524/2524/2524 2525/2525/2525 2526/2526/2526
v -14610.000000000 -19822.432518000 -296.981707317
v -14575.000000000 -20122.432518000 -296.981707317
v -14575.000000000 -19822.432518000 -296.981707317
vt 0.000000000 0.000000000
vt 3.020347662 0.000000000
vt 0.040558245 0.347642099
vn -0.000000000000 0.000000000000 1.000000000000
vn -0.000000000000 0.000000000000 1.000000000000
vn -0.000000000000 0.000000000000 1.000000000000
f 2527/2527/2527 2528/2528/2528 2529/2529/2529
v -14610.000000000 -19822.432518000 -296.981707317
v -14610.000000000 -20122.432518000 -296.981707317
v -14575.000000000 -20122.432518000 -296.981707317
vt 0.000000000 0.000000000
vt 3.000000000 0.000000000
vt 3.000000000 0.350000000
vn 0.000000000000 0.000000000000 1.000000000000
vn 0.000000000000 0.000000000000 1.000000000000
vn 0.000000000000 0.000000000000 1.000000000000
f 2530/2530/2530 2531/2531/2531 2532/2532/2532
v -14610.000000000 -19822.432518000 -341.981707317
v -14575.000000000 -19822.432518000 -296.981707317
v -14575.000000000 -19822.432518000 -341.981707317
vt 0.000000000 0.000000000
vt 0.570087713 0.000000000
vt 0.214879215 0.276273276
vn 0.000000000000 1.000000000000 0.000000000000
vn 0.000000000000 1.000000000000 0.000000000000
vn 0.000000000000 1.000000000000 0.000000000000
f 2533/2533/2533 2534/2534/2534 2535/2535/2535
v -14610.000000000 -19822.432518000 -341.981707317
v -14610.000000000 -19822.432518000 -296.981707317
v -14575.000000000 -19822.432518000 -296.981707317
vt 0.000000000 0.000000000
vt 0.450000000 0.000000000
vt 0.450000000 0.350000000
vn 0.000000000000 1.000000000000 0.000000000000
vn 0.000000000000 1.000000000000 0.000000000000
vn 0.000000000000 1.000000000000 0.000000000000
f 2536/2536/2536 2537/2537/2537 2538/2538/2538
v -14575.000000000 -19822.432518000 -341.981707317
v -14575.000000000 -20122.432518000 -296.981707317
v -14575.000000000 -20122.432518000 -341.981707317
vt 0.000000000 0.000000000
vt 3.033562262 0.000000000
vt 2.966809059 0.445021359
vn 1.000000000000 0.000000000000 0.000000000000
vn 1.000000000000 0.000000000000 0.000000000000
vn 1.000000000000 0.000000000000 0.000000000000
f 2539/2539/2539 2540/2540/2540 2541/2541/2541
v -14575.000000000 -19822.432518000 -341.981707317
v -14575.000000000 -19822.432518000 -296.981707317
v -14575.000000000 -20122.432518000 -296.981707317
vt 0.000000000 0.000000000
vt 0.450000000 0.000000000
vt 0.450000000 3.000000000
vn 1.000000000000 0.000000000000 -0.000000000000
vn 1.000000000000 0.000000000000 -0.000000000000
vn 1.000000000000 0.000000000000 -0.000000000000
f 2542/2542/2542 2543/2543/2543 2544/2544/2544
v -14575.000000000 -20122.432518000 -341.981707317
v -14610.000000000 -20122.432518000 -296.981707317
v -14610.000000000 -20122.432518000 -341.981707317
vt 0.000000000 0.000000000
vt 0.570087713 0.000000000
vt 0.214879215 0.276273276
vn 0.000000000000 -1.000000000000 0.000000000000
vn 0.000000000000 -1.000000000000 0.000000000000
vn 0.000000000000 -1.000000000000 0.000000000000
f 2545/2545/2545 2546/2546/2546 2547/2547/2547
v -14575.000000000 -20122.432518000 -341.981707317
v -14575.000000000 -20122.432518000 -296.981707317
v -14610.000000000 -20122.432518000 -296.981707317
vt 0.000000000 0.000000000
vt 0.450000000 0.000000000
vt 0.450000000 0.350000000
vn 0.000000000000 -1.000000000000 0.000000000000
vn 0.000000000000 -1.000000000000 0.000000000000
vn 0.000000000000 -1.000000000000 0.000000000000
f 2548/2548/2548 2549/2549/2549 2550/2550/2550
v -14610.000000000 -20122.432518000 -341.981707317
v -14610.000000000 -19822.432518000 -296.981707317
v -14610.000000000 -19822.432518000 -341.981707317
vt 0.000000000 0.000000000
vt 3.033562262 0.000000000
vt 2.966809059 0.445021359
vn -1.000000000000 0.000000000000 0.000000000000
vn -1.000000000000 0.000000000000 0.000000000000
vn -1.000000000000 0.000000000000 0.000000000000
f 2551/2551/2551 2552/2552/2552 2553/2553/2553
v -14610.000000000 -20122.432518000 -341.981707317
v -14610.000000000 -20122.432518000 -296.981707317
v -14610.000000000 -19822.432518000 -296.981707317
vt 0.000000000 0.000000000
vt 0.450000000 0.000000000
vt 0.450000000 3.000000000
vn -1.000000000000 0.000000000000 0.000000000000
vn -1.000000000000 0.000000000000 0.000000000000
vn -1.000000000000 0.000000000000 0.000000000000
f 2554/2554/2554 2555/2555/2555 2556/2556/2556
v -14575.000000000 -20122.432518000 -324.512195122
v -14540.000000000 -19822.432518000 -324.512195122
v -14540.000000000 -20122.432518000 -324.512195122
vt 0.000000000 0.000000000
vt 3.020347662 0.000000000
vt 0.040558245 0.347642099
vn 0.000000000000 0.000000000000 -1.000000000000
vn 0.000000000000 0.000000000000 -1.000000000000
vn 0.000000000000 0.000000000000 -1.000000000000
f 2557/2557/2557 2558/2558/2558 2559/2559/2559
v -14575.000000000 -20122.432518000 -324.512195122
v -14575.000000000 -19822.432518000 -324.512195122
v -14540.000000000 -19822.432518000 -324.512195122
vt 0.000000000 0.000000000
vt 3.000000000 0.000000000
vt 3.000000000 0.350000000
vn 0.000000000000 0.000000000000 -1.000000000000
vn 0.000000000000 0.000000000000 -1.000000000000
vn 0.000000000000 0.000000000000 -1.000000000000
f 2560/2560/2560 2561/2561/2561 2562/2562/2562
v -14575.000000000 -19822.432518000 -279.512195122
v -14540.000000000 -20122.432518000 -279.512195122
v -14540.000000000 -19822.432518000 -279.512195122
vt 0.000000000 0.000000000
vt 3.020347662 0.000000000
vt 0.040558245 0.347642099
vn -0.000000000000 0.000000000000 1.000000000000
vn -0.000000000000 0.000000000000 1.000000000000
vn -0.000000000000 0.000000000000 1.000000000000
f 2563/2563/2563 2564/2564/2564 2565/2565/2565
v -14575.000000000 -19822.432518000 -279.512195122
v -14575.000000000 -20122.432518000 -279.512195122
v -14540.000000000 -20122.432518000 -279.512195122
vt 0.000000000 0.000000000
vt 3.000000000 0.000000000
vt 3.000000000 0.350000000
vn 0.000000000000 0.000000000000 1.000000000000
vn 0.000000000000 0.000000000000 1.000000000000
vn 0.000000000000 0.000000000000 1.000000000000
f 2566/2566/2566 2567/2567/2567 2568/2568/2568
v -14575.000000000 -19822.432518000 -324.512195122
v -14540.000000000 -19822.432518000 -279.512195122
v -14540.000000000 -19822.432518000 -324.512195122
vt 0.000000000 0.000000000
vt 0.570087713 0.000000000
vt 0.214879215 0.276273276
vn 0.000000000000 1.000000000000 0.000000000000
vn 0.000000000000 1.000000000000 0.000000000000
vn 0.000000000000 1.000000000000 0.000000000000
f 2569/2569/2569 2570/2570/2570 2571/2571/2571
v -14575.000000000 -19822.432518000 -324.512195122
v -14575.000000000 -19822.432518000 -279.512195122
v -14540.000000000 -19822.432518000 -279.512195122
vt 0.000000000 0.000000000
vt 0.450000000 0.000000000
vt 0.450000000 0.350000000
vn 0.000000000000 1.000000000000 0.000000000000
vn 0.000000000000 1.000000000000 0.000000000000
vn 0.000000000000 1.000000000000 0.000000000000
f 2572/2572/2572 2573/2573/2573 2574/2574/2574
v -14540.000000000 -19822.432518000 -324.512195122
v -14540.000000000 -20122.432518000 -279.512195122
v -14540.000000000 -20122.432518000 -324.512195122
vt 0.000000000 0.000000000
vt 3.033562262 0.000000000
vt 2.966809059 0.445021359
vn 1.000000000000 0.000000000000 0.000000000000
vn 1.000000000000 0.000000000000 0.000000000000
vn 1.000000000000 0.000000000000 0.000000000000
f 2575/2575/2575 2576/2576/2576 2577/2577/2577
v -14540.000000000 -19822.432518000 -324.512195122
v -14540.000000000 -19822.432518000 -279.512195122
v -14540.000000000 -20122.432518000 -279.512195122
vt 0.000000000 0.000000000
vt 0.450000000 0.000000000
vt 0.450000000 3.000000000
vn 1.000000000000 0.000000000000 -0.000000000000
vn 1.000000000000 0.000000000000 -0.000000000000
vn 1.000000000000 0.000000000000 -0.000000000000
f 2578/2578/2578 2579/2579/2579 2580/2580/2580
v -14540.000000000 -20122.432518000 -324.512195122
v -14575.000000000 -20122.432518000 -279.512195122
v -14575.000000000 -20122.432518000 -324.512195122
vt 0.000000000 0.000000000
vt 0.570087713 0.000000000
vt 0.214879215 0.276273276
vn 0.000000000000 -1.000000000000 0.000000000000
vn 0.000000000000 -1.000000000000 0.000000000000
vn 0.000000000000 -1.000000000000 0.000000000000
f 2581/2581/2581 2582/2582/2582 2583/2583/2583
v -14540.000000000 -20122.432518000 -324.512195122
v -14540.000000000 -20122.432518000 -279.512195122
v -14575.000000000 -20122.432518000 -279.512195122
vt 0.000000000 0.000000000
vt 0.450000000 0.000000000
vt 0.450000000 0.350000000
vn 0.000000000000 -1.000000000000 0.000000000000
vn 0.000000000000 -1.000000000000 0.000000000000
vn 0.000000000000 -1.000000000000 0.000000000000
f 2584/2584/2584 2585/2585/2585 2586/2586/2586
v -14575.000000000 -20122.432518000 -324.512195122
v -14575.000000000 -19822.432518000 -279.512195122
v -14575.000000000 -19822.432518000 -324.512195122
vt 0.000000000 0.000000000
vt 3.033562262 0.000000000
vt 2.966809059 0.445021359
vn -1.000000000000 0.000000000000 0.000000000000
vn -1.000000000000 0.000000000000 0.000000000000
vn -1.000000000000 0.000000000000 0.000000000000
f 2587/2587/2587 2588/2588/2588 2589/2589/2589
v -14575.000000000 -20122.432518000 -324.512195122
v -14575.000000000 -20122.432518000 -279.512195122
v -14575.000000000 -19822.432518000 -279.512195122
vt 0.000000000 0.000000000
vt 0.450000000 0.000000000
vt 0.450000000 3.000000000
vn -1.000000000000 0.000000000000 0.000000000000
vn -1.000000000000 0.000000000000 0.000000000000
vn -1.000000000000 0.000000000000 0.000000000000
f 2590/2590/2590 2591/2591/2591 2592/2592/2592
v -14540.000000000 -20122.432518000 -307.042682927
v -14505.000000000 -19822.432518000 -307.042682927
v -14505.000000000 -20122.432518000 -307.042682927
vt 0.000000000 0.000000000
vt 3.020347662 0.000000000
vt 0.040558245 0.347642099
vn 0.000000000000 0.000000000000 -1.000000000000
vn 0.000000000000 0.000000000000 -1.000000000000
vn 0.000000000000 0.000000000000 -1.000000000000
f 2593/2593/2593 2594/2594/2594 2595/2595/2595
v -14540.000000000 -20122.432518000 -307.042682927
v -14540.000000000 -19822.432518000 -307.042682927
v -14505.000000000 -19822.432518000 -307.042682927
vt 0.000000000 0.000000000
vt 3.000000000 0.000000000
vt 3.000000000 0.350000000
vn 0.000000000000 0.000000000000 -1.000000000000
vn 0.000000000000 0.000000000000 -1.000000000000
vn 0.000000000000 0.000000000000 -1.000000000000
f 2596/2596/2596 2597/2597/2597 2598/2598/2598
v -14540.000000000 -19822.432518000 -262.042682927
v -14505.000000000 -20122.432518000 -262.042682927
v -14505.000000000 -19822.432518000 -262.042682927
vt 0.000000000 0.000000000
vt 3.020347662 0.000000000
vt 0.040558245 0.347642099
vn -0.000000000000 0.000000000000 1.000000000000
vn -0.000000000000 0.000000000000 1.000000000000
vn -0.000000000000 0.000000000000 1.000000000000
f 2599/2599/2599 2600/2600/2600 2601/2601/2601
v -14540.000000000 -19822.432518000 -262.042682927
v -14540.000000000 -20122.432518000 -262.042682927
v -14505.000000000 -20122.432518000 -262.042682927
vt 0.000000000 0.000000000
vt 3.000000000 0.000000000
vt 3.000000000 0.350000000
vn 0.000000000000 0.000000000000 1.000000000000
vn 0.000000000000 0.000000000000 1.000000000000
vn 0.000000000000 0.000000000000 1.000000000000
f 2602/2602/2602 2603/2603/2603 2604/2604/2604
v -14540.000000000 -19822.432518000 -307.042682927
v -14505.000000000 -19822.432518000 -262.042682927
v -14505.000000000 -19822.432518000 -307.042682927
vt 0.000000000 0.000000000
vt 0.570087713 0.000000000
vt 0.214879215 0.276273276
vn 0.000000000000 1.000000000000 0.000000000000
vn 0.000000000000 1.000000000000 0.000000000000
vn 0.000000000000 1.000000000000 0.000000000000
f 2605/2605/2605 2606/2606/2606 2607/2607/2607
v -14540.000000000 -19822.432518000 -307.042682927
v -14540.000000000 -19822.432518000 -262.042682927
v -14505.000000000 -19822.432518000 -262.042682927
vt 0.000000000 0.000000000
vt 0.450000000 0.000000000
vt 0.450000000 0.350000000
vn 0.000000000000 1.000000000000 0.000000000000
vn 0.000000000000 1.000000000000 0.000000000000
vn 0.000000000000 1.000000000000 0.000000000000
f 2608/2608/2608 2609/2609/2609 2610/2610/2610
v -14505.000000000 -19822.432518000 -307.042682927
v -14505.000000000 -20122.432518000 -262.042682927
v -14505.000000000 -20122.432518000 -307.042682927
vt 0.000000000 0.000000000
vt 3.033562262 0.000000000
vt 2.966809059 0.445021359
vn 1.000000000000 0.000000000000 0.000000000000
vn 1.000000000000 0.000000000000 0.000000000000
vn 1.000000000000 0.000000000000 0.000000000000
f 2611/2611/2611 2612/2612/2612 2613/2613/2613
v -14505.000000000 -19822.432518000 -307.042682927
v -14505.000000000 -19822.432518000 -262.042682927
v -14505.000000000 -20122.432518000 -262.042682927
vt 0.000000000 0.000000000
vt 0.450000000 0.000000000
vt 0.450000000 3.000000000
vn 1.000000000000 0.000000000000 -0.000000000000
vn 1.000000000000 0.000000000000 -0.000000000000
vn 1.000000000000 0.000000000000 -0.000000000000
f 2614/2614/2614 2615/2615/2615 2616/2616/2616
v -14505.000000000 -20122.432518000 -307.042682927
v -14540.000000000 -20122.432518000 -262.042682927
v -14540.000000000 -20122.432518000 -307.042682927
vt 0.000000000 0.000000000
vt 0.570087713 0.000000000
vt 0.214879215 0.276273276
vn 0.000000000000 -1.000000000000 0.000000000000
vn 0.000000000000 -1.000000000000 0.000000000000
vn 0.000000000000 -1.000000000000 0.000000000000
f 2617/2617/2617 2618/2618/2618 2619/2619/2619
v -14505.000000000 -20122.432518000 -307.042682927
v -14505.000000000 -20122.432518000 -262.042682927
v -14540.000000000 -20122.432518000 -262.042682927
vt 0.000000000 0.000000000
vt 0.450000000 0.000000000
vt 0.450000000 0.350000000
vn 0.000000000000 -1.000000000000 0.000000000000
vn 0.000000000000 -1.000000000000 0.000000000000
vn 0.000000000000 -1.000000000000 0.000000000000
f 2620/2620/2620 2621/2621/2621 2622/2622/2622
v -14540.000000000 -20122.432518000 -307.042682927
v -14540.000000000 -19822.432518000 -262.042682927
v -14540.000000000 -19822.432518000 -307.042682927
vt 0.000000000 0.000000000
vt 3.033562262 0.000000000
vt 2.966809059 0.445021359
vn -1.000000000000 0.000000000000 0.000000000000
vn -1.000000000000 0.000000000000 0.000000000000
vn -1.000000000000 0.000000000000 0.000000000000
f 2623/2623/2623 2624/2624/2624 2625/2625/2625
v -14540.000000000 -20122.432518000 -307.042682927
v -14540.000000000 -20122.432518000 -262.042682927
v -14540.000000000 -19822.432518000 -262.042682927
vt 0.000000000 0.000000000
vt 0.450000000 0.000000000
vt 0.450000000 3.000000000
vn -1.000000000000 0.000000000000 0.000000000000
vn -1.000000000000 0.000000000000 0.000000000000
vn -1.000000000000 0.000000000000 0.000000000000
f 2626/2626/2626 2627/2627/2627 2628/2628/2628
v -14505.000000000 -20122.432518000 -289.573170732
v -14470.000000000 -19822.432518000 -289.573170732
v -14470.000000000 -20122.432518000 -289.573170732
vt 0.000000000 0.000000000
vt 3.020347662 0.000000000
vt 0.040558245 0.347642099
vn 0.000000000000 0.000000000000 -1.000000000000
vn 0.000000000000 0.000000000000 -1.000000000000
vn 0.000000000000 0.000000000000 -1.000000000000
f 2629/2629/2629 2630/2630/2630 2631/2631/2631
v -14505.000000000 -20122.432518000 -289.573170732
v -14505.000000000 -19822.432518000 -289.573170732
v -14470.000000000 -19822.432518000 -289.573170732
vt 0.000000000 0.000000000
vt 3.000000000 0.000000000
vt 3.000000000 0.350000000
vn 0.000000000000 0.000000000000 -1.000000000000
vn 0.000000000000 0.000000000000 -1.000000000000
vn 0.000000000000 0.000000000000 -1.000000000000
f 2632/2632/2632 2633/2633/2633 2634/2634/2634
v -14505.000000000 -19822.432518000 -244.573170732
v -14470.000000000 -20122.432518000 -244.573170732
v -14470.000000000 -19822.432518000 -244.573170732
vt 0.000000000 0.000000000
vt 3.020347662 0.000000000
vt 0.040558245 0.347642099
vn -0.000000000000 0.000000000000 1.000000000000
vn -0.000000000000 0.000000000000 1.000000000000
vn -0.000000000000 0.000000000000 1.000000000000
f 2635/2635/2635 2636/2636/2636 2637/2637/2637
v -14505.000000000 -19822.432518000 -244.573170732
v -14505.000000000 -20122.432518000 -244.573170732
v -14470.000000000 -20122.432518000 -244.573170732
vt 0.000000000 0.000000000
vt 3.000000000 0.000000000
vt 3.000000000 0.350000000
vn 0.000000000000 0.000000000000 1.000000000000
vn 0.000000000000 0.000000000000 1.000000000000
vn 0.000000000000 0.000000000000 1.000000000000
f 2638/2638/2638 2639/2639/2639 2640/2640/2640
v -14505.000000000 -19822.432518000 -289.573170732
v -14470.000000000 -19822.432518000 -244.573170732
v -14470.000000000 -19822.432518000 -289.573170732
vt 0.000000000 0.000000000
vt 0.570087713 0.000000000
vt 0.214879215 0.276273276
vn 0.000000000000 1.000000000000 0.000000000000
vn 0.000000000000 1.000000000000 0.000000000000
vn 0.000000000000 1.000000000000 0.000000000000
f 2641/2641/2641 2642/2642/2642 2643/2643/2643
v -14505.000000000 -19822.432518000 -289.573170732
v -14505.000000000 -19822.432518000 -244.573170732
v -14470.000000000 -19822.432518000 -244.573170732
vt 0.000000000 0.000000000
vt 0.450000000 0.000000000
vt 0.450000000 0.350000000
vn 0.000000000000 1.000000000000 0.000000000000
vn 0.000000000000 1.000000000000 0.000000000000
vn 0.000000000000 1.000000000000 0.000000000000
f 2644/2644/2644 2645/2645/2645 2646/2646/2646
v -14470.000000000 -19822.432518000 -289.573170732
v -14470.000000000 -20122.432518000 -244.573170732
v -14470.000000000 -20122.432518000 -289.573170732
vt 0.000000000 0.000000000
vt 3.033562262 0.000000000
vt 2.966809059 0.445021359
vn 1.000000000000 0.000000000000 0.000000000000
vn 1.000000000000 0.000000000000 0.000000000000
vn 1.000000000000 0.000000000000 0.000000000000
f 2647/2647/2647 2648/2648/2648 2649/2649/2649
v -14470.000000000 -19822.432518000 -289.573170732
v -14470.000000000 -19822.432518000 -244.573170732
v -14470.000000000 -20122.432518000 -244.573170732
vt 0.000000000 0.000000000
vt 0.450000000 0.000000000
vt 0.450000000 3.000000000
vn 1.000000000000 0.000000000000 -0.000000000000
vn 1.000000000000 0.000000000000 -0.000000000000
vn 1.000000000000 0.000000000000 -0.000000000000
f 2650/2650/2650 2651/2651/2651 2652/2652/2652
v -14470.000000000 -20122.432518000 -289.573170732
v -14505.000000000 -20122.432518000 -244.573170732
v -14505.000000000 -20122.432518000 -289.573170732
vt 0.000000000 0.000000000
vt 0.570087713 0.000000000
vt 0.214879215 0.276273276
vn 0.000000000000 -1.000000000000 0.000000000000
vn 0.000000000000 -1.000000000000 0.000000000000
vn 0.000000000000 -1.000000000000 0.000000000000
f 2653/2653/2653 2654/2654/2654 2655/2655/2655
v -14470.000000000 -20122.432518000 -289.573170732
v -14470.000000000 -20122.432518000 -244.573170732
v -14505.000000000 -20122.432518000 -244.573170732
vt 0.000000000 0.000000000
vt 0.450000000 0.000000000
vt 0.450000000 0.350000000
vn 0.000000000000 -1.000000000000 0.000000000000
vn 0.000000000000 -1.000000000000 0.000000000000
vn 0.000000000000 -1.000000000000 0.000000000000
f 2656/2656/2656 2657/2657/2657 2658/2658/2658
v -14505.000000000 -20122.432518000 -289.573170732
v -14505.000000000 -19822.432518000 -244.573170732
v -14505.000000000 -19822.432518000 -289.573170732
vt 0.000000000 0.000000000
vt 3.033562262 0.000000000
vt 2.966809059 0.445021359
vn -1.000000000000 0.000000000000 0.000000000000
vn -1.000000000000 0.000000000000 0.000000000000
vn -1.000000000000 0.000000000000 0.000000000000
f 2659/2659/2659 2660/2660/2660 2661/2661/2661
v -14505.000000000 -20122.432518000 -289.573170732
v -14505.000000000 -20122.432518000 -244.573170732
v -14505.000000000 -19822.432518000 -244.573170732
vt 0.000000000 0.000000000
vt 0.450000000 0.000000000
vt 0.450000000 3.000000000
vn -1.000000000000 0.000000000000 0.000000000000
vn -1.000000000000 0.000000000000 0.000000000000
vn -1.000000000000 0.000000000000 0.000000000000
f 2662/2662/2662 2663/2663/2663 2664/2664/2664
v -14470.000000000 -20122.432518000 -272.103658537
v -14435.000000000 -19822.432518000 -272.103658537
v -14435.000000000 -20122.432518000 -272.103658537
vt 0.000000000 0.000000000
vt 3.020347662 0.000000000
vt 0.040558245 0.347642099
vn 0.000000000000 0.000000000000 -1.000000000000
vn 0.000000000000 0.000000000000 -1.000000000000
vn 0.000000000000 0.000000000000 -1.000000000000
f 2665/2665/2665 2666/2666/2666 2667/2667/2667
v -14470.000000000 -20122.432518000 -272.103658537
v -14470.000000000 -19822.432518000 -272.103658537
v -14435.000000000 -19822.432518000 -272.103658537
vt 0.000000000 0.000000000
vt 3.000000000 0.000000000
vt 3.000000000 0.350000000
vn 0.000000000000 0.000000000000 -1.000000000000
vn 0.000000000000 0.000000000000 -1.000000000000
vn 0.000000000000 0.000000000000 -1.000000000000
f 2668/2668/2668 2669/2669/2669 2670/2670/2670
v -14470.000000000 -19822.432518000 -227.103658537
v -14435.000000000 -20122.432518000 -227.103658537
v -14435.000000000 -19822.432518000 -227.103658537
vt 0.000000000 0.000000000
vt 3.020347662 0.000000000
vt 0.040558245 0.347642099
vn -0.000000000000 0.000000000000 1.000000000000
vn -0.000000000000 0.000000000000 1.000000000000
vn -0.000000000000 0.000000000000 1.000000000000
f 2671/2671/2671 2672/2672/2672 2673/2673/2673
v -14470.000000000 -19822.432518000 -227.103658537
v -14470.000000000 -20122.432518000 -227.103658537
v -14435.000000000 -20122.432518000 -227.103658537
vt 0.000000000 0.000000000
vt 3.000000000 0.000000000
vt 3.000000000 0.350000000
vn 0.000000000000 0.000000000000 1.000000000000
vn 0.000000000000 0.000000000000 1.000000000000
vn 0.000000000000 0.000000000000 1.000000000000
f 2674/2674/2674 2675/2675/2675 2676/2676/2676
v -14470.000000000 -19822.432518000 -272.103658537
v -14435.000000000 -19822.432518000 -227.103658537
v -14435.000000000 -19822.432518000 -272.103658537
vt 0.000000000 0.000000000
vt 0.570087713 0.000000000
vt 0.214879215 0.276273276
vn 0.000000000000 1.000000000000 0.000000000000
vn 0.000000000000 1.000000000000 0.000000000000
vn 0.000000000000 1.000000000000 0.000000000000
f 2677/2677/2677 2678/2678/2678 2679/2679/2679
v -14470.000000000 -19822.432518000 -272.103658537
v -14470.000000000 -19822.432518000 -227.103658537
v -14435.000000000 -19822.432518000 -227.103658537
vt 0.000000000 0.000000000
vt 0.450000000 0.000000000
vt 0.450000000 0.350000000
vn 0.000000000000 1.000000000000 0.000000000000
vn 0.000000000000 1.000000000000 0.000000000000
vn 0.000000000000 1.000000000000 0.000000000000
f 2680/2680/2680 2681/2681/2681 2682/2682/2682
v -14435.000000000 -19822.432518000 -272.103658537
v -14435.000000000 -20122.432518000 -227.103658537
v -14435.000000000 -20122.432518000 -272.103658537
vt 0.000000000 0.000000000
vt 3.033562262 0.000000000
vt 2.966809059 0.445021359
vn 1.000000000000 0.000000000000 0.000000000000
vn 1.000000000000 0.000000000000 0.000000000000
vn 1.000000000000 0.000000000000 0.000000000000
f 2683/2683/2683 2684/2684/2684 2685/2685/2685
v -14435.000000000 -19822.432518000 -272.103658537
v -14435.000000000 -19822.432518000 -227.103658537
v -14435.000000000 -20122.432518000 -227.103658537
vt 0.000000000 0.000000000
vt 0.450000000 0.000000000
vt 0.450000000 3.000000000
vn 1.000000000000 0.000000000000 -0.000000000000
vn 1.000000000000 0.000000000000 -0.000000000000
vn 1.000000000000 0.000000000000 -0.000000000000
f 2686/2686/2686 2687/2687/2687 2688/2688/2688
v -14435.000000000 -20122.432518000 -272.103658537
v -14470.000000000 -20122.432518000 -227.103658537
v -14470.000000000 -20122.432518000 -272.103658537
vt 0.000000000 0.000000000
vt 0.570087713 0.000000000
vt 0.214879215 0.276273276
vn 0.000000000000 -1.000000000000 0.000000000000
vn 0.000000000000 -1.000000000000 0.000000000000
vn 0.000000000000 -1.000000000000 0.000000000000
f 2689/2689/2689 2690/2690/2690 2691/2691/2691
v -14435.000000000 -20122.432518000 -272.103658537
v -14435.000000000 -20122.432518000 -227.103658537
v -14470.000000000 -20122.432518000 -227.103658537
vt 0.000000000 0.000000000
vt 0.450000000 0.000000000
vt 0.450000000 0.350000000
vn 0.000000000000 -1.000000000000 0.000000000000
vn 0.000000000000 -1.000000000000 0.000000000000
vn 0.000000000000 -1.000000000000 0.000000000000
f 2692/2692/2692 2693/2693/2693 2694/2694/2694
v -14470.000000000 -20122.432518000 -272.103658537
v -14470.000000000 -19822.432518000 -227.103658537
v -14470.000000000 -19822.432518000 -272.103658537
vt 0.000000000 0.000000000
vt 3.033562262 0.000000000
vt 2.966809059 0.445021359
vn -1.000000000000 0.000000000000 0.000000000000
vn -1.000000000000 0.000000000000 0.000000000000
vn -1.000000000000 0.000000000000 0.000000000000
f 2695/2695/2695 2696/2696/2696 2697/2697/2697
v -14470.000000000 -20122.432518000 -272.103658537
v -14470.000000000 -20122.432518000 -227.103658537
v -14470.000000000 -19822.432518000 -227.103658537
vt 0.000000000 0.000000000
vt 0.450000000 0.000000000
vt 0.450000000 3.000000000
vn -1.000000000000 0.000000000000 0.000000000000
vn -1.000000000000 0.000000000000 0.000000000000
vn -1.000000000000 0.000000000000 0.000000000000
f 2698/2698/2698 2699/2699/2699 2700/2700/2700
v -14435.000000000 -20122.432518000 -254.634146341
v -14400.000000000 -19822.432518000 -254.634146341
v -14400.000000000 -20122.432518000 -254.634146341
vt 0.000000000 0.000000000
vt 3.020347662 0.000000000
vt 0.040558245 0.347642099
vn 0.000000000000 0.000000000000 -1.000000000000
vn 0.000000000000 0.000000000000 -1.000000000000
vn 0.000000000000 0.000000000000 -1.000000000000
f 2701/2701/2701 2702/2702/2702 2703/2703/2703
v -14435.000000000 -20122.432518000 -254.634146341
v -14435.000000000 -19822.432518000 -254.634146341
v -14400.000000000 -19822.432518000 -254.634146341
vt 0.000000000 0.000000000
vt 3.000000000 0.000000000
vt 3.000000000 0.350000000
vn 0.000000000000 0.000000000000 -1.000000000000
vn 0.000000000000 0.000000000000 -1.000000000000
vn 0.000000000000 0.000000000000 -1.000000000000
f 2704/2704/2704 2705/2705/2705 2706/2706/2706
v -14435.000000000 -19822.432518000 -209.634146341
v -14400.000000000 -20122.432518000 -209.634146341
v -14400.000000000 -19822.432518000 -209.634146341
vt 0.000000000 0.000000000
vt 3.020347662 0.000000000
vt 0.040558245 0.347642099
vn -0.000000000000 0.000000000000 1.000000000000
vn -0.000000000000 0.000000000000 1.000000000000
vn -0.000000000000 0.000000000000 1.000000000000
f 2707/2707/2707 2708/2708/2708 2709/2709/2709
v -14435.000000000 -19822.432518000 -209.634146341
v -14435.000000000 -20122.432518000 -209.634146341
v -14400.000000000 -20122.432518000 -209.634146341
vt 0.000000000 0.000000000
vt 3.000000000 0.000000000
vt 3.000000000 0.350000000
vn 0.000000000000 0.000000000000 1.000000000000
vn 0.000000000000 0.000000000000 1.000000000000
vn 0.000000000000 0.000000000000 1.000000000000
f 2710/2710/2710 2711/2711/2711 2712/2712/2712
v -14435.000000000 -19822.432518000 -254.634146341
v -14400.000000000 -19822.432518000 -209.634146341
v -14400.000000000 -19822.432518000 -254.634146341
vt 0.000000000 0.000000000
vt 0.570087713 0.000000000
vt 0.214879215 0.276273276
vn 0.000000000000 1.000000000000 0.000000000000
vn 0.000000000000 1.000000000000 0.000000000000
vn 0.000000000000 1.000000000000 0.000000000000
f 2713/2713/2713 2714/2714/2714 2715/2715/2715
v -14435.000000000 -19822.432518000 -254.634146341
v -14435.000000000 -19822.432518000 -209.634146341
v -14400.000000000 -19822.432518000 -209.634146341
vt 0.000000000 0.000000000
vt 0.450000000 0.000000000
vt 0.450000000 0.350000000
vn 0.000000000000 1.000000000000 0.000000000000
vn 0.000000000000 1.000000000000 0.000000000000
vn 0.000000000000 1.000000000000 0.000000000000
f 2716/2716/2716 2717/2717/2717 2718/2718/2718
v -14400.000000000 -19822.432518000 -254.634146341
v -14400.000000000 -20122.432518000 -209.634146341
v -14400.000000000 -20122.432518000 -254.634146341
vt 0.000000000 0.000000000
vt 3.033562262 0.000000000
vt 2.966809059 0.445021359
vn 1.000000000000 0.000000000000 0.000000000000
vn 1.000000000000 0.000000000000 0.000000000000
vn 1.000000000000 0.000000000000 0.000000000000
f 2719/2719/2719 2720/2720/2720 2721/2721/2721
v -14400.000000000 -19822.432518000 -254.634146341
v -14400.000000000 -19822.432518000 -209.634146341
v -14400.000000000 -20122.432518000 -209.634146341
vt 0.000000000 0.000000000
vt 0.450000000 0.000000000
vt 0.450000000 3.000000000
vn 1.000000000000 0.000000000000 -0.000000000000
vn 1.000000000000 0.000000000000 -0.000000000000
vn 1.000000000000 0.000000000000 -0.000000000000
f 2722/2722/2722 2723/2723/2723 2724/2724/2724
v -14400.000000000 -20122.432518000 -254.634146341
v -14435.000000000 -20122.432518000 -209.634146341
v -14435.000000000 -20122.432518000 -254.634146341
vt 0.000000000 0.000000000
vt 0.570087713 0.000000000
vt 0.214879215 0.276273276
vn 0.000000000000 -1.000000000000 0.000000000000
vn 0.000000000000 -1.000000000000 0.000000000000
vn 0.000000000000 -1.000000000000 0.000000000000
f 2725/2725/2725 2726/2726/2726 2727/2727/2727
v -14400.000000000 -20122.432518000 -254.634146341
v -14400.000000000 -20122.432518000 -209.634146341
v -14435.000000000 -20122.432518000 -209.634146341
vt 0.000000000 0.000000000
vt 0.450000000 0.000000000
vt 0.450000000 0.350000000
vn 0.000000000000 -1.000000000000 0.000000000000
vn 0.000000000000 -1.000000000000 0.000000000000
vn 0.000000000000 -1.000000000000 0.000000000000
f 2728/2728/2728 2729/2729/2729 2730/2730/2730
v -14435.000000000 -20122.432518000 -254.634146341
v -14435.000000000 -19822.432518000 -209.634146341
v -14435.000000000 -19822.432518000 -254.634146341
vt 0.000000000 0.000000000
vt 3.033562262 0.000000000
vt 2.966809059 0.445021359
vn -1.000000000000 0.000000000000 0.000000000000
vn -1.000000000000 0.000000000000 0.000000000000
vn -1.000000000000 0.000000000000 0.000000000000
f 2731/2731/2731 2732/2732/2732 2733/2733/2733
v -14435.000000000 -20122.432518000 -254.634146341
v -14435.000000000 -20122.432518000 -209.634146341
v -14435.000000000 -19822.432518000 -209.634146341
vt 0.000000000 0.000000000
vt 0.450000000 0.000000000
vt 0.450000000 3.000000000
vn -1.000000000000 0.000000000000 0.000000000000
vn -1.000000000000 0.000000000000 0.000000000000
vn -1.000000000000 0.000000000000 0.000000000000
f 2734/2734/2734 2735/2735/2735 2736/2736/2736
v -14400.000000000 -20122.432518000 -237.164634146
v -14365.000000000 -19822.432518000 -237.164634146
v -14365.000000000 -20122.432518000 -237.164634146
vt 0.000000000 0.000000000
vt 3.020347662 0.000000000
vt 0.040558245 0.347642099
vn 0.000000000000 0.000000000000 -1.000000000000
vn 0.000000000000 0.000000000000 -1.000000000000
vn 0.000000000000 0.000000000000 -1.000000000000
f 2737/2737/2737 2738/2738/2738 2739/2739/2739
v -14400.000000000 -20122.432518000 -237.164634146
v -14400.000000000 -19822.432518000 -237.164634146
v -14365.000000000 -19822.432518000 -237.164634146
vt 0.000000000 0.000000000
vt 3.000000000 0.000000000
vt 3.000000000 0.350000000
vn 0.000000000000 0.000000000000 -1.000000000000
vn 0.000000000000 0.000000000000 -1.000000000000
vn 0.000000000000 0.000000000000 -1.000000000000
f 2740/2740/2740 2741/2741/2741 2742/2742/2742
v -14400.000000000 -19822.432518000 -192.164634146
v -14365.000000000 -20122.432518000 -192.164634146
v -14365.000000000 -19822.432518000 -192.164634146
vt 0.000000000 0.000000000
vt 3.020347662 0.000000000
vt 0.040558245 0.347642099
vn -0.000000000000 0.000000000000 1.000000000000
vn -0.000000000000 0.000000000000 1.000000000000
vn -0.000000000000 0.000000000000 1.000000000000
f 2743/2743/2743 2744/2744/2744 2745/2745/2745
v -14400.000000000 -19822.432518000 -192.164634146
v -14400.000000000 -20122.432518000 -192.164634146
v -14365.000000000 -20122.432518000 -192.164634146
vt 0.000000000 0.000000000
vt 3.000000000 0.000000000
vt 3.000000000 0.350000000
vn 0.000000000000 0.000000000000 1.000000000000
vn 0.000000000000 0.000000000000 1.000000000000
vn 0.000000000000 0.000000000000 1.000000000000
f 2746/2746/2746 2747/2747/2747 2748/2748/2748
v -14400.000000000 -19822.432518000 -237.164634146
v -14365.000000000 -19822.432518000 -192.164634146
v -14365.000000000 -19822.432518000 -237.164634146
vt 0.000000000 0.000000000
vt 0.570087713 0.000000000
vt 0.214879215 0.276273276
vn 0.000000000000 1.000000000000 0.000000000000
vn 0.000000000000 1.000000000000 0.000000000000
vn 0.000000000000 1.000000000000 0.000000000000
f 2749/2749/2749 2750/2750/2750 2751/2751/2751
v -14400.000000000 -19822.432518000 -237.164634146
v -14400.000000000 -19822.432518000 -192.164634146
v -14365.000000000 -19822.432518000 -192.164634146
vt 0.000000000 0.000000000
vt 0.450000000 0.000000000
vt 0.450000000 0.350000000
vn 0.000000000000 1.000000000000 0.000000000000
vn 0.000000000000 1.000000000000 0.000000000000
vn 0.000000000000 1.000000000000 0.000000000000
f 2752/2752/2752 2753/2753/2753 2754/2754/2754
v -14365.000000000 -19822.432518000 -237.164634146
v -14365.000000000 -20122.432518000 -192.164634146
v -14365.000000000 -20122.432518000 -237.164634146
vt 0.000000000 0.000000000
vt 3.033562262 0.000000000
vt 2.966809059 0.445021359
vn 1.000000000000 0.000000000000 0.000000000000
vn 1.000000000000 0.000000000000 0.000000000000
vn 1.000000000000 0.000000000000 0.000000000000
f 2755/2755/2755 2756/2756/2756 2757/2757/2757
v -14365.000000000 -19822.432518000 -237.164634146
v -14365.000000000 -19822.432518000 -192.164634146
v -14365.000000000 -20122.432518000 -192.164634146
vt 0.000000000 0.000000000
vt 0.450000000 0.000000000
vt 0.450000000 3.000000000
vn 1.000000000000 0.000000000000 -0.000000000000
vn 1.000000000000 0.000000000000 -0.000000000000
vn 1.000000000000 0.000000000000 -0.000000000000
f 2758/2758/2758 2759/2759/2759 2760/2760/2760
v -14365.000000000 -20122.432518000 -237.164634146
v -14400.000000000 -20122.432518000 -192.164634146
v -14400.000000000 -20122.432518000 -237.164634146
vt 0.000000000 0.000000000
vt 0.570087713 0.000000000
vt 0.214879215 0.276273276
vn 0.000000000000 -1.000000000000 0.000000000000
vn 0.000000000000 -1.000000000000 0.000000000000
vn 0.000000000000 -1.000000000000 0.000000000000
f 2761/2761/2761 2762/2762/2762 2763/2763/2763
v -14365.000000000 -20122.432518000 -237.164634146
v -14365.000000000 -20122.432518000 -192.164634146
v -14400.000000000 -20122.432518000 -192.164634146
vt 0.000000000 0.000000000
vt 0.450000000 0.000000000
vt 0.450000000 0.350000000
vn 0.000000000000 -1.000000000000 0.000000000000
vn 0.000000000000 -1.000000000000 0.000000000000
vn 0.000000000000 -1.000000000000 0.000000000000
f 2764/2764/2764 2765/2765/2765 2766/2766/2766
v -14400.000000000 -20122.432518000 -237.164634146
v -14400.000000000 -19822.432518000 -192.164634146
v -14400.000000000 -19822.432518000 -237.164634146
vt 0.000000000 0.000000000
vt 3.033562262 0.000000000
vt 2.966809059 0.445021359
vn -1.000000000000 0.000000000000 0.000000000000
vn -1.000000000000 0.000000000000 0.000000000000
vn -1.000000000000 0.000000000000 0.000000000000
f 2767/2767/2767 2768/2768/2768 2769/2769/2769
v -14400.000000000 -20122.432518000 -237.164634146
v -14400.000000000 -20122.432518000 -192.164634146
v -14400.000000000 -19822.432518000 -192.164634146
vt 0.000000000 0.000000000
vt 0.450000000 0.000000000
vt 0.450000000 3.000000000
vn -1.000000000000 0.000000000000 0.000000000000
vn -1.000000000000 0.000000000000 0.000000000000
vn -1.000000000000 0.000000000000 0.000000000000
f 2770/2770/2770 2771/2771/2771 2772/2772/2772
v -14365.000000000 -20122.432518000 -219.695121951
v -14330.000000000 -19822.432518000 -219.695121951
v -14330.000000000 -20122.432518000 -219.695121951
vt 0.000000000 0.000000000
vt 3.020347662 0.000000000
vt 0.040558245 0.347642099
vn 0.000000000000 0.000000000000 -1.000000000000
vn 0.000000000000 0.000000000000 -1.000000000000
vn 0.000000000000 0.000000000000 -1.000000000000
f 2773/2773/2773 2774/2774/2774 2775/2775/2775
v -14365.000000000 -20122.432518000 -219.695121951
v -14365.000000000 -19822.432518000 -219.695121951
v -14330.000000000 -19822.432518000 -219.695121951
vt 0.000000000 0.000000000
vt 3.000000000 0.000000000
vt 3.000000000 0.350000000
vn 0.000000000000 0.000000000000 -1.000000000000
vn 0.000000000000 0.000000000000 -1.000000000000
vn 0.000000000000 0.000000000000 -1.000000000000
f 2776/2776/2776 2777/2777/2777 2778/2778/2778
v -14365.000000000 -19822.432518000 -174.695121951
v -14330.000000000 -20122.432518000 -174.695121951
v -14330.000000000 -19822.432518000 -174.695121951
vt 0.000000000 0.000000000
vt 3.020347662 0.000000000
vt 0.040558245 0.347642099
vn -0.000000000000 0.000000000000 1.000000000000
vn -0.000000000000 0.000000000000 1.000000000000
vn -0.000000000000 0.000000000000 1.000000000000
f 2779/2779/2779 2780/2780/2780 2781/2781/2781
v -14365.000000000 -19822.432518000 -174.695121951
v -14365.000000000 -20122.432518000 -174.695121951
v -14330.000000000 -20122.432518000 -174.695121951
vt 0.000000000 0.000000000
vt 3.000000000 0.000000000
vt 3.000000000 0.350000000
vn 0.000000000000 0.000000000000 1.000000000000
vn 0.000000000000 0.000000000000 1.000000000000
vn 0.000000000000 0.000000000000 1.000000000000
f 2782/2782/2782 2783/2783/2783 2784/2784/2784
v -14365.000000000 -19822.432518000 -219.695121951
v -14330.000000000 -19822.432518000 -174.695121951
v -14330.000000000 -19822.432518000 -219.695121951
vt 0.000000000 0.000000000
vt 0.570087713 0.000000000
vt 0.214879215 0.276273276
vn 0.000000000000 1.000000000000 0.000000000000
vn 0.000000000000 1.000000000000 0.000000000000
vn 0.000000000000 1.000000000000 0.000000000000
f 2785/2785/2785 2786/2786/2786 2787/2787/2787
v -14365.000000000 -19822.432518000 -219.695121951
v -14365.000000000 -19822.432518000 -174.695121951
v -14330.000000000 -19822.432518000 -174.695121951
vt 0.000000000 0.000000000
vt 0.450000000 0.000000000
vt 0.450000000 0.350000000
vn 0.000000000000 1.000000000000 0.000000000000
vn 0.000000000000 1.000000000000 0.000000000000
vn 0.000000000000 1.000000000000 0.000000000000
f 2788/2788/2788 2789/2789/2789 2790/2790/2790
v -14330.000000000 -19822.432518000 -219.695121951
v -14330.000000000 -20122.432518000 -174.695121951
v -14330.000000000 -20122.432518000 -219.695121951
vt 0.000000000 0.000000000
vt 3.033562262 0.000000000
vt 2.966809059 0.445021359
vn 1.000000000000 0.000000000000 0.000000000000
vn 1.000000000000 0.000000000000 0.000000000000
vn 1.000000000000 0.000000000000 0.000000000000
f 2791/2791/2791 2792/2792/2792 2793/2793/2793
v -14330.000000000 -19822.432518000 -219.695121951
v -14330.000000000 -19822.432518000 -174.695121951
v -14330.000000000 -20122.432518000 -174.695121951
vt 0.000000000 0.000000000
vt 0.450000000 0.000000000
vt 0.450000000 3.000000000
vn 1.000000000000 0.000000000000 -0.000000000000
vn 1.000000000000 0.000000000000 -0.000000000000
vn 1.000000000000 0.000000000000 -0.000000000000
f 2794/2794/2794 2795/2795/2795 2796/2796/2796
v -14330.000000000 -20122.432518000 -219.695121951
v -14365.000000000 -20122.432518000 -174.695121951
v -14365.000000000 -20122.432518000 -219.695121951
vt 0.000000000 0.000000000
vt 0.570087713 0.000000000
vt 0.214879215 0.276273276
vn 0.000000000000 -1.000000000000 0.000000000000
vn 0.000000000000 -1.000000000000 0.000000000000
vn 0.000000000000 -1.000000000000 0.000000000000
f 2797/2797/2797 2798/2798/2798 2799/2799/2799
v -14330.000000000 -20122.432518000 -219.695121951
v -14330.000000000 -20122.432518000 -174.695121951
v -14365.000000000 -20122.432518000 -174.695121951
vt 0.000000000 0.000000000
vt 0.450000000 0.000000000
vt 0.450000000 0.350000000
vn 0.000000000000 -1.000000000000 0.000000000000
vn 0.000000000000 -1.000000000000 0.000000000000
vn 0.000000000000 -1.000000000000 0.000000000000
f 2800/2800/2800 2801/2801/2801 2802/2802/2802
v -14365.000000000 -20122.432518000 -219.695121951
v -14365.000000000 -19822.432518000 -174.695121951
v -14365.000000000 -19822.432518000 -219.695121951
vt 0.000000000 0.000000000
vt 3.033562262 0.000000000
vt 2.966809059 0.445021359
vn -1.000000000000 0.000000000000 0.000000000000
vn -1.000000000000 0.000000000000 0.000000000000
vn -1.000000000000 0.000000000000 0.000000000000
f 2803/2803/2803 2804/2804/2804 2805/2805/2805
v -14365.000000000 -20122.432518000 -219.695121951
v -14365.000000000 -20122.432518000 -174.695121951
v -14365.000000000 -19822.432518000 -174.695121951
vt 0.000000000 0.000000000
vt 0.450000000 0.000000000
vt 0.450000000 3.000000000
vn -1.000000000000 0.000000000000 0.000000000000
vn -1.000000000000 0.000000000000 0.000000000000
vn -1.000000000000 0.000000000000 0.000000000000
f 2806/2806/2806 2807/2807/2807 2808/2808/2808
v -14330.000000000 -20122.432518000 -219.695121951
v -14080.000000000 -19822.432518000 -219.695121951
v -14080.000000000 -20122.432518000 -219.695121951
vt 0.000000000 0.000000000
vt 3.905124838 0.000000000
vt 1.600460999 1.920553199
vn 0.000000000000 0.000000000000 -1.000000000000
vn 0.000000000000 0.000000000000 -1.000000000000
vn 0.000000000000 0.000000000000 -1.000000000000
f 2809/2809/2809 2810/2810/2810 2811/2811/2811
v -14330.000000000 -20122.432518000 -219.695121951
v -14330.000000000 -19822.432518000 -219.695121951
v -14080.000000000 -19822.432518000 -219.695121951
vt 0.000000000 0.000000000
vt 3.000000000 0.000000000
vt 3.000000000 2.500000000
vn 0.000000000000 0.000000000000 -1.000000000000
vn 0.000000000000 0.000000000000 -1.000000000000
vn 0.000000000000 0.000000000000 -1.000000000000
f 2812/2812/2812 2813/2813/2813 2814/2814/2814
v -14330.000000000 -19822.432518000 -174.695121951
v -14080.000000000 -20122.432518000 -174.695121951
v -14080.000000000 -19822.432518000 -174.695121951
vt 0.000000000 0.000000000
vt 3.905124838 0.000000000
vt 1.600460999 1.920553199
vn -0.000000000000 0.000000000000 1.000000000000
vn -0.000000000000 0.000000000000 1.000000000000
vn -0.000000000000 0.000000000000 1.000000000000
f 2815/2815/2815 2816/2816/2816 2817/2817/2817
v -14330.000000000 -19822.432518000 -174.695121951
v -14330.000000000 -20122.432518000 -174.695121951
v -14080.000000000 -20122.432518000 -174.695121951
vt 0.000000000 0.000000000
vt 3.000000000 0.000000000
vt 3.000000000 2.500000000
vn 0.000000000000 0.000000000000 1.000000000000
vn 0.000000000000 0.000000000000 1.000000000000
vn 0.000000000000 0.000000000000 1.000000000000
f 2818/2818/2818 2819/2819/2819 2820/2820/2820
v -14330.000000000 -19822.432518000 -219.695121951
v -14080.000000000 -19822.432518000 -174.695121951
v -14080.000000000 -19822.432518000 -219.695121951
vt 0.000000000 0.000000000
vt 2.540177159 0.000000000
vt 2.460458310 0.442882496
vn 0.000000000000 1.000000000000 0.000000000000
vn 0.000000000000 1.000000000000 0.000000000000
vn 0.000000000000 1.000000000000 0.000000000000
f 2821/2821/2821 2822/2822/2822 2823/2823/2823
v -14330.000000000 -19822.432518000 -219.695121951
v -14330.000000000 -19822.432518000 -174.695121951
v -14080.000000000 -19822.432518000 -174.695121951
vt 0.000000000 0.000000000
vt 0.450000000 0.000000000
vt 0.450000000 2.500000000
vn 0.000000000000 1.000000000000 0.000000000000
vn 0.000000000000 1.000000000000 0.000000000000
vn 0.000000000000 1.000000000000 0.000000000000
f 2824/2824/2824 2825/2825/2825 2826/2826/2826
v -14080.000000000 -19822.432518000 -219.695121951
v -14080.000000000 -20122.432518000 -174.695121951
v -14080.000000000 -20122.432518000 -219.695121951
vt 0.000000000 0.000000000
vt 3.033562262 0.000000000
vt 2.966809059 0.445021359
vn 1.000000000000 0.000000000000 0.000000000000
vn 1.000000000000 0.000000000000 0.000000000000
vn 1.000000000000 0.000000000000 0.000000000000
f 2827/2827/2827 2828/2828/2828 2829/2829/2829
v -14080.000000000 -19822.432518000 -219.695121951
v -14080.000000000 -19822.432518000 -174.695121951
v -14080.000000000 -20122.432518000 -174.695121951
vt 0.000000000 0.000000000
vt 0.450000000 0.000000000
vt 0.450000000 3.000000000
vn 1.000000000000 0.000000000000 -0.000000000000
vn 1.000000000000 0.000000000000 -0.000000000000
vn 1.000000000000 0.000000000000 -0.000000000000
f 2830/2830/2830 2831/2831/2831 2832/2832/2832
v -14080.000000000 -20122.432518000 -219.695121951
v -14330.000000000 -20122.432518000 -174.695121951
v -14330.000000000 -20122.432518000 -219.695121951
vt 0.000000000 0.000000000
vt 2.540177159 0.000000000
vt 2.460458310 0.442882496
vn 0.000000000000 -1.000000000000 0.000000000000
vn 0.000000000000 -1.000000000000 0.000000000000
vn 0.000000000000 -1.000000000000 0.000000000000
f 2833/2833/2833 2834/2834/2834 2835/2835/2835
v -14080.000000000 -20122.432518000 -219.695121951
v -14080.000000000 -20122.432518000 -174.695121951
v -14330.000000000 -20122.432518000 -174.695121951
vt 0.000000000 0.000000000
vt 0.450000000 0.000000000
vt 0.450000000 2.500000000
vn 0.000000000000 -1.000000000000 0.000000000000
vn 0.000000000000 -1.000000000000 0.000000000000
vn 0.000000000000 -1.000000000000 0.000000000000
f 2836/2836/2836 2837/2837/2837 2838/2838/2838
v -14330.000000000 -20122.432518000 -219.695121951
v -14330.000000000 -19822.432518000 -174.695121951
v -14330.000000000 -19822.432518000 -219.695121951
vt 0.000000000 0.000000000
vt 3.033562262 0.000000000
vt 2.966809059 0.445021359
vn -1.000000000000 0.000000000000 0.000000000000
vn -1.000000000000 0.000000000000 0.000000000000
vn -1.000000000000 0.000000000000 0.000000000000
f 2839/2839/2839 2840/2840/2840 2841/2841/2841
v -14330.000000000 -20122.432518000 -219.695121951
v -14330.000000000 -20122.432518000 -174.695121951
v -14330.000000000 -19822.432518000 -174.695121951
vt 0.000000000 0.000000000
vt 0.450000000 0.000000000
vt 0.450000000 3.000000000
vn -1.000000000000 0.000000000000 0.000000000000
vn -1.000000000000 0.000000000000 0.000000000000
vn -1.000000000000 0.000000000000 0.000000000000
f 2842/2842/2842 2843/2843/2843 2844/2844/2844
v -14080.000000000 -20122.432518000 -202.225609756
v -14045.000000000 -19822.432518000 -202.225609756
v -14045.000000000 -20122.432518000 -202.225609756
vt 0.000000000 0.000000000
vt 3.020347662 0.000000000
vt 0.040558245 0.347642099
vn 0.000000000000 0.000000000000 -1.000000000000
vn 0.000000000000 0.000000000000 -1.000000000000
vn 0.000000000000 0.000000000000 -1.000000000000
f 2845/2845/2845 2846/2846/2846 2847/2847/2847
v -14080.000000000 -20122.432518000 -202.225609756
v -14080.000000000 -19822.432518000 -202.225609756
v -14045.000000000 -19822.432518000 -202.225609756
vt 0.000000000 0.000000000
vt 3.000000000 0.000000000
vt 3.000000000 0.350000000
vn 0.000000000000 0.000000000000 -1.000000000000
vn 0.000000000000 0.000000000000 -1.000000000000
vn 0.000000000000 0.000000000000 -1.000000000000
f 2848/2848/2848 2849/2849/2849 2850/2850/2850
v -14080.000000000 -19822.432518000 -157.225609756
v -14045.000000000 -20122.432518000 -157.225609756
v -14045.000000000 -19822.432518000 -157.225609756
vt 0.000000000 0.000000000
vt 3.020347662 0.000000000
vt 0.040558245 0.347642099
vn -0.000000000000 0.000000000000 1.000000000000
vn -0.000000000000 0.000000000000 1.000000000000
vn -0.000000000000 0.000000000000 1.000000000000
f 2851/2851/2851 2852/2852/2852 2853/2853/2853
v -14080.000000000 -19822.432518000 -157.225609756
v -14080.000000000 -20122.432518000 -157.225609756
v -14045.000000000 -20122.432518000 -157.225609756
vt 0.000000000 0.000000000
vt 3.000000000 0.000000000
vt 3.000000000 0.350000000
vn 0.000000000000 0.000000000000 1.000000000000
vn 0.000000000000 0.000000000000 1.000000000000
vn 0.000000000000 0.000000000000 1.000000000000
f 2854/2854/2854 2855/2855/2855 2856/2856/2856
v -14080.000000000 -19822.432518000 -202.225609756
v -14045.000000000 -19822.432518000 -157.225609756
v -14045.000000000 -19822.432518000 -202.225609756
vt 0.000000000 0.000000000
vt 0.570087713 0.000000000
vt 0.214879215 0.276273276
vn 0.000000000000 1.000000000000 0.000000000000
vn 0.000000000000 1.000000000000 0.000000000000
vn 0.000000000000 1.000000000000 0.000000000000
f 2857/2857/2857 2858/2858/2858 2859/2859/2859
v -14080.000000000 -19822.432518000 -202.225609756
v -14080.000000000 -19822.432518000 -157.225609756
v -14045.000000000 -19822.432518000 -157.225609756
vt 0.000000000 0.000000000
vt 0.450000000 0.000000000
vt 0.450000000 0.350000000
vn 0.000000000000 1.000000000000 0.000000000000
vn 0.000000000000 1.000000000000 0.000000000000
vn 0.000000000000 1.000000000000 0.000000000000
f 2860/2860/2860 2861/2861/2861 2862/2862/2862
v -14045.000000000 -19822.432518000 -202.225609756
v -14045.000000000 -20122.432518000 -157.225609756
v -14045.000000000 -20122.432518000 -202.225609756
vt 0.000000000 0.000000000
vt 3.033562262 0.000000000
vt 2.966809059 0.445021359
vn 1.000000000000 0.000000000000 0.000000000000
vn 1.000000000000 0.000000000000 0.000000000000
vn 1.000000000000 0.000000000000 0.000000000000
f 2863/2863/2863 2864/2864/2864 2865/2865/2865
v -14045.000000000 -19822.432518000 -202.225609756
v -14045.000000000 -19822.432518000 -157.225609756
v -14045.000000000 -20122.432518000 -157.225609756
vt 0.000000000 0.000000000
vt 0.450000000 0.000000000
vt 0.450000000 3.000000000
vn 1.000000000000 0.000000000000 -0.000000000000
vn 1.000000000000 0.000000000000 -0.000000000000
vn 1.000000000000 0.000000000000 -0.000000000000
f 2866/2866/2866 2867/2867/2867 2868/2868/2868
v -14045.000000000 -20122.432518000 -202.225609756
v -14080.000000000 -20122.432518000 -157.225609756
v -14080.000000000 -20122.432518000 -202.225609756
vt 0.000000000 0.000000000
vt 0.570087713 0.000000000
vt 0.214879215 0.276273276
vn 0.000000000000 -1.000000000000 0.000000000000
vn 0.000000000000 -1.000000000000 0.000000000000
vn 0.000000000000 -1.000000000000 0.000000000000
f 2869/2869/2869 2870/2870/2870 2871/2871/2871
v -14045.000000000 -20122.432518000 -202.225609756
v -14045.000000000 -20122.432518000 -157.225609756
v -14080.000000000 -20122.432518000 -157.225609756
vt 0.000000000 0.000000000
vt 0.450000000 0.000000000
vt 0.450000000 0.350000000
vn 0.000000000000 -1.000000000000 0.000000000000
vn 0.000000000000 -1.000000000000 0.000000000000
vn 0.000000000000 -1.000000000000 0.000000000000
f 2872/2872/2872 2873/2873/2873 2874/2874/2874
v -14080.000000000 -20122.432518000 -202.225609756
v -14080.000000000 -19822.432518000 -157.225609756
v -14080.000000000 -19822.432518000 -202.225609756
vt 0.000000000 0.000000000
vt 3.033562262 0.000000000
vt 2.966809059 0.445021359
vn -1.000000000000 0.000000000000 0.000000000000
vn -1.000000000000 0.000000000000 0.000000000000
vn -1.000000000000 0.000000000000 0.000000000000
f 2875/2875/2875 2876/2876/2876 2877/2877/2877
v -14080.000000000 -20122.432518000 -202.225609756
v -14080.000000000 -20122.432518000 -157.225609756
v -14080.000000000 -19822.432518000 -157.225609756
vt 0.000000000 0.000000000
vt 0.450000000 0.000000000
vt 0.450000000 3.000000000
vn -1.000000000000 0.000000000000 0.000000000000
vn -1.000000000000 0.000000000000 0.000000000000
vn -1.000000000000 0.000000000000 0.000000000000
f 2878/2878/2878 2879/2879/2879 2880/2880/2880
v -14045.000000000 -20122.432518000 -184.756097561
v -14010.000000000 -19822.432518000 -184.756097561
v -14010.000000000 -20122.432518000 -184.756097561
vt 0.000000000 0.000000000
vt 3.020347662 0.000000000
vt 0.040558245 0.347642099
vn 0.000000000000 0.000000000000 -1.000000000000
vn 0.000000000000 0.000000000000 -1.000000000000
vn 0.000000000000 0.000000000000 -1.000000000000
f 2881/2881/2881 2882/2882/2882 2883/2883/2883
v -14045.000000000 -20122.432518000 -184.756097561
v -14045.000000000 -19822.432518000 -184.756097561
v -14010.000000000 -19822.432518000 -184.756097561
vt 0.000000000 0.000000000
vt 3.000000000 0.000000000
vt 3.000000000 0.350000000
vn 0.000000000000 0.000000000000 -1.000000000000
vn 0.000000000000 0.000000000000 -1.000000000000
vn 0.000000000000 0.000000000000 -1.000000000000
f 2884/2884/2884 2885/2885/2885 2886/2886/2886
v -14045.000000000 -19822.432518000 -139.756097561
v -14010.000000000 -20122.432518000 -139.756097561
v -14010.000000000 -19822.432518000 -139.756097561
vt 0.000000000 0.000000000
vt 3.020347662 0.000000000
vt 0.040558245 0.347642099
vn -0.000000000000 0.000000000000 1.000000000000
vn -0.000000000000 0.000000000000 1.000000000000
vn -0.000000000000 0.000000000000 1.000000000000
f 2887/2887/2887 2888/2888/2888 2889/2889/2889
v -14045.000000000 -19822.432518000 -139.756097561
v -14045.000000000 -20122.432518000 -139.756097561
v -14010.000000000 -20122.432518000 -139.756097561
vt 0.000000000 0.000000000
vt 3.000000000 0.000000000
vt 3.000000000 0.350000000
vn 0.000000000000 0.000000000000 1.000000000000
vn 0.000000000000 0.000000000000 1.000000000000
vn 0.000000000000 0.000000000000 1.000000000000
f 2890/2890/2890 2891/2891/2891 2892/2892/2892
v -14045.000000000 -19822.432518000 -184.756097561
v -14010.000000000 -19822.432518000 -139.756097561
v -14010.000000000 -19822.432518000 -184.756097561
vt 0.000000000 0.000000000
vt 0.570087713 0.000000000
vt 0.214879215 0.276273276
vn 0.000000000000 1.000000000000 0.000000000000
vn 0.000000000000 1.000000000000 0.000000000000
vn 0.000000000000 1.000000000000 0.000000000000
f 2893/2893/2893 2894/2894/2894 2895/2895/2895
v -14045.000000000 -19822.432518000 -184.756097561
v -14045.000000000 -19822.432518000 -139.756097561
v -14010.000000000 -19822.432518000 -139.756097561
vt 0.000000000 0.000000000
vt 0.450000000 0.000000000
vt 0.450000000 0.350000000
vn 0.000000000000 1.000000000000 0.000000000000
vn 0.000000000000 1.000000000000 0.000000000000
vn 0.000000000000 1.000000000000 0.000000000000
f 2896/2896/2896 2897/2897/2897 2898/2898/2898
v -14010.000000000 -19822.432518000 -184.756097561
v -14010.000000000 -20122.432518000 -139.756097561
v -14010.000000000 -20122.432518000 -184.756097561
vt 0.000000000 0.000000000
vt 3.033562262 0.000000000
vt 2.966809059 0.445021359
vn 1.000000000000 0.000000000000 0.000000000000
vn 1.000000000000 0.000000000000 0.000000000000
vn 1.000000000000 0.000000000000 0.000000000000
f 2899/2899/2899 2900/2900/2900 2901/2901/2901
v -14010.000000000 -19822.432518000 -184.756097561
v -14010.000000000 -19822.432518000 -139.756097561
v -14010.000000000 -20122.432518000 -139.756097561
vt 0.000000000 0.000000000
vt 0.450000000 0.000000000
vt 0.450000000 3.000000000
vn 1.000000000000 0.000000000000 -0.000000000000
vn 1.000000000000 0.000000000000 -0.000000000000
vn 1.000000000000 0.000000000000 -0.000000000000
f 2902/2902/2902 2903/2903/2903 2904/2904/2904
v -14010.000000000 -20122.432518000 -184.756097561
v -14045.000000000 -20122.432518000 -139.756097561
v -14045.000000000 -20122.432518000 -184.756097561
vt 0.000000000 0.000000000
vt 0.570087713 0.000000000
vt 0.214879215 0.276273276
vn 0.000000000000 -1.000000000000 0.000000000000
vn 0.000000000000 -1.000000000000 0.000000000000
vn 0.000000000000 -1.000000000000 0.000000000000
f 2905/2905/2905 2906/2906/2906 2907/2907/2907
v -14010.000000000 -20122.432518000 -184.756097561
v -14010.000000000 -20122.432518000 -139.756097561
v -14045.000000000 -20122.432518000 -139.756097561
vt 0.000000000 0.000000000
vt 0.450000000 0.000000000
vt 0.450000000 0.350000000
vn 0.000000000000 -1.000000000000 0.000000000000
vn 0.000000000000 -1.000000000000 0.000000000000
vn 0.000000000000 -1.000000000000 0.000000000000
f 2908/2908/2908 2909/2909/2909 2910/2910/2910
v -14045.000000000 -20122.432518000 -184.756097561
v -14045.000000000 -19822.432518000 -139.756097561
v -14045.000000000 -19822.432518000 -184.756097561
vt 0.000000000 0.000000000
vt 3.033562262 0.000000000
vt 2.966809059 0.445021359
vn -1.000000000000 0.000000000000 0.000000000000
vn -1.000000000000 0.000000000000 0.000000000000
vn -1.000000000000 0.000000000000 0.000000000000
f 2911/2911/2911 2912/2912/2912 2913/2913/2913
v -14045.000000000 -20122.432518000 -184.756097561
v -14045.000000000 -20122.432518000 -139.756097561
v -14045.000000000 -19822.432518000 -139.756097561
vt 0.000000000 0.000000000
vt 0.450000000 0.000000000
vt 0.450000000 3.000000000
vn -1.000000000000 0.000000000000 0.000000000000
vn -1.000000000000 0.000000000000 0.000000000000
vn -1.000000000000 0.000000000000 0.000000000000
f 2914/2914/2914 2915/2915/2915 2916/2916/2916
v -14010.000000000 -20122.432518000 -167.286585366
v -13975.000000000 -19822.432518000 -167.286585366
v -13975.000000000 -20122.432518000 -167.286585366
vt 0.000000000 0.000000000
vt 3.020347662 0.000000000
vt 0.040558245 0.347642099
vn 0.000000000000 0.000000000000 -1.000000000000
vn 0.000000000000 0.000000000000 -1.000000000000
vn 0.000000000000 0.000000000000 -1.000000000000
f 2917/2917/2917 2918/2918/2918 2919/2919/2919
v -14010.000000000 -20122.432518000 -167.286585366
v -14010.000000000 -19822.432518000 -167.286585366
v -13975.000000000 -19822.432518000 -167.286585366
vt 0.000000000 0.000000000
vt 3.000000000 0.000000000
vt 3.000000000 0.350000000
vn 0.000000000000 0.000000000000 -1.000000000000
vn 0.000000000000 0.000000000000 -1.000000000000
vn 0.000000000000 0.000000000000 -1.000000000000
f 2920/2920/2920 2921/2921/2921 2922/2922/2922
v -14010.000000000 -19822.432518000 -122.286585366
v -13975.000000000 -20122.432518000 -122.286585366
v -13975.000000000 -19822.432518000 -122.286585366
vt 0.000000000 0.000000000
vt 3.020347662 0.000000000
vt 0.040558245 0.347642099
vn -0.000000000000 0.000000000000 1.000000000000
vn -0.000000000000 0.000000000000 1.000000000000
vn -0.000000000000 0.000000000000 1.000000000000
f 2923/2923/2923 2924/2924/2924 2925/2925/2925
v -14010.000000000 -19822.432518000 -122.286585366
v -14010.000000000 -20122.432518000 -122.286585366
v -13975.000000000 -20122.432518000 -122.286585366
vt 0.000000000 0.000000000
vt 3.000000000 0.000000000
vt 3.000000000 0.350000000
vn 0.000000000000 0.000000000000 1.000000000000
vn 0.000000000000 0.000000000000 1.000000000000
vn 0.000000000000 0.000000000000 1.000000000000
f 2926/2926/2926 2927/2927/2927 2928/2928/2928
v -14010.000000000 -19822.432518000 -167.286585366
v -13975.000000000 -19822.432518000 -122.286585366
v -13975.000000000 -19822.432518000 -167.286585366
vt 0.000000000 0.000000000
vt 0.570087713 0.000000000
vt 0.214879215 0.276273276
vn 0.000000000000 1.000000000000 0.000000000000
vn 0.000000000000 1.000000000000 0.000000000000
vn 0.000000000000 1.000000000000 0.000000000000
f 2929/2929/2929 2930/2930/2930 2931/2931/2931
v -14010.000000000 -19822.432518000 -167.286585366
v -14010.000000000 -19822.432518000 -122.286585366
v -13975.000000000 -19822.432518000 -122.286585366
vt 0.000000000 0.000000000
vt 0.450000000 0.000000000
vt 0.450000000 0.350000000
vn 0.000000000000 1.000000000000 0.000000000000
vn 0.000000000000 1.000000000000 0.000000000000
vn 0.000000000000 1.000000000000 0.000000000000
f 2932/2932/2932 2933/2933/2933 2934/2934/2934
v -13975.000000000 -19822.432518000 -167.286585366
v -13975.000000000 -20122.432518000 -122.286585366
v -13975.000000000 -20122.432518000 -167.286585366
vt 0.000000000 0.000000000
vt 3.033562262 0.000000000
vt 2.966809059 0.445021359
vn 1.000000000000 0.000000000000 0.000000000000
vn 1.000000000000 0.000000000000 0.000000000000
vn 1.000000000000 0.000000000000 0.000000000000
f 2935/2935/2935 2936/2936/2936 2937/2937/2937
v -13975.000000000 -19822.432518000 -167.286585366
v -13975.000000000 -19822.432518000 -122.286585366
v -13975.000000000 -20122.432518000 -122.286585366
vt 0.000000000 0.000000000
vt 0.450000000 0.000000000
vt 0.450000000 3.000000000
vn 1.000000000000 0.000000000000 -0.000000000000
vn 1.000000000000 0.000000000000 -0.000000000000
vn 1.000000000000 0.000000000000 -0.000000000000
f 2938/2938/2938 2939/2939/2939 2940/2940/2940
v -13975.000000000 -20122.432518000 -167.286585366
v -14010.000000000 -20122.432518000 -122.286585366
v -14010.000000000 -20122.432518000 -167.286585366
vt 0.000000000 0.000000000
vt 0.570087713 0.000000000
vt 0.214879215 0.276273276
vn 0.000000000000 -1.000000000000 0.000000000000
vn 0.000000000000 -1.000000000000 0.000000000000
vn 0.000000000000 -1.000000000000 0.000000000000
f 2941/2941/2941 2942/2942/2942 2943/2943/2943
v -13975.000000000 -20122.432518000 -167.286585366
v -13975.000000000 -20122.432518000 -122.286585366
v -14010.000000000 -20122.432518000 -122.286585366
vt 0.000000000 0.000000000
vt 0.450000000 0.000000000
vt 0.450000000 0.350000000
vn 0.000000000000 -1.000000000000 0.000000000000
vn 0.000000000000 -1.000000000000 0.000000000000
vn 0.000000000000 -1.000000000000 0.000000000000
f 2944/2944/2944 2945/2945/2945 2946/2946/2946
v -14010.000000000 -20122.432518000 -167.286585366
v -14010.000000000 -19822.432518000 -122.286585366
v -14010.000000000 -19822.432518000 -167.286585366
vt 0.000000000 0.000000000
vt 3.033562262 0.000000000
vt 2.966809059 0.445021359
vn -1.000000000000 0.000000000000 0.000000000000
vn -1.000000000000 0.000000000000 0.000000000000
vn -1.000000000000 0.000000000000 0.000000000000
f 2947/2947/2947 2948/2948/2948 2949/2949/2949
v -14010.000000000 -20122.432518000 -167.286585366
v -14010.000000000 -20122.432518000 -122.286585366
v -14010.000000000 -19822.432518000 -122.286585366
vt 0.000000000 0.000000000
vt 0.450000000 0.000000000
vt 0.450000000 3.000000000
vn -1.000000000000 0.000000000000 0.000000000000
vn -1.000000000000 0.000000000000 0.000000000000
vn -1.000000000000 0.000000000000 0.000000000000
f 2950/2950/2950 2951/2951/2951 2952/2952/2952
v -13975.000000000 -20122.432518000 -149.817073171
v -13940.000000000 -19822.432518000 -149.817073171
v -13940.000000000 -20122.432518000 -149.817073171
vt 0.000000000 0.000000000
vt 3.020347662 0.000000000
vt 0.040558245 0.347642099
vn 0.000000000000 0.000000000000 -1.000000000000
vn 0.000000000000 0.000000000000 -1.000000000000
vn 0.000000000000 0.000000000000 -1.000000000000
f 2953/2953/2953 2954/2954/2954 2955/2955/2955
v -13975.000000000 -20122.432518000 -149.817073171
v -13975.000000000 -19822.432518000 -149.817073171
v -13940.000000000 -19822.432518000 -149.817073171
vt 0.000000000 0.000000000
vt 3.000000000 0.000000000
vt 3.000000000 0.350000000
vn 0.000000000000 0.000000000000 -1.000000000000
vn 0.000000000000 0.000000000000 -1.000000000000
vn 0.000000000000 0.000000000000 -1.000000000000
f 2956/2956/2956 2957/2957/2957 2958/2958/2958
v -13975.000000000 -19822.432518000 -104.817073171
v -13940.000000000 -20122.432518000 -104.817073171
v -13940.000000000 -19822.432518000 -104.817073171
vt 0.000000000 0.000000000
vt 3.020347662 0.000000000
vt 0.040558245 0.347642099
vn -0.000000000000 0.000000000000 1.000000000000
vn -0.000000000000 0.000000000000 1.000000000000
vn -0.000000000000 0.000000000000 1.000000000000
f 2959/2959/2959 2960/2960/2960 2961/2961/2961
v -13975.000000000 -19822.432518000 -104.817073171
v -13975.000000000 -20122.432518000 -104.817073171
v -13940.000000000 -20122.432518000 -104.817073171
vt 0.000000000 0.000000000
vt 3.000000000 0.000000000
vt 3.000000000 0.350000000
vn 0.000000000000 0.000000000000 1.000000000000
vn 0.000000000000 0.000000000000 1.000000000000
vn 0.000000000000 0.000000000000 1.000000000000
f 2962/2962/2962 2963/2963/2963 2964/2964/2964
v -13975.000000000 -19822.432518000 -149.817073171
v -13940.000000000 -19822.432518000 -104.817073171
v -13940.000000000 -19822.432518000 -149.817073171
vt 0.000000000 0.000000000
vt 0.570087713 0.000000000
vt 0.214879215 0.276273276
vn 0.000000000000 1.000000000000 0.000000000000
vn 0.000000000000 1.000000000000 0.000000000000
vn 0.000000000000 1.000000000000 0.000000000000
f 2965/2965/2965 2966/2966/2966 2967/2967/2967
v -13975.000000000 -19822.432518000 -149.817073171
v -13975.000000000 -19822.432518000 -104.817073171
v -13940.000000000 -19822.432518000 -104.817073171
vt 0.000000000 0.000000000
vt 0.450000000 0.000000000
vt 0.450000000 0.350000000
vn 0.000000000000 1.000000000000 0.000000000000
vn 0.000000000000 1.000000000000 0.000000000000
vn 0.000000000000 1.000000000000 0.000000000000
f 2968/2968/2968 2969/2969/2969 2970/2970/2970
v -13940.000000000 -19822.432518000 -149.817073171
v -13940.000000000 -20122.432518000 -104.817073171
v -13940.000000000 -20122.432518000 -149.817073171
vt 0.000000000 0.000000000
vt 3.033562262 0.000000000
vt 2.966809059 0.445021359
vn 1.000000000000 0.000000000000 0.000000000000
vn 1.000000000000 0.000000000000 0.000000000000
vn 1.000000000000 0.000000000000 0.000000000000
f 2971/2971/2971 2972/2972/2972 2973/2973/2973
v -13940.000000000 -19822.432518000 -149.817073171
v -13940.000000000 -19822.432518000 -104.817073171
v -13940.000000000 -20122.432518000 -104.817073171
vt 0.000000000 0.000000000
vt 0.450000000 0.000000000
vt 0.450000000 3.000000000
vn 1.000000000000 0.000000000000 -0.000000000000
vn 1.000000000000 0.000000000000 -0.000000000000
vn 1.000000000000 0.000000000000 -0.000000000000
f 2974/2974/2974 2975/2975/2975 2976/2976/2976
v -13940.000000000 -20122.432518000 -149.817073171
v -13975.000000000 -20122.432518000 -104.817073171
v -13975.000000000 -20122.432518000 -149.817073171
vt 0.000000000 0.000000000
vt 0.570087713 0.000000000
vt 0.214879215 0.276273276
vn 0.000000000000 -1.000000000000 0.000000000000
vn 0.000000000000 -1.000000000000 0.000000000000
vn 0.000000000000 -1.000000000000 0.000000000000
f 2977/2977/2977 2978/2978/2978 2979/2979/2979
v -13940.000000000 -20122.432518000 -149.817073171
v -13940.000000000 -20122.432518000 -104.817073171
v -13975.000000000 -20122.432518000 -104.817073171
vt 0.000000000 0.000000000
vt 0.450000000 0.000000000
vt 0.450000000 0.350000000
vn 0.000000000000 -1.000000000000 0.000000000000
vn 0.000000000000 -1.000000000000 0.000000000000
vn 0.000000000000 -1.000000000000 0.000000000000
f 2980/2980/2980 2981/2981/2981 2982/2982/2982
v -13975.000000000 -20122.432518000 -149.817073171
v -13975.000000000 -19822.432518000 -104.817073171
v -13975.000000000 -19822.432518000 -149.817073171
vt 0.000000000 0.000000000
vt 3.033562262 0.000000000
vt 2.966809059 0.445021359
vn -1.000000000000 0.000000000000 0.000000000000
vn -1.000000000000 0.000000000000 0.000000000000
vn -1.000000000000 0.000000000000 0.000000000000
f 2983/2983/2983 2984/2984/2984 2985/2985/2985
v -13975.000000000 -20122.432518000 -149.817073171
v -13975.000000000 -20122.432518000 -104.817073171
v -13975.000000000 -19822.432518000 -104.817073171
vt 0.000000000 0.000000000
vt 0.450000000 0.000000000
vt 0.450000000 3.000000000
vn -1.000000000000 0.000000000000 0.000000000000
vn -1.000000000000 0.000000000000 0.000000000000
vn -1.000000000000 0.000000000000 0.000000000000
f 2986/2986/2986 2987/2987/2987 2988/2988/2988
v -13940.000000000 -20122.432518000 -132.347560976
v -13905.000000000 -19822.432518000 -132.347560976
v -13905.000000000 -20122.432518000 -132.347560976
vt 0.000000000 0.000000000
vt 3.020347662 0.000000000
vt 0.040558245 0.347642099
vn 0.000000000000 0.000000000000 -1.000000000000
vn 0.000000000000 0.000000000000 -1.000000000000
vn 0.000000000000 0.000000000000 -1.000000000000
f 2989/2989/2989 2990/2990/2990 2991/2991/2991
v -13940.000000000 -20122.432518000 -132.347560976
v -13940.000000000 -19822.432518000 -132.347560976
v -13905.000000000 -19822.432518000 -132.347560976
vt 0.000000000 0.000000000
vt 3.000000000 0.000000000
vt 3.000000000 0.350000000
vn 0.000000000000 0.000000000000 -1.000000000000
vn 0.000000000000 0.000000000000 -1.000000000000
vn 0.000000000000 0.000000000000 -1.000000000000
f 2992/2992/2992 2993/2993/2993 2994/2994/2994
v -13940.000000000 -19822.432518000 -87.347560976
v -13905.000000000 -20122.432518000 -87.347560976
v -13905.000000000 -19822.432518000 -87.347560976
vt 0.000000000 0.000000000
vt 3.020347662 0.000000000
vt 0.040558245 0.347642099
vn -0.000000000000 0.000000000000 1.000000000000
vn -0.000000000000 0.000000000000 1.000000000000
vn -0.000000000000 0.000000000000 1.000000000000
f 2995/2995/2995 2996/2996/2996 2997/2997/2997
v -13940.000000000 -19822.432518000 -87.347560976
v -13940.000000000 -20122.432518000 -87.347560976
v -13905.000000000 -20122.432518000 -87.347560976
vt 0.000000000 0.000000000
vt 3.000000000 0.000000000
vt 3.000000000 0.350000000
vn 0.000000000000 0.000000000000 1.000000000000
vn 0.000000000000 0.000000000000 1.000000000000
vn 0.000000000000 0.000000000000 1.000000000000
f 2998/2998/2998 2999/2999/2999 3000/3000/3000
v -13940.000000000 -19822.432518000 -132.347560976
v -13905.000000000 -19822.432518000 -87.347560976
v -13905.000000000 -19822.432518000 -132.347560976
vt 0.000000000 0.000000000
vt 0.570087713 0.000000000
vt 0.214879215 0.276273276
vn 0.000000000000 1.000000000000 0.000000000000
vn 0.000000000000 1.000000000000 0.000000000000
vn 0.000000000000 1.000000000000 0.000000000000
f 3001/3001/3001 3002/3002/3002 3003/3003/3003
v -13940.000000000 -19822.432518000 -132.347560976
v -13940.000000000 -19822.432518000 -87.347560976
v -13905.000000000 -19822.432518000 -87.347560976
vt 0.000000000 0.000000000
vt 0.450000000 0.000000000
vt 0.450000000 0.350000000
vn 0.000000000000 1.000000000000 0.000000000000
vn 0.000000000000 1.000000000000 0.000000000000
vn 0.000000000000 1.000000000000 0.000000000000
f 3004/3004/3004 3005/3005/3005 3006/3006/3006
v -13905.000000000 -19822.432518000 -132.347560976
v -13905.000000000 -20122.432518000 -87.347560976
v -13905.000000000 -20122.432518000 -132.347560976
vt 0.000000000 0.000000000
vt 3.033562262 0.000000000
vt 2.966809059 0.445021359
vn 1.000000000000 0.000000000000 0.000000000000
vn 1.000000000000 0.000000000000 0.000000000000
vn 1.000000000000 0.000000000000 0.000000000000
f 3007/3007/3007 3008/3008/3008 3009/3009/3009
v -13905.000000000 -19822.432518000 -132.347560976
v -13905.000000000 -19822.432518000 -87.347560976
v -13905.000000000 -20122.432518000 -87.347560976
vt 0.000000000 0.000000000
vt 0.450000000 0.000000000
vt 0.450000000 3.000000000
vn 1.000000000000 0.000000000000 -0.000000000000
vn 1.000000000000 0.000000000000 -0.000000000000
vn 1.000000000000 0.000000000000 -0.000000000000
f 3010/3010/3010 3011/3011/3011 3012/3012/3012
v -13905.000000000 -20122.432518000 -132.347560976
v -13940.000000000 -20122.432518000 -87.347560976
v -13940.000000000 -20122.432518000 -132.347560976
vt 0.000000000 0.000000000
vt 0.570087713 0.000000000
vt 0.214879215 0.276273276
vn 0.000000000000 -1.000000000000 0.000000000000
vn 0.000000000000 -1.000000000000 0.000000000000
vn 0.000000000000 -1.000000000000 0.000000000000
f 3013/3013/3013 3014/3014/3014 3015/3015/3015
v -13905.000000000 -20122.432518000 -132.347560976
v -13905.000000000 -20122.432518000 -87.347560976
v -13940.000000000 -20122.432518000 -87.347560976
vt 0.000000000 0.000000000
vt 0.450000000 0.000000000
vt 0.450000000 0.350000000
vn 0.000000000000 -1.000000000000 0.000000000000
vn 0.000000000000 -1.000000000000 0.000000000000
vn 0.000000000000 -1.000000000000 0.000000000000
f 3016/3016/3016 3017/3017/3017 3018/3018/3018
v -13940.000000000 -20122.432518000 -132.347560976
v -13940.000000000 -19822.432518000 -87.347560976
v -13940.000000000 -19822.432518000 -132.347560976
vt 0.000000000 0.000000000
vt 3.033562262 0.000000000
vt 2.966809059 0.445021359
vn -1.000000000000 0.000000000000 0.000000000000
vn -1.000000000000 0.000000000000 0.000000000000
vn -1.000000000000 0.000000000000 0.000000000000
f 3019/3019/3019 3020/3020/3020 3021/3021/3021
v -13940.000000000 -20122.432518000 -132.347560976
v -13940.000000000 -20122.432518000 -87.347560976
v -13940.000000000 -19822.432518000 -87.347560976
vt 0.000000000 0.000000000
vt 0.450000000 0.000000000
vt 0.450000000 3.000000000
vn -1.000000000000 0.000000000000 0.000000000000
vn -1.000000000000 0.000000000000 0.000000000000
vn -1.000000000000 0.000000000000 0.000000000000
f 3022/3022/3022 3023/3023/3023 3024/3024/3024
v -13905.000000000 -20122.432518000 -114.878048780
v -13870.000000000 -19822.432518000 -114.878048780
v -13870.000000000 -20122.432518000 -114.878048780
vt 0.000000000 0.000000000
vt 3.020347662 0.000000000
vt 0.040558245 0.347642099
vn 0.000000000000 0.000000000000 -1.000000000000
vn 0.000000000000 0.000000000000 -1.000000000000
vn 0.000000000000 0.000000000000 -1.000000000000
f 3025/3025/3025 3026/3026/3026 3027/3027/3027
v -13905.000000000 -20122.432518000 -114.878048780
v -13905.000000000 -19822.432518000 -114.878048780
v -13870.000000000 -19822.432518000 -114.878048780
vt 0.000000000 0.000000000
vt 3.000000000 0.000000000
vt 3.000000000 0.350000000
vn 0.000000000000 0.000000000000 -1.000000000000
vn 0.000000000000 0.000000000000 -1.000000000000
vn 0.000000000000 0.000000000000 -1.000000000000
f 3028/3028/3028 3029/3029/3029 3030/3030/3030
v -13905.000000000 -19822.432518000 -69.878048780
v -13870.000000000 -20122.432518000 -69.878048780
v -13870.000000000 -19822.432518000 -69.878048780
vt 0.000000000 0.000000000
vt 3.020347662 0.000000000
vt 0.040558245 0.347642099
vn -0.000000000000 0.000000000000 1.000000000000
vn -0.000000000000 0.000000000000 1.000000000000
vn -0.000000000000 0.000000000000 1.000000000000
f 3031/3031/3031 3032/3032/3032 3033/3033/3033
v -13905.000000000 -19822.432518000 -69.878048780
v -13905.000000000 -20122.432518000 -69.878048780
v -13870.000000000 -20122.432518000 -69.878048780
vt 0.000000000 0.000000000
vt 3.000000000 0.000000000
vt 3.000000000 0.350000000
vn 0.000000000000 0.000000000000 1.000000000000
vn 0.000000000000 0.000000000000 1.000000000000
vn 0.000000000000 0.000000000000 1.000000000000
f 3034/3034/3034 3035/3035/3035 3036/3036/3036
v -13905.000000000 -19822.432518000 -114.878048780
v -13870.000000000 -19822.432518000 -69.878048780
v -13870.000000000 -19822.432518000 -114.878048780
vt 0.000000000 0.000000000
vt 0.570087713 0.000000000
vt 0.214879215 0.276273276
vn 0.000000000000 1.000000000000 0.000000000000
vn 0.000000000000 1.000000000000 0.000000000000
vn 0.000000000000 1.000000000000 0.000000000000
f 3037/3037/3037 3038/3038/3038 3039/3039/3039
v -13905.000000000 -19822.432518000 -114.878048780
v -13905.000000000 -19822.432518000 -69.878048780
v -13870.000000000 -19822.432518000 -69.878048780
vt 0.000000000 0.000000000
vt 0.450000000 0.000000000
vt 0.450000000 0.350000000
vn 0.000000000000 1.000000000000 0.000000000000
vn 0.000000000000 1.000000000000 0.000000000000
vn 0.000000000000 1.000000000000 0.000000000000
f 3040/3040/3040 3041/3041/3041 3042/3042/3042
v -13870.000000000 -19822.432518000 -114.878048780
v -13870.000000000 -20122.432518000 -69.878048780
v -13870.000000000 -20122.432518000 -114.878048780
vt 0.000000000 0.000000000
vt 3.033562262 0.000000000
vt 2.966809059 0.445021359
vn 1.000000000000 0.000000000000 0.000000000000
vn 1.000000000000 0.000000000000 0.000000000000
vn 1.000000000000 0.000000000000 0.000000000000
f 3043/3043/3043 3044/3044/3044 3045/3045/3045
v -13870.000000000 -19822.432518000 -114.878048780
v -13870.000000000 -19822.432518000 -69.878048780
v -13870.000000000 -20122.432518000 -69.878048780
vt 0.000000000 0.000000000
vt 0.450000000 0.000000000
vt 0.450000000 3.000000000
vn 1.000000000000 0.000000000000 -0.000000000000
vn 1.000000000000 0.000000000000 -0.000000000000
vn 1.000000000000 0.000000000000 -0.000000000000
f 3046/3046/3046 3047/3047/3047 3048/3048/3048
v -13870.000000000 -20122.432518000 -114.878048780
v -13905.000000000 -20122.432518000 -69.878048780
v -13905.000000000 -20122.432518000 -114.878048780
vt 0.000000000 0.000000000
vt 0.570087713 0.000000000
vt 0.214879215 0.276273276
vn 0.000000000000 -1.000000000000 0.000000000000
vn 0.000000000000 -1.000000000000 0.000000000000
vn 0.000000000000 -1.000000000000 0.000000000000
f 3049/3049/3049 3050/3050/3050 3051/3051/3051
v -13870.000000000 -20122.432518000 -114.878048780
v -13870.000000000 -20122.432518000 -69.878048780
v -13905.000000000 -20122.432518000 -69.878048780
vt 0.000000000 0.000000000
vt 0.450000000 0.000000000
vt 0.450000000 0.350000000
vn 0.000000000000 -1.000000000000 0.000000000000
vn 0.000000000000 -1.000000000000 0.000000000000
vn 0.000000000000 -1.000000000000 0.000000000000
f 3052/3052/3052 3053/3053/3053 3054/3054/3054
v -13905.000000000 -20122.432518000 -114.878048780
v -13905.000000000 -19822.432518000 -69.878048780
v -13905.000000000 -19822.432518000 -114.878048780
vt 0.000000000 0.000000000
vt 3.033562262 0.000000000
vt 2.966809059 0.445021359
vn -1.000000000000 0.000000000000 0.000000000000
vn -1.000000000000 0.000000000000 0.000000000000
vn -1.000000000000 0.000000000000 0.000000000000
f 3055/3055/3055 3056/3056/3056 3057/3057/3057
v -13905.000000000 -20122.432518000 -114.878048780
v -13905.000000000 -20122.432518000 -69.878048780
v -13905.000000000 -19822.432518000 -69.878048780
vt 0.000000000 0.000000000
vt 0.450000000 0.000000000
vt 0.450000000 3.000000000
vn -1.000000000000 0.000000000000 0.000000000000
vn -1.000000000000 0.000000000000 0.000000000000
vn -1.000000000000 0.000000000000 0.000000000000
f 3058/3058/3058 3059/3059/3059 3060/3060/3060
v -13870.000000000 -20122.432518000 -97.408536585
v -13835.000000000 -19822.432518000 -97.408536585
v -13835.000000000 -20122.432518000 -97.408536585
vt 0.000000000 0.000000000
vt 3.020347662 0.000000000
vt 0.040558245 0.347642099
vn 0.000000000000 0.000000000000 -1.000000000000
vn 0.000000000000 0.000000000000 -1.000000000000
vn 0.000000000000 0.000000000000 -1.000000000000
f 3061/3061/3061 3062/3062/3062 3063/3063/3063
v -13870.000000000 -20122.432518000 -97.408536585
v -13870.000000000 -19822.432518000 -97.408536585
v -13835.000000000 -19822.432518000 -97.408536585
vt 0.000000000 0.000000000
vt 3.000000000 0.000000000
vt 3.000000000 0.350000000
vn 0.000000000000 0.000000000000 -1.000000000000
vn 0.000000000000 0.000000000000 -1.000000000000
vn 0.000000000000 0.000000000000 -1.000000000000
f 3064/3064/3064 3065/3065/3065 3066/3066/3066
v -13870.000000000 -19822.432518000 -52.408536585
v -13835.000000000 -20122.432518000 -52.408536585
v -13835.000000000 -19822.432518000 -52.408536585
vt 0.000000000 0.000000000
vt 3.020347662 0.000000000
vt 0.040558245 0.347642099
vn -0.000000000000 0.000000000000 1.000000000000
vn -0.000000000000 0.000000000000 1.000000000000
vn -0.000000000000 0.000000000000 1.000000000000
f 3067/3067/3067 3068/3068/3068 3069/3069/3069
v -13870.000000000 -19822.432518000 -52.408536585
v -13870.000000000 -20122.432518000 -52.408536585
v -13835.000000000 -20122.432518000 -52.408536585
vt 0.000000000 0.000000000
vt 3.000000000 0.000000000
vt 3.000000000 0.350000000
vn 0.000000000000 0.000000000000 1.000000000000
vn 0.000000000000 0.000000000000 1.000000000000
vn 0.000000000000 0.000000000000 1.000000000000
f 3070/3070/3070 3071/3071/3071 3072/3072/3072
v -13870.000000000 -19822.432518000 -97.408536585
v -13835.000000000 -19822.432518000 -52.408536585
v -13835.000000000 -19822.432518000 -97.408536585
vt 0.000000000 0.000000000
vt 0.570087713 0.000000000
vt 0.214879215 0.276273276
vn 0.000000000000 1.000000000000 0.000000000000
vn 0.000000000000 1.000000000000 0.000000000000
vn 0.000000000000 1.000000000000 0.000000000000
f 3073/3073/3073 3074/3074/3074 3075/3075/3075
v -13870.000000000 -19822.432518000 -97.408536585
v -13870.000000000 -19822.432518000 -52.408536585
v -13835.000000000 -19822.432518000 -52.408536585
vt 0.000000000 0.000000000
vt 0.450000000 0.000000000
vt 0.450000000 0.350000000
vn 0.000000000000 1.000000000000 0.000000000000
vn 0.000000000000 1.000000000000 0.000000000000
vn 0.000000000000 1.000000000000 0.000000000000
f 3076/3076/3076 3077/3077/3077 3078/3078/3078
v -13835.000000000 -19822.432518000 -97.408536585
v -13835.000000000 -20122.432518000 -52.408536585
v -13835.000000000 -20122.432518000 -97.408536585
vt 0.000000000 0.000000000
vt 3.033562262 0.000000000
vt 2.966809059 0.445021359
vn 1.000000000000 0.000000000000 0.000000000000
vn 1.000000000000 0.000000000000 0.000000000000
vn 1.000000000000 0.000000000000 0.000000000000
f 3079/3079/3079 3080/3080/3080 3081/3081/3081
v -13835.000000000 -19822.432518000 -97.408536585
v -13835.000000000 -19822.432518000 -52.408536585
v -13835.000000000 -20122.432518000 -52.408536585
vt 0.000000000 0.000000000
vt 0.450000000 0.000000000
vt 0.450000000 3.000000000
vn 1.000000000000 0.000000000000 -0.000000000000
vn 1.000000000000 0.000000000000 -0.000000000000
vn 1.000000000000 0.000000000000 -0.000000000000
f 3082/3082/3082 3083/3083/3083 3084/3084/3084
v -13835.000000000 -20122.432518000 -97.408536585
v -13870.000000000 -20122.432518000 -52.408536585
v -13870.000000000 -20122.432518000 -97.408536585
vt 0.000000000 0.000000000
vt 0.570087713 0.000000000
vt 0.214879215 0.276273276
vn 0.000000000000 -1.000000000000 0.000000000000
vn 0.000000000000 -1.000000000000 0.000000000000
vn 0.000000000000 -1.000000000000 0.000000000000
f 3085/3085/3085 3086/3086/3086 3087/3087/3087
v -13835.000000000 -20122.432518000 -97.408536585
v -13835.000000000 -20122.432518000 -52.408536585
v -13870.000000000 -20122.432518000 -52.408536585
vt 0.000000000 0.000000000
vt 0.450000000 0.000000000
vt 0.450000000 0.350000000
vn 0.000000000000 -1.000000000000 0.000000000000
vn 0.000000000000 -1.000000000000 0.000000000000
vn 0.000000000000 -1.000000000000 0.000000000000
f 3088/3088/3088 3089/3089/3089 3090/3090/3090
v -13870.000000000 -20122.432518000 -97.408536585
v -13870.000000000 -19822.432518000 -52.408536585
v -13870.000000000 -19822.432518000 -97.408536585
vt 0.000000000 0.000000000
vt 3.033562262 0.000000000
vt 2.966809059 0.445021359
vn -1.000000000000 0.000000000000 0.000000000000
vn -1.000000000000 0.000000000000 0.000000000000
vn -1.000000000000 0.000000000000 0.000000000000
f 3091/3091/3091 3092/3092/3092 3093/3093/3093
v -13870.000000000 -20122.432518000 -97.408536585
v -13870.000000000 -20122.432518000 -52.408536585
v -13870.000000000 -19822.432518000 -52.408536585
vt 0.000000000 0.000000000
vt 0.450000000 0.000000000
vt 0.450000000 3.000000000
vn -1.000000000000 0.000000000000 0.000000000000
vn -1.000000000000 0.000000000000 0.000000000000
vn -1.000000000000 0.000000000000 0.000000000000
f 3094/3094/3094 3095/3095/3095 3096/3096/3096
v -13835.000000000 -20122.432518000 -79.939024390
v -13800.000000000 -19822.432518000 -79.939024390
v -13800.000000000 -20122.432518000 -79.939024390
vt 0.000000000 0.000000000
vt 3.020347662 0.000000000
vt 0.040558245 0.347642099
vn 0.000000000000 0.000000000000 -1.000000000000
vn 0.000000000000 0.000000000000 -1.000000000000
vn 0.000000000000 0.000000000000 -1.000000000000
f 3097/3097/3097 3098/3098/3098 3099/3099/3099
v -13835.000000000 -20122.432518000 -79.939024390
v -13835.000000000 -19822.432518000 -79.939024390
v -13800.000000000 -19822.432518000 -79.939024390
vt 0.000000000 0.000000000
vt 3.000000000 0.000000000
vt 3.000000000 0.350000000
vn 0.000000000000 0.000000000000 -1.000000000000
vn 0.000000000000 0.000000000000 -1.000000000000
vn 0.000000000000 0.000000000000 -1.000000000000
f 3100/3100/3100 3101/3101/3101 3102/3102/3102
v -13835.000000000 -19822.432518000 -34.939024390
v -13800.000000000 -20122.432518000 -34.939024390
v -13800.000000000 -19822.432518000 -34.939024390
vt 0.000000000 0.000000000
vt 3.020347662 0.000000000
vt 0.040558245 0.347642099
vn -0.000000000000 0.000000000000 1.000000000000
vn -0.000000000000 0.000000000000 1.000000000000
vn -0.000000000000 0.000000000000 1.000000000000
f 3103/3103/3103 3104/3104/3104 3105/3105/3105
v -13835.000000000 -19822.432518000 -34.939024390
v -13835.000000000 -20122.432518000 -34.939024390
v -13800.000000000 -20122.432518000 -34.939024390
vt 0.000000000 0.000000000
vt 3.000000000 0.000000000
vt 3.000000000 0.350000000
vn 0.000000000000 0.000000000000 1.000000000000
vn 0.000000000000 0.000000000000 1.000000000000
vn 0.000000000000 0.000000000000 1.000000000000
f 3106/3106/3106 3107/3107/3107 3108/3108/3108
v -13835.000000000 -19822.432518000 -79.939024390
v -13800.000000000 -19822.432518000 -34.939024390
v -13800.000000000 -19822.432518000 -79.939024390
vt 0.000000000 0.000000000
vt 0.570087713 0.000000000
vt 0.214879215 0.276273276
vn 0.000000000000 1.000000000000 0.000000000000
vn 0.000000000000 1.000000000000 0.000000000000
vn 0.000000000000 1.000000000000 0.000000000000
f 3109/3109/3109 3110/3110/3110 3111/3111/3111
v -13835.000000000 -19822.432518000 -79.939024390
v -13835.000000000 -19822.432518000 -34.939024390
v -13800.000000000 -19822.432518000 -34.939024390
vt 0.000000000 0.000000000
vt 0.450000000 0.000000000
vt 0.450000000 0.350000000
vn 0.000000000000 1.000000000000 0.000000000000
vn 0.000000000000 1.000000000000 0.000000000000
vn 0.000000000000 1.000000000000 0.000000000000
f 3112/3112/3112 3113/3113/3113 3114/3114/3114
v -13800.000000000 -19822.432518000 -79.939024390
v -13800.000000000 -20122.432518000 -34.939024390
v -13800.000000000 -20122.432518000 -79.939024390
vt 0.000000000 0.000000000
vt 3.033562262 0.000000000
vt 2.966809059 0.445021359
vn 1.000000000000 0.000000000000 0.000000000000
vn 1.000000000000 0.000000000000 0.000000000000
vn 1.000000000000 0.000000000000 0.000000000000
f 3115/3115/3115 3116/3116/3116 3117/3117/3117
v -13800.000000000 -19822.432518000 -79.939024390
v -13800.000000000 -19822.432518000 -34.939024390
v -13800.000000000 -20122.432518000 -34.939024390
vt 0.000000000 0.000000000
vt 0.450000000 0.000000000
vt 0.450000000 3.000000000
vn 1.000000000000 0.000000000000 -0.000000000000
vn 1.000000000000 0.000000000000 -0.000000000000
vn 1.000000000000 0.000000000000 -0.000000000000
f 3118/3118/3118 3119/3119/3119 3120/3120/3120
v -13800.000000000 -20122.432518000 -79.939024390
v -13835.000000000 -20122.432518000 -34.939024390
v -13835.000000000 -20122.432518000 -79.939024390
vt 0.000000000 0.000000000
vt 0.570087713 0.000000000
vt 0.214879215 0.276273276
vn 0.000000000000 -1.000000000000 0.000000000000
vn 0.000000000000 -1.000000000000 0.000000000000
vn 0.000000000000 -1.000000000000 0.000000000000
f 3121/3121/3121 3122/3122/3122 3123/3123/3123
v -13800.000000000 -20122.432518000 -79.939024390
v -13800.000000000 -20122.432518000 -34.939024390
v -13835.000000000 -20122.432518000 -34.939024390
vt 0.000000000 0.000000000
vt 0.450000000 0.000000000
vt 0.450000000 0.350000000
vn 0.000000000000 -1.000000000000 0.000000000000
vn 0.000000000000 -1.000000000000 0.000000000000
vn 0.000000000000 -1.000000000000 0.000000000000
f 3124/3124/3124 3125/3125/3125 3126/3126/3126
v -13835.000000000 -20122.432518000 -79.939024390
v -13835.000000000 -19822.432518000 -34.939024390
v -13835.000000000 -19822.432518000 -79.939024390
vt 0.000000000 0.000000000
vt 3.033562262 0.000000000
vt 2.966809059 0.445021359
vn -1.000000000000 0.000000000000 0.000000000000
vn -1.000000000000 0.000000000000 0.000000000000
vn -1.000000000000 0.000000000000 0.000000000000
f 3127/3127/3127 3128/3128/3128 3129/3129/3129
v -13835.000000000 -20122.432518000 -79.939024390
v -13835.000000000 -20122.432518000 -34.939024390
v -13835.000000000 -19822.432518000 -34.939024390
vt 0.000000000 0.000000000
vt 0.450000000 0.000000000
vt 0.450000000 3.000000000
vn -1.000000000000 0.000000000000 0.000000000000
vn -1.000000000000 0.000000000000 0.000000000000
vn -1.000000000000 0.000000000000 0.000000000000
f 3130/3130/3130 3131/3131/3131 3132/3132/3132
v -13800.000000000 -20122.432518000 -62.469512195
v -13765.000000000 -19822.432518000 -62.469512195
v -13765.000000000 -20122.432518000 -62.469512195
vt 0.000000000 0.000000000
vt 3.020347662 0.000000000
vt 0.040558245 0.347642099
vn 0.000000000000 0.000000000000 -1.000000000000
vn 0.000000000000 0.000000000000 -1.000000000000
vn 0.000000000000 0.000000000000 -1.000000000000
f 3133/3133/3133 3134/3134/3134 3135/3135/3135
v -13800.000000000 -20122.432518000 -62.469512195
v -13800.000000000 -19822.432518000 -62.469512195
v -13765.000000000 -19822.432518000 -62.469512195
vt 0.000000000 0.000000000
vt 3.000000000 0.000000000
vt 3.000000000 0.350000000
vn 0.000000000000 0.000000000000 -1.000000000000
vn 0.000000000000 0.000000000000 -1.000000000000
vn 0.000000000000 0.000000000000 -1.000000000000
f 3136/3136/3136 3137/3137/3137 3138/3138/3138
v -13800.000000000 -19822.432518000 -17.469512195
v -13765.000000000 -20122.432518000 -17.469512195
v -13765.000000000 -19822.432518000 -17.469512195
vt 0.000000000 0.000000000
vt 3.020347662 0.000000000
vt 0.040558245 0.347642099
vn -0.000000000000 0.000000000000 1.000000000000
vn -0.000000000000 0.000000000000 1.000000000000
vn -0.000000000000 0.000000000000 1.000000000000
f 3139/3139/3139 3140/3140/3140 3141/3141/3141
v -13800.000000000 -19822.432518000 -17.469512195
v -13800.000000000 -20122.432518000 -17.469512195
v -13765.000000000 -20122.432518000 -17.469512195
vt 0.000000000 0.000000000
vt 3.000000000 0.000000000
vt 3.000000000 0.350000000
vn 0.000000000000 0.000000000000 1.000000000000
vn 0.000000000000 0.000000000000 1.000000000000
vn 0.000000000000 0.000000000000 1.000000000000
f 3142/3142/3142 3143/3143/3143 3144/3144/3144
v -13800.000000000 -19822.432518000 -62.469512195
v -13765.000000000 -19822.432518000 -17.469512195
v -13765.000000000 -19822.432518000 -62.469512195
vt 0.000000000 0.000000000
vt 0.570087713 0.000000000
vt 0.214879215 0.276273276
vn 0.000000000000 1.000000000000 0.000000000000
vn 0.000000000000 1.000000000000 0.000000000000
vn 0.000000000000 1.000000000000 0.000000000000
f 3145/3145/3145 3146/3146/3146 3147/3147/3147
v -13800.000000000 -19822.432518000 -62.469512195
v -13800.000000000 -19822.432518000 -17.469512195
v -13765.000000000 -19822.432518000 -17.469512195
vt 0.000000000 0.000000000
vt 0.450000000 0.000000000
vt 0.450000000 0.350000000
vn 0.000000000000 1.000000000000 0.000000000000
vn 0.000000000000 1.000000000000 0.000000000000
vn 0.000000000000 1.000000000000 0.000000000000
f 3148/3148/3148 3149/3149/3149 3150/3150/3150
v -13765.000000000 -19822.432518000 -62.469512195
v -13765.000000000 -20122.432518000 -17.469512195
v -13765.000000000 -20122.432518000 -62.469512195
vt 0.000000000 0.000000000
vt 3.033562262 0.000000000
vt 2.966809059 0.445021359
vn 1.000000000000 0.000000000000 0.000000000000
vn 1.000000000000 0.000000000000 0.000000000000
vn 1.000000000000 0.000000000000 0.000000000000
f 3151/3151/3151 3152/3152/3152 3153/3153/3153
v -13765.000000000 -19822.432518000 -62.469512195
v -13765.000000000 -19822.432518000 -17.469512195
v -13765.000000000 -20122.432518000 -17.469512195
vt 0.000000000 0.000000000
vt 0.450000000 0.000000000
vt 0.450000000 3.000000000
vn 1.000000000000 0.000000000000 -0.000000000000
vn 1.000000000000 0.000000000000 -0.000000000000
vn 1.000000000000 0.000000000000 -0.000000000000
f 3154/3154/3154 3155/3155/3155 3156/3156/3156
v -13765.000000000 -20122.432518000 -62.469512195
v -13800.000000000 -20122.432518000 -17.469512195
v -13800.000000000 -20122.432518000 -62.469512195
vt 0.000000000 0.000000000
vt 0.570087713 0.000000000
vt 0.214879215 0.276273276
vn 0.000000000000 -1.000000000000 0.000000000000
vn 0.000000000000 -1.000000000000 0.000000000000
vn 0.000000000000 -1.000000000000 0.000000000000
f 3157/3157/3157 3158/3158/3158 3159/3159/3159
v -13765.000000000 -20122.432518000 -62.469512195
v -13765.000000000 -20122.432518000 -17.469512195
v -13800.000000000 -20122.432518000 -17.469512195
vt 0.000000000 0.000000000
vt 0.450000000 0.000000000
vt 0.450000000 0.350000000
vn 0.000000000000 -1.000000000000 0.000000000000
vn 0.000000000000 -1.000000000000 0.000000000000
vn 0.000000000000 -1.000000000000 0.000000000000
f 3160/3160/3160 3161/3161/3161 3162/3162/3162
v -13800.000000000 -20122.432518000 -62.469512195
v -13800.000000000 -19822.432518000 -17.469512195
v -13800.000000000 -19822.432518000 -62.469512195
vt 0.000000000 0.000000000
vt 3.033562262 0.000000000
vt 2.966809059 0.445021359
vn -1.000000000000 0.000000000000 0.000000000000
vn -1.000000000000 0.000000000000 0.000000000000
vn -1.000000000000 0.000000000000 0.000000000000
f 3163/3163/3163 3164/3164/3164 3165/3165/3165
v -13800.000000000 -20122.432518000 -62.469512195
v -13800.000000000 -20122.432518000 -17.469512195
v -13800.000000000 -19822.432518000 -17.469512195
vt 0.000000000 0.000000000
vt 0.450000000 0.000000000
vt 0.450000000 3.000000000
vn -1.000000000000 0.000000000000 0.000000000000
vn -1.000000000000 0.000000000000 0.000000000000
vn -1.000000000000 0.000000000000 0.000000000000
f 3166/3166/3166 3167/3167/3167 3168/3168/3168
v -13765.000000000 -20122.432518000 -45.000000000
v -13730.000000000 -19822.432518000 -45.000000000
v -13730.000000000 -20122.432518000 -45.000000000
vt 0.000000000 0.000000000
vt 3.020347662 0.000000000
vt 0.040558245 0.347642099
vn 0.000000000000 0.000000000000 -1.000000000000
vn 0.000000000000 0.000000000000 -1.000000000000
vn 0.000000000000 0.000000000000 -1.000000000000
f 3169/3169/3169 3170/3170/3170 3171/3171/3171
v -13765.000000000 -20122.432518000 -45.000000000
v -13765.000000000 -19822.432518000 -45.000000000
v -13730.000000000 -19822.432518000 -45.000000000
vt 0.000000000 0.000000000
vt 3.000000000 0.000000000
vt 3.000000000 0.350000000
vn 0.000000000000 0.000000000000 -1.000000000000
vn 0.000000000000 0.000000000000 -1.000000000000
vn 0.000000000000 0.000000000000 -1.000000000000
f 3172/3172/3172 3173/3173/3173 3174/3174/3174
v -13765.000000000 -19822.432518000 0.000000000
v -13730.000000000 -20122.432518000 0.000000000
v -13730.000000000 -19822.432518000 0.000000000
vt 0.000000000 0.000000000
vt 3.020347662 0.000000000
vt 0.040558245 0.347642099
vn -0.000000000000 0.000000000000 1.000000000000
vn -0.000000000000 0.000000000000 1.000000000000
vn -0.000000000000 0.000000000000 1.000000000000
f 3175/3175/3175 3176/3176/3176 3177/3177/3177
v -13765.000000000 -19822.432518000 0.000000000
v -13765.000000000 -20122.432518000 0.000000000
v -13730.000000000 -20122.432518000 0.000000000
vt 0.000000000 0.000000000
vt 3.000000000 0.000000000
vt 3.000000000 0.350000000
vn 0.000000000000 0.000000000000 1.000000000000
vn 0.000000000000 0.000000000000 1.000000000000
vn 0.000000000000 0.000000000000 1.000000000000
f 3178/3178/3178 3179/3179/3179 3180/3180/3180
v -13765.000000000 -19822.432518000 -45.000000000
v -13730.000000000 -19822.432518000 0.000000000
v -13730.000000000 -19822.432518000 -45.000000000
vt 0.000000000 0.000000000
vt 0.570087713 0.000000000
vt 0.214879215 0.276273276
vn 0.000000000000 1.000000000000 0.000000000000
vn 0.000000000000 1.000000000000 0.000000000000
vn 0.000000000000 1.000000000000 0.000000000000
f 3181/3181/3181 3182/3182/3182 3183/3183/3183
v -13765.000000000 -19822.432518000 -45.000000000
v -13765.000000000 -19822.432518000 0.000000000
v -13730.000000000 -19822.432518000 0.000000000
vt 0.000000000 0.000000000
vt 0.450000000 0.000000000
vt 0.450000000 0.350000000
vn 0.000000000000 1.000000000000 0.000000000000
vn 0.000000000000 1.000000000000 0.000000000000
vn 0.000000000000 1.000000000000 0.000000000000
f 3184/3184/3184 3185/3185/3185 3186/3186/3186
v -13730.000000000 -19822.432518000 -45.000000000
v -13730.000000000 -20122.432518000 0.000000000
v -13730.000000000 -20122.432518000 -45.000000000
vt 0.000000000 0.000000000
vt 3.033562262 0.000000000
vt 2.966809059 0.445021359
vn 1.000000000000 0.000000000000 0.000000000000
vn 1.000000000000 0.000000000000 0.000000000000
vn 1.000000000000 0.000000000000 0.000000000000
f 3187/3187/3187 3188/3188/3188 3189/3189/3189
v -13730.000000000 -19822.432518000 -45.000000000
v -13730.000000000 -19822.432518000 0.000000000
v -13730.000000000 -20122.432518000 0.000000000
vt 0.000000000 0.000000000
vt 0.450000000 0.000000000
vt 0.450000000 3.000000000
vn 1.000000000000 0.000000000000 -0.000000000000
vn 1.000000000000 0.000000000000 -0.000000000000
vn 1.000000000000 0.000000000000 -0.000000000000
f 3190/3190/3190 3191/3191/3191 3192/3192/3192
v -13730.000000000 -20122.432518000 -45.000000000
v -13765.000000000 -20122.432518000 0.000000000
v -13765.000000000 -20122.432518000 -45.000000000
vt 0.000000000 0.000000000
vt 0.570087713 0.000000000
vt 0.214879215 0.276273276
vn 0.000000000000 -1.000000000000 0.000000000000
vn 0.000000000000 -1.000000000000 0.000000000000
vn 0.000000000000 -1.000000000000 0.000000000000
f 3193/3193/3193 3194/3194/3194 3195/3195/3195
v -13730.000000000 -20122.432518000 -45.000000000
v -13730.000000000 -20122.432518000 0.000000000
v -13765.000000000 -20122.432518000 0.000000000
vt 0.000000000 0.000000000
vt 0.450000000 0.000000000
vt 0.450000000 0.350000000
vn 0.000000000000 -1.000000000000 0.000000000000
vn 0.000000000000 -1.000000000000 0.000000000000
vn 0.000000000000 -1.000000000000 0.000000000000
f 3196/3196/3196 3197/3197/3197 3198/3198/3198
v -13765.000000000 -20122.432518000 -45.000000000
v -13765.000000000 -19822.432518000 0.000000000
v -13765.000000000 -19822.432518000 -45.000000000
vt 0.000000000 0.000000000
vt 3.033562262 0.000000000
vt 2.966809059 0.445021359
vn -1.000000000000 0.000000000000 0.000000000000
vn -1.000000000000 0.000000000000 0.000000000000
vn -1.000000000000 0.000000000000 0.000000000000
f 3199/3199/3199 3200/3200/3200 3201/3201/3201
v -13765.000000000 -20122.432518000 -45.000000000
v -13765.000000000 -20122.432518000 0.000000000
v -13765.000000000 -19822.432518000 0.000000000
vt 0.000000000 0.000000000
vt 0.450000000 0.000000000
vt 0.450000000 3.000000000
vn -1.000000000000 0.000000000000 0.000000000000
vn -1.000000000000 0.000000000000 0.000000000000
vn -1.000000000000 0.000000000000 0.000000000000
f 3202/3202/3202 3203/3203/3203 3204/3204/3204
v -13730.000000000 -20122.432518000 -45.000000000
v -12500.000000000 -19822.432518000 -45.000000000
v -12500.000000000 -20122.432518000 -45.000000000
vt 0.000000000 0.000000000
vt 12.660568708 0.000000000
vt 11.949700167 2.914561016
vn 0.000000000000 0.000000000000 -1.000000000000
vn 0.000000000000 0.000000000000 -1.000000000000
vn 0.000000000000 0.000000000000 -1.000000000000
f 3205/3205/3205 3206/3206/3206 3207/3207/3207
v -13730.000000000 -20122.432518000 -45.000000000
v -13730.000000000 -19822.432518000 -45.000000000
v -12500.000000000 -19822.432518000 -45.000000000
vt 0.000000000 0.000000000
vt 3.000000000 0.000000000
vt 3.000000000 12.300000000
vn 0.000000000000 0.000000000000 -1.000000000000
vn 0.000000000000 0.000000000000 -1.000000000000
vn 0.000000000000 0.000000000000 -1.000000000000
f 3208/3208/3208 3209/3209/3209 3210/3210/3210
v -13730.000000000 -19822.432518000 0.000000000
v -12500.000000000 -20122.432518000 0.000000000
v -12500.000000000 -19822.432518000 0.000000000
vt 0.000000000 0.000000000
vt 12.660568708 0.000000000
vt 11.949700167 2.914561016
vn -0.000000000000 0.000000000000 1.000000000000
vn -0.000000000000 0.000000000000 1.000000000000
vn -0.000000000000 0.000000000000 1.000000000000
f 3211/3211/3211 3212/3212/3212 3213/3213/3213
v -13730.000000000 -19822.432518000 0.000000000
v -13730.000000000 -20122.432518000 0.000000000
v -12500.000000000 -20122.432518000 0.000000000
vt 0.000000000 0.000000000
vt 3.000000000 0.000000000
vt 3.000000000 12.300000000
vn 0.000000000000 0.000000000000 1.000000000000
vn 0.000000000000 0.000000000000 1.000000000000
vn 0.000000000000 0.000000000000 1.000000000000
f 3214/3214/3214 3215/3215/3215 3216/3216/3216
v -13730.000000000 -19822.432518000 -45.000000000
v -12500.000000000 -19822.432518000 0.000000000
v -12500.000000000 -19822.432518000 -45.000000000
vt 0.000000000 0.000000000
vt 12.308228955 0.000000000
vt 12.291776547 0.449699142
vn 0.000000000000 1.000000000000 0.000000000000
vn 0.000000000000 1.000000000000 0.000000000000
vn 0.000000000000 1.000000000000 0.000000000000
f 3217/3217/3217 3218/3218/3218 3219/3219/3219
v -13730.000000000 -19822.432518000 -45.000000000
v -13730.000000000 -19822.432518000 0.000000000
v -12500.000000000 -19822.432518000 0.000000000
vt 0.000000000 0.000000000
vt 0.450000000 0.000000000
vt 0.450000000 12.300000000
vn 0.000000000000 1.000000000000 0.000000000000
vn 0.000000000000 1.000000000000 0.000000000000
vn 0.000000000000 1.000000000000 0.000000000000
f 3220/3220/3220 3221/3221/3221 3222/3222/3222
v -12500.000000000 -19822.432518000 -45.000000000
v -12500.000000000 -20122.432518000 0.000000000
v -12500.000000000 -20122.432518000 -45.000000000
vt 0.000000000 0.000000000
vt 3.033562262 0.000000000
vt 2.966809059 0.445021359
vn 1.000000000000 0.000000000000 0.000000000000
vn 1.000000000000 0.000000000000 0.000000000000
vn 1.000000000000 0.000000000000 0.000000000000
f 3223/3223/3223 3224/3224/3224 3225/3225/3225
v -12500.000000000 -19822.432518000 -45.000000000
v -12500.000000000 -19822.432518000 0.000000000
v -12500.000000000 -20122.432518000 0.000000000
vt 0.000000000 0.000000000
vt 0.450000000 0.000000000
vt 0.450000000 3.000000000
vn 1.000000000000 0.000000000000 -0.000000000000
vn 1.000000000000 0.000000000000 -0.000000000000
vn 1.000000000000 0.000000000000 -0.000000000000
f 3226/3226/3226 3227/3227/3227 3228/3228/3228
v -12500.000000000 -20122.432518000 -45.000000000
v -13730.000000000 -20122.432518000 0.000000000
v -13730.000000000 -20122.432518000 -45.000000000
vt 0.000000000 0.000000000
vt 12.308228955 0.000000000
vt 12.291776547 0.449699142
vn 0.000000000000 -1.000000000000 0.000000000000
vn 0.000000000000 -1.000000000000 0.000000000000
vn 0.000000000000 -1.000000000000 0.000000000000
f 3229/3229/3229 3230/3230/3230 3231/3231/3231
v -12500.000000000 -20122.432518000 -45.000000000
v -12500.000000000 -20122.432518000 0.000000000
v -13730.000000000 -20122.432518000 0.000000000
vt 0.000000000 0.000000000
vt 0.450000000 0.000000000
vt 0.450000000 12.300000000
vn 0.000000000000 -1.000000000000 0.000000000000
vn 0.000000000000 -1.000000000000 0.000000000000
vn 0.000000000000 -1.000000000000 0.000000000000
f 3232/3232/3232 3233/3233/3233 3234/3234/3234
v -13730.000000000 -20122.432518000 -45.000000000
v -13730.000000000 -19822.432518000 0.000000000
v -13730.000000000 -19822.432518000 -45.000000000
vt 0.000000000 0.000000000
vt 3.033562262 0.000000000
vt 2.966809059 0.445021359
vn -1.000000000000 0.000000000000 0.000000000000
vn -1.000000000000 0.000000000000 0.000000000000
vn -1.000000000000 0.000000000000 0.000000000000
f 3235/3235/3235 3236/3236/3236 3237/3237/3237
v -13730.000000000 -20122.432518000 -45.000000000
v -13730.000000000 -20122.432518000 0.000000000
v -13730.000000000 -19822.432518000 0.000000000
vt 0.000000000 0.000000000
vt 0.450000000 0.000000000
vt 0.450000000 3.000000000
vn -1.000000000000 0.000000000000 0.000000000000
vn -1.000000000000 0.000000000000 0.000000000000
vn -1.000000000000 0.000000000000 0.000000000000
f 3238/3238/3238 3239/3239/3239 3240/3240/3240
