case,time,basis,scale,previous,rootx,rooty,rootz,yaw,phase,wpx,wpy,wpz,nx,ny,nz,p0,p1,p2,p3,p4,p5,p6,p7,p8,p9,p10,p11,p12,p13,p14,p15,p16,p17,p18,p19,p20,p21,p22,p23,p24,p25,p26,p27,p28,p29,p30,p31,p32,p33,p34,p35,p36,p37,p38,p39,p40,p41,p42,p43,p44,p45,p46,p47,p48,p49,p50,p51,p52,p53,p54,p55,p56,p57,p58,p59,p60,p61,p62,p63,p64,p65,p66,p67,p68,p69,p70,p71,p72,p73,p74,p75,p76
0,599.999939,35,0.920000017,0,-30,-20,0,-35,0.170000002,-19.2578621,-27.5491447,2.75999999,0.300006658,0.400008857,0.86601907,0,0.0322580636,0.0645161271,0.0967741907,0.129032254,0.161290318,0.193548381,0.225806445,0.258064508,0.290322572,0.322580636,0.354838699,0.387096763,0.419354826,0.45161289,0.483870953,0.516129017,0.54838711,0.580645144,0.612903237,0.645161271,0.677419364,0.709677398,0.741935492,0.774193525,601.200012,0.838709652,0.870967746,0.90322578,0.935483873,9001,1,-30,-20,0,1,0,0,1,60,20,94.2477798,126,600,1.39999998,-35,1,1,50,114.75,0,0.699999988,0.170000002,0.0083368076,1,-40,-20,0,1,0,0,1,60,20,94.2477798,126,599.799988,1.39999998,-35,1,1,40,114.75,0,0.699999988,0.170000002,0.0083368076
0,599.999939,35,0.920000017,1,-22.0043945,-20,0,-35,0.320025921,-11.2622566,-27.5491447,2.75999999,0.300006658,0.400008857,0.86601907,0,0.0322580636,0.0645161271,0.0967741907,0.129032254,0.161290318,0.193548381,0.225806445,0.258064508,0.290322572,0.322580636,0.354838699,0.387096763,0.419354826,0.45161289,0.483870953,0.516129017,0.54838711,0.580645144,0.612903237,0.645161271,0.677419364,0.709677398,0.741935492,0.774193525,601.200012,0.838709652,0.870967746,0.90322578,0.935483873,9001,1,-30,-20,0,1,0,0,1,60,20,94.2477798,126,600,1.39999998,-35,1,1,50,114.75,0,0.699999988,0.170000002,0.0083368076,1,-40,-20,0,1,0,0,1,60,20,94.2477798,126,599.799988,1.39999998,-35,1,1,40,114.75,0,0.699999988,0.170000002,0.0083368076
0,600,35,0.920000017,0,-30,-20,0,-35,0.170000002,-19.2579174,-27.5491467,2.75999999,0.300006658,0.400008857,0.86601907,0,0.0322580636,0.0645161271,0.0967741907,0.129032254,0.161290318,0.193548381,0.225806445,0.258064508,0.290322572,0.322580636,0.354838699,0.387096763,0.419354826,0.45161289,0.483870953,0.516129017,0.54838711,0.580645144,0.612903237,0.645161271,0.677419364,0.709677398,0.741935492,0.774193525,601.200012,0.838709652,0.870967746,0.90322578,0.935483873,9001,1,-30,-20,0,1,0,0,1,60,20,94.2477798,126,600,1.39999998,-35,1,1,50,114.75,0,0.699999988,0.170000002,0.0083368076,1,-40,-20,0,1,0,0,1,60,20,94.2477798,126,599.799988,1.39999998,-35,1,1,40,114.75,0,0.699999988,0.170000002,0.0083368076
0,600,35,0.920000017,1,-21.9989014,-20,0,-35,0.320071697,-11.2568188,-27.5491467,2.75999999,0.300006658,0.400008857,0.86601907,0,0.0322580636,0.0645161271,0.0967741907,0.129032254,0.161290318,0.193548381,0.225806445,0.258064508,0.290322572,0.322580636,0.354838699,0.387096763,0.419354826,0.45161289,0.483870953,0.516129017,0.54838711,0.580645144,0.612903237,0.645161271,0.677419364,0.709677398,0.741935492,0.774193525,601.200012,0.838709652,0.870967746,0.90322578,0.935483873,9001,1,-30,-20,0,1,0,0,1,60,20,94.2477798,126,600,1.39999998,-35,1,1,50,114.75,0,0.699999988,0.170000002,0.0083368076,1,-40,-20,0,1,0,0,1,60,20,94.2477798,126,599.799988,1.39999998,-35,1,1,40,114.75,0,0.699999988,0.170000002,0.0083368076
0,600.000061,35,0.920000017,0,-29.9945068,-20,0,-35,0.170045793,-19.2524796,-27.5491447,2.75999999,0.300006658,0.400008857,0.86601907,0,0.0322580636,0.0645161271,0.0967741907,0.129032254,0.161290318,0.193548381,0.225806445,0.258064508,0.290322572,0.322580636,0.354838699,0.387096763,0.419354826,0.45161289,0.483870953,0.516129017,0.54838711,0.580645144,0.612903237,0.645161271,0.677419364,0.709677398,0.741935492,0.774193525,601.200012,0.838709652,0.870967746,0.90322578,0.935483873,9001,1,-30,-20,0,1,0,0,1,60,20,94.2477798,126,600,1.39999998,-35,1,1,50,114.75,0,0.699999988,0.170000002,0.0083368076,1,-40,-20,0,1,0,0,1,60,20,94.2477798,126,599.799988,1.39999998,-35,1,1,40,114.75,0,0.699999988,0.170000002,0.0083368076
0,600.000061,35,0.920000017,1,-21.9934082,-20,0,-35,0.320117474,-11.2513809,-27.5491447,2.75999999,0.300006658,0.400008857,0.86601907,0,0.0322580636,0.0645161271,0.0967741907,0.129032254,0.161290318,0.193548381,0.225806445,0.258064508,0.290322572,0.322580636,0.354838699,0.387096763,0.419354826,0.45161289,0.483870953,0.516129017,0.54838711,0.580645144,0.612903237,0.645161271,0.677419364,0.709677398,0.741935492,0.774193525,601.200012,0.838709652,0.870967746,0.90322578,0.935483873,9001,1,-30,-20,0,1,0,0,1,60,20,94.2477798,126,600,1.39999998,-35,1,1,50,114.75,0,0.699999988,0.170000002,0.0083368076,1,-40,-20,0,1,0,0,1,60,20,94.2477798,126,599.799988,1.39999998,-35,1,1,40,114.75,0,0.699999988,0.170000002,0.0083368076
0,600.222229,35,0.920000017,0,-9.99938965,-20,0,-34.9994164,0.336741239,0.539036751,-27.5489216,2.75999999,0.300002545,0.400011897,0.86601907,0,0.0322580636,0.0645161271,0.0967741907,0.129032254,0.161290318,0.193548381,0.225806445,0.258064508,0.290322572,0.322580636,0.354838699,0.387096763,0.419354826,0.45161289,0.483870953,0.516129017,0.54838711,0.580645144,0.612903237,0.645161271,0.677419364,0.709677398,0.741935492,0.774193525,601.200012,0.838709652,0.870967746,0.90322578,0.935483873,9001,1,-30,-20,0,1,0,0,1,60,20,94.2477798,126,600,1.39999998,-35,1,1,50,114.75,0,0.699999988,0.170000002,0.0083368076,1,-40,-20,0,1,0,0,1,60,20,94.2477798,126,599.799988,1.39999998,-35,1,1,40,114.75,0,0.699999988,0.170000002,0.0083368076
0,600.222229,35,0.920000017,1,-2.26715851,-17.3196831,0,-17.8096352,0.486812949,4.84513998,-18.7611771,2.75999999,0.168383181,0.470805854,0.86601907,0,0.0322580636,0.0645161271,0.0967741907,0.129032254,0.161290318,0.193548381,0.225806445,0.258064508,0.290322572,0.322580636,0.354838699,0.387096763,0.419354826,0.45161289,0.483870953,0.516129017,0.54838711,0.580645144,0.612903237,0.645161271,0.677419364,0.709677398,0.741935492,0.774193525,601.200012,0.838709652,0.870967746,0.90322578,0.935483873,9001,1,-30,-20,0,1,0,0,1,60,20,94.2477798,126,600,1.39999998,-35,1,1,50,114.75,0,0.699999988,0.170000002,0.0083368076,1,-40,-20,0,1,0,0,1,60,20,94.2477798,126,599.799988,1.39999998,-35,1,1,40,114.75,0,0.699999988,0.170000002,0.0083368076
0,601.269409,35,0.920000017,0,50,39.9990463,0,54.9990921,0.122453809,30.3417721,45.3844261,2.75999999,-0.400004089,0.300012976,0.86601907,0,0.0322580636,0.0645161271,0.0967741907,0.129032254,0.161290318,0.193548381,0.225806445,0.258064508,0.290322572,0.322580636,0.354838699,0.387096763,0.419354826,0.45161289,0.483870953,0.516129017,0.54838711,0.580645144,0.612903237,0.645161271,0.677419364,0.709677398,0.741935492,0.774193525,601.200012,0.838709652,0.870967746,0.90322578,0.935483873,9001,1,-30,-20,0,1,0,0,1,60,20,94.2477798,126,600,1.39999998,-35,1,1,50,114.75,0,0.699999988,0.170000002,0.0083368076,1,-40,-20,0,1,0,0,1,60,20,94.2477798,126,599.799988,1.39999998,-35,1,1,40,114.75,0,0.699999988,0.170000002,0.0083368076
0,601.269409,35,0.920000017,1,50,39.9990463,0,54.9990921,0.122453809,30.3417721,45.3844261,2.75999999,-0.400004089,0.300012976,0.86601907,0,0.0322580636,0.0645161271,0.0967741907,0.129032254,0.161290318,0.193548381,0.225806445,0.258064508,0.290322572,0.322580636,0.354838699,0.387096763,0.419354826,0.45161289,0.483870953,0.516129017,0.54838711,0.580645144,0.612903237,0.645161271,0.677419364,0.709677398,0.741935492,0.774193525,601.200012,0.838709652,0.870967746,0.90322578,0.935483873,9001,1,-30,-20,0,1,0,0,1,60,20,94.2477798,126,600,1.39999998,-35,1,1,50,114.75,0,0.699999988,0.170000002,0.0083368076,1,-40,-20,0,1,0,0,1,60,20,94.2477798,126,599.799988,1.39999998,-35,1,1,40,114.75,0,0.699999988,0.170000002,0.0083368076
0,601.199951,35,0.920000017,0,49.6745453,33.7591324,0,49.0296097,0.0703386068,32.2699623,39.914135,2.75999999,-0.366634071,0.339986056,0.86601907,0,0.0322580636,0.0645161271,0.0967741907,0.129032254,0.161290318,0.193548381,0.225806445,0.258064508,0.290322572,0.322580636,0.354838699,0.387096763,0.419354826,0.45161289,0.483870953,0.516129017,0.54838711,0.580645144,0.612903237,0.645161271,0.677419364,0.709677398,0.741935492,0.774193525,601.200012,0.838709652,0.870967746,0.90322578,0.935483873,9001,1,-30,-20,0,1,0,0,1,60,20,94.2477798,126,600,1.39999998,-35,1,1,50,114.75,0,0.699999988,0.170000002,0.0083368076,1,-40,-20,0,1,0,0,1,60,20,94.2477798,126,599.799988,1.39999998,-35,1,1,40,114.75,0,0.699999988,0.170000002,0.0083368076
0,601.199951,35,0.920000017,1,40,51.7489243,0,55,0.220410228,20.3414345,57.1578865,2.75999999,-0.400008857,0.300006658,0.86601907,0,0.0322580636,0.0645161271,0.0967741907,0.129032254,0.161290318,0.193548381,0.225806445,0.258064508,0.290322572,0.322580636,0.354838699,0.387096763,0.419354826,0.45161289,0.483870953,0.516129017,0.54838711,0.580645144,0.612903237,0.645161271,0.677419364,0.709677398,0.741935492,0.774193525,601.200012,0.838709652,0.870967746,0.90322578,0.935483873,9001,1,-30,-20,0,1,0,0,1,60,20,94.2477798,126,600,1.39999998,-35,1,1,50,114.75,0,0.699999988,0.170000002,0.0083368076,1,-40,-20,0,1,0,0,1,60,20,94.2477798,126,599.799988,1.39999998,-35,1,1,40,114.75,0,0.699999988,0.170000002,0.0083368076
0,601.200012,35,0.920000017,0,49.6751175,33.764595,0,49.0348587,0.0703843832,32.2685165,39.9190254,2.75999999,-0.366665214,0.339952469,0.86601907,0,0.0322580636,0.0645161271,0.0967741907,0.129032254,0.161290318,0.193548381,0.225806445,0.258064508,0.290322572,0.322580636,0.354838699,0.387096763,0.419354826,0.45161289,0.483870953,0.516129017,0.54838711,0.580645144,0.612903237,0.645161271,0.677419364,0.709677398,0.741935492,0.774193525,601.200012,0.838709652,0.870967746,0.90322578,0.935483873,9001,1,-30,-20,0,1,0,0,1,60,20,94.2477798,126,600,1.39999998,-35,1,1,50,114.75,0,0.699999988,0.170000002,0.0083368076,1,-40,-20,0,1,0,0,1,60,20,94.2477798,126,599.799988,1.39999998,-35,1,1,40,114.75,0,0.699999988,0.170000002,0.0083368076
0,601.200012,35,0.920000017,1,49.6751175,33.764595,0,49.0348587,0.0703843832,32.2685165,39.9190254,2.75999999,-0.366665214,0.339952469,0.86601907,0,0.0322580636,0.0645161271,0.0967741907,0.129032254,0.161290318,0.193548381,0.225806445,0.258064508,0.290322572,0.322580636,0.354838699,0.387096763,0.419354826,0.45161289,0.483870953,0.516129017,0.54838711,0.580645144,0.612903237,0.645161271,0.677419364,0.709677398,0.741935492,0.774193525,601.200012,0.838709652,0.870967746,0.90322578,0.935483873,9001,1,-30,-20,0,1,0,0,1,60,20,94.2477798,126,600,1.39999998,-35,1,1,50,114.75,0,0.699999988,0.170000002,0.0083368076,1,-40,-20,0,1,0,0,1,60,20,94.2477798,126,599.799988,1.39999998,-35,1,1,40,114.75,0,0.699999988,0.170000002,0.0083368076
0,601.200073,35,0.920000017,0,49.6756897,33.7700577,0,49.0401001,0.0704301596,32.2670784,39.923912,2.75999999,-0.366696298,0.339918941,0.86601907,0,0.0322580636,0.0645161271,0.0967741907,0.129032254,0.161290318,0.193548381,0.225806445,0.258064508,0.290322572,0.322580636,0.354838699,0.387096763,0.419354826,0.45161289,0.483870953,0.516129017,0.54838711,0.580645144,0.612903237,0.645161271,0.677419364,0.709677398,0.741935492,0.774193525,601.200012,0.838709652,0.870967746,0.90322578,0.935483873,9001,1,-30,-20,0,1,0,0,1,60,20,94.2477798,126,600,1.39999998,-35,1,1,50,114.75,0,0.699999988,0.170000002,0.0083368076,1,-40,-20,0,1,0,0,1,60,20,94.2477798,126,599.799988,1.39999998,-35,1,1,40,114.75,0,0.699999988,0.170000002,0.0083368076
0,601.200073,35,0.920000017,1,49.6756897,33.7700577,0,49.0401001,0.0704301596,32.2670784,39.923912,2.75999999,-0.366696298,0.339918941,0.86601907,0,0.0322580636,0.0645161271,0.0967741907,0.129032254,0.161290318,0.193548381,0.225806445,0.258064508,0.290322572,0.322580636,0.354838699,0.387096763,0.419354826,0.45161289,0.483870953,0.516129017,0.54838711,0.580645144,0.612903237,0.645161271,0.677419364,0.709677398,0.741935492,0.774193525,601.200012,0.838709652,0.870967746,0.90322578,0.935483873,9001,1,-30,-20,0,1,0,0,1,60,20,94.2477798,126,600,1.39999998,-35,1,1,50,114.75,0,0.699999988,0.170000002,0.0083368076,1,-40,-20,0,1,0,0,1,60,20,94.2477798,126,599.799988,1.39999998,-35,1,1,40,114.75,0,0.699999988,0.170000002,0.0083368076
0,601.400024,35,0.920000017,0,50,51.7544212,0,55,0.220456004,30.3414345,57.1064529,2.75999999,-0.400008857,0.300006658,0.86601907,0,0.0322580636,0.0645161271,0.0967741907,0.129032254,0.161290318,0.193548381,0.225806445,0.258064508,0.290322572,0.322580636,0.354838699,0.387096763,0.419354826,0.45161289,0.483870953,0.516129017,0.54838711,0.580645144,0.612903237,0.645161271,0.677419364,0.709677398,0.741935492,0.774193525,601.200012,0.838709652,0.870967746,0.90322578,0.935483873,9001,1,-30,-20,0,1,0,0,1,60,20,94.2477798,126,600,1.39999998,-35,1,1,50,114.75,0,0.699999988,0.170000002,0.0083368076,1,-40,-20,0,1,0,0,1,60,20,94.2477798,126,599.799988,1.39999998,-35,1,1,40,114.75,0,0.699999988,0.170000002,0.0083368076
0,601.400024,35,0.920000017,1,50,51.7544212,0,55,0.220456004,30.3414345,57.1064529,2.75999999,-0.400008857,0.300006658,0.86601907,0,0.0322580636,0.0645161271,0.0967741907,0.129032254,0.161290318,0.193548381,0.225806445,0.258064508,0.290322572,0.322580636,0.354838699,0.387096763,0.419354826,0.45161289,0.483870953,0.516129017,0.54838711,0.580645144,0.612903237,0.645161271,0.677419364,0.709677398,0.741935492,0.774193525,601.200012,0.838709652,0.870967746,0.90322578,0.935483873,9001,1,-30,-20,0,1,0,0,1,60,20,94.2477798,126,600,1.39999998,-35,1,1,50,114.75,0,0.699999988,0.170000002,0.0083368076,1,-40,-20,0,1,0,0,1,60,20,94.2477798,126,599.799988,1.39999998,-35,1,1,40,114.75,0,0.699999988,0.170000002,0.0083368076
0,601.400085,35,0.920000017,0,50,51.7599106,0,55,0.220501781,30.3414345,57.111927,2.75999999,-0.400008857,0.300006658,0.86601907,0,0.0322580636,0.0645161271,0.0967741907,0.129032254,0.161290318,0.193548381,0.225806445,0.258064508,0.290322572,0.322580636,0.354838699,0.387096763,0.419354826,0.45161289,0.483870953,0.516129017,0.54838711,0.580645144,0.612903237,0.645161271,0.677419364,0.709677398,0.741935492,0.774193525,601.200012,0.838709652,0.870967746,0.90322578,0.935483873,9001,1,-30,-20,0,1,0,0,1,60,20,94.2477798,126,600,1.39999998,-35,1,1,50,114.75,0,0.699999988,0.170000002,0.0083368076,1,-40,-20,0,1,0,0,1,60,20,94.2477798,126,599.799988,1.39999998,-35,1,1,40,114.75,0,0.699999988,0.170000002,0.0083368076
0,601.400085,35,0.920000017,1,50,51.7599106,0,55,0.220501781,30.3414345,57.111927,2.75999999,-0.400008857,0.300006658,0.86601907,0,0.0322580636,0.0645161271,0.0967741907,0.129032254,0.161290318,0.193548381,0.225806445,0.258064508,0.290322572,0.322580636,0.354838699,0.387096763,0.419354826,0.45161289,0.483870953,0.516129017,0.54838711,0.580645144,0.612903237,0.645161271,0.677419364,0.709677398,0.741935492,0.774193525,601.200012,0.838709652,0.870967746,0.90322578,0.935483873,9001,1,-30,-20,0,1,0,0,1,60,20,94.2477798,126,600,1.39999998,-35,1,1,50,114.75,0,0.699999988,0.170000002,0.0083368076,1,-40,-20,0,1,0,0,1,60,20,94.2477798,126,599.799988,1.39999998,-35,1,1,40,114.75,0,0.699999988,0.170000002,0.0083368076
0,602.099976,35,0.920000017,0,50,114.747803,0,55,0.745619774,30.3414326,120.184746,2.75999999,-0.400008857,0.300006658,0.86601907,0,0.0322580636,0.0645161271,0.0967741907,0.129032254,0.161290318,0.193548381,0.225806445,0.258064508,0.290322572,0.322580636,0.354838699,0.387096763,0.419354826,0.45161289,0.483870953,0.516129017,0.54838711,0.580645144,0.612903237,0.645161271,0.677419364,0.709677398,0.741935492,0.774193525,601.200012,0.838709652,0.870967746,0.90322578,0.935483873,9001,1,-30,-20,0,1,0,0,1,60,20,94.2477798,126,600,1.39999998,-35,1,1,50,114.75,0,0.699999988,0.170000002,0.0083368076,1,-40,-20,0,1,0,0,1,60,20,94.2477798,126,599.799988,1.39999998,-35,1,1,40,114.75,0,0.699999988,0.170000002,0.0083368076
0,602.099976,35,0.920000017,1,50,114.747803,0,55,0.745619774,30.3414326,120.184746,2.75999999,-0.400008857,0.300006658,0.86601907,0,0.0322580636,0.0645161271,0.0967741907,0.129032254,0.161290318,0.193548381,0.225806445,0.258064508,0.290322572,0.322580636,0.354838699,0.387096763,0.419354826,0.45161289,0.483870953,0.516129017,0.54838711,0.580645144,0.612903237,0.645161271,0.677419364,0.709677398,0.741935492,0.774193525,601.200012,0.838709652,0.870967746,0.90322578,0.935483873,9001,1,-30,-20,0,1,0,0,1,60,20,94.2477798,126,600,1.39999998,-35,1,1,50,114.75,0,0.699999988,0.170000002,0.0083368076,1,-40,-20,0,1,0,0,1,60,20,94.2477798,126,599.799988,1.39999998,-35,1,1,40,114.75,0,0.699999988,0.170000002,0.0083368076
0,602.100098,35,0.920000017,0,50,114.75,0,55,0.745638013,30.3414364,120.186996,2.75999999,-0.400008857,0.300006658,0.86601907,0,0.0322580636,0.0645161271,0.0967741907,0.129032254,0.161290318,0.193548381,0.225806445,0.258064508,0.290322572,0.322580636,0.354838699,0.387096763,0.419354826,0.45161289,0.483870953,0.516129017,0.54838711,0.580645144,0.612903237,0.645161271,0.677419364,0.709677398,0.741935492,0.774193525,601.200012,0.838709652,0.870967746,0.90322578,0.935483873,9001,1,-30,-20,0,1,0,0,1,60,20,94.2477798,126,600,1.39999998,-35,1,1,50,114.75,0,0.699999988,0.170000002,0.0083368076,1,-40,-20,0,1,0,0,1,60,20,94.2477798,126,599.799988,1.39999998,-35,1,1,40,114.75,0,0.699999988,0.170000002,0.0083368076
0,602.100098,35,0.920000017,1,50,114.75,0,55,0.745638013,30.3414364,120.186996,2.75999999,-0.400008857,0.300006658,0.86601907,0,0.0322580636,0.0645161271,0.0967741907,0.129032254,0.161290318,0.193548381,0.225806445,0.258064508,0.290322572,0.322580636,0.354838699,0.387096763,0.419354826,0.45161289,0.483870953,0.516129017,0.54838711,0.580645144,0.612903237,0.645161271,0.677419364,0.709677398,0.741935492,0.774193525,601.200012,0.838709652,0.870967746,0.90322578,0.935483873,9001,1,-30,-20,0,1,0,0,1,60,20,94.2477798,126,600,1.39999998,-35,1,1,50,114.75,0,0.699999988,0.170000002,0.0083368076,1,-40,-20,0,1,0,0,1,60,20,94.2477798,126,599.799988,1.39999998,-35,1,1,40,114.75,0,0.699999988,0.170000002,0.0083368076
0,603,35,0.920000017,0,50,114.75,0,55,0.745638013,30.3414326,120.83091,2.75999999,-0.400008857,0.300006658,0.86601907,0,0.0322580636,0.0645161271,0.0967741907,0.129032254,0.161290318,0.193548381,0.225806445,0.258064508,0.290322572,0.322580636,0.354838699,0.387096763,0.419354826,0.45161289,0.483870953,0.516129017,0.54838711,0.580645144,0.612903237,0.645161271,0.677419364,0.709677398,0.741935492,0.774193525,601.200012,0.838709652,0.870967746,0.90322578,0.935483873,9001,1,-30,-20,0,1,0,0,1,60,20,94.2477798,126,600,1.39999998,-35,1,1,50,114.75,0,0.699999988,0.170000002,0.0083368076,1,-40,-20,0,1,0,0,1,60,20,94.2477798,126,599.799988,1.39999998,-35,1,1,40,114.75,0,0.699999988,0.170000002,0.0083368076
0,603,35,0.920000017,1,50,114.75,0,55,0.745638013,30.3414326,120.83091,2.75999999,-0.400008857,0.300006658,0.86601907,0,0.0322580636,0.0645161271,0.0967741907,0.129032254,0.161290318,0.193548381,0.225806445,0.258064508,0.290322572,0.322580636,0.354838699,0.387096763,0.419354826,0.45161289,0.483870953,0.516129017,0.54838711,0.580645144,0.612903237,0.645161271,0.677419364,0.709677398,0.741935492,0.774193525,601.200012,0.838709652,0.870967746,0.90322578,0.935483873,9001,1,-30,-20,0,1,0,0,1,60,20,94.2477798,126,600,1.39999998,-35,1,1,50,114.75,0,0.699999988,0.170000002,0.0083368076,1,-40,-20,0,1,0,0,1,60,20,94.2477798,126,599.799988,1.39999998,-35,1,1,40,114.75,0,0.699999988,0.170000002,0.0083368076
1,599.999939,35,0.920000017,0,-30,-20,0,-35,0.170000002,-19.2578621,-27.5491447,2.75999999,0.300006658,0.400008857,0.86601907,0,0.0322580636,0.0645161271,0.0967741907,0.129032254,0.161290318,0.193548381,0.225806445,0.258064508,0.290322572,0.322580636,0.354838699,0.387096763,0.419354826,0.45161289,0.483870953,0.516129017,0.54838711,0.580645144,0.612903237,0.645161271,0.677419364,0.709677398,0.741935492,0.774193525,601.200012,0.838709652,0.870967746,0.90322578,0.935483873,9001,1,-30,-20,0,1,0,0,-1,60,20,94.2477798,126,600,1.39999998,-35,-1,1,50,-154.75,0,0.699999988,0.170000002,0.0083368076,1,-40,-20,0,1,0,0,-1,60,20,94.2477798,126,599.799988,1.39999998,-35,-1,1,40,-154.75,0,0.699999988,0.170000002,0.0083368076
1,599.999939,35,0.920000017,1,-22.0043945,-20,0,-35,0.320025921,-11.2622566,-27.5491447,2.75999999,0.300006658,0.400008857,0.86601907,0,0.0322580636,0.0645161271,0.0967741907,0.129032254,0.161290318,0.193548381,0.225806445,0.258064508,0.290322572,0.322580636,0.354838699,0.387096763,0.419354826,0.45161289,0.483870953,0.516129017,0.54838711,0.580645144,0.612903237,0.645161271,0.677419364,0.709677398,0.741935492,0.774193525,601.200012,0.838709652,0.870967746,0.90322578,0.935483873,9001,1,-30,-20,0,1,0,0,-1,60,20,94.2477798,126,600,1.39999998,-35,-1,1,50,-154.75,0,0.699999988,0.170000002,0.0083368076,1,-40,-20,0,1,0,0,-1,60,20,94.2477798,126,599.799988,1.39999998,-35,-1,1,40,-154.75,0,0.699999988,0.170000002,0.0083368076
1,600,35,0.920000017,0,-30,-20,0,-35,0.170000002,-19.2579174,-27.5491467,2.75999999,0.300006658,0.400008857,0.86601907,0,0.0322580636,0.0645161271,0.0967741907,0.129032254,0.161290318,0.193548381,0.225806445,0.258064508,0.290322572,0.322580636,0.354838699,0.387096763,0.419354826,0.45161289,0.483870953,0.516129017,0.54838711,0.580645144,0.612903237,0.645161271,0.677419364,0.709677398,0.741935492,0.774193525,601.200012,0.838709652,0.870967746,0.90322578,0.935483873,9001,1,-30,-20,0,1,0,0,-1,60,20,94.2477798,126,600,1.39999998,-35,-1,1,50,-154.75,0,0.699999988,0.170000002,0.0083368076,1,-40,-20,0,1,0,0,-1,60,20,94.2477798,126,599.799988,1.39999998,-35,-1,1,40,-154.75,0,0.699999988,0.170000002,0.0083368076
1,600,35,0.920000017,1,-21.9989014,-20,0,-35,0.320071697,-11.2568188,-27.5491467,2.75999999,0.300006658,0.400008857,0.86601907,0,0.0322580636,0.0645161271,0.0967741907,0.129032254,0.161290318,0.193548381,0.225806445,0.258064508,0.290322572,0.322580636,0.354838699,0.387096763,0.419354826,0.45161289,0.483870953,0.516129017,0.54838711,0.580645144,0.612903237,0.645161271,0.677419364,0.709677398,0.741935492,0.774193525,601.200012,0.838709652,0.870967746,0.90322578,0.935483873,9001,1,-30,-20,0,1,0,0,-1,60,20,94.2477798,126,600,1.39999998,-35,-1,1,50,-154.75,0,0.699999988,0.170000002,0.0083368076,1,-40,-20,0,1,0,0,-1,60,20,94.2477798,126,599.799988,1.39999998,-35,-1,1,40,-154.75,0,0.699999988,0.170000002,0.0083368076
1,600.000061,35,0.920000017,0,-29.9945068,-20,0,-35,0.170045793,-19.2524796,-27.5491447,2.75999999,0.300006658,0.400008857,0.86601907,0,0.0322580636,0.0645161271,0.0967741907,0.129032254,0.161290318,0.193548381,0.225806445,0.258064508,0.290322572,0.322580636,0.354838699,0.387096763,0.419354826,0.45161289,0.483870953,0.516129017,0.54838711,0.580645144,0.612903237,0.645161271,0.677419364,0.709677398,0.741935492,0.774193525,601.200012,0.838709652,0.870967746,0.90322578,0.935483873,9001,1,-30,-20,0,1,0,0,-1,60,20,94.2477798,126,600,1.39999998,-35,-1,1,50,-154.75,0,0.699999988,0.170000002,0.0083368076,1,-40,-20,0,1,0,0,-1,60,20,94.2477798,126,599.799988,1.39999998,-35,-1,1,40,-154.75,0,0.699999988,0.170000002,0.0083368076
1,600.000061,35,0.920000017,1,-21.9934082,-20,0,-35,0.320117474,-11.2513809,-27.5491447,2.75999999,0.300006658,0.400008857,0.86601907,0,0.0322580636,0.0645161271,0.0967741907,0.129032254,0.161290318,0.193548381,0.225806445,0.258064508,0.290322572,0.322580636,0.354838699,0.387096763,0.419354826,0.45161289,0.483870953,0.516129017,0.54838711,0.580645144,0.612903237,0.645161271,0.677419364,0.709677398,0.741935492,0.774193525,601.200012,0.838709652,0.870967746,0.90322578,0.935483873,9001,1,-30,-20,0,1,0,0,-1,60,20,94.2477798,126,600,1.39999998,-35,-1,1,50,-154.75,0,0.699999988,0.170000002,0.0083368076,1,-40,-20,0,1,0,0,-1,60,20,94.2477798,126,599.799988,1.39999998,-35,-1,1,40,-154.75,0,0.699999988,0.170000002,0.0083368076
1,600.222229,35,0.920000017,0,-9.99938965,-20,0,-35.0005836,0.336741239,0.539205551,-27.5493698,2.75999999,0.300010681,0.400005758,0.86601907,0,0.0322580636,0.0645161271,0.0967741907,0.129032254,0.161290318,0.193548381,0.225806445,0.258064508,0.290322572,0.322580636,0.354838699,0.387096763,0.419354826,0.45161289,0.483870953,0.516129017,0.54838711,0.580645144,0.612903237,0.645161271,0.677419364,0.709677398,0.741935492,0.774193525,601.200012,0.838709652,0.870967746,0.90322578,0.935483873,9001,1,-30,-20,0,1,0,0,-1,60,20,94.2477798,126,600,1.39999998,-35,-1,1,50,-154.75,0,0.699999988,0.170000002,0.0083368076,1,-40,-20,0,1,0,0,-1,60,20,94.2477798,126,599.799988,1.39999998,-35,-1,1,40,-154.75,0,0.699999988,0.170000002,0.0083368076
1,600.222229,35,0.920000017,1,-2.26715851,-22.6803169,0,-52.1903648,0.486812949,9.73940563,-37.0768814,2.75999999,0.404826313,0.293473512,0.86601907,0,0.0322580636,0.0645161271,0.0967741907,0.129032254,0.161290318,0.193548381,0.225806445,0.258064508,0.290322572,0.322580636,0.354838699,0.387096763,0.419354826,0.45161289,0.483870953,0.516129017,0.54838711,0.580645144,0.612903237,0.645161271,0.677419364,0.709677398,0.741935492,0.774193525,601.200012,0.838709652,0.870967746,0.90322578,0.935483873,9001,1,-30,-20,0,1,0,0,-1,60,20,94.2477798,126,600,1.39999998,-35,-1,1,50,-154.75,0,0.699999988,0.170000002,0.0083368076,1,-40,-20,0,1,0,0,-1,60,20,94.2477798,126,599.799988,1.39999998,-35,-1,1,40,-154.75,0,0.699999988,0.170000002,0.0083368076
1,601.269409,35,0.920000017,0,50,-79.9990463,0,-124.999092,0.122453809,46.9017715,-117.04245,2.75999999,0.400013596,-0.30000025,0.86601907,0,0.0322580636,0.0645161271,0.0967741907,0.129032254,0.161290318,0.193548381,0.225806445,0.258064508,0.290322572,0.322580636,0.354838699,0.387096763,0.419354826,0.45161289,0.483870953,0.516129017,0.54838711,0.580645144,0.612903237,0.645161271,0.677419364,0.709677398,0.741935492,0.774193525,601.200012,0.838709652,0.870967746,0.90322578,0.935483873,9001,1,-30,-20,0,1,0,0,-1,60,20,94.2477798,126,600,1.39999998,-35,-1,1,50,-154.75,0,0.699999988,0.170000002,0.0083368076,1,-40,-20,0,1,0,0,-1,60,20,94.2477798,126,599.799988,1.39999998,-35,-1,1,40,-154.75,0,0.699999988,0.170000002,0.0083368076
1,601.269409,35,0.920000017,1,50,-79.9990463,0,-124.999092,0.122453809,46.9017715,-117.04245,2.75999999,0.400013596,-0.30000025,0.86601907,0,0.0322580636,0.0645161271,0.0967741907,0.129032254,0.161290318,0.193548381,0.225806445,0.258064508,0.290322572,0.322580636,0.354838699,0.387096763,0.419354826,0.45161289,0.483870953,0.516129017,0.54838711,0.580645144,0.612903237,0.645161271,0.677419364,0.709677398,0.741935492,0.774193525,601.200012,0.838709652,0.870967746,0.90322578,0.935483873,9001,1,-30,-20,0,1,0,0,-1,60,20,94.2477798,126,600,1.39999998,-35,-1,1,50,-154.75,0,0.699999988,0.170000002,0.0083368076,1,-40,-20,0,1,0,0,-1,60,20,94.2477798,126,599.799988,1.39999998,-35,-1,1,40,-154.75,0,0.699999988,0.170000002,0.0083368076
1,601.199951,35,0.920000017,0,49.6745453,-73.7591324,0,-119.02961,0.0703386068,48.7401352,-109.849945,2.75999999,0.429044127,-0.256772637,0.86601907,0,0.0322580636,0.0645161271,0.0967741907,0.129032254,0.161290318,0.193548381,0.225806445,0.258064508,0.290322572,0.322580636,0.354838699,0.387096763,0.419354826,0.45161289,0.483870953,0.516129017,0.54838711,0.580645144,0.612903237,0.645161271,0.677419364,0.709677398,0.741935492,0.774193525,601.200012,0.838709652,0.870967746,0.90322578,0.935483873,9001,1,-30,-20,0,1,0,0,-1,60,20,94.2477798,126,600,1.39999998,-35,-1,1,50,-154.75,0,0.699999988,0.170000002,0.0083368076,1,-40,-20,0,1,0,0,-1,60,20,94.2477798,126,599.799988,1.39999998,-35,-1,1,40,-154.75,0,0.699999988,0.170000002,0.0083368076
1,601.199951,35,0.920000017,1,40,-91.7489243,0,-125,0.220410228,36.9014359,-128.816177,2.75999999,0.400008798,-0.300006628,0.86601907,0,0.0322580636,0.0645161271,0.0967741907,0.129032254,0.161290318,0.193548381,0.225806445,0.258064508,0.290322572,0.322580636,0.354838699,0.387096763,0.419354826,0.45161289,0.483870953,0.516129017,0.54838711,0.580645144,0.612903237,0.645161271,0.677419364,0.709677398,0.741935492,0.774193525,601.200012,0.838709652,0.870967746,0.90322578,0.935483873,9001,1,-30,-20,0,1,0,0,-1,60,20,94.2477798,126,600,1.39999998,-35,-1,1,50,-154.75,0,0.699999988,0.170000002,0.0083368076,1,-40,-20,0,1,0,0,-1,60,20,94.2477798,126,599.799988,1.39999998,-35,-1,1,40,-154.75,0,0.699999988,0.170000002,0.0083368076
1,601.200012,35,0.920000017,0,49.6751175,-73.764595,0,-119.034859,0.0703843832,48.7388535,-109.856339,2.75999999,0.429020584,-0.256811887,0.86601907,0,0.0322580636,0.0645161271,0.0967741907,0.129032254,0.161290318,0.193548381,0.225806445,0.258064508,0.290322572,0.322580636,0.354838699,0.387096763,0.419354826,0.45161289,0.483870953,0.516129017,0.54838711,0.580645144,0.612903237,0.645161271,0.677419364,0.709677398,0.741935492,0.774193525,601.200012,0.838709652,0.870967746,0.90322578,0.935483873,9001,1,-30,-20,0,1,0,0,-1,60,20,94.2477798,126,600,1.39999998,-35,-1,1,50,-154.75,0,0.699999988,0.170000002,0.0083368076,1,-40,-20,0,1,0,0,-1,60,20,94.2477798,126,599.799988,1.39999998,-35,-1,1,40,-154.75,0,0.699999988,0.170000002,0.0083368076
1,601.200012,35,0.920000017,1,49.6751175,-73.764595,0,-119.034859,0.0703843832,48.7388535,-109.856339,2.75999999,0.429020584,-0.256811887,0.86601907,0,0.0322580636,0.0645161271,0.0967741907,0.129032254,0.161290318,0.193548381,0.225806445,0.258064508,0.290322572,0.322580636,0.354838699,0.387096763,0.419354826,0.45161289,0.483870953,0.516129017,0.54838711,0.580645144,0.612903237,0.645161271,0.677419364,0.709677398,0.741935492,0.774193525,601.200012,0.838709652,0.870967746,0.90322578,0.935483873,9001,1,-30,-20,0,1,0,0,-1,60,20,94.2477798,126,600,1.39999998,-35,-1,1,50,-154.75,0,0.699999988,0.170000002,0.0083368076,1,-40,-20,0,1,0,0,-1,60,20,94.2477798,126,599.799988,1.39999998,-35,-1,1,40,-154.75,0,0.699999988,0.170000002,0.0083368076
1,601.200073,35,0.920000017,0,49.6756897,-73.7700577,0,-119.0401,0.0704301596,48.7375679,-109.86274,2.75999999,0.428997129,-0.256851196,0.86601907,0,0.0322580636,0.0645161271,0.0967741907,0.129032254,0.161290318,0.193548381,0.225806445,0.258064508,0.290322572,0.322580636,0.354838699,0.387096763,0.419354826,0.45161289,0.483870953,0.516129017,0.54838711,0.580645144,0.612903237,0.645161271,0.677419364,0.709677398,0.741935492,0.774193525,601.200012,0.838709652,0.870967746,0.90322578,0.935483873,9001,1,-30,-20,0,1,0,0,-1,60,20,94.2477798,126,600,1.39999998,-35,-1,1,50,-154.75,0,0.699999988,0.170000002,0.0083368076,1,-40,-20,0,1,0,0,-1,60,20,94.2477798,126,599.799988,1.39999998,-35,-1,1,40,-154.75,0,0.699999988,0.170000002,0.0083368076
1,601.200073,35,0.920000017,1,49.6756897,-73.7700577,0,-119.0401,0.0704301596,48.7375679,-109.86274,2.75999999,0.428997129,-0.256851196,0.86601907,0,0.0322580636,0.0645161271,0.0967741907,0.129032254,0.161290318,0.193548381,0.225806445,0.258064508,0.290322572,0.322580636,0.354838699,0.387096763,0.419354826,0.45161289,0.483870953,0.516129017,0.54838711,0.580645144,0.612903237,0.645161271,0.677419364,0.709677398,0.741935492,0.774193525,601.200012,0.838709652,0.870967746,0.90322578,0.935483873,9001,1,-30,-20,0,1,0,0,-1,60,20,94.2477798,126,600,1.39999998,-35,-1,1,50,-154.75,0,0.699999988,0.170000002,0.0083368076,1,-40,-20,0,1,0,0,-1,60,20,94.2477798,126,599.799988,1.39999998,-35,-1,1,40,-154.75,0,0.699999988,0.170000002,0.0083368076
1,601.400024,35,0.920000017,0,50,-91.7544174,0,-125,0.220456004,46.9014359,-128.76474,2.75999999,0.400008798,-0.300006628,0.86601907,0,0.0322580636,0.0645161271,0.0967741907,0.129032254,0.161290318,0.193548381,0.225806445,0.258064508,0.290322572,0.322580636,0.354838699,0.387096763,0.419354826,0.45161289,0.483870953,0.516129017,0.54838711,0.580645144,0.612903237,0.645161271,0.677419364,0.709677398,0.741935492,0.774193525,601.200012,0.838709652,0.870967746,0.90322578,0.935483873,9001,1,-30,-20,0,1,0,0,-1,60,20,94.2477798,126,600,1.39999998,-35,-1,1,50,-154.75,0,0.699999988,0.170000002,0.0083368076,1,-40,-20,0,1,0,0,-1,60,20,94.2477798,126,599.799988,1.39999998,-35,-1,1,40,-154.75,0,0.699999988,0.170000002,0.0083368076
1,601.400024,35,0.920000017,1,50,-91.7544174,0,-125,0.220456004,46.9014359,-128.76474,2.75999999,0.400008798,-0.300006628,0.86601907,0,0.0322580636,0.0645161271,0.0967741907,0.129032254,0.161290318,0.193548381,0.225806445,0.258064508,0.290322572,0.322580636,0.354838699,0.387096763,0.419354826,0.45161289,0.483870953,0.516129017,0.54838711,0.580645144,0.612903237,0.645161271,0.677419364,0.709677398,0.741935492,0.774193525,601.200012,0.838709652,0.870967746,0.90322578,0.935483873,9001,1,-30,-20,0,1,0,0,-1,60,20,94.2477798,126,600,1.39999998,-35,-1,1,50,-154.75,0,0.699999988,0.170000002,0.0083368076,1,-40,-20,0,1,0,0,-1,60,20,94.2477798,126,599.799988,1.39999998,-35,-1,1,40,-154.75,0,0.699999988,0.170000002,0.0083368076
1,601.400085,35,0.920000017,0,50,-91.7599106,0,-125,0.220501781,46.9014359,-128.770218,2.75999999,0.400008798,-0.300006628,0.86601907,0,0.0322580636,0.0645161271,0.0967741907,0.129032254,0.161290318,0.193548381,0.225806445,0.258064508,0.290322572,0.322580636,0.354838699,0.387096763,0.419354826,0.45161289,0.483870953,0.516129017,0.54838711,0.580645144,0.612903237,0.645161271,0.677419364,0.709677398,0.741935492,0.774193525,601.200012,0.838709652,0.870967746,0.90322578,0.935483873,9001,1,-30,-20,0,1,0,0,-1,60,20,94.2477798,126,600,1.39999998,-35,-1,1,50,-154.75,0,0.699999988,0.170000002,0.0083368076,1,-40,-20,0,1,0,0,-1,60,20,94.2477798,126,599.799988,1.39999998,-35,-1,1,40,-154.75,0,0.699999988,0.170000002,0.0083368076
1,601.400085,35,0.920000017,1,50,-91.7599106,0,-125,0.220501781,46.9014359,-128.770218,2.75999999,0.400008798,-0.300006628,0.86601907,0,0.0322580636,0.0645161271,0.0967741907,0.129032254,0.161290318,0.193548381,0.225806445,0.258064508,0.290322572,0.322580636,0.354838699,0.387096763,0.419354826,0.45161289,0.483870953,0.516129017,0.54838711,0.580645144,0.612903237,0.645161271,0.677419364,0.709677398,0.741935492,0.774193525,601.200012,0.838709652,0.870967746,0.90322578,0.935483873,9001,1,-30,-20,0,1,0,0,-1,60,20,94.2477798,126,600,1.39999998,-35,-1,1,50,-154.75,0,0.699999988,0.170000002,0.0083368076,1,-40,-20,0,1,0,0,-1,60,20,94.2477798,126,599.799988,1.39999998,-35,-1,1,40,-154.75,0,0.699999988,0.170000002,0.0083368076
1,602.099976,35,0.920000017,0,50,-154.747803,0,-125,0.745619774,46.9014359,-191.843033,2.75999999,0.400008798,-0.300006628,0.86601907,0,0.0322580636,0.0645161271,0.0967741907,0.129032254,0.161290318,0.193548381,0.225806445,0.258064508,0.290322572,0.322580636,0.354838699,0.387096763,0.419354826,0.45161289,0.483870953,0.516129017,0.54838711,0.580645144,0.612903237,0.645161271,0.677419364,0.709677398,0.741935492,0.774193525,601.200012,0.838709652,0.870967746,0.90322578,0.935483873,9001,1,-30,-20,0,1,0,0,-1,60,20,94.2477798,126,600,1.39999998,-35,-1,1,50,-154.75,0,0.699999988,0.170000002,0.0083368076,1,-40,-20,0,1,0,0,-1,60,20,94.2477798,126,599.799988,1.39999998,-35,-1,1,40,-154.75,0,0.699999988,0.170000002,0.0083368076
1,602.099976,35,0.920000017,1,50,-154.747803,0,-125,0.745619774,46.9014359,-191.843033,2.75999999,0.400008798,-0.300006628,0.86601907,0,0.0322580636,0.0645161271,0.0967741907,0.129032254,0.161290318,0.193548381,0.225806445,0.258064508,0.290322572,0.322580636,0.354838699,0.387096763,0.419354826,0.45161289,0.483870953,0.516129017,0.54838711,0.580645144,0.612903237,0.645161271,0.677419364,0.709677398,0.741935492,0.774193525,601.200012,0.838709652,0.870967746,0.90322578,0.935483873,9001,1,-30,-20,0,1,0,0,-1,60,20,94.2477798,126,600,1.39999998,-35,-1,1,50,-154.75,0,0.699999988,0.170000002,0.0083368076,1,-40,-20,0,1,0,0,-1,60,20,94.2477798,126,599.799988,1.39999998,-35,-1,1,40,-154.75,0,0.699999988,0.170000002,0.0083368076
1,602.100098,35,0.920000017,0,50,-154.75,0,-125,0.745638013,46.901432,-191.845291,2.75999999,0.400008798,-0.300006628,0.86601907,0,0.0322580636,0.0645161271,0.0967741907,0.129032254,0.161290318,0.193548381,0.225806445,0.258064508,0.290322572,0.322580636,0.354838699,0.387096763,0.419354826,0.45161289,0.483870953,0.516129017,0.54838711,0.580645144,0.612903237,0.645161271,0.677419364,0.709677398,0.741935492,0.774193525,601.200012,0.838709652,0.870967746,0.90322578,0.935483873,9001,1,-30,-20,0,1,0,0,-1,60,20,94.2477798,126,600,1.39999998,-35,-1,1,50,-154.75,0,0.699999988,0.170000002,0.0083368076,1,-40,-20,0,1,0,0,-1,60,20,94.2477798,126,599.799988,1.39999998,-35,-1,1,40,-154.75,0,0.699999988,0.170000002,0.0083368076
1,602.100098,35,0.920000017,1,50,-154.75,0,-125,0.745638013,46.901432,-191.845291,2.75999999,0.400008798,-0.300006628,0.86601907,0,0.0322580636,0.0645161271,0.0967741907,0.129032254,0.161290318,0.193548381,0.225806445,0.258064508,0.290322572,0.322580636,0.354838699,0.387096763,0.419354826,0.45161289,0.483870953,0.516129017,0.54838711,0.580645144,0.612903237,0.645161271,0.677419364,0.709677398,0.741935492,0.774193525,601.200012,0.838709652,0.870967746,0.90322578,0.935483873,9001,1,-30,-20,0,1,0,0,-1,60,20,94.2477798,126,600,1.39999998,-35,-1,1,50,-154.75,0,0.699999988,0.170000002,0.0083368076,1,-40,-20,0,1,0,0,-1,60,20,94.2477798,126,599.799988,1.39999998,-35,-1,1,40,-154.75,0,0.699999988,0.170000002,0.0083368076
1,603,35,0.920000017,0,50,-154.75,0,-125,0.745638013,46.9014359,-192.489197,2.75999999,0.400008798,-0.300006628,0.86601907,0,0.0322580636,0.0645161271,0.0967741907,0.129032254,0.161290318,0.193548381,0.225806445,0.258064508,0.290322572,0.322580636,0.354838699,0.387096763,0.419354826,0.45161289,0.483870953,0.516129017,0.54838711,0.580645144,0.612903237,0.645161271,0.677419364,0.709677398,0.741935492,0.774193525,601.200012,0.838709652,0.870967746,0.90322578,0.935483873,9001,1,-30,-20,0,1,0,0,-1,60,20,94.2477798,126,600,1.39999998,-35,-1,1,50,-154.75,0,0.699999988,0.170000002,0.0083368076,1,-40,-20,0,1,0,0,-1,60,20,94.2477798,126,599.799988,1.39999998,-35,-1,1,40,-154.75,0,0.699999988,0.170000002,0.0083368076
1,603,35,0.920000017,1,50,-154.75,0,-125,0.745638013,46.9014359,-192.489197,2.75999999,0.400008798,-0.300006628,0.86601907,0,0.0322580636,0.0645161271,0.0967741907,0.129032254,0.161290318,0.193548381,0.225806445,0.258064508,0.290322572,0.322580636,0.354838699,0.387096763,0.419354826,0.45161289,0.483870953,0.516129017,0.54838711,0.580645144,0.612903237,0.645161271,0.677419364,0.709677398,0.741935492,0.774193525,601.200012,0.838709652,0.870967746,0.90322578,0.935483873,9001,1,-30,-20,0,1,0,0,-1,60,20,94.2477798,126,600,1.39999998,-35,-1,1,50,-154.75,0,0.699999988,0.170000002,0.0083368076,1,-40,-20,0,1,0,0,-1,60,20,94.2477798,126,599.799988,1.39999998,-35,-1,1,40,-154.75,0,0.699999988,0.170000002,0.0083368076
2,599.999939,-55,1.08000004,0,-30,-20,0,55,0.170000002,-22.6142597,3.0774498,3.24000025,0.300006658,0.400008857,0.86601907,0,0.0322580636,0.0645161271,0.0967741907,0.129032254,0.161290318,0.193548381,0.225806445,0.258064508,0.290322572,0.322580636,0.354838699,0.387096763,0.419354826,0.45161289,0.483870953,0.516129017,0.54838711,0.580645144,0.612903237,0.645161271,0.677419364,0.709677398,0.741935492,0.774193525,601.200012,0.838709652,0.870967746,0.90322578,0.935483873,9001,1,-30,-20,0,1,0,0,1,60,20,94.2477798,126,600,1.39999998,55,1,1,50,114.75,0,0.699999988,0.170000002,0.0083368076,1,-40,-20,0,1,0,0,1,60,20,94.2477798,126,599.799988,1.39999998,55,1,1,40,114.75,0,0.699999988,0.170000002,0.0083368076
2,599.999939,-55,1.08000004,1,-22.0043945,-20,0,55,0.320025921,-14.6186543,3.0774498,3.24000025,0.300006658,0.400008857,0.86601907,0,0.0322580636,0.0645161271,0.0967741907,0.129032254,0.161290318,0.193548381,0.225806445,0.258064508,0.290322572,0.322580636,0.354838699,0.387096763,0.419354826,0.45161289,0.483870953,0.516129017,0.54838711,0.580645144,0.612903237,0.645161271,0.677419364,0.709677398,0.741935492,0.774193525,601.200012,0.838709652,0.870967746,0.90322578,0.935483873,9001,1,-30,-20,0,1,0,0,1,60,20,94.2477798,126,600,1.39999998,55,1,1,50,114.75,0,0.699999988,0.170000002,0.0083368076,1,-40,-20,0,1,0,0,1,60,20,94.2477798,126,599.799988,1.39999998,55,1,1,40,114.75,0,0.699999988,0.170000002,0.0083368076
2,600,-55,1.08000004,0,-30,-20,0,55,0.170000002,-22.6143246,3.07744789,3.24000025,0.300006658,0.400008857,0.86601907,0,0.0322580636,0.0645161271,0.0967741907,0.129032254,0.161290318,0.193548381,0.225806445,0.258064508,0.290322572,0.322580636,0.354838699,0.387096763,0.419354826,0.45161289,0.483870953,0.516129017,0.54838711,0.580645144,0.612903237,0.645161271,0.677419364,0.709677398,0.741935492,0.774193525,601.200012,0.838709652,0.870967746,0.90322578,0.935483873,9001,1,-30,-20,0,1,0,0,1,60,20,94.2477798,126,600,1.39999998,55,1,1,50,114.75,0,0.699999988,0.170000002,0.0083368076,1,-40,-20,0,1,0,0,1,60,20,94.2477798,126,599.799988,1.39999998,55,1,1,40,114.75,0,0.699999988,0.170000002,0.0083368076
2,600,-55,1.08000004,1,-21.9989014,-20,0,55,0.320071697,-14.6132259,3.07744789,3.24000025,0.300006658,0.400008857,0.86601907,0,0.0322580636,0.0645161271,0.0967741907,0.129032254,0.161290318,0.193548381,0.225806445,0.258064508,0.290322572,0.322580636,0.354838699,0.387096763,0.419354826,0.45161289,0.483870953,0.516129017,0.54838711,0.580645144,0.612903237,0.645161271,0.677419364,0.709677398,0.741935492,0.774193525,601.200012,0.838709652,0.870967746,0.90322578,0.935483873,9001,1,-30,-20,0,1,0,0,1,60,20,94.2477798,126,600,1.39999998,55,1,1,50,114.75,0,0.699999988,0.170000002,0.0083368076,1,-40,-20,0,1,0,0,1,60,20,94.2477798,126,599.799988,1.39999998,55,1,1,40,114.75,0,0.699999988,0.170000002,0.0083368076
2,600.000061,-55,1.08000004,0,-29.9945068,-20,0,55,0.170045793,-22.6088963,3.07744789,3.24000025,0.300006658,0.400008857,0.86601907,0,0.0322580636,0.0645161271,0.0967741907,0.129032254,0.161290318,0.193548381,0.225806445,0.258064508,0.290322572,0.322580636,0.354838699,0.387096763,0.419354826,0.45161289,0.483870953,0.516129017,0.54838711,0.580645144,0.612903237,0.645161271,0.677419364,0.709677398,0.741935492,0.774193525,601.200012,0.838709652,0.870967746,0.90322578,0.935483873,9001,1,-30,-20,0,1,0,0,1,60,20,94.2477798,126,600,1.39999998,55,1,1,50,114.75,0,0.699999988,0.170000002,0.0083368076,1,-40,-20,0,1,0,0,1,60,20,94.2477798,126,599.799988,1.39999998,55,1,1,40,114.75,0,0.699999988,0.170000002,0.0083368076
2,600.000061,-55,1.08000004,1,-21.9934082,-20,0,55,0.320117474,-14.6077976,3.07744789,3.24000025,0.300006658,0.400008857,0.86601907,0,0.0322580636,0.0645161271,0.0967741907,0.129032254,0.161290318,0.193548381,0.225806445,0.258064508,0.290322572,0.322580636,0.354838699,0.387096763,0.419354826,0.45161289,0.483870953,0.516129017,0.54838711,0.580645144,0.612903237,0.645161271,0.677419364,0.709677398,0.741935492,0.774193525,601.200012,0.838709652,0.870967746,0.90322578,0.935483873,9001,1,-30,-20,0,1,0,0,1,60,20,94.2477798,126,600,1.39999998,55,1,1,50,114.75,0,0.699999988,0.170000002,0.0083368076,1,-40,-20,0,1,0,0,1,60,20,94.2477798,126,599.799988,1.39999998,55,1,1,40,114.75,0,0.699999988,0.170000002,0.0083368076
2,600.222229,-55,1.08000004,0,-9.99938965,-20,0,55.0005836,0.336741239,-2.85278845,3.07771111,3.24000025,0.300002545,0.400011897,0.86601907,0,0.0322580636,0.0645161271,0.0967741907,0.129032254,0.161290318,0.193548381,0.225806445,0.258064508,0.290322572,0.322580636,0.354838699,0.387096763,0.419354826,0.45161289,0.483870953,0.516129017,0.54838711,0.580645144,0.612903237,0.645161271,0.677419364,0.709677398,0.741935492,0.774193525,601.200012,0.838709652,0.870967746,0.90322578,0.935483873,9001,1,-30,-20,0,1,0,0,1,60,20,94.2477798,126,600,1.39999998,55,1,1,50,114.75,0,0.699999988,0.170000002,0.0083368076,1,-40,-20,0,1,0,0,1,60,20,94.2477798,126,599.799988,1.39999998,55,1,1,40,114.75,0,0.699999988,0.170000002,0.0083368076
2,600.222229,-55,1.08000004,1,-2.26715851,-17.3196831,0,72.1903687,0.486812949,0.857467651,12.9276161,3.24000025,0.168383181,0.470805854,0.86601907,0,0.0322580636,0.0645161271,0.0967741907,0.129032254,0.161290318,0.193548381,0.225806445,0.258064508,0.290322572,0.322580636,0.354838699,0.387096763,0.419354826,0.45161289,0.483870953,0.516129017,0.54838711,0.580645144,0.612903237,0.645161271,0.677419364,0.709677398,0.741935492,0.774193525,601.200012,0.838709652,0.870967746,0.90322578,0.935483873,9001,1,-30,-20,0,1,0,0,1,60,20,94.2477798,126,600,1.39999998,55,1,1,50,114.75,0,0.699999988,0.170000002,0.0083368076,1,-40,-20,0,1,0,0,1,60,20,94.2477798,126,599.799988,1.39999998,55,1,1,40,114.75,0,0.699999988,0.170000002,0.0083368076
2,601.269409,-55,1.08000004,0,50,39.9990463,0,144.999084,0.122453809,21.6983566,78.260498,3.24000025,-0.400004029,0.300013036,0.86601907,0,0.0322580636,0.0645161271,0.0967741907,0.129032254,0.161290318,0.193548381,0.225806445,0.258064508,0.290322572,0.322580636,0.354838699,0.387096763,0.419354826,0.45161289,0.483870953,0.516129017,0.54838711,0.580645144,0.612903237,0.645161271,0.677419364,0.709677398,0.741935492,0.774193525,601.200012,0.838709652,0.870967746,0.90322578,0.935483873,9001,1,-30,-20,0,1,0,0,1,60,20,94.2477798,126,600,1.39999998,55,1,1,50,114.75,0,0.699999988,0.170000002,0.0083368076,1,-40,-20,0,1,0,0,1,60,20,94.2477798,126,599.799988,1.39999998,55,1,1,40,114.75,0,0.699999988,0.170000002,0.0083368076
2,601.269409,-55,1.08000004,1,50,39.9990463,0,144.999084,0.122453809,21.6983566,78.260498,3.24000025,-0.400004029,0.300013036,0.86601907,0,0.0322580636,0.0645161271,0.0967741907,0.129032254,0.161290318,0.193548381,0.225806445,0.258064508,0.290322572,0.322580636,0.354838699,0.387096763,0.419354826,0.45161289,0.483870953,0.516129017,0.54838711,0.580645144,0.612903237,0.645161271,0.677419364,0.709677398,0.741935492,0.774193525,601.200012,0.838709652,0.870967746,0.90322578,0.935483873,9001,1,-30,-20,0,1,0,0,1,60,20,94.2477798,126,600,1.39999998,55,1,1,50,114.75,0,0.699999988,0.170000002,0.0083368076,1,-40,-20,0,1,0,0,1,60,20,94.2477798,126,599.799988,1.39999998,55,1,1,40,114.75,0,0.699999988,0.170000002,0.0083368076
2,601.199951,-55,1.08000004,0,49.6745453,33.7591324,0,139.029602,0.0703386068,24.018486,72.9240646,3.24000025,-0.366634041,0.339986056,0.86601907,0,0.0322580636,0.0645161271,0.0967741907,0.129032254,0.161290318,0.193548381,0.225806445,0.258064508,0.290322572,0.322580636,0.354838699,0.387096763,0.419354826,0.45161289,0.483870953,0.516129017,0.54838711,0.580645144,0.612903237,0.645161271,0.677419364,0.709677398,0.741935492,0.774193525,601.200012,0.838709652,0.870967746,0.90322578,0.935483873,9001,1,-30,-20,0,1,0,0,1,60,20,94.2477798,126,600,1.39999998,55,1,1,50,114.75,0,0.699999988,0.170000002,0.0083368076,1,-40,-20,0,1,0,0,1,60,20,94.2477798,126,599.799988,1.39999998,55,1,1,40,114.75,0,0.699999988,0.170000002,0.0083368076
2,601.199951,-55,1.08000004,1,40,51.7489243,0,145,0.220410228,11.697958,90.0380707,3.24000025,-0.400008857,0.300006658,0.86601907,0,0.0322580636,0.0645161271,0.0967741907,0.129032254,0.161290318,0.193548381,0.225806445,0.258064508,0.290322572,0.322580636,0.354838699,0.387096763,0.419354826,0.45161289,0.483870953,0.516129017,0.54838711,0.580645144,0.612903237,0.645161271,0.677419364,0.709677398,0.741935492,0.774193525,601.200012,0.838709652,0.870967746,0.90322578,0.935483873,9001,1,-30,-20,0,1,0,0,1,60,20,94.2477798,126,600,1.39999998,55,1,1,50,114.75,0,0.699999988,0.170000002,0.0083368076,1,-40,-20,0,1,0,0,1,60,20,94.2477798,126,599.799988,1.39999998,55,1,1,40,114.75,0,0.699999988,0.170000002,0.0083368076
2,601.200012,-55,1.08000004,0,49.6751175,33.764595,0,139.034851,0.0703843832,24.0166931,72.9288483,3.24000025,-0.366665184,0.339952528,0.86601907,0,0.0322580636,0.0645161271,0.0967741907,0.129032254,0.161290318,0.193548381,0.225806445,0.258064508,0.290322572,0.322580636,0.354838699,0.387096763,0.419354826,0.45161289,0.483870953,0.516129017,0.54838711,0.580645144,0.612903237,0.645161271,0.677419364,0.709677398,0.741935492,0.774193525,601.200012,0.838709652,0.870967746,0.90322578,0.935483873,9001,1,-30,-20,0,1,0,0,1,60,20,94.2477798,126,600,1.39999998,55,1,1,50,114.75,0,0.699999988,0.170000002,0.0083368076,1,-40,-20,0,1,0,0,1,60,20,94.2477798,126,599.799988,1.39999998,55,1,1,40,114.75,0,0.699999988,0.170000002,0.0083368076
2,601.200012,-55,1.08000004,1,49.6751175,33.764595,0,139.034851,0.0703843832,24.0166931,72.9288483,3.24000025,-0.366665184,0.339952528,0.86601907,0,0.0322580636,0.0645161271,0.0967741907,0.129032254,0.161290318,0.193548381,0.225806445,0.258064508,0.290322572,0.322580636,0.354838699,0.387096763,0.419354826,0.45161289,0.483870953,0.516129017,0.54838711,0.580645144,0.612903237,0.645161271,0.677419364,0.709677398,0.741935492,0.774193525,601.200012,0.838709652,0.870967746,0.90322578,0.935483873,9001,1,-30,-20,0,1,0,0,1,60,20,94.2477798,126,600,1.39999998,55,1,1,50,114.75,0,0.699999988,0.170000002,0.0083368076,1,-40,-20,0,1,0,0,1,60,20,94.2477798,126,599.799988,1.39999998,55,1,1,40,114.75,0,0.699999988,0.170000002,0.0083368076
2,601.200073,-55,1.08000004,0,49.6756897,33.7700577,0,139.0401,0.0704301596,24.0148983,72.9336395,3.24000025,-0.366696298,0.339918941,0.86601907,0,0.0322580636,0.0645161271,0.0967741907,0.129032254,0.161290318,0.193548381,0.225806445,0.258064508,0.290322572,0.322580636,0.354838699,0.387096763,0.419354826,0.45161289,0.483870953,0.516129017,0.54838711,0.580645144,0.612903237,0.645161271,0.677419364,0.709677398,0.741935492,0.774193525,601.200012,0.838709652,0.870967746,0.90322578,0.935483873,9001,1,-30,-20,0,1,0,0,1,60,20,94.2477798,126,600,1.39999998,55,1,1,50,114.75,0,0.699999988,0.170000002,0.0083368076,1,-40,-20,0,1,0,0,1,60,20,94.2477798,126,599.799988,1.39999998,55,1,1,40,114.75,0,0.699999988,0.170000002,0.0083368076
2,601.200073,-55,1.08000004,1,49.6756897,33.7700577,0,139.0401,0.0704301596,24.0148983,72.9336395,3.24000025,-0.366696298,0.339918941,0.86601907,0,0.0322580636,0.0645161271,0.0967741907,0.129032254,0.161290318,0.193548381,0.225806445,0.258064508,0.290322572,0.322580636,0.354838699,0.387096763,0.419354826,0.45161289,0.483870953,0.516129017,0.54838711,0.580645144,0.612903237,0.645161271,0.677419364,0.709677398,0.741935492,0.774193525,601.200012,0.838709652,0.870967746,0.90322578,0.935483873,9001,1,-30,-20,0,1,0,0,1,60,20,94.2477798,126,600,1.39999998,55,1,1,50,114.75,0,0.699999988,0.170000002,0.0083368076,1,-40,-20,0,1,0,0,1,60,20,94.2477798,126,599.799988,1.39999998,55,1,1,40,114.75,0,0.699999988,0.170000002,0.0083368076
2,601.400024,-55,1.08000004,0,50,51.7544212,0,145,0.220456004,21.697958,89.9767303,3.24000025,-0.400008857,0.300006658,0.86601907,0,0.0322580636,0.0645161271,0.0967741907,0.129032254,0.161290318,0.193548381,0.225806445,0.258064508,0.290322572,0.322580636,0.354838699,0.387096763,0.419354826,0.45161289,0.483870953,0.516129017,0.54838711,0.580645144,0.612903237,0.645161271,0.677419364,0.709677398,0.741935492,0.774193525,601.200012,0.838709652,0.870967746,0.90322578,0.935483873,9001,1,-30,-20,0,1,0,0,1,60,20,94.2477798,126,600,1.39999998,55,1,1,50,114.75,0,0.699999988,0.170000002,0.0083368076,1,-40,-20,0,1,0,0,1,60,20,94.2477798,126,599.799988,1.39999998,55,1,1,40,114.75,0,0.699999988,0.170000002,0.0083368076
2,601.400024,-55,1.08000004,1,50,51.7544212,0,145,0.220456004,21.697958,89.9767303,3.24000025,-0.400008857,0.300006658,0.86601907,0,0.0322580636,0.0645161271,0.0967741907,0.129032254,0.161290318,0.193548381,0.225806445,0.258064508,0.290322572,0.322580636,0.354838699,0.387096763,0.419354826,0.45161289,0.483870953,0.516129017,0.54838711,0.580645144,0.612903237,0.645161271,0.677419364,0.709677398,0.741935492,0.774193525,601.200012,0.838709652,0.870967746,0.90322578,0.935483873,9001,1,-30,-20,0,1,0,0,1,60,20,94.2477798,126,600,1.39999998,55,1,1,50,114.75,0,0.699999988,0.170000002,0.0083368076,1,-40,-20,0,1,0,0,1,60,20,94.2477798,126,599.799988,1.39999998,55,1,1,40,114.75,0,0.699999988,0.170000002,0.0083368076
2,601.400085,-55,1.08000004,0,50,51.7599106,0,145,0.220501781,21.6979561,89.9822083,3.24000025,-0.400008857,0.300006658,0.86601907,0,0.0322580636,0.0645161271,0.0967741907,0.129032254,0.161290318,0.193548381,0.225806445,0.258064508,0.290322572,0.322580636,0.354838699,0.387096763,0.419354826,0.45161289,0.483870953,0.516129017,0.54838711,0.580645144,0.612903237,0.645161271,0.677419364,0.709677398,0.741935492,0.774193525,601.200012,0.838709652,0.870967746,0.90322578,0.935483873,9001,1,-30,-20,0,1,0,0,1,60,20,94.2477798,126,600,1.39999998,55,1,1,50,114.75,0,0.699999988,0.170000002,0.0083368076,1,-40,-20,0,1,0,0,1,60,20,94.2477798,126,599.799988,1.39999998,55,1,1,40,114.75,0,0.699999988,0.170000002,0.0083368076
2,601.400085,-55,1.08000004,1,50,51.7599106,0,145,0.220501781,21.6979561,89.9822083,3.24000025,-0.400008857,0.300006658,0.86601907,0,0.0322580636,0.0645161271,0.0967741907,0.129032254,0.161290318,0.193548381,0.225806445,0.258064508,0.290322572,0.322580636,0.354838699,0.387096763,0.419354826,0.45161289,0.483870953,0.516129017,0.54838711,0.580645144,0.612903237,0.645161271,0.677419364,0.709677398,0.741935492,0.774193525,601.200012,0.838709652,0.870967746,0.90322578,0.935483873,9001,1,-30,-20,0,1,0,0,1,60,20,94.2477798,126,600,1.39999998,55,1,1,50,114.75,0,0.699999988,0.170000002,0.0083368076,1,-40,-20,0,1,0,0,1,60,20,94.2477798,126,599.799988,1.39999998,55,1,1,40,114.75,0,0.699999988,0.170000002,0.0083368076
2,602.099976,-55,1.08000004,0,50,114.747803,0,145,0.745619774,21.6979599,153.069794,3.24000025,-0.400008857,0.300006658,0.86601907,0,0.0322580636,0.0645161271,0.0967741907,0.129032254,0.161290318,0.193548381,0.225806445,0.258064508,0.290322572,0.322580636,0.354838699,0.387096763,0.419354826,0.45161289,0.483870953,0.516129017,0.54838711,0.580645144,0.612903237,0.645161271,0.677419364,0.709677398,0.741935492,0.774193525,601.200012,0.838709652,0.870967746,0.90322578,0.935483873,9001,1,-30,-20,0,1,0,0,1,60,20,94.2477798,126,600,1.39999998,55,1,1,50,114.75,0,0.699999988,0.170000002,0.0083368076,1,-40,-20,0,1,0,0,1,60,20,94.2477798,126,599.799988,1.39999998,55,1,1,40,114.75,0,0.699999988,0.170000002,0.0083368076
2,602.099976,-55,1.08000004,1,50,114.747803,0,145,0.745619774,21.6979599,153.069794,3.24000025,-0.400008857,0.300006658,0.86601907,0,0.0322580636,0.0645161271,0.0967741907,0.129032254,0.161290318,0.193548381,0.225806445,0.258064508,0.290322572,0.322580636,0.354838699,0.387096763,0.419354826,0.45161289,0.483870953,0.516129017,0.54838711,0.580645144,0.612903237,0.645161271,0.677419364,0.709677398,0.741935492,0.774193525,601.200012,0.838709652,0.870967746,0.90322578,0.935483873,9001,1,-30,-20,0,1,0,0,1,60,20,94.2477798,126,600,1.39999998,55,1,1,50,114.75,0,0.699999988,0.170000002,0.0083368076,1,-40,-20,0,1,0,0,1,60,20,94.2477798,126,599.799988,1.39999998,55,1,1,40,114.75,0,0.699999988,0.170000002,0.0083368076
2,602.100098,-55,1.08000004,0,50,114.75,0,145,0.745638013,21.6979599,153.072052,3.24000025,-0.400008857,0.300006658,0.86601907,0,0.0322580636,0.0645161271,0.0967741907,0.129032254,0.161290318,0.193548381,0.225806445,0.258064508,0.290322572,0.322580636,0.354838699,0.387096763,0.419354826,0.45161289,0.483870953,0.516129017,0.54838711,0.580645144,0.612903237,0.645161271,0.677419364,0.709677398,0.741935492,0.774193525,601.200012,0.838709652,0.870967746,0.90322578,0.935483873,9001,1,-30,-20,0,1,0,0,1,60,20,94.2477798,126,600,1.39999998,55,1,1,50,114.75,0,0.699999988,0.170000002,0.0083368076,1,-40,-20,0,1,0,0,1,60,20,94.2477798,126,599.799988,1.39999998,55,1,1,40,114.75,0,0.699999988,0.170000002,0.0083368076
2,602.100098,-55,1.08000004,1,50,114.75,0,145,0.745638013,21.6979599,153.072052,3.24000025,-0.400008857,0.300006658,0.86601907,0,0.0322580636,0.0645161271,0.0967741907,0.129032254,0.161290318,0.193548381,0.225806445,0.258064508,0.290322572,0.322580636,0.354838699,0.387096763,0.419354826,0.45161289,0.483870953,0.516129017,0.54838711,0.580645144,0.612903237,0.645161271,0.677419364,0.709677398,0.741935492,0.774193525,601.200012,0.838709652,0.870967746,0.90322578,0.935483873,9001,1,-30,-20,0,1,0,0,1,60,20,94.2477798,126,600,1.39999998,55,1,1,50,114.75,0,0.699999988,0.170000002,0.0083368076,1,-40,-20,0,1,0,0,1,60,20,94.2477798,126,599.799988,1.39999998,55,1,1,40,114.75,0,0.699999988,0.170000002,0.0083368076
2,603,-55,1.08000004,0,50,114.75,0,145,0.745638013,21.697958,153.827942,3.24000025,-0.400008857,0.300006658,0.86601907,0,0.0322580636,0.0645161271,0.0967741907,0.129032254,0.161290318,0.193548381,0.225806445,0.258064508,0.290322572,0.322580636,0.354838699,0.387096763,0.419354826,0.45161289,0.483870953,0.516129017,0.54838711,0.580645144,0.612903237,0.645161271,0.677419364,0.709677398,0.741935492,0.774193525,601.200012,0.838709652,0.870967746,0.90322578,0.935483873,9001,1,-30,-20,0,1,0,0,1,60,20,94.2477798,126,600,1.39999998,55,1,1,50,114.75,0,0.699999988,0.170000002,0.0083368076,1,-40,-20,0,1,0,0,1,60,20,94.2477798,126,599.799988,1.39999998,55,1,1,40,114.75,0,0.699999988,0.170000002,0.0083368076
2,603,-55,1.08000004,1,50,114.75,0,145,0.745638013,21.697958,153.827942,3.24000025,-0.400008857,0.300006658,0.86601907,0,0.0322580636,0.0645161271,0.0967741907,0.129032254,0.161290318,0.193548381,0.225806445,0.258064508,0.290322572,0.322580636,0.354838699,0.387096763,0.419354826,0.45161289,0.483870953,0.516129017,0.54838711,0.580645144,0.612903237,0.645161271,0.677419364,0.709677398,0.741935492,0.774193525,601.200012,0.838709652,0.870967746,0.90322578,0.935483873,9001,1,-30,-20,0,1,0,0,1,60,20,94.2477798,126,600,1.39999998,55,1,1,50,114.75,0,0.699999988,0.170000002,0.0083368076,1,-40,-20,0,1,0,0,1,60,20,94.2477798,126,599.799988,1.39999998,55,1,1,40,114.75,0,0.699999988,0.170000002,0.0083368076
3,599.999939,-55,1.08000004,0,-30,-20,0,55,0.170000002,-22.6142597,3.0774498,3.24000025,0.300006658,0.400008857,0.86601907,0,0.0322580636,0.0645161271,0.0967741907,0.129032254,0.161290318,0.193548381,0.225806445,0.258064508,0.290322572,0.322580636,0.354838699,0.387096763,0.419354826,0.45161289,0.483870953,0.516129017,0.54838711,0.580645144,0.612903237,0.645161271,0.677419364,0.709677398,0.741935492,0.774193525,601.200012,0.838709652,0.870967746,0.90322578,0.935483873,9001,1,-30,-20,0,1,0,0,-1,60,20,94.2477798,126,600,1.39999998,55,-1,1,50,-154.75,0,0.699999988,0.170000002,0.0083368076,1,-40,-20,0,1,0,0,-1,60,20,94.2477798,126,599.799988,1.39999998,55,-1,1,40,-154.75,0,0.699999988,0.170000002,0.0083368076
3,599.999939,-55,1.08000004,1,-22.0043945,-20,0,55,0.320025921,-14.6186543,3.0774498,3.24000025,0.300006658,0.400008857,0.86601907,0,0.0322580636,0.0645161271,0.0967741907,0.129032254,0.161290318,0.193548381,0.225806445,0.258064508,0.290322572,0.322580636,0.354838699,0.387096763,0.419354826,0.45161289,0.483870953,0.516129017,0.54838711,0.580645144,0.612903237,0.645161271,0.677419364,0.709677398,0.741935492,0.774193525,601.200012,0.838709652,0.870967746,0.90322578,0.935483873,9001,1,-30,-20,0,1,0,0,-1,60,20,94.2477798,126,600,1.39999998,55,-1,1,50,-154.75,0,0.699999988,0.170000002,0.0083368076,1,-40,-20,0,1,0,0,-1,60,20,94.2477798,126,599.799988,1.39999998,55,-1,1,40,-154.75,0,0.699999988,0.170000002,0.0083368076
3,600,-55,1.08000004,0,-30,-20,0,55,0.170000002,-22.6143246,3.07744789,3.24000025,0.300006658,0.400008857,0.86601907,0,0.0322580636,0.0645161271,0.0967741907,0.129032254,0.161290318,0.193548381,0.225806445,0.258064508,0.290322572,0.322580636,0.354838699,0.387096763,0.419354826,0.45161289,0.483870953,0.516129017,0.54838711,0.580645144,0.612903237,0.645161271,0.677419364,0.709677398,0.741935492,0.774193525,601.200012,0.838709652,0.870967746,0.90322578,0.935483873,9001,1,-30,-20,0,1,0,0,-1,60,20,94.2477798,126,600,1.39999998,55,-1,1,50,-154.75,0,0.699999988,0.170000002,0.0083368076,1,-40,-20,0,1,0,0,-1,60,20,94.2477798,126,599.799988,1.39999998,55,-1,1,40,-154.75,0,0.699999988,0.170000002,0.0083368076
3,600,-55,1.08000004,1,-21.9989014,-20,0,55,0.320071697,-14.6132259,3.07744789,3.24000025,0.300006658,0.400008857,0.86601907,0,0.0322580636,0.0645161271,0.0967741907,0.129032254,0.161290318,0.193548381,0.225806445,0.258064508,0.290322572,0.322580636,0.354838699,0.387096763,0.419354826,0.45161289,0.483870953,0.516129017,0.54838711,0.580645144,0.612903237,0.645161271,0.677419364,0.709677398,0.741935492,0.774193525,601.200012,0.838709652,0.870967746,0.90322578,0.935483873,9001,1,-30,-20,0,1,0,0,-1,60,20,94.2477798,126,600,1.39999998,55,-1,1,50,-154.75,0,0.699999988,0.170000002,0.0083368076,1,-40,-20,0,1,0,0,-1,60,20,94.2477798,126,599.799988,1.39999998,55,-1,1,40,-154.75,0,0.699999988,0.170000002,0.0083368076
3,600.000061,-55,1.08000004,0,-29.9945068,-20,0,55,0.170045793,-22.6088963,3.07744789,3.24000025,0.300006658,0.400008857,0.86601907,0,0.0322580636,0.0645161271,0.0967741907,0.129032254,0.161290318,0.193548381,0.225806445,0.258064508,0.290322572,0.322580636,0.354838699,0.387096763,0.419354826,0.45161289,0.483870953,0.516129017,0.54838711,0.580645144,0.612903237,0.645161271,0.677419364,0.709677398,0.741935492,0.774193525,601.200012,0.838709652,0.870967746,0.90322578,0.935483873,9001,1,-30,-20,0,1,0,0,-1,60,20,94.2477798,126,600,1.39999998,55,-1,1,50,-154.75,0,0.699999988,0.170000002,0.0083368076,1,-40,-20,0,1,0,0,-1,60,20,94.2477798,126,599.799988,1.39999998,55,-1,1,40,-154.75,0,0.699999988,0.170000002,0.0083368076
3,600.000061,-55,1.08000004,1,-21.9934082,-20,0,55,0.320117474,-14.6077976,3.07744789,3.24000025,0.300006658,0.400008857,0.86601907,0,0.0322580636,0.0645161271,0.0967741907,0.129032254,0.161290318,0.193548381,0.225806445,0.258064508,0.290322572,0.322580636,0.354838699,0.387096763,0.419354826,0.45161289,0.483870953,0.516129017,0.54838711,0.580645144,0.612903237,0.645161271,0.677419364,0.709677398,0.741935492,0.774193525,601.200012,0.838709652,0.870967746,0.90322578,0.935483873,9001,1,-30,-20,0,1,0,0,-1,60,20,94.2477798,126,600,1.39999998,55,-1,1,50,-154.75,0,0.699999988,0.170000002,0.0083368076,1,-40,-20,0,1,0,0,-1,60,20,94.2477798,126,599.799988,1.39999998,55,-1,1,40,-154.75,0,0.699999988,0.170000002,0.0083368076
3,600.222229,-55,1.08000004,0,-9.99938965,-20,0,54.9994164,0.336741239,-2.85259008,3.07718468,3.24000025,0.300010681,0.400005758,0.86601907,0,0.0322580636,0.0645161271,0.0967741907,0.129032254,0.161290318,0.193548381,0.225806445,0.258064508,0.290322572,0.322580636,0.354838699,0.387096763,0.419354826,0.45161289,0.483870953,0.516129017,0.54838711,0.580645144,0.612903237,0.645161271,0.677419364,0.709677398,0.741935492,0.774193525,601.200012,0.838709652,0.870967746,0.90322578,0.935483873,9001,1,-30,-20,0,1,0,0,-1,60,20,94.2477798,126,600,1.39999998,55,-1,1,50,-154.75,0,0.699999988,0.170000002,0.0083368076,1,-40,-20,0,1,0,0,-1,60,20,94.2477798,126,599.799988,1.39999998,55,-1,1,40,-154.75,0,0.699999988,0.170000002,0.0083368076
3,600.222229,-55,1.08000004,1,-2.26715851,-22.6803169,0,37.8096352,0.486812949,6.60290813,-7.64114285,3.24000025,0.404826343,0.293473482,0.86601907,0,0.0322580636,0.0645161271,0.0967741907,0.129032254,0.161290318,0.193548381,0.225806445,0.258064508,0.290322572,0.322580636,0.354838699,0.387096763,0.419354826,0.45161289,0.483870953,0.516129017,0.54838711,0.580645144,0.612903237,0.645161271,0.677419364,0.709677398,0.741935492,0.774193525,601.200012,0.838709652,0.870967746,0.90322578,0.935483873,9001,1,-30,-20,0,1,0,0,-1,60,20,94.2477798,126,600,1.39999998,55,-1,1,50,-154.75,0,0.699999988,0.170000002,0.0083368076,1,-40,-20,0,1,0,0,-1,60,20,94.2477798,126,599.799988,1.39999998,55,-1,1,40,-154.75,0,0.699999988,0.170000002,0.0083368076
3,601.269409,-55,1.08000004,0,50,-79.9990463,0,-34.9990921,0.122453809,41.1383514,-91.5452957,3.24000025,0.400013566,-0.30000028,0.86601907,0,0.0322580636,0.0645161271,0.0967741907,0.129032254,0.161290318,0.193548381,0.225806445,0.258064508,0.290322572,0.322580636,0.354838699,0.387096763,0.419354826,0.45161289,0.483870953,0.516129017,0.54838711,0.580645144,0.612903237,0.645161271,0.677419364,0.709677398,0.741935492,0.774193525,601.200012,0.838709652,0.870967746,0.90322578,0.935483873,9001,1,-30,-20,0,1,0,0,-1,60,20,94.2477798,126,600,1.39999998,55,-1,1,50,-154.75,0,0.699999988,0.170000002,0.0083368076,1,-40,-20,0,1,0,0,-1,60,20,94.2477798,126,599.799988,1.39999998,55,-1,1,40,-154.75,0,0.699999988,0.170000002,0.0083368076
3,601.269409,-55,1.08000004,1,50,-79.9990463,0,-34.9990921,0.122453809,41.1383514,-91.5452957,3.24000025,0.400013566,-0.30000028,0.86601907,0,0.0322580636,0.0645161271,0.0967741907,0.129032254,0.161290318,0.193548381,0.225806445,0.258064508,0.290322572,0.322580636,0.354838699,0.387096763,0.419354826,0.45161289,0.483870953,0.516129017,0.54838711,0.580645144,0.612903237,0.645161271,0.677419364,0.709677398,0.741935492,0.774193525,601.200012,0.838709652,0.870967746,0.90322578,0.935483873,9001,1,-30,-20,0,1,0,0,-1,60,20,94.2477798,126,600,1.39999998,55,-1,1,50,-154.75,0,0.699999988,0.170000002,0.0083368076,1,-40,-20,0,1,0,0,-1,60,20,94.2477798,126,599.799988,1.39999998,55,-1,1,40,-154.75,0,0.699999988,0.170000002,0.0083368076
3,601.199951,-55,1.08000004,0,49.6745453,-73.7591324,0,-29.0296097,0.0703386068,43.3530388,-84.1871185,3.24000025,0.429044127,-0.256772608,0.86601907,0,0.0322580636,0.0645161271,0.0967741907,0.129032254,0.161290318,0.193548381,0.225806445,0.258064508,0.290322572,0.322580636,0.354838699,0.387096763,0.419354826,0.45161289,0.483870953,0.516129017,0.54838711,0.580645144,0.612903237,0.645161271,0.677419364,0.709677398,0.741935492,0.774193525,601.200012,0.838709652,0.870967746,0.90322578,0.935483873,9001,1,-30,-20,0,1,0,0,-1,60,20,94.2477798,126,600,1.39999998,55,-1,1,50,-154.75,0,0.699999988,0.170000002,0.0083368076,1,-40,-20,0,1,0,0,-1,60,20,94.2477798,126,599.799988,1.39999998,55,-1,1,40,-154.75,0,0.699999988,0.170000002,0.0083368076
3,601.199951,-55,1.08000004,1,40,-91.7489243,0,-35,0.220410228,31.1379585,-103.323174,3.24000025,0.400008857,-0.300006658,0.86601907,0,0.0322580636,0.0645161271,0.0967741907,0.129032254,0.161290318,0.193548381,0.225806445,0.258064508,0.290322572,0.322580636,0.354838699,0.387096763,0.419354826,0.45161289,0.483870953,0.516129017,0.54838711,0.580645144,0.612903237,0.645161271,0.677419364,0.709677398,0.741935492,0.774193525,601.200012,0.838709652,0.870967746,0.90322578,0.935483873,9001,1,-30,-20,0,1,0,0,-1,60,20,94.2477798,126,600,1.39999998,55,-1,1,50,-154.75,0,0.699999988,0.170000002,0.0083368076,1,-40,-20,0,1,0,0,-1,60,20,94.2477798,126,599.799988,1.39999998,55,-1,1,40,-154.75,0,0.699999988,0.170000002,0.0083368076
3,601.200012,-55,1.08000004,0,49.6751175,-73.764595,0,-29.0348587,0.0703843832,43.351429,-84.1936798,3.24000025,0.429020613,-0.256811917,0.86601907,0,0.0322580636,0.0645161271,0.0967741907,0.129032254,0.161290318,0.193548381,0.225806445,0.258064508,0.290322572,0.322580636,0.354838699,0.387096763,0.419354826,0.45161289,0.483870953,0.516129017,0.54838711,0.580645144,0.612903237,0.645161271,0.677419364,0.709677398,0.741935492,0.774193525,601.200012,0.838709652,0.870967746,0.90322578,0.935483873,9001,1,-30,-20,0,1,0,0,-1,60,20,94.2477798,126,600,1.39999998,55,-1,1,50,-154.75,0,0.699999988,0.170000002,0.0083368076,1,-40,-20,0,1,0,0,-1,60,20,94.2477798,126,599.799988,1.39999998,55,-1,1,40,-154.75,0,0.699999988,0.170000002,0.0083368076
3,601.200012,-55,1.08000004,1,49.6751175,-73.764595,0,-29.0348587,0.0703843832,43.351429,-84.1936798,3.24000025,0.429020613,-0.256811917,0.86601907,0,0.0322580636,0.0645161271,0.0967741907,0.129032254,0.161290318,0.193548381,0.225806445,0.258064508,0.290322572,0.322580636,0.354838699,0.387096763,0.419354826,0.45161289,0.483870953,0.516129017,0.54838711,0.580645144,0.612903237,0.645161271,0.677419364,0.709677398,0.741935492,0.774193525,601.200012,0.838709652,0.870967746,0.90322578,0.935483873,9001,1,-30,-20,0,1,0,0,-1,60,20,94.2477798,126,600,1.39999998,55,-1,1,50,-154.75,0,0.699999988,0.170000002,0.0083368076,1,-40,-20,0,1,0,0,-1,60,20,94.2477798,126,599.799988,1.39999998,55,-1,1,40,-154.75,0,0.699999988,0.170000002,0.0083368076
3,601.200073,-55,1.08000004,0,49.6756897,-73.7700577,0,-29.0401001,0.0704301596,43.349823,-84.2002411,3.24000025,0.428997159,-0.256851196,0.86601907,0,0.0322580636,0.0645161271,0.0967741907,0.129032254,0.161290318,0.193548381,0.225806445,0.258064508,0.290322572,0.322580636,0.354838699,0.387096763,0.419354826,0.45161289,0.483870953,0.516129017,0.54838711,0.580645144,0.612903237,0.645161271,0.677419364,0.709677398,0.741935492,0.774193525,601.200012,0.838709652,0.870967746,0.90322578,0.935483873,9001,1,-30,-20,0,1,0,0,-1,60,20,94.2477798,126,600,1.39999998,55,-1,1,50,-154.75,0,0.699999988,0.170000002,0.0083368076,1,-40,-20,0,1,0,0,-1,60,20,94.2477798,126,599.799988,1.39999998,55,-1,1,40,-154.75,0,0.699999988,0.170000002,0.0083368076
3,601.200073,-55,1.08000004,1,49.6756897,-73.7700577,0,-29.0401001,0.0704301596,43.349823,-84.2002411,3.24000025,0.428997159,-0.256851196,0.86601907,0,0.0322580636,0.0645161271,0.0967741907,0.129032254,0.161290318,0.193548381,0.225806445,0.258064508,0.290322572,0.322580636,0.354838699,0.387096763,0.419354826,0.45161289,0.483870953,0.516129017,0.54838711,0.580645144,0.612903237,0.645161271,0.677419364,0.709677398,0.741935492,0.774193525,601.200012,0.838709652,0.870967746,0.90322578,0.935483873,9001,1,-30,-20,0,1,0,0,-1,60,20,94.2477798,126,600,1.39999998,55,-1,1,50,-154.75,0,0.699999988,0.170000002,0.0083368076,1,-40,-20,0,1,0,0,-1,60,20,94.2477798,126,599.799988,1.39999998,55,-1,1,40,-154.75,0,0.699999988,0.170000002,0.0083368076
3,601.400024,-55,1.08000004,0,50,-91.7544174,0,-35,0.220456004,41.1379585,-103.261833,3.24000025,0.400008857,-0.300006658,0.86601907,0,0.0322580636,0.0645161271,0.0967741907,0.129032254,0.161290318,0.193548381,0.225806445,0.258064508,0.290322572,0.322580636,0.354838699,0.387096763,0.419354826,0.45161289,0.483870953,0.516129017,0.54838711,0.580645144,0.612903237,0.645161271,0.677419364,0.709677398,0.741935492,0.774193525,601.200012,0.838709652,0.870967746,0.90322578,0.935483873,9001,1,-30,-20,0,1,0,0,-1,60,20,94.2477798,126,600,1.39999998,55,-1,1,50,-154.75,0,0.699999988,0.170000002,0.0083368076,1,-40,-20,0,1,0,0,-1,60,20,94.2477798,126,599.799988,1.39999998,55,-1,1,40,-154.75,0,0.699999988,0.170000002,0.0083368076
3,601.400024,-55,1.08000004,1,50,-91.7544174,0,-35,0.220456004,41.1379585,-103.261833,3.24000025,0.400008857,-0.300006658,0.86601907,0,0.0322580636,0.0645161271,0.0967741907,0.129032254,0.161290318,0.193548381,0.225806445,0.258064508,0.290322572,0.322580636,0.354838699,0.387096763,0.419354826,0.45161289,0.483870953,0.516129017,0.54838711,0.580645144,0.612903237,0.645161271,0.677419364,0.709677398,0.741935492,0.774193525,601.200012,0.838709652,0.870967746,0.90322578,0.935483873,9001,1,-30,-20,0,1,0,0,-1,60,20,94.2477798,126,600,1.39999998,55,-1,1,50,-154.75,0,0.699999988,0.170000002,0.0083368076,1,-40,-20,0,1,0,0,-1,60,20,94.2477798,126,599.799988,1.39999998,55,-1,1,40,-154.75,0,0.699999988,0.170000002,0.0083368076
3,601.400085,-55,1.08000004,0,50,-91.7599106,0,-35,0.220501781,41.1379585,-103.267311,3.24000025,0.400008857,-0.300006658,0.86601907,0,0.0322580636,0.0645161271,0.0967741907,0.129032254,0.161290318,0.193548381,0.225806445,0.258064508,0.290322572,0.322580636,0.354838699,0.387096763,0.419354826,0.45161289,0.483870953,0.516129017,0.54838711,0.580645144,0.612903237,0.645161271,0.677419364,0.709677398,0.741935492,0.774193525,601.200012,0.838709652,0.870967746,0.90322578,0.935483873,9001,1,-30,-20,0,1,0,0,-1,60,20,94.2477798,126,600,1.39999998,55,-1,1,50,-154.75,0,0.699999988,0.170000002,0.0083368076,1,-40,-20,0,1,0,0,-1,60,20,94.2477798,126,599.799988,1.39999998,55,-1,1,40,-154.75,0,0.699999988,0.170000002,0.0083368076
3,601.400085,-55,1.08000004,1,50,-91.7599106,0,-35,0.220501781,41.1379585,-103.267311,3.24000025,0.400008857,-0.300006658,0.86601907,0,0.0322580636,0.0645161271,0.0967741907,0.129032254,0.161290318,0.193548381,0.225806445,0.258064508,0.290322572,0.322580636,0.354838699,0.387096763,0.419354826,0.45161289,0.483870953,0.516129017,0.54838711,0.580645144,0.612903237,0.645161271,0.677419364,0.709677398,0.741935492,0.774193525,601.200012,0.838709652,0.870967746,0.90322578,0.935483873,9001,1,-30,-20,0,1,0,0,-1,60,20,94.2477798,126,600,1.39999998,55,-1,1,50,-154.75,0,0.699999988,0.170000002,0.0083368076,1,-40,-20,0,1,0,0,-1,60,20,94.2477798,126,599.799988,1.39999998,55,-1,1,40,-154.75,0,0.699999988,0.170000002,0.0083368076
3,602.099976,-55,1.08000004,0,50,-154.747803,0,-35,0.745619774,41.1379623,-166.354904,3.24000025,0.400008857,-0.300006658,0.86601907,0,0.0322580636,0.0645161271,0.0967741907,0.129032254,0.161290318,0.193548381,0.225806445,0.258064508,0.290322572,0.322580636,0.354838699,0.387096763,0.419354826,0.45161289,0.483870953,0.516129017,0.54838711,0.580645144,0.612903237,0.645161271,0.677419364,0.709677398,0.741935492,0.774193525,601.200012,0.838709652,0.870967746,0.90322578,0.935483873,9001,1,-30,-20,0,1,0,0,-1,60,20,94.2477798,126,600,1.39999998,55,-1,1,50,-154.75,0,0.699999988,0.170000002,0.0083368076,1,-40,-20,0,1,0,0,-1,60,20,94.2477798,126,599.799988,1.39999998,55,-1,1,40,-154.75,0,0.699999988,0.170000002,0.0083368076
3,602.099976,-55,1.08000004,1,50,-154.747803,0,-35,0.745619774,41.1379623,-166.354904,3.24000025,0.400008857,-0.300006658,0.86601907,0,0.0322580636,0.0645161271,0.0967741907,0.129032254,0.161290318,0.193548381,0.225806445,0.258064508,0.290322572,0.322580636,0.354838699,0.387096763,0.419354826,0.45161289,0.483870953,0.516129017,0.54838711,0.580645144,0.612903237,0.645161271,0.677419364,0.709677398,0.741935492,0.774193525,601.200012,0.838709652,0.870967746,0.90322578,0.935483873,9001,1,-30,-20,0,1,0,0,-1,60,20,94.2477798,126,600,1.39999998,55,-1,1,50,-154.75,0,0.699999988,0.170000002,0.0083368076,1,-40,-20,0,1,0,0,-1,60,20,94.2477798,126,599.799988,1.39999998,55,-1,1,40,-154.75,0,0.699999988,0.170000002,0.0083368076
3,602.100098,-55,1.08000004,0,50,-154.75,0,-35,0.745638013,41.1379547,-166.357162,3.24000025,0.400008857,-0.300006658,0.86601907,0,0.0322580636,0.0645161271,0.0967741907,0.129032254,0.161290318,0.193548381,0.225806445,0.258064508,0.290322572,0.322580636,0.354838699,0.387096763,0.419354826,0.45161289,0.483870953,0.516129017,0.54838711,0.580645144,0.612903237,0.645161271,0.677419364,0.709677398,0.741935492,0.774193525,601.200012,0.838709652,0.870967746,0.90322578,0.935483873,9001,1,-30,-20,0,1,0,0,-1,60,20,94.2477798,126,600,1.39999998,55,-1,1,50,-154.75,0,0.699999988,0.170000002,0.0083368076,1,-40,-20,0,1,0,0,-1,60,20,94.2477798,126,599.799988,1.39999998,55,-1,1,40,-154.75,0,0.699999988,0.170000002,0.0083368076
3,602.100098,-55,1.08000004,1,50,-154.75,0,-35,0.745638013,41.1379547,-166.357162,3.24000025,0.400008857,-0.300006658,0.86601907,0,0.0322580636,0.0645161271,0.0967741907,0.129032254,0.161290318,0.193548381,0.225806445,0.258064508,0.290322572,0.322580636,0.354838699,0.387096763,0.419354826,0.45161289,0.483870953,0.516129017,0.54838711,0.580645144,0.612903237,0.645161271,0.677419364,0.709677398,0.741935492,0.774193525,601.200012,0.838709652,0.870967746,0.90322578,0.935483873,9001,1,-30,-20,0,1,0,0,-1,60,20,94.2477798,126,600,1.39999998,55,-1,1,50,-154.75,0,0.699999988,0.170000002,0.0083368076,1,-40,-20,0,1,0,0,-1,60,20,94.2477798,126,599.799988,1.39999998,55,-1,1,40,-154.75,0,0.699999988,0.170000002,0.0083368076
3,603,-55,1.08000004,0,50,-154.75,0,-35,0.745638013,41.1379585,-167.113052,3.24000025,0.400008857,-0.300006658,0.86601907,0,0.0322580636,0.0645161271,0.0967741907,0.129032254,0.161290318,0.193548381,0.225806445,0.258064508,0.290322572,0.322580636,0.354838699,0.387096763,0.419354826,0.45161289,0.483870953,0.516129017,0.54838711,0.580645144,0.612903237,0.645161271,0.677419364,0.709677398,0.741935492,0.774193525,601.200012,0.838709652,0.870967746,0.90322578,0.935483873,9001,1,-30,-20,0,1,0,0,-1,60,20,94.2477798,126,600,1.39999998,55,-1,1,50,-154.75,0,0.699999988,0.170000002,0.0083368076,1,-40,-20,0,1,0,0,-1,60,20,94.2477798,126,599.799988,1.39999998,55,-1,1,40,-154.75,0,0.699999988,0.170000002,0.0083368076
3,603,-55,1.08000004,1,50,-154.75,0,-35,0.745638013,41.1379585,-167.113052,3.24000025,0.400008857,-0.300006658,0.86601907,0,0.0322580636,0.0645161271,0.0967741907,0.129032254,0.161290318,0.193548381,0.225806445,0.258064508,0.290322572,0.322580636,0.354838699,0.387096763,0.419354826,0.45161289,0.483870953,0.516129017,0.54838711,0.580645144,0.612903237,0.645161271,0.677419364,0.709677398,0.741935492,0.774193525,601.200012,0.838709652,0.870967746,0.90322578,0.935483873,9001,1,-30,-20,0,1,0,0,-1,60,20,94.2477798,126,600,1.39999998,55,-1,1,50,-154.75,0,0.699999988,0.170000002,0.0083368076,1,-40,-20,0,1,0,0,-1,60,20,94.2477798,126,599.799988,1.39999998,55,-1,1,40,-154.75,0,0.699999988,0.170000002,0.0083368076
4,599.999939,-55,0.920000017,0,50,51.75,0,145,0.170000002,25.890852,85.2492676,2.75999999,-0.400008857,0.300006658,0.86601907,0,0.0322580636,0.0645161271,0.0967741907,0.129032254,0.161290318,0.193548381,0.225806445,0.258064508,0.290322572,0.322580636,0.354838699,0.387096763,0.419354826,0.45161289,0.483870953,0.516129017,0.54838711,0.580645144,0.612903237,0.645161271,0.677419364,0.709677398,0.741935492,0.774193525,601.200012,0.838709652,0.870967746,0.90322578,0.935483873,9001,2,50,51.75,0,0,1,-1,0,60,63,0,63,600,0.699999988,145,1,1,50,177.75,0,0.699999988,0.170000002,0.0083368076,2,40,51.75,0,0,1,-1,0,60,63,0,63,599.799988,0.699999988,145,1,1,40,177.75,0,0.699999988,0.170000002,0.0083368076
4,599.999939,-55,0.920000017,1,40,69.7456055,0,145,0.320025921,15.890852,103.244873,2.75999999,-0.400008857,0.300006658,0.86601907,0,0.0322580636,0.0645161271,0.0967741907,0.129032254,0.161290318,0.193548381,0.225806445,0.258064508,0.290322572,0.322580636,0.354838699,0.387096763,0.419354826,0.45161289,0.483870953,0.516129017,0.54838711,0.580645144,0.612903237,0.645161271,0.677419364,0.709677398,0.741935492,0.774193525,601.200012,0.838709652,0.870967746,0.90322578,0.935483873,9001,2,50,51.75,0,0,1,-1,0,60,63,0,63,600,0.699999988,145,1,1,50,177.75,0,0.699999988,0.170000002,0.0083368076,2,40,51.75,0,0,1,-1,0,60,63,0,63,599.799988,0.699999988,145,1,1,40,177.75,0,0.699999988,0.170000002,0.0083368076
4,600,-55,0.920000017,0,50,51.75,0,145,0.170000002,25.8908539,85.2492065,2.75999999,-0.400008857,0.300006658,0.86601907,0,0.0322580636,0.0645161271,0.0967741907,0.129032254,0.161290318,0.193548381,0.225806445,0.258064508,0.290322572,0.322580636,0.354838699,0.387096763,0.419354826,0.45161289,0.483870953,0.516129017,0.54838711,0.580645144,0.612903237,0.645161271,0.677419364,0.709677398,0.741935492,0.774193525,601.200012,0.838709652,0.870967746,0.90322578,0.935483873,9001,2,50,51.75,0,0,1,-1,0,60,63,0,63,600,0.699999988,145,1,1,50,177.75,0,0.699999988,0.170000002,0.0083368076,2,40,51.75,0,0,1,-1,0,60,63,0,63,599.799988,0.699999988,145,1,1,40,177.75,0,0.699999988,0.170000002,0.0083368076
4,600,-55,0.920000017,1,40,69.7510986,0,145,0.320071697,15.8908539,103.250305,2.75999999,-0.400008857,0.300006658,0.86601907,0,0.0322580636,0.0645161271,0.0967741907,0.129032254,0.161290318,0.193548381,0.225806445,0.258064508,0.290322572,0.322580636,0.354838699,0.387096763,0.419354826,0.45161289,0.483870953,0.516129017,0.54838711,0.580645144,0.612903237,0.645161271,0.677419364,0.709677398,0.741935492,0.774193525,601.200012,0.838709652,0.870967746,0.90322578,0.935483873,9001,2,50,51.75,0,0,1,-1,0,60,63,0,63,600,0.699999988,145,1,1,50,177.75,0,0.699999988,0.170000002,0.0083368076,2,40,51.75,0,0,1,-1,0,60,63,0,63,599.799988,0.699999988,145,1,1,40,177.75,0,0.699999988,0.170000002,0.0083368076
4,600.000061,-55,0.920000017,0,50,51.7554932,0,145,0.170045793,25.8908539,85.2546539,2.75999999,-0.400008857,0.300006658,0.86601907,0,0.0322580636,0.0645161271,0.0967741907,0.129032254,0.161290318,0.193548381,0.225806445,0.258064508,0.290322572,0.322580636,0.354838699,0.387096763,0.419354826,0.45161289,0.483870953,0.516129017,0.54838711,0.580645144,0.612903237,0.645161271,0.677419364,0.709677398,0.741935492,0.774193525,601.200012,0.838709652,0.870967746,0.90322578,0.935483873,9001,2,50,51.75,0,0,1,-1,0,60,63,0,63,600,0.699999988,145,1,1,50,177.75,0,0.699999988,0.170000002,0.0083368076,2,40,51.75,0,0,1,-1,0,60,63,0,63,599.799988,0.699999988,145,1,1,40,177.75,0,0.699999988,0.170000002,0.0083368076
4,600.000061,-55,0.920000017,1,40,69.7565918,0,145,0.320117474,15.8908539,103.255753,2.75999999,-0.400008857,0.300006658,0.86601907,0,0.0322580636,0.0645161271,0.0967741907,0.129032254,0.161290318,0.193548381,0.225806445,0.258064508,0.290322572,0.322580636,0.354838699,0.387096763,0.419354826,0.45161289,0.483870953,0.516129017,0.54838711,0.580645144,0.612903237,0.645161271,0.677419364,0.709677398,0.741935492,0.774193525,601.200012,0.838709652,0.870967746,0.90322578,0.935483873,9001,2,50,51.75,0,0,1,-1,0,60,63,0,63,600,0.699999988,145,1,1,50,177.75,0,0.699999988,0.170000002,0.0083368076,2,40,51.75,0,0,1,-1,0,60,63,0,63,599.799988,0.699999988,145,1,1,40,177.75,0,0.699999988,0.170000002,0.0083368076
4,600.222229,-55,0.920000017,0,50,71.7506104,0,145,0.336741239,25.890852,105.046249,2.75999999,-0.400008857,0.300006658,0.86601907,0,0.0322580636,0.0645161271,0.0967741907,0.129032254,0.161290318,0.193548381,0.225806445,0.258064508,0.290322572,0.322580636,0.354838699,0.387096763,0.419354826,0.45161289,0.483870953,0.516129017,0.54838711,0.580645144,0.612903237,0.645161271,0.677419364,0.709677398,0.741935492,0.774193525,601.200012,0.838709652,0.870967746,0.90322578,0.935483873,9001,2,50,51.75,0,0,1,-1,0,60,63,0,63,600,0.699999988,145,1,1,50,177.75,0,0.699999988,0.170000002,0.0083368076,2,40,51.75,0,0,1,-1,0,60,63,0,63,599.799988,0.699999988,145,1,1,40,177.75,0,0.699999988,0.170000002,0.0083368076
4,600.222229,-55,0.920000017,1,40,89.751709,0,145,0.486812949,15.890852,123.047348,2.75999999,-0.400008857,0.300006658,0.86601907,0,0.0322580636,0.0645161271,0.0967741907,0.129032254,0.161290318,0.193548381,0.225806445,0.258064508,0.290322572,0.322580636,0.354838699,0.387096763,0.419354826,0.45161289,0.483870953,0.516129017,0.54838711,0.580645144,0.612903237,0.645161271,0.677419364,0.709677398,0.741935492,0.774193525,601.200012,0.838709652,0.870967746,0.90322578,0.935483873,9001,2,50,51.75,0,0,1,-1,0,60,63,0,63,600,0.699999988,145,1,1,50,177.75,0,0.699999988,0.170000002,0.0083368076,2,40,51.75,0,0,1,-1,0,60,63,0,63,599.799988,0.699999988,145,1,1,40,177.75,0,0.699999988,0.170000002,0.0083368076
4,600.222229,-55,0.920000017,0,50,71.7506104,0,145,0.336741239,25.890852,105.046249,2.75999999,-0.400008857,0.300006658,0.86601907,0,0.0322580636,0.0645161271,0.0967741907,0.129032254,0.161290318,0.193548381,0.225806445,0.258064508,0.290322572,0.322580636,0.354838699,0.387096763,0.419354826,0.45161289,0.483870953,0.516129017,0.54838711,0.580645144,0.612903237,0.645161271,0.677419364,0.709677398,0.741935492,0.774193525,601.200012,0.838709652,0.870967746,0.90322578,0.935483873,9001,2,50,51.75,0,0,1,-1,0,60,63,0,63,600,0.699999988,145,1,1,50,177.75,0,0.699999988,0.170000002,0.0083368076,2,40,51.75,0,0,1,-1,0,60,63,0,63,599.799988,0.699999988,145,1,1,40,177.75,0,0.699999988,0.170000002,0.0083368076
4,600.222229,-55,0.920000017,1,40,89.751709,0,145,0.486812949,15.890852,123.047348,2.75999999,-0.400008857,0.300006658,0.86601907,0,0.0322580636,0.0645161271,0.0967741907,0.129032254,0.161290318,0.193548381,0.225806445,0.258064508,0.290322572,0.322580636,0.354838699,0.387096763,0.419354826,0.45161289,0.483870953,0.516129017,0.54838711,0.580645144,0.612903237,0.645161271,0.677419364,0.709677398,0.741935492,0.774193525,601.200012,0.838709652,0.870967746,0.90322578,0.935483873,9001,2,50,51.75,0,0,1,-1,0,60,63,0,63,600,0.699999988,145,1,1,50,177.75,0,0.699999988,0.170000002,0.0083368076,2,40,51.75,0,0,1,-1,0,60,63,0,63,599.799988,0.699999988,145,1,1,40,177.75,0,0.699999988,0.170000002,0.0083368076
4,601.199951,-55,0.920000017,0,50,159.745605,0,145,0.0703386068,25.8908539,192.362274,2.75999999,-0.400008857,0.300006658,0.86601907,0,0.0322580636,0.0645161271,0.0967741907,0.129032254,0.161290318,0.193548381,0.225806445,0.258064508,0.290322572,0.322580636,0.354838699,0.387096763,0.419354826,0.45161289,0.483870953,0.516129017,0.54838711,0.580645144,0.612903237,0.645161271,0.677419364,0.709677398,0.741935492,0.774193525,601.200012,0.838709652,0.870967746,0.90322578,0.935483873,9001,2,50,51.75,0,0,1,-1,0,60,63,0,63,600,0.699999988,145,1,1,50,177.75,0,0.699999988,0.170000002,0.0083368076,2,40,51.75,0,0,1,-1,0,60,63,0,63,599.799988,0.699999988,145,1,1,40,177.75,0,0.699999988,0.170000002,0.0083368076
4,601.199951,-55,0.920000017,1,40,177.746704,0,145,0.220410228,15.8908539,210.363373,2.75999999,-0.400008857,0.300006658,0.86601907,0,0.0322580636,0.0645161271,0.0967741907,0.129032254,0.161290318,0.193548381,0.225806445,0.258064508,0.290322572,0.322580636,0.354838699,0.387096763,0.419354826,0.45161289,0.483870953,0.516129017,0.54838711,0.580645144,0.612903237,0.645161271,0.677419364,0.709677398,0.741935492,0.774193525,601.200012,0.838709652,0.870967746,0.90322578,0.935483873,9001,2,50,51.75,0,0,1,-1,0,60,63,0,63,600,0.699999988,145,1,1,50,177.75,0,0.699999988,0.170000002,0.0083368076,2,40,51.75,0,0,1,-1,0,60,63,0,63,599.799988,0.699999988,145,1,1,40,177.75,0,0.699999988,0.170000002,0.0083368076
4,601.200012,-55,0.920000017,0,50,159.751099,0,145,0.0703843832,25.8908539,192.367752,2.75999999,-0.400008857,0.300006658,0.86601907,0,0.0322580636,0.0645161271,0.0967741907,0.129032254,0.161290318,0.193548381,0.225806445,0.258064508,0.290322572,0.322580636,0.354838699,0.387096763,0.419354826,0.45161289,0.483870953,0.516129017,0.54838711,0.580645144,0.612903237,0.645161271,0.677419364,0.709677398,0.741935492,0.774193525,601.200012,0.838709652,0.870967746,0.90322578,0.935483873,9001,2,50,51.75,0,0,1,-1,0,60,63,0,63,600,0.699999988,145,1,1,50,177.75,0,0.699999988,0.170000002,0.0083368076,2,40,51.75,0,0,1,-1,0,60,63,0,63,599.799988,0.699999988,145,1,1,40,177.75,0,0.699999988,0.170000002,0.0083368076
4,601.200012,-55,0.920000017,1,50,159.751099,0,145,0.0703843832,25.8908539,192.367752,2.75999999,-0.400008857,0.300006658,0.86601907,0,0.0322580636,0.0645161271,0.0967741907,0.129032254,0.161290318,0.193548381,0.225806445,0.258064508,0.290322572,0.322580636,0.354838699,0.387096763,0.419354826,0.45161289,0.483870953,0.516129017,0.54838711,0.580645144,0.612903237,0.645161271,0.677419364,0.709677398,0.741935492,0.774193525,601.200012,0.838709652,0.870967746,0.90322578,0.935483873,9001,2,50,51.75,0,0,1,-1,0,60,63,0,63,600,0.699999988,145,1,1,50,177.75,0,0.699999988,0.170000002,0.0083368076,2,40,51.75,0,0,1,-1,0,60,63,0,63,599.799988,0.699999988,145,1,1,40,177.75,0,0.699999988,0.170000002,0.0083368076
4,601.200073,-55,0.920000017,0,50,159.756592,0,145,0.0704301596,25.8908539,192.37323,2.75999999,-0.400008857,0.300006658,0.86601907,0,0.0322580636,0.0645161271,0.0967741907,0.129032254,0.161290318,0.193548381,0.225806445,0.258064508,0.290322572,0.322580636,0.354838699,0.387096763,0.419354826,0.45161289,0.483870953,0.516129017,0.54838711,0.580645144,0.612903237,0.645161271,0.677419364,0.709677398,0.741935492,0.774193525,601.200012,0.838709652,0.870967746,0.90322578,0.935483873,9001,2,50,51.75,0,0,1,-1,0,60,63,0,63,600,0.699999988,145,1,1,50,177.75,0,0.699999988,0.170000002,0.0083368076,2,40,51.75,0,0,1,-1,0,60,63,0,63,599.799988,0.699999988,145,1,1,40,177.75,0,0.699999988,0.170000002,0.0083368076
4,601.200073,-55,0.920000017,1,50,159.756592,0,145,0.0704301596,25.8908539,192.37323,2.75999999,-0.400008857,0.300006658,0.86601907,0,0.0322580636,0.0645161271,0.0967741907,0.129032254,0.161290318,0.193548381,0.225806445,0.258064508,0.290322572,0.322580636,0.354838699,0.387096763,0.419354826,0.45161289,0.483870953,0.516129017,0.54838711,0.580645144,0.612903237,0.645161271,0.677419364,0.709677398,0.741935492,0.774193525,601.200012,0.838709652,0.870967746,0.90322578,0.935483873,9001,2,50,51.75,0,0,1,-1,0,60,63,0,63,600,0.699999988,145,1,1,50,177.75,0,0.699999988,0.170000002,0.0083368076,2,40,51.75,0,0,1,-1,0,60,63,0,63,599.799988,0.699999988,145,1,1,40,177.75,0,0.699999988,0.170000002,0.0083368076
4,601.400024,-55,0.920000017,0,50,177.75,0,145,0.220437765,25.8908539,210.309738,2.75999999,-0.400008857,0.300006658,0.86601907,0,0.0322580636,0.0645161271,0.0967741907,0.129032254,0.161290318,0.193548381,0.225806445,0.258064508,0.290322572,0.322580636,0.354838699,0.387096763,0.419354826,0.45161289,0.483870953,0.516129017,0.54838711,0.580645144,0.612903237,0.645161271,0.677419364,0.709677398,0.741935492,0.774193525,601.200012,0.838709652,0.870967746,0.90322578,0.935483873,9001,2,50,51.75,0,0,1,-1,0,60,63,0,63,600,0.699999988,145,1,1,50,177.75,0,0.699999988,0.170000002,0.0083368076,2,40,51.75,0,0,1,-1,0,60,63,0,63,599.799988,0.699999988,145,1,1,40,177.75,0,0.699999988,0.170000002,0.0083368076
4,601.400024,-55,0.920000017,1,50,177.75,0,145,0.220437765,25.8908539,210.309738,2.75999999,-0.400008857,0.300006658,0.86601907,0,0.0322580636,0.0645161271,0.0967741907,0.129032254,0.161290318,0.193548381,0.225806445,0.258064508,0.290322572,0.322580636,0.354838699,0.387096763,0.419354826,0.45161289,0.483870953,0.516129017,0.54838711,0.580645144,0.612903237,0.645161271,0.677419364,0.709677398,0.741935492,0.774193525,601.200012,0.838709652,0.870967746,0.90322578,0.935483873,9001,2,50,51.75,0,0,1,-1,0,60,63,0,63,600,0.699999988,145,1,1,50,177.75,0,0.699999988,0.170000002,0.0083368076,2,40,51.75,0,0,1,-1,0,60,63,0,63,599.799988,0.699999988,145,1,1,40,177.75,0,0.699999988,0.170000002,0.0083368076
4,601.400085,-55,0.920000017,0,50,177.75,0,145,0.220437765,25.890852,210.309723,2.75999999,-0.400008857,0.300006658,0.86601907,0,0.0322580636,0.0645161271,0.0967741907,0.129032254,0.161290318,0.193548381,0.225806445,0.258064508,0.290322572,0.322580636,0.354838699,0.387096763,0.419354826,0.45161289,0.483870953,0.516129017,0.54838711,0.580645144,0.612903237,0.645161271,0.677419364,0.709677398,0.741935492,0.774193525,601.200012,0.838709652,0.870967746,0.90322578,0.935483873,9001,2,50,51.75,0,0,1,-1,0,60,63,0,63,600,0.699999988,145,1,1,50,177.75,0,0.699999988,0.170000002,0.0083368076,2,40,51.75,0,0,1,-1,0,60,63,0,63,599.799988,0.699999988,145,1,1,40,177.75,0,0.699999988,0.170000002,0.0083368076
4,601.400085,-55,0.920000017,1,50,177.75,0,145,0.220437765,25.890852,210.309723,2.75999999,-0.400008857,0.300006658,0.86601907,0,0.0322580636,0.0645161271,0.0967741907,0.129032254,0.161290318,0.193548381,0.225806445,0.258064508,0.290322572,0.322580636,0.354838699,0.387096763,0.419354826,0.45161289,0.483870953,0.516129017,0.54838711,0.580645144,0.612903237,0.645161271,0.677419364,0.709677398,0.741935492,0.774193525,601.200012,0.838709652,0.870967746,0.90322578,0.935483873,9001,2,50,51.75,0,0,1,-1,0,60,63,0,63,600,0.699999988,145,1,1,50,177.75,0,0.699999988,0.170000002,0.0083368076,2,40,51.75,0,0,1,-1,0,60,63,0,63,599.799988,0.699999988,145,1,1,40,177.75,0,0.699999988,0.170000002,0.0083368076
4,602.099976,-55,0.920000017,0,50,177.75,0,145,0.220437765,25.8908558,210.394653,2.75999999,-0.400008857,0.300006658,0.86601907,0,0.0322580636,0.0645161271,0.0967741907,0.129032254,0.161290318,0.193548381,0.225806445,0.258064508,0.290322572,0.322580636,0.354838699,0.387096763,0.419354826,0.45161289,0.483870953,0.516129017,0.54838711,0.580645144,0.612903237,0.645161271,0.677419364,0.709677398,0.741935492,0.774193525,601.200012,0.838709652,0.870967746,0.90322578,0.935483873,9001,2,50,51.75,0,0,1,-1,0,60,63,0,63,600,0.699999988,145,1,1,50,177.75,0,0.699999988,0.170000002,0.0083368076,2,40,51.75,0,0,1,-1,0,60,63,0,63,599.799988,0.699999988,145,1,1,40,177.75,0,0.699999988,0.170000002,0.0083368076
4,602.099976,-55,0.920000017,1,50,177.75,0,145,0.220437765,25.8908558,210.394653,2.75999999,-0.400008857,0.300006658,0.86601907,0,0.0322580636,0.0645161271,0.0967741907,0.129032254,0.161290318,0.193548381,0.225806445,0.258064508,0.290322572,0.322580636,0.354838699,0.387096763,0.419354826,0.45161289,0.483870953,0.516129017,0.54838711,0.580645144,0.612903237,0.645161271,0.677419364,0.709677398,0.741935492,0.774193525,601.200012,0.838709652,0.870967746,0.90322578,0.935483873,9001,2,50,51.75,0,0,1,-1,0,60,63,0,63,600,0.699999988,145,1,1,50,177.75,0,0.699999988,0.170000002,0.0083368076,2,40,51.75,0,0,1,-1,0,60,63,0,63,599.799988,0.699999988,145,1,1,40,177.75,0,0.699999988,0.170000002,0.0083368076
4,602.100098,-55,0.920000017,0,50,177.75,0,145,0.220437765,25.8908558,210.394714,2.75999999,-0.400008857,0.300006658,0.86601907,0,0.0322580636,0.0645161271,0.0967741907,0.129032254,0.161290318,0.193548381,0.225806445,0.258064508,0.290322572,0.322580636,0.354838699,0.387096763,0.419354826,0.45161289,0.483870953,0.516129017,0.54838711,0.580645144,0.612903237,0.645161271,0.677419364,0.709677398,0.741935492,0.774193525,601.200012,0.838709652,0.870967746,0.90322578,0.935483873,9001,2,50,51.75,0,0,1,-1,0,60,63,0,63,600,0.699999988,145,1,1,50,177.75,0,0.699999988,0.170000002,0.0083368076,2,40,51.75,0,0,1,-1,0,60,63,0,63,599.799988,0.699999988,145,1,1,40,177.75,0,0.699999988,0.170000002,0.0083368076
4,602.100098,-55,0.920000017,1,50,177.75,0,145,0.220437765,25.8908558,210.394714,2.75999999,-0.400008857,0.300006658,0.86601907,0,0.0322580636,0.0645161271,0.0967741907,0.129032254,0.161290318,0.193548381,0.225806445,0.258064508,0.290322572,0.322580636,0.354838699,0.387096763,0.419354826,0.45161289,0.483870953,0.516129017,0.54838711,0.580645144,0.612903237,0.645161271,0.677419364,0.709677398,0.741935492,0.774193525,601.200012,0.838709652,0.870967746,0.90322578,0.935483873,9001,2,50,51.75,0,0,1,-1,0,60,63,0,63,600,0.699999988,145,1,1,50,177.75,0,0.699999988,0.170000002,0.0083368076,2,40,51.75,0,0,1,-1,0,60,63,0,63,599.799988,0.699999988,145,1,1,40,177.75,0,0.699999988,0.170000002,0.0083368076
4,603,-55,0.920000017,0,50,177.75,0,145,0.220437765,25.8908539,211.03862,2.75999999,-0.400008857,0.300006658,0.86601907,0,0.0322580636,0.0645161271,0.0967741907,0.129032254,0.161290318,0.193548381,0.225806445,0.258064508,0.290322572,0.322580636,0.354838699,0.387096763,0.419354826,0.45161289,0.483870953,0.516129017,0.54838711,0.580645144,0.612903237,0.645161271,0.677419364,0.709677398,0.741935492,0.774193525,601.200012,0.838709652,0.870967746,0.90322578,0.935483873,9001,2,50,51.75,0,0,1,-1,0,60,63,0,63,600,0.699999988,145,1,1,50,177.75,0,0.699999988,0.170000002,0.0083368076,2,40,51.75,0,0,1,-1,0,60,63,0,63,599.799988,0.699999988,145,1,1,40,177.75,0,0.699999988,0.170000002,0.0083368076
4,603,-55,0.920000017,1,50,177.75,0,145,0.220437765,25.8908539,211.03862,2.75999999,-0.400008857,0.300006658,0.86601907,0,0.0322580636,0.0645161271,0.0967741907,0.129032254,0.161290318,0.193548381,0.225806445,0.258064508,0.290322572,0.322580636,0.354838699,0.387096763,0.419354826,0.45161289,0.483870953,0.516129017,0.54838711,0.580645144,0.612903237,0.645161271,0.677419364,0.709677398,0.741935492,0.774193525,601.200012,0.838709652,0.870967746,0.90322578,0.935483873,9001,2,50,51.75,0,0,1,-1,0,60,63,0,63,600,0.699999988,145,1,1,50,177.75,0,0.699999988,0.170000002,0.0083368076,2,40,51.75,0,0,1,-1,0,60,63,0,63,599.799988,0.699999988,145,1,1,40,177.75,0,0.699999988,0.170000002,0.0083368076
5,599.999939,-55,0.920000017,0,50,51.75,0,145,0.170000002,25.890852,85.2492676,2.75999999,-0.400008857,0.300006658,0.86601907,0,0.0322580636,0.0645161271,0.0967741907,0.129032254,0.161290318,0.193548381,0.225806445,0.258064508,0.290322572,0.322580636,0.354838699,0.387096763,0.419354826,0.45161289,0.483870953,0.516129017,0.54838711,0.580645144,0.612903237,0.645161271,0.677419364,0.709677398,0.741935492,0.774193525,601.200012,0.838709652,0.870967746,0.90322578,0.935483873,9001,2,50,51.75,0,0,1,-1,0,60,63,0,63,600,0.699999988,145,1,1,50,177.75,0,0.699999988,0.170000002,0.0083368076,2,40,51.75,0,0,1,-1,0,60,63,0,63,599.799988,0.699999988,145,1,1,40,177.75,0,0.699999988,0.170000002,0.0083368076
5,599.999939,-55,0.920000017,1,40,69.7456055,0,145,0.320025921,15.890852,103.244873,2.75999999,-0.400008857,0.300006658,0.86601907,0,0.0322580636,0.0645161271,0.0967741907,0.129032254,0.161290318,0.193548381,0.225806445,0.258064508,0.290322572,0.322580636,0.354838699,0.387096763,0.419354826,0.45161289,0.483870953,0.516129017,0.54838711,0.580645144,0.612903237,0.645161271,0.677419364,0.709677398,0.741935492,0.774193525,601.200012,0.838709652,0.870967746,0.90322578,0.935483873,9001,2,50,51.75,0,0,1,-1,0,60,63,0,63,600,0.699999988,145,1,1,50,177.75,0,0.699999988,0.170000002,0.0083368076,2,40,51.75,0,0,1,-1,0,60,63,0,63,599.799988,0.699999988,145,1,1,40,177.75,0,0.699999988,0.170000002,0.0083368076
5,600,-55,0.920000017,0,50,51.75,0,145,0.170000002,25.8908539,85.2492065,2.75999999,-0.400008857,0.300006658,0.86601907,0,0.0322580636,0.0645161271,0.0967741907,0.129032254,0.161290318,0.193548381,0.225806445,0.258064508,0.290322572,0.322580636,0.354838699,0.387096763,0.419354826,0.45161289,0.483870953,0.516129017,0.54838711,0.580645144,0.612903237,0.645161271,0.677419364,0.709677398,0.741935492,0.774193525,601.200012,0.838709652,0.870967746,0.90322578,0.935483873,9001,2,50,51.75,0,0,1,-1,0,60,63,0,63,600,0.699999988,145,1,1,50,177.75,0,0.699999988,0.170000002,0.0083368076,2,40,51.75,0,0,1,-1,0,60,63,0,63,599.799988,0.699999988,145,1,1,40,177.75,0,0.699999988,0.170000002,0.0083368076
5,600,-55,0.920000017,1,40,69.7510986,0,145,0.320071697,15.8908539,103.250305,2.75999999,-0.400008857,0.300006658,0.86601907,0,0.0322580636,0.0645161271,0.0967741907,0.129032254,0.161290318,0.193548381,0.225806445,0.258064508,0.290322572,0.322580636,0.354838699,0.387096763,0.419354826,0.45161289,0.483870953,0.516129017,0.54838711,0.580645144,0.612903237,0.645161271,0.677419364,0.709677398,0.741935492,0.774193525,601.200012,0.838709652,0.870967746,0.90322578,0.935483873,9001,2,50,51.75,0,0,1,-1,0,60,63,0,63,600,0.699999988,145,1,1,50,177.75,0,0.699999988,0.170000002,0.0083368076,2,40,51.75,0,0,1,-1,0,60,63,0,63,599.799988,0.699999988,145,1,1,40,177.75,0,0.699999988,0.170000002,0.0083368076
5,600.000061,-55,0.920000017,0,50,51.7554932,0,145,0.170045793,25.8908539,85.2546539,2.75999999,-0.400008857,0.300006658,0.86601907,0,0.0322580636,0.0645161271,0.0967741907,0.129032254,0.161290318,0.193548381,0.225806445,0.258064508,0.290322572,0.322580636,0.354838699,0.387096763,0.419354826,0.45161289,0.483870953,0.516129017,0.54838711,0.580645144,0.612903237,0.645161271,0.677419364,0.709677398,0.741935492,0.774193525,601.200012,0.838709652,0.870967746,0.90322578,0.935483873,9001,2,50,51.75,0,0,1,-1,0,60,63,0,63,600,0.699999988,145,1,1,50,177.75,0,0.699999988,0.170000002,0.0083368076,2,40,51.75,0,0,1,-1,0,60,63,0,63,599.799988,0.699999988,145,1,1,40,177.75,0,0.699999988,0.170000002,0.0083368076
5,600.000061,-55,0.920000017,1,40,69.7565918,0,145,0.320117474,15.8908539,103.255753,2.75999999,-0.400008857,0.300006658,0.86601907,0,0.0322580636,0.0645161271,0.0967741907,0.129032254,0.161290318,0.193548381,0.225806445,0.258064508,0.290322572,0.322580636,0.354838699,0.387096763,0.419354826,0.45161289,0.483870953,0.516129017,0.54838711,0.580645144,0.612903237,0.645161271,0.677419364,0.709677398,0.741935492,0.774193525,601.200012,0.838709652,0.870967746,0.90322578,0.935483873,9001,2,50,51.75,0,0,1,-1,0,60,63,0,63,600,0.699999988,145,1,1,50,177.75,0,0.699999988,0.170000002,0.0083368076,2,40,51.75,0,0,1,-1,0,60,63,0,63,599.799988,0.699999988,145,1,1,40,177.75,0,0.699999988,0.170000002,0.0083368076
5,600.222229,-55,0.920000017,0,50,71.7506104,0,145,0.336741239,25.890852,105.046249,2.75999999,-0.400008857,0.300006658,0.86601907,0,0.0322580636,0.0645161271,0.0967741907,0.129032254,0.161290318,0.193548381,0.225806445,0.258064508,0.290322572,0.322580636,0.354838699,0.387096763,0.419354826,0.45161289,0.483870953,0.516129017,0.54838711,0.580645144,0.612903237,0.645161271,0.677419364,0.709677398,0.741935492,0.774193525,601.200012,0.838709652,0.870967746,0.90322578,0.935483873,9001,2,50,51.75,0,0,1,-1,0,60,63,0,63,600,0.699999988,145,1,1,50,177.75,0,0.699999988,0.170000002,0.0083368076,2,40,51.75,0,0,1,-1,0,60,63,0,63,599.799988,0.699999988,145,1,1,40,177.75,0,0.699999988,0.170000002,0.0083368076
5,600.222229,-55,0.920000017,1,40,89.751709,0,145,0.486812949,15.890852,123.047348,2.75999999,-0.400008857,0.300006658,0.86601907,0,0.0322580636,0.0645161271,0.0967741907,0.129032254,0.161290318,0.193548381,0.225806445,0.258064508,0.290322572,0.322580636,0.354838699,0.387096763,0.419354826,0.45161289,0.483870953,0.516129017,0.54838711,0.580645144,0.612903237,0.645161271,0.677419364,0.709677398,0.741935492,0.774193525,601.200012,0.838709652,0.870967746,0.90322578,0.935483873,9001,2,50,51.75,0,0,1,-1,0,60,63,0,63,600,0.699999988,145,1,1,50,177.75,0,0.699999988,0.170000002,0.0083368076,2,40,51.75,0,0,1,-1,0,60,63,0,63,599.799988,0.699999988,145,1,1,40,177.75,0,0.699999988,0.170000002,0.0083368076
5,600.222229,-55,0.920000017,0,50,71.7506104,0,145,0.336741239,25.890852,105.046249,2.75999999,-0.400008857,0.300006658,0.86601907,0,0.0322580636,0.0645161271,0.0967741907,0.129032254,0.161290318,0.193548381,0.225806445,0.258064508,0.290322572,0.322580636,0.354838699,0.387096763,0.419354826,0.45161289,0.483870953,0.516129017,0.54838711,0.580645144,0.612903237,0.645161271,0.677419364,0.709677398,0.741935492,0.774193525,601.200012,0.838709652,0.870967746,0.90322578,0.935483873,9001,2,50,51.75,0,0,1,-1,0,60,63,0,63,600,0.699999988,145,1,1,50,177.75,0,0.699999988,0.170000002,0.0083368076,2,40,51.75,0,0,1,-1,0,60,63,0,63,599.799988,0.699999988,145,1,1,40,177.75,0,0.699999988,0.170000002,0.0083368076
5,600.222229,-55,0.920000017,1,40,89.751709,0,145,0.486812949,15.890852,123.047348,2.75999999,-0.400008857,0.300006658,0.86601907,0,0.0322580636,0.0645161271,0.0967741907,0.129032254,0.161290318,0.193548381,0.225806445,0.258064508,0.290322572,0.322580636,0.354838699,0.387096763,0.419354826,0.45161289,0.483870953,0.516129017,0.54838711,0.580645144,0.612903237,0.645161271,0.677419364,0.709677398,0.741935492,0.774193525,601.200012,0.838709652,0.870967746,0.90322578,0.935483873,9001,2,50,51.75,0,0,1,-1,0,60,63,0,63,600,0.699999988,145,1,1,50,177.75,0,0.699999988,0.170000002,0.0083368076,2,40,51.75,0,0,1,-1,0,60,63,0,63,599.799988,0.699999988,145,1,1,40,177.75,0,0.699999988,0.170000002,0.0083368076
5,601.199951,-55,0.920000017,0,50,159.745605,0,145,0.0703386068,25.8908539,192.362274,2.75999999,-0.400008857,0.300006658,0.86601907,0,0.0322580636,0.0645161271,0.0967741907,0.129032254,0.161290318,0.193548381,0.225806445,0.258064508,0.290322572,0.322580636,0.354838699,0.387096763,0.419354826,0.45161289,0.483870953,0.516129017,0.54838711,0.580645144,0.612903237,0.645161271,0.677419364,0.709677398,0.741935492,0.774193525,601.200012,0.838709652,0.870967746,0.90322578,0.935483873,9001,2,50,51.75,0,0,1,-1,0,60,63,0,63,600,0.699999988,145,1,1,50,177.75,0,0.699999988,0.170000002,0.0083368076,2,40,51.75,0,0,1,-1,0,60,63,0,63,599.799988,0.699999988,145,1,1,40,177.75,0,0.699999988,0.170000002,0.0083368076
5,601.199951,-55,0.920000017,1,40,177.746704,0,145,0.220410228,15.8908539,210.363373,2.75999999,-0.400008857,0.300006658,0.86601907,0,0.0322580636,0.0645161271,0.0967741907,0.129032254,0.161290318,0.193548381,0.225806445,0.258064508,0.290322572,0.322580636,0.354838699,0.387096763,0.419354826,0.45161289,0.483870953,0.516129017,0.54838711,0.580645144,0.612903237,0.645161271,0.677419364,0.709677398,0.741935492,0.774193525,601.200012,0.838709652,0.870967746,0.90322578,0.935483873,9001,2,50,51.75,0,0,1,-1,0,60,63,0,63,600,0.699999988,145,1,1,50,177.75,0,0.699999988,0.170000002,0.0083368076,2,40,51.75,0,0,1,-1,0,60,63,0,63,599.799988,0.699999988,145,1,1,40,177.75,0,0.699999988,0.170000002,0.0083368076
5,601.200012,-55,0.920000017,0,50,159.751099,0,145,0.0703843832,25.8908539,192.367752,2.75999999,-0.400008857,0.300006658,0.86601907,0,0.0322580636,0.0645161271,0.0967741907,0.129032254,0.161290318,0.193548381,0.225806445,0.258064508,0.290322572,0.322580636,0.354838699,0.387096763,0.419354826,0.45161289,0.483870953,0.516129017,0.54838711,0.580645144,0.612903237,0.645161271,0.677419364,0.709677398,0.741935492,0.774193525,601.200012,0.838709652,0.870967746,0.90322578,0.935483873,9001,2,50,51.75,0,0,1,-1,0,60,63,0,63,600,0.699999988,145,1,1,50,177.75,0,0.699999988,0.170000002,0.0083368076,2,40,51.75,0,0,1,-1,0,60,63,0,63,599.799988,0.699999988,145,1,1,40,177.75,0,0.699999988,0.170000002,0.0083368076
5,601.200012,-55,0.920000017,1,50,159.751099,0,145,0.0703843832,25.8908539,192.367752,2.75999999,-0.400008857,0.300006658,0.86601907,0,0.0322580636,0.0645161271,0.0967741907,0.129032254,0.161290318,0.193548381,0.225806445,0.258064508,0.290322572,0.322580636,0.354838699,0.387096763,0.419354826,0.45161289,0.483870953,0.516129017,0.54838711,0.580645144,0.612903237,0.645161271,0.677419364,0.709677398,0.741935492,0.774193525,601.200012,0.838709652,0.870967746,0.90322578,0.935483873,9001,2,50,51.75,0,0,1,-1,0,60,63,0,63,600,0.699999988,145,1,1,50,177.75,0,0.699999988,0.170000002,0.0083368076,2,40,51.75,0,0,1,-1,0,60,63,0,63,599.799988,0.699999988,145,1,1,40,177.75,0,0.699999988,0.170000002,0.0083368076
5,601.200073,-55,0.920000017,0,50,159.756592,0,145,0.0704301596,25.8908539,192.37323,2.75999999,-0.400008857,0.300006658,0.86601907,0,0.0322580636,0.0645161271,0.0967741907,0.129032254,0.161290318,0.193548381,0.225806445,0.258064508,0.290322572,0.322580636,0.354838699,0.387096763,0.419354826,0.45161289,0.483870953,0.516129017,0.54838711,0.580645144,0.612903237,0.645161271,0.677419364,0.709677398,0.741935492,0.774193525,601.200012,0.838709652,0.870967746,0.90322578,0.935483873,9001,2,50,51.75,0,0,1,-1,0,60,63,0,63,600,0.699999988,145,1,1,50,177.75,0,0.699999988,0.170000002,0.0083368076,2,40,51.75,0,0,1,-1,0,60,63,0,63,599.799988,0.699999988,145,1,1,40,177.75,0,0.699999988,0.170000002,0.0083368076
5,601.200073,-55,0.920000017,1,50,159.756592,0,145,0.0704301596,25.8908539,192.37323,2.75999999,-0.400008857,0.300006658,0.86601907,0,0.0322580636,0.0645161271,0.0967741907,0.129032254,0.161290318,0.193548381,0.225806445,0.258064508,0.290322572,0.322580636,0.354838699,0.387096763,0.419354826,0.45161289,0.483870953,0.516129017,0.54838711,0.580645144,0.612903237,0.645161271,0.677419364,0.709677398,0.741935492,0.774193525,601.200012,0.838709652,0.870967746,0.90322578,0.935483873,9001,2,50,51.75,0,0,1,-1,0,60,63,0,63,600,0.699999988,145,1,1,50,177.75,0,0.699999988,0.170000002,0.0083368076,2,40,51.75,0,0,1,-1,0,60,63,0,63,599.799988,0.699999988,145,1,1,40,177.75,0,0.699999988,0.170000002,0.0083368076
5,601.400024,-55,0.920000017,0,50,177.75,0,145,0.220437765,25.8908539,210.309738,2.75999999,-0.400008857,0.300006658,0.86601907,0,0.0322580636,0.0645161271,0.0967741907,0.129032254,0.161290318,0.193548381,0.225806445,0.258064508,0.290322572,0.322580636,0.354838699,0.387096763,0.419354826,0.45161289,0.483870953,0.516129017,0.54838711,0.580645144,0.612903237,0.645161271,0.677419364,0.709677398,0.741935492,0.774193525,601.200012,0.838709652,0.870967746,0.90322578,0.935483873,9001,2,50,51.75,0,0,1,-1,0,60,63,0,63,600,0.699999988,145,1,1,50,177.75,0,0.699999988,0.170000002,0.0083368076,2,40,51.75,0,0,1,-1,0,60,63,0,63,599.799988,0.699999988,145,1,1,40,177.75,0,0.699999988,0.170000002,0.0083368076
5,601.400024,-55,0.920000017,1,50,177.75,0,145,0.220437765,25.8908539,210.309738,2.75999999,-0.400008857,0.300006658,0.86601907,0,0.0322580636,0.0645161271,0.0967741907,0.129032254,0.161290318,0.193548381,0.225806445,0.258064508,0.290322572,0.322580636,0.354838699,0.387096763,0.419354826,0.45161289,0.483870953,0.516129017,0.54838711,0.580645144,0.612903237,0.645161271,0.677419364,0.709677398,0.741935492,0.774193525,601.200012,0.838709652,0.870967746,0.90322578,0.935483873,9001,2,50,51.75,0,0,1,-1,0,60,63,0,63,600,0.699999988,145,1,1,50,177.75,0,0.699999988,0.170000002,0.0083368076,2,40,51.75,0,0,1,-1,0,60,63,0,63,599.799988,0.699999988,145,1,1,40,177.75,0,0.699999988,0.170000002,0.0083368076
5,601.400085,-55,0.920000017,0,50,177.75,0,145,0.220437765,25.890852,210.309723,2.75999999,-0.400008857,0.300006658,0.86601907,0,0.0322580636,0.0645161271,0.0967741907,0.129032254,0.161290318,0.193548381,0.225806445,0.258064508,0.290322572,0.322580636,0.354838699,0.387096763,0.419354826,0.45161289,0.483870953,0.516129017,0.54838711,0.580645144,0.612903237,0.645161271,0.677419364,0.709677398,0.741935492,0.774193525,601.200012,0.838709652,0.870967746,0.90322578,0.935483873,9001,2,50,51.75,0,0,1,-1,0,60,63,0,63,600,0.699999988,145,1,1,50,177.75,0,0.699999988,0.170000002,0.0083368076,2,40,51.75,0,0,1,-1,0,60,63,0,63,599.799988,0.699999988,145,1,1,40,177.75,0,0.699999988,0.170000002,0.0083368076
5,601.400085,-55,0.920000017,1,50,177.75,0,145,0.220437765,25.890852,210.309723,2.75999999,-0.400008857,0.300006658,0.86601907,0,0.0322580636,0.0645161271,0.0967741907,0.129032254,0.161290318,0.193548381,0.225806445,0.258064508,0.290322572,0.322580636,0.354838699,0.387096763,0.419354826,0.45161289,0.483870953,0.516129017,0.54838711,0.580645144,0.612903237,0.645161271,0.677419364,0.709677398,0.741935492,0.774193525,601.200012,0.838709652,0.870967746,0.90322578,0.935483873,9001,2,50,51.75,0,0,1,-1,0,60,63,0,63,600,0.699999988,145,1,1,50,177.75,0,0.699999988,0.170000002,0.0083368076,2,40,51.75,0,0,1,-1,0,60,63,0,63,599.799988,0.699999988,145,1,1,40,177.75,0,0.699999988,0.170000002,0.0083368076
5,602.099976,-55,0.920000017,0,50,177.75,0,145,0.220437765,25.8908558,210.394653,2.75999999,-0.400008857,0.300006658,0.86601907,0,0.0322580636,0.0645161271,0.0967741907,0.129032254,0.161290318,0.193548381,0.225806445,0.258064508,0.290322572,0.322580636,0.354838699,0.387096763,0.419354826,0.45161289,0.483870953,0.516129017,0.54838711,0.580645144,0.612903237,0.645161271,0.677419364,0.709677398,0.741935492,0.774193525,601.200012,0.838709652,0.870967746,0.90322578,0.935483873,9001,2,50,51.75,0,0,1,-1,0,60,63,0,63,600,0.699999988,145,1,1,50,177.75,0,0.699999988,0.170000002,0.0083368076,2,40,51.75,0,0,1,-1,0,60,63,0,63,599.799988,0.699999988,145,1,1,40,177.75,0,0.699999988,0.170000002,0.0083368076
5,602.099976,-55,0.920000017,1,50,177.75,0,145,0.220437765,25.8908558,210.394653,2.75999999,-0.400008857,0.300006658,0.86601907,0,0.0322580636,0.0645161271,0.0967741907,0.129032254,0.161290318,0.193548381,0.225806445,0.258064508,0.290322572,0.322580636,0.354838699,0.387096763,0.419354826,0.45161289,0.483870953,0.516129017,0.54838711,0.580645144,0.612903237,0.645161271,0.677419364,0.709677398,0.741935492,0.774193525,601.200012,0.838709652,0.870967746,0.90322578,0.935483873,9001,2,50,51.75,0,0,1,-1,0,60,63,0,63,600,0.699999988,145,1,1,50,177.75,0,0.699999988,0.170000002,0.0083368076,2,40,51.75,0,0,1,-1,0,60,63,0,63,599.799988,0.699999988,145,1,1,40,177.75,0,0.699999988,0.170000002,0.0083368076
5,602.100098,-55,0.920000017,0,50,177.75,0,145,0.220437765,25.8908558,210.394714,2.75999999,-0.400008857,0.300006658,0.86601907,0,0.0322580636,0.0645161271,0.0967741907,0.129032254,0.161290318,0.193548381,0.225806445,0.258064508,0.290322572,0.322580636,0.354838699,0.387096763,0.419354826,0.45161289,0.483870953,0.516129017,0.54838711,0.580645144,0.612903237,0.645161271,0.677419364,0.709677398,0.741935492,0.774193525,601.200012,0.838709652,0.870967746,0.90322578,0.935483873,9001,2,50,51.75,0,0,1,-1,0,60,63,0,63,600,0.699999988,145,1,1,50,177.75,0,0.699999988,0.170000002,0.0083368076,2,40,51.75,0,0,1,-1,0,60,63,0,63,599.799988,0.699999988,145,1,1,40,177.75,0,0.699999988,0.170000002,0.0083368076
5,602.100098,-55,0.920000017,1,50,177.75,0,145,0.220437765,25.8908558,210.394714,2.75999999,-0.400008857,0.300006658,0.86601907,0,0.0322580636,0.0645161271,0.0967741907,0.129032254,0.161290318,0.193548381,0.225806445,0.258064508,0.290322572,0.322580636,0.354838699,0.387096763,0.419354826,0.45161289,0.483870953,0.516129017,0.54838711,0.580645144,0.612903237,0.645161271,0.677419364,0.709677398,0.741935492,0.774193525,601.200012,0.838709652,0.870967746,0.90322578,0.935483873,9001,2,50,51.75,0,0,1,-1,0,60,63,0,63,600,0.699999988,145,1,1,50,177.75,0,0.699999988,0.170000002,0.0083368076,2,40,51.75,0,0,1,-1,0,60,63,0,63,599.799988,0.699999988,145,1,1,40,177.75,0,0.699999988,0.170000002,0.0083368076
5,603,-55,0.920000017,0,50,177.75,0,145,0.220437765,25.8908539,211.03862,2.75999999,-0.400008857,0.300006658,0.86601907,0,0.0322580636,0.0645161271,0.0967741907,0.129032254,0.161290318,0.193548381,0.225806445,0.258064508,0.290322572,0.322580636,0.354838699,0.387096763,0.419354826,0.45161289,0.483870953,0.516129017,0.54838711,0.580645144,0.612903237,0.645161271,0.677419364,0.709677398,0.741935492,0.774193525,601.200012,0.838709652,0.870967746,0.90322578,0.935483873,9001,2,50,51.75,0,0,1,-1,0,60,63,0,63,600,0.699999988,145,1,1,50,177.75,0,0.699999988,0.170000002,0.0083368076,2,40,51.75,0,0,1,-1,0,60,63,0,63,599.799988,0.699999988,145,1,1,40,177.75,0,0.699999988,0.170000002,0.0083368076
5,603,-55,0.920000017,1,50,177.75,0,145,0.220437765,25.8908539,211.03862,2.75999999,-0.400008857,0.300006658,0.86601907,0,0.0322580636,0.0645161271,0.0967741907,0.129032254,0.161290318,0.193548381,0.225806445,0.258064508,0.290322572,0.322580636,0.354838699,0.387096763,0.419354826,0.45161289,0.483870953,0.516129017,0.54838711,0.580645144,0.612903237,0.645161271,0.677419364,0.709677398,0.741935492,0.774193525,601.200012,0.838709652,0.870967746,0.90322578,0.935483873,9001,2,50,51.75,0,0,1,-1,0,60,63,0,63,600,0.699999988,145,1,1,50,177.75,0,0.699999988,0.170000002,0.0083368076,2,40,51.75,0,0,1,-1,0,60,63,0,63,599.799988,0.699999988,145,1,1,40,177.75,0,0.699999988,0.170000002,0.0083368076
6,599.999939,-55,1.08000004,0,50,51.75,0,145,0.170000002,21.6979561,91.0752258,3.24000025,-0.400008857,0.300006658,0.86601907,0,0.0322580636,0.0645161271,0.0967741907,0.129032254,0.161290318,0.193548381,0.225806445,0.258064508,0.290322572,0.322580636,0.354838699,0.387096763,0.419354826,0.45161289,0.483870953,0.516129017,0.54838711,0.580645144,0.612903237,0.645161271,0.677419364,0.709677398,0.741935492,0.774193525,601.200012,0.838709652,0.870967746,0.90322578,0.935483873,9001,2,50,51.75,0,0,1,-1,0,60,63,0,63,600,0.699999988,145,1,1,50,177.75,0,0.699999988,0.170000002,0.0083368076,2,40,51.75,0,0,1,-1,0,60,63,0,63,599.799988,0.699999988,145,1,1,40,177.75,0,0.699999988,0.170000002,0.0083368076
6,599.999939,-55,1.08000004,1,40,69.7456055,0,145,0.320025921,11.6979561,109.070831,3.24000025,-0.400008857,0.300006658,0.86601907,0,0.0322580636,0.0645161271,0.0967741907,0.129032254,0.161290318,0.193548381,0.225806445,0.258064508,0.290322572,0.322580636,0.354838699,0.387096763,0.419354826,0.45161289,0.483870953,0.516129017,0.54838711,0.580645144,0.612903237,0.645161271,0.677419364,0.709677398,0.741935492,0.774193525,601.200012,0.838709652,0.870967746,0.90322578,0.935483873,9001,2,50,51.75,0,0,1,-1,0,60,63,0,63,600,0.699999988,145,1,1,50,177.75,0,0.699999988,0.170000002,0.0083368076,2,40,51.75,0,0,1,-1,0,60,63,0,63,599.799988,0.699999988,145,1,1,40,177.75,0,0.699999988,0.170000002,0.0083368076
6,600,-55,1.08000004,0,50,51.75,0,145,0.170000002,21.697958,91.0751648,3.24000025,-0.400008857,0.300006658,0.86601907,0,0.0322580636,0.0645161271,0.0967741907,0.129032254,0.161290318,0.193548381,0.225806445,0.258064508,0.290322572,0.322580636,0.354838699,0.387096763,0.419354826,0.45161289,0.483870953,0.516129017,0.54838711,0.580645144,0.612903237,0.645161271,0.677419364,0.709677398,0.741935492,0.774193525,601.200012,0.838709652,0.870967746,0.90322578,0.935483873,9001,2,50,51.75,0,0,1,-1,0,60,63,0,63,600,0.699999988,145,1,1,50,177.75,0,0.699999988,0.170000002,0.0083368076,2,40,51.75,0,0,1,-1,0,60,63,0,63,599.799988,0.699999988,145,1,1,40,177.75,0,0.699999988,0.170000002,0.0083368076
6,600,-55,1.08000004,1,40,69.7510986,0,145,0.320071697,11.697958,109.076263,3.24000025,-0.400008857,0.300006658,0.86601907,0,0.0322580636,0.0645161271,0.0967741907,0.129032254,0.161290318,0.193548381,0.225806445,0.258064508,0.290322572,0.322580636,0.354838699,0.387096763,0.419354826,0.45161289,0.483870953,0.516129017,0.54838711,0.580645144,0.612903237,0.645161271,0.677419364,0.709677398,0.741935492,0.774193525,601.200012,0.838709652,0.870967746,0.90322578,0.935483873,9001,2,50,51.75,0,0,1,-1,0,60,63,0,63,600,0.699999988,145,1,1,50,177.75,0,0.699999988,0.170000002,0.0083368076,2,40,51.75,0,0,1,-1,0,60,63,0,63,599.799988,0.699999988,145,1,1,40,177.75,0,0.699999988,0.170000002,0.0083368076
6,600.000061,-55,1.08000004,0,50,51.7554932,0,145,0.170045793,21.697958,91.0805969,3.24000025,-0.400008857,0.300006658,0.86601907,0,0.0322580636,0.0645161271,0.0967741907,0.129032254,0.161290318,0.193548381,0.225806445,0.258064508,0.290322572,0.322580636,0.354838699,0.387096763,0.419354826,0.45161289,0.483870953,0.516129017,0.54838711,0.580645144,0.612903237,0.645161271,0.677419364,0.709677398,0.741935492,0.774193525,601.200012,0.838709652,0.870967746,0.90322578,0.935483873,9001,2,50,51.75,0,0,1,-1,0,60,63,0,63,600,0.699999988,145,1,1,50,177.75,0,0.699999988,0.170000002,0.0083368076,2,40,51.75,0,0,1,-1,0,60,63,0,63,599.799988,0.699999988,145,1,1,40,177.75,0,0.699999988,0.170000002,0.0083368076
6,600.000061,-55,1.08000004,1,40,69.7565918,0,145,0.320117474,11.697958,109.081696,3.24000025,-0.400008857,0.300006658,0.86601907,0,0.0322580636,0.0645161271,0.0967741907,0.129032254,0.161290318,0.193548381,0.225806445,0.258064508,0.290322572,0.322580636,0.354838699,0.387096763,0.419354826,0.45161289,0.483870953,0.516129017,0.54838711,0.580645144,0.612903237,0.645161271,0.677419364,0.709677398,0.741935492,0.774193525,601.200012,0.838709652,0.870967746,0.90322578,0.935483873,9001,2,50,51.75,0,0,1,-1,0,60,63,0,63,600,0.699999988,145,1,1,50,177.75,0,0.699999988,0.170000002,0.0083368076,2,40,51.75,0,0,1,-1,0,60,63,0,63,599.799988,0.699999988,145,1,1,40,177.75,0,0.699999988,0.170000002,0.0083368076
6,600.222229,-55,1.08000004,0,50,71.7506104,0,145,0.336741239,21.6979561,110.8368,3.24000025,-0.400008857,0.300006658,0.86601907,0,0.0322580636,0.0645161271,0.0967741907,0.129032254,0.161290318,0.193548381,0.225806445,0.258064508,0.290322572,0.322580636,0.354838699,0.387096763,0.419354826,0.45161289,0.483870953,0.516129017,0.54838711,0.580645144,0.612903237,0.645161271,0.677419364,0.709677398,0.741935492,0.774193525,601.200012,0.838709652,0.870967746,0.90322578,0.935483873,9001,2,50,51.75,0,0,1,-1,0,60,63,0,63,600,0.699999988,145,1,1,50,177.75,0,0.699999988,0.170000002,0.0083368076,2,40,51.75,0,0,1,-1,0,60,63,0,63,599.799988,0.699999988,145,1,1,40,177.75,0,0.699999988,0.170000002,0.0083368076
6,600.222229,-55,1.08000004,1,40,89.751709,0,145,0.486812949,11.6979561,128.837891,3.24000025,-0.400008857,0.300006658,0.86601907,0,0.0322580636,0.0645161271,0.0967741907,0.129032254,0.161290318,0.193548381,0.225806445,0.258064508,0.290322572,0.322580636,0.354838699,0.387096763,0.419354826,0.45161289,0.483870953,0.516129017,0.54838711,0.580645144,0.612903237,0.645161271,0.677419364,0.709677398,0.741935492,0.774193525,601.200012,0.838709652,0.870967746,0.90322578,0.935483873,9001,2,50,51.75,0,0,1,-1,0,60,63,0,63,600,0.699999988,145,1,1,50,177.75,0,0.699999988,0.170000002,0.0083368076,2,40,51.75,0,0,1,-1,0,60,63,0,63,599.799988,0.699999988,145,1,1,40,177.75,0,0.699999988,0.170000002,0.0083368076
6,600.222229,-55,1.08000004,0,50,71.7506104,0,145,0.336741239,21.6979561,110.8368,3.24000025,-0.400008857,0.300006658,0.86601907,0,0.0322580636,0.0645161271,0.0967741907,0.129032254,0.161290318,0.193548381,0.225806445,0.258064508,0.290322572,0.322580636,0.354838699,0.387096763,0.419354826,0.45161289,0.483870953,0.516129017,0.54838711,0.580645144,0.612903237,0.645161271,0.677419364,0.709677398,0.741935492,0.774193525,601.200012,0.838709652,0.870967746,0.90322578,0.935483873,9001,2,50,51.75,0,0,1,-1,0,60,63,0,63,600,0.699999988,145,1,1,50,177.75,0,0.699999988,0.170000002,0.0083368076,2,40,51.75,0,0,1,-1,0,60,63,0,63,599.799988,0.699999988,145,1,1,40,177.75,0,0.699999988,0.170000002,0.0083368076
6,600.222229,-55,1.08000004,1,40,89.751709,0,145,0.486812949,11.6979561,128.837891,3.24000025,-0.400008857,0.300006658,0.86601907,0,0.0322580636,0.0645161271,0.0967741907,0.129032254,0.161290318,0.193548381,0.225806445,0.258064508,0.290322572,0.322580636,0.354838699,0.387096763,0.419354826,0.45161289,0.483870953,0.516129017,0.54838711,0.580645144,0.612903237,0.645161271,0.677419364,0.709677398,0.741935492,0.774193525,601.200012,0.838709652,0.870967746,0.90322578,0.935483873,9001,2,50,51.75,0,0,1,-1,0,60,63,0,63,600,0.699999988,145,1,1,50,177.75,0,0.699999988,0.170000002,0.0083368076,2,40,51.75,0,0,1,-1,0,60,63,0,63,599.799988,0.699999988,145,1,1,40,177.75,0,0.699999988,0.170000002,0.0083368076
6,601.199951,-55,1.08000004,0,50,159.745605,0,145,0.0703386068,21.697958,198.034744,3.24000025,-0.400008857,0.300006658,0.86601907,0,0.0322580636,0.0645161271,0.0967741907,0.129032254,0.161290318,0.193548381,0.225806445,0.258064508,0.290322572,0.322580636,0.354838699,0.387096763,0.419354826,0.45161289,0.483870953,0.516129017,0.54838711,0.580645144,0.612903237,0.645161271,0.677419364,0.709677398,0.741935492,0.774193525,601.200012,0.838709652,0.870967746,0.90322578,0.935483873,9001,2,50,51.75,0,0,1,-1,0,60,63,0,63,600,0.699999988,145,1,1,50,177.75,0,0.699999988,0.170000002,0.0083368076,2,40,51.75,0,0,1,-1,0,60,63,0,63,599.799988,0.699999988,145,1,1,40,177.75,0,0.699999988,0.170000002,0.0083368076
6,601.199951,-55,1.08000004,1,40,177.746704,0,145,0.220410228,11.697958,216.035843,3.24000025,-0.400008857,0.300006658,0.86601907,0,0.0322580636,0.0645161271,0.0967741907,0.129032254,0.161290318,0.193548381,0.225806445,0.258064508,0.290322572,0.322580636,0.354838699,0.387096763,0.419354826,0.45161289,0.483870953,0.516129017,0.54838711,0.580645144,0.612903237,0.645161271,0.677419364,0.709677398,0.741935492,0.774193525,601.200012,0.838709652,0.870967746,0.90322578,0.935483873,9001,2,50,51.75,0,0,1,-1,0,60,63,0,63,600,0.699999988,145,1,1,50,177.75,0,0.699999988,0.170000002,0.0083368076,2,40,51.75,0,0,1,-1,0,60,63,0,63,599.799988,0.699999988,145,1,1,40,177.75,0,0.699999988,0.170000002,0.0083368076
6,601.200012,-55,1.08000004,0,50,159.751099,0,145,0.0703843832,21.697958,198.040222,3.24000025,-0.400008857,0.300006658,0.86601907,0,0.0322580636,0.0645161271,0.0967741907,0.129032254,0.161290318,0.193548381,0.225806445,0.258064508,0.290322572,0.322580636,0.354838699,0.387096763,0.419354826,0.45161289,0.483870953,0.516129017,0.54838711,0.580645144,0.612903237,0.645161271,0.677419364,0.709677398,0.741935492,0.774193525,601.200012,0.838709652,0.870967746,0.90322578,0.935483873,9001,2,50,51.75,0,0,1,-1,0,60,63,0,63,600,0.699999988,145,1,1,50,177.75,0,0.699999988,0.170000002,0.0083368076,2,40,51.75,0,0,1,-1,0,60,63,0,63,599.799988,0.699999988,145,1,1,40,177.75,0,0.699999988,0.170000002,0.0083368076
6,601.200012,-55,1.08000004,1,50,159.751099,0,145,0.0703843832,21.697958,198.040222,3.24000025,-0.400008857,0.300006658,0.86601907,0,0.0322580636,0.0645161271,0.0967741907,0.129032254,0.161290318,0.193548381,0.225806445,0.258064508,0.290322572,0.322580636,0.354838699,0.387096763,0.419354826,0.45161289,0.483870953,0.516129017,0.54838711,0.580645144,0.612903237,0.645161271,0.677419364,0.709677398,0.741935492,0.774193525,601.200012,0.838709652,0.870967746,0.90322578,0.935483873,9001,2,50,51.75,0,0,1,-1,0,60,63,0,63,600,0.699999988,145,1,1,50,177.75,0,0.699999988,0.170000002,0.0083368076,2,40,51.75,0,0,1,-1,0,60,63,0,63,599.799988,0.699999988,145,1,1,40,177.75,0,0.699999988,0.170000002,0.0083368076
6,601.200073,-55,1.08000004,0,50,159.756592,0,145,0.0704301596,21.697958,198.045685,3.24000025,-0.400008857,0.300006658,0.86601907,0,0.0322580636,0.0645161271,0.0967741907,0.129032254,0.161290318,0.193548381,0.225806445,0.258064508,0.290322572,0.322580636,0.354838699,0.387096763,0.419354826,0.45161289,0.483870953,0.516129017,0.54838711,0.580645144,0.612903237,0.645161271,0.677419364,0.709677398,0.741935492,0.774193525,601.200012,0.838709652,0.870967746,0.90322578,0.935483873,9001,2,50,51.75,0,0,1,-1,0,60,63,0,63,600,0.699999988,145,1,1,50,177.75,0,0.699999988,0.170000002,0.0083368076,2,40,51.75,0,0,1,-1,0,60,63,0,63,599.799988,0.699999988,145,1,1,40,177.75,0,0.699999988,0.170000002,0.0083368076
6,601.200073,-55,1.08000004,1,50,159.756592,0,145,0.0704301596,21.697958,198.045685,3.24000025,-0.400008857,0.300006658,0.86601907,0,0.0322580636,0.0645161271,0.0967741907,0.129032254,0.161290318,0.193548381,0.225806445,0.258064508,0.290322572,0.322580636,0.354838699,0.387096763,0.419354826,0.45161289,0.483870953,0.516129017,0.54838711,0.580645144,0.612903237,0.645161271,0.677419364,0.709677398,0.741935492,0.774193525,601.200012,0.838709652,0.870967746,0.90322578,0.935483873,9001,2,50,51.75,0,0,1,-1,0,60,63,0,63,600,0.699999988,145,1,1,50,177.75,0,0.699999988,0.170000002,0.0083368076,2,40,51.75,0,0,1,-1,0,60,63,0,63,599.799988,0.699999988,145,1,1,40,177.75,0,0.699999988,0.170000002,0.0083368076
6,601.400024,-55,1.08000004,0,50,177.75,0,145,0.220437765,21.697958,215.972305,3.24000025,-0.400008857,0.300006658,0.86601907,0,0.0322580636,0.0645161271,0.0967741907,0.129032254,0.161290318,0.193548381,0.225806445,0.258064508,0.290322572,0.322580636,0.354838699,0.387096763,0.419354826,0.45161289,0.483870953,0.516129017,0.54838711,0.580645144,0.612903237,0.645161271,0.677419364,0.709677398,0.741935492,0.774193525,601.200012,0.838709652,0.870967746,0.90322578,0.935483873,9001,2,50,51.75,0,0,1,-1,0,60,63,0,63,600,0.699999988,145,1,1,50,177.75,0,0.699999988,0.170000002,0.0083368076,2,40,51.75,0,0,1,-1,0,60,63,0,63,599.799988,0.699999988,145,1,1,40,177.75,0,0.699999988,0.170000002,0.0083368076
6,601.400024,-55,1.08000004,1,50,177.75,0,145,0.220437765,21.697958,215.972305,3.24000025,-0.400008857,0.300006658,0.86601907,0,0.0322580636,0.0645161271,0.0967741907,0.129032254,0.161290318,0.193548381,0.225806445,0.258064508,0.290322572,0.322580636,0.354838699,0.387096763,0.419354826,0.45161289,0.483870953,0.516129017,0.54838711,0.580645144,0.612903237,0.645161271,0.677419364,0.709677398,0.741935492,0.774193525,601.200012,0.838709652,0.870967746,0.90322578,0.935483873,9001,2,50,51.75,0,0,1,-1,0,60,63,0,63,600,0.699999988,145,1,1,50,177.75,0,0.699999988,0.170000002,0.0083368076,2,40,51.75,0,0,1,-1,0,60,63,0,63,599.799988,0.699999988,145,1,1,40,177.75,0,0.699999988,0.170000002,0.0083368076
6,601.400085,-55,1.08000004,0,50,177.75,0,145,0.220437765,21.6979561,215.97229,3.24000025,-0.400008857,0.300006658,0.86601907,0,0.0322580636,0.0645161271,0.0967741907,0.129032254,0.161290318,0.193548381,0.225806445,0.258064508,0.290322572,0.322580636,0.354838699,0.387096763,0.419354826,0.45161289,0.483870953,0.516129017,0.54838711,0.580645144,0.612903237,0.645161271,0.677419364,0.709677398,0.741935492,0.774193525,601.200012,0.838709652,0.870967746,0.90322578,0.935483873,9001,2,50,51.75,0,0,1,-1,0,60,63,0,63,600,0.699999988,145,1,1,50,177.75,0,0.699999988,0.170000002,0.0083368076,2,40,51.75,0,0,1,-1,0,60,63,0,63,599.799988,0.699999988,145,1,1,40,177.75,0,0.699999988,0.170000002,0.0083368076
6,601.400085,-55,1.08000004,1,50,177.75,0,145,0.220437765,21.6979561,215.97229,3.24000025,-0.400008857,0.300006658,0.86601907,0,0.0322580636,0.0645161271,0.0967741907,0.129032254,0.161290318,0.193548381,0.225806445,0.258064508,0.290322572,0.322580636,0.354838699,0.387096763,0.419354826,0.45161289,0.483870953,0.516129017,0.54838711,0.580645144,0.612903237,0.645161271,0.677419364,0.709677398,0.741935492,0.774193525,601.200012,0.838709652,0.870967746,0.90322578,0.935483873,9001,2,50,51.75,0,0,1,-1,0,60,63,0,63,600,0.699999988,145,1,1,50,177.75,0,0.699999988,0.170000002,0.0083368076,2,40,51.75,0,0,1,-1,0,60,63,0,63,599.799988,0.699999988,145,1,1,40,177.75,0,0.699999988,0.170000002,0.0083368076
6,602.099976,-55,1.08000004,0,50,177.75,0,145,0.220437765,21.6979599,216.071991,3.24000025,-0.400008857,0.300006658,0.86601907,0,0.0322580636,0.0645161271,0.0967741907,0.129032254,0.161290318,0.193548381,0.225806445,0.258064508,0.290322572,0.322580636,0.354838699,0.387096763,0.419354826,0.45161289,0.483870953,0.516129017,0.54838711,0.580645144,0.612903237,0.645161271,0.677419364,0.709677398,0.741935492,0.774193525,601.200012,0.838709652,0.870967746,0.90322578,0.935483873,9001,2,50,51.75,0,0,1,-1,0,60,63,0,63,600,0.699999988,145,1,1,50,177.75,0,0.699999988,0.170000002,0.0083368076,2,40,51.75,0,0,1,-1,0,60,63,0,63,599.799988,0.699999988,145,1,1,40,177.75,0,0.699999988,0.170000002,0.0083368076
6,602.099976,-55,1.08000004,1,50,177.75,0,145,0.220437765,21.6979599,216.071991,3.24000025,-0.400008857,0.300006658,0.86601907,0,0.0322580636,0.0645161271,0.0967741907,0.129032254,0.161290318,0.193548381,0.225806445,0.258064508,0.290322572,0.322580636,0.354838699,0.387096763,0.419354826,0.45161289,0.483870953,0.516129017,0.54838711,0.580645144,0.612903237,0.645161271,0.677419364,0.709677398,0.741935492,0.774193525,601.200012,0.838709652,0.870967746,0.90322578,0.935483873,9001,2,50,51.75,0,0,1,-1,0,60,63,0,63,600,0.699999988,145,1,1,50,177.75,0,0.699999988,0.170000002,0.0083368076,2,40,51.75,0,0,1,-1,0,60,63,0,63,599.799988,0.699999988,145,1,1,40,177.75,0,0.699999988,0.170000002,0.0083368076
6,602.100098,-55,1.08000004,0,50,177.75,0,145,0.220437765,21.6979599,216.072052,3.24000025,-0.400008857,0.300006658,0.86601907,0,0.0322580636,0.0645161271,0.0967741907,0.129032254,0.161290318,0.193548381,0.225806445,0.258064508,0.290322572,0.322580636,0.354838699,0.387096763,0.419354826,0.45161289,0.483870953,0.516129017,0.54838711,0.580645144,0.612903237,0.645161271,0.677419364,0.709677398,0.741935492,0.774193525,601.200012,0.838709652,0.870967746,0.90322578,0.935483873,9001,2,50,51.75,0,0,1,-1,0,60,63,0,63,600,0.699999988,145,1,1,50,177.75,0,0.699999988,0.170000002,0.0083368076,2,40,51.75,0,0,1,-1,0,60,63,0,63,599.799988,0.699999988,145,1,1,40,177.75,0,0.699999988,0.170000002,0.0083368076
6,602.100098,-55,1.08000004,1,50,177.75,0,145,0.220437765,21.6979599,216.072052,3.24000025,-0.400008857,0.300006658,0.86601907,0,0.0322580636,0.0645161271,0.0967741907,0.129032254,0.161290318,0.193548381,0.225806445,0.258064508,0.290322572,0.322580636,0.354838699,0.387096763,0.419354826,0.45161289,0.483870953,0.516129017,0.54838711,0.580645144,0.612903237,0.645161271,0.677419364,0.709677398,0.741935492,0.774193525,601.200012,0.838709652,0.870967746,0.90322578,0.935483873,9001,2,50,51.75,0,0,1,-1,0,60,63,0,63,600,0.699999988,145,1,1,50,177.75,0,0.699999988,0.170000002,0.0083368076,2,40,51.75,0,0,1,-1,0,60,63,0,63,599.799988,0.699999988,145,1,1,40,177.75,0,0.699999988,0.170000002,0.0083368076
6,603,-55,1.08000004,0,50,177.75,0,145,0.220437765,21.697958,216.827942,3.24000025,-0.400008857,0.300006658,0.86601907,0,0.0322580636,0.0645161271,0.0967741907,0.129032254,0.161290318,0.193548381,0.225806445,0.258064508,0.290322572,0.322580636,0.354838699,0.387096763,0.419354826,0.45161289,0.483870953,0.516129017,0.54838711,0.580645144,0.612903237,0.645161271,0.677419364,0.709677398,0.741935492,0.774193525,601.200012,0.838709652,0.870967746,0.90322578,0.935483873,9001,2,50,51.75,0,0,1,-1,0,60,63,0,63,600,0.699999988,145,1,1,50,177.75,0,0.699999988,0.170000002,0.0083368076,2,40,51.75,0,0,1,-1,0,60,63,0,63,599.799988,0.699999988,145,1,1,40,177.75,0,0.699999988,0.170000002,0.0083368076
6,603,-55,1.08000004,1,50,177.75,0,145,0.220437765,21.697958,216.827942,3.24000025,-0.400008857,0.300006658,0.86601907,0,0.0322580636,0.0645161271,0.0967741907,0.129032254,0.161290318,0.193548381,0.225806445,0.258064508,0.290322572,0.322580636,0.354838699,0.387096763,0.419354826,0.45161289,0.483870953,0.516129017,0.54838711,0.580645144,0.612903237,0.645161271,0.677419364,0.709677398,0.741935492,0.774193525,601.200012,0.838709652,0.870967746,0.90322578,0.935483873,9001,2,50,51.75,0,0,1,-1,0,60,63,0,63,600,0.699999988,145,1,1,50,177.75,0,0.699999988,0.170000002,0.0083368076,2,40,51.75,0,0,1,-1,0,60,63,0,63,599.799988,0.699999988,145,1,1,40,177.75,0,0.699999988,0.170000002,0.0083368076
7,599.999939,-55,1.08000004,0,50,51.75,0,145,0.170000002,21.6979561,91.0752258,3.24000025,-0.400008857,0.300006658,0.86601907,0,0.0322580636,0.0645161271,0.0967741907,0.129032254,0.161290318,0.193548381,0.225806445,0.258064508,0.290322572,0.322580636,0.354838699,0.387096763,0.419354826,0.45161289,0.483870953,0.516129017,0.54838711,0.580645144,0.612903237,0.645161271,0.677419364,0.709677398,0.741935492,0.774193525,601.200012,0.838709652,0.870967746,0.90322578,0.935483873,9001,2,50,51.75,0,0,1,-1,0,60,63,0,63,600,0.699999988,145,1,1,50,177.75,0,0.699999988,0.170000002,0.0083368076,2,40,51.75,0,0,1,-1,0,60,63,0,63,599.799988,0.699999988,145,1,1,40,177.75,0,0.699999988,0.170000002,0.0083368076
7,599.999939,-55,1.08000004,1,40,69.7456055,0,145,0.320025921,11.6979561,109.070831,3.24000025,-0.400008857,0.300006658,0.86601907,0,0.0322580636,0.0645161271,0.0967741907,0.129032254,0.161290318,0.193548381,0.225806445,0.258064508,0.290322572,0.322580636,0.354838699,0.387096763,0.419354826,0.45161289,0.483870953,0.516129017,0.54838711,0.580645144,0.612903237,0.645161271,0.677419364,0.709677398,0.741935492,0.774193525,601.200012,0.838709652,0.870967746,0.90322578,0.935483873,9001,2,50,51.75,0,0,1,-1,0,60,63,0,63,600,0.699999988,145,1,1,50,177.75,0,0.699999988,0.170000002,0.0083368076,2,40,51.75,0,0,1,-1,0,60,63,0,63,599.799988,0.699999988,145,1,1,40,177.75,0,0.699999988,0.170000002,0.0083368076
7,600,-55,1.08000004,0,50,51.75,0,145,0.170000002,21.697958,91.0751648,3.24000025,-0.400008857,0.300006658,0.86601907,0,0.0322580636,0.0645161271,0.0967741907,0.129032254,0.161290318,0.193548381,0.225806445,0.258064508,0.290322572,0.322580636,0.354838699,0.387096763,0.419354826,0.45161289,0.483870953,0.516129017,0.54838711,0.580645144,0.612903237,0.645161271,0.677419364,0.709677398,0.741935492,0.774193525,601.200012,0.838709652,0.870967746,0.90322578,0.935483873,9001,2,50,51.75,0,0,1,-1,0,60,63,0,63,600,0.699999988,145,1,1,50,177.75,0,0.699999988,0.170000002,0.0083368076,2,40,51.75,0,0,1,-1,0,60,63,0,63,599.799988,0.699999988,145,1,1,40,177.75,0,0.699999988,0.170000002,0.0083368076
7,600,-55,1.08000004,1,40,69.7510986,0,145,0.320071697,11.697958,109.076263,3.24000025,-0.400008857,0.300006658,0.86601907,0,0.0322580636,0.0645161271,0.0967741907,0.129032254,0.161290318,0.193548381,0.225806445,0.258064508,0.290322572,0.322580636,0.354838699,0.387096763,0.419354826,0.45161289,0.483870953,0.516129017,0.54838711,0.580645144,0.612903237,0.645161271,0.677419364,0.709677398,0.741935492,0.774193525,601.200012,0.838709652,0.870967746,0.90322578,0.935483873,9001,2,50,51.75,0,0,1,-1,0,60,63,0,63,600,0.699999988,145,1,1,50,177.75,0,0.699999988,0.170000002,0.0083368076,2,40,51.75,0,0,1,-1,0,60,63,0,63,599.799988,0.699999988,145,1,1,40,177.75,0,0.699999988,0.170000002,0.0083368076
7,600.000061,-55,1.08000004,0,50,51.7554932,0,145,0.170045793,21.697958,91.0805969,3.24000025,-0.400008857,0.300006658,0.86601907,0,0.0322580636,0.0645161271,0.0967741907,0.129032254,0.161290318,0.193548381,0.225806445,0.258064508,0.290322572,0.322580636,0.354838699,0.387096763,0.419354826,0.45161289,0.483870953,0.516129017,0.54838711,0.580645144,0.612903237,0.645161271,0.677419364,0.709677398,0.741935492,0.774193525,601.200012,0.838709652,0.870967746,0.90322578,0.935483873,9001,2,50,51.75,0,0,1,-1,0,60,63,0,63,600,0.699999988,145,1,1,50,177.75,0,0.699999988,0.170000002,0.0083368076,2,40,51.75,0,0,1,-1,0,60,63,0,63,599.799988,0.699999988,145,1,1,40,177.75,0,0.699999988,0.170000002,0.0083368076
7,600.000061,-55,1.08000004,1,40,69.7565918,0,145,0.320117474,11.697958,109.081696,3.24000025,-0.400008857,0.300006658,0.86601907,0,0.0322580636,0.0645161271,0.0967741907,0.129032254,0.161290318,0.193548381,0.225806445,0.258064508,0.290322572,0.322580636,0.354838699,0.387096763,0.419354826,0.45161289,0.483870953,0.516129017,0.54838711,0.580645144,0.612903237,0.645161271,0.677419364,0.709677398,0.741935492,0.774193525,601.200012,0.838709652,0.870967746,0.90322578,0.935483873,9001,2,50,51.75,0,0,1,-1,0,60,63,0,63,600,0.699999988,145,1,1,50,177.75,0,0.699999988,0.170000002,0.0083368076,2,40,51.75,0,0,1,-1,0,60,63,0,63,599.799988,0.699999988,145,1,1,40,177.75,0,0.699999988,0.170000002,0.0083368076
7,600.222229,-55,1.08000004,0,50,71.7506104,0,145,0.336741239,21.6979561,110.8368,3.24000025,-0.400008857,0.300006658,0.86601907,0,0.0322580636,0.0645161271,0.0967741907,0.129032254,0.161290318,0.193548381,0.225806445,0.258064508,0.290322572,0.322580636,0.354838699,0.387096763,0.419354826,0.45161289,0.483870953,0.516129017,0.54838711,0.580645144,0.612903237,0.645161271,0.677419364,0.709677398,0.741935492,0.774193525,601.200012,0.838709652,0.870967746,0.90322578,0.935483873,9001,2,50,51.75,0,0,1,-1,0,60,63,0,63,600,0.699999988,145,1,1,50,177.75,0,0.699999988,0.170000002,0.0083368076,2,40,51.75,0,0,1,-1,0,60,63,0,63,599.799988,0.699999988,145,1,1,40,177.75,0,0.699999988,0.170000002,0.0083368076
7,600.222229,-55,1.08000004,1,40,89.751709,0,145,0.486812949,11.6979561,128.837891,3.24000025,-0.400008857,0.300006658,0.86601907,0,0.0322580636,0.0645161271,0.0967741907,0.129032254,0.161290318,0.193548381,0.225806445,0.258064508,0.290322572,0.322580636,0.354838699,0.387096763,0.419354826,0.45161289,0.483870953,0.516129017,0.54838711,0.580645144,0.612903237,0.645161271,0.677419364,0.709677398,0.741935492,0.774193525,601.200012,0.838709652,0.870967746,0.90322578,0.935483873,9001,2,50,51.75,0,0,1,-1,0,60,63,0,63,600,0.699999988,145,1,1,50,177.75,0,0.699999988,0.170000002,0.0083368076,2,40,51.75,0,0,1,-1,0,60,63,0,63,599.799988,0.699999988,145,1,1,40,177.75,0,0.699999988,0.170000002,0.0083368076
7,600.222229,-55,1.08000004,0,50,71.7506104,0,145,0.336741239,21.6979561,110.8368,3.24000025,-0.400008857,0.300006658,0.86601907,0,0.0322580636,0.0645161271,0.0967741907,0.129032254,0.161290318,0.193548381,0.225806445,0.258064508,0.290322572,0.322580636,0.354838699,0.387096763,0.419354826,0.45161289,0.483870953,0.516129017,0.54838711,0.580645144,0.612903237,0.645161271,0.677419364,0.709677398,0.741935492,0.774193525,601.200012,0.838709652,0.870967746,0.90322578,0.935483873,9001,2,50,51.75,0,0,1,-1,0,60,63,0,63,600,0.699999988,145,1,1,50,177.75,0,0.699999988,0.170000002,0.0083368076,2,40,51.75,0,0,1,-1,0,60,63,0,63,599.799988,0.699999988,145,1,1,40,177.75,0,0.699999988,0.170000002,0.0083368076
7,600.222229,-55,1.08000004,1,40,89.751709,0,145,0.486812949,11.6979561,128.837891,3.24000025,-0.400008857,0.300006658,0.86601907,0,0.0322580636,0.0645161271,0.0967741907,0.129032254,0.161290318,0.193548381,0.225806445,0.258064508,0.290322572,0.322580636,0.354838699,0.387096763,0.419354826,0.45161289,0.483870953,0.516129017,0.54838711,0.580645144,0.612903237,0.645161271,0.677419364,0.709677398,0.741935492,0.774193525,601.200012,0.838709652,0.870967746,0.90322578,0.935483873,9001,2,50,51.75,0,0,1,-1,0,60,63,0,63,600,0.699999988,145,1,1,50,177.75,0,0.699999988,0.170000002,0.0083368076,2,40,51.75,0,0,1,-1,0,60,63,0,63,599.799988,0.699999988,145,1,1,40,177.75,0,0.699999988,0.170000002,0.0083368076
7,601.199951,-55,1.08000004,0,50,159.745605,0,145,0.0703386068,21.697958,198.034744,3.24000025,-0.400008857,0.300006658,0.86601907,0,0.0322580636,0.0645161271,0.0967741907,0.129032254,0.161290318,0.193548381,0.225806445,0.258064508,0.290322572,0.322580636,0.354838699,0.387096763,0.419354826,0.45161289,0.483870953,0.516129017,0.54838711,0.580645144,0.612903237,0.645161271,0.677419364,0.709677398,0.741935492,0.774193525,601.200012,0.838709652,0.870967746,0.90322578,0.935483873,9001,2,50,51.75,0,0,1,-1,0,60,63,0,63,600,0.699999988,145,1,1,50,177.75,0,0.699999988,0.170000002,0.0083368076,2,40,51.75,0,0,1,-1,0,60,63,0,63,599.799988,0.699999988,145,1,1,40,177.75,0,0.699999988,0.170000002,0.0083368076
7,601.199951,-55,1.08000004,1,40,177.746704,0,145,0.220410228,11.697958,216.035843,3.24000025,-0.400008857,0.300006658,0.86601907,0,0.0322580636,0.0645161271,0.0967741907,0.129032254,0.161290318,0.193548381,0.225806445,0.258064508,0.290322572,0.322580636,0.354838699,0.387096763,0.419354826,0.45161289,0.483870953,0.516129017,0.54838711,0.580645144,0.612903237,0.645161271,0.677419364,0.709677398,0.741935492,0.774193525,601.200012,0.838709652,0.870967746,0.90322578,0.935483873,9001,2,50,51.75,0,0,1,-1,0,60,63,0,63,600,0.699999988,145,1,1,50,177.75,0,0.699999988,0.170000002,0.0083368076,2,40,51.75,0,0,1,-1,0,60,63,0,63,599.799988,0.699999988,145,1,1,40,177.75,0,0.699999988,0.170000002,0.0083368076
7,601.200012,-55,1.08000004,0,50,159.751099,0,145,0.0703843832,21.697958,198.040222,3.24000025,-0.400008857,0.300006658,0.86601907,0,0.0322580636,0.0645161271,0.0967741907,0.129032254,0.161290318,0.193548381,0.225806445,0.258064508,0.290322572,0.322580636,0.354838699,0.387096763,0.419354826,0.45161289,0.483870953,0.516129017,0.54838711,0.580645144,0.612903237,0.645161271,0.677419364,0.709677398,0.741935492,0.774193525,601.200012,0.838709652,0.870967746,0.90322578,0.935483873,9001,2,50,51.75,0,0,1,-1,0,60,63,0,63,600,0.699999988,145,1,1,50,177.75,0,0.699999988,0.170000002,0.0083368076,2,40,51.75,0,0,1,-1,0,60,63,0,63,599.799988,0.699999988,145,1,1,40,177.75,0,0.699999988,0.170000002,0.0083368076
7,601.200012,-55,1.08000004,1,50,159.751099,0,145,0.0703843832,21.697958,198.040222,3.24000025,-0.400008857,0.300006658,0.86601907,0,0.0322580636,0.0645161271,0.0967741907,0.129032254,0.161290318,0.193548381,0.225806445,0.258064508,0.290322572,0.322580636,0.354838699,0.387096763,0.419354826,0.45161289,0.483870953,0.516129017,0.54838711,0.580645144,0.612903237,0.645161271,0.677419364,0.709677398,0.741935492,0.774193525,601.200012,0.838709652,0.870967746,0.90322578,0.935483873,9001,2,50,51.75,0,0,1,-1,0,60,63,0,63,600,0.699999988,145,1,1,50,177.75,0,0.699999988,0.170000002,0.0083368076,2,40,51.75,0,0,1,-1,0,60,63,0,63,599.799988,0.699999988,145,1,1,40,177.75,0,0.699999988,0.170000002,0.0083368076
7,601.200073,-55,1.08000004,0,50,159.756592,0,145,0.0704301596,21.697958,198.045685,3.24000025,-0.400008857,0.300006658,0.86601907,0,0.0322580636,0.0645161271,0.0967741907,0.129032254,0.161290318,0.193548381,0.225806445,0.258064508,0.290322572,0.322580636,0.354838699,0.387096763,0.419354826,0.45161289,0.483870953,0.516129017,0.54838711,0.580645144,0.612903237,0.645161271,0.677419364,0.709677398,0.741935492,0.774193525,601.200012,0.838709652,0.870967746,0.90322578,0.935483873,9001,2,50,51.75,0,0,1,-1,0,60,63,0,63,600,0.699999988,145,1,1,50,177.75,0,0.699999988,0.170000002,0.0083368076,2,40,51.75,0,0,1,-1,0,60,63,0,63,599.799988,0.699999988,145,1,1,40,177.75,0,0.699999988,0.170000002,0.0083368076
7,601.200073,-55,1.08000004,1,50,159.756592,0,145,0.0704301596,21.697958,198.045685,3.24000025,-0.400008857,0.300006658,0.86601907,0,0.0322580636,0.0645161271,0.0967741907,0.129032254,0.161290318,0.193548381,0.225806445,0.258064508,0.290322572,0.322580636,0.354838699,0.387096763,0.419354826,0.45161289,0.483870953,0.516129017,0.54838711,0.580645144,0.612903237,0.645161271,0.677419364,0.709677398,0.741935492,0.774193525,601.200012,0.838709652,0.870967746,0.90322578,0.935483873,9001,2,50,51.75,0,0,1,-1,0,60,63,0,63,600,0.699999988,145,1,1,50,177.75,0,0.699999988,0.170000002,0.0083368076,2,40,51.75,0,0,1,-1,0,60,63,0,63,599.799988,0.699999988,145,1,1,40,177.75,0,0.699999988,0.170000002,0.0083368076
7,601.400024,-55,1.08000004,0,50,177.75,0,145,0.220437765,21.697958,215.972305,3.24000025,-0.400008857,0.300006658,0.86601907,0,0.0322580636,0.0645161271,0.0967741907,0.129032254,0.161290318,0.193548381,0.225806445,0.258064508,0.290322572,0.322580636,0.354838699,0.387096763,0.419354826,0.45161289,0.483870953,0.516129017,0.54838711,0.580645144,0.612903237,0.645161271,0.677419364,0.709677398,0.741935492,0.774193525,601.200012,0.838709652,0.870967746,0.90322578,0.935483873,9001,2,50,51.75,0,0,1,-1,0,60,63,0,63,600,0.699999988,145,1,1,50,177.75,0,0.699999988,0.170000002,0.0083368076,2,40,51.75,0,0,1,-1,0,60,63,0,63,599.799988,0.699999988,145,1,1,40,177.75,0,0.699999988,0.170000002,0.0083368076
7,601.400024,-55,1.08000004,1,50,177.75,0,145,0.220437765,21.697958,215.972305,3.24000025,-0.400008857,0.300006658,0.86601907,0,0.0322580636,0.0645161271,0.0967741907,0.129032254,0.161290318,0.193548381,0.225806445,0.258064508,0.290322572,0.322580636,0.354838699,0.387096763,0.419354826,0.45161289,0.483870953,0.516129017,0.54838711,0.580645144,0.612903237,0.645161271,0.677419364,0.709677398,0.741935492,0.774193525,601.200012,0.838709652,0.870967746,0.90322578,0.935483873,9001,2,50,51.75,0,0,1,-1,0,60,63,0,63,600,0.699999988,145,1,1,50,177.75,0,0.699999988,0.170000002,0.0083368076,2,40,51.75,0,0,1,-1,0,60,63,0,63,599.799988,0.699999988,145,1,1,40,177.75,0,0.699999988,0.170000002,0.0083368076
7,601.400085,-55,1.08000004,0,50,177.75,0,145,0.220437765,21.6979561,215.97229,3.24000025,-0.400008857,0.300006658,0.86601907,0,0.0322580636,0.0645161271,0.0967741907,0.129032254,0.161290318,0.193548381,0.225806445,0.258064508,0.290322572,0.322580636,0.354838699,0.387096763,0.419354826,0.45161289,0.483870953,0.516129017,0.54838711,0.580645144,0.612903237,0.645161271,0.677419364,0.709677398,0.741935492,0.774193525,601.200012,0.838709652,0.870967746,0.90322578,0.935483873,9001,2,50,51.75,0,0,1,-1,0,60,63,0,63,600,0.699999988,145,1,1,50,177.75,0,0.699999988,0.170000002,0.0083368076,2,40,51.75,0,0,1,-1,0,60,63,0,63,599.799988,0.699999988,145,1,1,40,177.75,0,0.699999988,0.170000002,0.0083368076
7,601.400085,-55,1.08000004,1,50,177.75,0,145,0.220437765,21.6979561,215.97229,3.24000025,-0.400008857,0.300006658,0.86601907,0,0.0322580636,0.0645161271,0.0967741907,0.129032254,0.161290318,0.193548381,0.225806445,0.258064508,0.290322572,0.322580636,0.354838699,0.387096763,0.419354826,0.45161289,0.483870953,0.516129017,0.54838711,0.580645144,0.612903237,0.645161271,0.677419364,0.709677398,0.741935492,0.774193525,601.200012,0.838709652,0.870967746,0.90322578,0.935483873,9001,2,50,51.75,0,0,1,-1,0,60,63,0,63,600,0.699999988,145,1,1,50,177.75,0,0.699999988,0.170000002,0.0083368076,2,40,51.75,0,0,1,-1,0,60,63,0,63,599.799988,0.699999988,145,1,1,40,177.75,0,0.699999988,0.170000002,0.0083368076
7,602.099976,-55,1.08000004,0,50,177.75,0,145,0.220437765,21.6979599,216.071991,3.24000025,-0.400008857,0.300006658,0.86601907,0,0.0322580636,0.0645161271,0.0967741907,0.129032254,0.161290318,0.193548381,0.225806445,0.258064508,0.290322572,0.322580636,0.354838699,0.387096763,0.419354826,0.45161289,0.483870953,0.516129017,0.54838711,0.580645144,0.612903237,0.645161271,0.677419364,0.709677398,0.741935492,0.774193525,601.200012,0.838709652,0.870967746,0.90322578,0.935483873,9001,2,50,51.75,0,0,1,-1,0,60,63,0,63,600,0.699999988,145,1,1,50,177.75,0,0.699999988,0.170000002,0.0083368076,2,40,51.75,0,0,1,-1,0,60,63,0,63,599.799988,0.699999988,145,1,1,40,177.75,0,0.699999988,0.170000002,0.0083368076
7,602.099976,-55,1.08000004,1,50,177.75,0,145,0.220437765,21.6979599,216.071991,3.24000025,-0.400008857,0.300006658,0.86601907,0,0.0322580636,0.0645161271,0.0967741907,0.129032254,0.161290318,0.193548381,0.225806445,0.258064508,0.290322572,0.322580636,0.354838699,0.387096763,0.419354826,0.45161289,0.483870953,0.516129017,0.54838711,0.580645144,0.612903237,0.645161271,0.677419364,0.709677398,0.741935492,0.774193525,601.200012,0.838709652,0.870967746,0.90322578,0.935483873,9001,2,50,51.75,0,0,1,-1,0,60,63,0,63,600,0.699999988,145,1,1,50,177.75,0,0.699999988,0.170000002,0.0083368076,2,40,51.75,0,0,1,-1,0,60,63,0,63,599.799988,0.699999988,145,1,1,40,177.75,0,0.699999988,0.170000002,0.0083368076
7,602.100098,-55,1.08000004,0,50,177.75,0,145,0.220437765,21.6979599,216.072052,3.24000025,-0.400008857,0.300006658,0.86601907,0,0.0322580636,0.0645161271,0.0967741907,0.129032254,0.161290318,0.193548381,0.225806445,0.258064508,0.290322572,0.322580636,0.354838699,0.387096763,0.419354826,0.45161289,0.483870953,0.516129017,0.54838711,0.580645144,0.612903237,0.645161271,0.677419364,0.709677398,0.741935492,0.774193525,601.200012,0.838709652,0.870967746,0.90322578,0.935483873,9001,2,50,51.75,0,0,1,-1,0,60,63,0,63,600,0.699999988,145,1,1,50,177.75,0,0.699999988,0.170000002,0.0083368076,2,40,51.75,0,0,1,-1,0,60,63,0,63,599.799988,0.699999988,145,1,1,40,177.75,0,0.699999988,0.170000002,0.0083368076
7,602.100098,-55,1.08000004,1,50,177.75,0,145,0.220437765,21.6979599,216.072052,3.24000025,-0.400008857,0.300006658,0.86601907,0,0.0322580636,0.0645161271,0.0967741907,0.129032254,0.161290318,0.193548381,0.225806445,0.258064508,0.290322572,0.322580636,0.354838699,0.387096763,0.419354826,0.45161289,0.483870953,0.516129017,0.54838711,0.580645144,0.612903237,0.645161271,0.677419364,0.709677398,0.741935492,0.774193525,601.200012,0.838709652,0.870967746,0.90322578,0.935483873,9001,2,50,51.75,0,0,1,-1,0,60,63,0,63,600,0.699999988,145,1,1,50,177.75,0,0.699999988,0.170000002,0.0083368076,2,40,51.75,0,0,1,-1,0,60,63,0,63,599.799988,0.699999988,145,1,1,40,177.75,0,0.699999988,0.170000002,0.0083368076
7,603,-55,1.08000004,0,50,177.75,0,145,0.220437765,21.697958,216.827942,3.24000025,-0.400008857,0.300006658,0.86601907,0,0.0322580636,0.0645161271,0.0967741907,0.129032254,0.161290318,0.193548381,0.225806445,0.258064508,0.290322572,0.322580636,0.354838699,0.387096763,0.419354826,0.45161289,0.483870953,0.516129017,0.54838711,0.580645144,0.612903237,0.645161271,0.677419364,0.709677398,0.741935492,0.774193525,601.200012,0.838709652,0.870967746,0.90322578,0.935483873,9001,2,50,51.75,0,0,1,-1,0,60,63,0,63,600,0.699999988,145,1,1,50,177.75,0,0.699999988,0.170000002,0.0083368076,2,40,51.75,0,0,1,-1,0,60,63,0,63,599.799988,0.699999988,145,1,1,40,177.75,0,0.699999988,0.170000002,0.0083368076
7,603,-55,1.08000004,1,50,177.75,0,145,0.220437765,21.697958,216.827942,3.24000025,-0.400008857,0.300006658,0.86601907,0,0.0322580636,0.0645161271,0.0967741907,0.129032254,0.161290318,0.193548381,0.225806445,0.258064508,0.290322572,0.322580636,0.354838699,0.387096763,0.419354826,0.45161289,0.483870953,0.516129017,0.54838711,0.580645144,0.612903237,0.645161271,0.677419364,0.709677398,0.741935492,0.774193525,601.200012,0.838709652,0.870967746,0.90322578,0.935483873,9001,2,50,51.75,0,0,1,-1,0,60,63,0,63,600,0.699999988,145,1,1,50,177.75,0,0.699999988,0.170000002,0.0083368076,2,40,51.75,0,0,1,-1,0,60,63,0,63,599.799988,0.699999988,145,1,1,40,177.75,0,0.699999988,0.170000002,0.0083368076
