# Unreal legacy OBJ adapter: canonical vertices are UE cm; this file is written with Y reflected and triangle winding reversed. One object, no g groups, so the importer creates exactly one material slot.
# OldCityFoundationV2 foundations (plinth + stepped footing); generator 463404ba754c804f514fe655944ece4eb51a92e1273fec326ad5c2ebfbb18f24
# AUTHORED detail in the style of Old City stone foundations, not survey
o SM_OldCityFoundationV2_Kept_N002_P001
s off
v -99707.91 -95045.40 74.60
v -99468.66 -95316.58 68.86
v -99468.66 -95316.58 99.60
v -99707.91 -95045.40 99.60
v -99710.06 -95055.06 99.60
v -99471.50 -95325.45 99.60
v -99124.51 -95706.64 31.24
v -99124.51 -95706.64 99.60
v -99128.36 -95714.37 99.60
v -98296.84 -96644.75 40.07
v -98296.84 -96644.75 99.60
v -98303.09 -96649.76 99.60
v -97957.78 -97029.05 43.69
v -97957.78 -97029.05 99.60
v -97965.02 -97032.93 99.60
v -97839.05 -97472.43 69.66
v -97839.05 -97472.43 99.60
v -97846.74 -97474.67 99.60
v -97833.01 -97495.02 74.60
v -97833.01 -97495.02 99.60
v -97840.71 -97497.17 99.60
v -98869.94 -66624.95 -653.00
v -98751.32 -66644.06 -684.53
v -98751.32 -66644.06 -628.00
v -98869.94 -66624.95 -628.00
v -98879.47 -66631.51 -628.00
v -98762.01 -66650.44 -628.00
v -98994.62 -67342.53 -737.89
v -98994.62 -67342.53 -628.00
v -99004.26 -67345.90 -628.00
v -99039.86 -67472.43 -734.27
v -99039.86 -67472.43 -628.00
v -99049.31 -67475.24 -628.00
v -99061.73 -67535.22 -735.03
v -99061.73 -67535.22 -628.00
v -99071.09 -67537.75 -628.00
v -99124.51 -67715.46 -737.22
v -99124.51 -67715.46 -628.00
v -99133.60 -67717.22 -628.00
v -99535.02 -68894.00 -653.00
v -99535.02 -68894.00 -628.00
v -99542.34 -68890.67 -628.00
v -93466.56 -89550.13 -2202.30
v -93341.15 -89520.29 -2233.59
v -93341.15 -89520.29 -2177.30
v -93466.56 -89550.13 -2177.30
v -93470.47 -89559.29 -2177.30
v -93345.01 -89529.43 -2177.30
v -93072.03 -89972.43 -2280.10
v -93072.03 -89972.43 -2177.30
v -93076.97 -89979.78 -2177.30
v -92810.66 -90411.58 -2202.30
v -92810.66 -90411.58 -2177.30
v -92816.64 -90417.17 -2177.30
v -62416.47 -67015.09 2735.80
v -62260.40 -67068.96 2706.52
v -62260.40 -67068.96 2760.80
v -62416.47 -67015.09 2760.80
v -62426.08 -67020.24 2760.80
v -62270.51 -67073.93 2760.80
v -62396.35 -67472.43 2695.99
v -62396.35 -67472.43 2760.80
v -62404.77 -67472.35 2760.80
v -62604.71 -68090.76 2704.60
v -62604.71 -68090.76 2760.80
v -62610.51 -68082.93 2760.80
v -62801.21 -68096.70 2735.80
v -62801.21 -68096.70 2760.80
v -62807.09 -68088.87 2760.80
v -62928.13 -68604.41 2735.80
v -62851.92 -68628.96 2722.62
v -62851.92 -68628.96 2760.80
v -62928.13 -68604.41 2760.80
v -62937.38 -68609.84 2760.80
v -62861.01 -68634.43 2760.80
v -62867.26 -68715.18 2721.63
v -62867.26 -68715.18 2760.80
v -62875.96 -68718.43 2760.80
v -62869.45 -68727.50 2721.49
v -62869.45 -68727.50 2760.80
v -62878.10 -68730.44 2760.80
v -62942.24 -69136.50 2716.77
v -62942.24 -69136.50 2760.80
v -62949.01 -69128.93 2760.80
v -63063.17 -69144.56 2735.80
v -63063.17 -69144.56 2760.80
v -63067.30 -69136.82 2760.80
v -61362.93 -65924.93 2696.30
v -61624.51 -66334.41 2663.54
v -61624.51 -66334.41 2721.30
v -61362.93 -65924.93 2721.30
v -61367.34 -65916.97 2721.30
v -61627.42 -66324.10 2721.30
v -61665.84 -66399.10 2664.98
v -61665.84 -66399.10 2721.30
v -61668.51 -66388.43 2721.30
v -61818.68 -66313.25 2696.30
v -61818.68 -66313.25 2721.30
v -61820.39 -66303.11 2721.30
v -62981.51 -49833.16 3003.75
v -61907.05 -49891.10 2743.56
v -61907.05 -49891.10 3028.75
v -62981.51 -49833.16 3028.75
v -62981.49 -49841.18 3028.75
v -61915.47 -49898.66 3028.75
v -61911.44 -49972.43 2741.36
v -61911.44 -49972.43 3028.75
v -61919.80 -49978.90 3028.75
v -61927.79 -50275.71 2733.16
v -61927.79 -50275.71 3028.75
v -61935.93 -50278.10 3028.75
v -61971.18 -51080.37 2741.83
v -61971.18 -51080.37 3028.75
v -61978.74 -51071.95 3028.75
v -62693.50 -51041.42 2886.30
v -62693.50 -51041.42 3028.75
v -62695.39 -51033.31 3028.75
v -63076.16 -51020.79 2978.96
v -63076.16 -51020.79 3028.75
v -63075.04 -51012.83 3028.75
v -63178.53 -51015.27 3003.75
v -63178.53 -51015.27 3028.75
v -63176.60 -51007.36 3028.75
v -62586.89 -49840.42 2908.75
v -62401.06 -49850.44 2863.75
v -62401.06 -49850.44 2953.75
v -62586.89 -49840.42 2953.75
v -62592.20 -49854.16 2953.75
v -62408.89 -49864.04 2953.75
v -62215.23 -49860.46 2818.75
v -62215.23 -49860.46 2908.75
v -62401.06 -49850.44 2908.75
v -62408.89 -49864.04 2908.75
v -62225.58 -49873.93 2908.75
v -62029.40 -49870.48 2773.75
v -62029.40 -49870.48 2863.75
v -62215.23 -49860.46 2863.75
v -62225.58 -49873.93 2863.75
v -62042.27 -49883.81 2863.75
v -61892.32 -49877.88 2740.55
v -61892.32 -49877.88 2818.75
v -62029.40 -49870.48 2818.75
v -62042.27 -49883.81 2818.75
v -61907.05 -49891.10 2818.75
v -61897.42 -49972.43 2738.00
v -61897.42 -49972.43 2818.75
v -61912.03 -49983.49 2818.75
v -61912.97 -50260.89 2730.19
v -61912.97 -50260.89 2818.75
v -61927.23 -50265.32 2818.75
v -61957.96 -51095.10 2739.19
v -61957.96 -51095.10 2818.75
v -61971.18 -51080.37 2818.75
v -62130.76 -51085.78 2773.75
v -62130.76 -51085.78 2818.75
v -62141.65 -51071.18 2818.75
v -62355.76 -51073.65 2818.75
v -62355.76 -51073.65 2863.75
v -62130.76 -51085.78 2863.75
v -62141.65 -51071.18 2863.75
v -62363.60 -51059.21 2863.75
v -62580.76 -51061.52 2863.75
v -62580.76 -51061.52 2908.75
v -62355.76 -51073.65 2908.75
v -62363.60 -51059.21 2908.75
v -62585.55 -51047.24 2908.75
v -62706.81 -51054.72 2888.96
v -62706.81 -51054.72 2953.75
v -62580.76 -51061.52 2953.75
v -62585.55 -51047.24 2953.75
v -62709.88 -51040.54 2953.75
v -62788.54 -51050.32 2908.75
v -62788.54 -51050.32 2953.75
v -62790.50 -51036.19 2953.75
v -62592.20 -49854.16 2908.75
v -62790.50 -51036.19 2908.75
v -61462.52 -49934.19 2661.07
v -60753.27 -49972.43 2602.80
v -60753.27 -49972.43 2686.07
v -61462.52 -49934.19 2686.07
v -61458.45 -49942.42 2686.07
v -60757.43 -49980.22 2686.07
v -60386.08 -49992.23 2573.43
v -60386.08 -49992.23 2686.07
v -60394.50 -49999.79 2686.07
v -60448.43 -51148.51 2578.41
v -60448.43 -51148.51 2686.07
v -60456.01 -51140.54 2686.07
v -60450.21 -51181.51 2578.56
v -60450.21 -51181.51 2686.07
v -60457.77 -51173.09 2686.07
v -61481.64 -51125.88 2661.07
v -61481.64 -51125.88 2686.07
v -61477.23 -51118.11 2686.07
v -60288.55 -49916.61 2567.86
v -59709.39 -49947.83 2520.27
v -59709.39 -49947.83 2600.02
v -60288.55 -49916.61 2600.02
v -60280.99 -49925.03 2600.02
v -59717.81 -49955.39 2600.02
v -59710.72 -49972.43 2519.40
v -59710.72 -49972.43 2600.02
v -59719.12 -49979.66 2600.02
v -59744.13 -50592.05 2522.07
v -59744.13 -50592.05 2600.02
v -59752.08 -50590.95 2600.02
v -59773.52 -51137.11 2524.42
v -59773.52 -51137.11 2600.02
v -59781.08 -51128.69 2600.02
v -60262.81 -51110.72 2563.56
v -60262.81 -51110.72 2600.02
v -60256.87 -51103.03 2600.02
v -60352.68 -51105.88 2570.75
v -60352.68 -51105.88 2600.02
v -60344.26 -51098.32 2600.02
v -60291.56 -49972.43 2565.86
v -60291.56 -49972.43 2600.02
v -60283.96 -49980.10 2600.02
v -62806.39 -52867.49 2814.06
v -62839.78 -53687.69 2623.89
v -62839.78 -53687.69 2839.06
v -62806.39 -52867.49 2839.06
v -62814.61 -52872.77 2839.06
v -62847.76 -53687.19 2839.06
v -62842.49 -53754.45 2618.66
v -62842.49 -53754.45 2839.06
v -62850.46 -53753.48 2839.06
v -62884.96 -54797.73 2536.89
v -62884.96 -54797.73 2839.06
v -62892.63 -54789.41 2839.06
v -63908.16 -54756.08 2581.15
v -63908.16 -54756.08 2839.06
v -63904.71 -54748.21 2839.06
v -64124.51 -54747.27 2626.54
v -64124.51 -54747.27 2839.06
v -64118.72 -54739.50 2839.06
v -64356.75 -54737.82 2647.39
v -64356.75 -54737.82 2839.06
v -64348.43 -54730.15 2839.06
v -64328.09 -54033.79 2814.06
v -64328.09 -54033.79 2839.06
v -64319.97 -54031.08 2839.06
v -62808.56 -53265.14 2719.06
v -62816.46 -53459.22 2674.06
v -62816.46 -53459.22 2764.06
v -62808.56 -53265.14 2764.06
v -62822.75 -53269.42 2764.06
v -62830.55 -53461.14 2764.06
v -62824.36 -53653.31 2629.06
v -62824.36 -53653.31 2719.06
v -62816.46 -53459.22 2719.06
v -62830.55 -53461.14 2719.06
v -62838.36 -53652.86 2719.06
v -62825.17 -53673.09 2624.47
v -62825.17 -53673.09 2674.06
v -62824.36 -53653.31 2674.06
v -62838.36 -53652.86 2674.06
v -62839.15 -53672.40 2674.06
v -62829.03 -53767.92 2617.04
v -62829.03 -53767.92 2674.06
v -62842.97 -53766.07 2674.06
v -62846.16 -54188.76 2584.06
v -62846.16 -54188.76 2674.06
v -62859.89 -54181.79 2674.06
v -62869.53 -54762.94 2539.06
v -62869.53 -54762.94 2629.06
v -62846.16 -54188.76 2629.06
v -62859.89 -54181.79 2629.06
v -62882.98 -54748.99 2629.06
v -62871.54 -54812.29 2535.19
v -62871.54 -54812.29 2584.06
v -62869.53 -54762.94 2584.06
v -62882.98 -54748.99 2584.06
v -62884.96 -54797.73 2584.06
v -62960.94 -54808.65 2539.06
v -62960.94 -54808.65 2584.06
v -62972.70 -54794.16 2584.06
v -63921.62 -54769.54 2580.62
v -63921.62 -54769.54 2629.06
v -62960.94 -54808.65 2629.06
v -62972.70 -54794.16 2629.06
v -63915.45 -54755.78 2629.06
v -63938.04 -54768.87 2584.06
v -63938.04 -54768.87 2629.06
v -63931.57 -54755.13 2629.06
v -64124.51 -54761.28 2623.18
v -64124.51 -54761.28 2674.06
v -63938.04 -54768.87 2674.06
v -63931.57 -54755.13 2674.06
v -64114.56 -54747.68 2674.06
v -64190.06 -54758.61 2629.06
v -64190.06 -54758.61 2674.06
v -64178.88 -54745.06 2674.06
v -64344.62 -54752.32 2642.94
v -64344.62 -54752.32 2719.06
v -64190.06 -54758.61 2719.06
v -64178.88 -54745.06 2719.06
v -64330.56 -54738.88 2719.06
v -64371.31 -54751.24 2645.33
v -64371.31 -54751.24 2719.06
v -64356.75 -54737.82 2719.06
v -64370.31 -54726.64 2651.15
v -64370.31 -54726.64 2719.06
v -64355.76 -54713.52 2719.06
v -64366.37 -54629.88 2674.06
v -64366.37 -54629.88 2719.06
v -64351.87 -54617.94 2719.06
v -64358.63 -54439.80 2719.06
v -64358.63 -54439.80 2764.06
v -64366.37 -54629.88 2764.06
v -64351.87 -54617.94 2764.06
v -64344.23 -54430.18 2764.06
v -62822.75 -53269.42 2719.06
v -64344.23 -54430.18 2719.06
v -66803.93 -54066.33 2910.30
v -66756.20 -54840.75 2788.30
v -66756.20 -54840.75 2935.30
v -66803.93 -54066.33 2935.30
v -66811.92 -54066.70 2935.30
v -66764.65 -54833.66 2935.30
v -66753.61 -54882.72 2781.69
v -66753.61 -54882.72 2935.30
v -66762.09 -54875.23 2935.30
v -68036.18 -54961.77 2717.74
v -68036.18 -54961.77 2935.30
v -68028.69 -54953.29 2935.30
v -68098.74 -53946.66 2877.65
v -68098.74 -53946.66 2935.30
v -68090.65 -53947.96 2935.30
v -68126.46 -53497.02 2910.30
v -68126.46 -53497.02 2935.30
v -68118.09 -53502.65 2935.30
v -66752.52 -54672.93 2815.30
v -66741.25 -54855.70 2786.51
v -66741.25 -54855.70 2860.30
v -66752.52 -54672.93 2860.30
v -66767.12 -54663.51 2860.30
v -66756.05 -54843.25 2860.30
v -66738.78 -54895.84 2780.19
v -66738.78 -54895.84 2860.30
v -66753.61 -54882.72 2860.30
v -66937.03 -54908.05 2770.30
v -66937.03 -54908.05 2860.30
v -66947.64 -54894.68 2860.30
v -67839.55 -54963.67 2725.30
v -67839.55 -54963.67 2815.30
v -66937.03 -54908.05 2815.30
v -66947.64 -54894.68 2815.30
v -67830.91 -54949.12 2815.30
v -67981.65 -54972.43 2718.21
v -67981.65 -54972.43 2770.30
v -67839.55 -54963.67 2770.30
v -67830.91 -54949.12 2770.30
v -67969.98 -54957.69 2770.30
v -68049.30 -54976.60 2715.34
v -68049.30 -54976.60 2770.30
v -68036.18 -54961.77 2770.30
v -68049.55 -54972.43 2715.50
v -68049.55 -54972.43 2770.30
v -68036.44 -54957.67 2770.30
v -68053.39 -54910.21 2725.30
v -68053.39 -54910.21 2770.30
v -68040.21 -54896.48 2770.30
v -68070.99 -54624.56 2770.30
v -68070.99 -54624.56 2815.30
v -68053.39 -54910.21 2815.30
v -68040.21 -54896.48 2815.30
v -68057.52 -54615.56 2815.30
v -68088.60 -54338.91 2815.30
v -68088.60 -54338.91 2860.30
v -68070.99 -54624.56 2860.30
v -68057.52 -54615.56 2860.30
v -68074.83 -54334.65 2860.30
v -66767.12 -54663.51 2815.30
v -68074.83 -54334.65 2815.30
v -65154.70 -52562.50 3158.09
v -65130.38 -53478.30 3011.56
v -65130.38 -53478.30 3183.09
v -65154.70 -52562.50 3183.09
v -65162.65 -52564.37 3183.09
v -65138.58 -53471.02 3183.09
v -65129.05 -53528.48 2999.41
v -65129.05 -53528.48 3183.09
v -65137.26 -53520.70 3183.09
v -65181.97 -53529.89 3003.31
v -65181.97 -53529.89 3183.09
v -65189.65 -53522.09 3183.09
v -65557.10 -53539.85 3001.71
v -65557.10 -53539.85 3183.09
v -65561.03 -53531.95 3183.09
v -66624.51 -53568.19 2997.18
v -66624.51 -53568.19 3183.09
v -66617.77 -53560.01 3183.09
v -66728.48 -53570.95 2992.58
v -66728.48 -53570.95 3183.09
v -66720.70 -53562.74 3183.09
v -66754.21 -52602.12 3146.56
v -66754.21 -52602.12 3183.09
v -66746.16 -52603.60 3183.09
v -66757.65 -52472.43 3156.52
v -66757.65 -52472.43 3183.09
v -66749.57 -52475.21 3183.09
v -66758.78 -52429.89 3158.09
v -66758.78 -52429.89 3183.09
v -66750.69 -52433.09 3183.09
v -65124.93 -53156.25 3063.09
v -65117.46 -53437.50 3018.09
v -65117.46 -53437.50 3108.09
v -65124.93 -53156.25 3108.09
v -65139.12 -53149.26 3108.09
v -65131.78 -53425.67 3108.09
v -65116.74 -53464.66 3013.74
v -65116.74 -53464.66 3063.09
v -65117.46 -53437.50 3063.09
v -65131.78 -53425.67 3063.09
v -65131.07 -53452.37 3063.09
v -65114.68 -53542.11 2994.99
v -65114.68 -53542.11 3063.09
v -65129.05 -53528.48 3063.09
v -65196.36 -53544.28 3001.00
v -65196.36 -53544.28 3063.09
v -65209.32 -53530.62 3063.09
v -65543.46 -53553.49 2999.53
v -65543.46 -53553.49 3063.09
v -65550.45 -53539.67 3063.09
v -66624.51 -53582.19 2994.94
v -66624.51 -53582.19 3063.09
v -66612.91 -53567.88 3063.09
v -66742.11 -53585.32 2989.73
v -66742.11 -53585.32 3063.09
v -66728.48 -53570.95 3063.09
v -66746.84 -53406.91 3018.09
v -66746.84 -53406.91 3063.09
v -66733.14 -53395.61 3063.09
v -66754.36 -53123.78 3063.09
v -66754.36 -53123.78 3108.09
v -66746.84 -53406.91 3108.09
v -66733.14 -53395.61 3108.09
v -66740.53 -53117.35 3108.09
v -65139.12 -53149.26 3063.09
v -66740.53 -53117.35 3063.09
v -68172.79 -50226.79 3076.53
v -67562.34 -50232.46 3149.56
v -67562.34 -50232.46 3174.56
v -68172.79 -50226.79 3174.56
v -68164.86 -50234.86 3174.56
v -67563.33 -50240.45 3174.56
v -67195.86 -51331.90 3149.56
v -67770.38 -51326.57 3080.83
v -67770.38 -51326.57 3174.56
v -67195.86 -51331.90 3174.56
v -67202.19 -51323.84 3174.56
v -67768.33 -51318.59 3174.56
v -67976.73 -51324.65 3056.15
v -67976.73 -51324.65 3174.56
v -67971.67 -51316.70 3174.56
v -68182.96 -51322.74 3031.47
v -68182.96 -51322.74 3174.56
v -68174.89 -51314.81 3174.56
v -68179.20 -50917.74 3048.12
v -68179.20 -50917.74 3174.56
v -68171.18 -50915.73 3174.56
v -67985.30 -51338.57 3054.56
v -67990.60 -51338.52 3053.93
v -67990.60 -51338.52 3099.56
v -67985.30 -51338.57 3099.56
v -67976.45 -51324.65 3099.56
v -67981.62 -51324.61 3099.56
v -68197.09 -51336.60 3029.22
v -68197.09 -51336.60 3099.56
v -68182.96 -51322.74 3099.56
v -68193.07 -50903.87 3047.02
v -68193.07 -50903.87 3099.56
v -68179.05 -50900.78 3099.56
v -68191.37 -50720.37 3054.56
v -68191.37 -50720.37 3099.56
v -68177.38 -50721.85 3099.56
v -67976.45 -51324.65 3054.56
v -68177.38 -50721.85 3054.56
v -64673.12 -54227.05 2795.28
v -64678.24 -54352.67 2765.54
v -64678.24 -54352.67 2820.28
v -64673.12 -54227.05 2820.28
v -64681.20 -54228.70 2820.28
v -64686.23 -54352.34 2820.28
v -64680.82 -54416.13 2750.52
v -64680.82 -54416.13 2820.28
v -64688.81 -54415.80 2820.28
v -64703.47 -54972.43 2618.82
v -64703.47 -54972.43 2820.28
v -64711.46 -54972.11 2820.28
v -64708.30 -55091.06 2604.97
v -64708.30 -55091.06 2820.28
v -64716.29 -55090.73 2820.28
v -64728.03 -55575.95 2548.36
v -64728.03 -55575.95 2820.28
v -64735.71 -55567.98 2820.28
v -64728.95 -55598.64 2545.71
v -64728.95 -55598.64 2820.28
v -64736.62 -55590.32 2820.28
v -64749.87 -55597.79 2547.49
v -64749.87 -55597.79 2820.28
v -64757.37 -55589.48 2820.28
v -66052.17 -55544.77 2658.03
v -66052.17 -55544.77 2820.28
v -66048.95 -55536.90 2820.28
v -66624.51 -55521.47 2706.62
v -66624.51 -55521.47 2820.28
v -66616.57 -55513.79 2820.28
v -66670.35 -55519.61 2708.67
v -66670.35 -55519.61 2820.28
v -66662.03 -55511.94 2820.28
v -66649.68 -55012.02 2768.76
v -66649.68 -55012.02 2820.28
v -66641.69 -55012.35 2820.28
v -66649.07 -54996.99 2770.54
v -66649.07 -54996.99 2820.28
v -66641.08 -54997.31 2820.28
v -66648.07 -54972.43 2771.56
v -66648.07 -54972.43 2820.28
v -66640.08 -54972.76 2820.28
v -66647.15 -54949.80 2775.22
v -66647.15 -54949.80 2820.28
v -66639.16 -54950.12 2820.28
v -66642.10 -54825.66 2795.28
v -66642.10 -54825.66 2820.28
v -66634.10 -54825.99 2820.28
v -64675.25 -54623.60 2700.28
v -64682.99 -54813.68 2655.28
v -64682.99 -54813.68 2745.28
v -64675.25 -54623.60 2745.28
v -64689.24 -54623.03 2745.28
v -64696.98 -54813.11 2745.28
v -64689.46 -54972.43 2617.70
v -64689.46 -54972.43 2700.28
v -64682.99 -54813.68 2700.28
v -64696.98 -54813.11 2700.28
v -64703.44 -54971.86 2700.28
v -64692.04 -55035.95 2610.28
v -64692.04 -55035.95 2700.28
v -64706.03 -55035.38 2700.28
v -64694.31 -55091.62 2603.78
v -64694.31 -55091.62 2655.28
v -64692.04 -55035.95 2655.28
v -64706.03 -55035.38 2655.28
v -64708.30 -55091.06 2655.28
v -64707.73 -55421.41 2565.28
v -64707.73 -55421.41 2655.28
v -64721.36 -55411.99 2655.28
v -64713.42 -55561.34 2548.94
v -64713.42 -55561.34 2610.28
v -64707.73 -55421.41 2610.28
v -64721.36 -55411.99 2610.28
v -64726.90 -55548.17 2610.28
v -64715.53 -55613.20 2542.89
v -64715.53 -55613.20 2610.28
v -64728.95 -55598.64 2610.28
v -64763.33 -55611.25 2546.95
v -64763.33 -55611.25 2610.28
v -64776.07 -55596.72 2610.28
v -64979.30 -55602.46 2565.28
v -64979.30 -55602.46 2610.28
v -64988.98 -55588.05 2610.28
v -65509.43 -55580.88 2610.28
v -65509.43 -55580.88 2655.28
v -64979.30 -55602.46 2655.28
v -64988.98 -55588.05 2655.28
v -65511.57 -55566.78 2655.28
v -66037.57 -55559.38 2655.11
v -66037.57 -55559.38 2700.28
v -65509.43 -55580.88 2700.28
v -65511.57 -55566.78 2700.28
v -66032.21 -55545.59 2700.28
v -66039.56 -55559.30 2655.28
v -66039.56 -55559.30 2700.28
v -66034.17 -55545.51 2700.28
v -66569.69 -55537.72 2700.28
v -66569.69 -55537.72 2745.28
v -66039.56 -55559.30 2745.28
v -66034.17 -55545.51 2745.28
v -66556.77 -55524.23 2745.28
v -64689.24 -54623.03 2700.28
v -66556.77 -55524.23 2700.28
v -66120.95 -54709.66 2795.28
v -66131.64 -54972.43 2733.07
v -66131.64 -54972.43 2820.28
v -66120.95 -54709.66 2820.28
v -66128.98 -54710.35 2820.28
v -66139.91 -54978.94 2820.28
v -66133.78 -55025.02 2726.93
v -66133.78 -55025.02 2820.28
v -66142.10 -55032.69 2820.28
v -65223.54 -55062.07 2649.66
v -65223.54 -55062.07 2820.28
v -65215.87 -55070.39 2820.28
v -65219.89 -54972.43 2660.13
v -65219.89 -54972.43 2820.28
v -65212.14 -54978.77 2820.28
v -65196.65 -54401.56 2795.28
v -65196.65 -54401.56 2820.28
v -65188.39 -54395.26 2820.28
v -65800.01 -55024.60 2700.28
v -65269.88 -55046.18 2655.28
v -65269.88 -55046.18 2745.28
v -65800.01 -55024.60 2745.28
v -65804.44 -55038.43 2745.28
v -65257.51 -55060.69 2745.28
v -65236.96 -55047.52 2652.49
v -65236.96 -55047.52 2700.28
v -65269.88 -55046.18 2700.28
v -65257.51 -55060.69 2700.28
v -65223.54 -55062.07 2700.28
v -65235.98 -55023.58 2655.28
v -65235.98 -55023.58 2700.28
v -65222.52 -55037.17 2700.28
v -65233.90 -54972.43 2661.25
v -65233.90 -54972.43 2745.28
v -65235.98 -55023.58 2745.28
v -65222.52 -55037.17 2745.28
v -65220.36 -54983.97 2745.28
v -65227.19 -54807.57 2700.28
v -65227.19 -54807.57 2745.28
v -65213.38 -54812.46 2745.28
v -65804.44 -55038.43 2700.28
v -65213.38 -54812.46 2700.28
v -61845.97 -54475.41 2521.12
v -61624.51 -54484.43 2511.54
v -61624.51 -54484.43 2546.12
v -61845.97 -54475.41 2546.12
v -61849.87 -54483.26 2546.12
v -61632.05 -54492.13 2546.12
v -61576.97 -54486.36 2507.58
v -61576.97 -54486.36 2546.12
v -61585.29 -54494.03 2546.12
v -61595.58 -54943.50 2472.50
v -61595.58 -54943.50 2546.12
v -61603.60 -54943.90 2546.12
v -61596.76 -54972.43 2472.50
v -61596.76 -54972.43 2546.12
v -61604.76 -54972.37 2546.12
v -61597.85 -54999.10 2470.37
v -61597.85 -54999.10 2546.12
v -61605.83 -54998.62 2546.12
v -61617.89 -55491.53 2430.97
v -61617.89 -55491.53 2546.12
v -61625.56 -55483.21 2546.12
v -61624.51 -55491.26 2430.99
v -61624.51 -55491.26 2546.12
v -61632.07 -55482.94 2546.12
v -62123.05 -55470.96 2432.62
v -62123.05 -55470.96 2546.12
v -62122.41 -55462.98 2546.12
v -62590.09 -55451.95 2453.58
v -62590.09 -55451.95 2546.12
v -62581.77 -55444.28 2546.12
v -62570.57 -54972.43 2510.34
v -62570.57 -54972.43 2546.12
v -62562.56 -54972.39 2546.12
v -62564.97 -54834.91 2521.12
v -62564.97 -54834.91 2546.12
v -62557.05 -54837.06 2546.12
v -66294.90 -50385.32 3255.98
v -66205.38 -50391.57 3255.73
v -66205.38 -50391.57 3282.43
v -66294.90 -50385.32 3282.43
v -66287.48 -50393.86 3282.43
v -66198.69 -50400.06 3282.43
v -64652.07 -50499.99 3251.40
v -64652.07 -50499.99 3282.43
v -64658.23 -50507.58 3282.43
v -64363.60 -50520.13 3250.59
v -64363.60 -50520.13 3282.43
v -64372.14 -50527.55 3282.43
v -64453.84 -51812.98 3198.88
v -64453.84 -51812.98 3282.43
v -64461.26 -51804.44 3282.43
v -64808.74 -51788.21 3199.87
v -64808.74 -51788.21 3282.43
v -64813.23 -51779.87 3282.43
v -65866.46 -51714.38 3202.82
v -65866.46 -51714.38 3282.43
v -65862.21 -51706.65 3282.43
v -66385.14 -51678.17 3204.27
v -66385.14 -51678.17 3282.43
v -66376.60 -51670.75 3282.43
v -63632.30 -51159.87 3106.87
v -62884.91 -51212.04 2925.41
v -62884.91 -51212.04 3131.87
v -63632.30 -51159.87 3131.87
v -63632.11 -51167.90 3131.87
v -62893.39 -51219.46 3131.87
v -62880.04 -51212.38 2924.23
v -62880.04 -51212.38 3131.87
v -62888.58 -51219.80 3131.87
v -62880.34 -51216.61 2924.13
v -62880.34 -51216.61 3131.87
v -62888.87 -51223.98 3131.87
v -62881.21 -51229.13 2923.84
v -62881.21 -51229.13 3131.87
v -62889.73 -51236.34 3131.87
v -62966.25 -52447.37 2940.85
v -62966.25 -52447.37 3131.87
v -62973.67 -52438.83 3131.87
v -63796.36 -52389.42 3106.87
v -63796.36 -52389.42 3131.87
v -63794.16 -52381.56 3131.87
v -63238.70 -51173.31 3011.87
v -63053.36 -51186.24 2966.87
v -63053.36 -51186.24 3056.87
v -63238.70 -51173.31 3056.87
v -63246.21 -51186.82 3056.87
v -63064.55 -51199.50 3056.87
v -62900.00 -51196.95 2929.64
v -62900.00 -51196.95 3011.87
v -63053.36 -51186.24 3011.87
v -63064.55 -51199.50 3011.87
v -62914.24 -51209.99 3011.87
v -62868.01 -51199.18 2921.87
v -62868.01 -51199.18 3011.87
v -62882.90 -51212.18 3011.87
v -62865.10 -51199.39 2921.16
v -62865.10 -51199.39 2966.87
v -62868.01 -51199.18 2966.87
v -62882.90 -51212.18 2966.87
v -62880.04 -51212.38 2966.87
v -62866.12 -51214.04 2920.82
v -62866.12 -51214.04 2966.87
v -62881.04 -51226.71 2966.87
v -62867.22 -51229.73 2921.04
v -62867.22 -51229.73 2966.87
v -62882.11 -51242.05 2966.87
v -62871.36 -51289.12 2921.87
v -62871.36 -51289.12 2966.87
v -62886.17 -51300.12 2966.87
v -62953.26 -52462.31 2938.25
v -62953.26 -52462.31 3011.87
v -62871.36 -51289.12 3011.87
v -62886.17 -51300.12 3011.87
v -62966.25 -52447.37 3011.87
v -63096.36 -52452.32 2966.87
v -63096.36 -52452.32 3011.87
v -63106.51 -52437.58 3011.87
v -63321.36 -52436.61 3011.87
v -63321.36 -52436.61 3056.87
v -63096.36 -52452.32 3056.87
v -63106.51 -52437.58 3056.87
v -63327.03 -52422.18 3056.87
v -63246.21 -51186.82 3011.87
v -63327.03 -52422.18 3011.87
v -61122.26 -51251.38 2632.32
v -60440.24 -51288.16 2577.76
v -60440.24 -51288.16 2657.32
v -61122.26 -51251.38 2657.32
v -61119.45 -51259.54 2657.32
v -60443.06 -51296.02 2657.32
v -60301.30 -51295.65 2566.64
v -60301.30 -51295.65 2657.32
v -60305.27 -51303.45 2657.32
v -59763.05 -51324.67 2523.58
v -59763.05 -51324.67 2657.32
v -59771.47 -51332.23 2657.32
v -59789.10 -51807.84 2525.67
v -59789.10 -51807.84 2657.32
v -59796.89 -51803.62 2657.32
v -59798.37 -51979.72 2526.41
v -59798.37 -51979.72 2657.32
v -59805.93 -51971.30 2657.32
v -61063.58 -51911.50 2627.63
v -61063.58 -51911.50 2657.32
v -61060.68 -51903.64 2657.32
v -61122.26 -51908.33 2632.32
v -61122.26 -51908.33 2657.32
v -61118.88 -51900.50 2657.32
v -59934.76 -51301.39 2537.32
v -59748.32 -51311.45 2522.40
v -59748.32 -51311.45 2582.32
v -59934.76 -51301.39 2582.32
v -59946.84 -51314.76 2582.32
v -59763.05 -51324.67 2582.32
v -59775.80 -51821.15 2524.60
v -59775.80 -51821.15 2582.32
v -59789.41 -51813.51 2582.32
v -59785.15 -51994.45 2525.35
v -59785.15 -51994.45 2582.32
v -59798.37 -51979.72 2582.32
v -59934.76 -51986.38 2537.32
v -59934.76 -51986.38 2582.32
v -59945.86 -51971.77 2582.32
v -59946.84 -51314.76 2537.32
v -59945.86 -51971.77 2537.32
v -64437.25 -52597.18 3152.54
v -64451.35 -52799.27 3120.21
v -64451.35 -52799.27 3177.54
v -64437.25 -52597.18 3177.54
v -64445.42 -52599.45 3177.54
v -64459.34 -52798.77 3177.54
v -64492.43 -53387.68 2982.27
v -64492.43 -53387.68 3177.54
v -64499.85 -53379.14 3177.54
v -65004.04 -53351.96 3031.78
v -65004.04 -53351.96 3177.54
v -64996.42 -53344.47 3177.54
v -65035.10 -53349.79 3032.12
v -65035.10 -53349.79 3177.54
v -65026.56 -53342.37 3177.54
v -64982.57 -52597.18 3152.54
v -64982.57 -52597.18 3177.54
v -64974.75 -52600.04 3177.54
v -64455.64 -53061.81 3057.54
v -64469.05 -53253.78 3012.54
v -64469.05 -53253.78 3102.54
v -64455.64 -53061.81 3102.54
v -64469.19 -53054.83 3102.54
v -64482.28 -53242.31 3102.54
v -64479.44 -53402.62 2977.65
v -64479.44 -53402.62 3057.54
v -64469.05 -53253.78 3057.54
v -64482.28 -53242.31 3057.54
v -64492.43 -53387.68 3057.54
v -64840.05 -53377.44 3012.54
v -64840.05 -53377.44 3057.54
v -64835.39 -53363.74 3057.54
v -65017.16 -53365.08 3029.68
v -65017.16 -53365.08 3102.54
v -64840.05 -53377.44 3102.54
v -64835.39 -53363.74 3102.54
v -65003.83 -53351.98 3102.54
v -65050.04 -53362.78 3030.04
v -65050.04 -53362.78 3102.54
v -65035.10 -53349.79 3102.54
v -65038.04 -53190.93 3057.54
v -65038.04 -53190.93 3102.54
v -65023.38 -53181.95 3102.54
v -64469.19 -53054.83 3057.54
v -65023.38 -53181.95 3057.54
v -63402.40 -54900.00 2549.41
v -62871.90 -54921.59 2526.46
v -62871.90 -54921.59 2574.41
v -63402.40 -54900.00 2574.41
v -63405.19 -54907.89 2574.41
v -62880.22 -54929.26 2574.41
v -62873.97 -54972.43 2522.48
v -62873.97 -54972.43 2574.41
v -62882.24 -54979.00 2574.41
v -62901.83 -55656.99 2441.45
v -62901.83 -55656.99 2574.41
v -62909.50 -55648.67 2574.41
v -63462.80 -55634.15 2466.62
v -63462.80 -55634.15 2574.41
v -63464.62 -55626.07 2574.41
v -64124.51 -55607.21 2496.33
v -64124.51 -55607.21 2574.41
v -64119.45 -55599.41 2574.41
v -64436.57 -55594.51 2522.82
v -64436.57 -55594.51 2574.41
v -64428.25 -55586.84 2574.41
v -64427.29 -55366.70 2549.41
v -64427.29 -55366.70 2574.41
v -64419.18 -55363.99 2574.41
v -62883.17 -55542.73 2454.41
v -62888.41 -55671.55 2439.16
v -62888.41 -55671.55 2499.41
v -62883.17 -55542.73 2499.41
v -62896.78 -55532.90 2499.41
v -62901.83 -55656.99 2499.41
v -63228.12 -55657.72 2454.41
v -63228.12 -55657.72 2499.41
v -63235.46 -55643.41 2499.41
v -62896.78 -55532.90 2454.41
v -63235.46 -55643.41 2454.41
v -66878.72 -50350.61 3226.87
v -66658.67 -50365.97 3252.66
v -66658.67 -50365.97 3277.66
v -66878.72 -50350.61 3277.66
v -66871.30 -50359.15 3277.66
v -66658.34 -50374.01 3277.66
v -66389.75 -50468.43 3252.66
v -66479.74 -51757.81 3201.08
v -66479.74 -51757.81 3277.66
v -66389.75 -50468.43 3277.66
v -66398.22 -50474.89 3277.66
v -66487.16 -51749.27 3277.66
v -66624.51 -51747.70 3201.49
v -66624.51 -51747.70 3277.66
v -66627.27 -51739.49 3277.66
v -66974.54 -51723.27 3160.46
v -66974.54 -51723.27 3277.66
v -66966.00 -51715.85 3277.66
v -67599.16 -55023.54 2731.47
v -66783.83 -55056.73 2762.76
v -66783.83 -55056.73 2793.46
v -67599.16 -55023.54 2793.46
v -67591.49 -55031.86 2793.46
v -66792.15 -55064.40 2793.46
v -66787.01 -55134.93 2759.50
v -66787.01 -55134.93 2793.46
v -66795.21 -55139.59 2793.46
v -66800.75 -55472.39 2719.55
v -66800.75 -55472.39 2793.46
v -66808.42 -55464.07 2793.46
v -67111.81 -55459.73 2733.52
v -67111.81 -55459.73 2793.46
v -67113.38 -55451.66 2793.46
v -67616.08 -55439.20 2714.17
v -67616.08 -55439.20 2793.46
v -67607.76 -55431.53 2793.46
v -62455.76 -51166.81 2838.75
v -61882.83 -51197.70 2724.16
v -61882.83 -51197.70 2863.75
v -62455.76 -51166.81 2863.75
v -62452.95 -51174.97 2863.75
v -61891.25 -51205.26 2863.75
v -61913.84 -51772.87 2730.37
v -61913.84 -51772.87 2863.75
v -61921.40 -51764.45 2863.75
v -62347.46 -51749.48 2817.09
v -62347.46 -51749.48 2863.75
v -62346.52 -51741.52 2863.75
v -62455.76 -51743.64 2838.75
v -62455.76 -51743.64 2863.75
v -62452.70 -51735.80 2863.75
v -61980.76 -51178.40 2743.75
v -61868.10 -51184.48 2721.22
v -61868.10 -51184.48 2788.75
v -61980.76 -51178.40 2788.75
v -61991.76 -51191.83 2788.75
v -61882.83 -51197.70 2788.75
v -61900.62 -51787.60 2727.72
v -61900.62 -51787.60 2788.75
v -61913.84 -51772.87 2788.75
v -61980.76 -51783.28 2743.75
v -61980.76 -51783.28 2788.75
v -61991.33 -51768.69 2788.75
v -61991.76 -51191.83 2743.75
v -61991.33 -51768.69 2743.75
v -68002.21 -51727.06 3036.99
v -67490.17 -51703.96 3099.36
v -67490.17 -51703.96 3124.36
v -68002.21 -51727.06 3124.36
v -67993.86 -51734.69 3124.36
v -67491.19 -51712.02 3124.36
v -67083.52 -52698.17 3099.36
v -67074.85 -52890.45 3085.02
v -67074.85 -52890.45 3124.36
v -67083.52 -52698.17 3124.36
v -67091.76 -52693.10 3124.36
v -67083.20 -52882.82 3124.36
v -67947.96 -52929.83 2977.09
v -67947.96 -52929.83 3124.36
v -67940.33 -52921.48 3124.36
v -67968.59 -52472.43 3011.21
v -67968.59 -52472.43 3124.36
v -67960.69 -52470.16 3124.36
v -67718.31 -52933.49 3004.36
v -67961.32 -52944.45 2974.32
v -67961.32 -52944.45 3049.36
v -67718.31 -52933.49 3049.36
v -67712.50 -52919.21 3049.36
v -67947.96 -52929.83 3049.36
v -67979.48 -52541.73 3004.36
v -67979.48 -52541.73 3049.36
v -67965.71 -52536.27 3049.36
v -67712.50 -52919.21 3004.36
v -67965.71 -52536.27 3004.36
v -61314.50 -54870.16 2472.50
v -59708.38 -54388.57 2472.50
v -59708.38 -54388.57 2527.50
v -61314.50 -54870.16 2527.50
v -61304.54 -54875.53 2527.50
v -59711.70 -54397.91 2527.50
v -59460.07 -54314.11 2472.50
v -59460.07 -54314.11 2527.50
v -59465.44 -54324.07 2527.50
v -59321.85 -54775.10 2472.50
v -59321.85 -54775.10 2527.50
v -59330.58 -54773.82 2527.50
v -59271.66 -54942.48 2472.50
v -59271.66 -54942.48 2527.50
v -59281.62 -54937.11 2527.50
v -59371.57 -54972.43 2472.50
v -59371.57 -54972.43 2527.50
v -59380.70 -54966.82 2527.50
v -61104.80 -55492.15 2430.92
v -61104.80 -55492.15 2527.50
v -61099.61 -55482.24 2527.50
v -61126.09 -55498.53 2430.41
v -61126.09 -55498.53 2527.50
v -61120.72 -55488.57 2527.50
v -61137.93 -55459.01 2433.57
v -61137.93 -55459.01 2527.50
v -61132.28 -55450.02 2527.50
v -61283.84 -54972.43 2472.50
v -61283.84 -54972.43 2527.50
v -61274.62 -54975.30 2527.50
v -65305.12 -54467.38 2788.16
v -65325.68 -54972.43 2668.59
v -65325.68 -54972.43 2813.16
v -65305.12 -54467.38 2813.16
v -65313.40 -54474.08 2813.16
v -65333.39 -54965.19 2813.16
v -65327.27 -55011.56 2664.03
v -65327.27 -55011.56 2813.16
v -65334.94 -55003.24 2813.16
v -66000.72 -54984.15 2721.19
v -66000.72 -54984.15 2813.16
v -65992.40 -54976.48 2813.16
v -66000.24 -54972.43 2722.56
v -66000.24 -54972.43 2813.16
v -65991.94 -54965.09 2813.16
v -65988.96 -54695.33 2788.16
v -65988.96 -54695.33 2813.16
v -65980.97 -54695.63 2813.16
v -65307.25 -54863.93 2693.16
v -65311.67 -54972.43 2667.47
v -65311.67 -54972.43 2738.16
v -65307.25 -54863.93 2738.16
v -65320.97 -54856.84 2738.16
v -65325.19 -54960.35 2738.16
v -65313.85 -55026.12 2661.20
v -65313.85 -55026.12 2738.16
v -65327.27 -55011.56 2738.16
v -65690.31 -55010.79 2693.16
v -65690.31 -55010.79 2738.16
v -65688.71 -54996.85 2738.16
v -65320.97 -54856.84 2693.16
v -65688.71 -54996.85 2693.16
v -60182.71 -53306.24 2490.45
v -59937.61 -53285.53 2472.50
v -59937.61 -53285.53 2527.50
v -60182.71 -53306.24 2527.50
v -60174.07 -53313.54 2527.50
v -59932.26 -53293.11 2527.50
v -59124.51 -53216.83 2472.50
v -59124.51 -53216.83 2527.50
v -59130.09 -53225.33 2527.50
v -58995.95 -53205.96 2467.36
v -58995.95 -53205.96 2527.50
v -59003.25 -53214.61 2527.50
v -58962.94 -53596.58 2466.04
v -58962.94 -53596.58 2527.50
v -58971.59 -53589.28 2527.50
v -59124.51 -53610.23 2472.50
v -59124.51 -53610.23 2527.50
v -59130.99 -53602.75 2527.50
v -60149.72 -53696.86 2472.50
v -60149.72 -53696.86 2527.50
v -60142.42 -53688.21 2527.50
v -60165.24 -53513.15 2472.50
v -60165.24 -53513.15 2527.50
v -60157.30 -53512.01 2527.50
v -59573.40 -52546.32 2502.50
v -59185.76 -52533.68 2472.50
v -59185.76 -52533.68 2527.50
v -59573.40 -52546.32 2527.50
v -59571.74 -52554.27 2527.50
v -59190.21 -52541.83 2527.50
v -59124.51 -52531.68 2472.50
v -59124.51 -52531.68 2527.50
v -59129.93 -52539.86 2527.50
v -59067.13 -52529.81 2470.20
v -59067.13 -52529.81 2527.50
v -59073.45 -52538.02 2527.50
v -58976.95 -52526.87 2466.60
v -58976.95 -52526.87 2527.50
v -58984.69 -52535.13 2527.50
v -58973.82 -52623.13 2466.47
v -58973.82 -52623.13 2527.50
v -58981.64 -52628.71 2527.50
v -58958.19 -53102.57 2465.85
v -58958.19 -53102.57 2527.50
v -58966.45 -53094.83 2527.50
v -59124.51 -53107.99 2472.50
v -59124.51 -53107.99 2527.50
v -59130.15 -53100.17 2527.50
v -59781.48 -53129.40 2472.50
v -59781.48 -53129.40 2527.50
v -59776.78 -53121.24 2527.50
v -59973.66 -53135.67 2487.37
v -59973.66 -53135.67 2527.50
v -59965.92 -53127.41 2527.50
v -59979.62 -52952.54 2502.50
v -59979.62 -52952.54 2527.50
v -59971.72 -52949.37 2527.50
v -55734.00 -50064.40 2336.88
v -54827.75 -50101.45 2300.63
v -54827.75 -50101.45 2374.44
v -55734.00 -50064.40 2374.44
v -55726.33 -50072.72 2374.44
v -54836.07 -50109.12 2374.44
v -54852.23 -50700.14 2301.61
v -54852.23 -50700.14 2374.44
v -54860.08 -50696.42 2374.44
v -54862.10 -50941.75 2302.00
v -54862.10 -50941.75 2374.44
v -54869.77 -50933.43 2374.44
v -55084.73 -50932.65 2310.91
v -55084.73 -50932.65 2374.44
v -55088.47 -50924.49 2374.44
v -55689.01 -50907.94 2335.08
v -55689.01 -50907.94 2374.44
v -55682.09 -50900.22 2374.44
v -55768.35 -50904.70 2338.25
v -55768.35 -50904.70 2374.44
v -55760.03 -50897.03 2374.44
v -55765.36 -50831.59 2338.13
v -55765.36 -50831.59 2374.44
v -55757.10 -50825.31 2374.44
v -59407.51 -51199.64 2495.14
v -59124.51 -51190.42 2472.50
v -59124.51 -51190.42 2520.14
v -59407.51 -51199.64 2520.14
v -59402.22 -51207.48 2520.14
v -59122.38 -51198.35 2520.14
v -58239.26 -51161.56 2437.09
v -58239.26 -51161.56 2520.14
v -58247.00 -51169.82 2520.14
v -58225.83 -51573.75 2436.55
v -58225.83 -51573.75 2520.14
v -58233.79 -51575.23 2520.14
v -58207.57 -52134.05 2435.82
v -58207.57 -52134.05 2520.14
v -58215.83 -52126.31 2520.14
v -58805.62 -52153.54 2459.74
v -58805.62 -52153.54 2520.14
v -58807.21 -52145.59 2520.14
v -59124.51 -52163.93 2472.50
v -59124.51 -52163.93 2520.14
v -59122.55 -52155.87 2520.14
v -59407.51 -52173.16 2495.14
v -59407.51 -52173.16 2520.14
v -59402.39 -52164.99 2520.14
v -56555.15 -49721.50 2384.25
v -56367.47 -49715.39 2362.22
v -56367.47 -49715.39 2410.98
v -56555.15 -49721.50 2410.98
v -56546.89 -49729.24 2410.98
v -56363.79 -49723.27 2410.98
v -55899.49 -49700.13 2343.50
v -55899.49 -49700.13 2410.98
v -55907.23 -49708.39 2410.98
v -55890.62 -49972.43 2343.14
v -55890.62 -49972.43 2410.98
v -55898.50 -49976.22 2410.98
v -55867.70 -50675.62 2342.23
v -55867.70 -50675.62 2410.98
v -55875.96 -50667.88 2410.98
v -55919.64 -50677.31 2344.30
v -55919.64 -50677.31 2410.98
v -55926.63 -50669.53 2410.98
v -56523.36 -50696.99 2368.45
v -56523.36 -50696.99 2410.98
v -56515.62 -50688.73 2410.98
v -56544.36 -50052.59 2369.29
v -56544.36 -50052.59 2410.98
v -56536.28 -50054.90 2410.98
v -56546.97 -49972.43 2369.40
v -56546.97 -49972.43 2410.98
v -56538.85 -49976.05 2410.98
v -56549.42 -49897.33 2369.50
v -56549.42 -49897.33 2410.98
v -56541.25 -49902.19 2410.98
v -59306.89 -49993.92 2487.09
v -59154.23 -50002.15 2474.88
v -59154.23 -50002.15 2512.09
v -59306.89 -49993.92 2512.09
v -59302.03 -50002.19 2512.09
v -59150.73 -50010.35 2512.09
v -59124.51 -50003.75 2472.50
v -59124.51 -50003.75 2512.09
v -59121.27 -50011.94 2512.09
v -59091.41 -50005.54 2471.18
v -59091.41 -50005.54 2512.09
v -59088.46 -50013.71 2512.09
v -57811.27 -50074.56 2419.97
v -57811.27 -50074.56 2512.09
v -57819.69 -50082.12 2512.09
v -57867.80 -51123.04 2422.23
v -57867.80 -51123.04 2512.09
v -57875.36 -51114.62 2512.09
v -57979.96 -51116.99 2426.72
v -57979.96 -51116.99 2512.09
v -57986.52 -51108.63 2512.09
v -59124.51 -51055.28 2472.50
v -59124.51 -51055.28 2512.09
v -59120.91 -51047.46 2512.09
v -59306.89 -51045.44 2487.09
v -59306.89 -51045.44 2512.09
v -59301.67 -51037.71 2512.09
v -58888.46 -52245.48 2463.06
v -57745.06 -52208.22 2417.32
v -57745.06 -52208.22 2494.11
v -58888.46 -52245.48 2494.11
v -58880.20 -52253.22 2494.11
v -57752.80 -52216.48 2494.11
v -57736.45 -52472.43 2416.98
v -57736.45 -52472.43 2494.11
v -57744.27 -52478.14 2494.11
v -57701.35 -53549.27 2415.57
v -57701.35 -53549.27 2494.11
v -57709.51 -53544.61 2494.11
v -57690.95 -53868.34 2415.16
v -57690.95 -53868.34 2494.11
v -57699.21 -53860.60 2494.11
v -57727.42 -53869.52 2416.62
v -57727.42 -53869.52 2494.11
v -57735.17 -53861.77 2494.11
v -58031.52 -53879.44 2428.78
v -58031.52 -53879.44 2494.11
v -58035.01 -53871.55 2494.11
v -58834.35 -53905.61 2460.89
v -58834.35 -53905.61 2494.11
v -58826.61 -53897.35 2494.11
v -58872.86 -52724.09 2462.43
v -58872.86 -52724.09 2494.11
v -58864.75 -52727.22 2494.11
v -58881.06 -52472.43 2462.76
v -58881.06 -52472.43 2494.11
v -58872.87 -52477.98 2494.11
v -54201.95 -53512.10 2275.60
v -54124.51 -53498.56 2272.50
v -54124.51 -53498.56 2312.60
v -54201.95 -53512.10 2312.60
v -54192.69 -53518.60 2312.60
v -54116.94 -53505.36 2312.60
v -53476.94 -53385.38 2246.60
v -53476.94 -53385.38 2312.60
v -53483.44 -53394.64 2312.60
v -53337.17 -54185.08 2241.01
v -53337.17 -54185.08 2312.60
v -53345.87 -54181.75 2312.60
v -53302.01 -54386.21 2239.60
v -53302.01 -54386.21 2312.60
v -53311.27 -54379.71 2312.60
v -53588.34 -54436.26 2251.05
v -53588.34 -54436.26 2312.60
v -53591.37 -54428.67 2312.60
v -54027.02 -54512.93 2268.60
v -54027.02 -54512.93 2312.60
v -54020.52 -54503.67 2312.60
v -54124.51 -53955.13 2272.50
v -54124.51 -53955.13 2312.60
v -54116.48 -53954.66 2312.60
v -54960.86 -51423.55 2305.95
v -54124.51 -51396.30 2272.50
v -54124.51 -51396.30 2340.58
v -54960.86 -51423.55 2340.58
v -54952.60 -51431.29 2340.58
v -54129.56 -51404.46 2340.58
v -53955.39 -51390.78 2258.97
v -53955.39 -51390.78 2340.58
v -53963.13 -51399.04 2340.58
v -53941.97 -51802.57 2257.90
v -53941.97 -51802.57 2340.58
v -53950.23 -51794.83 2340.58
v -54124.51 -51808.51 2272.50
v -54124.51 -51808.51 2340.58
v -54129.87 -51800.68 2340.58
v -54767.48 -51829.47 2298.22
v -54767.48 -51829.47 2340.58
v -54762.60 -51821.31 2340.58
v -54947.44 -51835.34 2305.42
v -54947.44 -51835.34 2340.58
v -54939.70 -51827.08 2340.58
v -54953.70 -51643.25 2305.67
v -54953.70 -51643.25 2340.58
v -54945.72 -51642.45 2340.58
v -53183.32 -52275.64 2226.98
v -52161.18 -52402.56 2191.17
v -52161.18 -52402.56 2272.20
v -53183.32 -52275.64 2272.20
v -53176.37 -52284.56 2272.20
v -52170.10 -52409.51 2272.20
v -52169.85 -52472.43 2194.31
v -52169.85 -52472.43 2272.20
v -52178.65 -52478.40 2272.20
v -52247.17 -53095.09 2197.41
v -52247.17 -53095.09 2272.20
v -52254.88 -53092.27 2272.20
v -52300.92 -53527.91 2199.56
v -52300.92 -53527.91 2272.20
v -52307.87 -53518.99 2272.20
v -52638.13 -53486.04 2213.04
v -52638.13 -53486.04 2272.20
v -52639.84 -53477.77 2272.20
v -53177.93 -53419.01 2234.64
v -53177.93 -53419.01 2272.20
v -53171.26 -53411.78 2272.20
v -53323.06 -53400.99 2240.44
v -53323.06 -53400.99 2272.20
v -53314.14 -53394.04 2272.20
v -53309.02 -53287.92 2239.88
v -53309.02 -53287.92 2272.20
v -53300.30 -53282.57 2272.20
v -53207.76 -52472.43 2235.83
v -53207.76 -52472.43 2272.20
v -53200.46 -52478.58 2272.20
v -51988.37 -52077.13 2171.24
v -51624.51 -52122.31 2158.49
v -51624.51 -52122.31 2231.13
v -51988.37 -52077.13 2231.13
v -51981.42 -52086.05 2231.13
v -51625.47 -52130.25 2231.13
v -51313.06 -52160.98 2110.21
v -51313.06 -52160.98 2231.13
v -51320.79 -52168.08 2231.13
v -51257.99 -52167.82 2096.72
v -51257.99 -52167.82 2231.13
v -51266.91 -52174.77 2231.13
v -51295.81 -52472.43 2093.61
v -51295.81 -52472.43 2231.13
v -51304.33 -52476.13 2231.13
v -51332.12 -52764.83 2102.32
v -51332.12 -52764.83 2231.13
v -51340.25 -52765.40 2231.13
v -51442.33 -53652.41 2128.77
v -51442.33 -53652.41 2231.13
v -51449.28 -53643.49 2231.13
v -51624.51 -53629.79 2172.50
v -51624.51 -53629.79 2231.13
v -51627.51 -53621.36 2231.13
v -52172.71 -53561.72 2194.43
v -52172.71 -53561.72 2231.13
v -52163.79 -53554.77 2231.13
v -52096.00 -52943.92 2191.36
v -52096.00 -52943.92 2231.13
v -52087.90 -52943.57 2231.13
v -52037.46 -52472.43 2189.02
v -52037.46 -52472.43 2231.13
v -52029.98 -52477.13 2231.13
v -51991.85 -52105.10 2172.50
v -51991.85 -52105.10 2231.13
v -51984.86 -52113.73 2231.13
v -51322.64 -52145.68 2111.13
v -51300.51 -52148.43 2107.70
v -51300.51 -52148.43 2156.13
v -51322.64 -52145.68 2156.13
v -51335.32 -52158.21 2156.13
v -51314.00 -52160.86 2156.13
v -51242.37 -52155.65 2093.46
v -51242.37 -52155.65 2156.13
v -51257.99 -52167.82 2156.13
v -51281.70 -52472.43 2090.22
v -51281.70 -52472.43 2156.13
v -51296.60 -52478.78 2156.13
v -51319.57 -52777.38 2099.31
v -51319.57 -52777.38 2156.13
v -51333.77 -52778.13 2156.13
v -51368.81 -53173.93 2111.13
v -51368.81 -53173.93 2156.13
v -51382.10 -53167.39 2156.13
v -51335.32 -52158.21 2111.13
v -51382.10 -53167.39 2111.13
v -58702.59 -54094.21 2455.62
v -58357.54 -54205.46 2441.82
v -58357.54 -54205.46 2496.84
v -58702.59 -54094.21 2496.84
v -58697.43 -54104.28 2496.84
v -58357.87 -54213.76 2496.84
v -57745.12 -54402.90 2417.32
v -57745.12 -54402.90 2496.84
v -57755.19 -54408.06 2496.84
v -57928.73 -54972.43 2424.67
v -57928.73 -54972.43 2496.84
v -57935.44 -54967.17 2496.84
v -58013.30 -55234.74 2417.56
v -58013.30 -55234.74 2496.84
v -58018.46 -55224.67 2496.84
v -58826.90 -54972.43 2460.60
v -58826.90 -54972.43 2496.84
v -58819.12 -54966.54 2496.84
v -58970.77 -54926.05 2466.35
v -58970.77 -54926.05 2496.84
v -58960.70 -54920.89 2496.84
v -58919.69 -54767.60 2464.31
v -58919.69 -54767.60 2496.84
v -58910.55 -54765.35 2496.84
v -55215.41 -53605.72 2316.14
v -54407.83 -53579.40 2283.83
v -54407.83 -53579.40 2354.72
v -55215.41 -53605.72 2354.72
v -55207.15 -53613.46 2354.72
v -54415.57 -53587.66 2354.72
v -54394.41 -53991.19 2283.30
v -54394.41 -53991.19 2354.72
v -54402.67 -53983.45 2354.72
v -55083.31 -54013.64 2310.85
v -55083.31 -54013.64 2354.72
v -55077.92 -54005.46 2354.72
v -55201.99 -54017.51 2315.60
v -55201.99 -54017.51 2354.72
v -55194.25 -54009.25 2354.72
v -55206.11 -53890.83 2315.76
v -55206.11 -53890.83 2354.72
v -55198.22 -53887.50 2354.72
v -51194.66 -54693.13 2063.31
v -51089.54 -54972.43 2022.71
v -51089.54 -54972.43 2222.54
v -51194.66 -54693.13 2222.54
v -51199.33 -54703.44 2222.54
v -51098.64 -54970.95 2222.54
v -51061.15 -55047.84 2008.73
v -51061.15 -55047.84 2222.54
v -51071.46 -55043.17 2222.54
v -51415.67 -55181.27 2097.32
v -51415.67 -55181.27 2222.54
v -51420.85 -55174.67 2222.54
v -51624.51 -55259.88 2149.50
v -51624.51 -55259.88 2222.54
v -51626.66 -55252.14 2222.54
v -52085.45 -55433.37 2190.94
v -52085.45 -55433.37 2222.54
v -52080.92 -55423.12 2222.54
v -52095.33 -55437.09 2191.33
v -52095.33 -55437.09 2222.54
v -52090.66 -55426.78 2222.54
v -52228.84 -55082.38 2196.67
v -52228.84 -55082.38 2222.54
v -52218.53 -55087.05 2222.54
v -51936.72 -54972.43 2184.99
v -51936.72 -54972.43 2222.54
v -51930.64 -54978.69 2222.54
v -51709.89 -54887.06 2175.91
v -51709.89 -54887.06 2222.54
v -51707.10 -54894.56 2222.54
v -51624.51 -54854.92 2172.50
v -51624.51 -54854.92 2222.54
v -51622.96 -54862.89 2222.54
v -51436.09 -54784.00 2127.28
v -51436.09 -54784.00 2222.54
v -51437.26 -54792.99 2222.54
v -51186.49 -54675.10 2061.75
v -51175.60 -54704.03 2057.54
v -51175.60 -54704.03 2147.54
v -51186.49 -54675.10 2147.54
v -51194.66 -54693.13 2147.54
v -51184.52 -54720.08 2147.54
v -51074.58 -54972.43 2018.52
v -51074.58 -54972.43 2102.54
v -51175.60 -54704.03 2102.54
v -51184.52 -54720.08 2102.54
v -51090.45 -54970.01 2102.54
v -51062.44 -55004.68 2012.54
v -51062.44 -55004.68 2102.54
v -51079.15 -55000.04 2102.54
v -51043.12 -55056.01 2003.02
v -51043.12 -55056.01 2057.54
v -51062.44 -55004.68 2057.54
v -51079.15 -55000.04 2057.54
v -51061.15 -55047.84 2057.54
v -51081.20 -55070.34 2012.54
v -51081.20 -55070.34 2057.54
v -51098.30 -55061.82 2057.54
v -51261.28 -55138.12 2057.54
v -51261.28 -55138.12 2102.54
v -51081.20 -55070.34 2102.54
v -51098.30 -55061.82 2102.54
v -51273.93 -55127.92 2102.54
v -51404.81 -55192.14 2093.40
v -51404.81 -55192.14 2147.54
v -51261.28 -55138.12 2147.54
v -51273.93 -55127.92 2147.54
v -51413.90 -55180.61 2147.54
v -51441.36 -55205.90 2102.54
v -51441.36 -55205.90 2147.54
v -51449.56 -55194.03 2147.54
v -51340.46 -54733.05 2102.54
v -51340.46 -54733.05 2147.54
v -51344.83 -54749.65 2147.54
v -51449.56 -55194.03 2102.54
v -51344.83 -54749.65 2102.54
v -53319.27 -53785.64 2240.29
v -52886.88 -53710.07 2222.99
v -52886.88 -53710.07 2273.25
v -53319.27 -53785.64 2273.25
v -53310.01 -53792.14 2273.25
v -52884.21 -53717.72 2273.25
v -52856.91 -53704.83 2221.80
v -52856.91 -53704.83 2273.25
v -52854.70 -53712.56 2273.25
v -52284.95 -53604.86 2198.92
v -52284.95 -53604.86 2273.25
v -52291.45 -53614.12 2273.25
v -52217.45 -53991.01 2196.22
v -52217.45 -53991.01 2273.25
v -52226.71 -53984.51 2273.25
v -52548.14 -54048.81 2209.45
v -52548.14 -54048.81 2273.25
v -52552.36 -54041.42 2273.25
v -53251.77 -54171.78 2237.59
v -53251.77 -54171.78 2273.25
v -53245.27 -54162.52 2273.25
v -53262.50 -54110.42 2238.02
v -53262.50 -54110.42 2273.25
v -53255.56 -54103.66 2273.25
v -53079.39 -51796.53 2203.66
v -52274.30 -51822.64 2172.50
v -52274.30 -51822.64 2250.08
v -53079.39 -51796.53 2250.08
v -53071.65 -51804.79 2250.08
v -52281.51 -51830.41 2250.08
v -52217.85 -51824.47 2170.31
v -52217.85 -51824.47 2250.08
v -52226.10 -51832.21 2250.08
v -52219.56 -51877.39 2172.50
v -52219.56 -51877.39 2250.08
v -52227.74 -51882.96 2250.08
v -52230.54 -52216.26 2186.49
v -52230.54 -52216.26 2250.08
v -52238.28 -52208.01 2250.08
v -53092.08 -52188.34 2219.84
v -53092.08 -52188.34 2250.08
v -53083.83 -52180.60 2250.08
v -51623.40 -50777.57 2104.53
v -51207.62 -50791.05 2038.54
v -51207.62 -50791.05 2153.09
v -51623.40 -50777.57 2153.09
v -51615.66 -50785.83 2153.09
v -51215.87 -50798.79 2153.09
v -51245.71 -51966.44 2091.65
v -51245.71 -51966.44 2153.09
v -51253.45 -51958.18 2153.09
v -51475.31 -51958.99 2128.09
v -51475.31 -51958.99 2153.09
v -51474.22 -51951.02 2153.09
v -51641.79 -51344.91 2128.09
v -51624.51 -50812.08 2106.09
v -51624.51 -50812.08 2153.09
v -51641.79 -51344.91 2153.09
v -51633.80 -51345.45 2153.09
v -51616.76 -50819.86 2153.09
v -54791.39 -50721.05 2299.17
v -54124.51 -50699.31 2272.50
v -54124.51 -50699.31 2340.32
v -54791.39 -50721.05 2340.32
v -54783.13 -50728.79 2340.32
v -54132.09 -50707.57 2340.32
v -54117.73 -50699.09 2271.96
v -54117.73 -50699.09 2340.32
v -54125.47 -50707.35 2340.32
v -54098.84 -51278.79 2270.45
v -54098.84 -51278.79 2340.32
v -54107.10 -51271.05 2340.32
v -54124.51 -51279.62 2272.50
v -54124.51 -51279.62 2340.32
v -54132.16 -51271.87 2340.32
v -54772.49 -51300.75 2298.42
v -54772.49 -51300.75 2340.32
v -54764.75 -51292.49 2340.32
v -52759.26 -55143.50 2217.89
v -52349.47 -55071.87 2201.50
v -52349.47 -55071.87 2263.26
v -52759.26 -55143.50 2263.26
v -52750.00 -55150.00 2263.26
v -52355.97 -55081.13 2263.26
v -52277.85 -55481.66 2198.63
v -52277.85 -55481.66 2263.26
v -52287.11 -55475.16 2263.26
v -52687.63 -55553.29 2215.02
v -52687.63 -55553.29 2263.26
v -52681.13 -55544.03 2263.26
v -53698.62 -52244.75 2246.36
v -53308.93 -52202.27 2229.07
v -53308.93 -52202.27 2301.32
v -53698.62 -52244.75 2301.32
v -53689.80 -52251.84 2301.32
v -53316.02 -52211.09 2301.32
v -53279.48 -52472.43 2238.70
v -53279.48 -52472.43 2301.32
v -53287.54 -52472.36 2301.32
v -53256.26 -52685.41 2237.77
v -53256.26 -52685.41 2301.32
v -53265.08 -52678.32 2301.32
v -53645.95 -52727.89 2253.36
v -53645.95 -52727.89 2301.32
v -53638.86 -52719.07 2301.32
v -53673.80 -52472.43 2254.47
v -53673.80 -52472.43 2301.32
v -53665.79 -52472.02 2301.32
v -53801.23 -52832.78 2259.57
v -53769.68 -52827.26 2258.31
v -53769.68 -52827.26 2305.17
v -53801.23 -52832.78 2305.17
v -53791.97 -52839.28 2305.17
v -53761.71 -52833.99 2305.17
v -53415.08 -52765.29 2244.12
v -53415.08 -52765.29 2305.17
v -53421.58 -52774.55 2305.17
v -53331.40 -53244.03 2240.78
v -53331.40 -53244.03 2305.17
v -53340.66 -53237.53 2305.17
v -53349.71 -53247.23 2241.51
v -53349.71 -53247.23 2305.17
v -53358.22 -53240.60 2305.17
v -53717.55 -53311.52 2256.22
v -53717.55 -53311.52 2305.17
v -53711.05 -53302.26 2305.17
vt -11.6563 0.1865
vt -10.3802 0.1721
vt -10.3802 0.2490
vt -11.6563 0.2490
vt -11.6375 0.2490
vt -10.3651 0.2490
vt -8.5447 0.0781
vt -8.5447 0.2490
vt -8.5350 0.2490
vt -4.1302 0.1002
vt -4.1302 0.2490
vt -4.1333 0.2490
vt -2.3218 0.1092
vt -2.3218 0.2490
vt -2.3302 0.2490
vt -0.9166 0.1741
vt -0.9166 0.2490
vt -0.9302 0.2490
vt -0.8450 0.1865
vt -0.8450 0.2490
vt -0.8589 0.2490
vt -80.6125 -1.6325
vt -80.2682 -1.7113
vt -80.2682 -1.5700
vt -80.6125 -1.5700
vt -80.6199 -1.5700
vt -80.2789 -1.5700
vt -79.1302 -1.8447
vt -79.1302 -1.5700
vt -79.1459 -1.5700
vt -78.9186 -1.8357
vt -78.9186 -1.5700
vt -78.9352 -1.5700
vt -78.8163 -1.8376
vt -78.8163 -1.5700
vt -78.8333 -1.5700
vt -78.5226 -1.8431
vt -78.5226 -1.5700
vt -78.5410 -1.5700
vt -76.6026 -1.6325
vt -76.6026 -1.5700
vt -76.6292 -1.5700
vt -9.7911 -5.5058
vt -9.5522 -5.5840
vt -9.5522 -5.4433
vt -9.7911 -5.4433
vt -9.7780 -5.4433
vt -9.5390 -5.4433
vt -7.7490 -5.7002
vt -7.7490 -5.4433
vt -7.7430 -5.4433
vt -5.9977 -5.5058
vt -5.9977 -5.4433
vt -5.9987 -5.4433
vt 11.4965 6.8395
vt 12.0214 6.7663
vt 12.0214 6.9020
vt 11.4965 6.9020
vt 11.4854 6.9020
vt 12.0085 6.9020
vt 12.6902 6.7400
vt 12.6902 6.9020
vt 12.6690 6.9020
vt 13.7151 6.7615
vt 13.7151 6.9020
vt 13.6810 6.9020
vt 13.2387 6.8395
vt 13.2387 6.9020
vt 13.2044 6.9020
vt 14.1907 6.8395
vt 14.4426 6.8065
vt 14.4426 6.9020
vt 14.1907 6.9020
vt 14.1811 6.9020
vt 14.4335 6.9020
vt 14.6198 6.8041
vt 14.6198 6.9020
vt 14.6062 6.9020
vt 14.6451 6.8037
vt 14.6451 6.9020
vt 14.6309 6.9020
vt 15.4857 6.7919
vt 15.4857 6.9020
vt 15.4498 6.9020
vt 15.2035 6.8395
vt 15.2035 6.9020
vt 15.1738 6.9020
vt 11.4050 6.7408
vt 11.7748 6.6589
vt 11.7748 6.8033
vt 11.4050 6.8033
vt 11.3741 6.8033
vt 11.7417 6.8033
vt 11.8332 6.6624
vt 11.8332 6.8033
vt 11.7998 6.8033
vt 11.2364 6.7408
vt 11.2364 6.8033
vt 11.2068 6.8033
vt -32.8709 7.5094
vt -30.0399 6.8589
vt -30.0399 7.5719
vt -32.8709 7.5719
vt -32.8508 7.5719
vt -30.0420 7.5719
vt -29.8475 6.8534
vt -29.8475 7.5719
vt -29.8523 7.5719
vt -29.1302 6.8329
vt -29.1302 7.5719
vt -29.1446 7.5719
vt -27.2270 6.8546
vt -27.2270 7.5719
vt -27.2670 7.5719
vt -29.1302 7.2158
vt -29.1302 7.5719
vt -29.1552 7.5719
vt -30.1384 7.4474
vt -30.1384 7.5719
vt -30.1555 7.5719
vt -30.4082 7.5094
vt -30.4082 7.5719
vt -30.4231 7.5719
vt -31.8662 7.2719
vt -31.3765 7.1594
vt -31.3765 7.3844
vt -31.8662 7.3844
vt -31.8451 7.3844
vt -31.3621 7.3844
vt -30.8869 7.0469
vt -30.8869 7.2719
vt -31.3765 7.2719
vt -31.3621 7.2719
vt -30.8791 7.2719
vt -30.3973 6.9344
vt -30.3973 7.1594
vt -30.8869 7.1594
vt -30.8791 7.1594
vt -30.3961 7.1594
vt -30.0361 6.8514
vt -30.0361 7.0469
vt -30.3973 7.0469
vt -30.3961 7.0469
vt -30.0399 7.0469
vt -29.8125 6.8450
vt -29.8125 7.0469
vt -29.8214 7.0469
vt -29.1302 6.8255
vt -29.1302 7.0469
vt -29.1548 7.0469
vt -27.1572 6.8480
vt -27.1572 7.0469
vt -27.2270 7.0469
vt -27.6125 6.9344
vt -27.6125 7.0469
vt -27.6762 7.0469
vt -28.2053 7.0469
vt -28.2053 7.1594
vt -27.6125 7.1594
vt -27.6762 7.1594
vt -28.2610 7.1594
vt -28.7981 7.1594
vt -28.7981 7.2719
vt -28.2053 7.2719
vt -28.2610 7.2719
vt -28.8458 7.2719
vt -29.1302 7.2224
vt -29.1302 7.3844
vt -28.7981 7.3844
vt -28.8458 7.3844
vt -29.1733 7.3844
vt -29.3456 7.2719
vt -29.3456 7.3844
vt -29.3858 7.3844
vt -31.8451 7.2719
vt -29.3858 7.2719
vt -28.8208 6.6527
vt -26.9521 6.5070
vt -26.9521 6.7152
vt -28.8208 6.7152
vt -28.7901 6.7152
vt -26.9430 6.7152
vt -25.9846 6.4336
vt -25.9846 6.7152
vt -25.9868 6.7152
vt -23.2498 6.4460
vt -23.2498 6.7152
vt -23.2887 6.7152
vt -23.1717 6.4464
vt -23.1717 6.7152
vt -23.2117 6.7152
vt -25.8894 6.6527
vt -25.8894 6.7152
vt -25.8978 6.7152
vt -25.9299 6.4197
vt -24.4039 6.3007
vt -24.4039 6.5000
vt -25.9299 6.5000
vt -25.8899 6.5000
vt -24.4060 6.5000
vt -24.3457 6.2985
vt -24.3457 6.5000
vt -24.3486 6.5000
vt -22.8802 6.3052
vt -22.8802 6.5000
vt -22.9028 6.5000
vt -21.5910 6.3110
vt -21.5910 6.5000
vt -21.6310 6.5000
vt -22.8802 6.4089
vt -22.8802 6.5000
vt -22.8846 6.5000
vt -23.1170 6.4269
vt -23.1170 6.5000
vt -23.1149 6.5000
vt -25.7978 6.4146
vt -25.7978 6.5000
vt -25.7597 6.5000
vt -24.8473 7.0351
vt -22.8802 6.5597
vt -22.8802 7.0976
vt -24.8473 7.0976
vt -24.8546 7.0976
vt -22.9014 7.0976
vt -22.7201 6.5466
vt -22.7201 7.0976
vt -22.7424 7.0976
vt -20.2181 6.3422
vt -20.2181 7.0976
vt -20.2580 7.0976
vt -22.8802 6.4529
vt -22.8802 7.0976
vt -22.8912 7.0976
vt -23.4431 6.5663
vt -23.4431 7.0976
vt -23.4481 7.0976
vt -24.0473 6.6185
vt -24.0473 7.0976
vt -24.0457 7.0976
vt -25.7357 7.0351
vt -25.7357 7.0976
vt -25.7222 7.0976
vt -23.8585 6.7976
vt -23.3931 6.6852
vt -23.3931 6.9101
vt -23.8585 6.9101
vt -23.8833 6.9101
vt -23.4235 6.9101
vt -22.9276 6.5726
vt -22.9276 6.7976
vt -23.3931 6.7976
vt -23.4235 6.7976
vt -22.9638 6.7976
vt -22.8802 6.5612
vt -22.8802 6.6852
vt -22.9276 6.6852
vt -22.9638 6.6852
vt -22.9169 6.6852
vt -22.6528 6.5426
vt -22.6528 6.6852
vt -22.6923 6.6852
vt -21.6435 6.4601
vt -21.6435 6.6852
vt -21.6952 6.6852
vt -20.2665 6.3476
vt -20.2665 6.5726
vt -21.6435 6.5726
vt -21.6952 6.5726
vt -20.3350 6.5726
vt -20.1481 6.3380
vt -20.1481 6.4601
vt -20.2665 6.4601
vt -20.3350 6.4601
vt -20.2181 6.4601
vt -20.3807 6.3476
vt -20.3807 6.4601
vt -20.4463 6.4601
vt -22.8802 6.4516
vt -22.8802 6.5726
vt -20.3807 6.5726
vt -20.4463 6.5726
vt -22.8992 6.5726
vt -22.9229 6.4601
vt -22.9229 6.5726
vt -22.9411 6.5726
vt -23.4081 6.5579
vt -23.4081 6.6852
vt -22.9229 6.6852
vt -22.9411 6.6852
vt -23.4172 6.6852
vt -23.5786 6.5726
vt -23.5786 6.6852
vt -23.5846 6.6852
vt -23.9808 6.6074
vt -23.9808 6.7976
vt -23.5786 6.7976
vt -23.5846 6.7976
vt -23.9792 6.7976
vt -24.0502 6.6133
vt -24.0502 6.7976
vt -24.0473 6.7976
vt -24.1092 6.6279
vt -24.1092 6.7976
vt -24.1056 6.7976
vt -24.3412 6.6852
vt -24.3412 6.7976
vt -24.3348 6.7976
vt -24.7971 6.7976
vt -24.7971 6.9101
vt -24.3412 6.9101
vt -24.3348 6.9101
vt -24.7851 6.9101
vt -23.8833 6.7976
vt -24.7851 6.7976
vt -31.8440 7.2758
vt -29.7886 6.9708
vt -29.7886 7.3383
vt -31.8440 7.3383
vt -31.8631 7.3383
vt -29.8275 7.3383
vt -29.6772 6.9542
vt -29.6772 7.3383
vt -29.7171 7.3383
vt -32.6860 6.7943
vt -32.6860 7.3383
vt -32.6885 7.3383
vt -35.3802 7.1941
vt -35.3802 7.3383
vt -35.3567 7.3383
vt -36.5736 7.2758
vt -36.5736 7.3383
vt -36.5386 7.3383
vt -30.1990 7.0383
vt -29.7139 6.9663
vt -29.7139 7.1508
vt -30.1990 7.1508
vt -30.2590 7.1508
vt -29.7820 7.1508
vt -29.6074 6.9505
vt -29.6074 7.1508
vt -29.6772 7.1508
vt -30.0724 6.9258
vt -30.0724 7.1508
vt -30.1324 7.1508
vt -32.1897 6.8133
vt -32.1897 7.0383
vt -30.0724 7.0383
vt -30.1324 7.0383
vt -32.2045 7.0383
vt -32.5230 6.7955
vt -32.5230 6.9258
vt -32.1897 6.9258
vt -32.2045 6.9258
vt -32.5307 6.9258
vt -32.6818 6.7884
vt -32.6818 6.9258
vt -32.6860 6.9258
vt -32.6928 6.7888
vt -32.6928 6.9258
vt -32.6969 6.9258
vt -32.8580 6.8133
vt -32.8580 6.9258
vt -32.8593 6.9258
vt -33.6161 6.9258
vt -33.6161 7.0383
vt -32.8580 7.0383
vt -32.8593 7.0383
vt -33.6049 7.0383
vt -34.3742 7.0383
vt -34.3742 7.1508
vt -33.6161 7.1508
vt -33.6049 7.1508
vt -34.3505 7.1508
vt -30.2590 7.0383
vt -34.3505 7.0383
vt -31.4805 7.8952
vt -29.1302 7.5289
vt -29.1302 7.9577
vt -31.4805 7.9577
vt -31.4957 7.9577
vt -29.1689 7.9577
vt -29.0014 7.4985
vt -29.0014 7.9577
vt -29.0414 7.9577
vt -29.1302 7.5083
vt -29.1302 7.9577
vt -29.1689 7.9577
vt -30.0431 7.5043
vt -30.0431 7.9577
vt -30.0727 7.9577
vt -32.6408 7.4929
vt -32.6408 7.9577
vt -32.6444 7.9577
vt -32.8938 7.4814
vt -32.8938 7.9577
vt -32.8949 7.9577
vt -35.3802 7.8664
vt -35.3802 7.9577
vt -35.3564 7.9577
vt -35.7130 7.8913
vt -35.7130 7.9577
vt -35.6859 7.9577
vt -35.8222 7.8952
vt -35.8222 7.9577
vt -35.7940 7.9577
vt -29.9217 7.6577
vt -29.1999 7.5452
vt -29.1999 7.7702
vt -29.9217 7.7702
vt -29.9747 7.7702
vt -29.2653 7.7702
vt -29.1302 7.5343
vt -29.1302 7.6577
vt -29.1999 7.6577
vt -29.2653 7.6577
vt -29.1967 7.6577
vt -28.9314 7.4875
vt -28.9314 7.6577
vt -29.0014 7.6577
vt -29.1302 7.5025
vt -29.1302 7.6577
vt -29.1967 7.6577
vt -29.9749 7.4988
vt -29.9749 7.6577
vt -30.0269 7.6577
vt -32.6058 7.4874
vt -32.6058 7.6577
vt -32.6126 7.6577
vt -32.8920 7.4743
vt -32.8920 7.6577
vt -32.8938 7.6577
vt -33.3498 7.5452
vt -33.3498 7.6577
vt -33.3438 7.6577
vt -34.0765 7.6577
vt -34.0765 7.7702
vt -33.3498 7.7702
vt -33.3438 7.7702
vt -34.0579 7.7702
vt -29.9747 7.6577
vt -34.0579 7.6577
vt -44.8650 7.6913
vt -43.3247 7.8739
vt -43.3247 7.9364
vt -44.8650 7.9364
vt -44.8250 7.9364
vt -43.3072 7.9364
vt -39.6599 7.8739
vt -41.1095 7.7021
vt -41.1095 7.9364
vt -39.6599 7.9364
vt -39.6959 7.9364
vt -41.1244 7.9364
vt -41.6302 7.6404
vt -41.6302 7.9364
vt -41.6374 7.9364
vt -42.1506 7.5787
vt -42.1506 7.9364
vt -42.1502 7.9364
vt -43.1536 7.6203
vt -43.1536 7.9364
vt -43.1386 7.9364
vt -41.6168 7.6364
vt -41.6302 7.6348
vt -41.6302 7.7489
vt -41.6168 7.7489
vt -41.6295 7.7489
vt -41.6425 7.7489
vt -42.1512 7.5730
vt -42.1512 7.7489
vt -42.1506 7.7489
vt -43.2230 7.6175
vt -43.2230 7.7489
vt -43.1957 7.7489
vt -43.6775 7.6364
vt -43.6775 7.7489
vt -43.6388 7.7489
vt -41.6295 7.6364
vt -43.6388 7.6364
vt -26.1152 6.9882
vt -25.8139 6.9139
vt -25.8139 7.0507
vt -26.1152 7.0507
vt -26.1313 7.0507
vt -25.8347 7.0507
vt -25.6617 6.8763
vt -25.6617 7.0507
vt -25.6825 7.0507
vt -24.3276 6.5471
vt -24.3276 7.0507
vt -24.3484 7.0507
vt -24.0431 6.5124
vt -24.0431 7.0507
vt -24.0639 7.0507
vt -22.8802 6.3709
vt -22.8802 7.0507
vt -22.9193 7.0507
vt -22.8258 6.3643
vt -22.8258 7.0507
vt -22.8658 7.0507
vt -22.8802 6.3687
vt -22.8802 7.0507
vt -22.9197 7.0507
vt -26.2685 6.6451
vt -26.2685 7.0507
vt -26.2801 7.0507
vt -27.7576 6.7665
vt -27.7576 7.0507
vt -27.7570 7.0507
vt -27.8769 6.7717
vt -27.8769 7.0507
vt -27.8752 7.0507
vt -29.0941 6.9219
vt -29.0941 7.0507
vt -29.0734 7.0507
vt -29.1302 6.9264
vt -29.1302 7.0507
vt -29.1094 7.0507
vt -29.1891 6.9289
vt -29.1891 7.0507
vt -29.1683 7.0507
vt -29.2434 6.9380
vt -29.2434 7.0507
vt -29.2226 7.0507
vt -29.5411 6.9882
vt -29.5411 7.0507
vt -29.5203 7.0507
vt -25.1291 6.7507
vt -24.6733 6.6382
vt -24.6733 6.8632
vt -25.1291 6.8632
vt -25.1655 6.8632
vt -24.7097 6.8632
vt -24.2926 6.5442
vt -24.2926 6.7507
vt -24.6733 6.7507
vt -24.7097 6.7507
vt -24.3290 6.7507
vt -24.1402 6.5257
vt -24.1402 6.7507
vt -24.1766 6.7507
vt -24.0067 6.5095
vt -24.0067 6.6382
vt -24.1402 6.6382
vt -24.1766 6.6382
vt -24.0431 6.6382
vt -23.2158 6.4132
vt -23.2158 6.6382
vt -23.2734 6.6382
vt -22.8802 6.3723
vt -22.8802 6.5257
vt -23.2158 6.5257
vt -23.2734 6.5257
vt -22.9468 6.5257
vt -22.7558 6.3572
vt -22.7558 6.5257
vt -22.8258 6.5257
vt -22.8802 6.3674
vt -22.8802 6.5257
vt -22.9484 6.5257
vt -23.4421 6.4132
vt -23.4421 6.5257
vt -23.5023 6.5257
vt -24.8214 6.5257
vt -24.8214 6.6382
vt -23.4421 6.6382
vt -23.5023 6.6382
vt -24.8620 6.6382
vt -26.1955 6.6378
vt -26.1955 6.7507
vt -24.8214 6.7507
vt -24.8620 6.7507
vt -26.2166 6.7507
vt -26.2006 6.6382
vt -26.2006 6.7507
vt -26.2216 6.7507
vt -27.5799 6.7507
vt -27.5799 6.8632
vt -26.2006 6.8632
vt -26.2216 6.8632
vt -27.5814 6.8632
vt -25.1655 6.7507
vt -27.5814 6.7507
vt -28.5282 6.9882
vt -27.8980 6.8327
vt -27.8980 7.0507
vt -28.5282 7.0507
vt -28.5466 7.0507
vt -27.9024 7.0507
vt -27.7719 6.8173
vt -27.7719 7.0507
vt -27.7735 7.0507
vt -25.4037 6.6241
vt -25.4037 7.0507
vt -25.3637 7.0507
vt -25.6186 6.6503
vt -25.6186 7.0507
vt -25.5834 7.0507
vt -26.9877 6.9882
vt -26.9877 7.0507
vt -26.9828 7.0507
vt -26.9385 6.7507
vt -25.5592 6.6382
vt -25.5592 6.8632
vt -26.9385 6.8632
vt -26.9150 6.8632
vt -25.4920 6.8632
vt -25.4736 6.6312
vt -25.4736 6.7507
vt -25.5592 6.7507
vt -25.4920 6.7507
vt -25.4037 6.7507
vt -25.5310 6.6382
vt -25.5310 6.7507
vt -25.4634 6.7507
vt -25.6537 6.6531
vt -25.6537 6.8632
vt -25.5310 6.8632
vt -25.4634 6.8632
vt -25.5910 6.8632
vt -26.0491 6.7507
vt -26.0491 6.8632
vt -26.0023 6.8632
vt -26.9150 6.7507
vt -26.0023 6.7507
vt -18.4264 6.3028
vt -17.8502 6.2789
vt -17.8502 6.3653
vt -18.4264 6.3653
vt -18.4165 6.3653
vt -17.8498 6.3653
vt -17.7265 6.2690
vt -17.7265 6.3653
vt -17.7282 6.3653
vt -16.6302 6.1813
vt -16.6302 6.3653
vt -16.6492 6.3653
vt -16.5608 6.1813
vt -16.5608 6.3653
vt -16.5810 6.3653
vt -16.4969 6.1759
vt -16.4969 6.3653
vt -16.5180 6.3653
vt -15.3159 6.0774
vt -15.3159 6.3653
vt -15.3559 6.3653
vt -15.3331 6.0775
vt -15.3331 6.3653
vt -15.3728 6.3653
vt -16.6302 6.0816
vt -16.6302 6.3653
vt -16.6486 6.3653
vt -17.8453 6.1339
vt -17.8453 6.3653
vt -17.8437 6.3653
vt -18.9953 6.2759
vt -18.9953 6.3653
vt -18.9754 6.3653
vt -19.3251 6.3028
vt -19.3251 6.3653
vt -19.3000 6.3653
vt -39.7739 8.1400
vt -39.5345 8.1393
vt -39.5345 8.2061
vt -39.7739 8.2061
vt -39.7340 8.2061
vt -39.4966 8.2061
vt -35.3802 8.1285
vt -35.3802 8.2061
vt -35.3766 8.2061
vt -34.6087 8.1265
vt -34.6087 8.2061
vt -34.6115 8.2061
vt -31.6021 7.9972
vt -31.6021 8.2061
vt -31.6420 8.2061
vt -32.5513 7.9997
vt -32.5513 8.2061
vt -32.5834 8.2061
vt -35.3802 8.0070
vt -35.3802 8.2061
vt -35.3889 8.2061
vt -36.7674 8.0107
vt -36.7674 8.2061
vt -36.7646 8.2061
vt -31.1811 7.7672
vt -29.1822 7.3135
vt -29.1822 7.8297
vt -31.1811 7.8297
vt -31.1605 7.8297
vt -29.1848 7.8297
vt -29.1692 7.3106
vt -29.1692 7.8297
vt -29.1719 7.8297
vt -29.1593 7.3103
vt -29.1593 7.8297
vt -29.1622 7.8297
vt -29.1302 7.3096
vt -29.1302 7.8297
vt -29.1335 7.8297
vt -26.2972 7.3521
vt -26.2972 7.8297
vt -26.3371 7.8297
vt -28.5174 7.7672
vt -28.5174 7.8297
vt -28.5315 7.8297
vt -30.1635 7.5297
vt -29.6678 7.4172
vt -29.6678 7.6422
vt -30.1635 7.6422
vt -30.1485 7.6422
vt -29.6626 7.6422
vt -29.2576 7.3241
vt -29.2576 7.5297
vt -29.6678 7.5297
vt -29.6626 7.5297
vt -29.2606 7.5297
vt -29.1721 7.3047
vt -29.1721 7.5297
vt -29.1768 7.5297
vt -29.1643 7.3029
vt -29.1643 7.4172
vt -29.1721 7.4172
vt -29.1768 7.4172
vt -29.1692 7.4172
vt -29.1302 7.3021
vt -29.1302 7.4172
vt -29.1358 7.4172
vt -29.0937 7.3026
vt -29.0937 7.4172
vt -29.1001 7.4172
vt -28.9556 7.3047
vt -28.9556 7.4172
vt -28.9651 7.4172
vt -26.2274 7.3456
vt -26.2274 7.5297
vt -28.9556 7.5297
vt -28.9651 7.5297
vt -26.2972 7.5297
vt -26.6101 7.4172
vt -26.6101 7.5297
vt -26.6723 7.5297
vt -27.2119 7.5297
vt -27.2119 7.6422
vt -26.6101 7.6422
vt -26.6723 7.6422
vt -27.2621 7.6422
vt -30.1485 7.5297
vt -27.2621 7.5297
vt -24.6772 6.5808
vt -22.8802 6.4444
vt -22.8802 6.6433
vt -24.6772 6.6433
vt -24.6498 6.6433
vt -22.8676 6.6433
vt -22.5141 6.4166
vt -22.5141 6.6433
vt -22.5045 6.6433
vt -21.0960 6.3089
vt -21.0960 6.6433
vt -21.0981 6.6433
vt -19.9532 6.3142
vt -19.9532 6.6433
vt -19.9832 6.6433
vt -19.5466 6.3160
vt -19.5466 6.6433
vt -19.5866 6.6433
vt -22.8802 6.5691
vt -22.8802 6.6433
vt -22.8926 6.6433
vt -23.0348 6.5808
vt -23.0348 6.6433
vt -23.0459 6.6433
vt -21.5834 6.3433
vt -21.0922 6.3060
vt -21.0922 6.4558
vt -21.5834 6.4558
vt -21.5802 6.4558
vt -21.0960 6.4558
vt -19.8866 6.3115
vt -19.8866 6.4558
vt -19.9398 6.4558
vt -19.4768 6.3134
vt -19.4768 6.4558
vt -19.5466 6.4558
vt -19.8710 6.3433
vt -19.8710 6.4558
vt -19.9352 6.4558
vt -21.5802 6.3433
vt -19.9352 6.3433
vt -29.6002 7.8814
vt -29.1302 7.8005
vt -29.1302 7.9439
vt -29.6002 7.9439
vt -29.6149 7.9439
vt -29.1514 7.9439
vt -27.7619 7.4557
vt -27.7619 7.9439
vt -27.8018 7.9439
vt -29.1302 7.5795
vt -29.1302 7.9439
vt -29.1299 7.9439
vt -29.2133 7.5803
vt -29.2133 7.9439
vt -29.2105 7.9439
vt -30.9635 7.8814
vt -30.9635 7.9439
vt -30.9368 7.9439
vt -28.4846 7.6438
vt -28.0382 7.5313
vt -28.0382 7.7564
vt -28.4846 7.7564
vt -28.5359 7.7564
vt -28.0999 7.7564
vt -27.6920 7.4441
vt -27.6920 7.6438
vt -28.0382 7.6438
vt -28.0999 7.6438
vt -27.7619 7.6438
vt -28.6565 7.5313
vt -28.6565 7.6438
vt -28.6791 7.6438
vt -29.1302 7.5742
vt -29.1302 7.7564
vt -28.6565 7.7564
vt -28.6791 7.7564
vt -29.1296 7.7564
vt -29.2182 7.5751
vt -29.2182 7.7564
vt -29.2133 7.7564
vt -29.6178 7.6438
vt -29.6178 7.7564
vt -29.6036 7.7564
vt -28.5359 7.6438
vt -29.6036 7.6438
vt -21.2560 6.3735
vt -19.8758 6.3162
vt -19.8758 6.4360
vt -21.2560 6.4360
vt -21.2433 6.4360
vt -19.8774 6.4360
vt -19.7539 6.3062
vt -19.7539 6.4360
vt -19.7581 6.4360
vt -18.1121 6.1036
vt -18.1121 6.4360
vt -18.1521 6.4360
vt -19.5716 6.1665
vt -19.5716 6.4360
vt -19.5964 6.4360
vt -21.2933 6.2408
vt -21.2933 6.4360
vt -21.3001 6.4360
vt -22.1051 6.3071
vt -22.1051 6.4360
vt -22.1035 6.4360
vt -22.6515 6.3735
vt -22.6515 6.4360
vt -22.6380 6.4360
vt -18.3511 6.1360
vt -18.0422 6.0979
vt -18.0422 6.2485
vt -18.3511 6.2485
vt -18.4097 6.2485
vt -18.1121 6.2485
vt -18.9260 6.1360
vt -18.9260 6.2485
vt -18.9801 6.2485
vt -18.4097 6.1360
vt -18.9801 6.1360
vt -41.3203 8.0672
vt -40.7317 8.1317
vt -40.7317 8.1942
vt -41.3203 8.1942
vt -41.2804 8.1942
vt -40.7108 8.1942
vt -39.8033 8.1317
vt -36.8048 8.0027
vt -36.8048 8.1942
vt -39.8033 8.1942
vt -39.8083 8.1942
vt -36.8447 8.1942
vt -37.1920 8.0037
vt -37.1920 8.1942
vt -37.2195 8.1942
vt -38.1282 7.9012
vt -38.1282 8.1942
vt -38.1254 8.1942
vt -31.4391 6.8287
vt -29.3177 6.9069
vt -29.3177 6.9836
vt -31.4391 6.9836
vt -31.3991 6.9836
vt -29.3194 6.9836
vt -29.1302 6.8987
vt -29.1302 6.9836
vt -29.1391 6.9836
vt -28.3209 6.7989
vt -28.3209 6.9836
vt -28.3609 6.9836
vt -29.1302 6.8338
vt -29.1302 6.9836
vt -29.1543 6.9836
vt -30.4422 6.7854
vt -30.4422 6.9836
vt -30.4406 6.9836
vt -28.2224 7.0969
vt -26.7128 6.8104
vt -26.7128 7.1594
vt -28.2224 7.1594
vt -28.1949 7.1594
vt -26.7150 7.1594
vt -25.3524 6.8259
vt -25.3524 7.1594
vt -25.3924 7.1594
vt -26.4949 7.0427
vt -26.4949 7.1594
vt -26.5125 7.1594
vt -26.7803 7.0969
vt -26.7803 7.1594
vt -26.7922 7.1594
vt -27.0059 6.8594
vt -26.7090 6.8030
vt -26.7090 6.9719
vt -27.0059 6.9719
vt -26.9998 6.9719
vt -26.7128 6.9719
vt -25.2826 6.8193
vt -25.2826 6.9719
vt -25.3524 6.9719
vt -25.4937 6.8594
vt -25.4937 6.9719
vt -25.5566 6.9719
vt -26.9998 6.8594
vt -25.5566 6.8594
vt -40.6879 7.5925
vt -39.4655 7.7484
vt -39.4655 7.8109
vt -40.6879 7.8109
vt -40.6479 7.8109
vt -39.4479 7.8109
vt -35.9634 7.7484
vt -35.4610 7.7126
vt -35.4610 7.8109
vt -35.9634 7.8109
vt -35.9966 7.8109
vt -35.5009 7.8109
vt -37.5453 7.4427
vt -37.5453 7.8109
vt -37.5471 7.8109
vt -38.7404 7.5280
vt -38.7404 7.8109
vt -38.7263 7.8109
vt -36.9620 7.5109
vt -37.5422 7.4358
vt -37.5422 7.6234
vt -36.9620 7.6234
vt -36.9832 7.6234
vt -37.5453 7.6234
vt -38.5944 7.5109
vt -38.5944 7.6234
vt -38.5736 7.6234
vt -36.9832 7.5109
vt -38.5736 7.5109
vt -16.1108 6.1813
vt -13.2995 6.1813
vt -13.2995 6.3187
vt -16.1108 6.3187
vt -16.0725 6.3187
vt -13.2845 6.3187
vt -12.8649 6.1813
vt -12.8649 6.3187
vt -12.8534 6.3187
vt -11.3669 6.1813
vt -11.3669 6.3187
vt -11.3919 6.3187
vt -10.8230 6.1813
vt -10.8230 6.3187
vt -10.8613 6.3187
vt -10.9978 6.1813
vt -10.9978 6.3187
vt -11.0347 6.3187
vt -14.0316 6.0773
vt -14.0316 6.3187
vt -14.0434 6.3187
vt -14.0689 6.0760
vt -14.0689 6.3187
vt -14.0804 6.3187
vt -14.1973 6.0839
vt -14.1973 6.3187
vt -14.2057 6.3187
vt -15.7785 6.1813
vt -15.7785 6.3187
vt -15.7483 6.3187
vt -27.0944 6.9704
vt -25.8831 6.6715
vt -25.8831 7.0329
vt -27.0944 7.0329
vt -27.0983 7.0329
vt -25.9205 7.0329
vt -25.7893 6.6601
vt -25.7893 7.0329
vt -25.8293 7.0329
vt -27.5414 6.8030
vt -27.5414 7.0329
vt -27.5398 7.0329
vt -27.5695 6.8064
vt -27.5695 7.0329
vt -27.5671 7.0329
vt -28.2341 6.9704
vt -28.2341 7.0329
vt -28.2134 7.0329
vt -26.1083 6.7329
vt -25.8481 6.6687
vt -25.8481 6.8454
vt -26.1083 6.8454
vt -26.1603 6.8454
vt -25.9121 6.8454
vt -25.7193 6.6530
vt -25.7193 6.8454
vt -25.7893 6.8454
vt -26.6988 6.7329
vt -26.6988 6.8454
vt -26.7297 6.8454
vt -26.1603 6.7329
vt -26.7297 6.7329
vt -17.1912 6.2261
vt -16.6302 6.1813
vt -16.6302 6.3187
vt -17.1912 6.3187
vt -17.1513 6.3187
vt -16.5979 6.3187
vt -14.7692 6.1813
vt -14.7692 6.3187
vt -14.7619 6.3187
vt -14.4750 6.1684
vt -14.4750 6.3187
vt -14.4716 6.3187
vt -13.4159 6.1651
vt -13.4159 6.3187
vt -13.4558 6.3187
vt -13.7857 6.1813
vt -13.7857 6.3187
vt -13.8206 6.3187
vt -16.1322 6.1813
vt -16.1322 6.3187
vt -16.1355 6.3187
vt -16.6302 6.1813
vt -16.6302 6.3187
vt -16.6132 6.3187
vt -17.5677 6.2562
vt -16.6302 6.1813
vt -16.6302 6.3187
vt -17.5677 6.3187
vt -17.5437 6.3187
vt -16.6209 6.3187
vt -16.4821 6.1813
vt -16.4821 6.3187
vt -16.4752 6.3187
vt -16.3433 6.1755
vt -16.3433 6.3187
vt -16.3386 6.3187
vt -16.1252 6.1665
vt -16.1252 6.3187
vt -16.1239 6.3187
vt -15.8767 6.1662
vt -15.8767 6.3187
vt -15.8823 6.3187
vt -14.6391 6.1646
vt -14.6391 6.3187
vt -14.6790 6.3187
vt -15.0413 6.1813
vt -15.0413 6.3187
vt -15.0750 6.3187
vt -16.6302 6.1813
vt -16.6302 6.3187
vt -16.6389 6.3187
vt -17.0950 6.2184
vt -17.0950 6.3187
vt -17.0963 6.3187
vt -17.5677 6.2562
vt -17.5677 6.3187
vt -17.5559 6.3187
vt -14.1740 5.8422
vt -11.8158 5.7516
vt -11.8158 5.9361
vt -14.1740 5.9361
vt -14.1340 5.9361
vt -11.8174 5.9361
vt -10.3802 5.7540
vt -10.3802 5.9361
vt -10.4092 5.9361
vt -9.8009 5.7550
vt -9.8009 5.9361
vt -9.8408 5.9361
vt -10.3802 5.7773
vt -10.3802 5.9361
vt -10.4100 5.9361
vt -11.9527 5.8377
vt -11.9527 5.9361
vt -11.9547 5.9361
vt -12.1591 5.8456
vt -12.1591 5.9361
vt -12.1575 5.9361
vt -12.3344 5.8453
vt -12.3344 5.9361
vt -12.3295 5.9361
vt -20.5197 6.2378
vt -19.8352 6.1813
vt -19.8352 6.3003
vt -20.5197 6.3003
vt -20.4868 6.3003
vt -19.8101 6.3003
vt -17.6943 6.0927
vt -17.6943 6.3003
vt -17.6929 6.3003
vt -16.6302 6.0914
vt -16.6302 6.3003
vt -16.6464 6.3003
vt -15.1838 6.0896
vt -15.1838 6.3003
vt -15.2238 6.3003
vt -16.6302 6.1493
vt -16.6302 6.3003
vt -16.6541 6.3003
vt -17.4015 6.1813
vt -17.4015 6.3003
vt -17.4167 6.3003
vt -18.0859 6.2378
vt -18.0859 6.3003
vt -18.0935 6.3003
vt -17.0841 5.9606
vt -16.6302 5.9055
vt -16.6302 6.0274
vt -17.0841 6.0274
vt -17.0441 6.0274
vt -16.6013 6.0274
vt -15.4984 5.8587
vt -15.4984 6.0274
vt -15.4971 6.0274
vt -14.7955 5.8579
vt -14.7955 6.0274
vt -14.8057 6.0274
vt -12.9802 5.8556
vt -12.9802 6.0274
vt -13.0202 6.0274
vt -13.1058 5.8608
vt -13.1058 6.0274
vt -13.1427 6.0274
vt -14.5659 5.9211
vt -14.5659 6.0274
vt -14.5672 6.0274
vt -16.2294 5.9232
vt -16.2294 6.0274
vt -16.2034 6.0274
vt -16.4364 5.9235
vt -16.4364 6.0274
vt -16.4070 6.0274
vt -16.6302 5.9238
vt -16.6302 6.0274
vt -16.5976 6.0274
vt -23.2824 6.2177
vt -22.8802 6.1872
vt -22.8802 6.2802
vt -23.2824 6.2802
vt -23.2496 6.2802
vt -22.8510 6.2802
vt -22.8019 6.1813
vt -22.8019 6.2802
vt -22.7733 6.2802
vt -22.7147 6.1779
vt -22.7147 6.2802
vt -22.6869 6.2802
vt -19.3418 6.0499
vt -19.3418 6.2802
vt -19.3439 6.2802
vt -16.8619 6.0556
vt -16.8619 6.2802
vt -16.9018 6.2802
vt -17.1574 6.0668
vt -17.1574 6.2802
vt -17.1947 6.2802
vt -20.1731 6.1813
vt -20.1731 6.2802
vt -20.1836 6.2802
vt -20.6536 6.2177
vt -20.6536 6.2802
vt -20.6599 6.2802
vt -16.6074 6.1577
vt -13.8421 6.0433
vt -13.8421 6.2353
vt -16.6074 6.2353
vt -16.5674 6.2353
vt -13.8408 6.2353
vt -13.1600 6.0424
vt -13.1600 6.2353
vt -13.1653 6.2353
vt -10.3802 6.0389
vt -10.3802 6.2353
vt -10.4123 6.2353
vt -9.5565 6.0379
vt -9.5565 6.2353
vt -9.5965 6.2353
vt -9.6448 6.0415
vt -9.6448 6.2353
vt -9.6835 6.2353
vt -10.3802 6.0720
vt -10.3802 6.2353
vt -10.4086 6.2353
vt -12.3218 6.1522
vt -12.3218 6.2353
vt -12.3232 6.2353
vt -15.3719 6.1561
vt -15.3719 6.2353
vt -15.3438 6.2353
vt -16.0216 6.1569
vt -16.0216 6.2353
vt -15.9872 6.2353
vt -1.7246 5.6890
vt -1.5649 5.6813
vt -1.5649 5.7815
vt -1.7246 5.7815
vt -1.6852 5.7815
vt -1.5290 5.7815
vt -0.2289 5.6165
vt -0.2289 5.7815
vt -0.2220 5.7815
vt 2.1198 5.6025
vt 2.1198 5.7815
vt 2.0897 5.7815
vt 2.7105 5.5990
vt 2.7105 5.7815
vt 2.6711 5.7815
vt 2.1198 5.6276
vt 2.1198 5.7815
vt 2.0932 5.7815
vt 1.2148 5.6715
vt 1.2148 5.7815
vt 1.2079 5.7815
vt -0.4235 5.6813
vt -0.4235 5.7815
vt -0.4045 5.7815
vt -8.8433 5.7649
vt -6.8205 5.6813
vt -6.8205 5.8514
vt -8.8433 5.8514
vt -8.8033 5.8514
vt -6.8127 5.8514
vt -6.4115 5.6474
vt -6.4115 5.8514
vt -6.4102 5.8514
vt -5.3485 5.6448
vt -5.3485 5.8514
vt -5.3885 5.8514
vt -5.7900 5.6813
vt -5.7900 5.8514
vt -5.8230 5.8514
vt -7.3450 5.7455
vt -7.3450 5.8514
vt -7.3532 5.8514
vt -7.7803 5.7636
vt -7.7803 5.8514
vt -7.7815 5.8514
vt -8.2761 5.7642
vt -8.2761 5.8514
vt -8.2582 5.8514
vt -2.2692 5.5675
vt 0.6034 5.4779
vt 0.6034 5.6805
vt -2.2692 5.6805
vt -2.2295 5.6805
vt 0.5985 5.6805
vt 0.7565 5.4858
vt 0.7565 5.6805
vt 0.7494 5.6805
vt 2.1198 5.4935
vt 2.1198 5.6805
vt 2.0935 5.6805
vt 3.0675 5.4989
vt 3.0675 5.6805
vt 3.0278 5.6805
vt 2.1198 5.5326
vt 2.1198 5.6805
vt 2.0948 5.6805
vt 0.6027 5.5866
vt 0.6027 5.6805
vt 0.6013 5.6805
vt 0.1948 5.6011
vt 0.1948 5.6805
vt 0.1998 5.6805
vt -0.0527 5.5997
vt -0.0527 5.6805
vt -0.0443 5.6805
vt -1.8383 5.5896
vt -1.8383 5.6805
vt -1.8047 5.6805
vt 0.2219 5.4281
vt 1.2445 5.3962
vt 1.2445 5.5778
vt 0.2219 5.5778
vt 0.2616 5.5778
vt 1.2619 5.5778
vt 2.1198 5.2755
vt 2.1198 5.5778
vt 2.1182 5.5778
vt 2.2746 5.2418
vt 2.2746 5.5778
vt 2.2696 5.5778
vt 2.9416 5.2340
vt 2.9416 5.5778
vt 2.9295 5.5778
vt 3.5818 5.2558
vt 3.5818 5.5778
vt 3.5629 5.5778
vt 5.5252 5.3219
vt 5.5252 5.5778
vt 5.4855 5.5778
vt 5.0132 5.4313
vt 5.0132 5.5778
vt 4.9846 5.5778
vt 3.4725 5.4861
vt 3.4725 5.5778
vt 3.4774 5.5778
vt 2.1198 5.4784
vt 2.1198 5.5778
vt 2.1392 5.5778
vt 1.0874 5.4726
vt 1.0874 5.5778
vt 1.1179 5.5778
vt 0.2831 5.4313
vt 0.2831 5.5778
vt 0.3222 5.5778
vt 2.0576 5.2778
vt 2.1198 5.2692
vt 2.1198 5.3903
vt 2.0576 5.3903
vt 2.0572 5.3903
vt 2.1172 5.3903
vt 2.2832 5.2336
vt 2.2832 5.3903
vt 2.2746 5.3903
vt 2.9768 5.2255
vt 2.9768 5.3903
vt 2.9555 5.3903
vt 3.6445 5.2483
vt 3.6445 5.3903
vt 3.6109 5.3903
vt 4.5128 5.2778
vt 4.5128 5.3903
vt 4.4632 5.3903
vt 2.0572 5.2778
vt 4.4632 5.2778
vt -11.5209 6.1391
vt -10.3802 6.1046
vt -10.3802 6.2421
vt -11.5209 6.2421
vt -11.4829 6.2421
vt -10.3603 6.2421
vt -8.3556 6.0433
vt -8.3556 6.2421
vt -8.3678 6.2421
vt -7.3908 6.0617
vt -7.3908 6.2421
vt -7.4207 6.2421
vt -6.9464 6.0439
vt -6.9464 6.2421
vt -6.9845 6.2421
vt -9.6362 6.1515
vt -9.6362 6.2421
vt -9.6315 6.2421
vt -10.1118 6.1659
vt -10.1118 6.2421
vt -10.0995 6.2421
vt -10.3802 6.1608
vt -10.3802 6.2421
vt -10.3630 6.2421
vt -4.0242 5.7904
vt -2.0711 5.7096
vt -2.0711 5.8868
vt -4.0242 5.8868
vt -3.9842 5.8868
vt -2.0698 5.8868
vt -1.0081 5.7083
vt -1.0081 5.8868
vt -1.0481 5.8868
vt -2.6742 5.7771
vt -2.6742 5.8868
vt -2.6811 5.8868
vt -2.9612 5.7890
vt -2.9612 5.8868
vt -2.9625 5.8868
vt -3.2882 5.7894
vt -3.2882 5.8868
vt -3.2768 5.8868
vt 8.7462 5.1583
vt 9.7072 5.0568
vt 9.7072 5.5564
vt 8.7462 5.5564
vt 8.7603 5.5564
vt 9.6808 5.5564
vt 9.9667 5.0218
vt 9.9667 5.5564
vt 9.9293 5.5564
vt 9.4140 5.2433
vt 9.4140 5.5564
vt 9.3845 5.5564
vt 9.0884 5.3738
vt 9.0884 5.5564
vt 9.0637 5.5564
vt 8.3698 5.4774
vt 8.3698 5.5564
vt 8.3555 5.5564
vt 8.3544 5.4783
vt 8.3544 5.5564
vt 8.3403 5.5564
vt 7.1339 5.4917
vt 7.1339 5.5564
vt 7.1713 5.5564
vt 7.5893 5.4625
vt 7.5893 5.5564
vt 7.6201 5.5564
vt 7.9429 5.4398
vt 7.9429 5.5564
vt 7.9686 5.5564
vt 8.0760 5.4313
vt 8.0760 5.5564
vt 8.0998 5.5564
vt 8.3698 5.3182
vt 8.3698 5.5564
vt 8.3893 5.5564
vt 8.7215 5.1544
vt 8.8211 5.1438
vt 8.8211 5.3689
vt 8.7215 5.3689
vt 8.7462 5.3689
vt 8.8389 5.3689
vt 9.7446 5.0463
vt 9.7446 5.2564
vt 8.8211 5.2564
vt 8.8389 5.2564
vt 9.6989 5.2564
vt 9.8556 5.0313
vt 9.8556 5.2564
vt 9.8022 5.2564
vt 10.0322 5.0076
vt 10.0322 5.1438
vt 9.8556 5.1438
vt 9.8022 5.1438
vt 9.9667 5.1438
vt 9.9728 5.0313
vt 9.9728 5.1438
vt 9.9088 5.1438
vt 9.6921 5.1438
vt 9.6921 5.2564
vt 9.9728 5.2564
vt 9.9088 5.2564
vt 9.6350 5.2564
vt 9.4683 5.2335
vt 9.4683 5.3689
vt 9.6921 5.3689
vt 9.6350 5.3689
vt 9.4168 5.3689
vt 9.4114 5.2564
vt 9.4114 5.3689
vt 9.3612 5.3689
vt 8.4815 5.2564
vt 8.4815 5.3689
vt 8.5120 5.3689
vt 9.3612 5.2564
vt 8.5120 5.2564
vt 1.1659 5.6007
vt 2.0580 5.5575
vt 2.0580 5.6831
vt 1.1659 5.6831
vt 1.2053 5.6831
vt 2.0838 5.6831
vt 2.1198 5.5545
vt 2.1198 5.6831
vt 2.1447 5.6831
vt 3.2998 5.4973
vt 3.2998 5.6831
vt 3.3067 5.6831
vt 4.4339 5.4905
vt 4.4339 5.6831
vt 4.3945 5.6831
vt 3.7517 5.5236
vt 3.7517 5.6831
vt 3.7226 5.6831
vt 2.3000 5.5940
vt 2.3000 5.6831
vt 2.2931 5.6831
vt 2.1198 5.5950
vt 2.1198 5.6831
vt 2.1203 5.6831
vt -3.2072 5.5091
vt -1.1292 5.4313
vt -1.1292 5.6252
vt -3.2072 5.6252
vt -3.1672 5.6252
vt -1.1277 5.6252
vt -0.9834 5.4258
vt -0.9834 5.6252
vt -0.9847 5.6252
vt -0.8554 5.4313
vt -0.8554 5.6252
vt -0.8619 5.6252
vt -0.0357 5.4662
vt -0.0357 5.6252
vt -0.0757 5.6252
vt -2.2594 5.5496
vt -2.2594 5.6252
vt -2.2581 5.6252
vt -2.1146 5.2613
vt -1.0414 5.0964
vt -1.0414 5.3827
vt -2.1146 5.3827
vt -2.0746 5.3827
vt -1.0427 5.3827
vt 1.8018 5.2291
vt 1.8018 5.3827
vt 1.7618 5.3827
vt 1.2092 5.3202
vt 1.2092 5.3827
vt 1.1920 5.3827
vt -0.7422 5.3202
vt -2.0311 5.2652
vt -2.0311 5.3827
vt -0.7422 5.3827
vt -0.7209 5.3827
vt -1.9923 5.3827
vt -10.1758 5.7479
vt -8.5630 5.6813
vt -8.5630 5.8508
vt -10.1758 5.8508
vt -10.1358 5.8508
vt -8.5613 5.8508
vt -8.5466 5.6799
vt -8.5466 5.8508
vt -8.5453 5.8508
vt -7.0501 5.6761
vt -7.0501 5.8508
vt -7.0901 5.8508
vt -7.1122 5.6813
vt -7.1122 5.8508
vt -7.1507 5.8508
vt -8.6793 5.7461
vt -8.6793 5.8508
vt -8.6807 5.8508
vt 5.9606 5.5447
vt 6.8060 5.5038
vt 6.8060 5.6582
vt 5.9606 5.6582
vt 6.0000 5.6582
vt 6.8129 5.6582
vt 8.0095 5.4966
vt 8.0095 5.6582
vt 7.9701 5.6582
vt 7.1642 5.5375
vt 7.1642 5.6582
vt 7.1573 5.6582
vt -3.6347 5.6159
vt -2.7667 5.5727
vt -2.7667 5.7533
vt -3.6347 5.7533
vt -3.5949 5.7533
vt -2.7623 5.7533
vt -2.0176 5.5967
vt -2.0176 5.7533
vt -2.0380 5.7533
vt -1.4271 5.5944
vt -1.4271 5.7533
vt -1.4669 5.7533
vt -2.2951 5.6334
vt -2.2951 5.7533
vt -2.2995 5.7533
vt -3.0034 5.6362
vt -3.0034 5.7533
vt -2.9844 5.7533
vt -2.4211 5.6489
vt -2.3560 5.6458
vt -2.3560 5.7629
vt -2.4211 5.7629
vt -2.3817 5.7629
vt -2.3193 5.7629
vt -1.6245 5.6103
vt -1.6245 5.7629
vt -1.6176 5.7629
vt -0.2184 5.6020
vt -0.2184 5.7629
vt -0.2578 5.7629
vt -0.2562 5.6038
vt -0.2562 5.7629
vt -0.2941 5.7629
vt -1.0151 5.6405
vt -1.0151 5.7629
vt -1.0220 5.7629
vn 0.7499 0.6616 0.0000
vn 0.0000 -0.0000 1.0000
vn 0.9660 0.2587 0.0000
vn 0.1591 0.9873 0.0000
vn 0.9444 -0.3289 0.0000
vn -0.2315 0.9728 0.0000
vn 0.8593 0.5115 0.0000
vn 0.3263 0.9453 0.0000
vn 0.9476 -0.3193 0.0000
vn 0.0302 -0.9995 0.0000
vn 0.3066 0.9518 0.0000
vn 0.9845 -0.1752 0.0000
vn 0.0665 -0.9978 0.0000
vn 0.8427 -0.5384 0.0000
vn -0.4898 -0.8719 0.0000
vn 0.0538 0.9985 0.0000
vn 0.9985 -0.0538 0.0000
vn -0.0538 -0.9985 0.0000
vn -0.9326 0.3610 0.0000
vn 0.8664 -0.4993 0.0000
vn 0.7926 -0.6097 0.0000
vn 0.7192 -0.6948 0.0000
vn 0.8019 0.5974 0.0000
vn 0.8791 0.4767 0.0000
vn 0.9483 0.3175 0.0000
vn -0.9905 -0.1377 0.0000
vn -0.0539 -0.9985 0.0000
vn 0.0538 0.9986 0.0000
vn -0.9985 0.0538 0.0000
vn 0.9992 -0.0407 0.0000
vn -0.0407 -0.9992 0.0000
vn -0.9992 0.0407 0.0000
vn -0.2887 0.9574 0.0000
vn 0.1346 -0.9909 0.0000
vn -0.0320 -0.9995 0.0000
vn -0.4526 -0.8917 0.0000
vn -0.7202 -0.6937 0.0000
vn 0.7767 0.6299 0.0000
vn 0.9047 -0.4261 0.0000
vn 0.7716 -0.6361 0.0000
vn 0.6358 -0.7719 0.0000
vn -0.5557 0.8314 0.0000
vn 0.9981 0.0615 0.0000
vn 0.0615 -0.9981 0.0000
vn -0.9981 -0.0615 0.0000
vn 0.5418 0.8405 0.0000
vn -0.7835 -0.6214 0.0000
vn -0.8600 0.5103 0.0000
vn 0.7215 -0.6924 0.0000
vn 0.5554 -0.8316 0.0000
vn -0.2959 0.9552 0.0000
vn 0.9996 0.0265 0.0000
vn 0.0265 -0.9996 0.0000
vn -0.9996 -0.0265 0.0000
vn 0.4417 0.8971 0.0000
vn -0.6367 -0.7711 0.0000
vn 0.6361 -0.7716 0.0000
vn -0.4214 0.9069 0.0000
vn 0.0093 1.0000 0.0000
vn -0.0093 -1.0000 0.0000
vn -1.0000 0.0093 0.0000
vn 0.8438 -0.5367 0.0000
vn 0.1054 0.9944 0.0000
vn 0.0407 0.9992 0.0000
vn -0.5684 -0.8228 0.0000
vn 0.8302 0.5574 0.0000
vn 0.9887 0.1501 0.0000
vn 0.9314 -0.3640 0.0000
vn -0.7221 0.6918 0.0000
vn -0.9522 0.3054 0.0000
vn 0.7610 0.6488 0.0000
vn -0.7106 -0.7036 0.0000
vn 0.3338 0.9426 0.0000
vn 0.0696 0.9976 0.0000
vn 0.9976 -0.0696 0.0000
vn -0.0696 -0.9976 0.0000
vn -0.9976 0.0696 0.0000
vn -0.8741 0.4857 0.0000
vn 0.7639 -0.6453 0.0000
vn 0.6577 -0.7533 0.0000
vn -0.5967 0.8025 0.0000
vn 0.8238 0.5668 0.0000
vn -0.9308 -0.3655 0.0000
vn -0.7421 0.6703 0.0000
vn -0.7966 -0.6045 0.0000
vn 0.4581 0.8889 0.0000
vn -0.6548 -0.7558 0.0000
vn 0.9468 -0.3219 0.0000
vn -0.5222 0.8528 0.0000
vn 0.5858 0.8105 0.0000
vn -0.8898 -0.4563 0.0000
vn -0.7737 0.6336 0.0000
vn -0.8099 -0.5866 0.0000
vn -0.0451 0.9990 0.0000
vn 0.9990 0.0451 0.0000
vn 0.0451 -0.9990 0.0000
vn -0.9990 -0.0451 0.0000
vn 0.9262 -0.3770 0.0000
vn -0.3689 0.9295 0.0000
vn -0.2872 0.9579 0.0000
vn 0.9579 0.2872 0.0000
vn 0.2872 -0.9579 0.0000
vn -0.9579 -0.2872 0.0000
vn 0.4589 0.8885 0.0000
vn -0.9935 0.1137 0.0000
vn -0.0842 0.9964 0.0000
vn 0.9964 0.0842 0.0000
vn 0.0842 -0.9964 0.0000
vn -0.9965 -0.0842 0.0000
vn -0.0326 0.9995 0.0000
vn 0.9995 0.0326 0.0000
vn 0.0326 -0.9995 0.0000
vn -0.9995 -0.0326 0.0000
vn 0.0409 0.9992 0.0000
vn 0.9992 -0.0408 0.0000
vn -0.0409 -0.9992 0.0000
vn -0.9992 0.0408 0.0000
vn -0.1722 0.9851 0.0000
vn 0.9851 0.1722 0.0000
vn 0.1722 -0.9851 0.0000
vn -0.9851 -0.1722 0.0000
vn 0.1232 0.9924 0.0000
vn 0.9924 -0.1232 0.0000
vn -0.1232 -0.9924 0.0000
vn -0.9924 0.1232 0.0000
vn -0.7031 0.7111 0.0000
vn -0.4414 -0.8973 0.0000
vn 0.3068 0.9518 0.0000
vn 0.9518 -0.3068 0.0000
vn -0.3068 -0.9518 0.0000
vn -0.9518 0.3068 0.0000
vn 0.9359 0.3523 0.0000
vn 0.3523 -0.9359 0.0000
vn -0.9359 -0.3523 0.0000
vn -0.3523 0.9359 0.0000
vn 0.8740 -0.4859 0.0000
vn -0.2676 -0.9635 0.0000
vn 0.4463 0.8949 0.0000
vn 0.6279 0.7783 0.0000
vn -0.8231 -0.5679 0.0000
vn -0.9671 0.2543 0.0000
vn 0.0324 0.9995 0.0000
vn 0.9995 -0.0324 0.0000
vn -0.0324 -0.9995 0.0000
vn -0.9995 0.0324 0.0000
vn 0.9851 0.1721 0.0000
vn -0.1084 0.9941 0.0000
vn 0.9941 0.1084 0.0000
vn 0.1084 -0.9941 0.0000
vn -0.9941 -0.1084 0.0000
f 1/1/1 3/3/1 2/2/1
f 1/1/1 4/4/1 3/3/1
f 5/5/2 6/6/2 3/3/2
f 5/5/2 3/3/2 4/4/2
f 2/2/1 8/8/1 7/7/1
f 2/2/1 3/3/1 8/8/1
f 6/6/2 9/9/2 8/8/2
f 6/6/2 8/8/2 3/3/2
f 7/7/1 11/11/1 10/10/1
f 7/7/1 8/8/1 11/11/1
f 9/9/2 12/12/2 11/11/2
f 9/9/2 11/11/2 8/8/2
f 10/10/1 14/14/1 13/13/1
f 10/10/1 11/11/1 14/14/1
f 12/12/2 15/15/2 14/14/2
f 12/12/2 14/14/2 11/11/2
f 13/13/3 17/17/3 16/16/3
f 13/13/3 14/14/3 17/17/3
f 15/15/2 18/18/2 17/17/2
f 15/15/2 17/17/2 14/14/2
f 16/16/3 20/20/3 19/19/3
f 16/16/3 17/17/3 20/20/3
f 18/18/2 21/21/2 20/20/2
f 18/18/2 20/20/2 17/17/2
f 22/22/4 24/24/4 23/23/4
f 22/22/4 25/25/4 24/24/4
f 26/26/2 27/27/2 24/24/2
f 26/26/2 24/24/2 25/25/2
f 23/23/5 29/29/5 28/28/5
f 23/23/5 24/24/5 29/29/5
f 27/27/2 30/30/2 29/29/2
f 27/27/2 29/29/2 24/24/2
f 28/28/5 32/32/5 31/31/5
f 28/28/5 29/29/5 32/32/5
f 30/30/2 33/33/2 32/32/2
f 30/30/2 32/32/2 29/29/2
f 31/31/5 35/35/5 34/34/5
f 31/31/5 32/32/5 35/35/5
f 33/33/2 36/36/2 35/35/2
f 33/33/2 35/35/2 32/32/2
f 34/34/5 38/38/5 37/37/5
f 34/34/5 35/35/5 38/38/5
f 36/36/2 39/39/2 38/38/2
f 36/36/2 38/38/2 35/35/2
f 37/37/5 41/41/5 40/40/5
f 37/37/5 38/38/5 41/41/5
f 39/39/2 42/42/2 41/41/2
f 39/39/2 41/41/2 38/38/2
f 43/43/6 45/45/6 44/44/6
f 43/43/6 46/46/6 45/45/6
f 47/47/2 48/48/2 45/45/2
f 47/47/2 45/45/2 46/46/2
f 44/44/7 50/50/7 49/49/7
f 44/44/7 45/45/7 50/50/7
f 48/48/2 51/51/2 50/50/2
f 48/48/2 50/50/2 45/45/2
f 49/49/7 53/53/7 52/52/7
f 49/49/7 50/50/7 53/53/7
f 51/51/2 54/54/2 53/53/2
f 51/51/2 53/53/2 50/50/2
f 55/55/8 57/57/8 56/56/8
f 55/55/8 58/58/8 57/57/8
f 59/59/2 60/60/2 57/57/2
f 59/59/2 57/57/2 58/58/2
f 56/56/9 62/62/9 61/61/9
f 56/56/9 57/57/9 62/62/9
f 60/60/2 63/63/2 62/62/2
f 60/60/2 62/62/2 57/57/2
f 61/61/9 65/65/9 64/64/9
f 61/61/9 62/62/9 65/65/9
f 63/63/2 66/66/2 65/65/2
f 63/63/2 65/65/2 62/62/2
f 64/64/10 68/68/10 67/67/10
f 64/64/10 65/65/10 68/68/10
f 66/66/2 69/69/2 68/68/2
f 66/66/2 68/68/2 65/65/2
f 70/70/11 72/72/11 71/71/11
f 70/70/11 73/73/11 72/72/11
f 74/74/2 75/75/2 72/72/2
f 74/74/2 72/72/2 73/73/2
f 71/71/12 77/77/12 76/76/12
f 71/71/12 72/72/12 77/77/12
f 75/75/2 78/78/2 77/77/2
f 75/75/2 77/77/2 72/72/2
f 76/76/12 80/80/12 79/79/12
f 76/76/12 77/77/12 80/80/12
f 78/78/2 81/81/2 80/80/2
f 78/78/2 80/80/2 77/77/2
f 79/79/12 83/83/12 82/82/12
f 79/79/12 80/80/12 83/83/12
f 81/81/2 84/84/2 83/83/2
f 81/81/2 83/83/2 80/80/2
f 82/82/13 86/86/13 85/85/13
f 82/82/13 83/83/13 86/86/13
f 84/84/2 87/87/2 86/86/2
f 84/84/2 86/86/2 83/83/2
f 88/88/14 90/90/14 89/89/14
f 88/88/14 91/91/14 90/90/14
f 92/92/2 93/93/2 90/90/2
f 92/92/2 90/90/2 91/91/2
f 89/89/14 95/95/14 94/94/14
f 89/89/14 90/90/14 95/95/14
f 93/93/2 96/96/2 95/95/2
f 93/93/2 95/95/2 90/90/2
f 94/94/15 98/98/15 97/97/15
f 94/94/15 95/95/15 98/98/15
f 96/96/2 99/99/2 98/98/2
f 96/96/2 98/98/2 95/95/2
f 100/100/16 102/102/16 101/101/16
f 100/100/16 103/103/16 102/102/16
f 104/104/2 105/105/2 102/102/2
f 104/104/2 102/102/2 103/103/2
f 101/101/17 107/107/17 106/106/17
f 101/101/17 102/102/17 107/107/17
f 105/105/2 108/108/2 107/107/2
f 105/105/2 107/107/2 102/102/2
f 106/106/17 110/110/17 109/109/17
f 106/106/17 107/107/17 110/110/17
f 108/108/2 111/111/2 110/110/2
f 108/108/2 110/110/2 107/107/2
f 109/109/17 113/113/17 112/112/17
f 109/109/17 110/110/17 113/113/17
f 111/111/2 114/114/2 113/113/2
f 111/111/2 113/113/2 110/110/2
f 112/112/18 116/116/18 115/115/18
f 112/112/18 113/113/18 116/116/18
f 114/114/2 117/117/2 116/116/2
f 114/114/2 116/116/2 113/113/2
f 115/115/18 119/119/18 118/118/18
f 115/115/18 116/116/18 119/119/18
f 117/117/2 120/120/2 119/119/2
f 117/117/2 119/119/2 116/116/2
f 118/118/18 122/122/18 121/121/18
f 118/118/18 119/119/18 122/122/18
f 120/120/2 123/123/2 122/122/2
f 120/120/2 122/122/2 119/119/2
f 124/124/16 126/126/16 125/125/16
f 124/124/16 127/127/16 126/126/16
f 128/128/2 129/129/2 126/126/2
f 128/128/2 126/126/2 127/127/2
f 125/125/16 131/131/16 130/130/16
f 125/125/16 132/132/16 131/131/16
f 133/133/2 134/134/2 131/131/2
f 133/133/2 131/131/2 132/132/2
f 130/130/16 136/136/16 135/135/16
f 130/130/16 137/137/16 136/136/16
f 138/138/2 139/139/2 136/136/2
f 138/138/2 136/136/2 137/137/2
f 135/135/16 141/141/16 140/140/16
f 135/135/16 142/142/16 141/141/16
f 143/143/2 144/144/2 141/141/2
f 143/143/2 141/141/2 142/142/2
f 140/140/17 146/146/17 145/145/17
f 140/140/17 141/141/17 146/146/17
f 144/144/2 147/147/2 146/146/2
f 144/144/2 146/146/2 141/141/2
f 145/145/17 149/149/17 148/148/17
f 145/145/17 146/146/17 149/149/17
f 147/147/2 150/150/2 149/149/2
f 147/147/2 149/149/2 146/146/2
f 148/148/17 152/152/17 151/151/17
f 148/148/17 149/149/17 152/152/17
f 150/150/2 153/153/2 152/152/2
f 150/150/2 152/152/2 149/149/2
f 151/151/18 155/155/18 154/154/18
f 151/151/18 152/152/18 155/155/18
f 153/153/2 156/156/2 155/155/2
f 153/153/2 155/155/2 152/152/2
f 154/154/18 158/158/18 157/157/18
f 154/154/18 159/159/18 158/158/18
f 160/160/2 161/161/2 158/158/2
f 160/160/2 158/158/2 159/159/2
f 157/157/18 163/163/18 162/162/18
f 157/157/18 164/164/18 163/163/18
f 165/165/2 166/166/2 163/163/2
f 165/165/2 163/163/2 164/164/2
f 162/162/18 168/168/18 167/167/18
f 162/162/18 169/169/18 168/168/18
f 170/170/2 171/171/2 168/168/2
f 170/170/2 168/168/2 169/169/2
f 167/167/18 173/173/18 172/172/18
f 167/167/18 168/168/18 173/173/18
f 171/171/2 174/174/2 173/173/2
f 171/171/2 173/173/2 168/168/2
f 124/124/19 175/175/19 128/128/19
f 124/124/19 128/128/19 127/127/19
f 132/132/20 129/129/20 133/133/20
f 132/132/20 126/126/20 129/129/20
f 137/137/21 134/134/21 138/138/21
f 137/137/21 131/131/21 134/134/21
f 142/142/22 139/139/22 143/143/22
f 142/142/22 136/136/22 139/139/22
f 155/155/23 156/156/23 160/160/23
f 155/155/23 160/160/23 159/159/23
f 158/158/24 161/161/24 165/165/24
f 158/158/24 165/165/24 164/164/24
f 163/163/25 166/166/25 170/170/25
f 163/163/25 170/170/25 169/169/25
f 172/172/26 174/174/26 176/176/26
f 172/172/26 173/173/26 174/174/26
f 177/177/16 179/179/16 178/178/16
f 177/177/16 180/180/16 179/179/16
f 181/181/2 182/182/2 179/179/2
f 181/181/2 179/179/2 180/180/2
f 178/178/16 184/184/16 183/183/16
f 178/178/16 179/179/16 184/184/16
f 182/182/2 185/185/2 184/184/2
f 182/182/2 184/184/2 179/179/2
f 183/183/17 187/187/17 186/186/17
f 183/183/17 184/184/17 187/187/17
f 185/185/2 188/188/2 187/187/2
f 185/185/2 187/187/2 184/184/2
f 186/186/17 190/190/17 189/189/17
f 186/186/17 187/187/17 190/190/17
f 188/188/2 191/191/2 190/190/2
f 188/188/2 190/190/2 187/187/2
f 189/189/27 193/193/27 192/192/27
f 189/189/27 190/190/27 193/193/27
f 191/191/2 194/194/2 193/193/2
f 191/191/2 193/193/2 190/190/2
f 195/195/28 197/197/28 196/196/28
f 195/195/28 198/198/28 197/197/28
f 199/199/2 200/200/2 197/197/2
f 199/199/2 197/197/2 198/198/2
f 196/196/17 202/202/17 201/201/17
f 196/196/17 197/197/17 202/202/17
f 200/200/2 203/203/2 202/202/2
f 200/200/2 202/202/2 197/197/2
f 201/201/17 205/205/17 204/204/17
f 201/201/17 202/202/17 205/205/17
f 203/203/2 206/206/2 205/205/2
f 203/203/2 205/205/2 202/202/2
f 204/204/17 208/208/17 207/207/17
f 204/204/17 205/205/17 208/208/17
f 206/206/2 209/209/2 208/208/2
f 206/206/2 208/208/2 205/205/2
f 207/207/18 211/211/18 210/210/18
f 207/207/18 208/208/18 211/211/18
f 209/209/2 212/212/2 211/211/2
f 209/209/2 211/211/2 208/208/2
f 210/210/18 214/214/18 213/213/18
f 210/210/18 211/211/18 214/214/18
f 212/212/2 215/215/2 214/214/2
f 212/212/2 214/214/2 211/211/2
f 213/213/29 217/217/29 216/216/29
f 213/213/29 214/214/29 217/217/29
f 215/215/2 218/218/2 217/217/2
f 215/215/2 217/217/2 214/214/2
f 216/216/29 198/198/29 195/195/29
f 216/216/29 217/217/29 198/198/29
f 218/218/2 199/199/2 198/198/2
f 218/218/2 198/198/2 217/217/2
f 219/219/30 221/221/30 220/220/30
f 219/219/30 222/222/30 221/221/30
f 223/223/2 224/224/2 221/221/2
f 223/223/2 221/221/2 222/222/2
f 220/220/30 226/226/30 225/225/30
f 220/220/30 221/221/30 226/226/30
f 224/224/2 227/227/2 226/226/2
f 224/224/2 226/226/2 221/221/2
f 225/225/30 229/229/30 228/228/30
f 225/225/30 226/226/30 229/229/30
f 227/227/2 230/230/2 229/229/2
f 227/227/2 229/229/2 226/226/2
f 228/228/31 232/232/31 231/231/31
f 228/228/31 229/229/31 232/232/31
f 230/230/2 233/233/2 232/232/2
f 230/230/2 232/232/2 229/229/2
f 231/231/31 235/235/31 234/234/31
f 231/231/31 232/232/31 235/235/31
f 233/233/2 236/236/2 235/235/2
f 233/233/2 235/235/2 232/232/2
f 234/234/31 238/238/31 237/237/31
f 234/234/31 235/235/31 238/238/31
f 236/236/2 239/239/2 238/238/2
f 236/236/2 238/238/2 235/235/2
f 237/237/32 241/241/32 240/240/32
f 237/237/32 238/238/32 241/241/32
f 239/239/2 242/242/2 241/241/2
f 239/239/2 241/241/2 238/238/2
f 243/243/30 245/245/30 244/244/30
f 243/243/30 246/246/30 245/245/30
f 247/247/2 248/248/2 245/245/2
f 247/247/2 245/245/2 246/246/2
f 244/244/30 250/250/30 249/249/30
f 244/244/30 251/251/30 250/250/30
f 252/252/2 253/253/2 250/250/2
f 252/252/2 250/250/2 251/251/2
f 249/249/30 255/255/30 254/254/30
f 249/249/30 256/256/30 255/255/30
f 257/257/2 258/258/2 255/255/2
f 257/257/2 255/255/2 256/256/2
f 254/254/30 260/260/30 259/259/30
f 254/254/30 255/255/30 260/260/30
f 258/258/2 261/261/2 260/260/2
f 258/258/2 260/260/2 255/255/2
f 259/259/30 263/263/30 262/262/30
f 259/259/30 260/260/30 263/263/30
f 261/261/2 264/264/2 263/263/2
f 261/261/2 263/263/2 260/260/2
f 262/262/30 266/266/30 265/265/30
f 262/262/30 267/267/30 266/266/30
f 268/268/2 269/269/2 266/266/2
f 268/268/2 266/266/2 267/267/2
f 265/265/30 271/271/30 270/270/30
f 265/265/30 272/272/30 271/271/30
f 273/273/2 274/274/2 271/271/2
f 273/273/2 271/271/2 272/272/2
f 270/270/31 276/276/31 275/275/31
f 270/270/31 271/271/31 276/276/31
f 274/274/2 277/277/2 276/276/2
f 274/274/2 276/276/2 271/271/2
f 275/275/31 279/279/31 278/278/31
f 275/275/31 280/280/31 279/279/31
f 281/281/2 282/282/2 279/279/2
f 281/281/2 279/279/2 280/280/2
f 278/278/31 284/284/31 283/283/31
f 278/278/31 279/279/31 284/284/31
f 282/282/2 285/285/2 284/284/2
f 282/282/2 284/284/2 279/279/2
f 283/283/31 287/287/31 286/286/31
f 283/283/31 288/288/31 287/287/31
f 289/289/2 290/290/2 287/287/2
f 289/289/2 287/287/2 288/288/2
f 286/286/31 292/292/31 291/291/31
f 286/286/31 287/287/31 292/292/31
f 290/290/2 293/293/2 292/292/2
f 290/290/2 292/292/2 287/287/2
f 291/291/31 295/295/31 294/294/31
f 291/291/31 296/296/31 295/295/31
f 297/297/2 298/298/2 295/295/2
f 297/297/2 295/295/2 296/296/2
f 294/294/31 300/300/31 299/299/31
f 294/294/31 295/295/31 300/300/31
f 298/298/2 301/301/2 300/300/2
f 298/298/2 300/300/2 295/295/2
f 299/299/32 303/303/32 302/302/32
f 299/299/32 300/300/32 303/303/32
f 301/301/2 304/304/2 303/303/2
f 301/301/2 303/303/2 300/300/2
f 302/302/32 306/306/32 305/305/32
f 302/302/32 303/303/32 306/306/32
f 304/304/2 307/307/2 306/306/2
f 304/304/2 306/306/2 303/303/2
f 305/305/32 309/309/32 308/308/32
f 305/305/32 310/310/32 309/309/32
f 311/311/2 312/312/2 309/309/2
f 311/311/2 309/309/2 310/310/2
f 243/243/33 313/313/33 247/247/33
f 243/243/33 247/247/33 246/246/33
f 251/251/34 248/248/34 252/252/34
f 251/251/34 245/245/34 248/248/34
f 256/256/35 253/253/35 257/257/35
f 256/256/35 250/250/35 253/253/35
f 267/267/36 264/264/36 268/268/36
f 267/267/36 263/263/36 264/264/36
f 272/272/37 269/269/37 273/273/37
f 272/272/37 266/266/37 269/269/37
f 276/276/38 277/277/38 281/281/38
f 276/276/38 281/281/38 280/280/38
f 284/284/39 285/285/39 289/289/39
f 284/284/39 289/289/39 288/288/39
f 292/292/40 293/293/40 297/297/40
f 292/292/40 297/297/40 296/296/40
f 306/306/41 307/307/41 311/311/41
f 306/306/41 311/311/41 310/310/41
f 308/308/42 312/312/42 314/314/42
f 308/308/42 309/309/42 312/312/42
f 315/315/43 317/317/43 316/316/43
f 315/315/43 318/318/43 317/317/43
f 319/319/2 320/320/2 317/317/2
f 319/319/2 317/317/2 318/318/2
f 316/316/43 322/322/43 321/321/43
f 316/316/43 317/317/43 322/322/43
f 320/320/2 323/323/2 322/322/2
f 320/320/2 322/322/2 317/317/2
f 321/321/44 325/325/44 324/324/44
f 321/321/44 322/322/44 325/325/44
f 323/323/2 326/326/2 325/325/2
f 323/323/2 325/325/2 322/322/2
f 324/324/45 328/328/45 327/327/45
f 324/324/45 325/325/45 328/328/45
f 326/326/2 329/329/2 328/328/2
f 326/326/2 328/328/2 325/325/2
f 327/327/45 331/331/45 330/330/45
f 327/327/45 328/328/45 331/331/45
f 329/329/2 332/332/2 331/331/2
f 329/329/2 331/331/2 328/328/2
f 333/333/43 335/335/43 334/334/43
f 333/333/43 336/336/43 335/335/43
f 337/337/2 338/338/2 335/335/2
f 337/337/2 335/335/2 336/336/2
f 334/334/43 340/340/43 339/339/43
f 334/334/43 335/335/43 340/340/43
f 338/338/2 341/341/2 340/340/2
f 338/338/2 340/340/2 335/335/2
f 339/339/44 343/343/44 342/342/44
f 339/339/44 340/340/44 343/343/44
f 341/341/2 344/344/2 343/343/2
f 341/341/2 343/343/2 340/340/2
f 342/342/44 346/346/44 345/345/44
f 342/342/44 347/347/44 346/346/44
f 348/348/2 349/349/2 346/346/2
f 348/348/2 346/346/2 347/347/2
f 345/345/44 351/351/44 350/350/44
f 345/345/44 352/352/44 351/351/44
f 353/353/2 354/354/2 351/351/2
f 353/353/2 351/351/2 352/352/2
f 350/350/44 356/356/44 355/355/44
f 350/350/44 351/351/44 356/356/44
f 354/354/2 357/357/2 356/356/2
f 354/354/2 356/356/2 351/351/2
f 355/355/45 359/359/45 358/358/45
f 355/355/45 356/356/45 359/359/45
f 357/357/2 360/360/2 359/359/2
f 357/357/2 359/359/2 356/356/2
f 358/358/45 362/362/45 361/361/45
f 358/358/45 359/359/45 362/362/45
f 360/360/2 363/363/2 362/362/2
f 360/360/2 362/362/2 359/359/2
f 361/361/45 365/365/45 364/364/45
f 361/361/45 366/366/45 365/365/45
f 367/367/2 368/368/2 365/365/2
f 367/367/2 365/365/2 366/366/2
f 364/364/45 370/370/45 369/369/45
f 364/364/45 371/371/45 370/370/45
f 372/372/2 373/373/2 370/370/2
f 372/372/2 370/370/2 371/371/2
f 333/333/46 374/374/46 337/337/46
f 333/333/46 337/337/46 336/336/46
f 347/347/47 344/344/47 348/348/47
f 347/347/47 343/343/47 344/344/47
f 352/352/48 349/349/48 353/353/48
f 352/352/48 346/346/48 349/349/48
f 362/362/49 363/363/49 367/367/49
f 362/362/49 367/367/49 366/366/49
f 365/365/50 368/368/50 372/372/50
f 365/365/50 372/372/50 371/371/50
f 369/369/51 373/373/51 375/375/51
f 369/369/51 370/370/51 373/373/51
f 376/376/52 378/378/52 377/377/52
f 376/376/52 379/379/52 378/378/52
f 380/380/2 381/381/2 378/378/2
f 380/380/2 378/378/2 379/379/2
f 377/377/52 383/383/52 382/382/52
f 377/377/52 378/378/52 383/383/52
f 381/381/2 384/384/2 383/383/2
f 381/381/2 383/383/2 378/378/2
f 382/382/53 386/386/53 385/385/53
f 382/382/53 383/383/53 386/386/53
f 384/384/2 387/387/2 386/386/2
f 384/384/2 386/386/2 383/383/2
f 385/385/53 389/389/53 388/388/53
f 385/385/53 386/386/53 389/389/53
f 387/387/2 390/390/2 389/389/2
f 387/387/2 389/389/2 386/386/2
f 388/388/53 392/392/53 391/391/53
f 388/388/53 389/389/53 392/392/53
f 390/390/2 393/393/2 392/392/2
f 390/390/2 392/392/2 389/389/2
f 391/391/53 395/395/53 394/394/53
f 391/391/53 392/392/53 395/395/53
f 393/393/2 396/396/2 395/395/2
f 393/393/2 395/395/2 392/392/2
f 394/394/54 398/398/54 397/397/54
f 394/394/54 395/395/54 398/398/54
f 396/396/2 399/399/2 398/398/2
f 396/396/2 398/398/2 395/395/2
f 397/397/54 401/401/54 400/400/54
f 397/397/54 398/398/54 401/401/54
f 399/399/2 402/402/2 401/401/2
f 399/399/2 401/401/2 398/398/2
f 400/400/54 404/404/54 403/403/54
f 400/400/54 401/401/54 404/404/54
f 402/402/2 405/405/2 404/404/2
f 402/402/2 404/404/2 401/401/2
f 406/406/52 408/408/52 407/407/52
f 406/406/52 409/409/52 408/408/52
f 410/410/2 411/411/2 408/408/2
f 410/410/2 408/408/2 409/409/2
f 407/407/52 413/413/52 412/412/52
f 407/407/52 414/414/52 413/413/52
f 415/415/2 416/416/2 413/413/2
f 415/415/2 413/413/2 414/414/2
f 412/412/52 418/418/52 417/417/52
f 412/412/52 413/413/52 418/418/52
f 416/416/2 419/419/2 418/418/2
f 416/416/2 418/418/2 413/413/2
f 417/417/53 421/421/53 420/420/53
f 417/417/53 418/418/53 421/421/53
f 419/419/2 422/422/2 421/421/2
f 419/419/2 421/421/2 418/418/2
f 420/420/53 424/424/53 423/423/53
f 420/420/53 421/421/53 424/424/53
f 422/422/2 425/425/2 424/424/2
f 422/422/2 424/424/2 421/421/2
f 423/423/53 427/427/53 426/426/53
f 423/423/53 424/424/53 427/427/53
f 425/425/2 428/428/2 427/427/2
f 425/425/2 427/427/2 424/424/2
f 426/426/53 430/430/53 429/429/53
f 426/426/53 427/427/53 430/430/53
f 428/428/2 431/431/2 430/430/2
f 428/428/2 430/430/2 427/427/2
f 429/429/54 433/433/54 432/432/54
f 429/429/54 430/430/54 433/433/54
f 431/431/2 434/434/2 433/433/2
f 431/431/2 433/433/2 430/430/2
f 432/432/54 436/436/54 435/435/54
f 432/432/54 437/437/54 436/436/54
f 438/438/2 439/439/2 436/436/2
f 438/438/2 436/436/2 437/437/2
f 406/406/55 440/440/55 410/410/55
f 406/406/55 410/410/55 409/409/55
f 414/414/56 411/411/56 415/415/56
f 414/414/56 408/408/56 411/411/56
f 433/433/57 434/434/57 438/438/57
f 433/433/57 438/438/57 437/437/57
f 435/435/58 439/439/58 441/441/58
f 435/435/58 436/436/58 439/439/58
f 442/442/59 444/444/59 443/443/59
f 442/442/59 445/445/59 444/444/59
f 446/446/2 447/447/2 444/444/2
f 446/446/2 444/444/2 445/445/2
f 448/448/60 450/450/60 449/449/60
f 448/448/60 451/451/60 450/450/60
f 452/452/2 453/453/2 450/450/2
f 452/452/2 450/450/2 451/451/2
f 449/449/60 455/455/60 454/454/60
f 449/449/60 450/450/60 455/455/60
f 453/453/2 456/456/2 455/455/2
f 453/453/2 455/455/2 450/450/2
f 454/454/60 458/458/60 457/457/60
f 454/454/60 455/455/60 458/458/60
f 456/456/2 459/459/2 458/458/2
f 456/456/2 458/458/2 455/455/2
f 457/457/61 461/461/61 460/460/61
f 457/457/61 458/458/61 461/461/61
f 459/459/2 462/462/2 461/461/2
f 459/459/2 461/461/2 458/458/2
f 460/460/61 445/445/61 442/442/61
f 460/460/61 461/461/61 445/445/61
f 462/462/2 446/446/2 445/445/2
f 462/462/2 445/445/2 461/461/2
f 463/463/60 465/465/60 464/464/60
f 463/463/60 466/466/60 465/465/60
f 467/467/2 468/468/2 465/465/2
f 467/467/2 465/465/2 466/466/2
f 464/464/60 470/470/60 469/469/60
f 464/464/60 465/465/60 470/470/60
f 468/468/2 471/471/2 470/470/2
f 468/468/2 470/470/2 465/465/2
f 469/469/61 473/473/61 472/472/61
f 469/469/61 470/470/61 473/473/61
f 471/471/2 474/474/2 473/473/2
f 471/471/2 473/473/2 470/470/2
f 472/472/61 476/476/61 475/475/61
f 472/472/61 473/473/61 476/476/61
f 474/474/2 477/477/2 476/476/2
f 474/474/2 476/476/2 473/473/2
f 463/463/62 478/478/62 467/467/62
f 463/463/62 467/467/62 466/466/62
f 475/475/63 477/477/63 479/479/63
f 475/475/63 476/476/63 477/477/63
f 480/480/30 482/482/30 481/481/30
f 480/480/30 483/483/30 482/482/30
f 484/484/2 485/485/2 482/482/2
f 484/484/2 482/482/2 483/483/2
f 481/481/30 487/487/30 486/486/30
f 481/481/30 482/482/30 487/487/30
f 485/485/2 488/488/2 487/487/2
f 485/485/2 487/487/2 482/482/2
f 486/486/30 490/490/30 489/489/30
f 486/486/30 487/487/30 490/490/30
f 488/488/2 491/491/2 490/490/2
f 488/488/2 490/490/2 487/487/2
f 489/489/30 493/493/30 492/492/30
f 489/489/30 490/490/30 493/493/30
f 491/491/2 494/494/2 493/493/2
f 491/491/2 493/493/2 490/490/2
f 492/492/30 496/496/30 495/495/30
f 492/492/30 493/493/30 496/496/30
f 494/494/2 497/497/2 496/496/2
f 494/494/2 496/496/2 493/493/2
f 495/495/30 499/499/30 498/498/30
f 495/495/30 496/496/30 499/499/30
f 497/497/2 500/500/2 499/499/2
f 497/497/2 499/499/2 496/496/2
f 498/498/31 502/502/31 501/501/31
f 498/498/31 499/499/31 502/502/31
f 500/500/2 503/503/2 502/502/2
f 500/500/2 502/502/2 499/499/2
f 501/501/31 505/505/31 504/504/31
f 501/501/31 502/502/31 505/505/31
f 503/503/2 506/506/2 505/505/2
f 503/503/2 505/505/2 502/502/2
f 504/504/31 508/508/31 507/507/31
f 504/504/31 505/505/31 508/508/31
f 506/506/2 509/509/2 508/508/2
f 506/506/2 508/508/2 505/505/2
f 507/507/31 511/511/31 510/510/31
f 507/507/31 508/508/31 511/511/31
f 509/509/2 512/512/2 511/511/2
f 509/509/2 511/511/2 508/508/2
f 510/510/32 514/514/32 513/513/32
f 510/510/32 511/511/32 514/514/32
f 512/512/2 515/515/2 514/514/2
f 512/512/2 514/514/2 511/511/2
f 513/513/32 517/517/32 516/516/32
f 513/513/32 514/514/32 517/517/32
f 515/515/2 518/518/2 517/517/2
f 515/515/2 517/517/2 514/514/2
f 516/516/32 520/520/32 519/519/32
f 516/516/32 517/517/32 520/520/32
f 518/518/2 521/521/2 520/520/2
f 518/518/2 520/520/2 517/517/2
f 519/519/32 523/523/32 522/522/32
f 519/519/32 520/520/32 523/523/32
f 521/521/2 524/524/2 523/523/2
f 521/521/2 523/523/2 520/520/2
f 522/522/32 526/526/32 525/525/32
f 522/522/32 523/523/32 526/526/32
f 524/524/2 527/527/2 526/526/2
f 524/524/2 526/526/2 523/523/2
f 528/528/30 530/530/30 529/529/30
f 528/528/30 531/531/30 530/530/30
f 532/532/2 533/533/2 530/530/2
f 532/532/2 530/530/2 531/531/2
f 529/529/30 535/535/30 534/534/30
f 529/529/30 536/536/30 535/535/30
f 537/537/2 538/538/2 535/535/2
f 537/537/2 535/535/2 536/536/2
f 534/534/30 540/540/30 539/539/30
f 534/534/30 535/535/30 540/540/30
f 538/538/2 541/541/2 540/540/2
f 538/538/2 540/540/2 535/535/2
f 539/539/30 543/543/30 542/542/30
f 539/539/30 544/544/30 543/543/30
f 545/545/2 546/546/2 543/543/2
f 545/545/2 543/543/2 544/544/2
f 542/542/30 548/548/30 547/547/30
f 542/542/30 543/543/30 548/548/30
f 546/546/2 549/549/2 548/548/2
f 546/546/2 548/548/2 543/543/2
f 547/547/30 551/551/30 550/550/30
f 547/547/30 552/552/30 551/551/30
f 553/553/2 554/554/2 551/551/2
f 553/553/2 551/551/2 552/552/2
f 550/550/30 556/556/30 555/555/30
f 550/550/30 551/551/30 556/556/30
f 554/554/2 557/557/2 556/556/2
f 554/554/2 556/556/2 551/551/2
f 555/555/31 559/559/31 558/558/31
f 555/555/31 556/556/31 559/559/31
f 557/557/2 560/560/2 559/559/2
f 557/557/2 559/559/2 556/556/2
f 558/558/31 562/562/31 561/561/31
f 558/558/31 559/559/31 562/562/31
f 560/560/2 563/563/2 562/562/2
f 560/560/2 562/562/2 559/559/2
f 561/561/31 565/565/31 564/564/31
f 561/561/31 566/566/31 565/565/31
f 567/567/2 568/568/2 565/565/2
f 567/567/2 565/565/2 566/566/2
f 564/564/31 570/570/31 569/569/31
f 564/564/31 571/571/31 570/570/31
f 572/572/2 573/573/2 570/570/2
f 572/572/2 570/570/2 571/571/2
f 569/569/31 575/575/31 574/574/31
f 569/569/31 570/570/31 575/575/31
f 573/573/2 576/576/2 575/575/2
f 573/573/2 575/575/2 570/570/2
f 574/574/31 578/578/31 577/577/31
f 574/574/31 579/579/31 578/578/31
f 580/580/2 581/581/2 578/578/2
f 580/580/2 578/578/2 579/579/2
f 528/528/64 582/582/64 532/532/64
f 528/528/64 532/532/64 531/531/64
f 536/536/31 533/533/31 537/537/31
f 536/536/31 530/530/31 533/533/31
f 544/544/31 541/541/31 545/545/31
f 544/544/31 540/540/31 541/541/31
f 552/552/65 549/549/65 553/553/65
f 552/552/65 548/548/65 549/549/65
f 562/562/66 563/563/66 567/567/66
f 562/562/66 567/567/66 566/566/66
f 565/565/67 568/568/67 572/572/67
f 565/565/67 572/572/67 571/571/67
f 575/575/68 576/576/68 580/580/68
f 575/575/68 580/580/68 579/579/68
f 577/577/69 581/581/69 583/583/69
f 577/577/69 578/578/69 581/581/69
f 584/584/30 586/586/30 585/585/30
f 584/584/30 587/587/30 586/586/30
f 588/588/2 589/589/2 586/586/2
f 588/588/2 586/586/2 587/587/2
f 585/585/30 591/591/30 590/590/30
f 585/585/30 586/586/30 591/591/30
f 589/589/2 592/592/2 591/591/2
f 589/589/2 591/591/2 586/586/2
f 590/590/64 594/594/64 593/593/64
f 590/590/64 591/591/64 594/594/64
f 592/592/2 595/595/2 594/594/2
f 592/592/2 594/594/2 591/591/2
f 593/593/32 597/597/32 596/596/32
f 593/593/32 594/594/32 597/597/32
f 595/595/2 598/598/2 597/597/2
f 595/595/2 597/597/2 594/594/2
f 596/596/32 600/600/32 599/599/32
f 596/596/32 597/597/32 600/600/32
f 598/598/2 601/601/2 600/600/2
f 598/598/2 600/600/2 597/597/2
f 602/602/64 604/604/64 603/603/64
f 602/602/64 605/605/64 604/604/64
f 606/606/2 607/607/2 604/604/2
f 606/606/2 604/604/2 605/605/2
f 603/603/64 609/609/64 608/608/64
f 603/603/64 610/610/64 609/609/64
f 611/611/2 612/612/2 609/609/2
f 611/611/2 609/609/2 610/610/2
f 608/608/32 614/614/32 613/613/32
f 608/608/32 609/609/32 614/614/32
f 612/612/2 615/615/2 614/614/2
f 612/612/2 614/614/2 609/609/2
f 613/613/32 617/617/32 616/616/32
f 613/613/32 618/618/32 617/617/32
f 619/619/2 620/620/2 617/617/2
f 619/619/2 617/617/2 618/618/2
f 616/616/32 622/622/32 621/621/32
f 616/616/32 617/617/32 622/622/32
f 620/620/2 623/623/2 622/622/2
f 620/620/2 622/622/2 617/617/2
f 602/602/70 624/624/70 606/606/70
f 602/602/70 606/606/70 605/605/70
f 610/610/71 607/607/71 611/611/71
f 610/610/71 604/604/71 607/607/71
f 614/614/72 615/615/72 619/619/72
f 614/614/72 619/619/72 618/618/72
f 621/621/73 623/623/73 625/625/73
f 621/621/73 622/622/73 623/623/73
f 626/626/64 628/628/64 627/627/64
f 626/626/64 629/629/64 628/628/64
f 630/630/2 631/631/2 628/628/2
f 630/630/2 628/628/2 629/629/2
f 627/627/64 633/633/64 632/632/64
f 627/627/64 628/628/64 633/633/64
f 631/631/2 634/634/2 633/633/2
f 631/631/2 633/633/2 628/628/2
f 632/632/30 636/636/30 635/635/30
f 632/632/30 633/633/30 636/636/30
f 634/634/2 637/637/2 636/636/2
f 634/634/2 636/636/2 633/633/2
f 635/635/30 639/639/30 638/638/30
f 635/635/30 636/636/30 639/639/30
f 637/637/2 640/640/2 639/639/2
f 637/637/2 639/639/2 636/636/2
f 638/638/30 642/642/30 641/641/30
f 638/638/30 639/639/30 642/642/30
f 640/640/2 643/643/2 642/642/2
f 640/640/2 642/642/2 639/639/2
f 641/641/30 645/645/30 644/644/30
f 641/641/30 642/642/30 645/645/30
f 643/643/2 646/646/2 645/645/2
f 643/643/2 645/645/2 642/642/2
f 644/644/31 648/648/31 647/647/31
f 644/644/31 645/645/31 648/648/31
f 646/646/2 649/649/2 648/648/2
f 646/646/2 648/648/2 645/645/2
f 647/647/31 651/651/31 650/650/31
f 647/647/31 648/648/31 651/651/31
f 649/649/2 652/652/2 651/651/2
f 649/649/2 651/651/2 648/648/2
f 650/650/31 654/654/31 653/653/31
f 650/650/31 651/651/31 654/654/31
f 652/652/2 655/655/2 654/654/2
f 652/652/2 654/654/2 651/651/2
f 653/653/32 657/657/32 656/656/32
f 653/653/32 654/654/32 657/657/32
f 655/655/2 658/658/2 657/657/2
f 655/655/2 657/657/2 654/654/2
f 656/656/32 660/660/32 659/659/32
f 656/656/32 657/657/32 660/660/32
f 658/658/2 661/661/2 660/660/2
f 658/658/2 660/660/2 657/657/2
f 662/662/74 664/664/74 663/663/74
f 662/662/74 665/665/74 664/664/74
f 666/666/2 667/667/2 664/664/2
f 666/666/2 664/664/2 665/665/2
f 663/663/74 669/669/74 668/668/74
f 663/663/74 664/664/74 669/669/74
f 667/667/2 670/670/2 669/669/2
f 667/667/2 669/669/2 664/664/2
f 668/668/74 672/672/74 671/671/74
f 668/668/74 669/669/74 672/672/74
f 670/670/2 673/673/2 672/672/2
f 670/670/2 672/672/2 669/669/2
f 671/671/75 675/675/75 674/674/75
f 671/671/75 672/672/75 675/675/75
f 673/673/2 676/676/2 675/675/2
f 673/673/2 675/675/2 672/672/2
f 674/674/76 678/678/76 677/677/76
f 674/674/76 675/675/76 678/678/76
f 676/676/2 679/679/2 678/678/2
f 676/676/2 678/678/2 675/675/2
f 677/677/76 681/681/76 680/680/76
f 677/677/76 678/678/76 681/681/76
f 679/679/2 682/682/2 681/681/2
f 679/679/2 681/681/2 678/678/2
f 680/680/76 684/684/76 683/683/76
f 680/680/76 681/681/76 684/684/76
f 682/682/2 685/685/2 684/684/2
f 682/682/2 684/684/2 681/681/2
f 683/683/77 665/665/77 662/662/77
f 683/683/77 684/684/77 665/665/77
f 685/685/2 666/666/2 665/665/2
f 685/685/2 665/665/2 684/684/2
f 686/686/74 688/688/74 687/687/74
f 686/686/74 689/689/74 688/688/74
f 690/690/2 691/691/2 688/688/2
f 690/690/2 688/688/2 689/689/2
f 687/687/74 693/693/74 692/692/74
f 687/687/74 688/688/74 693/693/74
f 691/691/2 694/694/2 693/693/2
f 691/691/2 693/693/2 688/688/2
f 692/692/75 696/696/75 695/695/75
f 692/692/75 693/693/75 696/696/75
f 694/694/2 697/697/2 696/696/2
f 694/694/2 696/696/2 693/693/2
f 695/695/75 699/699/75 698/698/75
f 695/695/75 696/696/75 699/699/75
f 697/697/2 700/700/2 699/699/2
f 697/697/2 699/699/2 696/696/2
f 698/698/75 702/702/75 701/701/75
f 698/698/75 699/699/75 702/702/75
f 700/700/2 703/703/2 702/702/2
f 700/700/2 702/702/2 699/699/2
f 701/701/76 705/705/76 704/704/76
f 701/701/76 702/702/76 705/705/76
f 703/703/2 706/706/2 705/705/2
f 703/703/2 705/705/2 702/702/2
f 707/707/74 709/709/74 708/708/74
f 707/707/74 710/710/74 709/709/74
f 711/711/2 712/712/2 709/709/2
f 711/711/2 709/709/2 710/710/2
f 708/708/74 714/714/74 713/713/74
f 708/708/74 715/715/74 714/714/74
f 716/716/2 717/717/2 714/714/2
f 716/716/2 714/714/2 715/715/2
f 713/713/74 719/719/74 718/718/74
f 713/713/74 714/714/74 719/719/74
f 717/717/2 720/720/2 719/719/2
f 717/717/2 719/719/2 714/714/2
f 718/718/74 722/722/74 721/721/74
f 718/718/74 723/723/74 722/722/74
f 724/724/2 725/725/2 722/722/2
f 724/724/2 722/722/2 723/723/2
f 721/721/75 727/727/75 726/726/75
f 721/721/75 722/722/75 727/727/75
f 725/725/2 728/728/2 727/727/2
f 725/725/2 727/727/2 722/722/2
f 726/726/75 730/730/75 729/729/75
f 726/726/75 727/727/75 730/730/75
f 728/728/2 731/731/2 730/730/2
f 728/728/2 730/730/2 727/727/2
f 729/729/75 733/733/75 732/732/75
f 729/729/75 730/730/75 733/733/75
f 731/731/2 734/734/2 733/733/2
f 731/731/2 733/733/2 730/730/2
f 732/732/75 736/736/75 735/735/75
f 732/732/75 737/737/75 736/736/75
f 738/738/2 739/739/2 736/736/2
f 738/738/2 736/736/2 737/737/2
f 735/735/76 741/741/76 740/740/76
f 735/735/76 736/736/76 741/741/76
f 739/739/2 742/742/2 741/741/2
f 739/739/2 741/741/2 736/736/2
f 740/740/76 744/744/76 743/743/76
f 740/740/76 745/745/76 744/744/76
f 746/746/2 747/747/2 744/744/2
f 746/746/2 744/744/2 745/745/2
f 707/707/78 748/748/78 711/711/78
f 707/707/78 711/711/78 710/710/78
f 715/715/79 712/712/79 716/716/79
f 715/715/79 709/709/79 712/712/79
f 723/723/80 720/720/80 724/724/80
f 723/723/80 719/719/80 720/720/80
f 733/733/81 734/734/81 738/738/81
f 733/733/81 738/738/81 737/737/81
f 741/741/82 742/742/82 746/746/82
f 741/741/82 746/746/82 745/745/82
f 743/743/83 747/747/83 749/749/83
f 743/743/83 744/744/83 747/747/83
f 750/750/16 752/752/16 751/751/16
f 750/750/16 753/753/16 752/752/16
f 754/754/2 755/755/2 752/752/2
f 754/754/2 752/752/2 753/753/2
f 751/751/16 757/757/16 756/756/16
f 751/751/16 752/752/16 757/757/16
f 755/755/2 758/758/2 757/757/2
f 755/755/2 757/757/2 752/752/2
f 756/756/16 760/760/16 759/759/16
f 756/756/16 757/757/16 760/760/16
f 758/758/2 761/761/2 760/760/2
f 758/758/2 760/760/2 757/757/2
f 759/759/17 763/763/17 762/762/17
f 759/759/17 760/760/17 763/763/17
f 761/761/2 764/764/2 763/763/2
f 761/761/2 763/763/2 760/760/2
f 762/762/17 766/766/17 765/765/17
f 762/762/17 763/763/17 766/766/17
f 764/764/2 767/767/2 766/766/2
f 764/764/2 766/766/2 763/763/2
f 765/765/18 769/769/18 768/768/18
f 765/765/18 766/766/18 769/769/18
f 767/767/2 770/770/2 769/769/2
f 767/767/2 769/769/2 766/766/2
f 768/768/18 772/772/18 771/771/18
f 768/768/18 769/769/18 772/772/18
f 770/770/2 773/773/2 772/772/2
f 770/770/2 772/772/2 769/769/2
f 774/774/16 776/776/16 775/775/16
f 774/774/16 777/777/16 776/776/16
f 778/778/2 779/779/2 776/776/2
f 778/778/2 776/776/2 777/777/2
f 775/775/17 781/781/17 780/780/17
f 775/775/17 776/776/17 781/781/17
f 779/779/2 782/782/2 781/781/2
f 779/779/2 781/781/2 776/776/2
f 780/780/17 784/784/17 783/783/17
f 780/780/17 781/781/17 784/784/17
f 782/782/2 785/785/2 784/784/2
f 782/782/2 784/784/2 781/781/2
f 783/783/18 787/787/18 786/786/18
f 783/783/18 784/784/18 787/787/18
f 785/785/2 788/788/2 787/787/2
f 785/785/2 787/787/2 784/784/2
f 774/774/84 789/789/84 778/778/84
f 774/774/84 778/778/84 777/777/84
f 786/786/85 788/788/85 790/790/85
f 786/786/85 787/787/85 788/788/85
f 791/791/75 793/793/75 792/792/75
f 791/791/75 794/794/75 793/793/75
f 795/795/2 796/796/2 793/793/2
f 795/795/2 793/793/2 794/794/2
f 792/792/75 798/798/75 797/797/75
f 792/792/75 793/793/75 798/798/75
f 796/796/2 799/799/2 798/798/2
f 796/796/2 798/798/2 793/793/2
f 797/797/76 801/801/76 800/800/76
f 797/797/76 798/798/76 801/801/76
f 799/799/2 802/802/2 801/801/2
f 799/799/2 801/801/2 798/798/2
f 800/800/76 804/804/76 803/803/76
f 800/800/76 801/801/76 804/804/76
f 802/802/2 805/805/2 804/804/2
f 802/802/2 804/804/2 801/801/2
f 803/803/77 807/807/77 806/806/77
f 803/803/77 804/804/77 807/807/77
f 805/805/2 808/808/2 807/807/2
f 805/805/2 807/807/2 804/804/2
f 809/809/75 811/811/75 810/810/75
f 809/809/75 812/812/75 811/811/75
f 813/813/2 814/814/2 811/811/2
f 813/813/2 811/811/2 812/812/2
f 810/810/75 816/816/75 815/815/75
f 810/810/75 817/817/75 816/816/75
f 818/818/2 819/819/2 816/816/2
f 818/818/2 816/816/2 817/817/2
f 815/815/76 821/821/76 820/820/76
f 815/815/76 816/816/76 821/821/76
f 819/819/2 822/822/2 821/821/2
f 819/819/2 821/821/2 816/816/2
f 820/820/76 824/824/76 823/823/76
f 820/820/76 825/825/76 824/824/76
f 826/826/2 827/827/2 824/824/2
f 826/826/2 824/824/2 825/825/2
f 823/823/76 829/829/76 828/828/76
f 823/823/76 824/824/76 829/829/76
f 827/827/2 830/830/2 829/829/2
f 827/827/2 829/829/2 824/824/2
f 828/828/77 832/832/77 831/831/77
f 828/828/77 829/829/77 832/832/77
f 830/830/2 833/833/2 832/832/2
f 830/830/2 832/832/2 829/829/2
f 809/809/86 834/834/86 813/813/86
f 809/809/86 813/813/86 812/812/86
f 817/817/87 814/814/87 818/818/87
f 817/817/87 811/811/87 814/814/87
f 821/821/88 822/822/88 826/826/88
f 821/821/88 826/826/88 825/825/88
f 831/831/89 833/833/89 835/835/89
f 831/831/89 832/832/89 833/833/89
f 836/836/64 838/838/64 837/837/64
f 836/836/64 839/839/64 838/838/64
f 840/840/2 841/841/2 838/838/2
f 840/840/2 838/838/2 839/839/2
f 837/837/30 843/843/30 842/842/30
f 837/837/30 838/838/30 843/843/30
f 841/841/2 844/844/2 843/843/2
f 841/841/2 843/843/2 838/838/2
f 842/842/30 846/846/30 845/845/30
f 842/842/30 843/843/30 846/846/30
f 844/844/2 847/847/2 846/846/2
f 844/844/2 846/846/2 843/843/2
f 845/845/31 849/849/31 848/848/31
f 845/845/31 846/846/31 849/849/31
f 847/847/2 850/850/2 849/849/2
f 847/847/2 849/849/2 846/846/2
f 848/848/31 852/852/31 851/851/31
f 848/848/31 849/849/31 852/852/31
f 850/850/2 853/853/2 852/852/2
f 850/850/2 852/852/2 849/849/2
f 851/851/31 855/855/31 854/854/31
f 851/851/31 852/852/31 855/855/31
f 853/853/2 856/856/2 855/855/2
f 853/853/2 855/855/2 852/852/2
f 854/854/32 858/858/32 857/857/32
f 854/854/32 855/855/32 858/858/32
f 856/856/2 859/859/2 858/858/2
f 856/856/2 858/858/2 855/855/2
f 860/860/30 862/862/30 861/861/30
f 860/860/30 863/863/30 862/862/30
f 864/864/2 865/865/2 862/862/2
f 864/864/2 862/862/2 863/863/2
f 861/861/31 867/867/31 866/866/31
f 861/861/31 862/862/31 867/867/31
f 865/865/2 868/868/2 867/867/2
f 865/865/2 867/867/2 862/862/2
f 860/860/90 869/869/90 864/864/90
f 860/860/90 864/864/90 863/863/90
f 866/866/91 868/868/91 870/870/91
f 866/866/91 867/867/91 868/868/91
f 871/871/74 873/873/74 872/872/74
f 871/871/74 874/874/74 873/873/74
f 875/875/2 876/876/2 873/873/2
f 875/875/2 873/873/2 874/874/2
f 877/877/75 879/879/75 878/878/75
f 877/877/75 880/880/75 879/879/75
f 881/881/2 882/882/2 879/879/2
f 881/881/2 879/879/2 880/880/2
f 878/878/76 884/884/76 883/883/76
f 878/878/76 879/879/76 884/884/76
f 882/882/2 885/885/2 884/884/2
f 882/882/2 884/884/2 879/879/2
f 883/883/76 887/887/76 886/886/76
f 883/883/76 884/884/76 887/887/76
f 885/885/2 888/888/2 887/887/2
f 885/885/2 887/887/2 884/884/2
f 886/886/77 874/874/77 871/871/77
f 886/886/77 887/887/77 874/874/77
f 888/888/2 875/875/2 874/874/2
f 888/888/2 874/874/2 887/887/2
f 889/889/64 891/891/64 890/890/64
f 889/889/64 892/892/64 891/891/64
f 893/893/2 894/894/2 891/891/2
f 893/893/2 891/891/2 892/892/2
f 890/890/30 896/896/30 895/895/30
f 890/890/30 891/891/30 896/896/30
f 894/894/2 897/897/2 896/896/2
f 894/894/2 896/896/2 891/891/2
f 895/895/30 899/899/30 898/898/30
f 895/895/30 896/896/30 899/899/30
f 897/897/2 900/900/2 899/899/2
f 897/897/2 899/899/2 896/896/2
f 898/898/31 902/902/31 901/901/31
f 898/898/31 899/899/31 902/902/31
f 900/900/2 903/903/2 902/902/2
f 900/900/2 902/902/2 899/899/2
f 901/901/31 905/905/31 904/904/31
f 901/901/31 902/902/31 905/905/31
f 903/903/2 906/906/2 905/905/2
f 903/903/2 905/905/2 902/902/2
f 904/904/32 892/892/32 889/889/32
f 904/904/32 905/905/32 892/892/32
f 906/906/2 893/893/2 892/892/2
f 906/906/2 892/892/2 905/905/2
f 907/907/16 909/909/16 908/908/16
f 907/907/16 910/910/16 909/909/16
f 911/911/2 912/912/2 909/909/2
f 911/911/2 909/909/2 910/910/2
f 908/908/17 914/914/17 913/913/17
f 908/908/17 909/909/17 914/914/17
f 912/912/2 915/915/2 914/914/2
f 912/912/2 914/914/2 909/909/2
f 913/913/18 917/917/18 916/916/18
f 913/913/18 914/914/18 917/917/18
f 915/915/2 918/918/2 917/917/2
f 915/915/2 917/917/2 914/914/2
f 916/916/18 920/920/18 919/919/18
f 916/916/18 917/917/18 920/920/18
f 918/918/2 921/921/2 920/920/2
f 918/918/2 920/920/2 917/917/2
f 922/922/16 924/924/16 923/923/16
f 922/922/16 925/925/16 924/924/16
f 926/926/2 927/927/2 924/924/2
f 926/926/2 924/924/2 925/925/2
f 923/923/17 929/929/17 928/928/17
f 923/923/17 924/924/17 929/929/17
f 927/927/2 930/930/2 929/929/2
f 927/927/2 929/929/2 924/924/2
f 928/928/18 932/932/18 931/931/18
f 928/928/18 929/929/18 932/932/18
f 930/930/2 933/933/2 932/932/2
f 930/930/2 932/932/2 929/929/2
f 922/922/92 934/934/92 926/926/92
f 922/922/92 926/926/92 925/925/92
f 931/931/93 933/933/93 935/935/93
f 931/931/93 932/932/93 933/933/93
f 936/936/94 938/938/94 937/937/94
f 936/936/94 939/939/94 938/938/94
f 940/940/2 941/941/2 938/938/2
f 940/940/2 938/938/2 939/939/2
f 942/942/95 944/944/95 943/943/95
f 942/942/95 945/945/95 944/944/95
f 946/946/2 947/947/2 944/944/2
f 946/946/2 944/944/2 945/945/2
f 943/943/96 949/949/96 948/948/96
f 943/943/96 944/944/96 949/949/96
f 947/947/2 950/950/2 949/949/2
f 947/947/2 949/949/2 944/944/2
f 948/948/97 952/952/97 951/951/97
f 948/948/97 949/949/97 952/952/97
f 950/950/2 953/953/2 952/952/2
f 950/950/2 952/952/2 949/949/2
f 951/951/97 939/939/97 936/936/97
f 951/951/97 952/952/97 939/939/97
f 953/953/2 940/940/2 939/939/2
f 953/953/2 939/939/2 952/952/2
f 954/954/96 956/956/96 955/955/96
f 954/954/96 957/957/96 956/956/96
f 958/958/2 959/959/2 956/956/2
f 958/958/2 956/956/2 957/957/2
f 955/955/97 961/961/97 960/960/97
f 955/955/97 956/956/97 961/961/97
f 959/959/2 962/962/2 961/961/2
f 959/959/2 961/961/2 956/956/2
f 954/954/98 963/963/98 958/958/98
f 954/954/98 958/958/98 957/957/98
f 960/960/99 962/962/99 964/964/99
f 960/960/99 961/961/99 962/962/99
f 965/965/100 967/967/100 966/966/100
f 965/965/100 968/968/100 967/967/100
f 969/969/2 970/970/2 967/967/2
f 969/969/2 967/967/2 968/968/2
f 966/966/100 972/972/100 971/971/100
f 966/966/100 967/967/100 972/972/100
f 970/970/2 973/973/2 972/972/2
f 970/970/2 972/972/2 967/967/2
f 971/971/101 975/975/101 974/974/101
f 971/971/101 972/972/101 975/975/101
f 973/973/2 976/976/2 975/975/2
f 973/973/2 975/975/2 972/972/2
f 974/974/101 978/978/101 977/977/101
f 974/974/101 975/975/101 978/978/101
f 976/976/2 979/979/2 978/978/2
f 976/976/2 978/978/2 975/975/2
f 977/977/102 981/981/102 980/980/102
f 977/977/102 978/978/102 981/981/102
f 979/979/2 982/982/2 981/981/2
f 979/979/2 981/981/2 978/978/2
f 980/980/102 984/984/102 983/983/102
f 980/980/102 981/981/102 984/984/102
f 982/982/2 985/985/2 984/984/2
f 982/982/2 984/984/2 981/981/2
f 983/983/102 987/987/102 986/986/102
f 983/983/102 984/984/102 987/987/102
f 985/985/2 988/988/2 987/987/2
f 985/985/2 987/987/2 984/984/2
f 986/986/103 990/990/103 989/989/103
f 986/986/103 987/987/103 990/990/103
f 988/988/2 991/991/2 990/990/2
f 988/988/2 990/990/2 987/987/2
f 989/989/103 993/993/103 992/992/103
f 989/989/103 990/990/103 993/993/103
f 991/991/2 994/994/2 993/993/2
f 991/991/2 993/993/2 990/990/2
f 992/992/103 968/968/103 965/965/103
f 992/992/103 993/993/103 968/968/103
f 994/994/2 969/969/2 968/968/2
f 994/994/2 968/968/2 993/993/2
f 995/995/30 997/997/30 996/996/30
f 995/995/30 998/998/30 997/997/30
f 999/999/2 1000/1000/2 997/997/2
f 999/999/2 997/997/2 998/998/2
f 996/996/30 1002/1002/30 1001/1001/30
f 996/996/30 997/997/30 1002/1002/30
f 1000/1000/2 1003/1003/2 1002/1002/2
f 1000/1000/2 1002/1002/2 997/997/2
f 1001/1001/31 1005/1005/31 1004/1004/31
f 1001/1001/31 1002/1002/31 1005/1005/31
f 1003/1003/2 1006/1006/2 1005/1005/2
f 1003/1003/2 1005/1005/2 1002/1002/2
f 1004/1004/32 1008/1008/32 1007/1007/32
f 1004/1004/32 1005/1005/32 1008/1008/32
f 1006/1006/2 1009/1009/2 1008/1008/2
f 1006/1006/2 1008/1008/2 1005/1005/2
f 1007/1007/32 1011/1011/32 1010/1010/32
f 1007/1007/32 1008/1008/32 1011/1011/32
f 1009/1009/2 1012/1012/2 1011/1011/2
f 1009/1009/2 1011/1011/2 1008/1008/2
f 1013/1013/30 1015/1015/30 1014/1014/30
f 1013/1013/30 1016/1016/30 1015/1015/30
f 1017/1017/2 1018/1018/2 1015/1015/2
f 1017/1017/2 1015/1015/2 1016/1016/2
f 1014/1014/30 1020/1020/30 1019/1019/30
f 1014/1014/30 1015/1015/30 1020/1020/30
f 1018/1018/2 1021/1021/2 1020/1020/2
f 1018/1018/2 1020/1020/2 1015/1015/2
f 1019/1019/31 1023/1023/31 1022/1022/31
f 1019/1019/31 1020/1020/31 1023/1023/31
f 1021/1021/2 1024/1024/2 1023/1023/2
f 1021/1021/2 1023/1023/2 1020/1020/2
f 1013/1013/104 1025/1025/104 1017/1017/104
f 1013/1013/104 1017/1017/104 1016/1016/104
f 1022/1022/105 1024/1024/105 1026/1026/105
f 1022/1022/105 1023/1023/105 1024/1024/105
f 1027/1027/106 1029/1029/106 1028/1028/106
f 1027/1027/106 1030/1030/106 1029/1029/106
f 1031/1031/2 1032/1032/2 1029/1029/2
f 1031/1031/2 1029/1029/2 1030/1030/2
f 1028/1028/106 1034/1034/106 1033/1033/106
f 1028/1028/106 1029/1029/106 1034/1034/106
f 1032/1032/2 1035/1035/2 1034/1034/2
f 1032/1032/2 1034/1034/2 1029/1029/2
f 1033/1033/106 1037/1037/106 1036/1036/106
f 1033/1033/106 1034/1034/106 1037/1037/106
f 1035/1035/2 1038/1038/2 1037/1037/2
f 1035/1035/2 1037/1037/2 1034/1034/2
f 1036/1036/107 1040/1040/107 1039/1039/107
f 1036/1036/107 1037/1037/107 1040/1040/107
f 1038/1038/2 1041/1041/2 1040/1040/2
f 1038/1038/2 1040/1040/2 1037/1037/2
f 1039/1039/108 1043/1043/108 1042/1042/108
f 1039/1039/108 1040/1040/108 1043/1043/108
f 1041/1041/2 1044/1044/2 1043/1043/2
f 1041/1041/2 1043/1043/2 1040/1040/2
f 1042/1042/108 1046/1046/108 1045/1045/108
f 1042/1042/108 1043/1043/108 1046/1046/108
f 1044/1044/2 1047/1047/2 1046/1046/2
f 1044/1044/2 1046/1046/2 1043/1043/2
f 1045/1045/109 1049/1049/109 1048/1048/109
f 1045/1045/109 1046/1046/109 1049/1049/109
f 1047/1047/2 1050/1050/2 1049/1049/2
f 1047/1047/2 1049/1049/2 1046/1046/2
f 1048/1048/109 1030/1030/109 1027/1027/109
f 1048/1048/109 1049/1049/109 1030/1030/109
f 1050/1050/2 1031/1031/2 1030/1030/2
f 1050/1050/2 1030/1030/2 1049/1049/2
f 1051/1051/110 1053/1053/110 1052/1052/110
f 1051/1051/110 1054/1054/110 1053/1053/110
f 1055/1055/2 1056/1056/2 1053/1053/2
f 1055/1055/2 1053/1053/2 1054/1054/2
f 1052/1052/110 1058/1058/110 1057/1057/110
f 1052/1052/110 1053/1053/110 1058/1058/110
f 1056/1056/2 1059/1059/2 1058/1058/2
f 1056/1056/2 1058/1058/2 1053/1053/2
f 1057/1057/110 1061/1061/110 1060/1060/110
f 1057/1057/110 1058/1058/110 1061/1061/110
f 1059/1059/2 1062/1062/2 1061/1061/2
f 1059/1059/2 1061/1061/2 1058/1058/2
f 1060/1060/110 1064/1064/110 1063/1063/110
f 1060/1060/110 1061/1061/110 1064/1064/110
f 1062/1062/2 1065/1065/2 1064/1064/2
f 1062/1062/2 1064/1064/2 1061/1061/2
f 1063/1063/111 1067/1067/111 1066/1066/111
f 1063/1063/111 1064/1064/111 1067/1067/111
f 1065/1065/2 1068/1068/2 1067/1067/2
f 1065/1065/2 1067/1067/2 1064/1064/2
f 1066/1066/111 1070/1070/111 1069/1069/111
f 1066/1066/111 1067/1067/111 1070/1070/111
f 1068/1068/2 1071/1071/2 1070/1070/2
f 1068/1068/2 1070/1070/2 1067/1067/2
f 1069/1069/112 1073/1073/112 1072/1072/112
f 1069/1069/112 1070/1070/112 1073/1073/112
f 1071/1071/2 1074/1074/2 1073/1073/2
f 1071/1071/2 1073/1073/2 1070/1070/2
f 1072/1072/112 1076/1076/112 1075/1075/112
f 1072/1072/112 1073/1073/112 1076/1076/112
f 1074/1074/2 1077/1077/2 1076/1076/2
f 1074/1074/2 1076/1076/2 1073/1073/2
f 1075/1075/112 1079/1079/112 1078/1078/112
f 1075/1075/112 1076/1076/112 1079/1079/112
f 1077/1077/2 1080/1080/2 1079/1079/2
f 1077/1077/2 1079/1079/2 1076/1076/2
f 1078/1078/113 1082/1082/113 1081/1081/113
f 1078/1078/113 1079/1079/113 1082/1082/113
f 1080/1080/2 1083/1083/2 1082/1082/2
f 1080/1080/2 1082/1082/2 1079/1079/2
f 1084/1084/114 1086/1086/114 1085/1085/114
f 1084/1084/114 1087/1087/114 1086/1086/114
f 1088/1088/2 1089/1089/2 1086/1086/2
f 1088/1088/2 1086/1086/2 1087/1087/2
f 1085/1085/115 1091/1091/115 1090/1090/115
f 1085/1085/115 1086/1086/115 1091/1091/115
f 1089/1089/2 1092/1092/2 1091/1091/2
f 1089/1089/2 1091/1091/2 1086/1086/2
f 1090/1090/115 1094/1094/115 1093/1093/115
f 1090/1090/115 1091/1091/115 1094/1094/115
f 1092/1092/2 1095/1095/2 1094/1094/2
f 1092/1092/2 1094/1094/2 1091/1091/2
f 1093/1093/116 1097/1097/116 1096/1096/116
f 1093/1093/116 1094/1094/116 1097/1097/116
f 1095/1095/2 1098/1098/2 1097/1097/2
f 1095/1095/2 1097/1097/2 1094/1094/2
f 1096/1096/116 1100/1100/116 1099/1099/116
f 1096/1096/116 1097/1097/116 1100/1100/116
f 1098/1098/2 1101/1101/2 1100/1100/2
f 1098/1098/2 1100/1100/2 1097/1097/2
f 1099/1099/116 1103/1103/116 1102/1102/116
f 1099/1099/116 1100/1100/116 1103/1103/116
f 1101/1101/2 1104/1104/2 1103/1103/2
f 1101/1101/2 1103/1103/2 1100/1100/2
f 1102/1102/117 1106/1106/117 1105/1105/117
f 1102/1102/117 1103/1103/117 1106/1106/117
f 1104/1104/2 1107/1107/2 1106/1106/2
f 1104/1104/2 1106/1106/2 1103/1103/2
f 1105/1105/117 1087/1087/117 1084/1084/117
f 1105/1105/117 1106/1106/117 1087/1087/117
f 1107/1107/2 1088/1088/2 1087/1087/2
f 1107/1107/2 1087/1087/2 1106/1106/2
f 1108/1108/110 1110/1110/110 1109/1109/110
f 1108/1108/110 1111/1111/110 1110/1110/110
f 1112/1112/2 1113/1113/2 1110/1110/2
f 1112/1112/2 1110/1110/2 1111/1111/2
f 1109/1109/110 1115/1115/110 1114/1114/110
f 1109/1109/110 1110/1110/110 1115/1115/110
f 1113/1113/2 1116/1116/2 1115/1115/2
f 1113/1113/2 1115/1115/2 1110/1110/2
f 1114/1114/111 1118/1118/111 1117/1117/111
f 1114/1114/111 1115/1115/111 1118/1118/111
f 1116/1116/2 1119/1119/2 1118/1118/2
f 1116/1116/2 1118/1118/2 1115/1115/2
f 1117/1117/111 1121/1121/111 1120/1120/111
f 1117/1117/111 1118/1118/111 1121/1121/111
f 1119/1119/2 1122/1122/2 1121/1121/2
f 1119/1119/2 1121/1121/2 1118/1118/2
f 1120/1120/112 1124/1124/112 1123/1123/112
f 1120/1120/112 1121/1121/112 1124/1124/112
f 1122/1122/2 1125/1125/2 1124/1124/2
f 1122/1122/2 1124/1124/2 1121/1121/2
f 1123/1123/112 1127/1127/112 1126/1126/112
f 1123/1123/112 1124/1124/112 1127/1127/112
f 1125/1125/2 1128/1128/2 1127/1127/2
f 1125/1125/2 1127/1127/2 1124/1124/2
f 1126/1126/112 1130/1130/112 1129/1129/112
f 1126/1126/112 1127/1127/112 1130/1130/112
f 1128/1128/2 1131/1131/2 1130/1130/2
f 1128/1128/2 1130/1130/2 1127/1127/2
f 1132/1132/110 1134/1134/110 1133/1133/110
f 1132/1132/110 1135/1135/110 1134/1134/110
f 1136/1136/2 1137/1137/2 1134/1134/2
f 1136/1136/2 1134/1134/2 1135/1135/2
f 1133/1133/110 1139/1139/110 1138/1138/110
f 1133/1133/110 1134/1134/110 1139/1139/110
f 1137/1137/2 1140/1140/2 1139/1139/2
f 1137/1137/2 1139/1139/2 1134/1134/2
f 1138/1138/111 1142/1142/111 1141/1141/111
f 1138/1138/111 1139/1139/111 1142/1142/111
f 1140/1140/2 1143/1143/2 1142/1142/2
f 1140/1140/2 1142/1142/2 1139/1139/2
f 1141/1141/111 1145/1145/111 1144/1144/111
f 1141/1141/111 1142/1142/111 1145/1145/111
f 1143/1143/2 1146/1146/2 1145/1145/2
f 1143/1143/2 1145/1145/2 1142/1142/2
f 1144/1144/112 1148/1148/112 1147/1147/112
f 1144/1144/112 1145/1145/112 1148/1148/112
f 1146/1146/2 1149/1149/2 1148/1148/2
f 1146/1146/2 1148/1148/2 1145/1145/2
f 1147/1147/112 1151/1151/112 1150/1150/112
f 1147/1147/112 1148/1148/112 1151/1151/112
f 1149/1149/2 1152/1152/2 1151/1151/2
f 1149/1149/2 1151/1151/2 1148/1148/2
f 1150/1150/113 1154/1154/113 1153/1153/113
f 1150/1150/113 1151/1151/113 1154/1154/113
f 1152/1152/2 1155/1155/2 1154/1154/2
f 1152/1152/2 1154/1154/2 1151/1151/2
f 1153/1153/113 1157/1157/113 1156/1156/113
f 1153/1153/113 1154/1154/113 1157/1157/113
f 1155/1155/2 1158/1158/2 1157/1157/2
f 1155/1155/2 1157/1157/2 1154/1154/2
f 1156/1156/113 1160/1160/113 1159/1159/113
f 1156/1156/113 1157/1157/113 1160/1160/113
f 1158/1158/2 1161/1161/2 1160/1160/2
f 1158/1158/2 1160/1160/2 1157/1157/2
f 1159/1159/113 1135/1135/113 1132/1132/113
f 1159/1159/113 1160/1160/113 1135/1135/113
f 1161/1161/2 1136/1136/2 1135/1135/2
f 1161/1161/2 1135/1135/2 1160/1160/2
f 1162/1162/16 1164/1164/16 1163/1163/16
f 1162/1162/16 1165/1165/16 1164/1164/16
f 1166/1166/2 1167/1167/2 1164/1164/2
f 1166/1166/2 1164/1164/2 1165/1165/2
f 1163/1163/16 1169/1169/16 1168/1168/16
f 1163/1163/16 1164/1164/16 1169/1169/16
f 1167/1167/2 1170/1170/2 1169/1169/2
f 1167/1167/2 1169/1169/2 1164/1164/2
f 1168/1168/16 1172/1172/16 1171/1171/16
f 1168/1168/16 1169/1169/16 1172/1172/16
f 1170/1170/2 1173/1173/2 1172/1172/2
f 1170/1170/2 1172/1172/2 1169/1169/2
f 1171/1171/16 1175/1175/16 1174/1174/16
f 1171/1171/16 1172/1172/16 1175/1175/16
f 1173/1173/2 1176/1176/2 1175/1175/2
f 1173/1173/2 1175/1175/2 1172/1172/2
f 1174/1174/17 1178/1178/17 1177/1177/17
f 1174/1174/17 1175/1175/17 1178/1178/17
f 1176/1176/2 1179/1179/2 1178/1178/2
f 1176/1176/2 1178/1178/2 1175/1175/2
f 1177/1177/18 1181/1181/18 1180/1180/18
f 1177/1177/18 1178/1178/18 1181/1181/18
f 1179/1179/2 1182/1182/2 1181/1181/2
f 1179/1179/2 1181/1181/2 1178/1178/2
f 1180/1180/18 1184/1184/18 1183/1183/18
f 1180/1180/18 1181/1181/18 1184/1184/18
f 1182/1182/2 1185/1185/2 1184/1184/2
f 1182/1182/2 1184/1184/2 1181/1181/2
f 1183/1183/18 1187/1187/18 1186/1186/18
f 1183/1183/18 1184/1184/18 1187/1187/18
f 1185/1185/2 1188/1188/2 1187/1187/2
f 1185/1185/2 1187/1187/2 1184/1184/2
f 1189/1189/110 1191/1191/110 1190/1190/110
f 1189/1189/110 1192/1192/110 1191/1191/110
f 1193/1193/2 1194/1194/2 1191/1191/2
f 1193/1193/2 1191/1191/2 1192/1192/2
f 1190/1190/111 1196/1196/111 1195/1195/111
f 1190/1190/111 1191/1191/111 1196/1196/111
f 1194/1194/2 1197/1197/2 1196/1196/2
f 1194/1194/2 1196/1196/2 1191/1191/2
f 1195/1195/111 1199/1199/111 1198/1198/111
f 1195/1195/111 1196/1196/111 1199/1199/111
f 1197/1197/2 1200/1200/2 1199/1199/2
f 1197/1197/2 1199/1199/2 1196/1196/2
f 1198/1198/111 1202/1202/111 1201/1201/111
f 1198/1198/111 1199/1199/111 1202/1202/111
f 1200/1200/2 1203/1203/2 1202/1202/2
f 1200/1200/2 1202/1202/2 1199/1199/2
f 1201/1201/112 1205/1205/112 1204/1204/112
f 1201/1201/112 1202/1202/112 1205/1205/112
f 1203/1203/2 1206/1206/2 1205/1205/2
f 1203/1203/2 1205/1205/2 1202/1202/2
f 1204/1204/112 1208/1208/112 1207/1207/112
f 1204/1204/112 1205/1205/112 1208/1208/112
f 1206/1206/2 1209/1209/2 1208/1208/2
f 1206/1206/2 1208/1208/2 1205/1205/2
f 1207/1207/112 1211/1211/112 1210/1210/112
f 1207/1207/112 1208/1208/112 1211/1211/112
f 1209/1209/2 1212/1212/2 1211/1211/2
f 1209/1209/2 1211/1211/2 1208/1208/2
f 1210/1210/113 1214/1214/113 1213/1213/113
f 1210/1210/113 1211/1211/113 1214/1214/113
f 1212/1212/2 1215/1215/2 1214/1214/2
f 1212/1212/2 1214/1214/2 1211/1211/2
f 1213/1213/113 1217/1217/113 1216/1216/113
f 1213/1213/113 1214/1214/113 1217/1217/113
f 1215/1215/2 1218/1218/2 1217/1217/2
f 1215/1215/2 1217/1217/2 1214/1214/2
f 1216/1216/113 1192/1192/113 1189/1189/113
f 1216/1216/113 1217/1217/113 1192/1192/113
f 1218/1218/2 1193/1193/2 1192/1192/2
f 1218/1218/2 1192/1192/2 1217/1217/2
f 1219/1219/118 1221/1221/118 1220/1220/118
f 1219/1219/118 1222/1222/118 1221/1221/118
f 1223/1223/2 1224/1224/2 1221/1221/2
f 1223/1223/2 1221/1221/2 1222/1222/2
f 1220/1220/118 1226/1226/118 1225/1225/118
f 1220/1220/118 1221/1221/118 1226/1226/118
f 1224/1224/2 1227/1227/2 1226/1226/2
f 1224/1224/2 1226/1226/2 1221/1221/2
f 1225/1225/119 1229/1229/119 1228/1228/119
f 1225/1225/119 1226/1226/119 1229/1229/119
f 1227/1227/2 1230/1230/2 1229/1229/2
f 1227/1227/2 1229/1229/2 1226/1226/2
f 1228/1228/119 1232/1232/119 1231/1231/119
f 1228/1228/119 1229/1229/119 1232/1232/119
f 1230/1230/2 1233/1233/2 1232/1232/2
f 1230/1230/2 1232/1232/2 1229/1229/2
f 1231/1231/120 1235/1235/120 1234/1234/120
f 1231/1231/120 1232/1232/120 1235/1235/120
f 1233/1233/2 1236/1236/2 1235/1235/2
f 1233/1233/2 1235/1235/2 1232/1232/2
f 1234/1234/120 1238/1238/120 1237/1237/120
f 1234/1234/120 1235/1235/120 1238/1238/120
f 1236/1236/2 1239/1239/2 1238/1238/2
f 1236/1236/2 1238/1238/2 1235/1235/2
f 1237/1237/121 1241/1241/121 1240/1240/121
f 1237/1237/121 1238/1238/121 1241/1241/121
f 1239/1239/2 1242/1242/2 1241/1241/2
f 1239/1239/2 1241/1241/2 1238/1238/2
f 1240/1240/121 1222/1222/121 1219/1219/121
f 1240/1240/121 1241/1241/121 1222/1222/121
f 1242/1242/2 1223/1223/2 1222/1222/2
f 1242/1242/2 1222/1222/2 1241/1241/2
f 1243/1243/110 1245/1245/110 1244/1244/110
f 1243/1243/110 1246/1246/110 1245/1245/110
f 1247/1247/2 1248/1248/2 1245/1245/2
f 1247/1247/2 1245/1245/2 1246/1246/2
f 1244/1244/110 1250/1250/110 1249/1249/110
f 1244/1244/110 1245/1245/110 1250/1250/110
f 1248/1248/2 1251/1251/2 1250/1250/2
f 1248/1248/2 1250/1250/2 1245/1245/2
f 1249/1249/111 1253/1253/111 1252/1252/111
f 1249/1249/111 1250/1250/111 1253/1253/111
f 1251/1251/2 1254/1254/2 1253/1253/2
f 1251/1251/2 1253/1253/2 1250/1250/2
f 1252/1252/112 1256/1256/112 1255/1255/112
f 1252/1252/112 1253/1253/112 1256/1256/112
f 1254/1254/2 1257/1257/2 1256/1256/2
f 1254/1254/2 1256/1256/2 1253/1253/2
f 1255/1255/112 1259/1259/112 1258/1258/112
f 1255/1255/112 1256/1256/112 1259/1259/112
f 1257/1257/2 1260/1260/2 1259/1259/2
f 1257/1257/2 1259/1259/2 1256/1256/2
f 1258/1258/112 1262/1262/112 1261/1261/112
f 1258/1258/112 1259/1259/112 1262/1262/112
f 1260/1260/2 1263/1263/2 1262/1262/2
f 1260/1260/2 1262/1262/2 1259/1259/2
f 1261/1261/113 1265/1265/113 1264/1264/113
f 1261/1261/113 1262/1262/113 1265/1265/113
f 1263/1263/2 1266/1266/2 1265/1265/2
f 1263/1263/2 1265/1265/2 1262/1262/2
f 1264/1264/113 1246/1246/113 1243/1243/113
f 1264/1264/113 1265/1265/113 1246/1246/113
f 1266/1266/2 1247/1247/2 1246/1246/2
f 1266/1266/2 1246/1246/2 1265/1265/2
f 1267/1267/122 1269/1269/122 1268/1268/122
f 1267/1267/122 1270/1270/122 1269/1269/122
f 1271/1271/2 1272/1272/2 1269/1269/2
f 1271/1271/2 1269/1269/2 1270/1270/2
f 1268/1268/123 1274/1274/123 1273/1273/123
f 1268/1268/123 1269/1269/123 1274/1274/123
f 1272/1272/2 1275/1275/2 1274/1274/2
f 1272/1272/2 1274/1274/2 1269/1269/2
f 1273/1273/123 1277/1277/123 1276/1276/123
f 1273/1273/123 1274/1274/123 1277/1277/123
f 1275/1275/2 1278/1278/2 1277/1277/2
f 1275/1275/2 1277/1277/2 1274/1274/2
f 1276/1276/123 1280/1280/123 1279/1279/123
f 1276/1276/123 1277/1277/123 1280/1280/123
f 1278/1278/2 1281/1281/2 1280/1280/2
f 1278/1278/2 1280/1280/2 1277/1277/2
f 1279/1279/124 1283/1283/124 1282/1282/124
f 1279/1279/124 1280/1280/124 1283/1283/124
f 1281/1281/2 1284/1284/2 1283/1283/2
f 1281/1281/2 1283/1283/2 1280/1280/2
f 1282/1282/124 1286/1286/124 1285/1285/124
f 1282/1282/124 1283/1283/124 1286/1286/124
f 1284/1284/2 1287/1287/2 1286/1286/2
f 1284/1284/2 1286/1286/2 1283/1283/2
f 1285/1285/124 1289/1289/124 1288/1288/124
f 1285/1285/124 1286/1286/124 1289/1289/124
f 1287/1287/2 1290/1290/2 1289/1289/2
f 1287/1287/2 1289/1289/2 1286/1286/2
f 1288/1288/125 1292/1292/125 1291/1291/125
f 1288/1288/125 1289/1289/125 1292/1292/125
f 1290/1290/2 1293/1293/2 1292/1292/2
f 1290/1290/2 1292/1292/2 1289/1289/2
f 1291/1291/125 1295/1295/125 1294/1294/125
f 1291/1291/125 1292/1292/125 1295/1295/125
f 1293/1293/2 1296/1296/2 1295/1295/2
f 1293/1293/2 1295/1295/2 1292/1292/2
f 1294/1294/125 1270/1270/125 1267/1267/125
f 1294/1294/125 1295/1295/125 1270/1270/125
f 1296/1296/2 1271/1271/2 1270/1270/2
f 1296/1296/2 1270/1270/2 1295/1295/2
f 1297/1297/122 1299/1299/122 1298/1298/122
f 1297/1297/122 1300/1300/122 1299/1299/122
f 1301/1301/2 1302/1302/2 1299/1299/2
f 1301/1301/2 1299/1299/2 1300/1300/2
f 1298/1298/122 1304/1304/122 1303/1303/122
f 1298/1298/122 1299/1299/122 1304/1304/122
f 1302/1302/2 1305/1305/2 1304/1304/2
f 1302/1302/2 1304/1304/2 1299/1299/2
f 1303/1303/122 1307/1307/122 1306/1306/122
f 1303/1303/122 1304/1304/122 1307/1307/122
f 1305/1305/2 1308/1308/2 1307/1307/2
f 1305/1305/2 1307/1307/2 1304/1304/2
f 1306/1306/123 1310/1310/123 1309/1309/123
f 1306/1306/123 1307/1307/123 1310/1310/123
f 1308/1308/2 1311/1311/2 1310/1310/2
f 1308/1308/2 1310/1310/2 1307/1307/2
f 1309/1309/123 1313/1313/123 1312/1312/123
f 1309/1309/123 1310/1310/123 1313/1313/123
f 1311/1311/2 1314/1314/2 1313/1313/2
f 1311/1311/2 1313/1313/2 1310/1310/2
f 1312/1312/123 1316/1316/123 1315/1315/123
f 1312/1312/123 1313/1313/123 1316/1316/123
f 1314/1314/2 1317/1317/2 1316/1316/2
f 1314/1314/2 1316/1316/2 1313/1313/2
f 1315/1315/124 1319/1319/124 1318/1318/124
f 1315/1315/124 1316/1316/124 1319/1319/124
f 1317/1317/2 1320/1320/2 1319/1319/2
f 1317/1317/2 1319/1319/2 1316/1316/2
f 1318/1318/124 1322/1322/124 1321/1321/124
f 1318/1318/124 1319/1319/124 1322/1322/124
f 1320/1320/2 1323/1323/2 1322/1322/2
f 1320/1320/2 1322/1322/2 1319/1319/2
f 1321/1321/125 1325/1325/125 1324/1324/125
f 1321/1321/125 1322/1322/125 1325/1325/125
f 1323/1323/2 1326/1326/2 1325/1325/2
f 1323/1323/2 1325/1325/2 1322/1322/2
f 1324/1324/125 1328/1328/125 1327/1327/125
f 1324/1324/125 1325/1325/125 1328/1328/125
f 1326/1326/2 1329/1329/2 1328/1328/2
f 1326/1326/2 1328/1328/2 1325/1325/2
f 1327/1327/125 1331/1331/125 1330/1330/125
f 1327/1327/125 1328/1328/125 1331/1331/125
f 1329/1329/2 1332/1332/2 1331/1331/2
f 1329/1329/2 1331/1331/2 1328/1328/2
f 1330/1330/125 1300/1300/125 1297/1297/125
f 1330/1330/125 1331/1331/125 1300/1300/125
f 1332/1332/2 1301/1301/2 1300/1300/2
f 1332/1332/2 1300/1300/2 1331/1331/2
f 1333/1333/122 1335/1335/122 1334/1334/122
f 1333/1333/122 1336/1336/122 1335/1335/122
f 1337/1337/2 1338/1338/2 1335/1335/2
f 1337/1337/2 1335/1335/2 1336/1336/2
f 1334/1334/122 1340/1340/122 1339/1339/122
f 1334/1334/122 1335/1335/122 1340/1340/122
f 1338/1338/2 1341/1341/2 1340/1340/2
f 1338/1338/2 1340/1340/2 1335/1335/2
f 1339/1339/123 1343/1343/123 1342/1342/123
f 1339/1339/123 1340/1340/123 1343/1343/123
f 1341/1341/2 1344/1344/2 1343/1343/2
f 1341/1341/2 1343/1343/2 1340/1340/2
f 1342/1342/123 1346/1346/123 1345/1345/123
f 1342/1342/123 1343/1343/123 1346/1346/123
f 1344/1344/2 1347/1347/2 1346/1346/2
f 1344/1344/2 1346/1346/2 1343/1343/2
f 1345/1345/123 1349/1349/123 1348/1348/123
f 1345/1345/123 1346/1346/123 1349/1349/123
f 1347/1347/2 1350/1350/2 1349/1349/2
f 1347/1347/2 1349/1349/2 1346/1346/2
f 1333/1333/126 1351/1351/126 1337/1337/126
f 1333/1333/126 1337/1337/126 1336/1336/126
f 1348/1348/127 1350/1350/127 1352/1352/127
f 1348/1348/127 1349/1349/127 1350/1350/127
f 1353/1353/128 1355/1355/128 1354/1354/128
f 1353/1353/128 1356/1356/128 1355/1355/128
f 1357/1357/2 1358/1358/2 1355/1355/2
f 1357/1357/2 1355/1355/2 1356/1356/2
f 1354/1354/128 1360/1360/128 1359/1359/128
f 1354/1354/128 1355/1355/128 1360/1360/128
f 1358/1358/2 1361/1361/2 1360/1360/2
f 1358/1358/2 1360/1360/2 1355/1355/2
f 1359/1359/129 1363/1363/129 1362/1362/129
f 1359/1359/129 1360/1360/129 1363/1363/129
f 1361/1361/2 1364/1364/2 1363/1363/2
f 1361/1361/2 1363/1363/2 1360/1360/2
f 1362/1362/129 1366/1366/129 1365/1365/129
f 1362/1362/129 1363/1363/129 1366/1366/129
f 1364/1364/2 1367/1367/2 1366/1366/2
f 1364/1364/2 1366/1366/2 1363/1363/2
f 1365/1365/130 1369/1369/130 1368/1368/130
f 1365/1365/130 1366/1366/130 1369/1369/130
f 1367/1367/2 1370/1370/2 1369/1369/2
f 1367/1367/2 1369/1369/2 1366/1366/2
f 1368/1368/130 1372/1372/130 1371/1371/130
f 1368/1368/130 1369/1369/130 1372/1372/130
f 1370/1370/2 1373/1373/2 1372/1372/2
f 1370/1370/2 1372/1372/2 1369/1369/2
f 1371/1371/131 1375/1375/131 1374/1374/131
f 1371/1371/131 1372/1372/131 1375/1375/131
f 1373/1373/2 1376/1376/2 1375/1375/2
f 1373/1373/2 1375/1375/2 1372/1372/2
f 1374/1374/131 1356/1356/131 1353/1353/131
f 1374/1374/131 1375/1375/131 1356/1356/131
f 1376/1376/2 1357/1357/2 1356/1356/2
f 1376/1376/2 1356/1356/2 1375/1375/2
f 1377/1377/110 1379/1379/110 1378/1378/110
f 1377/1377/110 1380/1380/110 1379/1379/110
f 1381/1381/2 1382/1382/2 1379/1379/2
f 1381/1381/2 1379/1379/2 1380/1380/2
f 1378/1378/111 1384/1384/111 1383/1383/111
f 1378/1378/111 1379/1379/111 1384/1384/111
f 1382/1382/2 1385/1385/2 1384/1384/2
f 1382/1382/2 1384/1384/2 1379/1379/2
f 1383/1383/112 1387/1387/112 1386/1386/112
f 1383/1383/112 1384/1384/112 1387/1387/112
f 1385/1385/2 1388/1388/2 1387/1387/2
f 1385/1385/2 1387/1387/2 1384/1384/2
f 1386/1386/112 1390/1390/112 1389/1389/112
f 1386/1386/112 1387/1387/112 1390/1390/112
f 1388/1388/2 1391/1391/2 1390/1390/2
f 1388/1388/2 1390/1390/2 1387/1387/2
f 1389/1389/113 1393/1393/113 1392/1392/113
f 1389/1389/113 1390/1390/113 1393/1393/113
f 1391/1391/2 1394/1394/2 1393/1393/2
f 1391/1391/2 1393/1393/2 1390/1390/2
f 1392/1392/113 1380/1380/113 1377/1377/113
f 1392/1392/113 1393/1393/113 1380/1380/113
f 1394/1394/2 1381/1381/2 1380/1380/2
f 1394/1394/2 1380/1380/2 1393/1393/2
f 1395/1395/132 1397/1397/132 1396/1396/132
f 1395/1395/132 1398/1398/132 1397/1397/132
f 1399/1399/2 1400/1400/2 1397/1397/2
f 1399/1399/2 1397/1397/2 1398/1398/2
f 1396/1396/132 1402/1402/132 1401/1401/132
f 1396/1396/132 1397/1397/132 1402/1402/132
f 1400/1400/2 1403/1403/2 1402/1402/2
f 1400/1400/2 1402/1402/2 1397/1397/2
f 1401/1401/133 1405/1405/133 1404/1404/133
f 1401/1401/133 1402/1402/133 1405/1405/133
f 1403/1403/2 1406/1406/2 1405/1405/2
f 1403/1403/2 1405/1405/2 1402/1402/2
f 1404/1404/133 1408/1408/133 1407/1407/133
f 1404/1404/133 1405/1405/133 1408/1408/133
f 1406/1406/2 1409/1409/2 1408/1408/2
f 1406/1406/2 1408/1408/2 1405/1405/2
f 1407/1407/133 1411/1411/133 1410/1410/133
f 1407/1407/133 1408/1408/133 1411/1411/133
f 1409/1409/2 1412/1412/2 1411/1411/2
f 1409/1409/2 1411/1411/2 1408/1408/2
f 1410/1410/133 1414/1414/133 1413/1413/133
f 1410/1410/133 1411/1411/133 1414/1414/133
f 1412/1412/2 1415/1415/2 1414/1414/2
f 1412/1412/2 1414/1414/2 1411/1411/2
f 1413/1413/134 1417/1417/134 1416/1416/134
f 1413/1413/134 1414/1414/134 1417/1417/134
f 1415/1415/2 1418/1418/2 1417/1417/2
f 1415/1415/2 1417/1417/2 1414/1414/2
f 1416/1416/135 1420/1420/135 1419/1419/135
f 1416/1416/135 1417/1417/135 1420/1420/135
f 1418/1418/2 1421/1421/2 1420/1420/2
f 1418/1418/2 1420/1420/2 1417/1417/2
f 1419/1419/135 1423/1423/135 1422/1422/135
f 1419/1419/135 1420/1420/135 1423/1423/135
f 1421/1421/2 1424/1424/2 1423/1423/2
f 1421/1421/2 1423/1423/2 1420/1420/2
f 1422/1422/135 1426/1426/135 1425/1425/135
f 1422/1422/135 1423/1423/135 1426/1426/135
f 1424/1424/2 1427/1427/2 1426/1426/2
f 1424/1424/2 1426/1426/2 1423/1423/2
f 1425/1425/135 1429/1429/135 1428/1428/135
f 1425/1425/135 1426/1426/135 1429/1429/135
f 1427/1427/2 1430/1430/2 1429/1429/2
f 1427/1427/2 1429/1429/2 1426/1426/2
f 1428/1428/135 1398/1398/135 1395/1395/135
f 1428/1428/135 1429/1429/135 1398/1398/135
f 1430/1430/2 1399/1399/2 1398/1398/2
f 1430/1430/2 1398/1398/2 1429/1429/2
f 1431/1431/132 1433/1433/132 1432/1432/132
f 1431/1431/132 1434/1434/132 1433/1433/132
f 1435/1435/2 1436/1436/2 1433/1433/2
f 1435/1435/2 1433/1433/2 1434/1434/2
f 1432/1432/132 1438/1438/132 1437/1437/132
f 1432/1432/132 1439/1439/132 1438/1438/132
f 1440/1440/2 1441/1441/2 1438/1438/2
f 1440/1440/2 1438/1438/2 1439/1439/2
f 1437/1437/132 1443/1443/132 1442/1442/132
f 1437/1437/132 1438/1438/132 1443/1443/132
f 1441/1441/2 1444/1444/2 1443/1443/2
f 1441/1441/2 1443/1443/2 1438/1438/2
f 1442/1442/132 1446/1446/132 1445/1445/132
f 1442/1442/132 1447/1447/132 1446/1446/132
f 1448/1448/2 1449/1449/2 1446/1446/2
f 1448/1448/2 1446/1446/2 1447/1447/2
f 1445/1445/133 1451/1451/133 1450/1450/133
f 1445/1445/133 1446/1446/133 1451/1451/133
f 1449/1449/2 1452/1452/2 1451/1451/2
f 1449/1449/2 1451/1451/2 1446/1446/2
f 1450/1450/133 1454/1454/133 1453/1453/133
f 1450/1450/133 1455/1455/133 1454/1454/133
f 1456/1456/2 1457/1457/2 1454/1454/2
f 1456/1456/2 1454/1454/2 1455/1455/2
f 1453/1453/133 1459/1459/133 1458/1458/133
f 1453/1453/133 1460/1460/133 1459/1459/133
f 1461/1461/2 1462/1462/2 1459/1459/2
f 1461/1461/2 1459/1459/2 1460/1460/2
f 1458/1458/133 1464/1464/133 1463/1463/133
f 1458/1458/133 1459/1459/133 1464/1464/133
f 1462/1462/2 1465/1465/2 1464/1464/2
f 1462/1462/2 1464/1464/2 1459/1459/2
f 1466/1466/135 1434/1434/135 1431/1431/135
f 1466/1466/135 1467/1467/135 1434/1434/135
f 1468/1468/2 1435/1435/2 1434/1434/2
f 1468/1468/2 1434/1434/2 1467/1467/2
f 1439/1439/136 1436/1436/136 1440/1440/136
f 1439/1439/136 1433/1433/136 1436/1436/136
f 1447/1447/137 1444/1444/137 1448/1448/137
f 1447/1447/137 1443/1443/137 1444/1444/137
f 1451/1451/138 1452/1452/138 1456/1456/138
f 1451/1451/138 1456/1456/138 1455/1455/138
f 1454/1454/139 1457/1457/139 1461/1461/139
f 1454/1454/139 1461/1461/139 1460/1460/139
f 1463/1463/140 1465/1465/140 1469/1469/140
f 1463/1463/140 1464/1464/140 1465/1465/140
f 1466/1466/141 1470/1470/141 1468/1468/141
f 1466/1466/141 1468/1468/141 1467/1467/141
f 1471/1471/118 1473/1473/118 1472/1472/118
f 1471/1471/118 1474/1474/118 1473/1473/118
f 1475/1475/2 1476/1476/2 1473/1473/2
f 1475/1475/2 1473/1473/2 1474/1474/2
f 1472/1472/118 1478/1478/118 1477/1477/118
f 1472/1472/118 1473/1473/118 1478/1478/118
f 1476/1476/2 1479/1479/2 1478/1478/2
f 1476/1476/2 1478/1478/2 1473/1473/2
f 1477/1477/118 1481/1481/118 1480/1480/118
f 1477/1477/118 1478/1478/118 1481/1481/118
f 1479/1479/2 1482/1482/2 1481/1481/2
f 1479/1479/2 1481/1481/2 1478/1478/2
f 1480/1480/119 1484/1484/119 1483/1483/119
f 1480/1480/119 1481/1481/119 1484/1484/119
f 1482/1482/2 1485/1485/2 1484/1484/2
f 1482/1482/2 1484/1484/2 1481/1481/2
f 1483/1483/120 1487/1487/120 1486/1486/120
f 1483/1483/120 1484/1484/120 1487/1487/120
f 1485/1485/2 1488/1488/2 1487/1487/2
f 1485/1485/2 1487/1487/2 1484/1484/2
f 1486/1486/120 1490/1490/120 1489/1489/120
f 1486/1486/120 1487/1487/120 1490/1490/120
f 1488/1488/2 1491/1491/2 1490/1490/2
f 1488/1488/2 1490/1490/2 1487/1487/2
f 1489/1489/121 1493/1493/121 1492/1492/121
f 1489/1489/121 1490/1490/121 1493/1493/121
f 1491/1491/2 1494/1494/2 1493/1493/2
f 1491/1491/2 1493/1493/2 1490/1490/2
f 1492/1492/121 1474/1474/121 1471/1471/121
f 1492/1492/121 1493/1493/121 1474/1474/121
f 1494/1494/2 1475/1475/2 1474/1474/2
f 1494/1494/2 1474/1474/2 1493/1493/2
f 1495/1495/142 1497/1497/142 1496/1496/142
f 1495/1495/142 1498/1498/142 1497/1497/142
f 1499/1499/2 1500/1500/2 1497/1497/2
f 1499/1499/2 1497/1497/2 1498/1498/2
f 1496/1496/142 1502/1502/142 1501/1501/142
f 1496/1496/142 1497/1497/142 1502/1502/142
f 1500/1500/2 1503/1503/2 1502/1502/2
f 1500/1500/2 1502/1502/2 1497/1497/2
f 1501/1501/143 1505/1505/143 1504/1504/143
f 1501/1501/143 1502/1502/143 1505/1505/143
f 1503/1503/2 1506/1506/2 1505/1505/2
f 1503/1503/2 1505/1505/2 1502/1502/2
f 1504/1504/143 1508/1508/143 1507/1507/143
f 1504/1504/143 1505/1505/143 1508/1508/143
f 1506/1506/2 1509/1509/2 1508/1508/2
f 1506/1506/2 1508/1508/2 1505/1505/2
f 1507/1507/144 1511/1511/144 1510/1510/144
f 1507/1507/144 1508/1508/144 1511/1511/144
f 1509/1509/2 1512/1512/2 1511/1511/2
f 1509/1509/2 1511/1511/2 1508/1508/2
f 1510/1510/145 1498/1498/145 1495/1495/145
f 1510/1510/145 1511/1511/145 1498/1498/145
f 1512/1512/2 1499/1499/2 1498/1498/2
f 1512/1512/2 1498/1498/2 1511/1511/2
f 1513/1513/142 1515/1515/142 1514/1514/142
f 1513/1513/142 1516/1516/142 1515/1515/142
f 1517/1517/2 1518/1518/2 1515/1515/2
f 1517/1517/2 1515/1515/2 1516/1516/2
f 1514/1514/143 1520/1520/143 1519/1519/143
f 1514/1514/143 1515/1515/143 1520/1520/143
f 1518/1518/2 1521/1521/2 1520/1520/2
f 1518/1518/2 1520/1520/2 1515/1515/2
f 1519/1519/144 1523/1523/144 1522/1522/144
f 1519/1519/144 1520/1520/144 1523/1523/144
f 1521/1521/2 1524/1524/2 1523/1523/2
f 1521/1521/2 1523/1523/2 1520/1520/2
f 1525/1525/145 1527/1527/145 1526/1526/145
f 1525/1525/145 1528/1528/145 1527/1527/145
f 1529/1529/2 1530/1530/2 1527/1527/2
f 1529/1529/2 1527/1527/2 1528/1528/2
f 1526/1526/145 1516/1516/145 1513/1513/145
f 1526/1526/145 1527/1527/145 1516/1516/145
f 1530/1530/2 1517/1517/2 1516/1516/2
f 1530/1530/2 1516/1516/2 1527/1527/2
f 1531/1531/110 1533/1533/110 1532/1532/110
f 1531/1531/110 1534/1534/110 1533/1533/110
f 1535/1535/2 1536/1536/2 1533/1533/2
f 1535/1535/2 1533/1533/2 1534/1534/2
f 1532/1532/110 1538/1538/110 1537/1537/110
f 1532/1532/110 1533/1533/110 1538/1538/110
f 1536/1536/2 1539/1539/2 1538/1538/2
f 1536/1536/2 1538/1538/2 1533/1533/2
f 1537/1537/111 1541/1541/111 1540/1540/111
f 1537/1537/111 1538/1538/111 1541/1541/111
f 1539/1539/2 1542/1542/2 1541/1541/2
f 1539/1539/2 1541/1541/2 1538/1538/2
f 1540/1540/112 1544/1544/112 1543/1543/112
f 1540/1540/112 1541/1541/112 1544/1544/112
f 1542/1542/2 1545/1545/2 1544/1544/2
f 1542/1542/2 1544/1544/2 1541/1541/2
f 1543/1543/112 1547/1547/112 1546/1546/112
f 1543/1543/112 1544/1544/112 1547/1547/112
f 1545/1545/2 1548/1548/2 1547/1547/2
f 1545/1545/2 1547/1547/2 1544/1544/2
f 1546/1546/113 1534/1534/113 1531/1531/113
f 1546/1546/113 1547/1547/113 1534/1534/113
f 1548/1548/2 1535/1535/2 1534/1534/2
f 1548/1548/2 1534/1534/2 1547/1547/2
f 1549/1549/118 1551/1551/118 1550/1550/118
f 1549/1549/118 1552/1552/118 1551/1551/118
f 1553/1553/2 1554/1554/2 1551/1551/2
f 1553/1553/2 1551/1551/2 1552/1552/2
f 1550/1550/146 1556/1556/146 1555/1555/146
f 1550/1550/146 1551/1551/146 1556/1556/146
f 1554/1554/2 1557/1557/2 1556/1556/2
f 1554/1554/2 1556/1556/2 1551/1551/2
f 1555/1555/120 1559/1559/120 1558/1558/120
f 1555/1555/120 1556/1556/120 1559/1559/120
f 1557/1557/2 1560/1560/2 1559/1559/2
f 1557/1557/2 1559/1559/2 1556/1556/2
f 1558/1558/121 1552/1552/121 1549/1549/121
f 1558/1558/121 1559/1559/121 1552/1552/121
f 1560/1560/2 1553/1553/2 1552/1552/2
f 1560/1560/2 1552/1552/2 1559/1559/2
f 1561/1561/147 1563/1563/147 1562/1562/147
f 1561/1561/147 1564/1564/147 1563/1563/147
f 1565/1565/2 1566/1566/2 1563/1563/2
f 1565/1565/2 1563/1563/2 1564/1564/2
f 1562/1562/148 1568/1568/148 1567/1567/148
f 1562/1562/148 1563/1563/148 1568/1568/148
f 1566/1566/2 1569/1569/2 1568/1568/2
f 1566/1566/2 1568/1568/2 1563/1563/2
f 1567/1567/148 1571/1571/148 1570/1570/148
f 1567/1567/148 1568/1568/148 1571/1571/148
f 1569/1569/2 1572/1572/2 1571/1571/2
f 1569/1569/2 1571/1571/2 1568/1568/2
f 1570/1570/149 1574/1574/149 1573/1573/149
f 1570/1570/149 1571/1571/149 1574/1574/149
f 1572/1572/2 1575/1575/2 1574/1574/2
f 1572/1572/2 1574/1574/2 1571/1571/2
f 1573/1573/150 1577/1577/150 1576/1576/150
f 1573/1573/150 1574/1574/150 1577/1577/150
f 1575/1575/2 1578/1578/2 1577/1577/2
f 1575/1575/2 1577/1577/2 1574/1574/2
f 1576/1576/150 1564/1564/150 1561/1561/150
f 1576/1576/150 1577/1577/150 1564/1564/150
f 1578/1578/2 1565/1565/2 1564/1564/2
f 1578/1578/2 1564/1564/2 1577/1577/2
f 1579/1579/118 1581/1581/118 1580/1580/118
f 1579/1579/118 1582/1582/118 1581/1581/118
f 1583/1583/2 1584/1584/2 1581/1581/2
f 1583/1583/2 1581/1581/2 1582/1582/2
f 1580/1580/118 1586/1586/118 1585/1585/118
f 1580/1580/118 1581/1581/118 1586/1586/118
f 1584/1584/2 1587/1587/2 1586/1586/2
f 1584/1584/2 1586/1586/2 1581/1581/2
f 1585/1585/119 1589/1589/119 1588/1588/119
f 1585/1585/119 1586/1586/119 1589/1589/119
f 1587/1587/2 1590/1590/2 1589/1589/2
f 1587/1587/2 1589/1589/2 1586/1586/2
f 1588/1588/120 1592/1592/120 1591/1591/120
f 1588/1588/120 1589/1589/120 1592/1592/120
f 1590/1590/2 1593/1593/2 1592/1592/2
f 1590/1590/2 1592/1592/2 1589/1589/2
f 1591/1591/120 1595/1595/120 1594/1594/120
f 1591/1591/120 1592/1592/120 1595/1595/120
f 1593/1593/2 1596/1596/2 1595/1595/2
f 1593/1593/2 1595/1595/2 1592/1592/2
f 1594/1594/121 1582/1582/121 1579/1579/121
f 1594/1594/121 1595/1595/121 1582/1582/121
f 1596/1596/2 1583/1583/2 1582/1582/2
f 1596/1596/2 1582/1582/2 1595/1595/2
