# JudeanFloraV1; canonical UE cm (X east, +Y south, Z up), written with Y reflected and triangle winding reversed for the legacy OBJ importer adapter. One o object, no g groups, so the importer creates exactly one material slot.
# Judas tree (Cercis siliquastrum), StreetTreesV1 seed 2, LOD0 leaf
# height 3.5-7.5 m, crown 3.0-6.5 m; source: Zohary & Feinbrun-Dothan, Flora Palaestina vols I-IV (Israel Academy of Sciences, 1966-1986) Cercis siliquastrum; a small tree of 3.5-7.5 m, often multi-stemmed
# branching is recursive with da Vinci child radii; leaf sprays are anchored to branch tips. Stylised habit, not a survey of any tree.
o SM_StreetTreesV1_JudasTree_S2_L0_Leaf
s off
v -19.22378 -11.51198 446.32433
v -25.57951 39.93542 446.32433
v -27.03303 39.75468 498.14213
v -20.67730 -11.69272 498.14213
v -19.22378 -11.51198 446.32433
v -25.57951 39.93542 446.32433
v -27.03303 39.75468 498.14213
v -20.67730 -11.69272 498.14213
v -39.88996 34.41859 417.98409
v 7.85124 23.04994 417.98409
v 7.93182 23.38950 467.05900
v -39.80938 34.75815 467.05900
v -39.88996 34.41859 417.98409
v 7.85124 23.04994 417.98409
v 7.93182 23.38950 467.05900
v -39.80938 34.75815 467.05900
v -9.62815 38.54271 456.78413
v -38.73629 13.77886 456.78413
v -34.83550 9.20116 494.52483
v -5.72736 33.96500 494.52483
v -9.62815 38.54271 456.78413
v -38.73629 13.77886 456.78413
v -34.83550 9.20116 494.52483
v -5.72736 33.96500 494.52483
v 12.49040 15.24721 473.33196
v 6.32275 64.24574 473.33196
v 0.46951 63.50423 522.36344
v 6.63717 14.50570 522.36344
v 12.49040 15.24721 473.33196
v 6.32275 64.24574 473.33196
v 0.46951 63.50423 522.36344
v 6.63717 14.50570 522.36344
v -28.62223 28.87671 472.82222
v -31.09589 70.23555 472.82222
v -35.31389 69.97990 514.03890
v -32.84023 28.62106 514.03890
v -28.62223 28.87671 472.82222
v -31.09589 70.23555 472.82222
v -35.31389 69.97990 514.03890
v -32.84023 28.62106 514.03890
v -19.35126 66.09730 441.21515
v 0.56179 24.76786 441.21515
v 0.87330 24.91826 487.09033
v -19.03975 66.24769 487.09033
v -19.35126 66.09730 441.21515
v 0.56179 24.76786 441.21515
v 0.87330 24.91826 487.09033
v -19.03975 66.24769 487.09033
v -0.84886 72.80777 492.96856
v -27.46430 34.02331 492.96856
v -21.97225 30.26088 539.53353
v 4.64319 69.04534 539.53353
v -0.84886 72.80777 492.96856
v -27.46430 34.02331 492.96856
v -21.97225 30.26088 539.53353
v 4.64319 69.04534 539.53353
v -31.08456 33.93656 490.61582
v 6.23889 0.20202 490.61582
v 4.38038 -1.85751 540.84892
v -32.94308 31.87703 540.84892
v -31.08456 33.93656 490.61582
v 6.23889 0.20202 490.61582
v 4.38038 -1.85751 540.84892
v -32.94308 31.87703 540.84892
v -8.83035 48.71663 466.98146
v -22.64475 -0.44245 466.98146
v -18.09395 -1.71738 517.82551
v -4.27956 47.44170 517.82551
v -8.83035 48.71663 466.98146
v -22.64475 -0.44245 466.98146
v -18.09395 -1.71738 517.82551
v -4.27956 47.44170 517.82551
v -12.71485 60.17535 423.62468
v -12.91020 7.76190 423.62468
v -15.73389 7.77017 475.96238
v -15.53853 60.18363 475.96238
v -12.71485 60.17535 423.62468
v -12.91020 7.76190 423.62468
v -15.73389 7.77017 475.96238
v -15.53853 60.18363 475.96238
v -55.18655 71.02801 454.71117
v -19.21748 59.93672 454.71117
v -19.89613 57.72961 492.28056
v -55.86520 68.82091 492.28056
v -55.18655 71.02801 454.71117
v -19.21748 59.93672 454.71117
v -19.89613 57.72961 492.28056
v -55.86520 68.82091 492.28056
v -22.35290 8.38064 444.42036
v -25.96026 50.94966 444.42036
v -33.12741 50.33656 486.53202
v -29.52005 7.76753 486.53202
v -22.35290 8.38064 444.42036
v -25.96026 50.94966 444.42036
v -33.12741 50.33656 486.53202
v -29.52005 7.76753 486.53202
v -38.05777 51.62573 435.49861
v -22.10739 104.78908 435.49861
v -23.19592 105.11472 490.99154
v -39.14630 51.95138 490.99154
v -38.05777 51.62573 435.49861
v -22.10739 104.78908 435.49861
v -23.19592 105.11472 490.99154
v -39.14630 51.95138 490.99154
v -75.52252 49.79614 461.09232
v -27.86737 59.77774 461.09232
v -27.03330 55.81141 509.61261
v -74.68846 45.82981 509.61261
v -75.52252 49.79614 461.09232
v -27.86737 59.77774 461.09232
v -27.03330 55.81141 509.61261
v -74.68846 45.82981 509.61261
v -23.48762 13.31683 463.20783
v -17.85955 67.06907 463.20783
v -18.67279 67.15357 517.24772
v -24.30085 13.40133 517.24772
v -23.48762 13.31683 463.20783
v -17.85955 67.06907 463.20783
v -18.67279 67.15357 517.24772
v -24.30085 13.40133 517.24772
v -59.28467 19.48459 473.05375
v -37.74868 69.33924 473.05375
v -44.10068 72.07714 526.91877
v -65.63666 22.22250 526.91877
v -59.28467 19.48459 473.05375
v -37.74868 69.33924 473.05375
v -44.10068 72.07714 526.91877
v -65.63666 22.22250 526.91877
v -64.35328 64.67085 461.34142
v -25.29798 31.34517 461.34142
v -28.00405 28.16872 512.51275
v -67.05935 61.49440 512.51275
v -64.35328 64.67085 461.34142
v -25.29798 31.34517 461.34142
v -28.00405 28.16872 512.51275
v -67.05935 61.49440 512.51275
v -38.73036 39.35011 447.45936
v -90.83018 41.66936 447.45936
v -90.91000 39.84372 499.57875
v -38.81017 37.52446 499.57875
v -38.73036 39.35011 447.45936
v -90.83018 41.66936 447.45936
v -90.91000 39.84372 499.57875
v -38.81017 37.52446 499.57875
v 4.14622 47.45749 434.76528
v 48.58193 32.30613 434.76528
v 49.68178 35.54019 481.58864
v 5.24607 50.69155 481.58864
v 4.14622 47.45749 434.76528
v 48.58193 32.30613 434.76528
v 49.68178 35.54019 481.58864
v 5.24607 50.69155 481.58864
v 9.51834 65.41640 465.37955
v -27.47848 57.77899 465.37955
v -27.86575 59.64748 503.10823
v 9.13107 67.28489 503.10823
v 9.51834 65.41640 465.37955
v -27.47848 57.77899 465.37955
v -27.86575 59.64748 503.10823
v 9.13107 67.28489 503.10823
v -2.36933 9.64664 441.87888
v 20.02669 41.25313 441.87888
v 16.02646 44.08287 480.30469
v -6.36956 12.47638 480.30469
v -2.36933 9.64664 441.87888
v 20.02669 41.25313 441.87888
v 16.02646 44.08287 480.30469
v -6.36956 12.47638 480.30469
v 20.35142 45.31259 438.81167
v 24.30092 91.20906 438.81167
v 18.20183 91.72901 484.46926
v 14.25233 45.83254 484.46926
v 20.35142 45.31259 438.81167
v 24.30092 91.20906 438.81167
v 18.20183 91.72901 484.46926
v 14.25233 45.83254 484.46926
v 48.45503 22.99364 462.20632
v 8.09452 56.97852 462.20632
v 7.57364 56.35893 514.96319
v 47.93415 22.37405 514.96319
v 48.45503 22.99364 462.20632
v 8.09452 56.97852 462.20632
v 7.57364 56.35893 514.96319
v 47.93415 22.37405 514.96319
v 43.42587 19.33152 444.55094
v 10.00072 57.29959 444.55094
v 10.76749 57.97570 495.12533
v 44.19264 20.00763 495.12533
v 43.42587 19.33152 444.55094
v 10.00072 57.29959 444.55094
v 10.76749 57.97570 495.12533
v 44.19264 20.00763 495.12533
v 12.07105 77.24336 457.59687
v 0.41556 24.70056 457.59687
v 7.55997 23.12169 510.91722
v 19.21545 75.66449 510.91722
v 12.07105 77.24336 457.59687
v 0.41556 24.70056 457.59687
v 7.55997 23.12169 510.91722
v 19.21545 75.66449 510.91722
v 11.34667 74.47569 474.82119
v 50.92916 89.01618 474.82119
v 51.46926 87.54951 516.96092
v 11.88678 73.00901 516.96092
v 11.34667 74.47569 474.82119
v 50.92916 89.01618 474.82119
v 51.46926 87.54951 516.96092
v 11.88678 73.00901 516.96092
v 1.38123 73.03674 474.54071
v 28.74724 34.81673 474.54071
v 29.27088 35.19230 521.54339
v 1.90487 73.41230 521.54339
v 1.38123 73.03674 474.54071
v 28.74724 34.81673 474.54071
v 29.27088 35.19230 521.54339
v 1.90487 73.41230 521.54339
v 24.88957 21.34783 442.96174
v 47.37799 55.07588 442.96174
v 44.78429 56.80226 483.37959
v 22.29587 23.07422 483.37959
v 24.88957 21.34783 442.96174
v 47.37799 55.07588 442.96174
v 44.78429 56.80226 483.37959
v 22.29587 23.07422 483.37959
v 36.94346 58.49666 437.23217
v 60.90393 13.14391 437.23217
v 68.93980 17.39756 487.71293
v 44.97933 62.75030 487.71293
v 36.94346 58.49666 437.23217
v 60.90393 13.14391 437.23217
v 68.93980 17.39756 487.71293
v 44.97933 62.75030 487.71293
v 31.68330 17.80235 477.75346
v 26.55394 54.69629 477.75346
v 24.85939 54.45932 514.96294
v 29.98875 17.56538 514.96294
v 31.68330 17.80235 477.75346
v 26.55394 54.69629 477.75346
v 24.85939 54.45932 514.96294
v 29.98875 17.56538 514.96294
v 6.10007 7.27589 473.77640
v 42.85992 37.01399 473.77640
v 44.32324 35.20809 521.00180
v 7.56340 5.46999 521.00180
v 6.10007 7.27589 473.77640
v 42.85992 37.01399 473.77640
v 44.32324 35.20809 521.00180
v 7.56340 5.46999 521.00180
v 47.40256 68.12573 481.81223
v 47.50681 13.35757 481.81223
v 52.55966 13.37121 536.34691
v 52.45542 68.13937 536.34691
v 47.40256 68.12573 481.81223
v 47.50681 13.35757 481.81223
v 52.55966 13.37121 536.34691
v 52.45542 68.13937 536.34691
v 61.42230 -6.81801 469.24970
v 32.25468 27.94261 469.24970
v 35.42759 30.60931 514.43678
v 64.59522 -4.15132 514.43678
v 61.42230 -6.81801 469.24970
v 32.25468 27.94261 469.24970
v 35.42759 30.60931 514.43678
v 64.59522 -4.15132 514.43678
v 54.89361 11.67958 504.66121
v 21.55596 21.91496 504.66121
v 21.26931 20.97868 539.52098
v 54.60697 10.74329 539.52098
v 54.89361 11.67958 504.66121
v 21.55596 21.91496 504.66121
v 21.26931 20.97868 539.52098
v 54.60697 10.74329 539.52098
v 57.16948 22.77581 521.80109
v 48.77511 56.22936 521.80109
v 48.37563 56.12878 556.28928
v 56.77000 22.67523 556.28928
v 57.16948 22.77581 521.80109
v 48.77511 56.22936 521.80109
v 48.37563 56.12878 556.28928
v 56.77000 22.67523 556.28928
v -5.41293 0.46864 505.13837
v 44.38678 20.21925 505.13837
v 44.95141 18.79886 558.68985
v -4.84830 -0.95174 558.68985
v -5.41293 0.46864 505.13837
v 44.38678 20.21925 505.13837
v 44.95141 18.79886 558.68985
v -4.84830 -0.95174 558.68985
v -13.34837 41.26302 453.92500
v 9.93787 75.40703 453.92500
v 10.74588 74.85691 495.24215
v -12.54036 40.71290 495.24215
v -13.34837 41.26302 453.92500
v 9.93787 75.40703 453.92500
v 10.74588 74.85691 495.24215
v -12.54036 40.71290 495.24215
v -16.94157 47.45923 477.68559
v 19.93818 14.05732 477.68559
v 17.73129 11.61674 527.33413
v -19.14847 45.01865 527.33413
v -16.94157 47.45923 477.68559
v 19.93818 14.05732 477.68559
v 17.73129 11.61674 527.33413
v -19.14847 45.01865 527.33413
v 23.74662 27.15957 450.59138
v 0.12615 54.13735 450.59138
v 2.18556 55.94337 486.34364
v 25.80602 28.96558 486.34364
v 23.74662 27.15957 450.59138
v 0.12615 54.13735 450.59138
v 2.18556 55.94337 486.34364
v 25.80602 28.96558 486.34364
v -23.25328 17.56715 463.72233
v 20.18287 41.11160 463.72233
v 17.63879 45.79617 512.84079
v -25.79736 22.25171 512.84079
v -23.25328 17.56715 463.72233
v 20.18287 41.11160 463.72233
v 17.63879 45.79617 512.84079
v -25.79736 22.25171 512.84079
v 20.97605 3.23581 468.28343
v 5.64235 47.80294 468.28343
v 11.02682 49.66031 515.06920
v 26.36051 5.09318 515.06920
v 20.97605 3.23581 468.28343
v 5.64235 47.80294 468.28343
v 11.02682 49.66031 515.06920
v 26.36051 5.09318 515.06920
v -9.66390 31.89268 484.96245
v 24.87037 1.69647 484.96245
v 27.43588 4.63527 530.67031
v -7.09839 34.83148 530.67031
v -9.66390 31.89268 484.96245
v 24.87037 1.69647 484.96245
v 27.43588 4.63527 530.67031
v -7.09839 34.83148 530.67031
v -0.11612 26.57848 517.81510
v -22.43056 63.49765 517.81510
v -26.28422 61.16425 560.71805
v -3.96979 24.24508 560.71805
v -0.11612 26.57848 517.81510
v -22.43056 63.49765 517.81510
v -26.28422 61.16425 560.71805
v -3.96979 24.24508 560.71805
v 20.12115 22.51838 487.05665
v -30.62426 29.57863 487.05665
v -29.32105 39.00037 537.40023
v 21.42436 31.94013 537.40023
v 20.12115 22.51838 487.05665
v -30.62426 29.57863 487.05665
v -29.32105 39.00037 537.40023
v 21.42436 31.94013 537.40023
v -16.20716 4.48543 520.17236
v 19.54120 40.30854 520.17236
v 23.18736 36.67578 570.51864
v -12.56100 0.85267 570.51864
v -16.20716 4.48543 520.17236
v 19.54120 40.30854 520.17236
v 23.18736 36.67578 570.51864
v -12.56100 0.85267 570.51864
v 45.07331 40.72340 442.29586
v 38.42711 76.28982 442.29586
v 31.80772 75.04741 477.84557
v 38.45391 39.48100 477.84557
v 45.07331 40.72340 442.29586
v 38.42711 76.28982 442.29586
v 31.80772 75.04741 477.84557
v 38.45391 39.48100 477.84557
v 51.72601 31.91207 443.21696
v 18.82489 58.75273 443.21696
v 19.62486 59.73492 485.65868
v 52.52597 32.89426 485.65868
v 51.72601 31.91207 443.21696
v 18.82489 58.75273 443.21696
v 19.62486 59.73492 485.65868
v 52.52597 32.89426 485.65868
v 53.96067 48.97307 436.92029
v 14.66156 25.99237 436.92029
v 16.16740 23.42195 482.34779
v 55.46651 46.40265 482.34779
v 53.96067 48.97307 436.92029
v 14.66156 25.99237 436.92029
v 16.16740 23.42195 482.34779
v 55.46651 46.40265 482.34779
v 59.17929 55.57836 441.88584
v 23.07083 61.34111 441.88584
v 22.24063 56.11250 478.06599
v 58.34910 50.34975 478.06599
v 59.17929 55.57836 441.88584
v 23.07083 61.34111 441.88584
v 22.24063 56.11250 478.06599
v 58.34910 50.34975 478.06599
v 49.64014 66.96430 457.86086
v 68.86294 102.48474 457.86086
v 68.63399 102.60841 498.24836
v 49.41119 67.08796 498.24836
v 49.64014 66.96430 457.86086
v 68.86294 102.48474 457.86086
v 68.63399 102.60841 498.24836
v 49.41119 67.08796 498.24836
v 63.11359 70.14810 449.57465
v 88.67464 43.22055 449.57465
v 87.49576 42.09971 486.66662
v 61.93470 69.02725 486.66662
v 63.11359 70.14810 449.57465
v 88.67464 43.22055 449.57465
v 87.49576 42.09971 486.66662
v 61.93470 69.02725 486.66662
v 57.68918 111.21848 468.98643
v 50.15652 74.16004 468.98643
v 52.11687 73.76320 506.74975
v 59.64952 110.82164 506.74975
v 57.68918 111.21848 468.98643
v 50.15652 74.16004 468.98643
v 52.11687 73.76320 506.74975
v 59.64952 110.82164 506.74975
v 86.24287 99.34455 488.74221
v 100.85712 61.37737 488.74221
v 98.68917 60.54091 529.35851
v 84.07491 98.50809 529.35851
v 86.24287 99.34455 488.74221
v 100.85712 61.37737 488.74221
v 98.68917 60.54091 529.35851
v 84.07491 98.50809 529.35851
v 85.36157 36.13418 487.48211
v 68.73658 81.80874 487.48211
v 75.64073 84.32799 535.52939
v 92.26572 38.65344 535.52939
v 85.36157 36.13418 487.48211
v 68.73658 81.80874 487.48211
v 75.64073 84.32799 535.52939
v 92.26572 38.65344 535.52939
v -49.26020 9.86166 450.44675
v -24.00273 -24.07109 450.44675
v -26.10642 -25.63956 492.66625
v -51.36389 8.29320 492.66625
v -49.26020 9.86166 450.44675
v -24.00273 -24.07109 450.44675
v -26.10642 -25.63956 492.66625
v -51.36389 8.29320 492.66625
v -24.25605 -5.91166 443.82444
v -36.96472 -43.99416 443.82444
v -33.07512 -45.28873 483.76166
v -20.36646 -7.20623 483.76166
v -24.25605 -5.91166 443.82444
v -36.96472 -43.99416 443.82444
v -33.07512 -45.28873 483.76166
v -20.36646 -7.20623 483.76166
v -49.76793 -30.52435 440.60544
v -75.89325 7.70983 440.60544
v -76.20724 7.49491 486.91137
v -50.08192 -30.73926 486.91137
v -49.76793 -30.52435 440.60544
v -75.89325 7.70983 440.60544
v -76.20724 7.49491 486.91137
v -50.08192 -30.73926 486.91137
v -53.57875 -56.09675 476.32373
v -72.69619 -26.26455 476.32373
v -72.01674 -25.82837 511.74668
v -52.89930 -55.66058 511.74668
v -53.57875 -56.09675 476.32373
v -72.69619 -26.26455 476.32373
v -72.01674 -25.82837 511.74668
v -52.89930 -55.66058 511.74668
v -98.09251 -28.97096 493.32295
v -47.70332 -39.66905 493.32295
v -47.83741 -40.30311 544.83120
v -98.22660 -29.60502 544.83120
v -98.09251 -28.97096 493.32295
v -47.70332 -39.66905 493.32295
v -47.83741 -40.30311 544.83120
v -98.22660 -29.60502 544.83120
v -40.54100 -47.05612 477.56205
v -59.07519 -12.72743 477.56205
v -62.68341 -14.67923 516.35827
v -44.14921 -49.00792 516.35827
v -40.54100 -47.05612 477.56205
v -59.07519 -12.72743 477.56205
v -62.68341 -14.67923 516.35827
v -44.14921 -49.00792 516.35827
v -80.33138 -65.92858 477.46095
v -76.94448 -26.39530 477.46095
v -72.06129 -26.80974 516.83523
v -75.44819 -66.34301 516.83523
v -80.33138 -65.92858 477.46095
v -76.94448 -26.39530 477.46095
v -72.06129 -26.80974 516.83523
v -75.44819 -66.34301 516.83523
v -108.95658 -55.75422 465.22758
v -54.71230 -66.25839 465.22758
v -54.59643 -65.65750 520.47616
v -108.84072 -55.15332 520.47616
v -108.95658 -55.75422 465.22758
v -54.71230 -66.25839 465.22758
v -54.59643 -65.65750 520.47616
v -108.84072 -55.15332 520.47616
v -29.52495 -50.83089 509.70439
v -63.68553 -40.88398 509.70439
v -63.98530 -41.91652 545.26744
v -29.82471 -51.86344 545.26744
v -29.52495 -50.83089 509.70439
v -63.68553 -40.88398 509.70439
v -63.98530 -41.91652 545.26744
v -29.82471 -51.86344 545.26744
v -55.41240 -21.35067 477.56303
v -36.67324 22.98209 477.56303
v -33.87008 21.79984 525.59733
v -52.60924 -22.53292 525.59733
v -55.41240 -21.35067 477.56303
v -36.67324 22.98209 477.56303
v -33.87008 21.79984 525.59733
v -52.60924 -22.53292 525.59733
v -29.64265 24.74838 482.36426
v -31.79108 -11.63297 482.36426
v -33.94601 -11.50744 518.74501
v -31.79757 24.87391 518.74501
v -29.64265 24.74838 482.36426
v -31.79108 -11.63297 482.36426
v -33.94601 -11.50744 518.74501
v -31.79757 24.87391 518.74501
v -42.99914 -33.74353 459.95561
v -92.64870 -10.39256 459.95561
v -89.55871 -3.80893 514.33809
v -39.90915 -27.15990 514.33809
v -42.99914 -33.74353 459.95561
v -92.64870 -10.39256 459.95561
v -89.55871 -3.80893 514.33809
v -39.90915 -27.15990 514.33809
v -26.25549 -15.93041 456.08035
v -42.39814 37.79136 456.08035
v -48.52610 35.94467 511.80873
v -32.38346 -17.77710 511.80873
v -26.25549 -15.93041 456.08035
v -42.39814 37.79136 456.08035
v -48.52610 35.94467 511.80873
v -32.38346 -17.77710 511.80873
v -3.91437 29.24347 482.90273
v -32.58900 5.27006 482.90273
v -33.83498 6.75798 520.22823
v -5.16036 30.73139 520.22823
v -3.91437 29.24347 482.90273
v -32.58900 5.27006 482.90273
v -33.83498 6.75798 520.22823
v -5.16036 30.73139 520.22823
v -52.08075 -33.16152 472.66746
v -22.70453 9.34703 472.66746
v -23.55680 9.93501 524.32854
v -52.93303 -32.57354 524.32854
v -52.08075 -33.16152 472.66746
v -22.70453 9.34703 472.66746
v -23.55680 9.93501 524.32854
v -52.93303 -32.57354 524.32854
v -68.52336 -14.93368 501.84972
v -31.85775 -13.93641 501.84972
v -31.89390 -12.64516 538.50613
v -68.55951 -13.64243 538.50613
v -68.52336 -14.93368 501.84972
v -31.85775 -13.93641 501.84972
v -31.89390 -12.64516 538.50613
v -68.55951 -13.64243 538.50613
v -30.96485 -15.93182 518.78683
v -9.72925 27.67525 518.78683
v -12.27848 28.91415 567.20680
v -33.51408 -14.69291 567.20680
v -30.96485 -15.93182 518.78683
v -9.72925 27.67525 518.78683
v -12.27848 28.91415 567.20680
v -33.51408 -14.69291 567.20680
v -36.44249 12.36933 508.31012
v -75.86225 37.65954 508.31012
v -76.32340 36.93950 555.13726
v -36.90364 11.64928 555.13726
v -36.44249 12.36933 508.31012
v -75.86225 37.65954 508.31012
v -76.32340 36.93950 555.13726
v -36.90364 11.64928 555.13726
v -0.94254 -12.96598 431.33527
v -8.12859 -50.58696 431.33527
v -14.84790 -49.30904 469.02075
v -7.66185 -11.68806 469.02075
v -0.94254 -12.96598 431.33527
v -8.12859 -50.58696 431.33527
v -14.84790 -49.30904 469.02075
v -7.66185 -11.68806 469.02075
v -7.87400 -8.46464 433.48992
v -48.14532 -2.65839 433.48992
v -48.66789 -6.30338 474.01069
v -8.39657 -12.10963 474.01069
v -7.87400 -8.46464 433.48992
v -48.14532 -2.65839 433.48992
v -48.66789 -6.30338 474.01069
v -8.39657 -12.10963 474.01069
v -0.23466 -12.25634 456.38116
v -31.66622 -30.10959 456.38116
v -30.54383 -32.08196 492.45790
v 0.88773 -14.22871 492.45790
v -0.23466 -12.25634 456.38116
v -31.66622 -30.10959 456.38116
v -30.54383 -32.08196 492.45790
v 0.88773 -14.22871 492.45790
v -23.83934 -32.44873 478.18174
v 3.29416 -55.99479 478.18174
v 3.93229 -55.25825 514.09404
v -23.20120 -31.71219 514.09404
v -23.83934 -32.44873 478.18174
v 3.29416 -55.99479 478.18174
v 3.93229 -55.25825 514.09404
v -23.20120 -31.71219 514.09404
v -15.51442 -46.46084 446.29894
v -24.82136 1.60571 446.29894
v -25.21255 1.52964 495.25661
v -15.90561 -46.53691 495.25661
v -15.51442 -46.46084 446.29894
v -24.82136 1.60571 446.29894
v -25.21255 1.52964 495.25661
v -15.90561 -46.53691 495.25661
v 5.00590 -25.86267 467.67681
v -32.23452 -67.12907 467.67681
v -36.05902 -63.68321 523.02356
v 1.18140 -22.41681 523.02356
v 5.00590 -25.86267 467.67681
v -32.23452 -67.12907 467.67681
v -36.05902 -63.68321 523.02356
v 1.18140 -22.41681 523.02356
v -15.71549 -21.93309 504.60512
v -7.90553 -66.13024 504.60512
v -9.68981 -66.44700 549.45040
v -17.49978 -22.24985 549.45040
v -15.71549 -21.93309 504.60512
v -7.90553 -66.13024 504.60512
v -9.68981 -66.44700 549.45040
v -17.49978 -22.24985 549.45040
v -47.10977 -38.82603 465.95060
v -9.75415 -75.30339 465.95060
v -7.51432 -73.00597 518.06341
v -44.86994 -36.52862 518.06341
v -47.10977 -38.82603 465.95060
v -9.75415 -75.30339 465.95060
v -7.51432 -73.00597 518.06341
v -44.86994 -36.52862 518.06341
v -25.63849 -56.42128 501.40984
v -22.87516 -22.37263 501.40984
v -25.29230 -22.17839 535.48427
v -28.05562 -56.22704 535.48427
v -25.63849 -56.42128 501.40984
v -22.87516 -22.37263 501.40984
v -25.29230 -22.17839 535.48427
v -28.05562 -56.22704 535.48427
v 108.78018 120.94302 447.75478
v 80.32175 149.44785 447.75478
v 79.07264 148.19878 487.99514
v 107.53107 119.69396 487.99514
v 108.78018 120.94302 447.75478
v 80.32175 149.44785 447.75478
v 79.07264 148.19878 487.99514
v 107.53107 119.69396 487.99514
v 135.43455 124.76573 430.31502
v 128.10813 76.72629 430.31502
v 123.59541 77.41084 478.69508
v 130.92183 125.45028 478.69508
v 135.43455 124.76573 430.31502
v 128.10813 76.72629 430.31502
v 123.59541 77.41084 478.69508
v 130.92183 125.45028 478.69508
v 153.21312 126.76636 433.47556
v 104.35591 101.42026 433.47556
v 106.89976 96.52628 488.23895
v 155.75696 121.87238 488.23895
v 153.21312 126.76636 433.47556
v 104.35591 101.42026 433.47556
v 106.89976 96.52628 488.23895
v 155.75696 121.87238 488.23895
v 121.08028 119.94017 461.36464
v 129.23007 85.62341 461.36464
v 131.30302 86.11745 496.57143
v 123.15322 120.43421 496.57143
v 121.08028 119.94017 461.36464
v 129.23007 85.62341 461.36464
v 131.30302 86.11745 496.57143
v 123.15322 120.43421 496.57143
v 105.14689 82.98980 471.67335
v 157.91239 96.33914 471.67335
v 159.03198 91.92856 525.91076
v 106.26647 78.57922 525.91076
v 105.14689 82.98980 471.67335
v 157.91239 96.33914 471.67335
v 159.03198 91.92856 525.91076
v 106.26647 78.57922 525.91076
v 116.35312 98.87763 472.87481
v 81.73166 114.27522 472.87481
v 79.03490 108.19853 510.17806
v 113.65636 92.80094 510.17806
v 116.35312 98.87763 472.87481
v 81.73166 114.27522 472.87481
v 79.03490 108.19853 510.17806
v 113.65636 92.80094 510.17806
v 109.81326 73.89578 480.14539
v 132.58040 120.21899 480.14539
v 138.11654 117.50353 531.39146
v 115.34941 71.18032 531.39146
v 109.81326 73.89578 480.14539
v 132.58040 120.21899 480.14539
v 138.11654 117.50353 531.39146
v 115.34941 71.18032 531.39146
v 110.99785 119.21240 463.97594
v 143.20350 80.83523 463.97594
v 137.60145 76.12644 513.53859
v 105.39579 114.50362 513.53859
v 110.99785 119.21240 463.97594
v 143.20350 80.83523 463.97594
v 137.60145 76.12644 513.53859
v 105.39579 114.50362 513.53859
v 122.81436 136.58716 483.51885
v 111.54098 97.30583 483.51885
v 111.43568 97.33596 524.38571
v 122.70906 136.61729 524.38571
v 122.81436 136.58716 483.51885
v 111.54098 97.30583 483.51885
v 111.43568 97.33596 524.38571
v 122.70906 136.61729 524.38571
v 106.20467 135.02988 406.39592
v 93.66761 83.80640 406.39592
v 93.38184 83.87610 459.13050
v 105.91890 135.09958 459.13050
v 106.20467 135.02988 406.39592
v 93.66761 83.80640 406.39592
v 93.38184 83.87610 459.13050
v 105.91890 135.09958 459.13050
v 91.93181 114.94332 393.10422
v 100.39487 154.84791 393.10422
v 106.09536 153.64367 433.47814
v 97.63230 113.73909 433.47814
v 91.93181 114.94332 393.10422
v 100.39487 154.84791 393.10422
v 106.09536 153.64367 433.47814
v 97.63230 113.73909 433.47814
v 153.20142 122.24254 407.75947
v 107.70940 94.23528 407.75947
v 103.94105 100.34527 460.69716
v 149.43307 128.35254 460.69716
v 153.20142 122.24254 407.75947
v 107.70940 94.23528 407.75947
v 103.94105 100.34527 460.69716
v 149.43307 128.35254 460.69716
v 124.49522 103.89355 398.33002
v 126.99971 154.94788 398.33002
v 120.34671 155.26893 449.00992
v 117.84223 104.21460 449.00992
v 124.49522 103.89355 398.33002
v 126.99971 154.94788 398.33002
v 120.34671 155.26893 449.00992
v 117.84223 104.21460 449.00992
v 79.62214 140.91028 429.03835
v 119.83489 165.65454 429.03835
v 123.99600 158.90423 475.58362
v 83.78326 134.15997 475.58362
v 79.62214 140.91028 429.03835
v 119.83489 165.65454 429.03835
v 123.99600 158.90423 475.58362
v 83.78326 134.15997 475.58362
v 141.97480 138.49912 400.52053
v 98.23275 140.68878 400.52053
v 98.29357 141.92354 444.29990
v 142.03562 139.73388 444.29990
v 141.97480 138.49912 400.52053
v 98.23275 140.68878 400.52053
v 98.29357 141.92354 444.29990
v 142.03562 139.73388 444.29990
v 118.69958 185.91097 444.62189
v 120.04496 144.26278 444.62189
v 112.75451 144.02146 485.64838
v 111.40913 185.66966 485.64838
v 118.69958 185.91097 444.62189
v 120.04496 144.26278 444.62189
v 112.75451 144.02146 485.64838
v 111.40913 185.66966 485.64838
v 118.03627 158.02992 431.16108
v 167.96766 154.76370 431.16108
v 167.82175 152.50547 481.14798
v 117.89036 155.77169 481.14798
v 118.03627 158.02992 431.16108
v 167.96766 154.76370 431.16108
v 167.82175 152.50547 481.14798
v 117.89036 155.77169 481.14798
v 121.16109 199.64817 433.78588
v 137.66295 157.74728 433.78588
v 137.13619 157.53934 478.81560
v 120.63434 199.44023 478.81560
v 121.16109 199.64817 433.78588
v 137.66295 157.74728 433.78588
v 137.13619 157.53934 478.81560
v 120.63434 199.44023 478.81560
v 155.06589 68.99608 421.85702
v 145.35187 117.99136 421.85702
v 150.45561 119.00748 471.53417
v 160.16963 70.01219 471.53417
v 155.06589 68.99608 421.85702
v 145.35187 117.99136 421.85702
v 150.45561 119.00748 471.53417
v 160.16963 70.01219 471.53417
v 107.10744 102.18273 388.55744
v 147.73012 113.17872 388.55744
v 148.34255 110.92333 430.57711
v 107.71987 99.92733 430.57711
v 107.10744 102.18273 388.55744
v 147.73012 113.17872 388.55744
v 148.34255 110.92333 430.57711
v 107.71987 99.92733 430.57711
v 124.99989 104.52264 415.91126
v 130.02376 61.78687 415.91126
v 123.79519 61.04963 458.48175
v 118.77131 103.78540 458.48175
v 124.99989 104.52264 415.91126
v 130.02376 61.78687 415.91126
v 123.79519 61.04963 458.48175
v 118.77131 103.78540 458.48175
v 122.20302 87.36047 418.28194
v 158.19306 75.12528 418.28194
v 159.81142 79.89817 455.95930
v 123.82137 92.13335 455.95930
v 122.20302 87.36047 418.28194
v 158.19306 75.12528 418.28194
v 159.81142 79.89817 455.95930
v 123.82137 92.13335 455.95930
v 131.58340 70.02021 427.84218
v 109.82531 118.96447 427.84218
v 107.87087 118.09376 481.36206
v 129.62896 69.14950 481.36206
v 131.58340 70.02021 427.84218
v 109.82531 118.96447 427.84218
v 107.87087 118.09376 481.36206
v 129.62896 69.14950 481.36206
v 113.71058 109.02185 427.07060
v 135.86328 69.23480 427.07060
v 129.87293 65.89323 472.08950
v 107.72023 105.68028 472.08950
v 113.71058 109.02185 427.07060
v 135.86328 69.23480 427.07060
v 129.87293 65.89323 472.08950
v 107.72023 105.68028 472.08950
v 144.57206 58.00038 446.98351
v 135.11061 105.21228 446.98351
v 143.32674 106.86563 494.39916
v 152.78819 59.65373 494.39916
v 144.57206 58.00038 446.98351
v 135.11061 105.21228 446.98351
v 143.32674 106.86563 494.39916
v 152.78819 59.65373 494.39916
v 147.51239 52.90667 431.57852
v 181.83616 52.31867 431.57852
v 181.93925 58.62978 465.32206
v 147.61548 59.21777 465.32206
v 147.51239 52.90667 431.57852
v 181.83616 52.31867 431.57852
v 181.93925 58.62978 465.32206
v 147.61548 59.21777 465.32206
v 125.18154 76.64504 426.40483
v 171.62116 94.46264 426.40483
v 169.18873 100.78743 475.68145
v 122.74911 82.96984 475.68145
v 125.18154 76.64504 426.40483
v 171.62116 94.46264 426.40483
v 169.18873 100.78743 475.68145
v 122.74911 82.96984 475.68145
v 51.24986 164.35159 407.77598
v 24.82752 140.41676 407.77598
v 29.23072 135.56370 442.81990
v 55.65307 159.49854 442.81990
v 51.24986 164.35159 407.77598
v 24.82752 140.41676 407.77598
v 29.23072 135.56370 442.81990
v 55.65307 159.49854 442.81990
v 35.47987 141.74690 390.98641
v 26.48638 187.98730 390.98641
v 19.08536 186.54172 437.48579
v 28.07885 140.30133 437.48579
v 35.47987 141.74690 390.98641
v 26.48638 187.98730 390.98641
v 19.08536 186.54172 437.48579
v 28.07885 140.30133 437.48579
v -1.53460 124.05524 374.85367
v 45.10076 149.95311 374.85367
v 46.86304 146.78565 428.07413
v 0.22768 120.88777 428.07413
v -1.53460 124.05524 374.85367
v 45.10076 149.95311 374.85367
v 46.86304 146.78565 428.07413
v 0.22768 120.88777 428.07413
v 50.50209 136.22518 404.84773
v 23.23424 165.76381 404.84773
v 27.19368 169.42471 444.68473
v 54.46152 139.88608 444.68473
v 50.50209 136.22518 404.84773
v 23.23424 165.76381 404.84773
v 27.19368 169.42471 444.68473
v 54.46152 139.88608 444.68473
v 7.25849 153.31066 405.34195
v 42.08294 144.74772 405.34195
v 41.10001 140.73647 440.96512
v 6.27556 149.29940 440.96512
v 7.25849 153.31066 405.34195
v 42.08294 144.74772 405.34195
v 41.10001 140.73647 440.96512
v 6.27556 149.29940 440.96512
v 12.37657 129.19392 433.66308
v 21.51342 164.87238 433.66308
v 23.30691 164.41461 470.44635
v 14.17006 128.73615 470.44635
v 12.37657 129.19392 433.66308
v 21.51342 164.87238 433.66308
v 23.30691 164.41461 470.44635
v 14.17006 128.73615 470.44635
v 52.95947 184.11705 438.82383
v 52.57552 132.39482 438.82383
v 54.37909 132.38286 490.51604
v 54.76305 184.10510 490.51604
v 52.95947 184.11705 438.82383
v 52.57552 132.39482 438.82383
v 54.37909 132.38286 490.51604
v 54.76305 184.10510 490.51604
v 31.39033 193.41382 430.00224
v 21.65827 147.28022 430.00224
v 19.80304 147.67004 477.11305
v 29.53511 193.80364 477.11305
v 31.39033 193.41382 430.00224
v 21.65827 147.28022 430.00224
v 19.80304 147.67004 477.11305
v 29.53511 193.80364 477.11305
v 21.95576 156.66525 412.54947
v 57.42579 194.86169 412.54947
v 53.93030 198.10250 464.45679
v 18.46027 159.90606 464.45679
v 21.95576 156.66525 412.54947
v 57.42579 194.86169 412.54947
v 53.93030 198.10250 464.45679
v 18.46027 159.90606 464.45679
v 81.12339 149.53946 377.79399
v 39.37747 134.77059 377.79399
v 40.94377 130.35444 421.82677
v 82.68970 145.12331 421.82677
v 81.12339 149.53946 377.79399
v 39.37747 134.77059 377.79399
v 40.94377 130.35444 421.82677
v 82.68970 145.12331 421.82677
v 74.22512 141.92816 409.12758
v 30.24358 119.22504 409.12758
v 26.01611 127.39872 457.76016
v 69.99766 150.10183 457.76016
v 74.22512 141.92816 409.12758
v 30.24358 119.22504 409.12758
v 26.01611 127.39872 457.76016
v 69.99766 150.10183 457.76016
v 38.91705 144.13888 403.19920
v 83.71975 152.51122 403.19920
v 84.38890 148.94611 448.63289
v 39.58621 140.57377 448.63289
v 38.91705 144.13888 403.19920
v 83.71975 152.51122 403.19920
v 84.38890 148.94611 448.63289
v 39.58621 140.57377 448.63289
v 3.57670 132.76254 427.38847
v 31.88725 153.49073 427.38847
v 28.65162 157.90256 462.04696
v 0.34108 137.17437 462.04696
v 3.57670 132.76254 427.38847
v 31.88725 153.49073 427.38847
v 28.65162 157.90256 462.04696
v 0.34108 137.17437 462.04696
v 11.50503 152.78297 419.15925
v 24.37460 105.35745 419.15925
v 24.37339 105.35712 468.29992
v 11.50383 152.78264 468.29992
v 11.50503 152.78297 419.15925
v 24.37460 105.35745 419.15925
v 24.37339 105.35712 468.29992
v 11.50383 152.78264 468.29992
v 1.88788 154.38741 449.03592
v 22.41713 123.38344 449.03592
v 27.53358 126.77715 485.71017
v 7.00433 157.78112 485.71017
v 1.88788 154.38741 449.03592
v 22.41713 123.38344 449.03592
v 27.53358 126.77715 485.71017
v 7.00433 157.78112 485.71017
v 10.09735 152.29852 463.39305
v 50.67733 113.96749 463.39305
v 50.82557 114.12467 519.21380
v 10.24559 152.45571 519.21380
v 10.09735 152.29852 463.39305
v 50.67733 113.96749 463.39305
v 50.82557 114.12467 519.21380
v 10.24559 152.45571 519.21380
v 2.13271 121.66476 456.65665
v 43.20659 140.33779 456.65665
v 40.11385 147.12632 501.15492
v -0.96002 128.45328 501.15492
v 2.13271 121.66476 456.65665
v 43.20659 140.33779 456.65665
v 40.11385 147.12632 501.15492
v -0.96002 128.45328 501.15492
v 62.63433 168.27622 466.03658
v 10.22070 148.59490 466.03658
v 7.47640 155.88564 521.47895
v 59.89003 175.56696 521.47895
v 62.63433 168.27622 466.03658
v 10.22070 148.59490 466.03658
v 7.47640 155.88564 521.47895
v 59.89003 175.56696 521.47895
v 23.36067 181.63596 387.24462
v 29.03687 143.69005 387.24462
v 26.70838 143.33985 425.54039
v 21.03218 181.28575 425.54039
v 23.36067 181.63596 387.24462
v 29.03687 143.69005 387.24462
v 26.70838 143.33985 425.54039
v 21.03218 181.28575 425.54039
v -26.33868 149.49745 392.17434
v 22.83154 128.53598 392.17434
v 18.96889 119.45517 444.70731
v -30.20133 140.41664 444.70731
v -26.33868 149.49745 392.17434
v 22.83154 128.53598 392.17434
v 18.96889 119.45517 444.70731
v -30.20133 140.41664 444.70731
v -2.17407 135.50677 367.28962
v 45.94312 147.43919 367.28962
v 46.00190 147.20297 416.86369
v -2.11529 135.27055 416.86369
v -2.17407 135.50677 367.28962
v 45.94312 147.43919 367.28962
v 46.00190 147.20297 416.86369
v -2.11529 135.27055 416.86369
v 22.42255 104.89882 388.91179
v -9.83423 135.82816 388.91179
v -4.14294 141.77318 432.83662
v 28.11384 110.84384 432.83662
v 22.42255 104.89882 388.91179
v -9.83423 135.82816 388.91179
v -4.14294 141.77318 432.83662
v 28.11384 110.84384 432.83662
v -3.08200 114.24161 364.84534
v 24.19050 151.08479 364.84534
v 23.89730 151.30146 410.68284
v -3.37519 114.45829 410.68284
v -3.08200 114.24161 364.84534
v 24.19050 151.08479 364.84534
v 23.89730 151.30146 410.68284
v -3.37519 114.45829 410.68284
v 32.84672 149.37946 390.03248
v -5.64806 124.77763 390.03248
v -9.34726 130.55568 435.19914
v 29.14751 155.15750 435.19914
v 32.84672 149.37946 390.03248
v -5.64806 124.77763 390.03248
v -9.34726 130.55568 435.19914
v 29.14751 155.15750 435.19914
v 33.31576 133.64161 410.50409
v -7.34764 107.78581 410.50409
v -10.69536 113.04151 458.28699
v 29.96805 138.89732 458.28699
v 33.31576 133.64161 410.50409
v -7.34764 107.78581 410.50409
v -10.69536 113.04151 458.28699
v 29.96805 138.89732 458.28699
v -2.86863 118.66629 387.85425
v 29.27413 163.78964 387.85425
v 28.01872 164.68241 443.23387
v -4.12405 119.55905 443.23387
v -2.86863 118.66629 387.85425
v 29.27413 163.78964 387.85425
v 28.01872 164.68241 443.23387
v -4.12405 119.55905 443.23387
v -1.82941 148.60692 388.31886
v 16.20828 100.32194 388.31886
v 21.63091 102.35258 439.53672
v 3.59322 150.63756 439.53672
v -1.82941 148.60692 388.31886
v 16.20828 100.32194 388.31886
v 21.63091 102.35258 439.53672
v 3.59322 150.63756 439.53672
v 101.03892 155.89276 387.69233
v 64.13488 161.89761 387.69233
v 64.23455 162.51324 425.07652
v 101.13859 156.50839 425.07652
v 101.03892 155.89276 387.69233
v 64.13488 161.89761 387.69233
v 64.23455 162.51324 425.07652
v 101.13859 156.50839 425.07652
v 94.95699 142.68973 366.53375
v 121.97557 178.64200 366.53375
v 118.33233 181.37541 411.27551
v 91.31376 145.42313 411.27551
v 94.95699 142.68973 366.53375
v 121.97557 178.64200 366.53375
v 118.33233 181.37541 411.27551
v 91.31376 145.42313 411.27551
v 115.79966 185.10113 344.38293
v 85.39836 148.31033 344.38293
v 79.30820 153.33465 391.45169
v 109.70950 190.12545 391.45169
v 115.79966 185.10113 344.38293
v 85.39836 148.31033 344.38293
v 79.30820 153.33465 391.45169
v 109.70950 190.12545 391.45169
v 113.98030 188.58309 391.38423
v 76.09936 188.53734 391.38423
v 76.10766 184.39615 429.03816
v 113.98860 184.44190 429.03816
v 113.98030 188.58309 391.38423
v 76.09936 188.53734 391.38423
v 76.10766 184.39615 429.03816
v 113.98860 184.44190 429.03816
v 115.48597 164.00659 368.13361
v 80.53657 171.69166 368.13361
v 80.31484 170.67946 403.90298
v 115.26424 162.99439 403.90298
v 115.48597 164.00659 368.13361
v 80.53657 171.69166 368.13361
v 80.31484 170.67946 403.90298
v 115.26424 162.99439 403.90298
v 99.56167 197.40800 379.95961
v 75.03175 169.84219 379.95961
v 74.63449 170.19512 416.85553
v 99.16441 197.76094 416.85553
v 99.56167 197.40800 379.95961
v 75.03175 169.84219 379.95961
v 74.63449 170.19512 416.85553
v 99.16441 197.76094 416.85553
v 126.04521 197.74583 400.22767
v 89.11544 190.05851 400.22767
v 89.23483 189.48723 437.94454
v 126.16460 197.17455 437.94454
v 126.04521 197.74583 400.22767
v 89.11544 190.05851 400.22767
v 89.23483 189.48723 437.94454
v 126.16460 197.17455 437.94454
v 120.87843 222.18992 397.98155
v 142.26059 171.09702 397.98155
v 136.82468 168.81703 453.05363
v 115.44252 219.90993 453.05363
v 120.87843 222.18992 397.98155
v 142.26059 171.09702 397.98155
v 136.82468 168.81703 453.05363
v 115.44252 219.90993 453.05363
v 113.53037 155.62517 422.84600
v 80.68765 170.88746 422.84600
v 77.91042 164.89870 458.45504
v 110.75314 149.63641 458.45504
v 113.53037 155.62517 422.84600
v 80.68765 170.88746 422.84600
v 77.91042 164.89870 458.45504
v 110.75314 149.63641 458.45504
v 111.57714 194.27554 341.61549
v 150.09353 174.88008 341.61549
v 148.05838 170.83057 384.50087
v 109.54200 190.22603 384.50087
v 111.57714 194.27554 341.61549
v 150.09353 174.88008 341.61549
v 148.05838 170.83057 384.50087
v 109.54200 190.22603 384.50087
v 167.84984 179.96750 363.30567
v 116.31613 192.65542 363.30567
v 114.64304 185.83653 415.91184
v 166.17674 173.14861 415.91184
v 167.84984 179.96750 363.30567
v 116.31613 192.65542 363.30567
v 114.64304 185.83653 415.91184
v 166.17674 173.14861 415.91184
v 141.53258 159.75880 346.87299
v 120.56463 210.78384 346.87299
v 129.60243 214.50620 401.16546
v 150.57038 163.48116 401.16546
v 141.53258 159.75880 346.87299
v 120.56463 210.78384 346.87299
v 129.60243 214.50620 401.16546
v 150.57038 163.48116 401.16546
v 137.75110 158.74452 340.42236
v 108.10110 201.48366 340.42236
v 107.18231 200.84518 392.42722
v 136.83232 158.10603 392.42722
v 137.75110 158.74452 340.42236
v 108.10110 201.48366 340.42236
v 107.18231 200.84518 392.42722
v 136.83232 158.10603 392.42722
v 135.58726 192.91128 365.72175
v 146.30866 158.17382 365.72175
v 152.68129 160.14623 401.45883
v 141.95988 194.88369 401.45883
v 135.58726 192.91128 365.72175
v 146.30866 158.17382 365.72175
v 152.68129 160.14623 401.45883
v 141.95988 194.88369 401.45883
v 131.13687 173.08496 369.37469
v 168.91334 160.90701 369.37469
v 167.04207 155.08638 408.59182
v 129.26559 167.26432 408.59182
v 131.13687 173.08496 369.37469
v 168.91334 160.90701 369.37469
v 167.04207 155.08638 408.59182
v 129.26559 167.26432 408.59182
v 156.39917 203.87666 371.78256
v 120.98034 202.76588 371.78256
v 120.97913 202.80331 407.21879
v 156.39797 203.91409 407.21879
v 156.39917 203.87666 371.78256
v 120.98034 202.76588 371.78256
v 120.97913 202.80331 407.21879
v 156.39797 203.91409 407.21879
v 182.11097 169.20762 357.22251
v 134.17582 177.44665 357.22251
v 135.19977 183.43259 405.47993
v 183.13491 175.19356 405.47993
v 182.11097 169.20762 357.22251
v 134.17582 177.44665 357.22251
v 135.19977 183.43259 405.47993
v 183.13491 175.19356 405.47993
v 149.43309 202.53597 376.05158
v 116.60944 165.31801 376.05158
v 110.95569 170.29622 425.10076
v 143.77934 207.51419 425.10076
v 149.43309 202.53597 376.05158
v 116.60944 165.31801 376.05158
v 110.95569 170.29622 425.10076
v 143.77934 207.51419 425.10076
v 110.91165 143.37502 384.40297
v 113.81345 189.01796 384.40297
v 113.02752 189.06730 430.13128
v 110.12572 143.42436 430.13128
v 110.91165 143.37502 384.40297
v 113.81345 189.01796 384.40297
v 113.02752 189.06730 430.13128
v 110.12572 143.42436 430.13128
v 143.14973 178.36633 392.21278
v 91.18545 165.73376 392.21278
v 89.28517 173.52356 445.08599
v 141.24946 186.15612 445.08599
v 143.14973 178.36633 392.21278
v 91.18545 165.73376 392.21278
v 89.28517 173.52356 445.08599
v 141.24946 186.15612 445.08599
v 105.05020 118.48837 365.73668
v 135.46479 161.73336 365.73668
v 130.53261 165.19634 418.26151
v 100.11802 121.95135 418.26151
v 105.05020 118.48837 365.73668
v 135.46479 161.73336 365.73668
v 130.53261 165.19634 418.26151
v 100.11802 121.95135 418.26151
v 110.15788 137.59405 373.12705
v 146.11755 113.54020 373.12705
v 146.04365 113.42953 416.38982
v 110.08398 137.48338 416.38982
v 110.15788 137.59405 373.12705
v 146.11755 113.54020 373.12705
v 146.04365 113.42953 416.38982
v 110.08398 137.48338 416.38982
v 107.88312 175.53943 391.57415
v 118.98890 141.06553 391.57415
v 113.24042 139.20860 427.28542
v 102.13464 173.68250 427.28542
v 107.88312 175.53943 391.57415
v 118.98890 141.06553 391.57415
v 113.24042 139.20860 427.28542
v 102.13464 173.68250 427.28542
v 130.92097 135.92225 387.47172
v 89.54493 121.60420 387.47172
v 88.55214 124.46577 431.15019
v 129.92818 138.78381 431.15019
v 130.92097 135.92225 387.47172
v 89.54493 121.60420 387.47172
v 88.55214 124.46577 431.15019
v 129.92818 138.78381 431.15019
v 120.02549 132.41468 423.97745
v 114.97910 180.59645 423.97745
v 112.39205 180.32341 472.35288
v 117.43844 132.14164 472.35288
v 120.02549 132.41468 423.97745
v 114.97910 180.59645 423.97745
v 112.39205 180.32341 472.35288
v 117.43844 132.14164 472.35288
v 140.20702 188.50271 393.42657
v 89.64809 172.15536 393.42657
v 89.44758 172.77381 446.55866
v 140.00651 189.12117 446.55866
v 140.20702 188.50271 393.42657
v 89.64809 172.15536 393.42657
v 89.44758 172.77381 446.55866
v 140.00651 189.12117 446.55866
v 90.99249 146.41055 403.35390
v 128.85021 157.94566 403.35390
v 130.13808 153.73097 442.68383
v 92.28036 142.19586 442.68383
v 90.99249 146.41055 403.35390
v 128.85021 157.94566 403.35390
v 130.13808 153.73097 442.68383
v 92.28036 142.19586 442.68383
v 105.29600 -110.90637 440.60603
v 104.51085 -65.69252 440.60603
v 109.42672 -65.60324 485.55862
v 110.21186 -110.81709 485.55862
v 105.29600 -110.90637 440.60603
v 104.51085 -65.69252 440.60603
v 109.42672 -65.60324 485.55862
v 110.21186 -110.81709 485.55862
v 73.01038 -104.82878 446.75605
v 97.39642 -58.86895 446.75605
v 104.93646 -62.86196 498.08040
v 80.55042 -108.82180 498.08040
v 73.01038 -104.82878 446.75605
v 97.39642 -58.86895 446.75605
v 104.93646 -62.86196 498.08040
v 80.55042 -108.82180 498.08040
v 72.02189 -111.75770 479.26768
v 108.81838 -119.39705 479.26768
v 109.34976 -116.82723 516.75707
v 72.55328 -109.18788 516.75707
v 72.02189 -111.75770 479.26768
v 108.81838 -119.39705 479.26768
v 109.34976 -116.82723 516.75707
v 72.55328 -109.18788 516.75707
v 109.43949 -124.21906 458.31168
v 110.49842 -78.33402 458.31168
v 113.07517 -78.39143 504.13651
v 112.01624 -124.27647 504.13651
v 109.43949 -124.21906 458.31168
v 110.49842 -78.33402 458.31168
v 113.07517 -78.39143 504.13651
v 112.01624 -124.27647 504.13651
v 73.61996 -94.65518 485.22420
v 112.53273 -109.85238 485.22420
v 113.05384 -108.51495 526.97464
v 74.14106 -93.31774 526.97464
v 73.61996 -94.65518 485.22420
v 112.53273 -109.85238 485.22420
v 113.05384 -108.51495 526.97464
v 74.14106 -93.31774 526.97464
v 127.38246 -109.51952 465.85263
v 77.83059 -104.46465 465.85263
v 76.92683 -113.39452 514.84630
v 126.47869 -118.44939 514.84630
v 127.38246 -109.51952 465.85263
v 77.83059 -104.46465 465.85263
v 76.92683 -113.39452 514.84630
v 126.47869 -118.44939 514.84630
v 84.96060 -93.66656 505.20015
v 93.99630 -131.01607 505.20015
v 92.53443 -131.37097 543.59764
v 83.49873 -94.02145 543.59764
v 84.96060 -93.66656 505.20015
v 93.99630 -131.01607 505.20015
v 92.53443 -131.37097 543.59764
v 83.49873 -94.02145 543.59764
v 107.60707 -132.55345 503.26615
v 142.36072 -111.85749 503.26615
v 139.32240 -106.76464 543.27828
v 104.56875 -127.46060 543.27828
v 107.60707 -132.55345 503.26615
v 142.36072 -111.85749 503.26615
v 139.32240 -106.76464 543.27828
v 104.56875 -127.46060 543.27828
v 102.30494 -102.25082 499.76909
v 65.58530 -122.23397 499.76909
v 67.33958 -125.45141 541.41317
v 104.05922 -105.46826 541.41317
v 102.30494 -102.25082 499.76909
v 65.58530 -122.23397 499.76909
v 67.33958 -125.45141 541.41317
v 104.05922 -105.46826 541.41317
v 91.40657 -108.09359 421.04079
v 131.80705 -126.40186 421.04079
v 130.70246 -128.84450 465.31499
v 90.30199 -110.53623 465.31499
v 91.40657 -108.09359 421.04079
v 131.80705 -126.40186 421.04079
v 130.70246 -128.84450 465.31499
v 90.30199 -110.53623 465.31499
v 97.56836 -84.18014 418.01882
v 135.14523 -89.22076 418.01882
v 135.27019 -88.28358 455.92047
v 97.69332 -83.24296 455.92047
v 97.56836 -84.18014 418.01882
v 135.14523 -89.22076 418.01882
v 135.27019 -88.28358 455.92047
v 97.69332 -83.24296 455.92047
v 86.24807 -119.38380 441.19934
v 114.93975 -77.15542 441.19934
v 120.12499 -80.67246 491.86680
v 91.43332 -122.90083 491.86680
v 86.24807 -119.38380 441.19934
v 114.93975 -77.15542 441.19934
v 120.12499 -80.67246 491.86680
v 91.43332 -122.90083 491.86680
v 122.23453 -113.78341 469.54120
v 154.29450 -99.77794 469.54120
v 153.22371 -97.33209 504.42481
v 121.16374 -111.33757 504.42481
v 122.23453 -113.78341 469.54120
v 154.29450 -99.77794 469.54120
v 153.22371 -97.33209 504.42481
v 121.16374 -111.33757 504.42481
v 121.53585 -126.75117 445.71636
v 123.81993 -91.60993 445.71636
v 127.88505 -91.87090 480.69536
v 125.60097 -127.01214 480.69536
v 121.53585 -126.75117 445.71636
v 123.81993 -91.60993 445.71636
v 127.88505 -91.87090 480.69536
v 125.60097 -127.01214 480.69536
v 117.91122 -111.11655 456.73785
v 172.72559 -117.78809 456.73785
v 172.38542 -120.60164 511.88395
v 117.57105 -113.93010 511.88395
v 117.91122 -111.11655 456.73785
v 172.72559 -117.78809 456.73785
v 172.38542 -120.60164 511.88395
v 117.57105 -113.93010 511.88395
v 141.26734 -112.45919 474.98280
v 107.08754 -137.63320 474.98280
v 106.35654 -136.64234 517.41478
v 140.53633 -111.46833 517.41478
v 141.26734 -112.45919 474.98280
v 107.08754 -137.63320 474.98280
v 106.35654 -136.64234 517.41478
v 140.53633 -111.46833 517.41478
v 159.55972 -131.83792 452.30077
v 128.20223 -163.67783 452.30077
v 130.93245 -166.36240 496.82504
v 162.28994 -134.52249 496.82504
v 159.55972 -131.83792 452.30077
v 128.20223 -163.67783 452.30077
v 130.93245 -166.36240 496.82504
v 162.28994 -134.52249 496.82504
v 123.24452 -111.99167 469.79495
v 140.56525 -151.35755 469.79495
v 138.95881 -152.06590 512.76701
v 121.63808 -112.70002 512.76701
v 123.24452 -111.99167 469.79495
v 140.56525 -151.35755 469.79495
v 138.95881 -152.06590 512.76701
v 121.63808 -112.70002 512.76701
v 68.94146 -90.81440 433.02085
v 67.80886 -129.06512 433.02085
v 65.58185 -129.00095 471.22341
v 66.71445 -90.75024 471.22341
v 68.94146 -90.81440 433.02085
v 67.80886 -129.06512 433.02085
v 65.58185 -129.00095 471.22341
v 66.71445 -90.75024 471.22341
v 61.98849 -81.81873 441.69209
v 51.14672 -130.61728 441.69209
v 48.37047 -130.00278 491.59958
v 59.21224 -81.20424 491.59958
v 61.98849 -81.81873 441.69209
v 51.14672 -130.61728 441.69209
v 48.37047 -130.00278 491.59958
v 59.21224 -81.20424 491.59958
v 34.85970 -98.48450 451.97689
v 88.96450 -100.00428 451.97689
v 89.05461 -96.70255 506.00216
v 34.94981 -95.18278 506.00216
v 34.85970 -98.48450 451.97689
v 88.96450 -100.00428 451.97689
v 89.05461 -96.70255 506.00216
v 34.94981 -95.18278 506.00216
v 57.88533 -71.66866 476.92135
v 57.67291 -108.56957 476.92135
v 50.79007 -108.53543 513.17528
v 51.00249 -71.63452 513.17528
v 57.88533 -71.66866 476.92135
v 57.67291 -108.56957 476.92135
v 50.79007 -108.53543 513.17528
v 51.00249 -71.63452 513.17528
v 69.90139 -111.61907 455.05139
v 49.63576 -149.11119 455.05139
v 50.55875 -149.60915 497.65720
v 70.82438 -112.11703 497.65720
v 69.90139 -111.61907 455.05139
v 49.63576 -149.11119 455.05139
v 50.55875 -149.60915 497.65720
v 70.82438 -112.11703 497.65720
v 69.31686 -150.37249 460.86958
v 84.07431 -112.61412 460.86958
v 77.10882 -109.89812 500.71406
v 62.35136 -147.65650 500.71406
v 69.31686 -150.37249 460.86958
v 84.07431 -112.61412 460.86958
v 77.10882 -109.89812 500.71406
v 62.35136 -147.65650 500.71406
v 55.19958 -87.65219 497.24307
v 47.83135 -127.38038 497.24307
v 50.09724 -127.79876 537.58301
v 57.46547 -88.07057 537.58301
v 55.19958 -87.65219 497.24307
v 47.83135 -127.38038 497.24307
v 50.09724 -127.79876 537.58301
v 57.46547 -88.07057 537.58301
v 27.86458 -155.33968 492.11027
v 63.30262 -138.09710 492.11027
v 65.29429 -142.18223 531.25751
v 29.85625 -159.42482 531.25751
v 27.86458 -155.33968 492.11027
v 63.30262 -138.09710 492.11027
v 65.29429 -142.18223 531.25751
v 29.85625 -159.42482 531.25751
v 59.19916 -135.53106 497.07788
v 72.27897 -84.66495 497.07788
v 72.29012 -84.66781 549.59875
v 59.21030 -135.53392 549.59875
v 59.19916 -135.53106 497.07788
v 72.27897 -84.66495 497.07788
v 72.29012 -84.66781 549.59875
v 59.21030 -135.53392 549.59875
v 168.78120 -164.51894 371.75813
v 134.09989 -153.89542 371.75813
v 135.10869 -150.59270 407.86529
v 169.79001 -161.21623 407.86529
v 168.78120 -164.51894 371.75813
v 134.09989 -153.89542 371.75813
v 135.10869 -150.59270 407.86529
v 169.79001 -161.21623 407.86529
v 126.45756 -164.68556 392.10239
v 150.88018 -116.24273 392.10239
v 147.67488 -114.62996 446.23461
v 123.25225 -163.07279 446.23461
v 126.45756 -164.68556 392.10239
v 150.88018 -116.24273 392.10239
v 147.67488 -114.62996 446.23461
v 123.25225 -163.07279 446.23461
v 116.66702 -116.33512 377.39373
v 108.15271 -158.63975 377.39373
v 114.00262 -159.81227 420.13222
v 122.51693 -117.50764 420.13222
v 116.66702 -116.33512 377.39373
v 108.15271 -158.63975 377.39373
v 114.00262 -159.81227 420.13222
v 122.51693 -117.50764 420.13222
v 98.09453 -190.33370 425.52596
v 106.97094 -148.58298 425.52596
v 100.91141 -147.29974 467.75804
v 92.03500 -189.05046 467.75804
v 98.09453 -190.33370 425.52596
v 106.97094 -148.58298 425.52596
v 100.91141 -147.29974 467.75804
v 92.03500 -189.05046 467.75804
v 124.25145 -177.43729 416.90921
v 136.91605 -134.16491 416.90921
v 135.05297 -133.62125 461.95501
v 122.38836 -176.89363 461.95501
v 124.25145 -177.43729 416.90921
v 136.91605 -134.16491 416.90921
v 135.05297 -133.62125 461.95501
v 122.38836 -176.89363 461.95501
v 96.08251 -137.65844 410.55646
v 118.08317 -169.57601 410.55646
v 122.90411 -166.24728 448.87667
v 100.90345 -134.32971 448.87667
v 96.08251 -137.65844 410.55646
v 118.08317 -169.57601 410.55646
v 122.90411 -166.24728 448.87667
v 100.90345 -134.32971 448.87667
v 146.96828 -148.37171 443.35064
v 143.62102 -184.39168 443.35064
v 141.08974 -184.15849 479.43638
v 144.43700 -148.13851 479.43638
v 146.96828 -148.37171 443.35064
v 143.62102 -184.39168 443.35064
v 141.08974 -184.15849 479.43638
v 144.43700 -148.13851 479.43638
v 162.39904 -156.00712 440.29649
v 125.25286 -139.46764 440.29649
v 125.94308 -137.91415 480.92287
v 163.08926 -154.45363 480.92287
v 162.39904 -156.00712 440.29649
v 125.25286 -139.46764 440.29649
v 125.94308 -137.91415 480.92287
v 163.08926 -154.45363 480.92287
v 120.66299 -186.58193 442.85548
v 137.88824 -151.05795 442.85548
v 132.95904 -148.67267 481.95376
v 115.73379 -184.19665 481.95376
v 120.66299 -186.58193 442.85548
v 137.88824 -151.05795 442.85548
v 132.95904 -148.67267 481.95376
v 115.73379 -184.19665 481.95376
v 117.90042 -109.54379 340.77628
v 155.11826 -140.48993 340.77628
v 159.49062 -135.22291 388.69258
v 122.27279 -104.27677 388.69258
v 117.90042 -109.54379 340.77628
v 155.11826 -140.48993 340.77628
v 159.49062 -135.22291 388.69258
v 122.27279 -104.27677 388.69258
v 172.81858 -132.60065 358.69701
v 141.13774 -101.44356 358.69701
v 135.92707 -106.75027 402.50485
v 167.60791 -137.90736 402.50485
v 172.81858 -132.60065 358.69701
v 141.13774 -101.44356 358.69701
v 135.92707 -106.75027 402.50485
v 167.60791 -137.90736 402.50485
v 111.91531 -137.36707 364.38454
v 148.63889 -130.80069 364.38454
v 149.63060 -136.32163 401.26644
v 112.90702 -142.88801 401.26644
v 111.91531 -137.36707 364.38454
v 148.63889 -130.80069 364.38454
v 149.63060 -136.32163 401.26644
v 112.90702 -142.88801 401.26644
v 157.99399 -168.02195 358.08166
v 129.82543 -122.73744 358.08166
v 131.52306 -121.67958 411.37475
v 159.69162 -166.96409 411.37475
v 157.99399 -168.02195 358.08166
v 129.82543 -122.73744 358.08166
v 131.52306 -121.67958 411.37475
v 159.69162 -166.96409 411.37475
v 168.76994 -154.67610 377.06596
v 138.23377 -175.12643 377.06596
v 140.91453 -179.12241 413.50110
v 171.45070 -158.67208 413.50110
v 168.76994 -154.67610 377.06596
v 138.23377 -175.12643 377.06596
v 140.91453 -179.12241 413.50110
v 171.45070 -158.67208 413.50110
v 160.19940 -171.50609 360.21132
v 150.89151 -137.57393 360.21132
v 147.30418 -138.56104 395.19968
v 156.61207 -172.49320 395.19968
v 160.19940 -171.50609 360.21132
v 150.89151 -137.57393 360.21132
v 147.30418 -138.56104 395.19968
v 156.61207 -172.49320 395.19968
v 207.51149 -163.11155 354.43684
v 184.55846 -132.85853 354.43684
v 183.33936 -133.78499 392.38078
v 206.29239 -164.03802 392.38078
v 207.51149 -163.11155 354.43684
v 184.55846 -132.85853 354.43684
v 183.33936 -133.78499 392.38078
v 206.29239 -164.03802 392.38078
v 163.44031 -138.38742 343.60091
v 190.26382 -172.61437 343.60091
v 194.77459 -169.07350 386.70660
v 167.95108 -134.84654 386.70660
v 163.44031 -138.38742 343.60091
v 190.26382 -172.61437 343.60091
v 194.77459 -169.07350 386.70660
v 167.95108 -134.84654 386.70660
v 189.57177 -195.29045 361.85225
v 168.94817 -150.25341 361.85225
v 169.31455 -150.08528 411.38513
v 189.93815 -195.12232 411.38513
v 189.57177 -195.29045 361.85225
v 168.94817 -150.25341 361.85225
v 169.31455 -150.08528 411.38513
v 189.93815 -195.12232 411.38513
v 69.58573 -142.91922 388.75586
v 105.16972 -149.95200 388.75586
v 104.43192 -153.70080 424.82639
v 68.84792 -146.66802 424.82639
v 69.58573 -142.91922 388.75586
v 105.16972 -149.95200 388.75586
v 104.43192 -153.70080 424.82639
v 68.84792 -146.66802 424.82639
v 77.22985 -139.04343 397.22723
v 102.25140 -164.17933 397.22723
v 98.80024 -167.62027 432.35757
v 73.77869 -142.48437 432.35757
v 77.22985 -139.04343 397.22723
v 102.25140 -164.17933 397.22723
v 98.80024 -167.62027 432.35757
v 73.77869 -142.48437 432.35757
v 84.99467 -127.03250 360.76448
v 125.58216 -140.33003 360.76448
v 123.19084 -147.64865 402.77505
v 82.60335 -134.35112 402.77505
v 84.99467 -127.03250 360.76448
v 125.58216 -140.33003 360.76448
v 123.19084 -147.64865 402.77505
v 82.60335 -134.35112 402.77505
v 107.91738 -145.03282 367.84163
v 134.02131 -178.68956 367.84163
v 138.03641 -175.57035 410.13041
v 111.93248 -141.91361 410.13041
v 107.91738 -145.03282 367.84163
v 134.02131 -178.68956 367.84163
v 138.03641 -175.57035 410.13041
v 111.93248 -141.91361 410.13041
v 94.10684 -158.77525 377.98340
v 100.99819 -207.10461 377.98340
v 104.86322 -206.55035 426.64521
v 97.97186 -158.22099 426.64521
v 94.10684 -158.77525 377.98340
v 100.99819 -207.10461 377.98340
v 104.86322 -206.55035 426.64521
v 97.97186 -158.22099 426.64521
v 123.97398 -177.71481 404.13625
v 107.10711 -143.38375 404.13625
v 107.82528 -143.03020 442.37853
v 124.69215 -177.36126 442.37853
v 123.97398 -177.71481 404.13625
v 107.10711 -143.38375 404.13625
v 107.82528 -143.03020 442.37853
v 124.69215 -177.36126 442.37853
v 130.21456 -171.09209 392.41752
v 138.25250 -214.73594 392.41752
v 135.67535 -215.21269 436.71792
v 127.63741 -171.56884 436.71792
v 130.21456 -171.09209 392.41752
v 138.25250 -214.73594 392.41752
v 135.67535 -215.21269 436.71792
v 127.63741 -171.56884 436.71792
v 96.68864 -168.55412 407.51218
v 101.56208 -209.39273 407.51218
v 105.88103 -208.87385 448.40986
v 101.00760 -168.03523 448.40986
v 96.68864 -168.55412 407.51218
v 101.56208 -209.39273 407.51218
v 105.88103 -208.87385 448.40986
v 101.00760 -168.03523 448.40986
v 111.67197 -174.59567 406.36453
v 162.06323 -191.02587 406.36453
v 161.19266 -193.70312 459.29188
v 110.80141 -177.27291 459.29188
v 111.67197 -174.59567 406.36453
v 162.06323 -191.02587 406.36453
v 161.19266 -193.70312 459.29188
v 110.80141 -177.27291 459.29188
v 41.11416 -132.08207 416.82369
v 75.03267 -154.33425 416.82369
v 71.10840 -160.32632 456.75262
v 37.18990 -138.07414 456.75262
v 41.11416 -132.08207 416.82369
v 75.03267 -154.33425 416.82369
v 71.10840 -160.32632 456.75262
v 37.18990 -138.07414 456.75262
v 45.57518 -132.11320 416.50267
v 24.91211 -159.73863 416.50267
v 25.64937 -160.28916 450.98861
v 46.31244 -132.66373 450.98861
v 45.57518 -132.11320 416.50267
v 24.91211 -159.73863 416.50267
v 25.64937 -160.28916 450.98861
v 46.31244 -132.66373 450.98861
v 31.17298 -148.38559 391.53156
v 57.57241 -104.03606 391.53156
v 62.84116 -107.16665 442.77852
v 36.44173 -151.51618 442.77852
v 31.17298 -148.38559 391.53156
v 57.57241 -104.03606 391.53156
v 62.84116 -107.16665 442.77852
v 36.44173 -151.51618 442.77852
v 50.67467 -153.57150 432.22115
v 45.26098 -101.33230 432.22115
v 41.37064 -101.73859 484.59426
v 46.78433 -153.97780 484.59426
v 50.67467 -153.57150 432.22115
v 45.26098 -101.33230 432.22115
v 41.37064 -101.73859 484.59426
v 46.78433 -153.97780 484.59426
v 15.36514 -153.97244 440.42803
v 12.43098 -104.88860 440.42803
v 21.38023 -104.34648 488.77521
v 24.31439 -153.43032 488.77521
v 15.36514 -153.97244 440.42803
v 12.43098 -104.88860 440.42803
v 21.38023 -104.34648 488.77521
v 24.31439 -153.43032 488.77521
v 22.60627 -121.91280 424.59486
v 60.18910 -111.54816 424.59486
v 60.72809 -113.49652 463.52825
v 23.14526 -123.86117 463.52825
v 22.60627 -121.91280 424.59486
v 60.18910 -111.54816 424.59486
v 60.72809 -113.49652 463.52825
v 23.14526 -123.86117 463.52825
v 24.91026 -170.13411 434.36965
v 24.78246 -118.80566 434.36965
v 23.65618 -118.80936 485.68589
v 23.78397 -170.13781 485.68589
v 24.91026 -170.13411 434.36965
v 24.78246 -118.80566 434.36965
v 23.65618 -118.80936 485.68589
v 23.78397 -170.13781 485.68589
v 18.85683 -186.86972 418.90995
v 55.73454 -151.62721 418.90995
v 51.63710 -147.34648 469.57440
v 14.75938 -182.58899 469.57440
v 18.85683 -186.86972 418.90995
v 55.73454 -151.62721 418.90995
v 51.63710 -147.34648 469.57440
v 14.75938 -182.58899 469.57440
v 12.49184 -177.95167 445.82502
v 55.24435 -153.53947 445.82502
v 58.73815 -159.64679 494.55106
v 15.98564 -184.05898 494.55106
v 12.49184 -177.95167 445.82502
v 55.24435 -153.53947 445.82502
v 58.73815 -159.64679 494.55106
v 15.98564 -184.05898 494.55106
v 4.15685 -126.80403 397.19198
v 36.08222 -97.81359 397.19198
v 34.40859 -95.97347 440.24413
v 2.48321 -124.96390 440.24413
v 4.15685 -126.80403 397.19198
v 36.08222 -97.81359 397.19198
v 34.40859 -95.97347 440.24413
v 2.48321 -124.96390 440.24413
v 5.43072 -153.95329 407.97182
v -21.50735 -111.60703 407.97182
v -19.20231 -110.13813 458.08564
v 7.73576 -152.48438 458.08564
v 5.43072 -153.95329 407.97182
v -21.50735 -111.60703 407.97182
v -19.20231 -110.13813 458.08564
v 7.73576 -152.48438 458.08564
v 44.02179 -130.01745 388.54025
v 10.10880 -169.62254 388.54025
v 8.22171 -168.00927 440.62182
v 42.13470 -128.40418 440.62182
v 44.02179 -130.01745 388.54025
v 10.10880 -169.62254 388.54025
v 8.22171 -168.00927 440.62182
v 42.13470 -128.40418 440.62182
v -14.23997 -162.18241 434.97494
v 17.19329 -137.80895 434.97494
v 13.35199 -132.86314 474.25469
v -18.08128 -157.23660 474.25469
v -14.23997 -162.18241 434.97494
v 17.19329 -137.80895 434.97494
v 13.35199 -132.86314 474.25469
v -18.08128 -157.23660 474.25469
v 26.36109 -140.39827 408.73981
v -14.30058 -128.69806 408.73981
v -12.78644 -123.42016 450.69357
v 27.87523 -135.12037 450.69357
v 26.36109 -140.39827 408.73981
v -14.30058 -128.69806 408.73981
v -12.78644 -123.42016 450.69357
v 27.87523 -135.12037 450.69357
v -30.47886 -130.95303 395.96219
v 8.35184 -128.43984 395.96219
v 8.02373 -123.43214 434.54916
v -30.80697 -125.94533 434.54916
v -30.47886 -130.95303 395.96219
v 8.35184 -128.43984 395.96219
v 8.02373 -123.43214 434.54916
v -30.80697 -125.94533 434.54916
v -41.33712 -171.70530 412.22913
v -22.25907 -133.38949 412.22913
v -20.73060 -134.14902 454.99781
v -39.80865 -172.46483 454.99781
v -41.33712 -171.70530 412.22913
v -22.25907 -133.38949 412.22913
v -20.73060 -134.14902 454.99781
v -39.80865 -172.46483 454.99781
v -30.90218 -138.11232 435.44839
v -43.38401 -181.94238 435.44839
v -49.96960 -180.07262 480.50396
v -37.48777 -136.24256 480.50396
v -30.90218 -138.11232 435.44839
v -43.38401 -181.94238 435.44839
v -49.96960 -180.07262 480.50396
v -37.48777 -136.24256 480.50396
v -48.03859 -108.65896 431.00461
v -28.45616 -149.63320 431.00461
v -27.40960 -149.13200 476.40300
v -46.99204 -108.15776 476.40300
v -48.03859 -108.65896 431.00461
v -28.45616 -149.63320 431.00461
v -27.40960 -149.13200 476.40300
v -46.99204 -108.15776 476.40300
v 69.55499 -117.52843 393.12242
v 16.54762 -131.40498 393.12242
v 18.05480 -137.14361 447.59384
v 71.06216 -123.26706 447.59384
v 69.55499 -117.52843 393.12242
v 16.54762 -131.40498 393.12242
v 18.05480 -137.14361 447.59384
v 71.06216 -123.26706 447.59384
v 28.42010 -114.76720 410.16367
v 73.46768 -101.14205 410.16367
v 74.20513 -103.57322 457.15809
v 29.15755 -117.19838 457.15809
v 28.42010 -114.76720 410.16367
v 73.46768 -101.14205 410.16367
v 74.20513 -103.57322 457.15809
v 29.15755 -117.19838 457.15809
v 52.30538 -131.34640 427.15753
v 18.18458 -105.47214 427.15753
v 19.41962 -103.84078 469.93042
v 53.54042 -129.71504 469.93042
v 52.30538 -131.34640 427.15753
v 18.18458 -105.47214 427.15753
v 19.41962 -103.84078 469.93042
v 53.54042 -129.71504 469.93042
v 37.93251 -112.74220 450.82852
v 32.84854 -77.63763 450.82852
v 31.47257 -77.83802 486.27206
v 36.55654 -112.94259 486.27206
v 37.93251 -112.74220 450.82852
v 32.84854 -77.63763 450.82852
v 31.47257 -77.83802 486.27206
v 36.55654 -112.94259 486.27206
v 45.70187 -122.09696 448.71340
v 41.40356 -83.09105 448.71340
v 37.13856 -83.56448 487.72009
v 41.43687 -122.57038 487.72009
v 45.70187 -122.09696 448.71340
v 41.40356 -83.09105 448.71340
v 37.13856 -83.56448 487.72009
v 41.43687 -122.57038 487.72009
v 5.92782 -132.28367 455.59662
v 43.80841 -135.77707 455.59662
v 43.95108 -134.21640 493.60566
v 6.07049 -130.72300 493.60566
v 5.92782 -132.28367 455.59662
v 43.80841 -135.77707 455.59662
v 43.95108 -134.21640 493.60566
v 6.07049 -130.72300 493.60566
v 48.81813 -106.27256 469.19515
v 28.62153 -62.64392 469.19515
v 33.83278 -60.22649 516.92732
v 54.02938 -103.85512 516.92732
v 48.81813 -106.27256 469.19515
v 28.62153 -62.64392 469.19515
v 33.83278 -60.22649 516.92732
v 54.02938 -103.85512 516.92732
v 56.52223 -93.23424 476.97372
v 44.63252 -133.70437 476.97372
v 40.70366 -132.55351 518.95509
v 52.59337 -92.08338 518.95509
v 56.52223 -93.23424 476.97372
v 44.63252 -133.70437 476.97372
v 40.70366 -132.55351 518.95509
v 52.59337 -92.08338 518.95509
v 25.07140 -111.40085 457.74747
v 65.48900 -76.77608 457.74747
v 64.67278 -75.82484 510.95354
v 24.25518 -110.44961 510.95354
v 25.07140 -111.40085 457.74747
v 65.48900 -76.77608 457.74747
v 64.67278 -75.82484 510.95354
v 24.25518 -110.44961 510.95354
v 59.16535 -110.37550 471.98966
v 56.61520 -62.68989 471.98966
v 57.51125 -62.64126 519.73497
v 60.06141 -110.32686 519.73497
v 59.16535 -110.37550 471.98966
v 56.61520 -62.68989 471.98966
v 57.51125 -62.64126 519.73497
v 60.06141 -110.32686 519.73497
v 12.52883 -88.85533 482.60722
v 53.96368 -108.17862 482.60722
v 55.51020 -104.85552 528.17916
v 14.07535 -85.53222 528.17916
v 12.52883 -88.85533 482.60722
v 53.96368 -108.17862 482.60722
v 55.51020 -104.85552 528.17916
v 14.07535 -85.53222 528.17916
v -4.20766 -96.30380 458.90013
v 47.48710 -91.34341 458.90013
v 46.87960 -85.06485 510.44782
v -4.81517 -90.02523 510.44782
v -4.20766 -96.30380 458.90013
v 47.48710 -91.34341 458.90013
v 46.87960 -85.06485 510.44782
v -4.81517 -90.02523 510.44782
v 121.47649 -100.75936 475.36820
v 128.70954 -64.44033 475.36820
v 131.51910 -64.99754 512.28953
v 124.28606 -101.31656 512.28953
v 121.47649 -100.75936 475.36820
v 128.70954 -64.44033 475.36820
v 131.51910 -64.99754 512.28953
v 124.28606 -101.31656 512.28953
v 99.32879 -97.96106 482.42549
v 143.57907 -67.40812 482.42549
v 142.46819 -65.80195 536.16334
v 98.21791 -96.35490 536.16334
v 99.32879 -97.96106 482.42549
v 143.57907 -67.40812 482.42549
v 142.46819 -65.80195 536.16334
v 98.21791 -96.35490 536.16334
v 106.38915 -82.00752 470.63009
v 118.56714 -46.43696 470.63009
v 122.78938 -47.87874 507.96187
v 110.61140 -83.44930 507.96187
v 106.38915 -82.00752 470.63009
v 118.56714 -46.43696 470.63009
v 122.78938 -47.87874 507.96187
v 110.61140 -83.44930 507.96187
v 80.76400 88.34068 361.66305
v 32.08576 67.05881 361.66305
v 35.46884 59.33741 414.11707
v 84.14708 80.61928 414.11707
v 80.76400 88.34068 361.66305
v 32.08576 67.05881 361.66305
v 35.46884 59.33741 414.11707
v 84.14708 80.61928 414.11707
v 44.73001 89.53617 365.34721
v 55.47551 126.05200 365.34721
v 53.05971 126.76080 403.32790
v 42.31421 90.24497 403.32790
v 44.73001 89.53617 365.34721
v 55.47551 126.05200 365.34721
v 53.05971 126.76080 403.32790
v 42.31421 90.24497 403.32790
v 76.38008 105.36637 331.28610
v 31.98350 118.48571 331.28610
v 29.71173 110.77530 376.87734
v 74.10830 97.65597 376.87734
v 76.38008 105.36637 331.28610
v 31.98350 118.48571 331.28610
v 29.71173 110.77530 376.87734
v 74.10830 97.65597 376.87734
v 99.04840 -66.94685 440.43861
v 88.25993 -102.58782 440.43861
v 84.33056 -101.40182 477.44973
v 95.11903 -65.76085 477.44973
v 99.04840 -66.94685 440.43861
v 88.25993 -102.58782 440.43861
v 84.33056 -101.40182 477.44973
v 95.11903 -65.76085 477.44973
v 102.18423 -85.40887 408.90861
v 48.62710 -92.46831 408.90861
v 48.41754 -90.88811 462.90547
v 101.97466 -83.82866 462.90547
v 102.18423 -85.40887 408.90861
v 48.62710 -92.46831 408.90861
v 48.41754 -90.88811 462.90547
v 101.97466 -83.82866 462.90547
v 64.52984 -141.85379 431.52641
v 40.01255 -93.28077 431.52641
v 44.66032 -90.93016 485.68644
v 69.17761 -139.50318 485.68644
v 64.52984 -141.85379 431.52641
v 40.01255 -93.28077 431.52641
v 44.66032 -90.93016 485.68644
v 69.17761 -139.50318 485.68644
v 114.27355 -120.67937 379.73873
v 132.22817 -160.78073 379.73873
v 130.46565 -161.57155 423.63356
v 112.51103 -121.47019 423.63356
v 114.27355 -120.67937 379.73873
v 132.22817 -160.78073 379.73873
v 130.46565 -161.57155 423.63356
v 112.51103 -121.47019 423.63356
v 140.09092 -146.99036 366.31464
v 90.17735 -141.44483 366.31464
v 91.14812 -132.64342 415.74854
v 141.06168 -138.18896 415.74854
v 140.09092 -146.99036 366.31464
v 90.17735 -141.44483 366.31464
v 91.14812 -132.64342 415.74854
v 141.06168 -138.18896 415.74854
v 115.34414 -164.63461 375.81751
v 83.55665 -126.44246 375.81751
v 80.74237 -128.78860 425.37212
v 112.52986 -166.98074 425.37212
v 115.34414 -164.63461 375.81751
v 83.55665 -126.44246 375.81751
v 80.74237 -128.78860 425.37212
v 112.52986 -166.98074 425.37212
v -23.61812 16.93421 425.45598
v -30.76851 50.67178 425.45598
v -28.96642 51.05521 459.89370
v -21.81603 17.31765 459.89370
v -23.61812 16.93421 425.45598
v -30.76851 50.67178 425.45598
v -28.96642 51.05521 459.89370
v -21.81603 17.31765 459.89370
v -19.82655 26.70687 420.88339
v -42.99609 66.86406 420.88339
v -45.77288 65.25899 467.13423
v -22.60333 25.10180 467.13423
v -19.82655 26.70687 420.88339
v -42.99609 66.86406 420.88339
v -45.77288 65.25899 467.13423
v -22.60333 25.10180 467.13423
v -15.83555 55.69035 410.15792
v -36.59580 8.63117 410.15792
v -28.67254 5.14334 460.85912
v -7.91229 52.20252 460.85912
v -15.83555 55.69035 410.15792
v -36.59580 8.63117 410.15792
v -28.67254 5.14334 460.85912
v -7.91229 52.20252 460.85912
v 12.54627 29.88086 453.64245
v -28.09623 3.07782 453.64245
v -29.10733 4.60833 502.29275
v 11.53518 31.41136 502.29275
v 12.54627 29.88086 453.64245
v -28.09623 3.07782 453.64245
v -29.10733 4.60833 502.29275
v 11.53518 31.41136 502.29275
v -24.77935 -9.43153 475.50755
v 19.07578 -15.51601 475.50755
v 18.60863 -18.90289 519.65055
v -25.24650 -12.81841 519.65055
v -24.77935 -9.43153 475.50755
v 19.07578 -15.51601 475.50755
v 18.60863 -18.90289 519.65055
v -25.24650 -12.81841 519.65055
v -38.27203 -15.46629 471.93315
v 9.50061 -27.63977 471.93315
v 11.74387 -18.80709 520.38281
v -36.02876 -6.63361 520.38281
v -38.27203 -15.46629 471.93315
v 9.50061 -27.63977 471.93315
v 11.74387 -18.80709 520.38281
v -36.02876 -6.63361 520.38281
v 70.55321 143.24904 371.77537
v 86.74924 90.05319 371.77537
v 83.68394 89.11726 427.28967
v 67.48791 142.31311 427.28967
v 70.55321 143.24904 371.77537
v 86.74924 90.05319 371.77537
v 83.68394 89.11726 427.28967
v 67.48791 142.31311 427.28967
v 74.03088 127.20037 395.81389
v 62.98420 84.53082 395.81389
v 62.34303 84.69626 439.88521
v 73.38970 127.36582 439.88521
v 74.03088 127.20037 395.81389
v 62.98420 84.53082 395.81389
v 62.34303 84.69626 439.88521
v 73.38970 127.36582 439.88521
v 88.56285 111.81536 371.18305
v 83.27165 58.22667 371.18305
v 78.40196 58.70357 424.80957
v 83.69317 112.29226 424.80957
v 88.56285 111.81536 371.18305
v 83.27165 58.22667 371.18305
v 78.40196 58.70357 424.80957
v 83.69317 112.29226 424.80957
v 49.03319 140.08538 364.75235
v 96.29919 145.12014 364.75235
v 95.62242 151.42587 411.86077
v 48.35643 146.39112 411.86077
v 49.03319 140.08538 364.75235
v 96.29919 145.12014 364.75235
v 95.62242 151.42587 411.86077
v 48.35643 146.39112 411.86077
v 84.79763 115.47926 372.73552
v 86.23287 164.09584 372.73552
v 82.04197 164.21622 421.19224
v 80.60673 115.59964 421.19224
v 84.79763 115.47926 372.73552
v 86.23287 164.09584 372.73552
v 82.04197 164.21622 421.19224
v 80.60673 115.59964 421.19224
v 111.45727 133.85209 398.18546
v 99.29816 170.95076 398.18546
v 97.28359 170.28870 437.16826
v 109.44270 133.19003 437.16826
v 111.45727 133.85209 398.18546
v 99.29816 170.95076 398.18546
v 97.28359 170.28870 437.16826
v 109.44270 133.19003 437.16826
v 50.97339 -126.88621 443.29974
v 86.44896 -95.31631 443.29974
v 85.96463 -94.77293 490.78285
v 50.48905 -126.34284 490.78285
v 50.97339 -126.88621 443.29974
v 86.44896 -95.31631 443.29974
v 85.96463 -94.77293 490.78285
v 50.48905 -126.34284 490.78285
v 108.61341 -117.93493 439.85394
v 73.84629 -116.39939 439.85394
v 73.70423 -119.67511 474.50015
v 108.47135 -121.21065 474.50015
v 108.61341 -117.93493 439.85394
v 73.84629 -116.39939 439.85394
v 73.70423 -119.67511 474.50015
v 108.47135 -121.21065 474.50015
v 55.78090 -156.80013 423.58123
v 53.88667 -116.07729 423.58123
v 57.88074 -115.88832 464.15153
v 59.77498 -156.61116 464.15153
v 55.78090 -156.80013 423.58123
v 53.88667 -116.07729 423.58123
v 57.88074 -115.88832 464.15153
v 59.77498 -156.61116 464.15153
v 30.97409 -5.50128 265.26075
v -7.65712 17.64273 265.26075
v -9.23023 15.01220 310.18983
v 29.40098 -8.13181 310.18983
v 30.97409 -5.50128 265.26075
v -7.65712 17.64273 265.26075
v -9.23023 15.01220 310.18983
v 29.40098 -8.13181 310.18983
v 49.56577 -8.10360 264.72147
v 21.51892 20.03034 264.72147
v 16.94912 15.46742 303.91893
v 44.99597 -12.66651 303.91893
v 49.56577 -8.10360 264.72147
v 21.51892 20.03034 264.72147
v 16.94912 15.46742 303.91893
v 44.99597 -12.66651 303.91893
v 64.31416 -7.87547 262.21861
v 29.66295 34.80033 262.21861
v 23.94839 30.15276 316.69498
v 58.59960 -12.52305 316.69498
v 64.31416 -7.87547 262.21861
v 29.66295 34.80033 262.21861
v 23.94839 30.15276 316.69498
v 58.59960 -12.52305 316.69498
v -54.18592 -61.76866 442.72349
v -12.25389 -57.97082 442.72349
v -12.44629 -55.86516 484.77403
v -54.37832 -59.66300 484.77403
v -54.18592 -61.76866 442.72349
v -12.25389 -57.97082 442.72349
v -12.44629 -55.86516 484.77403
v -54.37832 -59.66300 484.77403
v -72.68638 -0.39842 427.20900
v -67.55895 -52.15573 427.20900
v -58.71429 -51.27240 478.45449
v -63.84172 0.48490 478.45449
v -72.68638 -0.39842 427.20900
v -67.55895 -52.15573 427.20900
v -58.71429 -51.27240 478.45449
v -63.84172 0.48490 478.45449
v -25.00756 -68.59386 441.91985
v -66.31042 -53.31609 441.91985
v -63.80842 -46.53542 485.36061
v -22.50555 -61.81320 485.36061
v -25.00756 -68.59386 441.91985
v -66.31042 -53.31609 441.91985
v -63.80842 -46.53542 485.36061
v -22.50555 -61.81320 485.36061
v 98.10813 15.57807 455.74614
v 52.67417 44.49207 455.74614
v 54.64754 47.59838 509.47435
v 100.08149 18.68437 509.47435
v 98.10813 15.57807 455.74614
v 52.67417 44.49207 455.74614
v 54.64754 47.59838 509.47435
v 100.08149 18.68437 509.47435
v 115.46904 64.68043 464.57372
v 85.91195 44.15926 464.57372
v 82.40412 49.20308 500.02786
v 111.96121 69.72426 500.02786
v 115.46904 64.68043 464.57372
v 85.91195 44.15926 464.57372
v 82.40412 49.20308 500.02786
v 111.96121 69.72426 500.02786
v 70.07132 43.79161 465.30410
v 78.46878 94.82501 465.30410
v 76.34916 95.17206 516.97916
v 67.95170 44.13866 516.97916
v 70.07132 43.79161 465.30410
v 78.46878 94.82501 465.30410
v 76.34916 95.17206 516.97916
v 67.95170 44.13866 516.97916
v 28.06867 -99.53078 470.47298
v 67.52457 -105.64876 470.47298
v 66.97355 -109.22118 510.23643
v 27.51765 -103.10320 510.23643
v 28.06867 -99.53078 470.47298
v 67.52457 -105.64876 470.47298
v 66.97355 -109.22118 510.23643
v 27.51765 -103.10320 510.23643
v 31.04106 -138.81099 448.07554
v 62.39400 -124.15974 448.07554
v 61.96123 -123.23555 482.66781
v 30.60829 -137.88680 482.66781
v 31.04106 -138.81099 448.07554
v 62.39400 -124.15974 448.07554
v 61.96123 -123.23555 482.66781
v 30.60829 -137.88680 482.66781
v 25.13703 -82.39247 458.05789
v 69.60500 -105.83590 458.05789
v 69.77078 -105.52086 508.32586
v 25.30280 -82.07742 508.32586
v 25.13703 -82.39247 458.05789
v 69.60500 -105.83590 458.05789
v 69.77078 -105.52086 508.32586
v 25.30280 -82.07742 508.32586
v 32.38665 81.90567 453.27599
v 5.21404 103.73791 453.27599
v 6.52777 105.37566 488.06951
v 33.70037 83.54342 488.06951
v 32.38665 81.90567 453.27599
v 5.21404 103.73791 453.27599
v 6.52777 105.37566 488.06951
v 33.70037 83.54342 488.06951
v 8.09209 78.27096 450.80853
v 14.66840 35.15442 450.80853
v 18.46164 35.73607 494.25455
v 11.88533 78.85262 494.25455
v 8.09209 78.27096 450.80853
v 14.66840 35.15442 450.80853
v 18.46164 35.73607 494.25455
v 11.88533 78.85262 494.25455
v 26.82585 89.94502 464.51955
v -14.70261 87.23100 464.51955
v -14.58409 85.43936 506.09785
v 26.94438 88.15338 506.09785
v 26.82585 89.94502 464.51955
v -14.70261 87.23100 464.51955
v -14.58409 85.43936 506.09785
v 26.94438 88.15338 506.09785
v 99.41997 131.91331 354.92634
v 146.50795 123.54298 354.92634
v 146.07478 121.09479 402.68783
v 98.98679 129.46512 402.68783
v 99.41997 131.91331 354.92634
v 146.50795 123.54298 354.92634
v 146.07478 121.09479 402.68783
v 98.98679 129.46512 402.68783
v 121.62206 143.95586 342.60075
v 127.95691 91.29062 342.60075
v 128.61405 91.37019 395.64149
v 122.27920 144.03543 395.64149
v 121.62206 143.95586 342.60075
v 127.95691 91.29062 342.60075
v 128.61405 91.37019 395.64149
v 122.27920 144.03543 395.64149
v 110.18344 107.54870 369.33234
v 152.77290 116.60676 369.33234
v 151.41439 122.96931 412.38559
v 108.82494 113.91125 412.38559
v 110.18344 107.54870 369.33234
v 152.77290 116.60676 369.33234
v 151.41439 122.96931 412.38559
v 108.82494 113.91125 412.38559
v -22.79797 32.26978 302.86925
v -8.51583 69.34882 302.86925
v -4.08353 67.64563 342.31908
v -18.36566 30.56659 342.31908
v -22.79797 32.26978 302.86925
v -8.51583 69.34882 302.86925
v -4.08353 67.64563 342.31908
v -18.36566 30.56659 342.31908
v 15.20294 26.51023 320.90227
v -29.35446 0.70731 320.90227
v -33.97776 8.67635 371.56065
v 10.57963 34.47928 371.56065
v 15.20294 26.51023 320.90227
v -29.35446 0.70731 320.90227
v -33.97776 8.67635 371.56065
v 10.57963 34.47928 371.56065
v 9.31521 47.38369 283.41950
v 3.73064 -1.91313 283.41950
v 1.26945 -1.63630 332.96978
v 6.85402 47.66052 332.96978
v 9.31521 47.38369 283.41950
v 3.73064 -1.91313 283.41950
v 1.26945 -1.63630 332.96978
v 6.85402 47.66052 332.96978
v 56.65543 81.39192 304.45445
v 33.56788 46.04895 304.45445
v 33.43414 46.13617 346.66979
v 56.52168 81.47914 346.66979
v 56.65543 81.39192 304.45445
v 33.56788 46.04895 304.45445
v 33.43414 46.13617 346.66979
v 56.52168 81.47914 346.66979
v 72.16726 71.03482 300.91240
v 28.23458 51.31023 300.91240
v 25.37614 57.66330 348.56330
v 69.30882 77.38789 348.56330
v 72.16726 71.03482 300.91240
v 28.23458 51.31023 300.91240
v 25.37614 57.66330 348.56330
v 69.30882 77.38789 348.56330
v 49.11601 49.75614 304.68797
v 18.57113 69.67239 304.68797
v 21.75468 74.56341 340.68228
v 52.29956 54.64715 340.68228
v 49.11601 49.75614 304.68797
v 18.57113 69.67239 304.68797
v 21.75468 74.56341 340.68228
v 52.29956 54.64715 340.68228
v -33.58968 30.97546 411.87097
v 11.02830 21.07422 411.87097
v 10.19065 17.28527 457.40931
v -34.42733 27.18651 457.40931
v -33.58968 30.97546 411.87097
v 11.02830 21.07422 411.87097
v 10.19065 17.28527 457.40931
v -34.42733 27.18651 457.40931
v -38.65802 15.66093 408.66366
v -23.85139 62.02457 408.66366
v -32.44652 64.76196 456.49100
v -47.25314 18.39831 456.49100
v -38.65802 15.66093 408.66366
v -23.85139 62.02457 408.66366
v -32.44652 64.76196 456.49100
v -47.25314 18.39831 456.49100
v -55.52517 8.34063 403.82336
v -35.76435 44.80547 403.82336
v -41.21751 47.75501 444.83237
v -60.97834 11.29016 444.83237
v -55.52517 8.34063 403.82336
v -35.76435 44.80547 403.82336
v -41.21751 47.75501 444.83237
v -60.97834 11.29016 444.83237
v 59.88251 23.70895 459.66657
v 78.64047 71.16055 459.66657
v 87.39651 67.70728 509.81557
v 68.63855 20.25568 509.81557
v 59.88251 23.70895 459.66657
v 78.64047 71.16055 459.66657
v 87.39651 67.70728 509.81557
v 68.63855 20.25568 509.81557
v 86.23406 36.11509 469.16451
v 43.38470 72.09022 469.16451
v 46.48026 75.78325 524.90549
v 89.32962 39.80812 524.90549
v 86.23406 36.11509 469.16451
v 43.38470 72.09022 469.16451
v 46.48026 75.78325 524.90549
v 89.32962 39.80812 524.90549
v 15.52034 39.93808 460.45601
v 55.96328 61.62803 460.45601
v 53.14543 66.87212 505.96034
v 12.70250 45.18218 505.96034
v 15.52034 39.93808 460.45601
v 55.96328 61.62803 460.45601
v 53.14543 66.87212 505.96034
v 12.70250 45.18218 505.96034
v -51.85521 -79.88523 445.53424
v -21.28230 -59.14426 445.53424
v -19.27736 -62.09455 482.30606
v -49.85027 -82.83552 482.30606
v -51.85521 -79.88523 445.53424
v -21.28230 -59.14426 445.53424
v -19.27736 -62.09455 482.30606
v -49.85027 -82.83552 482.30606
v -39.13597 -40.64916 441.75226
v -32.01733 -86.34387 441.75226
v -25.34110 -85.29835 487.50175
v -32.45974 -39.60365 487.50175
v -39.13597 -40.64916 441.75226
v -32.01733 -86.34387 441.75226
v -25.34110 -85.29835 487.50175
v -32.45974 -39.60365 487.50175
v -38.16793 -26.92939 464.26472
v 0.47857 -60.78884 464.26472
v 2.48112 -58.49950 515.55569
v -36.16538 -24.64005 515.55569
v -38.16793 -26.92939 464.26472
v 0.47857 -60.78884 464.26472
v 2.48112 -58.49950 515.55569
v -36.16538 -24.64005 515.55569
v 69.89304 -73.32542 386.66245
v 76.00061 -113.73560 386.66245
v 75.54710 -113.80451 427.52900
v 69.43953 -73.39434 427.52900
v 69.89304 -73.32542 386.66245
v 76.00061 -113.73560 386.66245
v 75.54710 -113.80451 427.52900
v 69.43953 -73.39434 427.52900
v 68.97315 -97.02847 407.82647
v 35.12919 -55.41367 407.82647
v 40.82413 -50.77462 460.96076
v 74.66809 -92.38943 460.96076
v 68.97315 -97.02847 407.82647
v 35.12919 -55.41367 407.82647
v 40.82413 -50.77462 460.96076
v 74.66809 -92.38943 460.96076
v 68.86747 -98.42411 408.26998
v 100.68630 -86.06003 408.26998
v 100.47085 -85.50686 442.40144
v 68.65201 -97.87094 442.40144
v 68.86747 -98.42411 408.26998
v 100.68630 -86.06003 408.26998
v 100.47085 -85.50686 442.40144
v 68.65201 -97.87094 442.40144
v 131.30883 -77.08583 452.56903
v 82.20987 -81.81379 452.56903
v 81.68804 -76.43957 501.59869
v 130.78700 -71.71160 501.59869
v 131.30883 -77.08583 452.56903
v 82.20987 -81.81379 452.56903
v 81.68804 -76.43957 501.59869
v 130.78700 -71.71160 501.59869
v 91.42611 -44.16283 419.55322
v 101.30008 -89.20955 419.55322
v 94.36755 -90.73491 465.11983
v 84.49359 -45.68818 465.11983
v 91.42611 -44.16283 419.55322
v 101.30008 -89.20955 419.55322
v 94.36755 -90.73491 465.11983
v 84.49359 -45.68818 465.11983
v 95.32514 -53.77515 420.43267
v 105.55020 -107.56771 420.43267
v 110.44692 -106.63289 474.96102
v 100.22186 -52.84033 474.96102
v 95.32514 -53.77515 420.43267
v 105.55020 -107.56771 420.43267
v 110.44692 -106.63289 474.96102
v 100.22186 -52.84033 474.96102
v 12.00375 1.33974 443.51522
v 45.59815 17.95102 443.51522
v 46.25579 16.62368 480.96284
v 12.66139 0.01240 480.96284
v 12.00375 1.33974 443.51522
v 45.59815 17.95102 443.51522
v 46.25579 16.62368 480.96284
v 12.66139 0.01240 480.96284
v 34.58930 -9.06626 470.10899
v 3.33777 9.81660 470.10899
v 3.21739 9.61700 506.62154
v 34.46892 -9.26585 506.62154
v 34.58930 -9.06626 470.10899
v 3.33777 9.81660 470.10899
v 3.21739 9.61700 506.62154
v 34.46892 -9.26585 506.62154
v 38.42117 19.88119 463.21177
v 7.62404 -4.04883 463.21177
v 9.65883 -6.66324 502.07221
v 40.45597 17.26678 502.07221
v 38.42117 19.88119 463.21177
v 7.62404 -4.04883 463.21177
v 9.65883 -6.66324 502.07221
v 40.45597 17.26678 502.07221
v 115.37328 -73.44824 332.62617
v 64.72187 -84.17424 332.62617
v 63.46500 -78.26214 384.04679
v 114.11641 -67.53613 384.04679
v 115.37328 -73.44824 332.62617
v 64.72187 -84.17424 332.62617
v 63.46500 -78.26214 384.04679
v 114.11641 -67.53613 384.04679
v 75.23208 -51.43452 329.42189
v 87.07250 -93.84234 329.42189
v 88.90356 -93.32953 373.41057
v 77.06313 -50.92171 373.41057
v 75.23208 -51.43452 329.42189
v 87.07250 -93.84234 329.42189
v 88.90356 -93.32953 373.41057
v 77.06313 -50.92171 373.41057
v 49.00268 -57.45289 334.49961
v 92.69228 -57.28252 334.49961
v 92.67962 -54.58710 378.10632
v 48.99002 -54.75748 378.10632
v 49.00268 -57.45289 334.49961
v 92.69228 -57.28252 334.49961
v 92.67962 -54.58710 378.10632
v 48.99002 -54.75748 378.10632
v 13.63189 73.33831 449.12227
v 28.05736 34.52170 449.12227
v 34.76777 37.02158 489.90884
v 20.34230 75.83819 489.90884
v 13.63189 73.33831 449.12227
v 28.05736 34.52170 449.12227
v 34.76777 37.02158 489.90884
v 20.34230 75.83819 489.90884
v 10.93176 21.94904 453.48456
v 52.55941 33.55502 453.48456
v 52.28064 34.55183 496.68744
v 10.65299 22.94584 496.68744
v 10.93176 21.94904 453.48456
v 52.55941 33.55502 453.48456
v 52.28064 34.55183 496.68744
v 10.65299 22.94584 496.68744
v -1.51279 60.45468 481.71394
v 35.96902 73.89009 481.71394
v 36.75734 71.69637 521.46269
v -0.72448 58.26096 521.46269
v -1.51279 60.45468 481.71394
v 35.96902 73.89009 481.71394
v 36.75734 71.69637 521.46269
v -0.72448 58.26096 521.46269
v 73.80452 -143.73907 363.09275
v 109.71951 -185.40806 363.09275
v 108.24108 -186.68439 418.06890
v 72.32609 -145.01539 418.06890
v 73.80452 -143.73907 363.09275
v 109.71951 -185.40806 363.09275
v 108.24108 -186.68439 418.06890
v 72.32609 -145.01539 418.06890
v 97.35714 -140.61619 359.22676
v 90.17627 -192.76567 359.22676
v 95.83919 -193.54085 411.55709
v 103.02006 -141.39137 411.55709
v 97.35714 -140.61619 359.22676
v 90.17627 -192.76567 359.22676
v 95.83919 -193.54085 411.55709
v 103.02006 -141.39137 411.55709
v 78.98334 -147.82048 374.57569
v 128.23558 -134.36707 374.57569
v 126.89251 -129.46554 425.37873
v 77.64027 -142.91895 425.37873
v 78.98334 -147.82048 374.57569
v 128.23558 -134.36707 374.57569
v 126.89251 -129.46554 425.37873
v 77.64027 -142.91895 425.37873
v 41.52864 177.86544 395.89499
v 20.95001 138.01560 395.89499
v 25.25536 135.79664 440.48232
v 45.83400 175.64647 440.48232
v 41.52864 177.86544 395.89499
v 20.95001 138.01560 395.89499
v 25.25536 135.79664 440.48232
v 45.83400 175.64647 440.48232
v 9.17048 175.74825 402.40471
v 50.53449 139.58688 402.40471
v 52.07456 141.35136 457.29680
v 10.71055 177.51273 457.29680
v 9.17048 175.74825 402.40471
v 50.53449 139.58688 402.40471
v 52.07456 141.35136 457.29680
v 10.71055 177.51273 457.29680
v -5.97361 129.19849 403.24636
v 14.08648 166.34695 403.24636
v 14.75586 165.98617 445.45817
v -5.30423 128.83771 445.45817
v -5.97361 129.19849 403.24636
v 14.08648 166.34695 403.24636
v 14.75586 165.98617 445.45817
v -5.30423 128.83771 445.45817
v 9.03895 79.69622 302.40045
v 9.62292 29.35475 302.40045
v 1.48909 29.25392 352.08381
v 0.90512 79.59539 352.08381
v 9.03895 79.69622 302.40045
v 9.62292 29.35475 302.40045
v 1.48909 29.25392 352.08381
v 0.90512 79.59539 352.08381
v 2.95827 69.43300 324.22453
v 31.18352 26.17634 324.22453
v 26.37855 23.03560 375.55534
v -1.84671 66.29227 375.55534
v 2.95827 69.43300 324.22453
v 31.18352 26.17634 324.22453
v 26.37855 23.03560 375.55534
v -1.84671 66.29227 375.55534
v 23.39153 65.69921 306.21301
v -16.42599 31.90139 306.21301
v -12.15721 26.88041 358.02319
v 27.66031 60.67823 358.02319
v 23.39153 65.69921 306.21301
v -16.42599 31.90139 306.21301
v -12.15721 26.88041 358.02319
v 27.66031 60.67823 358.02319
v 101.86360 180.49561 384.42690
v 57.94814 148.28620 384.42690
v 54.93306 152.39022 438.64939
v 98.84852 184.59962 438.64939
v 101.86360 180.49561 384.42690
v 57.94814 148.28620 384.42690
v 54.93306 152.39022 438.64939
v 98.84852 184.59962 438.64939
v 75.83937 164.42446 391.32556
v 45.11429 189.42677 391.32556
v 47.11402 191.88821 430.81085
v 77.83909 166.88590 430.81085
v 75.83937 164.42446 391.32556
v 45.11429 189.42677 391.32556
v 47.11402 191.88821 430.81085
v 77.83909 166.88590 430.81085
v 92.18419 167.90191 390.31345
v 46.05042 150.75360 390.31345
v 45.52756 152.15680 439.50844
v 91.66133 169.30511 439.50844
v 92.18419 167.90191 390.31345
v 46.05042 150.75360 390.31345
v 45.52756 152.15680 439.50844
v 91.66133 169.30511 439.50844
v 68.93365 -108.10180 478.77497
v 33.68733 -102.82669 478.77497
v 33.39793 -104.77091 514.35961
v 68.64425 -110.04602 514.35961
v 68.93365 -108.10180 478.77497
v 33.68733 -102.82669 478.77497
v 33.39793 -104.77091 514.35961
v 68.64425 -110.04602 514.35961
v 57.33229 -86.58103 484.74326
v 71.47163 -126.06589 484.74326
v 66.27182 -127.93259 526.31792
v 52.13248 -88.44773 526.31792
v 57.33229 -86.58103 484.74326
v 71.47163 -126.06589 484.74326
v 66.27182 -127.93259 526.31792
v 52.13248 -88.44773 526.31792
v 77.37999 -94.97092 472.73818
v 28.07334 -108.86104 472.73818
v 27.34931 -106.29870 523.89472
v 76.65596 -92.40857 523.89472
v 77.37999 -94.97092 472.73818
v 28.07334 -108.86104 472.73818
v 27.34931 -106.29870 523.89472
v 76.65596 -92.40857 523.89472
v 109.83063 -193.97408 378.71312
v 124.38504 -150.63083 378.71312
v 125.63364 -151.04900 424.41578
v 111.07924 -194.39225 424.41578
v 109.83063 -193.97408 378.71312
v 124.38504 -150.63083 378.71312
v 125.63364 -151.04900 424.41578
v 111.07924 -194.39225 424.41578
v 137.84147 -132.86500 405.36363
v 114.27485 -172.50008 405.36363
v 109.46359 -169.64453 451.13505
v 133.03020 -130.00945 451.13505
v 137.84147 -132.86500 405.36363
v 114.27485 -172.50008 405.36363
v 109.46359 -169.64453 451.13505
v 133.03020 -130.00945 451.13505
v 153.44630 -162.21978 384.12191
v 112.48587 -173.72065 384.12191
v 110.57183 -166.92458 426.07637
v 151.53226 -155.42371 426.07637
v 153.44630 -162.21978 384.12191
v 112.48587 -173.72065 384.12191
v 110.57183 -166.92458 426.07637
v 151.53226 -155.42371 426.07637
v 120.46142 62.29573 352.10131
v 68.47950 41.68561 352.10131
v 67.48410 44.19035 407.95498
v 119.46602 64.80047 407.95498
v 120.46142 62.29573 352.10131
v 68.47950 41.68561 352.10131
v 67.48410 44.19035 407.95498
v 119.46602 64.80047 407.95498
v 91.07007 62.03017 364.15968
v 79.82474 95.68466 364.15968
v 73.65765 93.61853 399.04205
v 84.90298 59.96404 399.04205
v 91.07007 62.03017 364.15968
v 79.82474 95.68466 364.15968
v 73.65765 93.61853 399.04205
v 84.90298 59.96404 399.04205
v 100.73931 51.71807 353.86587
v 129.69455 78.73567 353.86587
v 133.97316 74.15753 392.96947
v 105.01791 47.13993 392.96947
v 100.73931 51.71807 353.86587
v 129.69455 78.73567 353.86587
v 133.97316 74.15753 392.96947
v 105.01791 47.13993 392.96947
v -10.13066 51.97912 453.32085
v 36.68331 66.96811 453.32085
v 34.57580 73.53233 501.99001
v -12.23817 58.54334 501.99001
v -10.13066 51.97912 453.32085
v 36.68331 66.96811 453.32085
v 34.57580 73.53233 501.99001
v -12.23817 58.54334 501.99001
v 1.08644 63.39267 455.06360
v -20.37031 18.32530 455.06360
v -19.54231 17.93190 504.96970
v 1.91444 62.99927 504.96970
v 1.08644 63.39267 455.06360
v -20.37031 18.32530 455.06360
v -19.54231 17.93190 504.96970
v 1.91444 62.99927 504.96970
v -41.14683 72.42024 452.69629
v -4.51623 62.05312 452.69629
v -5.78942 57.54080 490.47586
v -42.42002 67.90792 490.47586
v -41.14683 72.42024 452.69629
v -4.51623 62.05312 452.69629
v -5.78942 57.54080 490.47586
v -42.42002 67.90792 490.47586
v 45.34331 123.94077 355.73401
v 78.29119 85.20394 355.73401
v 75.23428 82.59966 406.42896
v 42.28640 121.33650 406.42896
v 45.34331 123.94077 355.73401
v 78.29119 85.20394 355.73401
v 75.23428 82.59966 406.42896
v 42.28640 121.33650 406.42896
v 52.05511 107.35886 361.20646
v 91.21521 132.37404 361.20646
v 91.53884 131.86830 407.67055
v 52.37874 106.85313 407.67055
v 52.05511 107.35886 361.20646
v 91.21521 132.37404 361.20646
v 91.53884 131.86830 407.67055
v 52.37874 106.85313 407.67055
v 48.23756 65.70532 373.60021
v 48.64700 107.45053 373.60021
v 45.47421 107.47913 415.22667
v 45.06478 65.73392 415.22667
v 48.23756 65.70532 373.60021
v 48.64700 107.45053 373.60021
v 45.47421 107.47913 415.22667
v 45.06478 65.73392 415.22667
v 89.27857 -127.99266 457.90504
v 124.52947 -93.36482 457.90504
v 129.97633 -98.90085 506.70461
v 94.72542 -133.52869 506.70461
v 89.27857 -127.99266 457.90504
v 124.52947 -93.36482 457.90504
v 129.97633 -98.90085 506.70461
v 94.72542 -133.52869 506.70461
v 105.16940 -87.22222 468.77987
v 100.54957 -132.09600 468.77987
v 94.00274 -131.42727 513.40824
v 98.62257 -86.55348 513.40824
v 105.16940 -87.22222 468.77987
v 100.54957 -132.09600 468.77987
v 94.00274 -131.42727 513.40824
v 98.62257 -86.55348 513.40824
v 50.86603 -122.47445 471.33487
v 93.31371 -97.13570 471.33487
v 90.58454 -92.57204 520.48344
v 48.13686 -117.91078 520.48344
v 50.86603 -122.47445 471.33487
v 93.31371 -97.13570 471.33487
v 90.58454 -92.57204 520.48344
v 48.13686 -117.91078 520.48344
v 109.34626 108.84193 428.86209
v 101.27951 149.14819 428.86209
v 102.67186 149.42800 469.94311
v 110.73860 109.12174 469.94311
v 109.34626 108.84193 428.86209
v 101.27951 149.14819 428.86209
v 102.67186 149.42800 469.94311
v 110.73860 109.12174 469.94311
v 125.62647 103.35876 455.74321
v 88.48422 92.68990 455.74321
v 87.65430 95.57054 494.27092
v 124.79654 106.23939 494.27092
v 125.62647 103.35876 455.74321
v 88.48422 92.68990 455.74321
v 87.65430 95.57054 494.27092
v 124.79654 106.23939 494.27092
v 120.36911 97.88529 455.25491
v 156.82176 114.11692 455.25491
v 159.09965 109.01225 494.76460
v 122.64699 92.78061 494.76460
v 120.36911 97.88529 455.25491
v 156.82176 114.11692 455.25491
v 159.09965 109.01225 494.76460
v 122.64699 92.78061 494.76460
v 49.94794 22.01226 484.02822
v 49.10663 64.45690 484.02822
v 44.34235 64.35867 526.21290
v 45.18365 21.91403 526.21290
v 49.94794 22.01226 484.02822
v 49.10663 64.45690 484.02822
v 44.34235 64.35867 526.21290
v 45.18365 21.91403 526.21290
v 82.99088 55.60356 465.02938
v 40.97821 68.39586 465.02938
v 41.34795 69.61365 508.92799
v 83.36062 56.82135 508.92799
v 82.99088 55.60356 465.02938
v 40.97821 68.39586 465.02938
v 41.34795 69.61365 508.92799
v 83.36062 56.82135 508.92799
v 40.51878 77.11064 450.23560
v 39.55741 32.17096 450.23560
v 35.67901 32.25084 495.01786
v 36.64038 77.19052 495.01786
v 40.51878 77.11064 450.23560
v 39.55741 32.17096 450.23560
v 35.67901 32.25084 495.01786
v 36.64038 77.19052 495.01786
v -26.71744 27.65070 524.49640
v -2.57489 -4.95048 524.49640
v -3.78144 -5.84547 565.03580
v -27.92399 26.75570 565.03580
v -26.71744 27.65070 524.49640
v -2.57489 -4.95048 524.49640
v -3.78144 -5.84547 565.03580
v -27.92399 26.75570 565.03580
v -6.76287 43.51232 485.35645
v -41.49938 3.27593 485.35645
v -41.48287 3.26170 538.51274
v -6.74636 43.49809 538.51274
v -6.76287 43.51232 485.35645
v -41.49938 3.27593 485.35645
v -41.48287 3.26170 538.51274
v -6.74636 43.49809 538.51274
v -9.06848 -1.30823 501.27818
v -26.12103 -32.63831 501.27818
v -28.12160 -31.55149 536.87565
v -11.06904 -0.22141 536.87565
v -9.06848 -1.30823 501.27818
v -26.12103 -32.63831 501.27818
v -28.12160 -31.55149 536.87565
v -11.06904 -0.22141 536.87565
v 57.17514 96.56613 396.06726
v 86.48494 126.58861 396.06726
v 89.66480 123.48917 437.78890
v 60.35501 93.46669 437.78890
v 57.17514 96.56613 396.06726
v 86.48494 126.58861 396.06726
v 89.66480 123.48917 437.78890
v 60.35501 93.46669 437.78890
v 53.16146 86.21799 378.83022
v 83.12222 102.69047 378.83022
v 81.11063 106.34232 412.76555
v 51.14988 89.86984 412.76555
v 53.16146 86.21799 378.83022
v 83.12222 102.69047 378.83022
v 81.11063 106.34232 412.76555
v 51.14988 89.86984 412.76555
v 103.32876 101.63607 390.56232
v 53.21363 102.93886 390.56232
v 52.98700 93.94512 439.88051
v 103.10212 92.64232 439.88051
v 103.32876 101.63607 390.56232
v 53.21363 102.93886 390.56232
v 52.98700 93.94512 439.88051
v 103.10212 92.64232 439.88051
v -55.79266 175.82525 398.35903
v -34.56522 144.96441 398.35903
v -33.22175 145.89008 435.78008
v -54.44920 176.75092 435.78008
v -55.79266 175.82525 398.35903
v -34.56522 144.96441 398.35903
v -33.22175 145.89008 435.78008
v -54.44920 176.75092 435.78008
v -32.86746 178.85418 400.62482
v -17.76307 145.67251 400.62482
v -13.57248 147.58411 436.79042
v -28.67687 180.76578 436.79042
v -32.86746 178.85418 400.62482
v -17.76307 145.67251 400.62482
v -13.57248 147.58411 436.79042
v -28.67687 180.76578 436.79042
v -54.94884 144.52124 404.45991
v -13.60856 148.58271 404.45991
v -13.32067 145.67610 445.89640
v -54.66094 141.61463 445.89640
v -54.94884 144.52124 404.45991
v -13.60856 148.58271 404.45991
v -13.32067 145.67610 445.89640
v -54.66094 141.61463 445.89640
v 87.46705 -149.91559 360.13499
v 51.84219 -156.78188 360.13499
v 52.86635 -162.07289 396.01301
v 88.49120 -155.20661 396.01301
v 87.46705 -149.91559 360.13499
v 51.84219 -156.78188 360.13499
v 52.86635 -162.07289 396.01301
v 88.49120 -155.20661 396.01301
v 78.63102 -164.46318 349.07873
v 102.99089 -122.50111 349.07873
v 106.55430 -124.56595 397.42392
v 82.19443 -166.52802 397.42392
v 78.63102 -164.46318 349.07873
v 102.99089 -122.50111 349.07873
v 106.55430 -124.56595 397.42392
v 82.19443 -166.52802 397.42392
v 106.06663 -135.68024 353.54758
v 53.32994 -123.99815 353.54758
v 52.64075 -127.12113 407.46791
v 105.37745 -138.80321 407.46791
v 106.06663 -135.68024 353.54758
v 53.32994 -123.99815 353.54758
v 52.64075 -127.12113 407.46791
v 105.37745 -138.80321 407.46791
v 97.83892 -98.28778 480.73922
v 68.21296 -67.25994 480.73922
v 70.22708 -65.33375 523.54877
v 99.85304 -96.36159 523.54877
v 97.83892 -98.28778 480.73922
v 68.21296 -67.25994 480.73922
v 70.22708 -65.33375 523.54877
v 99.85304 -96.36159 523.54877
v 69.81411 -112.21797 469.74252
v 86.80454 -70.57858 469.74252
v 88.21239 -71.15173 514.68919
v 71.22196 -112.79112 514.68919
v 69.81411 -112.21797 469.74252
v 86.80454 -70.57858 469.74252
v 88.21239 -71.15173 514.68919
v 71.22196 -112.79112 514.68919
v 69.45480 -90.29003 490.87776
v 92.77442 -119.14964 490.87776
v 88.86013 -122.31768 527.63812
v 65.54051 -93.45807 527.63812
v 69.45480 -90.29003 490.87776
v 92.77442 -119.14964 490.87776
v 88.86013 -122.31768 527.63812
v 65.54051 -93.45807 527.63812
v -8.62382 -38.01898 460.42780
v -21.17766 9.93152 460.42780
v -14.44428 11.70010 509.50308
v -1.89044 -36.25040 509.50308
v -8.62382 -38.01898 460.42780
v -21.17766 9.93152 460.42780
v -14.44428 11.70010 509.50308
v -1.89044 -36.25040 509.50308
v 33.18311 -32.65679 461.42907
v 20.40872 5.11556 461.42907
v 14.38835 3.07416 500.79305
v 27.16274 -34.69818 500.79305
v 33.18311 -32.65679 461.42907
v 20.40872 5.11556 461.42907
v 14.38835 3.07416 500.79305
v 27.16274 -34.69818 500.79305
v -3.17177 -1.89473 485.04322
v 30.83437 10.36552 485.04322
v 31.71350 7.93317 521.09933
v -2.29265 -4.32709 521.09933
v -3.17177 -1.89473 485.04322
v 30.83437 10.36552 485.04322
v 31.71350 7.93317 521.09933
v -2.29265 -4.32709 521.09933
v 39.01875 -71.21840 418.28387
v 86.63342 -83.21662 418.28387
v 88.57564 -75.48296 466.73521
v 40.96097 -63.48474 466.73521
v 39.01875 -71.21840 418.28387
v 86.63342 -83.21662 418.28387
v 88.57564 -75.48296 466.73521
v 40.96097 -63.48474 466.73521
v 88.79713 -114.53187 407.43546
v 74.53937 -77.81836 407.43546
v 72.41641 -78.64476 446.75436
v 86.67417 -115.35827 446.75436
v 88.79713 -114.53187 407.43546
v 74.53937 -77.81836 407.43546
v 72.41641 -78.64476 446.75436
v 86.67417 -115.35827 446.75436
v 82.93580 -70.23826 387.40041
v 60.12812 -115.46317 387.40041
v 59.86612 -115.33130 438.05016
v 82.67381 -70.10639 438.05016
v 82.93580 -70.23826 387.40041
v 60.12812 -115.46317 387.40041
v 59.86612 -115.33130 438.05016
v 82.67381 -70.10639 438.05016
v -37.36005 3.63882 452.10542
v -75.58896 -11.28748 452.10542
v -74.80908 -13.28019 493.08913
v -36.58018 1.64611 493.08913
v -37.36005 3.63882 452.10542
v -75.58896 -11.28748 452.10542
v -74.80908 -13.28019 493.08913
v -36.58018 1.64611 493.08913
v -25.13995 -22.76629 457.26624
v -32.28208 30.76451 457.26624
v -27.64129 31.38745 511.06802
v -20.49916 -22.14335 511.06802
v -25.13995 -22.76629 457.26624
v -32.28208 30.76451 457.26624
v -27.64129 31.38745 511.06802
v -20.49916 -22.14335 511.06802
v -2.28202 -7.10663 461.91314
v -43.85635 16.87802 461.91314
v -48.09573 9.51605 509.15208
v -6.52141 -14.46859 509.15208
v -2.28202 -7.10663 461.91314
v -43.85635 16.87802 461.91314
v -48.09573 9.51605 509.15208
v -6.52141 -14.46859 509.15208
v -6.31276 13.49271 337.77054
v 22.01096 -21.48984 337.77054
v 22.81705 -20.83612 382.76981
v -5.50667 14.14643 382.76981
v -6.31276 13.49271 337.77054
v 22.01096 -21.48984 337.77054
v 22.81705 -20.83612 382.76981
v -5.50667 14.14643 382.76981
v 7.51009 57.98283 307.69469
v 12.78821 2.20688 307.69469
v 10.53109 1.99147 363.67393
v 5.25297 57.76743 363.67393
v 7.51009 57.98283 307.69469
v 12.78821 2.20688 307.69469
v 10.53109 1.99147 363.67393
v 5.25297 57.76743 363.67393
v 66.37081 0.42976 315.83844
v 27.08013 3.85271 315.83844
v 27.00733 3.00922 355.26885
v 66.29800 -0.41372 355.26885
v 66.37081 0.42976 315.83844
v 27.08013 3.85271 315.83844
v 27.00733 3.00922 355.26885
v 66.29800 -0.41372 355.26885
v -4.29506 70.01206 440.95370
v 30.23884 84.09259 440.95370
v 32.33423 78.96513 477.83418
v -2.19967 64.88459 477.83418
v -4.29506 70.01206 440.95370
v 30.23884 84.09259 440.95370
v 32.33423 78.96513 477.83418
v -2.19967 64.88459 477.83418
v 60.87074 94.13511 441.30955
v 23.11772 71.61807 441.30955
v 26.86572 65.34538 484.65598
v 64.61873 87.86242 484.65598
v 60.87074 94.13511 441.30955
v 23.11772 71.61807 441.30955
v 26.86572 65.34538 484.65598
v 64.61873 87.86242 484.65598
v 48.80480 68.03495 444.08113
v -4.64373 84.84396 444.08113
v -4.53868 85.17891 500.10938
v 48.90985 68.36990 500.10938
v 48.80480 68.03495 444.08113
v -4.64373 84.84396 444.08113
v -4.53868 85.17891 500.10938
v 48.90985 68.36990 500.10938
v 36.94615 -88.71804 407.94343
v 3.35805 -62.21454 407.94343
v 3.94374 -61.47108 450.71843
v 37.53184 -87.97458 450.71843
v 36.94615 -88.71804 407.94343
v 3.35805 -62.21454 407.94343
v 3.94374 -61.47108 450.71843
v 37.53184 -87.97458 450.71843
v 12.74574 -117.73115 422.13987
v -21.53424 -90.33896 422.13987
v -17.44634 -85.21479 465.52744
v 16.83364 -112.60699 465.52744
v 12.74574 -117.73115 422.13987
v -21.53424 -90.33896 422.13987
v -17.44634 -85.21479 465.52744
v 16.83364 -112.60699 465.52744
v 20.52336 -81.68062 389.96862
v 57.66859 -106.26280 389.96862
v 53.73362 -112.21909 433.93553
v 16.58839 -87.63691 433.93553
v 20.52336 -81.68062 389.96862
v 57.66859 -106.26280 389.96862
v 53.73362 -112.21909 433.93553
v 16.58839 -87.63691 433.93553
v 80.47448 71.55096 391.37671
v 66.87315 114.77317 391.37671
v 61.20541 112.98466 436.29702
v 74.80674 69.76245 436.29702
v 80.47448 71.55096 391.37671
v 66.87315 114.77317 391.37671
v 61.20541 112.98466 436.29702
v 74.80674 69.76245 436.29702
v 104.70309 108.44629 380.65330
v 63.51555 81.73781 380.65330
v 64.74627 79.84320 429.69055
v 105.93381 106.55168 429.69055
v 104.70309 108.44629 380.65330
v 63.51555 81.73781 380.65330
v 64.74627 79.84320 429.69055
v 105.93381 106.55168 429.69055
v 48.71134 44.25491 414.21528
v 89.11489 67.30172 414.21528
v 89.95319 65.83480 460.69913
v 49.54964 42.78799 460.69913
v 48.71134 44.25491 414.21528
v 89.11489 67.30172 414.21528
v 89.95319 65.83480 460.69913
v 49.54964 42.78799 460.69913
v 30.48006 -96.28098 411.36920
v 60.49044 -74.50961 411.36920
v 60.81180 -74.95184 448.44098
v 30.80142 -96.72322 448.44098
v 30.48006 -96.28098 411.36920
v 60.49044 -74.50961 411.36920
v 60.81180 -74.95184 448.44098
v 30.80142 -96.72322 448.44098
v 7.99043 -97.38554 413.74387
v 44.47596 -56.95436 413.74387
v 38.64192 -51.69808 467.63458
v 2.15639 -92.12926 467.63458
v 7.99043 -97.38554 413.74387
v 44.47596 -56.95436 413.74387
v 38.64192 -51.69808 467.63458
v 2.15639 -92.12926 467.63458
v 65.95570 -81.38743 417.34569
v 16.74853 -95.40356 417.34569
v 18.13821 -100.26765 468.25940
v 67.34537 -86.25152 468.25940
v 65.95570 -81.38743 417.34569
v 16.74853 -95.40356 417.34569
v 18.13821 -100.26765 468.25940
v 67.34537 -86.25152 468.25940
v 104.67437 -138.48951 412.49628
v 124.54512 -103.61371 412.49628
v 123.58634 -103.06845 452.62048
v 103.71560 -137.94425 452.62048
v 104.67437 -138.48951 412.49628
v 124.54512 -103.61371 412.49628
v 123.58634 -103.06845 452.62048
v 103.71560 -137.94425 452.62048
v 79.39805 -149.74419 396.71426
v 117.02787 -111.33471 396.71426
v 113.94848 -108.32263 450.31217
v 76.31866 -146.73211 450.31217
v 79.39805 -149.74419 396.71426
v 117.02787 -111.33471 396.71426
v 113.94848 -108.32263 450.31217
v 76.31866 -146.73211 450.31217
v 122.08623 -122.33911 417.75746
v 98.12289 -84.70416 417.75746
v 101.81789 -82.34730 462.15818
v 125.78123 -119.98225 462.15818
v 122.08623 -122.33911 417.75746
v 98.12289 -84.70416 417.75746
v 101.81789 -82.34730 462.15818
v 125.78123 -119.98225 462.15818
v 11.86112 30.12809 472.96296
v 8.51019 66.72150 472.96296
v 3.29309 66.23957 509.33405
v 6.64403 29.64616 509.33405
v 11.86112 30.12809 472.96296
v 8.51019 66.72150 472.96296
v 3.29309 66.23957 509.33405
v 6.64403 29.64616 509.33405
v -35.10781 15.47633 465.54856
v 11.36341 37.91695 465.54856
v 15.51808 29.33072 516.26514
v -30.95315 6.89010 516.26514
v -35.10781 15.47633 465.54856
v 11.36341 37.91695 465.54856
v 15.51808 29.33072 516.26514
v -30.95315 6.89010 516.26514
v 17.38576 14.30499 499.62901
v 34.65578 46.86158 499.62901
v 35.37480 46.48090 536.47359
v 18.10478 13.92431 536.47359
v 17.38576 14.30499 499.62901
v 34.65578 46.86158 499.62901
v 35.37480 46.48090 536.47359
v 18.10478 13.92431 536.47359
v 132.13419 -135.49764 380.50441
v 156.69933 -174.08953 380.50441
v 158.09084 -173.20222 426.22154
v 133.52570 -134.61034 426.22154
v 132.13419 -135.49764 380.50441
v 156.69933 -174.08953 380.50441
v 158.09084 -173.20222 426.22154
v 133.52570 -134.61034 426.22154
v 116.55271 -177.43968 359.49615
v 149.17345 -160.18058 359.49615
v 149.78533 -161.33485 396.37815
v 117.16459 -178.59395 396.37815
v 116.55271 -177.43968 359.49615
v 149.17345 -160.18058 359.49615
v 149.78533 -161.33485 396.37815
v 117.16459 -178.59395 396.37815
v 133.29304 -128.49411 360.32454
v 114.88804 -171.91981 360.32454
v 111.30742 -170.40561 407.32902
v 129.71241 -126.97991 407.32902
v 133.29304 -128.49411 360.32454
v 114.88804 -171.91981 360.32454
v 111.30742 -170.40561 407.32902
v 129.71241 -126.97991 407.32902
v 100.92362 31.37013 432.77530
v 74.61195 73.16186 432.77530
v 76.78478 74.53227 482.09319
v 103.09645 32.74054 482.09319
v 100.92362 31.37013 432.77530
v 74.61195 73.16186 432.77530
v 76.78478 74.53227 482.09319
v 103.09645 32.74054 482.09319
v 81.48337 79.09285 449.71034
v 98.04579 45.75458 449.71034
v 97.96417 45.71395 486.93595
v 81.40175 79.05222 486.93595
v 81.48337 79.09285 449.71034
v 98.04579 45.75458 449.71034
v 97.96417 45.71395 486.93595
v 81.40175 79.05222 486.93595
v 31.47771 44.76411 470.53075
v 78.27311 43.05757 470.53075
v 78.38011 46.05724 517.26096
v 31.58471 47.76378 517.26096
v 31.47771 44.76411 470.53075
v 78.27311 43.05757 470.53075
v 78.38011 46.05724 517.26096
v 31.58471 47.76378 517.26096
v -26.50502 15.61609 499.23627
v 16.43129 40.88107 499.23627
v 17.30095 39.40583 549.02496
v -25.63536 14.14085 549.02496
v -26.50502 15.61609 499.23627
v 16.43129 40.88107 499.23627
v 17.30095 39.40583 549.02496
v -25.63536 14.14085 549.02496
v 6.86392 70.72963 513.28137
v 22.07666 32.20958 513.28137
v 20.42788 31.55691 554.65862
v 5.21514 70.07696 554.65862
v 6.86392 70.72963 513.28137
v 22.07666 32.20958 513.28137
v 20.42788 31.55691 554.65862
v 5.21514 70.07696 554.65862
v 16.08546 36.59156 514.50034
v 17.10259 71.50416 514.50034
v 18.92876 71.45241 549.37994
v 17.91163 36.53982 549.37994
v 16.08546 36.59156 514.50034
v 17.10259 71.50416 514.50034
v 18.92876 71.45241 549.37994
v 17.91163 36.53982 549.37994
v 53.38664 30.28128 423.51943
v -1.13196 31.79573 423.51943
v -1.18212 29.93670 478.02735
v 53.33648 28.42225 478.02735
v 53.38664 30.28128 423.51943
v -1.13196 31.79573 423.51943
v -1.18212 29.93670 478.02735
v 53.33648 28.42225 478.02735
v 45.18225 61.36136 431.97101
v 15.07288 20.34496 431.97101
v 16.11069 19.58440 482.83616
v 46.22005 60.60079 482.83616
v 45.18225 61.36136 431.97101
v 15.07288 20.34496 431.97101
v 16.11069 19.58440 482.83616
v 46.22005 60.60079 482.83616
v 39.35370 14.09888 426.82268
v 61.98687 42.51721 426.82268
v 57.82982 45.82260 462.76227
v 35.19665 17.40427 462.76227
v 39.35370 14.09888 426.82268
v 61.98687 42.51721 426.82268
v 57.82982 45.82260 462.76227
v 35.19665 17.40427 462.76227
v 53.94221 143.03130 421.22499
v 25.86866 113.91638 421.22499
v 22.88663 116.78717 461.45768
v 50.96018 145.90209 461.45768
v 53.94221 143.03130 421.22499
v 25.86866 113.91638 421.22499
v 22.88663 116.78717 461.45768
v 50.96018 145.90209 461.45768
v 37.12384 183.80295 407.31610
v 15.66278 132.96616 407.31610
v 15.71250 132.94522 462.49720
v 37.17356 183.78201 462.49720
v 37.12384 183.80295 407.31610
v 15.66278 132.96616 407.31610
v 15.71250 132.94522 462.49720
v 37.17356 183.78201 462.49720
v 33.86574 150.63383 428.14751
v -11.24353 158.07811 428.14751
v -11.13577 158.73433 473.86208
v 33.97350 151.29005 473.86208
v 33.86574 150.63383 428.14751
v -11.24353 158.07811 428.14751
v -11.13577 158.73433 473.86208
v 33.97350 151.29005 473.86208
v 41.69202 -102.14430 464.60057
v 5.19342 -99.32110 464.60057
v 5.20410 -99.18147 501.20793
v 41.70271 -102.00466 501.20793
v 41.69202 -102.14430 464.60057
v 5.19342 -99.32110 464.60057
v 5.20410 -99.18147 501.20793
v 41.70271 -102.00466 501.20793
v 56.68892 -122.29538 477.12187
v 38.17049 -76.45347 477.12187
v 35.75966 -77.42959 526.49441
v 54.27809 -123.27149 526.49441
v 56.68892 -122.29538 477.12187
v 38.17049 -76.45347 477.12187
v 35.75966 -77.42959 526.49441
v 54.27809 -123.27149 526.49441
v 35.54567 -87.34047 455.99732
v 23.12184 -133.69290 455.99732
v 30.27649 -135.60445 503.41099
v 42.70031 -89.25202 503.41099
v 35.54567 -87.34047 455.99732
v 23.12184 -133.69290 455.99732
v 30.27649 -135.60445 503.41099
v 42.70031 -89.25202 503.41099
v 60.91298 116.77842 351.81768
v 93.23009 153.15987 351.81768
v 89.38761 156.56762 400.20805
v 57.07050 120.18617 400.20805
v 60.91298 116.77842 351.81768
v 93.23009 153.15987 351.81768
v 89.38761 156.56762 400.20805
v 57.07050 120.18617 400.20805
v 116.80177 116.79740 376.38487
v 80.76572 119.93356 376.38487
v 80.86989 121.14165 412.53680
v 116.90593 118.00549 412.53680
v 116.80177 116.79740 376.38487
v 80.76572 119.93356 376.38487
v 80.86989 121.14165 412.53680
v 116.90593 118.00549 412.53680
v 69.16113 143.43730 380.47682
v 101.94840 109.52561 380.47682
v 100.88241 108.49332 427.62346
v 68.09514 142.40502 427.62346
v 69.16113 143.43730 380.47682
v 101.94840 109.52561 380.47682
v 100.88241 108.49332 427.62346
v 68.09514 142.40502 427.62346
v 124.31235 -96.32317 416.59334
v 85.18067 -85.39039 416.59334
v 83.53450 -91.30069 456.75765
v 122.66618 -102.23347 456.75765
v 124.31235 -96.32317 416.59334
v 85.18067 -85.39039 416.59334
v 83.53450 -91.30069 456.75765
v 122.66618 -102.23347 456.75765
v 75.44773 -124.79194 388.56093
v 86.43032 -86.69497 388.56093
v 92.14370 -88.33709 427.76115
v 81.16111 -126.43406 427.76115
v 75.44773 -124.79194 388.56093
v 86.43032 -86.69497 388.56093
v 92.14370 -88.33709 427.76115
v 81.16111 -126.43406 427.76115
v 68.81439 -118.49639 392.93060
v 74.44433 -83.58143 392.93060
v 71.87287 -83.16889 428.20054
v 66.24293 -118.08385 428.20054
v 68.81439 -118.49639 392.93060
v 74.44433 -83.58143 392.93060
v 71.87287 -83.16889 428.20054
v 66.24293 -118.08385 428.20054
v -13.19369 -17.60943 395.73034
v -9.43760 37.25578 395.73034
v -1.02139 36.68634 450.07317
v -4.77749 -18.17888 450.07317
v -13.19369 -17.60943 395.73034
v -9.43760 37.25578 395.73034
v -1.02139 36.68634 450.07317
v -4.77749 -18.17888 450.07317
v -33.47364 24.53546 401.99710
v 4.43063 24.20163 401.99710
v 4.38234 18.17338 439.42039
v -33.52193 18.50720 439.42039
v -33.47364 24.53546 401.99710
v 4.43063 24.20163 401.99710
v 4.38234 18.17338 439.42039
v -33.52193 18.50720 439.42039
v 13.30972 -21.02184 399.53320
v -14.84853 15.46500 399.53320
v -19.52109 11.85306 445.24203
v 8.63716 -24.63377 445.24203
v 13.30972 -21.02184 399.53320
v -14.84853 15.46500 399.53320
v -19.52109 11.85306 445.24203
v 8.63716 -24.63377 445.24203
v 57.38794 -119.46390 362.36162
v 17.46059 -93.63508 362.36162
v 17.78741 -93.12899 409.91115
v 57.71476 -118.95780 409.91115
v 57.38794 -119.46390 362.36162
v 17.46059 -93.63508 362.36162
v 17.78741 -93.12899 409.91115
v 57.71476 -118.95780 409.91115
v 69.95294 -116.92884 366.52025
v 48.43229 -160.29962 366.52025
v 46.37013 -159.27841 414.88209
v 67.89078 -115.90764 414.88209
v 69.95294 -116.92884 366.52025
v 48.43229 -160.29962 366.52025
v 46.37013 -159.27841 414.88209
v 67.89078 -115.90764 414.88209
v 40.91552 -129.81859 357.28701
v 79.32057 -122.18015 357.28701
v 80.71033 -129.13873 395.79597
v 42.30528 -136.77717 395.79597
v 40.91552 -129.81859 357.28701
v 79.32057 -122.18015 357.28701
v 80.71033 -129.13873 395.79597
v 42.30528 -136.77717 395.79597
v 65.92990 6.99243 442.32193
v 28.14405 29.44234 442.32193
v 25.30988 24.66342 485.92122
v 63.09572 2.21351 485.92122
v 65.92990 6.99243 442.32193
v 28.14405 29.44234 442.32193
v 25.30988 24.66342 485.92122
v 63.09572 2.21351 485.92122
v 59.26607 -18.17608 435.73424
v 76.20733 28.97339 435.73424
v 74.70765 29.51089 485.80960
v 57.76639 -17.63858 485.80960
v 59.26607 -18.17608 435.73424
v 76.20733 28.97339 435.73424
v 74.70765 29.51089 485.80960
v 57.76639 -17.63858 485.80960
v 32.97176 -28.53470 436.05140
v 34.18072 12.94673 436.05140
v 38.21646 12.83233 477.35358
v 37.00750 -28.64910 477.35358
v 32.97176 -28.53470 436.05140
v 34.18072 12.94673 436.05140
v 38.21646 12.83233 477.35358
v 37.00750 -28.64910 477.35358
v -27.57759 -27.72585 484.80136
v -23.46576 -65.20643 484.80136
v -26.27031 -65.51636 522.40108
v -30.38214 -28.03578 522.40108
v -27.57759 -27.72585 484.80136
v -23.46576 -65.20643 484.80136
v -26.27031 -65.51636 522.40108
v -30.38214 -28.03578 522.40108
v -12.69684 -61.79727 487.42635
v 0.60091 -28.96948 487.42635
v -3.94188 -27.13351 522.50465
v -17.23963 -59.96131 522.50465
v -12.69684 -61.79727 487.42635
v 0.60091 -28.96948 487.42635
v -3.94188 -27.13351 522.50465
v -17.23963 -59.96131 522.50465
v -56.42993 -62.05100 475.87461
v -3.57284 -67.63022 475.87461
v -2.59814 -58.32502 528.19537
v -55.45523 -52.74580 528.19537
v -56.42993 -62.05100 475.87461
v -3.57284 -67.63022 475.87461
v -2.59814 -58.32502 528.19537
v -55.45523 -52.74580 528.19537
v -24.81740 75.49037 512.92130
v -17.51894 21.07400 512.92130
v -8.57253 22.28117 567.07768
v -15.87099 76.69754 567.07768
v -24.81740 75.49037 512.92130
v -17.51894 21.07400 512.92130
v -8.57253 22.28117 567.07768
v -15.87099 76.69754 567.07768
v -4.66661 22.27046 514.64001
v -53.70546 33.18160 514.64001
v -52.05801 40.61379 564.29794
v -3.01916 29.70265 564.29794
v -4.66661 22.27046 514.64001
v -53.70546 33.18160 514.64001
v -52.05801 40.61379 564.29794
v -3.01916 29.70265 564.29794
v -1.18836 1.08692 487.39833
v 14.65795 32.90233 487.39833
v 10.21235 35.11214 522.59321
v -5.63396 3.29673 522.59321
v -1.18836 1.08692 487.39833
v 14.65795 32.90233 487.39833
v 10.21235 35.11214 522.59321
v -5.63396 3.29673 522.59321
v -7.79693 -18.95734 448.80562
v -31.65085 14.84306 448.80562
v -32.98364 13.90088 490.14340
v -9.12971 -19.89951 490.14340
v -7.79693 -18.95734 448.80562
v -31.65085 14.84306 448.80562
v -32.98364 13.90088 490.14340
v -9.12971 -19.89951 490.14340
v 14.11659 15.13927 436.14725
v -22.73180 20.27163 436.14725
v -23.06474 17.86727 473.27208
v 13.78365 12.73491 473.27208
v 14.11659 15.13927 436.14725
v -22.73180 20.27163 436.14725
v -23.06474 17.86727 473.27208
v 13.78365 12.73491 473.27208
v -1.34804 20.47797 446.38983
v 8.99577 55.67006 446.38983
v 5.73877 56.62455 482.91322
v -4.60504 21.43246 482.91322
v -1.34804 20.47797 446.38983
v 8.99577 55.67006 446.38983
v 5.73877 56.62455 482.91322
v -4.60504 21.43246 482.91322
v -52.95698 -105.41737 409.38884
v -41.63897 -52.55084 409.38884
v -48.39414 -51.11028 463.01028
v -59.71215 -103.97680 463.01028
v -52.95698 -105.41737 409.38884
v -41.63897 -52.55084 409.38884
v -48.39414 -51.11028 463.01028
v -59.71215 -103.97680 463.01028
v -19.78970 -79.62853 399.32868
v -51.37178 -60.99554 399.32868
v -54.64736 -66.55763 435.42507
v -23.06529 -85.19062 435.42507
v -19.78970 -79.62853 399.32868
v -51.37178 -60.99554 399.32868
v -54.64736 -66.55763 435.42507
v -23.06529 -85.19062 435.42507
v -43.46887 -86.79827 414.33472
v -48.46512 -34.17759 414.33472
v -56.98454 -34.99334 466.49460
v -51.98830 -87.61402 466.49460
v -43.46887 -86.79827 414.33472
v -48.46512 -34.17759 414.33472
v -56.98454 -34.99334 466.49460
v -51.98830 -87.61402 466.49460
v 22.57933 118.07956 352.54542
v -15.09420 89.87450 352.54542
v -9.99122 83.06975 398.83230
v 27.68231 111.27480 398.83230
v 22.57933 118.07956 352.54542
v -15.09420 89.87450 352.54542
v -9.99122 83.06975 398.83230
v 27.68231 111.27480 398.83230
v 49.11418 70.17678 376.32727
v 23.50176 109.23925 376.32727
v 27.65651 111.96816 422.77254
v 53.26892 72.90569 422.77254
v 49.11418 70.17678 376.32727
v 23.50176 109.23925 376.32727
v 27.65651 111.96816 422.77254
v 53.26892 72.90569 422.77254
v 20.88309 97.54876 375.40455
v -0.02510 59.88931 375.40455
v 2.53796 58.46899 418.37896
v 23.44615 96.12844 418.37896
v 20.88309 97.54876 375.40455
v -0.02510 59.88931 375.40455
v 2.53796 58.46899 418.37896
v 23.44615 96.12844 418.37896
v 121.83946 -117.57569 477.40263
v 157.46042 -101.49992 477.40263
v 160.43453 -108.07603 515.81086
v 124.81357 -124.15180 515.81086
v 121.83946 -117.57569 477.40263
v 157.46042 -101.49992 477.40263
v 160.43453 -108.07603 515.81086
v 124.81357 -124.15180 515.81086
v 143.78339 -84.44651 436.28396
v 169.41987 -122.17546 436.28396
v 166.20310 -124.36498 481.73241
v 140.56661 -86.63603 481.73241
v 143.78339 -84.44651 436.28396
v 169.41987 -122.17546 436.28396
v 166.20310 -124.36498 481.73241
v 140.56661 -86.63603 481.73241
v 127.74482 -77.25808 455.75015
v 123.02762 -120.77989 455.75015
v 123.27063 -120.80603 499.52617
v 127.98783 -77.28422 499.52617
v 127.74482 -77.25808 455.75015
v 123.02762 -120.77989 455.75015
v 123.27063 -120.80603 499.52617
v 127.98783 -77.28422 499.52617
v 16.31801 59.97593 480.98403
v -24.78401 33.53941 480.98403
v -24.05866 32.41365 529.83556
v 17.04336 58.85017 529.83556
v 16.31801 59.97593 480.98403
v -24.78401 33.53941 480.98403
v -24.05866 32.41365 529.83556
v 17.04336 58.85017 529.83556
v 29.60370 48.59751 458.07726
v -2.32100 61.69587 458.07726
v -1.91869 62.67863 492.56821
v 30.00601 49.58028 492.56821
v 29.60370 48.59751 458.07726
v -2.32100 61.69587 458.07726
v -1.91869 62.67863 492.56821
v 30.00601 49.58028 492.56821
v -12.72188 55.47303 473.04739
v 29.74189 32.57538 473.04739
v 26.74268 27.00273 520.87441
v -15.72108 49.90037 520.87441
v -12.72188 55.47303 473.04739
v 29.74189 32.57538 473.04739
v 26.74268 27.00273 520.87441
v -15.72108 49.90037 520.87441
v 87.26848 -120.20240 400.69807
v 85.47092 -73.64905 400.69807
v 82.69258 -73.75855 447.20306
v 84.49013 -120.31190 447.20306
v 87.26848 -120.20240 400.69807
v 85.47092 -73.64905 400.69807
v 82.69258 -73.75855 447.20306
v 84.49013 -120.31190 447.20306
v 66.44500 -55.25622 395.35783
v 60.80040 -93.08817 395.35783
v 59.18988 -92.84919 433.57389
v 64.83447 -55.01723 433.57389
v 66.44500 -55.25622 395.35783
v 60.80040 -93.08817 395.35783
v 59.18988 -92.84919 433.57389
v 64.83447 -55.01723 433.57389
v 98.02427 -96.10139 404.68122
v 59.92926 -94.33109 404.68122
v 59.99821 -92.82144 442.78739
v 98.09322 -94.59173 442.78739
v 98.02427 -96.10139 404.68122
v 59.92926 -94.33109 404.68122
v 59.99821 -92.82144 442.78739
v 98.09322 -94.59173 442.78739
v -70.10608 4.68205 510.49164
v -25.19679 21.09780 510.49164
v -25.25858 21.26642 558.30679
v -70.16786 4.85067 558.30679
v -70.10608 4.68205 510.49164
v -25.19679 21.09780 510.49164
v -25.25858 21.26642 558.30679
v -70.16786 4.85067 558.30679
v -42.20322 34.04964 505.22528
v 3.92147 11.81001 505.22528
v 0.29039 4.26384 555.74219
v -45.83431 26.50347 555.74219
v -42.20322 34.04964 505.22528
v 3.92147 11.81001 505.22528
v 0.29039 4.26384 555.74219
v -45.83431 26.50347 555.74219
v -0.70067 18.79990 501.12858
v -39.04216 -10.09911 501.12858
v -43.29377 -4.46765 548.61998
v -4.95228 24.43136 548.61998
v -0.70067 18.79990 501.12858
v -39.04216 -10.09911 501.12858
v -43.29377 -4.46765 548.61998
v -4.95228 24.43136 548.61998
v -25.43962 -65.36631 299.70923
v 15.46068 -44.27315 299.70923
v 15.09538 -43.56620 345.72143
v -25.80491 -64.65937 345.72143
v -25.43962 -65.36631 299.70923
v 15.46068 -44.27315 299.70923
v 15.09538 -43.56620 345.72143
v -25.80491 -64.65937 345.72143
v -17.95494 -43.94761 309.24472
v 31.50749 -61.89169 309.24472
v 30.75570 -63.96916 361.81507
v -18.70673 -46.02508 361.81507
v -17.95494 -43.94761 309.24472
v 31.50749 -61.89169 309.24472
v 30.75570 -63.96916 361.81507
v -18.70673 -46.02508 361.81507
v 12.41948 -61.34039 327.46687
v -40.09545 -67.43133 327.46687
v -40.11044 -67.30305 380.33370
v 12.40450 -61.21211 380.33370
v 12.41948 -61.34039 327.46687
v -40.09545 -67.43133 327.46687
v -40.11044 -67.30305 380.33370
v 12.40450 -61.21211 380.33370
vt 0.00200 0.49800
vt 0.49800 0.49800
vt 0.49800 0.00200
vt 0.00200 0.00200
vt 0.00200 0.49800
vt 0.49800 0.49800
vt 0.49800 0.00200
vt 0.00200 0.00200
vt 0.00200 0.49800
vt 0.49800 0.49800
vt 0.49800 0.00200
vt 0.00200 0.00200
vt 0.00200 0.49800
vt 0.49800 0.49800
vt 0.49800 0.00200
vt 0.00200 0.00200
vt 0.00200 0.49800
vt 0.49800 0.49800
vt 0.49800 0.00200
vt 0.00200 0.00200
vt 0.00200 0.49800
vt 0.49800 0.49800
vt 0.49800 0.00200
vt 0.00200 0.00200
vt 0.50200 0.49800
vt 0.99800 0.49800
vt 0.99800 0.00200
vt 0.50200 0.00200
vt 0.50200 0.49800
vt 0.99800 0.49800
vt 0.99800 0.00200
vt 0.50200 0.00200
vt 0.50200 0.49800
vt 0.99800 0.49800
vt 0.99800 0.00200
vt 0.50200 0.00200
vt 0.50200 0.49800
vt 0.99800 0.49800
vt 0.99800 0.00200
vt 0.50200 0.00200
vt 0.50200 0.49800
vt 0.99800 0.49800
vt 0.99800 0.00200
vt 0.50200 0.00200
vt 0.50200 0.49800
vt 0.99800 0.49800
vt 0.99800 0.00200
vt 0.50200 0.00200
vt 0.00200 0.99800
vt 0.49800 0.99800
vt 0.49800 0.50200
vt 0.00200 0.50200
vt 0.00200 0.99800
vt 0.49800 0.99800
vt 0.49800 0.50200
vt 0.00200 0.50200
vt 0.00200 0.99800
vt 0.49800 0.99800
vt 0.49800 0.50200
vt 0.00200 0.50200
vt 0.00200 0.99800
vt 0.49800 0.99800
vt 0.49800 0.50200
vt 0.00200 0.50200
vt 0.00200 0.99800
vt 0.49800 0.99800
vt 0.49800 0.50200
vt 0.00200 0.50200
vt 0.00200 0.99800
vt 0.49800 0.99800
vt 0.49800 0.50200
vt 0.00200 0.50200
vt 0.50200 0.99800
vt 0.99800 0.99800
vt 0.99800 0.50200
vt 0.50200 0.50200
vt 0.50200 0.99800
vt 0.99800 0.99800
vt 0.99800 0.50200
vt 0.50200 0.50200
vt 0.50200 0.99800
vt 0.99800 0.99800
vt 0.99800 0.50200
vt 0.50200 0.50200
vt 0.50200 0.99800
vt 0.99800 0.99800
vt 0.99800 0.50200
vt 0.50200 0.50200
vt 0.50200 0.99800
vt 0.99800 0.99800
vt 0.99800 0.50200
vt 0.50200 0.50200
vt 0.50200 0.99800
vt 0.99800 0.99800
vt 0.99800 0.50200
vt 0.50200 0.50200
vt 0.00200 0.49800
vt 0.49800 0.49800
vt 0.49800 0.00200
vt 0.00200 0.00200
vt 0.00200 0.49800
vt 0.49800 0.49800
vt 0.49800 0.00200
vt 0.00200 0.00200
vt 0.00200 0.49800
vt 0.49800 0.49800
vt 0.49800 0.00200
vt 0.00200 0.00200
vt 0.00200 0.49800
vt 0.49800 0.49800
vt 0.49800 0.00200
vt 0.00200 0.00200
vt 0.00200 0.49800
vt 0.49800 0.49800
vt 0.49800 0.00200
vt 0.00200 0.00200
vt 0.00200 0.49800
vt 0.49800 0.49800
vt 0.49800 0.00200
vt 0.00200 0.00200
vt 0.50200 0.49800
vt 0.99800 0.49800
vt 0.99800 0.00200
vt 0.50200 0.00200
vt 0.50200 0.49800
vt 0.99800 0.49800
vt 0.99800 0.00200
vt 0.50200 0.00200
vt 0.50200 0.49800
vt 0.99800 0.49800
vt 0.99800 0.00200
vt 0.50200 0.00200
vt 0.50200 0.49800
vt 0.99800 0.49800
vt 0.99800 0.00200
vt 0.50200 0.00200
vt 0.50200 0.49800
vt 0.99800 0.49800
vt 0.99800 0.00200
vt 0.50200 0.00200
vt 0.50200 0.49800
vt 0.99800 0.49800
vt 0.99800 0.00200
vt 0.50200 0.00200
vt 0.00200 0.99800
vt 0.49800 0.99800
vt 0.49800 0.50200
vt 0.00200 0.50200
vt 0.00200 0.99800
vt 0.49800 0.99800
vt 0.49800 0.50200
vt 0.00200 0.50200
vt 0.00200 0.99800
vt 0.49800 0.99800
vt 0.49800 0.50200
vt 0.00200 0.50200
vt 0.00200 0.99800
vt 0.49800 0.99800
vt 0.49800 0.50200
vt 0.00200 0.50200
vt 0.00200 0.99800
vt 0.49800 0.99800
vt 0.49800 0.50200
vt 0.00200 0.50200
vt 0.00200 0.99800
vt 0.49800 0.99800
vt 0.49800 0.50200
vt 0.00200 0.50200
vt 0.50200 0.99800
vt 0.99800 0.99800
vt 0.99800 0.50200
vt 0.50200 0.50200
vt 0.50200 0.99800
vt 0.99800 0.99800
vt 0.99800 0.50200
vt 0.50200 0.50200
vt 0.50200 0.99800
vt 0.99800 0.99800
vt 0.99800 0.50200
vt 0.50200 0.50200
vt 0.50200 0.99800
vt 0.99800 0.99800
vt 0.99800 0.50200
vt 0.50200 0.50200
vt 0.50200 0.99800
vt 0.99800 0.99800
vt 0.99800 0.50200
vt 0.50200 0.50200
vt 0.50200 0.99800
vt 0.99800 0.99800
vt 0.99800 0.50200
vt 0.50200 0.50200
vt 0.00200 0.49800
vt 0.49800 0.49800
vt 0.49800 0.00200
vt 0.00200 0.00200
vt 0.00200 0.49800
vt 0.49800 0.49800
vt 0.49800 0.00200
vt 0.00200 0.00200
vt 0.00200 0.49800
vt 0.49800 0.49800
vt 0.49800 0.00200
vt 0.00200 0.00200
vt 0.00200 0.49800
vt 0.49800 0.49800
vt 0.49800 0.00200
vt 0.00200 0.00200
vt 0.00200 0.49800
vt 0.49800 0.49800
vt 0.49800 0.00200
vt 0.00200 0.00200
vt 0.00200 0.49800
vt 0.49800 0.49800
vt 0.49800 0.00200
vt 0.00200 0.00200
vt 0.50200 0.49800
vt 0.99800 0.49800
vt 0.99800 0.00200
vt 0.50200 0.00200
vt 0.50200 0.49800
vt 0.99800 0.49800
vt 0.99800 0.00200
vt 0.50200 0.00200
vt 0.50200 0.49800
vt 0.99800 0.49800
vt 0.99800 0.00200
vt 0.50200 0.00200
vt 0.50200 0.49800
vt 0.99800 0.49800
vt 0.99800 0.00200
vt 0.50200 0.00200
vt 0.50200 0.49800
vt 0.99800 0.49800
vt 0.99800 0.00200
vt 0.50200 0.00200
vt 0.50200 0.49800
vt 0.99800 0.49800
vt 0.99800 0.00200
vt 0.50200 0.00200
vt 0.00200 0.99800
vt 0.49800 0.99800
vt 0.49800 0.50200
vt 0.00200 0.50200
vt 0.00200 0.99800
vt 0.49800 0.99800
vt 0.49800 0.50200
vt 0.00200 0.50200
vt 0.00200 0.99800
vt 0.49800 0.99800
vt 0.49800 0.50200
vt 0.00200 0.50200
vt 0.00200 0.99800
vt 0.49800 0.99800
vt 0.49800 0.50200
vt 0.00200 0.50200
vt 0.00200 0.99800
vt 0.49800 0.99800
vt 0.49800 0.50200
vt 0.00200 0.50200
vt 0.00200 0.99800
vt 0.49800 0.99800
vt 0.49800 0.50200
vt 0.00200 0.50200
vt 0.50200 0.99800
vt 0.99800 0.99800
vt 0.99800 0.50200
vt 0.50200 0.50200
vt 0.50200 0.99800
vt 0.99800 0.99800
vt 0.99800 0.50200
vt 0.50200 0.50200
vt 0.50200 0.99800
vt 0.99800 0.99800
vt 0.99800 0.50200
vt 0.50200 0.50200
vt 0.50200 0.99800
vt 0.99800 0.99800
vt 0.99800 0.50200
vt 0.50200 0.50200
vt 0.50200 0.99800
vt 0.99800 0.99800
vt 0.99800 0.50200
vt 0.50200 0.50200
vt 0.50200 0.99800
vt 0.99800 0.99800
vt 0.99800 0.50200
vt 0.50200 0.50200
vt 0.00200 0.49800
vt 0.49800 0.49800
vt 0.49800 0.00200
vt 0.00200 0.00200
vt 0.00200 0.49800
vt 0.49800 0.49800
vt 0.49800 0.00200
vt 0.00200 0.00200
vt 0.00200 0.49800
vt 0.49800 0.49800
vt 0.49800 0.00200
vt 0.00200 0.00200
vt 0.00200 0.49800
vt 0.49800 0.49800
vt 0.49800 0.00200
vt 0.00200 0.00200
vt 0.00200 0.49800
vt 0.49800 0.49800
vt 0.49800 0.00200
vt 0.00200 0.00200
vt 0.00200 0.49800
vt 0.49800 0.49800
vt 0.49800 0.00200
vt 0.00200 0.00200
vt 0.50200 0.49800
vt 0.99800 0.49800
vt 0.99800 0.00200
vt 0.50200 0.00200
vt 0.50200 0.49800
vt 0.99800 0.49800
vt 0.99800 0.00200
vt 0.50200 0.00200
vt 0.50200 0.49800
vt 0.99800 0.49800
vt 0.99800 0.00200
vt 0.50200 0.00200
vt 0.50200 0.49800
vt 0.99800 0.49800
vt 0.99800 0.00200
vt 0.50200 0.00200
vt 0.50200 0.49800
vt 0.99800 0.49800
vt 0.99800 0.00200
vt 0.50200 0.00200
vt 0.50200 0.49800
vt 0.99800 0.49800
vt 0.99800 0.00200
vt 0.50200 0.00200
vt 0.00200 0.99800
vt 0.49800 0.99800
vt 0.49800 0.50200
vt 0.00200 0.50200
vt 0.00200 0.99800
vt 0.49800 0.99800
vt 0.49800 0.50200
vt 0.00200 0.50200
vt 0.00200 0.99800
vt 0.49800 0.99800
vt 0.49800 0.50200
vt 0.00200 0.50200
vt 0.00200 0.99800
vt 0.49800 0.99800
vt 0.49800 0.50200
vt 0.00200 0.50200
vt 0.00200 0.99800
vt 0.49800 0.99800
vt 0.49800 0.50200
vt 0.00200 0.50200
vt 0.00200 0.99800
vt 0.49800 0.99800
vt 0.49800 0.50200
vt 0.00200 0.50200
vt 0.50200 0.99800
vt 0.99800 0.99800
vt 0.99800 0.50200
vt 0.50200 0.50200
vt 0.50200 0.99800
vt 0.99800 0.99800
vt 0.99800 0.50200
vt 0.50200 0.50200
vt 0.50200 0.99800
vt 0.99800 0.99800
vt 0.99800 0.50200
vt 0.50200 0.50200
vt 0.50200 0.99800
vt 0.99800 0.99800
vt 0.99800 0.50200
vt 0.50200 0.50200
vt 0.50200 0.99800
vt 0.99800 0.99800
vt 0.99800 0.50200
vt 0.50200 0.50200
vt 0.50200 0.99800
vt 0.99800 0.99800
vt 0.99800 0.50200
vt 0.50200 0.50200
vt 0.00200 0.49800
vt 0.49800 0.49800
vt 0.49800 0.00200
vt 0.00200 0.00200
vt 0.00200 0.49800
vt 0.49800 0.49800
vt 0.49800 0.00200
vt 0.00200 0.00200
vt 0.00200 0.49800
vt 0.49800 0.49800
vt 0.49800 0.00200
vt 0.00200 0.00200
vt 0.00200 0.49800
vt 0.49800 0.49800
vt 0.49800 0.00200
vt 0.00200 0.00200
vt 0.00200 0.49800
vt 0.49800 0.49800
vt 0.49800 0.00200
vt 0.00200 0.00200
vt 0.00200 0.49800
vt 0.49800 0.49800
vt 0.49800 0.00200
vt 0.00200 0.00200
vt 0.50200 0.49800
vt 0.99800 0.49800
vt 0.99800 0.00200
vt 0.50200 0.00200
vt 0.50200 0.49800
vt 0.99800 0.49800
vt 0.99800 0.00200
vt 0.50200 0.00200
vt 0.50200 0.49800
vt 0.99800 0.49800
vt 0.99800 0.00200
vt 0.50200 0.00200
vt 0.50200 0.49800
vt 0.99800 0.49800
vt 0.99800 0.00200
vt 0.50200 0.00200
vt 0.50200 0.49800
vt 0.99800 0.49800
vt 0.99800 0.00200
vt 0.50200 0.00200
vt 0.50200 0.49800
vt 0.99800 0.49800
vt 0.99800 0.00200
vt 0.50200 0.00200
vt 0.00200 0.99800
vt 0.49800 0.99800
vt 0.49800 0.50200
vt 0.00200 0.50200
vt 0.00200 0.99800
vt 0.49800 0.99800
vt 0.49800 0.50200
vt 0.00200 0.50200
vt 0.00200 0.99800
vt 0.49800 0.99800
vt 0.49800 0.50200
vt 0.00200 0.50200
vt 0.00200 0.99800
vt 0.49800 0.99800
vt 0.49800 0.50200
vt 0.00200 0.50200
vt 0.00200 0.99800
vt 0.49800 0.99800
vt 0.49800 0.50200
vt 0.00200 0.50200
vt 0.00200 0.99800
vt 0.49800 0.99800
vt 0.49800 0.50200
vt 0.00200 0.50200
vt 0.50200 0.99800
vt 0.99800 0.99800
vt 0.99800 0.50200
vt 0.50200 0.50200
vt 0.50200 0.99800
vt 0.99800 0.99800
vt 0.99800 0.50200
vt 0.50200 0.50200
vt 0.50200 0.99800
vt 0.99800 0.99800
vt 0.99800 0.50200
vt 0.50200 0.50200
vt 0.50200 0.99800
vt 0.99800 0.99800
vt 0.99800 0.50200
vt 0.50200 0.50200
vt 0.50200 0.99800
vt 0.99800 0.99800
vt 0.99800 0.50200
vt 0.50200 0.50200
vt 0.50200 0.99800
vt 0.99800 0.99800
vt 0.99800 0.50200
vt 0.50200 0.50200
vt 0.00200 0.49800
vt 0.49800 0.49800
vt 0.49800 0.00200
vt 0.00200 0.00200
vt 0.00200 0.49800
vt 0.49800 0.49800
vt 0.49800 0.00200
vt 0.00200 0.00200
vt 0.00200 0.49800
vt 0.49800 0.49800
vt 0.49800 0.00200
vt 0.00200 0.00200
vt 0.00200 0.49800
vt 0.49800 0.49800
vt 0.49800 0.00200
vt 0.00200 0.00200
vt 0.00200 0.49800
vt 0.49800 0.49800
vt 0.49800 0.00200
vt 0.00200 0.00200
vt 0.00200 0.49800
vt 0.49800 0.49800
vt 0.49800 0.00200
vt 0.00200 0.00200
vt 0.50200 0.49800
vt 0.99800 0.49800
vt 0.99800 0.00200
vt 0.50200 0.00200
vt 0.50200 0.49800
vt 0.99800 0.49800
vt 0.99800 0.00200
vt 0.50200 0.00200
vt 0.50200 0.49800
vt 0.99800 0.49800
vt 0.99800 0.00200
vt 0.50200 0.00200
vt 0.50200 0.49800
vt 0.99800 0.49800
vt 0.99800 0.00200
vt 0.50200 0.00200
vt 0.50200 0.49800
vt 0.99800 0.49800
vt 0.99800 0.00200
vt 0.50200 0.00200
vt 0.50200 0.49800
vt 0.99800 0.49800
vt 0.99800 0.00200
vt 0.50200 0.00200
vt 0.00200 0.99800
vt 0.49800 0.99800
vt 0.49800 0.50200
vt 0.00200 0.50200
vt 0.00200 0.99800
vt 0.49800 0.99800
vt 0.49800 0.50200
vt 0.00200 0.50200
vt 0.00200 0.99800
vt 0.49800 0.99800
vt 0.49800 0.50200
vt 0.00200 0.50200
vt 0.00200 0.99800
vt 0.49800 0.99800
vt 0.49800 0.50200
vt 0.00200 0.50200
vt 0.00200 0.99800
vt 0.49800 0.99800
vt 0.49800 0.50200
vt 0.00200 0.50200
vt 0.00200 0.99800
vt 0.49800 0.99800
vt 0.49800 0.50200
vt 0.00200 0.50200
vt 0.50200 0.99800
vt 0.99800 0.99800
vt 0.99800 0.50200
vt 0.50200 0.50200
vt 0.50200 0.99800
vt 0.99800 0.99800
vt 0.99800 0.50200
vt 0.50200 0.50200
vt 0.50200 0.99800
vt 0.99800 0.99800
vt 0.99800 0.50200
vt 0.50200 0.50200
vt 0.50200 0.99800
vt 0.99800 0.99800
vt 0.99800 0.50200
vt 0.50200 0.50200
vt 0.50200 0.99800
vt 0.99800 0.99800
vt 0.99800 0.50200
vt 0.50200 0.50200
vt 0.50200 0.99800
vt 0.99800 0.99800
vt 0.99800 0.50200
vt 0.50200 0.50200
vt 0.00200 0.49800
vt 0.49800 0.49800
vt 0.49800 0.00200
vt 0.00200 0.00200
vt 0.00200 0.49800
vt 0.49800 0.49800
vt 0.49800 0.00200
vt 0.00200 0.00200
vt 0.00200 0.49800
vt 0.49800 0.49800
vt 0.49800 0.00200
vt 0.00200 0.00200
vt 0.00200 0.49800
vt 0.49800 0.49800
vt 0.49800 0.00200
vt 0.00200 0.00200
vt 0.00200 0.49800
vt 0.49800 0.49800
vt 0.49800 0.00200
vt 0.00200 0.00200
vt 0.00200 0.49800
vt 0.49800 0.49800
vt 0.49800 0.00200
vt 0.00200 0.00200
vt 0.50200 0.49800
vt 0.99800 0.49800
vt 0.99800 0.00200
vt 0.50200 0.00200
vt 0.50200 0.49800
vt 0.99800 0.49800
vt 0.99800 0.00200
vt 0.50200 0.00200
vt 0.50200 0.49800
vt 0.99800 0.49800
vt 0.99800 0.00200
vt 0.50200 0.00200
vt 0.50200 0.49800
vt 0.99800 0.49800
vt 0.99800 0.00200
vt 0.50200 0.00200
vt 0.50200 0.49800
vt 0.99800 0.49800
vt 0.99800 0.00200
vt 0.50200 0.00200
vt 0.50200 0.49800
vt 0.99800 0.49800
vt 0.99800 0.00200
vt 0.50200 0.00200
vt 0.00200 0.99800
vt 0.49800 0.99800
vt 0.49800 0.50200
vt 0.00200 0.50200
vt 0.00200 0.99800
vt 0.49800 0.99800
vt 0.49800 0.50200
vt 0.00200 0.50200
vt 0.00200 0.99800
vt 0.49800 0.99800
vt 0.49800 0.50200
vt 0.00200 0.50200
vt 0.00200 0.99800
vt 0.49800 0.99800
vt 0.49800 0.50200
vt 0.00200 0.50200
vt 0.00200 0.99800
vt 0.49800 0.99800
vt 0.49800 0.50200
vt 0.00200 0.50200
vt 0.00200 0.99800
vt 0.49800 0.99800
vt 0.49800 0.50200
vt 0.00200 0.50200
vt 0.50200 0.99800
vt 0.99800 0.99800
vt 0.99800 0.50200
vt 0.50200 0.50200
vt 0.50200 0.99800
vt 0.99800 0.99800
vt 0.99800 0.50200
vt 0.50200 0.50200
vt 0.50200 0.99800
vt 0.99800 0.99800
vt 0.99800 0.50200
vt 0.50200 0.50200
vt 0.50200 0.99800
vt 0.99800 0.99800
vt 0.99800 0.50200
vt 0.50200 0.50200
vt 0.50200 0.99800
vt 0.99800 0.99800
vt 0.99800 0.50200
vt 0.50200 0.50200
vt 0.50200 0.99800
vt 0.99800 0.99800
vt 0.99800 0.50200
vt 0.50200 0.50200
vt 0.00200 0.49800
vt 0.49800 0.49800
vt 0.49800 0.00200
vt 0.00200 0.00200
vt 0.00200 0.49800
vt 0.49800 0.49800
vt 0.49800 0.00200
vt 0.00200 0.00200
vt 0.00200 0.49800
vt 0.49800 0.49800
vt 0.49800 0.00200
vt 0.00200 0.00200
vt 0.00200 0.49800
vt 0.49800 0.49800
vt 0.49800 0.00200
vt 0.00200 0.00200
vt 0.00200 0.49800
vt 0.49800 0.49800
vt 0.49800 0.00200
vt 0.00200 0.00200
vt 0.00200 0.49800
vt 0.49800 0.49800
vt 0.49800 0.00200
vt 0.00200 0.00200
vt 0.50200 0.49800
vt 0.99800 0.49800
vt 0.99800 0.00200
vt 0.50200 0.00200
vt 0.50200 0.49800
vt 0.99800 0.49800
vt 0.99800 0.00200
vt 0.50200 0.00200
vt 0.50200 0.49800
vt 0.99800 0.49800
vt 0.99800 0.00200
vt 0.50200 0.00200
vt 0.50200 0.49800
vt 0.99800 0.49800
vt 0.99800 0.00200
vt 0.50200 0.00200
vt 0.50200 0.49800
vt 0.99800 0.49800
vt 0.99800 0.00200
vt 0.50200 0.00200
vt 0.50200 0.49800
vt 0.99800 0.49800
vt 0.99800 0.00200
vt 0.50200 0.00200
vt 0.00200 0.99800
vt 0.49800 0.99800
vt 0.49800 0.50200
vt 0.00200 0.50200
vt 0.00200 0.99800
vt 0.49800 0.99800
vt 0.49800 0.50200
vt 0.00200 0.50200
vt 0.00200 0.99800
vt 0.49800 0.99800
vt 0.49800 0.50200
vt 0.00200 0.50200
vt 0.00200 0.99800
vt 0.49800 0.99800
vt 0.49800 0.50200
vt 0.00200 0.50200
vt 0.00200 0.99800
vt 0.49800 0.99800
vt 0.49800 0.50200
vt 0.00200 0.50200
vt 0.00200 0.99800
vt 0.49800 0.99800
vt 0.49800 0.50200
vt 0.00200 0.50200
vt 0.50200 0.99800
vt 0.99800 0.99800
vt 0.99800 0.50200
vt 0.50200 0.50200
vt 0.50200 0.99800
vt 0.99800 0.99800
vt 0.99800 0.50200
vt 0.50200 0.50200
vt 0.50200 0.99800
vt 0.99800 0.99800
vt 0.99800 0.50200
vt 0.50200 0.50200
vt 0.50200 0.99800
vt 0.99800 0.99800
vt 0.99800 0.50200
vt 0.50200 0.50200
vt 0.50200 0.99800
vt 0.99800 0.99800
vt 0.99800 0.50200
vt 0.50200 0.50200
vt 0.50200 0.99800
vt 0.99800 0.99800
vt 0.99800 0.50200
vt 0.50200 0.50200
vt 0.00200 0.49800
vt 0.49800 0.49800
vt 0.49800 0.00200
vt 0.00200 0.00200
vt 0.00200 0.49800
vt 0.49800 0.49800
vt 0.49800 0.00200
vt 0.00200 0.00200
vt 0.00200 0.49800
vt 0.49800 0.49800
vt 0.49800 0.00200
vt 0.00200 0.00200
vt 0.00200 0.49800
vt 0.49800 0.49800
vt 0.49800 0.00200
vt 0.00200 0.00200
vt 0.00200 0.49800
vt 0.49800 0.49800
vt 0.49800 0.00200
vt 0.00200 0.00200
vt 0.00200 0.49800
vt 0.49800 0.49800
vt 0.49800 0.00200
vt 0.00200 0.00200
vt 0.50200 0.49800
vt 0.99800 0.49800
vt 0.99800 0.00200
vt 0.50200 0.00200
vt 0.50200 0.49800
vt 0.99800 0.49800
vt 0.99800 0.00200
vt 0.50200 0.00200
vt 0.50200 0.49800
vt 0.99800 0.49800
vt 0.99800 0.00200
vt 0.50200 0.00200
vt 0.50200 0.49800
vt 0.99800 0.49800
vt 0.99800 0.00200
vt 0.50200 0.00200
vt 0.50200 0.49800
vt 0.99800 0.49800
vt 0.99800 0.00200
vt 0.50200 0.00200
vt 0.50200 0.49800
vt 0.99800 0.49800
vt 0.99800 0.00200
vt 0.50200 0.00200
vt 0.00200 0.99800
vt 0.49800 0.99800
vt 0.49800 0.50200
vt 0.00200 0.50200
vt 0.00200 0.99800
vt 0.49800 0.99800
vt 0.49800 0.50200
vt 0.00200 0.50200
vt 0.00200 0.99800
vt 0.49800 0.99800
vt 0.49800 0.50200
vt 0.00200 0.50200
vt 0.00200 0.99800
vt 0.49800 0.99800
vt 0.49800 0.50200
vt 0.00200 0.50200
vt 0.00200 0.99800
vt 0.49800 0.99800
vt 0.49800 0.50200
vt 0.00200 0.50200
vt 0.00200 0.99800
vt 0.49800 0.99800
vt 0.49800 0.50200
vt 0.00200 0.50200
vt 0.50200 0.99800
vt 0.99800 0.99800
vt 0.99800 0.50200
vt 0.50200 0.50200
vt 0.50200 0.99800
vt 0.99800 0.99800
vt 0.99800 0.50200
vt 0.50200 0.50200
vt 0.50200 0.99800
vt 0.99800 0.99800
vt 0.99800 0.50200
vt 0.50200 0.50200
vt 0.50200 0.99800
vt 0.99800 0.99800
vt 0.99800 0.50200
vt 0.50200 0.50200
vt 0.50200 0.99800
vt 0.99800 0.99800
vt 0.99800 0.50200
vt 0.50200 0.50200
vt 0.50200 0.99800
vt 0.99800 0.99800
vt 0.99800 0.50200
vt 0.50200 0.50200
vt 0.00200 0.49800
vt 0.49800 0.49800
vt 0.49800 0.00200
vt 0.00200 0.00200
vt 0.00200 0.49800
vt 0.49800 0.49800
vt 0.49800 0.00200
vt 0.00200 0.00200
vt 0.00200 0.49800
vt 0.49800 0.49800
vt 0.49800 0.00200
vt 0.00200 0.00200
vt 0.00200 0.49800
vt 0.49800 0.49800
vt 0.49800 0.00200
vt 0.00200 0.00200
vt 0.00200 0.49800
vt 0.49800 0.49800
vt 0.49800 0.00200
vt 0.00200 0.00200
vt 0.00200 0.49800
vt 0.49800 0.49800
vt 0.49800 0.00200
vt 0.00200 0.00200
vt 0.50200 0.49800
vt 0.99800 0.49800
vt 0.99800 0.00200
vt 0.50200 0.00200
vt 0.50200 0.49800
vt 0.99800 0.49800
vt 0.99800 0.00200
vt 0.50200 0.00200
vt 0.50200 0.49800
vt 0.99800 0.49800
vt 0.99800 0.00200
vt 0.50200 0.00200
vt 0.50200 0.49800
vt 0.99800 0.49800
vt 0.99800 0.00200
vt 0.50200 0.00200
vt 0.50200 0.49800
vt 0.99800 0.49800
vt 0.99800 0.00200
vt 0.50200 0.00200
vt 0.50200 0.49800
vt 0.99800 0.49800
vt 0.99800 0.00200
vt 0.50200 0.00200
vt 0.00200 0.99800
vt 0.49800 0.99800
vt 0.49800 0.50200
vt 0.00200 0.50200
vt 0.00200 0.99800
vt 0.49800 0.99800
vt 0.49800 0.50200
vt 0.00200 0.50200
vt 0.00200 0.99800
vt 0.49800 0.99800
vt 0.49800 0.50200
vt 0.00200 0.50200
vt 0.00200 0.99800
vt 0.49800 0.99800
vt 0.49800 0.50200
vt 0.00200 0.50200
vt 0.00200 0.99800
vt 0.49800 0.99800
vt 0.49800 0.50200
vt 0.00200 0.50200
vt 0.00200 0.99800
vt 0.49800 0.99800
vt 0.49800 0.50200
vt 0.00200 0.50200
vt 0.50200 0.99800
vt 0.99800 0.99800
vt 0.99800 0.50200
vt 0.50200 0.50200
vt 0.50200 0.99800
vt 0.99800 0.99800
vt 0.99800 0.50200
vt 0.50200 0.50200
vt 0.50200 0.99800
vt 0.99800 0.99800
vt 0.99800 0.50200
vt 0.50200 0.50200
vt 0.50200 0.99800
vt 0.99800 0.99800
vt 0.99800 0.50200
vt 0.50200 0.50200
vt 0.50200 0.99800
vt 0.99800 0.99800
vt 0.99800 0.50200
vt 0.50200 0.50200
vt 0.50200 0.99800
vt 0.99800 0.99800
vt 0.99800 0.50200
vt 0.50200 0.50200
vt 0.00200 0.49800
vt 0.49800 0.49800
vt 0.49800 0.00200
vt 0.00200 0.00200
vt 0.00200 0.49800
vt 0.49800 0.49800
vt 0.49800 0.00200
vt 0.00200 0.00200
vt 0.00200 0.49800
vt 0.49800 0.49800
vt 0.49800 0.00200
vt 0.00200 0.00200
vt 0.00200 0.49800
vt 0.49800 0.49800
vt 0.49800 0.00200
vt 0.00200 0.00200
vt 0.00200 0.49800
vt 0.49800 0.49800
vt 0.49800 0.00200
vt 0.00200 0.00200
vt 0.00200 0.49800
vt 0.49800 0.49800
vt 0.49800 0.00200
vt 0.00200 0.00200
vt 0.50200 0.49800
vt 0.99800 0.49800
vt 0.99800 0.00200
vt 0.50200 0.00200
vt 0.50200 0.49800
vt 0.99800 0.49800
vt 0.99800 0.00200
vt 0.50200 0.00200
vt 0.50200 0.49800
vt 0.99800 0.49800
vt 0.99800 0.00200
vt 0.50200 0.00200
vt 0.50200 0.49800
vt 0.99800 0.49800
vt 0.99800 0.00200
vt 0.50200 0.00200
vt 0.50200 0.49800
vt 0.99800 0.49800
vt 0.99800 0.00200
vt 0.50200 0.00200
vt 0.50200 0.49800
vt 0.99800 0.49800
vt 0.99800 0.00200
vt 0.50200 0.00200
vt 0.00200 0.99800
vt 0.49800 0.99800
vt 0.49800 0.50200
vt 0.00200 0.50200
vt 0.00200 0.99800
vt 0.49800 0.99800
vt 0.49800 0.50200
vt 0.00200 0.50200
vt 0.00200 0.99800
vt 0.49800 0.99800
vt 0.49800 0.50200
vt 0.00200 0.50200
vt 0.00200 0.99800
vt 0.49800 0.99800
vt 0.49800 0.50200
vt 0.00200 0.50200
vt 0.00200 0.99800
vt 0.49800 0.99800
vt 0.49800 0.50200
vt 0.00200 0.50200
vt 0.00200 0.99800
vt 0.49800 0.99800
vt 0.49800 0.50200
vt 0.00200 0.50200
vt 0.50200 0.99800
vt 0.99800 0.99800
vt 0.99800 0.50200
vt 0.50200 0.50200
vt 0.50200 0.99800
vt 0.99800 0.99800
vt 0.99800 0.50200
vt 0.50200 0.50200
vt 0.50200 0.99800
vt 0.99800 0.99800
vt 0.99800 0.50200
vt 0.50200 0.50200
vt 0.50200 0.99800
vt 0.99800 0.99800
vt 0.99800 0.50200
vt 0.50200 0.50200
vt 0.50200 0.99800
vt 0.99800 0.99800
vt 0.99800 0.50200
vt 0.50200 0.50200
vt 0.50200 0.99800
vt 0.99800 0.99800
vt 0.99800 0.50200
vt 0.50200 0.50200
vt 0.00200 0.49800
vt 0.49800 0.49800
vt 0.49800 0.00200
vt 0.00200 0.00200
vt 0.00200 0.49800
vt 0.49800 0.49800
vt 0.49800 0.00200
vt 0.00200 0.00200
vt 0.00200 0.49800
vt 0.49800 0.49800
vt 0.49800 0.00200
vt 0.00200 0.00200
vt 0.00200 0.49800
vt 0.49800 0.49800
vt 0.49800 0.00200
vt 0.00200 0.00200
vt 0.00200 0.49800
vt 0.49800 0.49800
vt 0.49800 0.00200
vt 0.00200 0.00200
vt 0.00200 0.49800
vt 0.49800 0.49800
vt 0.49800 0.00200
vt 0.00200 0.00200
vt 0.50200 0.49800
vt 0.99800 0.49800
vt 0.99800 0.00200
vt 0.50200 0.00200
vt 0.50200 0.49800
vt 0.99800 0.49800
vt 0.99800 0.00200
vt 0.50200 0.00200
vt 0.50200 0.49800
vt 0.99800 0.49800
vt 0.99800 0.00200
vt 0.50200 0.00200
vt 0.50200 0.49800
vt 0.99800 0.49800
vt 0.99800 0.00200
vt 0.50200 0.00200
vt 0.50200 0.49800
vt 0.99800 0.49800
vt 0.99800 0.00200
vt 0.50200 0.00200
vt 0.50200 0.49800
vt 0.99800 0.49800
vt 0.99800 0.00200
vt 0.50200 0.00200
vt 0.00200 0.99800
vt 0.49800 0.99800
vt 0.49800 0.50200
vt 0.00200 0.50200
vt 0.00200 0.99800
vt 0.49800 0.99800
vt 0.49800 0.50200
vt 0.00200 0.50200
vt 0.00200 0.99800
vt 0.49800 0.99800
vt 0.49800 0.50200
vt 0.00200 0.50200
vt 0.00200 0.99800
vt 0.49800 0.99800
vt 0.49800 0.50200
vt 0.00200 0.50200
vt 0.00200 0.99800
vt 0.49800 0.99800
vt 0.49800 0.50200
vt 0.00200 0.50200
vt 0.00200 0.99800
vt 0.49800 0.99800
vt 0.49800 0.50200
vt 0.00200 0.50200
vt 0.50200 0.99800
vt 0.99800 0.99800
vt 0.99800 0.50200
vt 0.50200 0.50200
vt 0.50200 0.99800
vt 0.99800 0.99800
vt 0.99800 0.50200
vt 0.50200 0.50200
vt 0.50200 0.99800
vt 0.99800 0.99800
vt 0.99800 0.50200
vt 0.50200 0.50200
vt 0.50200 0.99800
vt 0.99800 0.99800
vt 0.99800 0.50200
vt 0.50200 0.50200
vt 0.50200 0.99800
vt 0.99800 0.99800
vt 0.99800 0.50200
vt 0.50200 0.50200
vt 0.50200 0.99800
vt 0.99800 0.99800
vt 0.99800 0.50200
vt 0.50200 0.50200
vt 0.00200 0.49800
vt 0.49800 0.49800
vt 0.49800 0.00200
vt 0.00200 0.00200
vt 0.00200 0.49800
vt 0.49800 0.49800
vt 0.49800 0.00200
vt 0.00200 0.00200
vt 0.00200 0.49800
vt 0.49800 0.49800
vt 0.49800 0.00200
vt 0.00200 0.00200
vt 0.00200 0.49800
vt 0.49800 0.49800
vt 0.49800 0.00200
vt 0.00200 0.00200
vt 0.00200 0.49800
vt 0.49800 0.49800
vt 0.49800 0.00200
vt 0.00200 0.00200
vt 0.00200 0.49800
vt 0.49800 0.49800
vt 0.49800 0.00200
vt 0.00200 0.00200
vt 0.50200 0.49800
vt 0.99800 0.49800
vt 0.99800 0.00200
vt 0.50200 0.00200
vt 0.50200 0.49800
vt 0.99800 0.49800
vt 0.99800 0.00200
vt 0.50200 0.00200
vt 0.50200 0.49800
vt 0.99800 0.49800
vt 0.99800 0.00200
vt 0.50200 0.00200
vt 0.50200 0.49800
vt 0.99800 0.49800
vt 0.99800 0.00200
vt 0.50200 0.00200
vt 0.50200 0.49800
vt 0.99800 0.49800
vt 0.99800 0.00200
vt 0.50200 0.00200
vt 0.50200 0.49800
vt 0.99800 0.49800
vt 0.99800 0.00200
vt 0.50200 0.00200
vt 0.00200 0.99800
vt 0.49800 0.99800
vt 0.49800 0.50200
vt 0.00200 0.50200
vt 0.00200 0.99800
vt 0.49800 0.99800
vt 0.49800 0.50200
vt 0.00200 0.50200
vt 0.00200 0.99800
vt 0.49800 0.99800
vt 0.49800 0.50200
vt 0.00200 0.50200
vt 0.00200 0.99800
vt 0.49800 0.99800
vt 0.49800 0.50200
vt 0.00200 0.50200
vt 0.00200 0.99800
vt 0.49800 0.99800
vt 0.49800 0.50200
vt 0.00200 0.50200
vt 0.00200 0.99800
vt 0.49800 0.99800
vt 0.49800 0.50200
vt 0.00200 0.50200
vt 0.50200 0.99800
vt 0.99800 0.99800
vt 0.99800 0.50200
vt 0.50200 0.50200
vt 0.50200 0.99800
vt 0.99800 0.99800
vt 0.99800 0.50200
vt 0.50200 0.50200
vt 0.50200 0.99800
vt 0.99800 0.99800
vt 0.99800 0.50200
vt 0.50200 0.50200
vt 0.50200 0.99800
vt 0.99800 0.99800
vt 0.99800 0.50200
vt 0.50200 0.50200
vt 0.50200 0.99800
vt 0.99800 0.99800
vt 0.99800 0.50200
vt 0.50200 0.50200
vt 0.50200 0.99800
vt 0.99800 0.99800
vt 0.99800 0.50200
vt 0.50200 0.50200
vt 0.00200 0.49800
vt 0.49800 0.49800
vt 0.49800 0.00200
vt 0.00200 0.00200
vt 0.00200 0.49800
vt 0.49800 0.49800
vt 0.49800 0.00200
vt 0.00200 0.00200
vt 0.00200 0.49800
vt 0.49800 0.49800
vt 0.49800 0.00200
vt 0.00200 0.00200
vt 0.00200 0.49800
vt 0.49800 0.49800
vt 0.49800 0.00200
vt 0.00200 0.00200
vt 0.00200 0.49800
vt 0.49800 0.49800
vt 0.49800 0.00200
vt 0.00200 0.00200
vt 0.00200 0.49800
vt 0.49800 0.49800
vt 0.49800 0.00200
vt 0.00200 0.00200
vt 0.50200 0.49800
vt 0.99800 0.49800
vt 0.99800 0.00200
vt 0.50200 0.00200
vt 0.50200 0.49800
vt 0.99800 0.49800
vt 0.99800 0.00200
vt 0.50200 0.00200
vt 0.50200 0.49800
vt 0.99800 0.49800
vt 0.99800 0.00200
vt 0.50200 0.00200
vt 0.50200 0.49800
vt 0.99800 0.49800
vt 0.99800 0.00200
vt 0.50200 0.00200
vt 0.50200 0.49800
vt 0.99800 0.49800
vt 0.99800 0.00200
vt 0.50200 0.00200
vt 0.50200 0.49800
vt 0.99800 0.49800
vt 0.99800 0.00200
vt 0.50200 0.00200
vt 0.00200 0.99800
vt 0.49800 0.99800
vt 0.49800 0.50200
vt 0.00200 0.50200
vt 0.00200 0.99800
vt 0.49800 0.99800
vt 0.49800 0.50200
vt 0.00200 0.50200
vt 0.00200 0.99800
vt 0.49800 0.99800
vt 0.49800 0.50200
vt 0.00200 0.50200
vt 0.00200 0.99800
vt 0.49800 0.99800
vt 0.49800 0.50200
vt 0.00200 0.50200
vt 0.00200 0.99800
vt 0.49800 0.99800
vt 0.49800 0.50200
vt 0.00200 0.50200
vt 0.00200 0.99800
vt 0.49800 0.99800
vt 0.49800 0.50200
vt 0.00200 0.50200
vt 0.50200 0.99800
vt 0.99800 0.99800
vt 0.99800 0.50200
vt 0.50200 0.50200
vt 0.50200 0.99800
vt 0.99800 0.99800
vt 0.99800 0.50200
vt 0.50200 0.50200
vt 0.50200 0.99800
vt 0.99800 0.99800
vt 0.99800 0.50200
vt 0.50200 0.50200
vt 0.50200 0.99800
vt 0.99800 0.99800
vt 0.99800 0.50200
vt 0.50200 0.50200
vt 0.50200 0.99800
vt 0.99800 0.99800
vt 0.99800 0.50200
vt 0.50200 0.50200
vt 0.50200 0.99800
vt 0.99800 0.99800
vt 0.99800 0.50200
vt 0.50200 0.50200
vt 0.00200 0.49800
vt 0.49800 0.49800
vt 0.49800 0.00200
vt 0.00200 0.00200
vt 0.00200 0.49800
vt 0.49800 0.49800
vt 0.49800 0.00200
vt 0.00200 0.00200
vt 0.00200 0.49800
vt 0.49800 0.49800
vt 0.49800 0.00200
vt 0.00200 0.00200
vt 0.00200 0.49800
vt 0.49800 0.49800
vt 0.49800 0.00200
vt 0.00200 0.00200
vt 0.00200 0.49800
vt 0.49800 0.49800
vt 0.49800 0.00200
vt 0.00200 0.00200
vt 0.00200 0.49800
vt 0.49800 0.49800
vt 0.49800 0.00200
vt 0.00200 0.00200
vt 0.50200 0.49800
vt 0.99800 0.49800
vt 0.99800 0.00200
vt 0.50200 0.00200
vt 0.50200 0.49800
vt 0.99800 0.49800
vt 0.99800 0.00200
vt 0.50200 0.00200
vt 0.50200 0.49800
vt 0.99800 0.49800
vt 0.99800 0.00200
vt 0.50200 0.00200
vt 0.50200 0.49800
vt 0.99800 0.49800
vt 0.99800 0.00200
vt 0.50200 0.00200
vt 0.50200 0.49800
vt 0.99800 0.49800
vt 0.99800 0.00200
vt 0.50200 0.00200
vt 0.50200 0.49800
vt 0.99800 0.49800
vt 0.99800 0.00200
vt 0.50200 0.00200
vt 0.00200 0.99800
vt 0.49800 0.99800
vt 0.49800 0.50200
vt 0.00200 0.50200
vt 0.00200 0.99800
vt 0.49800 0.99800
vt 0.49800 0.50200
vt 0.00200 0.50200
vt 0.00200 0.99800
vt 0.49800 0.99800
vt 0.49800 0.50200
vt 0.00200 0.50200
vt 0.00200 0.99800
vt 0.49800 0.99800
vt 0.49800 0.50200
vt 0.00200 0.50200
vt 0.00200 0.99800
vt 0.49800 0.99800
vt 0.49800 0.50200
vt 0.00200 0.50200
vt 0.00200 0.99800
vt 0.49800 0.99800
vt 0.49800 0.50200
vt 0.00200 0.50200
vt 0.50200 0.99800
vt 0.99800 0.99800
vt 0.99800 0.50200
vt 0.50200 0.50200
vt 0.50200 0.99800
vt 0.99800 0.99800
vt 0.99800 0.50200
vt 0.50200 0.50200
vt 0.50200 0.99800
vt 0.99800 0.99800
vt 0.99800 0.50200
vt 0.50200 0.50200
vt 0.50200 0.99800
vt 0.99800 0.99800
vt 0.99800 0.50200
vt 0.50200 0.50200
vt 0.50200 0.99800
vt 0.99800 0.99800
vt 0.99800 0.50200
vt 0.50200 0.50200
vt 0.50200 0.99800
vt 0.99800 0.99800
vt 0.99800 0.50200
vt 0.50200 0.50200
vt 0.00200 0.49800
vt 0.49800 0.49800
vt 0.49800 0.00200
vt 0.00200 0.00200
vt 0.00200 0.49800
vt 0.49800 0.49800
vt 0.49800 0.00200
vt 0.00200 0.00200
vt 0.00200 0.49800
vt 0.49800 0.49800
vt 0.49800 0.00200
vt 0.00200 0.00200
vt 0.00200 0.49800
vt 0.49800 0.49800
vt 0.49800 0.00200
vt 0.00200 0.00200
vt 0.00200 0.49800
vt 0.49800 0.49800
vt 0.49800 0.00200
vt 0.00200 0.00200
vt 0.00200 0.49800
vt 0.49800 0.49800
vt 0.49800 0.00200
vt 0.00200 0.00200
vt 0.50200 0.49800
vt 0.99800 0.49800
vt 0.99800 0.00200
vt 0.50200 0.00200
vt 0.50200 0.49800
vt 0.99800 0.49800
vt 0.99800 0.00200
vt 0.50200 0.00200
vt 0.50200 0.49800
vt 0.99800 0.49800
vt 0.99800 0.00200
vt 0.50200 0.00200
vt 0.50200 0.49800
vt 0.99800 0.49800
vt 0.99800 0.00200
vt 0.50200 0.00200
vt 0.50200 0.49800
vt 0.99800 0.49800
vt 0.99800 0.00200
vt 0.50200 0.00200
vt 0.50200 0.49800
vt 0.99800 0.49800
vt 0.99800 0.00200
vt 0.50200 0.00200
vt 0.00200 0.99800
vt 0.49800 0.99800
vt 0.49800 0.50200
vt 0.00200 0.50200
vt 0.00200 0.99800
vt 0.49800 0.99800
vt 0.49800 0.50200
vt 0.00200 0.50200
vt 0.00200 0.99800
vt 0.49800 0.99800
vt 0.49800 0.50200
vt 0.00200 0.50200
vt 0.00200 0.99800
vt 0.49800 0.99800
vt 0.49800 0.50200
vt 0.00200 0.50200
vt 0.00200 0.99800
vt 0.49800 0.99800
vt 0.49800 0.50200
vt 0.00200 0.50200
vt 0.00200 0.99800
vt 0.49800 0.99800
vt 0.49800 0.50200
vt 0.00200 0.50200
vt 0.50200 0.99800
vt 0.99800 0.99800
vt 0.99800 0.50200
vt 0.50200 0.50200
vt 0.50200 0.99800
vt 0.99800 0.99800
vt 0.99800 0.50200
vt 0.50200 0.50200
vt 0.50200 0.99800
vt 0.99800 0.99800
vt 0.99800 0.50200
vt 0.50200 0.50200
vt 0.50200 0.99800
vt 0.99800 0.99800
vt 0.99800 0.50200
vt 0.50200 0.50200
vt 0.50200 0.99800
vt 0.99800 0.99800
vt 0.99800 0.50200
vt 0.50200 0.50200
vt 0.50200 0.99800
vt 0.99800 0.99800
vt 0.99800 0.50200
vt 0.50200 0.50200
vt 0.00200 0.49800
vt 0.49800 0.49800
vt 0.49800 0.00200
vt 0.00200 0.00200
vt 0.00200 0.49800
vt 0.49800 0.49800
vt 0.49800 0.00200
vt 0.00200 0.00200
vt 0.00200 0.49800
vt 0.49800 0.49800
vt 0.49800 0.00200
vt 0.00200 0.00200
vt 0.00200 0.49800
vt 0.49800 0.49800
vt 0.49800 0.00200
vt 0.00200 0.00200
vt 0.00200 0.49800
vt 0.49800 0.49800
vt 0.49800 0.00200
vt 0.00200 0.00200
vt 0.00200 0.49800
vt 0.49800 0.49800
vt 0.49800 0.00200
vt 0.00200 0.00200
vt 0.50200 0.49800
vt 0.99800 0.49800
vt 0.99800 0.00200
vt 0.50200 0.00200
vt 0.50200 0.49800
vt 0.99800 0.49800
vt 0.99800 0.00200
vt 0.50200 0.00200
vt 0.50200 0.49800
vt 0.99800 0.49800
vt 0.99800 0.00200
vt 0.50200 0.00200
vt 0.50200 0.49800
vt 0.99800 0.49800
vt 0.99800 0.00200
vt 0.50200 0.00200
vt 0.50200 0.49800
vt 0.99800 0.49800
vt 0.99800 0.00200
vt 0.50200 0.00200
vt 0.50200 0.49800
vt 0.99800 0.49800
vt 0.99800 0.00200
vt 0.50200 0.00200
vt 0.00200 0.99800
vt 0.49800 0.99800
vt 0.49800 0.50200
vt 0.00200 0.50200
vt 0.00200 0.99800
vt 0.49800 0.99800
vt 0.49800 0.50200
vt 0.00200 0.50200
vt 0.00200 0.99800
vt 0.49800 0.99800
vt 0.49800 0.50200
vt 0.00200 0.50200
vt 0.00200 0.99800
vt 0.49800 0.99800
vt 0.49800 0.50200
vt 0.00200 0.50200
vt 0.00200 0.99800
vt 0.49800 0.99800
vt 0.49800 0.50200
vt 0.00200 0.50200
vt 0.00200 0.99800
vt 0.49800 0.99800
vt 0.49800 0.50200
vt 0.00200 0.50200
vt 0.50200 0.99800
vt 0.99800 0.99800
vt 0.99800 0.50200
vt 0.50200 0.50200
vt 0.50200 0.99800
vt 0.99800 0.99800
vt 0.99800 0.50200
vt 0.50200 0.50200
vt 0.50200 0.99800
vt 0.99800 0.99800
vt 0.99800 0.50200
vt 0.50200 0.50200
vt 0.50200 0.99800
vt 0.99800 0.99800
vt 0.99800 0.50200
vt 0.50200 0.50200
vt 0.50200 0.99800
vt 0.99800 0.99800
vt 0.99800 0.50200
vt 0.50200 0.50200
vt 0.50200 0.99800
vt 0.99800 0.99800
vt 0.99800 0.50200
vt 0.50200 0.50200
vt 0.00200 0.49800
vt 0.49800 0.49800
vt 0.49800 0.00200
vt 0.00200 0.00200
vt 0.00200 0.49800
vt 0.49800 0.49800
vt 0.49800 0.00200
vt 0.00200 0.00200
vt 0.00200 0.49800
vt 0.49800 0.49800
vt 0.49800 0.00200
vt 0.00200 0.00200
vt 0.00200 0.49800
vt 0.49800 0.49800
vt 0.49800 0.00200
vt 0.00200 0.00200
vt 0.00200 0.49800
vt 0.49800 0.49800
vt 0.49800 0.00200
vt 0.00200 0.00200
vt 0.00200 0.49800
vt 0.49800 0.49800
vt 0.49800 0.00200
vt 0.00200 0.00200
vt 0.50200 0.49800
vt 0.99800 0.49800
vt 0.99800 0.00200
vt 0.50200 0.00200
vt 0.50200 0.49800
vt 0.99800 0.49800
vt 0.99800 0.00200
vt 0.50200 0.00200
vt 0.50200 0.49800
vt 0.99800 0.49800
vt 0.99800 0.00200
vt 0.50200 0.00200
vt 0.50200 0.49800
vt 0.99800 0.49800
vt 0.99800 0.00200
vt 0.50200 0.00200
vt 0.50200 0.49800
vt 0.99800 0.49800
vt 0.99800 0.00200
vt 0.50200 0.00200
vt 0.50200 0.49800
vt 0.99800 0.49800
vt 0.99800 0.00200
vt 0.50200 0.00200
vt 0.00200 0.99800
vt 0.49800 0.99800
vt 0.49800 0.50200
vt 0.00200 0.50200
vt 0.00200 0.99800
vt 0.49800 0.99800
vt 0.49800 0.50200
vt 0.00200 0.50200
vt 0.00200 0.99800
vt 0.49800 0.99800
vt 0.49800 0.50200
vt 0.00200 0.50200
vt 0.00200 0.99800
vt 0.49800 0.99800
vt 0.49800 0.50200
vt 0.00200 0.50200
vt 0.00200 0.99800
vt 0.49800 0.99800
vt 0.49800 0.50200
vt 0.00200 0.50200
vt 0.00200 0.99800
vt 0.49800 0.99800
vt 0.49800 0.50200
vt 0.00200 0.50200
vt 0.50200 0.99800
vt 0.99800 0.99800
vt 0.99800 0.50200
vt 0.50200 0.50200
vt 0.50200 0.99800
vt 0.99800 0.99800
vt 0.99800 0.50200
vt 0.50200 0.50200
vt 0.50200 0.99800
vt 0.99800 0.99800
vt 0.99800 0.50200
vt 0.50200 0.50200
vt 0.50200 0.99800
vt 0.99800 0.99800
vt 0.99800 0.50200
vt 0.50200 0.50200
vt 0.50200 0.99800
vt 0.99800 0.99800
vt 0.99800 0.50200
vt 0.50200 0.50200
vt 0.50200 0.99800
vt 0.99800 0.99800
vt 0.99800 0.50200
vt 0.50200 0.50200
vt 0.00200 0.49800
vt 0.49800 0.49800
vt 0.49800 0.00200
vt 0.00200 0.00200
vt 0.00200 0.49800
vt 0.49800 0.49800
vt 0.49800 0.00200
vt 0.00200 0.00200
vt 0.00200 0.49800
vt 0.49800 0.49800
vt 0.49800 0.00200
vt 0.00200 0.00200
vt 0.00200 0.49800
vt 0.49800 0.49800
vt 0.49800 0.00200
vt 0.00200 0.00200
vt 0.00200 0.49800
vt 0.49800 0.49800
vt 0.49800 0.00200
vt 0.00200 0.00200
vt 0.00200 0.49800
vt 0.49800 0.49800
vt 0.49800 0.00200
vt 0.00200 0.00200
vt 0.50200 0.49800
vt 0.99800 0.49800
vt 0.99800 0.00200
vt 0.50200 0.00200
vt 0.50200 0.49800
vt 0.99800 0.49800
vt 0.99800 0.00200
vt 0.50200 0.00200
vt 0.50200 0.49800
vt 0.99800 0.49800
vt 0.99800 0.00200
vt 0.50200 0.00200
vt 0.50200 0.49800
vt 0.99800 0.49800
vt 0.99800 0.00200
vt 0.50200 0.00200
vt 0.50200 0.49800
vt 0.99800 0.49800
vt 0.99800 0.00200
vt 0.50200 0.00200
vt 0.50200 0.49800
vt 0.99800 0.49800
vt 0.99800 0.00200
vt 0.50200 0.00200
vt 0.00200 0.99800
vt 0.49800 0.99800
vt 0.49800 0.50200
vt 0.00200 0.50200
vt 0.00200 0.99800
vt 0.49800 0.99800
vt 0.49800 0.50200
vt 0.00200 0.50200
vt 0.00200 0.99800
vt 0.49800 0.99800
vt 0.49800 0.50200
vt 0.00200 0.50200
vt 0.00200 0.99800
vt 0.49800 0.99800
vt 0.49800 0.50200
vt 0.00200 0.50200
vt 0.00200 0.99800
vt 0.49800 0.99800
vt 0.49800 0.50200
vt 0.00200 0.50200
vt 0.00200 0.99800
vt 0.49800 0.99800
vt 0.49800 0.50200
vt 0.00200 0.50200
vt 0.50200 0.99800
vt 0.99800 0.99800
vt 0.99800 0.50200
vt 0.50200 0.50200
vt 0.50200 0.99800
vt 0.99800 0.99800
vt 0.99800 0.50200
vt 0.50200 0.50200
vt 0.50200 0.99800
vt 0.99800 0.99800
vt 0.99800 0.50200
vt 0.50200 0.50200
vt 0.50200 0.99800
vt 0.99800 0.99800
vt 0.99800 0.50200
vt 0.50200 0.50200
vt 0.50200 0.99800
vt 0.99800 0.99800
vt 0.99800 0.50200
vt 0.50200 0.50200
vt 0.50200 0.99800
vt 0.99800 0.99800
vt 0.99800 0.50200
vt 0.50200 0.50200
vt 0.00200 0.49800
vt 0.49800 0.49800
vt 0.49800 0.00200
vt 0.00200 0.00200
vt 0.00200 0.49800
vt 0.49800 0.49800
vt 0.49800 0.00200
vt 0.00200 0.00200
vt 0.00200 0.49800
vt 0.49800 0.49800
vt 0.49800 0.00200
vt 0.00200 0.00200
vt 0.00200 0.49800
vt 0.49800 0.49800
vt 0.49800 0.00200
vt 0.00200 0.00200
vt 0.00200 0.49800
vt 0.49800 0.49800
vt 0.49800 0.00200
vt 0.00200 0.00200
vt 0.00200 0.49800
vt 0.49800 0.49800
vt 0.49800 0.00200
vt 0.00200 0.00200
vt 0.50200 0.49800
vt 0.99800 0.49800
vt 0.99800 0.00200
vt 0.50200 0.00200
vt 0.50200 0.49800
vt 0.99800 0.49800
vt 0.99800 0.00200
vt 0.50200 0.00200
vt 0.50200 0.49800
vt 0.99800 0.49800
vt 0.99800 0.00200
vt 0.50200 0.00200
vt 0.50200 0.49800
vt 0.99800 0.49800
vt 0.99800 0.00200
vt 0.50200 0.00200
vt 0.50200 0.49800
vt 0.99800 0.49800
vt 0.99800 0.00200
vt 0.50200 0.00200
vt 0.50200 0.49800
vt 0.99800 0.49800
vt 0.99800 0.00200
vt 0.50200 0.00200
vt 0.00200 0.99800
vt 0.49800 0.99800
vt 0.49800 0.50200
vt 0.00200 0.50200
vt 0.00200 0.99800
vt 0.49800 0.99800
vt 0.49800 0.50200
vt 0.00200 0.50200
vt 0.00200 0.99800
vt 0.49800 0.99800
vt 0.49800 0.50200
vt 0.00200 0.50200
vt 0.00200 0.99800
vt 0.49800 0.99800
vt 0.49800 0.50200
vt 0.00200 0.50200
vt 0.00200 0.99800
vt 0.49800 0.99800
vt 0.49800 0.50200
vt 0.00200 0.50200
vt 0.00200 0.99800
vt 0.49800 0.99800
vt 0.49800 0.50200
vt 0.00200 0.50200
vt 0.50200 0.99800
vt 0.99800 0.99800
vt 0.99800 0.50200
vt 0.50200 0.50200
vt 0.50200 0.99800
vt 0.99800 0.99800
vt 0.99800 0.50200
vt 0.50200 0.50200
vt 0.50200 0.99800
vt 0.99800 0.99800
vt 0.99800 0.50200
vt 0.50200 0.50200
vt 0.50200 0.99800
vt 0.99800 0.99800
vt 0.99800 0.50200
vt 0.50200 0.50200
vt 0.50200 0.99800
vt 0.99800 0.99800
vt 0.99800 0.50200
vt 0.50200 0.50200
vt 0.50200 0.99800
vt 0.99800 0.99800
vt 0.99800 0.50200
vt 0.50200 0.50200
vt 0.00200 0.49800
vt 0.49800 0.49800
vt 0.49800 0.00200
vt 0.00200 0.00200
vt 0.00200 0.49800
vt 0.49800 0.49800
vt 0.49800 0.00200
vt 0.00200 0.00200
vt 0.00200 0.49800
vt 0.49800 0.49800
vt 0.49800 0.00200
vt 0.00200 0.00200
vt 0.00200 0.49800
vt 0.49800 0.49800
vt 0.49800 0.00200
vt 0.00200 0.00200
vt 0.00200 0.49800
vt 0.49800 0.49800
vt 0.49800 0.00200
vt 0.00200 0.00200
vt 0.00200 0.49800
vt 0.49800 0.49800
vt 0.49800 0.00200
vt 0.00200 0.00200
vt 0.50200 0.49800
vt 0.99800 0.49800
vt 0.99800 0.00200
vt 0.50200 0.00200
vt 0.50200 0.49800
vt 0.99800 0.49800
vt 0.99800 0.00200
vt 0.50200 0.00200
vt 0.50200 0.49800
vt 0.99800 0.49800
vt 0.99800 0.00200
vt 0.50200 0.00200
vt 0.50200 0.49800
vt 0.99800 0.49800
vt 0.99800 0.00200
vt 0.50200 0.00200
vt 0.50200 0.49800
vt 0.99800 0.49800
vt 0.99800 0.00200
vt 0.50200 0.00200
vt 0.50200 0.49800
vt 0.99800 0.49800
vt 0.99800 0.00200
vt 0.50200 0.00200
vt 0.00200 0.99800
vt 0.49800 0.99800
vt 0.49800 0.50200
vt 0.00200 0.50200
vt 0.00200 0.99800
vt 0.49800 0.99800
vt 0.49800 0.50200
vt 0.00200 0.50200
vt 0.00200 0.99800
vt 0.49800 0.99800
vt 0.49800 0.50200
vt 0.00200 0.50200
vt 0.00200 0.99800
vt 0.49800 0.99800
vt 0.49800 0.50200
vt 0.00200 0.50200
vt 0.00200 0.99800
vt 0.49800 0.99800
vt 0.49800 0.50200
vt 0.00200 0.50200
vt 0.00200 0.99800
vt 0.49800 0.99800
vt 0.49800 0.50200
vt 0.00200 0.50200
vt 0.50200 0.99800
vt 0.99800 0.99800
vt 0.99800 0.50200
vt 0.50200 0.50200
vt 0.50200 0.99800
vt 0.99800 0.99800
vt 0.99800 0.50200
vt 0.50200 0.50200
vt 0.50200 0.99800
vt 0.99800 0.99800
vt 0.99800 0.50200
vt 0.50200 0.50200
vt 0.50200 0.99800
vt 0.99800 0.99800
vt 0.99800 0.50200
vt 0.50200 0.50200
vt 0.50200 0.99800
vt 0.99800 0.99800
vt 0.99800 0.50200
vt 0.50200 0.50200
vt 0.50200 0.99800
vt 0.99800 0.99800
vt 0.99800 0.50200
vt 0.50200 0.50200
vt 0.00200 0.49800
vt 0.49800 0.49800
vt 0.49800 0.00200
vt 0.00200 0.00200
vt 0.00200 0.49800
vt 0.49800 0.49800
vt 0.49800 0.00200
vt 0.00200 0.00200
vt 0.00200 0.49800
vt 0.49800 0.49800
vt 0.49800 0.00200
vt 0.00200 0.00200
vt 0.00200 0.49800
vt 0.49800 0.49800
vt 0.49800 0.00200
vt 0.00200 0.00200
vt 0.00200 0.49800
vt 0.49800 0.49800
vt 0.49800 0.00200
vt 0.00200 0.00200
vt 0.00200 0.49800
vt 0.49800 0.49800
vt 0.49800 0.00200
vt 0.00200 0.00200
vt 0.50200 0.49800
vt 0.99800 0.49800
vt 0.99800 0.00200
vt 0.50200 0.00200
vt 0.50200 0.49800
vt 0.99800 0.49800
vt 0.99800 0.00200
vt 0.50200 0.00200
vt 0.50200 0.49800
vt 0.99800 0.49800
vt 0.99800 0.00200
vt 0.50200 0.00200
vt 0.50200 0.49800
vt 0.99800 0.49800
vt 0.99800 0.00200
vt 0.50200 0.00200
vt 0.50200 0.49800
vt 0.99800 0.49800
vt 0.99800 0.00200
vt 0.50200 0.00200
vt 0.50200 0.49800
vt 0.99800 0.49800
vt 0.99800 0.00200
vt 0.50200 0.00200
vt 0.00200 0.99800
vt 0.49800 0.99800
vt 0.49800 0.50200
vt 0.00200 0.50200
vt 0.00200 0.99800
vt 0.49800 0.99800
vt 0.49800 0.50200
vt 0.00200 0.50200
vt 0.00200 0.99800
vt 0.49800 0.99800
vt 0.49800 0.50200
vt 0.00200 0.50200
vt 0.00200 0.99800
vt 0.49800 0.99800
vt 0.49800 0.50200
vt 0.00200 0.50200
vt 0.00200 0.99800
vt 0.49800 0.99800
vt 0.49800 0.50200
vt 0.00200 0.50200
vt 0.00200 0.99800
vt 0.49800 0.99800
vt 0.49800 0.50200
vt 0.00200 0.50200
vt 0.50200 0.99800
vt 0.99800 0.99800
vt 0.99800 0.50200
vt 0.50200 0.50200
vt 0.50200 0.99800
vt 0.99800 0.99800
vt 0.99800 0.50200
vt 0.50200 0.50200
vt 0.50200 0.99800
vt 0.99800 0.99800
vt 0.99800 0.50200
vt 0.50200 0.50200
vt 0.50200 0.99800
vt 0.99800 0.99800
vt 0.99800 0.50200
vt 0.50200 0.50200
vt 0.50200 0.99800
vt 0.99800 0.99800
vt 0.99800 0.50200
vt 0.50200 0.50200
vt 0.50200 0.99800
vt 0.99800 0.99800
vt 0.99800 0.50200
vt 0.50200 0.50200
vt 0.00200 0.49800
vt 0.49800 0.49800
vt 0.49800 0.00200
vt 0.00200 0.00200
vt 0.00200 0.49800
vt 0.49800 0.49800
vt 0.49800 0.00200
vt 0.00200 0.00200
vt 0.00200 0.49800
vt 0.49800 0.49800
vt 0.49800 0.00200
vt 0.00200 0.00200
vt 0.00200 0.49800
vt 0.49800 0.49800
vt 0.49800 0.00200
vt 0.00200 0.00200
vt 0.00200 0.49800
vt 0.49800 0.49800
vt 0.49800 0.00200
vt 0.00200 0.00200
vt 0.00200 0.49800
vt 0.49800 0.49800
vt 0.49800 0.00200
vt 0.00200 0.00200
vt 0.50200 0.49800
vt 0.99800 0.49800
vt 0.99800 0.00200
vt 0.50200 0.00200
vt 0.50200 0.49800
vt 0.99800 0.49800
vt 0.99800 0.00200
vt 0.50200 0.00200
vt 0.50200 0.49800
vt 0.99800 0.49800
vt 0.99800 0.00200
vt 0.50200 0.00200
vt 0.50200 0.49800
vt 0.99800 0.49800
vt 0.99800 0.00200
vt 0.50200 0.00200
vt 0.50200 0.49800
vt 0.99800 0.49800
vt 0.99800 0.00200
vt 0.50200 0.00200
vt 0.50200 0.49800
vt 0.99800 0.49800
vt 0.99800 0.00200
vt 0.50200 0.00200
vt 0.00200 0.99800
vt 0.49800 0.99800
vt 0.49800 0.50200
vt 0.00200 0.50200
vt 0.00200 0.99800
vt 0.49800 0.99800
vt 0.49800 0.50200
vt 0.00200 0.50200
vt 0.00200 0.99800
vt 0.49800 0.99800
vt 0.49800 0.50200
vt 0.00200 0.50200
vt 0.00200 0.99800
vt 0.49800 0.99800
vt 0.49800 0.50200
vt 0.00200 0.50200
vt 0.00200 0.99800
vt 0.49800 0.99800
vt 0.49800 0.50200
vt 0.00200 0.50200
vt 0.00200 0.99800
vt 0.49800 0.99800
vt 0.49800 0.50200
vt 0.00200 0.50200
vt 0.50200 0.99800
vt 0.99800 0.99800
vt 0.99800 0.50200
vt 0.50200 0.50200
vt 0.50200 0.99800
vt 0.99800 0.99800
vt 0.99800 0.50200
vt 0.50200 0.50200
vt 0.50200 0.99800
vt 0.99800 0.99800
vt 0.99800 0.50200
vt 0.50200 0.50200
vt 0.50200 0.99800
vt 0.99800 0.99800
vt 0.99800 0.50200
vt 0.50200 0.50200
vt 0.50200 0.99800
vt 0.99800 0.99800
vt 0.99800 0.50200
vt 0.50200 0.50200
vt 0.50200 0.99800
vt 0.99800 0.99800
vt 0.99800 0.50200
vt 0.50200 0.50200
vt 0.00200 0.49800
vt 0.49800 0.49800
vt 0.49800 0.00200
vt 0.00200 0.00200
vt 0.00200 0.49800
vt 0.49800 0.49800
vt 0.49800 0.00200
vt 0.00200 0.00200
vt 0.00200 0.49800
vt 0.49800 0.49800
vt 0.49800 0.00200
vt 0.00200 0.00200
vt 0.00200 0.49800
vt 0.49800 0.49800
vt 0.49800 0.00200
vt 0.00200 0.00200
vt 0.00200 0.49800
vt 0.49800 0.49800
vt 0.49800 0.00200
vt 0.00200 0.00200
vt 0.00200 0.49800
vt 0.49800 0.49800
vt 0.49800 0.00200
vt 0.00200 0.00200
vt 0.50200 0.49800
vt 0.99800 0.49800
vt 0.99800 0.00200
vt 0.50200 0.00200
vt 0.50200 0.49800
vt 0.99800 0.49800
vt 0.99800 0.00200
vt 0.50200 0.00200
vt 0.50200 0.49800
vt 0.99800 0.49800
vt 0.99800 0.00200
vt 0.50200 0.00200
vt 0.50200 0.49800
vt 0.99800 0.49800
vt 0.99800 0.00200
vt 0.50200 0.00200
vt 0.50200 0.49800
vt 0.99800 0.49800
vt 0.99800 0.00200
vt 0.50200 0.00200
vt 0.50200 0.49800
vt 0.99800 0.49800
vt 0.99800 0.00200
vt 0.50200 0.00200
vt 0.00200 0.99800
vt 0.49800 0.99800
vt 0.49800 0.50200
vt 0.00200 0.50200
vt 0.00200 0.99800
vt 0.49800 0.99800
vt 0.49800 0.50200
vt 0.00200 0.50200
vt 0.00200 0.99800
vt 0.49800 0.99800
vt 0.49800 0.50200
vt 0.00200 0.50200
vt 0.00200 0.99800
vt 0.49800 0.99800
vt 0.49800 0.50200
vt 0.00200 0.50200
vt 0.00200 0.99800
vt 0.49800 0.99800
vt 0.49800 0.50200
vt 0.00200 0.50200
vt 0.00200 0.99800
vt 0.49800 0.99800
vt 0.49800 0.50200
vt 0.00200 0.50200
vt 0.50200 0.99800
vt 0.99800 0.99800
vt 0.99800 0.50200
vt 0.50200 0.50200
vt 0.50200 0.99800
vt 0.99800 0.99800
vt 0.99800 0.50200
vt 0.50200 0.50200
vt 0.50200 0.99800
vt 0.99800 0.99800
vt 0.99800 0.50200
vt 0.50200 0.50200
vt 0.50200 0.99800
vt 0.99800 0.99800
vt 0.99800 0.50200
vt 0.50200 0.50200
vt 0.50200 0.99800
vt 0.99800 0.99800
vt 0.99800 0.50200
vt 0.50200 0.50200
vt 0.50200 0.99800
vt 0.99800 0.99800
vt 0.99800 0.50200
vt 0.50200 0.50200
vt 0.00200 0.49800
vt 0.49800 0.49800
vt 0.49800 0.00200
vt 0.00200 0.00200
vt 0.00200 0.49800
vt 0.49800 0.49800
vt 0.49800 0.00200
vt 0.00200 0.00200
vt 0.00200 0.49800
vt 0.49800 0.49800
vt 0.49800 0.00200
vt 0.00200 0.00200
vt 0.00200 0.49800
vt 0.49800 0.49800
vt 0.49800 0.00200
vt 0.00200 0.00200
vt 0.00200 0.49800
vt 0.49800 0.49800
vt 0.49800 0.00200
vt 0.00200 0.00200
vt 0.00200 0.49800
vt 0.49800 0.49800
vt 0.49800 0.00200
vt 0.00200 0.00200
vt 0.50200 0.49800
vt 0.99800 0.49800
vt 0.99800 0.00200
vt 0.50200 0.00200
vt 0.50200 0.49800
vt 0.99800 0.49800
vt 0.99800 0.00200
vt 0.50200 0.00200
vt 0.50200 0.49800
vt 0.99800 0.49800
vt 0.99800 0.00200
vt 0.50200 0.00200
vt 0.50200 0.49800
vt 0.99800 0.49800
vt 0.99800 0.00200
vt 0.50200 0.00200
vt 0.50200 0.49800
vt 0.99800 0.49800
vt 0.99800 0.00200
vt 0.50200 0.00200
vt 0.50200 0.49800
vt 0.99800 0.49800
vt 0.99800 0.00200
vt 0.50200 0.00200
vt 0.00200 0.99800
vt 0.49800 0.99800
vt 0.49800 0.50200
vt 0.00200 0.50200
vt 0.00200 0.99800
vt 0.49800 0.99800
vt 0.49800 0.50200
vt 0.00200 0.50200
vt 0.00200 0.99800
vt 0.49800 0.99800
vt 0.49800 0.50200
vt 0.00200 0.50200
vt 0.00200 0.99800
vt 0.49800 0.99800
vt 0.49800 0.50200
vt 0.00200 0.50200
vt 0.00200 0.99800
vt 0.49800 0.99800
vt 0.49800 0.50200
vt 0.00200 0.50200
vt 0.00200 0.99800
vt 0.49800 0.99800
vt 0.49800 0.50200
vt 0.00200 0.50200
vt 0.50200 0.99800
vt 0.99800 0.99800
vt 0.99800 0.50200
vt 0.50200 0.50200
vt 0.50200 0.99800
vt 0.99800 0.99800
vt 0.99800 0.50200
vt 0.50200 0.50200
vt 0.50200 0.99800
vt 0.99800 0.99800
vt 0.99800 0.50200
vt 0.50200 0.50200
vt 0.50200 0.99800
vt 0.99800 0.99800
vt 0.99800 0.50200
vt 0.50200 0.50200
vt 0.50200 0.99800
vt 0.99800 0.99800
vt 0.99800 0.50200
vt 0.50200 0.50200
vt 0.50200 0.99800
vt 0.99800 0.99800
vt 0.99800 0.50200
vt 0.50200 0.50200
vt 0.00200 0.49800
vt 0.49800 0.49800
vt 0.49800 0.00200
vt 0.00200 0.00200
vt 0.00200 0.49800
vt 0.49800 0.49800
vt 0.49800 0.00200
vt 0.00200 0.00200
vt 0.00200 0.49800
vt 0.49800 0.49800
vt 0.49800 0.00200
vt 0.00200 0.00200
vt 0.00200 0.49800
vt 0.49800 0.49800
vt 0.49800 0.00200
vt 0.00200 0.00200
vt 0.00200 0.49800
vt 0.49800 0.49800
vt 0.49800 0.00200
vt 0.00200 0.00200
vt 0.00200 0.49800
vt 0.49800 0.49800
vt 0.49800 0.00200
vt 0.00200 0.00200
vt 0.50200 0.49800
vt 0.99800 0.49800
vt 0.99800 0.00200
vt 0.50200 0.00200
vt 0.50200 0.49800
vt 0.99800 0.49800
vt 0.99800 0.00200
vt 0.50200 0.00200
vt 0.50200 0.49800
vt 0.99800 0.49800
vt 0.99800 0.00200
vt 0.50200 0.00200
vt 0.50200 0.49800
vt 0.99800 0.49800
vt 0.99800 0.00200
vt 0.50200 0.00200
vt 0.50200 0.49800
vt 0.99800 0.49800
vt 0.99800 0.00200
vt 0.50200 0.00200
vt 0.50200 0.49800
vt 0.99800 0.49800
vt 0.99800 0.00200
vt 0.50200 0.00200
vt 0.00200 0.99800
vt 0.49800 0.99800
vt 0.49800 0.50200
vt 0.00200 0.50200
vt 0.00200 0.99800
vt 0.49800 0.99800
vt 0.49800 0.50200
vt 0.00200 0.50200
vt 0.00200 0.99800
vt 0.49800 0.99800
vt 0.49800 0.50200
vt 0.00200 0.50200
vt 0.00200 0.99800
vt 0.49800 0.99800
vt 0.49800 0.50200
vt 0.00200 0.50200
vt 0.00200 0.99800
vt 0.49800 0.99800
vt 0.49800 0.50200
vt 0.00200 0.50200
vt 0.00200 0.99800
vt 0.49800 0.99800
vt 0.49800 0.50200
vt 0.00200 0.50200
vt 0.50200 0.99800
vt 0.99800 0.99800
vt 0.99800 0.50200
vt 0.50200 0.50200
vt 0.50200 0.99800
vt 0.99800 0.99800
vt 0.99800 0.50200
vt 0.50200 0.50200
vt 0.50200 0.99800
vt 0.99800 0.99800
vt 0.99800 0.50200
vt 0.50200 0.50200
vt 0.50200 0.99800
vt 0.99800 0.99800
vt 0.99800 0.50200
vt 0.50200 0.50200
vt 0.50200 0.99800
vt 0.99800 0.99800
vt 0.99800 0.50200
vt 0.50200 0.50200
vt 0.50200 0.99800
vt 0.99800 0.99800
vt 0.99800 0.50200
vt 0.50200 0.50200
vt 0.00200 0.49800
vt 0.49800 0.49800
vt 0.49800 0.00200
vt 0.00200 0.00200
vt 0.00200 0.49800
vt 0.49800 0.49800
vt 0.49800 0.00200
vt 0.00200 0.00200
vt 0.00200 0.49800
vt 0.49800 0.49800
vt 0.49800 0.00200
vt 0.00200 0.00200
vt 0.00200 0.49800
vt 0.49800 0.49800
vt 0.49800 0.00200
vt 0.00200 0.00200
vt 0.00200 0.49800
vt 0.49800 0.49800
vt 0.49800 0.00200
vt 0.00200 0.00200
vt 0.00200 0.49800
vt 0.49800 0.49800
vt 0.49800 0.00200
vt 0.00200 0.00200
vt 0.50200 0.49800
vt 0.99800 0.49800
vt 0.99800 0.00200
vt 0.50200 0.00200
vt 0.50200 0.49800
vt 0.99800 0.49800
vt 0.99800 0.00200
vt 0.50200 0.00200
vt 0.50200 0.49800
vt 0.99800 0.49800
vt 0.99800 0.00200
vt 0.50200 0.00200
vt 0.50200 0.49800
vt 0.99800 0.49800
vt 0.99800 0.00200
vt 0.50200 0.00200
vt 0.50200 0.49800
vt 0.99800 0.49800
vt 0.99800 0.00200
vt 0.50200 0.00200
vt 0.50200 0.49800
vt 0.99800 0.49800
vt 0.99800 0.00200
vt 0.50200 0.00200
vt 0.00200 0.99800
vt 0.49800 0.99800
vt 0.49800 0.50200
vt 0.00200 0.50200
vt 0.00200 0.99800
vt 0.49800 0.99800
vt 0.49800 0.50200
vt 0.00200 0.50200
vt 0.00200 0.99800
vt 0.49800 0.99800
vt 0.49800 0.50200
vt 0.00200 0.50200
vt 0.00200 0.99800
vt 0.49800 0.99800
vt 0.49800 0.50200
vt 0.00200 0.50200
vt 0.00200 0.99800
vt 0.49800 0.99800
vt 0.49800 0.50200
vt 0.00200 0.50200
vt 0.00200 0.99800
vt 0.49800 0.99800
vt 0.49800 0.50200
vt 0.00200 0.50200
vt 0.50200 0.99800
vt 0.99800 0.99800
vt 0.99800 0.50200
vt 0.50200 0.50200
vt 0.50200 0.99800
vt 0.99800 0.99800
vt 0.99800 0.50200
vt 0.50200 0.50200
vt 0.50200 0.99800
vt 0.99800 0.99800
vt 0.99800 0.50200
vt 0.50200 0.50200
vt 0.50200 0.99800
vt 0.99800 0.99800
vt 0.99800 0.50200
vt 0.50200 0.50200
vt 0.50200 0.99800
vt 0.99800 0.99800
vt 0.99800 0.50200
vt 0.50200 0.50200
vt 0.50200 0.99800
vt 0.99800 0.99800
vt 0.99800 0.50200
vt 0.50200 0.50200
vt 0.00200 0.49800
vt 0.49800 0.49800
vt 0.49800 0.00200
vt 0.00200 0.00200
vt 0.00200 0.49800
vt 0.49800 0.49800
vt 0.49800 0.00200
vt 0.00200 0.00200
vt 0.00200 0.49800
vt 0.49800 0.49800
vt 0.49800 0.00200
vt 0.00200 0.00200
vt 0.00200 0.49800
vt 0.49800 0.49800
vt 0.49800 0.00200
vt 0.00200 0.00200
vt 0.00200 0.49800
vt 0.49800 0.49800
vt 0.49800 0.00200
vt 0.00200 0.00200
vt 0.00200 0.49800
vt 0.49800 0.49800
vt 0.49800 0.00200
vt 0.00200 0.00200
vt 0.50200 0.49800
vt 0.99800 0.49800
vt 0.99800 0.00200
vt 0.50200 0.00200
vt 0.50200 0.49800
vt 0.99800 0.49800
vt 0.99800 0.00200
vt 0.50200 0.00200
vt 0.50200 0.49800
vt 0.99800 0.49800
vt 0.99800 0.00200
vt 0.50200 0.00200
vt 0.50200 0.49800
vt 0.99800 0.49800
vt 0.99800 0.00200
vt 0.50200 0.00200
vt 0.50200 0.49800
vt 0.99800 0.49800
vt 0.99800 0.00200
vt 0.50200 0.00200
vt 0.50200 0.49800
vt 0.99800 0.49800
vt 0.99800 0.00200
vt 0.50200 0.00200
vt 0.00200 0.99800
vt 0.49800 0.99800
vt 0.49800 0.50200
vt 0.00200 0.50200
vt 0.00200 0.99800
vt 0.49800 0.99800
vt 0.49800 0.50200
vt 0.00200 0.50200
vt 0.00200 0.99800
vt 0.49800 0.99800
vt 0.49800 0.50200
vt 0.00200 0.50200
vt 0.00200 0.99800
vt 0.49800 0.99800
vt 0.49800 0.50200
vt 0.00200 0.50200
vt 0.00200 0.99800
vt 0.49800 0.99800
vt 0.49800 0.50200
vt 0.00200 0.50200
vt 0.00200 0.99800
vt 0.49800 0.99800
vt 0.49800 0.50200
vt 0.00200 0.50200
vt 0.50200 0.99800
vt 0.99800 0.99800
vt 0.99800 0.50200
vt 0.50200 0.50200
vt 0.50200 0.99800
vt 0.99800 0.99800
vt 0.99800 0.50200
vt 0.50200 0.50200
vt 0.50200 0.99800
vt 0.99800 0.99800
vt 0.99800 0.50200
vt 0.50200 0.50200
vt 0.50200 0.99800
vt 0.99800 0.99800
vt 0.99800 0.50200
vt 0.50200 0.50200
vt 0.50200 0.99800
vt 0.99800 0.99800
vt 0.99800 0.50200
vt 0.50200 0.50200
vt 0.50200 0.99800
vt 0.99800 0.99800
vt 0.99800 0.50200
vt 0.50200 0.50200
vt 0.00200 0.49800
vt 0.49800 0.49800
vt 0.49800 0.00200
vt 0.00200 0.00200
vt 0.00200 0.49800
vt 0.49800 0.49800
vt 0.49800 0.00200
vt 0.00200 0.00200
vt 0.00200 0.49800
vt 0.49800 0.49800
vt 0.49800 0.00200
vt 0.00200 0.00200
vt 0.00200 0.49800
vt 0.49800 0.49800
vt 0.49800 0.00200
vt 0.00200 0.00200
vt 0.00200 0.49800
vt 0.49800 0.49800
vt 0.49800 0.00200
vt 0.00200 0.00200
vt 0.00200 0.49800
vt 0.49800 0.49800
vt 0.49800 0.00200
vt 0.00200 0.00200
vt 0.50200 0.49800
vt 0.99800 0.49800
vt 0.99800 0.00200
vt 0.50200 0.00200
vt 0.50200 0.49800
vt 0.99800 0.49800
vt 0.99800 0.00200
vt 0.50200 0.00200
vt 0.50200 0.49800
vt 0.99800 0.49800
vt 0.99800 0.00200
vt 0.50200 0.00200
vt 0.50200 0.49800
vt 0.99800 0.49800
vt 0.99800 0.00200
vt 0.50200 0.00200
vt 0.50200 0.49800
vt 0.99800 0.49800
vt 0.99800 0.00200
vt 0.50200 0.00200
vt 0.50200 0.49800
vt 0.99800 0.49800
vt 0.99800 0.00200
vt 0.50200 0.00200
vt 0.00200 0.99800
vt 0.49800 0.99800
vt 0.49800 0.50200
vt 0.00200 0.50200
vt 0.00200 0.99800
vt 0.49800 0.99800
vt 0.49800 0.50200
vt 0.00200 0.50200
vt 0.00200 0.99800
vt 0.49800 0.99800
vt 0.49800 0.50200
vt 0.00200 0.50200
vt 0.00200 0.99800
vt 0.49800 0.99800
vt 0.49800 0.50200
vt 0.00200 0.50200
vt 0.00200 0.99800
vt 0.49800 0.99800
vt 0.49800 0.50200
vt 0.00200 0.50200
vt 0.00200 0.99800
vt 0.49800 0.99800
vt 0.49800 0.50200
vt 0.00200 0.50200
vt 0.50200 0.99800
vt 0.99800 0.99800
vt 0.99800 0.50200
vt 0.50200 0.50200
vt 0.50200 0.99800
vt 0.99800 0.99800
vt 0.99800 0.50200
vt 0.50200 0.50200
vt 0.50200 0.99800
vt 0.99800 0.99800
vt 0.99800 0.50200
vt 0.50200 0.50200
vt 0.50200 0.99800
vt 0.99800 0.99800
vt 0.99800 0.50200
vt 0.50200 0.50200
vt 0.50200 0.99800
vt 0.99800 0.99800
vt 0.99800 0.50200
vt 0.50200 0.50200
vt 0.50200 0.99800
vt 0.99800 0.99800
vt 0.99800 0.50200
vt 0.50200 0.50200
vt 0.00200 0.49800
vt 0.49800 0.49800
vt 0.49800 0.00200
vt 0.00200 0.00200
vt 0.00200 0.49800
vt 0.49800 0.49800
vt 0.49800 0.00200
vt 0.00200 0.00200
vt 0.00200 0.49800
vt 0.49800 0.49800
vt 0.49800 0.00200
vt 0.00200 0.00200
vt 0.00200 0.49800
vt 0.49800 0.49800
vt 0.49800 0.00200
vt 0.00200 0.00200
vt 0.00200 0.49800
vt 0.49800 0.49800
vt 0.49800 0.00200
vt 0.00200 0.00200
vt 0.00200 0.49800
vt 0.49800 0.49800
vt 0.49800 0.00200
vt 0.00200 0.00200
vt 0.50200 0.49800
vt 0.99800 0.49800
vt 0.99800 0.00200
vt 0.50200 0.00200
vt 0.50200 0.49800
vt 0.99800 0.49800
vt 0.99800 0.00200
vt 0.50200 0.00200
vt 0.50200 0.49800
vt 0.99800 0.49800
vt 0.99800 0.00200
vt 0.50200 0.00200
vt 0.50200 0.49800
vt 0.99800 0.49800
vt 0.99800 0.00200
vt 0.50200 0.00200
vt 0.50200 0.49800
vt 0.99800 0.49800
vt 0.99800 0.00200
vt 0.50200 0.00200
vt 0.50200 0.49800
vt 0.99800 0.49800
vt 0.99800 0.00200
vt 0.50200 0.00200
vt 0.00200 0.99800
vt 0.49800 0.99800
vt 0.49800 0.50200
vt 0.00200 0.50200
vt 0.00200 0.99800
vt 0.49800 0.99800
vt 0.49800 0.50200
vt 0.00200 0.50200
vt 0.00200 0.99800
vt 0.49800 0.99800
vt 0.49800 0.50200
vt 0.00200 0.50200
vt 0.00200 0.99800
vt 0.49800 0.99800
vt 0.49800 0.50200
vt 0.00200 0.50200
vt 0.00200 0.99800
vt 0.49800 0.99800
vt 0.49800 0.50200
vt 0.00200 0.50200
vt 0.00200 0.99800
vt 0.49800 0.99800
vt 0.49800 0.50200
vt 0.00200 0.50200
vt 0.50200 0.99800
vt 0.99800 0.99800
vt 0.99800 0.50200
vt 0.50200 0.50200
vt 0.50200 0.99800
vt 0.99800 0.99800
vt 0.99800 0.50200
vt 0.50200 0.50200
vt 0.50200 0.99800
vt 0.99800 0.99800
vt 0.99800 0.50200
vt 0.50200 0.50200
vt 0.50200 0.99800
vt 0.99800 0.99800
vt 0.99800 0.50200
vt 0.50200 0.50200
vt 0.50200 0.99800
vt 0.99800 0.99800
vt 0.99800 0.50200
vt 0.50200 0.50200
vt 0.50200 0.99800
vt 0.99800 0.99800
vt 0.99800 0.50200
vt 0.50200 0.50200
vt 0.00200 0.49800
vt 0.49800 0.49800
vt 0.49800 0.00200
vt 0.00200 0.00200
vt 0.00200 0.49800
vt 0.49800 0.49800
vt 0.49800 0.00200
vt 0.00200 0.00200
vt 0.00200 0.49800
vt 0.49800 0.49800
vt 0.49800 0.00200
vt 0.00200 0.00200
vt 0.00200 0.49800
vt 0.49800 0.49800
vt 0.49800 0.00200
vt 0.00200 0.00200
vt 0.00200 0.49800
vt 0.49800 0.49800
vt 0.49800 0.00200
vt 0.00200 0.00200
vt 0.00200 0.49800
vt 0.49800 0.49800
vt 0.49800 0.00200
vt 0.00200 0.00200
vt 0.50200 0.49800
vt 0.99800 0.49800
vt 0.99800 0.00200
vt 0.50200 0.00200
vt 0.50200 0.49800
vt 0.99800 0.49800
vt 0.99800 0.00200
vt 0.50200 0.00200
vt 0.50200 0.49800
vt 0.99800 0.49800
vt 0.99800 0.00200
vt 0.50200 0.00200
vt 0.50200 0.49800
vt 0.99800 0.49800
vt 0.99800 0.00200
vt 0.50200 0.00200
vt 0.50200 0.49800
vt 0.99800 0.49800
vt 0.99800 0.00200
vt 0.50200 0.00200
vt 0.50200 0.49800
vt 0.99800 0.49800
vt 0.99800 0.00200
vt 0.50200 0.00200
vt 0.00200 0.99800
vt 0.49800 0.99800
vt 0.49800 0.50200
vt 0.00200 0.50200
vt 0.00200 0.99800
vt 0.49800 0.99800
vt 0.49800 0.50200
vt 0.00200 0.50200
vt 0.00200 0.99800
vt 0.49800 0.99800
vt 0.49800 0.50200
vt 0.00200 0.50200
vt 0.00200 0.99800
vt 0.49800 0.99800
vt 0.49800 0.50200
vt 0.00200 0.50200
vt 0.00200 0.99800
vt 0.49800 0.99800
vt 0.49800 0.50200
vt 0.00200 0.50200
vt 0.00200 0.99800
vt 0.49800 0.99800
vt 0.49800 0.50200
vt 0.00200 0.50200
vt 0.50200 0.99800
vt 0.99800 0.99800
vt 0.99800 0.50200
vt 0.50200 0.50200
vt 0.50200 0.99800
vt 0.99800 0.99800
vt 0.99800 0.50200
vt 0.50200 0.50200
vt 0.50200 0.99800
vt 0.99800 0.99800
vt 0.99800 0.50200
vt 0.50200 0.50200
vt 0.50200 0.99800
vt 0.99800 0.99800
vt 0.99800 0.50200
vt 0.50200 0.50200
vt 0.50200 0.99800
vt 0.99800 0.99800
vt 0.99800 0.50200
vt 0.50200 0.50200
vt 0.50200 0.99800
vt 0.99800 0.99800
vt 0.99800 0.50200
vt 0.50200 0.50200
vt 0.00200 0.49800
vt 0.49800 0.49800
vt 0.49800 0.00200
vt 0.00200 0.00200
vt 0.00200 0.49800
vt 0.49800 0.49800
vt 0.49800 0.00200
vt 0.00200 0.00200
vt 0.00200 0.49800
vt 0.49800 0.49800
vt 0.49800 0.00200
vt 0.00200 0.00200
vt 0.00200 0.49800
vt 0.49800 0.49800
vt 0.49800 0.00200
vt 0.00200 0.00200
vt 0.00200 0.49800
vt 0.49800 0.49800
vt 0.49800 0.00200
vt 0.00200 0.00200
vt 0.00200 0.49800
vt 0.49800 0.49800
vt 0.49800 0.00200
vt 0.00200 0.00200
vt 0.50200 0.49800
vt 0.99800 0.49800
vt 0.99800 0.00200
vt 0.50200 0.00200
vt 0.50200 0.49800
vt 0.99800 0.49800
vt 0.99800 0.00200
vt 0.50200 0.00200
vt 0.50200 0.49800
vt 0.99800 0.49800
vt 0.99800 0.00200
vt 0.50200 0.00200
vt 0.50200 0.49800
vt 0.99800 0.49800
vt 0.99800 0.00200
vt 0.50200 0.00200
vt 0.50200 0.49800
vt 0.99800 0.49800
vt 0.99800 0.00200
vt 0.50200 0.00200
vt 0.50200 0.49800
vt 0.99800 0.49800
vt 0.99800 0.00200
vt 0.50200 0.00200
vt 0.00200 0.99800
vt 0.49800 0.99800
vt 0.49800 0.50200
vt 0.00200 0.50200
vt 0.00200 0.99800
vt 0.49800 0.99800
vt 0.49800 0.50200
vt 0.00200 0.50200
vt 0.00200 0.99800
vt 0.49800 0.99800
vt 0.49800 0.50200
vt 0.00200 0.50200
vt 0.00200 0.99800
vt 0.49800 0.99800
vt 0.49800 0.50200
vt 0.00200 0.50200
vt 0.00200 0.99800
vt 0.49800 0.99800
vt 0.49800 0.50200
vt 0.00200 0.50200
vt 0.00200 0.99800
vt 0.49800 0.99800
vt 0.49800 0.50200
vt 0.00200 0.50200
vt 0.50200 0.99800
vt 0.99800 0.99800
vt 0.99800 0.50200
vt 0.50200 0.50200
vt 0.50200 0.99800
vt 0.99800 0.99800
vt 0.99800 0.50200
vt 0.50200 0.50200
vt 0.50200 0.99800
vt 0.99800 0.99800
vt 0.99800 0.50200
vt 0.50200 0.50200
vt 0.50200 0.99800
vt 0.99800 0.99800
vt 0.99800 0.50200
vt 0.50200 0.50200
vt 0.50200 0.99800
vt 0.99800 0.99800
vt 0.99800 0.50200
vt 0.50200 0.50200
vt 0.50200 0.99800
vt 0.99800 0.99800
vt 0.99800 0.50200
vt 0.50200 0.50200
vt 0.00200 0.49800
vt 0.49800 0.49800
vt 0.49800 0.00200
vt 0.00200 0.00200
vt 0.00200 0.49800
vt 0.49800 0.49800
vt 0.49800 0.00200
vt 0.00200 0.00200
vt 0.00200 0.49800
vt 0.49800 0.49800
vt 0.49800 0.00200
vt 0.00200 0.00200
vt 0.00200 0.49800
vt 0.49800 0.49800
vt 0.49800 0.00200
vt 0.00200 0.00200
vt 0.00200 0.49800
vt 0.49800 0.49800
vt 0.49800 0.00200
vt 0.00200 0.00200
vt 0.00200 0.49800
vt 0.49800 0.49800
vt 0.49800 0.00200
vt 0.00200 0.00200
vt 0.50200 0.49800
vt 0.99800 0.49800
vt 0.99800 0.00200
vt 0.50200 0.00200
vt 0.50200 0.49800
vt 0.99800 0.49800
vt 0.99800 0.00200
vt 0.50200 0.00200
vt 0.50200 0.49800
vt 0.99800 0.49800
vt 0.99800 0.00200
vt 0.50200 0.00200
vt 0.50200 0.49800
vt 0.99800 0.49800
vt 0.99800 0.00200
vt 0.50200 0.00200
vt 0.50200 0.49800
vt 0.99800 0.49800
vt 0.99800 0.00200
vt 0.50200 0.00200
vt 0.50200 0.49800
vt 0.99800 0.49800
vt 0.99800 0.00200
vt 0.50200 0.00200
vt 0.00200 0.99800
vt 0.49800 0.99800
vt 0.49800 0.50200
vt 0.00200 0.50200
vt 0.00200 0.99800
vt 0.49800 0.99800
vt 0.49800 0.50200
vt 0.00200 0.50200
vt 0.00200 0.99800
vt 0.49800 0.99800
vt 0.49800 0.50200
vt 0.00200 0.50200
vt 0.00200 0.99800
vt 0.49800 0.99800
vt 0.49800 0.50200
vt 0.00200 0.50200
vt 0.00200 0.99800
vt 0.49800 0.99800
vt 0.49800 0.50200
vt 0.00200 0.50200
vt 0.00200 0.99800
vt 0.49800 0.99800
vt 0.49800 0.50200
vt 0.00200 0.50200
vt 0.50200 0.99800
vt 0.99800 0.99800
vt 0.99800 0.50200
vt 0.50200 0.50200
vt 0.50200 0.99800
vt 0.99800 0.99800
vt 0.99800 0.50200
vt 0.50200 0.50200
vt 0.50200 0.99800
vt 0.99800 0.99800
vt 0.99800 0.50200
vt 0.50200 0.50200
vt 0.50200 0.99800
vt 0.99800 0.99800
vt 0.99800 0.50200
vt 0.50200 0.50200
vt 0.50200 0.99800
vt 0.99800 0.99800
vt 0.99800 0.50200
vt 0.50200 0.50200
vt 0.50200 0.99800
vt 0.99800 0.99800
vt 0.99800 0.50200
vt 0.50200 0.50200
vt 0.00200 0.49800
vt 0.49800 0.49800
vt 0.49800 0.00200
vt 0.00200 0.00200
vt 0.00200 0.49800
vt 0.49800 0.49800
vt 0.49800 0.00200
vt 0.00200 0.00200
vt 0.00200 0.49800
vt 0.49800 0.49800
vt 0.49800 0.00200
vt 0.00200 0.00200
vt 0.00200 0.49800
vt 0.49800 0.49800
vt 0.49800 0.00200
vt 0.00200 0.00200
vt 0.00200 0.49800
vt 0.49800 0.49800
vt 0.49800 0.00200
vt 0.00200 0.00200
vt 0.00200 0.49800
vt 0.49800 0.49800
vt 0.49800 0.00200
vt 0.00200 0.00200
vt 0.50200 0.49800
vt 0.99800 0.49800
vt 0.99800 0.00200
vt 0.50200 0.00200
vt 0.50200 0.49800
vt 0.99800 0.49800
vt 0.99800 0.00200
vt 0.50200 0.00200
vt 0.50200 0.49800
vt 0.99800 0.49800
vt 0.99800 0.00200
vt 0.50200 0.00200
vt 0.50200 0.49800
vt 0.99800 0.49800
vt 0.99800 0.00200
vt 0.50200 0.00200
vt 0.50200 0.49800
vt 0.99800 0.49800
vt 0.99800 0.00200
vt 0.50200 0.00200
vt 0.50200 0.49800
vt 0.99800 0.49800
vt 0.99800 0.00200
vt 0.50200 0.00200
vt 0.00200 0.99800
vt 0.49800 0.99800
vt 0.49800 0.50200
vt 0.00200 0.50200
vt 0.00200 0.99800
vt 0.49800 0.99800
vt 0.49800 0.50200
vt 0.00200 0.50200
vt 0.00200 0.99800
vt 0.49800 0.99800
vt 0.49800 0.50200
vt 0.00200 0.50200
vt 0.00200 0.99800
vt 0.49800 0.99800
vt 0.49800 0.50200
vt 0.00200 0.50200
vt 0.00200 0.99800
vt 0.49800 0.99800
vt 0.49800 0.50200
vt 0.00200 0.50200
vt 0.00200 0.99800
vt 0.49800 0.99800
vt 0.49800 0.50200
vt 0.00200 0.50200
vt 0.50200 0.99800
vt 0.99800 0.99800
vt 0.99800 0.50200
vt 0.50200 0.50200
vt 0.50200 0.99800
vt 0.99800 0.99800
vt 0.99800 0.50200
vt 0.50200 0.50200
vt 0.50200 0.99800
vt 0.99800 0.99800
vt 0.99800 0.50200
vt 0.50200 0.50200
vt 0.50200 0.99800
vt 0.99800 0.99800
vt 0.99800 0.50200
vt 0.50200 0.50200
vt 0.50200 0.99800
vt 0.99800 0.99800
vt 0.99800 0.50200
vt 0.50200 0.50200
vt 0.50200 0.99800
vt 0.99800 0.99800
vt 0.99800 0.50200
vt 0.50200 0.50200
vt 0.00200 0.49800
vt 0.49800 0.49800
vt 0.49800 0.00200
vt 0.00200 0.00200
vt 0.00200 0.49800
vt 0.49800 0.49800
vt 0.49800 0.00200
vt 0.00200 0.00200
vt 0.00200 0.49800
vt 0.49800 0.49800
vt 0.49800 0.00200
vt 0.00200 0.00200
vt 0.00200 0.49800
vt 0.49800 0.49800
vt 0.49800 0.00200
vt 0.00200 0.00200
vt 0.00200 0.49800
vt 0.49800 0.49800
vt 0.49800 0.00200
vt 0.00200 0.00200
vt 0.00200 0.49800
vt 0.49800 0.49800
vt 0.49800 0.00200
vt 0.00200 0.00200
vt 0.50200 0.49800
vt 0.99800 0.49800
vt 0.99800 0.00200
vt 0.50200 0.00200
vt 0.50200 0.49800
vt 0.99800 0.49800
vt 0.99800 0.00200
vt 0.50200 0.00200
vt 0.50200 0.49800
vt 0.99800 0.49800
vt 0.99800 0.00200
vt 0.50200 0.00200
vt 0.50200 0.49800
vt 0.99800 0.49800
vt 0.99800 0.00200
vt 0.50200 0.00200
vt 0.50200 0.49800
vt 0.99800 0.49800
vt 0.99800 0.00200
vt 0.50200 0.00200
vt 0.50200 0.49800
vt 0.99800 0.49800
vt 0.99800 0.00200
vt 0.50200 0.00200
vt 0.00200 0.99800
vt 0.49800 0.99800
vt 0.49800 0.50200
vt 0.00200 0.50200
vt 0.00200 0.99800
vt 0.49800 0.99800
vt 0.49800 0.50200
vt 0.00200 0.50200
vt 0.00200 0.99800
vt 0.49800 0.99800
vt 0.49800 0.50200
vt 0.00200 0.50200
vt 0.00200 0.99800
vt 0.49800 0.99800
vt 0.49800 0.50200
vt 0.00200 0.50200
vt 0.00200 0.99800
vt 0.49800 0.99800
vt 0.49800 0.50200
vt 0.00200 0.50200
vt 0.00200 0.99800
vt 0.49800 0.99800
vt 0.49800 0.50200
vt 0.00200 0.50200
vt 0.50200 0.99800
vt 0.99800 0.99800
vt 0.99800 0.50200
vt 0.50200 0.50200
vt 0.50200 0.99800
vt 0.99800 0.99800
vt 0.99800 0.50200
vt 0.50200 0.50200
vt 0.50200 0.99800
vt 0.99800 0.99800
vt 0.99800 0.50200
vt 0.50200 0.50200
vt 0.50200 0.99800
vt 0.99800 0.99800
vt 0.99800 0.50200
vt 0.50200 0.50200
vt 0.50200 0.99800
vt 0.99800 0.99800
vt 0.99800 0.50200
vt 0.50200 0.50200
vt 0.50200 0.99800
vt 0.99800 0.99800
vt 0.99800 0.50200
vt 0.50200 0.50200
vt 0.00200 0.49800
vt 0.49800 0.49800
vt 0.49800 0.00200
vt 0.00200 0.00200
vt 0.00200 0.49800
vt 0.49800 0.49800
vt 0.49800 0.00200
vt 0.00200 0.00200
vt 0.00200 0.49800
vt 0.49800 0.49800
vt 0.49800 0.00200
vt 0.00200 0.00200
vt 0.00200 0.49800
vt 0.49800 0.49800
vt 0.49800 0.00200
vt 0.00200 0.00200
vt 0.00200 0.49800
vt 0.49800 0.49800
vt 0.49800 0.00200
vt 0.00200 0.00200
vt 0.00200 0.49800
vt 0.49800 0.49800
vt 0.49800 0.00200
vt 0.00200 0.00200
vt 0.50200 0.49800
vt 0.99800 0.49800
vt 0.99800 0.00200
vt 0.50200 0.00200
vt 0.50200 0.49800
vt 0.99800 0.49800
vt 0.99800 0.00200
vt 0.50200 0.00200
vt 0.50200 0.49800
vt 0.99800 0.49800
vt 0.99800 0.00200
vt 0.50200 0.00200
vt 0.50200 0.49800
vt 0.99800 0.49800
vt 0.99800 0.00200
vt 0.50200 0.00200
vt 0.50200 0.49800
vt 0.99800 0.49800
vt 0.99800 0.00200
vt 0.50200 0.00200
vt 0.50200 0.49800
vt 0.99800 0.49800
vt 0.99800 0.00200
vt 0.50200 0.00200
vt 0.00200 0.99800
vt 0.49800 0.99800
vt 0.49800 0.50200
vt 0.00200 0.50200
vt 0.00200 0.99800
vt 0.49800 0.99800
vt 0.49800 0.50200
vt 0.00200 0.50200
vt 0.00200 0.99800
vt 0.49800 0.99800
vt 0.49800 0.50200
vt 0.00200 0.50200
vt 0.00200 0.99800
vt 0.49800 0.99800
vt 0.49800 0.50200
vt 0.00200 0.50200
vt 0.00200 0.99800
vt 0.49800 0.99800
vt 0.49800 0.50200
vt 0.00200 0.50200
vt 0.00200 0.99800
vt 0.49800 0.99800
vt 0.49800 0.50200
vt 0.00200 0.50200
vt 0.50200 0.99800
vt 0.99800 0.99800
vt 0.99800 0.50200
vt 0.50200 0.50200
vt 0.50200 0.99800
vt 0.99800 0.99800
vt 0.99800 0.50200
vt 0.50200 0.50200
vt 0.50200 0.99800
vt 0.99800 0.99800
vt 0.99800 0.50200
vt 0.50200 0.50200
vt 0.50200 0.99800
vt 0.99800 0.99800
vt 0.99800 0.50200
vt 0.50200 0.50200
vt 0.50200 0.99800
vt 0.99800 0.99800
vt 0.99800 0.50200
vt 0.50200 0.50200
vt 0.50200 0.99800
vt 0.99800 0.99800
vt 0.99800 0.50200
vt 0.50200 0.50200
vt 0.00200 0.49800
vt 0.49800 0.49800
vt 0.49800 0.00200
vt 0.00200 0.00200
vt 0.00200 0.49800
vt 0.49800 0.49800
vt 0.49800 0.00200
vt 0.00200 0.00200
vt 0.00200 0.49800
vt 0.49800 0.49800
vt 0.49800 0.00200
vt 0.00200 0.00200
vt 0.00200 0.49800
vt 0.49800 0.49800
vt 0.49800 0.00200
vt 0.00200 0.00200
vt 0.00200 0.49800
vt 0.49800 0.49800
vt 0.49800 0.00200
vt 0.00200 0.00200
vt 0.00200 0.49800
vt 0.49800 0.49800
vt 0.49800 0.00200
vt 0.00200 0.00200
vt 0.50200 0.49800
vt 0.99800 0.49800
vt 0.99800 0.00200
vt 0.50200 0.00200
vt 0.50200 0.49800
vt 0.99800 0.49800
vt 0.99800 0.00200
vt 0.50200 0.00200
vt 0.50200 0.49800
vt 0.99800 0.49800
vt 0.99800 0.00200
vt 0.50200 0.00200
vt 0.50200 0.49800
vt 0.99800 0.49800
vt 0.99800 0.00200
vt 0.50200 0.00200
vt 0.50200 0.49800
vt 0.99800 0.49800
vt 0.99800 0.00200
vt 0.50200 0.00200
vt 0.50200 0.49800
vt 0.99800 0.49800
vt 0.99800 0.00200
vt 0.50200 0.00200
vt 0.00200 0.99800
vt 0.49800 0.99800
vt 0.49800 0.50200
vt 0.00200 0.50200
vt 0.00200 0.99800
vt 0.49800 0.99800
vt 0.49800 0.50200
vt 0.00200 0.50200
vt 0.00200 0.99800
vt 0.49800 0.99800
vt 0.49800 0.50200
vt 0.00200 0.50200
vt 0.00200 0.99800
vt 0.49800 0.99800
vt 0.49800 0.50200
vt 0.00200 0.50200
vt 0.00200 0.99800
vt 0.49800 0.99800
vt 0.49800 0.50200
vt 0.00200 0.50200
vt 0.00200 0.99800
vt 0.49800 0.99800
vt 0.49800 0.50200
vt 0.00200 0.50200
vt 0.50200 0.99800
vt 0.99800 0.99800
vt 0.99800 0.50200
vt 0.50200 0.50200
vt 0.50200 0.99800
vt 0.99800 0.99800
vt 0.99800 0.50200
vt 0.50200 0.50200
vt 0.50200 0.99800
vt 0.99800 0.99800
vt 0.99800 0.50200
vt 0.50200 0.50200
vt 0.50200 0.99800
vt 0.99800 0.99800
vt 0.99800 0.50200
vt 0.50200 0.50200
vt 0.50200 0.99800
vt 0.99800 0.99800
vt 0.99800 0.50200
vt 0.50200 0.50200
vt 0.50200 0.99800
vt 0.99800 0.99800
vt 0.99800 0.50200
vt 0.50200 0.50200
vt 0.00200 0.49800
vt 0.49800 0.49800
vt 0.49800 0.00200
vt 0.00200 0.00200
vt 0.00200 0.49800
vt 0.49800 0.49800
vt 0.49800 0.00200
vt 0.00200 0.00200
vt 0.00200 0.49800
vt 0.49800 0.49800
vt 0.49800 0.00200
vt 0.00200 0.00200
vt 0.00200 0.49800
vt 0.49800 0.49800
vt 0.49800 0.00200
vt 0.00200 0.00200
vt 0.00200 0.49800
vt 0.49800 0.49800
vt 0.49800 0.00200
vt 0.00200 0.00200
vt 0.00200 0.49800
vt 0.49800 0.49800
vt 0.49800 0.00200
vt 0.00200 0.00200
vt 0.50200 0.49800
vt 0.99800 0.49800
vt 0.99800 0.00200
vt 0.50200 0.00200
vt 0.50200 0.49800
vt 0.99800 0.49800
vt 0.99800 0.00200
vt 0.50200 0.00200
vt 0.50200 0.49800
vt 0.99800 0.49800
vt 0.99800 0.00200
vt 0.50200 0.00200
vt 0.50200 0.49800
vt 0.99800 0.49800
vt 0.99800 0.00200
vt 0.50200 0.00200
vt 0.50200 0.49800
vt 0.99800 0.49800
vt 0.99800 0.00200
vt 0.50200 0.00200
vt 0.50200 0.49800
vt 0.99800 0.49800
vt 0.99800 0.00200
vt 0.50200 0.00200
vt 0.00200 0.99800
vt 0.49800 0.99800
vt 0.49800 0.50200
vt 0.00200 0.50200
vt 0.00200 0.99800
vt 0.49800 0.99800
vt 0.49800 0.50200
vt 0.00200 0.50200
vt 0.00200 0.99800
vt 0.49800 0.99800
vt 0.49800 0.50200
vt 0.00200 0.50200
vt 0.00200 0.99800
vt 0.49800 0.99800
vt 0.49800 0.50200
vt 0.00200 0.50200
vt 0.00200 0.99800
vt 0.49800 0.99800
vt 0.49800 0.50200
vt 0.00200 0.50200
vt 0.00200 0.99800
vt 0.49800 0.99800
vt 0.49800 0.50200
vt 0.00200 0.50200
vt 0.50200 0.99800
vt 0.99800 0.99800
vt 0.99800 0.50200
vt 0.50200 0.50200
vt 0.50200 0.99800
vt 0.99800 0.99800
vt 0.99800 0.50200
vt 0.50200 0.50200
vt 0.50200 0.99800
vt 0.99800 0.99800
vt 0.99800 0.50200
vt 0.50200 0.50200
vt 0.50200 0.99800
vt 0.99800 0.99800
vt 0.99800 0.50200
vt 0.50200 0.50200
vt 0.50200 0.99800
vt 0.99800 0.99800
vt 0.99800 0.50200
vt 0.50200 0.50200
vt 0.50200 0.99800
vt 0.99800 0.99800
vt 0.99800 0.50200
vt 0.50200 0.50200
vt 0.00200 0.49800
vt 0.49800 0.49800
vt 0.49800 0.00200
vt 0.00200 0.00200
vt 0.00200 0.49800
vt 0.49800 0.49800
vt 0.49800 0.00200
vt 0.00200 0.00200
vt 0.00200 0.49800
vt 0.49800 0.49800
vt 0.49800 0.00200
vt 0.00200 0.00200
vt 0.00200 0.49800
vt 0.49800 0.49800
vt 0.49800 0.00200
vt 0.00200 0.00200
vt 0.00200 0.49800
vt 0.49800 0.49800
vt 0.49800 0.00200
vt 0.00200 0.00200
vt 0.00200 0.49800
vt 0.49800 0.49800
vt 0.49800 0.00200
vt 0.00200 0.00200
vt 0.50200 0.49800
vt 0.99800 0.49800
vt 0.99800 0.00200
vt 0.50200 0.00200
vt 0.50200 0.49800
vt 0.99800 0.49800
vt 0.99800 0.00200
vt 0.50200 0.00200
vt 0.50200 0.49800
vt 0.99800 0.49800
vt 0.99800 0.00200
vt 0.50200 0.00200
vt 0.50200 0.49800
vt 0.99800 0.49800
vt 0.99800 0.00200
vt 0.50200 0.00200
vt 0.50200 0.49800
vt 0.99800 0.49800
vt 0.99800 0.00200
vt 0.50200 0.00200
vt 0.50200 0.49800
vt 0.99800 0.49800
vt 0.99800 0.00200
vt 0.50200 0.00200
vt 0.00200 0.99800
vt 0.49800 0.99800
vt 0.49800 0.50200
vt 0.00200 0.50200
vt 0.00200 0.99800
vt 0.49800 0.99800
vt 0.49800 0.50200
vt 0.00200 0.50200
vt 0.00200 0.99800
vt 0.49800 0.99800
vt 0.49800 0.50200
vt 0.00200 0.50200
vt 0.00200 0.99800
vt 0.49800 0.99800
vt 0.49800 0.50200
vt 0.00200 0.50200
vt 0.00200 0.99800
vt 0.49800 0.99800
vt 0.49800 0.50200
vt 0.00200 0.50200
vt 0.00200 0.99800
vt 0.49800 0.99800
vt 0.49800 0.50200
vt 0.00200 0.50200
vn -0.9921 -0.1226 -0.0283
vn 0.9921 0.1226 0.0283
vn 0.2316 0.9728 -0.0071
vn -0.2316 -0.9728 0.0071
vn 0.6399 -0.7522 -0.1574
vn -0.6399 0.7522 0.1574
vn -0.9851 -0.1240 -0.1195
vn 0.9851 0.1240 0.1195
vn -0.9930 -0.0594 -0.1020
vn 0.9930 0.0594 0.1020
vn 0.9009 0.4340 -0.0075
vn -0.9009 -0.4340 0.0075
vn 0.8162 -0.5601 -0.1415
vn -0.8162 0.5601 0.1415
vn 0.6695 0.7407 0.0551
vn -0.6695 -0.7407 -0.0551
vn 0.9586 -0.2694 -0.0926
vn -0.9586 0.2694 0.0926
vn 0.9985 -0.0037 0.0539
vn -0.9985 0.0037 -0.0539
vn 0.2941 0.9538 0.0613
vn -0.2941 -0.9538 -0.0613
vn -0.9822 -0.0832 -0.1684
vn 0.9822 0.0832 0.1684
vn -0.9576 0.2873 -0.0205
vn 0.9576 -0.2873 0.0205
vn -0.2043 0.9754 0.0832
vn 0.2043 -0.9754 -0.0832
vn -0.9944 0.1041 -0.0151
vn 0.9944 -0.1041 0.0151
vn -0.9105 0.3933 -0.1274
vn 0.9105 -0.3933 0.1274
vn 0.6470 0.7582 0.0813
vn -0.6470 -0.7582 -0.0813
vn -0.0444 -0.9984 -0.0350
vn 0.0444 0.9984 0.0350
vn 0.3219 0.9440 -0.0728
vn -0.3219 -0.9440 0.0728
vn 0.2019 -0.9781 0.0505
vn -0.2019 0.9781 -0.0505
vn -0.8094 0.5735 -0.1265
vn 0.8094 -0.5735 0.1265
vn -0.9875 0.0850 -0.1329
vn 0.9875 -0.0850 0.1329
vn -0.6440 -0.7648 -0.0153
vn 0.6440 0.7648 0.0153
vn -0.7504 -0.6606 0.0202
vn 0.7504 0.6606 -0.0202
vn 0.9672 -0.2146 -0.1359
vn -0.9672 0.2146 0.1359
vn -0.3446 0.9380 0.0371
vn 0.3446 -0.9380 -0.0371
vn 0.8130 0.5821 -0.0137
vn -0.8130 -0.5821 0.0137
vn -0.8296 0.5531 -0.0769
vn 0.8296 -0.5531 0.0769
vn 0.8702 0.4597 -0.1773
vn -0.8702 -0.4597 0.1773
vn -0.9894 -0.1376 -0.0459
vn 0.9894 0.1376 0.0459
vn -0.6282 0.7765 0.0492
vn 0.6282 -0.7765 -0.0492
vn 0.9957 0.0019 -0.0923
vn -0.9957 -0.0019 0.0923
vn -0.7628 -0.6401 0.0913
vn 0.7628 0.6401 -0.0913
vn -0.2934 -0.9556 -0.0281
vn 0.2934 0.9556 0.0281
vn -0.9699 -0.2434 -0.0119
vn 0.9699 0.2434 0.0119
vn -0.3685 0.9292 0.0285
vn 0.3685 -0.9292 -0.0285
vn -0.8259 0.5633 0.0237
vn 0.8259 -0.5633 -0.0237
vn 0.6698 0.7396 0.0661
vn -0.6698 -0.7396 -0.0661
vn -0.7502 -0.6568 0.0764
vn 0.7502 0.6568 -0.0764
vn -0.4738 0.8740 -0.1079
vn 0.4738 -0.8740 0.1079
vn -0.9387 -0.3230 0.1209
vn 0.9387 0.3230 -0.1209
vn 0.6559 0.7501 -0.0850
vn -0.6559 -0.7501 0.0850
vn -0.8511 -0.5144 -0.1044
vn 0.8511 0.5144 0.1044
vn -0.1354 -0.9732 0.1856
vn 0.1354 0.9732 -0.1856
vn -0.7042 0.7027 0.1017
vn 0.7042 -0.7027 -0.1017
vn -0.9658 -0.1805 -0.1861
vn 0.9658 0.1805 0.1861
vn -0.6318 -0.7745 0.0298
vn 0.6318 0.7745 -0.0298
vn 0.5037 -0.8614 -0.0654
vn -0.5037 0.8614 0.0654
vn -0.1559 -0.9771 -0.1448
vn 0.1559 0.9771 0.1448
vn -0.8795 0.4759 -0.0064
vn 0.8795 -0.4759 0.0064
vn 0.7246 0.6878 0.0438
vn -0.7246 -0.6878 -0.0438
vn 0.9786 -0.1989 -0.0529
vn -0.9786 0.1989 0.0529
vn 0.9317 0.3586 0.0571
vn -0.9317 -0.3586 -0.0571
vn -0.9289 -0.3381 0.1512
vn 0.9289 0.3381 -0.1512
vn 0.8006 0.5959 0.0620
vn -0.8006 -0.5959 -0.0620
vn 0.9436 -0.3149 -0.1021
vn -0.9436 0.3149 0.1021
vn -0.8256 -0.5642 -0.0082
vn 0.8256 0.5642 0.0082
vn -0.8417 -0.5394 0.0228
vn 0.8417 0.5394 -0.0228
vn 0.2077 0.9781 0.0126
vn -0.2077 -0.9781 -0.0126
vn -0.8751 -0.4724 -0.1052
vn 0.8751 0.4724 0.1052
vn -0.9887 0.0847 0.1235
vn 0.9887 -0.0847 -0.1235
vn 0.1901 0.9817 -0.0111
vn -0.1901 -0.9817 0.0111
vn -0.2794 -0.9597 -0.0302
vn 0.2794 0.9597 0.0302
vn -0.9193 0.3886 0.0632
vn 0.9193 -0.3886 -0.0632
vn 0.9965 -0.0588 0.0592
vn -0.9965 0.0588 -0.0592
vn -0.4218 -0.8969 0.1326
vn 0.4218 0.8969 -0.1326
vn -0.9514 -0.2859 -0.1141
vn 0.9514 0.2859 0.1141
vn 0.6405 -0.7662 0.0519
vn -0.6405 0.7662 -0.0519
vn -0.8225 0.5684 -0.0200
vn 0.8225 -0.5684 0.0200
vn -0.0272 0.9990 -0.0352
vn 0.0272 -0.9990 0.0352
vn -0.8975 0.4371 -0.0584
vn 0.8975 -0.4371 0.0584
vn -0.5399 -0.8415 -0.0183
vn 0.5399 0.8415 0.0183
vn 0.9665 -0.1846 0.1786
vn -0.9665 0.1846 -0.1786
vn -0.1421 -0.9857 -0.0905
vn 0.1421 0.9857 0.0905
vn 0.4929 -0.8678 -0.0628
vn -0.4929 0.8678 0.0628
vn 0.6552 0.7550 -0.0271
vn -0.6552 -0.7550 0.0271
vn -0.9817 -0.1901 -0.0081
vn 0.9817 0.1901 0.0081
vn 0.7392 -0.6671 0.0926
vn -0.7392 0.6671 -0.0926
vn 0.9839 0.1739 0.0404
vn -0.9839 -0.1739 -0.0404
vn 0.6973 0.7141 -0.0615
vn -0.6973 -0.7141 0.0615
vn -0.9942 0.0807 -0.0710
vn 0.9942 -0.0807 0.0710
vn -0.7070 -0.7059 -0.0439
vn 0.7070 0.7059 0.0439
vn 0.9842 -0.1501 0.0939
vn -0.9842 0.1501 -0.0939
vn 0.4582 -0.8832 -0.1002
vn -0.4582 0.8832 0.1002
vn 0.9712 0.2306 -0.0604
vn -0.9712 -0.2306 0.0604
vn -0.2444 0.9661 0.0836
vn 0.2444 -0.9661 -0.0836
vn -0.4001 -0.8995 -0.1755
vn 0.4001 0.8995 0.1755
vn -0.8910 0.4379 0.1195
vn 0.8910 -0.4379 -0.1195
vn 0.7578 0.6359 0.1461
vn -0.7578 -0.6359 -0.1461
vn 0.9612 -0.2759 0.0027
vn -0.9612 0.2759 -0.0027
vn 0.9713 -0.2377 0.0056
vn -0.9713 0.2377 -0.0056
vn -0.9682 0.2053 0.1428
vn 0.9682 -0.2053 -0.1428
vn 0.5195 -0.8438 0.1344
vn -0.5195 0.8438 -0.1344
vn -0.9903 0.0486 -0.1303
vn 0.9903 -0.0486 0.1303
vn -0.5166 0.8396 0.1679
vn 0.5166 -0.8396 -0.1679
vn -0.0500 -0.9984 0.0282
vn 0.0500 0.9984 -0.0282
vn 0.9840 0.0318 0.1751
vn -0.9840 -0.0318 -0.1751
vn 0.0652 0.9968 0.0452
vn -0.0652 -0.9968 -0.0452
vn 0.9304 0.3664 0.0126
vn -0.9304 -0.3664 -0.0126
vn -0.9756 -0.1934 0.1042
vn 0.9756 0.1934 -0.1042
vn -0.2609 0.9638 0.0555
vn 0.2609 -0.9638 -0.0555
vn 0.9826 0.1155 0.1458
vn -0.9826 -0.1155 -0.1458
vn 0.3190 0.9384 -0.1326
vn -0.3190 -0.9384 0.1326
vn -0.9130 -0.4059 -0.0399
vn 0.9130 0.4059 0.0399
vn 0.8637 0.4809 0.1506
vn -0.8637 -0.4809 -0.1506
vn -0.9655 -0.1935 0.1741
vn 0.9655 0.1935 -0.1741
vn 0.0168 0.9828 -0.1839
vn -0.0168 -0.9828 0.1839
vn -0.3549 0.9249 -0.1362
vn 0.3549 -0.9249 0.1362
vn 0.6599 -0.7285 -0.1838
vn -0.6599 0.7285 0.1838
vn -0.9689 -0.1885 -0.1601
vn 0.9689 0.1885 0.1601
vn -0.4844 0.8722 0.0679
vn 0.4844 -0.8722 -0.0679
vn -0.7281 -0.6722 0.1341
vn 0.7281 0.6722 -0.1341
vn 0.2372 0.9646 0.1152
vn -0.2372 -0.9646 -0.1152
vn -0.9675 0.2478 0.0503
vn 0.9675 -0.2478 -0.0503
vn 0.9994 -0.0074 -0.0349
vn -0.9994 0.0074 0.0349
vn 0.9777 -0.2062 0.0402
vn -0.9777 0.2062 -0.0402
vn -0.7297 0.6776 -0.0914
vn 0.7297 -0.6776 0.0914
vn 0.3317 -0.9374 -0.1058
vn -0.3317 0.9374 0.1058
vn 0.4507 -0.8731 0.1859
vn -0.4507 0.8731 -0.1859
vn -0.1831 0.9799 0.0796
vn 0.1831 -0.9799 -0.0796
vn -0.5835 0.7970 -0.1559
vn 0.5835 -0.7970 0.1559
vn 0.9651 0.2619 0.0000
vn -0.9651 -0.2619 -0.0000
vn 0.8223 0.5445 -0.1651
vn -0.8223 -0.5445 0.1651
vn 0.6867 0.7270 -0.0039
vn -0.6867 -0.7270 0.0039
vn -0.4082 0.8978 -0.1653
vn 0.4082 -0.8978 0.1653
vn 0.3481 -0.9271 0.1391
vn -0.3481 0.9271 -0.1391
vn 0.9871 0.1477 0.0614
vn -0.9871 -0.1477 -0.0614
vn 0.3854 0.9041 0.1846
vn -0.3854 -0.9041 -0.1846
vn -0.2407 0.9706 0.0049
vn 0.2407 -0.9706 -0.0049
vn -0.6803 -0.7095 0.1842
vn 0.6803 0.7095 -0.1842
vn -0.8037 0.5949 -0.0080
vn 0.8037 -0.5949 0.0080
vn 0.5324 -0.8331 0.1502
vn -0.5324 0.8331 -0.1502
vn 0.5321 -0.8368 0.1293
vn -0.5321 0.8368 -0.1293
vn -0.8142 0.5800 -0.0278
vn 0.8142 -0.5800 0.0278
vn 0.9308 0.3477 -0.1123
vn -0.9308 -0.3477 0.1123
vn -0.1606 -0.9869 0.0167
vn 0.1606 0.9869 -0.0167
vn -0.7953 0.5977 -0.1013
vn 0.7953 -0.5977 0.1013
vn 0.7602 -0.6282 0.1654
vn -0.7602 0.6282 -0.1654
vn 0.0012 -0.9940 -0.1093
vn -0.0012 0.9940 0.1093
vn -0.2147 -0.9763 -0.0290
vn 0.2147 0.9763 0.0290
vn 0.7470 -0.6647 0.0144
vn -0.7470 0.6647 -0.0144
vn 0.2038 -0.9789 -0.0155
vn -0.2038 0.9789 0.0155
vn 0.9172 0.3839 0.1064
vn -0.9172 -0.3839 -0.1064
vn -0.4144 -0.8917 -0.1823
vn 0.4144 0.8917 0.1823
vn 0.4473 0.8882 0.1051
vn -0.4473 -0.8882 -0.1051
vn -0.2370 -0.9625 -0.1323
vn 0.2370 0.9625 0.1323
vn -0.9103 -0.3741 0.1772
vn 0.9103 0.3741 -0.1772
vn -0.8214 -0.5699 -0.0215
vn 0.8214 0.5699 0.0215
vn 0.9393 0.2899 -0.1835
vn -0.9393 -0.2899 0.1835
vn 0.3032 0.9404 0.1540
vn -0.3032 -0.9404 -0.1540
vn 0.0313 -0.9995 0.0011
vn -0.0313 0.9995 -0.0011
vn -0.1681 -0.9778 0.1249
vn 0.1681 0.9778 -0.1249
vn 0.7413 -0.6538 0.1518
vn -0.7413 0.6538 -0.1518
vn -0.9978 0.0634 -0.0172
vn 0.9978 -0.0634 0.0172
vn 0.2336 -0.9607 0.1499
vn -0.2336 0.9607 -0.1499
vn -0.8126 0.5715 -0.1140
vn 0.8126 -0.5715 0.1140
vn 0.5560 0.8312 0.0031
vn -0.5560 -0.8312 -0.0031
vn 0.9385 0.3023 0.1668
vn -0.9385 -0.3023 -0.1668
vn 0.3262 -0.9428 0.0692
vn -0.3262 0.9428 -0.0692
vn -0.9931 -0.1040 -0.0537
vn 0.9931 0.1040 0.0537
vn 0.3076 -0.9514 0.0122
vn -0.3076 0.9514 -0.0122
vn -0.2897 0.9506 0.1114
vn 0.2897 -0.9506 -0.1114
vn -0.9939 -0.0173 0.1087
vn 0.9939 0.0173 -0.1087
vn -0.8714 0.4624 0.1640
vn 0.8714 -0.4624 -0.1640
vn 0.2028 0.9767 -0.0698
vn -0.2028 -0.9767 0.0698
vn -0.9982 0.0230 0.0562
vn 0.9982 -0.0230 -0.0562
vn 0.3636 0.9309 -0.0344
vn -0.3636 -0.9309 0.0344
vn -0.0998 -0.9786 -0.1802
vn 0.0998 0.9786 0.1802
vn 0.9712 0.2350 0.0391
vn -0.9712 -0.2350 -0.0391
vn -0.5061 0.8499 -0.1466
vn 0.5061 -0.8499 0.1466
vn 0.4762 -0.8750 -0.0877
vn -0.4762 0.8750 0.0877
vn 0.4120 0.9092 0.0604
vn -0.4120 -0.9092 -0.0604
vn 0.1329 0.9908 -0.0249
vn -0.1329 -0.9908 0.0249
vn -0.8209 0.5577 0.1227
vn 0.8209 -0.5577 -0.1227
vn -0.3992 0.9137 -0.0763
vn 0.3992 -0.9137 0.0763
vn -0.9912 0.0644 0.1157
vn 0.9912 -0.0644 -0.1157
vn 0.1207 0.9914 0.0513
vn -0.1207 -0.9914 -0.0513
vn 0.5928 -0.8048 0.0290
vn -0.5928 0.8048 -0.0290
vn 0.7099 -0.6991 -0.0857
vn -0.7099 0.6991 0.0857
vn 0.9146 0.4024 0.0408
vn -0.9146 -0.4024 -0.0408
vn 0.9979 -0.0295 0.0582
vn -0.9979 0.0295 -0.0582
vn 0.9746 -0.2165 0.0569
vn -0.9746 0.2165 -0.0569
vn 0.0280 0.9977 -0.0610
vn -0.0280 -0.9977 0.0610
vn 0.9824 -0.0057 0.1865
vn -0.9824 0.0057 -0.1865
vn 0.8794 -0.4754 -0.0246
vn -0.8794 0.4754 0.0246
vn -0.9154 0.3578 -0.1844
vn 0.9154 -0.3578 0.1844
vn 0.9816 -0.1821 -0.0570
vn -0.9816 0.1821 0.0570
vn -0.4346 0.8932 0.1153
vn 0.4346 -0.8932 -0.1153
vn -0.9685 0.2490 0.0002
vn 0.9685 -0.2490 -0.0002
vn -0.2916 -0.9518 0.0952
vn 0.2916 0.9518 -0.0952
vn -0.8910 0.4492 -0.0661
vn 0.8910 -0.4492 0.0661
vn 0.9709 -0.1954 -0.1383
vn -0.9709 0.1954 0.1383
vn -0.9678 0.2058 -0.1451
vn 0.9678 -0.2058 0.1451
vn -0.9589 0.2806 -0.0430
vn 0.9589 -0.2806 0.0430
vn 0.8139 0.5610 -0.1511
vn -0.8139 -0.5610 0.1511
vn 0.9932 -0.0923 0.0703
vn -0.9932 0.0923 -0.0703
vn -0.4064 -0.9127 0.0418
vn 0.4064 0.9127 -0.0418
vn -0.8911 0.4321 -0.1387
vn 0.8911 -0.4321 0.1387
vn 0.6329 0.7612 -0.1414
vn -0.6329 -0.7612 0.1414
vn -0.6913 -0.7029 -0.1674
vn 0.6913 0.7029 0.1674
vn -0.1740 0.9732 0.1504
vn 0.1740 -0.9732 -0.1504
vn -0.8485 -0.5278 0.0375
vn 0.8485 0.5278 -0.0375
vn 0.5517 -0.8237 -0.1309
vn -0.5517 0.8237 0.1309
vn -0.9590 -0.2631 -0.1057
vn 0.9590 0.2631 0.1057
vn -0.7960 -0.6039 -0.0403
vn 0.7960 0.6039 0.0403
vn 0.7802 0.6115 -0.1319
vn -0.7802 -0.6115 0.1319
vn -0.9092 -0.4163 0.0081
vn 0.9092 0.4163 -0.0081
vn 0.1928 0.9756 0.1053
vn -0.1928 -0.9756 -0.1053
vn 0.7020 0.6988 0.1374
vn -0.7020 -0.6988 -0.1374
vn 0.3062 0.9347 0.1803
vn -0.3062 -0.9347 -0.1803
vn 0.7845 0.6085 -0.1194
vn -0.7845 -0.6085 0.1194
vn 0.9868 0.1407 -0.0800
vn -0.9868 -0.1407 0.0800
vn -0.8973 -0.4409 0.0209
vn 0.8973 0.4409 -0.0209
vn 0.9817 0.1808 0.0591
vn -0.9817 -0.1808 -0.0591
vn 0.9874 0.1178 -0.1058
vn -0.9874 -0.1178 0.1058
vn 0.3096 0.9494 0.0531
vn -0.3096 -0.9494 -0.0531
vn 0.5399 0.8230 0.1766
vn -0.5399 -0.8230 -0.1766
vn 0.8005 -0.5987 -0.0267
vn -0.8005 0.5987 0.0267
vn -0.8532 0.5079 0.1187
vn 0.8532 -0.5079 -0.1187
vn -0.9919 -0.1028 -0.0745
vn 0.9919 0.1028 0.0745
vn -0.9815 -0.0587 0.1823
vn 0.9815 0.0587 -0.1823
vn -0.2655 0.9627 0.0519
vn 0.2655 -0.9627 -0.0519
vn -0.9998 -0.0025 -0.0219
vn 0.9998 0.0025 0.0219
vn -0.6862 0.7181 -0.1162
vn 0.6862 -0.7181 0.1162
vn -0.4908 0.8595 0.1429
vn 0.4908 -0.8595 -0.1429
vn -0.6711 0.7391 -0.0577
vn 0.6711 -0.7391 0.0577
vn -0.8425 -0.5359 0.0545
vn 0.8425 0.5359 -0.0545
vn 0.7587 -0.6497 0.0476
vn -0.7587 0.6497 -0.0476
vn -0.6051 0.7804 -0.1574
vn 0.6051 -0.7804 0.1574
vn -0.2742 -0.9529 0.1298
vn 0.2742 0.9529 -0.1298
vn -0.0640 0.9896 -0.1290
vn 0.0640 -0.9896 0.1290
vn -0.8945 0.4454 0.0399
vn 0.8945 -0.4454 -0.0399
vn 0.9508 -0.2708 0.1502
vn -0.9508 0.2708 -0.1502
vn 0.9020 0.4311 -0.0256
vn -0.9020 -0.4311 0.0256
vn 0.2518 -0.9617 -0.1083
vn -0.2518 0.9617 0.1083
vn -0.2891 0.9558 0.0540
vn 0.2891 -0.9558 -0.0540
vn -0.6035 -0.7959 0.0478
vn 0.6035 0.7959 -0.0478
vn -0.9889 -0.1432 -0.0392
vn 0.9889 0.1432 0.0392
vn -0.9880 -0.1089 -0.1094
vn 0.9880 0.1089 0.1094
vn 0.0918 0.9949 -0.0412
vn -0.0918 -0.9949 0.0412
vn -0.9010 -0.4171 0.1195
vn 0.9010 0.4171 -0.1195
vn 0.9549 -0.2805 0.0971
vn -0.9549 0.2805 -0.0971
vn -0.6504 0.7592 -0.0236
vn 0.6504 -0.7592 0.0236
vn -0.9984 -0.0534 0.0188
vn 0.9984 0.0534 -0.0188
vn 0.4213 0.9034 -0.0802
vn -0.4213 -0.9034 0.0802
vn -0.0948 0.9881 -0.1215
vn 0.0948 -0.9881 0.1215
vn -0.9778 0.1947 0.0773
vn 0.9778 -0.1947 -0.0773
vn -0.5678 0.8224 -0.0363
vn 0.5678 -0.8224 0.0363
vn -0.9394 0.3216 0.1187
vn 0.9394 -0.3216 -0.1187
vn 0.3955 -0.9047 -0.1587
vn -0.3955 0.9047 0.1587
vn -0.9572 0.2817 -0.0661
vn 0.9572 -0.2817 0.0661
vn -0.2791 -0.9444 -0.1736
vn 0.2791 0.9444 0.1736
vn 0.9513 -0.2880 0.1102
vn -0.9513 0.2880 -0.1102
vn 0.1306 -0.9910 0.0295
vn -0.1306 0.9910 -0.0295
vn -0.8886 -0.4485 0.0957
vn 0.8886 0.4485 -0.0957
vn 0.9118 0.4082 0.0440
vn -0.9118 -0.4082 -0.0440
vn -0.1087 -0.9783 0.1763
vn 0.1087 0.9783 -0.1763
vn -0.7665 -0.6380 -0.0737
vn 0.7665 0.6380 0.0737
vn -0.9769 -0.2070 0.0534
vn 0.9769 0.2070 -0.0534
vn -0.8641 -0.4986 -0.0692
vn 0.8641 0.4986 0.0692
vn 0.9019 -0.3979 -0.1683
vn -0.9019 0.3979 0.1683
vn 0.5502 -0.8342 0.0377
vn -0.5502 0.8342 -0.0377
vn 0.1370 0.9876 0.0772
vn -0.1370 -0.9876 -0.0772
vn 0.2427 0.9523 -0.1849
vn -0.2427 -0.9523 0.1849
vn 0.9551 0.2908 0.0576
vn -0.9551 -0.2908 -0.0576
vn 0.9680 -0.2506 0.0150
vn -0.9680 0.2506 -0.0150
vn 0.9910 -0.0979 0.0909
vn -0.9910 0.0979 -0.0909
vn -0.1050 0.9855 -0.1334
vn 0.1050 -0.9855 0.1334
vn -0.9958 0.0294 -0.0862
vn 0.9958 -0.0294 0.0862
vn -0.9489 -0.3110 -0.0543
vn 0.9489 0.3110 0.0543
vn -0.6647 0.7469 -0.0153
vn 0.6647 -0.7469 0.0153
vn -0.0439 -0.9946 -0.0942
vn 0.0439 0.9946 0.0942
vn -0.9941 -0.0462 0.0981
vn 0.9941 0.0462 -0.0981
vn -0.5127 -0.8558 -0.0681
vn 0.5127 0.8558 0.0681
vn -0.6988 -0.6966 -0.1626
vn 0.6988 0.6966 0.1626
vn -0.7693 -0.6247 -0.1340
vn 0.7693 0.6247 0.1340
vn -0.0901 0.9947 -0.0502
vn 0.0901 -0.9947 0.0502
vn 0.9805 0.0971 -0.1709
vn -0.9805 -0.0971 0.1709
vn -0.3422 -0.9252 0.1641
vn 0.3422 0.9252 -0.1641
vn -0.5356 -0.8417 0.0683
vn 0.5356 0.8417 -0.0683
vn 0.5619 -0.8094 0.1707
vn -0.5619 0.8094 -0.1707
vn -0.9859 0.1622 -0.0415
vn 0.9859 -0.1622 0.0415
vn 0.1526 0.9841 0.0905
vn -0.1526 -0.9841 -0.0905
vn -0.4232 0.9056 -0.0295
vn 0.4232 -0.9056 0.0295
vn 0.4663 0.8846 -0.0071
vn -0.4663 -0.8846 0.0071
vn -0.6252 -0.7781 0.0602
vn 0.6252 0.7781 -0.0602
vn 0.9847 0.1502 -0.0880
vn -0.9847 -0.1502 0.0880
vn 0.0652 -0.9969 -0.0431
vn -0.0652 0.9969 0.0431
vn 0.1748 0.9832 0.0520
vn -0.1748 -0.9832 -0.0520
vn 0.9928 0.1194 -0.0125
vn -0.9928 -0.1194 0.0125
vn -0.2057 0.9671 -0.1494
vn 0.2057 -0.9671 0.1494
vn -0.9265 0.3569 0.1195
vn 0.9265 -0.3569 -0.1195
vn 0.4930 -0.8514 0.1789
vn -0.4930 0.8514 -0.1789
vn 0.9924 -0.1124 0.0499
vn -0.9924 0.1124 -0.0499
vn 0.8372 -0.5469 0.0038
vn -0.8372 0.5469 -0.0038
vn 0.4053 -0.9027 0.1447
vn -0.4053 0.9027 -0.1447
vn -0.5391 -0.8269 0.1600
vn 0.5391 0.8269 -0.1600
vn 0.2159 0.9727 0.0849
vn -0.2159 -0.9727 -0.0849
vn -0.9361 0.2990 -0.1853
vn 0.9361 -0.2990 0.1853
vn -0.8693 0.4711 -0.1495
vn 0.8693 -0.4711 0.1495
vn -0.9140 0.3613 0.1845
vn 0.9140 -0.3613 -0.1845
vn -0.6406 -0.7630 0.0861
vn 0.6406 0.7630 -0.0861
vn -0.4686 0.8738 -0.1297
vn 0.4686 -0.8738 0.1297
vn -0.5588 0.8237 0.0966
vn 0.5588 -0.8237 -0.0966
vn 0.9775 0.1523 -0.1461
vn -0.9775 -0.1523 0.1461
vn 0.6578 0.7508 -0.0592
vn -0.6578 -0.7508 0.0592
vn 0.9887 0.1494 0.0112
vn -0.9887 -0.1494 -0.0112
vn -0.7685 -0.6250 0.1369
vn 0.7685 0.6250 -0.1369
vn -0.3621 0.9320 -0.0174
vn 0.3621 -0.9320 0.0174
vn 0.0953 -0.9894 0.1095
vn -0.0953 0.9894 -0.1095
vn 0.9652 0.2116 0.1539
vn -0.9652 -0.2116 -0.1539
vn 0.9783 0.1860 -0.0910
vn -0.9783 -0.1860 0.0910
vn -0.4429 0.8957 0.0395
vn 0.4429 -0.8957 -0.0395
vn -0.5171 -0.8559 -0.0064
vn 0.5171 0.8559 0.0064
vn 0.6114 -0.7868 -0.0849
vn -0.6114 0.7868 0.0849
vn 0.2058 -0.9716 0.1167
vn -0.2058 0.9716 -0.1167
vn 0.9623 0.2687 -0.0432
vn -0.9623 -0.2687 0.0432
vn -0.0039 0.9981 -0.0617
vn 0.0039 -0.9981 0.0617
vn 0.9232 0.3431 -0.1729
vn -0.9232 -0.3431 0.1729
vn -0.2685 0.9630 -0.0240
vn 0.2685 -0.9630 0.0240
vn -0.3368 0.9397 0.0585
vn 0.3368 -0.9397 -0.0585
vn 0.7570 0.6525 0.0355
vn -0.7570 -0.6525 -0.0355
vn 0.9848 -0.1356 -0.1086
vn -0.9848 0.1356 0.1086
vn -0.2622 0.9599 -0.0995
vn 0.2622 -0.9599 0.0995
vn 0.8833 -0.4562 -0.1080
vn -0.8833 0.4562 0.1080
vn 0.6576 0.7522 -0.0426
vn -0.6576 -0.7522 0.0426
vn -0.8798 0.4751 0.0180
vn 0.8798 -0.4751 -0.0180
vn 0.9868 0.0114 0.1616
vn -0.9868 -0.0114 -0.1616
vn 0.8323 0.5431 0.1111
vn -0.8323 -0.5431 -0.1111
vn 0.6420 -0.7563 -0.1262
vn -0.6420 0.7563 0.1262
vn 0.5888 -0.8028 0.0935
vn -0.5888 0.8028 -0.0935
vn -0.6291 -0.7732 0.0801
vn 0.6291 0.7732 -0.0801
vn 0.3483 -0.9369 0.0304
vn -0.3483 0.9369 -0.0304
vn -0.1478 -0.9875 -0.0552
vn 0.1478 0.9875 0.0552
vn 0.9333 0.3342 0.1317
vn -0.9333 -0.3342 -0.1317
vn 0.2708 -0.9612 0.0520
vn -0.2708 0.9612 -0.0520
vn -0.9476 0.3182 0.0288
vn 0.9476 -0.3182 -0.0288
vn 0.8532 -0.5073 0.1213
vn -0.8532 0.5073 -0.1213
vn 0.2666 -0.9494 0.1660
vn -0.2666 0.9494 -0.1660
vn 0.3681 -0.9285 0.0482
vn -0.3681 0.9285 -0.0482
vn -0.9324 -0.3115 -0.1833
vn 0.9324 0.3115 0.1833
vn -0.6736 0.7219 0.1582
vn 0.6736 -0.7219 -0.1582
vn -0.3019 0.9430 -0.1403
vn 0.3019 -0.9430 0.1403
vn 0.9027 -0.4298 -0.0184
vn -0.9027 0.4298 0.0184
vn 0.2702 0.9549 0.1232
vn -0.2702 -0.9549 -0.1232
vn 0.7594 0.6459 0.0790
vn -0.7594 -0.6459 -0.0790
vn -0.5383 0.8427 0.0129
vn 0.5383 -0.8427 -0.0129
vn -0.9971 0.0098 -0.0760
vn 0.9971 -0.0098 0.0760
vn -0.6921 0.7045 0.1572
vn 0.6921 -0.7045 -0.1572
vn 0.9841 -0.1013 0.1459
vn -0.9841 0.1013 -0.1459
vn -0.5096 0.8537 -0.1076
vn 0.5096 -0.8537 0.1076
vn -0.9800 -0.1961 0.0345
vn 0.9800 0.1961 -0.0345
vn 0.2752 -0.9582 0.0776
vn -0.2752 0.9582 -0.0776
vn -0.4028 0.9045 0.1401
vn 0.4028 -0.9045 -0.1401
vn -0.9935 -0.0197 -0.1122
vn 0.9935 0.0197 0.1122
vn -0.2912 -0.9562 0.0290
vn 0.2912 0.9562 -0.0290
vn 0.9960 -0.0213 0.0863
vn -0.9960 0.0213 -0.0863
vn 0.8031 0.5947 0.0370
vn -0.8031 -0.5947 -0.0370
vn 0.7569 -0.6535 -0.0004
vn -0.7569 0.6535 0.0004
vn 0.8765 -0.4771 0.0638
vn -0.8765 0.4771 -0.0638
vn -0.7115 0.6946 0.1058
vn 0.7115 -0.6946 -0.1058
vn -0.4782 0.8697 -0.1219
vn 0.4782 -0.8697 0.1219
vn -0.0256 -0.9834 -0.1795
vn 0.0256 0.9834 0.1795
vn 0.8231 0.5662 -0.0436
vn -0.8231 -0.5662 0.0436
vn 0.9028 0.4110 -0.1263
vn -0.9028 -0.4110 0.1263
vn -0.0975 0.9927 0.0703
vn 0.0975 -0.9927 -0.0703
vn 0.1872 -0.9710 -0.1485
vn -0.1872 0.9710 0.1485
vn -0.8617 0.5002 0.0849
vn 0.8617 -0.5002 -0.0849
vn -0.2159 -0.9746 -0.0592
vn 0.2159 0.9746 0.0592
vn -0.7217 -0.6891 0.0650
vn 0.7217 0.6891 -0.0650
vn -0.9254 0.3776 0.0338
vn 0.9254 -0.3776 -0.0338
vn 0.7706 0.6227 0.1357
vn -0.7706 -0.6227 -0.1357
vn -0.9578 -0.2508 0.1405
vn 0.9578 0.2508 -0.1405
vn -0.9352 -0.3163 -0.1594
vn 0.9352 0.3163 0.1594
vn -0.3383 0.9383 0.0715
vn 0.3383 -0.9383 -0.0715
vn 0.2411 0.9568 -0.1624
vn -0.2411 -0.9568 0.1624
vn -0.9306 -0.3614 -0.0578
vn 0.9306 0.3614 0.0578
vn 0.8929 -0.4503 0.0058
vn -0.8929 0.4503 -0.0058
vn 0.3632 -0.9302 -0.0521
vn -0.3632 0.9302 0.0521
vn -0.9875 -0.1318 0.0867
vn 0.9875 0.1318 -0.0867
vn -0.4918 -0.8525 -0.1770
vn 0.4918 0.8525 0.1770
vn 0.7770 0.6291 -0.0231
vn -0.7770 -0.6291 0.0231
vn 0.9947 0.0941 0.0405
vn -0.9947 -0.0941 -0.0405
vn -0.0868 -0.9960 -0.0215
vn 0.0868 0.9960 0.0215
vn -0.3734 0.9157 0.1485
vn 0.3734 -0.9157 -0.1485
vn 0.5051 -0.8469 -0.1662
vn -0.5051 0.8469 0.1662
vn -0.3000 -0.9539 0.0063
vn 0.3000 0.9539 -0.0063
vn -0.6193 -0.7848 0.0221
vn 0.6193 0.7848 -0.0221
vn -0.6172 -0.7725 0.1494
vn 0.6172 0.7725 -0.1494
vn 0.5447 0.8231 0.1603
vn -0.5447 -0.8231 -0.1603
vn -0.9456 -0.2976 -0.1312
vn 0.9456 0.2976 0.1312
vn 0.5435 -0.8381 -0.0460
vn -0.5435 0.8381 0.0460
vn -0.4951 0.8680 0.0363
vn 0.4951 -0.8680 -0.0363
vn -0.5871 0.8093 0.0147
vn 0.5871 -0.8093 -0.0147
vn -0.7346 0.6630 -0.1442
vn 0.7346 -0.6630 0.1442
vn 0.2726 -0.9570 -0.0989
vn -0.2726 0.9570 0.0989
vn -0.8685 0.4949 -0.0275
vn 0.8685 -0.4949 0.0275
vn -0.7120 0.6976 -0.0801
vn 0.7120 -0.6976 0.0801
vn -0.8394 -0.5345 0.0982
vn 0.8394 0.5345 -0.0982
vn -0.9857 -0.0903 -0.1426
vn 0.9857 0.0903 0.1426
vn -0.4274 0.8850 0.1848
vn 0.4274 -0.8850 -0.1848
vn -0.8832 0.4685 0.0221
vn 0.8832 -0.4685 -0.0221
vn 0.8430 0.5366 -0.0361
vn -0.8430 -0.5366 0.0361
vn -0.4674 0.8834 0.0354
vn 0.4674 -0.8834 -0.0354
vn 0.9176 -0.3889 0.0824
vn -0.9176 0.3889 -0.0824
vn -0.8451 -0.5321 0.0520
vn 0.8451 0.5321 -0.0520
vn 0.8956 0.4449 0.0024
vn -0.8956 -0.4449 -0.0024
vn 0.0364 0.9973 -0.0641
vn -0.0364 -0.9973 0.0641
vn -0.5068 0.8614 0.0344
vn 0.5068 -0.8614 -0.0344
vn 0.9292 0.3670 0.0428
vn -0.9292 -0.3670 -0.0428
vn -0.9982 0.0291 0.0523
vn 0.9982 -0.0291 -0.0523
vn -0.0278 -0.9990 -0.0341
vn 0.0278 0.9990 0.0341
vn 0.8059 -0.5916 -0.0253
vn -0.8059 0.5916 0.0253
vn -0.7738 0.6163 -0.1462
vn 0.7738 -0.6163 0.1462
vn 0.7161 -0.6905 0.1023
vn -0.7161 0.6905 -0.1023
vn 0.9213 -0.3889 -0.0010
vn -0.9213 0.3889 0.0010
vn -0.1628 -0.9866 0.0145
vn 0.1628 0.9866 -0.0145
vn -0.0771 -0.9970 0.0038
vn 0.0771 0.9970 -0.0038
vn -0.9259 -0.3740 -0.0526
vn 0.9259 0.3740 0.0526
vn 0.9543 -0.2558 -0.1543
vn -0.9543 0.2558 0.1543
vn -0.7435 0.6604 -0.1055
vn 0.7435 -0.6604 0.1055
vn -0.0867 -0.9957 0.0335
vn 0.0867 0.9957 -0.0335
vn 0.7186 0.6947 0.0315
vn -0.7186 -0.6947 -0.0315
vn -0.2660 -0.9521 -0.1510
vn 0.2660 0.9521 0.1510
vn -0.9500 0.2739 0.1499
vn 0.9500 -0.2739 -0.1499
vn -0.9846 0.1588 -0.0736
vn 0.9846 -0.1588 0.0736
vn -0.9859 0.0675 0.1534
vn 0.9859 -0.0675 -0.1534
vn 0.0087 0.9872 0.1590
vn -0.0087 -0.9872 -0.1590
vn -0.7851 -0.6059 -0.1281
vn 0.7851 0.6059 0.1281
vn -0.5431 -0.8396 0.0127
vn 0.5431 0.8396 -0.0127
vn 0.8948 -0.4440 0.0475
vn -0.8948 0.4440 -0.0475
vn -0.1918 0.9646 0.1812
vn 0.1918 -0.9646 -0.1812
vn -0.5067 -0.8528 -0.1264
vn 0.5067 0.8528 0.1264
vn -0.9406 0.3380 -0.0318
vn 0.9406 -0.3380 0.0318
vn -0.9948 0.0290 0.0973
vn 0.9948 -0.0290 -0.0973
vn 0.9912 0.1087 0.0748
vn -0.9912 -0.1087 -0.0748
vn -0.9179 0.3718 -0.1383
vn 0.9179 -0.3718 0.1383
vn 0.1033 0.9789 -0.1760
vn -0.1033 -0.9789 0.1760
vn 0.9776 0.1311 -0.1644
vn -0.9776 -0.1311 0.1644
vn -0.2147 -0.9649 0.1515
vn 0.2147 0.9649 -0.1515
vn -0.8863 0.4415 -0.1397
vn 0.8863 -0.4415 0.1397
vn -0.8164 -0.5762 -0.0395
vn 0.8164 0.5762 0.0395
vn -0.1377 -0.9883 -0.0652
vn 0.1377 0.9883 0.0652
vn -0.9553 0.2808 -0.0925
vn 0.9553 -0.2808 0.0925
vn -0.9698 0.2076 -0.1278
vn 0.9698 -0.2076 0.1278
vn -0.5002 -0.8478 -0.1760
vn 0.5002 0.8478 0.1760
vn -0.9824 -0.0933 -0.1619
vn 0.9824 0.0933 0.1619
vn 0.5894 -0.7873 -0.1807
vn -0.5894 0.7873 0.1807
vn -0.8315 -0.5452 0.1064
vn 0.8315 0.5452 -0.1064
vn 0.8723 -0.4843 -0.0680
vn -0.8723 0.4843 0.0680
vn -0.4043 0.8958 0.1847
vn 0.4043 -0.8958 -0.1847
vn 0.8241 0.5600 0.0853
vn -0.8241 -0.5600 -0.0853
vn 0.9942 -0.1078 -0.0056
vn -0.9942 0.1078 0.0056
vn 0.5408 -0.8407 -0.0274
vn -0.5408 0.8407 0.0274
vn -0.3794 -0.9247 0.0308
vn 0.3794 0.9247 -0.0308
vn 0.4705 0.8726 0.1312
vn -0.4705 -0.8726 -0.1312
vn -0.9975 -0.0385 -0.0597
vn 0.9975 0.0385 0.0597
vn 0.9882 -0.1474 0.0426
vn -0.9882 0.1474 -0.0426
vn -0.0464 -0.9981 0.0396
vn 0.0464 0.9981 -0.0396
vn -0.3433 0.9392 -0.0038
vn 0.3433 -0.9392 0.0038
vn 0.4285 0.8886 0.1635
vn -0.4285 -0.8886 -0.1635
vn 0.5954 -0.7899 0.1470
vn -0.5954 0.7899 -0.1470
vn -0.4583 0.8886 -0.0173
vn 0.4583 -0.8886 0.0173
vn 0.3407 0.9392 0.0420
vn -0.3407 -0.9392 -0.0420
vn 0.1152 -0.9933 0.0024
vn -0.1152 0.9933 -0.0024
f 1/1/1 3/3/1 2/2/1
f 1/1/1 4/4/1 3/3/1
f 5/5/2 7/7/2 8/8/2
f 5/5/2 6/6/2 7/7/2
f 9/9/3 11/11/3 10/10/3
f 9/9/3 12/12/3 11/11/3
f 13/13/4 15/15/4 16/16/4
f 13/13/4 14/14/4 15/15/4
f 17/17/5 19/19/5 18/18/5
f 17/17/5 20/20/5 19/19/5
f 21/21/6 23/23/6 24/24/6
f 21/21/6 22/22/6 23/23/6
f 25/25/7 27/27/7 26/26/7
f 25/25/7 28/28/7 27/27/7
f 29/29/8 31/31/8 32/32/8
f 29/29/8 30/30/8 31/31/8
f 33/33/9 35/35/9 34/34/9
f 33/33/9 36/36/9 35/35/9
f 37/37/10 39/39/10 40/40/10
f 37/37/10 38/38/10 39/39/10
f 41/41/11 43/43/11 42/42/11
f 41/41/11 44/44/11 43/43/11
f 45/45/12 47/47/12 48/48/12
f 45/45/12 46/46/12 47/47/12
f 49/49/13 51/51/13 50/50/13
f 49/49/13 52/52/13 51/51/13
f 53/53/14 55/55/14 56/56/14
f 53/53/14 54/54/14 55/55/14
f 57/57/15 59/59/15 58/58/15
f 57/57/15 60/60/15 59/59/15
f 61/61/16 63/63/16 64/64/16
f 61/61/16 62/62/16 63/63/16
f 65/65/17 67/67/17 66/66/17
f 65/65/17 68/68/17 67/67/17
f 69/69/18 71/71/18 72/72/18
f 69/69/18 70/70/18 71/71/18
f 73/73/19 75/75/19 74/74/19
f 73/73/19 76/76/19 75/75/19
f 77/77/20 79/79/20 80/80/20
f 77/77/20 78/78/20 79/79/20
f 81/81/21 83/83/21 82/82/21
f 81/81/21 84/84/21 83/83/21
f 85/85/22 87/87/22 88/88/22
f 85/85/22 86/86/22 87/87/22
f 89/89/23 91/91/23 90/90/23
f 89/89/23 92/92/23 91/91/23
f 93/93/24 95/95/24 96/96/24
f 93/93/24 94/94/24 95/95/24
f 97/97/25 99/99/25 98/98/25
f 97/97/25 100/100/25 99/99/25
f 101/101/26 103/103/26 104/104/26
f 101/101/26 102/102/26 103/103/26
f 105/105/27 107/107/27 106/106/27
f 105/105/27 108/108/27 107/107/27
f 109/109/28 111/111/28 112/112/28
f 109/109/28 110/110/28 111/111/28
f 113/113/29 115/115/29 114/114/29
f 113/113/29 116/116/29 115/115/29
f 117/117/30 119/119/30 120/120/30
f 117/117/30 118/118/30 119/119/30
f 121/121/31 123/123/31 122/122/31
f 121/121/31 124/124/31 123/123/31
f 125/125/32 127/127/32 128/128/32
f 125/125/32 126/126/32 127/127/32
f 129/129/33 131/131/33 130/130/33
f 129/129/33 132/132/33 131/131/33
f 133/133/34 135/135/34 136/136/34
f 133/133/34 134/134/34 135/135/34
f 137/137/35 139/139/35 138/138/35
f 137/137/35 140/140/35 139/139/35
f 141/141/36 143/143/36 144/144/36
f 141/141/36 142/142/36 143/143/36
f 145/145/37 147/147/37 146/146/37
f 145/145/37 148/148/37 147/147/37
f 149/149/38 151/151/38 152/152/38
f 149/149/38 150/150/38 151/151/38
f 153/153/39 155/155/39 154/154/39
f 153/153/39 156/156/39 155/155/39
f 157/157/40 159/159/40 160/160/40
f 157/157/40 158/158/40 159/159/40
f 161/161/41 163/163/41 162/162/41
f 161/161/41 164/164/41 163/163/41
f 165/165/42 167/167/42 168/168/42
f 165/165/42 166/166/42 167/167/42
f 169/169/43 171/171/43 170/170/43
f 169/169/43 172/172/43 171/171/43
f 173/173/44 175/175/44 176/176/44
f 173/173/44 174/174/44 175/175/44
f 177/177/45 179/179/45 178/178/45
f 177/177/45 180/180/45 179/179/45
f 181/181/46 183/183/46 184/184/46
f 181/181/46 182/182/46 183/183/46
f 185/185/47 187/187/47 186/186/47
f 185/185/47 188/188/47 187/187/47
f 189/189/48 191/191/48 192/192/48
f 189/189/48 190/190/48 191/191/48
f 193/193/49 195/195/49 194/194/49
f 193/193/49 196/196/49 195/195/49
f 197/197/50 199/199/50 200/200/50
f 197/197/50 198/198/50 199/199/50
f 201/201/51 203/203/51 202/202/51
f 201/201/51 204/204/51 203/203/51
f 205/205/52 207/207/52 208/208/52
f 205/205/52 206/206/52 207/207/52
f 209/209/53 211/211/53 210/210/53
f 209/209/53 212/212/53 211/211/53
f 213/213/54 215/215/54 216/216/54
f 213/213/54 214/214/54 215/215/54
f 217/217/55 219/219/55 218/218/55
f 217/217/55 220/220/55 219/219/55
f 221/221/56 223/223/56 224/224/56
f 221/221/56 222/222/56 223/223/56
f 225/225/57 227/227/57 226/226/57
f 225/225/57 228/228/57 227/227/57
f 229/229/58 231/231/58 232/232/58
f 229/229/58 230/230/58 231/231/58
f 233/233/59 235/235/59 234/234/59
f 233/233/59 236/236/59 235/235/59
f 237/237/60 239/239/60 240/240/60
f 237/237/60 238/238/60 239/239/60
f 241/241/61 243/243/61 242/242/61
f 241/241/61 244/244/61 243/243/61
f 245/245/62 247/247/62 248/248/62
f 245/245/62 246/246/62 247/247/62
f 249/249/63 251/251/63 250/250/63
f 249/249/63 252/252/63 251/251/63
f 253/253/64 255/255/64 256/256/64
f 253/253/64 254/254/64 255/255/64
f 257/257/65 259/259/65 258/258/65
f 257/257/65 260/260/65 259/259/65
f 261/261/66 263/263/66 264/264/66
f 261/261/66 262/262/66 263/263/66
f 265/265/67 267/267/67 266/266/67
f 265/265/67 268/268/67 267/267/67
f 269/269/68 271/271/68 272/272/68
f 269/269/68 270/270/68 271/271/68
f 273/273/69 275/275/69 274/274/69
f 273/273/69 276/276/69 275/275/69
f 277/277/70 279/279/70 280/280/70
f 277/277/70 278/278/70 279/279/70
f 281/281/71 283/283/71 282/282/71
f 281/281/71 284/284/71 283/283/71
f 285/285/72 287/287/72 288/288/72
f 285/285/72 286/286/72 287/287/72
f 289/289/73 291/291/73 290/290/73
f 289/289/73 292/292/73 291/291/73
f 293/293/74 295/295/74 296/296/74
f 293/293/74 294/294/74 295/295/74
f 297/297/75 299/299/75 298/298/75
f 297/297/75 300/300/75 299/299/75
f 301/301/76 303/303/76 304/304/76
f 301/301/76 302/302/76 303/303/76
f 305/305/77 307/307/77 306/306/77
f 305/305/77 308/308/77 307/307/77
f 309/309/78 311/311/78 312/312/78
f 309/309/78 310/310/78 311/311/78
f 313/313/79 315/315/79 314/314/79
f 313/313/79 316/316/79 315/315/79
f 317/317/80 319/319/80 320/320/80
f 317/317/80 318/318/80 319/319/80
f 321/321/81 323/323/81 322/322/81
f 321/321/81 324/324/81 323/323/81
f 325/325/82 327/327/82 328/328/82
f 325/325/82 326/326/82 327/327/82
f 329/329/83 331/331/83 330/330/83
f 329/329/83 332/332/83 331/331/83
f 333/333/84 335/335/84 336/336/84
f 333/333/84 334/334/84 335/335/84
f 337/337/85 339/339/85 338/338/85
f 337/337/85 340/340/85 339/339/85
f 341/341/86 343/343/86 344/344/86
f 341/341/86 342/342/86 343/343/86
f 345/345/87 347/347/87 346/346/87
f 345/345/87 348/348/87 347/347/87
f 349/349/88 351/351/88 352/352/88
f 349/349/88 350/350/88 351/351/88
f 353/353/89 355/355/89 354/354/89
f 353/353/89 356/356/89 355/355/89
f 357/357/90 359/359/90 360/360/90
f 357/357/90 358/358/90 359/359/90
f 361/361/91 363/363/91 362/362/91
f 361/361/91 364/364/91 363/363/91
f 365/365/92 367/367/92 368/368/92
f 365/365/92 366/366/92 367/367/92
f 369/369/93 371/371/93 370/370/93
f 369/369/93 372/372/93 371/371/93
f 373/373/94 375/375/94 376/376/94
f 373/373/94 374/374/94 375/375/94
f 377/377/95 379/379/95 378/378/95
f 377/377/95 380/380/95 379/379/95
f 381/381/96 383/383/96 384/384/96
f 381/381/96 382/382/96 383/383/96
f 385/385/97 387/387/97 386/386/97
f 385/385/97 388/388/97 387/387/97
f 389/389/98 391/391/98 392/392/98
f 389/389/98 390/390/98 391/391/98
f 393/393/99 395/395/99 394/394/99
f 393/393/99 396/396/99 395/395/99
f 397/397/100 399/399/100 400/400/100
f 397/397/100 398/398/100 399/399/100
f 401/401/101 403/403/101 402/402/101
f 401/401/101 404/404/101 403/403/101
f 405/405/102 407/407/102 408/408/102
f 405/405/102 406/406/102 407/407/102
f 409/409/103 411/411/103 410/410/103
f 409/409/103 412/412/103 411/411/103
f 413/413/104 415/415/104 416/416/104
f 413/413/104 414/414/104 415/415/104
f 417/417/105 419/419/105 418/418/105
f 417/417/105 420/420/105 419/419/105
f 421/421/106 423/423/106 424/424/106
f 421/421/106 422/422/106 423/423/106
f 425/425/107 427/427/107 426/426/107
f 425/425/107 428/428/107 427/427/107
f 429/429/108 431/431/108 432/432/108
f 429/429/108 430/430/108 431/431/108
f 433/433/109 435/435/109 434/434/109
f 433/433/109 436/436/109 435/435/109
f 437/437/110 439/439/110 440/440/110
f 437/437/110 438/438/110 439/439/110
f 441/441/111 443/443/111 442/442/111
f 441/441/111 444/444/111 443/443/111
f 445/445/112 447/447/112 448/448/112
f 445/445/112 446/446/112 447/447/112
f 449/449/113 451/451/113 450/450/113
f 449/449/113 452/452/113 451/451/113
f 453/453/114 455/455/114 456/456/114
f 453/453/114 454/454/114 455/455/114
f 457/457/115 459/459/115 458/458/115
f 457/457/115 460/460/115 459/459/115
f 461/461/116 463/463/116 464/464/116
f 461/461/116 462/462/116 463/463/116
f 465/465/117 467/467/117 466/466/117
f 465/465/117 468/468/117 467/467/117
f 469/469/118 471/471/118 472/472/118
f 469/469/118 470/470/118 471/471/118
f 473/473/119 475/475/119 474/474/119
f 473/473/119 476/476/119 475/475/119
f 477/477/120 479/479/120 480/480/120
f 477/477/120 478/478/120 479/479/120
f 481/481/121 483/483/121 482/482/121
f 481/481/121 484/484/121 483/483/121
f 485/485/122 487/487/122 488/488/122
f 485/485/122 486/486/122 487/487/122
f 489/489/123 491/491/123 490/490/123
f 489/489/123 492/492/123 491/491/123
f 493/493/124 495/495/124 496/496/124
f 493/493/124 494/494/124 495/495/124
f 497/497/125 499/499/125 498/498/125
f 497/497/125 500/500/125 499/499/125
f 501/501/126 503/503/126 504/504/126
f 501/501/126 502/502/126 503/503/126
f 505/505/127 507/507/127 506/506/127
f 505/505/127 508/508/127 507/507/127
f 509/509/128 511/511/128 512/512/128
f 509/509/128 510/510/128 511/511/128
f 513/513/129 515/515/129 514/514/129
f 513/513/129 516/516/129 515/515/129
f 517/517/130 519/519/130 520/520/130
f 517/517/130 518/518/130 519/519/130
f 521/521/131 523/523/131 522/522/131
f 521/521/131 524/524/131 523/523/131
f 525/525/132 527/527/132 528/528/132
f 525/525/132 526/526/132 527/527/132
f 529/529/133 531/531/133 530/530/133
f 529/529/133 532/532/133 531/531/133
f 533/533/134 535/535/134 536/536/134
f 533/533/134 534/534/134 535/535/134
f 537/537/135 539/539/135 538/538/135
f 537/537/135 540/540/135 539/539/135
f 541/541/136 543/543/136 544/544/136
f 541/541/136 542/542/136 543/543/136
f 545/545/137 547/547/137 546/546/137
f 545/545/137 548/548/137 547/547/137
f 549/549/138 551/551/138 552/552/138
f 549/549/138 550/550/138 551/551/138
f 553/553/139 555/555/139 554/554/139
f 553/553/139 556/556/139 555/555/139
f 557/557/140 559/559/140 560/560/140
f 557/557/140 558/558/140 559/559/140
f 561/561/141 563/563/141 562/562/141
f 561/561/141 564/564/141 563/563/141
f 565/565/142 567/567/142 568/568/142
f 565/565/142 566/566/142 567/567/142
f 569/569/143 571/571/143 570/570/143
f 569/569/143 572/572/143 571/571/143
f 573/573/144 575/575/144 576/576/144
f 573/573/144 574/574/144 575/575/144
f 577/577/145 579/579/145 578/578/145
f 577/577/145 580/580/145 579/579/145
f 581/581/146 583/583/146 584/584/146
f 581/581/146 582/582/146 583/583/146
f 585/585/147 587/587/147 586/586/147
f 585/585/147 588/588/147 587/587/147
f 589/589/148 591/591/148 592/592/148
f 589/589/148 590/590/148 591/591/148
f 593/593/149 595/595/149 594/594/149
f 593/593/149 596/596/149 595/595/149
f 597/597/150 599/599/150 600/600/150
f 597/597/150 598/598/150 599/599/150
f 601/601/151 603/603/151 602/602/151
f 601/601/151 604/604/151 603/603/151
f 605/605/152 607/607/152 608/608/152
f 605/605/152 606/606/152 607/607/152
f 609/609/153 611/611/153 610/610/153
f 609/609/153 612/612/153 611/611/153
f 613/613/154 615/615/154 616/616/154
f 613/613/154 614/614/154 615/615/154
f 617/617/155 619/619/155 618/618/155
f 617/617/155 620/620/155 619/619/155
f 621/621/156 623/623/156 624/624/156
f 621/621/156 622/622/156 623/623/156
f 625/625/157 627/627/157 626/626/157
f 625/625/157 628/628/157 627/627/157
f 629/629/158 631/631/158 632/632/158
f 629/629/158 630/630/158 631/631/158
f 633/633/159 635/635/159 634/634/159
f 633/633/159 636/636/159 635/635/159
f 637/637/160 639/639/160 640/640/160
f 637/637/160 638/638/160 639/639/160
f 641/641/161 643/643/161 642/642/161
f 641/641/161 644/644/161 643/643/161
f 645/645/162 647/647/162 648/648/162
f 645/645/162 646/646/162 647/647/162
f 649/649/163 651/651/163 650/650/163
f 649/649/163 652/652/163 651/651/163
f 653/653/164 655/655/164 656/656/164
f 653/653/164 654/654/164 655/655/164
f 657/657/165 659/659/165 658/658/165
f 657/657/165 660/660/165 659/659/165
f 661/661/166 663/663/166 664/664/166
f 661/661/166 662/662/166 663/663/166
f 665/665/167 667/667/167 666/666/167
f 665/665/167 668/668/167 667/667/167
f 669/669/168 671/671/168 672/672/168
f 669/669/168 670/670/168 671/671/168
f 673/673/169 675/675/169 674/674/169
f 673/673/169 676/676/169 675/675/169
f 677/677/170 679/679/170 680/680/170
f 677/677/170 678/678/170 679/679/170
f 681/681/171 683/683/171 682/682/171
f 681/681/171 684/684/171 683/683/171
f 685/685/172 687/687/172 688/688/172
f 685/685/172 686/686/172 687/687/172
f 689/689/173 691/691/173 690/690/173
f 689/689/173 692/692/173 691/691/173
f 693/693/174 695/695/174 696/696/174
f 693/693/174 694/694/174 695/695/174
f 697/697/175 699/699/175 698/698/175
f 697/697/175 700/700/175 699/699/175
f 701/701/176 703/703/176 704/704/176
f 701/701/176 702/702/176 703/703/176
f 705/705/177 707/707/177 706/706/177
f 705/705/177 708/708/177 707/707/177
f 709/709/178 711/711/178 712/712/178
f 709/709/178 710/710/178 711/711/178
f 713/713/179 715/715/179 714/714/179
f 713/713/179 716/716/179 715/715/179
f 717/717/180 719/719/180 720/720/180
f 717/717/180 718/718/180 719/719/180
f 721/721/181 723/723/181 722/722/181
f 721/721/181 724/724/181 723/723/181
f 725/725/182 727/727/182 728/728/182
f 725/725/182 726/726/182 727/727/182
f 729/729/183 731/731/183 730/730/183
f 729/729/183 732/732/183 731/731/183
f 733/733/184 735/735/184 736/736/184
f 733/733/184 734/734/184 735/735/184
f 737/737/185 739/739/185 738/738/185
f 737/737/185 740/740/185 739/739/185
f 741/741/186 743/743/186 744/744/186
f 741/741/186 742/742/186 743/743/186
f 745/745/187 747/747/187 746/746/187
f 745/745/187 748/748/187 747/747/187
f 749/749/188 751/751/188 752/752/188
f 749/749/188 750/750/188 751/751/188
f 753/753/189 755/755/189 754/754/189
f 753/753/189 756/756/189 755/755/189
f 757/757/190 759/759/190 760/760/190
f 757/757/190 758/758/190 759/759/190
f 761/761/191 763/763/191 762/762/191
f 761/761/191 764/764/191 763/763/191
f 765/765/192 767/767/192 768/768/192
f 765/765/192 766/766/192 767/767/192
f 769/769/193 771/771/193 770/770/193
f 769/769/193 772/772/193 771/771/193
f 773/773/194 775/775/194 776/776/194
f 773/773/194 774/774/194 775/775/194
f 777/777/195 779/779/195 778/778/195
f 777/777/195 780/780/195 779/779/195
f 781/781/196 783/783/196 784/784/196
f 781/781/196 782/782/196 783/783/196
f 785/785/197 787/787/197 786/786/197
f 785/785/197 788/788/197 787/787/197
f 789/789/198 791/791/198 792/792/198
f 789/789/198 790/790/198 791/791/198
f 793/793/199 795/795/199 794/794/199
f 793/793/199 796/796/199 795/795/199
f 797/797/200 799/799/200 800/800/200
f 797/797/200 798/798/200 799/799/200
f 801/801/201 803/803/201 802/802/201
f 801/801/201 804/804/201 803/803/201
f 805/805/202 807/807/202 808/808/202
f 805/805/202 806/806/202 807/807/202
f 809/809/203 811/811/203 810/810/203
f 809/809/203 812/812/203 811/811/203
f 813/813/204 815/815/204 816/816/204
f 813/813/204 814/814/204 815/815/204
f 817/817/205 819/819/205 818/818/205
f 817/817/205 820/820/205 819/819/205
f 821/821/206 823/823/206 824/824/206
f 821/821/206 822/822/206 823/823/206
f 825/825/207 827/827/207 826/826/207
f 825/825/207 828/828/207 827/827/207
f 829/829/208 831/831/208 832/832/208
f 829/829/208 830/830/208 831/831/208
f 833/833/209 835/835/209 834/834/209
f 833/833/209 836/836/209 835/835/209
f 837/837/210 839/839/210 840/840/210
f 837/837/210 838/838/210 839/839/210
f 841/841/211 843/843/211 842/842/211
f 841/841/211 844/844/211 843/843/211
f 845/845/212 847/847/212 848/848/212
f 845/845/212 846/846/212 847/847/212
f 849/849/213 851/851/213 850/850/213
f 849/849/213 852/852/213 851/851/213
f 853/853/214 855/855/214 856/856/214
f 853/853/214 854/854/214 855/855/214
f 857/857/215 859/859/215 858/858/215
f 857/857/215 860/860/215 859/859/215
f 861/861/216 863/863/216 864/864/216
f 861/861/216 862/862/216 863/863/216
f 865/865/217 867/867/217 866/866/217
f 865/865/217 868/868/217 867/867/217
f 869/869/218 871/871/218 872/872/218
f 869/869/218 870/870/218 871/871/218
f 873/873/219 875/875/219 874/874/219
f 873/873/219 876/876/219 875/875/219
f 877/877/220 879/879/220 880/880/220
f 877/877/220 878/878/220 879/879/220
f 881/881/221 883/883/221 882/882/221
f 881/881/221 884/884/221 883/883/221
f 885/885/222 887/887/222 888/888/222
f 885/885/222 886/886/222 887/887/222
f 889/889/223 891/891/223 890/890/223
f 889/889/223 892/892/223 891/891/223
f 893/893/224 895/895/224 896/896/224
f 893/893/224 894/894/224 895/895/224
f 897/897/225 899/899/225 898/898/225
f 897/897/225 900/900/225 899/899/225
f 901/901/226 903/903/226 904/904/226
f 901/901/226 902/902/226 903/903/226
f 905/905/227 907/907/227 906/906/227
f 905/905/227 908/908/227 907/907/227
f 909/909/228 911/911/228 912/912/228
f 909/909/228 910/910/228 911/911/228
f 913/913/229 915/915/229 914/914/229
f 913/913/229 916/916/229 915/915/229
f 917/917/230 919/919/230 920/920/230
f 917/917/230 918/918/230 919/919/230
f 921/921/231 923/923/231 922/922/231
f 921/921/231 924/924/231 923/923/231
f 925/925/232 927/927/232 928/928/232
f 925/925/232 926/926/232 927/927/232
f 929/929/233 931/931/233 930/930/233
f 929/929/233 932/932/233 931/931/233
f 933/933/234 935/935/234 936/936/234
f 933/933/234 934/934/234 935/935/234
f 937/937/235 939/939/235 938/938/235
f 937/937/235 940/940/235 939/939/235
f 941/941/236 943/943/236 944/944/236
f 941/941/236 942/942/236 943/943/236
f 945/945/237 947/947/237 946/946/237
f 945/945/237 948/948/237 947/947/237
f 949/949/238 951/951/238 952/952/238
f 949/949/238 950/950/238 951/951/238
f 953/953/239 955/955/239 954/954/239
f 953/953/239 956/956/239 955/955/239
f 957/957/240 959/959/240 960/960/240
f 957/957/240 958/958/240 959/959/240
f 961/961/241 963/963/241 962/962/241
f 961/961/241 964/964/241 963/963/241
f 965/965/242 967/967/242 968/968/242
f 965/965/242 966/966/242 967/967/242
f 969/969/243 971/971/243 970/970/243
f 969/969/243 972/972/243 971/971/243
f 973/973/244 975/975/244 976/976/244
f 973/973/244 974/974/244 975/975/244
f 977/977/245 979/979/245 978/978/245
f 977/977/245 980/980/245 979/979/245
f 981/981/246 983/983/246 984/984/246
f 981/981/246 982/982/246 983/983/246
f 985/985/247 987/987/247 986/986/247
f 985/985/247 988/988/247 987/987/247
f 989/989/248 991/991/248 992/992/248
f 989/989/248 990/990/248 991/991/248
f 993/993/249 995/995/249 994/994/249
f 993/993/249 996/996/249 995/995/249
f 997/997/250 999/999/250 1000/1000/250
f 997/997/250 998/998/250 999/999/250
f 1001/1001/251 1003/1003/251 1002/1002/251
f 1001/1001/251 1004/1004/251 1003/1003/251
f 1005/1005/252 1007/1007/252 1008/1008/252
f 1005/1005/252 1006/1006/252 1007/1007/252
f 1009/1009/253 1011/1011/253 1010/1010/253
f 1009/1009/253 1012/1012/253 1011/1011/253
f 1013/1013/254 1015/1015/254 1016/1016/254
f 1013/1013/254 1014/1014/254 1015/1015/254
f 1017/1017/255 1019/1019/255 1018/1018/255
f 1017/1017/255 1020/1020/255 1019/1019/255
f 1021/1021/256 1023/1023/256 1024/1024/256
f 1021/1021/256 1022/1022/256 1023/1023/256
f 1025/1025/257 1027/1027/257 1026/1026/257
f 1025/1025/257 1028/1028/257 1027/1027/257
f 1029/1029/258 1031/1031/258 1032/1032/258
f 1029/1029/258 1030/1030/258 1031/1031/258
f 1033/1033/259 1035/1035/259 1034/1034/259
f 1033/1033/259 1036/1036/259 1035/1035/259
f 1037/1037/260 1039/1039/260 1040/1040/260
f 1037/1037/260 1038/1038/260 1039/1039/260
f 1041/1041/261 1043/1043/261 1042/1042/261
f 1041/1041/261 1044/1044/261 1043/1043/261
f 1045/1045/262 1047/1047/262 1048/1048/262
f 1045/1045/262 1046/1046/262 1047/1047/262
f 1049/1049/263 1051/1051/263 1050/1050/263
f 1049/1049/263 1052/1052/263 1051/1051/263
f 1053/1053/264 1055/1055/264 1056/1056/264
f 1053/1053/264 1054/1054/264 1055/1055/264
f 1057/1057/265 1059/1059/265 1058/1058/265
f 1057/1057/265 1060/1060/265 1059/1059/265
f 1061/1061/266 1063/1063/266 1064/1064/266
f 1061/1061/266 1062/1062/266 1063/1063/266
f 1065/1065/267 1067/1067/267 1066/1066/267
f 1065/1065/267 1068/1068/267 1067/1067/267
f 1069/1069/268 1071/1071/268 1072/1072/268
f 1069/1069/268 1070/1070/268 1071/1071/268
f 1073/1073/269 1075/1075/269 1074/1074/269
f 1073/1073/269 1076/1076/269 1075/1075/269
f 1077/1077/270 1079/1079/270 1080/1080/270
f 1077/1077/270 1078/1078/270 1079/1079/270
f 1081/1081/271 1083/1083/271 1082/1082/271
f 1081/1081/271 1084/1084/271 1083/1083/271
f 1085/1085/272 1087/1087/272 1088/1088/272
f 1085/1085/272 1086/1086/272 1087/1087/272
f 1089/1089/273 1091/1091/273 1090/1090/273
f 1089/1089/273 1092/1092/273 1091/1091/273
f 1093/1093/274 1095/1095/274 1096/1096/274
f 1093/1093/274 1094/1094/274 1095/1095/274
f 1097/1097/275 1099/1099/275 1098/1098/275
f 1097/1097/275 1100/1100/275 1099/1099/275
f 1101/1101/276 1103/1103/276 1104/1104/276
f 1101/1101/276 1102/1102/276 1103/1103/276
f 1105/1105/277 1107/1107/277 1106/1106/277
f 1105/1105/277 1108/1108/277 1107/1107/277
f 1109/1109/278 1111/1111/278 1112/1112/278
f 1109/1109/278 1110/1110/278 1111/1111/278
f 1113/1113/279 1115/1115/279 1114/1114/279
f 1113/1113/279 1116/1116/279 1115/1115/279
f 1117/1117/280 1119/1119/280 1120/1120/280
f 1117/1117/280 1118/1118/280 1119/1119/280
f 1121/1121/281 1123/1123/281 1122/1122/281
f 1121/1121/281 1124/1124/281 1123/1123/281
f 1125/1125/282 1127/1127/282 1128/1128/282
f 1125/1125/282 1126/1126/282 1127/1127/282
f 1129/1129/283 1131/1131/283 1130/1130/283
f 1129/1129/283 1132/1132/283 1131/1131/283
f 1133/1133/284 1135/1135/284 1136/1136/284
f 1133/1133/284 1134/1134/284 1135/1135/284
f 1137/1137/285 1139/1139/285 1138/1138/285
f 1137/1137/285 1140/1140/285 1139/1139/285
f 1141/1141/286 1143/1143/286 1144/1144/286
f 1141/1141/286 1142/1142/286 1143/1143/286
f 1145/1145/287 1147/1147/287 1146/1146/287
f 1145/1145/287 1148/1148/287 1147/1147/287
f 1149/1149/288 1151/1151/288 1152/1152/288
f 1149/1149/288 1150/1150/288 1151/1151/288
f 1153/1153/289 1155/1155/289 1154/1154/289
f 1153/1153/289 1156/1156/289 1155/1155/289
f 1157/1157/290 1159/1159/290 1160/1160/290
f 1157/1157/290 1158/1158/290 1159/1159/290
f 1161/1161/291 1163/1163/291 1162/1162/291
f 1161/1161/291 1164/1164/291 1163/1163/291
f 1165/1165/292 1167/1167/292 1168/1168/292
f 1165/1165/292 1166/1166/292 1167/1167/292
f 1169/1169/293 1171/1171/293 1170/1170/293
f 1169/1169/293 1172/1172/293 1171/1171/293
f 1173/1173/294 1175/1175/294 1176/1176/294
f 1173/1173/294 1174/1174/294 1175/1175/294
f 1177/1177/295 1179/1179/295 1178/1178/295
f 1177/1177/295 1180/1180/295 1179/1179/295
f 1181/1181/296 1183/1183/296 1184/1184/296
f 1181/1181/296 1182/1182/296 1183/1183/296
f 1185/1185/297 1187/1187/297 1186/1186/297
f 1185/1185/297 1188/1188/297 1187/1187/297
f 1189/1189/298 1191/1191/298 1192/1192/298
f 1189/1189/298 1190/1190/298 1191/1191/298
f 1193/1193/299 1195/1195/299 1194/1194/299
f 1193/1193/299 1196/1196/299 1195/1195/299
f 1197/1197/300 1199/1199/300 1200/1200/300
f 1197/1197/300 1198/1198/300 1199/1199/300
f 1201/1201/301 1203/1203/301 1202/1202/301
f 1201/1201/301 1204/1204/301 1203/1203/301
f 1205/1205/302 1207/1207/302 1208/1208/302
f 1205/1205/302 1206/1206/302 1207/1207/302
f 1209/1209/303 1211/1211/303 1210/1210/303
f 1209/1209/303 1212/1212/303 1211/1211/303
f 1213/1213/304 1215/1215/304 1216/1216/304
f 1213/1213/304 1214/1214/304 1215/1215/304
f 1217/1217/305 1219/1219/305 1218/1218/305
f 1217/1217/305 1220/1220/305 1219/1219/305
f 1221/1221/306 1223/1223/306 1224/1224/306
f 1221/1221/306 1222/1222/306 1223/1223/306
f 1225/1225/307 1227/1227/307 1226/1226/307
f 1225/1225/307 1228/1228/307 1227/1227/307
f 1229/1229/308 1231/1231/308 1232/1232/308
f 1229/1229/308 1230/1230/308 1231/1231/308
f 1233/1233/309 1235/1235/309 1234/1234/309
f 1233/1233/309 1236/1236/309 1235/1235/309
f 1237/1237/310 1239/1239/310 1240/1240/310
f 1237/1237/310 1238/1238/310 1239/1239/310
f 1241/1241/311 1243/1243/311 1242/1242/311
f 1241/1241/311 1244/1244/311 1243/1243/311
f 1245/1245/312 1247/1247/312 1248/1248/312
f 1245/1245/312 1246/1246/312 1247/1247/312
f 1249/1249/313 1251/1251/313 1250/1250/313
f 1249/1249/313 1252/1252/313 1251/1251/313
f 1253/1253/314 1255/1255/314 1256/1256/314
f 1253/1253/314 1254/1254/314 1255/1255/314
f 1257/1257/315 1259/1259/315 1258/1258/315
f 1257/1257/315 1260/1260/315 1259/1259/315
f 1261/1261/316 1263/1263/316 1264/1264/316
f 1261/1261/316 1262/1262/316 1263/1263/316
f 1265/1265/317 1267/1267/317 1266/1266/317
f 1265/1265/317 1268/1268/317 1267/1267/317
f 1269/1269/318 1271/1271/318 1272/1272/318
f 1269/1269/318 1270/1270/318 1271/1271/318
f 1273/1273/319 1275/1275/319 1274/1274/319
f 1273/1273/319 1276/1276/319 1275/1275/319
f 1277/1277/320 1279/1279/320 1280/1280/320
f 1277/1277/320 1278/1278/320 1279/1279/320
f 1281/1281/321 1283/1283/321 1282/1282/321
f 1281/1281/321 1284/1284/321 1283/1283/321
f 1285/1285/322 1287/1287/322 1288/1288/322
f 1285/1285/322 1286/1286/322 1287/1287/322
f 1289/1289/323 1291/1291/323 1290/1290/323
f 1289/1289/323 1292/1292/323 1291/1291/323
f 1293/1293/324 1295/1295/324 1296/1296/324
f 1293/1293/324 1294/1294/324 1295/1295/324
f 1297/1297/325 1299/1299/325 1298/1298/325
f 1297/1297/325 1300/1300/325 1299/1299/325
f 1301/1301/326 1303/1303/326 1304/1304/326
f 1301/1301/326 1302/1302/326 1303/1303/326
f 1305/1305/327 1307/1307/327 1306/1306/327
f 1305/1305/327 1308/1308/327 1307/1307/327
f 1309/1309/328 1311/1311/328 1312/1312/328
f 1309/1309/328 1310/1310/328 1311/1311/328
f 1313/1313/329 1315/1315/329 1314/1314/329
f 1313/1313/329 1316/1316/329 1315/1315/329
f 1317/1317/330 1319/1319/330 1320/1320/330
f 1317/1317/330 1318/1318/330 1319/1319/330
f 1321/1321/331 1323/1323/331 1322/1322/331
f 1321/1321/331 1324/1324/331 1323/1323/331
f 1325/1325/332 1327/1327/332 1328/1328/332
f 1325/1325/332 1326/1326/332 1327/1327/332
f 1329/1329/333 1331/1331/333 1330/1330/333
f 1329/1329/333 1332/1332/333 1331/1331/333
f 1333/1333/334 1335/1335/334 1336/1336/334
f 1333/1333/334 1334/1334/334 1335/1335/334
f 1337/1337/335 1339/1339/335 1338/1338/335
f 1337/1337/335 1340/1340/335 1339/1339/335
f 1341/1341/336 1343/1343/336 1344/1344/336
f 1341/1341/336 1342/1342/336 1343/1343/336
f 1345/1345/337 1347/1347/337 1346/1346/337
f 1345/1345/337 1348/1348/337 1347/1347/337
f 1349/1349/338 1351/1351/338 1352/1352/338
f 1349/1349/338 1350/1350/338 1351/1351/338
f 1353/1353/339 1355/1355/339 1354/1354/339
f 1353/1353/339 1356/1356/339 1355/1355/339
f 1357/1357/340 1359/1359/340 1360/1360/340
f 1357/1357/340 1358/1358/340 1359/1359/340
f 1361/1361/341 1363/1363/341 1362/1362/341
f 1361/1361/341 1364/1364/341 1363/1363/341
f 1365/1365/342 1367/1367/342 1368/1368/342
f 1365/1365/342 1366/1366/342 1367/1367/342
f 1369/1369/343 1371/1371/343 1370/1370/343
f 1369/1369/343 1372/1372/343 1371/1371/343
f 1373/1373/344 1375/1375/344 1376/1376/344
f 1373/1373/344 1374/1374/344 1375/1375/344
f 1377/1377/345 1379/1379/345 1378/1378/345
f 1377/1377/345 1380/1380/345 1379/1379/345
f 1381/1381/346 1383/1383/346 1384/1384/346
f 1381/1381/346 1382/1382/346 1383/1383/346
f 1385/1385/347 1387/1387/347 1386/1386/347
f 1385/1385/347 1388/1388/347 1387/1387/347
f 1389/1389/348 1391/1391/348 1392/1392/348
f 1389/1389/348 1390/1390/348 1391/1391/348
f 1393/1393/349 1395/1395/349 1394/1394/349
f 1393/1393/349 1396/1396/349 1395/1395/349
f 1397/1397/350 1399/1399/350 1400/1400/350
f 1397/1397/350 1398/1398/350 1399/1399/350
f 1401/1401/351 1403/1403/351 1402/1402/351
f 1401/1401/351 1404/1404/351 1403/1403/351
f 1405/1405/352 1407/1407/352 1408/1408/352
f 1405/1405/352 1406/1406/352 1407/1407/352
f 1409/1409/353 1411/1411/353 1410/1410/353
f 1409/1409/353 1412/1412/353 1411/1411/353
f 1413/1413/354 1415/1415/354 1416/1416/354
f 1413/1413/354 1414/1414/354 1415/1415/354
f 1417/1417/355 1419/1419/355 1418/1418/355
f 1417/1417/355 1420/1420/355 1419/1419/355
f 1421/1421/356 1423/1423/356 1424/1424/356
f 1421/1421/356 1422/1422/356 1423/1423/356
f 1425/1425/357 1427/1427/357 1426/1426/357
f 1425/1425/357 1428/1428/357 1427/1427/357
f 1429/1429/358 1431/1431/358 1432/1432/358
f 1429/1429/358 1430/1430/358 1431/1431/358
f 1433/1433/359 1435/1435/359 1434/1434/359
f 1433/1433/359 1436/1436/359 1435/1435/359
f 1437/1437/360 1439/1439/360 1440/1440/360
f 1437/1437/360 1438/1438/360 1439/1439/360
f 1441/1441/361 1443/1443/361 1442/1442/361
f 1441/1441/361 1444/1444/361 1443/1443/361
f 1445/1445/362 1447/1447/362 1448/1448/362
f 1445/1445/362 1446/1446/362 1447/1447/362
f 1449/1449/363 1451/1451/363 1450/1450/363
f 1449/1449/363 1452/1452/363 1451/1451/363
f 1453/1453/364 1455/1455/364 1456/1456/364
f 1453/1453/364 1454/1454/364 1455/1455/364
f 1457/1457/365 1459/1459/365 1458/1458/365
f 1457/1457/365 1460/1460/365 1459/1459/365
f 1461/1461/366 1463/1463/366 1464/1464/366
f 1461/1461/366 1462/1462/366 1463/1463/366
f 1465/1465/367 1467/1467/367 1466/1466/367
f 1465/1465/367 1468/1468/367 1467/1467/367
f 1469/1469/368 1471/1471/368 1472/1472/368
f 1469/1469/368 1470/1470/368 1471/1471/368
f 1473/1473/369 1475/1475/369 1474/1474/369
f 1473/1473/369 1476/1476/369 1475/1475/369
f 1477/1477/370 1479/1479/370 1480/1480/370
f 1477/1477/370 1478/1478/370 1479/1479/370
f 1481/1481/371 1483/1483/371 1482/1482/371
f 1481/1481/371 1484/1484/371 1483/1483/371
f 1485/1485/372 1487/1487/372 1488/1488/372
f 1485/1485/372 1486/1486/372 1487/1487/372
f 1489/1489/373 1491/1491/373 1490/1490/373
f 1489/1489/373 1492/1492/373 1491/1491/373
f 1493/1493/374 1495/1495/374 1496/1496/374
f 1493/1493/374 1494/1494/374 1495/1495/374
f 1497/1497/375 1499/1499/375 1498/1498/375
f 1497/1497/375 1500/1500/375 1499/1499/375
f 1501/1501/376 1503/1503/376 1504/1504/376
f 1501/1501/376 1502/1502/376 1503/1503/376
f 1505/1505/377 1507/1507/377 1506/1506/377
f 1505/1505/377 1508/1508/377 1507/1507/377
f 1509/1509/378 1511/1511/378 1512/1512/378
f 1509/1509/378 1510/1510/378 1511/1511/378
f 1513/1513/379 1515/1515/379 1514/1514/379
f 1513/1513/379 1516/1516/379 1515/1515/379
f 1517/1517/380 1519/1519/380 1520/1520/380
f 1517/1517/380 1518/1518/380 1519/1519/380
f 1521/1521/381 1523/1523/381 1522/1522/381
f 1521/1521/381 1524/1524/381 1523/1523/381
f 1525/1525/382 1527/1527/382 1528/1528/382
f 1525/1525/382 1526/1526/382 1527/1527/382
f 1529/1529/383 1531/1531/383 1530/1530/383
f 1529/1529/383 1532/1532/383 1531/1531/383
f 1533/1533/384 1535/1535/384 1536/1536/384
f 1533/1533/384 1534/1534/384 1535/1535/384
f 1537/1537/385 1539/1539/385 1538/1538/385
f 1537/1537/385 1540/1540/385 1539/1539/385
f 1541/1541/386 1543/1543/386 1544/1544/386
f 1541/1541/386 1542/1542/386 1543/1543/386
f 1545/1545/387 1547/1547/387 1546/1546/387
f 1545/1545/387 1548/1548/387 1547/1547/387
f 1549/1549/388 1551/1551/388 1552/1552/388
f 1549/1549/388 1550/1550/388 1551/1551/388
f 1553/1553/389 1555/1555/389 1554/1554/389
f 1553/1553/389 1556/1556/389 1555/1555/389
f 1557/1557/390 1559/1559/390 1560/1560/390
f 1557/1557/390 1558/1558/390 1559/1559/390
f 1561/1561/391 1563/1563/391 1562/1562/391
f 1561/1561/391 1564/1564/391 1563/1563/391
f 1565/1565/392 1567/1567/392 1568/1568/392
f 1565/1565/392 1566/1566/392 1567/1567/392
f 1569/1569/393 1571/1571/393 1570/1570/393
f 1569/1569/393 1572/1572/393 1571/1571/393
f 1573/1573/394 1575/1575/394 1576/1576/394
f 1573/1573/394 1574/1574/394 1575/1575/394
f 1577/1577/395 1579/1579/395 1578/1578/395
f 1577/1577/395 1580/1580/395 1579/1579/395
f 1581/1581/396 1583/1583/396 1584/1584/396
f 1581/1581/396 1582/1582/396 1583/1583/396
f 1585/1585/397 1587/1587/397 1586/1586/397
f 1585/1585/397 1588/1588/397 1587/1587/397
f 1589/1589/398 1591/1591/398 1592/1592/398
f 1589/1589/398 1590/1590/398 1591/1591/398
f 1593/1593/399 1595/1595/399 1594/1594/399
f 1593/1593/399 1596/1596/399 1595/1595/399
f 1597/1597/400 1599/1599/400 1600/1600/400
f 1597/1597/400 1598/1598/400 1599/1599/400
f 1601/1601/401 1603/1603/401 1602/1602/401
f 1601/1601/401 1604/1604/401 1603/1603/401
f 1605/1605/402 1607/1607/402 1608/1608/402
f 1605/1605/402 1606/1606/402 1607/1607/402
f 1609/1609/403 1611/1611/403 1610/1610/403
f 1609/1609/403 1612/1612/403 1611/1611/403
f 1613/1613/404 1615/1615/404 1616/1616/404
f 1613/1613/404 1614/1614/404 1615/1615/404
f 1617/1617/405 1619/1619/405 1618/1618/405
f 1617/1617/405 1620/1620/405 1619/1619/405
f 1621/1621/406 1623/1623/406 1624/1624/406
f 1621/1621/406 1622/1622/406 1623/1623/406
f 1625/1625/407 1627/1627/407 1626/1626/407
f 1625/1625/407 1628/1628/407 1627/1627/407
f 1629/1629/408 1631/1631/408 1632/1632/408
f 1629/1629/408 1630/1630/408 1631/1631/408
f 1633/1633/409 1635/1635/409 1634/1634/409
f 1633/1633/409 1636/1636/409 1635/1635/409
f 1637/1637/410 1639/1639/410 1640/1640/410
f 1637/1637/410 1638/1638/410 1639/1639/410
f 1641/1641/411 1643/1643/411 1642/1642/411
f 1641/1641/411 1644/1644/411 1643/1643/411
f 1645/1645/412 1647/1647/412 1648/1648/412
f 1645/1645/412 1646/1646/412 1647/1647/412
f 1649/1649/413 1651/1651/413 1650/1650/413
f 1649/1649/413 1652/1652/413 1651/1651/413
f 1653/1653/414 1655/1655/414 1656/1656/414
f 1653/1653/414 1654/1654/414 1655/1655/414
f 1657/1657/415 1659/1659/415 1658/1658/415
f 1657/1657/415 1660/1660/415 1659/1659/415
f 1661/1661/416 1663/1663/416 1664/1664/416
f 1661/1661/416 1662/1662/416 1663/1663/416
f 1665/1665/417 1667/1667/417 1666/1666/417
f 1665/1665/417 1668/1668/417 1667/1667/417
f 1669/1669/418 1671/1671/418 1672/1672/418
f 1669/1669/418 1670/1670/418 1671/1671/418
f 1673/1673/419 1675/1675/419 1674/1674/419
f 1673/1673/419 1676/1676/419 1675/1675/419
f 1677/1677/420 1679/1679/420 1680/1680/420
f 1677/1677/420 1678/1678/420 1679/1679/420
f 1681/1681/421 1683/1683/421 1682/1682/421
f 1681/1681/421 1684/1684/421 1683/1683/421
f 1685/1685/422 1687/1687/422 1688/1688/422
f 1685/1685/422 1686/1686/422 1687/1687/422
f 1689/1689/423 1691/1691/423 1690/1690/423
f 1689/1689/423 1692/1692/423 1691/1691/423
f 1693/1693/424 1695/1695/424 1696/1696/424
f 1693/1693/424 1694/1694/424 1695/1695/424
f 1697/1697/425 1699/1699/425 1698/1698/425
f 1697/1697/425 1700/1700/425 1699/1699/425
f 1701/1701/426 1703/1703/426 1704/1704/426
f 1701/1701/426 1702/1702/426 1703/1703/426
f 1705/1705/427 1707/1707/427 1706/1706/427
f 1705/1705/427 1708/1708/427 1707/1707/427
f 1709/1709/428 1711/1711/428 1712/1712/428
f 1709/1709/428 1710/1710/428 1711/1711/428
f 1713/1713/429 1715/1715/429 1714/1714/429
f 1713/1713/429 1716/1716/429 1715/1715/429
f 1717/1717/430 1719/1719/430 1720/1720/430
f 1717/1717/430 1718/1718/430 1719/1719/430
f 1721/1721/431 1723/1723/431 1722/1722/431
f 1721/1721/431 1724/1724/431 1723/1723/431
f 1725/1725/432 1727/1727/432 1728/1728/432
f 1725/1725/432 1726/1726/432 1727/1727/432
f 1729/1729/433 1731/1731/433 1730/1730/433
f 1729/1729/433 1732/1732/433 1731/1731/433
f 1733/1733/434 1735/1735/434 1736/1736/434
f 1733/1733/434 1734/1734/434 1735/1735/434
f 1737/1737/435 1739/1739/435 1738/1738/435
f 1737/1737/435 1740/1740/435 1739/1739/435
f 1741/1741/436 1743/1743/436 1744/1744/436
f 1741/1741/436 1742/1742/436 1743/1743/436
f 1745/1745/437 1747/1747/437 1746/1746/437
f 1745/1745/437 1748/1748/437 1747/1747/437
f 1749/1749/438 1751/1751/438 1752/1752/438
f 1749/1749/438 1750/1750/438 1751/1751/438
f 1753/1753/439 1755/1755/439 1754/1754/439
f 1753/1753/439 1756/1756/439 1755/1755/439
f 1757/1757/440 1759/1759/440 1760/1760/440
f 1757/1757/440 1758/1758/440 1759/1759/440
f 1761/1761/441 1763/1763/441 1762/1762/441
f 1761/1761/441 1764/1764/441 1763/1763/441
f 1765/1765/442 1767/1767/442 1768/1768/442
f 1765/1765/442 1766/1766/442 1767/1767/442
f 1769/1769/443 1771/1771/443 1770/1770/443
f 1769/1769/443 1772/1772/443 1771/1771/443
f 1773/1773/444 1775/1775/444 1776/1776/444
f 1773/1773/444 1774/1774/444 1775/1775/444
f 1777/1777/445 1779/1779/445 1778/1778/445
f 1777/1777/445 1780/1780/445 1779/1779/445
f 1781/1781/446 1783/1783/446 1784/1784/446
f 1781/1781/446 1782/1782/446 1783/1783/446
f 1785/1785/447 1787/1787/447 1786/1786/447
f 1785/1785/447 1788/1788/447 1787/1787/447
f 1789/1789/448 1791/1791/448 1792/1792/448
f 1789/1789/448 1790/1790/448 1791/1791/448
f 1793/1793/449 1795/1795/449 1794/1794/449
f 1793/1793/449 1796/1796/449 1795/1795/449
f 1797/1797/450 1799/1799/450 1800/1800/450
f 1797/1797/450 1798/1798/450 1799/1799/450
f 1801/1801/451 1803/1803/451 1802/1802/451
f 1801/1801/451 1804/1804/451 1803/1803/451
f 1805/1805/452 1807/1807/452 1808/1808/452
f 1805/1805/452 1806/1806/452 1807/1807/452
f 1809/1809/453 1811/1811/453 1810/1810/453
f 1809/1809/453 1812/1812/453 1811/1811/453
f 1813/1813/454 1815/1815/454 1816/1816/454
f 1813/1813/454 1814/1814/454 1815/1815/454
f 1817/1817/455 1819/1819/455 1818/1818/455
f 1817/1817/455 1820/1820/455 1819/1819/455
f 1821/1821/456 1823/1823/456 1824/1824/456
f 1821/1821/456 1822/1822/456 1823/1823/456
f 1825/1825/457 1827/1827/457 1826/1826/457
f 1825/1825/457 1828/1828/457 1827/1827/457
f 1829/1829/458 1831/1831/458 1832/1832/458
f 1829/1829/458 1830/1830/458 1831/1831/458
f 1833/1833/459 1835/1835/459 1834/1834/459
f 1833/1833/459 1836/1836/459 1835/1835/459
f 1837/1837/460 1839/1839/460 1840/1840/460
f 1837/1837/460 1838/1838/460 1839/1839/460
f 1841/1841/461 1843/1843/461 1842/1842/461
f 1841/1841/461 1844/1844/461 1843/1843/461
f 1845/1845/462 1847/1847/462 1848/1848/462
f 1845/1845/462 1846/1846/462 1847/1847/462
f 1849/1849/463 1851/1851/463 1850/1850/463
f 1849/1849/463 1852/1852/463 1851/1851/463
f 1853/1853/464 1855/1855/464 1856/1856/464
f 1853/1853/464 1854/1854/464 1855/1855/464
f 1857/1857/465 1859/1859/465 1858/1858/465
f 1857/1857/465 1860/1860/465 1859/1859/465
f 1861/1861/466 1863/1863/466 1864/1864/466
f 1861/1861/466 1862/1862/466 1863/1863/466
f 1865/1865/467 1867/1867/467 1866/1866/467
f 1865/1865/467 1868/1868/467 1867/1867/467
f 1869/1869/468 1871/1871/468 1872/1872/468
f 1869/1869/468 1870/1870/468 1871/1871/468
f 1873/1873/469 1875/1875/469 1874/1874/469
f 1873/1873/469 1876/1876/469 1875/1875/469
f 1877/1877/470 1879/1879/470 1880/1880/470
f 1877/1877/470 1878/1878/470 1879/1879/470
f 1881/1881/471 1883/1883/471 1882/1882/471
f 1881/1881/471 1884/1884/471 1883/1883/471
f 1885/1885/472 1887/1887/472 1888/1888/472
f 1885/1885/472 1886/1886/472 1887/1887/472
f 1889/1889/473 1891/1891/473 1890/1890/473
f 1889/1889/473 1892/1892/473 1891/1891/473
f 1893/1893/474 1895/1895/474 1896/1896/474
f 1893/1893/474 1894/1894/474 1895/1895/474
f 1897/1897/475 1899/1899/475 1898/1898/475
f 1897/1897/475 1900/1900/475 1899/1899/475
f 1901/1901/476 1903/1903/476 1904/1904/476
f 1901/1901/476 1902/1902/476 1903/1903/476
f 1905/1905/477 1907/1907/477 1906/1906/477
f 1905/1905/477 1908/1908/477 1907/1907/477
f 1909/1909/478 1911/1911/478 1912/1912/478
f 1909/1909/478 1910/1910/478 1911/1911/478
f 1913/1913/479 1915/1915/479 1914/1914/479
f 1913/1913/479 1916/1916/479 1915/1915/479
f 1917/1917/480 1919/1919/480 1920/1920/480
f 1917/1917/480 1918/1918/480 1919/1919/480
f 1921/1921/481 1923/1923/481 1922/1922/481
f 1921/1921/481 1924/1924/481 1923/1923/481
f 1925/1925/482 1927/1927/482 1928/1928/482
f 1925/1925/482 1926/1926/482 1927/1927/482
f 1929/1929/483 1931/1931/483 1930/1930/483
f 1929/1929/483 1932/1932/483 1931/1931/483
f 1933/1933/484 1935/1935/484 1936/1936/484
f 1933/1933/484 1934/1934/484 1935/1935/484
f 1937/1937/485 1939/1939/485 1938/1938/485
f 1937/1937/485 1940/1940/485 1939/1939/485
f 1941/1941/486 1943/1943/486 1944/1944/486
f 1941/1941/486 1942/1942/486 1943/1943/486
f 1945/1945/487 1947/1947/487 1946/1946/487
f 1945/1945/487 1948/1948/487 1947/1947/487
f 1949/1949/488 1951/1951/488 1952/1952/488
f 1949/1949/488 1950/1950/488 1951/1951/488
f 1953/1953/489 1955/1955/489 1954/1954/489
f 1953/1953/489 1956/1956/489 1955/1955/489
f 1957/1957/490 1959/1959/490 1960/1960/490
f 1957/1957/490 1958/1958/490 1959/1959/490
f 1961/1961/491 1963/1963/491 1962/1962/491
f 1961/1961/491 1964/1964/491 1963/1963/491
f 1965/1965/492 1967/1967/492 1968/1968/492
f 1965/1965/492 1966/1966/492 1967/1967/492
f 1969/1969/493 1971/1971/493 1970/1970/493
f 1969/1969/493 1972/1972/493 1971/1971/493
f 1973/1973/494 1975/1975/494 1976/1976/494
f 1973/1973/494 1974/1974/494 1975/1975/494
f 1977/1977/495 1979/1979/495 1978/1978/495
f 1977/1977/495 1980/1980/495 1979/1979/495
f 1981/1981/496 1983/1983/496 1984/1984/496
f 1981/1981/496 1982/1982/496 1983/1983/496
f 1985/1985/497 1987/1987/497 1986/1986/497
f 1985/1985/497 1988/1988/497 1987/1987/497
f 1989/1989/498 1991/1991/498 1992/1992/498
f 1989/1989/498 1990/1990/498 1991/1991/498
f 1993/1993/499 1995/1995/499 1994/1994/499
f 1993/1993/499 1996/1996/499 1995/1995/499
f 1997/1997/500 1999/1999/500 2000/2000/500
f 1997/1997/500 1998/1998/500 1999/1999/500
f 2001/2001/501 2003/2003/501 2002/2002/501
f 2001/2001/501 2004/2004/501 2003/2003/501
f 2005/2005/502 2007/2007/502 2008/2008/502
f 2005/2005/502 2006/2006/502 2007/2007/502
f 2009/2009/503 2011/2011/503 2010/2010/503
f 2009/2009/503 2012/2012/503 2011/2011/503
f 2013/2013/504 2015/2015/504 2016/2016/504
f 2013/2013/504 2014/2014/504 2015/2015/504
f 2017/2017/505 2019/2019/505 2018/2018/505
f 2017/2017/505 2020/2020/505 2019/2019/505
f 2021/2021/506 2023/2023/506 2024/2024/506
f 2021/2021/506 2022/2022/506 2023/2023/506
f 2025/2025/507 2027/2027/507 2026/2026/507
f 2025/2025/507 2028/2028/507 2027/2027/507
f 2029/2029/508 2031/2031/508 2032/2032/508
f 2029/2029/508 2030/2030/508 2031/2031/508
f 2033/2033/509 2035/2035/509 2034/2034/509
f 2033/2033/509 2036/2036/509 2035/2035/509
f 2037/2037/510 2039/2039/510 2040/2040/510
f 2037/2037/510 2038/2038/510 2039/2039/510
f 2041/2041/511 2043/2043/511 2042/2042/511
f 2041/2041/511 2044/2044/511 2043/2043/511
f 2045/2045/512 2047/2047/512 2048/2048/512
f 2045/2045/512 2046/2046/512 2047/2047/512
f 2049/2049/513 2051/2051/513 2050/2050/513
f 2049/2049/513 2052/2052/513 2051/2051/513
f 2053/2053/514 2055/2055/514 2056/2056/514
f 2053/2053/514 2054/2054/514 2055/2055/514
f 2057/2057/515 2059/2059/515 2058/2058/515
f 2057/2057/515 2060/2060/515 2059/2059/515
f 2061/2061/516 2063/2063/516 2064/2064/516
f 2061/2061/516 2062/2062/516 2063/2063/516
f 2065/2065/517 2067/2067/517 2066/2066/517
f 2065/2065/517 2068/2068/517 2067/2067/517
f 2069/2069/518 2071/2071/518 2072/2072/518
f 2069/2069/518 2070/2070/518 2071/2071/518
f 2073/2073/519 2075/2075/519 2074/2074/519
f 2073/2073/519 2076/2076/519 2075/2075/519
f 2077/2077/520 2079/2079/520 2080/2080/520
f 2077/2077/520 2078/2078/520 2079/2079/520
f 2081/2081/521 2083/2083/521 2082/2082/521
f 2081/2081/521 2084/2084/521 2083/2083/521
f 2085/2085/522 2087/2087/522 2088/2088/522
f 2085/2085/522 2086/2086/522 2087/2087/522
f 2089/2089/523 2091/2091/523 2090/2090/523
f 2089/2089/523 2092/2092/523 2091/2091/523
f 2093/2093/524 2095/2095/524 2096/2096/524
f 2093/2093/524 2094/2094/524 2095/2095/524
f 2097/2097/525 2099/2099/525 2098/2098/525
f 2097/2097/525 2100/2100/525 2099/2099/525
f 2101/2101/526 2103/2103/526 2104/2104/526
f 2101/2101/526 2102/2102/526 2103/2103/526
f 2105/2105/527 2107/2107/527 2106/2106/527
f 2105/2105/527 2108/2108/527 2107/2107/527
f 2109/2109/528 2111/2111/528 2112/2112/528
f 2109/2109/528 2110/2110/528 2111/2111/528
f 2113/2113/529 2115/2115/529 2114/2114/529
f 2113/2113/529 2116/2116/529 2115/2115/529
f 2117/2117/530 2119/2119/530 2120/2120/530
f 2117/2117/530 2118/2118/530 2119/2119/530
f 2121/2121/531 2123/2123/531 2122/2122/531
f 2121/2121/531 2124/2124/531 2123/2123/531
f 2125/2125/532 2127/2127/532 2128/2128/532
f 2125/2125/532 2126/2126/532 2127/2127/532
f 2129/2129/533 2131/2131/533 2130/2130/533
f 2129/2129/533 2132/2132/533 2131/2131/533
f 2133/2133/534 2135/2135/534 2136/2136/534
f 2133/2133/534 2134/2134/534 2135/2135/534
f 2137/2137/535 2139/2139/535 2138/2138/535
f 2137/2137/535 2140/2140/535 2139/2139/535
f 2141/2141/536 2143/2143/536 2144/2144/536
f 2141/2141/536 2142/2142/536 2143/2143/536
f 2145/2145/537 2147/2147/537 2146/2146/537
f 2145/2145/537 2148/2148/537 2147/2147/537
f 2149/2149/538 2151/2151/538 2152/2152/538
f 2149/2149/538 2150/2150/538 2151/2151/538
f 2153/2153/539 2155/2155/539 2154/2154/539
f 2153/2153/539 2156/2156/539 2155/2155/539
f 2157/2157/540 2159/2159/540 2160/2160/540
f 2157/2157/540 2158/2158/540 2159/2159/540
f 2161/2161/541 2163/2163/541 2162/2162/541
f 2161/2161/541 2164/2164/541 2163/2163/541
f 2165/2165/542 2167/2167/542 2168/2168/542
f 2165/2165/542 2166/2166/542 2167/2167/542
f 2169/2169/543 2171/2171/543 2170/2170/543
f 2169/2169/543 2172/2172/543 2171/2171/543
f 2173/2173/544 2175/2175/544 2176/2176/544
f 2173/2173/544 2174/2174/544 2175/2175/544
f 2177/2177/545 2179/2179/545 2178/2178/545
f 2177/2177/545 2180/2180/545 2179/2179/545
f 2181/2181/546 2183/2183/546 2184/2184/546
f 2181/2181/546 2182/2182/546 2183/2183/546
f 2185/2185/547 2187/2187/547 2186/2186/547
f 2185/2185/547 2188/2188/547 2187/2187/547
f 2189/2189/548 2191/2191/548 2192/2192/548
f 2189/2189/548 2190/2190/548 2191/2191/548
f 2193/2193/549 2195/2195/549 2194/2194/549
f 2193/2193/549 2196/2196/549 2195/2195/549
f 2197/2197/550 2199/2199/550 2200/2200/550
f 2197/2197/550 2198/2198/550 2199/2199/550
f 2201/2201/551 2203/2203/551 2202/2202/551
f 2201/2201/551 2204/2204/551 2203/2203/551
f 2205/2205/552 2207/2207/552 2208/2208/552
f 2205/2205/552 2206/2206/552 2207/2207/552
f 2209/2209/553 2211/2211/553 2210/2210/553
f 2209/2209/553 2212/2212/553 2211/2211/553
f 2213/2213/554 2215/2215/554 2216/2216/554
f 2213/2213/554 2214/2214/554 2215/2215/554
f 2217/2217/555 2219/2219/555 2218/2218/555
f 2217/2217/555 2220/2220/555 2219/2219/555
f 2221/2221/556 2223/2223/556 2224/2224/556
f 2221/2221/556 2222/2222/556 2223/2223/556
f 2225/2225/557 2227/2227/557 2226/2226/557
f 2225/2225/557 2228/2228/557 2227/2227/557
f 2229/2229/558 2231/2231/558 2232/2232/558
f 2229/2229/558 2230/2230/558 2231/2231/558
f 2233/2233/559 2235/2235/559 2234/2234/559
f 2233/2233/559 2236/2236/559 2235/2235/559
f 2237/2237/560 2239/2239/560 2240/2240/560
f 2237/2237/560 2238/2238/560 2239/2239/560
f 2241/2241/561 2243/2243/561 2242/2242/561
f 2241/2241/561 2244/2244/561 2243/2243/561
f 2245/2245/562 2247/2247/562 2248/2248/562
f 2245/2245/562 2246/2246/562 2247/2247/562
f 2249/2249/563 2251/2251/563 2250/2250/563
f 2249/2249/563 2252/2252/563 2251/2251/563
f 2253/2253/564 2255/2255/564 2256/2256/564
f 2253/2253/564 2254/2254/564 2255/2255/564
f 2257/2257/565 2259/2259/565 2258/2258/565
f 2257/2257/565 2260/2260/565 2259/2259/565
f 2261/2261/566 2263/2263/566 2264/2264/566
f 2261/2261/566 2262/2262/566 2263/2263/566
f 2265/2265/567 2267/2267/567 2266/2266/567
f 2265/2265/567 2268/2268/567 2267/2267/567
f 2269/2269/568 2271/2271/568 2272/2272/568
f 2269/2269/568 2270/2270/568 2271/2271/568
f 2273/2273/569 2275/2275/569 2274/2274/569
f 2273/2273/569 2276/2276/569 2275/2275/569
f 2277/2277/570 2279/2279/570 2280/2280/570
f 2277/2277/570 2278/2278/570 2279/2279/570
f 2281/2281/571 2283/2283/571 2282/2282/571
f 2281/2281/571 2284/2284/571 2283/2283/571
f 2285/2285/572 2287/2287/572 2288/2288/572
f 2285/2285/572 2286/2286/572 2287/2287/572
f 2289/2289/573 2291/2291/573 2290/2290/573
f 2289/2289/573 2292/2292/573 2291/2291/573
f 2293/2293/574 2295/2295/574 2296/2296/574
f 2293/2293/574 2294/2294/574 2295/2295/574
f 2297/2297/575 2299/2299/575 2298/2298/575
f 2297/2297/575 2300/2300/575 2299/2299/575
f 2301/2301/576 2303/2303/576 2304/2304/576
f 2301/2301/576 2302/2302/576 2303/2303/576
f 2305/2305/577 2307/2307/577 2306/2306/577
f 2305/2305/577 2308/2308/577 2307/2307/577
f 2309/2309/578 2311/2311/578 2312/2312/578
f 2309/2309/578 2310/2310/578 2311/2311/578
f 2313/2313/579 2315/2315/579 2314/2314/579
f 2313/2313/579 2316/2316/579 2315/2315/579
f 2317/2317/580 2319/2319/580 2320/2320/580
f 2317/2317/580 2318/2318/580 2319/2319/580
f 2321/2321/581 2323/2323/581 2322/2322/581
f 2321/2321/581 2324/2324/581 2323/2323/581
f 2325/2325/582 2327/2327/582 2328/2328/582
f 2325/2325/582 2326/2326/582 2327/2327/582
f 2329/2329/583 2331/2331/583 2330/2330/583
f 2329/2329/583 2332/2332/583 2331/2331/583
f 2333/2333/584 2335/2335/584 2336/2336/584
f 2333/2333/584 2334/2334/584 2335/2335/584
f 2337/2337/585 2339/2339/585 2338/2338/585
f 2337/2337/585 2340/2340/585 2339/2339/585
f 2341/2341/586 2343/2343/586 2344/2344/586
f 2341/2341/586 2342/2342/586 2343/2343/586
f 2345/2345/587 2347/2347/587 2346/2346/587
f 2345/2345/587 2348/2348/587 2347/2347/587
f 2349/2349/588 2351/2351/588 2352/2352/588
f 2349/2349/588 2350/2350/588 2351/2351/588
f 2353/2353/589 2355/2355/589 2354/2354/589
f 2353/2353/589 2356/2356/589 2355/2355/589
f 2357/2357/590 2359/2359/590 2360/2360/590
f 2357/2357/590 2358/2358/590 2359/2359/590
f 2361/2361/591 2363/2363/591 2362/2362/591
f 2361/2361/591 2364/2364/591 2363/2363/591
f 2365/2365/592 2367/2367/592 2368/2368/592
f 2365/2365/592 2366/2366/592 2367/2367/592
f 2369/2369/593 2371/2371/593 2370/2370/593
f 2369/2369/593 2372/2372/593 2371/2371/593
f 2373/2373/594 2375/2375/594 2376/2376/594
f 2373/2373/594 2374/2374/594 2375/2375/594
f 2377/2377/595 2379/2379/595 2378/2378/595
f 2377/2377/595 2380/2380/595 2379/2379/595
f 2381/2381/596 2383/2383/596 2384/2384/596
f 2381/2381/596 2382/2382/596 2383/2383/596
f 2385/2385/597 2387/2387/597 2386/2386/597
f 2385/2385/597 2388/2388/597 2387/2387/597
f 2389/2389/598 2391/2391/598 2392/2392/598
f 2389/2389/598 2390/2390/598 2391/2391/598
f 2393/2393/599 2395/2395/599 2394/2394/599
f 2393/2393/599 2396/2396/599 2395/2395/599
f 2397/2397/600 2399/2399/600 2400/2400/600
f 2397/2397/600 2398/2398/600 2399/2399/600
f 2401/2401/601 2403/2403/601 2402/2402/601
f 2401/2401/601 2404/2404/601 2403/2403/601
f 2405/2405/602 2407/2407/602 2408/2408/602
f 2405/2405/602 2406/2406/602 2407/2407/602
f 2409/2409/603 2411/2411/603 2410/2410/603
f 2409/2409/603 2412/2412/603 2411/2411/603
f 2413/2413/604 2415/2415/604 2416/2416/604
f 2413/2413/604 2414/2414/604 2415/2415/604
f 2417/2417/605 2419/2419/605 2418/2418/605
f 2417/2417/605 2420/2420/605 2419/2419/605
f 2421/2421/606 2423/2423/606 2424/2424/606
f 2421/2421/606 2422/2422/606 2423/2423/606
f 2425/2425/607 2427/2427/607 2426/2426/607
f 2425/2425/607 2428/2428/607 2427/2427/607
f 2429/2429/608 2431/2431/608 2432/2432/608
f 2429/2429/608 2430/2430/608 2431/2431/608
f 2433/2433/609 2435/2435/609 2434/2434/609
f 2433/2433/609 2436/2436/609 2435/2435/609
f 2437/2437/610 2439/2439/610 2440/2440/610
f 2437/2437/610 2438/2438/610 2439/2439/610
f 2441/2441/611 2443/2443/611 2442/2442/611
f 2441/2441/611 2444/2444/611 2443/2443/611
f 2445/2445/612 2447/2447/612 2448/2448/612
f 2445/2445/612 2446/2446/612 2447/2447/612
f 2449/2449/613 2451/2451/613 2450/2450/613
f 2449/2449/613 2452/2452/613 2451/2451/613
f 2453/2453/614 2455/2455/614 2456/2456/614
f 2453/2453/614 2454/2454/614 2455/2455/614
f 2457/2457/615 2459/2459/615 2458/2458/615
f 2457/2457/615 2460/2460/615 2459/2459/615
f 2461/2461/616 2463/2463/616 2464/2464/616
f 2461/2461/616 2462/2462/616 2463/2463/616
f 2465/2465/617 2467/2467/617 2466/2466/617
f 2465/2465/617 2468/2468/617 2467/2467/617
f 2469/2469/618 2471/2471/618 2472/2472/618
f 2469/2469/618 2470/2470/618 2471/2471/618
f 2473/2473/619 2475/2475/619 2474/2474/619
f 2473/2473/619 2476/2476/619 2475/2475/619
f 2477/2477/620 2479/2479/620 2480/2480/620
f 2477/2477/620 2478/2478/620 2479/2479/620
f 2481/2481/621 2483/2483/621 2482/2482/621
f 2481/2481/621 2484/2484/621 2483/2483/621
f 2485/2485/622 2487/2487/622 2488/2488/622
f 2485/2485/622 2486/2486/622 2487/2487/622
f 2489/2489/623 2491/2491/623 2490/2490/623
f 2489/2489/623 2492/2492/623 2491/2491/623
f 2493/2493/624 2495/2495/624 2496/2496/624
f 2493/2493/624 2494/2494/624 2495/2495/624
f 2497/2497/625 2499/2499/625 2498/2498/625
f 2497/2497/625 2500/2500/625 2499/2499/625
f 2501/2501/626 2503/2503/626 2504/2504/626
f 2501/2501/626 2502/2502/626 2503/2503/626
f 2505/2505/627 2507/2507/627 2506/2506/627
f 2505/2505/627 2508/2508/627 2507/2507/627
f 2509/2509/628 2511/2511/628 2512/2512/628
f 2509/2509/628 2510/2510/628 2511/2511/628
f 2513/2513/629 2515/2515/629 2514/2514/629
f 2513/2513/629 2516/2516/629 2515/2515/629
f 2517/2517/630 2519/2519/630 2520/2520/630
f 2517/2517/630 2518/2518/630 2519/2519/630
f 2521/2521/631 2523/2523/631 2522/2522/631
f 2521/2521/631 2524/2524/631 2523/2523/631
f 2525/2525/632 2527/2527/632 2528/2528/632
f 2525/2525/632 2526/2526/632 2527/2527/632
f 2529/2529/633 2531/2531/633 2530/2530/633
f 2529/2529/633 2532/2532/633 2531/2531/633
f 2533/2533/634 2535/2535/634 2536/2536/634
f 2533/2533/634 2534/2534/634 2535/2535/634
f 2537/2537/635 2539/2539/635 2538/2538/635
f 2537/2537/635 2540/2540/635 2539/2539/635
f 2541/2541/636 2543/2543/636 2544/2544/636
f 2541/2541/636 2542/2542/636 2543/2543/636
f 2545/2545/637 2547/2547/637 2546/2546/637
f 2545/2545/637 2548/2548/637 2547/2547/637
f 2549/2549/638 2551/2551/638 2552/2552/638
f 2549/2549/638 2550/2550/638 2551/2551/638
f 2553/2553/639 2555/2555/639 2554/2554/639
f 2553/2553/639 2556/2556/639 2555/2555/639
f 2557/2557/640 2559/2559/640 2560/2560/640
f 2557/2557/640 2558/2558/640 2559/2559/640
f 2561/2561/641 2563/2563/641 2562/2562/641
f 2561/2561/641 2564/2564/641 2563/2563/641
f 2565/2565/642 2567/2567/642 2568/2568/642
f 2565/2565/642 2566/2566/642 2567/2567/642
f 2569/2569/643 2571/2571/643 2570/2570/643
f 2569/2569/643 2572/2572/643 2571/2571/643
f 2573/2573/644 2575/2575/644 2576/2576/644
f 2573/2573/644 2574/2574/644 2575/2575/644
f 2577/2577/645 2579/2579/645 2578/2578/645
f 2577/2577/645 2580/2580/645 2579/2579/645
f 2581/2581/646 2583/2583/646 2584/2584/646
f 2581/2581/646 2582/2582/646 2583/2583/646
f 2585/2585/647 2587/2587/647 2586/2586/647
f 2585/2585/647 2588/2588/647 2587/2587/647
f 2589/2589/648 2591/2591/648 2592/2592/648
f 2589/2589/648 2590/2590/648 2591/2591/648
f 2593/2593/649 2595/2595/649 2594/2594/649
f 2593/2593/649 2596/2596/649 2595/2595/649
f 2597/2597/650 2599/2599/650 2600/2600/650
f 2597/2597/650 2598/2598/650 2599/2599/650
f 2601/2601/651 2603/2603/651 2602/2602/651
f 2601/2601/651 2604/2604/651 2603/2603/651
f 2605/2605/652 2607/2607/652 2608/2608/652
f 2605/2605/652 2606/2606/652 2607/2607/652
f 2609/2609/653 2611/2611/653 2610/2610/653
f 2609/2609/653 2612/2612/653 2611/2611/653
f 2613/2613/654 2615/2615/654 2616/2616/654
f 2613/2613/654 2614/2614/654 2615/2615/654
f 2617/2617/655 2619/2619/655 2618/2618/655
f 2617/2617/655 2620/2620/655 2619/2619/655
f 2621/2621/656 2623/2623/656 2624/2624/656
f 2621/2621/656 2622/2622/656 2623/2623/656
f 2625/2625/657 2627/2627/657 2626/2626/657
f 2625/2625/657 2628/2628/657 2627/2627/657
f 2629/2629/658 2631/2631/658 2632/2632/658
f 2629/2629/658 2630/2630/658 2631/2631/658
f 2633/2633/659 2635/2635/659 2634/2634/659
f 2633/2633/659 2636/2636/659 2635/2635/659
f 2637/2637/660 2639/2639/660 2640/2640/660
f 2637/2637/660 2638/2638/660 2639/2639/660
f 2641/2641/661 2643/2643/661 2642/2642/661
f 2641/2641/661 2644/2644/661 2643/2643/661
f 2645/2645/662 2647/2647/662 2648/2648/662
f 2645/2645/662 2646/2646/662 2647/2647/662
f 2649/2649/663 2651/2651/663 2650/2650/663
f 2649/2649/663 2652/2652/663 2651/2651/663
f 2653/2653/664 2655/2655/664 2656/2656/664
f 2653/2653/664 2654/2654/664 2655/2655/664
f 2657/2657/665 2659/2659/665 2658/2658/665
f 2657/2657/665 2660/2660/665 2659/2659/665
f 2661/2661/666 2663/2663/666 2664/2664/666
f 2661/2661/666 2662/2662/666 2663/2663/666
f 2665/2665/667 2667/2667/667 2666/2666/667
f 2665/2665/667 2668/2668/667 2667/2667/667
f 2669/2669/668 2671/2671/668 2672/2672/668
f 2669/2669/668 2670/2670/668 2671/2671/668
f 2673/2673/669 2675/2675/669 2674/2674/669
f 2673/2673/669 2676/2676/669 2675/2675/669
f 2677/2677/670 2679/2679/670 2680/2680/670
f 2677/2677/670 2678/2678/670 2679/2679/670
f 2681/2681/671 2683/2683/671 2682/2682/671
f 2681/2681/671 2684/2684/671 2683/2683/671
f 2685/2685/672 2687/2687/672 2688/2688/672
f 2685/2685/672 2686/2686/672 2687/2687/672
f 2689/2689/673 2691/2691/673 2690/2690/673
f 2689/2689/673 2692/2692/673 2691/2691/673
f 2693/2693/674 2695/2695/674 2696/2696/674
f 2693/2693/674 2694/2694/674 2695/2695/674
f 2697/2697/675 2699/2699/675 2698/2698/675
f 2697/2697/675 2700/2700/675 2699/2699/675
f 2701/2701/676 2703/2703/676 2704/2704/676
f 2701/2701/676 2702/2702/676 2703/2703/676
f 2705/2705/677 2707/2707/677 2706/2706/677
f 2705/2705/677 2708/2708/677 2707/2707/677
f 2709/2709/678 2711/2711/678 2712/2712/678
f 2709/2709/678 2710/2710/678 2711/2711/678
f 2713/2713/679 2715/2715/679 2714/2714/679
f 2713/2713/679 2716/2716/679 2715/2715/679
f 2717/2717/680 2719/2719/680 2720/2720/680
f 2717/2717/680 2718/2718/680 2719/2719/680
f 2721/2721/681 2723/2723/681 2722/2722/681
f 2721/2721/681 2724/2724/681 2723/2723/681
f 2725/2725/682 2727/2727/682 2728/2728/682
f 2725/2725/682 2726/2726/682 2727/2727/682
f 2729/2729/683 2731/2731/683 2730/2730/683
f 2729/2729/683 2732/2732/683 2731/2731/683
f 2733/2733/684 2735/2735/684 2736/2736/684
f 2733/2733/684 2734/2734/684 2735/2735/684
f 2737/2737/685 2739/2739/685 2738/2738/685
f 2737/2737/685 2740/2740/685 2739/2739/685
f 2741/2741/686 2743/2743/686 2744/2744/686
f 2741/2741/686 2742/2742/686 2743/2743/686
f 2745/2745/687 2747/2747/687 2746/2746/687
f 2745/2745/687 2748/2748/687 2747/2747/687
f 2749/2749/688 2751/2751/688 2752/2752/688
f 2749/2749/688 2750/2750/688 2751/2751/688
f 2753/2753/689 2755/2755/689 2754/2754/689
f 2753/2753/689 2756/2756/689 2755/2755/689
f 2757/2757/690 2759/2759/690 2760/2760/690
f 2757/2757/690 2758/2758/690 2759/2759/690
f 2761/2761/691 2763/2763/691 2762/2762/691
f 2761/2761/691 2764/2764/691 2763/2763/691
f 2765/2765/692 2767/2767/692 2768/2768/692
f 2765/2765/692 2766/2766/692 2767/2767/692
f 2769/2769/693 2771/2771/693 2770/2770/693
f 2769/2769/693 2772/2772/693 2771/2771/693
f 2773/2773/694 2775/2775/694 2776/2776/694
f 2773/2773/694 2774/2774/694 2775/2775/694
f 2777/2777/695 2779/2779/695 2778/2778/695
f 2777/2777/695 2780/2780/695 2779/2779/695
f 2781/2781/696 2783/2783/696 2784/2784/696
f 2781/2781/696 2782/2782/696 2783/2783/696
f 2785/2785/697 2787/2787/697 2786/2786/697
f 2785/2785/697 2788/2788/697 2787/2787/697
f 2789/2789/698 2791/2791/698 2792/2792/698
f 2789/2789/698 2790/2790/698 2791/2791/698
f 2793/2793/699 2795/2795/699 2794/2794/699
f 2793/2793/699 2796/2796/699 2795/2795/699
f 2797/2797/700 2799/2799/700 2800/2800/700
f 2797/2797/700 2798/2798/700 2799/2799/700
f 2801/2801/701 2803/2803/701 2802/2802/701
f 2801/2801/701 2804/2804/701 2803/2803/701
f 2805/2805/702 2807/2807/702 2808/2808/702
f 2805/2805/702 2806/2806/702 2807/2807/702
f 2809/2809/703 2811/2811/703 2810/2810/703
f 2809/2809/703 2812/2812/703 2811/2811/703
f 2813/2813/704 2815/2815/704 2816/2816/704
f 2813/2813/704 2814/2814/704 2815/2815/704
f 2817/2817/705 2819/2819/705 2818/2818/705
f 2817/2817/705 2820/2820/705 2819/2819/705
f 2821/2821/706 2823/2823/706 2824/2824/706
f 2821/2821/706 2822/2822/706 2823/2823/706
f 2825/2825/707 2827/2827/707 2826/2826/707
f 2825/2825/707 2828/2828/707 2827/2827/707
f 2829/2829/708 2831/2831/708 2832/2832/708
f 2829/2829/708 2830/2830/708 2831/2831/708
f 2833/2833/709 2835/2835/709 2834/2834/709
f 2833/2833/709 2836/2836/709 2835/2835/709
f 2837/2837/710 2839/2839/710 2840/2840/710
f 2837/2837/710 2838/2838/710 2839/2839/710
f 2841/2841/711 2843/2843/711 2842/2842/711
f 2841/2841/711 2844/2844/711 2843/2843/711
f 2845/2845/712 2847/2847/712 2848/2848/712
f 2845/2845/712 2846/2846/712 2847/2847/712
f 2849/2849/713 2851/2851/713 2850/2850/713
f 2849/2849/713 2852/2852/713 2851/2851/713
f 2853/2853/714 2855/2855/714 2856/2856/714
f 2853/2853/714 2854/2854/714 2855/2855/714
f 2857/2857/715 2859/2859/715 2858/2858/715
f 2857/2857/715 2860/2860/715 2859/2859/715
f 2861/2861/716 2863/2863/716 2864/2864/716
f 2861/2861/716 2862/2862/716 2863/2863/716
f 2865/2865/717 2867/2867/717 2866/2866/717
f 2865/2865/717 2868/2868/717 2867/2867/717
f 2869/2869/718 2871/2871/718 2872/2872/718
f 2869/2869/718 2870/2870/718 2871/2871/718
f 2873/2873/719 2875/2875/719 2874/2874/719
f 2873/2873/719 2876/2876/719 2875/2875/719
f 2877/2877/720 2879/2879/720 2880/2880/720
f 2877/2877/720 2878/2878/720 2879/2879/720
f 2881/2881/721 2883/2883/721 2882/2882/721
f 2881/2881/721 2884/2884/721 2883/2883/721
f 2885/2885/722 2887/2887/722 2888/2888/722
f 2885/2885/722 2886/2886/722 2887/2887/722
f 2889/2889/723 2891/2891/723 2890/2890/723
f 2889/2889/723 2892/2892/723 2891/2891/723
f 2893/2893/724 2895/2895/724 2896/2896/724
f 2893/2893/724 2894/2894/724 2895/2895/724
f 2897/2897/725 2899/2899/725 2898/2898/725
f 2897/2897/725 2900/2900/725 2899/2899/725
f 2901/2901/726 2903/2903/726 2904/2904/726
f 2901/2901/726 2902/2902/726 2903/2903/726
f 2905/2905/727 2907/2907/727 2906/2906/727
f 2905/2905/727 2908/2908/727 2907/2907/727
f 2909/2909/728 2911/2911/728 2912/2912/728
f 2909/2909/728 2910/2910/728 2911/2911/728
f 2913/2913/729 2915/2915/729 2914/2914/729
f 2913/2913/729 2916/2916/729 2915/2915/729
f 2917/2917/730 2919/2919/730 2920/2920/730
f 2917/2917/730 2918/2918/730 2919/2919/730
f 2921/2921/731 2923/2923/731 2922/2922/731
f 2921/2921/731 2924/2924/731 2923/2923/731
f 2925/2925/732 2927/2927/732 2928/2928/732
f 2925/2925/732 2926/2926/732 2927/2927/732
f 2929/2929/733 2931/2931/733 2930/2930/733
f 2929/2929/733 2932/2932/733 2931/2931/733
f 2933/2933/734 2935/2935/734 2936/2936/734
f 2933/2933/734 2934/2934/734 2935/2935/734
f 2937/2937/735 2939/2939/735 2938/2938/735
f 2937/2937/735 2940/2940/735 2939/2939/735
f 2941/2941/736 2943/2943/736 2944/2944/736
f 2941/2941/736 2942/2942/736 2943/2943/736
f 2945/2945/737 2947/2947/737 2946/2946/737
f 2945/2945/737 2948/2948/737 2947/2947/737
f 2949/2949/738 2951/2951/738 2952/2952/738
f 2949/2949/738 2950/2950/738 2951/2951/738
f 2953/2953/739 2955/2955/739 2954/2954/739
f 2953/2953/739 2956/2956/739 2955/2955/739
f 2957/2957/740 2959/2959/740 2960/2960/740
f 2957/2957/740 2958/2958/740 2959/2959/740
f 2961/2961/741 2963/2963/741 2962/2962/741
f 2961/2961/741 2964/2964/741 2963/2963/741
f 2965/2965/742 2967/2967/742 2968/2968/742
f 2965/2965/742 2966/2966/742 2967/2967/742
f 2969/2969/743 2971/2971/743 2970/2970/743
f 2969/2969/743 2972/2972/743 2971/2971/743
f 2973/2973/744 2975/2975/744 2976/2976/744
f 2973/2973/744 2974/2974/744 2975/2975/744
f 2977/2977/745 2979/2979/745 2978/2978/745
f 2977/2977/745 2980/2980/745 2979/2979/745
f 2981/2981/746 2983/2983/746 2984/2984/746
f 2981/2981/746 2982/2982/746 2983/2983/746
f 2985/2985/747 2987/2987/747 2986/2986/747
f 2985/2985/747 2988/2988/747 2987/2987/747
f 2989/2989/748 2991/2991/748 2992/2992/748
f 2989/2989/748 2990/2990/748 2991/2991/748
f 2993/2993/749 2995/2995/749 2994/2994/749
f 2993/2993/749 2996/2996/749 2995/2995/749
f 2997/2997/750 2999/2999/750 3000/3000/750
f 2997/2997/750 2998/2998/750 2999/2999/750
f 3001/3001/751 3003/3003/751 3002/3002/751
f 3001/3001/751 3004/3004/751 3003/3003/751
f 3005/3005/752 3007/3007/752 3008/3008/752
f 3005/3005/752 3006/3006/752 3007/3007/752
f 3009/3009/753 3011/3011/753 3010/3010/753
f 3009/3009/753 3012/3012/753 3011/3011/753
f 3013/3013/754 3015/3015/754 3016/3016/754
f 3013/3013/754 3014/3014/754 3015/3015/754
f 3017/3017/755 3019/3019/755 3018/3018/755
f 3017/3017/755 3020/3020/755 3019/3019/755
f 3021/3021/756 3023/3023/756 3024/3024/756
f 3021/3021/756 3022/3022/756 3023/3023/756
f 3025/3025/757 3027/3027/757 3026/3026/757
f 3025/3025/757 3028/3028/757 3027/3027/757
f 3029/3029/758 3031/3031/758 3032/3032/758
f 3029/3029/758 3030/3030/758 3031/3031/758
f 3033/3033/759 3035/3035/759 3034/3034/759
f 3033/3033/759 3036/3036/759 3035/3035/759
f 3037/3037/760 3039/3039/760 3040/3040/760
f 3037/3037/760 3038/3038/760 3039/3039/760
f 3041/3041/761 3043/3043/761 3042/3042/761
f 3041/3041/761 3044/3044/761 3043/3043/761
f 3045/3045/762 3047/3047/762 3048/3048/762
f 3045/3045/762 3046/3046/762 3047/3047/762
f 3049/3049/763 3051/3051/763 3050/3050/763
f 3049/3049/763 3052/3052/763 3051/3051/763
f 3053/3053/764 3055/3055/764 3056/3056/764
f 3053/3053/764 3054/3054/764 3055/3055/764
f 3057/3057/765 3059/3059/765 3058/3058/765
f 3057/3057/765 3060/3060/765 3059/3059/765
f 3061/3061/766 3063/3063/766 3064/3064/766
f 3061/3061/766 3062/3062/766 3063/3063/766
f 3065/3065/767 3067/3067/767 3066/3066/767
f 3065/3065/767 3068/3068/767 3067/3067/767
f 3069/3069/768 3071/3071/768 3072/3072/768
f 3069/3069/768 3070/3070/768 3071/3071/768
f 3073/3073/769 3075/3075/769 3074/3074/769
f 3073/3073/769 3076/3076/769 3075/3075/769
f 3077/3077/770 3079/3079/770 3080/3080/770
f 3077/3077/770 3078/3078/770 3079/3079/770
f 3081/3081/771 3083/3083/771 3082/3082/771
f 3081/3081/771 3084/3084/771 3083/3083/771
f 3085/3085/772 3087/3087/772 3088/3088/772
f 3085/3085/772 3086/3086/772 3087/3087/772
f 3089/3089/773 3091/3091/773 3090/3090/773
f 3089/3089/773 3092/3092/773 3091/3091/773
f 3093/3093/774 3095/3095/774 3096/3096/774
f 3093/3093/774 3094/3094/774 3095/3095/774
f 3097/3097/775 3099/3099/775 3098/3098/775
f 3097/3097/775 3100/3100/775 3099/3099/775
f 3101/3101/776 3103/3103/776 3104/3104/776
f 3101/3101/776 3102/3102/776 3103/3103/776
f 3105/3105/777 3107/3107/777 3106/3106/777
f 3105/3105/777 3108/3108/777 3107/3107/777
f 3109/3109/778 3111/3111/778 3112/3112/778
f 3109/3109/778 3110/3110/778 3111/3111/778
f 3113/3113/779 3115/3115/779 3114/3114/779
f 3113/3113/779 3116/3116/779 3115/3115/779
f 3117/3117/780 3119/3119/780 3120/3120/780
f 3117/3117/780 3118/3118/780 3119/3119/780
f 3121/3121/781 3123/3123/781 3122/3122/781
f 3121/3121/781 3124/3124/781 3123/3123/781
f 3125/3125/782 3127/3127/782 3128/3128/782
f 3125/3125/782 3126/3126/782 3127/3127/782
f 3129/3129/783 3131/3131/783 3130/3130/783
f 3129/3129/783 3132/3132/783 3131/3131/783
f 3133/3133/784 3135/3135/784 3136/3136/784
f 3133/3133/784 3134/3134/784 3135/3135/784
f 3137/3137/785 3139/3139/785 3138/3138/785
f 3137/3137/785 3140/3140/785 3139/3139/785
f 3141/3141/786 3143/3143/786 3144/3144/786
f 3141/3141/786 3142/3142/786 3143/3143/786
f 3145/3145/787 3147/3147/787 3146/3146/787
f 3145/3145/787 3148/3148/787 3147/3147/787
f 3149/3149/788 3151/3151/788 3152/3152/788
f 3149/3149/788 3150/3150/788 3151/3151/788
f 3153/3153/789 3155/3155/789 3154/3154/789
f 3153/3153/789 3156/3156/789 3155/3155/789
f 3157/3157/790 3159/3159/790 3160/3160/790
f 3157/3157/790 3158/3158/790 3159/3159/790
f 3161/3161/791 3163/3163/791 3162/3162/791
f 3161/3161/791 3164/3164/791 3163/3163/791
f 3165/3165/792 3167/3167/792 3168/3168/792
f 3165/3165/792 3166/3166/792 3167/3167/792
f 3169/3169/793 3171/3171/793 3170/3170/793
f 3169/3169/793 3172/3172/793 3171/3171/793
f 3173/3173/794 3175/3175/794 3176/3176/794
f 3173/3173/794 3174/3174/794 3175/3175/794
f 3177/3177/795 3179/3179/795 3178/3178/795
f 3177/3177/795 3180/3180/795 3179/3179/795
f 3181/3181/796 3183/3183/796 3184/3184/796
f 3181/3181/796 3182/3182/796 3183/3183/796
f 3185/3185/797 3187/3187/797 3186/3186/797
f 3185/3185/797 3188/3188/797 3187/3187/797
f 3189/3189/798 3191/3191/798 3192/3192/798
f 3189/3189/798 3190/3190/798 3191/3191/798
f 3193/3193/799 3195/3195/799 3194/3194/799
f 3193/3193/799 3196/3196/799 3195/3195/799
f 3197/3197/800 3199/3199/800 3200/3200/800
f 3197/3197/800 3198/3198/800 3199/3199/800
f 3201/3201/801 3203/3203/801 3202/3202/801
f 3201/3201/801 3204/3204/801 3203/3203/801
f 3205/3205/802 3207/3207/802 3208/3208/802
f 3205/3205/802 3206/3206/802 3207/3207/802
f 3209/3209/803 3211/3211/803 3210/3210/803
f 3209/3209/803 3212/3212/803 3211/3211/803
f 3213/3213/804 3215/3215/804 3216/3216/804
f 3213/3213/804 3214/3214/804 3215/3215/804
f 3217/3217/805 3219/3219/805 3218/3218/805
f 3217/3217/805 3220/3220/805 3219/3219/805
f 3221/3221/806 3223/3223/806 3224/3224/806
f 3221/3221/806 3222/3222/806 3223/3223/806
f 3225/3225/807 3227/3227/807 3226/3226/807
f 3225/3225/807 3228/3228/807 3227/3227/807
f 3229/3229/808 3231/3231/808 3232/3232/808
f 3229/3229/808 3230/3230/808 3231/3231/808
f 3233/3233/809 3235/3235/809 3234/3234/809
f 3233/3233/809 3236/3236/809 3235/3235/809
f 3237/3237/810 3239/3239/810 3240/3240/810
f 3237/3237/810 3238/3238/810 3239/3239/810
f 3241/3241/811 3243/3243/811 3242/3242/811
f 3241/3241/811 3244/3244/811 3243/3243/811
f 3245/3245/812 3247/3247/812 3248/3248/812
f 3245/3245/812 3246/3246/812 3247/3247/812
f 3249/3249/813 3251/3251/813 3250/3250/813
f 3249/3249/813 3252/3252/813 3251/3251/813
f 3253/3253/814 3255/3255/814 3256/3256/814
f 3253/3253/814 3254/3254/814 3255/3255/814
f 3257/3257/815 3259/3259/815 3258/3258/815
f 3257/3257/815 3260/3260/815 3259/3259/815
f 3261/3261/816 3263/3263/816 3264/3264/816
f 3261/3261/816 3262/3262/816 3263/3263/816
f 3265/3265/817 3267/3267/817 3266/3266/817
f 3265/3265/817 3268/3268/817 3267/3267/817
f 3269/3269/818 3271/3271/818 3272/3272/818
f 3269/3269/818 3270/3270/818 3271/3271/818
f 3273/3273/819 3275/3275/819 3274/3274/819
f 3273/3273/819 3276/3276/819 3275/3275/819
f 3277/3277/820 3279/3279/820 3280/3280/820
f 3277/3277/820 3278/3278/820 3279/3279/820
f 3281/3281/821 3283/3283/821 3282/3282/821
f 3281/3281/821 3284/3284/821 3283/3283/821
f 3285/3285/822 3287/3287/822 3288/3288/822
f 3285/3285/822 3286/3286/822 3287/3287/822
f 3289/3289/823 3291/3291/823 3290/3290/823
f 3289/3289/823 3292/3292/823 3291/3291/823
f 3293/3293/824 3295/3295/824 3296/3296/824
f 3293/3293/824 3294/3294/824 3295/3295/824
f 3297/3297/825 3299/3299/825 3298/3298/825
f 3297/3297/825 3300/3300/825 3299/3299/825
f 3301/3301/826 3303/3303/826 3304/3304/826
f 3301/3301/826 3302/3302/826 3303/3303/826
f 3305/3305/827 3307/3307/827 3306/3306/827
f 3305/3305/827 3308/3308/827 3307/3307/827
f 3309/3309/828 3311/3311/828 3312/3312/828
f 3309/3309/828 3310/3310/828 3311/3311/828
f 3313/3313/829 3315/3315/829 3314/3314/829
f 3313/3313/829 3316/3316/829 3315/3315/829
f 3317/3317/830 3319/3319/830 3320/3320/830
f 3317/3317/830 3318/3318/830 3319/3319/830
f 3321/3321/831 3323/3323/831 3322/3322/831
f 3321/3321/831 3324/3324/831 3323/3323/831
f 3325/3325/832 3327/3327/832 3328/3328/832
f 3325/3325/832 3326/3326/832 3327/3327/832
f 3329/3329/833 3331/3331/833 3330/3330/833
f 3329/3329/833 3332/3332/833 3331/3331/833
f 3333/3333/834 3335/3335/834 3336/3336/834
f 3333/3333/834 3334/3334/834 3335/3335/834
f 3337/3337/835 3339/3339/835 3338/3338/835
f 3337/3337/835 3340/3340/835 3339/3339/835
f 3341/3341/836 3343/3343/836 3344/3344/836
f 3341/3341/836 3342/3342/836 3343/3343/836
f 3345/3345/837 3347/3347/837 3346/3346/837
f 3345/3345/837 3348/3348/837 3347/3347/837
f 3349/3349/838 3351/3351/838 3352/3352/838
f 3349/3349/838 3350/3350/838 3351/3351/838
f 3353/3353/839 3355/3355/839 3354/3354/839
f 3353/3353/839 3356/3356/839 3355/3355/839
f 3357/3357/840 3359/3359/840 3360/3360/840
f 3357/3357/840 3358/3358/840 3359/3359/840
f 3361/3361/841 3363/3363/841 3362/3362/841
f 3361/3361/841 3364/3364/841 3363/3363/841
f 3365/3365/842 3367/3367/842 3368/3368/842
f 3365/3365/842 3366/3366/842 3367/3367/842
f 3369/3369/843 3371/3371/843 3370/3370/843
f 3369/3369/843 3372/3372/843 3371/3371/843
f 3373/3373/844 3375/3375/844 3376/3376/844
f 3373/3373/844 3374/3374/844 3375/3375/844
f 3377/3377/845 3379/3379/845 3378/3378/845
f 3377/3377/845 3380/3380/845 3379/3379/845
f 3381/3381/846 3383/3383/846 3384/3384/846
f 3381/3381/846 3382/3382/846 3383/3383/846
f 3385/3385/847 3387/3387/847 3386/3386/847
f 3385/3385/847 3388/3388/847 3387/3387/847
f 3389/3389/848 3391/3391/848 3392/3392/848
f 3389/3389/848 3390/3390/848 3391/3391/848
f 3393/3393/849 3395/3395/849 3394/3394/849
f 3393/3393/849 3396/3396/849 3395/3395/849
f 3397/3397/850 3399/3399/850 3400/3400/850
f 3397/3397/850 3398/3398/850 3399/3399/850
f 3401/3401/851 3403/3403/851 3402/3402/851
f 3401/3401/851 3404/3404/851 3403/3403/851
f 3405/3405/852 3407/3407/852 3408/3408/852
f 3405/3405/852 3406/3406/852 3407/3407/852
f 3409/3409/853 3411/3411/853 3410/3410/853
f 3409/3409/853 3412/3412/853 3411/3411/853
f 3413/3413/854 3415/3415/854 3416/3416/854
f 3413/3413/854 3414/3414/854 3415/3415/854
f 3417/3417/855 3419/3419/855 3418/3418/855
f 3417/3417/855 3420/3420/855 3419/3419/855
f 3421/3421/856 3423/3423/856 3424/3424/856
f 3421/3421/856 3422/3422/856 3423/3423/856
f 3425/3425/857 3427/3427/857 3426/3426/857
f 3425/3425/857 3428/3428/857 3427/3427/857
f 3429/3429/858 3431/3431/858 3432/3432/858
f 3429/3429/858 3430/3430/858 3431/3431/858
f 3433/3433/859 3435/3435/859 3434/3434/859
f 3433/3433/859 3436/3436/859 3435/3435/859
f 3437/3437/860 3439/3439/860 3440/3440/860
f 3437/3437/860 3438/3438/860 3439/3439/860
f 3441/3441/861 3443/3443/861 3442/3442/861
f 3441/3441/861 3444/3444/861 3443/3443/861
f 3445/3445/862 3447/3447/862 3448/3448/862
f 3445/3445/862 3446/3446/862 3447/3447/862
f 3449/3449/863 3451/3451/863 3450/3450/863
f 3449/3449/863 3452/3452/863 3451/3451/863
f 3453/3453/864 3455/3455/864 3456/3456/864
f 3453/3453/864 3454/3454/864 3455/3455/864
f 3457/3457/865 3459/3459/865 3458/3458/865
f 3457/3457/865 3460/3460/865 3459/3459/865
f 3461/3461/866 3463/3463/866 3464/3464/866
f 3461/3461/866 3462/3462/866 3463/3463/866
f 3465/3465/867 3467/3467/867 3466/3466/867
f 3465/3465/867 3468/3468/867 3467/3467/867
f 3469/3469/868 3471/3471/868 3472/3472/868
f 3469/3469/868 3470/3470/868 3471/3471/868
f 3473/3473/869 3475/3475/869 3474/3474/869
f 3473/3473/869 3476/3476/869 3475/3475/869
f 3477/3477/870 3479/3479/870 3480/3480/870
f 3477/3477/870 3478/3478/870 3479/3479/870
f 3481/3481/871 3483/3483/871 3482/3482/871
f 3481/3481/871 3484/3484/871 3483/3483/871
f 3485/3485/872 3487/3487/872 3488/3488/872
f 3485/3485/872 3486/3486/872 3487/3487/872
f 3489/3489/873 3491/3491/873 3490/3490/873
f 3489/3489/873 3492/3492/873 3491/3491/873
f 3493/3493/874 3495/3495/874 3496/3496/874
f 3493/3493/874 3494/3494/874 3495/3495/874
f 3497/3497/875 3499/3499/875 3498/3498/875
f 3497/3497/875 3500/3500/875 3499/3499/875
f 3501/3501/876 3503/3503/876 3504/3504/876
f 3501/3501/876 3502/3502/876 3503/3503/876
f 3505/3505/877 3507/3507/877 3506/3506/877
f 3505/3505/877 3508/3508/877 3507/3507/877
f 3509/3509/878 3511/3511/878 3512/3512/878
f 3509/3509/878 3510/3510/878 3511/3511/878
f 3513/3513/879 3515/3515/879 3514/3514/879
f 3513/3513/879 3516/3516/879 3515/3515/879
f 3517/3517/880 3519/3519/880 3520/3520/880
f 3517/3517/880 3518/3518/880 3519/3519/880
f 3521/3521/881 3523/3523/881 3522/3522/881
f 3521/3521/881 3524/3524/881 3523/3523/881
f 3525/3525/882 3527/3527/882 3528/3528/882
f 3525/3525/882 3526/3526/882 3527/3527/882
f 3529/3529/883 3531/3531/883 3530/3530/883
f 3529/3529/883 3532/3532/883 3531/3531/883
f 3533/3533/884 3535/3535/884 3536/3536/884
f 3533/3533/884 3534/3534/884 3535/3535/884
f 3537/3537/885 3539/3539/885 3538/3538/885
f 3537/3537/885 3540/3540/885 3539/3539/885
f 3541/3541/886 3543/3543/886 3544/3544/886
f 3541/3541/886 3542/3542/886 3543/3543/886
f 3545/3545/887 3547/3547/887 3546/3546/887
f 3545/3545/887 3548/3548/887 3547/3547/887
f 3549/3549/888 3551/3551/888 3552/3552/888
f 3549/3549/888 3550/3550/888 3551/3551/888
f 3553/3553/889 3555/3555/889 3554/3554/889
f 3553/3553/889 3556/3556/889 3555/3555/889
f 3557/3557/890 3559/3559/890 3560/3560/890
f 3557/3557/890 3558/3558/890 3559/3559/890
f 3561/3561/891 3563/3563/891 3562/3562/891
f 3561/3561/891 3564/3564/891 3563/3563/891
f 3565/3565/892 3567/3567/892 3568/3568/892
f 3565/3565/892 3566/3566/892 3567/3567/892
f 3569/3569/893 3571/3571/893 3570/3570/893
f 3569/3569/893 3572/3572/893 3571/3571/893
f 3573/3573/894 3575/3575/894 3576/3576/894
f 3573/3573/894 3574/3574/894 3575/3575/894
f 3577/3577/895 3579/3579/895 3578/3578/895
f 3577/3577/895 3580/3580/895 3579/3579/895
f 3581/3581/896 3583/3583/896 3584/3584/896
f 3581/3581/896 3582/3582/896 3583/3583/896
f 3585/3585/897 3587/3587/897 3586/3586/897
f 3585/3585/897 3588/3588/897 3587/3587/897
f 3589/3589/898 3591/3591/898 3592/3592/898
f 3589/3589/898 3590/3590/898 3591/3591/898
f 3593/3593/899 3595/3595/899 3594/3594/899
f 3593/3593/899 3596/3596/899 3595/3595/899
f 3597/3597/900 3599/3599/900 3600/3600/900
f 3597/3597/900 3598/3598/900 3599/3599/900
f 3601/3601/901 3603/3603/901 3602/3602/901
f 3601/3601/901 3604/3604/901 3603/3603/901
f 3605/3605/902 3607/3607/902 3608/3608/902
f 3605/3605/902 3606/3606/902 3607/3607/902
f 3609/3609/903 3611/3611/903 3610/3610/903
f 3609/3609/903 3612/3612/903 3611/3611/903
f 3613/3613/904 3615/3615/904 3616/3616/904
f 3613/3613/904 3614/3614/904 3615/3615/904
f 3617/3617/905 3619/3619/905 3618/3618/905
f 3617/3617/905 3620/3620/905 3619/3619/905
f 3621/3621/906 3623/3623/906 3624/3624/906
f 3621/3621/906 3622/3622/906 3623/3623/906
f 3625/3625/907 3627/3627/907 3626/3626/907
f 3625/3625/907 3628/3628/907 3627/3627/907
f 3629/3629/908 3631/3631/908 3632/3632/908
f 3629/3629/908 3630/3630/908 3631/3631/908
f 3633/3633/909 3635/3635/909 3634/3634/909
f 3633/3633/909 3636/3636/909 3635/3635/909
f 3637/3637/910 3639/3639/910 3640/3640/910
f 3637/3637/910 3638/3638/910 3639/3639/910
f 3641/3641/911 3643/3643/911 3642/3642/911
f 3641/3641/911 3644/3644/911 3643/3643/911
f 3645/3645/912 3647/3647/912 3648/3648/912
f 3645/3645/912 3646/3646/912 3647/3647/912
f 3649/3649/913 3651/3651/913 3650/3650/913
f 3649/3649/913 3652/3652/913 3651/3651/913
f 3653/3653/914 3655/3655/914 3656/3656/914
f 3653/3653/914 3654/3654/914 3655/3655/914
f 3657/3657/915 3659/3659/915 3658/3658/915
f 3657/3657/915 3660/3660/915 3659/3659/915
f 3661/3661/916 3663/3663/916 3664/3664/916
f 3661/3661/916 3662/3662/916 3663/3663/916
f 3665/3665/917 3667/3667/917 3666/3666/917
f 3665/3665/917 3668/3668/917 3667/3667/917
f 3669/3669/918 3671/3671/918 3672/3672/918
f 3669/3669/918 3670/3670/918 3671/3671/918
f 3673/3673/919 3675/3675/919 3674/3674/919
f 3673/3673/919 3676/3676/919 3675/3675/919
f 3677/3677/920 3679/3679/920 3680/3680/920
f 3677/3677/920 3678/3678/920 3679/3679/920
f 3681/3681/921 3683/3683/921 3682/3682/921
f 3681/3681/921 3684/3684/921 3683/3683/921
f 3685/3685/922 3687/3687/922 3688/3688/922
f 3685/3685/922 3686/3686/922 3687/3687/922
f 3689/3689/923 3691/3691/923 3690/3690/923
f 3689/3689/923 3692/3692/923 3691/3691/923
f 3693/3693/924 3695/3695/924 3696/3696/924
f 3693/3693/924 3694/3694/924 3695/3695/924
f 3697/3697/925 3699/3699/925 3698/3698/925
f 3697/3697/925 3700/3700/925 3699/3699/925
f 3701/3701/926 3703/3703/926 3704/3704/926
f 3701/3701/926 3702/3702/926 3703/3703/926
f 3705/3705/927 3707/3707/927 3706/3706/927
f 3705/3705/927 3708/3708/927 3707/3707/927
f 3709/3709/928 3711/3711/928 3712/3712/928
f 3709/3709/928 3710/3710/928 3711/3711/928
f 3713/3713/929 3715/3715/929 3714/3714/929
f 3713/3713/929 3716/3716/929 3715/3715/929
f 3717/3717/930 3719/3719/930 3720/3720/930
f 3717/3717/930 3718/3718/930 3719/3719/930
