# JudeanFloraV1; canonical UE cm (X east, +Y south, Z up), written with Y reflected and triangle winding reversed for the legacy OBJ importer adapter. One o object, no g groups, so the importer creates exactly one material slot.
# Italian cypress (Cupressus sempervirens), StreetTreesV1 seed 3, LOD0 bark
# height 10.0-19.0 m, crown 1.8-3.8 m; source: Zohary, M., Plants of the Bible (Cambridge University Press, 1982), species entry Cupressus sempervirens; the columnar form is 1.8-3.8 m across at 10-19 m
# branching is recursive with da Vinci child radii; leaf sprays are anchored to branch tips. Stylised habit, not a survey of any tree.
o SM_StreetTreesV1_Cypress_S3_L0_Bark
s off
v 0.00000 28.59750 0.00600
v 13.60084 23.55808 -0.10053
v 24.76542 14.29879 -0.18904
v 27.20168 0.00004 -0.21094
v 24.76542 -14.29871 -0.19504
v 13.60084 -23.55803 -0.11041
v 0.00000 -28.59750 -0.00600
v -13.60084 -23.55808 0.10053
v -24.76542 -14.29879 0.18904
v -27.20168 -0.00004 0.21094
v -24.76542 14.29871 0.19504
v -13.60084 23.55803 0.11041
v 0.76632 22.62366 54.96444
v 11.47251 18.47652 54.78105
v 20.19606 11.01087 54.64442
v 21.95874 -0.33584 54.64761
v 19.85656 -11.62434 54.72151
v 10.91305 -18.82391 54.90808
v 0.08732 -22.64676 55.11861
v -10.61887 -18.49962 55.30199
v -19.34242 -11.03397 55.43862
v -21.10510 0.31274 55.43543
v -19.00292 11.60125 55.36154
v -10.05941 18.80082 55.17497
v 2.56478 18.55384 110.09054
v 11.13118 15.09784 109.78269
v 18.05189 8.97743 109.52502
v 19.34321 -0.17405 109.45537
v 17.50578 -9.23187 109.49501
v 10.23070 -14.92735 109.73320
v 1.47256 -17.86477 110.03052
v -7.09385 -14.40877 110.33836
v -14.01455 -8.28836 110.59604
v -15.30588 0.86311 110.66569
v -13.46844 9.92094 110.62605
v -6.19337 15.61642 110.38785
v 4.93180 14.60173 165.05696
v 11.91473 11.67714 164.82271
v 17.50139 6.56621 164.63068
v 18.46112 -0.94687 164.58663
v 16.83037 -8.34337 164.62787
v 10.80717 -12.93186 164.81807
v 3.58976 -15.21744 165.05135
v -3.39317 -12.29285 165.28560
v -8.97984 -7.18192 165.47763
v -9.93956 0.33116 165.52168
v -8.30882 7.72767 165.48044
v -2.28562 12.31616 165.29023
v 6.37634 12.54672 219.86006
v 12.15466 10.03890 219.71195
v 16.72668 5.70413 219.63160
v 17.44742 -0.55486 219.70629
v 15.98293 -6.68142 219.84978
v 10.92535 -10.43259 220.07258
v 4.88884 -12.22438 220.29642
v -0.88947 -9.71656 220.44452
v -5.46149 -5.38179 220.52488
v -6.18223 0.87720 220.45018
v -4.71774 7.00376 220.30669
v 0.33984 10.75493 220.08390
v 8.60590 11.76635 274.70521
v 13.41751 9.60628 274.55799
v 17.17741 5.90498 274.50585
v 17.71928 0.65846 274.64560
v 16.39997 -4.44555 274.86394
v 12.13024 -7.53200 275.15090
v 7.05102 -8.93472 275.42137
v 2.23941 -6.77465 275.56859
v -1.52049 -3.07335 275.62072
v -2.06236 2.17317 275.48098
v -0.74306 7.27719 275.26264
v 3.52668 10.36364 274.97568
v 11.31171 12.18001 329.59075
v 15.28958 10.33661 329.43838
v 18.35484 7.19864 329.39319
v 18.75696 2.83316 329.55355
v 17.58058 -1.38592 329.79898
v 14.00481 -3.90801 330.11171
v 9.76317 -4.98912 330.40233
v 5.78530 -3.14573 330.55471
v 2.72003 -0.00775 330.59989
v 2.31792 4.35773 330.43953
v 3.49430 8.57681 330.19410
v 7.07006 11.09890 329.88137
v 14.90428 12.96450 384.50891
v 18.10666 11.43763 384.36448
v 20.53626 8.84874 384.31848
v 20.82487 5.31249 384.45649
v 19.80650 1.91799 384.67485
v 16.89273 -0.09139 384.95729
v 13.44476 -0.89701 385.22164
v 10.24238 0.62986 385.36607
v 7.81278 3.21875 385.41207
v 7.52417 6.75501 385.27405
v 8.54255 10.14951 385.05570
v 11.45631 12.15889 384.77326
v 14.17452 12.38646 385.30177
v 17.61683 11.38122 385.18556
v 19.96624 8.67819 384.96765
v 20.47681 5.13556 384.71725
v 18.98645 1.87811 384.51384
v 15.96834 -0.05996 384.42200
v 12.38070 -0.06332 384.47091
v 9.36259 1.86910 384.64502
v 7.87223 5.12376 384.88906
v 8.38280 8.66734 385.12555
v 10.73221 11.37477 385.27940
v 15.89253 2.46311 510.48475
v 18.62338 1.66309 510.41580
v 20.48721 -0.48583 510.31268
v 20.89226 -3.30138 510.20812
v 19.70993 -5.88965 510.13532
v 17.31560 -7.42888 510.11740
v 14.46946 -7.43037 510.16004
v 12.07514 -5.89365 510.24971
v 10.89281 -3.30662 510.35794
v 11.29786 -0.49065 510.45036
v 13.16168 1.66023 510.49763
v 17.94247 0.98236 636.14373
v 19.96206 0.39006 636.10866
v 21.34045 -1.19980 636.05234
v 21.64000 -3.28247 635.99265
v 20.76561 -5.19670 635.94855
v 18.99490 -6.33475 635.93403
v 16.89004 -6.33529 635.95370
v 15.11933 -5.19814 636.00132
v 14.24494 -3.28436 636.06177
v 14.54449 -1.20154 636.11586
v 15.92288 0.38903 636.14641
v 18.24319 -7.03337 761.74215
v 19.55139 -7.41678 761.71856
v 20.44425 -8.44561 761.66155
v 20.63828 -9.79322 761.58921
v 20.07189 -11.03175 761.52450
v 18.92491 -11.76798 761.48798
v 17.56148 -11.76815 761.49124
v 16.41449 -11.03222 761.53324
v 15.84811 -9.79383 761.60065
v 16.04214 -8.44617 761.67206
v 16.93500 -7.41711 761.72481
v 18.24319 -7.20270 761.77323
v 19.56135 -7.62295 761.61796
v 20.37601 -8.74094 761.46090
v 20.37601 -10.12963 761.36203
v 19.56135 -11.25860 761.35913
v 18.24319 -11.69661 761.45330
v 16.92504 -11.27636 761.60857
v 16.11038 -10.15837 761.76564
v 16.11038 -8.76967 761.86450
v 16.92504 -7.64071 761.86740
v 29.97937 -16.45068 885.11262
v 31.02774 -16.78837 885.03027
v 31.67567 -17.67887 884.94609
v 31.67567 -18.78204 884.89222
v 31.02774 -19.67651 884.88926
v 29.97937 -20.02062 884.93832
v 28.93101 -19.68292 885.02066
v 28.28308 -18.79242 885.10485
v 28.28308 -17.68925 885.15871
v 28.93101 -16.79479 885.16168
v 33.79742 -20.21704 1009.23537
v 34.57307 -20.46832 1009.18714
v 35.05245 -21.12825 1009.14489
v 35.05245 -21.94477 1009.12478
v 34.57307 -22.60598 1009.13448
v 33.79742 -22.85933 1009.17029
v 33.02177 -22.60805 1009.21853
v 32.54240 -21.94812 1009.26077
v 32.54240 -21.13160 1009.28088
v 33.02177 -20.47039 1009.27118
v 43.42662 -23.48976 1133.09676
v 43.92826 -23.65232 1133.05408
v 44.23828 -24.07966 1133.02030
v 44.23828 -24.60857 1133.00831
v 43.92826 -25.03700 1133.02270
v 43.42662 -25.20133 1133.05797
v 42.92499 -25.03877 1133.10065
v 42.61496 -24.61142 1133.13443
v 42.61496 -24.08252 1133.14642
v 42.92499 -23.65408 1133.13203
v 43.42662 -23.54963 1133.11684
v 43.93759 -23.73405 1133.07160
v 44.20947 -24.20460 1133.02906
v 44.11504 -24.74110 1133.00912
v 43.69850 -25.09251 1133.02111
v 43.15474 -25.09441 1133.05943
v 42.73820 -24.74591 1133.10614
v 42.64378 -24.21007 1133.13938
v 42.91566 -23.73762 1133.14361
v 50.51905 -28.69431 1233.52635
v 50.92432 -28.83981 1233.48628
v 51.13996 -29.21235 1233.44464
v 51.06507 -29.63760 1233.42090
v 50.73469 -29.91660 1233.42618
v 50.30342 -29.91879 1233.45800
v 49.97304 -29.64315 1233.50148
v 49.89815 -29.21866 1233.53627
v 50.11379 -28.84393 1233.54610
v 58.29227 -37.68880 1333.60801
v 58.59141 -37.79570 1333.57117
v 58.75058 -38.07072 1333.53507
v 58.69530 -38.38516 1333.51662
v 58.45144 -38.59190 1333.52444
v 58.13310 -38.59420 1333.55488
v 57.88924 -38.39099 1333.59369
v 57.83396 -38.07734 1333.62272
v 57.99313 -37.80003 1333.62837
v 69.75361 -44.14235 1433.51902
v 69.94700 -44.21166 1433.49248
v 70.04990 -44.38996 1433.46945
v 70.01416 -44.59380 1433.46072
v 69.85651 -44.72782 1433.47037
v 69.65071 -44.72930 1433.49388
v 69.49306 -44.59755 1433.52026
v 69.45733 -44.39422 1433.53715
v 69.56023 -44.21444 1433.53667
v 43.42662 -24.12853 1133.03548
v 43.56854 -24.17805 1133.05178
v 43.64405 -24.30594 1133.08006
v 43.61782 -24.45236 1133.10707
v 43.50213 -24.54880 1133.12018
v 43.35111 -24.55014 1133.11326
v 43.23542 -24.45574 1133.08954
v 43.20920 -24.30978 1133.06012
v 43.28471 -24.18056 1133.03877
v 40.61715 -12.76905 1192.13110
v 40.72976 -12.80834 1192.14379
v 40.78968 -12.90971 1192.16662
v 40.76887 -13.02571 1192.18891
v 40.67707 -13.10207 1192.20022
v 40.55724 -13.10306 1192.19527
v 40.46544 -13.02821 1192.17637
v 40.44463 -12.91256 1192.15236
v 40.50455 -12.81020 1192.13448
v 38.35266 -0.62937 1251.10108
v 38.43597 -0.65897 1251.10814
v 38.48030 -0.73464 1251.12137
v 38.46491 -0.82099 1251.13458
v 38.39699 -0.87760 1251.14158
v 38.30833 -0.87799 1251.13910
v 38.24041 -0.82198 1251.12830
v 38.22501 -0.73577 1251.11423
v 38.26934 -0.65970 1251.10348
v 37.21190 5.92036 1310.98343
v 37.26588 5.90094 1310.98660
v 37.29460 5.85155 1310.99259
v 37.28462 5.79529 1310.99859
v 37.24062 5.75849 1311.00181
v 37.18318 5.75837 1311.00072
v 37.13918 5.79499 1310.99585
v 37.12920 5.85120 1310.98947
v 37.15792 5.90072 1310.98457
v 43.42662 -24.12488 1133.08995
v 43.56121 -24.17392 1133.04157
v 43.63282 -24.30326 1133.00994
v 43.60795 -24.45238 1133.00986
v 43.49823 -24.55152 1133.04136
v 43.35501 -24.55428 1133.08971
v 43.24530 -24.45936 1133.13229
v 43.22043 -24.31120 1133.14916
v 43.29204 -24.17910 1133.13244
v 62.64402 -27.40645 1189.82915
v 62.75130 -27.44498 1189.79183
v 62.80838 -27.54733 1189.76630
v 62.78855 -27.66561 1189.76450
v 62.70110 -27.74447 1189.78727
v 62.58694 -27.74701 1189.82396
v 62.49949 -27.67205 1189.85741
v 62.47966 -27.55466 1189.87195
v 62.53674 -27.44976 1189.86079
v 80.21576 -32.11619 1247.00114
v 80.29654 -32.14449 1246.97792
v 80.33953 -32.21996 1246.95993
v 80.32460 -32.30728 1246.95560
v 80.25874 -32.36560 1246.96695
v 80.17277 -32.36762 1246.98867
v 80.10691 -32.31241 1247.01060
v 80.09199 -32.22579 1247.02247
v 80.13497 -32.14829 1247.01874
v 92.11716 -38.27349 1305.48007
v 92.17007 -38.29192 1305.46737
v 92.19823 -38.34081 1305.45654
v 92.18845 -38.39729 1305.45262
v 92.14531 -38.43492 1305.45747
v 92.08901 -38.43611 1305.46880
v 92.04587 -38.40029 1305.48133
v 92.03609 -38.34422 1305.48917
v 92.06425 -38.29414 1305.48868
v 18.24319 -8.82700 761.56195
v 18.60435 -8.94045 761.63802
v 18.82756 -9.24841 761.70464
v 18.82756 -9.63323 761.73636
v 18.60435 -9.94793 761.72106
v 18.24319 -10.07231 761.66459
v 17.88203 -9.95886 761.58851
v 17.65883 -9.65090 761.52190
v 17.65883 -9.26608 761.49018
v 17.88203 -8.95138 761.50548
v 5.96745 -3.47888 828.02481
v 6.25356 -3.56924 828.08654
v 6.43039 -3.81390 828.13862
v 6.43039 -4.11940 828.16116
v 6.25356 -4.36905 828.14555
v 5.96745 -4.46749 828.09776
v 5.68133 -4.37713 828.03603
v 5.50451 -4.13247 827.98395
v 5.50451 -3.82697 827.96141
v 5.68133 -3.57732 827.97702
v -7.30980 0.71479 894.39040
v -7.09765 0.64599 894.43007
v -6.96653 0.46353 894.45893
v -6.96653 0.23711 894.46597
v -7.09765 0.05322 894.44849
v -7.30980 -0.01792 894.41317
v -7.52195 0.05089 894.37351
v -7.65307 0.23334 894.34465
v -7.65307 0.45976 894.33761
v -7.52195 0.64366 894.35509
v -17.61904 0.40856 961.40773
v -17.48111 0.36316 961.42883
v -17.39587 0.24442 961.44163
v -17.39587 0.09769 961.44124
v -17.48111 -0.02098 961.42782
v -17.61904 -0.06626 961.40648
v -17.75696 -0.02086 961.38537
v -17.84220 0.09788 961.37257
v -17.84220 0.24461 961.37296
v -17.75696 0.36328 961.38639
v -17.61904 0.39215 961.41022
v -17.48046 0.34000 961.44081
v -17.40673 0.20885 961.45562
v -17.43234 0.06006 961.44774
v -17.54530 -0.03675 961.42084
v -17.69277 -0.03628 961.38751
v -17.80574 0.06125 961.36335
v -17.83134 0.21020 961.35967
v -17.75761 0.34089 961.37818
v -30.96577 -0.48604 1020.45410
v -30.85507 -0.52680 1020.47577
v -30.79616 -0.63052 1020.48832
v -30.81662 -0.74868 1020.48589
v -30.90687 -0.82599 1020.46960
v -31.02468 -0.82627 1020.44709
v -31.11492 -0.74939 1020.42888
v -31.13538 -0.63133 1020.42349
v -31.07648 -0.52733 1020.43345
v -40.33031 1.78457 1080.22370
v -40.24809 1.75463 1080.23821
v -40.20434 1.67805 1080.24762
v -40.21954 1.59066 1080.24752
v -40.28656 1.53336 1080.23796
v -40.37406 1.53296 1080.22342
v -40.44108 1.58964 1080.21070
v -40.45627 1.67689 1080.20574
v -40.41253 1.75387 1080.21088
v -50.82494 2.74014 1139.84548
v -50.77177 2.72065 1139.85517
v -50.74348 2.67098 1139.86098
v -50.75331 2.61438 1139.86020
v -50.79665 2.57733 1139.85320
v -50.85323 2.57716 1139.84324
v -50.89657 2.61396 1139.83499
v -50.90640 2.67050 1139.83231
v -50.87811 2.72033 1139.83645
v -17.61904 0.23021 961.39069
v -17.57999 0.21780 961.39960
v -17.55921 0.18356 961.41201
v -17.56643 0.14351 961.42213
v -17.59826 0.11640 961.42522
v -17.63982 0.11490 961.41983
v -17.67165 0.13972 961.40848
v -17.67887 0.17925 961.39649
v -17.65809 0.21499 961.38947
v -21.62626 8.18588 990.07392
v -21.59528 8.17599 990.08088
v -21.57879 8.14877 990.09057
v -21.58451 8.11696 990.09845
v -21.60977 8.09545 990.10084
v -21.64275 8.09430 990.09662
v -21.66801 8.11405 990.08776
v -21.67374 8.14545 990.07841
v -21.65725 8.17382 990.07295
v -25.51960 15.86507 1018.84808
v -25.49663 15.85762 1018.85281
v -25.48441 15.83740 1018.85966
v -25.48866 15.81386 1018.86542
v -25.50738 15.79802 1018.86739
v -25.53181 15.79730 1018.86466
v -25.55053 15.81202 1018.85850
v -25.55478 15.83530 1018.85179
v -25.54256 15.85625 1018.84767
v -28.53089 23.51600 1047.73512
v -28.51599 23.51111 1047.73797
v -28.50807 23.49798 1047.74228
v -28.51082 23.48274 1047.74603
v -28.52296 23.47253 1047.74748
v -28.53882 23.47212 1047.74593
v -28.55096 23.48171 1047.74212
v -28.55372 23.49680 1047.73783
v -28.54579 23.51034 1047.73507
v -17.61904 0.22912 961.42705
v -17.57967 0.21499 961.42401
v -17.55873 0.18036 961.41306
v -17.56600 0.14141 961.39933
v -17.59809 0.11638 961.38923
v -17.63998 0.11698 961.38750
v -17.67207 0.14292 961.39494
v -17.67935 0.18207 961.40807
v -17.65840 0.21611 961.42075
v -18.95795 -9.74187 990.36939
v -18.92676 -9.75336 990.36809
v -18.91016 -9.78128 990.36091
v -18.91593 -9.81257 990.35120
v -18.94136 -9.83259 990.34351
v -18.97455 -9.83197 990.34144
v -18.99998 -9.81101 990.34595
v -19.00574 -9.77950 990.35494
v -18.98915 -9.75220 990.36420
v -21.60080 -17.22376 1019.96326
v -21.57776 -17.23239 1019.96356
v -21.56551 -17.25349 1019.96044
v -21.56977 -17.27718 1019.95536
v -21.58854 -17.29238 1019.95070
v -21.61305 -17.29197 1019.94864
v -21.63183 -17.27615 1019.95014
v -21.63608 -17.25232 1019.95451
v -21.62383 -17.23162 1019.95969
v -24.18310 -21.65001 1050.17296
v -24.16818 -21.65558 1050.17342
v -24.16024 -21.66933 1050.17209
v -24.16300 -21.68483 1050.16959
v -24.17516 -21.69481 1050.16709
v -24.19104 -21.69462 1050.16576
v -24.20320 -21.68434 1050.16622
v -24.20596 -21.66877 1050.16826
v -24.19802 -21.65522 1050.17092
v 18.24319 -8.83235 761.51698
v 18.60605 -8.95896 761.47951
v 18.83030 -9.27300 761.49313
v 18.83030 -9.65451 761.55264
v 18.60605 -9.95778 761.63531
v 18.24319 -10.06696 761.70956
v 17.88034 -9.94035 761.74703
v 17.65609 -9.62631 761.73341
v 17.65609 -9.24480 761.67390
v 17.88034 -8.94153 761.59123
v 28.84720 1.52947 828.78302
v 29.13469 1.42884 828.75043
v 29.31236 1.17944 828.75844
v 29.31236 0.87651 828.80400
v 29.13469 0.63578 828.86970
v 28.84720 0.54919 828.93045
v 28.55971 0.64982 828.96304
v 28.38203 0.89923 828.95503
v 28.38203 1.20215 828.90947
v 28.55971 1.44288 828.84377
v 40.55773 11.13078 895.99386
v 40.77073 11.05786 895.96881
v 40.90238 10.87351 895.96757
v 40.90238 10.64816 895.99061
v 40.77073 10.46787 896.02912
v 40.55773 10.40152 896.06840
v 40.34473 10.47445 896.09345
v 40.21309 10.65879 896.09469
v 40.21309 10.88415 896.07166
v 40.34473 11.06443 896.03314
v 49.49860 15.11086 964.18821
v 49.63697 15.06451 964.17286
v 49.72249 14.94535 964.16882
v 49.72249 14.79888 964.17765
v 49.63697 14.68107 964.19596
v 49.49860 14.63690 964.21677
v 49.36024 14.68325 964.23213
v 49.27472 14.80241 964.23616
v 49.27472 14.94887 964.22734
v 49.36024 15.06669 964.20902
v 49.49860 15.09241 964.16940
v 49.63927 15.03830 964.15746
v 49.71412 14.90726 964.16659
v 49.68812 14.76060 964.19252
v 49.57345 14.66694 964.22312
v 49.42376 14.67012 964.24407
v 49.30908 14.76863 964.24556
v 49.28309 14.91639 964.22690
v 49.35794 15.04426 964.19682
v 59.05930 25.16303 1030.96816
v 59.17130 25.12054 1030.96216
v 59.23090 25.01690 1030.97182
v 59.21020 24.90061 1030.99262
v 59.11889 24.82607 1031.01482
v 58.99970 24.82816 1031.02805
v 58.90839 24.90592 1031.02610
v 58.88770 25.02294 1031.00989
v 58.94729 25.12448 1030.98701
v 64.72364 36.23274 1098.05351
v 64.80657 36.20148 1098.04996
v 64.85070 36.12490 1098.05742
v 64.83538 36.03883 1098.07240
v 64.76777 35.98355 1098.08788
v 64.67952 35.98491 1098.09663
v 64.61191 36.04229 1098.09455
v 64.59659 36.12883 1098.08261
v 64.64071 36.20404 1098.06640
v 72.67892 45.98645 1165.11177
v 72.73254 45.96610 1165.10839
v 72.76107 45.91639 1165.11227
v 72.75116 45.86057 1165.12160
v 72.70745 45.82477 1165.13202
v 72.65039 45.82574 1165.13865
v 72.60668 45.86302 1165.13838
v 72.59677 45.91918 1165.13135
v 72.62530 45.96792 1165.12084
v 49.49860 14.93463 964.21068
v 49.53699 14.92161 964.19994
v 49.55741 14.88625 964.19039
v 49.55032 14.84511 964.18650
v 49.51903 14.81743 964.19010
v 49.47818 14.81616 964.19950
v 49.44689 14.84190 964.21030
v 49.43980 14.88261 964.21744
v 49.46022 14.91923 964.21760
v 58.04941 10.00138 1000.71507
v 58.07998 9.99067 1000.70748
v 58.09624 9.96231 1000.70133
v 58.09059 9.92958 1000.69949
v 58.06567 9.90779 1000.70282
v 58.03315 9.90714 1000.70976
v 58.00823 9.92793 1000.71707
v 58.00258 9.96044 1000.72133
v 58.01885 9.98945 1000.72053
v 65.34174 8.03543 1037.76956
v 65.36454 8.02732 1037.76510
v 65.37666 8.00623 1037.76150
v 65.37245 7.98201 1037.76043
v 65.35387 7.96601 1037.76240
v 65.32961 7.96571 1037.76649
v 65.31103 7.98125 1037.77078
v 65.30682 8.00536 1037.77327
v 65.31895 8.02676 1037.77279
v 70.64775 4.51007 1075.04748
v 70.66258 4.50484 1075.04488
v 70.67047 4.49121 1075.04247
v 70.66773 4.47555 1075.04138
v 70.65564 4.46519 1075.04213
v 70.63986 4.46498 1075.04435
v 70.62778 4.47502 1075.04702
v 70.62504 4.49060 1075.04888
v 70.63293 4.50445 1075.04906
v 49.49860 14.93319 964.18701
v 49.53767 14.92061 964.19558
v 49.55846 14.88616 964.20740
v 49.55124 14.84597 964.21692
v 49.51939 14.81883 964.21969
v 49.47782 14.81746 964.21441
v 49.44597 14.84248 964.20356
v 49.43875 14.88220 964.19221
v 49.45954 14.91802 964.18567
v 44.61618 24.33125 1000.22481
v 44.64712 24.32121 1000.23178
v 44.66358 24.29372 1000.24071
v 44.65786 24.26164 1000.24743
v 44.63264 24.23999 1000.24880
v 44.59972 24.23890 1000.24417
v 44.57450 24.25887 1000.23571
v 44.56878 24.29057 1000.22738
v 44.58524 24.31915 1000.22307
v 38.75816 31.98239 1036.53021
v 38.78095 31.97484 1036.53556
v 38.79308 31.95430 1036.54155
v 38.78887 31.93037 1036.54539
v 38.77029 31.91425 1036.54527
v 38.74603 31.91348 1036.54125
v 38.72745 31.92843 1036.53522
v 38.72323 31.95209 1036.52999
v 38.73536 31.97340 1036.52801
v 32.13249 38.16468 1072.98199
v 32.14722 38.15975 1072.98550
v 32.15507 38.14638 1072.98920
v 32.15234 38.13083 1072.99135
v 32.14033 38.12037 1072.99094
v 32.12464 38.11990 1072.98817
v 32.11263 38.12964 1072.98433
v 32.10991 38.14502 1072.98122
v 32.11775 38.15886 1072.98029
v 14.17452 7.73012 384.37400
v 15.12408 7.48867 384.54813
v 15.77215 6.78529 384.82294
v 15.91299 5.84330 385.11120
v 15.50188 4.96178 385.32138
v 14.66934 4.42060 385.38675
v 13.67970 4.39158 385.28655
v 12.84716 4.88394 385.05260
v 12.43605 5.74135 384.75918
v 12.57689 6.69160 384.49944
v 13.22497 7.43299 384.35585
v 6.68535 27.15961 452.78103
v 7.43761 26.96454 452.92001
v 7.95103 26.39921 453.12015
v 8.06260 25.64310 453.31791
v 7.73691 24.93627 453.45049
v 7.07736 24.50314 453.47581
v 6.29334 24.48122 453.38582
v 5.63379 24.87747 453.20910
v 5.30810 25.56609 453.00176
v 5.41968 26.32843 452.82961
v 5.93310 26.92247 452.74733
v -2.57233 40.60826 522.43034
v -2.01455 40.45450 522.50819
v -1.63385 40.02509 522.61548
v -1.55112 39.45637 522.71814
v -1.79261 38.92889 522.78356
v -2.28166 38.61014 522.79099
v -2.86300 38.60130 522.73806
v -3.35205 38.90520 522.64158
v -3.59355 39.42533 522.53218
v -3.51081 39.99657 522.44459
v -3.13012 40.43755 522.40663
v -6.43304 49.85702 593.20178
v -6.07074 49.75410 593.23555
v -5.82346 49.47272 593.28729
v -5.76973 49.10222 593.34057
v -5.92659 48.76023 593.37848
v -6.24424 48.55534 593.38897
v -6.62183 48.55259 593.36872
v -6.93949 48.75285 593.32416
v -7.09635 49.09255 593.26943
v -7.04261 49.46383 593.22192
v -6.79534 49.74882 593.19670
v -6.43304 49.81678 593.28859
v -6.06842 49.69771 593.33306
v -5.84308 49.38549 593.36189
v -5.84308 48.99936 593.36408
v -6.06842 48.68683 593.33880
v -6.43304 48.56726 593.29569
v -6.79765 48.68633 593.25123
v -7.02299 48.99856 593.22240
v -7.02299 49.38468 593.22020
v -6.79765 49.69722 593.24549
v -13.75511 50.03399 654.27261
v -13.46491 49.93898 654.29702
v -13.28556 49.69095 654.30944
v -13.28556 49.38466 654.30512
v -13.46491 49.13708 654.28572
v -13.75511 49.04279 654.25864
v -14.04530 49.13780 654.23422
v -14.22465 49.38583 654.22180
v -14.22465 49.69213 654.22612
v -14.04530 49.93970 654.24553
v -17.28123 47.83512 715.56124
v -17.06594 47.76480 715.56556
v -16.93288 47.58152 715.56084
v -16.93288 47.35531 715.54888
v -17.06594 47.17256 715.53426
v -17.28123 47.10308 715.52255
v -17.49652 47.17341 715.51824
v -17.62958 47.35668 715.52296
v -17.62958 47.58290 715.53491
v -17.49652 47.76564 715.54953
v -18.32763 43.29988 776.80426
v -18.18810 43.25449 776.80337
v -18.10187 43.13598 776.79632
v -18.10187 42.98963 776.78579
v -18.18810 42.87134 776.77581
v -18.32763 42.82628 776.77019
v -18.46715 42.87168 776.77107
v -18.55339 42.99018 776.77812
v -18.55339 43.13653 776.78865
v -18.46715 43.25483 776.79863
v -18.32763 43.28371 776.80032
v -18.18566 43.23178 776.80254
v -18.11012 43.10091 776.79760
v -18.13635 42.95234 776.78779
v -18.25209 42.85559 776.77772
v -18.40317 42.85592 776.77210
v -18.51890 42.95319 776.77355
v -18.54514 43.10188 776.78140
v -18.46960 43.23241 776.79197
v -20.18450 40.28789 826.48021
v -20.07188 40.24676 826.48346
v -20.01195 40.14287 826.48298
v -20.03276 40.02481 826.47898
v -20.12458 39.94784 826.47335
v -20.24443 39.94797 826.46871
v -20.33624 40.02513 826.46723
v -20.35705 40.14323 826.46962
v -20.29712 40.24700 826.47474
v -22.18115 40.50672 876.24119
v -22.09784 40.47647 876.24450
v -22.05351 40.39973 876.24810
v -22.06891 40.31241 876.25031
v -22.13682 40.25536 876.25011
v -22.22548 40.25529 876.24757
v -22.29340 40.31221 876.24390
v -22.30880 40.39951 876.24080
v -22.26447 40.47632 876.23973
v -23.03212 43.22161 925.96704
v -22.97814 43.20205 925.96905
v -22.94942 43.15240 925.97229
v -22.95939 43.09590 925.97526
v -23.00340 43.05898 925.97656
v -23.06084 43.05893 925.97558
v -23.10484 43.09576 925.97278
v -23.11482 43.15224 925.96947
v -23.08610 43.20194 925.96720
v -18.32763 43.12357 776.79716
v -18.28924 43.11086 776.78605
v -18.26882 43.07580 776.77549
v -18.27591 43.03478 776.77042
v -18.30720 43.00701 776.77321
v -18.34805 43.00547 776.78255
v -18.37934 43.03089 776.79408
v -18.38643 43.07138 776.80240
v -18.36601 43.10798 776.80361
v -11.65215 38.44239 805.21071
v -11.62168 38.43229 805.20200
v -11.60546 38.40446 805.19369
v -11.61109 38.37192 805.18968
v -11.63593 38.34990 805.19185
v -11.66836 38.34870 805.19917
v -11.69320 38.36889 805.20823
v -11.69883 38.40101 805.21478
v -11.68262 38.43004 805.21576
v -5.14114 33.80793 833.66961
v -5.11860 33.80037 833.66326
v -5.10662 33.77971 833.65739
v -5.11078 33.75561 833.65474
v -5.12915 33.73935 833.65655
v -5.15313 33.73854 833.66198
v -5.17150 33.75355 833.66848
v -5.17566 33.77737 833.67302
v -5.16367 33.79885 833.67346
v 1.53824 29.87222 862.19467
v 1.55282 29.86728 862.19058
v 1.56058 29.85385 862.18691
v 1.55789 29.83822 862.18540
v 1.54600 29.82770 862.18673
v 1.53048 29.82721 862.19030
v 1.51859 29.83698 862.19443
v 1.51589 29.85244 862.19718
v 1.52365 29.86636 862.19728
v -18.32763 43.12260 776.80188
v -18.28924 43.10655 776.80708
v -18.26881 43.07016 776.80299
v -18.27591 43.03046 776.79152
v -18.30720 43.00602 776.77804
v -18.34805 43.00828 776.76885
v -18.37934 43.03619 776.76826
v -18.38644 43.07668 776.77654
v -18.36601 43.11080 776.78982
v -24.70035 36.53043 803.51635
v -24.66985 36.51776 803.52033
v -24.65362 36.48890 803.51712
v -24.65925 36.45735 803.50821
v -24.68412 36.43787 803.49778
v -24.71658 36.43958 803.49071
v -24.74145 36.46167 803.49030
v -24.74708 36.49381 803.49675
v -24.73085 36.52097 803.50704
v -30.68180 30.17924 830.37890
v -30.65902 30.17018 830.38084
v -30.64689 30.14894 830.37817
v -30.65110 30.12547 830.37214
v -30.66968 30.11074 830.36557
v -30.69393 30.11165 830.36153
v -30.71250 30.12777 830.36192
v -30.71672 30.15156 830.36655
v -30.70459 30.17189 830.37325
v -34.19401 24.26655 857.77287
v -34.17916 24.26083 857.77354
v -34.17125 24.24714 857.77160
v -34.17400 24.23187 857.76796
v -34.18611 24.22217 857.76432
v -34.20192 24.22259 857.76239
v -34.21403 24.23292 857.76306
v -34.21677 24.24834 857.76603
v -34.20887 24.26162 857.76990
v -6.43304 49.35858 593.24433
v -6.33201 49.33035 593.26593
v -6.26958 49.24928 593.29754
v -6.26958 49.14635 593.32710
v -6.33201 49.06086 593.34330
v -6.43304 49.02547 593.33996
v -6.53406 49.05370 593.31836
v -6.59649 49.13476 593.28674
v -6.59649 49.23770 593.25719
v -6.53406 49.32319 593.24099
v -11.63318 60.50020 632.18364
v -11.55288 60.47659 632.19822
v -11.50325 60.41081 632.21891
v -11.50325 60.32798 632.23780
v -11.55288 60.25974 632.24769
v -11.63318 60.23215 632.24479
v -11.71349 60.25575 632.23020
v -11.76312 60.32153 632.20952
v -11.76312 60.40436 632.19062
v -11.71349 60.47261 632.18074
v -15.47893 67.31088 672.26564
v -15.41951 67.29247 672.27440
v -15.38278 67.24260 672.28498
v -15.38278 67.18033 672.29334
v -15.41951 67.12945 672.29629
v -15.47893 67.10937 672.29270
v -15.53836 67.12779 672.28395
v -15.57509 67.17765 672.27336
v -15.57509 67.23992 672.26500
v -15.53836 67.29081 672.26205
v -20.13870 71.23400 712.63917
v -20.10025 71.22192 712.64480
v -20.07649 71.18942 712.65073
v -20.07649 71.14892 712.65470
v -20.10025 71.11589 712.65519
v -20.13870 71.10294 712.65203
v -20.17715 71.11502 712.64640
v -20.20092 71.14752 712.64047
v -20.20092 71.18802 712.63650
v -20.17715 71.22106 712.63600
v -20.13870 71.22966 712.64190
v -20.09930 71.21537 712.64321
v -20.07834 71.17914 712.64565
v -20.08562 71.13791 712.64806
v -20.11774 71.11099 712.64932
v -20.15967 71.11096 712.64884
v -20.19178 71.13784 712.64684
v -20.19907 71.17906 712.64427
v -20.17810 71.21532 712.64231
v -20.57892 73.54145 751.05731
v -20.54766 73.53013 751.05854
v -20.53103 73.50143 751.06103
v -20.53681 73.46877 751.06362
v -20.56229 73.44744 751.06508
v -20.59555 73.44741 751.06475
v -20.62104 73.46871 751.06276
v -20.62681 73.50135 751.06006
v -20.61018 73.53008 751.05791
v -20.91889 77.41129 789.34760
v -20.89577 77.40297 789.34885
v -20.88347 77.38183 789.35147
v -20.88774 77.35776 789.35425
v -20.90659 77.34203 789.35588
v -20.93118 77.34200 789.35560
v -20.95003 77.35768 789.35354
v -20.95430 77.38173 789.35067
v -20.94200 77.40291 789.34832
v -21.45973 82.48857 827.49525
v -21.44476 82.48319 827.49618
v -21.43679 82.46953 827.49811
v -21.43956 82.45397 827.50015
v -21.45176 82.44379 827.50134
v -21.46770 82.44376 827.50111
v -21.47990 82.45389 827.49959
v -21.48267 82.46944 827.49748
v -21.47470 82.48314 827.49576
v -20.13870 71.18517 712.64880
v -20.12779 71.18138 712.64746
v -20.12198 71.17155 712.64525
v -20.12400 71.16028 712.64320
v -20.13289 71.15284 712.64227
v -20.14451 71.15272 712.64291
v -20.15340 71.15997 712.64480
v -20.15542 71.17120 712.64707
v -20.14961 71.18115 712.64865
v -19.01627 67.36820 732.52207
v -19.00761 67.36514 732.52115
v -19.00301 67.35727 732.51976
v -19.00461 67.34826 732.51855
v -19.01166 67.34234 732.51808
v -19.02088 67.34227 732.51857
v -19.02793 67.34808 732.51980
v -19.02953 67.35706 732.52118
v -19.02493 67.36501 732.52208
v -17.94679 65.38857 752.66450
v -17.94038 65.38627 752.66405
v -17.93697 65.38041 752.66331
v -17.93816 65.37373 752.66262
v -17.94338 65.36935 752.66230
v -17.95020 65.36933 752.66251
v -17.95543 65.37367 752.66314
v -17.95661 65.38034 752.66390
v -17.95320 65.38623 752.66444
v -17.77403 62.97860 772.78830
v -17.76988 62.97710 772.78808
v -17.76767 62.97331 772.78761
v -17.76844 62.96898 772.78710
v -17.77182 62.96616 772.78679
v -17.77624 62.96616 772.78683
v -17.77963 62.96897 772.78719
v -17.78040 62.97329 772.78772
v -17.77819 62.97710 772.78815
v -20.13086 71.18356 712.64560
v -20.12412 71.17557 712.65069
v -20.12420 71.16426 712.65340
v -20.13106 71.15492 712.65246
v -20.14150 71.15192 712.64831
v -20.15063 71.15667 712.64289
v -20.15418 71.16694 712.63874
v -20.15048 71.17792 712.63780
v -20.14127 71.18449 712.64051
v -29.56605 76.08286 732.82607
v -29.56051 76.07656 732.82991
v -29.56038 76.06757 732.83196
v -29.56572 76.06008 732.83125
v -29.57404 76.05760 732.82811
v -29.58144 76.06130 732.82402
v -29.58446 76.06943 732.82089
v -29.58168 76.07820 732.82017
v -29.57442 76.08350 732.82222
v -38.23425 80.20973 753.51736
v -38.22823 80.20774 753.51990
v -38.22503 80.20207 753.52193
v -38.22615 80.19536 753.52250
v -38.23105 80.19076 753.52135
v -38.23745 80.19041 753.51902
v -38.24236 80.19449 753.51659
v -38.24347 80.20108 753.51521
v -38.24027 80.20709 753.51551
v -45.32109 82.31110 775.09640
v -45.31715 82.30972 775.09783
v -45.31505 82.30597 775.09888
v -45.31578 82.30162 775.09907
v -45.31899 82.29869 775.09830
v -45.32319 82.29856 775.09693
v -45.32641 82.30128 775.09561
v -45.32714 82.30559 775.09495
v -45.32504 82.30947 775.09526
v -6.43304 49.36418 593.27245
v -6.33449 49.32837 593.25063
v -6.27359 49.24049 593.24467
v -6.27359 49.13409 593.25685
v -6.33449 49.04982 593.28250
v -6.43304 49.01987 593.31184
v -6.53158 49.05567 593.33366
v -6.59248 49.14356 593.33961
v -6.59248 49.24996 593.32744
v -6.53158 49.33423 593.30178
v 2.47532 53.20518 627.15840
v 2.55446 53.17737 627.14494
v 2.60338 53.10796 627.14210
v 2.60338 53.02346 627.15095
v 2.55446 52.95615 627.16812
v 2.47532 52.93174 627.18705
v 2.39617 52.95954 627.20051
v 2.34726 53.02895 627.20336
v 2.34726 53.11345 627.19450
v 2.39617 53.18076 627.17733
v 7.75219 56.47910 661.85800
v 7.81145 56.45927 661.85149
v 7.84807 56.40825 661.84974
v 7.84807 56.34553 661.85344
v 7.81145 56.29507 661.86117
v 7.75219 56.27614 661.86997
v 7.69293 56.29597 661.87649
v 7.65631 56.34699 661.87823
v 7.65631 56.40971 661.87453
v 7.69293 56.46017 661.86681
v 11.52099 57.24692 696.89718
v 11.55947 57.23425 696.89333
v 11.58325 57.20128 696.89153
v 11.58325 57.16059 696.89246
v 11.55947 57.12773 696.89577
v 11.52099 57.11526 696.90020
v 11.48251 57.12792 696.90405
v 11.45872 57.16090 696.90585
v 11.45872 57.20158 696.90492
v 11.48251 57.23444 696.90160
v 11.52099 57.24225 696.89459
v 11.55944 57.22736 696.88695
v 11.57990 57.19082 696.88480
v 11.57279 57.14973 696.88916
v 11.54145 57.12331 696.89797
v 11.50053 57.12392 696.90712
v 11.46919 57.15128 696.91232
v 11.46208 57.19259 696.91115
v 11.48254 57.22852 696.90414
v 19.06163 59.48151 730.46877
v 19.09216 59.46986 730.46251
v 19.10840 59.44092 730.46013
v 19.10276 59.40825 730.46275
v 19.07787 59.38711 730.46915
v 19.04539 59.38741 730.47633
v 19.02051 59.40901 730.48093
v 19.01487 59.44179 730.48080
v 19.03111 59.47043 730.47600
v 26.41235 60.04409 764.15539
v 26.43514 60.03567 764.15152
v 26.44726 60.01436 764.14949
v 26.44305 59.99014 764.15026
v 26.42448 59.97433 764.15347
v 26.40023 59.97434 764.15762
v 26.38165 59.99016 764.16076
v 26.37744 60.01439 764.16143
v 26.38957 60.03569 764.15931
v 30.67441 59.60359 798.37085
v 30.68926 59.59817 798.36893
v 30.69717 59.58438 798.36777
v 30.69442 59.56869 798.36792
v 30.68231 59.55842 798.36930
v 30.66650 59.55840 798.37127
v 30.65439 59.56862 798.37290
v 30.65164 59.58431 798.37344
v 30.65955 59.59812 798.37263
v 11.52099 57.19805 696.89985
v 11.53190 57.19404 696.90016
v 11.53771 57.18397 696.89977
v 11.53569 57.17255 696.89888
v 11.52679 57.16513 696.89790
v 11.51518 57.16517 696.89729
v 11.50628 57.17266 696.89733
v 11.50427 57.18409 696.89801
v 11.51007 57.19412 696.89901
v 10.52842 55.90066 715.69762
v 10.53709 55.89750 715.69767
v 10.54170 55.88952 715.69738
v 10.54010 55.88044 715.69690
v 10.53304 55.87453 715.69644
v 10.52381 55.87454 715.69622
v 10.51675 55.88047 715.69635
v 10.51515 55.88955 715.69676
v 10.51976 55.89752 715.69726
v 10.63156 55.33839 734.55742
v 10.63797 55.33606 734.55720
v 10.64138 55.33015 734.55701
v 10.64019 55.32343 734.55693
v 10.63497 55.31904 734.55702
v 10.62815 55.31904 734.55722
v 10.62292 55.32342 734.55744
v 10.62174 55.33014 734.55758
v 10.62515 55.33605 734.55757
v 11.63285 55.29825 753.39953
v 11.63700 55.29674 753.39930
v 11.63920 55.29291 753.39918
v 11.63844 55.28856 753.39921
v 11.63506 55.28572 753.39938
v 11.63064 55.28572 753.39962
v 11.62726 55.28856 753.39980
v 11.62650 55.29291 753.39985
v 11.62870 55.29674 753.39974
v 11.52099 57.19753 696.89438
v 11.53191 57.19361 696.89509
v 11.53772 57.18382 696.89748
v 11.53571 57.17276 696.90044
v 11.52680 57.16559 696.90257
v 11.51518 57.16567 696.90289
v 11.50627 57.17297 696.90124
v 11.50425 57.18406 696.89840
v 11.51006 57.19376 696.89569
v 12.07875 62.16574 715.88597
v 12.08741 62.16258 715.88632
v 12.09201 62.15477 715.88802
v 12.09041 62.14597 715.89028
v 12.08335 62.14029 715.89203
v 12.07414 62.14040 715.89247
v 12.06708 62.14624 715.89138
v 12.06548 62.15508 715.88927
v 12.07009 62.16278 715.88714
v 13.43089 66.60992 734.96755
v 13.43729 66.60758 734.96779
v 13.44070 66.60177 734.96885
v 13.43952 66.59519 734.97023
v 13.43429 66.59093 734.97128
v 13.42748 66.59098 734.97152
v 13.42225 66.59532 734.97083
v 13.42107 66.60191 734.96953
v 13.42448 66.60767 734.96824
v 13.47511 69.96519 754.31745
v 13.47926 69.96370 754.31770
v 13.48147 69.95993 754.31835
v 13.48070 69.95564 754.31910
v 13.47732 69.95285 754.31959
v 13.47290 69.95285 754.31960
v 13.46951 69.95565 754.31912
v 13.46874 69.95994 754.31838
v 13.47095 69.96371 754.31772
v 14.17452 7.78663 385.08079
v 15.10566 7.53415 384.83683
v 15.74116 6.80531 384.60191
v 15.87927 5.83150 384.45060
v 15.47613 4.92190 384.43094
v 14.65974 4.36531 384.54919
v 13.68930 4.33843 384.76779
v 12.87291 4.84981 385.01734
v 12.46977 5.73707 385.21861
v 12.60788 6.71853 385.30770
v 13.24338 7.48258 385.25632
v 26.51984 0.78841 439.00868
v 27.26593 0.58173 438.85411
v 27.77513 -0.00147 438.69972
v 27.88580 -0.77603 438.59453
v 27.56278 -1.49604 438.57194
v 26.90863 -1.93288 438.63912
v 26.13105 -1.94788 438.77474
v 25.47690 -1.53627 438.93575
v 25.15388 -0.82872 439.07101
v 25.26454 -0.04989 439.13760
v 25.77375 0.55295 439.11436
v 33.43095 -4.99352 494.00280
v 33.98819 -5.15409 493.93550
v 34.36852 -5.59199 493.86893
v 34.45117 -6.16819 493.82423
v 34.20991 -6.69974 493.81558
v 33.72134 -7.01789 493.84573
v 33.14057 -7.02162 493.90512
v 32.65200 -6.70975 493.97488
v 32.41074 -6.18130 494.03287
v 32.49339 -5.60405 494.06067
v 32.87371 -5.16126 494.04946
v 37.88032 -6.89006 549.53668
v 38.24199 -6.99576 549.50481
v 38.48884 -7.28089 549.47718
v 38.54248 -7.65493 549.46257
v 38.38589 -7.99912 549.46561
v 38.06879 -8.20418 549.48534
v 37.69185 -8.20501 549.51549
v 37.37474 -8.00135 549.54649
v 37.21815 -7.65785 549.56851
v 37.27180 -7.28358 549.57454
v 37.51864 -6.99735 549.56267
v 37.88032 -6.93719 549.55420
v 38.24687 -7.05502 549.52506
v 38.47341 -7.36609 549.49329
v 38.47341 -7.75158 549.47103
v 38.24687 -8.06424 549.46677
v 37.88032 -8.18465 549.48215
v 37.51376 -8.06681 549.51128
v 37.28722 -7.75574 549.54305
v 37.28722 -7.37025 549.56531
v 37.51376 -7.05759 549.56957
v 40.98602 -10.01016 600.51562
v 41.27658 -10.10407 600.49127
v 41.45615 -10.35134 600.47005
v 41.45615 -10.65750 600.46006
v 41.27658 -10.90563 600.46512
v 40.98602 -11.00093 600.48330
v 40.69546 -10.90701 600.50765
v 40.51588 -10.65975 600.52887
v 40.51588 -10.35358 600.53886
v 40.69546 -10.10546 600.53379
v 45.34959 -10.51999 651.47896
v 45.56474 -10.58977 651.46635
v 45.69770 -10.77288 651.45598
v 45.69770 -10.99937 651.45182
v 45.56474 -11.18273 651.45544
v 45.34959 -11.25293 651.46547
v 45.13445 -11.18315 651.47808
v 45.00148 -11.00004 651.48845
v 45.00148 -10.77355 651.49261
v 45.13445 -10.59019 651.48899
v 46.35967 -12.14763 702.60785
v 46.49919 -12.19288 702.60377
v 46.58542 -12.31148 702.59859
v 46.58542 -12.45815 702.59429
v 46.49919 -12.57685 702.59252
v 46.35967 -12.62225 702.59394
v 46.22015 -12.57701 702.59802
v 46.13392 -12.45841 702.60320
v 46.13392 -12.31174 702.60750
v 46.22015 -12.19304 702.60928
v 46.35967 -12.16451 702.61692
v 46.50168 -12.21578 702.60909
v 46.57724 -12.34621 702.59743
v 46.55100 -12.49476 702.58739
v 46.43523 -12.59193 702.58367
v 46.28411 -12.59225 702.58801
v 46.16834 -12.49556 702.59838
v 46.14210 -12.34712 702.60993
v 46.21766 -12.21638 702.61725
v 47.72537 -15.64672 749.89784
v 47.83804 -15.68731 749.89118
v 47.89799 -15.79060 749.88014
v 47.87716 -15.90827 749.86987
v 47.78532 -15.98526 749.86519
v 47.66542 -15.98555 749.86828
v 47.57357 -15.90899 749.87771
v 47.55275 -15.79142 749.88905
v 47.61270 -15.68784 749.89700
v 48.81720 -20.92727 797.02039
v 48.90054 -20.95732 797.01619
v 48.94489 -21.03353 797.00661
v 48.92949 -21.12024 796.99612
v 48.86155 -21.17689 796.98963
v 48.77285 -21.17696 796.99018
v 48.70491 -21.12041 796.99751
v 48.68951 -21.03372 797.00819
v 48.73385 -20.95744 797.01723
v 48.31822 -27.23003 844.02379
v 48.37220 -27.24958 844.02176
v 48.40092 -27.29894 844.01550
v 48.39095 -27.35501 844.00793
v 48.34694 -27.39155 844.00259
v 48.28949 -27.39147 844.00200
v 48.24549 -27.35481 844.00641
v 48.23551 -27.29871 844.01377
v 48.26423 -27.24943 844.02063
v 46.35967 -12.32518 702.58727
v 46.39861 -12.33783 702.59629
v 46.41934 -12.37253 702.60746
v 46.41214 -12.41304 702.61556
v 46.38039 -12.44040 702.61680
v 46.33894 -12.44181 702.61060
v 46.30719 -12.41662 702.59986
v 46.30000 -12.37660 702.58960
v 46.32072 -12.34049 702.58463
v 42.03294 -6.07373 730.06676
v 42.06383 -6.08379 730.07391
v 42.08027 -6.11134 730.08271
v 42.07456 -6.14349 730.08904
v 42.04937 -6.16521 730.08994
v 42.01650 -6.16632 730.08499
v 41.99131 -6.14631 730.07651
v 41.98560 -6.11454 730.06846
v 42.00204 -6.08588 730.06461
v 37.66589 0.01867 757.57686
v 37.68885 0.01088 757.58099
v 37.70107 -0.00981 757.58626
v 37.69683 -0.03372 757.59021
v 37.67811 -0.04966 757.59099
v 37.65367 -0.05017 757.58823
v 37.63495 -0.03502 757.58322
v 37.63070 -0.01129 757.57832
v 37.64292 0.00991 757.57580
v 35.53741 4.24238 785.69475
v 35.55234 4.23716 785.69666
v 35.56028 4.22360 785.69931
v 35.55752 4.20806 785.70144
v 35.54535 4.19779 785.70206
v 35.52946 4.19762 785.70089
v 35.51729 4.20761 785.69846
v 35.51453 4.22309 785.69592
v 35.52248 4.23683 785.69445
v 46.35967 -12.32450 702.59069
v 46.39882 -12.33939 702.58867
v 46.41965 -12.37559 702.59237
v 46.41241 -12.41617 702.60006
v 46.38050 -12.44214 702.60814
v 46.33884 -12.44135 702.61283
v 46.30692 -12.41416 702.61194
v 46.29969 -12.37331 702.60588
v 46.32052 -12.33790 702.59749
v 49.18549 -8.21542 726.99868
v 49.21650 -8.22722 726.99636
v 49.23300 -8.25605 726.99824
v 49.22727 -8.28840 727.00343
v 49.20199 -8.30914 727.00952
v 49.16898 -8.30858 727.01364
v 49.14370 -8.28696 727.01388
v 49.13797 -8.25441 727.01012
v 49.15447 -8.22615 727.00412
v 52.59595 -5.59411 751.53620
v 52.61890 -5.60281 751.53445
v 52.63111 -5.62413 751.53558
v 52.62687 -5.64811 751.53905
v 52.60816 -5.66353 751.54324
v 52.58375 -5.66317 751.54620
v 52.56504 -5.64719 751.54653
v 52.56080 -5.62309 751.54408
v 52.57301 -5.60212 751.54000
v 55.20985 -2.20170 776.07554
v 55.22475 -2.20732 776.07473
v 55.23267 -2.22110 776.07580
v 55.22992 -2.23660 776.07824
v 55.21778 -2.24657 776.08092
v 55.20193 -2.24634 776.08257
v 55.18979 -2.23602 776.08244
v 55.18704 -2.22044 776.08057
v 55.19496 -2.20689 776.07784
v 37.88032 -7.39577 549.46569
v 37.98059 -7.43273 549.45868
v 38.04256 -7.51864 549.47439
v 38.04256 -7.62071 549.50682
v 37.98059 -7.69993 549.54359
v 37.88032 -7.72606 549.57065
v 37.78005 -7.68910 549.57767
v 37.71808 -7.60319 549.56196
v 37.71808 -7.50112 549.52952
v 37.78005 -7.42190 549.49275
v 42.56332 0.52713 574.51675
v 42.64325 0.49875 574.51177
v 42.69264 0.43035 574.52177
v 42.69264 0.34806 574.54292
v 42.64325 0.28332 574.56715
v 42.56332 0.26085 574.58520
v 42.48340 0.28924 574.59018
v 42.43401 0.35764 574.58018
v 42.43401 0.43993 574.55903
v 42.48340 0.50467 574.53480
v 45.71707 5.65352 600.51863
v 45.77662 5.63355 600.51743
v 45.81343 5.58303 600.52379
v 45.81343 5.52126 600.53528
v 45.77662 5.47183 600.54751
v 45.71707 5.45363 600.55581
v 45.65751 5.47360 600.55700
v 45.62070 5.52412 600.55064
v 45.62070 5.58589 600.53916
v 45.65751 5.63531 600.52693
v 46.87226 10.17664 626.78887
v 46.91092 10.16397 626.78937
v 46.93482 10.13135 626.79398
v 46.93482 10.09125 626.80094
v 46.91092 10.05899 626.80759
v 46.87226 10.04689 626.81139
v 46.83359 10.05957 626.81090
v 46.80969 10.09218 626.80629
v 46.80969 10.13228 626.79933
v 46.83359 10.16454 626.79268
v 46.87226 10.17272 626.79365
v 46.91129 10.15789 626.78985
v 46.93207 10.12148 626.79086
v 46.92485 10.08053 626.79622
v 46.89303 10.05419 626.80340
v 46.85148 10.05479 626.80906
v 46.81966 10.08205 626.81054
v 46.81245 10.12322 626.80715
v 46.83322 10.15903 626.80048
v 50.05675 12.62143 649.91437
v 50.08776 12.60981 649.91126
v 50.10427 12.58092 649.91115
v 50.09853 12.54829 649.91410
v 50.07325 12.52717 649.91873
v 50.04024 12.52746 649.92287
v 50.01496 12.54901 649.92459
v 50.00923 12.58174 649.92307
v 50.02573 12.61034 649.91904
v 52.72304 13.31977 673.21860
v 52.74599 13.31124 673.21612
v 52.75819 13.28989 673.21553
v 52.75395 13.26571 673.21711
v 52.73525 13.25001 673.22011
v 52.71084 13.25014 673.22313
v 52.69214 13.26604 673.22476
v 52.68790 13.29027 673.22423
v 52.70010 13.31149 673.22180
v 55.82545 14.61409 696.44139
v 55.84030 14.60853 696.43971
v 55.84819 14.59470 696.43944
v 55.84545 14.57905 696.44069
v 55.83335 14.56892 696.44287
v 55.81756 14.56903 696.44498
v 55.80546 14.57935 696.44601
v 55.80272 14.59504 696.44549
v 55.81061 14.60876 696.44367
v 46.87226 10.12872 626.80136
v 46.88316 10.12470 626.80185
v 46.88896 10.11462 626.80153
v 46.88694 10.10321 626.80057
v 46.87806 10.09580 626.79940
v 46.86646 10.09586 626.79857
v 46.85757 10.10336 626.79848
v 46.85555 10.11480 626.79916
v 46.86135 10.12481 626.80030
v 45.84822 9.09015 641.12665
v 45.85686 9.08696 641.12722
v 45.86145 9.07896 641.12723
v 45.85986 9.06989 641.12667
v 45.85281 9.06400 641.12581
v 45.84362 9.06403 641.12503
v 45.83658 9.06999 641.12472
v 45.83498 9.07907 641.12501
v 45.83958 9.08703 641.12577
v 44.46374 8.77687 655.45566
v 44.47012 8.77453 655.45634
v 44.47351 8.76862 655.45669
v 44.47233 8.76190 655.45655
v 44.46714 8.75752 655.45598
v 44.46035 8.75752 655.45526
v 44.45516 8.76191 655.45471
v 44.45398 8.76863 655.45460
v 44.45737 8.77454 655.45497
v 42.78107 9.01887 669.75445
v 42.78520 9.01737 669.75496
v 42.78739 9.01355 669.75529
v 42.78663 9.00920 669.75527
v 42.78327 9.00635 669.75493
v 42.77888 9.00634 669.75441
v 42.77552 9.00917 669.75397
v 42.77475 9.01352 669.75380
v 42.77695 9.01735 669.75399
v 46.87226 10.12741 626.79348
v 46.88317 10.12399 626.79560
v 46.88897 10.11485 626.79985
v 46.88696 10.10427 626.80423
v 46.87806 10.09720 626.80669
v 46.86645 10.09694 626.80609
v 46.85756 10.10362 626.80270
v 46.85554 10.11411 626.79811
v 46.86134 10.12351 626.79446
v 46.01888 16.01933 640.64423
v 46.02754 16.01645 640.64554
v 46.03216 16.00898 640.64838
v 46.03055 16.00042 640.65143
v 46.02349 15.99478 640.65327
v 46.01427 15.99469 640.65302
v 46.00720 16.00020 640.65082
v 46.00560 16.00872 640.64768
v 46.01021 16.01628 640.64508
v 46.02631 20.37041 655.07879
v 46.03272 20.36819 655.07951
v 46.03613 20.36253 655.08122
v 46.03494 20.35608 655.08310
v 46.02972 20.35186 655.08429
v 46.02290 20.35184 655.08422
v 46.01767 20.35603 655.08293
v 46.01649 20.36247 655.08102
v 46.01990 20.36815 655.07938
v 45.70355 24.53123 669.56497
v 45.70771 24.52980 669.56548
v 45.70992 24.52614 669.56658
v 45.70915 24.52195 669.56777
v 45.70576 24.51920 669.56848
v 45.70134 24.51917 669.56839
v 45.69796 24.52188 669.56754
v 45.69719 24.52606 669.56632
v 45.69940 24.52975 669.56530
v 37.88032 -7.38770 549.52287
v 37.97996 -7.42021 549.50091
v 38.04155 -7.50646 549.48554
v 38.04155 -7.61352 549.48263
v 37.97996 -7.70048 549.49330
v 37.88032 -7.73413 549.51347
v 37.78067 -7.70162 549.53544
v 37.71908 -7.61537 549.55081
v 37.71908 -7.50831 549.55371
v 37.78067 -7.42135 549.54304
v 43.97350 -8.20486 578.31827
v 44.05252 -8.23091 578.30109
v 44.10136 -8.29952 578.28984
v 44.10136 -8.38447 578.28882
v 44.05252 -8.45332 578.29842
v 43.97350 -8.47978 578.31498
v 43.89448 -8.45373 578.33216
v 43.84564 -8.38512 578.34341
v 43.84564 -8.30017 578.34443
v 43.89448 -8.23131 578.33483
v 50.17541 -8.14867 607.09927
v 50.23410 -8.16841 607.08866
v 50.27038 -8.21942 607.08327
v 50.27038 -8.28222 607.08516
v 50.23410 -8.33282 607.09360
v 50.17541 -8.35189 607.10537
v 50.11672 -8.33215 607.11598
v 50.08044 -8.28113 607.12137
v 50.08044 -8.21833 607.11949
v 50.11672 -8.16774 607.11104
v 55.00206 -6.54018 636.10011
v 55.04024 -6.55310 636.09449
v 55.06383 -6.58619 636.09244
v 55.06383 -6.62682 636.09474
v 55.04024 -6.65947 636.10052
v 55.00206 -6.67166 636.10756
v 54.96388 -6.65875 636.11319
v 54.94028 -6.62566 636.11524
v 54.94028 -6.58503 636.11293
v 54.96388 -6.55238 636.10716
v 55.00206 -6.54469 636.10666
v 55.04143 -6.55894 636.10446
v 55.06238 -6.59518 636.10197
v 55.05510 -6.63645 636.10036
v 55.02301 -6.66343 636.10037
v 54.98111 -6.66350 636.10201
v 54.94901 -6.63664 636.10450
v 54.94174 -6.59540 636.10668
v 54.96269 -6.55909 636.10753
v 56.14934 -7.90811 665.44862
v 56.18060 -7.91945 665.44758
v 56.19723 -7.94820 665.44575
v 56.19145 -7.98092 665.44399
v 56.16597 -8.00228 665.44312
v 56.13271 -8.00231 665.44355
v 56.10723 -7.98098 665.44507
v 56.10145 -7.94827 665.44698
v 56.11808 -7.91950 665.44839
v 55.75929 -9.86621 694.77694
v 55.78239 -9.87466 694.77717
v 55.79468 -9.89594 694.77609
v 55.79041 -9.92010 694.77422
v 55.77158 -9.93582 694.77242
v 55.74699 -9.93576 694.77154
v 55.72816 -9.91994 694.77200
v 55.72389 -9.89576 694.77357
v 55.73619 -9.87455 694.77552
v 54.04902 -12.11039 724.03692
v 54.06397 -12.11589 724.03738
v 54.07192 -12.12969 724.03679
v 54.06916 -12.14532 724.03544
v 54.05697 -12.15548 724.03395
v 54.04107 -12.15541 724.03302
v 54.02888 -12.14514 724.03309
v 54.02612 -12.12948 724.03413
v 54.03407 -12.11576 724.03564
v 55.00206 -6.58983 636.09836
v 55.01290 -6.59404 636.09834
v 55.01867 -6.60381 636.10089
v 55.01666 -6.61457 636.10482
v 55.00783 -6.62128 636.10829
v 54.99629 -6.62081 636.10967
v 54.98745 -6.61337 636.10833
v 54.98545 -6.60245 636.10489
v 54.99122 -6.59315 636.10095
v 56.75862 -2.14337 649.18660
v 56.76724 -2.14668 649.18665
v 56.77182 -2.15443 649.18866
v 56.77023 -2.16300 649.19169
v 56.76321 -2.16838 649.19432
v 56.75404 -2.16805 649.19532
v 56.74702 -2.16216 649.19423
v 56.74543 -2.15348 649.19155
v 56.75001 -2.14606 649.18853
v 58.19355 2.10264 662.38050
v 58.19991 2.10019 662.38042
v 58.20330 2.09440 662.38166
v 58.20212 2.08798 662.38367
v 58.19693 2.08394 662.38548
v 58.19016 2.08417 662.38626
v 58.18497 2.08856 662.38564
v 58.18379 2.09505 662.38391
v 58.18718 2.10061 662.38188
v 60.07750 5.52579 675.75572
v 60.08162 5.52418 675.75555
v 60.08381 5.52040 675.75621
v 60.08304 5.51621 675.75739
v 60.07969 5.51357 675.75854
v 60.07531 5.51372 675.75912
v 60.07196 5.51659 675.75886
v 60.07120 5.52083 675.75788
v 60.07339 5.52446 675.75664
v 55.00206 -6.58909 636.10623
v 55.01236 -6.59252 636.10206
v 55.01785 -6.60222 636.09873
v 55.01594 -6.61365 636.09779
v 55.00754 -6.62147 636.09967
v 54.99658 -6.62201 636.10351
v 54.98818 -6.61503 636.10750
v 54.98627 -6.60378 636.10977
v 54.99175 -6.59354 636.10927
v 59.55919 -8.40622 648.87831
v 59.56752 -8.40901 648.87549
v 59.57195 -8.41675 648.87312
v 59.57041 -8.42581 648.87230
v 59.56362 -8.43196 648.87343
v 59.55476 -8.43231 648.87597
v 59.54797 -8.42671 648.87873
v 59.54643 -8.41777 648.88043
v 59.55086 -8.40968 648.88026
v 62.58825 -10.22451 662.09638
v 62.59453 -10.22662 662.09473
v 62.59787 -10.23236 662.09316
v 62.59671 -10.23905 662.09242
v 62.59159 -10.24354 662.09284
v 62.58492 -10.24375 662.09423
v 62.57980 -10.23957 662.09594
v 62.57864 -10.23296 662.09717
v 62.58198 -10.22701 662.09734
v 65.20047 -12.35501 675.35673
v 65.20454 -12.35638 675.35570
v 65.20671 -12.36009 675.35468
v 65.20596 -12.36441 675.35414
v 65.20264 -12.36732 675.35432
v 65.19830 -12.36745 675.35516
v 65.19497 -12.36475 675.35625
v 65.19422 -12.36047 675.35708
v 65.19639 -12.35663 675.35727
vt 0.00000 0.00000
vt 0.08333 0.00000
vt 0.16667 0.00000
vt 0.25000 0.00000
vt 0.33333 0.00000
vt 0.41667 0.00000
vt 0.50000 0.00000
vt 0.58333 0.00000
vt 0.66667 0.00000
vt 0.75000 0.00000
vt 0.83333 0.00000
vt 0.91667 0.00000
vt 0.00000 0.14286
vt 0.08333 0.14286
vt 0.16667 0.14286
vt 0.25000 0.14286
vt 0.33333 0.14286
vt 0.41667 0.14286
vt 0.50000 0.14286
vt 0.58333 0.14286
vt 0.66667 0.14286
vt 0.75000 0.14286
vt 0.83333 0.14286
vt 0.91667 0.14286
vt 0.00000 0.28571
vt 0.08333 0.28571
vt 0.16667 0.28571
vt 0.25000 0.28571
vt 0.33333 0.28571
vt 0.41667 0.28571
vt 0.50000 0.28571
vt 0.58333 0.28571
vt 0.66667 0.28571
vt 0.75000 0.28571
vt 0.83333 0.28571
vt 0.91667 0.28571
vt 0.00000 0.42857
vt 0.08333 0.42857
vt 0.16667 0.42857
vt 0.25000 0.42857
vt 0.33333 0.42857
vt 0.41667 0.42857
vt 0.50000 0.42857
vt 0.58333 0.42857
vt 0.66667 0.42857
vt 0.75000 0.42857
vt 0.83333 0.42857
vt 0.91667 0.42857
vt 0.00000 0.57143
vt 0.08333 0.57143
vt 0.16667 0.57143
vt 0.25000 0.57143
vt 0.33333 0.57143
vt 0.41667 0.57143
vt 0.50000 0.57143
vt 0.58333 0.57143
vt 0.66667 0.57143
vt 0.75000 0.57143
vt 0.83333 0.57143
vt 0.91667 0.57143
vt 0.00000 0.71429
vt 0.08333 0.71429
vt 0.16667 0.71429
vt 0.25000 0.71429
vt 0.33333 0.71429
vt 0.41667 0.71429
vt 0.50000 0.71429
vt 0.58333 0.71429
vt 0.66667 0.71429
vt 0.75000 0.71429
vt 0.83333 0.71429
vt 0.91667 0.71429
vt 0.00000 0.85714
vt 0.08333 0.85714
vt 0.16667 0.85714
vt 0.25000 0.85714
vt 0.33333 0.85714
vt 0.41667 0.85714
vt 0.50000 0.85714
vt 0.58333 0.85714
vt 0.66667 0.85714
vt 0.75000 0.85714
vt 0.83333 0.85714
vt 0.91667 0.85714
vt 0.00000 1.00000
vt 0.08333 1.00000
vt 0.16667 1.00000
vt 0.25000 1.00000
vt 0.33333 1.00000
vt 0.41667 1.00000
vt 0.50000 1.00000
vt 0.58333 1.00000
vt 0.66667 1.00000
vt 0.75000 1.00000
vt 0.83333 1.00000
vt 0.91667 1.00000
vt 0.00000 0.00000
vt 0.09091 0.00000
vt 0.18182 0.00000
vt 0.27273 0.00000
vt 0.36364 0.00000
vt 0.45455 0.00000
vt 0.54545 0.00000
vt 0.63636 0.00000
vt 0.72727 0.00000
vt 0.81818 0.00000
vt 0.90909 0.00000
vt 0.00000 0.33333
vt 0.09091 0.33333
vt 0.18182 0.33333
vt 0.27273 0.33333
vt 0.36364 0.33333
vt 0.45455 0.33333
vt 0.54545 0.33333
vt 0.63636 0.33333
vt 0.72727 0.33333
vt 0.81818 0.33333
vt 0.90909 0.33333
vt 0.00000 0.66667
vt 0.09091 0.66667
vt 0.18182 0.66667
vt 0.27273 0.66667
vt 0.36364 0.66667
vt 0.45455 0.66667
vt 0.54545 0.66667
vt 0.63636 0.66667
vt 0.72727 0.66667
vt 0.81818 0.66667
vt 0.90909 0.66667
vt 0.00000 1.00000
vt 0.09091 1.00000
vt 0.18182 1.00000
vt 0.27273 1.00000
vt 0.36364 1.00000
vt 0.45455 1.00000
vt 0.54545 1.00000
vt 0.63636 1.00000
vt 0.72727 1.00000
vt 0.81818 1.00000
vt 0.90909 1.00000
vt 0.00000 0.00000
vt 0.10000 0.00000
vt 0.20000 0.00000
vt 0.30000 0.00000
vt 0.40000 0.00000
vt 0.50000 0.00000
vt 0.60000 0.00000
vt 0.70000 0.00000
vt 0.80000 0.00000
vt 0.90000 0.00000
vt 0.00000 0.33333
vt 0.10000 0.33333
vt 0.20000 0.33333
vt 0.30000 0.33333
vt 0.40000 0.33333
vt 0.50000 0.33333
vt 0.60000 0.33333
vt 0.70000 0.33333
vt 0.80000 0.33333
vt 0.90000 0.33333
vt 0.00000 0.66667
vt 0.10000 0.66667
vt 0.20000 0.66667
vt 0.30000 0.66667
vt 0.40000 0.66667
vt 0.50000 0.66667
vt 0.60000 0.66667
vt 0.70000 0.66667
vt 0.80000 0.66667
vt 0.90000 0.66667
vt 0.00000 1.00000
vt 0.10000 1.00000
vt 0.20000 1.00000
vt 0.30000 1.00000
vt 0.40000 1.00000
vt 0.50000 1.00000
vt 0.60000 1.00000
vt 0.70000 1.00000
vt 0.80000 1.00000
vt 0.90000 1.00000
vt 0.00000 0.00000
vt 0.11111 0.00000
vt 0.22222 0.00000
vt 0.33333 0.00000
vt 0.44444 0.00000
vt 0.55556 0.00000
vt 0.66667 0.00000
vt 0.77778 0.00000
vt 0.88889 0.00000
vt 0.00000 0.33333
vt 0.11111 0.33333
vt 0.22222 0.33333
vt 0.33333 0.33333
vt 0.44444 0.33333
vt 0.55556 0.33333
vt 0.66667 0.33333
vt 0.77778 0.33333
vt 0.88889 0.33333
vt 0.00000 0.66667
vt 0.11111 0.66667
vt 0.22222 0.66667
vt 0.33333 0.66667
vt 0.44444 0.66667
vt 0.55556 0.66667
vt 0.66667 0.66667
vt 0.77778 0.66667
vt 0.88889 0.66667
vt 0.00000 1.00000
vt 0.11111 1.00000
vt 0.22222 1.00000
vt 0.33333 1.00000
vt 0.44444 1.00000
vt 0.55556 1.00000
vt 0.66667 1.00000
vt 0.77778 1.00000
vt 0.88889 1.00000
vt 0.00000 0.00000
vt 0.11111 0.00000
vt 0.22222 0.00000
vt 0.33333 0.00000
vt 0.44444 0.00000
vt 0.55556 0.00000
vt 0.66667 0.00000
vt 0.77778 0.00000
vt 0.88889 0.00000
vt 0.00000 0.33333
vt 0.11111 0.33333
vt 0.22222 0.33333
vt 0.33333 0.33333
vt 0.44444 0.33333
vt 0.55556 0.33333
vt 0.66667 0.33333
vt 0.77778 0.33333
vt 0.88889 0.33333
vt 0.00000 0.66667
vt 0.11111 0.66667
vt 0.22222 0.66667
vt 0.33333 0.66667
vt 0.44444 0.66667
vt 0.55556 0.66667
vt 0.66667 0.66667
vt 0.77778 0.66667
vt 0.88889 0.66667
vt 0.00000 1.00000
vt 0.11111 1.00000
vt 0.22222 1.00000
vt 0.33333 1.00000
vt 0.44444 1.00000
vt 0.55556 1.00000
vt 0.66667 1.00000
vt 0.77778 1.00000
vt 0.88889 1.00000
vt 0.00000 0.00000
vt 0.11111 0.00000
vt 0.22222 0.00000
vt 0.33333 0.00000
vt 0.44444 0.00000
vt 0.55556 0.00000
vt 0.66667 0.00000
vt 0.77778 0.00000
vt 0.88889 0.00000
vt 0.00000 0.33333
vt 0.11111 0.33333
vt 0.22222 0.33333
vt 0.33333 0.33333
vt 0.44444 0.33333
vt 0.55556 0.33333
vt 0.66667 0.33333
vt 0.77778 0.33333
vt 0.88889 0.33333
vt 0.00000 0.66667
vt 0.11111 0.66667
vt 0.22222 0.66667
vt 0.33333 0.66667
vt 0.44444 0.66667
vt 0.55556 0.66667
vt 0.66667 0.66667
vt 0.77778 0.66667
vt 0.88889 0.66667
vt 0.00000 1.00000
vt 0.11111 1.00000
vt 0.22222 1.00000
vt 0.33333 1.00000
vt 0.44444 1.00000
vt 0.55556 1.00000
vt 0.66667 1.00000
vt 0.77778 1.00000
vt 0.88889 1.00000
vt 0.00000 0.00000
vt 0.10000 0.00000
vt 0.20000 0.00000
vt 0.30000 0.00000
vt 0.40000 0.00000
vt 0.50000 0.00000
vt 0.60000 0.00000
vt 0.70000 0.00000
vt 0.80000 0.00000
vt 0.90000 0.00000
vt 0.00000 0.33333
vt 0.10000 0.33333
vt 0.20000 0.33333
vt 0.30000 0.33333
vt 0.40000 0.33333
vt 0.50000 0.33333
vt 0.60000 0.33333
vt 0.70000 0.33333
vt 0.80000 0.33333
vt 0.90000 0.33333
vt 0.00000 0.66667
vt 0.10000 0.66667
vt 0.20000 0.66667
vt 0.30000 0.66667
vt 0.40000 0.66667
vt 0.50000 0.66667
vt 0.60000 0.66667
vt 0.70000 0.66667
vt 0.80000 0.66667
vt 0.90000 0.66667
vt 0.00000 1.00000
vt 0.10000 1.00000
vt 0.20000 1.00000
vt 0.30000 1.00000
vt 0.40000 1.00000
vt 0.50000 1.00000
vt 0.60000 1.00000
vt 0.70000 1.00000
vt 0.80000 1.00000
vt 0.90000 1.00000
vt 0.00000 0.00000
vt 0.11111 0.00000
vt 0.22222 0.00000
vt 0.33333 0.00000
vt 0.44444 0.00000
vt 0.55556 0.00000
vt 0.66667 0.00000
vt 0.77778 0.00000
vt 0.88889 0.00000
vt 0.00000 0.33333
vt 0.11111 0.33333
vt 0.22222 0.33333
vt 0.33333 0.33333
vt 0.44444 0.33333
vt 0.55556 0.33333
vt 0.66667 0.33333
vt 0.77778 0.33333
vt 0.88889 0.33333
vt 0.00000 0.66667
vt 0.11111 0.66667
vt 0.22222 0.66667
vt 0.33333 0.66667
vt 0.44444 0.66667
vt 0.55556 0.66667
vt 0.66667 0.66667
vt 0.77778 0.66667
vt 0.88889 0.66667
vt 0.00000 1.00000
vt 0.11111 1.00000
vt 0.22222 1.00000
vt 0.33333 1.00000
vt 0.44444 1.00000
vt 0.55556 1.00000
vt 0.66667 1.00000
vt 0.77778 1.00000
vt 0.88889 1.00000
vt 0.00000 0.00000
vt 0.11111 0.00000
vt 0.22222 0.00000
vt 0.33333 0.00000
vt 0.44444 0.00000
vt 0.55556 0.00000
vt 0.66667 0.00000
vt 0.77778 0.00000
vt 0.88889 0.00000
vt 0.00000 0.33333
vt 0.11111 0.33333
vt 0.22222 0.33333
vt 0.33333 0.33333
vt 0.44444 0.33333
vt 0.55556 0.33333
vt 0.66667 0.33333
vt 0.77778 0.33333
vt 0.88889 0.33333
vt 0.00000 0.66667
vt 0.11111 0.66667
vt 0.22222 0.66667
vt 0.33333 0.66667
vt 0.44444 0.66667
vt 0.55556 0.66667
vt 0.66667 0.66667
vt 0.77778 0.66667
vt 0.88889 0.66667
vt 0.00000 1.00000
vt 0.11111 1.00000
vt 0.22222 1.00000
vt 0.33333 1.00000
vt 0.44444 1.00000
vt 0.55556 1.00000
vt 0.66667 1.00000
vt 0.77778 1.00000
vt 0.88889 1.00000
vt 0.00000 0.00000
vt 0.11111 0.00000
vt 0.22222 0.00000
vt 0.33333 0.00000
vt 0.44444 0.00000
vt 0.55556 0.00000
vt 0.66667 0.00000
vt 0.77778 0.00000
vt 0.88889 0.00000
vt 0.00000 0.33333
vt 0.11111 0.33333
vt 0.22222 0.33333
vt 0.33333 0.33333
vt 0.44444 0.33333
vt 0.55556 0.33333
vt 0.66667 0.33333
vt 0.77778 0.33333
vt 0.88889 0.33333
vt 0.00000 0.66667
vt 0.11111 0.66667
vt 0.22222 0.66667
vt 0.33333 0.66667
vt 0.44444 0.66667
vt 0.55556 0.66667
vt 0.66667 0.66667
vt 0.77778 0.66667
vt 0.88889 0.66667
vt 0.00000 1.00000
vt 0.11111 1.00000
vt 0.22222 1.00000
vt 0.33333 1.00000
vt 0.44444 1.00000
vt 0.55556 1.00000
vt 0.66667 1.00000
vt 0.77778 1.00000
vt 0.88889 1.00000
vt 0.00000 0.00000
vt 0.10000 0.00000
vt 0.20000 0.00000
vt 0.30000 0.00000
vt 0.40000 0.00000
vt 0.50000 0.00000
vt 0.60000 0.00000
vt 0.70000 0.00000
vt 0.80000 0.00000
vt 0.90000 0.00000
vt 0.00000 0.33333
vt 0.10000 0.33333
vt 0.20000 0.33333
vt 0.30000 0.33333
vt 0.40000 0.33333
vt 0.50000 0.33333
vt 0.60000 0.33333
vt 0.70000 0.33333
vt 0.80000 0.33333
vt 0.90000 0.33333
vt 0.00000 0.66667
vt 0.10000 0.66667
vt 0.20000 0.66667
vt 0.30000 0.66667
vt 0.40000 0.66667
vt 0.50000 0.66667
vt 0.60000 0.66667
vt 0.70000 0.66667
vt 0.80000 0.66667
vt 0.90000 0.66667
vt 0.00000 1.00000
vt 0.10000 1.00000
vt 0.20000 1.00000
vt 0.30000 1.00000
vt 0.40000 1.00000
vt 0.50000 1.00000
vt 0.60000 1.00000
vt 0.70000 1.00000
vt 0.80000 1.00000
vt 0.90000 1.00000
vt 0.00000 0.00000
vt 0.11111 0.00000
vt 0.22222 0.00000
vt 0.33333 0.00000
vt 0.44444 0.00000
vt 0.55556 0.00000
vt 0.66667 0.00000
vt 0.77778 0.00000
vt 0.88889 0.00000
vt 0.00000 0.33333
vt 0.11111 0.33333
vt 0.22222 0.33333
vt 0.33333 0.33333
vt 0.44444 0.33333
vt 0.55556 0.33333
vt 0.66667 0.33333
vt 0.77778 0.33333
vt 0.88889 0.33333
vt 0.00000 0.66667
vt 0.11111 0.66667
vt 0.22222 0.66667
vt 0.33333 0.66667
vt 0.44444 0.66667
vt 0.55556 0.66667
vt 0.66667 0.66667
vt 0.77778 0.66667
vt 0.88889 0.66667
vt 0.00000 1.00000
vt 0.11111 1.00000
vt 0.22222 1.00000
vt 0.33333 1.00000
vt 0.44444 1.00000
vt 0.55556 1.00000
vt 0.66667 1.00000
vt 0.77778 1.00000
vt 0.88889 1.00000
vt 0.00000 0.00000
vt 0.11111 0.00000
vt 0.22222 0.00000
vt 0.33333 0.00000
vt 0.44444 0.00000
vt 0.55556 0.00000
vt 0.66667 0.00000
vt 0.77778 0.00000
vt 0.88889 0.00000
vt 0.00000 0.33333
vt 0.11111 0.33333
vt 0.22222 0.33333
vt 0.33333 0.33333
vt 0.44444 0.33333
vt 0.55556 0.33333
vt 0.66667 0.33333
vt 0.77778 0.33333
vt 0.88889 0.33333
vt 0.00000 0.66667
vt 0.11111 0.66667
vt 0.22222 0.66667
vt 0.33333 0.66667
vt 0.44444 0.66667
vt 0.55556 0.66667
vt 0.66667 0.66667
vt 0.77778 0.66667
vt 0.88889 0.66667
vt 0.00000 1.00000
vt 0.11111 1.00000
vt 0.22222 1.00000
vt 0.33333 1.00000
vt 0.44444 1.00000
vt 0.55556 1.00000
vt 0.66667 1.00000
vt 0.77778 1.00000
vt 0.88889 1.00000
vt 0.00000 0.00000
vt 0.11111 0.00000
vt 0.22222 0.00000
vt 0.33333 0.00000
vt 0.44444 0.00000
vt 0.55556 0.00000
vt 0.66667 0.00000
vt 0.77778 0.00000
vt 0.88889 0.00000
vt 0.00000 0.33333
vt 0.11111 0.33333
vt 0.22222 0.33333
vt 0.33333 0.33333
vt 0.44444 0.33333
vt 0.55556 0.33333
vt 0.66667 0.33333
vt 0.77778 0.33333
vt 0.88889 0.33333
vt 0.00000 0.66667
vt 0.11111 0.66667
vt 0.22222 0.66667
vt 0.33333 0.66667
vt 0.44444 0.66667
vt 0.55556 0.66667
vt 0.66667 0.66667
vt 0.77778 0.66667
vt 0.88889 0.66667
vt 0.00000 1.00000
vt 0.11111 1.00000
vt 0.22222 1.00000
vt 0.33333 1.00000
vt 0.44444 1.00000
vt 0.55556 1.00000
vt 0.66667 1.00000
vt 0.77778 1.00000
vt 0.88889 1.00000
vt 0.00000 0.00000
vt 0.09091 0.00000
vt 0.18182 0.00000
vt 0.27273 0.00000
vt 0.36364 0.00000
vt 0.45455 0.00000
vt 0.54545 0.00000
vt 0.63636 0.00000
vt 0.72727 0.00000
vt 0.81818 0.00000
vt 0.90909 0.00000
vt 0.00000 0.33333
vt 0.09091 0.33333
vt 0.18182 0.33333
vt 0.27273 0.33333
vt 0.36364 0.33333
vt 0.45455 0.33333
vt 0.54545 0.33333
vt 0.63636 0.33333
vt 0.72727 0.33333
vt 0.81818 0.33333
vt 0.90909 0.33333
vt 0.00000 0.66667
vt 0.09091 0.66667
vt 0.18182 0.66667
vt 0.27273 0.66667
vt 0.36364 0.66667
vt 0.45455 0.66667
vt 0.54545 0.66667
vt 0.63636 0.66667
vt 0.72727 0.66667
vt 0.81818 0.66667
vt 0.90909 0.66667
vt 0.00000 1.00000
vt 0.09091 1.00000
vt 0.18182 1.00000
vt 0.27273 1.00000
vt 0.36364 1.00000
vt 0.45455 1.00000
vt 0.54545 1.00000
vt 0.63636 1.00000
vt 0.72727 1.00000
vt 0.81818 1.00000
vt 0.90909 1.00000
vt 0.00000 0.00000
vt 0.10000 0.00000
vt 0.20000 0.00000
vt 0.30000 0.00000
vt 0.40000 0.00000
vt 0.50000 0.00000
vt 0.60000 0.00000
vt 0.70000 0.00000
vt 0.80000 0.00000
vt 0.90000 0.00000
vt 0.00000 0.33333
vt 0.10000 0.33333
vt 0.20000 0.33333
vt 0.30000 0.33333
vt 0.40000 0.33333
vt 0.50000 0.33333
vt 0.60000 0.33333
vt 0.70000 0.33333
vt 0.80000 0.33333
vt 0.90000 0.33333
vt 0.00000 0.66667
vt 0.10000 0.66667
vt 0.20000 0.66667
vt 0.30000 0.66667
vt 0.40000 0.66667
vt 0.50000 0.66667
vt 0.60000 0.66667
vt 0.70000 0.66667
vt 0.80000 0.66667
vt 0.90000 0.66667
vt 0.00000 1.00000
vt 0.10000 1.00000
vt 0.20000 1.00000
vt 0.30000 1.00000
vt 0.40000 1.00000
vt 0.50000 1.00000
vt 0.60000 1.00000
vt 0.70000 1.00000
vt 0.80000 1.00000
vt 0.90000 1.00000
vt 0.00000 0.00000
vt 0.11111 0.00000
vt 0.22222 0.00000
vt 0.33333 0.00000
vt 0.44444 0.00000
vt 0.55556 0.00000
vt 0.66667 0.00000
vt 0.77778 0.00000
vt 0.88889 0.00000
vt 0.00000 0.33333
vt 0.11111 0.33333
vt 0.22222 0.33333
vt 0.33333 0.33333
vt 0.44444 0.33333
vt 0.55556 0.33333
vt 0.66667 0.33333
vt 0.77778 0.33333
vt 0.88889 0.33333
vt 0.00000 0.66667
vt 0.11111 0.66667
vt 0.22222 0.66667
vt 0.33333 0.66667
vt 0.44444 0.66667
vt 0.55556 0.66667
vt 0.66667 0.66667
vt 0.77778 0.66667
vt 0.88889 0.66667
vt 0.00000 1.00000
vt 0.11111 1.00000
vt 0.22222 1.00000
vt 0.33333 1.00000
vt 0.44444 1.00000
vt 0.55556 1.00000
vt 0.66667 1.00000
vt 0.77778 1.00000
vt 0.88889 1.00000
vt 0.00000 0.00000
vt 0.11111 0.00000
vt 0.22222 0.00000
vt 0.33333 0.00000
vt 0.44444 0.00000
vt 0.55556 0.00000
vt 0.66667 0.00000
vt 0.77778 0.00000
vt 0.88889 0.00000
vt 0.00000 0.33333
vt 0.11111 0.33333
vt 0.22222 0.33333
vt 0.33333 0.33333
vt 0.44444 0.33333
vt 0.55556 0.33333
vt 0.66667 0.33333
vt 0.77778 0.33333
vt 0.88889 0.33333
vt 0.00000 0.66667
vt 0.11111 0.66667
vt 0.22222 0.66667
vt 0.33333 0.66667
vt 0.44444 0.66667
vt 0.55556 0.66667
vt 0.66667 0.66667
vt 0.77778 0.66667
vt 0.88889 0.66667
vt 0.00000 1.00000
vt 0.11111 1.00000
vt 0.22222 1.00000
vt 0.33333 1.00000
vt 0.44444 1.00000
vt 0.55556 1.00000
vt 0.66667 1.00000
vt 0.77778 1.00000
vt 0.88889 1.00000
vt 0.00000 0.00000
vt 0.11111 0.00000
vt 0.22222 0.00000
vt 0.33333 0.00000
vt 0.44444 0.00000
vt 0.55556 0.00000
vt 0.66667 0.00000
vt 0.77778 0.00000
vt 0.88889 0.00000
vt 0.00000 0.33333
vt 0.11111 0.33333
vt 0.22222 0.33333
vt 0.33333 0.33333
vt 0.44444 0.33333
vt 0.55556 0.33333
vt 0.66667 0.33333
vt 0.77778 0.33333
vt 0.88889 0.33333
vt 0.00000 0.66667
vt 0.11111 0.66667
vt 0.22222 0.66667
vt 0.33333 0.66667
vt 0.44444 0.66667
vt 0.55556 0.66667
vt 0.66667 0.66667
vt 0.77778 0.66667
vt 0.88889 0.66667
vt 0.00000 1.00000
vt 0.11111 1.00000
vt 0.22222 1.00000
vt 0.33333 1.00000
vt 0.44444 1.00000
vt 0.55556 1.00000
vt 0.66667 1.00000
vt 0.77778 1.00000
vt 0.88889 1.00000
vt 0.00000 0.00000
vt 0.10000 0.00000
vt 0.20000 0.00000
vt 0.30000 0.00000
vt 0.40000 0.00000
vt 0.50000 0.00000
vt 0.60000 0.00000
vt 0.70000 0.00000
vt 0.80000 0.00000
vt 0.90000 0.00000
vt 0.00000 0.33333
vt 0.10000 0.33333
vt 0.20000 0.33333
vt 0.30000 0.33333
vt 0.40000 0.33333
vt 0.50000 0.33333
vt 0.60000 0.33333
vt 0.70000 0.33333
vt 0.80000 0.33333
vt 0.90000 0.33333
vt 0.00000 0.66667
vt 0.10000 0.66667
vt 0.20000 0.66667
vt 0.30000 0.66667
vt 0.40000 0.66667
vt 0.50000 0.66667
vt 0.60000 0.66667
vt 0.70000 0.66667
vt 0.80000 0.66667
vt 0.90000 0.66667
vt 0.00000 1.00000
vt 0.10000 1.00000
vt 0.20000 1.00000
vt 0.30000 1.00000
vt 0.40000 1.00000
vt 0.50000 1.00000
vt 0.60000 1.00000
vt 0.70000 1.00000
vt 0.80000 1.00000
vt 0.90000 1.00000
vt 0.00000 0.00000
vt 0.11111 0.00000
vt 0.22222 0.00000
vt 0.33333 0.00000
vt 0.44444 0.00000
vt 0.55556 0.00000
vt 0.66667 0.00000
vt 0.77778 0.00000
vt 0.88889 0.00000
vt 0.00000 0.33333
vt 0.11111 0.33333
vt 0.22222 0.33333
vt 0.33333 0.33333
vt 0.44444 0.33333
vt 0.55556 0.33333
vt 0.66667 0.33333
vt 0.77778 0.33333
vt 0.88889 0.33333
vt 0.00000 0.66667
vt 0.11111 0.66667
vt 0.22222 0.66667
vt 0.33333 0.66667
vt 0.44444 0.66667
vt 0.55556 0.66667
vt 0.66667 0.66667
vt 0.77778 0.66667
vt 0.88889 0.66667
vt 0.00000 1.00000
vt 0.11111 1.00000
vt 0.22222 1.00000
vt 0.33333 1.00000
vt 0.44444 1.00000
vt 0.55556 1.00000
vt 0.66667 1.00000
vt 0.77778 1.00000
vt 0.88889 1.00000
vt 0.00000 0.00000
vt 0.11111 0.00000
vt 0.22222 0.00000
vt 0.33333 0.00000
vt 0.44444 0.00000
vt 0.55556 0.00000
vt 0.66667 0.00000
vt 0.77778 0.00000
vt 0.88889 0.00000
vt 0.00000 0.33333
vt 0.11111 0.33333
vt 0.22222 0.33333
vt 0.33333 0.33333
vt 0.44444 0.33333
vt 0.55556 0.33333
vt 0.66667 0.33333
vt 0.77778 0.33333
vt 0.88889 0.33333
vt 0.00000 0.66667
vt 0.11111 0.66667
vt 0.22222 0.66667
vt 0.33333 0.66667
vt 0.44444 0.66667
vt 0.55556 0.66667
vt 0.66667 0.66667
vt 0.77778 0.66667
vt 0.88889 0.66667
vt 0.00000 1.00000
vt 0.11111 1.00000
vt 0.22222 1.00000
vt 0.33333 1.00000
vt 0.44444 1.00000
vt 0.55556 1.00000
vt 0.66667 1.00000
vt 0.77778 1.00000
vt 0.88889 1.00000
vt 0.00000 0.00000
vt 0.11111 0.00000
vt 0.22222 0.00000
vt 0.33333 0.00000
vt 0.44444 0.00000
vt 0.55556 0.00000
vt 0.66667 0.00000
vt 0.77778 0.00000
vt 0.88889 0.00000
vt 0.00000 0.33333
vt 0.11111 0.33333
vt 0.22222 0.33333
vt 0.33333 0.33333
vt 0.44444 0.33333
vt 0.55556 0.33333
vt 0.66667 0.33333
vt 0.77778 0.33333
vt 0.88889 0.33333
vt 0.00000 0.66667
vt 0.11111 0.66667
vt 0.22222 0.66667
vt 0.33333 0.66667
vt 0.44444 0.66667
vt 0.55556 0.66667
vt 0.66667 0.66667
vt 0.77778 0.66667
vt 0.88889 0.66667
vt 0.00000 1.00000
vt 0.11111 1.00000
vt 0.22222 1.00000
vt 0.33333 1.00000
vt 0.44444 1.00000
vt 0.55556 1.00000
vt 0.66667 1.00000
vt 0.77778 1.00000
vt 0.88889 1.00000
vt 0.00000 0.00000
vt 0.10000 0.00000
vt 0.20000 0.00000
vt 0.30000 0.00000
vt 0.40000 0.00000
vt 0.50000 0.00000
vt 0.60000 0.00000
vt 0.70000 0.00000
vt 0.80000 0.00000
vt 0.90000 0.00000
vt 0.00000 0.33333
vt 0.10000 0.33333
vt 0.20000 0.33333
vt 0.30000 0.33333
vt 0.40000 0.33333
vt 0.50000 0.33333
vt 0.60000 0.33333
vt 0.70000 0.33333
vt 0.80000 0.33333
vt 0.90000 0.33333
vt 0.00000 0.66667
vt 0.10000 0.66667
vt 0.20000 0.66667
vt 0.30000 0.66667
vt 0.40000 0.66667
vt 0.50000 0.66667
vt 0.60000 0.66667
vt 0.70000 0.66667
vt 0.80000 0.66667
vt 0.90000 0.66667
vt 0.00000 1.00000
vt 0.10000 1.00000
vt 0.20000 1.00000
vt 0.30000 1.00000
vt 0.40000 1.00000
vt 0.50000 1.00000
vt 0.60000 1.00000
vt 0.70000 1.00000
vt 0.80000 1.00000
vt 0.90000 1.00000
vt 0.00000 0.00000
vt 0.11111 0.00000
vt 0.22222 0.00000
vt 0.33333 0.00000
vt 0.44444 0.00000
vt 0.55556 0.00000
vt 0.66667 0.00000
vt 0.77778 0.00000
vt 0.88889 0.00000
vt 0.00000 0.33333
vt 0.11111 0.33333
vt 0.22222 0.33333
vt 0.33333 0.33333
vt 0.44444 0.33333
vt 0.55556 0.33333
vt 0.66667 0.33333
vt 0.77778 0.33333
vt 0.88889 0.33333
vt 0.00000 0.66667
vt 0.11111 0.66667
vt 0.22222 0.66667
vt 0.33333 0.66667
vt 0.44444 0.66667
vt 0.55556 0.66667
vt 0.66667 0.66667
vt 0.77778 0.66667
vt 0.88889 0.66667
vt 0.00000 1.00000
vt 0.11111 1.00000
vt 0.22222 1.00000
vt 0.33333 1.00000
vt 0.44444 1.00000
vt 0.55556 1.00000
vt 0.66667 1.00000
vt 0.77778 1.00000
vt 0.88889 1.00000
vt 0.00000 0.00000
vt 0.11111 0.00000
vt 0.22222 0.00000
vt 0.33333 0.00000
vt 0.44444 0.00000
vt 0.55556 0.00000
vt 0.66667 0.00000
vt 0.77778 0.00000
vt 0.88889 0.00000
vt 0.00000 0.33333
vt 0.11111 0.33333
vt 0.22222 0.33333
vt 0.33333 0.33333
vt 0.44444 0.33333
vt 0.55556 0.33333
vt 0.66667 0.33333
vt 0.77778 0.33333
vt 0.88889 0.33333
vt 0.00000 0.66667
vt 0.11111 0.66667
vt 0.22222 0.66667
vt 0.33333 0.66667
vt 0.44444 0.66667
vt 0.55556 0.66667
vt 0.66667 0.66667
vt 0.77778 0.66667
vt 0.88889 0.66667
vt 0.00000 1.00000
vt 0.11111 1.00000
vt 0.22222 1.00000
vt 0.33333 1.00000
vt 0.44444 1.00000
vt 0.55556 1.00000
vt 0.66667 1.00000
vt 0.77778 1.00000
vt 0.88889 1.00000
vt 0.00000 0.00000
vt 0.11111 0.00000
vt 0.22222 0.00000
vt 0.33333 0.00000
vt 0.44444 0.00000
vt 0.55556 0.00000
vt 0.66667 0.00000
vt 0.77778 0.00000
vt 0.88889 0.00000
vt 0.00000 0.33333
vt 0.11111 0.33333
vt 0.22222 0.33333
vt 0.33333 0.33333
vt 0.44444 0.33333
vt 0.55556 0.33333
vt 0.66667 0.33333
vt 0.77778 0.33333
vt 0.88889 0.33333
vt 0.00000 0.66667
vt 0.11111 0.66667
vt 0.22222 0.66667
vt 0.33333 0.66667
vt 0.44444 0.66667
vt 0.55556 0.66667
vt 0.66667 0.66667
vt 0.77778 0.66667
vt 0.88889 0.66667
vt 0.00000 1.00000
vt 0.11111 1.00000
vt 0.22222 1.00000
vt 0.33333 1.00000
vt 0.44444 1.00000
vt 0.55556 1.00000
vt 0.66667 1.00000
vt 0.77778 1.00000
vt 0.88889 1.00000
vt 0.00000 0.00000
vt 0.09091 0.00000
vt 0.18182 0.00000
vt 0.27273 0.00000
vt 0.36364 0.00000
vt 0.45455 0.00000
vt 0.54545 0.00000
vt 0.63636 0.00000
vt 0.72727 0.00000
vt 0.81818 0.00000
vt 0.90909 0.00000
vt 0.00000 0.33333
vt 0.09091 0.33333
vt 0.18182 0.33333
vt 0.27273 0.33333
vt 0.36364 0.33333
vt 0.45455 0.33333
vt 0.54545 0.33333
vt 0.63636 0.33333
vt 0.72727 0.33333
vt 0.81818 0.33333
vt 0.90909 0.33333
vt 0.00000 0.66667
vt 0.09091 0.66667
vt 0.18182 0.66667
vt 0.27273 0.66667
vt 0.36364 0.66667
vt 0.45455 0.66667
vt 0.54545 0.66667
vt 0.63636 0.66667
vt 0.72727 0.66667
vt 0.81818 0.66667
vt 0.90909 0.66667
vt 0.00000 1.00000
vt 0.09091 1.00000
vt 0.18182 1.00000
vt 0.27273 1.00000
vt 0.36364 1.00000
vt 0.45455 1.00000
vt 0.54545 1.00000
vt 0.63636 1.00000
vt 0.72727 1.00000
vt 0.81818 1.00000
vt 0.90909 1.00000
vt 0.00000 0.00000
vt 0.10000 0.00000
vt 0.20000 0.00000
vt 0.30000 0.00000
vt 0.40000 0.00000
vt 0.50000 0.00000
vt 0.60000 0.00000
vt 0.70000 0.00000
vt 0.80000 0.00000
vt 0.90000 0.00000
vt 0.00000 0.33333
vt 0.10000 0.33333
vt 0.20000 0.33333
vt 0.30000 0.33333
vt 0.40000 0.33333
vt 0.50000 0.33333
vt 0.60000 0.33333
vt 0.70000 0.33333
vt 0.80000 0.33333
vt 0.90000 0.33333
vt 0.00000 0.66667
vt 0.10000 0.66667
vt 0.20000 0.66667
vt 0.30000 0.66667
vt 0.40000 0.66667
vt 0.50000 0.66667
vt 0.60000 0.66667
vt 0.70000 0.66667
vt 0.80000 0.66667
vt 0.90000 0.66667
vt 0.00000 1.00000
vt 0.10000 1.00000
vt 0.20000 1.00000
vt 0.30000 1.00000
vt 0.40000 1.00000
vt 0.50000 1.00000
vt 0.60000 1.00000
vt 0.70000 1.00000
vt 0.80000 1.00000
vt 0.90000 1.00000
vt 0.00000 0.00000
vt 0.11111 0.00000
vt 0.22222 0.00000
vt 0.33333 0.00000
vt 0.44444 0.00000
vt 0.55556 0.00000
vt 0.66667 0.00000
vt 0.77778 0.00000
vt 0.88889 0.00000
vt 0.00000 0.33333
vt 0.11111 0.33333
vt 0.22222 0.33333
vt 0.33333 0.33333
vt 0.44444 0.33333
vt 0.55556 0.33333
vt 0.66667 0.33333
vt 0.77778 0.33333
vt 0.88889 0.33333
vt 0.00000 0.66667
vt 0.11111 0.66667
vt 0.22222 0.66667
vt 0.33333 0.66667
vt 0.44444 0.66667
vt 0.55556 0.66667
vt 0.66667 0.66667
vt 0.77778 0.66667
vt 0.88889 0.66667
vt 0.00000 1.00000
vt 0.11111 1.00000
vt 0.22222 1.00000
vt 0.33333 1.00000
vt 0.44444 1.00000
vt 0.55556 1.00000
vt 0.66667 1.00000
vt 0.77778 1.00000
vt 0.88889 1.00000
vt 0.00000 0.00000
vt 0.11111 0.00000
vt 0.22222 0.00000
vt 0.33333 0.00000
vt 0.44444 0.00000
vt 0.55556 0.00000
vt 0.66667 0.00000
vt 0.77778 0.00000
vt 0.88889 0.00000
vt 0.00000 0.33333
vt 0.11111 0.33333
vt 0.22222 0.33333
vt 0.33333 0.33333
vt 0.44444 0.33333
vt 0.55556 0.33333
vt 0.66667 0.33333
vt 0.77778 0.33333
vt 0.88889 0.33333
vt 0.00000 0.66667
vt 0.11111 0.66667
vt 0.22222 0.66667
vt 0.33333 0.66667
vt 0.44444 0.66667
vt 0.55556 0.66667
vt 0.66667 0.66667
vt 0.77778 0.66667
vt 0.88889 0.66667
vt 0.00000 1.00000
vt 0.11111 1.00000
vt 0.22222 1.00000
vt 0.33333 1.00000
vt 0.44444 1.00000
vt 0.55556 1.00000
vt 0.66667 1.00000
vt 0.77778 1.00000
vt 0.88889 1.00000
vt 0.00000 0.00000
vt 0.11111 0.00000
vt 0.22222 0.00000
vt 0.33333 0.00000
vt 0.44444 0.00000
vt 0.55556 0.00000
vt 0.66667 0.00000
vt 0.77778 0.00000
vt 0.88889 0.00000
vt 0.00000 0.33333
vt 0.11111 0.33333
vt 0.22222 0.33333
vt 0.33333 0.33333
vt 0.44444 0.33333
vt 0.55556 0.33333
vt 0.66667 0.33333
vt 0.77778 0.33333
vt 0.88889 0.33333
vt 0.00000 0.66667
vt 0.11111 0.66667
vt 0.22222 0.66667
vt 0.33333 0.66667
vt 0.44444 0.66667
vt 0.55556 0.66667
vt 0.66667 0.66667
vt 0.77778 0.66667
vt 0.88889 0.66667
vt 0.00000 1.00000
vt 0.11111 1.00000
vt 0.22222 1.00000
vt 0.33333 1.00000
vt 0.44444 1.00000
vt 0.55556 1.00000
vt 0.66667 1.00000
vt 0.77778 1.00000
vt 0.88889 1.00000
vt 0.00000 0.00000
vt 0.10000 0.00000
vt 0.20000 0.00000
vt 0.30000 0.00000
vt 0.40000 0.00000
vt 0.50000 0.00000
vt 0.60000 0.00000
vt 0.70000 0.00000
vt 0.80000 0.00000
vt 0.90000 0.00000
vt 0.00000 0.33333
vt 0.10000 0.33333
vt 0.20000 0.33333
vt 0.30000 0.33333
vt 0.40000 0.33333
vt 0.50000 0.33333
vt 0.60000 0.33333
vt 0.70000 0.33333
vt 0.80000 0.33333
vt 0.90000 0.33333
vt 0.00000 0.66667
vt 0.10000 0.66667
vt 0.20000 0.66667
vt 0.30000 0.66667
vt 0.40000 0.66667
vt 0.50000 0.66667
vt 0.60000 0.66667
vt 0.70000 0.66667
vt 0.80000 0.66667
vt 0.90000 0.66667
vt 0.00000 1.00000
vt 0.10000 1.00000
vt 0.20000 1.00000
vt 0.30000 1.00000
vt 0.40000 1.00000
vt 0.50000 1.00000
vt 0.60000 1.00000
vt 0.70000 1.00000
vt 0.80000 1.00000
vt 0.90000 1.00000
vt 0.00000 0.00000
vt 0.11111 0.00000
vt 0.22222 0.00000
vt 0.33333 0.00000
vt 0.44444 0.00000
vt 0.55556 0.00000
vt 0.66667 0.00000
vt 0.77778 0.00000
vt 0.88889 0.00000
vt 0.00000 0.33333
vt 0.11111 0.33333
vt 0.22222 0.33333
vt 0.33333 0.33333
vt 0.44444 0.33333
vt 0.55556 0.33333
vt 0.66667 0.33333
vt 0.77778 0.33333
vt 0.88889 0.33333
vt 0.00000 0.66667
vt 0.11111 0.66667
vt 0.22222 0.66667
vt 0.33333 0.66667
vt 0.44444 0.66667
vt 0.55556 0.66667
vt 0.66667 0.66667
vt 0.77778 0.66667
vt 0.88889 0.66667
vt 0.00000 1.00000
vt 0.11111 1.00000
vt 0.22222 1.00000
vt 0.33333 1.00000
vt 0.44444 1.00000
vt 0.55556 1.00000
vt 0.66667 1.00000
vt 0.77778 1.00000
vt 0.88889 1.00000
vt 0.00000 0.00000
vt 0.11111 0.00000
vt 0.22222 0.00000
vt 0.33333 0.00000
vt 0.44444 0.00000
vt 0.55556 0.00000
vt 0.66667 0.00000
vt 0.77778 0.00000
vt 0.88889 0.00000
vt 0.00000 0.33333
vt 0.11111 0.33333
vt 0.22222 0.33333
vt 0.33333 0.33333
vt 0.44444 0.33333
vt 0.55556 0.33333
vt 0.66667 0.33333
vt 0.77778 0.33333
vt 0.88889 0.33333
vt 0.00000 0.66667
vt 0.11111 0.66667
vt 0.22222 0.66667
vt 0.33333 0.66667
vt 0.44444 0.66667
vt 0.55556 0.66667
vt 0.66667 0.66667
vt 0.77778 0.66667
vt 0.88889 0.66667
vt 0.00000 1.00000
vt 0.11111 1.00000
vt 0.22222 1.00000
vt 0.33333 1.00000
vt 0.44444 1.00000
vt 0.55556 1.00000
vt 0.66667 1.00000
vt 0.77778 1.00000
vt 0.88889 1.00000
vt 0.00000 0.00000
vt 0.11111 0.00000
vt 0.22222 0.00000
vt 0.33333 0.00000
vt 0.44444 0.00000
vt 0.55556 0.00000
vt 0.66667 0.00000
vt 0.77778 0.00000
vt 0.88889 0.00000
vt 0.00000 0.33333
vt 0.11111 0.33333
vt 0.22222 0.33333
vt 0.33333 0.33333
vt 0.44444 0.33333
vt 0.55556 0.33333
vt 0.66667 0.33333
vt 0.77778 0.33333
vt 0.88889 0.33333
vt 0.00000 0.66667
vt 0.11111 0.66667
vt 0.22222 0.66667
vt 0.33333 0.66667
vt 0.44444 0.66667
vt 0.55556 0.66667
vt 0.66667 0.66667
vt 0.77778 0.66667
vt 0.88889 0.66667
vt 0.00000 1.00000
vt 0.11111 1.00000
vt 0.22222 1.00000
vt 0.33333 1.00000
vt 0.44444 1.00000
vt 0.55556 1.00000
vt 0.66667 1.00000
vt 0.77778 1.00000
vt 0.88889 1.00000
vt 0.00000 0.00000
vt 0.10000 0.00000
vt 0.20000 0.00000
vt 0.30000 0.00000
vt 0.40000 0.00000
vt 0.50000 0.00000
vt 0.60000 0.00000
vt 0.70000 0.00000
vt 0.80000 0.00000
vt 0.90000 0.00000
vt 0.00000 0.33333
vt 0.10000 0.33333
vt 0.20000 0.33333
vt 0.30000 0.33333
vt 0.40000 0.33333
vt 0.50000 0.33333
vt 0.60000 0.33333
vt 0.70000 0.33333
vt 0.80000 0.33333
vt 0.90000 0.33333
vt 0.00000 0.66667
vt 0.10000 0.66667
vt 0.20000 0.66667
vt 0.30000 0.66667
vt 0.40000 0.66667
vt 0.50000 0.66667
vt 0.60000 0.66667
vt 0.70000 0.66667
vt 0.80000 0.66667
vt 0.90000 0.66667
vt 0.00000 1.00000
vt 0.10000 1.00000
vt 0.20000 1.00000
vt 0.30000 1.00000
vt 0.40000 1.00000
vt 0.50000 1.00000
vt 0.60000 1.00000
vt 0.70000 1.00000
vt 0.80000 1.00000
vt 0.90000 1.00000
vt 0.00000 0.00000
vt 0.11111 0.00000
vt 0.22222 0.00000
vt 0.33333 0.00000
vt 0.44444 0.00000
vt 0.55556 0.00000
vt 0.66667 0.00000
vt 0.77778 0.00000
vt 0.88889 0.00000
vt 0.00000 0.33333
vt 0.11111 0.33333
vt 0.22222 0.33333
vt 0.33333 0.33333
vt 0.44444 0.33333
vt 0.55556 0.33333
vt 0.66667 0.33333
vt 0.77778 0.33333
vt 0.88889 0.33333
vt 0.00000 0.66667
vt 0.11111 0.66667
vt 0.22222 0.66667
vt 0.33333 0.66667
vt 0.44444 0.66667
vt 0.55556 0.66667
vt 0.66667 0.66667
vt 0.77778 0.66667
vt 0.88889 0.66667
vt 0.00000 1.00000
vt 0.11111 1.00000
vt 0.22222 1.00000
vt 0.33333 1.00000
vt 0.44444 1.00000
vt 0.55556 1.00000
vt 0.66667 1.00000
vt 0.77778 1.00000
vt 0.88889 1.00000
vt 0.00000 0.00000
vt 0.11111 0.00000
vt 0.22222 0.00000
vt 0.33333 0.00000
vt 0.44444 0.00000
vt 0.55556 0.00000
vt 0.66667 0.00000
vt 0.77778 0.00000
vt 0.88889 0.00000
vt 0.00000 0.33333
vt 0.11111 0.33333
vt 0.22222 0.33333
vt 0.33333 0.33333
vt 0.44444 0.33333
vt 0.55556 0.33333
vt 0.66667 0.33333
vt 0.77778 0.33333
vt 0.88889 0.33333
vt 0.00000 0.66667
vt 0.11111 0.66667
vt 0.22222 0.66667
vt 0.33333 0.66667
vt 0.44444 0.66667
vt 0.55556 0.66667
vt 0.66667 0.66667
vt 0.77778 0.66667
vt 0.88889 0.66667
vt 0.00000 1.00000
vt 0.11111 1.00000
vt 0.22222 1.00000
vt 0.33333 1.00000
vt 0.44444 1.00000
vt 0.55556 1.00000
vt 0.66667 1.00000
vt 0.77778 1.00000
vt 0.88889 1.00000
vt 0.00000 0.00000
vt 0.11111 0.00000
vt 0.22222 0.00000
vt 0.33333 0.00000
vt 0.44444 0.00000
vt 0.55556 0.00000
vt 0.66667 0.00000
vt 0.77778 0.00000
vt 0.88889 0.00000
vt 0.00000 0.33333
vt 0.11111 0.33333
vt 0.22222 0.33333
vt 0.33333 0.33333
vt 0.44444 0.33333
vt 0.55556 0.33333
vt 0.66667 0.33333
vt 0.77778 0.33333
vt 0.88889 0.33333
vt 0.00000 0.66667
vt 0.11111 0.66667
vt 0.22222 0.66667
vt 0.33333 0.66667
vt 0.44444 0.66667
vt 0.55556 0.66667
vt 0.66667 0.66667
vt 0.77778 0.66667
vt 0.88889 0.66667
vt 0.00000 1.00000
vt 0.11111 1.00000
vt 0.22222 1.00000
vt 0.33333 1.00000
vt 0.44444 1.00000
vt 0.55556 1.00000
vt 0.66667 1.00000
vt 0.77778 1.00000
vt 0.88889 1.00000
vn 0.3464 0.9328 0.0998
vn 0.3610 0.9276 0.0958
vn 0.6357 0.7656 0.0989
vn 0.6481 0.7556 0.0951
vn 0.9814 0.1671 0.0948
vn 0.9840 0.1529 0.0912
vn 0.9813 -0.1671 0.0959
vn 0.9790 -0.1817 0.0925
vn 0.6358 -0.7657 0.0969
vn 0.6255 -0.7746 0.0936
vn 0.3464 -0.9327 0.1001
vn 0.3331 -0.9379 0.0970
vn -0.3448 -0.9329 0.1041
vn -0.3579 -0.9283 0.1008
vn -0.6342 -0.7657 0.1075
vn -0.6457 -0.7564 0.1042
vn -0.9799 -0.1671 0.1091
vn -0.9826 -0.1526 0.1055
vn -0.9797 0.1671 0.1105
vn -0.9773 0.1827 0.1069
vn -0.6342 0.7657 0.1069
vn -0.6224 0.7759 0.1030
vn -0.3448 0.9327 0.1062
vn -0.3295 0.9386 0.1023
vn 0.3615 0.9305 0.0594
vn 0.3753 0.9252 0.0561
vn 0.6498 0.7583 0.0535
vn 0.6627 0.7472 0.0500
vn 0.9871 0.1534 0.0467
vn 0.9893 0.1393 0.0438
vn 0.9819 -0.1825 0.0501
vn 0.9790 -0.1984 0.0473
vn 0.6266 -0.7768 0.0630
vn 0.6165 -0.7850 0.0607
vn 0.3333 -0.9399 0.0734
vn 0.3193 -0.9450 0.0711
vn -0.3583 -0.9291 0.0920
vn -0.3698 -0.9247 0.0899
vn -0.6460 -0.7567 0.1001
vn -0.6573 -0.7473 0.0976
vn -0.9827 -0.1526 0.1047
vn -0.9849 -0.1398 0.1021
vn -0.9777 0.1827 0.1035
vn -0.9750 0.1982 0.1004
vn -0.6235 0.7768 0.0885
vn -0.6125 0.7859 0.0852
vn -0.3305 0.9404 0.0802
vn -0.3147 0.9461 0.0766
vn 0.3752 0.9255 0.0522
vn 0.3872 0.9206 0.0495
vn 0.6628 0.7478 0.0393
vn 0.6752 0.7367 0.0362
vn 0.9901 0.1396 0.0178
vn 0.9918 0.1266 0.0154
vn 0.9799 -0.1987 0.0152
vn 0.9765 -0.2152 0.0126
vn 0.6167 -0.7869 0.0221
vn 0.6063 -0.7950 0.0202
vn 0.3188 -0.9472 0.0333
vn 0.3027 -0.9526 0.0313
vn -0.3716 -0.9264 0.0607
vn -0.3839 -0.9215 0.0591
vn -0.6590 -0.7483 0.0755
vn -0.6718 -0.7371 0.0736
vn -0.9856 -0.1398 0.0951
vn -0.9876 -0.1267 0.0932
vn -0.9751 0.1982 0.0996
vn -0.9718 0.2148 0.0972
vn -0.6120 0.7856 0.0908
vn -0.6019 0.7937 0.0883
vn -0.3144 0.9458 0.0815
vn -0.2987 0.9511 0.0784
vn 0.3869 0.9218 0.0258
vn 0.3985 0.9168 0.0239
vn 0.6752 0.7373 0.0211
vn 0.6881 0.7254 0.0186
vn 0.9918 0.1266 0.0173
vn 0.9933 0.1146 0.0158
vn 0.9763 -0.2151 0.0215
vn 0.9725 -0.2320 0.0195
vn 0.6063 -0.7945 0.0346
vn 0.5963 -0.8020 0.0333
vn 0.3029 -0.9520 0.0445
vn 0.2857 -0.9574 0.0427
vn -0.3839 -0.9214 0.0605
vn -0.3962 -0.9163 0.0590
vn -0.6722 -0.7373 0.0671
vn -0.6860 -0.7247 0.0650
vn -0.9895 -0.1268 0.0689
vn -0.9913 -0.1133 0.0671
vn -0.9743 0.2152 0.0667
vn -0.9703 0.2334 0.0640
vn -0.6042 0.7952 0.0516
vn -0.5936 0.8032 0.0495
vn -0.3003 0.9528 0.0436
vn -0.2829 0.9583 0.0409
vn 0.3981 0.9173 -0.0019
vn 0.4095 0.9123 -0.0037
vn 0.6879 0.7257 -0.0083
vn 0.7014 0.7127 -0.0105
vn 0.9934 0.1143 -0.0074
vn 0.9947 0.1025 -0.0085
vn 0.9726 -0.2324 0.0021
vn 0.9682 -0.2502 0.0007
vn 0.5963 -0.8022 0.0292
vn 0.5869 -0.8092 0.0284
vn 0.2858 -0.9572 0.0459
vn 0.2682 -0.9623 0.0448
vn -0.3956 -0.9157 0.0713
vn -0.4067 -0.9108 0.0703
vn -0.6851 -0.7241 0.0793
vn -0.6989 -0.7110 0.0776
vn -0.9906 -0.1132 0.0768
vn -0.9921 -0.1005 0.0752
vn -0.9699 0.2335 0.0690
vn -0.9654 0.2524 0.0663
vn -0.5941 0.8034 0.0402
vn -0.5837 0.8111 0.0382
vn -0.2836 0.9586 0.0252
vn -0.2650 0.9640 0.0223
vn 0.4087 0.9123 -0.0261
vn 0.4194 0.9074 -0.0275
vn 0.7010 0.7125 -0.0318
vn 0.7147 0.6986 -0.0337
vn 0.9945 0.1021 -0.0228
vn 0.9956 0.0908 -0.0235
vn 0.9681 -0.2505 -0.0069
vn 0.9631 -0.2690 -0.0075
vn 0.5870 -0.8089 0.0333
vn 0.5780 -0.8154 0.0330
vn 0.2685 -0.9617 0.0558
vn 0.2502 -0.9666 0.0552
vn -0.4058 -0.9099 0.0862
vn -0.4162 -0.9052 0.0855
vn -0.6978 -0.7102 0.0934
vn -0.7117 -0.6965 0.0919
vn -0.9915 -0.1002 0.0830
vn -0.9927 -0.0884 0.0815
vn -0.9652 0.2524 0.0685
vn -0.9602 0.2715 0.0657
vn -0.5844 0.8110 0.0269
vn -0.5747 0.8180 0.0250
vn -0.2659 0.9640 0.0058
vn -0.2468 0.9691 0.0029
vn 0.4189 0.9072 -0.0397
vn 0.4285 0.9026 -0.0409
vn 0.7141 0.6983 -0.0493
vn 0.7278 0.6839 -0.0510
vn 0.9951 0.0901 -0.0415
vn 0.9959 0.0796 -0.0419
vn 0.9627 -0.2697 -0.0228
vn 0.9572 -0.2886 -0.0230
vn 0.5777 -0.8158 0.0264
vn 0.5692 -0.8217 0.0264
vn 0.2502 -0.9666 0.0554
vn 0.2312 -0.9713 0.0554
vn -0.4155 -0.9045 0.0961
vn -0.4249 -0.9002 0.0957
vn -0.7105 -0.6955 0.1070
vn -0.7242 -0.6815 0.1058
vn -0.9913 -0.0877 0.0980
vn -0.9923 -0.0772 0.0967
vn -0.9589 0.2720 0.0804
vn -0.9535 0.2911 0.0778
vn -0.5744 0.8180 0.0301
vn -0.5656 0.8242 0.0284
vn -0.2468 0.9691 0.0023
vn -0.2276 0.9738 -0.0006
vn 0.0661 0.0443 0.9968
vn -0.0078 0.0002 -1.0000
vn 0.2818 0.9568 0.0720
vn 0.2821 0.9567 0.0720
vn 0.7558 0.6533 0.0446
vn 0.7557 0.6533 0.0446
vn 0.9898 0.1422 0.0063
vn 0.9096 -0.4143 -0.0309
vn 0.9095 -0.4146 -0.0309
vn 0.5407 -0.8394 -0.0550
vn 0.5402 -0.8397 -0.0550
vn 0.0001 -0.9983 -0.0585
vn -0.0004 -0.9983 -0.0585
vn -0.5404 -0.8404 -0.0403
vn -0.5408 -0.8402 -0.0403
vn -0.9094 -0.4160 -0.0061
vn -0.9096 -0.4155 -0.0060
vn -0.9895 0.1404 0.0333
vn -0.9894 0.1412 0.0333
vn -0.7555 0.6519 0.0652
vn -0.7548 0.6527 0.0653
vn -0.2816 0.9562 0.0797
vn -0.2808 0.9564 0.0797
vn 0.2813 0.9596 0.0067
vn 0.2815 0.9595 0.0067
vn 0.7554 0.6553 -0.0014
vn 0.7555 0.6551 -0.0014
vn 0.9898 0.1426 -0.0059
vn 0.9898 0.1425 -0.0059
vn 0.9096 -0.4154 -0.0053
vn 0.5408 -0.8412 0.0001
vn 0.5407 -0.8412 0.0001
vn 0.0007 -1.0000 0.0087
vn 0.0003 -1.0000 0.0087
vn -0.5396 -0.8417 0.0177
vn -0.5399 -0.8415 0.0177
vn -0.9089 -0.4164 0.0243
vn -0.9090 -0.4161 0.0243
vn -0.9896 0.1415 0.0264
vn -0.9896 0.1416 0.0264
vn -0.7558 0.6544 0.0232
vn -0.7557 0.6545 0.0232
vn -0.2820 0.9593 0.0159
vn -0.2818 0.9593 0.0159
vn 0.2819 0.9575 0.0604
vn 0.2817 0.9576 0.0604
vn 0.7556 0.6536 0.0431
vn 0.7557 0.6535 0.0431
vn 0.9898 0.1419 0.0153
vn 0.9898 0.1417 0.0152
vn 0.9096 -0.4152 -0.0143
vn 0.5405 -0.8406 -0.0361
vn 0.5406 -0.8405 -0.0361
vn -0.0001 -0.9991 -0.0432
vn 0.0000 -0.9991 -0.0432
vn -0.5407 -0.8406 -0.0335
vn -0.5406 -0.8406 -0.0335
vn -0.9096 -0.4153 -0.0099
vn -0.9096 -0.4155 -0.0099
vn -0.9897 0.1418 0.0200
vn -0.9897 0.1414 0.0200
vn -0.7553 0.6537 0.0467
vn -0.7557 0.6533 0.0467
vn -0.2813 0.9576 0.0618
vn -0.2817 0.9575 0.0618
vn 0.0024 -0.0533 0.9986
vn -0.0137 0.0685 -0.9976
vn 0.3080 0.9505 0.0420
vn 0.3093 0.9500 0.0418
vn 0.8057 0.5915 -0.0309
vn 0.8068 0.5900 -0.0311
vn 0.9959 0.0065 -0.0906
vn 0.9959 0.0044 -0.0908
vn 0.8057 -0.5811 -0.1144
vn 0.8047 -0.5825 -0.1144
vn 0.3080 -0.9468 -0.0931
vn 0.3066 -0.9473 -0.0930
vn -0.3073 -0.9510 -0.0349
vn -0.3089 -0.9505 -0.0347
vn -0.8051 -0.5920 0.0380
vn -0.8063 -0.5903 0.0382
vn -0.9952 -0.0070 0.0978
vn -0.9952 -0.0048 0.0979
vn -0.8051 0.5806 0.1215
vn -0.8040 0.5820 0.1215
vn -0.3073 0.9463 0.1002
vn -0.3061 0.9467 0.1001
vn 0.3079 0.9512 0.0194
vn 0.3092 0.9508 0.0193
vn 0.8083 0.5887 -0.0056
vn 0.8089 0.5879 -0.0057
vn 0.9996 0.0013 -0.0271
vn 0.9996 0.0007 -0.0272
vn 0.8094 -0.5862 -0.0369
vn 0.8088 -0.5869 -0.0369
vn 0.3104 -0.9501 -0.0312
vn 0.3090 -0.9505 -0.0312
vn -0.3074 -0.9515 -0.0123
vn -0.3089 -0.9510 -0.0122
vn -0.8080 -0.5891 0.0127
vn -0.8086 -0.5882 0.0128
vn -0.9994 -0.0017 0.0342
vn -0.9994 -0.0008 0.0343
vn -0.8091 0.5860 0.0440
vn -0.8085 0.5868 0.0440
vn -0.3100 0.9500 0.0384
vn -0.3087 0.9504 0.0383
vn 0.3083 0.9513 0.0012
vn 0.3084 0.9513 0.0012
vn 0.8068 0.5890 -0.0458
vn 0.8069 0.5890 -0.0458
vn 0.9973 0.0018 -0.0739
vn 0.9973 0.0017 -0.0739
vn 0.8070 -0.5861 -0.0724
vn 0.8069 -0.5863 -0.0724
vn 0.3085 -0.9503 -0.0419
vn 0.3084 -0.9503 -0.0419
vn -0.3079 -0.9514 0.0059
vn -0.3078 -0.9514 0.0059
vn -0.8063 -0.5891 0.0529
vn -0.9967 -0.0020 0.0810
vn -0.9967 -0.0018 0.0810
vn -0.8065 0.5859 0.0795
vn -0.8063 0.5861 0.0795
vn -0.3081 0.9501 0.0491
vn -0.3078 0.9502 0.0490
vn 0.0775 -0.0226 0.9967
vn -0.0944 0.0707 -0.9930
vn 0.3413 0.9397 0.0240
vn 0.3399 0.9401 0.0242
vn 0.8640 0.5023 -0.0346
vn 0.8633 0.5036 -0.0345
vn 0.9825 -0.1701 -0.0763
vn 0.9827 -0.1688 -0.0762
vn 0.6413 -0.7629 -0.0816
vn 0.6423 -0.7621 -0.0816
vn 0.0001 -0.9988 -0.0480
vn 0.0015 -0.9988 -0.0481
vn -0.6411 -0.7674 0.0088
vn -0.6399 -0.7684 0.0086
vn -0.9823 -0.1769 0.0621
vn -0.9820 -0.1783 0.0621
vn -0.8638 0.4963 0.0872
vn -0.8644 0.4952 0.0872
vn -0.3411 0.9373 0.0721
vn -0.3423 0.9368 0.0722
vn 0.3424 0.9378 0.0577
vn 0.3423 0.9378 0.0577
vn 0.8642 0.5026 -0.0212
vn 0.8641 0.5029 -0.0212
vn 0.9817 -0.1679 -0.0895
vn 0.9818 -0.1674 -0.0895
vn 0.6398 -0.7598 -0.1152
vn 0.6402 -0.7595 -0.1152
vn -0.0013 -0.9963 -0.0862
vn -0.0010 -0.9963 -0.0863
vn -0.6418 -0.7667 -0.0162
vn -0.6416 -0.7668 -0.0163
vn -0.9819 -0.1788 0.0620
vn -0.8625 0.4934 0.1121
vn -0.8628 0.4929 0.1120
vn -0.3395 0.9341 0.1103
vn -0.3398 0.9340 0.1103
vn 0.3388 0.9406 0.0219
vn 0.3400 0.9402 0.0217
vn 0.8599 0.5062 -0.0652
vn 0.8606 0.5051 -0.0654
vn 0.9788 -0.1650 -0.1211
vn 0.9786 -0.1664 -0.1212
vn 0.6398 -0.7592 -0.1196
vn 0.6388 -0.7600 -0.1196
vn 0.0013 -0.9981 -0.0614
vn 0.0002 -0.9981 -0.0613
vn -0.6375 -0.7700 0.0262
vn -0.6384 -0.7692 0.0264
vn -0.9780 -0.1818 0.1023
vn -0.9782 -0.1804 0.1024
vn -0.8609 0.4915 0.1312
vn -0.8602 0.4927 0.1312
vn -0.3408 0.9348 0.0995
vn -0.3396 0.9353 0.0994
vn 0.1137 -0.0624 0.9915
vn -0.0704 0.0494 -0.9963
vn 0.3416 0.9258 -0.1617
vn 0.3413 0.9259 -0.1618
vn 0.8650 0.4987 -0.0544
vn 0.8649 0.4990 -0.0545
vn 0.9837 -0.1617 0.0787
vn 0.9838 -0.1614 0.0786
vn 0.6421 -0.7463 0.1753
vn 0.6423 -0.7462 0.1753
vn -0.0000 -0.9817 0.1902
vn 0.0002 -0.9817 0.1902
vn -0.6421 -0.7577 0.1164
vn -0.6419 -0.7579 0.1165
vn -0.9838 -0.1791 -0.0115
vn -0.9837 -0.1794 -0.0114
vn -0.8651 0.4834 -0.1337
vn -0.8653 0.4832 -0.1337
vn -0.3417 0.9198 -0.1930
vn -0.3419 0.9197 -0.1930
vn 0.3420 0.9229 -0.1769
vn 0.3427 0.9226 -0.1768
vn 0.8655 0.4962 -0.0686
vn 0.8660 0.4953 -0.0684
vn 0.9840 -0.1627 0.0721
vn 0.9837 -0.1643 0.0725
vn 0.6421 -0.7453 0.1794
vn 0.6407 -0.7465 0.1796
vn -0.0003 -0.9792 0.2031
vn -0.0014 -0.9792 0.2030
vn -0.6426 -0.7548 0.1320
vn -0.6431 -0.7543 0.1319
vn -0.9842 -0.1772 -0.0005
vn -0.9844 -0.1759 -0.0007
vn -0.8653 0.4834 -0.1324
vn -0.8644 0.4850 -0.1327
vn -0.3416 0.9179 -0.2021
vn -0.3402 0.9184 -0.2021
vn 0.3404 0.9354 -0.0958
vn 0.3419 0.9348 -0.0957
vn 0.8651 0.5002 -0.0379
vn 0.8659 0.4989 -0.0377
vn 0.9847 -0.1697 0.0382
vn 0.9846 -0.1705 0.0383
vn 0.6432 -0.7596 0.0966
vn 0.6427 -0.7600 0.0967
vn 0.0013 -0.9939 0.1102
vn -0.0000 -0.9939 0.1102
vn -0.6414 -0.7637 0.0726
vn -0.6427 -0.7627 0.0725
vn -0.9845 -0.1756 0.0013
vn -0.9846 -0.1746 0.0012
vn -0.8661 0.4948 -0.0703
vn -0.8659 0.4953 -0.0703
vn -0.3428 0.9331 -0.1086
vn -0.3420 0.9334 -0.1086
vn -0.0189 0.1095 0.9938
vn 0.0466 -0.1893 -0.9808
vn 0.3242 0.9444 -0.0552
vn 0.3209 0.9456 -0.0540
vn 0.8206 0.5149 -0.2478
vn 0.8188 0.5183 -0.2470
vn 0.9331 -0.1554 -0.3242
vn 0.9338 -0.1516 -0.3241
vn 0.6091 -0.7531 -0.2485
vn 0.6119 -0.7506 -0.2493
vn 0.0002 -0.9984 -0.0563
vn 0.0038 -0.9983 -0.0575
vn -0.6087 -0.7766 0.1626
vn -0.6059 -0.7790 0.1616
vn -0.9327 -0.1914 0.3057
vn -0.9320 -0.1952 0.3053
vn -0.8202 0.4834 0.3061
vn -0.8220 0.4799 0.3065
vn -0.3238 0.9319 0.1636
vn -0.3272 0.9305 0.1646
vn 0.3306 0.9435 -0.0239
vn 0.3249 0.9455 -0.0220
vn 0.8300 0.5158 -0.2123
vn 0.8269 0.5213 -0.2109
vn 0.9412 -0.1532 -0.3010
vn 0.9424 -0.1462 -0.3008
vn 0.6121 -0.7506 -0.2486
vn 0.6174 -0.7459 -0.2499
vn -0.0033 -0.9968 -0.0795
vn 0.0029 -0.9967 -0.0814
vn -0.6171 -0.7766 0.1271
vn -0.6126 -0.7804 0.1254
vn -0.9420 -0.1931 0.2745
vn -0.9409 -0.1997 0.2736
vn -0.8261 0.4808 0.2939
vn -0.8296 0.4744 0.2944
vn -0.3235 0.9297 0.1760
vn -0.3298 0.9272 0.1777
vn 0.3382 0.9406 0.0302
vn 0.3354 0.9416 0.0309
vn 0.8504 0.5126 -0.1187
vn 0.8490 0.5151 -0.1182
vn 0.9650 -0.1545 -0.2118
vn 0.9654 -0.1525 -0.2117
vn 0.6287 -0.7500 -0.2056
vn 0.6302 -0.7487 -0.2057
vn -0.0025 -0.9947 -0.1027
vn 0.0001 -0.9947 -0.1032
vn -0.6322 -0.7733 0.0486
vn -0.6299 -0.7752 0.0479
vn -0.9655 -0.1907 0.1773
vn -0.9651 -0.1931 0.1770
vn -0.8477 0.4810 0.2235
vn -0.8487 0.4794 0.2235
vn -0.3329 0.9283 0.1655
vn -0.3351 0.9275 0.1659
vn 0.1984 -0.1019 0.9748
vn -0.3203 0.0539 -0.9458
vn 0.3036 0.9526 -0.0206
vn 0.3051 0.9521 -0.0203
vn 0.7953 0.5980 0.0995
vn 0.7962 0.5967 0.0998
vn 0.9831 0.0150 0.1822
vn 0.9831 0.0135 0.1824
vn 0.7953 -0.5736 0.1961
vn 0.7944 -0.5749 0.1960
vn 0.3036 -0.9431 0.1357
vn 0.3021 -0.9436 0.1354
vn -0.3042 -0.9523 0.0241
vn -0.3057 -0.9518 0.0238
vn -0.7960 -0.5977 -0.0959
vn -0.7969 -0.5964 -0.0962
vn -0.9838 -0.0147 -0.1787
vn -0.9838 -0.0132 -0.1788
vn -0.7960 0.5739 -0.1925
vn -0.7951 0.5752 -0.1924
vn -0.3042 0.9434 -0.1321
vn -0.3027 0.9439 -0.1319
vn 0.3012 0.9536 0.0000
vn 0.3082 0.9513 0.0016
vn 0.7920 0.5983 0.1214
vn 0.7966 0.5919 0.1227
vn 0.9803 0.0145 0.1971
vn 0.9803 0.0061 0.1976
vn 0.7940 -0.5748 0.1982
vn 0.7892 -0.5815 0.1977
vn 0.3042 -0.9445 0.1243
vn 0.2970 -0.9469 0.1230
vn -0.3019 -0.9533 0.0036
vn -0.3088 -0.9511 0.0020
vn -0.7927 -0.5981 -0.1178
vn -0.7972 -0.5918 -0.1192
vn -0.9810 -0.0143 -0.1935
vn -0.9810 -0.0060 -0.1941
vn -0.7947 0.5750 -0.1946
vn -0.7899 0.5817 -0.1941
vn -0.3049 0.9447 -0.1207
vn -0.2977 0.9472 -0.1194
vn 0.2996 0.9527 0.0504
vn 0.3051 0.9509 0.0513
vn 0.7961 0.5920 0.1259
vn 0.7993 0.5875 0.1264
vn 0.9881 0.0048 0.1539
vn 0.9881 -0.0004 0.1538
vn 0.8024 -0.5838 0.1237
vn 0.7993 -0.5881 0.1232
vn 0.3105 -0.9494 0.0471
vn 0.3051 -0.9512 0.0463
vn -0.3002 -0.9527 -0.0469
vn -0.3057 -0.9509 -0.0477
vn -0.7967 -0.5919 -0.1223
vn -0.7999 -0.5875 -0.1228
vn -0.9886 -0.0047 -0.1503
vn -0.9886 0.0004 -0.1503
vn -0.8029 0.5839 -0.1202
vn -0.7999 0.5881 -0.1197
vn -0.3111 0.9494 -0.0435
vn -0.3057 0.9512 -0.0427
vn -0.1521 -0.0026 0.9884
vn 0.1811 -0.0808 -0.9801
vn 0.3335 0.9385 0.0893
vn 0.3289 0.9402 0.0883
vn 0.8446 0.4972 0.1986
vn 0.8418 0.5021 0.1981
vn 0.9604 -0.1767 0.2153
vn 0.9614 -0.1709 0.2156
vn 0.6268 -0.7680 0.1316
vn 0.6309 -0.7644 0.1326
vn -0.0002 -0.9999 -0.0134
vn 0.0047 -0.9999 -0.0123
vn -0.6271 -0.7640 -0.1518
vn -0.6232 -0.7674 -0.1509
vn -0.9607 -0.1706 -0.2188
vn -0.9597 -0.1763 -0.2187
vn -0.8449 0.5026 -0.1832
vn -0.8477 0.4977 -0.1838
vn -0.3338 0.9407 -0.0615
vn -0.3385 0.9389 -0.0625
vn 0.3423 0.9394 0.0179
vn 0.3394 0.9405 0.0175
vn 0.8576 0.5011 0.1157
vn 0.8563 0.5034 0.1154
vn 0.9721 -0.1716 0.1597
vn 0.9726 -0.1693 0.1597
vn 0.6315 -0.7645 0.1293
vn 0.6336 -0.7627 0.1295
vn -0.0050 -0.9992 0.0387
vn -0.0019 -0.9992 0.0391
vn -0.6387 -0.7663 -0.0697
vn -0.6365 -0.7682 -0.0692
vn -0.9738 -0.1753 -0.1451
vn -0.9734 -0.1777 -0.1449
vn -0.8537 0.4981 -0.1523
vn -0.8549 0.4960 -0.1524
vn -0.3336 0.9386 -0.0879
vn -0.3364 0.9376 -0.0883
vn 0.3350 0.9412 0.0439
vn 0.3367 0.9406 0.0442
vn 0.8519 0.5041 0.1422
vn 0.8528 0.5025 0.1424
vn 0.9701 -0.1689 0.1743
vn 0.9698 -0.1707 0.1743
vn 0.6343 -0.7629 0.1252
vn 0.6329 -0.7641 0.1250
vn 0.0017 -0.9998 0.0178
vn -0.0001 -0.9998 0.0175
vn -0.6318 -0.7690 -0.0976
vn -0.6332 -0.7678 -0.0978
vn -0.9697 -0.1783 -0.1670
vn -0.9700 -0.1765 -0.1671
vn -0.8540 0.4958 -0.1579
vn -0.8530 0.4974 -0.1578
vn -0.3386 0.9380 -0.0746
vn -0.3370 0.9386 -0.0744
vn -0.1733 0.0165 0.9847
vn 0.2204 0.0138 -0.9753
vn 0.3389 0.9177 -0.2072
vn 0.3395 0.9175 -0.2071
vn 0.8582 0.5128 -0.0221
vn 0.8586 0.5123 -0.0219
vn 0.9759 -0.1320 0.1735
vn 0.9758 -0.1327 0.1736
vn 0.6370 -0.7150 0.2881
vn 0.6365 -0.7154 0.2881
vn -0.0001 -0.9634 0.2681
vn -0.0007 -0.9634 0.2680
vn -0.6371 -0.7609 0.1228
vn -0.6376 -0.7606 0.1226
vn -0.9761 -0.2024 -0.0797
vn -0.9762 -0.2018 -0.0799
vn -0.8583 0.4509 -0.2448
vn -0.8580 0.4515 -0.2449
vn -0.3390 0.8933 -0.2951
vn -0.3384 0.8935 -0.2951
vn 0.3385 0.9196 -0.1996
vn 0.3392 0.9193 -0.1994
vn 0.8583 0.5127 -0.0205
vn 0.8588 0.5120 -0.0203
vn 0.9766 -0.1341 0.1684
vn 0.9764 -0.1348 0.1686
vn 0.6378 -0.7180 0.2787
vn 0.6373 -0.7185 0.2787
vn 0.0006 -0.9660 0.2587
vn -0.0002 -0.9660 0.2586
vn -0.6369 -0.7619 0.1179
vn -0.6375 -0.7614 0.1177
vn -0.9764 -0.2012 -0.0779
vn -0.9766 -0.2005 -0.0781
vn -0.8591 0.4536 -0.2371
vn -0.8587 0.4542 -0.2372
vn -0.3398 0.8962 -0.2852
vn -0.3391 0.8965 -0.2851
vn 0.3402 0.9172 -0.2075
vn 0.3403 0.9172 -0.2074
vn 0.8616 0.5057 -0.0439
vn 0.8616 0.5056 -0.0439
vn 0.9798 -0.1423 0.1403
vn 0.9798 -0.1424 0.1403
vn 0.6396 -0.7237 0.2591
vn 0.6395 -0.7238 0.2591
vn 0.0001 -0.9665 0.2568
vn -0.0000 -0.9665 0.2568
vn -0.6396 -0.7569 0.1345
vn -0.9799 -0.1931 -0.0505
vn -0.8618 0.4610 -0.2117
vn -0.8617 0.4611 -0.2118
vn -0.3405 0.8995 -0.2737
vn -0.3403 0.8996 -0.2737
vn -0.1003 0.2551 0.9617
vn 0.1334 -0.2653 -0.9549
vn 0.3417 0.8836 0.3202
vn 0.3390 0.8845 0.3204
vn 0.8652 0.4604 0.1988
vn 0.8640 0.4623 0.1994
vn 0.9839 -0.1783 -0.0154
vn 0.9842 -0.1767 -0.0149
vn 0.6422 -0.7336 -0.2223
vn 0.6437 -0.7324 -0.2218
vn -0.0000 -0.9457 -0.3250
vn 0.0027 -0.9458 -0.3248
vn -0.6422 -0.7154 -0.2754
vn -0.6401 -0.7170 -0.2759
vn -0.9839 -0.1503 -0.0968
vn -0.9835 -0.1522 -0.0974
vn -0.8652 0.4850 0.1273
vn -0.8661 0.4835 0.1267
vn -0.3417 0.8933 0.2919
vn -0.3440 0.8926 0.2916
vn 0.3432 0.9029 0.2589
vn 0.3362 0.9055 0.2589
vn 0.8643 0.4637 0.1946
vn 0.8603 0.4706 0.1960
vn 0.9805 -0.1928 0.0393
vn 0.9818 -0.1852 0.0413
vn 0.6377 -0.7585 -0.1341
vn 0.6432 -0.7541 -0.1325
vn -0.0028 -0.9696 -0.2446
vn 0.0043 -0.9698 -0.2440
vn -0.6425 -0.7275 -0.2406
vn -0.6366 -0.7325 -0.2413
vn -0.9818 -0.1443 -0.1237
vn -0.9804 -0.1521 -0.1255
vn -0.8610 0.5060 0.0512
vn -0.8647 0.4998 0.0493
vn -0.3379 0.9192 0.2022
vn -0.3445 0.9170 0.2011
vn 0.3445 0.9242 0.1649
vn 0.3408 0.9256 0.1647
vn 0.8648 0.4809 0.1446
vn 0.8629 0.4841 0.1449
vn 0.9805 -0.1883 0.0567
vn 0.9813 -0.1839 0.0574
vn 0.6367 -0.7690 -0.0575
vn 0.6405 -0.7659 -0.0568
vn -0.0044 -0.9895 -0.1445
vn -0.0000 -0.9896 -0.1442
vn -0.6433 -0.7478 -0.1638
vn -0.6405 -0.7502 -0.1640
vn -0.9820 -0.1559 -0.1063
vn -0.9813 -0.1599 -0.1068
vn -0.8605 0.5094 0.0013
vn -0.8630 0.5052 0.0005
vn -0.3364 0.9355 0.1083
vn -0.3408 0.9339 0.1077
vn -0.0843 -0.1440 0.9860
vn 0.0437 0.3250 -0.9447
vn 0.3056 0.9326 -0.1918
vn 0.3048 0.9329 -0.1918
vn 0.7996 0.5618 -0.2119
vn 0.7992 0.5625 -0.2119
vn 0.9884 -0.0235 -0.1504
vn 0.9884 -0.0226 -0.1505
vn 0.7996 -0.5997 -0.0307
vn 0.8001 -0.5990 -0.0309
vn 0.3056 -0.9468 0.1013
vn 0.3065 -0.9465 0.1011
vn -0.3051 -0.9321 0.1953
vn -0.3042 -0.9324 0.1952
vn -0.7991 -0.5613 0.2154
vn -0.7986 -0.5620 0.2154
vn -0.9878 0.0240 0.1539
vn -0.9878 0.0232 0.1540
vn -0.7991 0.6002 0.0342
vn -0.7996 0.5996 0.0344
vn -0.3051 0.9473 -0.0978
vn -0.3059 0.9470 -0.0977
vn 0.3056 0.9337 -0.1867
vn 0.2987 0.9361 -0.1858
vn 0.7981 0.5615 -0.2186
vn 0.7934 0.5680 -0.2187
vn 0.9857 -0.0250 -0.1664
vn 0.9857 -0.0171 -0.1675
vn 0.7970 -0.6019 -0.0500
vn 0.8013 -0.5961 -0.0515
vn 0.3040 -0.9488 0.0862
vn 0.3106 -0.9468 0.0848
vn -0.3051 -0.9332 0.1901
vn -0.2981 -0.9356 0.1893
vn -0.7975 -0.5610 0.2221
vn -0.7927 -0.5676 0.2222
vn -0.9851 0.0255 0.1699
vn -0.9851 0.0175 0.1710
vn -0.7964 0.6024 0.0534
vn -0.8007 0.5965 0.0551
vn -0.3034 0.9493 -0.0827
vn -0.3101 0.9472 -0.0813
vn 0.3123 0.9451 -0.0961
vn 0.3066 0.9470 -0.0955
vn 0.8055 0.5761 -0.1386
vn 0.8024 0.5805 -0.1384
vn 0.9918 -0.0130 -0.1275
vn 0.9918 -0.0077 -0.1278
vn 0.7989 -0.5977 -0.0670
vn 0.8024 -0.5929 -0.0677
vn 0.3007 -0.9535 0.0198
vn 0.3066 -0.9516 0.0189
vn -0.3118 -0.9449 0.0996
vn -0.3062 -0.9468 0.0990
vn -0.8051 -0.5759 0.1421
vn -0.8019 -0.5803 0.1419
vn -0.9913 0.0134 0.1310
vn -0.9913 0.0079 0.1313
vn -0.7984 0.5980 0.0705
vn -0.8019 0.5931 0.0712
vn -0.3001 0.9538 -0.0163
vn -0.3062 0.9519 -0.0154
vn 0.1298 0.0596 0.9897
vn -0.1540 -0.1523 -0.9763
vn 0.3387 0.9220 -0.1875
vn 0.3396 0.9217 -0.1876
vn 0.8576 0.4763 -0.1942
vn 0.8581 0.4753 -0.1942
vn 0.9752 -0.1923 -0.1098
vn 0.9750 -0.1931 -0.1097
vn 0.6365 -0.7708 0.0263
vn 0.6360 -0.7712 0.0264
vn 0.0001 -0.9886 0.1504
vn -0.0007 -0.9886 0.1505
vn -0.6364 -0.7438 0.2044
vn -0.6372 -0.7431 0.2044
vn -0.9750 -0.1509 0.1631
vn -0.9752 -0.1499 0.1629
vn -0.8574 0.5126 0.0457
vn -0.8570 0.5133 0.0456
vn -0.3386 0.9364 -0.0927
vn -0.3379 0.9366 -0.0928
vn 0.3403 0.9227 -0.1810
vn 0.3401 0.9228 -0.1810
vn 0.8629 0.4820 -0.1521
vn 0.8627 0.4823 -0.1521
vn 0.9816 -0.1839 -0.0518
vn 0.9816 -0.1838 -0.0518
vn 0.6413 -0.7638 0.0730
vn 0.0008 -0.9865 0.1640
vn 0.0010 -0.9865 0.1640
vn -0.6401 -0.7472 0.1785
vn -0.6399 -0.7475 0.1785
vn -0.9813 -0.1584 0.1097
vn -0.9812 -0.1586 0.1098
vn -0.8634 0.5045 -0.0100
vn -0.8634 0.5044 -0.0100
vn -0.3416 0.9315 -0.1249
vn -0.3417 0.9315 -0.1249
vn 0.3407 0.9238 -0.1748
vn 0.3398 0.9241 -0.1747
vn 0.8607 0.4793 -0.1715
vn 0.8602 0.4802 -0.1716
vn 0.9780 -0.1894 -0.0877
vn 0.9782 -0.1883 -0.0879
vn 0.6377 -0.7693 0.0374
vn 0.6385 -0.7687 0.0372
vn -0.0009 -0.9894 0.1453
vn 0.0001 -0.9894 0.1452
vn -0.6392 -0.7464 0.1855
vn -0.6383 -0.7471 0.1856
vn -0.9782 -0.1540 0.1392
vn -0.9780 -0.1551 0.1393
vn -0.8595 0.5103 0.0280
vn -0.8600 0.5094 0.0282
vn -0.3387 0.9360 -0.0960
vn -0.3396 0.9357 -0.0958
vn 0.1166 0.1436 0.9827
vn -0.1401 -0.1483 -0.9790
vn 0.3332 0.9416 0.0492
vn 0.3409 0.9389 0.0470
vn 0.8437 0.5216 -0.1270
vn 0.8479 0.5142 -0.1290
vn 0.9594 -0.1424 -0.2436
vn 0.9578 -0.1515 -0.2444
vn 0.6262 -0.7398 -0.2461
vn 0.6194 -0.7458 -0.2453
vn 0.0001 -0.9911 -0.1333
vn -0.0083 -0.9913 -0.1314
vn -0.6261 -0.7786 0.0420
vn -0.6324 -0.7734 0.0442
vn -0.9592 -0.2019 0.1978
vn -0.9607 -0.1930 0.1993
vn -0.8435 0.4693 0.2612
vn -0.8389 0.4775 0.2612
vn -0.3331 0.9209 0.2025
vn -0.3250 0.9241 0.2010
vn 0.3277 0.9447 -0.0144
vn 0.3325 0.9430 -0.0154
vn 0.8458 0.5152 -0.1390
vn 0.8480 0.5113 -0.1396
vn 0.9677 -0.1558 -0.1983
vn 0.9671 -0.1595 -0.1984
vn 0.6367 -0.7533 -0.1647
vn 0.6336 -0.7560 -0.1642
vn 0.0084 -0.9985 -0.0540
vn 0.0034 -0.9986 -0.0530
vn -0.6242 -0.7769 0.0822
vn -0.6279 -0.7738 0.0831
vn -0.9649 -0.1912 0.1801
vn -0.9656 -0.1873 0.1805
vn -0.8535 0.4838 0.1938
vn -0.8516 0.4871 0.1936
vn -0.3431 0.9320 0.1170
vn -0.3388 0.9336 0.1162
vn 0.3419 0.9389 0.0401
vn 0.3387 0.9400 0.0407
vn 0.8590 0.5065 -0.0742
vn 0.8575 0.5092 -0.0738
vn 0.9746 -0.1628 -0.1537
vn 0.9751 -0.1599 -0.1535
vn 0.6341 -0.7563 -0.1612
vn 0.6365 -0.7542 -0.1613
vn -0.0033 -0.9957 -0.0930
vn 0.0000 -0.9956 -0.0935
vn -0.6389 -0.7691 0.0188
vn -0.6364 -0.7712 0.0182
vn -0.9755 -0.1830 0.1219
vn -0.9750 -0.1859 0.1216
vn -0.8559 0.4889 0.1682
vn -0.8574 0.4864 0.1682
vn -0.3355 0.9322 0.1359
vn -0.3386 0.9310 0.1362
vn 0.1403 -0.0929 0.9857
vn -0.2261 0.1301 -0.9654
vn 0.3391 0.9205 -0.1941
vn 0.3421 0.9195 -0.1934
vn 0.8586 0.5123 -0.0171
vn 0.8602 0.5098 -0.0162
vn 0.9764 -0.1356 0.1680
vn 0.9759 -0.1386 0.1687
vn 0.6373 -0.7200 0.2747
vn 0.6347 -0.7222 0.2749
vn -0.0000 -0.9675 0.2530
vn -0.0034 -0.9676 0.2525
vn -0.6374 -0.7622 0.1130
vn -0.6398 -0.7603 0.1122
vn -0.9765 -0.2003 -0.0797
vn -0.9770 -0.1974 -0.0805
vn -0.8587 0.4554 -0.2350
vn -0.8571 0.4582 -0.2355
vn -0.3392 0.8980 -0.2801
vn -0.3360 0.8993 -0.2800
vn 0.3345 0.9316 -0.1423
vn 0.3408 0.9295 -0.1409
vn 0.8535 0.5203 0.0282
vn 0.8569 0.5146 0.0300
vn 0.9733 -0.1346 0.1858
vn 0.9722 -0.1411 0.1870
vn 0.6375 -0.7265 0.2566
vn 0.6324 -0.7309 0.2567
vn 0.0033 -0.9783 0.2074
vn -0.0033 -0.9785 0.2063
vn -0.6322 -0.7723 0.0613
vn -0.6373 -0.7683 0.0597
vn -0.9722 -0.2051 -0.1132
vn -0.9733 -0.1986 -0.1148
vn -0.8572 0.4583 -0.2348
vn -0.8539 0.4641 -0.2355
vn -0.3410 0.9072 -0.2462
vn -0.3348 0.9097 -0.2457
vn 0.3335 0.9376 -0.0984
vn 0.3366 0.9366 -0.0977
vn 0.8507 0.5215 0.0663
vn 0.8524 0.5186 0.0671
vn 0.9699 -0.1386 0.2002
vn 0.9693 -0.1420 0.2007
vn 0.6352 -0.7340 0.2405
vn 0.6327 -0.7362 0.2404
vn 0.0032 -0.9857 0.1684
vn -0.0001 -0.9858 0.1679
vn -0.6302 -0.7763 0.0177
vn -0.6328 -0.7742 0.0169
vn -0.9688 -0.2036 -0.1412
vn -0.9694 -0.2002 -0.1419
vn -0.8542 0.4644 -0.2339
vn -0.8525 0.4674 -0.2341
vn -0.3397 0.9152 -0.2170
vn -0.3367 0.9164 -0.2166
vn -0.1764 0.1649 0.9704
vn 0.1300 -0.2505 -0.9593
vn 0.2797 0.9312 -0.2338
vn 0.2842 0.9300 -0.2330
vn 0.7511 0.6524 -0.1014
vn 0.7539 0.6493 -0.1002
vn 0.9838 0.1669 0.0648
vn 0.9845 0.1626 0.0661
vn 0.9041 -0.3711 0.2119
vn 0.9020 -0.3757 0.2129
vn 0.5371 -0.7909 0.2932
vn 0.5326 -0.7939 0.2935
vn -0.0005 -0.9591 0.2829
vn -0.0056 -0.9593 0.2823
vn -0.5382 -0.8224 0.1843
vn -0.5419 -0.8202 0.1832
vn -0.9051 -0.4242 0.0287
vn -0.9068 -0.4206 0.0274
vn -0.9849 0.1092 -0.1345
vn -0.9842 0.1134 -0.1357
vn -0.7521 0.6083 -0.2535
vn -0.7489 0.6120 -0.2543
vn -0.2807 0.9148 -0.2905
vn -0.2758 0.9163 -0.2905
vn 0.2737 0.9505 -0.1471
vn 0.2818 0.9484 -0.1457
vn 0.7449 0.6666 -0.0280
vn 0.7512 0.6595 -0.0258
vn 0.9800 0.1712 0.1017
vn 0.9814 0.1615 0.1037
vn 0.9035 -0.3787 0.2006
vn 0.8998 -0.3869 0.2017
vn 0.5396 -0.8078 0.2373
vn 0.5330 -0.8122 0.2372
vn 0.0044 -0.9798 0.2001
vn -0.0032 -0.9800 0.1990
vn -0.5321 -0.8406 0.1010
vn -0.5392 -0.8363 0.0991
vn -0.9003 -0.4344 -0.0287
vn -0.9041 -0.4263 -0.0309
vn -0.9828 0.1105 -0.1478
vn -0.9816 0.1192 -0.1494
vn -0.7531 0.6206 -0.2184
vn -0.7478 0.6267 -0.2190
vn -0.2845 0.9335 -0.2181
vn -0.2772 0.9359 -0.2176
vn 0.2783 0.9542 -0.1095
vn 0.2811 0.9535 -0.1093
vn 0.7529 0.6567 -0.0432
vn 0.7544 0.6550 -0.0429
vn 0.9878 0.1506 0.0384
vn 0.9881 0.1489 0.0387
vn 0.9089 -0.4025 0.1093
vn 0.9080 -0.4044 0.1095
vn 0.5417 -0.8276 0.1470
vn 0.5396 -0.8290 0.1470
vn 0.0023 -0.9902 0.1396
vn -0.0003 -0.9902 0.1395
vn -0.5383 -0.8380 0.0894
vn -0.5401 -0.8369 0.0892
vn -0.9079 -0.4190 0.0123
vn -0.9086 -0.4176 0.0121
vn -0.9889 0.1329 -0.0671
vn -0.9886 0.1345 -0.0673
vn -0.7564 0.6423 -0.1237
vn -0.7549 0.6440 -0.1238
vn -0.2844 0.9485 -0.1395
vn -0.2816 0.9494 -0.1395
vn -0.0540 0.1344 0.9894
vn 0.1048 -0.2766 -0.9552
vn 0.3066 0.9513 0.0334
vn 0.3084 0.9507 0.0336
vn 0.8030 0.5883 0.0951
vn 0.8044 0.5864 0.0953
vn 0.9926 0.0007 0.1212
vn 0.9926 -0.0017 0.1212
vn 0.8030 -0.5872 0.1018
vn 0.8018 -0.5888 0.1016
vn 0.3066 -0.9508 0.0442
vn 0.3050 -0.9513 0.0440
vn -0.3071 -0.9512 -0.0294
vn -0.3088 -0.9507 -0.0297
vn -0.8035 -0.5883 -0.0911
vn -0.8048 -0.5865 -0.0913
vn -0.9931 -0.0007 -0.1172
vn -0.9931 0.0017 -0.1173
vn -0.8035 0.5872 -0.0978
vn -0.8023 0.5889 -0.0977
vn -0.3071 0.9508 -0.0403
vn -0.3054 0.9514 -0.0401
vn 0.3068 0.9504 0.0518
vn 0.3092 0.9496 0.0519
vn 0.8068 0.5868 0.0683
vn 0.8082 0.5850 0.0683
vn 0.9982 -0.0008 0.0594
vn 0.9982 -0.0031 0.0593
vn 0.8084 -0.5879 0.0287
vn 0.8070 -0.5899 0.0285
vn 0.3100 -0.9507 -0.0123
vn 0.3077 -0.9514 -0.0124
vn -0.3072 -0.9505 -0.0478
vn -0.3093 -0.9498 -0.0479
vn -0.8071 -0.5869 -0.0643
vn -0.8083 -0.5852 -0.0643
vn -0.9985 0.0008 -0.0554
vn -0.9985 0.0029 -0.0554
vn -0.8087 0.5878 -0.0247
vn -0.8072 0.5897 -0.0245
vn -0.3103 0.9505 0.0162
vn -0.3079 0.9513 0.0164
vn 0.3083 0.9483 0.0755
vn 0.3089 0.9481 0.0755
vn 0.8086 0.5855 0.0579
vn 0.8089 0.5851 0.0579
vn 0.9998 -0.0010 0.0190
vn 0.9998 -0.0014 0.0190
vn 0.8091 -0.5870 -0.0264
vn 0.8089 -0.5874 -0.0264
vn 0.3096 -0.9489 -0.0610
vn 0.3089 -0.9491 -0.0610
vn -0.3084 -0.9486 -0.0715
vn -0.3090 -0.9484 -0.0715
vn -0.8087 -0.5857 -0.0539
vn -0.8089 -0.5854 -0.0539
vn -0.9999 0.0008 -0.0150
vn -0.9999 0.0011 -0.0150
vn -0.8092 0.5867 0.0304
vn -0.8089 0.5871 0.0304
vn -0.3097 0.9486 0.0650
vn -0.3090 0.9488 0.0650
vn -0.0170 -0.0717 0.9973
vn 0.1192 -0.0056 -0.9929
vn 0.3418 0.9372 0.0693
vn 0.3404 0.9377 0.0693
vn 0.8654 0.4972 0.0627
vn 0.8647 0.4984 0.0628
vn 0.9841 -0.1756 0.0272
vn 0.9843 -0.1744 0.0273
vn 0.6423 -0.7662 -0.0206
vn 0.6431 -0.7655 -0.0206
vn -0.0000 -0.9983 -0.0584
vn 0.0012 -0.9983 -0.0584
vn -0.6424 -0.7633 -0.0685
vn -0.6412 -0.7643 -0.0685
vn -0.9842 -0.1712 -0.0461
vn -0.9839 -0.1725 -0.0461
vn -0.8655 0.5010 -0.0017
vn -0.8659 0.5001 -0.0018
vn -0.3418 0.9387 0.0438
vn -0.3428 0.9384 0.0438
vn 0.3427 0.9394 0.0096
vn 0.3409 0.9400 0.0095
vn 0.8658 0.4992 0.0329
vn 0.8648 0.5011 0.0329
vn 0.9837 -0.1748 0.0413
vn 0.9842 -0.1725 0.0413
vn 0.6411 -0.7669 0.0307
vn 0.6428 -0.7654 0.0307
vn -0.0013 -1.0000 0.0061
vn 0.0007 -1.0000 0.0062
vn -0.6431 -0.7655 -0.0209
vn -0.6416 -0.7668 -0.0208
vn -0.9843 -0.1727 -0.0377
vn -0.9839 -0.1749 -0.0377
vn -0.8646 0.5011 -0.0365
vn -0.8658 0.4991 -0.0365
vn -0.3405 0.9401 -0.0178
vn -0.3424 0.9394 -0.0179
vn 0.3425 0.9384 -0.0454
vn 0.3420 0.9386 -0.0454
vn 0.8661 0.4997 -0.0121
vn 0.8659 0.5001 -0.0121
vn 0.9846 -0.1729 0.0273
vn 0.9846 -0.1724 0.0273
vn 0.6421 -0.7647 0.0543
vn 0.6427 -0.7642 0.0543
vn -0.0007 -0.9984 0.0563
vn -0.0000 -0.9984 0.0563
vn -0.6431 -0.7651 0.0323
vn -0.6427 -0.7654 0.0324
vn -0.9847 -0.1739 -0.0063
vn -0.9847 -0.1743 -0.0063
vn -0.8656 0.4990 -0.0417
vn -0.8659 0.4985 -0.0416
vn -0.3413 0.9382 -0.0571
vn -0.3420 0.9380 -0.0571
vn -0.0171 0.0554 0.9983
vn 0.0373 0.0592 -0.9975
vn 0.3333 0.9397 0.0765
vn 0.3335 0.9397 0.0765
vn 0.8437 0.5250 -0.1115
vn 0.8438 0.5249 -0.1116
vn 0.9595 -0.1354 -0.2472
vn 0.9594 -0.1356 -0.2472
vn 0.6263 -0.7324 -0.2670
vn 0.6261 -0.7326 -0.2670
vn 0.0001 -0.9868 -0.1617
vn -0.0001 -0.9868 -0.1617
vn -0.6261 -0.7795 0.0194
vn -0.6262 -0.7794 0.0195
vn -0.9593 -0.2075 0.1917
vn -0.9593 -0.2073 0.1917
vn -0.8436 0.4616 0.2744
vn -0.8435 0.4618 0.2744
vn -0.3331 0.9147 0.2290
vn -0.3329 0.9148 0.2289
vn 0.3335 0.9396 0.0767
vn 0.3362 0.9387 0.0760
vn 0.8447 0.5242 -0.1077
vn 0.8461 0.5218 -0.1084
vn 0.9607 -0.1365 -0.2415
vn 0.9603 -0.1393 -0.2419
vn 0.6272 -0.7334 -0.2622
vn 0.6251 -0.7353 -0.2620
vn 0.0003 -0.9871 -0.1600
vn -0.0026 -0.9872 -0.1593
vn -0.6268 -0.7790 0.0173
vn -0.6289 -0.7773 0.0181
vn -0.9605 -0.2064 0.1866
vn -0.9610 -0.2037 0.1872
vn -0.8448 0.4627 0.2688
vn -0.8433 0.4653 0.2689
vn -0.3337 0.9153 0.2254
vn -0.3310 0.9164 0.2250
vn 0.3308 0.9423 0.0526
vn 0.3333 0.9414 0.0519
vn 0.8424 0.5243 -0.1247
vn 0.8437 0.5219 -0.1254
vn 0.9599 -0.1391 -0.2435
vn 0.9594 -0.1418 -0.2437
vn 0.6283 -0.7374 -0.2481
vn 0.6263 -0.7392 -0.2479
vn 0.0027 -0.9906 -0.1365
vn 0.0001 -0.9907 -0.1359
vn -0.6240 -0.7804 0.0392
vn -0.6261 -0.7787 0.0399
vn -0.9588 -0.2051 0.1967
vn -0.9592 -0.2024 0.1972
vn -0.8449 0.4662 0.2624
vn -0.8435 0.4686 0.2624
vn -0.3356 0.9194 0.2054
vn -0.3331 0.9203 0.2050
vn 0.2260 -0.1327 0.9651
vn -0.2258 0.1579 -0.9613
vn 0.3331 0.8939 0.3000
vn 0.3321 0.8943 0.2999
vn 0.8436 0.4387 0.3097
vn 0.8431 0.4396 0.3098
vn 0.9593 -0.2218 0.1746
vn 0.9595 -0.2208 0.1749
vn 0.6261 -0.7786 -0.0420
vn 0.6269 -0.7780 -0.0416
vn -0.0001 -0.9711 -0.2387
vn 0.0009 -0.9711 -0.2385
vn -0.6263 -0.7092 -0.3236
vn -0.6255 -0.7100 -0.3236
vn -0.9595 -0.1156 -0.2569
vn -0.9593 -0.1166 -0.2571
vn -0.8438 0.5321 -0.0698
vn -0.8443 0.5312 -0.0701
vn -0.3333 0.9308 0.1502
vn -0.3343 0.9305 0.1499
vn 0.3352 0.8974 0.2868
vn 0.3329 0.8984 0.2865
vn 0.8468 0.4435 0.2936
vn 0.8455 0.4458 0.2939
vn 0.9622 -0.2180 0.1632
vn 0.9628 -0.2149 0.1641
vn 0.6273 -0.7775 -0.0433
vn 0.6299 -0.7756 -0.0423
vn -0.0011 -0.9733 -0.2295
vn 0.0016 -0.9735 -0.2289
vn -0.6291 -0.7137 -0.3080
vn -0.6273 -0.7153 -0.3080
vn -0.9627 -0.1202 -0.2423
vn -0.9622 -0.1231 -0.2428
vn -0.8460 0.5295 -0.0630
vn -0.8476 0.5267 -0.0640
vn -0.3334 0.9314 0.1460
vn -0.3362 0.9305 0.1452
vn 0.3411 0.9089 0.2399
vn 0.3393 0.9096 0.2398
vn 0.8601 0.4646 0.2107
vn 0.8593 0.4660 0.2110
vn 0.9769 -0.1967 0.0833
vn 0.9771 -0.1956 0.0836
vn 0.6370 -0.7664 -0.0830
vn 0.6377 -0.7658 -0.0827
vn -0.0017 -0.9776 -0.2103
vn -0.0001 -0.9777 -0.2101
vn -0.6393 -0.7309 -0.2389
vn -0.6379 -0.7321 -0.2390
vn -0.9775 -0.1427 -0.1556
vn -0.9772 -0.1441 -0.1559
vn -0.8589 0.5121 0.0006
vn -0.8594 0.5114 0.0004
vn -0.3382 0.9279 0.1569
vn -0.3394 0.9275 0.1567
vn -0.1244 -0.2089 0.9700
vn 0.2256 0.2330 -0.9459
vn 0.3064 0.9252 -0.2238
vn 0.3119 0.9237 -0.2226
vn 0.8023 0.5936 -0.0623
vn 0.8059 0.5890 -0.0606
vn 0.9917 0.0354 0.1232
vn 0.9917 0.0286 0.1252
vn 0.8023 -0.5363 0.2620
vn 0.7980 -0.5422 0.2631
vn 0.3064 -0.9030 0.3011
vn 0.3001 -0.9052 0.3008
vn -0.3066 -0.9248 0.2254
vn -0.3121 -0.9232 0.2242
vn -0.8025 -0.5932 0.0640
vn -0.8060 -0.5886 0.0622
vn -0.9920 -0.0349 -0.1216
vn -0.9919 -0.0282 -0.1236
vn -0.8025 0.5368 -0.2604
vn -0.7982 0.5426 -0.2616
vn -0.3066 0.9035 -0.2995
vn -0.3004 0.9057 -0.2993
vn 0.3014 0.9444 -0.1315
vn 0.3109 0.9415 -0.1301
vn 0.8017 0.5972 -0.0242
vn 0.8072 0.5898 -0.0224
vn 0.9955 0.0212 0.0928
vn 0.9955 0.0127 0.0942
vn 0.8082 -0.5625 0.1745
vn 0.8031 -0.5695 0.1752
vn 0.3129 -0.9306 0.1899
vn 0.3039 -0.9337 0.1895
vn -0.3017 -0.9441 0.1332
vn -0.3110 -0.9412 0.1318
vn -0.8019 -0.5969 0.0258
vn -0.8074 -0.5896 0.0241
vn -0.9956 -0.0208 -0.0912
vn -0.9956 -0.0124 -0.0926
vn -0.8083 0.5628 -0.1729
vn -0.8033 0.5697 -0.1736
vn -0.3130 0.9309 -0.1882
vn -0.3041 0.9339 -0.1879
vn 0.3032 0.9512 -0.0574
vn 0.3069 0.9500 -0.0569
vn 0.8011 0.5975 0.0347
vn 0.8036 0.5941 0.0354
vn 0.9934 0.0153 0.1140
vn 0.9934 0.0112 0.1144
vn 0.8058 -0.5729 0.1500
vn 0.8036 -0.5759 0.1501
vn 0.3103 -0.9418 0.1290
vn 0.3069 -0.9430 0.1287
vn -0.3034 -0.9510 0.0591
vn -0.3071 -0.9499 0.0585
vn -0.8014 -0.5973 -0.0331
vn -0.8038 -0.5939 -0.0337
vn -0.9936 -0.0151 -0.1124
vn -0.9936 -0.0111 -0.1128
vn -0.8060 0.5731 -0.1484
vn -0.8038 0.5760 -0.1484
vn -0.3105 0.9420 -0.1274
vn -0.3071 0.9432 -0.1271
vn -0.1141 0.0970 0.9887
vn 0.1274 -0.2737 -0.9533
vn 0.3420 0.9382 -0.0525
vn 0.3417 0.9383 -0.0526
vn 0.8660 0.4997 -0.0200
vn 0.8658 0.5000 -0.0200
vn 0.9847 -0.1726 0.0220
vn 0.9848 -0.1724 0.0220
vn 0.6427 -0.7642 0.0539
vn 0.6428 -0.7641 0.0539
vn -0.0000 -0.9982 0.0607
vn 0.0002 -0.9982 0.0607
vn -0.6427 -0.7651 0.0392
vn -0.6425 -0.7653 0.0393
vn -0.9847 -0.1740 -0.0004
vn -0.9847 -0.1742 -0.0004
vn -0.8660 0.4985 -0.0398
vn -0.8660 0.4984 -0.0398
vn -0.3420 0.9378 -0.0604
vn -0.3421 0.9377 -0.0604
vn 0.3421 0.9352 -0.0915
vn 0.3418 0.9353 -0.0915
vn 0.8660 0.4982 -0.0425
vn 0.8659 0.4984 -0.0425
vn 0.9847 -0.1721 0.0265
vn 0.9848 -0.1717 0.0265
vn 0.6425 -0.7617 0.0833
vn 0.6428 -0.7615 0.0832
vn -0.0002 -0.9949 0.1012
vn 0.0002 -0.9949 0.1012
vn -0.6428 -0.7626 0.0719
vn -0.6426 -0.7628 0.0720
vn -0.9848 -0.1735 0.0092
vn -0.9847 -0.1738 0.0092
vn -0.8659 0.4969 -0.0578
vn -0.8660 0.4966 -0.0577
vn -0.3418 0.9347 -0.0975
vn -0.3421 0.9346 -0.0975
vn 0.3421 0.9321 -0.1192
vn 0.3420 0.9321 -0.1192
vn 0.8660 0.4971 -0.0537
vn 0.8659 0.4973 -0.0538
vn 0.9847 -0.1705 0.0370
vn 0.9847 -0.1703 0.0370
vn 0.6425 -0.7582 0.1106
vn 0.6427 -0.7581 0.1106
vn -0.0002 -0.9912 0.1326
vn -0.0000 -0.9912 0.1326
vn -0.6428 -0.7604 0.0927
vn -0.6427 -0.7605 0.0927
vn -0.9847 -0.1737 0.0095
vn -0.9847 -0.1739 0.0096
vn -0.8658 0.4943 -0.0779
vn -0.8659 0.4940 -0.0779
vn -0.3418 0.9309 -0.1287
vn -0.3420 0.9308 -0.1287
vn -0.0141 0.1322 0.9911
vn 0.0114 -0.0604 -0.9981
vn 0.3415 0.9264 0.1586
vn 0.3435 0.9257 0.1584
vn 0.8647 0.5000 0.0473
vn 0.8657 0.4983 0.0469
vn 0.9833 -0.1603 -0.0861
vn 0.9828 -0.1629 -0.0866
vn 0.6418 -0.7456 -0.1792
vn 0.6395 -0.7476 -0.1794
vn 0.0000 -0.9821 -0.1883
vn -0.0025 -0.9821 -0.1882
vn -0.6418 -0.7591 -0.1092
vn -0.6433 -0.7578 -0.1089
vn -0.9833 -0.1808 0.0210
vn -0.9837 -0.1786 0.0215
vn -0.8647 0.4820 0.1415
vn -0.8632 0.4845 0.1419
vn -0.3415 0.9193 0.1958
vn -0.3388 0.9202 0.1959
vn 0.3389 0.9379 0.0742
vn 0.3413 0.9370 0.0740
vn 0.8634 0.5045 0.0038
vn 0.8646 0.5024 0.0035
vn 0.9838 -0.1656 -0.0683
vn 0.9835 -0.1672 -0.0685
vn 0.6434 -0.7578 -0.1083
vn 0.6423 -0.7588 -0.1084
vn 0.0025 -0.9952 -0.0976
vn 0.0003 -0.9952 -0.0975
vn -0.6396 -0.7676 -0.0412
vn -0.6416 -0.7659 -0.0409
vn -0.9830 -0.1805 0.0346
vn -0.9833 -0.1784 0.0349
vn -0.8658 0.4914 0.0943
vn -0.8651 0.4926 0.0944
vn -0.3435 0.9327 0.1099
vn -0.3419 0.9333 0.1099
vn 0.3423 0.9332 0.1088
vn 0.3420 0.9334 0.1088
vn 0.8661 0.4971 0.0522
vn 0.8660 0.4973 0.0522
vn 0.9848 -0.1715 -0.0288
vn 0.9848 -0.1714 -0.0288
vn 0.6427 -0.7601 -0.0962
vn 0.6428 -0.7600 -0.0962
vn -0.0003 -0.9929 -0.1186
vn 0.0000 -0.9929 -0.1186
vn -0.6430 -0.7611 -0.0853
vn -0.6428 -0.7613 -0.0854
vn -0.9848 -0.1733 -0.0121
vn -0.9848 -0.1734 -0.0121
vn -0.8660 0.4956 0.0669
vn -0.3418 0.9328 0.1146
vn -0.3420 0.9327 0.1146
vn 0.0085 -0.1187 0.9929
vn -0.0554 0.1882 -0.9806
vn 0.7018 0.6943 0.1595
vn 0.6933 0.7042 0.1532
vn 0.9104 0.0904 0.4038
vn 0.9104 0.1044 0.4004
vn 0.6930 -0.5558 0.4591
vn 0.7015 -0.5441 0.4603
vn 0.1513 -0.9419 0.2997
vn 0.1645 -0.9381 0.3049
vn -0.4612 -0.8873 0.0001
vn -0.4496 -0.8932 0.0070
vn -0.8579 -0.4175 -0.2995
vn -0.8534 -0.4302 -0.2943
vn -0.8533 0.2477 -0.4589
vn -0.8578 0.2341 -0.4577
vn -0.4494 0.7970 -0.4035
vn -0.4609 0.7887 -0.4069
vn 0.1648 0.9734 -0.1593
vn 0.1516 0.9745 -0.1657
vn 0.6945 0.7036 0.1504
vn 0.3315 0.9422 -0.0490
vn 0.9248 0.0972 0.3679
vn 0.8095 0.5395 0.2314
vn 0.7223 -0.5545 0.4132
vn 0.9077 -0.1159 0.4033
vn 0.1821 -0.9468 0.2653
vn 0.5814 -0.7160 0.3864
vn -0.4436 -0.8962 -0.0067
vn -0.0162 -0.9818 0.1893
vn -0.8617 -0.4260 -0.2756
vn -0.6073 -0.7885 -0.0967
vn -0.8765 0.2434 -0.4153
vn -0.9140 -0.2252 -0.3375
vn -0.4813 0.7989 -0.3608
vn -0.7923 0.4427 -0.4198
vn 0.1390 0.9807 -0.1374
vn -0.3009 0.9032 -0.3060
vn 0.3099 0.9507 0.0092
vn 0.3250 0.9456 0.0147
vn 0.8155 0.5372 0.2156
vn 0.8231 0.5238 0.2194
vn 0.9384 -0.1280 0.3209
vn 0.9360 -0.1431 0.3215
vn 0.6226 -0.7323 0.2760
vn 0.6109 -0.7430 0.2733
vn 0.0161 -0.9946 0.1025
vn -0.0000 -0.9953 0.0972
vn -0.5989 -0.7919 -0.1193
vn -0.6110 -0.7818 -0.1243
vn -0.9335 -0.2175 -0.2852
vn -0.9361 -0.2025 -0.2875
vn -0.8305 0.4578 -0.3173
vn -0.8232 0.4715 -0.3162
vn -0.3400 0.9187 -0.2011
vn -0.3251 0.9250 -0.1969
vn -0.3107 0.0923 0.9460
vn 0.4136 -0.2149 -0.8847
vn 0.2992 0.9361 -0.1848
vn 0.2977 0.9367 -0.1844
vn 0.7830 0.5608 -0.2690
vn 0.7821 0.5622 -0.2689
vn 0.9678 -0.0286 -0.2502
vn 0.9678 -0.0262 -0.2504
vn 0.7830 -0.6071 -0.1354
vn 0.7846 -0.6049 -0.1361
vn 0.2992 -0.9537 0.0314
vn 0.3014 -0.9530 0.0308
vn -0.2987 -0.9359 0.1866
vn -0.2973 -0.9364 0.1863
vn -0.7825 -0.5606 0.2709
vn -0.7816 -0.5619 0.2708
vn -0.9673 0.0288 0.2520
vn -0.9673 0.0264 0.2523
vn -0.7825 0.6073 0.1373
vn -0.7842 0.6050 0.1380
vn -0.2987 0.9539 -0.0296
vn -0.3010 0.9532 -0.0289
vn 0.3078 0.9417 -0.1357
vn 0.3011 0.9440 -0.1349
vn 0.8013 0.5719 -0.1755
vn 0.7969 0.5780 -0.1754
vn 0.9889 -0.0155 -0.1480
vn 0.9889 -0.0088 -0.1486
vn 0.7995 -0.5972 -0.0637
vn 0.8029 -0.5926 -0.0646
vn 0.3044 -0.9515 0.0454
vn 0.3100 -0.9497 0.0444
vn -0.3074 -0.9416 0.1376
vn -0.3008 -0.9438 0.1368
vn -0.8010 -0.5718 0.1774
vn -0.7966 -0.5779 0.1773
vn -0.9886 0.0157 0.1498
vn -0.9886 0.0089 0.1505
vn -0.7992 0.5975 0.0655
vn -0.8026 0.5927 0.0665
vn -0.3040 0.9517 -0.0436
vn -0.3097 0.9499 -0.0425
vn 0.3115 0.9487 -0.0543
vn 0.3073 0.9501 -0.0539
vn 0.8068 0.5825 -0.0992
vn 0.8045 0.5857 -0.0990
vn 0.9944 -0.0062 -0.1059
vn 0.9944 -0.0024 -0.1059
vn 0.8020 -0.5930 -0.0717
vn 0.8045 -0.5896 -0.0720
vn 0.3030 -0.9530 -0.0098
vn 0.3073 -0.9515 -0.0103
vn -0.3113 -0.9486 0.0562
vn -0.3071 -0.9500 0.0558
vn -0.8066 -0.5824 0.1011
vn -0.8043 -0.5856 0.1009
vn -0.9942 0.0064 0.1078
vn -0.9942 0.0025 0.1079
vn -0.8017 0.5931 0.0736
vn -0.8043 0.5896 0.0740
vn -0.3027 0.9530 0.0117
vn -0.3071 0.9516 0.0122
vn 0.1069 0.0228 0.9940
vn -0.2527 -0.1100 -0.9613
vn 0.3338 0.9326 -0.1372
vn 0.3288 0.9345 -0.1362
vn 0.8451 0.4862 -0.2221
vn 0.8424 0.4911 -0.2218
vn 0.9610 -0.1876 -0.2029
vn 0.9619 -0.1824 -0.2035
vn 0.6273 -0.7737 -0.0887
vn 0.6312 -0.7704 -0.0898
vn 0.0001 -0.9977 0.0673
vn 0.0053 -0.9978 0.0661
vn -0.6272 -0.7549 0.1919
vn -0.6230 -0.7585 0.1912
vn -0.9609 -0.1588 0.2268
vn -0.9599 -0.1643 0.2270
vn -0.8450 0.5116 0.1558
vn -0.8476 0.5070 0.1567
vn -0.3337 0.9426 0.0121
vn -0.3385 0.9409 0.0133
vn 0.3391 0.9365 -0.0896
vn 0.3321 0.9391 -0.0882
vn 0.8487 0.4923 -0.1933
vn 0.8449 0.4990 -0.1925
vn 0.9613 -0.1825 -0.2063
vn 0.9628 -0.1739 -0.2068
vn 0.6240 -0.7718 -0.1226
vn 0.6305 -0.7662 -0.1241
vn -0.0052 -0.9998 0.0186
vn 0.0025 -0.9999 0.0169
vn -0.6318 -0.7602 0.1512
vn -0.6262 -0.7651 0.1501
vn -0.9630 -0.1648 0.2133
vn -0.9616 -0.1730 0.2132
vn -0.8434 0.5078 0.1757
vn -0.8477 0.5001 0.1768
vn -0.3291 0.9426 0.0561
vn -0.3368 0.9398 0.0578
vn 0.3420 0.9392 -0.0305
vn 0.3394 0.9401 -0.0302
vn 0.8606 0.4992 -0.1006
vn 0.8594 0.5013 -0.1004
vn 0.9770 -0.1738 -0.1235
vn 0.9773 -0.1721 -0.1235
vn 0.6366 -0.7661 -0.0885
vn 0.6379 -0.7650 -0.0887
vn -0.0024 -0.9999 -0.0119
vn 0.0000 -0.9999 -0.0122
vn -0.6398 -0.7653 0.0705
vn -0.6378 -0.7670 0.0702
vn -0.9776 -0.1732 0.1200
vn -0.9772 -0.1752 0.1199
vn -0.8586 0.5000 0.1135
vn -0.8593 0.4986 0.1136
vn -0.3374 0.9398 0.0541
vn -0.3394 0.9391 0.0544
vn 0.1236 -0.0124 0.9923
vn -0.2187 -0.0653 -0.9736
vn 0.3415 0.9362 0.0827
vn 0.3411 0.9364 0.0826
vn 0.8648 0.4957 0.0800
vn 0.8644 0.4964 0.0800
vn 0.9834 -0.1768 0.0399
vn 0.9836 -0.1758 0.0400
vn 0.6419 -0.7666 -0.0187
vn 0.6425 -0.7660 -0.0186
vn -0.0000 -0.9977 -0.0685
vn 0.0005 -0.9977 -0.0685
vn -0.6419 -0.7619 -0.0862
vn -0.6415 -0.7623 -0.0862
vn -0.9835 -0.1697 -0.0634
vn -0.9833 -0.1706 -0.0635
vn -0.8648 0.5019 -0.0109
vn -0.8653 0.5011 -0.0110
vn -0.3416 0.9387 0.0468
vn -0.3421 0.9385 0.0467
vn 0.3425 0.9392 0.0261
vn 0.3424 0.9392 0.0261
vn 0.8661 0.4998 0.0102
vn 0.8661 0.4997 0.0102
vn 0.9848 -0.1733 -0.0103
vn 0.9848 -0.1735 -0.0103
vn 0.6427 -0.7657 -0.0260
vn 0.6426 -0.7657 -0.0260
vn -0.0005 -0.9996 -0.0294
vn -0.0004 -0.9996 -0.0294
vn -0.6430 -0.7656 -0.0190
vn -0.6431 -0.7656 -0.0190
vn -0.9848 -0.1738 0.0004
vn -0.9848 -0.1736 0.0004
vn -0.8660 0.4996 0.0197
vn -0.8660 0.4997 0.0197
vn -0.3417 0.9393 0.0299
vn 0.3412 0.9399 -0.0161
vn 0.3415 0.9397 -0.0161
vn 0.8645 0.5006 -0.0448
vn 0.8648 0.5001 -0.0448
vn 0.9836 -0.1728 -0.0524
vn 0.9834 -0.1735 -0.0524
vn 0.6424 -0.7656 -0.0354
vn 0.6419 -0.7660 -0.0354
vn 0.0004 -1.0000 -0.0018
vn 0.0000 -1.0000 -0.0018
vn -0.6415 -0.7664 0.0328
vn -0.6419 -0.7661 0.0328
vn -0.9833 -0.1744 0.0521
vn -0.9834 -0.1737 0.0521
vn -0.8652 0.4993 0.0471
vn -0.8648 0.4999 0.0471
vn -0.3420 0.9395 0.0202
vn -0.3415 0.9397 0.0202
vn 0.0531 -0.0019 0.9986
vn 0.0526 0.0686 -0.9963
vn 0.3419 0.9066 -0.2472
vn 0.3413 0.9068 -0.2473
vn 0.8657 0.4775 -0.1503
vn 0.8655 0.4778 -0.1503
vn 0.9844 -0.1750 0.0171
vn 0.9845 -0.1746 0.0170
vn 0.6425 -0.7457 0.1765
vn 0.6430 -0.7453 0.1764
vn 0.0000 -0.9674 0.2534
vn 0.0007 -0.9674 0.2534
vn -0.6425 -0.7364 0.2118
vn -0.6421 -0.7367 0.2119
vn -0.9844 -0.1609 0.0712
vn -0.9843 -0.1612 0.0713
vn -0.8657 0.4900 -0.1027
vn -0.8659 0.4896 -0.1026
vn -0.3419 0.9116 -0.2284
vn -0.3425 0.9113 -0.2283
vn 0.3419 0.9096 -0.2361
vn 0.3402 0.9102 -0.2361
vn 0.8644 0.4727 -0.1713
vn 0.8631 0.4749 -0.1717
vn 0.9823 -0.1853 -0.0262
vn 0.9828 -0.1826 -0.0269
vn 0.6407 -0.7565 0.1311
vn 0.6424 -0.7551 0.1307
vn -0.0006 -0.9738 0.2272
vn 0.0010 -0.9739 0.2271
vn -0.6419 -0.7354 0.2171
vn -0.6402 -0.7368 0.2173
vn -0.9826 -0.1528 0.1054
vn -0.9821 -0.1555 0.1060
vn -0.8636 0.5012 -0.0555
vn -0.8649 0.4990 -0.0549
vn -0.3406 0.9208 -0.1903
vn -0.3423 0.9202 -0.1901
vn 0.3429 0.9254 -0.1613
vn 0.3420 0.9257 -0.1613
vn 0.8662 0.4920 -0.0872
vn 0.8660 0.4923 -0.0873
vn 0.9848 -0.1715 0.0277
vn 0.9848 -0.1714 0.0277
vn 0.6424 -0.7553 0.1298
vn 0.6428 -0.7550 0.1298
vn -0.0010 -0.9852 0.1712
vn 0.0000 -0.9852 0.1712
vn -0.6433 -0.7540 0.1325
vn -0.6428 -0.7545 0.1326
vn -0.9848 -0.1706 0.0320
vn -0.9848 -0.1707 0.0320
vn -0.8659 0.4932 -0.0835
vn -0.8660 0.4930 -0.0834
vn -0.3412 0.9263 -0.1598
vn -0.3420 0.9260 -0.1598
vn 0.0023 0.1710 0.9853
vn -0.0284 -0.2532 -0.9670
vn 0.2761 0.9592 0.0613
vn 0.2781 0.9586 0.0607
vn 0.7384 0.6696 -0.0800
vn 0.7401 0.6676 -0.0807
vn 0.9667 0.1672 -0.1939
vn 0.9670 0.1646 -0.1944
vn 0.8885 -0.3885 -0.2444
vn 0.8875 -0.3905 -0.2445
vn 0.5286 -0.8211 -0.2153
vn 0.5270 -0.8222 -0.2151
vn 0.0014 -0.9933 -0.1159
vn -0.0010 -0.9933 -0.1154
vn -0.5258 -0.8503 0.0222
vn -0.5284 -0.8487 0.0229
vn -0.8857 -0.4376 0.1552
vn -0.8870 -0.4347 0.1558
vn -0.9639 0.1138 0.2409
vn -0.9635 0.1163 0.2411
vn -0.7356 0.6288 0.2520
vn -0.7345 0.6301 0.2519
vn -0.2733 0.9439 0.1851
vn -0.2719 0.9444 0.1848
vn 0.2790 0.9580 0.0657
vn 0.2835 0.9568 0.0650
vn 0.7501 0.6609 -0.0227
vn 0.7530 0.6576 -0.0234
vn 0.9828 0.1542 -0.1018
vn 0.9835 0.1490 -0.1024
vn 0.9042 -0.4011 -0.1466
vn 0.9016 -0.4068 -0.1469
vn 0.5395 -0.8298 -0.1430
vn 0.5339 -0.8334 -0.1427
vn 0.0032 -0.9958 -0.0920
vn -0.0029 -0.9958 -0.0914
vn -0.5343 -0.8453 -0.0098
vn -0.5389 -0.8423 -0.0090
vn -0.9013 -0.4263 0.0775
vn -0.9036 -0.4211 0.0782
vn -0.9816 0.1273 0.1421
vn -0.9807 0.1336 0.1425
vn -0.7505 0.6403 0.1636
vn -0.7463 0.6452 0.1635
vn -0.2807 0.9502 0.1352
vn -0.2753 0.9519 0.1346
vn 0.2780 0.9605 0.0105
vn 0.2813 0.9596 0.0102
vn 0.7518 0.6584 -0.0357
vn 0.7538 0.6561 -0.0360
vn 0.9868 0.1469 -0.0686
vn 0.9871 0.1443 -0.0688
vn 0.9083 -0.4110 -0.0778
vn 0.9072 -0.4134 -0.0778
vn 0.5421 -0.8382 -0.0602
vn 0.5394 -0.8399 -0.0601
vn 0.0042 -0.9998 -0.0216
vn 0.0005 -0.9998 -0.0214
vn -0.5352 -0.8443 0.0259
vn -0.5384 -0.8423 0.0261
vn -0.9048 -0.4205 0.0671
vn -0.9062 -0.4174 0.0673
vn -0.9866 0.1370 0.0891
vn -0.9861 0.1399 0.0891
vn -0.7548 0.6505 0.0847
vn -0.7528 0.6528 0.0845
vn -0.2835 0.9574 0.0554
vn -0.2803 0.9583 0.0552
vn 0.0798 -0.0275 0.9964
vn -0.2213 0.1190 -0.9679
vn 0.3086 0.9504 0.0385
vn 0.3102 0.9499 0.0384
vn 0.8077 0.5895 -0.0127
vn 0.8085 0.5883 -0.0129
vn 0.9983 0.0034 -0.0582
vn 0.9983 0.0019 -0.0583
vn 0.8077 -0.5841 -0.0805
vn 0.8067 -0.5855 -0.0806
vn 0.3086 -0.9485 -0.0712
vn 0.3069 -0.9491 -0.0711
vn -0.3083 -0.9507 -0.0337
vn -0.3099 -0.9502 -0.0336
vn -0.8074 -0.5898 0.0175
vn -0.8083 -0.5885 0.0177
vn -0.9980 -0.0036 0.0630
vn -0.9980 -0.0021 0.0631
vn -0.8074 0.5838 0.0853
vn -0.8063 0.5853 0.0853
vn -0.3083 0.9483 0.0760
vn -0.3065 0.9488 0.0759
vn 0.3063 0.9518 -0.0167
vn 0.3076 0.9514 -0.0168
vn 0.8050 0.5900 -0.0621
vn 0.8059 0.5888 -0.0622
vn 0.9966 0.0027 -0.0829
vn 0.9966 0.0015 -0.0829
vn 0.8074 -0.5858 -0.0711
vn 0.8068 -0.5865 -0.0710
vn 0.3098 -0.9503 -0.0312
vn 0.3087 -0.9506 -0.0311
vn -0.3059 -0.9518 0.0215
vn -0.3073 -0.9514 0.0216
vn -0.8046 -0.5901 0.0669
vn -0.8055 -0.5887 0.0670
vn -0.9961 -0.0029 0.0877
vn -0.9961 -0.0016 0.0877
vn -0.8070 0.5856 0.0759
vn -0.8065 0.5863 0.0758
vn -0.3094 0.9502 0.0360
vn -0.3085 0.9506 0.0359
vn 0.3097 0.9505 0.0241
vn 0.3090 0.9508 0.0242
vn 0.8093 0.5875 0.0036
vn 0.8089 0.5879 0.0036
vn 0.9998 0.0003 -0.0173
vn 0.9998 0.0005 -0.0173
vn 0.8089 -0.5872 -0.0308
vn 0.8089 -0.5871 -0.0308
vn 0.3087 -0.9506 -0.0316
vn 0.3090 -0.9505 -0.0316
vn -0.3095 -0.9507 -0.0193
vn -0.3089 -0.9509 -0.0194
vn -0.8091 -0.5876 0.0012
vn -0.8088 -0.5881 0.0011
vn -0.9998 -0.0004 0.0221
vn -0.9998 -0.0006 0.0221
vn -0.8087 0.5871 0.0356
vn -0.8088 0.5870 0.0356
vn -0.3085 0.9505 0.0364
vn -0.3089 0.9504 0.0364
vn 0.0197 -0.0293 0.9994
vn -0.0607 0.0576 -0.9965
vn 0.3419 0.9379 0.0592
vn 0.3414 0.9381 0.0592
vn 0.8657 0.5004 0.0123
vn 0.8654 0.5009 0.0123
vn 0.9844 -0.1712 -0.0400
vn 0.9845 -0.1707 -0.0399
vn 0.6425 -0.7628 -0.0731
vn 0.6429 -0.7625 -0.0731
vn 0.0000 -0.9974 -0.0716
vn 0.0005 -0.9974 -0.0716
vn -0.6425 -0.7654 -0.0362
vn -0.6420 -0.7658 -0.0362
vn -0.9844 -0.1753 0.0166
vn -0.9843 -0.1759 0.0166
vn -0.8656 0.4968 0.0620
vn -0.8659 0.4964 0.0620
vn -0.3419 0.9364 0.0788
vn -0.3423 0.9363 0.0788
vn 0.3424 0.9346 0.0968
vn 0.3419 0.9347 0.0968
vn 0.8660 0.4987 0.0362
vn 0.8657 0.4992 0.0363
vn 0.9845 -0.1706 -0.0409
vn 0.9846 -0.1699 -0.0408
vn 0.6422 -0.7602 -0.0984
vn 0.6428 -0.7597 -0.0984
vn -0.0005 -0.9940 -0.1095
vn 0.0001 -0.9940 -0.1095
vn -0.6429 -0.7628 -0.0689
vn -0.6425 -0.7632 -0.0690
vn -0.9846 -0.1748 0.0043
vn -0.9845 -0.1754 0.0042
vn -0.8655 0.4951 0.0760
vn -0.8659 0.4944 0.0759
vn -0.3414 0.9332 0.1125
vn -0.3420 0.9329 0.1125
vn 0.3421 0.9309 0.1285
vn 0.3420 0.9309 0.1285
vn 0.8660 0.4943 0.0759
vn 0.9848 -0.1735 -0.0117
vn 0.9847 -0.1736 -0.0117
vn 0.6428 -0.7603 -0.0935
vn 0.6427 -0.7604 -0.0935
vn -0.0001 -0.9914 -0.1311
vn -0.0000 -0.9914 -0.1311
vn -0.6428 -0.7586 -0.1069
vn -0.9847 -0.1710 -0.0323
vn -0.9848 -0.1709 -0.0323
vn -0.8660 0.4966 0.0578
vn -0.8660 0.4967 0.0578
vn -0.3420 0.9318 0.1213
vn -0.0105 -0.1319 0.9912
vn -0.0288 0.0725 -0.9970
vn 0.3380 0.9278 -0.1579
vn 0.3384 0.9277 -0.1578
vn 0.8559 0.5168 0.0174
vn 0.8561 0.5164 0.0175
vn 0.9733 -0.1360 0.1847
vn 0.9733 -0.1364 0.1848
vn 0.6353 -0.7251 0.2658
vn 0.6349 -0.7254 0.2658
vn -0.0001 -0.9749 0.2227
vn -0.0005 -0.9749 0.2226
vn -0.6354 -0.7685 0.0756
vn -0.6357 -0.7682 0.0755
vn -0.9735 -0.2024 -0.1067
vn -0.9735 -0.2020 -0.1068
vn -0.8561 0.4584 -0.2389
vn -0.8558 0.4588 -0.2389
vn -0.3381 0.9047 -0.2591
vn -0.3377 0.9049 -0.2590
vn 0.3375 0.9289 -0.1521
vn 0.3418 0.9275 -0.1512
vn 0.8555 0.5173 0.0215
vn 0.8582 0.5127 0.0229
vn 0.9732 -0.1363 0.1852
vn 0.9722 -0.1418 0.1863
vn 0.6355 -0.7261 0.2625
vn 0.6318 -0.7293 0.2626
vn 0.0004 -0.9761 0.2171
vn -0.0039 -0.9763 0.2165
vn -0.6349 -0.7694 0.0704
vn -0.6387 -0.7663 0.0691
vn -0.9732 -0.2025 -0.1091
vn -0.9741 -0.1971 -0.1105
vn -0.8561 0.4591 -0.2374
vn -0.8535 0.4637 -0.2380
vn -0.3385 0.9060 -0.2544
vn -0.3343 0.9076 -0.2541
vn 0.3376 0.9343 -0.1148
vn 0.3410 0.9331 -0.1143
vn 0.8622 0.5065 -0.0106
vn 0.8636 0.5041 -0.0102
vn 0.9825 -0.1581 0.0986
vn 0.9820 -0.1607 0.0990
vn 0.6436 -0.7481 0.1619
vn 0.6410 -0.7503 0.1620
vn 0.0039 -0.9887 0.1497
vn -0.0000 -0.9888 0.1494
vn -0.6386 -0.7666 0.0676
vn -0.6410 -0.7646 0.0671
vn -0.9816 -0.1851 -0.0460
vn -0.9821 -0.1826 -0.0464
vn -0.8651 0.4823 -0.1377
vn -0.8636 0.4848 -0.1380
vn -0.3447 0.9241 -0.1649
vn -0.3411 0.9255 -0.1648
vn -0.0747 0.1486 0.9861
vn 0.1518 -0.2197 -0.9637
vn 0.3399 0.9202 -0.1943
vn 0.3363 0.9215 -0.1941
vn 0.8605 0.4767 -0.1797
vn 0.8587 0.4799 -0.1800
vn 0.9785 -0.1897 -0.0808
vn 0.9791 -0.1865 -0.0814
vn 0.6387 -0.7674 0.0561
vn 0.6413 -0.7653 0.0555
vn 0.0001 -0.9860 0.1670
vn 0.0038 -0.9860 0.1666
vn -0.6386 -0.7431 0.1999
vn -0.6357 -0.7456 0.2000
vn -0.9784 -0.1525 0.1395
vn -0.9778 -0.1560 0.1400
vn -0.8604 0.5095 0.0141
vn -0.8620 0.5066 0.0148
vn -0.3398 0.9331 -0.1178
vn -0.3431 0.9320 -0.1172
vn 0.3423 0.9281 -0.1467
vn 0.3406 0.9287 -0.1466
vn 0.8598 0.4812 -0.1707
vn 0.8590 0.4828 -0.1707
vn 0.9749 -0.1911 -0.1145
vn 0.9752 -0.1891 -0.1148
vn 0.6337 -0.7736 -0.0046
vn 0.6353 -0.7722 -0.0049
vn -0.0037 -0.9942 0.1077
vn -0.0018 -0.9942 0.1075
vn -0.6395 -0.7498 0.1699
vn -0.6382 -0.7509 0.1698
vn -0.9762 -0.1542 0.1527
vn -0.9758 -0.1561 0.1529
vn -0.8557 0.5135 0.0643
vn -0.8568 0.5116 0.0647
vn -0.3351 0.9407 -0.0539
vn -0.3370 0.9400 -0.0536
vn 0.3385 0.9265 -0.1641
vn 0.3402 0.9259 -0.1642
vn 0.8605 0.4843 -0.1584
vn 0.8613 0.4828 -0.1583
vn 0.9797 -0.1846 -0.0783
vn 0.9794 -0.1861 -0.0780
vn 0.6406 -0.7669 0.0387
vn 0.6393 -0.7680 0.0390
vn 0.0019 -0.9905 0.1377
vn 0.0001 -0.9904 0.1379
vn -0.6378 -0.7506 0.1726
vn -0.6392 -0.7494 0.1726
vn -0.9790 -0.1593 0.1269
vn -0.9793 -0.1577 0.1267
vn -0.8620 0.5064 0.0220
vn -0.8612 0.5078 0.0218
vn -0.3418 0.9352 -0.0929
vn -0.3401 0.9358 -0.0931
vn 0.1049 0.1367 0.9850
vn -0.1134 -0.1654 -0.9797
vn 0.3044 0.8903 -0.3385
vn 0.2963 0.8933 -0.3379
vn 0.7967 0.5176 -0.3122
vn 0.7910 0.5254 -0.3135
vn 0.9847 -0.0528 -0.1661
vn 0.9847 -0.0434 -0.1690
vn 0.7967 -0.6028 0.0439
vn 0.8017 -0.5963 0.0409
vn 0.3044 -0.9224 0.2375
vn 0.3119 -0.9204 0.2355
vn -0.3040 -0.8896 0.3409
vn -0.2958 -0.8925 0.3404
vn -0.7962 -0.5168 0.3145
vn -0.7905 -0.5247 0.3160
vn -0.9843 0.0535 0.1685
vn -0.9842 0.0441 0.1715
vn -0.7962 0.6036 -0.0415
vn -0.8013 0.5970 -0.0384
vn -0.3040 0.9232 -0.2352
vn -0.3116 0.9212 -0.2331
vn 0.3143 0.9234 -0.2202
vn 0.3062 0.9263 -0.2198
vn 0.8073 0.5528 -0.2064
vn 0.8029 0.5590 -0.2071
vn 0.9931 -0.0292 -0.1134
vn 0.9931 -0.0214 -0.1150
vn 0.7990 -0.6008 0.0236
vn 0.8044 -0.5937 0.0216
vn 0.2992 -0.9420 0.1520
vn 0.3081 -0.9394 0.1504
vn -0.3140 -0.9230 0.2226
vn -0.3059 -0.9257 0.2223
vn -0.8071 -0.5523 0.2089
vn -0.8026 -0.5584 0.2096
vn -0.9928 0.0298 0.1159
vn -0.9928 0.0218 0.1175
vn -0.7987 0.6014 -0.0212
vn -0.8041 0.5941 -0.0190
vn -0.2987 0.9425 -0.1496
vn -0.3079 0.9399 -0.1479
vn 0.3099 0.9346 -0.1745
vn 0.3088 0.9350 -0.1746
vn 0.8089 0.5726 -0.1337
vn 0.8083 0.5734 -0.1338
vn 0.9991 -0.0077 -0.0413
vn 0.9991 -0.0072 -0.0414
vn 0.8081 -0.5852 0.0673
vn 0.8083 -0.5849 0.0673
vn 0.3081 -0.9393 0.1508
vn 0.3088 -0.9391 0.1507
vn -0.3097 -0.9342 0.1771
vn -0.3087 -0.9345 0.1771
vn -0.8088 -0.5721 0.1362
vn -0.8082 -0.5729 0.1363
vn -0.9990 0.0082 0.0438
vn -0.9990 0.0076 0.0439
vn -0.8080 0.5857 -0.0648
vn -0.8082 0.5853 -0.0647
vn -0.3079 0.9398 -0.1483
vn -0.3087 0.9396 -0.1482
vn 0.0433 0.1708 0.9843
vn -0.1755 -0.2982 -0.9382
vn 0.3389 0.9296 -0.1451
vn 0.3343 0.9313 -0.1447
vn 0.8581 0.4848 -0.1693
vn 0.8554 0.4894 -0.1694
vn 0.9758 -0.1868 -0.1140
vn 0.9766 -0.1819 -0.1146
vn 0.6369 -0.7709 -0.0051
vn 0.6404 -0.7680 -0.0059
vn 0.0001 -0.9943 0.1064
vn 0.0047 -0.9944 0.1057
vn -0.6368 -0.7525 0.1683
vn -0.6328 -0.7558 0.1682
vn -0.9756 -0.1585 0.1518
vn -0.9747 -0.1636 0.1522
vn -0.8579 0.5097 0.0644
vn -0.8603 0.5056 0.0652
vn -0.3388 0.9394 -0.0528
vn -0.3430 0.9379 -0.0521
vn 0.3440 0.9365 -0.0674
vn 0.3413 0.9375 -0.0671
vn 0.8625 0.4932 -0.1132
vn 0.8612 0.4955 -0.1131
vn 0.9777 -0.1813 -0.1058
vn 0.9782 -0.1784 -0.1060
vn 0.6350 -0.7710 -0.0486
vn 0.6375 -0.7689 -0.0490
vn -0.0046 -0.9995 0.0315
vn -0.0015 -0.9995 0.0312
vn -0.6418 -0.7607 0.0971
vn -0.6397 -0.7625 0.0970
vn -0.9791 -0.1660 0.1176
vn -0.9786 -0.1687 0.1176
vn -0.8580 0.5068 0.0832
vn -0.8596 0.5041 0.0835
vn -0.3352 0.9421 0.0101
vn -0.3383 0.9410 0.0105
vn 0.3376 0.9363 -0.0973
vn 0.3391 0.9357 -0.0975
vn 0.8577 0.4943 -0.1419
vn 0.8585 0.4928 -0.1419
vn 0.9765 -0.1790 -0.1199
vn 0.9762 -0.1807 -0.1197
vn 0.6384 -0.7686 -0.0415
vn 0.6372 -0.7696 -0.0413
vn 0.0016 -0.9984 0.0565
vn 0.0001 -0.9984 0.0567
vn -0.6358 -0.7611 0.1283
vn -0.6371 -0.7600 0.1284
vn -0.9758 -0.1677 0.1403
vn -0.9761 -0.1660 0.1403
vn -0.8592 0.5042 0.0869
vn -0.8584 0.5057 0.0867
vn -0.3404 0.9402 -0.0069
vn -0.3390 0.9408 -0.0072
vn 0.1322 0.0557 0.9897
vn -0.1357 -0.1049 -0.9852
vn 0.3411 0.9355 0.0922
vn 0.3391 0.9362 0.0921
vn 0.8638 0.4942 0.0977
vn 0.8628 0.4960 0.0977
vn 0.9823 -0.1783 0.0576
vn 0.9826 -0.1765 0.0577
vn 0.6411 -0.7674 -0.0094
vn 0.6426 -0.7662 -0.0092
vn -0.0000 -0.9974 -0.0718
vn 0.0021 -0.9974 -0.0717
vn -0.6412 -0.7608 -0.1006
vn -0.6396 -0.7621 -0.1006
vn -0.9823 -0.1682 -0.0821
vn -0.9820 -0.1700 -0.0822
vn -0.8638 0.5031 -0.0252
vn -0.8647 0.5016 -0.0253
vn -0.3412 0.9390 0.0437
vn -0.3430 0.9383 0.0435
vn 0.3424 0.9380 0.0536
vn 0.3385 0.9395 0.0532
vn 0.8631 0.4961 0.0943
vn 0.8610 0.4998 0.0942
vn 0.9798 -0.1781 0.0910
vn 0.9805 -0.1738 0.0912
vn 0.6380 -0.7687 0.0453
vn 0.6412 -0.7660 0.0456
vn -0.0021 -0.9998 -0.0216
vn 0.0020 -0.9998 -0.0212
vn -0.6414 -0.7632 -0.0782
vn -0.6383 -0.7658 -0.0780
vn -0.9807 -0.1692 -0.0982
vn -0.9799 -0.1734 -0.0982
vn -0.8608 0.5038 -0.0720
vn -0.8630 0.5001 -0.0723
vn -0.3384 0.9409 -0.0121
vn -0.3423 0.9395 -0.0125
vn 0.3416 0.9395 0.0243
vn 0.3397 0.9402 0.0241
vn 0.8611 0.4998 0.0930
vn 0.8601 0.5017 0.0928
vn 0.9776 -0.1739 0.1183
vn 0.9780 -0.1716 0.1183
vn 0.6367 -0.7661 0.0883
vn 0.6384 -0.7646 0.0885
vn -0.0021 -0.9999 0.0172
vn -0.0000 -0.9998 0.0174
vn -0.6400 -0.7659 -0.0619
vn -0.6384 -0.7672 -0.0617
vn -0.9785 -0.1734 -0.1119
vn -0.9781 -0.1756 -0.1119
vn -0.8590 0.5002 -0.1094
vn -0.8601 0.4982 -0.1095
vn -0.3377 0.9396 -0.0556
vn -0.3397 0.9389 -0.0559
vn -0.1169 0.0171 0.9930
vn 0.0711 0.0719 -0.9949
vn 0.3415 0.8723 -0.3500
vn 0.3428 0.8719 -0.3498
vn 0.8646 0.4793 -0.1505
vn 0.8657 0.4776 -0.1497
vn 0.9832 -0.1379 0.1195
vn 0.9826 -0.1408 0.1207
vn 0.6417 -0.6905 0.3337
vn 0.6397 -0.6922 0.3343
vn -0.0000 -0.9200 0.3919
vn -0.0015 -0.9201 0.3918
vn -0.6418 -0.7190 0.2667
vn -0.6430 -0.7181 0.2663
vn -0.9832 -0.1815 0.0169
vn -0.9837 -0.1789 0.0158
vn -0.8646 0.4409 -0.2407
vn -0.8631 0.4435 -0.2417
vn -0.3415 0.8571 -0.3856
vn -0.3395 0.8578 -0.3858
vn 0.3404 0.9002 -0.2715
vn 0.3421 0.8996 -0.2714
vn 0.8656 0.4793 -0.1448
vn 0.8660 0.4786 -0.1446
vn 0.9848 -0.1665 0.0499
vn 0.9848 -0.1663 0.0499
vn 0.6431 -0.7332 0.2211
vn 0.6428 -0.7334 0.2212
vn 0.0015 -0.9573 0.2890
vn -0.0001 -0.9573 0.2890
vn -0.6417 -0.7341 0.2220
vn -0.6428 -0.7332 0.2218
vn -0.9848 -0.1662 0.0509
vn -0.9848 -0.1660 0.0508
vn -0.8660 0.4790 -0.1438
vn -0.8660 0.4789 -0.1438
vn -0.3430 0.8994 -0.2709
vn -0.3420 0.8998 -0.2710
vn 0.3419 0.9052 -0.2524
vn 0.8658 0.4858 -0.1201
vn 0.8658 0.4857 -0.1201
vn 0.9846 -0.1609 0.0684
vn 0.9846 -0.1610 0.0685
vn 0.6427 -0.7323 0.2251
vn 0.6426 -0.7324 0.2251
vn 0.0001 -0.9610 0.2765
vn -0.0000 -0.9610 0.2765
vn -0.6426 -0.7400 0.1986
vn -0.9846 -0.1728 0.0280
vn -0.9846 -0.1727 0.0279
vn -0.8659 0.4754 -0.1557
vn -0.8658 0.4755 -0.1558
vn -0.3420 0.9011 -0.2664
vn -0.3419 0.9012 -0.2665
vn -0.0214 0.2762 0.9609
vn 0.0566 -0.3910 -0.9186
vn 0.3026 0.9524 -0.0370
vn 0.3055 0.9515 -0.0376
vn 0.7917 0.5921 -0.1503
vn 0.7935 0.5896 -0.1507
vn 0.9786 0.0056 -0.2057
vn 0.9786 0.0025 -0.2058
vn 0.7917 -0.5831 -0.1822
vn 0.7899 -0.5856 -0.1818
vn 0.3026 -0.9490 -0.0886
vn 0.2996 -0.9500 -0.0880
vn -0.3021 -0.9525 0.0393
vn -0.3050 -0.9515 0.0399
vn -0.7913 -0.5921 0.1525
vn -0.7931 -0.5896 0.1530
vn -0.9781 -0.0056 0.2080
vn -0.9781 -0.0025 0.2081
vn -0.7913 0.5830 0.1844
vn -0.7894 0.5856 0.1841
vn -0.3021 0.9489 0.0909
vn -0.2991 0.9499 0.0902
vn 0.2994 0.9518 -0.0663
vn 0.3070 0.9493 -0.0680
vn 0.7893 0.5898 -0.1707
vn 0.7942 0.5829 -0.1718
vn 0.9778 0.0025 -0.2095
vn 0.9778 -0.0063 -0.2095
vn 0.7929 -0.5858 -0.1678
vn 0.7880 -0.5927 -0.1667
vn 0.3052 -0.9503 -0.0615
vn 0.2976 -0.9528 -0.0599
vn -0.2989 -0.9518 0.0686
vn -0.3066 -0.9492 0.0703
vn -0.7888 -0.5899 0.1730
vn -0.7937 -0.5828 0.1740
vn -0.9773 -0.0025 0.2118
vn -0.9773 0.0064 0.2117
vn -0.7924 0.5858 0.1701
vn -0.7875 0.5927 0.1689
vn -0.3048 0.9503 0.0638
vn -0.2971 0.9528 0.0621
vn 0.3004 0.9483 -0.1026
vn 0.3050 0.9467 -0.1033
vn 0.7956 0.5831 -0.1643
vn 0.7983 0.5794 -0.1645
vn 0.9867 -0.0049 -0.1628
vn 0.9867 -0.0092 -0.1625
vn 0.8009 -0.5906 -0.0986
vn 0.7983 -0.5943 -0.0980
vn 0.3096 -0.9508 0.0036
vn 0.3050 -0.9523 0.0044
vn -0.3000 -0.9482 0.1049
vn -0.3046 -0.9466 0.1055
vn -0.7952 -0.5830 0.1666
vn -0.7979 -0.5793 0.1668
vn -0.9863 0.0050 0.1650
vn -0.9863 0.0093 0.1648
vn -0.8005 0.5908 0.1009
vn -0.7979 0.5944 0.1003
vn -0.3092 0.9510 -0.0013
vn -0.3046 0.9525 -0.0021
vn 0.1639 0.0558 0.9849
vn -0.2069 0.0265 -0.9780
vn 0.3418 0.9393 0.0303
vn 0.3417 0.9393 0.0303
vn 0.8654 0.5010 -0.0104
vn 0.8653 0.5012 -0.0104
vn 0.9841 -0.1717 -0.0460
vn 0.9841 -0.1713 -0.0460
vn 0.6423 -0.7641 -0.0599
vn 0.6426 -0.7639 -0.0599
vn 0.0000 -0.9990 -0.0456
vn 0.0001 -0.9990 -0.0456
vn -0.6423 -0.7664 -0.0098
vn -0.6422 -0.7665 -0.0098
vn -0.9840 -0.1753 0.0308
vn -0.9840 -0.1756 0.0308
vn -0.8653 0.4979 0.0572
vn -0.8656 0.4975 0.0572
vn -0.3417 0.9381 0.0570
vn -0.3420 0.9380 0.0570
vn 0.3422 0.9372 0.0671
vn 0.8660 0.4981 0.0450
vn 0.8660 0.4979 0.0450
vn 0.9847 -0.1740 0.0020
vn 0.9847 -0.1742 0.0019
vn 0.6428 -0.7649 -0.0418
vn 0.6427 -0.7650 -0.0418
vn -0.0001 -0.9978 -0.0658
vn -0.0002 -0.9978 -0.0658
vn -0.6429 -0.7637 -0.0588
vn -0.9847 -0.1725 -0.0241
vn -0.9847 -0.1723 -0.0241
vn -0.8660 0.4995 0.0220
vn -0.8660 0.4996 0.0220
vn -0.3420 0.9379 0.0581
vn -0.3419 0.9379 0.0581
vn 0.3413 0.9355 0.0917
vn 0.3414 0.9354 0.0917
vn 0.8645 0.4948 0.0887
vn 0.8645 0.4947 0.0887
vn 0.9832 -0.1772 0.0444
vn 0.9831 -0.1775 0.0443
vn 0.6419 -0.7665 -0.0205
vn 0.6417 -0.7667 -0.0206
vn 0.0002 -0.9971 -0.0756
vn -0.0000 -0.9971 -0.0756
vn -0.6416 -0.7611 -0.0951
vn -0.6417 -0.7610 -0.0951
vn -0.9831 -0.1691 -0.0699
vn -0.9832 -0.1688 -0.0699
vn -0.8648 0.5020 -0.0118
vn -0.8646 0.5024 -0.0118
vn -0.3417 0.9384 0.0520
vn -0.3415 0.9385 0.0520
vn -0.0582 -0.0759 0.9954
vn -0.0390 0.0460 -0.9982
vn 0.3393 0.8759 -0.3431
vn 0.3385 0.8762 -0.3431
vn 0.8591 0.4383 -0.2641
vn 0.8587 0.4391 -0.2643
vn 0.9770 -0.2043 -0.0614
vn 0.9772 -0.2034 -0.0618
vn 0.6377 -0.7513 0.1701
vn 0.6384 -0.7507 0.1698
vn 0.0000 -0.9467 0.3221
vn 0.0009 -0.9467 0.3220
vn -0.6376 -0.6991 0.3235
vn -0.6369 -0.6997 0.3237
vn -0.9769 -0.1244 0.1737
vn -0.9767 -0.1253 0.1740
vn -0.8591 0.5086 -0.0574
vn -0.8596 0.5078 -0.0570
vn -0.3393 0.9036 -0.2615
vn -0.3401 0.9034 -0.2612
vn 0.3411 0.8834 -0.3214
vn 0.3368 0.8850 -0.3214
vn 0.8619 0.4479 -0.2378
vn 0.8598 0.4515 -0.2387
vn 0.9795 -0.1971 -0.0428
vn 0.9801 -0.1934 -0.0440
vn 0.6387 -0.7499 0.1723
vn 0.6419 -0.7475 0.1712
vn -0.0009 -0.9517 0.3069
vn 0.0036 -0.9519 0.3065
vn -0.6400 -0.7082 0.2980
vn -0.6366 -0.7111 0.2985
vn -0.9797 -0.1333 0.1498
vn -0.9790 -0.1371 0.1509
vn -0.8610 0.5040 -0.0684
vn -0.8629 0.5008 -0.0672
vn -0.3393 0.9056 -0.2545
vn -0.3434 0.9043 -0.2537
vn 0.3422 0.8976 -0.2779
vn 0.3389 0.8989 -0.2778
vn 0.8600 0.4521 -0.2367
vn 0.8581 0.4554 -0.2373
vn 0.9751 -0.2051 -0.0846
vn 0.9758 -0.2012 -0.0857
vn 0.6339 -0.7660 0.1072
vn 0.6369 -0.7636 0.1062
vn -0.0036 -0.9685 0.2489
vn 0.0000 -0.9687 0.2484
vn -0.6396 -0.7181 0.2743
vn -0.6369 -0.7204 0.2745
vn -0.9764 -0.1312 0.1714
vn -0.9757 -0.1351 0.1723
vn -0.8560 0.5169 -0.0116
vn -0.8580 0.5135 -0.0104
vn -0.3353 0.9230 -0.1890
vn -0.3388 0.9218 -0.1882
vn 0.1352 0.2459 0.9598
vn -0.1261 -0.3193 -0.9392
vn 0.3226 0.9463 0.0195
vn 0.3236 0.9460 0.0191
vn 0.8167 0.5356 -0.2151
vn 0.8173 0.5343 -0.2155
vn 0.9287 -0.1258 -0.3489
vn 0.9286 -0.1263 -0.3490
vn 0.6062 -0.7284 -0.3194
vn 0.6062 -0.7283 -0.3195
vn 0.0001 -0.9901 -0.1404
vn -0.0005 -0.9901 -0.1401
vn -0.6060 -0.7886 0.1045
vn -0.6071 -0.7876 0.1050
vn -0.9285 -0.2181 0.3006
vn -0.9287 -0.2170 0.3008
vn -0.8165 0.4544 0.3561
vn -0.8165 0.4545 0.3561
vn -0.3224 0.9143 0.2451
vn -0.3223 0.9144 0.2451
vn 0.3335 0.9412 0.0530
vn 0.3314 0.9420 0.0536
vn 0.8447 0.5212 -0.1218
vn 0.8434 0.5235 -0.1212
vn 0.9606 -0.1416 -0.2393
vn 0.9608 -0.1399 -0.2391
vn 0.6280 -0.7387 -0.2451
vn 0.6287 -0.7380 -0.2451
vn 0.0007 -0.9907 -0.1359
vn 0.0023 -0.9907 -0.1363
vn -0.6270 -0.7782 0.0371
vn -0.6250 -0.7798 0.0364
vn -0.9603 -0.2019 0.1926
vn -0.9599 -0.2041 0.1922
vn -0.8451 0.4681 0.2582
vn -0.8457 0.4671 0.2582
vn -0.3345 0.9202 0.2032
vn -0.3357 0.9198 0.2034
vn 0.3379 0.9374 0.0840
vn 0.3358 0.9381 0.0846
vn 0.8512 0.5180 -0.0844
vn 0.8501 0.5198 -0.0838
vn 0.9664 -0.1438 -0.2132
vn 0.9667 -0.1417 -0.2129
vn 0.6293 -0.7384 -0.2422
vn 0.6310 -0.7370 -0.2423
vn -0.0022 -0.9875 -0.1577
vn 0.0000 -0.9874 -0.1581
vn -0.6326 -0.7745 0.0006
vn -0.6309 -0.7759 0.0001
vn -0.9670 -0.1992 0.1588
vn -0.9666 -0.2013 0.1584
vn -0.8490 0.4694 0.2428
vn -0.8500 0.4675 0.2427
vn -0.3336 0.9183 0.2133
vn -0.3357 0.9175 0.2135
vn 0.1909 -0.1555 0.9692
vn -0.3331 0.1326 -0.9335
f 1/1/1 14/14/1 2/2/1
f 1/1/2 13/13/2 14/14/2
f 2/2/3 15/15/3 3/3/3
f 2/2/4 14/14/4 15/15/4
f 3/3/5 16/16/5 4/4/5
f 3/3/6 15/15/6 16/16/6
f 4/4/7 17/17/7 5/5/7
f 4/4/8 16/16/8 17/17/8
f 5/5/9 18/18/9 6/6/9
f 5/5/10 17/17/10 18/18/10
f 6/6/11 19/19/11 7/7/11
f 6/6/12 18/18/12 19/19/12
f 7/7/13 20/20/13 8/8/13
f 7/7/14 19/19/14 20/20/14
f 8/8/15 21/21/15 9/9/15
f 8/8/16 20/20/16 21/21/16
f 9/9/17 22/22/17 10/10/17
f 9/9/18 21/21/18 22/22/18
f 10/10/19 23/23/19 11/11/19
f 10/10/20 22/22/20 23/23/20
f 11/11/21 24/24/21 12/12/21
f 11/11/22 23/23/22 24/24/22
f 12/12/23 13/13/23 1/1/23
f 12/12/24 24/24/24 13/13/24
f 13/13/25 26/26/25 14/14/25
f 13/13/26 25/25/26 26/26/26
f 14/14/27 27/27/27 15/15/27
f 14/14/28 26/26/28 27/27/28
f 15/15/29 28/28/29 16/16/29
f 15/15/30 27/27/30 28/28/30
f 16/16/31 29/29/31 17/17/31
f 16/16/32 28/28/32 29/29/32
f 17/17/33 30/30/33 18/18/33
f 17/17/34 29/29/34 30/30/34
f 18/18/35 31/31/35 19/19/35
f 18/18/36 30/30/36 31/31/36
f 19/19/37 32/32/37 20/20/37
f 19/19/38 31/31/38 32/32/38
f 20/20/39 33/33/39 21/21/39
f 20/20/40 32/32/40 33/33/40
f 21/21/41 34/34/41 22/22/41
f 21/21/42 33/33/42 34/34/42
f 22/22/43 35/35/43 23/23/43
f 22/22/44 34/34/44 35/35/44
f 23/23/45 36/36/45 24/24/45
f 23/23/46 35/35/46 36/36/46
f 24/24/47 25/25/47 13/13/47
f 24/24/48 36/36/48 25/25/48
f 25/25/49 38/38/49 26/26/49
f 25/25/50 37/37/50 38/38/50
f 26/26/51 39/39/51 27/27/51
f 26/26/52 38/38/52 39/39/52
f 27/27/53 40/40/53 28/28/53
f 27/27/54 39/39/54 40/40/54
f 28/28/55 41/41/55 29/29/55
f 28/28/56 40/40/56 41/41/56
f 29/29/57 42/42/57 30/30/57
f 29/29/58 41/41/58 42/42/58
f 30/30/59 43/43/59 31/31/59
f 30/30/60 42/42/60 43/43/60
f 31/31/61 44/44/61 32/32/61
f 31/31/62 43/43/62 44/44/62
f 32/32/63 45/45/63 33/33/63
f 32/32/64 44/44/64 45/45/64
f 33/33/65 46/46/65 34/34/65
f 33/33/66 45/45/66 46/46/66
f 34/34/67 47/47/67 35/35/67
f 34/34/68 46/46/68 47/47/68
f 35/35/69 48/48/69 36/36/69
f 35/35/70 47/47/70 48/48/70
f 36/36/71 37/37/71 25/25/71
f 36/36/72 48/48/72 37/37/72
f 37/37/73 50/50/73 38/38/73
f 37/37/74 49/49/74 50/50/74
f 38/38/75 51/51/75 39/39/75
f 38/38/76 50/50/76 51/51/76
f 39/39/77 52/52/77 40/40/77
f 39/39/78 51/51/78 52/52/78
f 40/40/79 53/53/79 41/41/79
f 40/40/80 52/52/80 53/53/80
f 41/41/81 54/54/81 42/42/81
f 41/41/82 53/53/82 54/54/82
f 42/42/83 55/55/83 43/43/83
f 42/42/84 54/54/84 55/55/84
f 43/43/85 56/56/85 44/44/85
f 43/43/86 55/55/86 56/56/86
f 44/44/87 57/57/87 45/45/87
f 44/44/88 56/56/88 57/57/88
f 45/45/89 58/58/89 46/46/89
f 45/45/90 57/57/90 58/58/90
f 46/46/91 59/59/91 47/47/91
f 46/46/92 58/58/92 59/59/92
f 47/47/93 60/60/93 48/48/93
f 47/47/94 59/59/94 60/60/94
f 48/48/95 49/49/95 37/37/95
f 48/48/96 60/60/96 49/49/96
f 49/49/97 62/62/97 50/50/97
f 49/49/98 61/61/98 62/62/98
f 50/50/99 63/63/99 51/51/99
f 50/50/100 62/62/100 63/63/100
f 51/51/101 64/64/101 52/52/101
f 51/51/102 63/63/102 64/64/102
f 52/52/103 65/65/103 53/53/103
f 52/52/104 64/64/104 65/65/104
f 53/53/105 66/66/105 54/54/105
f 53/53/106 65/65/106 66/66/106
f 54/54/107 67/67/107 55/55/107
f 54/54/108 66/66/108 67/67/108
f 55/55/109 68/68/109 56/56/109
f 55/55/110 67/67/110 68/68/110
f 56/56/111 69/69/111 57/57/111
f 56/56/112 68/68/112 69/69/112
f 57/57/113 70/70/113 58/58/113
f 57/57/114 69/69/114 70/70/114
f 58/58/115 71/71/115 59/59/115
f 58/58/116 70/70/116 71/71/116
f 59/59/117 72/72/117 60/60/117
f 59/59/118 71/71/118 72/72/118
f 60/60/119 61/61/119 49/49/119
f 60/60/120 72/72/120 61/61/120
f 61/61/121 74/74/121 62/62/121
f 61/61/122 73/73/122 74/74/122
f 62/62/123 75/75/123 63/63/123
f 62/62/124 74/74/124 75/75/124
f 63/63/125 76/76/125 64/64/125
f 63/63/126 75/75/126 76/76/126
f 64/64/127 77/77/127 65/65/127
f 64/64/128 76/76/128 77/77/128
f 65/65/129 78/78/129 66/66/129
f 65/65/130 77/77/130 78/78/130
f 66/66/131 79/79/131 67/67/131
f 66/66/132 78/78/132 79/79/132
f 67/67/133 80/80/133 68/68/133
f 67/67/134 79/79/134 80/80/134
f 68/68/135 81/81/135 69/69/135
f 68/68/136 80/80/136 81/81/136
f 69/69/137 82/82/137 70/70/137
f 69/69/138 81/81/138 82/82/138
f 70/70/139 83/83/139 71/71/139
f 70/70/140 82/82/140 83/83/140
f 71/71/141 84/84/141 72/72/141
f 71/71/142 83/83/142 84/84/142
f 72/72/143 73/73/143 61/61/143
f 72/72/144 84/84/144 73/73/144
f 73/73/145 86/86/145 74/74/145
f 73/73/146 85/85/146 86/86/146
f 74/74/147 87/87/147 75/75/147
f 74/74/148 86/86/148 87/87/148
f 75/75/149 88/88/149 76/76/149
f 75/75/150 87/87/150 88/88/150
f 76/76/151 89/89/151 77/77/151
f 76/76/152 88/88/152 89/89/152
f 77/77/153 90/90/153 78/78/153
f 77/77/154 89/89/154 90/90/154
f 78/78/155 91/91/155 79/79/155
f 78/78/156 90/90/156 91/91/156
f 79/79/157 92/92/157 80/80/157
f 79/79/158 91/91/158 92/92/158
f 80/80/159 93/93/159 81/81/159
f 80/80/160 92/92/160 93/93/160
f 81/81/161 94/94/161 82/82/161
f 81/81/162 93/93/162 94/94/162
f 82/82/163 95/95/163 83/83/163
f 82/82/164 94/94/164 95/95/164
f 83/83/165 96/96/165 84/84/165
f 83/83/166 95/95/166 96/96/166
f 84/84/167 85/85/167 73/73/167
f 84/84/168 96/96/168 85/85/168
f 85/85/169 87/87/169 86/86/169
f 85/85/169 88/88/169 87/87/169
f 85/85/169 89/89/169 88/88/169
f 85/85/169 90/90/169 89/89/169
f 85/85/169 91/91/169 90/90/169
f 85/85/169 92/92/169 91/91/169
f 85/85/169 93/93/169 92/92/169
f 85/85/169 94/94/169 93/93/169
f 85/85/169 95/95/169 94/94/169
f 85/85/169 96/96/169 95/95/169
f 12/12/170 10/10/170 11/11/170
f 12/12/170 9/9/170 10/10/170
f 12/12/170 8/8/170 9/9/170
f 12/12/170 7/7/170 8/8/170
f 12/12/170 6/6/170 7/7/170
f 12/12/170 5/5/170 6/6/170
f 12/12/170 4/4/170 5/5/170
f 12/12/170 3/3/170 4/4/170
f 12/12/170 2/2/170 3/3/170
f 12/12/170 1/1/170 2/2/170
f 97/97/171 109/109/171 98/98/171
f 97/97/172 108/108/172 109/109/172
f 98/98/173 110/110/173 99/99/173
f 98/98/174 109/109/174 110/110/174
f 99/99/175 111/111/175 100/100/175
f 99/99/175 110/110/175 111/111/175
f 100/100/176 112/112/176 101/101/176
f 100/100/177 111/111/177 112/112/177
f 101/101/178 113/113/178 102/102/178
f 101/101/179 112/112/179 113/113/179
f 102/102/180 114/114/180 103/103/180
f 102/102/181 113/113/181 114/114/181
f 103/103/182 115/115/182 104/104/182
f 103/103/183 114/114/183 115/115/183
f 104/104/184 116/116/184 105/105/184
f 104/104/185 115/115/185 116/116/185
f 105/105/186 117/117/186 106/106/186
f 105/105/187 116/116/187 117/117/187
f 106/106/188 118/118/188 107/107/188
f 106/106/189 117/117/189 118/118/189
f 107/107/190 108/108/190 97/97/190
f 107/107/191 118/118/191 108/108/191
f 108/108/192 120/120/192 109/109/192
f 108/108/193 119/119/193 120/120/193
f 109/109/194 121/121/194 110/110/194
f 109/109/195 120/120/195 121/121/195
f 110/110/196 122/122/196 111/111/196
f 110/110/197 121/121/197 122/122/197
f 111/111/198 123/123/198 112/112/198
f 111/111/198 122/122/198 123/123/198
f 112/112/199 124/124/199 113/113/199
f 112/112/200 123/123/200 124/124/200
f 113/113/201 125/125/201 114/114/201
f 113/113/202 124/124/202 125/125/202
f 114/114/203 126/126/203 115/115/203
f 114/114/204 125/125/204 126/126/204
f 115/115/205 127/127/205 116/116/205
f 115/115/206 126/126/206 127/127/206
f 116/116/207 128/128/207 117/117/207
f 116/116/208 127/127/208 128/128/208
f 117/117/209 129/129/209 118/118/209
f 117/117/210 128/128/210 129/129/210
f 118/118/211 119/119/211 108/108/211
f 118/118/212 129/129/212 119/119/212
f 119/119/213 131/131/213 120/120/213
f 119/119/214 130/130/214 131/131/214
f 120/120/215 132/132/215 121/121/215
f 120/120/216 131/131/216 132/132/216
f 121/121/217 133/133/217 122/122/217
f 121/121/218 132/132/218 133/133/218
f 122/122/219 134/134/219 123/123/219
f 122/122/219 133/133/219 134/134/219
f 123/123/220 135/135/220 124/124/220
f 123/123/221 134/134/221 135/135/221
f 124/124/222 136/136/222 125/125/222
f 124/124/223 135/135/223 136/136/223
f 125/125/224 137/137/224 126/126/224
f 125/125/225 136/136/225 137/137/225
f 126/126/226 138/138/226 127/127/226
f 126/126/227 137/137/227 138/138/227
f 127/127/228 139/139/228 128/128/228
f 127/127/229 138/138/229 139/139/229
f 128/128/230 140/140/230 129/129/230
f 128/128/231 139/139/231 140/140/231
f 129/129/232 130/130/232 119/119/232
f 129/129/233 140/140/233 130/130/233
f 130/130/234 132/132/234 131/131/234
f 130/130/234 133/133/234 132/132/234
f 130/130/234 134/134/234 133/133/234
f 130/130/234 135/135/234 134/134/234
f 130/130/234 136/136/234 135/135/234
f 130/130/234 137/137/234 136/136/234
f 130/130/234 138/138/234 137/137/234
f 130/130/234 139/139/234 138/138/234
f 130/130/234 140/140/234 139/139/234
f 107/107/235 105/105/235 106/106/235
f 107/107/235 104/104/235 105/105/235
f 107/107/235 103/103/235 104/104/235
f 107/107/235 102/102/235 103/103/235
f 107/107/235 101/101/235 102/102/235
f 107/107/235 100/100/235 101/101/235
f 107/107/235 99/99/235 100/100/235
f 107/107/235 98/98/235 99/99/235
f 107/107/235 97/97/235 98/98/235
f 141/141/236 152/152/236 142/142/236
f 141/141/237 151/151/237 152/152/237
f 142/142/238 153/153/238 143/143/238
f 142/142/239 152/152/239 153/153/239
f 143/143/240 154/154/240 144/144/240
f 143/143/241 153/153/241 154/154/241
f 144/144/242 155/155/242 145/145/242
f 144/144/243 154/154/243 155/155/243
f 145/145/244 156/156/244 146/146/244
f 145/145/245 155/155/245 156/156/245
f 146/146/246 157/157/246 147/147/246
f 146/146/247 156/156/247 157/157/247
f 147/147/248 158/158/248 148/148/248
f 147/147/249 157/157/249 158/158/249
f 148/148/250 159/159/250 149/149/250
f 148/148/251 158/158/251 159/159/251
f 149/149/252 160/160/252 150/150/252
f 149/149/253 159/159/253 160/160/253
f 150/150/254 151/151/254 141/141/254
f 150/150/255 160/160/255 151/151/255
f 151/151/256 162/162/256 152/152/256
f 151/151/257 161/161/257 162/162/257
f 152/152/258 163/163/258 153/153/258
f 152/152/259 162/162/259 163/163/259
f 153/153/260 164/164/260 154/154/260
f 153/153/261 163/163/261 164/164/261
f 154/154/262 165/165/262 155/155/262
f 154/154/263 164/164/263 165/165/263
f 155/155/264 166/166/264 156/156/264
f 155/155/265 165/165/265 166/166/265
f 156/156/266 167/167/266 157/157/266
f 156/156/267 166/166/267 167/167/267
f 157/157/268 168/168/268 158/158/268
f 157/157/269 167/167/269 168/168/269
f 158/158/270 169/169/270 159/159/270
f 158/158/271 168/168/271 169/169/271
f 159/159/272 170/170/272 160/160/272
f 159/159/273 169/169/273 170/170/273
f 160/160/274 161/161/274 151/151/274
f 160/160/275 170/170/275 161/161/275
f 161/161/276 172/172/276 162/162/276
f 161/161/277 171/171/277 172/172/277
f 162/162/278 173/173/278 163/163/278
f 162/162/279 172/172/279 173/173/279
f 163/163/280 174/174/280 164/164/280
f 163/163/281 173/173/281 174/174/281
f 164/164/282 175/175/282 165/165/282
f 164/164/283 174/174/283 175/175/283
f 165/165/284 176/176/284 166/166/284
f 165/165/285 175/175/285 176/176/285
f 166/166/286 177/177/286 167/167/286
f 166/166/287 176/176/287 177/177/287
f 167/167/288 178/178/288 168/168/288
f 167/167/288 177/177/288 178/178/288
f 168/168/289 179/179/289 169/169/289
f 168/168/290 178/178/290 179/179/290
f 169/169/291 180/180/291 170/170/291
f 169/169/292 179/179/292 180/180/292
f 170/170/293 171/171/293 161/161/293
f 170/170/294 180/180/294 171/171/294
f 171/171/295 173/173/295 172/172/295
f 171/171/295 174/174/295 173/173/295
f 171/171/295 175/175/295 174/174/295
f 171/171/295 176/176/295 175/175/295
f 171/171/295 177/177/295 176/176/295
f 171/171/295 178/178/295 177/177/295
f 171/171/295 179/179/295 178/178/295
f 171/171/295 180/180/295 179/179/295
f 150/150/296 148/148/296 149/149/296
f 150/150/296 147/147/296 148/148/296
f 150/150/296 146/146/296 147/147/296
f 150/150/296 145/145/296 146/146/296
f 150/150/296 144/144/296 145/145/296
f 150/150/296 143/143/296 144/144/296
f 150/150/296 142/142/296 143/143/296
f 150/150/296 141/141/296 142/142/296
f 181/181/297 191/191/297 182/182/297
f 181/181/298 190/190/298 191/191/298
f 182/182/299 192/192/299 183/183/299
f 182/182/300 191/191/300 192/192/300
f 183/183/301 193/193/301 184/184/301
f 183/183/302 192/192/302 193/193/302
f 184/184/303 194/194/303 185/185/303
f 184/184/304 193/193/304 194/194/304
f 185/185/305 195/195/305 186/186/305
f 185/185/306 194/194/306 195/195/306
f 186/186/307 196/196/307 187/187/307
f 186/186/308 195/195/308 196/196/308
f 187/187/309 197/197/309 188/188/309
f 187/187/310 196/196/310 197/197/310
f 188/188/311 198/198/311 189/189/311
f 188/188/312 197/197/312 198/198/312
f 189/189/313 190/190/313 181/181/313
f 189/189/314 198/198/314 190/190/314
f 190/190/315 200/200/315 191/191/315
f 190/190/316 199/199/316 200/200/316
f 191/191/317 201/201/317 192/192/317
f 191/191/318 200/200/318 201/201/318
f 192/192/319 202/202/319 193/193/319
f 192/192/320 201/201/320 202/202/320
f 193/193/321 203/203/321 194/194/321
f 193/193/322 202/202/322 203/203/322
f 194/194/323 204/204/323 195/195/323
f 194/194/324 203/203/324 204/204/324
f 195/195/325 205/205/325 196/196/325
f 195/195/326 204/204/326 205/205/326
f 196/196/310 206/206/310 197/197/310
f 196/196/327 205/205/327 206/206/327
f 197/197/328 207/207/328 198/198/328
f 197/197/329 206/206/329 207/207/329
f 198/198/330 199/199/330 190/190/330
f 198/198/331 207/207/331 199/199/331
f 199/199/332 209/209/332 200/200/332
f 199/199/333 208/208/333 209/209/333
f 200/200/334 210/210/334 201/201/334
f 200/200/335 209/209/335 210/210/335
f 201/201/336 211/211/336 202/202/336
f 201/201/337 210/210/337 211/211/337
f 202/202/338 212/212/338 203/203/338
f 202/202/339 211/211/339 212/212/339
f 203/203/340 213/213/340 204/204/340
f 203/203/341 212/212/341 213/213/341
f 204/204/342 214/214/342 205/205/342
f 204/204/343 213/213/343 214/214/343
f 205/205/344 215/215/344 206/206/344
f 205/205/345 214/214/345 215/215/345
f 206/206/346 216/216/346 207/207/346
f 206/206/347 215/215/347 216/216/347
f 207/207/348 208/208/348 199/199/348
f 207/207/349 216/216/349 208/208/349
f 208/208/350 210/210/350 209/209/350
f 208/208/350 211/211/350 210/210/350
f 208/208/350 212/212/350 211/211/350
f 208/208/350 213/213/350 212/212/350
f 208/208/350 214/214/350 213/213/350
f 208/208/350 215/215/350 214/214/350
f 208/208/350 216/216/350 215/215/350
f 189/189/351 187/187/351 188/188/351
f 189/189/351 186/186/351 187/187/351
f 189/189/351 185/185/351 186/186/351
f 189/189/351 184/184/351 185/185/351
f 189/189/351 183/183/351 184/184/351
f 189/189/351 182/182/351 183/183/351
f 189/189/351 181/181/351 182/182/351
f 217/217/352 227/227/352 218/218/352
f 217/217/353 226/226/353 227/227/353
f 218/218/354 228/228/354 219/219/354
f 218/218/355 227/227/355 228/228/355
f 219/219/356 229/229/356 220/220/356
f 219/219/357 228/228/357 229/229/357
f 220/220/358 230/230/358 221/221/358
f 220/220/359 229/229/359 230/230/359
f 221/221/360 231/231/360 222/222/360
f 221/221/361 230/230/361 231/231/361
f 222/222/362 232/232/362 223/223/362
f 222/222/363 231/231/363 232/232/363
f 223/223/364 233/233/364 224/224/364
f 223/223/365 232/232/365 233/233/365
f 224/224/366 234/234/366 225/225/366
f 224/224/367 233/233/367 234/234/367
f 225/225/368 226/226/368 217/217/368
f 225/225/369 234/234/369 226/226/369
f 226/226/370 236/236/370 227/227/370
f 226/226/371 235/235/371 236/236/371
f 227/227/372 237/237/372 228/228/372
f 227/227/373 236/236/373 237/237/373
f 228/228/374 238/238/374 229/229/374
f 228/228/375 237/237/375 238/238/375
f 229/229/376 239/239/376 230/230/376
f 229/229/377 238/238/377 239/239/377
f 230/230/378 240/240/378 231/231/378
f 230/230/379 239/239/379 240/240/379
f 231/231/380 241/241/380 232/232/380
f 231/231/381 240/240/381 241/241/381
f 232/232/382 242/242/382 233/233/382
f 232/232/383 241/241/383 242/242/383
f 233/233/384 243/243/384 234/234/384
f 233/233/385 242/242/385 243/243/385
f 234/234/386 235/235/386 226/226/386
f 234/234/387 243/243/387 235/235/387
f 235/235/388 245/245/388 236/236/388
f 235/235/389 244/244/389 245/245/389
f 236/236/390 246/246/390 237/237/390
f 236/236/391 245/245/391 246/246/391
f 237/237/392 247/247/392 238/238/392
f 237/237/393 246/246/393 247/247/393
f 238/238/394 248/248/394 239/239/394
f 238/238/395 247/247/395 248/248/395
f 239/239/396 249/249/396 240/240/396
f 239/239/397 248/248/397 249/249/397
f 240/240/398 250/250/398 241/241/398
f 240/240/399 249/249/399 250/250/399
f 241/241/400 251/251/400 242/242/400
f 241/241/401 250/250/401 251/251/401
f 242/242/402 252/252/402 243/243/402
f 242/242/403 251/251/403 252/252/403
f 243/243/404 244/244/404 235/235/404
f 243/243/405 252/252/405 244/244/405
f 244/244/406 246/246/406 245/245/406
f 244/244/406 247/247/406 246/246/406
f 244/244/406 248/248/406 247/247/406
f 244/244/406 249/249/406 248/248/406
f 244/244/406 250/250/406 249/249/406
f 244/244/406 251/251/406 250/250/406
f 244/244/406 252/252/406 251/251/406
f 225/225/407 223/223/407 224/224/407
f 225/225/407 222/222/407 223/223/407
f 225/225/407 221/221/407 222/222/407
f 225/225/407 220/220/407 221/221/407
f 225/225/407 219/219/407 220/220/407
f 225/225/407 218/218/407 219/219/407
f 225/225/407 217/217/407 218/218/407
f 253/253/408 263/263/408 254/254/408
f 253/253/409 262/262/409 263/263/409
f 254/254/410 264/264/410 255/255/410
f 254/254/411 263/263/411 264/264/411
f 255/255/412 265/265/412 256/256/412
f 255/255/413 264/264/413 265/265/413
f 256/256/414 266/266/414 257/257/414
f 256/256/415 265/265/415 266/266/415
f 257/257/416 267/267/416 258/258/416
f 257/257/417 266/266/417 267/267/417
f 258/258/418 268/268/418 259/259/418
f 258/258/419 267/267/419 268/268/419
f 259/259/420 269/269/420 260/260/420
f 259/259/421 268/268/421 269/269/421
f 260/260/422 270/270/422 261/261/422
f 260/260/423 269/269/423 270/270/423
f 261/261/424 262/262/424 253/253/424
f 261/261/425 270/270/425 262/262/425
f 262/262/426 272/272/426 263/263/426
f 262/262/427 271/271/427 272/272/427
f 263/263/428 273/273/428 264/264/428
f 263/263/429 272/272/429 273/273/429
f 264/264/430 274/274/430 265/265/430
f 264/264/431 273/273/431 274/274/431
f 265/265/432 275/275/432 266/266/432
f 265/265/433 274/274/433 275/275/433
f 266/266/434 276/276/434 267/267/434
f 266/266/435 275/275/435 276/276/435
f 267/267/436 277/277/436 268/268/436
f 267/267/437 276/276/437 277/277/437
f 268/268/438 278/278/438 269/269/438
f 268/268/439 277/277/439 278/278/439
f 269/269/440 279/279/440 270/270/440
f 269/269/441 278/278/441 279/279/441
f 270/270/442 271/271/442 262/262/442
f 270/270/443 279/279/443 271/271/443
f 271/271/444 281/281/444 272/272/444
f 271/271/445 280/280/445 281/281/445
f 272/272/446 282/282/446 273/273/446
f 272/272/447 281/281/447 282/282/447
f 273/273/448 283/283/448 274/274/448
f 273/273/449 282/282/449 283/283/449
f 274/274/450 284/284/450 275/275/450
f 274/274/451 283/283/451 284/284/451
f 275/275/452 285/285/452 276/276/452
f 275/275/453 284/284/453 285/285/453
f 276/276/454 286/286/454 277/277/454
f 276/276/455 285/285/455 286/286/455
f 277/277/456 287/287/456 278/278/456
f 277/277/457 286/286/457 287/287/457
f 278/278/458 288/288/458 279/279/458
f 278/278/459 287/287/459 288/288/459
f 279/279/460 280/280/460 271/271/460
f 279/279/461 288/288/461 280/280/461
f 280/280/462 282/282/462 281/281/462
f 280/280/462 283/283/462 282/282/462
f 280/280/462 284/284/462 283/283/462
f 280/280/462 285/285/462 284/284/462
f 280/280/462 286/286/462 285/285/462
f 280/280/462 287/287/462 286/286/462
f 280/280/462 288/288/462 287/287/462
f 261/261/463 259/259/463 260/260/463
f 261/261/463 258/258/463 259/259/463
f 261/261/463 257/257/463 258/258/463
f 261/261/463 256/256/463 257/257/463
f 261/261/463 255/255/463 256/256/463
f 261/261/463 254/254/463 255/255/463
f 261/261/463 253/253/463 254/254/463
f 289/289/464 300/300/464 290/290/464
f 289/289/465 299/299/465 300/300/465
f 290/290/466 301/301/466 291/291/466
f 290/290/467 300/300/467 301/301/467
f 291/291/468 302/302/468 292/292/468
f 291/291/469 301/301/469 302/302/469
f 292/292/470 303/303/470 293/293/470
f 292/292/471 302/302/471 303/303/471
f 293/293/472 304/304/472 294/294/472
f 293/293/473 303/303/473 304/304/473
f 294/294/474 305/305/474 295/295/474
f 294/294/475 304/304/475 305/305/475
f 295/295/476 306/306/476 296/296/476
f 295/295/477 305/305/477 306/306/477
f 296/296/478 307/307/478 297/297/478
f 296/296/479 306/306/479 307/307/479
f 297/297/480 308/308/480 298/298/480
f 297/297/481 307/307/481 308/308/481
f 298/298/482 299/299/482 289/289/482
f 298/298/483 308/308/483 299/299/483
f 299/299/484 310/310/484 300/300/484
f 299/299/485 309/309/485 310/310/485
f 300/300/486 311/311/486 301/301/486
f 300/300/487 310/310/487 311/311/487
f 301/301/488 312/312/488 302/302/488
f 301/301/489 311/311/489 312/312/489
f 302/302/490 313/313/490 303/303/490
f 302/302/491 312/312/491 313/313/491
f 303/303/492 314/314/492 304/304/492
f 303/303/493 313/313/493 314/314/493
f 304/304/494 315/315/494 305/305/494
f 304/304/495 314/314/495 315/315/495
f 305/305/496 316/316/496 306/306/496
f 305/305/497 315/315/497 316/316/497
f 306/306/498 317/317/498 307/307/498
f 306/306/499 316/316/499 317/317/499
f 307/307/500 318/318/500 308/308/500
f 307/307/501 317/317/501 318/318/501
f 308/308/502 309/309/502 299/299/502
f 308/308/503 318/318/503 309/309/503
f 309/309/504 320/320/504 310/310/504
f 309/309/505 319/319/505 320/320/505
f 310/310/506 321/321/506 311/311/506
f 310/310/507 320/320/507 321/321/507
f 311/311/508 322/322/508 312/312/508
f 311/311/509 321/321/509 322/322/509
f 312/312/510 323/323/510 313/313/510
f 312/312/511 322/322/511 323/323/511
f 313/313/512 324/324/512 314/314/512
f 313/313/513 323/323/513 324/324/513
f 314/314/514 325/325/514 315/315/514
f 314/314/515 324/324/515 325/325/515
f 315/315/516 326/326/516 316/316/516
f 315/315/517 325/325/517 326/326/517
f 316/316/518 327/327/518 317/317/518
f 316/316/519 326/326/519 327/327/519
f 317/317/520 328/328/520 318/318/520
f 317/317/521 327/327/521 328/328/521
f 318/318/522 319/319/522 309/309/522
f 318/318/523 328/328/523 319/319/523
f 319/319/524 321/321/524 320/320/524
f 319/319/524 322/322/524 321/321/524
f 319/319/524 323/323/524 322/322/524
f 319/319/524 324/324/524 323/323/524
f 319/319/524 325/325/524 324/324/524
f 319/319/524 326/326/524 325/325/524
f 319/319/524 327/327/524 326/326/524
f 319/319/524 328/328/524 327/327/524
f 298/298/525 296/296/525 297/297/525
f 298/298/525 295/295/525 296/296/525
f 298/298/525 294/294/525 295/295/525
f 298/298/525 293/293/525 294/294/525
f 298/298/525 292/292/525 293/293/525
f 298/298/525 291/291/525 292/292/525
f 298/298/525 290/290/525 291/291/525
f 298/298/525 289/289/525 290/290/525
f 329/329/526 339/339/526 330/330/526
f 329/329/527 338/338/527 339/339/527
f 330/330/528 340/340/528 331/331/528
f 330/330/529 339/339/529 340/340/529
f 331/331/530 341/341/530 332/332/530
f 331/331/531 340/340/531 341/341/531
f 332/332/532 342/342/532 333/333/532
f 332/332/533 341/341/533 342/342/533
f 333/333/534 343/343/534 334/334/534
f 333/333/535 342/342/535 343/343/535
f 334/334/536 344/344/536 335/335/536
f 334/334/537 343/343/537 344/344/537
f 335/335/538 345/345/538 336/336/538
f 335/335/539 344/344/539 345/345/539
f 336/336/540 346/346/540 337/337/540
f 336/336/541 345/345/541 346/346/541
f 337/337/542 338/338/542 329/329/542
f 337/337/543 346/346/543 338/338/543
f 338/338/544 348/348/544 339/339/544
f 338/338/545 347/347/545 348/348/545
f 339/339/546 349/349/546 340/340/546
f 339/339/547 348/348/547 349/349/547
f 340/340/548 350/350/548 341/341/548
f 340/340/549 349/349/549 350/350/549
f 341/341/550 351/351/550 342/342/550
f 341/341/551 350/350/551 351/351/551
f 342/342/552 352/352/552 343/343/552
f 342/342/553 351/351/553 352/352/553
f 343/343/554 353/353/554 344/344/554
f 343/343/555 352/352/555 353/353/555
f 344/344/556 354/354/556 345/345/556
f 344/344/557 353/353/557 354/354/557
f 345/345/558 355/355/558 346/346/558
f 345/345/559 354/354/559 355/355/559
f 346/346/560 347/347/560 338/338/560
f 346/346/561 355/355/561 347/347/561
f 347/347/562 357/357/562 348/348/562
f 347/347/563 356/356/563 357/357/563
f 348/348/564 358/358/564 349/349/564
f 348/348/565 357/357/565 358/358/565
f 349/349/566 359/359/566 350/350/566
f 349/349/567 358/358/567 359/359/567
f 350/350/568 360/360/568 351/351/568
f 350/350/569 359/359/569 360/360/569
f 351/351/570 361/361/570 352/352/570
f 351/351/571 360/360/571 361/361/571
f 352/352/572 362/362/572 353/353/572
f 352/352/573 361/361/573 362/362/573
f 353/353/574 363/363/574 354/354/574
f 353/353/575 362/362/575 363/363/575
f 354/354/576 364/364/576 355/355/576
f 354/354/577 363/363/577 364/364/577
f 355/355/578 356/356/578 347/347/578
f 355/355/579 364/364/579 356/356/579
f 356/356/580 358/358/580 357/357/580
f 356/356/580 359/359/580 358/358/580
f 356/356/580 360/360/580 359/359/580
f 356/356/580 361/361/580 360/360/580
f 356/356/580 362/362/580 361/361/580
f 356/356/580 363/363/580 362/362/580
f 356/356/580 364/364/580 363/363/580
f 337/337/581 335/335/581 336/336/581
f 337/337/581 334/334/581 335/335/581
f 337/337/581 333/333/581 334/334/581
f 337/337/581 332/332/581 333/333/581
f 337/337/581 331/331/581 332/332/581
f 337/337/581 330/330/581 331/331/581
f 337/337/581 329/329/581 330/330/581
f 365/365/582 375/375/582 366/366/582
f 365/365/583 374/374/583 375/375/583
f 366/366/584 376/376/584 367/367/584
f 366/366/585 375/375/585 376/376/585
f 367/367/586 377/377/586 368/368/586
f 367/367/587 376/376/587 377/377/587
f 368/368/588 378/378/588 369/369/588
f 368/368/589 377/377/589 378/378/589
f 369/369/590 379/379/590 370/370/590
f 369/369/591 378/378/591 379/379/591
f 370/370/592 380/380/592 371/371/592
f 370/370/593 379/379/593 380/380/593
f 371/371/594 381/381/594 372/372/594
f 371/371/595 380/380/595 381/381/595
f 372/372/596 382/382/596 373/373/596
f 372/372/597 381/381/597 382/382/597
f 373/373/598 374/374/598 365/365/598
f 373/373/599 382/382/599 374/374/599
f 374/374/600 384/384/600 375/375/600
f 374/374/601 383/383/601 384/384/601
f 375/375/602 385/385/602 376/376/602
f 375/375/603 384/384/603 385/385/603
f 376/376/604 386/386/604 377/377/604
f 376/376/605 385/385/605 386/386/605
f 377/377/606 387/387/606 378/378/606
f 377/377/607 386/386/607 387/387/607
f 378/378/608 388/388/608 379/379/608
f 378/378/609 387/387/609 388/388/609
f 379/379/610 389/389/610 380/380/610
f 379/379/611 388/388/611 389/389/611
f 380/380/612 390/390/612 381/381/612
f 380/380/613 389/389/613 390/390/613
f 381/381/614 391/391/614 382/382/614
f 381/381/615 390/390/615 391/391/615
f 382/382/616 383/383/616 374/374/616
f 382/382/617 391/391/617 383/383/617
f 383/383/618 393/393/618 384/384/618
f 383/383/619 392/392/619 393/393/619
f 384/384/620 394/394/620 385/385/620
f 384/384/621 393/393/621 394/394/621
f 385/385/622 395/395/622 386/386/622
f 385/385/623 394/394/623 395/395/623
f 386/386/624 396/396/624 387/387/624
f 386/386/625 395/395/625 396/396/625
f 387/387/626 397/397/626 388/388/626
f 387/387/627 396/396/627 397/397/627
f 388/388/628 398/398/628 389/389/628
f 388/388/628 397/397/628 398/398/628
f 389/389/629 399/399/629 390/390/629
f 389/389/629 398/398/629 399/399/629
f 390/390/630 400/400/630 391/391/630
f 390/390/631 399/399/631 400/400/631
f 391/391/632 392/392/632 383/383/632
f 391/391/633 400/400/633 392/392/633
f 392/392/634 394/394/634 393/393/634
f 392/392/634 395/395/634 394/394/634
f 392/392/634 396/396/634 395/395/634
f 392/392/634 397/397/634 396/396/634
f 392/392/634 398/398/634 397/397/634
f 392/392/634 399/399/634 398/398/634
f 392/392/634 400/400/634 399/399/634
f 373/373/635 371/371/635 372/372/635
f 373/373/635 370/370/635 371/371/635
f 373/373/635 369/369/635 370/370/635
f 373/373/635 368/368/635 369/369/635
f 373/373/635 367/367/635 368/368/635
f 373/373/635 366/366/635 367/367/635
f 373/373/635 365/365/635 366/366/635
f 401/401/636 411/411/636 402/402/636
f 401/401/637 410/410/637 411/411/637
f 402/402/638 412/412/638 403/403/638
f 402/402/639 411/411/639 412/412/639
f 403/403/640 413/413/640 404/404/640
f 403/403/641 412/412/641 413/413/641
f 404/404/642 414/414/642 405/405/642
f 404/404/643 413/413/643 414/414/643
f 405/405/644 415/415/644 406/406/644
f 405/405/645 414/414/645 415/415/645
f 406/406/646 416/416/646 407/407/646
f 406/406/647 415/415/647 416/416/647
f 407/407/648 417/417/648 408/408/648
f 407/407/649 416/416/649 417/417/649
f 408/408/650 418/418/650 409/409/650
f 408/408/651 417/417/651 418/418/651
f 409/409/652 410/410/652 401/401/652
f 409/409/653 418/418/653 410/410/653
f 410/410/654 420/420/654 411/411/654
f 410/410/655 419/419/655 420/420/655
f 411/411/656 421/421/656 412/412/656
f 411/411/657 420/420/657 421/421/657
f 412/412/658 422/422/658 413/413/658
f 412/412/659 421/421/659 422/422/659
f 413/413/660 423/423/660 414/414/660
f 413/413/661 422/422/661 423/423/661
f 414/414/662 424/424/662 415/415/662
f 414/414/663 423/423/663 424/424/663
f 415/415/664 425/425/664 416/416/664
f 415/415/665 424/424/665 425/425/665
f 416/416/666 426/426/666 417/417/666
f 416/416/667 425/425/667 426/426/667
f 417/417/668 427/427/668 418/418/668
f 417/417/669 426/426/669 427/427/669
f 418/418/670 419/419/670 410/410/670
f 418/418/671 427/427/671 419/419/671
f 419/419/672 429/429/672 420/420/672
f 419/419/673 428/428/673 429/429/673
f 420/420/674 430/430/674 421/421/674
f 420/420/675 429/429/675 430/430/675
f 421/421/676 431/431/676 422/422/676
f 421/421/677 430/430/677 431/431/677
f 422/422/678 432/432/678 423/423/678
f 422/422/679 431/431/679 432/432/679
f 423/423/680 433/433/680 424/424/680
f 423/423/681 432/432/681 433/433/681
f 424/424/682 434/434/682 425/425/682
f 424/424/683 433/433/683 434/434/683
f 425/425/684 435/435/684 426/426/684
f 425/425/685 434/434/685 435/435/685
f 426/426/686 436/436/686 427/427/686
f 426/426/687 435/435/687 436/436/687
f 427/427/688 428/428/688 419/419/688
f 427/427/689 436/436/689 428/428/689
f 428/428/690 430/430/690 429/429/690
f 428/428/690 431/431/690 430/430/690
f 428/428/690 432/432/690 431/431/690
f 428/428/690 433/433/690 432/432/690
f 428/428/690 434/434/690 433/433/690
f 428/428/690 435/435/690 434/434/690
f 428/428/690 436/436/690 435/435/690
f 409/409/691 407/407/691 408/408/691
f 409/409/691 406/406/691 407/407/691
f 409/409/691 405/405/691 406/406/691
f 409/409/691 404/404/691 405/405/691
f 409/409/691 403/403/691 404/404/691
f 409/409/691 402/402/691 403/403/691
f 409/409/691 401/401/691 402/402/691
f 437/437/692 448/448/692 438/438/692
f 437/437/693 447/447/693 448/448/693
f 438/438/694 449/449/694 439/439/694
f 438/438/695 448/448/695 449/449/695
f 439/439/696 450/450/696 440/440/696
f 439/439/697 449/449/697 450/450/697
f 440/440/698 451/451/698 441/441/698
f 440/440/699 450/450/699 451/451/699
f 441/441/700 452/452/700 442/442/700
f 441/441/701 451/451/701 452/452/701
f 442/442/702 453/453/702 443/443/702
f 442/442/703 452/452/703 453/453/703
f 443/443/704 454/454/704 444/444/704
f 443/443/705 453/453/705 454/454/705
f 444/444/706 455/455/706 445/445/706
f 444/444/707 454/454/707 455/455/707
f 445/445/708 456/456/708 446/446/708
f 445/445/709 455/455/709 456/456/709
f 446/446/710 447/447/710 437/437/710
f 446/446/711 456/456/711 447/447/711
f 447/447/712 458/458/712 448/448/712
f 447/447/713 457/457/713 458/458/713
f 448/448/714 459/459/714 449/449/714
f 448/448/715 458/458/715 459/459/715
f 449/449/716 460/460/716 450/450/716
f 449/449/717 459/459/717 460/460/717
f 450/450/718 461/461/718 451/451/718
f 450/450/719 460/460/719 461/461/719
f 451/451/720 462/462/720 452/452/720
f 451/451/721 461/461/721 462/462/721
f 452/452/722 463/463/722 453/453/722
f 452/452/723 462/462/723 463/463/723
f 453/453/724 464/464/724 454/454/724
f 453/453/725 463/463/725 464/464/725
f 454/454/726 465/465/726 455/455/726
f 454/454/727 464/464/727 465/465/727
f 455/455/728 466/466/728 456/456/728
f 455/455/729 465/465/729 466/466/729
f 456/456/730 457/457/730 447/447/730
f 456/456/731 466/466/731 457/457/731
f 457/457/732 468/468/732 458/458/732
f 457/457/733 467/467/733 468/468/733
f 458/458/734 469/469/734 459/459/734
f 458/458/735 468/468/735 469/469/735
f 459/459/736 470/470/736 460/460/736
f 459/459/737 469/469/737 470/470/737
f 460/460/738 471/471/738 461/461/738
f 460/460/739 470/470/739 471/471/739
f 461/461/740 472/472/740 462/462/740
f 461/461/741 471/471/741 472/472/741
f 462/462/742 473/473/742 463/463/742
f 462/462/743 472/472/743 473/473/743
f 463/463/744 474/474/744 464/464/744
f 463/463/745 473/473/745 474/474/745
f 464/464/746 475/475/746 465/465/746
f 464/464/747 474/474/747 475/475/747
f 465/465/748 476/476/748 466/466/748
f 465/465/749 475/475/749 476/476/749
f 466/466/750 467/467/750 457/457/750
f 466/466/751 476/476/751 467/467/751
f 467/467/752 469/469/752 468/468/752
f 467/467/752 470/470/752 469/469/752
f 467/467/752 471/471/752 470/470/752
f 467/467/752 472/472/752 471/471/752
f 467/467/752 473/473/752 472/472/752
f 467/467/752 474/474/752 473/473/752
f 467/467/752 475/475/752 474/474/752
f 467/467/752 476/476/752 475/475/752
f 446/446/753 444/444/753 445/445/753
f 446/446/753 443/443/753 444/444/753
f 446/446/753 442/442/753 443/443/753
f 446/446/753 441/441/753 442/442/753
f 446/446/753 440/440/753 441/441/753
f 446/446/753 439/439/753 440/440/753
f 446/446/753 438/438/753 439/439/753
f 446/446/753 437/437/753 438/438/753
f 477/477/754 487/487/754 478/478/754
f 477/477/755 486/486/755 487/487/755
f 478/478/756 488/488/756 479/479/756
f 478/478/757 487/487/757 488/488/757
f 479/479/758 489/489/758 480/480/758
f 479/479/759 488/488/759 489/489/759
f 480/480/760 490/490/760 481/481/760
f 480/480/761 489/489/761 490/490/761
f 481/481/762 491/491/762 482/482/762
f 481/481/763 490/490/763 491/491/763
f 482/482/764 492/492/764 483/483/764
f 482/482/765 491/491/765 492/492/765
f 483/483/766 493/493/766 484/484/766
f 483/483/767 492/492/767 493/493/767
f 484/484/768 494/494/768 485/485/768
f 484/484/769 493/493/769 494/494/769
f 485/485/770 486/486/770 477/477/770
f 485/485/771 494/494/771 486/486/771
f 486/486/772 496/496/772 487/487/772
f 486/486/773 495/495/773 496/496/773
f 487/487/774 497/497/774 488/488/774
f 487/487/775 496/496/775 497/497/775
f 488/488/776 498/498/776 489/489/776
f 488/488/777 497/497/777 498/498/777
f 489/489/778 499/499/778 490/490/778
f 489/489/778 498/498/778 499/499/778
f 490/490/779 500/500/779 491/491/779
f 490/490/780 499/499/780 500/500/780
f 491/491/781 501/501/781 492/492/781
f 491/491/782 500/500/782 501/501/782
f 492/492/783 502/502/783 493/493/783
f 492/492/784 501/501/784 502/502/784
f 493/493/785 503/503/785 494/494/785
f 493/493/786 502/502/786 503/503/786
f 494/494/787 495/495/787 486/486/787
f 494/494/788 503/503/788 495/495/788
f 495/495/789 505/505/789 496/496/789
f 495/495/790 504/504/790 505/505/790
f 496/496/791 506/506/791 497/497/791
f 496/496/792 505/505/792 506/506/792
f 497/497/793 507/507/793 498/498/793
f 497/497/794 506/506/794 507/507/794
f 498/498/795 508/508/795 499/499/795
f 498/498/796 507/507/796 508/508/796
f 499/499/797 509/509/797 500/500/797
f 499/499/798 508/508/798 509/509/798
f 500/500/799 510/510/799 501/501/799
f 500/500/800 509/509/800 510/510/800
f 501/501/801 511/511/801 502/502/801
f 501/501/802 510/510/802 511/511/802
f 502/502/803 512/512/803 503/503/803
f 502/502/804 511/511/804 512/512/804
f 503/503/805 504/504/805 495/495/805
f 503/503/806 512/512/806 504/504/806
f 504/504/807 506/506/807 505/505/807
f 504/504/807 507/507/807 506/506/807
f 504/504/807 508/508/807 507/507/807
f 504/504/807 509/509/807 508/508/807
f 504/504/807 510/510/807 509/509/807
f 504/504/807 511/511/807 510/510/807
f 504/504/807 512/512/807 511/511/807
f 485/485/808 483/483/808 484/484/808
f 485/485/808 482/482/808 483/483/808
f 485/485/808 481/481/808 482/482/808
f 485/485/808 480/480/808 481/481/808
f 485/485/808 479/479/808 480/480/808
f 485/485/808 478/478/808 479/479/808
f 485/485/808 477/477/808 478/478/808
f 513/513/809 523/523/809 514/514/809
f 513/513/810 522/522/810 523/523/810
f 514/514/811 524/524/811 515/515/811
f 514/514/812 523/523/812 524/524/812
f 515/515/813 525/525/813 516/516/813
f 515/515/814 524/524/814 525/525/814
f 516/516/815 526/526/815 517/517/815
f 516/516/816 525/525/816 526/526/816
f 517/517/817 527/527/817 518/518/817
f 517/517/818 526/526/818 527/527/818
f 518/518/819 528/528/819 519/519/819
f 518/518/820 527/527/820 528/528/820
f 519/519/821 529/529/821 520/520/821
f 519/519/822 528/528/822 529/529/822
f 520/520/823 530/530/823 521/521/823
f 520/520/824 529/529/824 530/530/824
f 521/521/825 522/522/825 513/513/825
f 521/521/826 530/530/826 522/522/826
f 522/522/827 532/532/827 523/523/827
f 522/522/828 531/531/828 532/532/828
f 523/523/829 533/533/829 524/524/829
f 523/523/830 532/532/830 533/533/830
f 524/524/831 534/534/831 525/525/831
f 524/524/832 533/533/832 534/534/832
f 525/525/833 535/535/833 526/526/833
f 525/525/834 534/534/834 535/535/834
f 526/526/835 536/536/835 527/527/835
f 526/526/836 535/535/836 536/536/836
f 527/527/837 537/537/837 528/528/837
f 527/527/838 536/536/838 537/537/838
f 528/528/839 538/538/839 529/529/839
f 528/528/840 537/537/840 538/538/840
f 529/529/841 539/539/841 530/530/841
f 529/529/842 538/538/842 539/539/842
f 530/530/843 531/531/843 522/522/843
f 530/530/844 539/539/844 531/531/844
f 531/531/845 541/541/845 532/532/845
f 531/531/846 540/540/846 541/541/846
f 532/532/847 542/542/847 533/533/847
f 532/532/848 541/541/848 542/542/848
f 533/533/849 543/543/849 534/534/849
f 533/533/850 542/542/850 543/543/850
f 534/534/851 544/544/851 535/535/851
f 534/534/852 543/543/852 544/544/852
f 535/535/853 545/545/853 536/536/853
f 535/535/854 544/544/854 545/545/854
f 536/536/855 546/546/855 537/537/855
f 536/536/856 545/545/856 546/546/856
f 537/537/857 547/547/857 538/538/857
f 537/537/858 546/546/858 547/547/858
f 538/538/859 548/548/859 539/539/859
f 538/538/860 547/547/860 548/548/860
f 539/539/861 540/540/861 531/531/861
f 539/539/862 548/548/862 540/540/862
f 540/540/863 542/542/863 541/541/863
f 540/540/863 543/543/863 542/542/863
f 540/540/863 544/544/863 543/543/863
f 540/540/863 545/545/863 544/544/863
f 540/540/863 546/546/863 545/545/863
f 540/540/863 547/547/863 546/546/863
f 540/540/863 548/548/863 547/547/863
f 521/521/864 519/519/864 520/520/864
f 521/521/864 518/518/864 519/519/864
f 521/521/864 517/517/864 518/518/864
f 521/521/864 516/516/864 517/517/864
f 521/521/864 515/515/864 516/516/864
f 521/521/864 514/514/864 515/515/864
f 521/521/864 513/513/864 514/514/864
f 549/549/865 559/559/865 550/550/865
f 549/549/866 558/558/866 559/559/866
f 550/550/867 560/560/867 551/551/867
f 550/550/868 559/559/868 560/560/868
f 551/551/869 561/561/869 552/552/869
f 551/551/870 560/560/870 561/561/870
f 552/552/871 562/562/871 553/553/871
f 552/552/872 561/561/872 562/562/872
f 553/553/873 563/563/873 554/554/873
f 553/553/874 562/562/874 563/563/874
f 554/554/875 564/564/875 555/555/875
f 554/554/876 563/563/876 564/564/876
f 555/555/877 565/565/877 556/556/877
f 555/555/878 564/564/878 565/565/878
f 556/556/879 566/566/879 557/557/879
f 556/556/880 565/565/880 566/566/880
f 557/557/881 558/558/881 549/549/881
f 557/557/882 566/566/882 558/558/882
f 558/558/883 568/568/883 559/559/883
f 558/558/884 567/567/884 568/568/884
f 559/559/885 569/569/885 560/560/885
f 559/559/886 568/568/886 569/569/886
f 560/560/887 570/570/887 561/561/887
f 560/560/888 569/569/888 570/570/888
f 561/561/889 571/571/889 562/562/889
f 561/561/890 570/570/890 571/571/890
f 562/562/891 572/572/891 563/563/891
f 562/562/892 571/571/892 572/572/892
f 563/563/893 573/573/893 564/564/893
f 563/563/894 572/572/894 573/573/894
f 564/564/895 574/574/895 565/565/895
f 564/564/896 573/573/896 574/574/896
f 565/565/897 575/575/897 566/566/897
f 565/565/898 574/574/898 575/575/898
f 566/566/899 567/567/899 558/558/899
f 566/566/900 575/575/900 567/567/900
f 567/567/901 577/577/901 568/568/901
f 567/567/902 576/576/902 577/577/902
f 568/568/903 578/578/903 569/569/903
f 568/568/904 577/577/904 578/578/904
f 569/569/905 579/579/905 570/570/905
f 569/569/906 578/578/906 579/579/906
f 570/570/907 580/580/907 571/571/907
f 570/570/908 579/579/908 580/580/908
f 571/571/909 581/581/909 572/572/909
f 571/571/910 580/580/910 581/581/910
f 572/572/911 582/582/911 573/573/911
f 572/572/912 581/581/912 582/582/912
f 573/573/913 583/583/913 574/574/913
f 573/573/914 582/582/914 583/583/914
f 574/574/915 584/584/915 575/575/915
f 574/574/916 583/583/916 584/584/916
f 575/575/917 576/576/917 567/567/917
f 575/575/918 584/584/918 576/576/918
f 576/576/919 578/578/919 577/577/919
f 576/576/919 579/579/919 578/578/919
f 576/576/919 580/580/919 579/579/919
f 576/576/919 581/581/919 580/580/919
f 576/576/919 582/582/919 581/581/919
f 576/576/919 583/583/919 582/582/919
f 576/576/919 584/584/919 583/583/919
f 557/557/920 555/555/920 556/556/920
f 557/557/920 554/554/920 555/555/920
f 557/557/920 553/553/920 554/554/920
f 557/557/920 552/552/920 553/553/920
f 557/557/920 551/551/920 552/552/920
f 557/557/920 550/550/920 551/551/920
f 557/557/920 549/549/920 550/550/920
f 585/585/921 597/597/921 586/586/921
f 585/585/922 596/596/922 597/597/922
f 586/586/923 598/598/923 587/587/923
f 586/586/924 597/597/924 598/598/924
f 587/587/925 599/599/925 588/588/925
f 587/587/926 598/598/926 599/599/926
f 588/588/927 600/600/927 589/589/927
f 588/588/928 599/599/928 600/600/928
f 589/589/929 601/601/929 590/590/929
f 589/589/930 600/600/930 601/601/930
f 590/590/931 602/602/931 591/591/931
f 590/590/932 601/601/932 602/602/932
f 591/591/933 603/603/933 592/592/933
f 591/591/934 602/602/934 603/603/934
f 592/592/935 604/604/935 593/593/935
f 592/592/936 603/603/936 604/604/936
f 593/593/937 605/605/937 594/594/937
f 593/593/938 604/604/938 605/605/938
f 594/594/939 606/606/939 595/595/939
f 594/594/940 605/605/940 606/606/940
f 595/595/941 596/596/941 585/585/941
f 595/595/942 606/606/942 596/596/942
f 596/596/943 608/608/943 597/597/943
f 596/596/944 607/607/944 608/608/944
f 597/597/945 609/609/945 598/598/945
f 597/597/946 608/608/946 609/609/946
f 598/598/947 610/610/947 599/599/947
f 598/598/948 609/609/948 610/610/948
f 599/599/949 611/611/949 600/600/949
f 599/599/950 610/610/950 611/611/950
f 600/600/951 612/612/951 601/601/951
f 600/600/952 611/611/952 612/612/952
f 601/601/953 613/613/953 602/602/953
f 601/601/954 612/612/954 613/613/954
f 602/602/955 614/614/955 603/603/955
f 602/602/956 613/613/956 614/614/956
f 603/603/957 615/615/957 604/604/957
f 603/603/958 614/614/958 615/615/958
f 604/604/959 616/616/959 605/605/959
f 604/604/960 615/615/960 616/616/960
f 605/605/961 617/617/961 606/606/961
f 605/605/962 616/616/962 617/617/962
f 606/606/963 607/607/963 596/596/963
f 606/606/964 617/617/964 607/607/964
f 607/607/965 619/619/965 608/608/965
f 607/607/966 618/618/966 619/619/966
f 608/608/967 620/620/967 609/609/967
f 608/608/968 619/619/968 620/620/968
f 609/609/969 621/621/969 610/610/969
f 609/609/970 620/620/970 621/621/970
f 610/610/971 622/622/971 611/611/971
f 610/610/972 621/621/972 622/622/972
f 611/611/973 623/623/973 612/612/973
f 611/611/974 622/622/974 623/623/974
f 612/612/975 624/624/975 613/613/975
f 612/612/976 623/623/976 624/624/976
f 613/613/977 625/625/977 614/614/977
f 613/613/978 624/624/978 625/625/978
f 614/614/979 626/626/979 615/615/979
f 614/614/980 625/625/980 626/626/980
f 615/615/981 627/627/981 616/616/981
f 615/615/982 626/626/982 627/627/982
f 616/616/983 628/628/983 617/617/983
f 616/616/984 627/627/984 628/628/984
f 617/617/985 618/618/985 607/607/985
f 617/617/986 628/628/986 618/618/986
f 618/618/987 620/620/987 619/619/987
f 618/618/987 621/621/987 620/620/987
f 618/618/987 622/622/987 621/621/987
f 618/618/987 623/623/987 622/622/987
f 618/618/987 624/624/987 623/623/987
f 618/618/987 625/625/987 624/624/987
f 618/618/987 626/626/987 625/625/987
f 618/618/987 627/627/987 626/626/987
f 618/618/987 628/628/987 627/627/987
f 595/595/988 593/593/988 594/594/988
f 595/595/988 592/592/988 593/593/988
f 595/595/988 591/591/988 592/592/988
f 595/595/988 590/590/988 591/591/988
f 595/595/988 589/589/988 590/590/988
f 595/595/988 588/588/988 589/589/988
f 595/595/988 587/587/988 588/588/988
f 595/595/988 586/586/988 587/587/988
f 595/595/988 585/585/988 586/586/988
f 629/629/989 640/640/989 630/630/989
f 629/629/990 639/639/990 640/640/990
f 630/630/991 641/641/991 631/631/991
f 630/630/992 640/640/992 641/641/992
f 631/631/993 642/642/993 632/632/993
f 631/631/994 641/641/994 642/642/994
f 632/632/995 643/643/995 633/633/995
f 632/632/996 642/642/996 643/643/996
f 633/633/997 644/644/997 634/634/997
f 633/633/998 643/643/998 644/644/998
f 634/634/999 645/645/999 635/635/999
f 634/634/1000 644/644/1000 645/645/1000
f 635/635/1001 646/646/1001 636/636/1001
f 635/635/1002 645/645/1002 646/646/1002
f 636/636/1003 647/647/1003 637/637/1003
f 636/636/1004 646/646/1004 647/647/1004
f 637/637/1005 648/648/1005 638/638/1005
f 637/637/1006 647/647/1006 648/648/1006
f 638/638/1007 639/639/1007 629/629/1007
f 638/638/1008 648/648/1008 639/639/1008
f 639/639/1009 650/650/1009 640/640/1009
f 639/639/1010 649/649/1010 650/650/1010
f 640/640/1011 651/651/1011 641/641/1011
f 640/640/1012 650/650/1012 651/651/1012
f 641/641/1013 652/652/1013 642/642/1013
f 641/641/1014 651/651/1014 652/652/1014
f 642/642/1015 653/653/1015 643/643/1015
f 642/642/1016 652/652/1016 653/653/1016
f 643/643/1017 654/654/1017 644/644/1017
f 643/643/1018 653/653/1018 654/654/1018
f 644/644/1019 655/655/1019 645/645/1019
f 644/644/1020 654/654/1020 655/655/1020
f 645/645/1021 656/656/1021 646/646/1021
f 645/645/1022 655/655/1022 656/656/1022
f 646/646/1023 657/657/1023 647/647/1023
f 646/646/1024 656/656/1024 657/657/1024
f 647/647/1025 658/658/1025 648/648/1025
f 647/647/1026 657/657/1026 658/658/1026
f 648/648/1027 649/649/1027 639/639/1027
f 648/648/1028 658/658/1028 649/649/1028
f 649/649/1029 660/660/1029 650/650/1029
f 649/649/1030 659/659/1030 660/660/1030
f 650/650/1031 661/661/1031 651/651/1031
f 650/650/1032 660/660/1032 661/661/1032
f 651/651/1033 662/662/1033 652/652/1033
f 651/651/1034 661/661/1034 662/662/1034
f 652/652/1035 663/663/1035 653/653/1035
f 652/652/1036 662/662/1036 663/663/1036
f 653/653/1037 664/664/1037 654/654/1037
f 653/653/1038 663/663/1038 664/664/1038
f 654/654/1039 665/665/1039 655/655/1039
f 654/654/1040 664/664/1040 665/665/1040
f 655/655/1041 666/666/1041 656/656/1041
f 655/655/1042 665/665/1042 666/666/1042
f 656/656/1043 667/667/1043 657/657/1043
f 656/656/1044 666/666/1044 667/667/1044
f 657/657/1045 668/668/1045 658/658/1045
f 657/657/1046 667/667/1046 668/668/1046
f 658/658/1047 659/659/1047 649/649/1047
f 658/658/1048 668/668/1048 659/659/1048
f 659/659/1049 661/661/1049 660/660/1049
f 659/659/1049 662/662/1049 661/661/1049
f 659/659/1049 663/663/1049 662/662/1049
f 659/659/1049 664/664/1049 663/663/1049
f 659/659/1049 665/665/1049 664/664/1049
f 659/659/1049 666/666/1049 665/665/1049
f 659/659/1049 667/667/1049 666/666/1049
f 659/659/1049 668/668/1049 667/667/1049
f 638/638/1050 636/636/1050 637/637/1050
f 638/638/1050 635/635/1050 636/636/1050
f 638/638/1050 634/634/1050 635/635/1050
f 638/638/1050 633/633/1050 634/634/1050
f 638/638/1050 632/632/1050 633/633/1050
f 638/638/1050 631/631/1050 632/632/1050
f 638/638/1050 630/630/1050 631/631/1050
f 638/638/1050 629/629/1050 630/630/1050
f 669/669/1051 679/679/1051 670/670/1051
f 669/669/1052 678/678/1052 679/679/1052
f 670/670/1053 680/680/1053 671/671/1053
f 670/670/1054 679/679/1054 680/680/1054
f 671/671/1055 681/681/1055 672/672/1055
f 671/671/1056 680/680/1056 681/681/1056
f 672/672/1057 682/682/1057 673/673/1057
f 672/672/1058 681/681/1058 682/682/1058
f 673/673/1059 683/683/1059 674/674/1059
f 673/673/1060 682/682/1060 683/683/1060
f 674/674/1061 684/684/1061 675/675/1061
f 674/674/1062 683/683/1062 684/684/1062
f 675/675/1063 685/685/1063 676/676/1063
f 675/675/1064 684/684/1064 685/685/1064
f 676/676/1065 686/686/1065 677/677/1065
f 676/676/1066 685/685/1066 686/686/1066
f 677/677/1067 678/678/1067 669/669/1067
f 677/677/1068 686/686/1068 678/678/1068
f 678/678/1069 688/688/1069 679/679/1069
f 678/678/1070 687/687/1070 688/688/1070
f 679/679/1071 689/689/1071 680/680/1071
f 679/679/1072 688/688/1072 689/689/1072
f 680/680/1073 690/690/1073 681/681/1073
f 680/680/1074 689/689/1074 690/690/1074
f 681/681/1075 691/691/1075 682/682/1075
f 681/681/1076 690/690/1076 691/691/1076
f 682/682/1077 692/692/1077 683/683/1077
f 682/682/1078 691/691/1078 692/692/1078
f 683/683/1079 693/693/1079 684/684/1079
f 683/683/1080 692/692/1080 693/693/1080
f 684/684/1081 694/694/1081 685/685/1081
f 684/684/1082 693/693/1082 694/694/1082
f 685/685/1083 695/695/1083 686/686/1083
f 685/685/1084 694/694/1084 695/695/1084
f 686/686/1085 687/687/1085 678/678/1085
f 686/686/1086 695/695/1086 687/687/1086
f 687/687/1087 697/697/1087 688/688/1087
f 687/687/1088 696/696/1088 697/697/1088
f 688/688/1089 698/698/1089 689/689/1089
f 688/688/1090 697/697/1090 698/698/1090
f 689/689/1091 699/699/1091 690/690/1091
f 689/689/1092 698/698/1092 699/699/1092
f 690/690/1093 700/700/1093 691/691/1093
f 690/690/1094 699/699/1094 700/700/1094
f 691/691/1095 701/701/1095 692/692/1095
f 691/691/1096 700/700/1096 701/701/1096
f 692/692/1097 702/702/1097 693/693/1097
f 692/692/1098 701/701/1098 702/702/1098
f 693/693/1099 703/703/1099 694/694/1099
f 693/693/1100 702/702/1100 703/703/1100
f 694/694/1101 704/704/1101 695/695/1101
f 694/694/1102 703/703/1102 704/704/1102
f 695/695/1103 696/696/1103 687/687/1103
f 695/695/1104 704/704/1104 696/696/1104
f 696/696/1105 698/698/1105 697/697/1105
f 696/696/1105 699/699/1105 698/698/1105
f 696/696/1105 700/700/1105 699/699/1105
f 696/696/1105 701/701/1105 700/700/1105
f 696/696/1105 702/702/1105 701/701/1105
f 696/696/1105 703/703/1105 702/702/1105
f 696/696/1105 704/704/1105 703/703/1105
f 677/677/1106 675/675/1106 676/676/1106
f 677/677/1106 674/674/1106 675/675/1106
f 677/677/1106 673/673/1106 674/674/1106
f 677/677/1106 672/672/1106 673/673/1106
f 677/677/1106 671/671/1106 672/672/1106
f 677/677/1106 670/670/1106 671/671/1106
f 677/677/1106 669/669/1106 670/670/1106
f 705/705/1107 715/715/1107 706/706/1107
f 705/705/1108 714/714/1108 715/715/1108
f 706/706/1109 716/716/1109 707/707/1109
f 706/706/1110 715/715/1110 716/716/1110
f 707/707/1111 717/717/1111 708/708/1111
f 707/707/1112 716/716/1112 717/717/1112
f 708/708/1113 718/718/1113 709/709/1113
f 708/708/1114 717/717/1114 718/718/1114
f 709/709/1115 719/719/1115 710/710/1115
f 709/709/1116 718/718/1116 719/719/1116
f 710/710/1117 720/720/1117 711/711/1117
f 710/710/1118 719/719/1118 720/720/1118
f 711/711/1119 721/721/1119 712/712/1119
f 711/711/1120 720/720/1120 721/721/1120
f 712/712/1121 722/722/1121 713/713/1121
f 712/712/1122 721/721/1122 722/722/1122
f 713/713/1123 714/714/1123 705/705/1123
f 713/713/1124 722/722/1124 714/714/1124
f 714/714/1125 724/724/1125 715/715/1125
f 714/714/1126 723/723/1126 724/724/1126
f 715/715/1127 725/725/1127 716/716/1127
f 715/715/1128 724/724/1128 725/725/1128
f 716/716/1129 726/726/1129 717/717/1129
f 716/716/1130 725/725/1130 726/726/1130
f 717/717/1131 727/727/1131 718/718/1131
f 717/717/1132 726/726/1132 727/727/1132
f 718/718/1133 728/728/1133 719/719/1133
f 718/718/1134 727/727/1134 728/728/1134
f 719/719/1135 729/729/1135 720/720/1135
f 719/719/1136 728/728/1136 729/729/1136
f 720/720/1137 730/730/1137 721/721/1137
f 720/720/1138 729/729/1138 730/730/1138
f 721/721/1139 731/731/1139 722/722/1139
f 721/721/1140 730/730/1140 731/731/1140
f 722/722/1141 723/723/1141 714/714/1141
f 722/722/1142 731/731/1142 723/723/1142
f 723/723/1143 733/733/1143 724/724/1143
f 723/723/1144 732/732/1144 733/733/1144
f 724/724/1145 734/734/1145 725/725/1145
f 724/724/1146 733/733/1146 734/734/1146
f 725/725/1147 735/735/1147 726/726/1147
f 725/725/1148 734/734/1148 735/735/1148
f 726/726/1149 736/736/1149 727/727/1149
f 726/726/1150 735/735/1150 736/736/1150
f 727/727/1151 737/737/1151 728/728/1151
f 727/727/1152 736/736/1152 737/737/1152
f 728/728/1153 738/738/1153 729/729/1153
f 728/728/1154 737/737/1154 738/738/1154
f 729/729/1155 739/739/1155 730/730/1155
f 729/729/1156 738/738/1156 739/739/1156
f 730/730/1157 740/740/1157 731/731/1157
f 730/730/1158 739/739/1158 740/740/1158
f 731/731/1159 732/732/1159 723/723/1159
f 731/731/1160 740/740/1160 732/732/1160
f 732/732/1161 734/734/1161 733/733/1161
f 732/732/1161 735/735/1161 734/734/1161
f 732/732/1161 736/736/1161 735/735/1161
f 732/732/1161 737/737/1161 736/736/1161
f 732/732/1161 738/738/1161 737/737/1161
f 732/732/1161 739/739/1161 738/738/1161
f 732/732/1161 740/740/1161 739/739/1161
f 713/713/1162 711/711/1162 712/712/1162
f 713/713/1162 710/710/1162 711/711/1162
f 713/713/1162 709/709/1162 710/710/1162
f 713/713/1162 708/708/1162 709/709/1162
f 713/713/1162 707/707/1162 708/708/1162
f 713/713/1162 706/706/1162 707/707/1162
f 713/713/1162 705/705/1162 706/706/1162
f 741/741/1163 751/751/1163 742/742/1163
f 741/741/1164 750/750/1164 751/751/1164
f 742/742/1165 752/752/1165 743/743/1165
f 742/742/1166 751/751/1166 752/752/1166
f 743/743/1167 753/753/1167 744/744/1167
f 743/743/1168 752/752/1168 753/753/1168
f 744/744/1169 754/754/1169 745/745/1169
f 744/744/1170 753/753/1170 754/754/1170
f 745/745/1171 755/755/1171 746/746/1171
f 745/745/1172 754/754/1172 755/755/1172
f 746/746/1173 756/756/1173 747/747/1173
f 746/746/1174 755/755/1174 756/756/1174
f 747/747/1175 757/757/1175 748/748/1175
f 747/747/1176 756/756/1176 757/757/1176
f 748/748/1177 758/758/1177 749/749/1177
f 748/748/1178 757/757/1178 758/758/1178
f 749/749/1179 750/750/1179 741/741/1179
f 749/749/1180 758/758/1180 750/750/1180
f 750/750/1181 760/760/1181 751/751/1181
f 750/750/1182 759/759/1182 760/760/1182
f 751/751/1183 761/761/1183 752/752/1183
f 751/751/1184 760/760/1184 761/761/1184
f 752/752/1185 762/762/1185 753/753/1185
f 752/752/1186 761/761/1186 762/762/1186
f 753/753/1187 763/763/1187 754/754/1187
f 753/753/1188 762/762/1188 763/763/1188
f 754/754/1189 764/764/1189 755/755/1189
f 754/754/1190 763/763/1190 764/764/1190
f 755/755/1191 765/765/1191 756/756/1191
f 755/755/1192 764/764/1192 765/765/1192
f 756/756/1193 766/766/1193 757/757/1193
f 756/756/1194 765/765/1194 766/766/1194
f 757/757/1195 767/767/1195 758/758/1195
f 757/757/1196 766/766/1196 767/767/1196
f 758/758/1197 759/759/1197 750/750/1197
f 758/758/1198 767/767/1198 759/759/1198
f 759/759/1199 769/769/1199 760/760/1199
f 759/759/1200 768/768/1200 769/769/1200
f 760/760/1201 770/770/1201 761/761/1201
f 760/760/1202 769/769/1202 770/770/1202
f 761/761/1203 771/771/1203 762/762/1203
f 761/761/1204 770/770/1204 771/771/1204
f 762/762/1205 772/772/1205 763/763/1205
f 762/762/1206 771/771/1206 772/772/1206
f 763/763/1207 773/773/1207 764/764/1207
f 763/763/1208 772/772/1208 773/773/1208
f 764/764/1209 774/774/1209 765/765/1209
f 764/764/1210 773/773/1210 774/774/1210
f 765/765/1211 775/775/1211 766/766/1211
f 765/765/1212 774/774/1212 775/775/1212
f 766/766/1213 776/776/1213 767/767/1213
f 766/766/1214 775/775/1214 776/776/1214
f 767/767/1215 768/768/1215 759/759/1215
f 767/767/1216 776/776/1216 768/768/1216
f 768/768/1217 770/770/1217 769/769/1217
f 768/768/1217 771/771/1217 770/770/1217
f 768/768/1217 772/772/1217 771/771/1217
f 768/768/1217 773/773/1217 772/772/1217
f 768/768/1217 774/774/1217 773/773/1217
f 768/768/1217 775/775/1217 774/774/1217
f 768/768/1217 776/776/1217 775/775/1217
f 749/749/1218 747/747/1218 748/748/1218
f 749/749/1218 746/746/1218 747/747/1218
f 749/749/1218 745/745/1218 746/746/1218
f 749/749/1218 744/744/1218 745/745/1218
f 749/749/1218 743/743/1218 744/744/1218
f 749/749/1218 742/742/1218 743/743/1218
f 749/749/1218 741/741/1218 742/742/1218
f 777/777/1219 788/788/1219 778/778/1219
f 777/777/1220 787/787/1220 788/788/1220
f 778/778/1221 789/789/1221 779/779/1221
f 778/778/1222 788/788/1222 789/789/1222
f 779/779/1223 790/790/1223 780/780/1223
f 779/779/1224 789/789/1224 790/790/1224
f 780/780/1225 791/791/1225 781/781/1225
f 780/780/1226 790/790/1226 791/791/1226
f 781/781/1227 792/792/1227 782/782/1227
f 781/781/1228 791/791/1228 792/792/1228
f 782/782/1229 793/793/1229 783/783/1229
f 782/782/1230 792/792/1230 793/793/1230
f 783/783/1231 794/794/1231 784/784/1231
f 783/783/1232 793/793/1232 794/794/1232
f 784/784/1233 795/795/1233 785/785/1233
f 784/784/1234 794/794/1234 795/795/1234
f 785/785/1235 796/796/1235 786/786/1235
f 785/785/1236 795/795/1236 796/796/1236
f 786/786/1237 787/787/1237 777/777/1237
f 786/786/1238 796/796/1238 787/787/1238
f 787/787/1239 798/798/1239 788/788/1239
f 787/787/1240 797/797/1240 798/798/1240
f 788/788/1241 799/799/1241 789/789/1241
f 788/788/1242 798/798/1242 799/799/1242
f 789/789/1243 800/800/1243 790/790/1243
f 789/789/1244 799/799/1244 800/800/1244
f 790/790/1245 801/801/1245 791/791/1245
f 790/790/1246 800/800/1246 801/801/1246
f 791/791/1247 802/802/1247 792/792/1247
f 791/791/1248 801/801/1248 802/802/1248
f 792/792/1249 803/803/1249 793/793/1249
f 792/792/1250 802/802/1250 803/803/1250
f 793/793/1251 804/804/1251 794/794/1251
f 793/793/1252 803/803/1252 804/804/1252
f 794/794/1253 805/805/1253 795/795/1253
f 794/794/1254 804/804/1254 805/805/1254
f 795/795/1255 806/806/1255 796/796/1255
f 795/795/1256 805/805/1256 806/806/1256
f 796/796/1257 797/797/1257 787/787/1257
f 796/796/1258 806/806/1258 797/797/1258
f 797/797/1259 808/808/1259 798/798/1259
f 797/797/1260 807/807/1260 808/808/1260
f 798/798/1261 809/809/1261 799/799/1261
f 798/798/1262 808/808/1262 809/809/1262
f 799/799/1263 810/810/1263 800/800/1263
f 799/799/1264 809/809/1264 810/810/1264
f 800/800/1265 811/811/1265 801/801/1265
f 800/800/1266 810/810/1266 811/811/1266
f 801/801/1267 812/812/1267 802/802/1267
f 801/801/1268 811/811/1268 812/812/1268
f 802/802/1269 813/813/1269 803/803/1269
f 802/802/1270 812/812/1270 813/813/1270
f 803/803/1271 814/814/1271 804/804/1271
f 803/803/1272 813/813/1272 814/814/1272
f 804/804/1273 815/815/1273 805/805/1273
f 804/804/1274 814/814/1274 815/815/1274
f 805/805/1275 816/816/1275 806/806/1275
f 805/805/1276 815/815/1276 816/816/1276
f 806/806/1277 807/807/1277 797/797/1277
f 806/806/1278 816/816/1278 807/807/1278
f 807/807/1279 809/809/1279 808/808/1279
f 807/807/1279 810/810/1279 809/809/1279
f 807/807/1279 811/811/1279 810/810/1279
f 807/807/1279 812/812/1279 811/811/1279
f 807/807/1279 813/813/1279 812/812/1279
f 807/807/1279 814/814/1279 813/813/1279
f 807/807/1279 815/815/1279 814/814/1279
f 807/807/1279 816/816/1279 815/815/1279
f 786/786/1280 784/784/1280 785/785/1280
f 786/786/1280 783/783/1280 784/784/1280
f 786/786/1280 782/782/1280 783/783/1280
f 786/786/1280 781/781/1280 782/782/1280
f 786/786/1280 780/780/1280 781/781/1280
f 786/786/1280 779/779/1280 780/780/1280
f 786/786/1280 778/778/1280 779/779/1280
f 786/786/1280 777/777/1280 778/778/1280
f 817/817/1281 827/827/1281 818/818/1281
f 817/817/1282 826/826/1282 827/827/1282
f 818/818/1283 828/828/1283 819/819/1283
f 818/818/1284 827/827/1284 828/828/1284
f 819/819/1285 829/829/1285 820/820/1285
f 819/819/1286 828/828/1286 829/829/1286
f 820/820/1287 830/830/1287 821/821/1287
f 820/820/1288 829/829/1288 830/830/1288
f 821/821/1289 831/831/1289 822/822/1289
f 821/821/1290 830/830/1290 831/831/1290
f 822/822/1291 832/832/1291 823/823/1291
f 822/822/1292 831/831/1292 832/832/1292
f 823/823/1293 833/833/1293 824/824/1293
f 823/823/1294 832/832/1294 833/833/1294
f 824/824/1295 834/834/1295 825/825/1295
f 824/824/1296 833/833/1296 834/834/1296
f 825/825/1297 826/826/1297 817/817/1297
f 825/825/1298 834/834/1298 826/826/1298
f 826/826/1299 836/836/1299 827/827/1299
f 826/826/1300 835/835/1300 836/836/1300
f 827/827/1301 837/837/1301 828/828/1301
f 827/827/1302 836/836/1302 837/837/1302
f 828/828/1303 838/838/1303 829/829/1303
f 828/828/1304 837/837/1304 838/838/1304
f 829/829/1305 839/839/1305 830/830/1305
f 829/829/1306 838/838/1306 839/839/1306
f 830/830/1307 840/840/1307 831/831/1307
f 830/830/1308 839/839/1308 840/840/1308
f 831/831/1309 841/841/1309 832/832/1309
f 831/831/1310 840/840/1310 841/841/1310
f 832/832/1311 842/842/1311 833/833/1311
f 832/832/1312 841/841/1312 842/842/1312
f 833/833/1313 843/843/1313 834/834/1313
f 833/833/1314 842/842/1314 843/843/1314
f 834/834/1315 835/835/1315 826/826/1315
f 834/834/1316 843/843/1316 835/835/1316
f 835/835/1317 845/845/1317 836/836/1317
f 835/835/1318 844/844/1318 845/845/1318
f 836/836/1319 846/846/1319 837/837/1319
f 836/836/1320 845/845/1320 846/846/1320
f 837/837/1321 847/847/1321 838/838/1321
f 837/837/1322 846/846/1322 847/847/1322
f 838/838/1323 848/848/1323 839/839/1323
f 838/838/1324 847/847/1324 848/848/1324
f 839/839/1325 849/849/1325 840/840/1325
f 839/839/1326 848/848/1326 849/849/1326
f 840/840/1327 850/850/1327 841/841/1327
f 840/840/1328 849/849/1328 850/850/1328
f 841/841/1329 851/851/1329 842/842/1329
f 841/841/1330 850/850/1330 851/851/1330
f 842/842/1331 852/852/1331 843/843/1331
f 842/842/1332 851/851/1332 852/852/1332
f 843/843/1333 844/844/1333 835/835/1333
f 843/843/1334 852/852/1334 844/844/1334
f 844/844/1335 846/846/1335 845/845/1335
f 844/844/1335 847/847/1335 846/846/1335
f 844/844/1335 848/848/1335 847/847/1335
f 844/844/1335 849/849/1335 848/848/1335
f 844/844/1335 850/850/1335 849/849/1335
f 844/844/1335 851/851/1335 850/850/1335
f 844/844/1335 852/852/1335 851/851/1335
f 825/825/1336 823/823/1336 824/824/1336
f 825/825/1336 822/822/1336 823/823/1336
f 825/825/1336 821/821/1336 822/822/1336
f 825/825/1336 820/820/1336 821/821/1336
f 825/825/1336 819/819/1336 820/820/1336
f 825/825/1336 818/818/1336 819/819/1336
f 825/825/1336 817/817/1336 818/818/1336
f 853/853/1337 863/863/1337 854/854/1337
f 853/853/1338 862/862/1338 863/863/1338
f 854/854/1339 864/864/1339 855/855/1339
f 854/854/1340 863/863/1340 864/864/1340
f 855/855/1341 865/865/1341 856/856/1341
f 855/855/1342 864/864/1342 865/865/1342
f 856/856/1343 866/866/1343 857/857/1343
f 856/856/1344 865/865/1344 866/866/1344
f 857/857/1345 867/867/1345 858/858/1345
f 857/857/1346 866/866/1346 867/867/1346
f 858/858/1347 868/868/1347 859/859/1347
f 858/858/1348 867/867/1348 868/868/1348
f 859/859/1349 869/869/1349 860/860/1349
f 859/859/1350 868/868/1350 869/869/1350
f 860/860/1351 870/870/1351 861/861/1351
f 860/860/1352 869/869/1352 870/870/1352
f 861/861/1353 862/862/1353 853/853/1353
f 861/861/1354 870/870/1354 862/862/1354
f 862/862/1355 872/872/1355 863/863/1355
f 862/862/1356 871/871/1356 872/872/1356
f 863/863/1357 873/873/1357 864/864/1357
f 863/863/1358 872/872/1358 873/873/1358
f 864/864/1359 874/874/1359 865/865/1359
f 864/864/1360 873/873/1360 874/874/1360
f 865/865/1361 875/875/1361 866/866/1361
f 865/865/1362 874/874/1362 875/875/1362
f 866/866/1363 876/876/1363 867/867/1363
f 866/866/1364 875/875/1364 876/876/1364
f 867/867/1365 877/877/1365 868/868/1365
f 867/867/1366 876/876/1366 877/877/1366
f 868/868/1367 878/878/1367 869/869/1367
f 868/868/1368 877/877/1368 878/878/1368
f 869/869/1369 879/879/1369 870/870/1369
f 869/869/1370 878/878/1370 879/879/1370
f 870/870/1371 871/871/1371 862/862/1371
f 870/870/1372 879/879/1372 871/871/1372
f 871/871/1373 881/881/1373 872/872/1373
f 871/871/1374 880/880/1374 881/881/1374
f 872/872/1375 882/882/1375 873/873/1375
f 872/872/1376 881/881/1376 882/882/1376
f 873/873/1377 883/883/1377 874/874/1377
f 873/873/1378 882/882/1378 883/883/1378
f 874/874/1379 884/884/1379 875/875/1379
f 874/874/1380 883/883/1380 884/884/1380
f 875/875/1381 885/885/1381 876/876/1381
f 875/875/1382 884/884/1382 885/885/1382
f 876/876/1383 886/886/1383 877/877/1383
f 876/876/1384 885/885/1384 886/886/1384
f 877/877/1385 887/887/1385 878/878/1385
f 877/877/1386 886/886/1386 887/887/1386
f 878/878/1387 888/888/1387 879/879/1387
f 878/878/1387 887/887/1387 888/888/1387
f 879/879/1388 880/880/1388 871/871/1388
f 879/879/1389 888/888/1389 880/880/1389
f 880/880/1390 882/882/1390 881/881/1390
f 880/880/1390 883/883/1390 882/882/1390
f 880/880/1390 884/884/1390 883/883/1390
f 880/880/1390 885/885/1390 884/884/1390
f 880/880/1390 886/886/1390 885/885/1390
f 880/880/1390 887/887/1390 886/886/1390
f 880/880/1390 888/888/1390 887/887/1390
f 861/861/1391 859/859/1391 860/860/1391
f 861/861/1391 858/858/1391 859/859/1391
f 861/861/1391 857/857/1391 858/858/1391
f 861/861/1391 856/856/1391 857/857/1391
f 861/861/1391 855/855/1391 856/856/1391
f 861/861/1391 854/854/1391 855/855/1391
f 861/861/1391 853/853/1391 854/854/1391
f 889/889/1392 899/899/1392 890/890/1392
f 889/889/1393 898/898/1393 899/899/1393
f 890/890/1394 900/900/1394 891/891/1394
f 890/890/1395 899/899/1395 900/900/1395
f 891/891/1396 901/901/1396 892/892/1396
f 891/891/1397 900/900/1397 901/901/1397
f 892/892/1398 902/902/1398 893/893/1398
f 892/892/1399 901/901/1399 902/902/1399
f 893/893/1400 903/903/1400 894/894/1400
f 893/893/1401 902/902/1401 903/903/1401
f 894/894/1402 904/904/1402 895/895/1402
f 894/894/1403 903/903/1403 904/904/1403
f 895/895/1404 905/905/1404 896/896/1404
f 895/895/1405 904/904/1405 905/905/1405
f 896/896/1406 906/906/1406 897/897/1406
f 896/896/1407 905/905/1407 906/906/1407
f 897/897/1408 898/898/1408 889/889/1408
f 897/897/1409 906/906/1409 898/898/1409
f 898/898/1410 908/908/1410 899/899/1410
f 898/898/1411 907/907/1411 908/908/1411
f 899/899/1412 909/909/1412 900/900/1412
f 899/899/1413 908/908/1413 909/909/1413
f 900/900/1414 910/910/1414 901/901/1414
f 900/900/1415 909/909/1415 910/910/1415
f 901/901/1416 911/911/1416 902/902/1416
f 901/901/1417 910/910/1417 911/911/1417
f 902/902/1418 912/912/1418 903/903/1418
f 902/902/1419 911/911/1419 912/912/1419
f 903/903/1420 913/913/1420 904/904/1420
f 903/903/1421 912/912/1421 913/913/1421
f 904/904/1422 914/914/1422 905/905/1422
f 904/904/1423 913/913/1423 914/914/1423
f 905/905/1424 915/915/1424 906/906/1424
f 905/905/1425 914/914/1425 915/915/1425
f 906/906/1426 907/907/1426 898/898/1426
f 906/906/1427 915/915/1427 907/907/1427
f 907/907/1428 917/917/1428 908/908/1428
f 907/907/1429 916/916/1429 917/917/1429
f 908/908/1430 918/918/1430 909/909/1430
f 908/908/1431 917/917/1431 918/918/1431
f 909/909/1432 919/919/1432 910/910/1432
f 909/909/1433 918/918/1433 919/919/1433
f 910/910/1434 920/920/1434 911/911/1434
f 910/910/1435 919/919/1435 920/920/1435
f 911/911/1436 921/921/1436 912/912/1436
f 911/911/1437 920/920/1437 921/921/1437
f 912/912/1438 922/922/1438 913/913/1438
f 912/912/1439 921/921/1439 922/922/1439
f 913/913/1440 923/923/1440 914/914/1440
f 913/913/1441 922/922/1441 923/923/1441
f 914/914/1442 924/924/1442 915/915/1442
f 914/914/1443 923/923/1443 924/924/1443
f 915/915/1444 916/916/1444 907/907/1444
f 915/915/1445 924/924/1445 916/916/1445
f 916/916/1446 918/918/1446 917/917/1446
f 916/916/1446 919/919/1446 918/918/1446
f 916/916/1446 920/920/1446 919/919/1446
f 916/916/1446 921/921/1446 920/920/1446
f 916/916/1446 922/922/1446 921/921/1446
f 916/916/1446 923/923/1446 922/922/1446
f 916/916/1446 924/924/1446 923/923/1446
f 897/897/1447 895/895/1447 896/896/1447
f 897/897/1447 894/894/1447 895/895/1447
f 897/897/1447 893/893/1447 894/894/1447
f 897/897/1447 892/892/1447 893/893/1447
f 897/897/1447 891/891/1447 892/892/1447
f 897/897/1447 890/890/1447 891/891/1447
f 897/897/1447 889/889/1447 890/890/1447
f 925/925/1448 936/936/1448 926/926/1448
f 925/925/1449 935/935/1449 936/936/1449
f 926/926/1450 937/937/1450 927/927/1450
f 926/926/1451 936/936/1451 937/937/1451
f 927/927/1452 938/938/1452 928/928/1452
f 927/927/1453 937/937/1453 938/938/1453
f 928/928/1454 939/939/1454 929/929/1454
f 928/928/1455 938/938/1455 939/939/1455
f 929/929/1456 940/940/1456 930/930/1456
f 929/929/1457 939/939/1457 940/940/1457
f 930/930/1458 941/941/1458 931/931/1458
f 930/930/1459 940/940/1459 941/941/1459
f 931/931/1460 942/942/1460 932/932/1460
f 931/931/1461 941/941/1461 942/942/1461
f 932/932/1462 943/943/1462 933/933/1462
f 932/932/1463 942/942/1463 943/943/1463
f 933/933/1464 944/944/1464 934/934/1464
f 933/933/1465 943/943/1465 944/944/1465
f 934/934/1466 935/935/1466 925/925/1466
f 934/934/1467 944/944/1467 935/935/1467
f 935/935/1468 946/946/1468 936/936/1468
f 935/935/1469 945/945/1469 946/946/1469
f 936/936/1470 947/947/1470 937/937/1470
f 936/936/1471 946/946/1471 947/947/1471
f 937/937/1472 948/948/1472 938/938/1472
f 937/937/1473 947/947/1473 948/948/1473
f 938/938/1474 949/949/1474 939/939/1474
f 938/938/1475 948/948/1475 949/949/1475
f 939/939/1476 950/950/1476 940/940/1476
f 939/939/1477 949/949/1477 950/950/1477
f 940/940/1478 951/951/1478 941/941/1478
f 940/940/1479 950/950/1479 951/951/1479
f 941/941/1480 952/952/1480 942/942/1480
f 941/941/1481 951/951/1481 952/952/1481
f 942/942/1482 953/953/1482 943/943/1482
f 942/942/1483 952/952/1483 953/953/1483
f 943/943/1484 954/954/1484 944/944/1484
f 943/943/1485 953/953/1485 954/954/1485
f 944/944/1486 945/945/1486 935/935/1486
f 944/944/1487 954/954/1487 945/945/1487
f 945/945/1488 956/956/1488 946/946/1488
f 945/945/1489 955/955/1489 956/956/1489
f 946/946/1490 957/957/1490 947/947/1490
f 946/946/1491 956/956/1491 957/957/1491
f 947/947/1492 958/958/1492 948/948/1492
f 947/947/1493 957/957/1493 958/958/1493
f 948/948/1494 959/959/1494 949/949/1494
f 948/948/1495 958/958/1495 959/959/1495
f 949/949/1496 960/960/1496 950/950/1496
f 949/949/1497 959/959/1497 960/960/1497
f 950/950/1498 961/961/1498 951/951/1498
f 950/950/1499 960/960/1499 961/961/1499
f 951/951/1500 962/962/1500 952/952/1500
f 951/951/1501 961/961/1501 962/962/1501
f 952/952/1502 963/963/1502 953/953/1502
f 952/952/1503 962/962/1503 963/963/1503
f 953/953/1504 964/964/1504 954/954/1504
f 953/953/1505 963/963/1505 964/964/1505
f 954/954/1506 955/955/1506 945/945/1506
f 954/954/1507 964/964/1507 955/955/1507
f 955/955/1508 957/957/1508 956/956/1508
f 955/955/1508 958/958/1508 957/957/1508
f 955/955/1508 959/959/1508 958/958/1508
f 955/955/1508 960/960/1508 959/959/1508
f 955/955/1508 961/961/1508 960/960/1508
f 955/955/1508 962/962/1508 961/961/1508
f 955/955/1508 963/963/1508 962/962/1508
f 955/955/1508 964/964/1508 963/963/1508
f 934/934/1509 932/932/1509 933/933/1509
f 934/934/1509 931/931/1509 932/932/1509
f 934/934/1509 930/930/1509 931/931/1509
f 934/934/1509 929/929/1509 930/930/1509
f 934/934/1509 928/928/1509 929/929/1509
f 934/934/1509 927/927/1509 928/928/1509
f 934/934/1509 926/926/1509 927/927/1509
f 934/934/1509 925/925/1509 926/926/1509
f 965/965/1510 975/975/1510 966/966/1510
f 965/965/1511 974/974/1511 975/975/1511
f 966/966/1512 976/976/1512 967/967/1512
f 966/966/1513 975/975/1513 976/976/1513
f 967/967/1514 977/977/1514 968/968/1514
f 967/967/1515 976/976/1515 977/977/1515
f 968/968/1516 978/978/1516 969/969/1516
f 968/968/1517 977/977/1517 978/978/1517
f 969/969/1518 979/979/1518 970/970/1518
f 969/969/1519 978/978/1519 979/979/1519
f 970/970/1520 980/980/1520 971/971/1520
f 970/970/1521 979/979/1521 980/980/1521
f 971/971/1522 981/981/1522 972/972/1522
f 971/971/1523 980/980/1523 981/981/1523
f 972/972/1524 982/982/1524 973/973/1524
f 972/972/1525 981/981/1525 982/982/1525
f 973/973/1526 974/974/1526 965/965/1526
f 973/973/1527 982/982/1527 974/974/1527
f 974/974/1528 984/984/1528 975/975/1528
f 974/974/1529 983/983/1529 984/984/1529
f 975/975/1530 985/985/1530 976/976/1530
f 975/975/1531 984/984/1531 985/985/1531
f 976/976/1532 986/986/1532 977/977/1532
f 976/976/1533 985/985/1533 986/986/1533
f 977/977/1534 987/987/1534 978/978/1534
f 977/977/1535 986/986/1535 987/987/1535
f 978/978/1536 988/988/1536 979/979/1536
f 978/978/1537 987/987/1537 988/988/1537
f 979/979/1538 989/989/1538 980/980/1538
f 979/979/1539 988/988/1539 989/989/1539
f 980/980/1540 990/990/1540 981/981/1540
f 980/980/1541 989/989/1541 990/990/1541
f 981/981/1542 991/991/1542 982/982/1542
f 981/981/1543 990/990/1543 991/991/1543
f 982/982/1544 983/983/1544 974/974/1544
f 982/982/1545 991/991/1545 983/983/1545
f 983/983/1546 993/993/1546 984/984/1546
f 983/983/1547 992/992/1547 993/993/1547
f 984/984/1548 994/994/1548 985/985/1548
f 984/984/1549 993/993/1549 994/994/1549
f 985/985/1550 995/995/1550 986/986/1550
f 985/985/1551 994/994/1551 995/995/1551
f 986/986/1552 996/996/1552 987/987/1552
f 986/986/1553 995/995/1553 996/996/1553
f 987/987/1554 997/997/1554 988/988/1554
f 987/987/1555 996/996/1555 997/997/1555
f 988/988/1556 998/998/1556 989/989/1556
f 988/988/1557 997/997/1557 998/998/1557
f 989/989/1558 999/999/1558 990/990/1558
f 989/989/1559 998/998/1559 999/999/1559
f 990/990/1560 1000/1000/1560 991/991/1560
f 990/990/1561 999/999/1561 1000/1000/1561
f 991/991/1562 992/992/1562 983/983/1562
f 991/991/1563 1000/1000/1563 992/992/1563
f 992/992/1564 994/994/1564 993/993/1564
f 992/992/1564 995/995/1564 994/994/1564
f 992/992/1564 996/996/1564 995/995/1564
f 992/992/1564 997/997/1564 996/996/1564
f 992/992/1564 998/998/1564 997/997/1564
f 992/992/1564 999/999/1564 998/998/1564
f 992/992/1564 1000/1000/1564 999/999/1564
f 973/973/1565 971/971/1565 972/972/1565
f 973/973/1565 970/970/1565 971/971/1565
f 973/973/1565 969/969/1565 970/970/1565
f 973/973/1565 968/968/1565 969/969/1565
f 973/973/1565 967/967/1565 968/968/1565
f 973/973/1565 966/966/1565 967/967/1565
f 973/973/1565 965/965/1565 966/966/1565
f 1001/1001/1566 1011/1011/1566 1002/1002/1566
f 1001/1001/1567 1010/1010/1567 1011/1011/1567
f 1002/1002/1568 1012/1012/1568 1003/1003/1568
f 1002/1002/1569 1011/1011/1569 1012/1012/1569
f 1003/1003/1570 1013/1013/1570 1004/1004/1570
f 1003/1003/1571 1012/1012/1571 1013/1013/1571
f 1004/1004/1572 1014/1014/1572 1005/1005/1572
f 1004/1004/1573 1013/1013/1573 1014/1014/1573
f 1005/1005/1574 1015/1015/1574 1006/1006/1574
f 1005/1005/1575 1014/1014/1575 1015/1015/1575
f 1006/1006/1576 1016/1016/1576 1007/1007/1576
f 1006/1006/1577 1015/1015/1577 1016/1016/1577
f 1007/1007/1578 1017/1017/1578 1008/1008/1578
f 1007/1007/1579 1016/1016/1579 1017/1017/1579
f 1008/1008/1580 1018/1018/1580 1009/1009/1580
f 1008/1008/1581 1017/1017/1581 1018/1018/1581
f 1009/1009/1582 1010/1010/1582 1001/1001/1582
f 1009/1009/1583 1018/1018/1583 1010/1010/1583
f 1010/1010/1584 1020/1020/1584 1011/1011/1584
f 1010/1010/1585 1019/1019/1585 1020/1020/1585
f 1011/1011/1586 1021/1021/1586 1012/1012/1586
f 1011/1011/1587 1020/1020/1587 1021/1021/1587
f 1012/1012/1588 1022/1022/1588 1013/1013/1588
f 1012/1012/1589 1021/1021/1589 1022/1022/1589
f 1013/1013/1590 1023/1023/1590 1014/1014/1590
f 1013/1013/1591 1022/1022/1591 1023/1023/1591
f 1014/1014/1592 1024/1024/1592 1015/1015/1592
f 1014/1014/1593 1023/1023/1593 1024/1024/1593
f 1015/1015/1594 1025/1025/1594 1016/1016/1594
f 1015/1015/1595 1024/1024/1595 1025/1025/1595
f 1016/1016/1596 1026/1026/1596 1017/1017/1596
f 1016/1016/1597 1025/1025/1597 1026/1026/1597
f 1017/1017/1598 1027/1027/1598 1018/1018/1598
f 1017/1017/1599 1026/1026/1599 1027/1027/1599
f 1018/1018/1600 1019/1019/1600 1010/1010/1600
f 1018/1018/1600 1027/1027/1600 1019/1019/1600
f 1019/1019/1601 1029/1029/1601 1020/1020/1601
f 1019/1019/1602 1028/1028/1602 1029/1029/1602
f 1020/1020/1603 1030/1030/1603 1021/1021/1603
f 1020/1020/1604 1029/1029/1604 1030/1030/1604
f 1021/1021/1605 1031/1031/1605 1022/1022/1605
f 1021/1021/1606 1030/1030/1606 1031/1031/1606
f 1022/1022/1607 1032/1032/1607 1023/1023/1607
f 1022/1022/1608 1031/1031/1608 1032/1032/1608
f 1023/1023/1609 1033/1033/1609 1024/1024/1609
f 1023/1023/1610 1032/1032/1610 1033/1033/1610
f 1024/1024/1611 1034/1034/1611 1025/1025/1611
f 1024/1024/1612 1033/1033/1612 1034/1034/1612
f 1025/1025/1613 1035/1035/1613 1026/1026/1613
f 1025/1025/1614 1034/1034/1614 1035/1035/1614
f 1026/1026/1615 1036/1036/1615 1027/1027/1615
f 1026/1026/1616 1035/1035/1616 1036/1036/1616
f 1027/1027/1617 1028/1028/1617 1019/1019/1617
f 1027/1027/1618 1036/1036/1618 1028/1028/1618
f 1028/1028/1619 1030/1030/1619 1029/1029/1619
f 1028/1028/1619 1031/1031/1619 1030/1030/1619
f 1028/1028/1619 1032/1032/1619 1031/1031/1619
f 1028/1028/1619 1033/1033/1619 1032/1032/1619
f 1028/1028/1619 1034/1034/1619 1033/1033/1619
f 1028/1028/1619 1035/1035/1619 1034/1034/1619
f 1028/1028/1619 1036/1036/1619 1035/1035/1619
f 1009/1009/1620 1007/1007/1620 1008/1008/1620
f 1009/1009/1620 1006/1006/1620 1007/1007/1620
f 1009/1009/1620 1005/1005/1620 1006/1006/1620
f 1009/1009/1620 1004/1004/1620 1005/1005/1620
f 1009/1009/1620 1003/1003/1620 1004/1004/1620
f 1009/1009/1620 1002/1002/1620 1003/1003/1620
f 1009/1009/1620 1001/1001/1620 1002/1002/1620
f 1037/1037/1621 1047/1047/1621 1038/1038/1621
f 1037/1037/1622 1046/1046/1622 1047/1047/1622
f 1038/1038/1623 1048/1048/1623 1039/1039/1623
f 1038/1038/1624 1047/1047/1624 1048/1048/1624
f 1039/1039/1625 1049/1049/1625 1040/1040/1625
f 1039/1039/1626 1048/1048/1626 1049/1049/1626
f 1040/1040/1627 1050/1050/1627 1041/1041/1627
f 1040/1040/1628 1049/1049/1628 1050/1050/1628
f 1041/1041/1629 1051/1051/1629 1042/1042/1629
f 1041/1041/1630 1050/1050/1630 1051/1051/1630
f 1042/1042/1631 1052/1052/1631 1043/1043/1631
f 1042/1042/1632 1051/1051/1632 1052/1052/1632
f 1043/1043/1633 1053/1053/1633 1044/1044/1633
f 1043/1043/1634 1052/1052/1634 1053/1053/1634
f 1044/1044/1635 1054/1054/1635 1045/1045/1635
f 1044/1044/1636 1053/1053/1636 1054/1054/1636
f 1045/1045/1637 1046/1046/1637 1037/1037/1637
f 1045/1045/1638 1054/1054/1638 1046/1046/1638
f 1046/1046/1639 1056/1056/1639 1047/1047/1639
f 1046/1046/1640 1055/1055/1640 1056/1056/1640
f 1047/1047/1641 1057/1057/1641 1048/1048/1641
f 1047/1047/1642 1056/1056/1642 1057/1057/1642
f 1048/1048/1643 1058/1058/1643 1049/1049/1643
f 1048/1048/1644 1057/1057/1644 1058/1058/1644
f 1049/1049/1645 1059/1059/1645 1050/1050/1645
f 1049/1049/1646 1058/1058/1646 1059/1059/1646
f 1050/1050/1647 1060/1060/1647 1051/1051/1647
f 1050/1050/1648 1059/1059/1648 1060/1060/1648
f 1051/1051/1649 1061/1061/1649 1052/1052/1649
f 1051/1051/1650 1060/1060/1650 1061/1061/1650
f 1052/1052/1651 1062/1062/1651 1053/1053/1651
f 1052/1052/1652 1061/1061/1652 1062/1062/1652
f 1053/1053/1653 1063/1063/1653 1054/1054/1653
f 1053/1053/1654 1062/1062/1654 1063/1063/1654
f 1054/1054/1655 1055/1055/1655 1046/1046/1655
f 1054/1054/1656 1063/1063/1656 1055/1055/1656
f 1055/1055/1657 1065/1065/1657 1056/1056/1657
f 1055/1055/1658 1064/1064/1658 1065/1065/1658
f 1056/1056/1659 1066/1066/1659 1057/1057/1659
f 1056/1056/1660 1065/1065/1660 1066/1066/1660
f 1057/1057/1661 1067/1067/1661 1058/1058/1661
f 1057/1057/1662 1066/1066/1662 1067/1067/1662
f 1058/1058/1663 1068/1068/1663 1059/1059/1663
f 1058/1058/1664 1067/1067/1664 1068/1068/1664
f 1059/1059/1665 1069/1069/1665 1060/1060/1665
f 1059/1059/1666 1068/1068/1666 1069/1069/1666
f 1060/1060/1667 1070/1070/1667 1061/1061/1667
f 1060/1060/1668 1069/1069/1668 1070/1070/1668
f 1061/1061/1669 1071/1071/1669 1062/1062/1669
f 1061/1061/1670 1070/1070/1670 1071/1071/1670
f 1062/1062/1671 1072/1072/1671 1063/1063/1671
f 1062/1062/1672 1071/1071/1672 1072/1072/1672
f 1063/1063/1673 1064/1064/1673 1055/1055/1673
f 1063/1063/1674 1072/1072/1674 1064/1064/1674
f 1064/1064/1675 1066/1066/1675 1065/1065/1675
f 1064/1064/1675 1067/1067/1675 1066/1066/1675
f 1064/1064/1675 1068/1068/1675 1067/1067/1675
f 1064/1064/1675 1069/1069/1675 1068/1068/1675
f 1064/1064/1675 1070/1070/1675 1069/1069/1675
f 1064/1064/1675 1071/1071/1675 1070/1070/1675
f 1064/1064/1675 1072/1072/1675 1071/1071/1675
f 1045/1045/1676 1043/1043/1676 1044/1044/1676
f 1045/1045/1676 1042/1042/1676 1043/1043/1676
f 1045/1045/1676 1041/1041/1676 1042/1042/1676
f 1045/1045/1676 1040/1040/1676 1041/1041/1676
f 1045/1045/1676 1039/1039/1676 1040/1040/1676
f 1045/1045/1676 1038/1038/1676 1039/1039/1676
f 1045/1045/1676 1037/1037/1676 1038/1038/1676
f 1073/1073/1677 1085/1085/1677 1074/1074/1677
f 1073/1073/1678 1084/1084/1678 1085/1085/1678
f 1074/1074/1679 1086/1086/1679 1075/1075/1679
f 1074/1074/1680 1085/1085/1680 1086/1086/1680
f 1075/1075/1681 1087/1087/1681 1076/1076/1681
f 1075/1075/1682 1086/1086/1682 1087/1087/1682
f 1076/1076/1683 1088/1088/1683 1077/1077/1683
f 1076/1076/1684 1087/1087/1684 1088/1088/1684
f 1077/1077/1685 1089/1089/1685 1078/1078/1685
f 1077/1077/1686 1088/1088/1686 1089/1089/1686
f 1078/1078/1687 1090/1090/1687 1079/1079/1687
f 1078/1078/1688 1089/1089/1688 1090/1090/1688
f 1079/1079/1689 1091/1091/1689 1080/1080/1689
f 1079/1079/1690 1090/1090/1690 1091/1091/1690
f 1080/1080/1691 1092/1092/1691 1081/1081/1691
f 1080/1080/1692 1091/1091/1692 1092/1092/1692
f 1081/1081/1693 1093/1093/1693 1082/1082/1693
f 1081/1081/1694 1092/1092/1694 1093/1093/1694
f 1082/1082/1695 1094/1094/1695 1083/1083/1695
f 1082/1082/1696 1093/1093/1696 1094/1094/1696
f 1083/1083/1697 1084/1084/1697 1073/1073/1697
f 1083/1083/1698 1094/1094/1698 1084/1084/1698
f 1084/1084/1699 1096/1096/1699 1085/1085/1699
f 1084/1084/1700 1095/1095/1700 1096/1096/1700
f 1085/1085/1701 1097/1097/1701 1086/1086/1701
f 1085/1085/1702 1096/1096/1702 1097/1097/1702
f 1086/1086/1703 1098/1098/1703 1087/1087/1703
f 1086/1086/1704 1097/1097/1704 1098/1098/1704
f 1087/1087/1705 1099/1099/1705 1088/1088/1705
f 1087/1087/1706 1098/1098/1706 1099/1099/1706
f 1088/1088/1707 1100/1100/1707 1089/1089/1707
f 1088/1088/1708 1099/1099/1708 1100/1100/1708
f 1089/1089/1709 1101/1101/1709 1090/1090/1709
f 1089/1089/1710 1100/1100/1710 1101/1101/1710
f 1090/1090/1711 1102/1102/1711 1091/1091/1711
f 1090/1090/1712 1101/1101/1712 1102/1102/1712
f 1091/1091/1713 1103/1103/1713 1092/1092/1713
f 1091/1091/1714 1102/1102/1714 1103/1103/1714
f 1092/1092/1715 1104/1104/1715 1093/1093/1715
f 1092/1092/1716 1103/1103/1716 1104/1104/1716
f 1093/1093/1717 1105/1105/1717 1094/1094/1717
f 1093/1093/1718 1104/1104/1718 1105/1105/1718
f 1094/1094/1719 1095/1095/1719 1084/1084/1719
f 1094/1094/1720 1105/1105/1720 1095/1095/1720
f 1095/1095/1721 1107/1107/1721 1096/1096/1721
f 1095/1095/1722 1106/1106/1722 1107/1107/1722
f 1096/1096/1723 1108/1108/1723 1097/1097/1723
f 1096/1096/1724 1107/1107/1724 1108/1108/1724
f 1097/1097/1725 1109/1109/1725 1098/1098/1725
f 1097/1097/1726 1108/1108/1726 1109/1109/1726
f 1098/1098/1727 1110/1110/1727 1099/1099/1727
f 1098/1098/1728 1109/1109/1728 1110/1110/1728
f 1099/1099/1729 1111/1111/1729 1100/1100/1729
f 1099/1099/1730 1110/1110/1730 1111/1111/1730
f 1100/1100/1731 1112/1112/1731 1101/1101/1731
f 1100/1100/1732 1111/1111/1732 1112/1112/1732
f 1101/1101/1733 1113/1113/1733 1102/1102/1733
f 1101/1101/1734 1112/1112/1734 1113/1113/1734
f 1102/1102/1735 1114/1114/1735 1103/1103/1735
f 1102/1102/1736 1113/1113/1736 1114/1114/1736
f 1103/1103/1737 1115/1115/1737 1104/1104/1737
f 1103/1103/1738 1114/1114/1738 1115/1115/1738
f 1104/1104/1739 1116/1116/1739 1105/1105/1739
f 1104/1104/1740 1115/1115/1740 1116/1116/1740
f 1105/1105/1741 1106/1106/1741 1095/1095/1741
f 1105/1105/1742 1116/1116/1742 1106/1106/1742
f 1106/1106/1743 1108/1108/1743 1107/1107/1743
f 1106/1106/1743 1109/1109/1743 1108/1108/1743
f 1106/1106/1743 1110/1110/1743 1109/1109/1743
f 1106/1106/1743 1111/1111/1743 1110/1110/1743
f 1106/1106/1743 1112/1112/1743 1111/1111/1743
f 1106/1106/1743 1113/1113/1743 1112/1112/1743
f 1106/1106/1743 1114/1114/1743 1113/1113/1743
f 1106/1106/1743 1115/1115/1743 1114/1114/1743
f 1106/1106/1743 1116/1116/1743 1115/1115/1743
f 1083/1083/1744 1081/1081/1744 1082/1082/1744
f 1083/1083/1744 1080/1080/1744 1081/1081/1744
f 1083/1083/1744 1079/1079/1744 1080/1080/1744
f 1083/1083/1744 1078/1078/1744 1079/1079/1744
f 1083/1083/1744 1077/1077/1744 1078/1078/1744
f 1083/1083/1744 1076/1076/1744 1077/1077/1744
f 1083/1083/1744 1075/1075/1744 1076/1076/1744
f 1083/1083/1744 1074/1074/1744 1075/1075/1744
f 1083/1083/1744 1073/1073/1744 1074/1074/1744
f 1117/1117/1745 1128/1128/1745 1118/1118/1745
f 1117/1117/1746 1127/1127/1746 1128/1128/1746
f 1118/1118/1747 1129/1129/1747 1119/1119/1747
f 1118/1118/1748 1128/1128/1748 1129/1129/1748
f 1119/1119/1749 1130/1130/1749 1120/1120/1749
f 1119/1119/1750 1129/1129/1750 1130/1130/1750
f 1120/1120/1751 1131/1131/1751 1121/1121/1751
f 1120/1120/1752 1130/1130/1752 1131/1131/1752
f 1121/1121/1753 1132/1132/1753 1122/1122/1753
f 1121/1121/1754 1131/1131/1754 1132/1132/1754
f 1122/1122/1755 1133/1133/1755 1123/1123/1755
f 1122/1122/1756 1132/1132/1756 1133/1133/1756
f 1123/1123/1757 1134/1134/1757 1124/1124/1757
f 1123/1123/1758 1133/1133/1758 1134/1134/1758
f 1124/1124/1759 1135/1135/1759 1125/1125/1759
f 1124/1124/1760 1134/1134/1760 1135/1135/1760
f 1125/1125/1761 1136/1136/1761 1126/1126/1761
f 1125/1125/1762 1135/1135/1762 1136/1136/1762
f 1126/1126/1763 1127/1127/1763 1117/1117/1763
f 1126/1126/1764 1136/1136/1764 1127/1127/1764
f 1127/1127/1765 1138/1138/1765 1128/1128/1765
f 1127/1127/1766 1137/1137/1766 1138/1138/1766
f 1128/1128/1767 1139/1139/1767 1129/1129/1767
f 1128/1128/1768 1138/1138/1768 1139/1139/1768
f 1129/1129/1769 1140/1140/1769 1130/1130/1769
f 1129/1129/1770 1139/1139/1770 1140/1140/1770
f 1130/1130/1771 1141/1141/1771 1131/1131/1771
f 1130/1130/1772 1140/1140/1772 1141/1141/1772
f 1131/1131/1773 1142/1142/1773 1132/1132/1773
f 1131/1131/1774 1141/1141/1774 1142/1142/1774
f 1132/1132/1775 1143/1143/1775 1133/1133/1775
f 1132/1132/1776 1142/1142/1776 1143/1143/1776
f 1133/1133/1777 1144/1144/1777 1134/1134/1777
f 1133/1133/1778 1143/1143/1778 1144/1144/1778
f 1134/1134/1779 1145/1145/1779 1135/1135/1779
f 1134/1134/1780 1144/1144/1780 1145/1145/1780
f 1135/1135/1781 1146/1146/1781 1136/1136/1781
f 1135/1135/1782 1145/1145/1782 1146/1146/1782
f 1136/1136/1783 1137/1137/1783 1127/1127/1783
f 1136/1136/1784 1146/1146/1784 1137/1137/1784
f 1137/1137/1785 1148/1148/1785 1138/1138/1785
f 1137/1137/1786 1147/1147/1786 1148/1148/1786
f 1138/1138/1787 1149/1149/1787 1139/1139/1787
f 1138/1138/1788 1148/1148/1788 1149/1149/1788
f 1139/1139/1789 1150/1150/1789 1140/1140/1789
f 1139/1139/1790 1149/1149/1790 1150/1150/1790
f 1140/1140/1791 1151/1151/1791 1141/1141/1791
f 1140/1140/1792 1150/1150/1792 1151/1151/1792
f 1141/1141/1793 1152/1152/1793 1142/1142/1793
f 1141/1141/1794 1151/1151/1794 1152/1152/1794
f 1142/1142/1795 1153/1153/1795 1143/1143/1795
f 1142/1142/1796 1152/1152/1796 1153/1153/1796
f 1143/1143/1797 1154/1154/1797 1144/1144/1797
f 1143/1143/1798 1153/1153/1798 1154/1154/1798
f 1144/1144/1799 1155/1155/1799 1145/1145/1799
f 1144/1144/1800 1154/1154/1800 1155/1155/1800
f 1145/1145/1801 1156/1156/1801 1146/1146/1801
f 1145/1145/1802 1155/1155/1802 1156/1156/1802
f 1146/1146/1803 1147/1147/1803 1137/1137/1803
f 1146/1146/1804 1156/1156/1804 1147/1147/1804
f 1147/1147/1805 1149/1149/1805 1148/1148/1805
f 1147/1147/1805 1150/1150/1805 1149/1149/1805
f 1147/1147/1805 1151/1151/1805 1150/1150/1805
f 1147/1147/1805 1152/1152/1805 1151/1151/1805
f 1147/1147/1805 1153/1153/1805 1152/1152/1805
f 1147/1147/1805 1154/1154/1805 1153/1153/1805
f 1147/1147/1805 1155/1155/1805 1154/1154/1805
f 1147/1147/1805 1156/1156/1805 1155/1155/1805
f 1126/1126/1806 1124/1124/1806 1125/1125/1806
f 1126/1126/1806 1123/1123/1806 1124/1124/1806
f 1126/1126/1806 1122/1122/1806 1123/1123/1806
f 1126/1126/1806 1121/1121/1806 1122/1122/1806
f 1126/1126/1806 1120/1120/1806 1121/1121/1806
f 1126/1126/1806 1119/1119/1806 1120/1120/1806
f 1126/1126/1806 1118/1118/1806 1119/1119/1806
f 1126/1126/1806 1117/1117/1806 1118/1118/1806
f 1157/1157/1807 1167/1167/1807 1158/1158/1807
f 1157/1157/1808 1166/1166/1808 1167/1167/1808
f 1158/1158/1809 1168/1168/1809 1159/1159/1809
f 1158/1158/1810 1167/1167/1810 1168/1168/1810
f 1159/1159/1811 1169/1169/1811 1160/1160/1811
f 1159/1159/1812 1168/1168/1812 1169/1169/1812
f 1160/1160/1813 1170/1170/1813 1161/1161/1813
f 1160/1160/1814 1169/1169/1814 1170/1170/1814
f 1161/1161/1815 1171/1171/1815 1162/1162/1815
f 1161/1161/1816 1170/1170/1816 1171/1171/1816
f 1162/1162/1817 1172/1172/1817 1163/1163/1817
f 1162/1162/1818 1171/1171/1818 1172/1172/1818
f 1163/1163/1819 1173/1173/1819 1164/1164/1819
f 1163/1163/1820 1172/1172/1820 1173/1173/1820
f 1164/1164/1821 1174/1174/1821 1165/1165/1821
f 1164/1164/1822 1173/1173/1822 1174/1174/1822
f 1165/1165/1823 1166/1166/1823 1157/1157/1823
f 1165/1165/1824 1174/1174/1824 1166/1166/1824
f 1166/1166/1825 1176/1176/1825 1167/1167/1825
f 1166/1166/1826 1175/1175/1826 1176/1176/1826
f 1167/1167/1827 1177/1177/1827 1168/1168/1827
f 1167/1167/1828 1176/1176/1828 1177/1177/1828
f 1168/1168/1829 1178/1178/1829 1169/1169/1829
f 1168/1168/1830 1177/1177/1830 1178/1178/1830
f 1169/1169/1831 1179/1179/1831 1170/1170/1831
f 1169/1169/1832 1178/1178/1832 1179/1179/1832
f 1170/1170/1833 1180/1180/1833 1171/1171/1833
f 1170/1170/1834 1179/1179/1834 1180/1180/1834
f 1171/1171/1835 1181/1181/1835 1172/1172/1835
f 1171/1171/1836 1180/1180/1836 1181/1181/1836
f 1172/1172/1837 1182/1182/1837 1173/1173/1837
f 1172/1172/1838 1181/1181/1838 1182/1182/1838
f 1173/1173/1839 1183/1183/1839 1174/1174/1839
f 1173/1173/1840 1182/1182/1840 1183/1183/1840
f 1174/1174/1841 1175/1175/1841 1166/1166/1841
f 1174/1174/1842 1183/1183/1842 1175/1175/1842
f 1175/1175/1843 1185/1185/1843 1176/1176/1843
f 1175/1175/1844 1184/1184/1844 1185/1185/1844
f 1176/1176/1845 1186/1186/1845 1177/1177/1845
f 1176/1176/1845 1185/1185/1845 1186/1186/1845
f 1177/1177/1846 1187/1187/1846 1178/1178/1846
f 1177/1177/1847 1186/1186/1847 1187/1187/1847
f 1178/1178/1848 1188/1188/1848 1179/1179/1848
f 1178/1178/1849 1187/1187/1849 1188/1188/1849
f 1179/1179/1850 1189/1189/1850 1180/1180/1850
f 1179/1179/1851 1188/1188/1851 1189/1189/1851
f 1180/1180/1852 1190/1190/1852 1181/1181/1852
f 1180/1180/1852 1189/1189/1852 1190/1190/1852
f 1181/1181/1853 1191/1191/1853 1182/1182/1853
f 1181/1181/1854 1190/1190/1854 1191/1191/1854
f 1182/1182/1855 1192/1192/1855 1183/1183/1855
f 1182/1182/1856 1191/1191/1856 1192/1192/1856
f 1183/1183/1857 1184/1184/1857 1175/1175/1857
f 1183/1183/1857 1192/1192/1857 1184/1184/1857
f 1184/1184/1858 1186/1186/1858 1185/1185/1858
f 1184/1184/1858 1187/1187/1858 1186/1186/1858
f 1184/1184/1858 1188/1188/1858 1187/1187/1858
f 1184/1184/1858 1189/1189/1858 1188/1188/1858
f 1184/1184/1858 1190/1190/1858 1189/1189/1858
f 1184/1184/1858 1191/1191/1858 1190/1190/1858
f 1184/1184/1858 1192/1192/1858 1191/1191/1858
f 1165/1165/1859 1163/1163/1859 1164/1164/1859
f 1165/1165/1859 1162/1162/1859 1163/1163/1859
f 1165/1165/1859 1161/1161/1859 1162/1162/1859
f 1165/1165/1859 1160/1160/1859 1161/1161/1859
f 1165/1165/1859 1159/1159/1859 1160/1160/1859
f 1165/1165/1859 1158/1158/1859 1159/1159/1859
f 1165/1165/1859 1157/1157/1859 1158/1158/1859
f 1193/1193/1860 1203/1203/1860 1194/1194/1860
f 1193/1193/1861 1202/1202/1861 1203/1203/1861
f 1194/1194/1862 1204/1204/1862 1195/1195/1862
f 1194/1194/1863 1203/1203/1863 1204/1204/1863
f 1195/1195/1864 1205/1205/1864 1196/1196/1864
f 1195/1195/1865 1204/1204/1865 1205/1205/1865
f 1196/1196/1866 1206/1206/1866 1197/1197/1866
f 1196/1196/1867 1205/1205/1867 1206/1206/1867
f 1197/1197/1868 1207/1207/1868 1198/1198/1868
f 1197/1197/1869 1206/1206/1869 1207/1207/1869
f 1198/1198/1870 1208/1208/1870 1199/1199/1870
f 1198/1198/1871 1207/1207/1871 1208/1208/1871
f 1199/1199/1872 1209/1209/1872 1200/1200/1872
f 1199/1199/1873 1208/1208/1873 1209/1209/1873
f 1200/1200/1874 1210/1210/1874 1201/1201/1874
f 1200/1200/1875 1209/1209/1875 1210/1210/1875
f 1201/1201/1876 1202/1202/1876 1193/1193/1876
f 1201/1201/1877 1210/1210/1877 1202/1202/1877
f 1202/1202/1878 1212/1212/1878 1203/1203/1878
f 1202/1202/1879 1211/1211/1879 1212/1212/1879
f 1203/1203/1880 1213/1213/1880 1204/1204/1880
f 1203/1203/1881 1212/1212/1881 1213/1213/1881
f 1204/1204/1882 1214/1214/1882 1205/1205/1882
f 1204/1204/1883 1213/1213/1883 1214/1214/1883
f 1205/1205/1884 1215/1215/1884 1206/1206/1884
f 1205/1205/1885 1214/1214/1885 1215/1215/1885
f 1206/1206/1886 1216/1216/1886 1207/1207/1886
f 1206/1206/1887 1215/1215/1887 1216/1216/1887
f 1207/1207/1888 1217/1217/1888 1208/1208/1888
f 1207/1207/1889 1216/1216/1889 1217/1217/1889
f 1208/1208/1890 1218/1218/1890 1209/1209/1890
f 1208/1208/1891 1217/1217/1891 1218/1218/1891
f 1209/1209/1892 1219/1219/1892 1210/1210/1892
f 1209/1209/1893 1218/1218/1893 1219/1219/1893
f 1210/1210/1894 1211/1211/1894 1202/1202/1894
f 1210/1210/1895 1219/1219/1895 1211/1211/1895
f 1211/1211/1896 1221/1221/1896 1212/1212/1896
f 1211/1211/1897 1220/1220/1897 1221/1221/1897
f 1212/1212/1898 1222/1222/1898 1213/1213/1898
f 1212/1212/1899 1221/1221/1899 1222/1222/1899
f 1213/1213/1900 1223/1223/1900 1214/1214/1900
f 1213/1213/1901 1222/1222/1901 1223/1223/1901
f 1214/1214/1902 1224/1224/1902 1215/1215/1902
f 1214/1214/1903 1223/1223/1903 1224/1224/1903
f 1215/1215/1904 1225/1225/1904 1216/1216/1904
f 1215/1215/1905 1224/1224/1905 1225/1225/1905
f 1216/1216/1906 1226/1226/1906 1217/1217/1906
f 1216/1216/1907 1225/1225/1907 1226/1226/1907
f 1217/1217/1908 1227/1227/1908 1218/1218/1908
f 1217/1217/1909 1226/1226/1909 1227/1227/1909
f 1218/1218/1910 1228/1228/1910 1219/1219/1910
f 1218/1218/1911 1227/1227/1911 1228/1228/1911
f 1219/1219/1912 1220/1220/1912 1211/1211/1912
f 1219/1219/1913 1228/1228/1913 1220/1220/1913
f 1220/1220/1914 1222/1222/1914 1221/1221/1914
f 1220/1220/1914 1223/1223/1914 1222/1222/1914
f 1220/1220/1914 1224/1224/1914 1223/1223/1914
f 1220/1220/1914 1225/1225/1914 1224/1224/1914
f 1220/1220/1914 1226/1226/1914 1225/1225/1914
f 1220/1220/1914 1227/1227/1914 1226/1226/1914
f 1220/1220/1914 1228/1228/1914 1227/1227/1914
f 1201/1201/1915 1199/1199/1915 1200/1200/1915
f 1201/1201/1915 1198/1198/1915 1199/1199/1915
f 1201/1201/1915 1197/1197/1915 1198/1198/1915
f 1201/1201/1915 1196/1196/1915 1197/1197/1915
f 1201/1201/1915 1195/1195/1915 1196/1196/1915
f 1201/1201/1915 1194/1194/1915 1195/1195/1915
f 1201/1201/1915 1193/1193/1915 1194/1194/1915
f 1229/1229/1916 1239/1239/1916 1230/1230/1916
f 1229/1229/1917 1238/1238/1917 1239/1239/1917
f 1230/1230/1918 1240/1240/1918 1231/1231/1918
f 1230/1230/1919 1239/1239/1919 1240/1240/1919
f 1231/1231/1920 1241/1241/1920 1232/1232/1920
f 1231/1231/1921 1240/1240/1921 1241/1241/1921
f 1232/1232/1922 1242/1242/1922 1233/1233/1922
f 1232/1232/1923 1241/1241/1923 1242/1242/1923
f 1233/1233/1924 1243/1243/1924 1234/1234/1924
f 1233/1233/1925 1242/1242/1925 1243/1243/1925
f 1234/1234/1926 1244/1244/1926 1235/1235/1926
f 1234/1234/1927 1243/1243/1927 1244/1244/1927
f 1235/1235/1928 1245/1245/1928 1236/1236/1928
f 1235/1235/1929 1244/1244/1929 1245/1245/1929
f 1236/1236/1930 1246/1246/1930 1237/1237/1930
f 1236/1236/1931 1245/1245/1931 1246/1246/1931
f 1237/1237/1932 1238/1238/1932 1229/1229/1932
f 1237/1237/1933 1246/1246/1933 1238/1238/1933
f 1238/1238/1934 1248/1248/1934 1239/1239/1934
f 1238/1238/1935 1247/1247/1935 1248/1248/1935
f 1239/1239/1936 1249/1249/1936 1240/1240/1936
f 1239/1239/1937 1248/1248/1937 1249/1249/1937
f 1240/1240/1938 1250/1250/1938 1241/1241/1938
f 1240/1240/1939 1249/1249/1939 1250/1250/1939
f 1241/1241/1940 1251/1251/1940 1242/1242/1940
f 1241/1241/1941 1250/1250/1941 1251/1251/1941
f 1242/1242/1942 1252/1252/1942 1243/1243/1942
f 1242/1242/1943 1251/1251/1943 1252/1252/1943
f 1243/1243/1944 1253/1253/1944 1244/1244/1944
f 1243/1243/1945 1252/1252/1945 1253/1253/1945
f 1244/1244/1946 1254/1254/1946 1245/1245/1946
f 1244/1244/1947 1253/1253/1947 1254/1254/1947
f 1245/1245/1948 1255/1255/1948 1246/1246/1948
f 1245/1245/1949 1254/1254/1949 1255/1255/1949
f 1246/1246/1950 1247/1247/1950 1238/1238/1950
f 1246/1246/1951 1255/1255/1951 1247/1247/1951
f 1247/1247/1952 1257/1257/1952 1248/1248/1952
f 1247/1247/1953 1256/1256/1953 1257/1257/1953
f 1248/1248/1954 1258/1258/1954 1249/1249/1954
f 1248/1248/1955 1257/1257/1955 1258/1258/1955
f 1249/1249/1956 1259/1259/1956 1250/1250/1956
f 1249/1249/1957 1258/1258/1957 1259/1259/1957
f 1250/1250/1958 1260/1260/1958 1251/1251/1958
f 1250/1250/1959 1259/1259/1959 1260/1260/1959
f 1251/1251/1960 1261/1261/1960 1252/1252/1960
f 1251/1251/1961 1260/1260/1961 1261/1261/1961
f 1252/1252/1962 1262/1262/1962 1253/1253/1962
f 1252/1252/1963 1261/1261/1963 1262/1262/1963
f 1253/1253/1964 1263/1263/1964 1254/1254/1964
f 1253/1253/1965 1262/1262/1965 1263/1263/1965
f 1254/1254/1966 1264/1264/1966 1255/1255/1966
f 1254/1254/1967 1263/1263/1967 1264/1264/1967
f 1255/1255/1968 1256/1256/1968 1247/1247/1968
f 1255/1255/1969 1264/1264/1969 1256/1256/1969
f 1256/1256/1970 1258/1258/1970 1257/1257/1970
f 1256/1256/1970 1259/1259/1970 1258/1258/1970
f 1256/1256/1970 1260/1260/1970 1259/1259/1970
f 1256/1256/1970 1261/1261/1970 1260/1260/1970
f 1256/1256/1970 1262/1262/1970 1261/1261/1970
f 1256/1256/1970 1263/1263/1970 1262/1262/1970
f 1256/1256/1970 1264/1264/1970 1263/1263/1970
f 1237/1237/1971 1235/1235/1971 1236/1236/1971
f 1237/1237/1971 1234/1234/1971 1235/1235/1971
f 1237/1237/1971 1233/1233/1971 1234/1234/1971
f 1237/1237/1971 1232/1232/1971 1233/1233/1971
f 1237/1237/1971 1231/1231/1971 1232/1232/1971
f 1237/1237/1971 1230/1230/1971 1231/1231/1971
f 1237/1237/1971 1229/1229/1971 1230/1230/1971
f 1265/1265/1972 1276/1276/1972 1266/1266/1972
f 1265/1265/1973 1275/1275/1973 1276/1276/1973
f 1266/1266/1974 1277/1277/1974 1267/1267/1974
f 1266/1266/1975 1276/1276/1975 1277/1277/1975
f 1267/1267/1976 1278/1278/1976 1268/1268/1976
f 1267/1267/1977 1277/1277/1977 1278/1278/1977
f 1268/1268/1978 1279/1279/1978 1269/1269/1978
f 1268/1268/1979 1278/1278/1979 1279/1279/1979
f 1269/1269/1980 1280/1280/1980 1270/1270/1980
f 1269/1269/1981 1279/1279/1981 1280/1280/1981
f 1270/1270/1982 1281/1281/1982 1271/1271/1982
f 1270/1270/1983 1280/1280/1983 1281/1281/1983
f 1271/1271/1984 1282/1282/1984 1272/1272/1984
f 1271/1271/1985 1281/1281/1985 1282/1282/1985
f 1272/1272/1986 1283/1283/1986 1273/1273/1986
f 1272/1272/1987 1282/1282/1987 1283/1283/1987
f 1273/1273/1988 1284/1284/1988 1274/1274/1988
f 1273/1273/1989 1283/1283/1989 1284/1284/1989
f 1274/1274/1990 1275/1275/1990 1265/1265/1990
f 1274/1274/1991 1284/1284/1991 1275/1275/1991
f 1275/1275/1992 1286/1286/1992 1276/1276/1992
f 1275/1275/1993 1285/1285/1993 1286/1286/1993
f 1276/1276/1994 1287/1287/1994 1277/1277/1994
f 1276/1276/1995 1286/1286/1995 1287/1287/1995
f 1277/1277/1996 1288/1288/1996 1278/1278/1996
f 1277/1277/1997 1287/1287/1997 1288/1288/1997
f 1278/1278/1998 1289/1289/1998 1279/1279/1998
f 1278/1278/1999 1288/1288/1999 1289/1289/1999
f 1279/1279/2000 1290/1290/2000 1280/1280/2000
f 1279/1279/2001 1289/1289/2001 1290/1290/2001
f 1280/1280/2002 1291/1291/2002 1281/1281/2002
f 1280/1280/2003 1290/1290/2003 1291/1291/2003
f 1281/1281/2004 1292/1292/2004 1282/1282/2004
f 1281/1281/2005 1291/1291/2005 1292/1292/2005
f 1282/1282/2006 1293/1293/2006 1283/1283/2006
f 1282/1282/2007 1292/1292/2007 1293/1293/2007
f 1283/1283/2008 1294/1294/2008 1284/1284/2008
f 1283/1283/2009 1293/1293/2009 1294/1294/2009
f 1284/1284/2010 1285/1285/2010 1275/1275/2010
f 1284/1284/2011 1294/1294/2011 1285/1285/2011
f 1285/1285/2012 1296/1296/2012 1286/1286/2012
f 1285/1285/2013 1295/1295/2013 1296/1296/2013
f 1286/1286/2014 1297/1297/2014 1287/1287/2014
f 1286/1286/2015 1296/1296/2015 1297/1297/2015
f 1287/1287/2016 1298/1298/2016 1288/1288/2016
f 1287/1287/2017 1297/1297/2017 1298/1298/2017
f 1288/1288/2018 1299/1299/2018 1289/1289/2018
f 1288/1288/2019 1298/1298/2019 1299/1299/2019
f 1289/1289/2020 1300/1300/2020 1290/1290/2020
f 1289/1289/2021 1299/1299/2021 1300/1300/2021
f 1290/1290/2022 1301/1301/2022 1291/1291/2022
f 1290/1290/2023 1300/1300/2023 1301/1301/2023
f 1291/1291/2024 1302/1302/2024 1292/1292/2024
f 1291/1291/2025 1301/1301/2025 1302/1302/2025
f 1292/1292/2026 1303/1303/2026 1293/1293/2026
f 1292/1292/2027 1302/1302/2027 1303/1303/2027
f 1293/1293/2028 1304/1304/2028 1294/1294/2028
f 1293/1293/2029 1303/1303/2029 1304/1304/2029
f 1294/1294/2030 1295/1295/2030 1285/1285/2030
f 1294/1294/2031 1304/1304/2031 1295/1295/2031
f 1295/1295/2032 1297/1297/2032 1296/1296/2032
f 1295/1295/2032 1298/1298/2032 1297/1297/2032
f 1295/1295/2032 1299/1299/2032 1298/1298/2032
f 1295/1295/2032 1300/1300/2032 1299/1299/2032
f 1295/1295/2032 1301/1301/2032 1300/1300/2032
f 1295/1295/2032 1302/1302/2032 1301/1301/2032
f 1295/1295/2032 1303/1303/2032 1302/1302/2032
f 1295/1295/2032 1304/1304/2032 1303/1303/2032
f 1274/1274/2033 1272/1272/2033 1273/1273/2033
f 1274/1274/2033 1271/1271/2033 1272/1272/2033
f 1274/1274/2033 1270/1270/2033 1271/1271/2033
f 1274/1274/2033 1269/1269/2033 1270/1270/2033
f 1274/1274/2033 1268/1268/2033 1269/1269/2033
f 1274/1274/2033 1267/1267/2033 1268/1268/2033
f 1274/1274/2033 1266/1266/2033 1267/1267/2033
f 1274/1274/2033 1265/1265/2033 1266/1266/2033
f 1305/1305/2034 1315/1315/2034 1306/1306/2034
f 1305/1305/2035 1314/1314/2035 1315/1315/2035
f 1306/1306/2036 1316/1316/2036 1307/1307/2036
f 1306/1306/2037 1315/1315/2037 1316/1316/2037
f 1307/1307/2038 1317/1317/2038 1308/1308/2038
f 1307/1307/2039 1316/1316/2039 1317/1317/2039
f 1308/1308/2040 1318/1318/2040 1309/1309/2040
f 1308/1308/2041 1317/1317/2041 1318/1318/2041
f 1309/1309/2042 1319/1319/2042 1310/1310/2042
f 1309/1309/2043 1318/1318/2043 1319/1319/2043
f 1310/1310/2044 1320/1320/2044 1311/1311/2044
f 1310/1310/2045 1319/1319/2045 1320/1320/2045
f 1311/1311/2046 1321/1321/2046 1312/1312/2046
f 1311/1311/2047 1320/1320/2047 1321/1321/2047
f 1312/1312/2048 1322/1322/2048 1313/1313/2048
f 1312/1312/2049 1321/1321/2049 1322/1322/2049
f 1313/1313/2050 1314/1314/2050 1305/1305/2050
f 1313/1313/2051 1322/1322/2051 1314/1314/2051
f 1314/1314/2052 1324/1324/2052 1315/1315/2052
f 1314/1314/2053 1323/1323/2053 1324/1324/2053
f 1315/1315/2054 1325/1325/2054 1316/1316/2054
f 1315/1315/2055 1324/1324/2055 1325/1325/2055
f 1316/1316/2056 1326/1326/2056 1317/1317/2056
f 1316/1316/2057 1325/1325/2057 1326/1326/2057
f 1317/1317/2058 1327/1327/2058 1318/1318/2058
f 1317/1317/2059 1326/1326/2059 1327/1327/2059
f 1318/1318/2060 1328/1328/2060 1319/1319/2060
f 1318/1318/2061 1327/1327/2061 1328/1328/2061
f 1319/1319/2062 1329/1329/2062 1320/1320/2062
f 1319/1319/2063 1328/1328/2063 1329/1329/2063
f 1320/1320/2064 1330/1330/2064 1321/1321/2064
f 1320/1320/2065 1329/1329/2065 1330/1330/2065
f 1321/1321/2066 1331/1331/2066 1322/1322/2066
f 1321/1321/2067 1330/1330/2067 1331/1331/2067
f 1322/1322/2068 1323/1323/2068 1314/1314/2068
f 1322/1322/2069 1331/1331/2069 1323/1323/2069
f 1323/1323/2070 1333/1333/2070 1324/1324/2070
f 1323/1323/2071 1332/1332/2071 1333/1333/2071
f 1324/1324/2072 1334/1334/2072 1325/1325/2072
f 1324/1324/2073 1333/1333/2073 1334/1334/2073
f 1325/1325/2074 1335/1335/2074 1326/1326/2074
f 1325/1325/2075 1334/1334/2075 1335/1335/2075
f 1326/1326/2076 1336/1336/2076 1327/1327/2076
f 1326/1326/2077 1335/1335/2077 1336/1336/2077
f 1327/1327/2078 1337/1337/2078 1328/1328/2078
f 1327/1327/2079 1336/1336/2079 1337/1337/2079
f 1328/1328/2080 1338/1338/2080 1329/1329/2080
f 1328/1328/2081 1337/1337/2081 1338/1338/2081
f 1329/1329/2082 1339/1339/2082 1330/1330/2082
f 1329/1329/2083 1338/1338/2083 1339/1339/2083
f 1330/1330/2084 1340/1340/2084 1331/1331/2084
f 1330/1330/2085 1339/1339/2085 1340/1340/2085
f 1331/1331/2086 1332/1332/2086 1323/1323/2086
f 1331/1331/2087 1340/1340/2087 1332/1332/2087
f 1332/1332/2088 1334/1334/2088 1333/1333/2088
f 1332/1332/2088 1335/1335/2088 1334/1334/2088
f 1332/1332/2088 1336/1336/2088 1335/1335/2088
f 1332/1332/2088 1337/1337/2088 1336/1336/2088
f 1332/1332/2088 1338/1338/2088 1337/1337/2088
f 1332/1332/2088 1339/1339/2088 1338/1338/2088
f 1332/1332/2088 1340/1340/2088 1339/1339/2088
f 1313/1313/2089 1311/1311/2089 1312/1312/2089
f 1313/1313/2089 1310/1310/2089 1311/1311/2089
f 1313/1313/2089 1309/1309/2089 1310/1310/2089
f 1313/1313/2089 1308/1308/2089 1309/1309/2089
f 1313/1313/2089 1307/1307/2089 1308/1308/2089
f 1313/1313/2089 1306/1306/2089 1307/1307/2089
f 1313/1313/2089 1305/1305/2089 1306/1306/2089
f 1341/1341/2090 1351/1351/2090 1342/1342/2090
f 1341/1341/2091 1350/1350/2091 1351/1351/2091
f 1342/1342/2092 1352/1352/2092 1343/1343/2092
f 1342/1342/2093 1351/1351/2093 1352/1352/2093
f 1343/1343/2094 1353/1353/2094 1344/1344/2094
f 1343/1343/2095 1352/1352/2095 1353/1353/2095
f 1344/1344/2096 1354/1354/2096 1345/1345/2096
f 1344/1344/2097 1353/1353/2097 1354/1354/2097
f 1345/1345/2098 1355/1355/2098 1346/1346/2098
f 1345/1345/2099 1354/1354/2099 1355/1355/2099
f 1346/1346/2100 1356/1356/2100 1347/1347/2100
f 1346/1346/2101 1355/1355/2101 1356/1356/2101
f 1347/1347/2102 1357/1357/2102 1348/1348/2102
f 1347/1347/2103 1356/1356/2103 1357/1357/2103
f 1348/1348/2104 1358/1358/2104 1349/1349/2104
f 1348/1348/2105 1357/1357/2105 1358/1358/2105
f 1349/1349/2106 1350/1350/2106 1341/1341/2106
f 1349/1349/2107 1358/1358/2107 1350/1350/2107
f 1350/1350/2108 1360/1360/2108 1351/1351/2108
f 1350/1350/2109 1359/1359/2109 1360/1360/2109
f 1351/1351/2110 1361/1361/2110 1352/1352/2110
f 1351/1351/2111 1360/1360/2111 1361/1361/2111
f 1352/1352/2112 1362/1362/2112 1353/1353/2112
f 1352/1352/2113 1361/1361/2113 1362/1362/2113
f 1353/1353/2114 1363/1363/2114 1354/1354/2114
f 1353/1353/2115 1362/1362/2115 1363/1363/2115
f 1354/1354/2116 1364/1364/2116 1355/1355/2116
f 1354/1354/2117 1363/1363/2117 1364/1364/2117
f 1355/1355/2118 1365/1365/2118 1356/1356/2118
f 1355/1355/2119 1364/1364/2119 1365/1365/2119
f 1356/1356/2120 1366/1366/2120 1357/1357/2120
f 1356/1356/2121 1365/1365/2121 1366/1366/2121
f 1357/1357/2122 1367/1367/2122 1358/1358/2122
f 1357/1357/2123 1366/1366/2123 1367/1367/2123
f 1358/1358/2124 1359/1359/2124 1350/1350/2124
f 1358/1358/2125 1367/1367/2125 1359/1359/2125
f 1359/1359/2126 1369/1369/2126 1360/1360/2126
f 1359/1359/2127 1368/1368/2127 1369/1369/2127
f 1360/1360/2128 1370/1370/2128 1361/1361/2128
f 1360/1360/2129 1369/1369/2129 1370/1370/2129
f 1361/1361/2130 1371/1371/2130 1362/1362/2130
f 1361/1361/2131 1370/1370/2131 1371/1371/2131
f 1362/1362/2132 1372/1372/2132 1363/1363/2132
f 1362/1362/2133 1371/1371/2133 1372/1372/2133
f 1363/1363/2134 1373/1373/2134 1364/1364/2134
f 1363/1363/2135 1372/1372/2135 1373/1373/2135
f 1364/1364/2136 1374/1374/2136 1365/1365/2136
f 1364/1364/2137 1373/1373/2137 1374/1374/2137
f 1365/1365/2138 1375/1375/2138 1366/1366/2138
f 1365/1365/2139 1374/1374/2139 1375/1375/2139
f 1366/1366/2140 1376/1376/2140 1367/1367/2140
f 1366/1366/2141 1375/1375/2141 1376/1376/2141
f 1367/1367/2142 1368/1368/2142 1359/1359/2142
f 1367/1367/2143 1376/1376/2143 1368/1368/2143
f 1368/1368/2144 1370/1370/2144 1369/1369/2144
f 1368/1368/2144 1371/1371/2144 1370/1370/2144
f 1368/1368/2144 1372/1372/2144 1371/1371/2144
f 1368/1368/2144 1373/1373/2144 1372/1372/2144
f 1368/1368/2144 1374/1374/2144 1373/1373/2144
f 1368/1368/2144 1375/1375/2144 1374/1374/2144
f 1368/1368/2144 1376/1376/2144 1375/1375/2144
f 1349/1349/2145 1347/1347/2145 1348/1348/2145
f 1349/1349/2145 1346/1346/2145 1347/1347/2145
f 1349/1349/2145 1345/1345/2145 1346/1346/2145
f 1349/1349/2145 1344/1344/2145 1345/1345/2145
f 1349/1349/2145 1343/1343/2145 1344/1344/2145
f 1349/1349/2145 1342/1342/2145 1343/1343/2145
f 1349/1349/2145 1341/1341/2145 1342/1342/2145
f 1377/1377/2146 1387/1387/2146 1378/1378/2146
f 1377/1377/2147 1386/1386/2147 1387/1387/2147
f 1378/1378/2148 1388/1388/2148 1379/1379/2148
f 1378/1378/2149 1387/1387/2149 1388/1388/2149
f 1379/1379/2150 1389/1389/2150 1380/1380/2150
f 1379/1379/2151 1388/1388/2151 1389/1389/2151
f 1380/1380/2152 1390/1390/2152 1381/1381/2152
f 1380/1380/2153 1389/1389/2153 1390/1390/2153
f 1381/1381/2154 1391/1391/2154 1382/1382/2154
f 1381/1381/2155 1390/1390/2155 1391/1391/2155
f 1382/1382/2156 1392/1392/2156 1383/1383/2156
f 1382/1382/2157 1391/1391/2157 1392/1392/2157
f 1383/1383/2158 1393/1393/2158 1384/1384/2158
f 1383/1383/2159 1392/1392/2159 1393/1393/2159
f 1384/1384/2160 1394/1394/2160 1385/1385/2160
f 1384/1384/2161 1393/1393/2161 1394/1394/2161
f 1385/1385/2162 1386/1386/2162 1377/1377/2162
f 1385/1385/2163 1394/1394/2163 1386/1386/2163
f 1386/1386/2164 1396/1396/2164 1387/1387/2164
f 1386/1386/2165 1395/1395/2165 1396/1396/2165
f 1387/1387/2166 1397/1397/2166 1388/1388/2166
f 1387/1387/2167 1396/1396/2167 1397/1397/2167
f 1388/1388/2168 1398/1398/2168 1389/1389/2168
f 1388/1388/2169 1397/1397/2169 1398/1398/2169
f 1389/1389/2170 1399/1399/2170 1390/1390/2170
f 1389/1389/2171 1398/1398/2171 1399/1399/2171
f 1390/1390/2172 1400/1400/2172 1391/1391/2172
f 1390/1390/2173 1399/1399/2173 1400/1400/2173
f 1391/1391/2174 1401/1401/2174 1392/1392/2174
f 1391/1391/2175 1400/1400/2175 1401/1401/2175
f 1392/1392/2176 1402/1402/2176 1393/1393/2176
f 1392/1392/2177 1401/1401/2177 1402/1402/2177
f 1393/1393/2178 1403/1403/2178 1394/1394/2178
f 1393/1393/2179 1402/1402/2179 1403/1403/2179
f 1394/1394/2180 1395/1395/2180 1386/1386/2180
f 1394/1394/2181 1403/1403/2181 1395/1395/2181
f 1395/1395/2182 1405/1405/2182 1396/1396/2182
f 1395/1395/2182 1404/1404/2182 1405/1405/2182
f 1396/1396/2183 1406/1406/2183 1397/1397/2183
f 1396/1396/2184 1405/1405/2184 1406/1406/2184
f 1397/1397/2185 1407/1407/2185 1398/1398/2185
f 1397/1397/2186 1406/1406/2186 1407/1407/2186
f 1398/1398/2187 1408/1408/2187 1399/1399/2187
f 1398/1398/2188 1407/1407/2188 1408/1408/2188
f 1399/1399/2189 1409/1409/2189 1400/1400/2189
f 1399/1399/2190 1408/1408/2190 1409/1409/2190
f 1400/1400/2191 1410/1410/2191 1401/1401/2191
f 1400/1400/2191 1409/1409/2191 1410/1410/2191
f 1401/1401/2192 1411/1411/2192 1402/1402/2192
f 1401/1401/2193 1410/1410/2193 1411/1411/2193
f 1402/1402/2194 1412/1412/2194 1403/1403/2194
f 1402/1402/2195 1411/1411/2195 1412/1412/2195
f 1403/1403/2196 1404/1404/2196 1395/1395/2196
f 1403/1403/2197 1412/1412/2197 1404/1404/2197
f 1404/1404/2198 1406/1406/2198 1405/1405/2198
f 1404/1404/2198 1407/1407/2198 1406/1406/2198
f 1404/1404/2198 1408/1408/2198 1407/1407/2198
f 1404/1404/2198 1409/1409/2198 1408/1408/2198
f 1404/1404/2198 1410/1410/2198 1409/1409/2198
f 1404/1404/2198 1411/1411/2198 1410/1410/2198
f 1404/1404/2198 1412/1412/2198 1411/1411/2198
f 1385/1385/2199 1383/1383/2199 1384/1384/2199
f 1385/1385/2199 1382/1382/2199 1383/1383/2199
f 1385/1385/2199 1381/1381/2199 1382/1382/2199
f 1385/1385/2199 1380/1380/2199 1381/1381/2199
f 1385/1385/2199 1379/1379/2199 1380/1380/2199
f 1385/1385/2199 1378/1378/2199 1379/1379/2199
f 1385/1385/2199 1377/1377/2199 1378/1378/2199
f 1413/1413/2200 1424/1424/2200 1414/1414/2200
f 1413/1413/2201 1423/1423/2201 1424/1424/2201
f 1414/1414/2202 1425/1425/2202 1415/1415/2202
f 1414/1414/2203 1424/1424/2203 1425/1425/2203
f 1415/1415/2204 1426/1426/2204 1416/1416/2204
f 1415/1415/2205 1425/1425/2205 1426/1426/2205
f 1416/1416/2206 1427/1427/2206 1417/1417/2206
f 1416/1416/2207 1426/1426/2207 1427/1427/2207
f 1417/1417/2208 1428/1428/2208 1418/1418/2208
f 1417/1417/2209 1427/1427/2209 1428/1428/2209
f 1418/1418/2210 1429/1429/2210 1419/1419/2210
f 1418/1418/2211 1428/1428/2211 1429/1429/2211
f 1419/1419/2212 1430/1430/2212 1420/1420/2212
f 1419/1419/2213 1429/1429/2213 1430/1430/2213
f 1420/1420/2214 1431/1431/2214 1421/1421/2214
f 1420/1420/2215 1430/1430/2215 1431/1431/2215
f 1421/1421/2216 1432/1432/2216 1422/1422/2216
f 1421/1421/2217 1431/1431/2217 1432/1432/2217
f 1422/1422/2218 1423/1423/2218 1413/1413/2218
f 1422/1422/2219 1432/1432/2219 1423/1423/2219
f 1423/1423/2220 1434/1434/2220 1424/1424/2220
f 1423/1423/2221 1433/1433/2221 1434/1434/2221
f 1424/1424/2222 1435/1435/2222 1425/1425/2222
f 1424/1424/2223 1434/1434/2223 1435/1435/2223
f 1425/1425/2224 1436/1436/2224 1426/1426/2224
f 1425/1425/2225 1435/1435/2225 1436/1436/2225
f 1426/1426/2226 1437/1437/2226 1427/1427/2226
f 1426/1426/2227 1436/1436/2227 1437/1437/2227
f 1427/1427/2228 1438/1438/2228 1428/1428/2228
f 1427/1427/2229 1437/1437/2229 1438/1438/2229
f 1428/1428/2230 1439/1439/2230 1429/1429/2230
f 1428/1428/2231 1438/1438/2231 1439/1439/2231
f 1429/1429/2232 1440/1440/2232 1430/1430/2232
f 1429/1429/2233 1439/1439/2233 1440/1440/2233
f 1430/1430/2234 1441/1441/2234 1431/1431/2234
f 1430/1430/2235 1440/1440/2235 1441/1441/2235
f 1431/1431/2236 1442/1442/2236 1432/1432/2236
f 1431/1431/2237 1441/1441/2237 1442/1442/2237
f 1432/1432/2238 1433/1433/2238 1423/1423/2238
f 1432/1432/2239 1442/1442/2239 1433/1433/2239
f 1433/1433/2240 1444/1444/2240 1434/1434/2240
f 1433/1433/2241 1443/1443/2241 1444/1444/2241
f 1434/1434/2242 1445/1445/2242 1435/1435/2242
f 1434/1434/2243 1444/1444/2243 1445/1445/2243
f 1435/1435/2244 1446/1446/2244 1436/1436/2244
f 1435/1435/2245 1445/1445/2245 1446/1446/2245
f 1436/1436/2246 1447/1447/2246 1437/1437/2246
f 1436/1436/2247 1446/1446/2247 1447/1447/2247
f 1437/1437/2248 1448/1448/2248 1438/1438/2248
f 1437/1437/2249 1447/1447/2249 1448/1448/2249
f 1438/1438/2250 1449/1449/2250 1439/1439/2250
f 1438/1438/2251 1448/1448/2251 1449/1449/2251
f 1439/1439/2252 1450/1450/2252 1440/1440/2252
f 1439/1439/2253 1449/1449/2253 1450/1450/2253
f 1440/1440/2254 1451/1451/2254 1441/1441/2254
f 1440/1440/2255 1450/1450/2255 1451/1451/2255
f 1441/1441/2256 1452/1452/2256 1442/1442/2256
f 1441/1441/2257 1451/1451/2257 1452/1452/2257
f 1442/1442/2258 1443/1443/2258 1433/1433/2258
f 1442/1442/2259 1452/1452/2259 1443/1443/2259
f 1443/1443/2260 1445/1445/2260 1444/1444/2260
f 1443/1443/2260 1446/1446/2260 1445/1445/2260
f 1443/1443/2260 1447/1447/2260 1446/1446/2260
f 1443/1443/2260 1448/1448/2260 1447/1447/2260
f 1443/1443/2260 1449/1449/2260 1448/1448/2260
f 1443/1443/2260 1450/1450/2260 1449/1449/2260
f 1443/1443/2260 1451/1451/2260 1450/1450/2260
f 1443/1443/2260 1452/1452/2260 1451/1451/2260
f 1422/1422/2261 1420/1420/2261 1421/1421/2261
f 1422/1422/2261 1419/1419/2261 1420/1420/2261
f 1422/1422/2261 1418/1418/2261 1419/1419/2261
f 1422/1422/2261 1417/1417/2261 1418/1418/2261
f 1422/1422/2261 1416/1416/2261 1417/1417/2261
f 1422/1422/2261 1415/1415/2261 1416/1416/2261
f 1422/1422/2261 1414/1414/2261 1415/1415/2261
f 1422/1422/2261 1413/1413/2261 1414/1414/2261
f 1453/1453/2262 1463/1463/2262 1454/1454/2262
f 1453/1453/2263 1462/1462/2263 1463/1463/2263
f 1454/1454/2264 1464/1464/2264 1455/1455/2264
f 1454/1454/2265 1463/1463/2265 1464/1464/2265
f 1455/1455/2266 1465/1465/2266 1456/1456/2266
f 1455/1455/2267 1464/1464/2267 1465/1465/2267
f 1456/1456/2268 1466/1466/2268 1457/1457/2268
f 1456/1456/2269 1465/1465/2269 1466/1466/2269
f 1457/1457/2270 1467/1467/2270 1458/1458/2270
f 1457/1457/2271 1466/1466/2271 1467/1467/2271
f 1458/1458/2272 1468/1468/2272 1459/1459/2272
f 1458/1458/2273 1467/1467/2273 1468/1468/2273
f 1459/1459/2274 1469/1469/2274 1460/1460/2274
f 1459/1459/2275 1468/1468/2275 1469/1469/2275
f 1460/1460/2276 1470/1470/2276 1461/1461/2276
f 1460/1460/2277 1469/1469/2277 1470/1470/2277
f 1461/1461/2278 1462/1462/2278 1453/1453/2278
f 1461/1461/2279 1470/1470/2279 1462/1462/2279
f 1462/1462/2280 1472/1472/2280 1463/1463/2280
f 1462/1462/2280 1471/1471/2280 1472/1472/2280
f 1463/1463/2281 1473/1473/2281 1464/1464/2281
f 1463/1463/2282 1472/1472/2282 1473/1473/2282
f 1464/1464/2283 1474/1474/2283 1465/1465/2283
f 1464/1464/2284 1473/1473/2284 1474/1474/2284
f 1465/1465/2285 1475/1475/2285 1466/1466/2285
f 1465/1465/2286 1474/1474/2286 1475/1475/2286
f 1466/1466/2287 1476/1476/2287 1467/1467/2287
f 1466/1466/2288 1475/1475/2288 1476/1476/2288
f 1467/1467/2289 1477/1477/2289 1468/1468/2289
f 1467/1467/2289 1476/1476/2289 1477/1477/2289
f 1468/1468/2290 1478/1478/2290 1469/1469/2290
f 1468/1468/2291 1477/1477/2291 1478/1478/2291
f 1469/1469/2292 1479/1479/2292 1470/1470/2292
f 1469/1469/2293 1478/1478/2293 1479/1479/2293
f 1470/1470/2294 1471/1471/2294 1462/1462/2294
f 1470/1470/2295 1479/1479/2295 1471/1471/2295
f 1471/1471/2296 1481/1481/2296 1472/1472/2296
f 1471/1471/2297 1480/1480/2297 1481/1481/2297
f 1472/1472/2298 1482/1482/2298 1473/1473/2298
f 1472/1472/2299 1481/1481/2299 1482/1482/2299
f 1473/1473/2300 1483/1483/2300 1474/1474/2300
f 1473/1473/2301 1482/1482/2301 1483/1483/2301
f 1474/1474/2302 1484/1484/2302 1475/1475/2302
f 1474/1474/2303 1483/1483/2303 1484/1484/2303
f 1475/1475/2304 1485/1485/2304 1476/1476/2304
f 1475/1475/2305 1484/1484/2305 1485/1485/2305
f 1476/1476/2306 1486/1486/2306 1477/1477/2306
f 1476/1476/2307 1485/1485/2307 1486/1486/2307
f 1477/1477/2308 1487/1487/2308 1478/1478/2308
f 1477/1477/2309 1486/1486/2309 1487/1487/2309
f 1478/1478/2310 1488/1488/2310 1479/1479/2310
f 1478/1478/2311 1487/1487/2311 1488/1488/2311
f 1479/1479/2312 1480/1480/2312 1471/1471/2312
f 1479/1479/2313 1488/1488/2313 1480/1480/2313
f 1480/1480/2314 1482/1482/2314 1481/1481/2314
f 1480/1480/2314 1483/1483/2314 1482/1482/2314
f 1480/1480/2314 1484/1484/2314 1483/1483/2314
f 1480/1480/2314 1485/1485/2314 1484/1484/2314
f 1480/1480/2314 1486/1486/2314 1485/1485/2314
f 1480/1480/2314 1487/1487/2314 1486/1486/2314
f 1480/1480/2314 1488/1488/2314 1487/1487/2314
f 1461/1461/2315 1459/1459/2315 1460/1460/2315
f 1461/1461/2315 1458/1458/2315 1459/1459/2315
f 1461/1461/2315 1457/1457/2315 1458/1458/2315
f 1461/1461/2315 1456/1456/2315 1457/1457/2315
f 1461/1461/2315 1455/1455/2315 1456/1456/2315
f 1461/1461/2315 1454/1454/2315 1455/1455/2315
f 1461/1461/2315 1453/1453/2315 1454/1454/2315
f 1489/1489/2316 1499/1499/2316 1490/1490/2316
f 1489/1489/2317 1498/1498/2317 1499/1499/2317
f 1490/1490/2318 1500/1500/2318 1491/1491/2318
f 1490/1490/2319 1499/1499/2319 1500/1500/2319
f 1491/1491/2320 1501/1501/2320 1492/1492/2320
f 1491/1491/2321 1500/1500/2321 1501/1501/2321
f 1492/1492/2322 1502/1502/2322 1493/1493/2322
f 1492/1492/2323 1501/1501/2323 1502/1502/2323
f 1493/1493/2324 1503/1503/2324 1494/1494/2324
f 1493/1493/2325 1502/1502/2325 1503/1503/2325
f 1494/1494/2326 1504/1504/2326 1495/1495/2326
f 1494/1494/2327 1503/1503/2327 1504/1504/2327
f 1495/1495/2328 1505/1505/2328 1496/1496/2328
f 1495/1495/2329 1504/1504/2329 1505/1505/2329
f 1496/1496/2330 1506/1506/2330 1497/1497/2330
f 1496/1496/2331 1505/1505/2331 1506/1506/2331
f 1497/1497/2332 1498/1498/2332 1489/1489/2332
f 1497/1497/2333 1506/1506/2333 1498/1498/2333
f 1498/1498/2334 1508/1508/2334 1499/1499/2334
f 1498/1498/2335 1507/1507/2335 1508/1508/2335
f 1499/1499/2336 1509/1509/2336 1500/1500/2336
f 1499/1499/2337 1508/1508/2337 1509/1509/2337
f 1500/1500/2338 1510/1510/2338 1501/1501/2338
f 1500/1500/2339 1509/1509/2339 1510/1510/2339
f 1501/1501/2340 1511/1511/2340 1502/1502/2340
f 1501/1501/2341 1510/1510/2341 1511/1511/2341
f 1502/1502/2342 1512/1512/2342 1503/1503/2342
f 1502/1502/2343 1511/1511/2343 1512/1512/2343
f 1503/1503/2344 1513/1513/2344 1504/1504/2344
f 1503/1503/2345 1512/1512/2345 1513/1513/2345
f 1504/1504/2346 1514/1514/2346 1505/1505/2346
f 1504/1504/2347 1513/1513/2347 1514/1514/2347
f 1505/1505/2348 1515/1515/2348 1506/1506/2348
f 1505/1505/2349 1514/1514/2349 1515/1515/2349
f 1506/1506/2350 1507/1507/2350 1498/1498/2350
f 1506/1506/2351 1515/1515/2351 1507/1507/2351
f 1507/1507/2352 1517/1517/2352 1508/1508/2352
f 1507/1507/2353 1516/1516/2353 1517/1517/2353
f 1508/1508/2354 1518/1518/2354 1509/1509/2354
f 1508/1508/2355 1517/1517/2355 1518/1518/2355
f 1509/1509/2356 1519/1519/2356 1510/1510/2356
f 1509/1509/2357 1518/1518/2357 1519/1519/2357
f 1510/1510/2358 1520/1520/2358 1511/1511/2358
f 1510/1510/2359 1519/1519/2359 1520/1520/2359
f 1511/1511/2360 1521/1521/2360 1512/1512/2360
f 1511/1511/2361 1520/1520/2361 1521/1521/2361
f 1512/1512/2362 1522/1522/2362 1513/1513/2362
f 1512/1512/2363 1521/1521/2363 1522/1522/2363
f 1513/1513/2364 1523/1523/2364 1514/1514/2364
f 1513/1513/2365 1522/1522/2365 1523/1523/2365
f 1514/1514/2366 1524/1524/2366 1515/1515/2366
f 1514/1514/2367 1523/1523/2367 1524/1524/2367
f 1515/1515/2368 1516/1516/2368 1507/1507/2368
f 1515/1515/2369 1524/1524/2369 1516/1516/2369
f 1516/1516/2370 1518/1518/2370 1517/1517/2370
f 1516/1516/2370 1519/1519/2370 1518/1518/2370
f 1516/1516/2370 1520/1520/2370 1519/1519/2370
f 1516/1516/2370 1521/1521/2370 1520/1520/2370
f 1516/1516/2370 1522/1522/2370 1521/1521/2370
f 1516/1516/2370 1523/1523/2370 1522/1522/2370
f 1516/1516/2370 1524/1524/2370 1523/1523/2370
f 1497/1497/2371 1495/1495/2371 1496/1496/2371
f 1497/1497/2371 1494/1494/2371 1495/1495/2371
f 1497/1497/2371 1493/1493/2371 1494/1494/2371
f 1497/1497/2371 1492/1492/2371 1493/1493/2371
f 1497/1497/2371 1491/1491/2371 1492/1492/2371
f 1497/1497/2371 1490/1490/2371 1491/1491/2371
f 1497/1497/2371 1489/1489/2371 1490/1490/2371
f 1525/1525/2372 1535/1535/2372 1526/1526/2372
f 1525/1525/2373 1534/1534/2373 1535/1535/2373
f 1526/1526/2374 1536/1536/2374 1527/1527/2374
f 1526/1526/2375 1535/1535/2375 1536/1536/2375
f 1527/1527/2376 1537/1537/2376 1528/1528/2376
f 1527/1527/2377 1536/1536/2377 1537/1537/2377
f 1528/1528/2378 1538/1538/2378 1529/1529/2378
f 1528/1528/2379 1537/1537/2379 1538/1538/2379
f 1529/1529/2380 1539/1539/2380 1530/1530/2380
f 1529/1529/2381 1538/1538/2381 1539/1539/2381
f 1530/1530/2382 1540/1540/2382 1531/1531/2382
f 1530/1530/2383 1539/1539/2383 1540/1540/2383
f 1531/1531/2384 1541/1541/2384 1532/1532/2384
f 1531/1531/2385 1540/1540/2385 1541/1541/2385
f 1532/1532/2386 1542/1542/2386 1533/1533/2386
f 1532/1532/2387 1541/1541/2387 1542/1542/2387
f 1533/1533/2388 1534/1534/2388 1525/1525/2388
f 1533/1533/2389 1542/1542/2389 1534/1534/2389
f 1534/1534/2390 1544/1544/2390 1535/1535/2390
f 1534/1534/2391 1543/1543/2391 1544/1544/2391
f 1535/1535/2392 1545/1545/2392 1536/1536/2392
f 1535/1535/2393 1544/1544/2393 1545/1545/2393
f 1536/1536/2394 1546/1546/2394 1537/1537/2394
f 1536/1536/2395 1545/1545/2395 1546/1546/2395
f 1537/1537/2396 1547/1547/2396 1538/1538/2396
f 1537/1537/2397 1546/1546/2397 1547/1547/2397
f 1538/1538/2398 1548/1548/2398 1539/1539/2398
f 1538/1538/2399 1547/1547/2399 1548/1548/2399
f 1539/1539/2400 1549/1549/2400 1540/1540/2400
f 1539/1539/2401 1548/1548/2401 1549/1549/2401
f 1540/1540/2402 1550/1550/2402 1541/1541/2402
f 1540/1540/2403 1549/1549/2403 1550/1550/2403
f 1541/1541/2404 1551/1551/2404 1542/1542/2404
f 1541/1541/2405 1550/1550/2405 1551/1551/2405
f 1542/1542/2406 1543/1543/2406 1534/1534/2406
f 1542/1542/2407 1551/1551/2407 1543/1543/2407
f 1543/1543/2408 1553/1553/2408 1544/1544/2408
f 1543/1543/2409 1552/1552/2409 1553/1553/2409
f 1544/1544/2410 1554/1554/2410 1545/1545/2410
f 1544/1544/2411 1553/1553/2411 1554/1554/2411
f 1545/1545/2412 1555/1555/2412 1546/1546/2412
f 1545/1545/2413 1554/1554/2413 1555/1555/2413
f 1546/1546/2414 1556/1556/2414 1547/1547/2414
f 1546/1546/2415 1555/1555/2415 1556/1556/2415
f 1547/1547/2416 1557/1557/2416 1548/1548/2416
f 1547/1547/2417 1556/1556/2417 1557/1557/2417
f 1548/1548/2418 1558/1558/2418 1549/1549/2418
f 1548/1548/2419 1557/1557/2419 1558/1558/2419
f 1549/1549/2420 1559/1559/2420 1550/1550/2420
f 1549/1549/2421 1558/1558/2421 1559/1559/2421
f 1550/1550/2422 1560/1560/2422 1551/1551/2422
f 1550/1550/2423 1559/1559/2423 1560/1560/2423
f 1551/1551/2424 1552/1552/2424 1543/1543/2424
f 1551/1551/2425 1560/1560/2425 1552/1552/2425
f 1552/1552/2426 1554/1554/2426 1553/1553/2426
f 1552/1552/2426 1555/1555/2426 1554/1554/2426
f 1552/1552/2426 1556/1556/2426 1555/1555/2426
f 1552/1552/2426 1557/1557/2426 1556/1556/2426
f 1552/1552/2426 1558/1558/2426 1557/1557/2426
f 1552/1552/2426 1559/1559/2426 1558/1558/2426
f 1552/1552/2426 1560/1560/2426 1559/1559/2426
f 1533/1533/2427 1531/1531/2427 1532/1532/2427
f 1533/1533/2427 1530/1530/2427 1531/1531/2427
f 1533/1533/2427 1529/1529/2427 1530/1530/2427
f 1533/1533/2427 1528/1528/2427 1529/1529/2427
f 1533/1533/2427 1527/1527/2427 1528/1528/2427
f 1533/1533/2427 1526/1526/2427 1527/1527/2427
f 1533/1533/2427 1525/1525/2427 1526/1526/2427
