# JudeanFloraV1; canonical UE cm (X east, +Y south, Z up), written with Y reflected and triangle winding reversed for the legacy OBJ importer adapter. One o object, no g groups, so the importer creates exactly one material slot.
# carob (Ceratonia siliqua), StreetTreesV1 seed 0, LOD0 bark
# height 5.5-10.0 m, crown 6.0-10.0 m; source: Zohary, M., Plants of the Bible (Cambridge University Press, 1982), species entry Ceratonia siliqua; a dense evergreen of 5.5-10 m with a broad crown
# branching is recursive with da Vinci child radii; leaf sprays are anchored to branch tips. Stylised habit, not a survey of any tree.
o SM_StreetTreesV1_Carob_S0_L0_Bark
s off
v 0.00000 46.36916 -2.52771
v 20.13955 34.83233 -3.19354
v 40.13388 23.04434 -3.83634
v 40.27910 -0.14074 -2.58180
v 40.13388 -23.32481 -1.30864
v 20.13955 -34.97307 0.61174
v 0.00000 -46.36916 2.52771
v -20.13955 -34.83233 3.19354
v -40.13388 -23.04434 3.83634
v -40.27910 0.14074 2.58180
v -40.13388 23.32481 1.30864
v -20.13955 34.97307 -0.61174
v 5.31214 38.03040 56.49149
v 20.15647 28.82454 56.21127
v 34.71618 19.17389 55.96576
v 34.19535 1.73288 56.81450
v 33.14646 -15.68316 57.68750
v 17.78130 -23.91831 58.81647
v 2.17270 -31.68369 59.93498
v -12.67163 -22.47783 60.21521
v -27.23134 -12.82717 60.46072
v -26.71051 4.61384 59.61197
v -25.66162 22.02987 58.73897
v -10.29645 30.26502 57.61000
v 8.07133 32.71320 115.01867
v 19.57408 25.28463 114.95684
v 30.42516 16.93270 114.96967
v 29.76004 3.27631 115.71897
v 27.96775 -10.27607 116.50736
v 15.79988 -16.50389 117.31850
v 3.15652 -21.70433 118.09406
v -8.34624 -14.27576 118.15589
v -19.19731 -5.92383 118.14305
v -18.53219 7.73256 117.39375
v -16.73991 21.28493 116.60536
v -4.57203 27.51275 115.79423
v 11.35892 31.43681 173.04620
v 20.75772 25.30931 172.90357
v 29.01202 17.70867 172.93457
v 28.43641 6.53294 173.75661
v 26.00774 -4.38333 174.67356
v 16.03332 -9.43156 175.63823
v 5.35036 -12.74719 176.52419
v -4.04845 -6.61968 176.66682
v -12.30274 0.98096 176.63582
v -11.72713 12.15669 175.81378
v -9.29846 23.07296 174.89683
v 0.67595 28.12119 173.93216
v 16.07831 32.12080 230.98781
v 24.08374 27.00088 230.79610
v 30.38717 19.88824 230.91632
v 30.00152 10.43079 231.77959
v 27.02764 1.46214 232.80750
v 18.63656 -2.87538 233.86248
v 9.35924 -4.73139 234.77018
v 1.35381 0.38853 234.96189
v -4.94962 7.50117 234.84167
v -4.56397 16.95862 233.97840
v -1.59008 25.92726 232.95049
v 6.80100 30.26479 231.89551
v 21.20157 34.96442 288.93215
v 28.13308 30.71917 288.77001
v 32.82369 24.08449 289.04090
v 32.65884 15.99903 289.87305
v 29.28450 8.67448 290.90218
v 22.18813 4.83427 291.89647
v 14.12317 4.14441 292.65470
v 7.19166 8.38966 292.81685
v 2.50105 15.02434 292.54595
v 2.66591 23.10980 291.71380
v 6.04025 30.43435 290.68468
v 13.13662 34.27456 289.69038
v 17.66237 29.46340 288.93998
v 22.94049 27.64063 287.89899
v 26.54284 23.25055 287.77696
v 27.32570 17.68697 288.61263
v 25.04053 12.71630 290.14070
v 20.41284 9.91667 291.87600
v 14.91190 10.17697 293.26759
v 10.28422 13.41453 293.87365
v 7.99904 18.60147 293.50177
v 8.78191 24.09096 292.27000
v 12.38426 28.14013 290.56944
v 35.35282 40.63471 356.70793
v 39.89039 39.09873 355.96927
v 42.98731 35.37005 355.98950
v 43.66034 30.63250 356.76220
v 41.69578 26.39022 358.04205
v 37.71738 23.99011 359.42269
v 32.98825 24.19418 360.46579
v 29.00986 26.93764 360.84017
v 27.04530 31.34946 360.42697
v 27.71833 36.02892 359.35737
v 30.81525 39.49033 357.97097
v 48.77467 53.08765 425.10787
v 52.55293 51.82198 424.62307
v 55.13163 48.74992 424.78133
v 55.69203 44.84684 425.53239
v 54.05622 41.35192 426.63781
v 50.74356 39.37480 427.74662
v 46.80579 39.54317 428.50678
v 43.49312 41.80360 428.67694
v 41.85731 45.43841 428.20309
v 42.41772 49.29357 427.23566
v 44.99641 52.14510 426.08181
v 62.88354 67.79540 492.99136
v 65.87470 66.78274 492.60965
v 67.91618 64.34838 492.76583
v 68.35984 61.26520 493.41031
v 67.06481 58.51209 494.33848
v 64.44226 56.96315 495.25565
v 61.32483 57.11016 495.87062
v 58.70228 58.90643 495.98815
v 57.40725 61.78167 495.57091
v 57.85090 64.82301 494.75139
v 59.89239 67.06484 493.78977
v 62.88354 65.92905 494.11025
v 64.95129 65.20890 493.62315
v 66.22922 63.37948 493.39605
v 66.22922 61.13958 493.51569
v 64.95129 59.34477 493.93637
v 62.88354 58.68059 494.49741
v 60.81580 59.40075 494.98451
v 59.53786 61.23017 495.21161
v 59.53786 63.47006 495.09197
v 60.81580 65.26488 494.67129
v 75.31933 68.01377 543.13554
v 77.07987 67.40839 542.69076
v 78.16794 65.85181 542.45207
v 78.16794 63.93860 542.51064
v 77.07987 62.39954 542.84409
v 75.31933 61.82250 543.32507
v 73.55880 62.42788 543.76985
v 72.47073 63.98446 544.00854
v 72.47073 65.89766 543.94997
v 73.55880 67.43672 543.61651
v 88.59487 67.86001 592.05324
v 90.05564 67.37739 591.67137
v 90.95845 66.09964 591.41665
v 90.95845 64.51481 591.38636
v 90.05564 63.22826 591.59208
v 88.59487 62.73140 591.95522
v 87.13410 63.21402 592.33709
v 86.23129 64.49177 592.59181
v 86.23129 66.07660 592.62210
v 87.13410 67.36316 592.41638
v 100.29351 65.07747 641.22316
v 101.45572 64.70235 640.92923
v 102.17402 63.69499 640.71207
v 102.17402 62.44018 640.65464
v 101.45572 61.41719 640.77886
v 100.29351 61.01679 641.03730
v 99.13129 61.39191 641.33124
v 98.41300 62.39927 641.54839
v 98.41300 63.65408 641.60583
v 99.13129 64.67706 641.48160
v 100.29351 64.34207 641.30510
v 101.06619 64.08317 640.93786
v 101.47733 63.33951 640.66064
v 101.33454 62.45903 640.60314
v 100.70464 61.85373 640.79228
v 99.88237 61.80684 641.13955
v 99.25247 62.34029 641.48246
v 99.10968 63.20448 641.66056
v 99.52082 63.99504 641.59051
v 115.43939 59.39930 676.47393
v 116.10729 59.16868 676.18671
v 116.46267 58.52741 675.97638
v 116.33924 57.77554 675.94135
v 115.79477 57.26489 676.09802
v 115.08401 57.23439 676.37308
v 114.53954 57.69831 676.63782
v 114.41612 58.43958 676.76837
v 114.77150 59.11136 676.70364
v 128.30730 56.03887 712.69781
v 128.87224 55.83472 712.50254
v 129.17284 55.29488 712.37144
v 129.06844 54.67196 712.36586
v 128.60790 54.25741 712.48841
v 128.00670 54.24522 712.68175
v 127.54616 54.64108 712.85541
v 127.44176 55.25978 712.92814
v 127.74236 55.81180 712.86590
v 139.12156 54.39643 749.72865
v 139.57311 54.23052 749.59038
v 139.81338 53.80011 749.50341
v 139.72994 53.30660 749.50842
v 139.36183 52.98090 749.60308
v 138.88129 52.97541 749.74308
v 138.51318 53.29271 749.86293
v 138.42974 53.78432 749.90654
v 138.67000 54.22021 749.85351
v 99.25945 63.42457 641.13023
v 99.68342 63.83500 641.59797
v 100.39285 63.87678 641.84685
v 101.05580 63.53036 641.76042
v 101.36206 62.95782 641.37911
v 101.16834 62.42708 640.88135
v 100.56527 62.18646 640.50005
v 99.83504 62.34856 640.41362
v 99.31933 62.83753 640.66249
v 92.20174 43.61780 664.98386
v 92.55971 43.97339 665.38170
v 93.16483 44.01681 665.59338
v 93.73395 43.72775 665.51987
v 94.00078 43.24145 665.19554
v 93.84047 42.78547 664.77217
v 93.32802 42.57316 664.44785
v 92.70322 42.70387 664.37433
v 92.25841 43.11642 664.58602
v 85.67305 23.80694 688.95567
v 85.98119 24.09980 689.27571
v 86.48470 24.12454 689.44600
v 86.94800 23.86959 689.38686
v 87.15429 23.45424 689.12596
v 87.00705 23.07284 688.78538
v 86.57518 22.90385 688.52448
v 86.06075 23.02635 688.46534
v 85.70448 23.38300 688.63563
v 77.87640 5.61258 713.80420
v 78.13279 5.83838 714.05135
v 78.53341 5.84277 714.18285
v 78.89079 5.62369 714.13718
v 79.03772 5.28365 713.93571
v 78.90545 4.98177 713.67270
v 78.55586 4.85928 713.47122
v 78.15253 4.97352 713.42555
v 77.88419 5.27102 713.55705
v 101.34547 62.72292 641.13023
v 100.91906 62.21377 641.48510
v 100.19995 62.09457 641.67393
v 99.52462 62.42107 641.60835
v 99.20905 63.04052 641.31906
v 99.40092 63.66306 640.94141
v 100.01043 63.99740 640.65212
v 100.75240 63.88710 640.58654
v 101.27965 63.38377 640.77536
v 105.83047 77.82817 668.22180
v 105.48970 77.37087 668.51780
v 104.88196 77.23407 668.67529
v 104.29162 77.48180 668.62060
v 103.99490 77.99813 668.37930
v 104.13064 78.54147 668.06431
v 104.63533 78.85758 667.82301
v 105.27282 78.79856 667.76831
v 105.74482 78.39201 667.92581
v 108.49868 92.68957 695.69350
v 108.24372 92.27893 695.91602
v 107.74930 92.12186 696.03442
v 107.24676 92.29186 695.99330
v 106.97124 92.70938 695.81190
v 107.05166 93.17906 695.57510
v 107.45040 93.48113 695.39370
v 107.98087 93.47424 695.35258
v 108.39487 93.16163 695.47098
v 109.61919 106.06859 724.01182
v 110.01471 105.92709 724.04852
v 110.22516 105.58818 724.18509
v 110.15207 105.21043 724.35764
v 109.82964 104.97061 724.48542
v 109.40873 104.98092 724.50865
v 109.08630 105.23654 724.41645
v 109.01321 105.61787 724.25197
v 109.22367 105.94647 724.09217
v 65.57471 63.75598 494.30383
v 65.78961 62.12715 495.23735
v 64.89448 60.56619 495.81430
v 63.23125 59.66933 495.81430
v 61.43520 59.77914 495.23735
v 60.19237 60.85367 494.30383
v 59.97748 62.48249 493.37031
v 60.87260 64.04345 492.79336
v 62.53584 64.94032 492.79336
v 64.33188 64.83051 493.37031
v 52.82032 86.45700 536.91178
v 53.08478 85.06165 537.67544
v 52.39644 83.68196 538.14741
v 51.01822 82.84493 538.14741
v 49.47656 82.87027 537.67544
v 48.36031 83.74830 536.91178
v 48.09586 85.14365 536.14813
v 48.78420 86.52334 535.67616
v 50.16242 87.36038 535.67616
v 51.70408 87.33504 536.14813
v 38.83043 106.04513 580.72952
v 39.19506 104.90052 581.31265
v 38.76797 103.68774 581.67305
v 37.71228 102.87003 581.67305
v 36.43123 102.75972 581.31265
v 35.41414 103.39896 580.72952
v 35.04951 104.54356 580.14638
v 35.47660 105.75634 579.78598
v 36.53229 106.57406 579.78598
v 37.81334 106.68436 580.14638
v 23.85173 122.41358 625.45239
v 24.20205 121.51971 625.89742
v 23.92733 120.53550 626.17246
v 23.13252 119.83690 626.17246
v 22.12121 119.69073 625.89742
v 21.27967 120.15284 625.45239
v 20.92936 121.04671 625.00737
v 21.20407 122.03092 624.73232
v 21.99888 122.72952 624.73232
v 23.01020 122.87569 625.00737
v 23.43487 121.95869 625.45239
v 23.60617 121.31859 625.81003
v 23.29063 120.66193 626.00032
v 22.63588 120.29597 625.93423
v 21.94830 120.39196 625.64269
v 21.54960 120.90497 625.26210
v 21.62635 121.59497 624.97056
v 22.14264 122.13909 624.90447
v 22.85687 122.28274 625.09476
v 13.35807 134.65969 653.21284
v 13.47987 134.10040 653.50478
v 13.18404 133.55157 653.66012
v 12.60900 133.26999 653.60617
v 12.02382 133.38742 653.36818
v 11.70231 133.84891 653.05750
v 11.79491 134.43853 652.81951
v 12.25829 134.88038 652.76556
v 12.87563 134.96772 652.92090
v 5.47898 147.16107 681.73925
v 5.52955 146.68101 681.96315
v 5.23557 146.25379 682.08228
v 4.73459 146.07930 682.04091
v 4.26103 146.23918 681.85839
v 4.03647 146.65864 681.62012
v 4.16598 147.14139 681.43759
v 4.58897 147.46155 681.39622
v 5.10751 147.46933 681.51535
v -1.00470 160.07555 710.46949
v -0.61495 159.97218 710.59283
v -0.40757 159.65306 710.77438
v -0.47959 159.26750 710.92917
v -0.79732 158.99591 710.98479
v -1.21208 158.96537 710.91520
v -1.52981 159.19017 710.75298
v -1.60184 159.56513 710.57402
v -1.39445 159.91479 710.46206
v 22.56570 122.21007 625.42290
v 23.11828 121.98612 625.20639
v 23.41230 121.43327 625.10499
v 23.31019 120.81020 625.16614
v 22.85972 120.40847 625.36124
v 22.27168 120.41603 625.59898
v 21.82121 120.82936 625.76814
v 21.71910 121.45505 625.78956
v 22.01312 122.00034 625.65321
v 33.29006 122.91652 651.90655
v 33.76197 122.72100 651.72747
v 34.01307 122.24728 651.65303
v 33.92587 121.71703 651.71805
v 33.54116 121.37835 651.89211
v 33.03896 121.38972 652.09378
v 32.65425 121.74582 652.22867
v 32.56705 122.28002 652.23369
v 32.81815 122.74237 652.10647
v 43.90332 124.92176 678.35930
v 44.29336 124.75409 678.21545
v 44.50090 124.35963 678.16791
v 44.42882 123.92293 678.23892
v 44.11086 123.64835 678.39525
v 43.69578 123.66436 678.56376
v 43.37782 123.96347 678.66559
v 43.30574 124.40572 678.65310
v 43.51328 124.78418 678.53214
v 54.88562 127.65102 704.61530
v 55.19383 127.51633 704.50105
v 55.35783 127.20311 704.46663
v 55.30087 126.85792 704.52814
v 55.04962 126.64227 704.65680
v 54.72163 126.65708 704.79240
v 54.47037 126.89540 704.87150
v 54.41342 127.24573 704.85709
v 54.57741 127.54415 704.75591
v 22.83085 122.17183 625.45239
v 23.10663 121.86313 625.93305
v 23.12931 121.28309 626.18879
v 22.88827 120.70310 626.09997
v 22.49630 120.39455 625.70814
v 22.13680 120.50182 625.19664
v 21.97799 120.97471 624.80481
v 22.09418 121.59195 624.71599
v 22.43100 122.06473 624.97174
v -1.76367 129.36839 644.24667
v -1.51033 129.10001 644.64265
v -1.48096 128.60227 644.85334
v -1.68929 128.10806 644.78017
v -2.03786 127.84863 644.45737
v -2.36355 127.94537 644.03598
v -2.51398 128.35301 643.71318
v -2.41876 128.88081 643.64001
v -2.12244 129.28182 643.85070
v -24.63830 135.98713 665.30286
v -24.39747 135.76113 665.60595
v -24.35139 135.34543 665.76721
v -24.52161 134.93455 665.71121
v -24.82849 134.72074 665.46413
v -25.12843 134.80404 665.14159
v -25.28110 135.14549 664.89452
v -25.21505 135.58530 664.83851
v -24.96119 135.91769 664.99978
v -45.87670 141.33795 688.33910
v -45.67284 141.15975 688.56903
v -45.62519 140.82968 688.69138
v -45.75605 140.50218 688.64889
v -46.00419 140.33050 688.46144
v -46.25350 140.39496 688.21675
v -46.38732 140.66540 688.02931
v -46.34304 141.01528 687.98681
v -46.14138 141.28089 688.10916
v 65.38336 60.54438 494.30383
v 64.29018 60.00622 495.74814
v 62.65970 60.34604 496.64077
v 61.11473 61.43405 496.64077
v 60.24538 62.85467 495.74814
v 60.38372 64.06526 494.30383
v 61.47691 64.60343 492.85952
v 63.10738 64.26361 491.96689
v 64.65236 63.17560 491.96689
v 65.52170 61.75498 492.85952
v 88.55844 94.23443 524.51385
v 87.62500 93.71762 525.72286
v 86.21409 93.94372 526.47007
v 84.86463 94.82637 526.47007
v 84.09207 96.02843 525.72286
v 84.19150 97.09075 524.51385
v 85.12494 97.60756 523.30484
v 86.53585 97.38146 522.55763
v 87.88531 96.49881 522.55763
v 88.65787 95.29675 523.30484
v 108.51317 128.12159 556.72454
v 107.71856 127.61110 557.66854
v 106.52286 127.72528 558.25196
v 105.38277 128.42050 558.25196
v 104.73378 129.43123 557.66854
v 104.82378 130.37139 556.72454
v 105.61839 130.88187 555.78054
v 106.81410 130.76770 555.19712
v 107.95418 130.07247 555.19712
v 108.60317 129.06175 555.78054
v 127.08510 159.13346 592.36294
v 126.43619 158.70336 593.07967
v 125.47827 158.78049 593.52263
v 124.57723 159.33539 593.52263
v 124.07725 160.15610 593.07967
v 124.16929 160.92915 592.36294
v 124.81820 161.35925 591.64621
v 125.77612 161.28212 591.20324
v 126.67716 160.72722 591.20324
v 127.17714 159.90651 591.64621
v 126.42522 159.27309 592.36294
v 125.86696 159.05942 592.82084
v 125.19652 159.30050 593.06448
v 124.72759 159.88354 592.97987
v 124.67960 160.53571 592.60658
v 125.07500 160.95187 592.11929
v 125.72878 160.93729 591.74600
v 126.33503 160.49878 591.66139
v 126.61007 159.84154 591.90503
v 139.87311 173.66147 615.57356
v 139.39453 173.48320 615.96350
v 138.82416 173.69412 616.17098
v 138.42887 174.19553 616.09892
v 138.39362 174.75283 615.78104
v 138.73492 175.10524 615.36608
v 139.29305 175.08786 615.04821
v 139.80688 174.70884 614.97615
v 140.03596 174.14551 615.18363
v 153.54916 187.74446 638.85249
v 153.14545 187.58219 639.15880
v 152.66608 187.74582 639.32178
v 152.33534 188.15880 639.26518
v 152.30800 188.62788 639.01547
v 152.59685 188.93358 638.68951
v 153.06673 188.93286 638.43980
v 153.49778 188.62605 638.38320
v 153.68830 188.15672 638.54618
v 165.25075 200.99028 663.65669
v 164.92761 200.84677 663.88646
v 164.54126 200.96334 664.00872
v 164.27246 201.28545 663.96626
v 164.24700 201.66238 663.77895
v 164.47679 201.91775 663.53443
v 164.85430 201.93209 663.34712
v 165.20290 201.69867 663.30466
v 165.35947 201.32672 663.42692
v 125.62720 160.91797 592.09133
v 126.19744 160.76137 592.32084
v 126.50086 160.26316 592.57005
v 126.39548 159.65647 592.72235
v 125.93062 159.22517 592.70647
v 125.32378 159.17106 592.52986
v 124.85891 159.51948 592.27513
v 124.75353 160.10738 592.06150
v 125.05695 160.65969 591.98891
v 115.20196 170.81700 624.87108
v 115.68769 170.68611 625.07093
v 115.94614 170.26349 625.28909
v 115.85638 169.74688 625.42348
v 115.46041 169.37802 625.41122
v 114.94351 169.32949 625.25805
v 114.54755 169.62401 625.03563
v 114.45779 170.12376 624.84804
v 114.71624 170.59491 624.78305
v 104.37436 181.29946 657.32772
v 104.77639 181.19525 657.49639
v 104.99031 180.84978 657.68567
v 104.91601 180.42470 657.80700
v 104.58828 180.11890 657.80361
v 104.16044 180.07547 657.67707
v 103.83270 180.31474 657.48661
v 103.75841 180.72474 657.32134
v 103.97233 181.11364 657.25858
v 94.21951 192.59404 689.74111
v 94.33193 192.29029 689.88699
v 94.21215 191.96501 689.96461
v 93.91621 191.77038 689.93766
v 93.58259 191.79749 689.81873
v 93.36738 192.03365 689.66348
v 93.37129 192.36835 689.54456
v 93.59249 192.64499 689.51760
v 93.92748 192.73412 689.59522
v 126.53737 159.85376 592.36294
v 126.32317 159.88886 592.95898
v 125.78332 159.99061 593.27612
v 125.17042 160.11140 593.16598
v 124.77124 160.19471 592.68008
v 124.77258 160.20156 592.04579
v 125.17380 160.12875 591.55989
v 125.78717 160.01034 591.44975
v 126.32569 159.90174 591.76690
v 133.30208 195.24488 592.75915
v 133.11571 195.25336 593.26727
v 132.65157 195.32031 593.53764
v 132.12685 195.41440 593.44374
v 131.78707 195.49161 593.02952
v 131.79121 195.51580 592.48878
v 132.13733 195.47566 592.07455
v 132.66349 195.38998 591.98065
v 133.12348 195.29883 592.25102
v 138.40074 230.81690 595.62641
v 138.24279 230.78843 596.04495
v 137.85440 230.81061 596.26765
v 137.41730 230.87305 596.19031
v 137.13601 230.94653 595.84911
v 137.14216 230.99668 595.40371
v 137.43287 231.00002 595.06251
v 137.87210 230.95500 594.98516
v 138.25435 230.88268 595.20787
v 141.74257 266.30762 600.87071
v 141.61692 266.27110 601.20096
v 141.30823 266.27536 601.37668
v 140.96094 266.31842 601.31565
v 140.73756 266.38013 601.04643
v 140.74261 266.43161 600.69499
v 140.97372 266.44877 600.42578
v 141.32276 266.42359 600.36475
v 141.62640 266.36785 600.54047
v 9.57207 22.13641 290.79343
v 11.89186 24.97107 293.87251
v 16.04375 26.08598 295.97400
v 20.70954 25.12717 296.43070
v 24.40787 22.39905 295.09760
v 25.96456 18.76777 292.39796
v 24.88536 15.38625 289.18889
v 21.51291 13.32810 286.48925
v 16.91795 13.24675 285.15615
v 12.55933 15.16805 285.61285
v 9.82089 18.48198 287.71435
v -0.34376 -13.04125 330.95105
v 1.58752 -10.46986 333.46731
v 5.11788 -9.34706 335.18466
v 9.12645 -10.02933 335.55788
v 12.34054 -12.30006 334.46846
v 13.73970 -15.43831 332.26229
v 12.87971 -18.44770 329.63981
v 10.03360 -20.37278 327.43364
v 6.10500 -20.60234 326.34423
v 2.34121 -19.06351 326.71744
v -0.06280 -16.24484 328.43480
v -7.19025 -45.57202 373.70883
v -5.54245 -43.31368 375.61125
v -2.58804 -42.30368 376.90966
v 0.73497 -42.86268 377.19183
v 3.37155 -44.81320 376.36817
v 4.48460 -47.53597 374.70020
v 3.72075 -50.16652 372.71747
v 1.32250 -51.86968 371.04949
v -1.94872 -52.10470 370.22584
v -5.05431 -50.79697 370.50801
v -7.00828 -48.36168 371.80642
v -15.57314 -74.43527 418.58593
v -14.17903 -72.65505 420.02396
v -11.79617 -71.92065 421.00542
v -9.18110 -72.46523 421.21871
v -7.16408 -74.11589 420.59612
v -6.38552 -76.34856 419.33530
v -7.09259 -78.45438 417.83656
v -9.06080 -79.76477 416.57574
v -11.66526 -79.86369 415.95314
v -14.07908 -78.71973 416.16644
v -15.53588 -76.69609 417.14790
v -13.83707 -74.65958 418.58593
v -12.76773 -73.74511 419.84727
v -11.04792 -73.67247 420.62682
v -9.33456 -74.46940 420.62682
v -8.28208 -75.83149 419.84727
v -8.29250 -77.23848 418.58593
v -9.36184 -78.15294 417.32459
v -11.08165 -78.22559 416.54503
v -12.79501 -77.42866 416.54503
v -13.84749 -76.06656 417.32459
v -25.59438 -101.00338 447.78273
v -24.68934 -100.15952 448.81661
v -23.21441 -100.03148 449.45558
v -21.73295 -100.66819 449.45558
v -20.81084 -101.82644 448.81661
v -20.80028 -103.06381 447.78273
v -21.70532 -103.90768 446.74885
v -23.18026 -104.03571 446.10988
v -24.66172 -103.39901 446.10988
v -25.58383 -102.24076 446.74885
v -34.90381 -125.95642 479.07595
v -34.18189 -125.15282 479.86094
v -32.95766 -124.93136 480.34608
v -31.69875 -125.37664 480.34608
v -30.88601 -126.31856 479.86094
v -30.82988 -127.39735 479.07595
v -31.55180 -128.20095 478.29097
v -32.77602 -128.42240 477.80583
v -34.03494 -127.97713 477.80583
v -34.84768 -127.03521 478.29097
v -41.71300 -149.25161 512.16849
v -41.15859 -148.57355 512.76232
v -40.19170 -148.34950 513.12933
v -39.18164 -148.66504 513.12933
v -38.51424 -149.39965 512.76232
v -38.44440 -150.27272 512.16849
v -38.99881 -150.95078 511.57465
v -39.96570 -151.17483 511.20764
v -40.97576 -150.85928 511.20764
v -41.64317 -150.12468 511.57465
v -41.15213 -149.51828 512.16849
v -40.78938 -149.08406 512.66533
v -40.09409 -148.96714 512.92969
v -39.39160 -149.22221 512.83788
v -39.01062 -149.72994 512.43285
v -39.12940 -150.25274 511.90412
v -39.69237 -150.54600 511.49910
v -40.43611 -150.47249 511.40728
v -41.01261 -150.06661 511.67165
v -44.89528 -166.72503 530.05892
v -44.57019 -166.35910 530.47517
v -43.97254 -166.27771 530.69666
v -43.38198 -166.51894 530.61974
v -43.07485 -166.96993 530.28040
v -43.19485 -167.41964 529.83743
v -43.68583 -167.65765 529.49810
v -44.31806 -167.57260 529.42117
v -44.79571 -167.20428 529.64266
v -49.75483 -183.00769 548.55326
v -49.47588 -182.69014 548.87652
v -48.97721 -182.62025 549.04851
v -48.49216 -182.83071 548.98878
v -48.24769 -183.22305 548.72526
v -48.35818 -183.61369 548.38127
v -48.77194 -183.81984 548.11775
v -49.29537 -183.74504 548.05802
v -49.68355 -183.42430 548.23001
v -53.41925 -198.04681 568.36275
v -53.20238 -197.77969 568.60652
v -52.80747 -197.70875 568.73622
v -52.41931 -197.86719 568.69118
v -52.21951 -198.18088 568.49246
v -52.30157 -198.50303 568.23305
v -52.62709 -198.68290 568.03433
v -53.04375 -198.63634 567.98929
v -53.35660 -198.38513 568.11899
v -40.06327 -148.83496 512.16849
v -39.57837 -149.06002 512.50996
v -39.32759 -149.61361 512.69165
v -39.42826 -150.23672 512.62855
v -39.83328 -150.63777 512.35018
v -40.35313 -150.62912 511.98679
v -40.74458 -150.21481 511.70842
v -40.82445 -149.58870 511.64532
v -40.55538 -149.04376 511.82701
v -56.62362 -148.69609 535.81390
v -56.19914 -148.87007 536.10121
v -55.96349 -149.33278 536.25408
v -56.02694 -149.86771 536.20099
v -56.35980 -150.22457 535.96677
v -56.80632 -150.23637 535.66102
v -57.15757 -149.89760 535.42681
v -57.24919 -149.36676 535.37371
v -57.03832 -148.89225 535.52659
v -72.66050 -149.96793 559.76288
v -72.30420 -150.11327 559.99280
v -72.10774 -150.49716 560.11514
v -72.16302 -150.93997 560.07266
v -72.44420 -151.23449 559.88522
v -72.81969 -151.24293 559.64053
v -73.11381 -150.96133 559.45310
v -73.18893 -150.52146 559.41061
v -73.00990 -150.12913 559.53295
v -88.05979 -149.67515 584.13506
v -87.78127 -149.80443 584.31365
v -87.63982 -150.11612 584.40868
v -87.70163 -150.46436 584.37567
v -87.93778 -150.68622 584.23008
v -88.23777 -150.67788 584.04003
v -88.46124 -150.44325 583.89444
v -88.50361 -150.09211 583.86144
v -88.34507 -149.78876 583.95647
v -40.18607 -150.68325 512.16849
v -40.64204 -150.41168 512.51593
v -40.83442 -149.83619 512.70080
v -40.67318 -149.22606 512.63659
v -40.23379 -148.86678 512.35336
v -39.72182 -148.92646 511.98362
v -39.37685 -149.37717 511.70038
v -39.36028 -150.00803 511.63618
v -39.67986 -150.52384 511.82105
v -26.11446 -152.18584 531.94556
v -26.50044 -151.93538 532.23067
v -26.64628 -151.43666 532.38237
v -26.48373 -150.92304 532.32969
v -26.08886 -150.63485 532.09726
v -25.64642 -150.70694 531.79386
v -25.36345 -151.10557 531.56144
v -25.37234 -151.64422 531.50875
v -25.66894 -152.07085 531.66045
v -13.33168 -154.78109 552.45274
v -13.64385 -154.54207 552.66804
v -13.73324 -154.11802 552.78260
v -13.55802 -153.70735 552.74282
v -13.20018 -153.50221 552.56730
v -12.82715 -153.59861 552.33818
v -12.61348 -153.95142 552.16266
v -12.65915 -154.39557 552.12287
v -12.94279 -154.72323 552.23743
v -2.06903 -158.12122 573.75279
v -2.31224 -157.91887 573.91431
v -2.36988 -157.57905 574.00026
v -2.21498 -157.26077 573.97041
v -1.92003 -157.11296 573.83873
v -1.62303 -157.20477 573.66684
v -1.46295 -157.49326 573.53517
v -1.51470 -157.84342 573.50532
v -1.75406 -158.09143 573.59127
v -11.06479 -73.55449 417.63702
v -9.59648 -73.87587 418.16127
v -8.68901 -74.98913 418.84773
v -8.68901 -76.46903 419.43418
v -9.59648 -77.75032 419.69664
v -11.06479 -78.34357 419.53484
v -12.53309 -78.02218 419.01059
v -13.44056 -76.90893 418.32413
v -13.44056 -75.42902 417.73767
v -12.53309 -74.14774 417.47522
v -18.69002 -60.87121 453.64193
v -18.41710 -62.07525 454.20854
v -18.95530 -63.27230 454.55872
v -20.09906 -64.00515 454.55872
v -21.41149 -63.99385 454.20854
v -22.39130 -63.24274 453.64193
v -22.66423 -62.03870 453.07533
v -22.12602 -60.84164 452.72515
v -20.98226 -60.10880 452.72515
v -19.66983 -60.12009 453.07533
v -29.46204 -45.55708 487.75976
v -28.41320 -45.79630 488.08863
v -27.76498 -46.58551 488.56023
v -27.76498 -47.62326 488.99442
v -28.41320 -48.51316 489.22537
v -29.46204 -48.91530 489.16485
v -30.51089 -48.67608 488.83599
v -31.15911 -47.88687 488.36439
v -31.15911 -46.84912 487.93019
v -30.51089 -45.95922 487.69925
v -35.87157 -31.31504 523.37965
v -35.03535 -31.51665 523.61369
v -34.51854 -32.15077 523.96791
v -34.51854 -32.97521 524.30700
v -35.03535 -33.67505 524.50144
v -35.87157 -33.98298 524.47697
v -36.70779 -33.78138 524.24293
v -37.22460 -33.14725 523.88871
v -37.22460 -32.32281 523.54962
v -36.70779 -31.62297 523.35518
v -35.05351 -32.21230 523.92831
v -35.01063 -32.75330 524.25671
v -35.37059 -33.24551 524.43145
v -35.96497 -33.45861 524.37077
v -36.51564 -33.29289 524.10305
v -36.76494 -32.82589 523.75357
v -36.59623 -32.27613 523.48585
v -36.08843 -31.90085 523.42516
v -35.47917 -31.87563 523.59990
v -42.62205 -18.32555 547.82714
v -42.56212 -18.78768 548.10254
v -42.84829 -19.22315 548.24907
v -43.34665 -19.42821 548.19818
v -43.82401 -19.30690 547.97367
v -44.05702 -18.91598 547.68060
v -43.93665 -18.43838 547.45609
v -43.51921 -18.09756 547.40520
v -43.00004 -18.05300 547.55174
v -51.17970 -5.68722 572.06217
v -51.12596 -6.07697 572.27698
v -51.36080 -6.44128 572.39128
v -51.77432 -6.60970 572.35158
v -52.17303 -6.50341 572.17647
v -52.37038 -6.17215 571.94787
v -52.27402 -5.77092 571.77275
v -51.92903 -5.48746 571.73305
v -51.49685 -5.45440 571.84735
v -57.78072 6.58649 597.06023
v -57.75275 6.27204 597.22308
v -57.95297 5.99170 597.30973
v -58.28770 5.87666 597.27964
v -58.60032 5.98075 597.14688
v -58.74454 6.25525 596.97359
v -58.65288 6.57174 596.84083
v -58.36824 6.78211 596.81074
v -58.02379 6.78794 596.89739
v -35.44453 -33.30317 523.92831
v -35.89028 -33.37589 524.21392
v -36.32728 -33.10850 524.36589
v -36.55104 -32.62611 524.31311
v -36.45687 -32.15443 524.08028
v -36.08883 -31.91418 523.77634
v -35.61913 -32.01776 523.54351
v -35.26755 -32.41671 523.49073
v -35.19860 -32.92436 523.64270
v -23.90571 -25.63326 543.92911
v -24.29055 -25.71364 544.16014
v -24.67498 -25.50142 544.28307
v -24.87913 -25.09591 544.24037
v -24.80746 -24.68685 544.05204
v -24.49352 -24.46565 543.80618
v -24.08420 -24.53580 543.61785
v -23.77102 -24.86448 543.57516
v -23.70053 -25.29791 543.69808
v -14.11829 -17.99628 564.85500
v -14.43839 -18.07886 565.03755
v -14.76582 -17.91776 565.13468
v -14.94739 -17.58838 565.10095
v -14.89814 -17.24482 564.95214
v -14.64110 -17.04785 564.75787
v -14.29656 -17.08963 564.60906
v -14.02573 -17.35061 564.57533
v -13.95532 -17.70868 564.67246
v -4.16490 -10.21755 585.63424
v -4.41785 -10.28258 585.78031
v -4.67703 -10.15475 585.85803
v -4.82115 -9.89389 585.83104
v -4.78279 -9.62205 585.71196
v -4.57989 -9.46642 585.55652
v -4.30739 -9.49983 585.43744
v -4.09280 -9.70665 585.41045
v -4.03653 -9.99010 585.48817
v -35.87157 -31.88491 524.09086
v -35.37391 -32.07761 524.11836
v -35.10911 -32.53769 524.05694
v -35.20107 -33.04985 523.93533
v -35.60677 -33.37445 523.81043
v -36.13637 -33.35962 523.74069
v -36.54206 -33.01228 523.75874
v -36.63402 -32.49497 523.85613
v -36.36923 -32.04973 523.98729
v -38.93117 -36.72713 546.30218
v -38.50737 -36.89315 546.32981
v -38.28186 -37.28586 546.27631
v -38.36018 -37.72151 546.16672
v -38.70567 -37.99625 546.05231
v -39.15667 -37.98154 545.98662
v -39.50216 -37.68424 546.00039
v -39.58048 -37.24348 546.08717
v -39.35498 -36.86549 546.20635
v -42.64081 -42.02935 568.31681
v -42.28957 -42.16692 568.33438
v -42.10269 -42.49066 568.28082
v -42.16759 -42.84908 568.18120
v -42.45392 -43.07447 568.08213
v -42.82770 -43.06137 568.02996
v -43.11402 -42.81591 568.04911
v -43.17893 -42.45295 568.13062
v -42.99204 -42.14231 568.23634
v -45.46119 -48.00582 590.28310
v -45.18212 -48.11363 590.29015
v -45.03363 -48.36877 590.24115
v -45.08520 -48.65188 590.15904
v -45.31270 -48.83047 590.08223
v -45.60968 -48.82099 590.04667
v -45.83718 -48.62786 590.06899
v -45.88874 -48.34147 590.13875
v -45.74026 -48.09580 590.22331
v -12.51321 -78.07889 418.58593
v -13.24396 -76.98705 419.48479
v -13.14234 -75.49872 420.04031
v -12.24716 -74.18239 420.04031
v -10.90036 -73.54086 419.48479
v -9.61636 -73.81917 418.58593
v -8.88561 -74.91101 417.68707
v -8.98723 -76.39934 417.13155
v -9.88241 -77.71566 417.13155
v -11.22921 -78.35719 417.68707
v 5.58733 -89.92958 447.79172
v 4.92424 -89.01895 448.55086
v 4.96007 -87.74465 449.02003
v 5.68113 -86.59343 449.02003
v 6.81201 -86.00501 448.55086
v 7.92074 -86.20416 447.79172
v 8.58384 -87.11480 447.03258
v 8.54801 -88.38909 446.56341
v 7.82694 -89.54031 446.56341
v 6.69607 -90.12873 447.03258
v 24.10786 -100.12709 477.30574
v 23.53780 -99.35973 477.89874
v 23.55461 -98.29631 478.26522
v 24.15186 -97.34303 478.26522
v 25.10142 -96.86401 477.89874
v 26.04060 -97.04221 477.30574
v 26.61066 -97.80957 476.71275
v 26.59385 -98.87299 476.34627
v 25.99660 -99.82627 476.34627
v 25.04704 -100.30529 476.71275
v 40.00465 -110.59959 508.16243
v 39.56675 -109.96425 508.60883
v 39.60824 -109.11758 508.88471
v 40.11327 -108.38299 508.88471
v 40.88893 -108.04106 508.60883
v 41.63895 -108.22240 508.16243
v 42.07685 -108.85774 507.71604
v 42.03536 -109.70441 507.44015
v 41.53033 -110.43900 507.44015
v 40.75467 -110.78093 507.71604
v 40.82180 -108.48645 508.23423
v 41.37951 -108.68646 508.00768
v 41.67627 -109.22549 507.85354
v 41.57320 -109.85132 507.84393
v 41.11855 -110.27112 507.98335
v 40.52505 -110.28845 508.20657
v 40.07040 -109.89522 508.40913
v 39.96734 -109.27541 508.49626
v 40.26409 -108.71904 508.42719
v 50.79319 -110.66946 534.58632
v 51.27499 -110.83940 534.40747
v 51.53136 -111.29862 534.27945
v 51.44232 -111.83226 534.26215
v 51.04955 -112.19063 534.36368
v 50.53682 -112.20603 534.53653
v 50.14405 -111.87126 534.69981
v 50.05502 -111.34296 534.77713
v 50.31138 -110.86834 534.73231
v 58.92353 -113.50708 561.51689
v 59.32704 -113.64454 561.37825
v 59.54175 -114.02203 561.26716
v 59.46718 -114.46291 561.23558
v 59.13824 -114.76090 561.29831
v 58.70883 -114.77656 561.42598
v 58.37988 -114.50256 561.55886
v 58.30531 -114.06712 561.63477
v 58.52002 -113.67397 561.61819
v 67.00277 -117.53170 588.30239
v 67.32263 -117.63822 588.19047
v 67.49282 -117.93537 588.09602
v 67.43372 -118.28411 588.06323
v 67.17296 -118.52125 588.10745
v 66.83257 -118.53584 588.20799
v 66.57182 -118.32105 588.31779
v 66.51271 -117.97738 588.38550
v 66.68291 -117.66564 588.37941
v 40.32203 -110.01142 508.16243
v 40.27052 -109.73075 508.61423
v 40.47696 -109.30046 508.85463
v 40.84475 -108.92189 508.77114
v 41.20181 -108.77218 508.40283
v 41.38106 -108.92138 507.92203
v 41.29862 -109.29968 507.55372
v 40.99308 -109.73006 507.47023
v 40.60739 -110.01115 507.71063
v 55.38569 -122.40041 517.63275
v 55.33947 -122.15110 518.01175
v 55.52174 -121.78497 518.21341
v 55.84720 -121.47335 518.14338
v 56.16357 -121.36205 517.83441
v 56.32281 -121.50314 517.43109
v 56.25042 -121.83061 517.12213
v 55.98027 -122.19123 517.05209
v 55.63876 -122.41627 517.25375
v 69.13464 -135.23258 528.39247
v 69.09402 -135.00894 528.69402
v 69.25531 -134.70754 528.85447
v 69.54305 -134.46941 528.79875
v 69.82259 -134.40598 528.55292
v 69.96314 -134.54693 528.23201
v 69.89894 -134.82629 527.98619
v 69.66002 -135.11337 527.93046
v 69.35817 -135.27382 528.09091
v 81.52528 -148.28949 540.48630
v 81.49281 -148.10514 540.71979
v 81.62491 -147.86710 540.84402
v 81.85977 -147.68673 540.80087
v 82.08749 -147.64844 540.61054
v 82.20152 -147.77015 540.36207
v 82.14851 -147.99490 540.17174
v 81.95326 -148.21753 540.12859
v 81.70713 -148.33387 540.25282
v 40.06238 -109.22782 508.16243
v 40.33894 -108.86067 508.43495
v 40.84144 -108.75102 508.57996
v 41.33475 -108.95019 508.52960
v 41.58805 -109.36497 508.30744
v 41.48281 -109.80128 508.01743
v 41.06827 -110.05498 507.79526
v 40.53841 -110.00735 507.74490
v 40.14115 -109.68068 507.88991
v 37.33195 -121.04015 526.97739
v 37.58496 -120.73477 527.20248
v 38.01869 -120.66080 527.32225
v 38.43018 -120.85283 527.28066
v 38.62690 -121.22103 527.09716
v 38.51680 -121.59309 526.85762
v 38.15139 -121.79494 526.67412
v 37.70166 -121.73212 526.63252
v 37.37804 -121.43403 526.75229
v 33.63383 -131.76300 546.26268
v 33.86824 -131.52004 546.43187
v 34.23333 -131.48536 546.52190
v 34.55828 -131.67519 546.49064
v 34.69103 -132.00069 546.35271
v 34.56948 -132.30956 546.17265
v 34.25049 -132.45729 546.03472
v 33.88333 -132.37474 546.00345
v 33.63979 -132.10054 546.09348
v 29.75392 -140.91604 566.32683
v 29.94865 -140.72632 566.45188
v 30.23979 -140.70741 566.51842
v 30.49113 -140.86818 566.49531
v 30.58506 -141.13339 566.39337
v 30.47762 -141.37895 566.26030
v 30.21910 -141.48996 566.15836
v 29.93045 -141.41447 566.13525
v 29.74673 -141.18782 566.20179
v 24.93271 23.94324 290.79343
v 25.08873 21.07618 294.62136
v 22.88693 17.72596 297.23395
v 19.02637 14.95627 297.80172
v 14.73275 13.64646 296.14441
v 11.36926 14.21238 292.78820
v 10.00380 16.47436 288.79866
v 11.06987 19.71424 285.44244
v 14.22902 22.90337 283.78513
v 18.47823 25.02923 284.35290
v 22.46842 25.41688 286.96549
v -6.54748 73.68098 329.82344
v -6.36953 71.10884 332.98981
v -8.23140 68.18708 335.15087
v -11.54195 65.84334 335.62052
v -15.25011 64.82175 334.24963
v -18.17856 65.44663 331.47346
v -19.39754 67.51962 328.17342
v -18.52003 70.38253 325.39725
v -15.82464 73.12643 324.02636
v -12.16713 74.88013 324.49600
v -8.70874 75.08686 326.65707
v -35.07550 121.07705 373.96537
v -34.80391 118.81255 376.46192
v -36.24263 116.27065 378.16583
v -38.93487 114.25839 378.53613
v -42.02587 113.41464 377.45524
v -44.53425 114.00729 375.26634
v -45.66363 115.84818 372.66440
v -45.05543 118.35284 370.47550
v -42.90275 120.72606 369.39461
v -39.88905 122.21435 369.76491
v -36.97117 122.34520 371.46882
v -65.68066 165.30262 420.07433
v -65.38893 163.48665 422.02313
v -66.45094 161.41693 423.35319
v -68.52950 159.75060 423.64224
v -70.96469 159.01669 422.79851
v -72.98334 159.44821 421.08987
v -73.94456 160.90817 419.05880
v -73.54316 162.93303 417.35016
v -71.90658 164.87992 416.50642
v -69.55443 166.13071 416.79547
v -67.23350 166.28829 418.12554
v -66.95958 164.13487 420.07433
v -66.99748 162.97193 421.56324
v -68.04961 161.70032 422.48343
v -69.71408 160.80576 422.48343
v -71.35513 160.62993 421.56324
v -72.34593 161.24000 420.07433
v -72.30803 162.40295 418.58543
v -71.25590 163.67455 417.66523
v -69.59143 164.56912 417.66523
v -67.95038 164.74494 418.58543
v -84.14581 195.16335 444.00278
v -84.12766 194.12720 445.23817
v -84.98173 192.99242 446.00168
v -86.38179 192.19246 446.00168
v -87.79307 192.03286 445.23817
v -88.67649 192.57460 444.00278
v -88.69464 193.61074 442.76739
v -87.84057 194.74552 442.00387
v -86.44051 195.54549 442.00387
v -85.02923 195.70508 442.76739
v -101.90090 223.48152 470.65633
v -101.85451 222.57811 471.63859
v -102.53999 221.60615 472.24566
v -103.69551 220.93689 472.24566
v -104.87970 220.82596 471.63859
v -105.64023 221.31574 470.65633
v -105.68662 222.21915 469.67406
v -105.00114 223.19111 469.06699
v -103.84562 223.86038 469.06699
v -102.66143 223.97130 469.67406
v -118.03016 251.87620 498.15852
v -118.00449 251.15102 498.92874
v -118.56166 250.38765 499.40476
v -119.48885 249.87766 499.40476
v -120.43191 249.81586 498.92874
v -121.03062 250.22584 498.15852
v -121.05629 250.95102 497.38831
v -120.49912 251.71440 496.91229
v -119.57193 252.22438 496.91229
v -118.62887 252.28619 497.38831
v -118.46794 251.33898 498.15852
v -118.60467 250.85898 498.72234
v -119.17456 250.46884 499.02234
v -119.91094 250.35111 498.91815
v -120.46927 250.56087 498.45852
v -120.58828 250.99998 497.85852
v -120.21230 251.46298 497.39890
v -119.51724 251.73321 497.29471
v -118.82834 251.68424 497.59471
v -124.88913 274.41192 516.33858
v -125.01550 273.99760 516.81317
v -125.51007 273.67435 517.06569
v -126.14144 273.59342 516.97799
v -126.61417 273.79267 516.59110
v -126.70708 274.17888 516.08605
v -126.37668 274.57133 515.69916
v -125.77758 274.78639 515.61146
v -125.19010 274.72344 515.86398
v -129.83364 297.20841 535.34606
v -129.93192 296.84806 535.72504
v -130.33753 296.56885 535.92670
v -130.86068 296.50143 535.85667
v -131.25659 296.67734 535.54771
v -131.34000 297.01427 535.14440
v -131.07189 297.35457 534.83545
v -130.57771 297.53901 534.76542
v -130.08869 297.48129 534.96707
v -136.16328 318.60539 555.56503
v -136.22818 318.30961 555.85848
v -136.53988 318.07241 556.01462
v -136.95254 318.00477 555.96039
v -137.27307 318.13834 555.72117
v -137.35149 318.41062 555.40889
v -137.15110 318.69421 555.16967
v -136.76567 318.85642 555.11544
v -136.37555 318.82134 555.27158
v -119.53039 251.95648 497.95832
v -118.93774 251.73087 497.94287
v -118.62240 251.18715 498.02832
v -118.73191 250.57974 498.17470
v -119.21505 250.19284 498.31351
v -119.84574 250.20750 498.37980
v -120.32887 250.61685 498.34255
v -120.43839 251.22935 498.21919
v -120.12304 251.75842 498.06745
v -116.45137 257.99801 525.91230
v -115.94675 257.80330 525.89102
v -115.67825 257.33866 525.96182
v -115.77150 256.82149 526.09160
v -116.18287 256.49379 526.21961
v -116.71987 256.50888 526.28597
v -117.13124 256.85972 526.25962
v -117.22448 257.38213 526.15289
v -116.95598 257.83168 526.01573
v -112.29796 264.34783 553.65300
v -111.88217 264.18295 553.62353
v -111.66093 263.79721 553.68000
v -111.73776 263.37108 553.79599
v -112.07672 263.10398 553.91722
v -112.51920 263.12086 553.98698
v -112.85816 263.41385 553.97261
v -112.93499 263.84583 553.88085
v -112.71375 264.21469 553.75462
v -107.24051 271.09263 581.15432
v -106.91191 270.96052 581.12690
v -106.73706 270.65452 581.17132
v -106.79778 270.31780 581.26680
v -107.06566 270.10792 581.36865
v -107.41536 270.12308 581.42923
v -107.68324 270.35620 581.42018
v -107.74396 270.69819 581.34574
v -107.56911 270.98903 581.24075
v -119.06138 251.85100 498.15852
v -118.98671 251.55573 498.71495
v -119.16643 251.02430 499.01102
v -119.51646 250.50538 498.90820
v -119.87300 250.24176 498.45459
v -120.06923 250.35681 497.86245
v -120.01334 250.79669 497.40884
v -119.73147 251.35557 497.30602
v -119.35551 251.77195 497.60209
v -139.00625 263.38658 507.00764
v -138.93219 263.12988 507.47840
v -139.07815 262.67277 507.72889
v -139.37584 262.22913 507.64190
v -139.68596 262.00655 507.25813
v -139.86341 262.10918 506.75714
v -139.82515 262.48898 506.37337
v -139.58909 262.96826 506.28638
v -139.26568 263.32275 506.53687
v -158.73075 274.47887 516.84360
v -158.64870 274.25320 517.22212
v -158.75992 273.86849 517.42353
v -159.01237 273.50475 517.35358
v -159.28794 273.33217 517.04500
v -159.45767 273.43151 516.64219
v -159.44216 273.75629 516.33362
v -159.24865 274.15453 516.26367
v -158.96769 274.43990 516.46508
v -177.37164 285.52528 528.63847
v -177.29748 285.33895 528.93168
v -177.38321 285.03155 529.08769
v -177.58871 284.74691 529.03350
v -177.81782 284.61822 528.79448
v -177.96334 284.70569 528.48246
v -177.95719 284.96840 528.24344
v -177.80223 285.28342 528.18926
v -177.57098 285.50335 528.34527
v -69.65275 165.26314 420.07333
v -68.15365 164.77131 420.28509
v -67.22715 163.48351 420.41634
v -67.22715 161.89164 420.41696
v -68.15365 160.60373 420.28671
v -69.65275 160.11174 420.07533
v -71.15186 160.60357 419.86357
v -72.07836 161.89137 419.73232
v -72.07836 163.48324 419.73170
v -71.15186 164.77114 419.86196
v -75.31693 164.90094 460.20472
v -74.03268 164.48147 460.34610
v -73.23897 163.38268 460.43522
v -73.23897 162.02429 460.43803
v -74.03268 160.92515 460.35346
v -75.31693 160.50509 460.21382
v -76.60118 160.92456 460.07244
v -77.39489 162.02335 459.98332
v -77.39489 163.38174 459.98051
v -76.60118 164.48088 460.06508
v -78.46537 164.67391 500.58049
v -77.40033 164.32853 500.68936
v -76.74210 163.41999 500.77143
v -76.74210 162.29532 500.79535
v -77.40033 161.38411 500.75197
v -78.46537 161.03441 500.65787
v -79.53041 161.37979 500.54900
v -80.18864 162.28833 500.46693
v -80.18864 163.41300 500.44301
v -79.53041 164.32421 500.48639
v -83.00627 165.85937 540.81030
v -82.16379 165.58779 540.91590
v -81.64311 164.86942 541.00256
v -81.64311 163.97864 541.03718
v -82.16379 163.25571 541.00652
v -83.00627 162.97676 540.92231
v -83.84875 163.24833 540.81670
v -84.36943 163.96671 540.73004
v -84.36943 164.85748 540.69543
v -83.84875 165.58041 540.72608
v -83.00627 165.33415 540.72233
v -82.43475 165.14611 540.92329
v -82.13065 164.61742 541.09759
v -82.23626 163.99544 541.16366
v -82.70217 163.57121 541.09059
v -83.31037 163.54324 540.91258
v -83.77627 163.92460 540.71291
v -83.88188 164.53686 540.58502
v -83.57779 165.09354 540.58874
v -91.14281 169.46433 567.87917
v -90.65749 169.30357 568.05699
v -90.39925 168.85178 568.20599
v -90.48894 168.32035 568.25645
v -90.88458 167.95796 568.18476
v -91.40105 167.93415 568.02447
v -91.79668 168.26009 567.85057
v -91.88637 168.78324 567.74444
v -91.62813 169.25884 567.75574
v -100.15296 173.09183 594.81965
v -99.74974 172.95937 594.96389
v -99.53519 172.58600 595.08840
v -99.60970 172.14643 595.13492
v -99.93841 171.84634 595.08167
v -100.36750 171.82614 594.95358
v -100.69621 172.09529 594.81058
v -100.77072 172.52784 594.71958
v -100.55617 172.92141 594.72316
v -107.70599 177.72949 622.04475
v -107.38401 177.62503 622.15244
v -107.21268 177.33012 622.25173
v -107.27218 176.98274 622.29615
v -107.53467 176.74544 622.26492
v -107.87732 176.72926 622.17265
v -108.13980 176.94176 622.06252
v -108.19930 177.28352 621.98606
v -108.02798 177.59462 621.97904
v -83.09993 163.64249 540.86630
v -83.50905 163.87600 541.11859
v -83.68292 164.36314 541.25283
v -83.54017 164.87598 541.20621
v -83.14760 165.17456 541.00054
v -82.68890 165.11916 540.73206
v -82.37870 164.73571 540.52639
v -82.36215 164.20363 540.47977
v -82.64698 163.77189 540.61401
v -69.24684 162.08555 564.80523
v -69.60500 162.26945 565.01933
v -69.77171 162.67831 565.13325
v -69.66897 163.12082 565.09368
v -69.34485 163.38992 564.91915
v -68.95101 163.35971 564.69130
v -68.67173 163.04431 564.51677
v -68.63769 162.59131 564.47720
v -68.86482 162.21266 564.59112
v -55.45236 161.75067 588.82129
v -55.76048 161.89472 588.98535
v -55.91207 162.22939 589.07264
v -55.83622 162.59807 589.04233
v -55.56840 162.82826 588.90858
v -55.23394 162.81225 588.73399
v -54.98934 162.55754 588.60025
v -54.94904 162.18329 588.56993
v -55.13190 161.86464 588.65722
v -43.64461 161.96455 613.87839
v -43.39014 161.86595 613.75563
v -43.25473 161.60888 613.68397
v -43.30176 161.31364 613.69696
v -43.50921 161.11836 613.78851
v -43.78002 161.11442 613.91579
v -43.98747 161.30367 614.01923
v -44.03449 161.59754 614.05045
v -43.89909 161.85855 613.99482
v -83.74263 164.67891 540.86630
v -83.43577 164.99781 541.16580
v -82.92794 165.04543 541.32516
v -82.45676 164.79951 541.26981
v -82.24270 164.37510 541.02566
v -82.38592 163.97079 540.70694
v -82.81941 163.77577 540.46279
v -83.34033 163.88128 540.40744
v -83.70494 164.23796 540.56680
v -89.33055 148.56036 563.79721
v -89.07670 148.84117 564.05145
v -88.64461 148.89532 564.18673
v -88.23646 148.69747 564.13975
v -88.04323 148.34020 563.93249
v -88.15534 147.99068 563.66193
v -88.52032 147.81246 563.45467
v -88.96740 147.88891 563.40768
v -89.28739 148.18429 563.54296
v -93.88846 132.29667 586.85137
v -93.68424 132.53494 587.06142
v -93.32764 132.58923 587.17319
v -92.98553 132.43415 587.13437
v -92.81797 132.14225 586.96313
v -92.90338 131.85012 586.73960
v -93.20178 131.69446 586.56836
v -93.57356 131.74808 586.52954
v -93.84475 131.98592 586.64131
v -98.60611 116.01798 609.84791
v -98.44353 116.20581 610.01476
v -98.16080 116.24745 610.10354
v -97.89022 116.12341 610.07270
v -97.75839 115.89173 609.93669
v -97.82701 115.66083 609.75914
v -98.06395 115.53873 609.62312
v -98.35836 115.58258 609.59229
v -98.57248 115.77185 609.68107
v -68.84863 165.13440 420.07433
v -68.37202 164.45998 421.43523
v -68.38460 163.10851 422.27631
v -68.88158 161.59620 422.27631
v -69.67312 160.50071 421.43523
v -70.45688 160.24048 420.07433
v -70.93349 160.91490 418.71343
v -70.92091 162.26637 417.87235
v -70.42393 163.77867 417.87235
v -69.63239 164.87416 418.71343
v -106.36925 177.06683 439.25883
v -105.91003 176.47762 440.39337
v -105.88396 175.31447 441.09456
v -106.30101 174.02168 441.09456
v -107.00187 173.09304 440.39337
v -107.71885 172.88327 439.25883
v -108.17808 173.47248 438.12429
v -108.20414 174.63562 437.42311
v -107.78709 175.92842 437.42311
v -107.08623 176.85705 438.12429
v -142.26610 188.02359 461.91754
v -141.79605 187.52776 462.81121
v -141.69655 186.55283 463.36353
v -142.00560 185.47119 463.36353
v -142.60515 184.69600 462.81121
v -143.26620 184.52334 461.91754
v -143.73625 185.01917 461.02386
v -143.83575 185.99411 460.47154
v -143.52670 187.07574 460.47154
v -142.92715 187.85094 461.02386
v -176.95208 196.44872 487.35386
v -176.54257 196.06043 488.04394
v -176.42517 195.28648 488.47043
v -176.64471 194.42249 488.47043
v -177.11736 193.79848 488.04394
v -177.66256 193.65279 487.35386
v -178.07207 194.04108 486.66378
v -178.18947 194.81503 486.23729
v -177.96992 195.67902 486.23729
v -177.49728 196.30303 486.66378
v -177.25841 195.97679 487.35386
v -176.98969 195.74534 487.87978
v -176.86959 195.18889 488.15962
v -176.95431 194.56780 488.06243
v -177.20421 194.17269 487.63370
v -177.50235 194.18844 487.07402
v -177.70924 194.60767 486.64528
v -177.72806 195.23423 486.54810
v -177.55001 195.77494 486.82794
v -205.46981 197.33063 502.41791
v -205.21927 197.13354 502.85538
v -205.10330 196.65881 503.08816
v -205.17618 196.12857 503.00732
v -205.40380 195.79093 502.65069
v -205.67965 195.80386 502.18513
v -205.87467 196.16133 501.82850
v -205.89759 196.69606 501.74766
v -205.73770 197.15786 501.98044
v -232.20999 198.28188 519.97712
v -231.97149 198.11612 520.31855
v -231.86031 197.72169 520.50023
v -231.92848 197.28316 520.43713
v -232.14409 197.00572 520.15879
v -232.40626 197.01918 519.79544
v -232.59232 197.31725 519.51710
v -232.61521 197.76046 519.45401
v -232.46421 198.14142 519.63568
v -257.23767 199.71670 539.86583
v -257.03826 199.58245 540.12736
v -256.94737 199.26851 540.26651
v -257.00755 198.92177 540.21818
v -257.19062 198.70448 540.00498
v -257.41093 198.71831 539.72667
v -257.56539 198.95678 539.51347
v -257.58173 199.30833 539.46514
v -257.45230 199.60844 539.60430
v -176.66016 195.48833 487.35386
v -176.74443 195.28666 487.84149
v -177.09208 194.97461 488.10095
v -177.54044 194.69818 488.01084
v -177.87972 194.58674 487.61332
v -177.95117 194.69241 487.09440
v -177.72135 194.96575 486.69687
v -177.29780 195.27887 486.60676
v -176.87871 195.48525 486.86623
v -191.12838 216.68159 493.65875
v -191.18750 216.49427 494.07027
v -191.47434 216.21550 494.28924
v -191.85467 215.97571 494.21320
v -192.15055 215.88712 493.87772
v -192.22352 215.99116 493.43978
v -192.03944 216.23917 493.10431
v -191.68444 216.51508 493.02826
v -191.32464 216.68981 493.24723
v -205.97051 236.88164 502.06113
v -205.99864 236.70608 502.39428
v -206.21857 236.45547 502.57155
v -206.52742 236.24708 502.50998
v -206.78065 236.17841 502.23840
v -206.85979 236.28160 501.88387
v -206.72779 236.50836 501.61229
v -206.44643 236.75259 501.55072
v -206.14736 236.90001 501.72799
v -221.49442 255.90197 511.83771
v -221.50858 255.75668 512.09894
v -221.67529 255.55068 512.23793
v -221.91657 255.38037 512.18966
v -222.11950 255.32542 511.97670
v -222.18913 255.41156 511.69871
v -222.09289 255.59847 511.48575
v -221.87581 255.79871 511.43748
v -221.63945 255.91857 511.57648
v -177.30732 195.82960 487.41449
v -176.80672 195.64432 487.43968
v -176.54036 195.18130 487.42471
v -176.63287 194.65720 487.37659
v -177.04096 194.31725 487.31783
v -177.57368 194.32051 487.27593
v -177.98176 194.66546 487.27050
v -178.07427 195.19070 487.30406
v -177.80791 195.65045 487.36093
v -179.58959 193.47128 516.22815
v -179.16245 193.31384 516.25474
v -178.93518 192.91852 516.25373
v -179.01411 192.47028 516.22560
v -179.36231 192.17887 516.18351
v -179.81686 192.18064 516.14715
v -180.16506 192.47476 516.13354
v -180.24399 192.92361 516.14904
v -180.01672 193.31717 516.18640
v -181.93833 192.79348 545.11993
v -181.58538 192.66395 545.15523
v -181.39758 192.33672 545.17129
v -181.46280 191.96493 545.16059
v -181.75053 191.72253 545.12815
v -182.12613 191.72294 545.08914
v -182.41386 191.96597 545.06181
v -182.47908 192.33791 545.05896
v -182.29128 192.66472 545.08191
v -185.58404 192.63461 573.90389
v -185.30506 192.53221 573.93906
v -185.15662 192.27302 573.95745
v -185.20817 191.97833 573.95047
v -185.43560 191.78602 573.92138
v -185.73247 191.78608 573.88378
v -185.95990 191.97848 573.85528
v -186.01145 192.27319 573.84920
v -185.86301 192.53232 573.86840
vt 0.00000 0.00000
vt 0.08333 0.00000
vt 0.16667 0.00000
vt 0.25000 0.00000
vt 0.33333 0.00000
vt 0.41667 0.00000
vt 0.50000 0.00000
vt 0.58333 0.00000
vt 0.66667 0.00000
vt 0.75000 0.00000
vt 0.83333 0.00000
vt 0.91667 0.00000
vt 0.00000 0.20000
vt 0.08333 0.20000
vt 0.16667 0.20000
vt 0.25000 0.20000
vt 0.33333 0.20000
vt 0.41667 0.20000
vt 0.50000 0.20000
vt 0.58333 0.20000
vt 0.66667 0.20000
vt 0.75000 0.20000
vt 0.83333 0.20000
vt 0.91667 0.20000
vt 0.00000 0.40000
vt 0.08333 0.40000
vt 0.16667 0.40000
vt 0.25000 0.40000
vt 0.33333 0.40000
vt 0.41667 0.40000
vt 0.50000 0.40000
vt 0.58333 0.40000
vt 0.66667 0.40000
vt 0.75000 0.40000
vt 0.83333 0.40000
vt 0.91667 0.40000
vt 0.00000 0.60000
vt 0.08333 0.60000
vt 0.16667 0.60000
vt 0.25000 0.60000
vt 0.33333 0.60000
vt 0.41667 0.60000
vt 0.50000 0.60000
vt 0.58333 0.60000
vt 0.66667 0.60000
vt 0.75000 0.60000
vt 0.83333 0.60000
vt 0.91667 0.60000
vt 0.00000 0.80000
vt 0.08333 0.80000
vt 0.16667 0.80000
vt 0.25000 0.80000
vt 0.33333 0.80000
vt 0.41667 0.80000
vt 0.50000 0.80000
vt 0.58333 0.80000
vt 0.66667 0.80000
vt 0.75000 0.80000
vt 0.83333 0.80000
vt 0.91667 0.80000
vt 0.00000 1.00000
vt 0.08333 1.00000
vt 0.16667 1.00000
vt 0.25000 1.00000
vt 0.33333 1.00000
vt 0.41667 1.00000
vt 0.50000 1.00000
vt 0.58333 1.00000
vt 0.66667 1.00000
vt 0.75000 1.00000
vt 0.83333 1.00000
vt 0.91667 1.00000
vt 0.00000 0.00000
vt 0.09091 0.00000
vt 0.18182 0.00000
vt 0.27273 0.00000
vt 0.36364 0.00000
vt 0.45455 0.00000
vt 0.54545 0.00000
vt 0.63636 0.00000
vt 0.72727 0.00000
vt 0.81818 0.00000
vt 0.90909 0.00000
vt 0.00000 0.33333
vt 0.09091 0.33333
vt 0.18182 0.33333
vt 0.27273 0.33333
vt 0.36364 0.33333
vt 0.45455 0.33333
vt 0.54545 0.33333
vt 0.63636 0.33333
vt 0.72727 0.33333
vt 0.81818 0.33333
vt 0.90909 0.33333
vt 0.00000 0.66667
vt 0.09091 0.66667
vt 0.18182 0.66667
vt 0.27273 0.66667
vt 0.36364 0.66667
vt 0.45455 0.66667
vt 0.54545 0.66667
vt 0.63636 0.66667
vt 0.72727 0.66667
vt 0.81818 0.66667
vt 0.90909 0.66667
vt 0.00000 1.00000
vt 0.09091 1.00000
vt 0.18182 1.00000
vt 0.27273 1.00000
vt 0.36364 1.00000
vt 0.45455 1.00000
vt 0.54545 1.00000
vt 0.63636 1.00000
vt 0.72727 1.00000
vt 0.81818 1.00000
vt 0.90909 1.00000
vt 0.00000 0.00000
vt 0.10000 0.00000
vt 0.20000 0.00000
vt 0.30000 0.00000
vt 0.40000 0.00000
vt 0.50000 0.00000
vt 0.60000 0.00000
vt 0.70000 0.00000
vt 0.80000 0.00000
vt 0.90000 0.00000
vt 0.00000 0.33333
vt 0.10000 0.33333
vt 0.20000 0.33333
vt 0.30000 0.33333
vt 0.40000 0.33333
vt 0.50000 0.33333
vt 0.60000 0.33333
vt 0.70000 0.33333
vt 0.80000 0.33333
vt 0.90000 0.33333
vt 0.00000 0.66667
vt 0.10000 0.66667
vt 0.20000 0.66667
vt 0.30000 0.66667
vt 0.40000 0.66667
vt 0.50000 0.66667
vt 0.60000 0.66667
vt 0.70000 0.66667
vt 0.80000 0.66667
vt 0.90000 0.66667
vt 0.00000 1.00000
vt 0.10000 1.00000
vt 0.20000 1.00000
vt 0.30000 1.00000
vt 0.40000 1.00000
vt 0.50000 1.00000
vt 0.60000 1.00000
vt 0.70000 1.00000
vt 0.80000 1.00000
vt 0.90000 1.00000
vt 0.00000 0.00000
vt 0.11111 0.00000
vt 0.22222 0.00000
vt 0.33333 0.00000
vt 0.44444 0.00000
vt 0.55556 0.00000
vt 0.66667 0.00000
vt 0.77778 0.00000
vt 0.88889 0.00000
vt 0.00000 0.33333
vt 0.11111 0.33333
vt 0.22222 0.33333
vt 0.33333 0.33333
vt 0.44444 0.33333
vt 0.55556 0.33333
vt 0.66667 0.33333
vt 0.77778 0.33333
vt 0.88889 0.33333
vt 0.00000 0.66667
vt 0.11111 0.66667
vt 0.22222 0.66667
vt 0.33333 0.66667
vt 0.44444 0.66667
vt 0.55556 0.66667
vt 0.66667 0.66667
vt 0.77778 0.66667
vt 0.88889 0.66667
vt 0.00000 1.00000
vt 0.11111 1.00000
vt 0.22222 1.00000
vt 0.33333 1.00000
vt 0.44444 1.00000
vt 0.55556 1.00000
vt 0.66667 1.00000
vt 0.77778 1.00000
vt 0.88889 1.00000
vt 0.00000 0.00000
vt 0.11111 0.00000
vt 0.22222 0.00000
vt 0.33333 0.00000
vt 0.44444 0.00000
vt 0.55556 0.00000
vt 0.66667 0.00000
vt 0.77778 0.00000
vt 0.88889 0.00000
vt 0.00000 0.33333
vt 0.11111 0.33333
vt 0.22222 0.33333
vt 0.33333 0.33333
vt 0.44444 0.33333
vt 0.55556 0.33333
vt 0.66667 0.33333
vt 0.77778 0.33333
vt 0.88889 0.33333
vt 0.00000 0.66667
vt 0.11111 0.66667
vt 0.22222 0.66667
vt 0.33333 0.66667
vt 0.44444 0.66667
vt 0.55556 0.66667
vt 0.66667 0.66667
vt 0.77778 0.66667
vt 0.88889 0.66667
vt 0.00000 1.00000
vt 0.11111 1.00000
vt 0.22222 1.00000
vt 0.33333 1.00000
vt 0.44444 1.00000
vt 0.55556 1.00000
vt 0.66667 1.00000
vt 0.77778 1.00000
vt 0.88889 1.00000
vt 0.00000 0.00000
vt 0.11111 0.00000
vt 0.22222 0.00000
vt 0.33333 0.00000
vt 0.44444 0.00000
vt 0.55556 0.00000
vt 0.66667 0.00000
vt 0.77778 0.00000
vt 0.88889 0.00000
vt 0.00000 0.33333
vt 0.11111 0.33333
vt 0.22222 0.33333
vt 0.33333 0.33333
vt 0.44444 0.33333
vt 0.55556 0.33333
vt 0.66667 0.33333
vt 0.77778 0.33333
vt 0.88889 0.33333
vt 0.00000 0.66667
vt 0.11111 0.66667
vt 0.22222 0.66667
vt 0.33333 0.66667
vt 0.44444 0.66667
vt 0.55556 0.66667
vt 0.66667 0.66667
vt 0.77778 0.66667
vt 0.88889 0.66667
vt 0.00000 1.00000
vt 0.11111 1.00000
vt 0.22222 1.00000
vt 0.33333 1.00000
vt 0.44444 1.00000
vt 0.55556 1.00000
vt 0.66667 1.00000
vt 0.77778 1.00000
vt 0.88889 1.00000
vt 0.00000 0.00000
vt 0.10000 0.00000
vt 0.20000 0.00000
vt 0.30000 0.00000
vt 0.40000 0.00000
vt 0.50000 0.00000
vt 0.60000 0.00000
vt 0.70000 0.00000
vt 0.80000 0.00000
vt 0.90000 0.00000
vt 0.00000 0.33333
vt 0.10000 0.33333
vt 0.20000 0.33333
vt 0.30000 0.33333
vt 0.40000 0.33333
vt 0.50000 0.33333
vt 0.60000 0.33333
vt 0.70000 0.33333
vt 0.80000 0.33333
vt 0.90000 0.33333
vt 0.00000 0.66667
vt 0.10000 0.66667
vt 0.20000 0.66667
vt 0.30000 0.66667
vt 0.40000 0.66667
vt 0.50000 0.66667
vt 0.60000 0.66667
vt 0.70000 0.66667
vt 0.80000 0.66667
vt 0.90000 0.66667
vt 0.00000 1.00000
vt 0.10000 1.00000
vt 0.20000 1.00000
vt 0.30000 1.00000
vt 0.40000 1.00000
vt 0.50000 1.00000
vt 0.60000 1.00000
vt 0.70000 1.00000
vt 0.80000 1.00000
vt 0.90000 1.00000
vt 0.00000 0.00000
vt 0.11111 0.00000
vt 0.22222 0.00000
vt 0.33333 0.00000
vt 0.44444 0.00000
vt 0.55556 0.00000
vt 0.66667 0.00000
vt 0.77778 0.00000
vt 0.88889 0.00000
vt 0.00000 0.33333
vt 0.11111 0.33333
vt 0.22222 0.33333
vt 0.33333 0.33333
vt 0.44444 0.33333
vt 0.55556 0.33333
vt 0.66667 0.33333
vt 0.77778 0.33333
vt 0.88889 0.33333
vt 0.00000 0.66667
vt 0.11111 0.66667
vt 0.22222 0.66667
vt 0.33333 0.66667
vt 0.44444 0.66667
vt 0.55556 0.66667
vt 0.66667 0.66667
vt 0.77778 0.66667
vt 0.88889 0.66667
vt 0.00000 1.00000
vt 0.11111 1.00000
vt 0.22222 1.00000
vt 0.33333 1.00000
vt 0.44444 1.00000
vt 0.55556 1.00000
vt 0.66667 1.00000
vt 0.77778 1.00000
vt 0.88889 1.00000
vt 0.00000 0.00000
vt 0.11111 0.00000
vt 0.22222 0.00000
vt 0.33333 0.00000
vt 0.44444 0.00000
vt 0.55556 0.00000
vt 0.66667 0.00000
vt 0.77778 0.00000
vt 0.88889 0.00000
vt 0.00000 0.33333
vt 0.11111 0.33333
vt 0.22222 0.33333
vt 0.33333 0.33333
vt 0.44444 0.33333
vt 0.55556 0.33333
vt 0.66667 0.33333
vt 0.77778 0.33333
vt 0.88889 0.33333
vt 0.00000 0.66667
vt 0.11111 0.66667
vt 0.22222 0.66667
vt 0.33333 0.66667
vt 0.44444 0.66667
vt 0.55556 0.66667
vt 0.66667 0.66667
vt 0.77778 0.66667
vt 0.88889 0.66667
vt 0.00000 1.00000
vt 0.11111 1.00000
vt 0.22222 1.00000
vt 0.33333 1.00000
vt 0.44444 1.00000
vt 0.55556 1.00000
vt 0.66667 1.00000
vt 0.77778 1.00000
vt 0.88889 1.00000
vt 0.00000 0.00000
vt 0.11111 0.00000
vt 0.22222 0.00000
vt 0.33333 0.00000
vt 0.44444 0.00000
vt 0.55556 0.00000
vt 0.66667 0.00000
vt 0.77778 0.00000
vt 0.88889 0.00000
vt 0.00000 0.33333
vt 0.11111 0.33333
vt 0.22222 0.33333
vt 0.33333 0.33333
vt 0.44444 0.33333
vt 0.55556 0.33333
vt 0.66667 0.33333
vt 0.77778 0.33333
vt 0.88889 0.33333
vt 0.00000 0.66667
vt 0.11111 0.66667
vt 0.22222 0.66667
vt 0.33333 0.66667
vt 0.44444 0.66667
vt 0.55556 0.66667
vt 0.66667 0.66667
vt 0.77778 0.66667
vt 0.88889 0.66667
vt 0.00000 1.00000
vt 0.11111 1.00000
vt 0.22222 1.00000
vt 0.33333 1.00000
vt 0.44444 1.00000
vt 0.55556 1.00000
vt 0.66667 1.00000
vt 0.77778 1.00000
vt 0.88889 1.00000
vt 0.00000 0.00000
vt 0.10000 0.00000
vt 0.20000 0.00000
vt 0.30000 0.00000
vt 0.40000 0.00000
vt 0.50000 0.00000
vt 0.60000 0.00000
vt 0.70000 0.00000
vt 0.80000 0.00000
vt 0.90000 0.00000
vt 0.00000 0.33333
vt 0.10000 0.33333
vt 0.20000 0.33333
vt 0.30000 0.33333
vt 0.40000 0.33333
vt 0.50000 0.33333
vt 0.60000 0.33333
vt 0.70000 0.33333
vt 0.80000 0.33333
vt 0.90000 0.33333
vt 0.00000 0.66667
vt 0.10000 0.66667
vt 0.20000 0.66667
vt 0.30000 0.66667
vt 0.40000 0.66667
vt 0.50000 0.66667
vt 0.60000 0.66667
vt 0.70000 0.66667
vt 0.80000 0.66667
vt 0.90000 0.66667
vt 0.00000 1.00000
vt 0.10000 1.00000
vt 0.20000 1.00000
vt 0.30000 1.00000
vt 0.40000 1.00000
vt 0.50000 1.00000
vt 0.60000 1.00000
vt 0.70000 1.00000
vt 0.80000 1.00000
vt 0.90000 1.00000
vt 0.00000 0.00000
vt 0.11111 0.00000
vt 0.22222 0.00000
vt 0.33333 0.00000
vt 0.44444 0.00000
vt 0.55556 0.00000
vt 0.66667 0.00000
vt 0.77778 0.00000
vt 0.88889 0.00000
vt 0.00000 0.33333
vt 0.11111 0.33333
vt 0.22222 0.33333
vt 0.33333 0.33333
vt 0.44444 0.33333
vt 0.55556 0.33333
vt 0.66667 0.33333
vt 0.77778 0.33333
vt 0.88889 0.33333
vt 0.00000 0.66667
vt 0.11111 0.66667
vt 0.22222 0.66667
vt 0.33333 0.66667
vt 0.44444 0.66667
vt 0.55556 0.66667
vt 0.66667 0.66667
vt 0.77778 0.66667
vt 0.88889 0.66667
vt 0.00000 1.00000
vt 0.11111 1.00000
vt 0.22222 1.00000
vt 0.33333 1.00000
vt 0.44444 1.00000
vt 0.55556 1.00000
vt 0.66667 1.00000
vt 0.77778 1.00000
vt 0.88889 1.00000
vt 0.00000 0.00000
vt 0.11111 0.00000
vt 0.22222 0.00000
vt 0.33333 0.00000
vt 0.44444 0.00000
vt 0.55556 0.00000
vt 0.66667 0.00000
vt 0.77778 0.00000
vt 0.88889 0.00000
vt 0.00000 0.33333
vt 0.11111 0.33333
vt 0.22222 0.33333
vt 0.33333 0.33333
vt 0.44444 0.33333
vt 0.55556 0.33333
vt 0.66667 0.33333
vt 0.77778 0.33333
vt 0.88889 0.33333
vt 0.00000 0.66667
vt 0.11111 0.66667
vt 0.22222 0.66667
vt 0.33333 0.66667
vt 0.44444 0.66667
vt 0.55556 0.66667
vt 0.66667 0.66667
vt 0.77778 0.66667
vt 0.88889 0.66667
vt 0.00000 1.00000
vt 0.11111 1.00000
vt 0.22222 1.00000
vt 0.33333 1.00000
vt 0.44444 1.00000
vt 0.55556 1.00000
vt 0.66667 1.00000
vt 0.77778 1.00000
vt 0.88889 1.00000
vt 0.00000 0.00000
vt 0.11111 0.00000
vt 0.22222 0.00000
vt 0.33333 0.00000
vt 0.44444 0.00000
vt 0.55556 0.00000
vt 0.66667 0.00000
vt 0.77778 0.00000
vt 0.88889 0.00000
vt 0.00000 0.33333
vt 0.11111 0.33333
vt 0.22222 0.33333
vt 0.33333 0.33333
vt 0.44444 0.33333
vt 0.55556 0.33333
vt 0.66667 0.33333
vt 0.77778 0.33333
vt 0.88889 0.33333
vt 0.00000 0.66667
vt 0.11111 0.66667
vt 0.22222 0.66667
vt 0.33333 0.66667
vt 0.44444 0.66667
vt 0.55556 0.66667
vt 0.66667 0.66667
vt 0.77778 0.66667
vt 0.88889 0.66667
vt 0.00000 1.00000
vt 0.11111 1.00000
vt 0.22222 1.00000
vt 0.33333 1.00000
vt 0.44444 1.00000
vt 0.55556 1.00000
vt 0.66667 1.00000
vt 0.77778 1.00000
vt 0.88889 1.00000
vt 0.00000 0.00000
vt 0.09091 0.00000
vt 0.18182 0.00000
vt 0.27273 0.00000
vt 0.36364 0.00000
vt 0.45455 0.00000
vt 0.54545 0.00000
vt 0.63636 0.00000
vt 0.72727 0.00000
vt 0.81818 0.00000
vt 0.90909 0.00000
vt 0.00000 0.33333
vt 0.09091 0.33333
vt 0.18182 0.33333
vt 0.27273 0.33333
vt 0.36364 0.33333
vt 0.45455 0.33333
vt 0.54545 0.33333
vt 0.63636 0.33333
vt 0.72727 0.33333
vt 0.81818 0.33333
vt 0.90909 0.33333
vt 0.00000 0.66667
vt 0.09091 0.66667
vt 0.18182 0.66667
vt 0.27273 0.66667
vt 0.36364 0.66667
vt 0.45455 0.66667
vt 0.54545 0.66667
vt 0.63636 0.66667
vt 0.72727 0.66667
vt 0.81818 0.66667
vt 0.90909 0.66667
vt 0.00000 1.00000
vt 0.09091 1.00000
vt 0.18182 1.00000
vt 0.27273 1.00000
vt 0.36364 1.00000
vt 0.45455 1.00000
vt 0.54545 1.00000
vt 0.63636 1.00000
vt 0.72727 1.00000
vt 0.81818 1.00000
vt 0.90909 1.00000
vt 0.00000 0.00000
vt 0.10000 0.00000
vt 0.20000 0.00000
vt 0.30000 0.00000
vt 0.40000 0.00000
vt 0.50000 0.00000
vt 0.60000 0.00000
vt 0.70000 0.00000
vt 0.80000 0.00000
vt 0.90000 0.00000
vt 0.00000 0.33333
vt 0.10000 0.33333
vt 0.20000 0.33333
vt 0.30000 0.33333
vt 0.40000 0.33333
vt 0.50000 0.33333
vt 0.60000 0.33333
vt 0.70000 0.33333
vt 0.80000 0.33333
vt 0.90000 0.33333
vt 0.00000 0.66667
vt 0.10000 0.66667
vt 0.20000 0.66667
vt 0.30000 0.66667
vt 0.40000 0.66667
vt 0.50000 0.66667
vt 0.60000 0.66667
vt 0.70000 0.66667
vt 0.80000 0.66667
vt 0.90000 0.66667
vt 0.00000 1.00000
vt 0.10000 1.00000
vt 0.20000 1.00000
vt 0.30000 1.00000
vt 0.40000 1.00000
vt 0.50000 1.00000
vt 0.60000 1.00000
vt 0.70000 1.00000
vt 0.80000 1.00000
vt 0.90000 1.00000
vt 0.00000 0.00000
vt 0.11111 0.00000
vt 0.22222 0.00000
vt 0.33333 0.00000
vt 0.44444 0.00000
vt 0.55556 0.00000
vt 0.66667 0.00000
vt 0.77778 0.00000
vt 0.88889 0.00000
vt 0.00000 0.33333
vt 0.11111 0.33333
vt 0.22222 0.33333
vt 0.33333 0.33333
vt 0.44444 0.33333
vt 0.55556 0.33333
vt 0.66667 0.33333
vt 0.77778 0.33333
vt 0.88889 0.33333
vt 0.00000 0.66667
vt 0.11111 0.66667
vt 0.22222 0.66667
vt 0.33333 0.66667
vt 0.44444 0.66667
vt 0.55556 0.66667
vt 0.66667 0.66667
vt 0.77778 0.66667
vt 0.88889 0.66667
vt 0.00000 1.00000
vt 0.11111 1.00000
vt 0.22222 1.00000
vt 0.33333 1.00000
vt 0.44444 1.00000
vt 0.55556 1.00000
vt 0.66667 1.00000
vt 0.77778 1.00000
vt 0.88889 1.00000
vt 0.00000 0.00000
vt 0.11111 0.00000
vt 0.22222 0.00000
vt 0.33333 0.00000
vt 0.44444 0.00000
vt 0.55556 0.00000
vt 0.66667 0.00000
vt 0.77778 0.00000
vt 0.88889 0.00000
vt 0.00000 0.33333
vt 0.11111 0.33333
vt 0.22222 0.33333
vt 0.33333 0.33333
vt 0.44444 0.33333
vt 0.55556 0.33333
vt 0.66667 0.33333
vt 0.77778 0.33333
vt 0.88889 0.33333
vt 0.00000 0.66667
vt 0.11111 0.66667
vt 0.22222 0.66667
vt 0.33333 0.66667
vt 0.44444 0.66667
vt 0.55556 0.66667
vt 0.66667 0.66667
vt 0.77778 0.66667
vt 0.88889 0.66667
vt 0.00000 1.00000
vt 0.11111 1.00000
vt 0.22222 1.00000
vt 0.33333 1.00000
vt 0.44444 1.00000
vt 0.55556 1.00000
vt 0.66667 1.00000
vt 0.77778 1.00000
vt 0.88889 1.00000
vt 0.00000 0.00000
vt 0.11111 0.00000
vt 0.22222 0.00000
vt 0.33333 0.00000
vt 0.44444 0.00000
vt 0.55556 0.00000
vt 0.66667 0.00000
vt 0.77778 0.00000
vt 0.88889 0.00000
vt 0.00000 0.33333
vt 0.11111 0.33333
vt 0.22222 0.33333
vt 0.33333 0.33333
vt 0.44444 0.33333
vt 0.55556 0.33333
vt 0.66667 0.33333
vt 0.77778 0.33333
vt 0.88889 0.33333
vt 0.00000 0.66667
vt 0.11111 0.66667
vt 0.22222 0.66667
vt 0.33333 0.66667
vt 0.44444 0.66667
vt 0.55556 0.66667
vt 0.66667 0.66667
vt 0.77778 0.66667
vt 0.88889 0.66667
vt 0.00000 1.00000
vt 0.11111 1.00000
vt 0.22222 1.00000
vt 0.33333 1.00000
vt 0.44444 1.00000
vt 0.55556 1.00000
vt 0.66667 1.00000
vt 0.77778 1.00000
vt 0.88889 1.00000
vt 0.00000 0.00000
vt 0.10000 0.00000
vt 0.20000 0.00000
vt 0.30000 0.00000
vt 0.40000 0.00000
vt 0.50000 0.00000
vt 0.60000 0.00000
vt 0.70000 0.00000
vt 0.80000 0.00000
vt 0.90000 0.00000
vt 0.00000 0.33333
vt 0.10000 0.33333
vt 0.20000 0.33333
vt 0.30000 0.33333
vt 0.40000 0.33333
vt 0.50000 0.33333
vt 0.60000 0.33333
vt 0.70000 0.33333
vt 0.80000 0.33333
vt 0.90000 0.33333
vt 0.00000 0.66667
vt 0.10000 0.66667
vt 0.20000 0.66667
vt 0.30000 0.66667
vt 0.40000 0.66667
vt 0.50000 0.66667
vt 0.60000 0.66667
vt 0.70000 0.66667
vt 0.80000 0.66667
vt 0.90000 0.66667
vt 0.00000 1.00000
vt 0.10000 1.00000
vt 0.20000 1.00000
vt 0.30000 1.00000
vt 0.40000 1.00000
vt 0.50000 1.00000
vt 0.60000 1.00000
vt 0.70000 1.00000
vt 0.80000 1.00000
vt 0.90000 1.00000
vt 0.00000 0.00000
vt 0.11111 0.00000
vt 0.22222 0.00000
vt 0.33333 0.00000
vt 0.44444 0.00000
vt 0.55556 0.00000
vt 0.66667 0.00000
vt 0.77778 0.00000
vt 0.88889 0.00000
vt 0.00000 0.33333
vt 0.11111 0.33333
vt 0.22222 0.33333
vt 0.33333 0.33333
vt 0.44444 0.33333
vt 0.55556 0.33333
vt 0.66667 0.33333
vt 0.77778 0.33333
vt 0.88889 0.33333
vt 0.00000 0.66667
vt 0.11111 0.66667
vt 0.22222 0.66667
vt 0.33333 0.66667
vt 0.44444 0.66667
vt 0.55556 0.66667
vt 0.66667 0.66667
vt 0.77778 0.66667
vt 0.88889 0.66667
vt 0.00000 1.00000
vt 0.11111 1.00000
vt 0.22222 1.00000
vt 0.33333 1.00000
vt 0.44444 1.00000
vt 0.55556 1.00000
vt 0.66667 1.00000
vt 0.77778 1.00000
vt 0.88889 1.00000
vt 0.00000 0.00000
vt 0.11111 0.00000
vt 0.22222 0.00000
vt 0.33333 0.00000
vt 0.44444 0.00000
vt 0.55556 0.00000
vt 0.66667 0.00000
vt 0.77778 0.00000
vt 0.88889 0.00000
vt 0.00000 0.33333
vt 0.11111 0.33333
vt 0.22222 0.33333
vt 0.33333 0.33333
vt 0.44444 0.33333
vt 0.55556 0.33333
vt 0.66667 0.33333
vt 0.77778 0.33333
vt 0.88889 0.33333
vt 0.00000 0.66667
vt 0.11111 0.66667
vt 0.22222 0.66667
vt 0.33333 0.66667
vt 0.44444 0.66667
vt 0.55556 0.66667
vt 0.66667 0.66667
vt 0.77778 0.66667
vt 0.88889 0.66667
vt 0.00000 1.00000
vt 0.11111 1.00000
vt 0.22222 1.00000
vt 0.33333 1.00000
vt 0.44444 1.00000
vt 0.55556 1.00000
vt 0.66667 1.00000
vt 0.77778 1.00000
vt 0.88889 1.00000
vt 0.00000 0.00000
vt 0.11111 0.00000
vt 0.22222 0.00000
vt 0.33333 0.00000
vt 0.44444 0.00000
vt 0.55556 0.00000
vt 0.66667 0.00000
vt 0.77778 0.00000
vt 0.88889 0.00000
vt 0.00000 0.33333
vt 0.11111 0.33333
vt 0.22222 0.33333
vt 0.33333 0.33333
vt 0.44444 0.33333
vt 0.55556 0.33333
vt 0.66667 0.33333
vt 0.77778 0.33333
vt 0.88889 0.33333
vt 0.00000 0.66667
vt 0.11111 0.66667
vt 0.22222 0.66667
vt 0.33333 0.66667
vt 0.44444 0.66667
vt 0.55556 0.66667
vt 0.66667 0.66667
vt 0.77778 0.66667
vt 0.88889 0.66667
vt 0.00000 1.00000
vt 0.11111 1.00000
vt 0.22222 1.00000
vt 0.33333 1.00000
vt 0.44444 1.00000
vt 0.55556 1.00000
vt 0.66667 1.00000
vt 0.77778 1.00000
vt 0.88889 1.00000
vt 0.00000 0.00000
vt 0.10000 0.00000
vt 0.20000 0.00000
vt 0.30000 0.00000
vt 0.40000 0.00000
vt 0.50000 0.00000
vt 0.60000 0.00000
vt 0.70000 0.00000
vt 0.80000 0.00000
vt 0.90000 0.00000
vt 0.00000 0.33333
vt 0.10000 0.33333
vt 0.20000 0.33333
vt 0.30000 0.33333
vt 0.40000 0.33333
vt 0.50000 0.33333
vt 0.60000 0.33333
vt 0.70000 0.33333
vt 0.80000 0.33333
vt 0.90000 0.33333
vt 0.00000 0.66667
vt 0.10000 0.66667
vt 0.20000 0.66667
vt 0.30000 0.66667
vt 0.40000 0.66667
vt 0.50000 0.66667
vt 0.60000 0.66667
vt 0.70000 0.66667
vt 0.80000 0.66667
vt 0.90000 0.66667
vt 0.00000 1.00000
vt 0.10000 1.00000
vt 0.20000 1.00000
vt 0.30000 1.00000
vt 0.40000 1.00000
vt 0.50000 1.00000
vt 0.60000 1.00000
vt 0.70000 1.00000
vt 0.80000 1.00000
vt 0.90000 1.00000
vt 0.00000 0.00000
vt 0.11111 0.00000
vt 0.22222 0.00000
vt 0.33333 0.00000
vt 0.44444 0.00000
vt 0.55556 0.00000
vt 0.66667 0.00000
vt 0.77778 0.00000
vt 0.88889 0.00000
vt 0.00000 0.33333
vt 0.11111 0.33333
vt 0.22222 0.33333
vt 0.33333 0.33333
vt 0.44444 0.33333
vt 0.55556 0.33333
vt 0.66667 0.33333
vt 0.77778 0.33333
vt 0.88889 0.33333
vt 0.00000 0.66667
vt 0.11111 0.66667
vt 0.22222 0.66667
vt 0.33333 0.66667
vt 0.44444 0.66667
vt 0.55556 0.66667
vt 0.66667 0.66667
vt 0.77778 0.66667
vt 0.88889 0.66667
vt 0.00000 1.00000
vt 0.11111 1.00000
vt 0.22222 1.00000
vt 0.33333 1.00000
vt 0.44444 1.00000
vt 0.55556 1.00000
vt 0.66667 1.00000
vt 0.77778 1.00000
vt 0.88889 1.00000
vt 0.00000 0.00000
vt 0.11111 0.00000
vt 0.22222 0.00000
vt 0.33333 0.00000
vt 0.44444 0.00000
vt 0.55556 0.00000
vt 0.66667 0.00000
vt 0.77778 0.00000
vt 0.88889 0.00000
vt 0.00000 0.33333
vt 0.11111 0.33333
vt 0.22222 0.33333
vt 0.33333 0.33333
vt 0.44444 0.33333
vt 0.55556 0.33333
vt 0.66667 0.33333
vt 0.77778 0.33333
vt 0.88889 0.33333
vt 0.00000 0.66667
vt 0.11111 0.66667
vt 0.22222 0.66667
vt 0.33333 0.66667
vt 0.44444 0.66667
vt 0.55556 0.66667
vt 0.66667 0.66667
vt 0.77778 0.66667
vt 0.88889 0.66667
vt 0.00000 1.00000
vt 0.11111 1.00000
vt 0.22222 1.00000
vt 0.33333 1.00000
vt 0.44444 1.00000
vt 0.55556 1.00000
vt 0.66667 1.00000
vt 0.77778 1.00000
vt 0.88889 1.00000
vt 0.00000 0.00000
vt 0.11111 0.00000
vt 0.22222 0.00000
vt 0.33333 0.00000
vt 0.44444 0.00000
vt 0.55556 0.00000
vt 0.66667 0.00000
vt 0.77778 0.00000
vt 0.88889 0.00000
vt 0.00000 0.33333
vt 0.11111 0.33333
vt 0.22222 0.33333
vt 0.33333 0.33333
vt 0.44444 0.33333
vt 0.55556 0.33333
vt 0.66667 0.33333
vt 0.77778 0.33333
vt 0.88889 0.33333
vt 0.00000 0.66667
vt 0.11111 0.66667
vt 0.22222 0.66667
vt 0.33333 0.66667
vt 0.44444 0.66667
vt 0.55556 0.66667
vt 0.66667 0.66667
vt 0.77778 0.66667
vt 0.88889 0.66667
vt 0.00000 1.00000
vt 0.11111 1.00000
vt 0.22222 1.00000
vt 0.33333 1.00000
vt 0.44444 1.00000
vt 0.55556 1.00000
vt 0.66667 1.00000
vt 0.77778 1.00000
vt 0.88889 1.00000
vt 0.00000 0.00000
vt 0.09091 0.00000
vt 0.18182 0.00000
vt 0.27273 0.00000
vt 0.36364 0.00000
vt 0.45455 0.00000
vt 0.54545 0.00000
vt 0.63636 0.00000
vt 0.72727 0.00000
vt 0.81818 0.00000
vt 0.90909 0.00000
vt 0.00000 0.33333
vt 0.09091 0.33333
vt 0.18182 0.33333
vt 0.27273 0.33333
vt 0.36364 0.33333
vt 0.45455 0.33333
vt 0.54545 0.33333
vt 0.63636 0.33333
vt 0.72727 0.33333
vt 0.81818 0.33333
vt 0.90909 0.33333
vt 0.00000 0.66667
vt 0.09091 0.66667
vt 0.18182 0.66667
vt 0.27273 0.66667
vt 0.36364 0.66667
vt 0.45455 0.66667
vt 0.54545 0.66667
vt 0.63636 0.66667
vt 0.72727 0.66667
vt 0.81818 0.66667
vt 0.90909 0.66667
vt 0.00000 1.00000
vt 0.09091 1.00000
vt 0.18182 1.00000
vt 0.27273 1.00000
vt 0.36364 1.00000
vt 0.45455 1.00000
vt 0.54545 1.00000
vt 0.63636 1.00000
vt 0.72727 1.00000
vt 0.81818 1.00000
vt 0.90909 1.00000
vt 0.00000 0.00000
vt 0.10000 0.00000
vt 0.20000 0.00000
vt 0.30000 0.00000
vt 0.40000 0.00000
vt 0.50000 0.00000
vt 0.60000 0.00000
vt 0.70000 0.00000
vt 0.80000 0.00000
vt 0.90000 0.00000
vt 0.00000 0.33333
vt 0.10000 0.33333
vt 0.20000 0.33333
vt 0.30000 0.33333
vt 0.40000 0.33333
vt 0.50000 0.33333
vt 0.60000 0.33333
vt 0.70000 0.33333
vt 0.80000 0.33333
vt 0.90000 0.33333
vt 0.00000 0.66667
vt 0.10000 0.66667
vt 0.20000 0.66667
vt 0.30000 0.66667
vt 0.40000 0.66667
vt 0.50000 0.66667
vt 0.60000 0.66667
vt 0.70000 0.66667
vt 0.80000 0.66667
vt 0.90000 0.66667
vt 0.00000 1.00000
vt 0.10000 1.00000
vt 0.20000 1.00000
vt 0.30000 1.00000
vt 0.40000 1.00000
vt 0.50000 1.00000
vt 0.60000 1.00000
vt 0.70000 1.00000
vt 0.80000 1.00000
vt 0.90000 1.00000
vt 0.00000 0.00000
vt 0.11111 0.00000
vt 0.22222 0.00000
vt 0.33333 0.00000
vt 0.44444 0.00000
vt 0.55556 0.00000
vt 0.66667 0.00000
vt 0.77778 0.00000
vt 0.88889 0.00000
vt 0.00000 0.33333
vt 0.11111 0.33333
vt 0.22222 0.33333
vt 0.33333 0.33333
vt 0.44444 0.33333
vt 0.55556 0.33333
vt 0.66667 0.33333
vt 0.77778 0.33333
vt 0.88889 0.33333
vt 0.00000 0.66667
vt 0.11111 0.66667
vt 0.22222 0.66667
vt 0.33333 0.66667
vt 0.44444 0.66667
vt 0.55556 0.66667
vt 0.66667 0.66667
vt 0.77778 0.66667
vt 0.88889 0.66667
vt 0.00000 1.00000
vt 0.11111 1.00000
vt 0.22222 1.00000
vt 0.33333 1.00000
vt 0.44444 1.00000
vt 0.55556 1.00000
vt 0.66667 1.00000
vt 0.77778 1.00000
vt 0.88889 1.00000
vt 0.00000 0.00000
vt 0.11111 0.00000
vt 0.22222 0.00000
vt 0.33333 0.00000
vt 0.44444 0.00000
vt 0.55556 0.00000
vt 0.66667 0.00000
vt 0.77778 0.00000
vt 0.88889 0.00000
vt 0.00000 0.33333
vt 0.11111 0.33333
vt 0.22222 0.33333
vt 0.33333 0.33333
vt 0.44444 0.33333
vt 0.55556 0.33333
vt 0.66667 0.33333
vt 0.77778 0.33333
vt 0.88889 0.33333
vt 0.00000 0.66667
vt 0.11111 0.66667
vt 0.22222 0.66667
vt 0.33333 0.66667
vt 0.44444 0.66667
vt 0.55556 0.66667
vt 0.66667 0.66667
vt 0.77778 0.66667
vt 0.88889 0.66667
vt 0.00000 1.00000
vt 0.11111 1.00000
vt 0.22222 1.00000
vt 0.33333 1.00000
vt 0.44444 1.00000
vt 0.55556 1.00000
vt 0.66667 1.00000
vt 0.77778 1.00000
vt 0.88889 1.00000
vt 0.00000 0.00000
vt 0.11111 0.00000
vt 0.22222 0.00000
vt 0.33333 0.00000
vt 0.44444 0.00000
vt 0.55556 0.00000
vt 0.66667 0.00000
vt 0.77778 0.00000
vt 0.88889 0.00000
vt 0.00000 0.33333
vt 0.11111 0.33333
vt 0.22222 0.33333
vt 0.33333 0.33333
vt 0.44444 0.33333
vt 0.55556 0.33333
vt 0.66667 0.33333
vt 0.77778 0.33333
vt 0.88889 0.33333
vt 0.00000 0.66667
vt 0.11111 0.66667
vt 0.22222 0.66667
vt 0.33333 0.66667
vt 0.44444 0.66667
vt 0.55556 0.66667
vt 0.66667 0.66667
vt 0.77778 0.66667
vt 0.88889 0.66667
vt 0.00000 1.00000
vt 0.11111 1.00000
vt 0.22222 1.00000
vt 0.33333 1.00000
vt 0.44444 1.00000
vt 0.55556 1.00000
vt 0.66667 1.00000
vt 0.77778 1.00000
vt 0.88889 1.00000
vt 0.00000 0.00000
vt 0.10000 0.00000
vt 0.20000 0.00000
vt 0.30000 0.00000
vt 0.40000 0.00000
vt 0.50000 0.00000
vt 0.60000 0.00000
vt 0.70000 0.00000
vt 0.80000 0.00000
vt 0.90000 0.00000
vt 0.00000 0.33333
vt 0.10000 0.33333
vt 0.20000 0.33333
vt 0.30000 0.33333
vt 0.40000 0.33333
vt 0.50000 0.33333
vt 0.60000 0.33333
vt 0.70000 0.33333
vt 0.80000 0.33333
vt 0.90000 0.33333
vt 0.00000 0.66667
vt 0.10000 0.66667
vt 0.20000 0.66667
vt 0.30000 0.66667
vt 0.40000 0.66667
vt 0.50000 0.66667
vt 0.60000 0.66667
vt 0.70000 0.66667
vt 0.80000 0.66667
vt 0.90000 0.66667
vt 0.00000 1.00000
vt 0.10000 1.00000
vt 0.20000 1.00000
vt 0.30000 1.00000
vt 0.40000 1.00000
vt 0.50000 1.00000
vt 0.60000 1.00000
vt 0.70000 1.00000
vt 0.80000 1.00000
vt 0.90000 1.00000
vt 0.00000 0.00000
vt 0.11111 0.00000
vt 0.22222 0.00000
vt 0.33333 0.00000
vt 0.44444 0.00000
vt 0.55556 0.00000
vt 0.66667 0.00000
vt 0.77778 0.00000
vt 0.88889 0.00000
vt 0.00000 0.33333
vt 0.11111 0.33333
vt 0.22222 0.33333
vt 0.33333 0.33333
vt 0.44444 0.33333
vt 0.55556 0.33333
vt 0.66667 0.33333
vt 0.77778 0.33333
vt 0.88889 0.33333
vt 0.00000 0.66667
vt 0.11111 0.66667
vt 0.22222 0.66667
vt 0.33333 0.66667
vt 0.44444 0.66667
vt 0.55556 0.66667
vt 0.66667 0.66667
vt 0.77778 0.66667
vt 0.88889 0.66667
vt 0.00000 1.00000
vt 0.11111 1.00000
vt 0.22222 1.00000
vt 0.33333 1.00000
vt 0.44444 1.00000
vt 0.55556 1.00000
vt 0.66667 1.00000
vt 0.77778 1.00000
vt 0.88889 1.00000
vt 0.00000 0.00000
vt 0.11111 0.00000
vt 0.22222 0.00000
vt 0.33333 0.00000
vt 0.44444 0.00000
vt 0.55556 0.00000
vt 0.66667 0.00000
vt 0.77778 0.00000
vt 0.88889 0.00000
vt 0.00000 0.33333
vt 0.11111 0.33333
vt 0.22222 0.33333
vt 0.33333 0.33333
vt 0.44444 0.33333
vt 0.55556 0.33333
vt 0.66667 0.33333
vt 0.77778 0.33333
vt 0.88889 0.33333
vt 0.00000 0.66667
vt 0.11111 0.66667
vt 0.22222 0.66667
vt 0.33333 0.66667
vt 0.44444 0.66667
vt 0.55556 0.66667
vt 0.66667 0.66667
vt 0.77778 0.66667
vt 0.88889 0.66667
vt 0.00000 1.00000
vt 0.11111 1.00000
vt 0.22222 1.00000
vt 0.33333 1.00000
vt 0.44444 1.00000
vt 0.55556 1.00000
vt 0.66667 1.00000
vt 0.77778 1.00000
vt 0.88889 1.00000
vt 0.00000 0.00000
vt 0.11111 0.00000
vt 0.22222 0.00000
vt 0.33333 0.00000
vt 0.44444 0.00000
vt 0.55556 0.00000
vt 0.66667 0.00000
vt 0.77778 0.00000
vt 0.88889 0.00000
vt 0.00000 0.33333
vt 0.11111 0.33333
vt 0.22222 0.33333
vt 0.33333 0.33333
vt 0.44444 0.33333
vt 0.55556 0.33333
vt 0.66667 0.33333
vt 0.77778 0.33333
vt 0.88889 0.33333
vt 0.00000 0.66667
vt 0.11111 0.66667
vt 0.22222 0.66667
vt 0.33333 0.66667
vt 0.44444 0.66667
vt 0.55556 0.66667
vt 0.66667 0.66667
vt 0.77778 0.66667
vt 0.88889 0.66667
vt 0.00000 1.00000
vt 0.11111 1.00000
vt 0.22222 1.00000
vt 0.33333 1.00000
vt 0.44444 1.00000
vt 0.55556 1.00000
vt 0.66667 1.00000
vt 0.77778 1.00000
vt 0.88889 1.00000
vt 0.00000 0.00000
vt 0.10000 0.00000
vt 0.20000 0.00000
vt 0.30000 0.00000
vt 0.40000 0.00000
vt 0.50000 0.00000
vt 0.60000 0.00000
vt 0.70000 0.00000
vt 0.80000 0.00000
vt 0.90000 0.00000
vt 0.00000 0.33333
vt 0.10000 0.33333
vt 0.20000 0.33333
vt 0.30000 0.33333
vt 0.40000 0.33333
vt 0.50000 0.33333
vt 0.60000 0.33333
vt 0.70000 0.33333
vt 0.80000 0.33333
vt 0.90000 0.33333
vt 0.00000 0.66667
vt 0.10000 0.66667
vt 0.20000 0.66667
vt 0.30000 0.66667
vt 0.40000 0.66667
vt 0.50000 0.66667
vt 0.60000 0.66667
vt 0.70000 0.66667
vt 0.80000 0.66667
vt 0.90000 0.66667
vt 0.00000 1.00000
vt 0.10000 1.00000
vt 0.20000 1.00000
vt 0.30000 1.00000
vt 0.40000 1.00000
vt 0.50000 1.00000
vt 0.60000 1.00000
vt 0.70000 1.00000
vt 0.80000 1.00000
vt 0.90000 1.00000
vt 0.00000 0.00000
vt 0.11111 0.00000
vt 0.22222 0.00000
vt 0.33333 0.00000
vt 0.44444 0.00000
vt 0.55556 0.00000
vt 0.66667 0.00000
vt 0.77778 0.00000
vt 0.88889 0.00000
vt 0.00000 0.33333
vt 0.11111 0.33333
vt 0.22222 0.33333
vt 0.33333 0.33333
vt 0.44444 0.33333
vt 0.55556 0.33333
vt 0.66667 0.33333
vt 0.77778 0.33333
vt 0.88889 0.33333
vt 0.00000 0.66667
vt 0.11111 0.66667
vt 0.22222 0.66667
vt 0.33333 0.66667
vt 0.44444 0.66667
vt 0.55556 0.66667
vt 0.66667 0.66667
vt 0.77778 0.66667
vt 0.88889 0.66667
vt 0.00000 1.00000
vt 0.11111 1.00000
vt 0.22222 1.00000
vt 0.33333 1.00000
vt 0.44444 1.00000
vt 0.55556 1.00000
vt 0.66667 1.00000
vt 0.77778 1.00000
vt 0.88889 1.00000
vt 0.00000 0.00000
vt 0.11111 0.00000
vt 0.22222 0.00000
vt 0.33333 0.00000
vt 0.44444 0.00000
vt 0.55556 0.00000
vt 0.66667 0.00000
vt 0.77778 0.00000
vt 0.88889 0.00000
vt 0.00000 0.33333
vt 0.11111 0.33333
vt 0.22222 0.33333
vt 0.33333 0.33333
vt 0.44444 0.33333
vt 0.55556 0.33333
vt 0.66667 0.33333
vt 0.77778 0.33333
vt 0.88889 0.33333
vt 0.00000 0.66667
vt 0.11111 0.66667
vt 0.22222 0.66667
vt 0.33333 0.66667
vt 0.44444 0.66667
vt 0.55556 0.66667
vt 0.66667 0.66667
vt 0.77778 0.66667
vt 0.88889 0.66667
vt 0.00000 1.00000
vt 0.11111 1.00000
vt 0.22222 1.00000
vt 0.33333 1.00000
vt 0.44444 1.00000
vt 0.55556 1.00000
vt 0.66667 1.00000
vt 0.77778 1.00000
vt 0.88889 1.00000
vt 0.00000 0.00000
vt 0.11111 0.00000
vt 0.22222 0.00000
vt 0.33333 0.00000
vt 0.44444 0.00000
vt 0.55556 0.00000
vt 0.66667 0.00000
vt 0.77778 0.00000
vt 0.88889 0.00000
vt 0.00000 0.33333
vt 0.11111 0.33333
vt 0.22222 0.33333
vt 0.33333 0.33333
vt 0.44444 0.33333
vt 0.55556 0.33333
vt 0.66667 0.33333
vt 0.77778 0.33333
vt 0.88889 0.33333
vt 0.00000 0.66667
vt 0.11111 0.66667
vt 0.22222 0.66667
vt 0.33333 0.66667
vt 0.44444 0.66667
vt 0.55556 0.66667
vt 0.66667 0.66667
vt 0.77778 0.66667
vt 0.88889 0.66667
vt 0.00000 1.00000
vt 0.11111 1.00000
vt 0.22222 1.00000
vt 0.33333 1.00000
vt 0.44444 1.00000
vt 0.55556 1.00000
vt 0.66667 1.00000
vt 0.77778 1.00000
vt 0.88889 1.00000
vn 0.4973 0.8632 0.0872
vn 0.5266 0.8470 0.0723
vn 0.5077 0.8556 0.1014
vn 0.5515 0.8299 0.0838
vn 0.9948 0.0117 0.1015
vn 0.9957 -0.0254 0.0886
vn 0.9931 0.0002 0.1176
vn 0.9931 -0.0546 0.1034
vn 0.5080 -0.8422 0.1805
vn 0.4752 -0.8636 0.1682
vn 0.4969 -0.8450 0.1974
vn 0.4484 -0.8747 0.1843
vn -0.4758 -0.8447 0.2453
vn -0.5096 -0.8287 0.2313
vn -0.4840 -0.8352 0.2610
vn -0.5327 -0.8100 0.2453
vn -0.9729 0.0064 0.2310
vn -0.9758 0.0396 0.2152
vn -0.9694 0.0195 0.2447
vn -0.9717 0.0698 0.2257
vn -0.4866 0.8603 0.1518
vn -0.4602 0.8773 0.1358
vn -0.4738 0.8651 0.1649
vn -0.4324 0.8900 0.1451
vn 0.5270 0.8480 0.0563
vn 0.5420 0.8388 0.0507
vn 0.5519 0.8308 0.0717
vn 0.6090 0.7913 0.0537
vn 0.9968 -0.0261 0.0757
vn 0.9965 -0.0446 0.0708
vn 0.9942 -0.0552 0.0926
vn 0.9889 -0.1263 0.0778
vn 0.4758 -0.8704 0.1264
vn 0.4586 -0.8803 0.1213
vn 0.4490 -0.8819 0.1437
vn 0.3840 -0.9143 0.1289
vn -0.5183 -0.8405 0.1577
vn -0.5357 -0.8307 0.1516
vn -0.5420 -0.8222 0.1739
vn -0.6026 -0.7827 0.1558
vn -0.9897 0.0363 0.1381
vn -0.9898 0.0554 0.1312
vn -0.9860 0.0670 0.1529
vn -0.9817 0.1375 0.1315
vn -0.4656 0.8807 0.0875
vn -0.4499 0.8894 0.0808
vn -0.4373 0.8936 0.1018
vn -0.3749 0.9235 0.0806
vn 0.5424 0.8400 -0.0114
vn 0.5460 0.8377 -0.0125
vn 0.6099 0.7924 0.0043
vn 0.6773 0.7355 -0.0141
vn 0.9986 -0.0472 0.0254
vn 0.9985 -0.0496 0.0250
vn 0.9906 -0.1283 0.0464
vn 0.9762 -0.2143 0.0343
vn 0.4586 -0.8824 0.1052
vn 0.4571 -0.8832 0.1049
vn 0.3840 -0.9147 0.1258
vn 0.3031 -0.9462 0.1135
vn -0.5360 -0.8311 0.1481
vn -0.5386 -0.8296 0.1474
vn -0.6019 -0.7817 0.1632
vn -0.6706 -0.7276 0.1445
vn -0.9923 0.0544 0.1115
vn -0.9922 0.0592 0.1100
vn -0.9831 0.1371 0.1213
vn -0.9699 0.2238 0.0960
vn -0.4537 0.8906 0.0316
vn -0.4491 0.8930 0.0299
vn -0.3779 0.9249 0.0418
vn -0.2951 0.9553 0.0166
vn 0.5447 0.8368 -0.0557
vn 0.5371 0.8418 -0.0537
vn 0.6768 0.7349 -0.0437
vn 0.7475 0.6614 -0.0623
vn 0.9983 -0.0531 -0.0234
vn 0.9988 -0.0427 -0.0221
vn 0.9762 -0.2168 0.0047
vn 0.9490 -0.3152 -0.0044
vn 0.4563 -0.8863 0.0794
vn 0.4657 -0.8813 0.0804
vn 0.3029 -0.9467 0.1094
vn 0.2046 -0.9737 0.1005
vn -0.5384 -0.8293 0.1496
vn -0.5300 -0.8344 0.1513
vn -0.6684 -0.7252 0.1657
vn -0.7415 -0.6546 0.1474
vn -0.9913 0.0597 0.1172
vn -0.9915 0.0513 0.1195
vn -0.9673 0.2251 0.1174
vn -0.9423 0.3227 0.0894
vn -0.4504 0.8927 0.0146
vn -0.4574 0.8891 0.0170
vn -0.2954 0.9553 0.0128
vn -0.1976 0.9802 -0.0154
vn 0.5350 0.8399 -0.0912
vn 0.5188 0.8504 -0.0876
vn 0.7467 0.6604 -0.0790
vn 0.8148 0.5722 -0.0936
vn 0.9982 -0.0445 -0.0414
vn 0.9989 -0.0245 -0.0401
vn 0.9493 -0.3145 0.0022
vn 0.9082 -0.4186 -0.0014
vn 0.4661 -0.8803 0.0884
vn 0.4837 -0.8707 0.0893
vn 0.2068 -0.9695 0.1316
vn 0.0962 -0.9874 0.1253
vn -0.5282 -0.8322 0.1684
vn -0.5117 -0.8420 0.1712
vn -0.7377 -0.6507 0.1801
vn -0.8091 -0.5655 0.1598
vn -0.9916 0.0513 0.1187
vn -0.9918 0.0330 0.1238
vn -0.9411 0.3234 0.0991
vn -0.9025 0.4253 0.0677
vn -0.4603 0.8877 -0.0111
vn -0.4765 0.8791 -0.0057
vn -0.1989 0.9795 -0.0305
vn -0.0906 0.9941 -0.0590
vn 0.0846 0.1003 0.9914
vn -0.0641 -0.0543 -0.9965
vn 0.2778 0.9336 -0.2263
vn 0.2790 0.9332 -0.2267
vn 0.7367 0.6125 -0.2864
vn 0.7378 0.6112 -0.2866
vn 0.9634 0.0981 -0.2495
vn 0.9636 0.0962 -0.2494
vn 0.8857 -0.4464 -0.1274
vn 0.8849 -0.4481 -0.1270
vn 0.5285 -0.8479 0.0413
vn 0.5267 -0.8490 0.0418
vn 0.0050 -0.9792 0.2029
vn 0.0026 -0.9791 0.2033
vn -0.5185 -0.7984 0.3062
vn -0.5207 -0.7969 0.3063
vn -0.8757 -0.3630 0.3184
vn -0.8768 -0.3607 0.3180
vn -0.9534 0.1888 0.2355
vn -0.9531 0.1908 0.2349
vn -0.7267 0.6818 0.0839
vn -0.7258 0.6828 0.0834
vn -0.2678 0.9594 -0.0883
vn -0.2667 0.9597 -0.0887
vn 0.2795 0.9335 -0.2245
vn 0.2834 0.9322 -0.2253
vn 0.7452 0.6176 -0.2517
vn 0.7476 0.6146 -0.2518
vn 0.9754 0.1071 -0.1928
vn 0.9759 0.1031 -0.1923
vn 0.8976 -0.4358 -0.0667
vn 0.8956 -0.4400 -0.0657
vn 0.5365 -0.8394 0.0867
vn 0.5320 -0.8422 0.0878
vn 0.0062 -0.9757 0.2189
vn 0.0007 -0.9756 0.2196
vn -0.5252 -0.8009 0.2876
vn -0.5297 -0.7979 0.2876
vn -0.8885 -0.3702 0.2711
vn -0.8907 -0.3656 0.2703
vn -0.9682 0.1792 0.1747
vn -0.9675 0.1841 0.1732
vn -0.7392 0.6729 0.0289
vn -0.7359 0.6765 0.0272
vn -0.2740 0.9542 -0.1200
vn -0.2696 0.9553 -0.1214
vn 0.2770 0.9256 -0.2580
vn 0.2800 0.9245 -0.2585
vn 0.7425 0.6089 -0.2793
vn 0.7445 0.6064 -0.2793
vn 0.9734 0.1001 -0.2059
vn 0.9738 0.0972 -0.2054
vn 0.8965 -0.4389 -0.0610
vn 0.8953 -0.4414 -0.0603
vn 0.5361 -0.8370 0.1093
vn 0.5337 -0.8385 0.1100
vn 0.0070 -0.9680 0.2509
vn 0.0039 -0.9679 0.2514
vn -0.5230 -0.7904 0.3190
vn -0.5258 -0.7885 0.3190
vn -0.8858 -0.3606 0.2920
vn -0.8874 -0.3574 0.2913
vn -0.9664 0.1852 0.1783
vn -0.9659 0.1887 0.1772
vn -0.7388 0.6738 0.0141
vn -0.7366 0.6762 0.0128
vn -0.2753 0.9498 -0.1486
vn -0.2721 0.9506 -0.1496
vn 0.1988 0.2279 0.9532
vn -0.2492 -0.1781 -0.9519
vn 0.3019 0.9461 -0.1170
vn 0.2968 0.9479 -0.1156
vn 0.7866 0.5768 -0.2205
vn 0.7834 0.5813 -0.2197
vn 0.9717 -0.0126 -0.2360
vn 0.9717 -0.0072 -0.2361
vn 0.7866 -0.5970 -0.1578
vn 0.7897 -0.5926 -0.1586
vn 0.3019 -0.9532 -0.0156
vn 0.3073 -0.9515 -0.0168
vn -0.2971 -0.9451 0.1362
vn -0.2915 -0.9470 0.1352
vn -0.7817 -0.5758 0.2397
vn -0.7782 -0.5807 0.2393
vn -0.9668 0.0136 0.2552
vn -0.9667 0.0078 0.2558
vn -0.7817 0.5980 0.1770
vn -0.7849 0.5935 0.1783
vn -0.2971 0.9542 0.0348
vn -0.3023 0.9525 0.0364
vn 0.3059 0.9487 -0.0804
vn 0.2946 0.9525 -0.0770
vn 0.7863 0.5816 -0.2083
vn 0.7793 0.5917 -0.2061
vn 0.9674 -0.0077 -0.2531
vn 0.9675 0.0048 -0.2528
vn 0.7798 -0.5941 -0.1975
vn 0.7869 -0.5840 -0.1991
vn 0.2953 -0.9533 -0.0628
vn 0.3067 -0.9496 -0.0655
vn -0.3010 -0.9484 0.0995
vn -0.2893 -0.9523 0.0968
vn -0.7814 -0.5811 0.2274
vn -0.7738 -0.5918 0.2259
vn -0.9623 0.0083 0.2720
vn -0.9621 -0.0052 0.2726
vn -0.7745 0.5944 0.2163
vn -0.7819 0.5837 0.2189
vn -0.2902 0.9535 0.0817
vn -0.3018 0.9496 0.0854
vn 0.3090 0.9509 -0.0199
vn 0.3029 0.9528 -0.0182
vn 0.7928 0.5904 -0.1516
vn 0.7893 0.5953 -0.1504
vn 0.9751 0.0042 -0.2218
vn 0.9751 0.0101 -0.2214
vn 0.7858 -0.5840 -0.2036
vn 0.7894 -0.5790 -0.2041
vn 0.2970 -0.9492 -0.1040
vn 0.3030 -0.9472 -0.1051
vn -0.3042 -0.9518 0.0391
vn -0.2983 -0.9537 0.0378
vn -0.7883 -0.5911 0.1709
vn -0.7847 -0.5962 0.1700
vn -0.9705 -0.0046 0.2411
vn -0.9705 -0.0110 0.2410
vn -0.7809 0.5836 0.2229
vn -0.7847 0.5781 0.2237
vn -0.2920 0.9485 0.1231
vn -0.2983 0.9463 0.1247
vn 0.2314 -0.0445 0.9718
vn -0.2460 -0.0517 -0.9679
vn 0.3165 0.9486 -0.0028
vn 0.3239 0.9461 -0.0065
vn 0.7986 0.5403 -0.2652
vn 0.8026 0.5328 -0.2682
vn 0.9078 -0.1210 -0.4015
vn 0.9062 -0.1300 -0.4023
vn 0.5932 -0.7260 -0.3479
vn 0.5869 -0.7319 -0.3462
vn 0.0019 -0.9916 -0.1295
vn -0.0063 -0.9920 -0.1262
vn -0.5895 -0.7935 0.1516
vn -0.5960 -0.7879 0.1549
vn -0.9041 -0.2243 0.3637
vn -0.9056 -0.2151 0.3654
vn -0.7948 0.4495 0.4077
vn -0.7907 0.4575 0.4068
vn -0.3128 0.9127 0.2630
vn -0.3055 0.9160 0.2601
vn 0.3169 0.9481 -0.0244
vn 0.3305 0.9433 -0.0299
vn 0.8145 0.5293 -0.2375
vn 0.8217 0.5162 -0.2414
vn 0.9314 -0.1372 -0.3372
vn 0.9287 -0.1526 -0.3379
vn 0.6137 -0.7393 -0.2772
vn 0.6020 -0.7499 -0.2743
vn 0.0097 -0.9963 -0.0855
vn -0.0056 -0.9967 -0.0804
vn -0.5985 -0.7872 0.1485
vn -0.6103 -0.7772 0.1532
vn -0.9257 -0.2096 0.3150
vn -0.9284 -0.1939 0.3170
vn -0.8187 0.4655 0.3361
vn -0.8113 0.4795 0.3344
vn -0.3282 0.9227 0.2022
vn -0.3144 0.9285 0.1975
vn 0.3233 0.9448 -0.0524
vn 0.3296 0.9425 -0.0545
vn 0.8295 0.5146 -0.2170
vn 0.8327 0.5089 -0.2182
vn 0.9478 -0.1564 -0.2778
vn 0.9467 -0.1629 -0.2778
vn 0.6236 -0.7539 -0.2066
vn 0.6184 -0.7586 -0.2054
vn 0.0085 -0.9993 -0.0367
vn 0.0013 -0.9994 -0.0347
vn -0.6105 -0.7772 0.1526
vn -0.6158 -0.7727 0.1542
vn -0.9430 -0.1912 0.2726
vn -0.9441 -0.1845 0.2731
vn -0.8334 0.4839 0.2670
vn -0.8301 0.4899 0.2662
vn -0.3335 0.9325 0.1388
vn -0.3271 0.9350 0.1369
vn 0.2799 -0.0376 0.9593
vn -0.3920 0.1231 -0.9117
vn -0.7958 0.5604 0.2296
vn -0.8008 0.5554 0.2242
vn -0.2479 0.7789 0.5760
vn -0.2564 0.7783 0.5732
vn 0.4154 0.6317 0.6545
vn 0.4075 0.6356 0.6557
vn 0.8839 0.1875 0.4284
vn 0.8802 0.1941 0.4331
vn 0.9383 -0.3458 0.0035
vn 0.9405 -0.3396 0.0096
vn 0.5532 -0.7186 -0.4214
vn 0.5603 -0.7159 -0.4167
vn -0.0913 -0.7566 -0.6475
vn -0.0826 -0.7586 -0.6463
vn -0.6936 -0.4419 -0.5690
vn -0.6874 -0.4478 -0.5718
vn -0.9718 0.0782 -0.2226
vn -0.9711 0.0711 -0.2280
vn -0.8036 0.5473 0.2339
vn -0.7902 0.5605 0.2480
vn -0.2570 0.7764 0.5755
vn -0.2352 0.7781 0.5824
vn 0.4093 0.6408 0.6495
vn 0.4296 0.6307 0.6463
vn 0.8837 0.2038 0.4214
vn 0.8932 0.1866 0.4092
vn 0.9440 -0.3299 -0.0022
vn 0.9380 -0.3462 -0.0179
vn 0.5621 -0.7107 -0.4230
vn 0.5436 -0.7180 -0.4347
vn -0.0833 -0.7604 -0.6441
vn -0.1055 -0.7554 -0.6467
vn -0.6902 -0.4558 -0.5621
vn -0.7060 -0.4405 -0.5545
vn -0.9747 0.0607 -0.2153
vn -0.9764 0.0793 -0.2010
vn -0.7751 0.6003 0.1969
vn -0.7545 0.6194 0.2168
vn -0.2204 0.8170 0.5329
vn -0.1874 0.8181 0.5436
vn 0.4371 0.6501 0.6215
vn 0.4669 0.6328 0.6177
vn 0.8896 0.1774 0.4210
vn 0.9022 0.1502 0.4044
vn 0.9248 -0.3795 0.0252
vn 0.9148 -0.4039 0.0035
vn 0.5271 -0.7600 -0.3803
vn 0.4989 -0.7702 -0.3974
vn -0.1176 -0.7866 -0.6062
vn -0.1510 -0.7773 -0.6108
vn -0.7083 -0.4465 -0.5468
vn -0.7307 -0.4219 -0.5367
vn -0.9680 0.1015 -0.2294
vn -0.9691 0.1297 -0.2098
vn -0.2503 -0.5713 0.7816
vn 0.2267 0.6210 -0.7503
vn 0.8115 -0.5574 0.1753
vn 0.8374 -0.5245 0.1538
vn 0.2578 -0.8611 0.4381
vn 0.3024 -0.8523 0.4267
vn -0.4162 -0.7609 0.4977
vn -0.3738 -0.7799 0.5021
vn -0.8952 -0.3037 0.3262
vn -0.8744 -0.3414 0.3447
vn -0.9550 0.2966 0.0038
vn -0.9658 0.2577 0.0284
vn -0.5676 0.7592 -0.3186
vn -0.6051 0.7378 -0.2992
vn 0.0856 0.8674 -0.4901
vn 0.0393 0.8738 -0.4846
vn 0.6991 0.5708 -0.4305
vn 0.6657 0.6020 -0.4410
vn 0.9858 0.0081 -0.1677
vn 0.9807 0.0498 -0.1888
vn 0.8422 -0.5046 0.1899
vn 0.8753 -0.4559 0.1616
vn 0.3030 -0.8501 0.4308
vn 0.3644 -0.8329 0.4166
vn -0.3780 -0.7966 0.4718
vn -0.3162 -0.8190 0.4788
vn -0.8816 -0.3694 0.2937
vn -0.8488 -0.4213 0.3196
vn -0.9726 0.2315 -0.0199
vn -0.9845 0.1751 0.0129
vn -0.6084 0.7252 -0.3225
vn -0.6588 0.6909 -0.2977
vn 0.0410 0.8804 -0.4724
vn -0.0247 0.8842 -0.4665
vn 0.6712 0.6245 -0.3994
vn 0.6209 0.6651 -0.4148
vn 0.9874 0.0776 -0.1379
vn 0.9765 0.1361 -0.1669
vn 0.8755 -0.4541 0.1652
vn 0.3405 0.8449 -0.4126
vn 0.3612 -0.8532 0.3764
vn 0.8635 0.4302 -0.2631
vn -0.3215 -0.8489 0.4196
vn 0.9821 -0.1883 0.0037
vn -0.8531 -0.4436 0.2747
vn 0.6407 -0.7213 0.2629
vn -0.9848 0.1734 0.0095
vn -0.0008 -0.9194 0.3932
vn -0.6546 0.7128 -0.2518
vn -0.6424 -0.6899 0.3337
vn -0.0180 0.9220 -0.3868
vn -0.9838 -0.1402 0.1122
vn 0.6270 0.7043 -0.3328
vn -0.8652 0.4726 -0.1677
vn 0.9802 0.1613 -0.1150
vn -0.3422 0.8616 -0.3750
vn 0.0603 0.4051 0.9123
vn -0.1477 -0.4793 -0.8651
vn 0.9605 0.2226 0.1673
vn 0.9541 0.2610 0.1465
vn 0.8435 -0.3259 0.4270
vn 0.8630 -0.2888 0.4144
vn 0.4036 -0.7485 0.5262
vn 0.4412 -0.7264 0.5269
vn -0.1912 -0.8838 0.4270
vn -0.1496 -0.8848 0.4412
vn -0.7137 -0.6802 0.1673
vn -0.6841 -0.7041 0.1904
vn -0.9644 -0.2154 -0.1538
vn -0.9587 -0.2530 -0.1303
vn -0.8474 0.3331 -0.4135
vn -0.8679 0.2968 -0.3983
vn -0.4075 0.7557 -0.5127
vn -0.4462 0.7347 -0.5109
vn 0.1873 0.8910 -0.4135
vn 0.1449 0.8934 -0.4253
vn 0.7098 0.6874 -0.1538
vn 0.6797 0.7125 -0.1742
vn 0.9452 0.2753 0.1757
vn 0.9228 0.3617 0.1329
vn 0.8657 -0.2931 0.4058
vn 0.9020 -0.2047 0.3802
vn 0.4545 -0.7483 0.4832
vn 0.5354 -0.6912 0.4853
vn -0.1309 -0.9163 0.3785
vn -0.0364 -0.9120 0.4085
vn -0.6670 -0.7333 0.1318
vn -0.5951 -0.7834 0.1792
vn -0.9493 -0.2690 -0.1629
vn -0.9280 -0.3543 -0.1153
vn -0.8695 0.2994 -0.3929
vn -0.9076 0.2119 -0.3625
vn -0.4581 0.7544 -0.4702
vn -0.5412 0.6987 -0.4679
vn 0.1270 0.9221 -0.3654
vn 0.0308 0.9198 -0.3911
vn 0.6628 0.7393 -0.1189
vn 0.5899 0.7911 -0.1617
vn 0.9118 0.3754 0.1667
vn 0.8946 0.4227 0.1449
vn 0.9025 -0.2053 0.3787
vn 0.9178 -0.1539 0.3660
vn 0.5473 -0.7065 0.4487
vn 0.5894 -0.6706 0.4505
vn -0.0178 -0.9366 0.3500
vn 0.0349 -0.9300 0.3660
vn -0.5768 -0.8080 0.1204
vn -0.5340 -0.8330 0.1449
vn -0.9166 -0.3697 -0.1525
vn -0.9000 -0.4166 -0.1284
vn -0.9070 0.2111 -0.3644
vn -0.9232 0.1600 -0.3494
vn -0.5516 0.7121 -0.4343
vn -0.5948 0.6767 -0.4339
vn 0.0133 0.9419 -0.3356
vn -0.0402 0.9361 -0.3495
vn 0.5720 0.8133 -0.1061
vn 0.5287 0.8391 -0.1284
vn -0.2919 0.3321 0.8969
vn 0.2465 -0.4572 -0.8545
vn 0.9214 0.3457 0.1774
vn 0.9312 0.3061 0.1980
vn 0.8517 -0.2811 0.4422
vn 0.8323 -0.3206 0.4523
vn 0.3827 -0.7754 0.5022
vn 0.3436 -0.7969 0.4969
vn -0.2661 -0.9059 0.3294
vn -0.3069 -0.8996 0.3106
vn -0.7912 -0.6116 0.0045
vn -0.8142 -0.5803 -0.0194
vn -0.9468 -0.0301 -0.3204
vn -0.9409 0.0111 -0.3385
vn -0.6602 0.5665 -0.4933
vn -0.6282 0.5981 -0.4976
vn -0.0654 0.8989 -0.4332
vn -0.0220 0.9062 -0.4222
vn 0.5593 0.8117 -0.1684
vn 0.5941 0.7908 -0.1474
vn 0.9494 0.2805 0.1412
vn 0.9648 0.1876 0.1843
vn 0.8512 -0.3475 0.3933
vn 0.7994 -0.4342 0.4153
vn 0.3541 -0.8120 0.4639
vn 0.2595 -0.8526 0.4536
vn -0.3097 -0.8955 0.3196
vn -0.4025 -0.8712 0.2810
vn -0.8289 -0.5586 0.0280
vn -0.8762 -0.4814 -0.0216
vn -0.9609 0.0403 -0.2740
vn -0.9404 0.1341 -0.3125
vn -0.6444 0.6214 -0.4457
vn -0.5651 0.6877 -0.4559
vn -0.0269 0.9132 -0.4066
vn 0.0745 0.9202 -0.3844
vn 0.6028 0.7785 -0.1747
vn 0.6788 0.7225 -0.1315
vn 0.9773 0.1650 0.1331
vn 0.3366 0.8850 -0.3218
vn 0.8100 -0.4539 0.3713
vn 0.8520 0.5203 -0.0587
vn 0.2629 -0.8589 0.4396
vn 0.9688 -0.0880 0.2316
vn -0.4083 -0.8601 0.3058
vn 0.6324 -0.6552 0.4133
vn -0.8888 -0.4572 0.0328
vn 0.0001 -0.9160 0.4012
vn -0.9544 0.1609 -0.2516
vn -0.6321 -0.7483 0.2011
vn -0.5746 0.7056 -0.4146
vn -0.9686 -0.2306 -0.0934
vn 0.0735 0.9221 -0.3799
vn -0.8517 0.3948 -0.3445
vn 0.6865 0.7085 -0.1635
vn -0.3363 0.8354 -0.4347
vn -0.1802 0.3953 0.9007
vn 0.3102 -0.3991 -0.8629
vn 0.3188 0.9353 -0.1538
vn 0.3265 0.9320 -0.1571
vn 0.8045 0.4895 -0.3363
vn 0.8086 0.4817 -0.3379
vn 0.9146 -0.1852 -0.3594
vn 0.9131 -0.1941 -0.3586
vn 0.5976 -0.7732 -0.2123
vn 0.5909 -0.7790 -0.2097
vn 0.0017 -0.9993 0.0360
vn -0.0068 -0.9992 0.0393
vn -0.5942 -0.7578 0.2695
vn -0.6007 -0.7519 0.2717
vn -0.9112 -0.1617 0.3788
vn -0.9127 -0.1526 0.3790
vn -0.8011 0.5102 0.3129
vn -0.7968 0.5182 0.3107
vn -0.3153 0.9434 0.1025
vn -0.3073 0.9464 0.0990
vn 0.3113 0.9301 -0.1952
vn 0.3238 0.9248 -0.2000
vn 0.8016 0.4808 -0.3554
vn 0.8082 0.4682 -0.3573
vn 0.9176 -0.1935 -0.3473
vn 0.9152 -0.2072 -0.3455
vn 0.6049 -0.7769 -0.1747
vn 0.5948 -0.7857 -0.1702
vn 0.0102 -0.9966 0.0815
vn -0.0033 -0.9962 0.0866
vn -0.5885 -0.7501 0.3016
vn -0.5990 -0.7405 0.3048
vn -0.9112 -0.1523 0.3827
vn -0.9137 -0.1381 0.3822
vn -0.8067 0.5169 0.2865
vn -0.8001 0.5291 0.2826
vn -0.3238 0.9443 0.0583
vn -0.3113 0.9488 0.0527
vn 0.3129 0.9223 -0.2267
vn 0.3175 0.9203 -0.2285
vn 0.7989 0.4661 -0.3802
vn 0.8013 0.4614 -0.3808
vn 0.9119 -0.2080 -0.3539
vn 0.9110 -0.2132 -0.3530
vn 0.5989 -0.7847 -0.1600
vn 0.5952 -0.7879 -0.1582
vn 0.0066 -0.9938 0.1106
vn 0.0017 -0.9936 0.1126
vn -0.5880 -0.7379 0.3314
vn -0.5918 -0.7343 0.3326
vn -0.9067 -0.1365 0.3991
vn -0.9076 -0.1311 0.3988
vn -0.8004 0.5290 0.2820
vn -0.7979 0.5336 0.2804
vn -0.3187 0.9472 0.0348
vn -0.3141 0.9488 0.0327
vn 0.3840 0.1002 0.9179
vn -0.3750 -0.0295 -0.9266
vn 0.4594 0.8435 0.2782
vn 0.4593 0.8437 0.2780
vn 0.6306 0.3336 0.7007
vn 0.6306 0.3338 0.7006
vn 0.5053 -0.3320 0.7965
vn 0.5057 -0.3311 0.7966
vn 0.1422 -0.8418 0.5207
vn 0.1430 -0.8411 0.5216
vn -0.2890 -0.9573 0.0024
vn -0.2885 -0.9575 0.0032
vn -0.5864 -0.6244 -0.5159
vn -0.5863 -0.6247 -0.5157
vn -0.6109 0.0011 -0.7917
vn -0.6110 0.0005 -0.7916
vn -0.3510 0.6265 -0.6959
vn -0.3516 0.6257 -0.6964
vn 0.0717 0.9592 -0.2734
vn 0.0711 0.9591 -0.2741
vn 0.4813 0.8372 0.2595
vn 0.4752 0.8433 0.2512
vn 0.6893 0.3165 0.6517
vn 0.6883 0.3274 0.6474
vn 0.5734 -0.3513 0.7401
vn 0.5779 -0.3405 0.7417
vn 0.1882 -0.8547 0.4838
vn 0.1962 -0.8489 0.4909
vn -0.2869 -0.9580 0.0018
vn -0.2790 -0.9602 0.0114
vn -0.6288 -0.6119 -0.4797
vn -0.6251 -0.6213 -0.4724
vn -0.6776 0.0203 -0.7351
vn -0.6797 0.0087 -0.7334
vn -0.4112 0.6432 -0.6459
vn -0.4179 0.6346 -0.6501
vn 0.0464 0.9663 -0.2533
vn 0.0381 0.9644 -0.2615
vn 0.4798 0.8420 0.2466
vn 0.4725 0.8484 0.2386
vn 0.7320 0.3154 0.6039
vn 0.7302 0.3276 0.5995
vn 0.6403 -0.3579 0.6796
vn 0.6450 -0.3461 0.6813
vn 0.2481 -0.8635 0.4391
vn 0.2566 -0.8576 0.4457
vn -0.2618 -0.9651 -0.0058
vn -0.2531 -0.9674 0.0030
vn -0.6504 -0.6142 -0.4469
vn -0.6456 -0.6243 -0.4398
vn -0.7355 0.0242 -0.6770
vn -0.7374 0.0113 -0.6754
vn -0.4782 0.6511 -0.5894
vn -0.4854 0.6419 -0.5936
vn 0.0016 0.9744 -0.2249
vn -0.0076 0.9725 -0.2326
vn -0.6669 0.1724 0.7249
vn 0.7727 -0.2306 -0.5914
vn 0.6754 -0.6926 0.2531
vn 0.6876 -0.6861 0.2376
vn 0.2071 -0.7267 0.6550
vn 0.2250 -0.7298 0.6456
vn -0.3389 -0.4812 0.8085
vn -0.3220 -0.4923 0.8087
vn -0.7540 -0.0498 0.6550
vn -0.7440 -0.0648 0.6650
vn -0.8797 0.4026 0.2532
vn -0.8807 0.3894 0.2697
vn -0.6679 0.7032 -0.2435
vn -0.6798 0.6975 -0.2267
vn -0.1996 0.7373 -0.6454
vn -0.2174 0.7414 -0.6349
vn 0.3464 0.4918 -0.7988
vn 0.3297 0.5041 -0.7982
vn 0.7615 0.0605 -0.6453
vn 0.7521 0.0765 -0.6546
vn 0.8872 -0.3919 -0.2435
vn 0.8888 -0.3780 -0.2590
vn 0.7031 -0.6618 0.2599
vn 0.7141 -0.6551 0.2468
vn 0.2213 -0.7355 0.6404
vn 0.2381 -0.7372 0.6323
vn -0.3440 -0.5259 0.7779
vn -0.3268 -0.5359 0.7785
vn -0.7762 -0.1134 0.6201
vn -0.7660 -0.1282 0.6300
vn -0.9108 0.3443 0.2276
vn -0.9118 0.3312 0.2429
vn -0.6963 0.6728 -0.2500
vn -0.7076 0.6663 -0.2353
vn -0.2142 0.7463 -0.6303
vn -0.2315 0.7488 -0.6211
vn 0.3509 0.5364 -0.7675
vn 0.3338 0.5474 -0.7674
vn 0.7828 0.1241 -0.6098
vn 0.7732 0.1393 -0.6187
vn 0.9173 -0.3334 -0.2175
vn 0.9187 -0.3202 -0.2313
vn 0.7010 -0.6771 0.2239
vn 0.6992 -0.6783 0.2259
vn 0.2083 -0.7869 0.5809
vn 0.2058 -0.7867 0.5820
vn -0.3624 -0.5942 0.7180
vn -0.3650 -0.5927 0.7180
vn -0.7936 -0.1728 0.5834
vn -0.7952 -0.1703 0.5820
vn -0.9206 0.3170 0.2279
vn -0.9204 0.3191 0.2259
vn -0.6943 0.6876 -0.2126
vn -0.6929 0.6885 -0.2142
vn -0.2017 0.7970 -0.5693
vn -0.1996 0.7968 -0.5703
vn 0.3686 0.6044 -0.7063
vn 0.3712 0.6028 -0.7063
vn 0.7996 0.1834 -0.5718
vn 0.8014 0.1804 -0.5703
vn 0.9270 -0.3062 -0.2166
vn 0.9266 -0.3089 -0.2142
vn 0.3734 0.6064 0.7020
vn -0.4627 -0.6571 -0.5951
vn 0.5039 -0.8339 0.2252
vn 0.4984 -0.8360 0.2295
vn -0.0900 -0.8206 0.5643
vn -0.0966 -0.8184 0.5665
vn -0.6408 -0.4223 0.6412
vn -0.6453 -0.4167 0.6402
vn -0.8906 0.1748 0.4198
vn -0.8911 0.1810 0.4161
vn -0.7227 0.6912 0.0039
vn -0.7189 0.6951 -0.0010
vn -0.2156 0.8853 -0.4121
vn -0.2093 0.8850 -0.4158
vn 0.3935 0.6663 -0.6334
vn 0.3993 0.6619 -0.6344
vn 0.8195 0.1366 -0.5566
vn 0.8221 0.1301 -0.5543
vn 0.8631 -0.4558 -0.2175
vn 0.8612 -0.4614 -0.2131
vn 0.4927 -0.8420 0.2197
vn 0.4998 -0.8393 0.2141
vn -0.1007 -0.8227 0.5595
vn -0.0925 -0.8256 0.5567
vn -0.6459 -0.4173 0.6393
vn -0.6399 -0.4247 0.6404
vn -0.8878 0.1843 0.4216
vn -0.8872 0.1755 0.4268
vn -0.7133 0.7008 0.0085
vn -0.7186 0.6952 0.0152
vn -0.2040 0.8904 -0.4069
vn -0.2122 0.8907 -0.4020
vn 0.4018 0.6645 -0.6301
vn 0.3944 0.6701 -0.6288
vn 0.8207 0.1287 -0.5567
vn 0.8172 0.1374 -0.5597
vn 0.8565 -0.4663 -0.2211
vn 0.8591 -0.4586 -0.2270
vn 0.4991 -0.8400 0.2128
vn 0.5141 -0.8334 0.2025
vn -0.1165 -0.8512 0.5118
vn -0.0982 -0.8567 0.5064
vn -0.6763 -0.4631 0.5729
vn -0.6637 -0.4781 0.5752
vn -0.9188 0.1424 0.3681
vn -0.9177 0.1253 0.3769
vn -0.7307 0.6826 -0.0073
vn -0.7414 0.6711 0.0042
vn -0.1993 0.9043 -0.3776
vn -0.2172 0.9039 -0.3685
vn 0.4259 0.7034 -0.5690
vn 0.4096 0.7148 -0.5669
vn 0.8525 0.1750 -0.4925
vn 0.8456 0.1923 -0.4980
vn 0.8817 -0.4343 -0.1840
vn 0.8869 -0.4192 -0.1941
vn 0.3879 0.4311 0.8147
vn -0.4458 -0.4692 -0.7624
vn 0.3262 0.9286 -0.1768
vn 0.3236 0.9294 -0.1777
vn 0.8275 0.5529 0.0979
vn 0.8261 0.5552 0.0969
vn 0.9411 -0.0810 0.3283
vn 0.9415 -0.0783 0.3277
vn 0.6139 -0.6766 0.4066
vn 0.6159 -0.6747 0.4067
vn -0.0010 -0.9551 0.2961
vn 0.0016 -0.9549 0.2970
vn -0.6160 -0.7863 0.0486
vn -0.6139 -0.7878 0.0498
vn -0.9432 -0.2490 -0.2201
vn -0.9427 -0.2516 -0.2191
vn -0.8295 0.4052 -0.3843
vn -0.8309 0.4028 -0.3840
vn -0.3282 0.8703 -0.3672
vn -0.3308 0.8692 -0.3676
vn 0.3275 0.9256 -0.1898
vn 0.3211 0.9273 -0.1924
vn 0.8258 0.5555 0.0978
vn 0.8223 0.5611 0.0948
vn 0.9371 -0.0741 0.3410
vn 0.9383 -0.0672 0.3393
vn 0.6095 -0.6685 0.4262
vn 0.6147 -0.6635 0.4265
vn -0.0038 -0.9496 0.3135
vn 0.0030 -0.9489 0.3156
vn -0.6158 -0.7859 0.0556
vn -0.6106 -0.7897 0.0587
vn -0.9402 -0.2540 -0.2269
vn -0.9391 -0.2605 -0.2242
vn -0.8252 0.3972 -0.4017
vn -0.8286 0.3911 -0.4007
vn -0.3245 0.8631 -0.3870
vn -0.3309 0.8602 -0.3881
vn 0.3270 0.9214 -0.2102
vn 0.9039 0.4031 0.1427
vn 0.8260 0.5574 0.0839
vn 0.8964 -0.2414 0.3717
vn 0.9367 -0.0656 0.3438
vn 0.4705 -0.7741 0.4236
vn 0.6074 -0.6560 0.4481
vn -0.1746 -0.9457 0.2742
vn -0.0077 -0.9375 0.3479
vn -0.7369 -0.6760 -0.0067
vn -0.6209 -0.7787 0.0902
vn -0.9534 -0.0911 -0.2877
vn -0.9454 -0.2538 -0.2046
vn -0.7227 0.5353 -0.4371
vn -0.8293 0.3919 -0.3984
vn -0.1529 0.9101 -0.3852
vn -0.3267 0.8560 -0.4006
vn 0.4895 0.8579 -0.1562
vn -0.2944 0.3230 0.8994
vn 0.2912 -0.2802 -0.9147
vn 0.9223 -0.1801 0.3420
vn 0.9225 -0.1802 0.3414
vn 0.4896 -0.1016 0.8660
vn 0.4898 -0.1016 0.8659
vn -0.1718 0.0261 0.9848
vn -0.1716 0.0261 0.9848
vn -0.7525 0.1432 0.6428
vn -0.7520 0.1431 0.6435
vn -0.9808 0.1949 0.0000
vn -0.9808 0.1949 0.0012
vn -0.7498 0.1571 -0.6427
vn -0.7503 0.1572 -0.6422
vn -0.1677 0.0474 -0.9847
vn -0.1680 0.0474 -0.9846
vn 0.4933 -0.0829 -0.8659
vn 0.4927 -0.0828 -0.8662
vn 0.9237 -0.1727 -0.3420
vn 0.9234 -0.1726 -0.3429
vn 0.9258 -0.1603 0.3423
vn 0.9271 -0.1602 0.3390
vn 0.4837 -0.1374 0.8644
vn 0.4868 -0.1377 0.8626
vn -0.1844 -0.0485 0.9817
vn -0.1808 -0.0491 0.9823
vn -0.7656 0.0646 0.6401
vn -0.7632 0.0641 0.6430
vn -0.9888 0.1492 -0.0009
vn -0.9888 0.1489 0.0031
vn -0.7488 0.1656 -0.6418
vn -0.7515 0.1658 -0.6386
vn -0.1579 0.1061 -0.9817
vn -0.1618 0.1066 -0.9810
vn 0.5065 -0.0014 -0.8622
vn 0.5033 -0.0007 -0.8641
vn 0.9345 -0.1066 -0.3398
vn 0.9333 -0.1061 -0.3431
vn 0.9297 -0.1380 0.3415
vn 0.9307 -0.1377 0.3389
vn 0.4828 -0.1708 0.8589
vn 0.4857 -0.1708 0.8573
vn -0.1898 -0.1219 0.9742
vn -0.1865 -0.1223 0.9748
vn -0.7730 -0.0144 0.6342
vn -0.7712 -0.0149 0.6365
vn -0.9948 0.1014 -0.0023
vn -0.9949 0.1010 0.0005
vn -0.7507 0.1715 -0.6380
vn -0.7529 0.1714 -0.6354
vn -0.1549 0.1629 -0.9744
vn -0.1585 0.1632 -0.9738
vn 0.5130 0.0797 -0.8547
vn 0.5103 0.0802 -0.8563
vn 0.9413 -0.0391 -0.3354
vn 0.9404 -0.0386 -0.3379
vn 0.0965 0.9846 0.1456
vn -0.1914 -0.9814 -0.0110
vn -0.8547 0.4771 0.2047
vn -0.8656 0.4627 0.1916
vn -0.4577 0.7194 0.5225
vn -0.4768 0.7130 0.5141
vn 0.0833 0.7289 0.6796
vn 0.0614 0.7320 0.6786
vn 0.5964 0.5027 0.6258
vn 0.5781 0.5144 0.6334
vn 0.9188 0.1126 0.3784
vn 0.9103 0.1295 0.3931
vn 0.9481 -0.3176 0.0158
vn 0.9529 -0.3015 0.0335
vn 0.6750 -0.6512 -0.3468
vn 0.6913 -0.6419 -0.3317
vn 0.1862 -0.7825 -0.5942
vn 0.2083 -0.7830 -0.5861
vn -0.3631 -0.6696 -0.6479
vn -0.3423 -0.6799 -0.6486
vn -0.7985 -0.3485 -0.4910
vn -0.7854 -0.3655 -0.4996
vn -0.9817 0.0791 -0.1732
vn -0.9806 0.0605 -0.1865
vn -0.8684 0.4516 0.2050
vn -0.8653 0.4559 0.2083
vn -0.4718 0.7322 0.4912
vn -0.4675 0.7339 0.4928
vn 0.0737 0.7758 0.6267
vn 0.0772 0.7754 0.6267
vn 0.5945 0.5687 0.5685
vn 0.5969 0.5671 0.5676
vn 0.9253 0.1767 0.3355
vn 0.9264 0.1744 0.3336
vn 0.9612 -0.2758 0.0013
vn 0.9605 -0.2782 -0.0009
vn 0.6904 -0.6449 -0.3278
vn 0.6882 -0.6463 -0.3296
vn 0.1992 -0.8130 -0.5471
vn 0.1964 -0.8131 -0.5480
vn -0.3556 -0.7273 -0.5871
vn -0.3589 -0.7258 -0.5869
vn -0.7985 -0.4156 -0.4356
vn -0.8014 -0.4118 -0.4337
vn -0.9898 0.0236 -0.1405
vn -0.9901 0.0289 -0.1371
vn -0.8564 0.4916 0.1582
vn -0.8388 0.5156 0.1749
vn -0.4552 0.7802 0.4290
vn -0.4250 0.7911 0.4400
vn 0.0891 0.8171 0.5695
vn 0.1225 0.8119 0.5709
vn 0.6041 0.5905 0.5351
vn 0.6300 0.5713 0.5260
vn 0.9258 0.1722 0.3366
vn 0.9362 0.1459 0.3197
vn 0.9518 -0.3044 0.0372
vn 0.9441 -0.3293 0.0173
vn 0.6747 -0.6879 -0.2676
vn 0.6510 -0.7035 -0.2851
vn 0.1828 -0.8572 -0.4815
vn 0.1501 -0.8579 -0.4914
vn -0.3684 -0.7589 -0.5369
vn -0.3997 -0.7434 -0.5362
vn -0.8046 -0.4237 -0.4161
vn -0.8238 -0.3965 -0.4053
vn -0.9867 0.0426 -0.1569
vn -0.9874 0.0729 -0.1402
vn -0.1780 -0.5302 0.8290
vn 0.2039 0.6389 -0.7418
vn -0.7724 0.5943 0.2240
vn -0.7844 0.5834 0.2105
vn -0.2929 0.7640 0.5749
vn -0.3118 0.7625 0.5669
vn 0.2974 0.6394 0.7090
vn 0.2783 0.6475 0.7095
vn 0.7730 0.2682 0.5750
vn 0.7605 0.2831 0.5844
vn 0.9522 -0.2079 0.2240
vn 0.9518 -0.1919 0.2394
vn 0.7665 -0.6070 -0.2098
vn 0.7785 -0.5968 -0.1944
vn 0.2869 -0.7767 -0.5607
vn 0.3061 -0.7763 -0.5511
vn -0.3034 -0.6522 -0.6947
vn -0.2843 -0.6616 -0.6939
vn -0.7789 -0.2810 -0.5606
vn -0.7671 -0.2969 -0.5687
vn -0.9581 0.1951 -0.2097
vn -0.9582 0.1785 -0.2234
vn -0.7882 0.5742 0.2213
vn -0.8159 0.5453 0.1921
vn -0.3017 0.7865 0.5388
vn -0.3476 0.7794 0.5212
vn 0.2990 0.6958 0.6530
vn 0.2522 0.7130 0.6543
vn 0.7844 0.3372 0.5206
vn 0.7542 0.3721 0.5410
vn 0.9694 -0.1524 0.1922
vn 0.9678 -0.1132 0.2248
vn 0.7832 -0.5863 -0.2071
vn 0.8111 -0.5584 -0.1743
vn 0.2965 -0.7982 -0.5244
vn 0.3430 -0.7929 -0.5036
vn -0.3040 -0.7072 -0.6383
vn -0.2571 -0.7268 -0.6370
vn -0.7888 -0.3489 -0.5059
vn -0.7596 -0.3857 -0.5237
vn -0.9740 0.1403 -0.1779
vn -0.9732 0.1001 -0.2071
vn -0.8196 0.5344 0.2066
vn -0.8353 0.5156 0.1911
vn -0.3409 0.7989 0.4955
vn -0.3682 0.7926 0.4861
vn 0.2673 0.7557 0.5979
vn 0.2388 0.7645 0.5988
vn 0.7723 0.4218 0.4750
vn 0.7539 0.4421 0.4861
vn 0.9819 -0.0754 0.1738
vn 0.9802 -0.0516 0.1911
vn 0.8156 -0.5462 -0.1909
vn 0.8314 -0.5278 -0.1736
vn 0.3366 -0.8104 -0.4795
vn 0.3643 -0.8048 -0.4686
vn -0.2712 -0.7669 -0.5817
vn -0.2426 -0.7767 -0.5813
vn -0.7758 -0.4331 -0.4588
vn -0.7577 -0.4542 -0.4686
vn -0.9854 0.0637 -0.1579
vn -0.9840 0.0394 -0.1736
vn -0.1759 -0.5632 0.8074
vn 0.2960 0.6364 -0.7123
vn -0.8634 0.4413 0.2447
vn -0.8499 0.4572 0.2619
vn -0.3520 0.7077 0.6127
vn -0.3272 0.7121 0.6212
vn 0.3237 0.6409 0.6960
vn 0.3484 0.6322 0.6920
vn 0.8474 0.2722 0.4559
vn 0.8608 0.2546 0.4408
vn 0.9741 -0.2259 0.0046
vn 0.9697 -0.2440 -0.0149
vn 0.6446 -0.6204 -0.4468
vn 0.6245 -0.6301 -0.4616
vn 0.0130 -0.7266 -0.6869
vn -0.0133 -0.7232 -0.6905
vn -0.6252 -0.4949 -0.6035
vn -0.6455 -0.4796 -0.5944
vn -0.9713 -0.0337 -0.2356
vn -0.9758 -0.0133 -0.2181
vn -0.8395 0.4978 0.2180
vn -0.8340 0.5040 0.2246
vn -0.3174 0.7495 0.5809
vn -0.3069 0.7510 0.5847
vn 0.3528 0.6488 0.6743
vn 0.3626 0.6447 0.6730
vn 0.8574 0.2423 0.4540
vn 0.8619 0.2356 0.4490
vn 0.9599 -0.2792 0.0234
vn 0.9581 -0.2858 0.0168
vn 0.6130 -0.6718 -0.4157
vn 0.6050 -0.6755 -0.4215
vn -0.0211 -0.7523 -0.6585
vn -0.0319 -0.7505 -0.6601
vn -0.6463 -0.4826 -0.5911
vn -0.6540 -0.4762 -0.5879
vn -0.9695 0.0112 -0.2448
vn -0.9709 0.0191 -0.2387
vn -0.8344 0.5024 0.2266
vn -0.8450 0.4895 0.2153
vn -0.2975 0.7848 0.5436
vn -0.3169 0.7813 0.5377
vn 0.3778 0.6982 0.6081
vn 0.3590 0.7058 0.6107
vn 0.8759 0.2835 0.3905
vn 0.8665 0.2983 0.4003
vn 0.9640 -0.2658 -0.0078
vn 0.9681 -0.2506 0.0049
vn 0.6001 -0.6924 -0.4006
vn 0.6163 -0.6839 -0.3905
vn -0.0449 -0.7962 -0.6033
vn -0.0243 -0.7989 -0.6009
vn -0.6688 -0.5295 -0.5218
vn -0.6540 -0.5419 -0.5279
vn -0.9808 -0.0170 -0.1944
vn -0.9781 -0.0331 -0.2055
vn -0.1519 -0.5962 0.7884
vn 0.1556 0.6847 -0.7120
vn 0.2936 0.9349 0.1993
vn 0.2659 0.9469 0.1806
vn 0.7157 0.4882 0.4995
vn 0.7009 0.5187 0.4896
vn 0.8018 -0.1870 0.5675
vn 0.8065 -0.1524 0.5712
vn 0.5117 -0.7747 0.3716
vn 0.5335 -0.7519 0.3874
vn -0.0190 -0.9998 0.0034
vn 0.0098 -0.9997 0.0243
vn -0.5419 -0.7571 -0.3649
vn -0.5199 -0.7799 -0.3484
vn -0.8123 -0.1602 -0.5608
vn -0.8077 -0.1951 -0.5563
vn -0.7038 0.5118 -0.4927
vn -0.7187 0.4811 -0.5020
vn -0.2670 0.9443 -0.1926
vn -0.2947 0.9320 -0.2109
vn 0.2434 0.9462 0.2133
vn 0.2465 0.9449 0.2153
vn 0.6962 0.5186 0.4964
vn 0.6978 0.5156 0.4972
vn 0.8220 -0.1520 0.5488
vn 0.8217 -0.1552 0.5484
vn 0.5619 -0.7513 0.3461
vn 0.5598 -0.7536 0.3445
vn 0.0378 -0.9991 -0.0167
vn 0.0347 -0.9992 -0.0188
vn -0.5052 -0.7796 -0.3700
vn -0.5075 -0.7774 -0.3716
vn -0.8130 -0.1952 -0.5485
vn -0.8136 -0.1920 -0.5488
vn -0.7414 0.4804 -0.4685
vn -0.7400 0.4835 -0.4675
vn -0.3242 0.9310 -0.1677
vn -0.3212 0.9324 -0.1656
vn 0.2790 0.9459 0.1656
vn 0.3128 0.9314 0.1864
vn 0.7252 0.5163 0.4555
vn 0.7431 0.4795 0.4668
vn 0.8309 -0.1550 0.5343
vn 0.8247 -0.1966 0.5303
vn 0.5465 -0.7539 0.3648
vn 0.5194 -0.7808 0.3473
vn 0.0052 -0.9996 0.0265
vn -0.0300 -0.9995 0.0034
vn -0.5394 -0.7779 -0.3222
vn -0.5663 -0.7506 -0.3405
vn -0.8332 -0.1924 -0.5185
vn -0.8387 -0.1504 -0.5234
vn -0.7383 0.4835 -0.4703
vn -0.7197 0.5202 -0.4599
vn -0.2989 0.9331 -0.2000
vn -0.2649 0.9474 -0.1795
vn -0.5348 0.0149 0.8448
vn 0.5728 -0.0095 -0.8196
vn -0.3815 -0.9016 0.2040
vn -0.4089 -0.8848 0.2237
vn -0.7535 -0.4155 0.5094
vn -0.7648 -0.3816 0.5191
vn -0.7714 0.2647 0.5786
vn -0.7621 0.3000 0.5738
vn -0.4268 0.8210 0.3793
vn -0.4013 0.8415 0.3617
vn 0.1191 0.9929 0.0046
vn 0.1487 0.9887 -0.0180
vn 0.6108 0.7000 -0.3700
vn 0.6301 0.6731 -0.3872
vn 0.8182 0.0794 -0.5694
vn 0.8181 0.0426 -0.5735
vn 0.6444 -0.5785 -0.5002
vn 0.6246 -0.6083 -0.4897
vn 0.1705 -0.9659 -0.1947
vn 0.1398 -0.9747 -0.1747
vn -0.4460 -0.8790 0.1684
vn -0.5013 -0.8404 0.2061
vn -0.8047 -0.3753 0.4600
vn -0.8236 -0.3031 0.4794
vn -0.7856 0.3039 0.5389
vn -0.7600 0.3756 0.5304
vn -0.3971 0.8408 0.3678
vn -0.3396 0.8789 0.3349
vn 0.1787 0.9835 0.0269
vn 0.2410 0.9704 -0.0158
vn 0.6720 0.6659 -0.3239
vn 0.7095 0.6074 -0.3572
vn 0.8528 0.0369 -0.5210
vn 0.8472 -0.0397 -0.5298
vn 0.6362 -0.6102 -0.4721
vn 0.5896 -0.6688 -0.4529
vn 0.1231 -0.9721 -0.1997
vn 0.0568 -0.9851 -0.1621
vn -0.5327 -0.8325 0.1518
vn -0.5612 -0.8101 0.1697
vn -0.8618 -0.2934 0.4137
vn -0.8695 -0.2545 0.4233
vn -0.7867 0.3826 0.4844
vn -0.7699 0.4197 0.4808
vn -0.3420 0.8796 0.3307
vn -0.3089 0.8973 0.3153
vn 0.2641 0.9642 0.0243
vn 0.2976 0.9547 0.0042
vn 0.7474 0.5973 -0.2909
vn 0.7659 0.5650 -0.3068
vn 0.8825 -0.0488 -0.4678
vn 0.8769 -0.0893 -0.4723
vn 0.6062 -0.6730 -0.4238
vn 0.5786 -0.7022 -0.4148
vn 0.0471 -0.9827 -0.1790
vn 0.0107 -0.9869 -0.1612
vn 0.4623 -0.1429 0.8751
vn -0.5790 0.0675 -0.8126
vn 0.2869 0.9290 -0.2339
vn 0.9573 0.2680 0.1083
vn 0.7712 0.6365 0.0128
vn 0.8955 -0.3089 0.3203
vn 0.9561 0.1079 0.2723
vn 0.4954 -0.7731 0.3961
vn 0.7712 -0.4549 0.4453
vn -0.0901 -0.9475 0.3069
vn 0.2869 -0.8371 0.4659
vn -0.6373 -0.7657 0.0870
vn -0.3118 -0.8925 0.3260
vn -0.9377 -0.2972 -0.1798
vn -0.7960 -0.6000 0.0793
vn -0.8766 0.2795 -0.3918
vn -0.9810 -0.0714 -0.1802
vn -0.4768 0.7441 -0.4679
vn -0.7961 0.4914 -0.3532
vn 0.1090 0.9190 -0.3789
vn -0.3118 0.8736 -0.3738
vn 0.6569 0.7371 -0.1588
vn 0.9483 0.2827 0.1440
vn 0.3026 0.9016 -0.3092
vn 0.8829 -0.2886 0.3704
vn 0.7889 0.6115 -0.0610
vn 0.4785 -0.7468 0.4618
vn 0.9739 0.0876 0.2093
vn -0.1102 -0.9170 0.3834
vn 0.7874 -0.4700 0.3989
vn -0.6584 -0.7343 0.1651
vn 0.3003 -0.8487 0.4353
vn -0.9570 -0.2685 -0.1096
vn -0.3015 -0.9036 0.3044
vn -0.8919 0.3027 -0.3361
vn -0.7878 -0.6134 0.0563
vn -0.4877 0.7611 -0.4276
vn -0.9727 -0.0895 -0.2140
vn 0.1012 0.9315 -0.3493
vn -0.7862 0.4680 -0.4035
vn 0.6497 0.7488 -0.1310
vn -0.2992 0.8467 -0.4400
vn 0.3020 0.9027 -0.3065
vn 0.3033 0.9024 -0.3062
vn 0.7958 0.5985 -0.0922
vn 0.7964 0.5978 -0.0918
vn 0.9848 0.0671 0.1605
vn 0.9848 0.0662 0.1609
vn 0.7971 -0.4885 0.3551
vn 0.7964 -0.4894 0.3553
vn 0.3042 -0.8563 0.4173
vn 0.3033 -0.8567 0.4173
vn -0.3056 -0.8956 0.3233
vn -0.3063 -0.8954 0.3231
vn -0.7991 -0.5913 0.1089
vn -0.7994 -0.5909 0.1086
vn -0.9878 -0.0601 -0.1437
vn -0.9878 -0.0593 -0.1441
vn -0.8003 0.4952 -0.3382
vn -0.7994 0.4963 -0.3385
vn -0.3078 0.8631 -0.4005
vn -0.3063 0.8636 -0.4005
vn -0.1649 0.3752 0.9122
vn 0.2437 -0.3573 -0.9016
vn 0.9623 0.1927 0.1919
vn 0.9587 0.2267 0.1719
vn 0.7804 -0.4001 0.4806
vn 0.8019 -0.3688 0.4700
vn 0.2328 -0.8048 0.5460
vn 0.2691 -0.7906 0.5500
vn -0.4242 -0.8320 0.3576
vn -0.3899 -0.8412 0.3745
vn -0.8832 -0.4689 0.0034
vn -0.8671 -0.4974 0.0260
vn -0.9295 0.1145 -0.3507
vn -0.9395 0.0803 -0.3330
vn -0.5413 0.6452 -0.5391
vn -0.5727 0.6217 -0.5343
vn 0.0996 0.8750 -0.4737
vn 0.0615 0.8732 -0.4835
vn 0.6935 0.6963 -0.1850
vn 0.6662 0.7171 -0.2047
vn 0.9471 0.2458 0.2063
vn 0.9473 0.2446 0.2069
vn 0.8000 -0.3657 0.4757
vn 0.7997 -0.3662 0.4758
vn 0.2777 -0.8051 0.5242
vn 0.2776 -0.8051 0.5241
vn -0.3750 -0.8666 0.3291
vn -0.3754 -0.8665 0.3289
vn -0.8528 -0.5219 -0.0181
vn -0.8532 -0.5212 -0.0186
vn -0.9323 0.0681 -0.3551
vn -0.9322 0.0687 -0.3554
vn -0.5760 0.6272 -0.5242
vn -0.5758 0.6274 -0.5243
vn 0.0492 0.8936 -0.4462
vn 0.0496 0.8936 -0.4461
vn 0.6506 0.7429 -0.1577
vn 0.6514 0.7423 -0.1571
vn 0.9650 0.2155 0.1497
vn 0.9698 0.1745 0.1704
vn 0.8185 -0.3974 0.4148
vn 0.7933 -0.4349 0.4260
vn 0.2886 -0.8237 0.4880
vn 0.2452 -0.8400 0.4840
vn -0.3772 -0.8636 0.3347
vn -0.4181 -0.8512 0.3171
vn -0.8667 -0.4980 0.0266
vn -0.8862 -0.4633 0.0036
vn -0.9511 0.1011 -0.2918
vn -0.9400 0.1422 -0.3100
vn -0.5915 0.6538 -0.4718
vn -0.5545 0.6820 -0.4769
vn 0.0445 0.9021 -0.4293
vn 0.0901 0.9035 -0.4189
vn 0.6595 0.7289 -0.1837
vn 0.6921 0.7031 -0.1633
vn -0.2269 0.4319 0.8729
vn 0.2595 -0.4860 -0.8345
vn 0.2801 -0.9393 0.1980
vn 0.3048 -0.9347 0.1826
vn -0.3211 -0.8067 0.4960
vn -0.2970 -0.8207 0.4880
vn -0.7712 -0.2961 0.5636
vn -0.7584 -0.3221 0.5667
vn -0.8595 0.3538 0.3690
vn -0.8641 0.3274 0.3824
vn -0.5446 0.8387 0.0034
vn -0.5648 0.8249 0.0210
vn 0.0259 0.9317 -0.3622
vn 0.0002 0.9372 -0.3487
vn 0.5853 0.5895 -0.5567
vn 0.5661 0.6112 -0.5531
vn 0.8718 -0.0280 -0.4891
vn 0.8678 0.0002 -0.4968
vn 0.7512 -0.6318 -0.1911
vn 0.7649 -0.6102 -0.2065
vn 0.3106 -0.9306 0.1937
vn 0.3398 -0.9235 0.1781
vn -0.3154 -0.8338 0.4531
vn -0.2855 -0.8487 0.4451
vn -0.7926 -0.3462 0.5019
vn -0.7764 -0.3762 0.5057
vn -0.8982 0.3037 0.3178
vn -0.9030 0.2731 0.3316
vn -0.5830 0.8124 -0.0135
vn -0.6062 0.7953 0.0042
vn 0.0063 0.9415 -0.3369
vn -0.0249 0.9460 -0.3232
vn 0.5932 0.6303 -0.5008
vn 0.5690 0.6548 -0.4976
vn 0.9031 0.0253 -0.4287
vn 0.8975 0.0579 -0.4372
vn 0.7918 -0.5909 -0.1546
vn 0.8070 -0.5654 -0.1704
vn 0.3415 -0.9222 0.1816
vn 0.3418 -0.9221 0.1814
vn -0.2814 -0.8455 0.4537
vn -0.2811 -0.8457 0.4536
vn -0.7718 -0.3726 0.5153
vn -0.7716 -0.3730 0.5153
vn -0.9002 0.2753 0.3375
vn -0.9002 0.2750 0.3377
vn -0.6065 0.7950 0.0036
vn -0.6068 0.7949 0.0038
vn -0.0282 0.9435 -0.3303
vn -0.0286 0.9435 -0.3301
vn 0.5641 0.6511 -0.5078
vn 0.5639 0.6513 -0.5078
vn 0.8934 0.0547 -0.4460
vn 0.8933 0.0550 -0.4461
vn 0.8054 -0.5666 -0.1737
vn 0.8056 -0.5663 -0.1739
vn 0.4122 0.3161 0.8545
vn -0.4763 -0.3109 -0.8225
vn 0.3383 0.9086 0.2447
vn 0.3398 0.9081 0.2448
vn 0.8576 0.4640 0.2216
vn 0.8584 0.4627 0.2214
vn 0.9754 -0.1982 0.0970
vn 0.9751 -0.1996 0.0966
vn 0.6364 -0.7681 -0.0709
vn 0.6352 -0.7690 -0.0713
vn -0.0006 -0.9791 -0.2035
vn -0.0023 -0.9790 -0.2038
vn -0.6377 -0.7324 -0.2387
vn -0.6389 -0.7314 -0.2387
vn -0.9766 -0.1435 -0.1601
vn -0.9769 -0.1421 -0.1599
vn -0.8589 0.5121 -0.0044
vn -0.8582 0.5133 -0.0041
vn -0.3396 0.9276 0.1555
vn -0.3382 0.9281 0.1557
vn 0.3353 0.9015 0.2737
vn 0.3389 0.9001 0.2739
vn 0.8530 0.4550 0.2557
vn 0.8551 0.4514 0.2552
vn 0.9714 -0.2049 0.1203
vn 0.9707 -0.2089 0.1191
vn 0.6349 -0.7695 -0.0694
vn 0.6319 -0.7718 -0.0705
vn 0.0009 -0.9745 -0.2244
vn -0.0027 -0.9743 -0.2251
vn -0.6338 -0.7240 -0.2723
vn -0.6367 -0.7215 -0.2723
vn -0.9723 -0.1352 -0.1907
vn -0.9730 -0.1313 -0.1900
vn -0.8562 0.5164 -0.0177
vn -0.8542 0.5196 -0.0167
vn -0.3397 0.9258 0.1657
vn -0.3363 0.9269 0.1665
vn 0.3369 0.8967 0.2872
vn 0.3388 0.8959 0.2873
vn 0.8579 0.4561 0.2366
vn 0.8589 0.4545 0.2362
vn 0.9771 -0.1984 0.0773
vn 0.9767 -0.2002 0.0768
vn 0.6388 -0.7606 -0.1160
vn 0.6373 -0.7617 -0.1165
vn 0.0014 -0.9675 -0.2529
vn -0.0006 -0.9674 -0.2532
vn -0.6371 -0.7222 -0.2694
vn -0.6385 -0.7210 -0.2693
vn -0.9776 -0.1394 -0.1577
vn -0.9779 -0.1378 -0.1573
vn -0.8610 0.5078 0.0299
vn -0.8600 0.5094 0.0304
vn -0.3420 0.9169 0.2056
vn -0.3400 0.9176 0.2060
vn -0.1230 -0.2557 0.9589
vn 0.1334 0.2062 -0.9694
vn -0.7358 -0.6497 0.1910
vn -0.7209 -0.6706 0.1747
vn -0.8642 -0.1231 0.4878
vn -0.8652 -0.1517 0.4780
vn -0.6608 0.4494 0.6012
vn -0.6768 0.4239 0.6019
vn -0.2032 0.8490 0.4879
vn -0.2280 0.8360 0.4991
vn 0.3338 0.9231 0.1910
vn 0.3097 0.9276 0.2090
vn 0.7450 0.6434 -0.1759
vn 0.7312 0.6638 -0.1576
vn 0.8734 0.1168 -0.4728
vn 0.8755 0.1451 -0.4609
vn 0.6700 -0.4556 -0.5862
vn 0.6874 -0.4305 -0.5849
vn 0.2124 -0.8552 -0.4728
vn 0.2385 -0.8430 -0.4822
vn -0.3246 -0.9293 -0.1759
vn -0.2994 -0.9346 -0.1920
vn -0.7020 -0.6820 0.2049
vn -0.7028 -0.6810 0.2057
vn -0.8581 -0.1560 0.4893
vn -0.8581 -0.1552 0.4895
vn -0.6844 0.4287 0.5898
vn -0.6843 0.4287 0.5898
vn -0.2473 0.8484 0.4680
vn -0.2473 0.8484 0.4681
vn 0.2861 0.9429 0.1706
vn 0.2864 0.9428 0.1703
vn 0.7122 0.6761 -0.1889
vn 0.7125 0.6756 -0.1893
vn 0.8681 0.1498 -0.4732
vn 0.8681 0.1494 -0.4734
vn 0.6942 -0.4348 -0.5737
vn 0.6941 -0.4349 -0.5737
vn 0.2570 -0.8543 -0.4518
vn 0.2567 -0.8544 -0.4517
vn -0.2762 -0.9486 -0.1545
vn -0.2771 -0.9484 -0.1539
vn -0.7327 -0.6630 0.1535
vn -0.7512 -0.6376 0.1706
vn -0.8963 -0.1317 0.4234
vn -0.8957 -0.0975 0.4338
vn -0.7160 0.4486 0.5350
vn -0.6965 0.4788 0.5344
vn -0.2602 0.8566 0.4455
vn -0.2297 0.8712 0.4339
vn 0.2969 0.9360 0.1890
vn 0.3263 0.9297 0.1706
vn 0.7420 0.6565 -0.1362
vn 0.7593 0.6321 -0.1548
vn 0.9053 0.1256 -0.4058
vn 0.9037 0.0919 -0.4181
vn 0.7252 -0.4543 -0.5174
vn 0.7046 -0.4844 -0.5186
vn 0.2699 -0.8625 -0.4281
vn 0.2378 -0.8767 -0.4180
vn -0.2873 -0.9423 -0.1718
vn -0.3183 -0.9353 -0.1548
vn 0.4339 -0.2983 0.8502
vn -0.4909 0.3339 -0.8047
vn 0.3216 0.9459 -0.0434
vn 0.3184 0.9470 -0.0420
vn 0.8119 0.5218 -0.2618
vn 0.8101 0.5250 -0.2609
vn 0.9230 -0.1465 -0.3558
vn 0.9237 -0.1426 -0.3557
vn 0.6030 -0.7465 -0.2813
vn 0.6058 -0.7439 -0.2821
vn 0.0016 -0.9973 -0.0732
vn 0.0049 -0.9972 -0.0744
vn -0.5998 -0.7816 0.1711
vn -0.5973 -0.7838 0.1700
vn -0.9198 -0.2004 0.3373
vn -0.9192 -0.2042 0.3368
vn -0.8087 0.4745 0.3477
vn -0.8107 0.4707 0.3482
vn -0.3184 0.9272 0.1973
vn -0.3219 0.9257 0.1986
vn 0.3323 0.9432 -0.0011
vn 0.3231 0.9464 0.0022
vn 0.8323 0.5189 -0.1947
vn 0.8276 0.5273 -0.1922
vn 0.9439 -0.1479 -0.2952
vn 0.9455 -0.1388 -0.2946
vn 0.6147 -0.7462 -0.2558
vn 0.6214 -0.7401 -0.2571
vn -0.0020 -0.9955 -0.0946
vn 0.0074 -0.9952 -0.0972
vn -0.6169 -0.7789 0.1129
vn -0.6095 -0.7851 0.1102
vn -0.9424 -0.1983 0.2694
vn -0.9407 -0.2078 0.2681
vn -0.8266 0.4750 0.3019
vn -0.8311 0.4666 0.3026
vn -0.3231 0.9260 0.1951
vn -0.3319 0.9224 0.1976
vn 0.3346 0.9415 0.0404
vn 0.3290 0.9434 0.0425
vn 0.8341 0.5246 -0.1707
vn 0.8312 0.5298 -0.1689
vn 0.9439 -0.1382 -0.3000
vn 0.9450 -0.1320 -0.2993
vn 0.6125 -0.7365 -0.2869
vn 0.6172 -0.7323 -0.2876
vn -0.0048 -0.9905 -0.1376
vn 0.0013 -0.9903 -0.1393
vn -0.6192 -0.7813 0.0781
vn -0.6146 -0.7851 0.0762
vn -0.9434 -0.2067 0.2592
vn -0.9424 -0.2129 0.2581
vn -0.8254 0.4643 0.3210
vn -0.8285 0.4586 0.3212
vn -0.3206 0.9177 0.2346
vn -0.3264 0.9153 0.2361
vn 0.2860 -0.1376 0.9483
vn -0.3530 0.0724 -0.9328
vn -0.7123 -0.6297 0.3100
vn -0.7139 -0.6218 0.3220
vn -0.6068 -0.1455 0.7814
vn -0.6017 -0.1342 0.7874
vn -0.2157 0.4055 0.8883
vn -0.2067 0.4150 0.8860
vn 0.2780 0.7653 0.5806
vn 0.2869 0.7692 0.5709
vn 0.6433 0.7656 0.0022
vn 0.6478 0.7618 -0.0107
vn 0.7092 0.4063 -0.5761
vn 0.7068 0.3965 -0.5859
vn 0.4450 -0.1444 -0.8838
vn 0.4369 -0.1552 -0.8860
vn -0.0258 -0.6290 -0.7770
vn -0.0360 -0.6361 -0.7708
vn -0.4829 -0.8207 -0.3055
vn -0.4908 -0.8204 -0.2934
vn -0.7636 -0.5782 0.2873
vn -0.7672 -0.5603 0.3122
vn -0.6585 -0.0841 0.7478
vn -0.6462 -0.0592 0.7608
vn -0.2439 0.4481 0.8601
vn -0.2220 0.4683 0.8552
vn 0.2868 0.7694 0.5708
vn 0.3080 0.7759 0.5505
vn 0.6846 0.7287 0.0154
vn 0.6952 0.7188 -0.0112
vn 0.7635 0.3458 -0.5454
vn 0.7580 0.3239 -0.5661
vn 0.4872 -0.1999 -0.8501
vn 0.4679 -0.2234 -0.8551
vn -0.0156 -0.6541 -0.7563
vn -0.0400 -0.6679 -0.7431
vn -0.5099 -0.8036 -0.3069
vn -0.5281 -0.8011 -0.2819
vn -0.8113 -0.5166 0.2738
vn -0.8133 -0.5063 0.2867
vn -0.6994 -0.0062 0.7147
vn -0.6921 0.0074 0.7217
vn -0.2592 0.5057 0.8229
vn -0.2458 0.5163 0.8203
vn 0.3042 0.7799 0.5471
vn 0.3168 0.7823 0.5364
vn 0.7263 0.6872 0.0163
vn 0.7324 0.6808 0.0027
vn 0.8096 0.2717 -0.5203
vn 0.8067 0.2594 -0.5310
vn 0.5161 -0.2719 -0.8122
vn 0.5047 -0.2847 -0.8150
vn -0.0176 -0.6902 -0.7234
vn -0.0321 -0.6970 -0.7164
vn -0.5422 -0.7871 -0.2943
vn -0.5527 -0.7845 -0.2813
vn 0.5677 -0.6059 0.5573
vn -0.6915 0.5756 -0.4364
vn -0.8468 0.4968 0.1901
vn -0.8235 0.5266 0.2111
vn -0.3162 0.8216 0.4744
vn -0.2755 0.8301 0.4848
vn 0.3621 0.7606 0.5389
vn 0.4014 0.7445 0.5335
vn 0.8706 0.3424 0.3533
vn 0.8904 0.3092 0.3342
vn 0.9714 -0.2373 0.0044
vn 0.9621 -0.2719 -0.0199
vn 0.6174 -0.7072 -0.3444
vn 0.5835 -0.7265 -0.3629
vn -0.0258 -0.8476 -0.5300
vn -0.0682 -0.8425 -0.5344
vn -0.6573 -0.5926 -0.4656
vn -0.6887 -0.5651 -0.4543
vn -0.9815 -0.0617 -0.1812
vn -0.9869 -0.0242 -0.1597
vn -0.8141 0.5593 0.1563
vn -0.7695 0.6093 0.1912
vn -0.2664 0.8611 0.4330
vn -0.1940 0.8711 0.4511
vn 0.4057 0.7589 0.5093
vn 0.4718 0.7250 0.5018
vn 0.8876 0.3001 0.3494
vn 0.9171 0.2387 0.3193
vn 0.9534 -0.3003 0.0282
vn 0.9327 -0.3605 -0.0112
vn 0.5730 -0.7612 -0.3037
vn 0.5113 -0.7916 -0.3347
vn -0.0757 -0.8675 -0.4916
vn -0.1492 -0.8531 -0.4999
vn -0.6899 -0.5692 -0.4473
vn -0.7405 -0.5166 -0.4298
vn -0.9815 -0.0055 -0.1913
vn -0.9857 0.0612 -0.1568
vn -0.7601 0.6340 0.1427
vn -0.7389 0.6555 0.1561
vn -0.1803 0.9064 0.3820
vn -0.1480 0.9092 0.3891
vn 0.4833 0.7541 0.4448
vn 0.5118 0.7367 0.4420
vn 0.9207 0.2477 0.3015
vn 0.9318 0.2186 0.2899
vn 0.9265 -0.3757 0.0191
vn 0.9153 -0.4027 0.0040
vn 0.4983 -0.8239 -0.2700
vn 0.4702 -0.8363 -0.2818
vn -0.1629 -0.8877 -0.4306
vn -0.1953 -0.8795 -0.4339
vn -0.7487 -0.5376 -0.3879
vn -0.7698 -0.5121 -0.3811
vn -0.9848 0.0635 -0.1615
vn -0.9845 0.0942 -0.1480
vn -0.1782 -0.4074 0.8957
vn 0.1273 0.5276 -0.8399
vn 0.8943 0.3749 0.2443
vn 0.8947 0.3699 0.2502
vn 0.7687 -0.0065 0.6395
vn 0.7655 -0.0120 0.6433
vn 0.3968 -0.3820 0.8347
vn 0.3917 -0.3860 0.8352
vn -0.1035 -0.6323 0.7678
vn -0.1084 -0.6341 0.7656
vn -0.5732 -0.6780 0.4601
vn -0.5769 -0.6776 0.4561
vn -0.8633 -0.5045 0.0094
vn -0.8649 -0.5019 0.0042
vn -0.8817 -0.1670 -0.4412
vn -0.8801 -0.1628 -0.4461
vn -0.6225 0.2275 -0.7488
vn -0.6179 0.2316 -0.7513
vn -0.1680 0.5536 -0.8157
vn -0.1620 0.5562 -0.8151
vn 0.3376 0.7078 -0.6206
vn 0.3433 0.7080 -0.6171
vn 0.7336 0.6412 -0.2254
vn 0.7375 0.6386 -0.2198
vn 0.9133 0.3397 0.2246
vn 0.9123 0.3478 0.2162
vn 0.7995 -0.0681 0.5968
vn 0.8045 -0.0591 0.5911
vn 0.4299 -0.4504 0.7825
vn 0.4389 -0.4434 0.7815
vn -0.0783 -0.6862 0.7232
vn -0.0679 -0.6830 0.7272
vn -0.5640 -0.7005 0.4373
vn -0.5550 -0.7023 0.4459
vn -0.8725 -0.4884 0.0155
vn -0.8684 -0.4952 0.0265
vn -0.9055 -0.1178 -0.4077
vn -0.9085 -0.1273 -0.3981
vn -0.6535 0.2933 -0.6978
vn -0.6622 0.2850 -0.6931
vn -0.1968 0.6150 -0.7636
vn -0.2076 0.6105 -0.7644
vn 0.3205 0.7456 -0.5842
vn 0.3107 0.7457 -0.5894
vn 0.7346 0.6432 -0.2158
vn 0.7282 0.6478 -0.2239
vn 0.8975 0.3709 0.2388
vn 0.8951 0.3850 0.2248
vn 0.8029 -0.0567 0.5934
vn 0.8107 -0.0406 0.5841
vn 0.4511 -0.4631 0.7630
vn 0.4666 -0.4499 0.7615
vn -0.0463 -0.7189 0.6935
vn -0.0279 -0.7129 0.7007
vn -0.5310 -0.7431 0.4073
vn -0.5159 -0.7460 0.4211
vn -0.8493 -0.5280 -0.0049
vn -0.8424 -0.5388 0.0113
vn -0.9000 -0.1417 -0.4122
vn -0.9037 -0.1570 -0.3984
vn -0.6669 0.2929 -0.6851
vn -0.6804 0.2781 -0.6780
vn -0.2243 0.6376 -0.7369
vn -0.2434 0.6284 -0.7388
vn 0.2870 0.7832 -0.5515
vn 0.2686 0.7827 -0.5614
vn 0.7050 0.6838 -0.1880
vn 0.6930 0.6920 -0.2022
vn -0.4168 0.6331 0.6523
vn 0.4309 -0.7138 -0.5522
vn 0.9158 0.3049 0.2614
vn 0.9158 0.3143 0.2502
vn 0.7284 -0.1137 0.6757
vn 0.7360 -0.1038 0.6690
vn 0.2613 -0.4861 0.8339
vn 0.2736 -0.4789 0.8342
vn -0.3071 -0.6702 0.6757
vn -0.2941 -0.6682 0.6833
vn -0.7596 -0.5955 0.2615
vn -0.7515 -0.6001 0.2742
vn -0.9234 -0.2907 -0.2506
vn -0.9239 -0.2998 -0.2379
vn -0.7360 0.1279 -0.6648
vn -0.7445 0.1182 -0.6571
vn -0.2689 0.5004 -0.8230
vn -0.2821 0.4938 -0.8226
vn 0.2994 0.6844 -0.6648
vn 0.2861 0.6834 -0.6717
vn 0.7520 0.6097 -0.2506
vn 0.7437 0.6150 -0.2621
vn 0.9092 0.3255 0.2597
vn 0.9091 0.3272 0.2580
vn 0.7519 -0.1312 0.6461
vn 0.7535 -0.1287 0.6447
vn 0.3057 -0.5350 0.7876
vn 0.3087 -0.5331 0.7877
vn -0.2585 -0.7317 0.6307
vn -0.2557 -0.7313 0.6323
vn -0.7256 -0.6466 0.2354
vn -0.7240 -0.6476 0.2377
vn -0.9173 -0.3117 -0.2479
vn -0.9172 -0.3138 -0.2453
vn -0.7595 0.1450 -0.6341
vn -0.7616 0.1423 -0.6322
vn -0.3133 0.5484 -0.7753
vn -0.3166 0.5466 -0.7753
vn 0.2504 0.7449 -0.6185
vn 0.2479 0.7447 -0.6197
vn 0.7172 0.6600 -0.2235
vn 0.7161 0.6608 -0.2249
vn 0.9249 0.3005 0.2327
vn 0.9255 0.2906 0.2428
vn 0.7696 -0.1560 0.6192
vn 0.7623 -0.1664 0.6254
vn 0.3187 -0.5503 0.7717
vn 0.3066 -0.5574 0.7716
vn -0.2554 -0.7318 0.6319
vn -0.2676 -0.7330 0.6254
vn -0.7333 -0.6311 0.2531
vn -0.7410 -0.6261 0.2428
vn -0.9324 -0.2868 -0.2198
vn -0.9327 -0.2775 -0.2302
vn -0.7771 0.1695 -0.6061
vn -0.7695 0.1795 -0.6129
vn -0.3265 0.5638 -0.7587
vn -0.3138 0.5705 -0.7590
vn 0.2475 0.7454 -0.6190
vn 0.2604 0.7460 -0.6128
vn 0.7256 0.6448 -0.2402
vn 0.7338 0.6391 -0.2302
vn -0.3688 0.6706 0.6437
vn 0.3922 -0.7298 -0.5600
vn 0.9599 0.0504 0.2757
vn 0.9567 0.0388 0.2886
vn 0.6184 -0.3702 0.6932
vn 0.6053 -0.3794 0.6998
vn -0.0130 -0.6157 0.7879
vn -0.0298 -0.6186 0.7851
vn -0.6389 -0.5712 0.5153
vn -0.6516 -0.5666 0.5044
vn -0.9663 -0.2576 0.0032
vn -0.9688 -0.2476 -0.0111
vn -0.8420 0.1785 -0.5090
vn -0.8331 0.1889 -0.5199
vn -0.3243 0.5329 -0.7816
vn -0.3082 0.5387 -0.7841
vn 0.3446 0.6398 -0.6869
vn 0.3607 0.6383 -0.6801
vn 0.8518 0.4493 -0.2694
vn 0.8603 0.4407 -0.2563
vn 0.9670 -0.0029 0.2549
vn 0.9679 0.0004 0.2513
vn 0.6152 -0.4200 0.6672
vn 0.6185 -0.4178 0.6656
vn -0.0249 -0.6388 0.7689
vn -0.0207 -0.6383 0.7695
vn -0.6539 -0.5569 0.5122
vn -0.6502 -0.5585 0.5152
vn -0.9770 -0.2126 0.0172
vn -0.9762 -0.2159 0.0215
vn -0.8435 0.2328 -0.4841
vn -0.8460 0.2298 -0.4810
vn -0.3159 0.5711 -0.7576
vn -0.3199 0.5698 -0.7569
vn 0.3593 0.6442 -0.6753
vn 0.3552 0.6447 -0.6769
vn 0.8660 0.4174 -0.2753
vn 0.8637 0.4200 -0.2788
vn 0.9615 0.0255 0.2735
vn 0.9655 0.0429 0.2568
vn 0.6219 -0.4313 0.6537
vn 0.6404 -0.4171 0.6449
vn -0.0094 -0.6843 0.7291
vn 0.0152 -0.6802 0.7328
vn -0.6363 -0.6155 0.4650
vn -0.6177 -0.6233 0.4796
vn -0.9662 -0.2572 -0.0150
vn -0.9620 -0.2730 0.0035
vn -0.8445 0.2233 -0.4868
vn -0.8567 0.2068 -0.4725
vn -0.3276 0.6009 -0.7291
vn -0.3511 0.5916 -0.7258
vn 0.3417 0.6987 -0.6286
vn 0.3183 0.7013 -0.6378
vn 0.8505 0.4716 -0.2328
vn 0.8383 0.4846 -0.2498
vn -0.2050 0.7117 0.6720
vn 0.2084 -0.7691 -0.6042
vn 0.3405 0.9106 -0.2343
vn 0.3413 0.9103 -0.2343
vn 0.8615 0.4692 -0.1941
vn 0.8619 0.4685 -0.1940
vn 0.9796 -0.1914 -0.0611
vn 0.9795 -0.1919 -0.0610
vn 0.6396 -0.7619 0.1025
vn 0.6391 -0.7622 0.1026
vn 0.0005 -0.9755 0.2202
vn -0.0002 -0.9754 0.2203
vn -0.6386 -0.7322 0.2369
vn -0.6392 -0.7317 0.2368
vn -0.9787 -0.1458 0.1447
vn -0.9788 -0.1452 0.1446
vn -0.8606 0.5092 -0.0131
vn -0.8602 0.5097 -0.0133
vn -0.3396 0.9264 -0.1628
vn -0.3388 0.9266 -0.1630
vn 0.3383 0.9050 -0.2578
vn 0.3403 0.9043 -0.2579
vn 0.8572 0.4601 -0.2314
vn 0.8582 0.4583 -0.2312
vn 0.9753 -0.1996 -0.0948
vn 0.9749 -0.2015 -0.0944
vn 0.6373 -0.7655 0.0882
vn 0.6359 -0.7667 0.0887
vn 0.0013 -0.9727 0.2320
vn -0.0005 -0.9727 0.2322
vn -0.6349 -0.7242 0.2692
vn -0.6363 -0.7230 0.2691
vn -0.9737 -0.1365 0.1825
vn -0.9740 -0.1346 0.1820
vn -0.8568 0.5155 0.0124
vn -0.8557 0.5173 0.0118
vn -0.3386 0.9270 -0.1615
vn -0.3366 0.9276 -0.1620
vn 0.3363 0.8985 -0.2822
vn 0.3375 0.8980 -0.2823
vn 0.8527 0.4502 -0.2650
vn 0.8533 0.4491 -0.2649
vn 0.9705 -0.2082 -0.1219
vn 0.9702 -0.2094 -0.1215
vn 0.6345 -0.7687 0.0803
vn 0.6336 -0.7695 0.0807
vn 0.0019 -0.9690 0.2469
vn 0.0008 -0.9690 0.2471
vn -0.6311 -0.7154 0.2999
vn -0.6320 -0.7146 0.2999
vn -0.9684 -0.1267 0.2146
vn -0.9687 -0.1253 0.2143
vn -0.8525 0.5219 0.0309
vn -0.8518 0.5231 0.0305
vn -0.3372 0.9268 -0.1653
vn -0.3359 0.9272 -0.1657
vn 0.1758 0.2391 0.9550
vn -0.1070 -0.2147 -0.9708
vn 0.5769 0.7510 0.3211
vn 0.5766 0.7520 0.3193
vn 0.5166 0.2767 0.8103
vn 0.5171 0.2784 0.8094
vn 0.2127 -0.3260 0.9211
vn 0.2138 -0.3242 0.9215
vn -0.1927 -0.7750 0.6019
vn -0.1915 -0.7740 0.6036
vn -0.5099 -0.8602 0.0018
vn -0.5092 -0.8606 0.0041
vn -0.5904 -0.5418 -0.5982
vn -0.5907 -0.5433 -0.5966
vn -0.3966 0.0312 -0.9174
vn -0.3976 0.0294 -0.9171
vn -0.0192 0.5908 -0.8066
vn -0.0205 0.5894 -0.8076
vn 0.3653 0.8751 -0.3174
vn 0.3642 0.8748 -0.3193
vn 0.5801 0.7500 0.3177
vn 0.5807 0.7485 0.3203
vn 0.5428 0.2637 0.7974
vn 0.5421 0.2614 0.7986
vn 0.2495 -0.3449 0.9049
vn 0.2485 -0.3464 0.9046
vn -0.1624 -0.7909 0.5900
vn -0.1634 -0.7917 0.5887
vn -0.5004 -0.8658 -0.0001
vn -0.5011 -0.8654 -0.0023
vn -0.6061 -0.5343 -0.5892
vn -0.6059 -0.5326 -0.5910
vn -0.4301 0.0482 -0.9015
vn -0.4291 0.0501 -0.9019
vn -0.0549 0.6092 -0.7911
vn -0.0536 0.6105 -0.7902
vn 0.3440 0.8864 -0.3098
vn 0.3454 0.8867 -0.3075
vn 0.6192 0.7262 0.2987
vn 0.6204 0.7235 0.3029
vn 0.6097 0.2221 0.7609
vn 0.6085 0.2176 0.7631
vn 0.3133 -0.3844 0.8684
vn 0.3101 -0.3890 0.8675
vn -0.1317 -0.8104 0.5708
vn -0.1352 -0.8125 0.5670
vn -0.5171 -0.8559 0.0068
vn -0.5190 -0.8547 0.0025
vn -0.6620 -0.4994 -0.5589
vn -0.6618 -0.4960 -0.5622
vn -0.4992 0.0912 -0.8617
vn -0.4967 0.0960 -0.8626
vn -0.1050 0.6404 -0.7608
vn -0.1010 0.6441 -0.7582
vn 0.3369 0.8916 -0.3026
vn 0.3401 0.8919 -0.2980
vn -0.7528 0.4525 0.4780
vn 0.8053 -0.4721 -0.3586
vn 0.3047 0.9510 0.0516
vn 0.3049 0.9510 0.0516
vn 0.7998 0.5878 0.1216
vn 0.7999 0.5877 0.1216
vn 0.9889 0.0001 0.1485
vn 0.9889 0.0003 0.1486
vn 0.7998 -0.5877 0.1221
vn 0.8002 -0.5872 0.1221
vn 0.3047 -0.9510 0.0523
vn 0.3053 -0.9508 0.0524
vn -0.3072 -0.9510 -0.0340
vn -0.3069 -0.9511 -0.0340
vn -0.8023 -0.5878 -0.1040
vn -0.8022 -0.5879 -0.1040
vn -0.9914 -0.0001 -0.1310
vn -0.9914 -0.0003 -0.1309
vn -0.8023 0.5877 -0.1045
vn -0.8024 0.5875 -0.1045
vn -0.3072 0.9510 -0.0348
vn -0.3073 0.9510 -0.0348
vn 0.3074 0.9511 0.0293
vn 0.3056 0.9517 0.0292
vn 0.8060 0.5878 0.0695
vn 0.8049 0.5894 0.0694
vn 0.9963 0.0002 0.0865
vn 0.9962 0.0018 0.0865
vn 0.8058 -0.5876 0.0738
vn 0.8067 -0.5863 0.0740
vn 0.3071 -0.9510 0.0364
vn 0.3088 -0.9504 0.0365
vn -0.3093 -0.9509 -0.0117
vn -0.3074 -0.9515 -0.0115
vn -0.8075 -0.5875 -0.0519
vn -0.8065 -0.5890 -0.0517
vn -0.9976 -0.0001 -0.0689
vn -0.9976 -0.0015 -0.0688
vn -0.8074 0.5873 -0.0562
vn -0.8081 0.5864 -0.0562
vn -0.3090 0.9509 -0.0187
vn -0.3104 0.9504 -0.0188
vn 0.3079 0.9514 0.0067
vn 0.3061 0.9520 0.0065
vn 0.8041 0.5895 0.0767
vn 0.8029 0.5912 0.0766
vn 0.9927 0.0026 0.1208
vn 0.9927 0.0047 0.1208
vn 0.8018 -0.5850 0.1221
vn 0.8029 -0.5835 0.1222
vn 0.3046 -0.9491 0.0801
vn 0.3061 -0.9486 0.0803
vn -0.3095 -0.9508 0.0109
vn -0.3081 -0.9513 0.0111
vn -0.8058 -0.5892 -0.0591
vn -0.8049 -0.5905 -0.0589
vn -0.9947 -0.0022 -0.1032
vn -0.9947 -0.0040 -0.1031
vn -0.8038 0.5856 -0.1045
vn -0.8049 0.5841 -0.1046
vn -0.3064 0.9499 -0.0626
vn -0.3081 0.9493 -0.0627
vn -0.1120 0.0386 0.9930
vn 0.1397 -0.0004 -0.9902
vn 0.3267 0.9440 -0.0457
vn 0.3289 0.9433 -0.0449
vn 0.8291 0.5328 0.1697
vn 0.8303 0.5307 0.1703
vn 0.9430 -0.1274 0.3076
vn 0.9426 -0.1298 0.3078
vn 0.6150 -0.7277 0.3036
vn 0.6132 -0.7294 0.3032
vn -0.0013 -0.9872 0.1595
vn -0.0038 -0.9873 0.1587
vn -0.6176 -0.7844 -0.0572
vn -0.6194 -0.7829 -0.0581
vn -0.9455 -0.2143 -0.2452
vn -0.9459 -0.2120 -0.2457
vn -0.8316 0.4564 -0.3164
vn -0.8305 0.4584 -0.3164
vn -0.3292 0.9139 -0.2376
vn -0.3270 0.9148 -0.2372
vn 0.3210 0.9469 -0.0202
vn 0.3188 0.9476 -0.0210
vn 0.8194 0.5357 0.2041
vn 0.8181 0.5379 0.2034
vn 0.9339 -0.1258 0.3348
vn 0.9343 -0.1230 0.3346
vn 0.6107 -0.7283 0.3109
vn 0.6127 -0.7264 0.3113
vn 0.0011 -0.9897 0.1434
vn 0.0035 -0.9895 0.1442
vn -0.6097 -0.7876 -0.0892
vn -0.6078 -0.7892 -0.0883
vn -0.9358 -0.2168 -0.2781
vn -0.9353 -0.2195 -0.2775
vn -0.8247 0.4557 -0.3349
vn -0.8260 0.4533 -0.3350
vn -0.3283 0.9154 -0.2331
vn -0.3306 0.9144 -0.2336
vn 0.3332 0.9404 -0.0678
vn 0.3287 0.9419 -0.0692
vn 0.8365 0.5287 0.1441
vn 0.8342 0.5327 0.1428
vn 0.9480 -0.1299 0.2906
vn 0.9488 -0.1254 0.2901
vn 0.6153 -0.7277 0.3031
vn 0.6188 -0.7245 0.3036
vn -0.0061 -0.9844 0.1756
vn -0.0012 -0.9842 0.1770
vn -0.6249 -0.7801 -0.0319
vn -0.6212 -0.7831 -0.0303
vn -0.9519 -0.2108 -0.2226
vn -0.9511 -0.2152 -0.2215
vn -0.8344 0.4576 -0.3072
vn -0.8365 0.4538 -0.3071
vn -0.3268 0.9125 -0.2461
vn -0.3311 0.9107 -0.2469
vn -0.2637 0.1667 0.9501
vn 0.2841 -0.1489 -0.9472
vn -0.4045 -0.8977 0.1749
vn -0.3749 -0.9136 0.1575
vn -0.8015 -0.4068 0.4382
vn -0.7884 -0.4410 0.4290
vn -0.8227 0.2743 0.4979
vn -0.8319 0.2380 0.5014
vn -0.4581 0.8269 0.3261
vn -0.4851 0.8053 0.3408
vn 0.1217 0.9926 0.0031
vn 0.0895 0.9957 0.0226
vn 0.6454 0.6937 -0.3198
vn 0.6232 0.7203 -0.3045
vn 0.8679 0.0701 -0.4917
vn 0.8665 0.1077 -0.4875
vn 0.6852 -0.5864 -0.4320
vn 0.7051 -0.5555 -0.4406
vn 0.1827 -0.9686 -0.1687
vn 0.2149 -0.9588 -0.1859
vn -0.3555 -0.9149 0.1911
vn -0.3362 -0.9244 0.1802
vn -0.7800 -0.4416 0.4433
vn -0.7705 -0.4632 0.4379
vn -0.8387 0.2385 0.4896
vn -0.8436 0.2141 0.4924
vn -0.5039 0.8069 0.3083
vn -0.5214 0.7917 0.3184
vn 0.0674 0.9976 -0.0158
vn 0.0462 0.9989 -0.0031
vn 0.6081 0.7216 -0.3309
vn 0.5930 0.7382 -0.3215
vn 0.8652 0.1078 -0.4897
vn 0.8630 0.1324 -0.4876
vn 0.7181 -0.5565 -0.4178
vn 0.7304 -0.5354 -0.4241
vn 0.2360 -0.9603 -0.1490
vn 0.2568 -0.9531 -0.1603
vn -0.3418 -0.9243 0.1696
vn 0.2949 0.9441 -0.1470
vn -0.7931 -0.4626 0.3962
vn 0.7688 0.5118 -0.3834
vn -0.8659 0.2153 0.4515
vn 0.8763 -0.1596 -0.4547
vn -0.5262 0.7920 0.3095
vn 0.5669 -0.7558 -0.3276
vn 0.0669 0.9971 0.0368
vn -0.0144 -0.9980 -0.0616
vn 0.6349 0.7349 -0.2385
vn -0.5958 -0.7727 0.2189
vn 0.9125 0.1297 -0.3879
vn -0.9051 -0.1855 0.3826
vn 0.7715 -0.5364 -0.3421
vn -0.7977 0.4890 0.3529
vn 0.2765 -0.9532 -0.1221
vn -0.3238 0.9352 0.1438
vn 0.4255 -0.0280 0.9045
vn -0.4988 0.0602 -0.8646
vn -0.7948 0.5705 0.2069
vn -0.8085 0.5557 0.1936
vn -0.2399 0.8202 0.5194
vn -0.2629 0.8175 0.5124
vn 0.4269 0.6851 0.5902
vn 0.4055 0.6957 0.5929
vn 0.8936 0.2285 0.3863
vn 0.8837 0.2473 0.3975
vn 0.9419 -0.3359 0.0029
vn 0.9480 -0.3177 0.0176
vn 0.5491 -0.7441 -0.3805
vn 0.5686 -0.7353 -0.3690
vn -0.1010 -0.8051 -0.5845
vn -0.0774 -0.8099 -0.5815
vn -0.7041 -0.4903 -0.5136
vn -0.6875 -0.5065 -0.5204
vn -0.9781 0.0530 -0.2011
vn -0.9762 0.0328 -0.2143
vn -0.8140 0.5382 0.2184
vn -0.8255 0.5250 0.2071
vn -0.2649 0.8111 0.5214
vn -0.2847 0.8081 0.5157
vn 0.4080 0.7035 0.5819
vn 0.3891 0.7121 0.5844
vn 0.8897 0.2657 0.3713
vn 0.8805 0.2818 0.3812
vn 0.9547 -0.2973 -0.0115
vn 0.9596 -0.2814 0.0011
vn 0.5728 -0.7222 -0.3876
vn 0.5894 -0.7139 -0.3781
vn -0.0775 -0.8102 -0.5810
vn -0.0569 -0.8135 -0.5788
vn -0.6918 -0.5199 -0.5011
vn -0.6769 -0.5334 -0.5072
vn -0.9826 0.0126 -0.1854
vn -0.9804 -0.0049 -0.1968
vn -0.8249 0.5272 0.2040
vn -0.8230 0.5294 0.2059
vn -0.2847 0.8080 0.5158
vn -0.2814 0.8085 0.5168
vn 0.3884 0.7097 0.5877
vn 0.3916 0.7083 0.5873
vn 0.8795 0.2784 0.3860
vn 0.8811 0.2757 0.3844
vn 0.9587 -0.2842 0.0052
vn 0.9579 -0.2870 0.0030
vn 0.5891 -0.7149 -0.3767
vn 0.5863 -0.7163 -0.3784
vn -0.0565 -0.8120 -0.5809
vn -0.0600 -0.8115 -0.5813
vn -0.6759 -0.5302 -0.5118
vn -0.6785 -0.5279 -0.5108
vn -0.9794 -0.0013 -0.2019
vn -0.9798 0.0016 -0.1999
vn -0.1690 -0.5688 0.8050
vn 0.1992 0.5622 -0.8027
vn 0.4185 0.8635 0.2814
vn 0.4179 0.8643 0.2797
vn 0.5132 0.4500 0.7308
vn 0.5132 0.4515 0.7299
vn 0.4092 -0.1345 0.9025
vn 0.4099 -0.1322 0.9025
vn 0.1462 -0.6667 0.7308
vn 0.1477 -0.6646 0.7325
vn -0.1753 -0.9435 0.2813
vn -0.1738 -0.9429 0.2842
vn -0.4325 -0.8589 -0.2742
vn -0.4318 -0.8600 -0.2719
vn -0.5272 -0.4454 -0.7236
vn -0.5273 -0.4473 -0.7224
vn -0.4232 0.1391 -0.8953
vn -0.4241 0.1368 -0.8952
vn -0.1602 0.6713 -0.7236
vn -0.1617 0.6695 -0.7250
vn 0.1613 0.9481 -0.2742
vn 0.1600 0.9477 -0.2763
vn 0.4338 0.8594 0.2707
vn 0.4267 0.8672 0.2567
vn 0.5700 0.4335 0.6979
vn 0.5688 0.4486 0.6894
vn 0.4860 -0.1568 0.8598
vn 0.4907 -0.1402 0.8600
vn 0.2140 -0.6863 0.6951
vn 0.2230 -0.6741 0.7041
vn -0.1424 -0.9533 0.2663
vn -0.1324 -0.9504 0.2816
vn -0.4470 -0.8550 -0.2631
vn -0.4403 -0.8631 -0.2473
vn -0.5830 -0.4290 -0.6899
vn -0.5825 -0.4448 -0.6803
vn -0.4990 0.1610 -0.8515
vn -0.5046 0.1442 -0.8512
vn -0.2272 0.6902 -0.6870
vn -0.2368 0.6786 -0.6953
vn 0.1290 0.9573 -0.2585
vn 0.1189 0.9548 -0.2724
vn 0.4092 0.8720 0.2686
vn 0.4016 0.8792 0.2564
vn 0.5960 0.4410 0.6710
vn 0.5936 0.4556 0.6634
vn 0.5524 -0.1578 0.8185
vn 0.5564 -0.1414 0.8188
vn 0.2956 -0.6953 0.6551
vn 0.3041 -0.6837 0.6633
vn -0.0766 -0.9669 0.2435
vn -0.0669 -0.9643 0.2564
vn -0.4222 -0.8685 -0.2598
vn -0.4148 -0.8758 -0.2466
vn -0.6088 -0.4372 -0.6620
vn -0.6069 -0.4522 -0.6536
vn -0.5650 0.1614 -0.8092
vn -0.5696 0.1447 -0.8091
vn -0.3082 0.6985 -0.6458
vn -0.3173 0.6871 -0.6536
vn 0.0637 0.9700 -0.2345
vn 0.0536 0.9676 -0.2467
vn -0.7889 0.2005 0.5809
vn 0.8540 -0.2806 -0.4382
vn 0.2068 0.9301 0.3036
vn 0.2057 0.9310 0.3016
vn 0.4299 0.4780 0.7660
vn 0.4294 0.4800 0.7650
vn 0.4502 -0.1977 0.8708
vn 0.4505 -0.1948 0.8713
vn 0.2582 -0.7807 0.5690
vn 0.2595 -0.7785 0.5714
vn -0.0562 -0.9984 0.0019
vn -0.0548 -0.9985 0.0047
vn -0.3460 -0.7488 -0.5653
vn -0.3452 -0.7505 -0.5635
vn -0.4755 -0.1488 -0.8670
vn -0.4755 -0.1514 -0.8666
vn -0.3842 0.5210 -0.7622
vn -0.3851 0.5183 -0.7636
vn -0.1147 0.9471 -0.2999
vn -0.1162 0.9460 -0.3025
vn 0.2240 0.9302 0.2908
vn 0.2257 0.9290 0.2934
vn 0.4926 0.4772 0.7278
vn 0.4932 0.4748 0.7289
vn 0.5290 -0.1985 0.8251
vn 0.5287 -0.2008 0.8247
vn 0.3166 -0.7814 0.5377
vn 0.3155 -0.7830 0.5361
vn -0.0458 -0.9989 -0.0006
vn -0.0473 -0.9989 -0.0029
vn -0.3884 -0.7483 -0.5377
vn -0.3893 -0.7467 -0.5393
vn -0.5504 -0.1478 -0.8217
vn -0.5505 -0.1455 -0.8220
vn -0.4569 0.5215 -0.7207
vn -0.4560 0.5238 -0.7195
vn -0.1512 0.9475 -0.2816
vn -0.1494 0.9486 -0.2790
vn 0.2641 0.9272 0.2656
vn 0.2679 0.9247 0.2704
vn 0.5636 0.4713 0.6784
vn 0.5653 0.4655 0.6810
vn 0.5979 -0.2045 0.7750
vn 0.5968 -0.2115 0.7740
vn 0.3512 -0.7850 0.5104
vn 0.3476 -0.7894 0.5061
vn -0.0618 -0.9981 0.0076
vn -0.0657 -0.9978 0.0025
vn -0.4471 -0.7435 -0.4974
vn -0.4497 -0.7393 -0.5012
vn -0.6244 -0.1416 -0.7681
vn -0.6247 -0.1348 -0.7691
vn -0.5116 0.5266 -0.6789
vn -0.5088 0.5329 -0.6761
vn -0.1608 0.9491 -0.2708
vn -0.1563 0.9513 -0.2655
vn -0.7819 0.0491 0.6214
vn 0.8811 -0.0465 -0.4707
vn 0.8220 0.4620 0.3331
vn 0.8226 0.4636 0.3292
vn 0.5278 0.1121 0.8420
vn 0.5302 0.1143 0.8401
vn -0.0144 -0.2887 0.9573
vn -0.0109 -0.2865 0.9580
vn -0.5509 -0.5529 0.6252
vn -0.5478 -0.5518 0.6288
vn -0.8306 -0.5569 0.0010
vn -0.8300 -0.5578 0.0058
vn -0.7227 -0.2987 -0.6232
vn -0.7246 -0.3009 -0.6200
vn -0.2777 0.1007 -0.9554
vn -0.2810 0.0984 -0.9547
vn 0.2962 0.4546 -0.8400
vn 0.2926 0.4529 -0.8422
vn 0.7305 0.5972 -0.3312
vn 0.7285 0.5973 -0.3355
vn 0.8211 0.4658 0.3300
vn 0.8223 0.4719 0.3181
vn 0.5608 0.0709 0.8249
vn 0.5689 0.0797 0.8186
vn 0.0373 -0.3553 0.9340
vn 0.0482 -0.3480 0.9363
vn -0.5045 -0.6139 0.6071
vn -0.4958 -0.6113 0.6168
vn -0.8117 -0.5841 -0.0035
vn -0.8092 -0.5874 0.0097
vn -0.7398 -0.2791 -0.6122
vn -0.7452 -0.2871 -0.6019
vn -0.3226 0.1578 -0.9333
vn -0.3333 0.1493 -0.9309
vn 0.2440 0.5219 -0.8174
vn 0.2333 0.5170 -0.8236
vn 0.6956 0.6438 -0.3189
vn 0.6895 0.6444 -0.3305
vn 0.8075 0.4909 0.3269
vn 0.8079 0.4953 0.3193
vn 0.5828 0.0616 0.8103
vn 0.5879 0.0681 0.8060
vn 0.0842 -0.3951 0.9148
vn 0.0917 -0.3897 0.9164
vn -0.4546 -0.6654 0.5921
vn -0.4485 -0.6636 0.5987
vn -0.7820 -0.6232 -0.0068
vn -0.7801 -0.6257 0.0015
vn -0.7446 -0.2878 -0.6022
vn -0.7477 -0.2936 -0.5956
vn -0.3596 0.1836 -0.9149
vn -0.3666 0.1773 -0.9133
vn 0.1923 0.5702 -0.7987
vn 0.1849 0.5666 -0.8030
vn 0.6531 0.6916 -0.3085
vn 0.6488 0.6922 -0.3162
vn -0.5840 0.7224 0.3701
vn 0.5439 -0.8045 -0.2387
vn 0.3407 0.9345 0.1034
vn 0.3383 0.9353 0.1034
vn 0.8630 0.4929 0.1104
vn 0.8618 0.4951 0.1105
vn 0.9815 -0.1794 0.0674
vn 0.9819 -0.1771 0.0677
vn 0.6405 -0.7679 -0.0054
vn 0.6422 -0.7666 -0.0051
vn -0.0003 -0.9973 -0.0739
vn 0.0020 -0.9973 -0.0737
vn -0.6411 -0.7601 -0.1062
vn -0.6392 -0.7617 -0.1061
vn -0.9820 -0.1674 -0.0870
vn -0.9817 -0.1696 -0.0871
vn -0.8636 0.5035 -0.0254
vn -0.8646 0.5017 -0.0256
vn -0.3412 0.9387 0.0498
vn -0.3433 0.9379 0.0496
vn 0.3427 0.9381 0.0498
vn 0.3397 0.9392 0.0497
vn 0.8640 0.4965 0.0836
vn 0.8625 0.4991 0.0835
vn 0.9808 -0.1777 0.0799
vn 0.9814 -0.1745 0.0801
vn 0.6384 -0.7687 0.0406
vn 0.6411 -0.7664 0.0409
vn -0.0026 -0.9999 -0.0160
vn 0.0005 -0.9999 -0.0157
vn -0.6425 -0.7636 -0.0634
vn -0.6405 -0.7654 -0.0632
vn -0.9822 -0.1700 -0.0794
vn -0.9818 -0.1728 -0.0794
vn -0.8623 0.5033 -0.0565
vn -0.8639 0.5004 -0.0567
vn -0.3389 0.9408 -0.0055
vn -0.3422 0.9396 -0.0057
vn 0.3399 0.9392 0.0482
vn 0.3388 0.9396 0.0481
vn 0.8593 0.4987 0.1133
vn 0.8587 0.4998 0.1133
vn 0.9763 -0.1749 0.1271
vn 0.9765 -0.1738 0.1271
vn 0.6366 -0.7667 0.0832
vn 0.6372 -0.7662 0.0833
vn -0.0013 -1.0000 0.0020
vn -0.0005 -1.0000 0.0021
vn -0.6389 -0.7653 -0.0784
vn -0.6382 -0.7659 -0.0782
vn -0.9777 -0.1724 -0.1203
vn -0.9775 -0.1735 -0.1203
vn -0.8591 0.5010 -0.1043
vn -0.8596 0.5002 -0.1043
vn -0.3389 0.9401 -0.0377
vn -0.3398 0.9397 -0.0378
vn -0.1256 -0.0015 0.9921
vn 0.0786 0.0774 -0.9939
f 1/1/1 14/14/1 2/2/1
f 1/1/2 13/13/2 14/14/2
f 2/2/3 15/15/3 3/3/3
f 2/2/4 14/14/4 15/15/4
f 3/3/5 16/16/5 4/4/5
f 3/3/6 15/15/6 16/16/6
f 4/4/7 17/17/7 5/5/7
f 4/4/8 16/16/8 17/17/8
f 5/5/9 18/18/9 6/6/9
f 5/5/10 17/17/10 18/18/10
f 6/6/11 19/19/11 7/7/11
f 6/6/12 18/18/12 19/19/12
f 7/7/13 20/20/13 8/8/13
f 7/7/14 19/19/14 20/20/14
f 8/8/15 21/21/15 9/9/15
f 8/8/16 20/20/16 21/21/16
f 9/9/17 22/22/17 10/10/17
f 9/9/18 21/21/18 22/22/18
f 10/10/19 23/23/19 11/11/19
f 10/10/20 22/22/20 23/23/20
f 11/11/21 24/24/21 12/12/21
f 11/11/22 23/23/22 24/24/22
f 12/12/23 13/13/23 1/1/23
f 12/12/24 24/24/24 13/13/24
f 13/13/25 26/26/25 14/14/25
f 13/13/26 25/25/26 26/26/26
f 14/14/27 27/27/27 15/15/27
f 14/14/28 26/26/28 27/27/28
f 15/15/29 28/28/29 16/16/29
f 15/15/30 27/27/30 28/28/30
f 16/16/31 29/29/31 17/17/31
f 16/16/32 28/28/32 29/29/32
f 17/17/33 30/30/33 18/18/33
f 17/17/34 29/29/34 30/30/34
f 18/18/35 31/31/35 19/19/35
f 18/18/36 30/30/36 31/31/36
f 19/19/37 32/32/37 20/20/37
f 19/19/38 31/31/38 32/32/38
f 20/20/39 33/33/39 21/21/39
f 20/20/40 32/32/40 33/33/40
f 21/21/41 34/34/41 22/22/41
f 21/21/42 33/33/42 34/34/42
f 22/22/43 35/35/43 23/23/43
f 22/22/44 34/34/44 35/35/44
f 23/23/45 36/36/45 24/24/45
f 23/23/46 35/35/46 36/36/46
f 24/24/47 25/25/47 13/13/47
f 24/24/48 36/36/48 25/25/48
f 25/25/49 38/38/49 26/26/49
f 25/25/50 37/37/50 38/38/50
f 26/26/51 39/39/51 27/27/51
f 26/26/52 38/38/52 39/39/52
f 27/27/53 40/40/53 28/28/53
f 27/27/54 39/39/54 40/40/54
f 28/28/55 41/41/55 29/29/55
f 28/28/56 40/40/56 41/41/56
f 29/29/57 42/42/57 30/30/57
f 29/29/58 41/41/58 42/42/58
f 30/30/59 43/43/59 31/31/59
f 30/30/60 42/42/60 43/43/60
f 31/31/61 44/44/61 32/32/61
f 31/31/62 43/43/62 44/44/62
f 32/32/63 45/45/63 33/33/63
f 32/32/64 44/44/64 45/45/64
f 33/33/65 46/46/65 34/34/65
f 33/33/66 45/45/66 46/46/66
f 34/34/67 47/47/67 35/35/67
f 34/34/68 46/46/68 47/47/68
f 35/35/69 48/48/69 36/36/69
f 35/35/70 47/47/70 48/48/70
f 36/36/71 37/37/71 25/25/71
f 36/36/72 48/48/72 37/37/72
f 37/37/73 50/50/73 38/38/73
f 37/37/74 49/49/74 50/50/74
f 38/38/75 51/51/75 39/39/75
f 38/38/76 50/50/76 51/51/76
f 39/39/77 52/52/77 40/40/77
f 39/39/78 51/51/78 52/52/78
f 40/40/79 53/53/79 41/41/79
f 40/40/80 52/52/80 53/53/80
f 41/41/81 54/54/81 42/42/81
f 41/41/82 53/53/82 54/54/82
f 42/42/83 55/55/83 43/43/83
f 42/42/84 54/54/84 55/55/84
f 43/43/85 56/56/85 44/44/85
f 43/43/86 55/55/86 56/56/86
f 44/44/87 57/57/87 45/45/87
f 44/44/88 56/56/88 57/57/88
f 45/45/89 58/58/89 46/46/89
f 45/45/90 57/57/90 58/58/90
f 46/46/91 59/59/91 47/47/91
f 46/46/92 58/58/92 59/59/92
f 47/47/93 60/60/93 48/48/93
f 47/47/94 59/59/94 60/60/94
f 48/48/95 49/49/95 37/37/95
f 48/48/96 60/60/96 49/49/96
f 49/49/97 62/62/97 50/50/97
f 49/49/98 61/61/98 62/62/98
f 50/50/99 63/63/99 51/51/99
f 50/50/100 62/62/100 63/63/100
f 51/51/101 64/64/101 52/52/101
f 51/51/102 63/63/102 64/64/102
f 52/52/103 65/65/103 53/53/103
f 52/52/104 64/64/104 65/65/104
f 53/53/105 66/66/105 54/54/105
f 53/53/106 65/65/106 66/66/106
f 54/54/107 67/67/107 55/55/107
f 54/54/108 66/66/108 67/67/108
f 55/55/109 68/68/109 56/56/109
f 55/55/110 67/67/110 68/68/110
f 56/56/111 69/69/111 57/57/111
f 56/56/112 68/68/112 69/69/112
f 57/57/113 70/70/113 58/58/113
f 57/57/114 69/69/114 70/70/114
f 58/58/115 71/71/115 59/59/115
f 58/58/116 70/70/116 71/71/116
f 59/59/117 72/72/117 60/60/117
f 59/59/118 71/71/118 72/72/118
f 60/60/119 61/61/119 49/49/119
f 60/60/120 72/72/120 61/61/120
f 61/61/121 63/63/121 62/62/121
f 61/61/121 64/64/121 63/63/121
f 61/61/121 65/65/121 64/64/121
f 61/61/121 66/66/121 65/65/121
f 61/61/121 67/67/121 66/66/121
f 61/61/121 68/68/121 67/67/121
f 61/61/121 69/69/121 68/68/121
f 61/61/121 70/70/121 69/69/121
f 61/61/121 71/71/121 70/70/121
f 61/61/121 72/72/121 71/71/121
f 12/12/122 10/10/122 11/11/122
f 12/12/122 9/9/122 10/10/122
f 12/12/122 8/8/122 9/9/122
f 12/12/122 7/7/122 8/8/122
f 12/12/122 6/6/122 7/7/122
f 12/12/122 5/5/122 6/6/122
f 12/12/122 4/4/122 5/5/122
f 12/12/122 3/3/122 4/4/122
f 12/12/122 2/2/122 3/3/122
f 12/12/122 1/1/122 2/2/122
f 73/73/123 85/85/123 74/74/123
f 73/73/124 84/84/124 85/85/124
f 74/74/125 86/86/125 75/75/125
f 74/74/126 85/85/126 86/86/126
f 75/75/127 87/87/127 76/76/127
f 75/75/128 86/86/128 87/87/128
f 76/76/129 88/88/129 77/77/129
f 76/76/130 87/87/130 88/88/130
f 77/77/131 89/89/131 78/78/131
f 77/77/132 88/88/132 89/89/132
f 78/78/133 90/90/133 79/79/133
f 78/78/134 89/89/134 90/90/134
f 79/79/135 91/91/135 80/80/135
f 79/79/136 90/90/136 91/91/136
f 80/80/137 92/92/137 81/81/137
f 80/80/138 91/91/138 92/92/138
f 81/81/139 93/93/139 82/82/139
f 81/81/140 92/92/140 93/93/140
f 82/82/141 94/94/141 83/83/141
f 82/82/142 93/93/142 94/94/142
f 83/83/143 84/84/143 73/73/143
f 83/83/144 94/94/144 84/84/144
f 84/84/145 96/96/145 85/85/145
f 84/84/146 95/95/146 96/96/146
f 85/85/147 97/97/147 86/86/147
f 85/85/148 96/96/148 97/97/148
f 86/86/149 98/98/149 87/87/149
f 86/86/150 97/97/150 98/98/150
f 87/87/151 99/99/151 88/88/151
f 87/87/152 98/98/152 99/99/152
f 88/88/153 100/100/153 89/89/153
f 88/88/154 99/99/154 100/100/154
f 89/89/155 101/101/155 90/90/155
f 89/89/156 100/100/156 101/101/156
f 90/90/157 102/102/157 91/91/157
f 90/90/158 101/101/158 102/102/158
f 91/91/159 103/103/159 92/92/159
f 91/91/160 102/102/160 103/103/160
f 92/92/161 104/104/161 93/93/161
f 92/92/162 103/103/162 104/104/162
f 93/93/163 105/105/163 94/94/163
f 93/93/164 104/104/164 105/105/164
f 94/94/165 95/95/165 84/84/165
f 94/94/166 105/105/166 95/95/166
f 95/95/167 107/107/167 96/96/167
f 95/95/168 106/106/168 107/107/168
f 96/96/169 108/108/169 97/97/169
f 96/96/170 107/107/170 108/108/170
f 97/97/171 109/109/171 98/98/171
f 97/97/172 108/108/172 109/109/172
f 98/98/173 110/110/173 99/99/173
f 98/98/174 109/109/174 110/110/174
f 99/99/175 111/111/175 100/100/175
f 99/99/176 110/110/176 111/111/176
f 100/100/177 112/112/177 101/101/177
f 100/100/178 111/111/178 112/112/178
f 101/101/179 113/113/179 102/102/179
f 101/101/180 112/112/180 113/113/180
f 102/102/181 114/114/181 103/103/181
f 102/102/182 113/113/182 114/114/182
f 103/103/183 115/115/183 104/104/183
f 103/103/184 114/114/184 115/115/184
f 104/104/185 116/116/185 105/105/185
f 104/104/186 115/115/186 116/116/186
f 105/105/187 106/106/187 95/95/187
f 105/105/188 116/116/188 106/106/188
f 106/106/189 108/108/189 107/107/189
f 106/106/189 109/109/189 108/108/189
f 106/106/189 110/110/189 109/109/189
f 106/106/189 111/111/189 110/110/189
f 106/106/189 112/112/189 111/111/189
f 106/106/189 113/113/189 112/112/189
f 106/106/189 114/114/189 113/113/189
f 106/106/189 115/115/189 114/114/189
f 106/106/189 116/116/189 115/115/189
f 83/83/190 81/81/190 82/82/190
f 83/83/190 80/80/190 81/81/190
f 83/83/190 79/79/190 80/80/190
f 83/83/190 78/78/190 79/79/190
f 83/83/190 77/77/190 78/78/190
f 83/83/190 76/76/190 77/77/190
f 83/83/190 75/75/190 76/76/190
f 83/83/190 74/74/190 75/75/190
f 83/83/190 73/73/190 74/74/190
f 117/117/191 128/128/191 118/118/191
f 117/117/192 127/127/192 128/128/192
f 118/118/193 129/129/193 119/119/193
f 118/118/194 128/128/194 129/129/194
f 119/119/195 130/130/195 120/120/195
f 119/119/196 129/129/196 130/130/196
f 120/120/197 131/131/197 121/121/197
f 120/120/198 130/130/198 131/131/198
f 121/121/199 132/132/199 122/122/199
f 121/121/200 131/131/200 132/132/200
f 122/122/201 133/133/201 123/123/201
f 122/122/202 132/132/202 133/133/202
f 123/123/203 134/134/203 124/124/203
f 123/123/204 133/133/204 134/134/204
f 124/124/205 135/135/205 125/125/205
f 124/124/206 134/134/206 135/135/206
f 125/125/207 136/136/207 126/126/207
f 125/125/208 135/135/208 136/136/208
f 126/126/209 127/127/209 117/117/209
f 126/126/210 136/136/210 127/127/210
f 127/127/211 138/138/211 128/128/211
f 127/127/212 137/137/212 138/138/212
f 128/128/213 139/139/213 129/129/213
f 128/128/214 138/138/214 139/139/214
f 129/129/215 140/140/215 130/130/215
f 129/129/216 139/139/216 140/140/216
f 130/130/217 141/141/217 131/131/217
f 130/130/218 140/140/218 141/141/218
f 131/131/219 142/142/219 132/132/219
f 131/131/220 141/141/220 142/142/220
f 132/132/221 143/143/221 133/133/221
f 132/132/222 142/142/222 143/143/222
f 133/133/223 144/144/223 134/134/223
f 133/133/224 143/143/224 144/144/224
f 134/134/225 145/145/225 135/135/225
f 134/134/226 144/144/226 145/145/226
f 135/135/227 146/146/227 136/136/227
f 135/135/228 145/145/228 146/146/228
f 136/136/229 137/137/229 127/127/229
f 136/136/230 146/146/230 137/137/230
f 137/137/231 148/148/231 138/138/231
f 137/137/232 147/147/232 148/148/232
f 138/138/233 149/149/233 139/139/233
f 138/138/234 148/148/234 149/149/234
f 139/139/235 150/150/235 140/140/235
f 139/139/236 149/149/236 150/150/236
f 140/140/237 151/151/237 141/141/237
f 140/140/238 150/150/238 151/151/238
f 141/141/239 152/152/239 142/142/239
f 141/141/240 151/151/240 152/152/240
f 142/142/241 153/153/241 143/143/241
f 142/142/242 152/152/242 153/153/242
f 143/143/243 154/154/243 144/144/243
f 143/143/244 153/153/244 154/154/244
f 144/144/245 155/155/245 145/145/245
f 144/144/246 154/154/246 155/155/246
f 145/145/247 156/156/247 146/146/247
f 145/145/248 155/155/248 156/156/248
f 146/146/249 147/147/249 137/137/249
f 146/146/250 156/156/250 147/147/250
f 147/147/251 149/149/251 148/148/251
f 147/147/251 150/150/251 149/149/251
f 147/147/251 151/151/251 150/150/251
f 147/147/251 152/152/251 151/151/251
f 147/147/251 153/153/251 152/152/251
f 147/147/251 154/154/251 153/153/251
f 147/147/251 155/155/251 154/154/251
f 147/147/251 156/156/251 155/155/251
f 126/126/252 124/124/252 125/125/252
f 126/126/252 123/123/252 124/124/252
f 126/126/252 122/122/252 123/123/252
f 126/126/252 121/121/252 122/122/252
f 126/126/252 120/120/252 121/121/252
f 126/126/252 119/119/252 120/120/252
f 126/126/252 118/118/252 119/119/252
f 126/126/252 117/117/252 118/118/252
f 157/157/253 167/167/253 158/158/253
f 157/157/254 166/166/254 167/167/254
f 158/158/255 168/168/255 159/159/255
f 158/158/256 167/167/256 168/168/256
f 159/159/257 169/169/257 160/160/257
f 159/159/258 168/168/258 169/169/258
f 160/160/259 170/170/259 161/161/259
f 160/160/260 169/169/260 170/170/260
f 161/161/261 171/171/261 162/162/261
f 161/161/262 170/170/262 171/171/262
f 162/162/263 172/172/263 163/163/263
f 162/162/264 171/171/264 172/172/264
f 163/163/265 173/173/265 164/164/265
f 163/163/266 172/172/266 173/173/266
f 164/164/267 174/174/267 165/165/267
f 164/164/268 173/173/268 174/174/268
f 165/165/269 166/166/269 157/157/269
f 165/165/270 174/174/270 166/166/270
f 166/166/271 176/176/271 167/167/271
f 166/166/272 175/175/272 176/176/272
f 167/167/273 177/177/273 168/168/273
f 167/167/274 176/176/274 177/177/274
f 168/168/275 178/178/275 169/169/275
f 168/168/276 177/177/276 178/178/276
f 169/169/277 179/179/277 170/170/277
f 169/169/278 178/178/278 179/179/278
f 170/170/279 180/180/279 171/171/279
f 170/170/280 179/179/280 180/180/280
f 171/171/281 181/181/281 172/172/281
f 171/171/282 180/180/282 181/181/282
f 172/172/283 182/182/283 173/173/283
f 172/172/284 181/181/284 182/182/284
f 173/173/285 183/183/285 174/174/285
f 173/173/286 182/182/286 183/183/286
f 174/174/287 175/175/287 166/166/287
f 174/174/288 183/183/288 175/175/288
f 175/175/289 185/185/289 176/176/289
f 175/175/290 184/184/290 185/185/290
f 176/176/291 186/186/291 177/177/291
f 176/176/292 185/185/292 186/186/292
f 177/177/293 187/187/293 178/178/293
f 177/177/294 186/186/294 187/187/294
f 178/178/295 188/188/295 179/179/295
f 178/178/296 187/187/296 188/188/296
f 179/179/297 189/189/297 180/180/297
f 179/179/298 188/188/298 189/189/298
f 180/180/299 190/190/299 181/181/299
f 180/180/300 189/189/300 190/190/300
f 181/181/301 191/191/301 182/182/301
f 181/181/302 190/190/302 191/191/302
f 182/182/303 192/192/303 183/183/303
f 182/182/304 191/191/304 192/192/304
f 183/183/305 184/184/305 175/175/305
f 183/183/306 192/192/306 184/184/306
f 184/184/307 186/186/307 185/185/307
f 184/184/307 187/187/307 186/186/307
f 184/184/307 188/188/307 187/187/307
f 184/184/307 189/189/307 188/188/307
f 184/184/307 190/190/307 189/189/307
f 184/184/307 191/191/307 190/190/307
f 184/184/307 192/192/307 191/191/307
f 165/165/308 163/163/308 164/164/308
f 165/165/308 162/162/308 163/163/308
f 165/165/308 161/161/308 162/162/308
f 165/165/308 160/160/308 161/161/308
f 165/165/308 159/159/308 160/160/308
f 165/165/308 158/158/308 159/159/308
f 165/165/308 157/157/308 158/158/308
f 193/193/309 203/203/309 194/194/309
f 193/193/310 202/202/310 203/203/310
f 194/194/311 204/204/311 195/195/311
f 194/194/312 203/203/312 204/204/312
f 195/195/313 205/205/313 196/196/313
f 195/195/314 204/204/314 205/205/314
f 196/196/315 206/206/315 197/197/315
f 196/196/316 205/205/316 206/206/316
f 197/197/317 207/207/317 198/198/317
f 197/197/318 206/206/318 207/207/318
f 198/198/319 208/208/319 199/199/319
f 198/198/320 207/207/320 208/208/320
f 199/199/321 209/209/321 200/200/321
f 199/199/322 208/208/322 209/209/322
f 200/200/323 210/210/323 201/201/323
f 200/200/324 209/209/324 210/210/324
f 201/201/325 202/202/325 193/193/325
f 201/201/326 210/210/326 202/202/326
f 202/202/327 212/212/327 203/203/327
f 202/202/328 211/211/328 212/212/328
f 203/203/329 213/213/329 204/204/329
f 203/203/330 212/212/330 213/213/330
f 204/204/331 214/214/331 205/205/331
f 204/204/332 213/213/332 214/214/332
f 205/205/333 215/215/333 206/206/333
f 205/205/334 214/214/334 215/215/334
f 206/206/335 216/216/335 207/207/335
f 206/206/336 215/215/336 216/216/336
f 207/207/337 217/217/337 208/208/337
f 207/207/338 216/216/338 217/217/338
f 208/208/339 218/218/339 209/209/339
f 208/208/340 217/217/340 218/218/340
f 209/209/341 219/219/341 210/210/341
f 209/209/342 218/218/342 219/219/342
f 210/210/343 211/211/343 202/202/343
f 210/210/344 219/219/344 211/211/344
f 211/211/345 221/221/345 212/212/345
f 211/211/346 220/220/346 221/221/346
f 212/212/347 222/222/347 213/213/347
f 212/212/348 221/221/348 222/222/348
f 213/213/349 223/223/349 214/214/349
f 213/213/350 222/222/350 223/223/350
f 214/214/351 224/224/351 215/215/351
f 214/214/352 223/223/352 224/224/352
f 215/215/353 225/225/353 216/216/353
f 215/215/354 224/224/354 225/225/354
f 216/216/355 226/226/355 217/217/355
f 216/216/356 225/225/356 226/226/356
f 217/217/357 227/227/357 218/218/357
f 217/217/358 226/226/358 227/227/358
f 218/218/359 228/228/359 219/219/359
f 218/218/360 227/227/360 228/228/360
f 219/219/361 220/220/361 211/211/361
f 219/219/362 228/228/362 220/220/362
f 220/220/363 222/222/363 221/221/363
f 220/220/363 223/223/363 222/222/363
f 220/220/363 224/224/363 223/223/363
f 220/220/363 225/225/363 224/224/363
f 220/220/363 226/226/363 225/225/363
f 220/220/363 227/227/363 226/226/363
f 220/220/363 228/228/363 227/227/363
f 201/201/364 199/199/364 200/200/364
f 201/201/364 198/198/364 199/199/364
f 201/201/364 197/197/364 198/198/364
f 201/201/364 196/196/364 197/197/364
f 201/201/364 195/195/364 196/196/364
f 201/201/364 194/194/364 195/195/364
f 201/201/364 193/193/364 194/194/364
f 229/229/365 239/239/365 230/230/365
f 229/229/366 238/238/366 239/239/366
f 230/230/367 240/240/367 231/231/367
f 230/230/368 239/239/368 240/240/368
f 231/231/369 241/241/369 232/232/369
f 231/231/370 240/240/370 241/241/370
f 232/232/371 242/242/371 233/233/371
f 232/232/372 241/241/372 242/242/372
f 233/233/373 243/243/373 234/234/373
f 233/233/374 242/242/374 243/243/374
f 234/234/375 244/244/375 235/235/375
f 234/234/376 243/243/376 244/244/376
f 235/235/377 245/245/377 236/236/377
f 235/235/378 244/244/378 245/245/378
f 236/236/379 246/246/379 237/237/379
f 236/236/380 245/245/380 246/246/380
f 237/237/381 238/238/381 229/229/381
f 237/237/382 246/246/382 238/238/382
f 238/238/383 248/248/383 239/239/383
f 238/238/384 247/247/384 248/248/384
f 239/239/385 249/249/385 240/240/385
f 239/239/386 248/248/386 249/249/386
f 240/240/387 250/250/387 241/241/387
f 240/240/388 249/249/388 250/250/388
f 241/241/389 251/251/389 242/242/389
f 241/241/390 250/250/390 251/251/390
f 242/242/391 252/252/391 243/243/391
f 242/242/392 251/251/392 252/252/392
f 243/243/393 253/253/393 244/244/393
f 243/243/394 252/252/394 253/253/394
f 244/244/395 254/254/395 245/245/395
f 244/244/396 253/253/396 254/254/396
f 245/245/397 255/255/397 246/246/397
f 245/245/398 254/254/398 255/255/398
f 246/246/399 247/247/399 238/238/399
f 246/246/400 255/255/400 247/247/400
f 247/247/401 257/257/401 248/248/401
f 247/247/402 256/256/402 257/257/402
f 248/248/403 258/258/403 249/249/403
f 248/248/404 257/257/404 258/258/404
f 249/249/405 259/259/405 250/250/405
f 249/249/406 258/258/406 259/259/406
f 250/250/407 260/260/407 251/251/407
f 250/250/408 259/259/408 260/260/408
f 251/251/409 261/261/409 252/252/409
f 251/251/410 260/260/410 261/261/410
f 252/252/411 262/262/411 253/253/411
f 252/252/412 261/261/412 262/262/412
f 253/253/413 263/263/413 254/254/413
f 253/253/414 262/262/414 263/263/414
f 254/254/415 264/264/415 255/255/415
f 254/254/416 263/263/416 264/264/416
f 255/255/417 256/256/417 247/247/417
f 255/255/418 264/264/418 256/256/418
f 256/256/419 258/258/419 257/257/419
f 256/256/419 259/259/419 258/258/419
f 256/256/419 260/260/419 259/259/419
f 256/256/419 261/261/419 260/260/419
f 256/256/419 262/262/419 261/261/419
f 256/256/419 263/263/419 262/262/419
f 256/256/419 264/264/419 263/263/419
f 237/237/420 235/235/420 236/236/420
f 237/237/420 234/234/420 235/235/420
f 237/237/420 233/233/420 234/234/420
f 237/237/420 232/232/420 233/233/420
f 237/237/420 231/231/420 232/232/420
f 237/237/420 230/230/420 231/231/420
f 237/237/420 229/229/420 230/230/420
f 265/265/421 276/276/421 266/266/421
f 265/265/422 275/275/422 276/276/422
f 266/266/423 277/277/423 267/267/423
f 266/266/424 276/276/424 277/277/424
f 267/267/425 278/278/425 268/268/425
f 267/267/426 277/277/426 278/278/426
f 268/268/427 279/279/427 269/269/427
f 268/268/428 278/278/428 279/279/428
f 269/269/429 280/280/429 270/270/429
f 269/269/430 279/279/430 280/280/430
f 270/270/431 281/281/431 271/271/431
f 270/270/432 280/280/432 281/281/432
f 271/271/433 282/282/433 272/272/433
f 271/271/434 281/281/434 282/282/434
f 272/272/435 283/283/435 273/273/435
f 272/272/436 282/282/436 283/283/436
f 273/273/437 284/284/437 274/274/437
f 273/273/438 283/283/438 284/284/438
f 274/274/439 275/275/439 265/265/439
f 274/274/440 284/284/440 275/275/440
f 275/275/441 286/286/441 276/276/441
f 275/275/442 285/285/442 286/286/442
f 276/276/443 287/287/443 277/277/443
f 276/276/444 286/286/444 287/287/444
f 277/277/445 288/288/445 278/278/445
f 277/277/446 287/287/446 288/288/446
f 278/278/447 289/289/447 279/279/447
f 278/278/448 288/288/448 289/289/448
f 279/279/449 290/290/449 280/280/449
f 279/279/450 289/289/450 290/290/450
f 280/280/451 291/291/451 281/281/451
f 280/280/452 290/290/452 291/291/452
f 281/281/453 292/292/453 282/282/453
f 281/281/454 291/291/454 292/292/454
f 282/282/455 293/293/455 283/283/455
f 282/282/456 292/292/456 293/293/456
f 283/283/457 294/294/457 284/284/457
f 283/283/458 293/293/458 294/294/458
f 284/284/459 285/285/459 275/275/459
f 284/284/460 294/294/460 285/285/460
f 285/285/461 296/296/461 286/286/461
f 285/285/462 295/295/462 296/296/462
f 286/286/463 297/297/463 287/287/463
f 286/286/464 296/296/464 297/297/464
f 287/287/465 298/298/465 288/288/465
f 287/287/466 297/297/466 298/298/466
f 288/288/467 299/299/467 289/289/467
f 288/288/468 298/298/468 299/299/468
f 289/289/469 300/300/469 290/290/469
f 289/289/470 299/299/470 300/300/470
f 290/290/471 301/301/471 291/291/471
f 290/290/472 300/300/472 301/301/472
f 291/291/473 302/302/473 292/292/473
f 291/291/474 301/301/474 302/302/474
f 292/292/475 303/303/475 293/293/475
f 292/292/476 302/302/476 303/303/476
f 293/293/477 304/304/477 294/294/477
f 293/293/478 303/303/478 304/304/478
f 294/294/479 295/295/479 285/285/479
f 294/294/480 304/304/480 295/295/480
f 295/295/481 297/297/481 296/296/481
f 295/295/481 298/298/481 297/297/481
f 295/295/481 299/299/481 298/298/481
f 295/295/481 300/300/481 299/299/481
f 295/295/481 301/301/481 300/300/481
f 295/295/481 302/302/481 301/301/481
f 295/295/481 303/303/481 302/302/481
f 295/295/481 304/304/481 303/303/481
f 274/274/482 272/272/482 273/273/482
f 274/274/482 271/271/482 272/272/482
f 274/274/482 270/270/482 271/271/482
f 274/274/482 269/269/482 270/270/482
f 274/274/482 268/268/482 269/269/482
f 274/274/482 267/267/482 268/268/482
f 274/274/482 266/266/482 267/267/482
f 274/274/482 265/265/482 266/266/482
f 305/305/483 315/315/483 306/306/483
f 305/305/484 314/314/484 315/315/484
f 306/306/485 316/316/485 307/307/485
f 306/306/486 315/315/486 316/316/486
f 307/307/487 317/317/487 308/308/487
f 307/307/488 316/316/488 317/317/488
f 308/308/489 318/318/489 309/309/489
f 308/308/490 317/317/490 318/318/490
f 309/309/491 319/319/491 310/310/491
f 309/309/492 318/318/492 319/319/492
f 310/310/493 320/320/493 311/311/493
f 310/310/494 319/319/494 320/320/494
f 311/311/495 321/321/495 312/312/495
f 311/311/496 320/320/496 321/321/496
f 312/312/497 322/322/497 313/313/497
f 312/312/498 321/321/498 322/322/498
f 313/313/499 314/314/499 305/305/499
f 313/313/500 322/322/500 314/314/500
f 314/314/501 324/324/501 315/315/501
f 314/314/502 323/323/502 324/324/502
f 315/315/503 325/325/503 316/316/503
f 315/315/504 324/324/504 325/325/504
f 316/316/505 326/326/505 317/317/505
f 316/316/506 325/325/506 326/326/506
f 317/317/507 327/327/507 318/318/507
f 317/317/508 326/326/508 327/327/508
f 318/318/509 328/328/509 319/319/509
f 318/318/510 327/327/510 328/328/510
f 319/319/511 329/329/511 320/320/511
f 319/319/512 328/328/512 329/329/512
f 320/320/513 330/330/513 321/321/513
f 320/320/514 329/329/514 330/330/514
f 321/321/515 331/331/515 322/322/515
f 321/321/516 330/330/516 331/331/516
f 322/322/517 323/323/517 314/314/517
f 322/322/518 331/331/518 323/323/518
f 323/323/519 333/333/519 324/324/519
f 323/323/520 332/332/520 333/333/520
f 324/324/521 334/334/521 325/325/521
f 324/324/522 333/333/522 334/334/522
f 325/325/523 335/335/523 326/326/523
f 325/325/524 334/334/524 335/335/524
f 326/326/525 336/336/525 327/327/525
f 326/326/526 335/335/526 336/336/526
f 327/327/527 337/337/527 328/328/527
f 327/327/528 336/336/528 337/337/528
f 328/328/529 338/338/529 329/329/529
f 328/328/530 337/337/530 338/338/530
f 329/329/531 339/339/531 330/330/531
f 329/329/532 338/338/532 339/339/532
f 330/330/533 340/340/533 331/331/533
f 330/330/534 339/339/534 340/340/534
f 331/331/535 332/332/535 323/323/535
f 331/331/536 340/340/536 332/332/536
f 332/332/537 334/334/537 333/333/537
f 332/332/537 335/335/537 334/334/537
f 332/332/537 336/336/537 335/335/537
f 332/332/537 337/337/537 336/336/537
f 332/332/537 338/338/537 337/337/537
f 332/332/537 339/339/537 338/338/537
f 332/332/537 340/340/537 339/339/537
f 313/313/538 311/311/538 312/312/538
f 313/313/538 310/310/538 311/311/538
f 313/313/538 309/309/538 310/310/538
f 313/313/538 308/308/538 309/309/538
f 313/313/538 307/307/538 308/308/538
f 313/313/538 306/306/538 307/307/538
f 313/313/538 305/305/538 306/306/538
f 341/341/539 351/351/539 342/342/539
f 341/341/540 350/350/540 351/351/540
f 342/342/541 352/352/541 343/343/541
f 342/342/542 351/351/542 352/352/542
f 343/343/543 353/353/543 344/344/543
f 343/343/544 352/352/544 353/353/544
f 344/344/545 354/354/545 345/345/545
f 344/344/546 353/353/546 354/354/546
f 345/345/547 355/355/547 346/346/547
f 345/345/548 354/354/548 355/355/548
f 346/346/549 356/356/549 347/347/549
f 346/346/550 355/355/550 356/356/550
f 347/347/551 357/357/551 348/348/551
f 347/347/552 356/356/552 357/357/552
f 348/348/553 358/358/553 349/349/553
f 348/348/554 357/357/554 358/358/554
f 349/349/555 350/350/555 341/341/555
f 349/349/556 358/358/556 350/350/556
f 350/350/557 360/360/557 351/351/557
f 350/350/558 359/359/558 360/360/558
f 351/351/559 361/361/559 352/352/559
f 351/351/560 360/360/560 361/361/560
f 352/352/561 362/362/561 353/353/561
f 352/352/562 361/361/562 362/362/562
f 353/353/563 363/363/563 354/354/563
f 353/353/564 362/362/564 363/363/564
f 354/354/565 364/364/565 355/355/565
f 354/354/566 363/363/566 364/364/566
f 355/355/567 365/365/567 356/356/567
f 355/355/568 364/364/568 365/365/568
f 356/356/569 366/366/569 357/357/569
f 356/356/570 365/365/570 366/366/570
f 357/357/571 367/367/571 358/358/571
f 357/357/572 366/366/572 367/367/572
f 358/358/573 359/359/573 350/350/573
f 358/358/574 367/367/574 359/359/574
f 359/359/575 369/369/575 360/360/575
f 359/359/576 368/368/576 369/369/576
f 360/360/577 370/370/577 361/361/577
f 360/360/578 369/369/578 370/370/578
f 361/361/579 371/371/579 362/362/579
f 361/361/580 370/370/580 371/371/580
f 362/362/581 372/372/581 363/363/581
f 362/362/582 371/371/582 372/372/582
f 363/363/583 373/373/583 364/364/583
f 363/363/584 372/372/584 373/373/584
f 364/364/585 374/374/585 365/365/585
f 364/364/586 373/373/586 374/374/586
f 365/365/587 375/375/587 366/366/587
f 365/365/588 374/374/588 375/375/588
f 366/366/589 376/376/589 367/367/589
f 366/366/590 375/375/590 376/376/590
f 367/367/591 368/368/591 359/359/591
f 367/367/592 376/376/592 368/368/592
f 368/368/593 370/370/593 369/369/593
f 368/368/593 371/371/593 370/370/593
f 368/368/593 372/372/593 371/371/593
f 368/368/593 373/373/593 372/372/593
f 368/368/593 374/374/593 373/373/593
f 368/368/593 375/375/593 374/374/593
f 368/368/593 376/376/593 375/375/593
f 349/349/594 347/347/594 348/348/594
f 349/349/594 346/346/594 347/347/594
f 349/349/594 345/345/594 346/346/594
f 349/349/594 344/344/594 345/345/594
f 349/349/594 343/343/594 344/344/594
f 349/349/594 342/342/594 343/343/594
f 349/349/594 341/341/594 342/342/594
f 377/377/595 387/387/595 378/378/595
f 377/377/596 386/386/596 387/387/596
f 378/378/597 388/388/597 379/379/597
f 378/378/598 387/387/598 388/388/598
f 379/379/599 389/389/599 380/380/599
f 379/379/600 388/388/600 389/389/600
f 380/380/601 390/390/601 381/381/601
f 380/380/602 389/389/602 390/390/602
f 381/381/603 391/391/603 382/382/603
f 381/381/604 390/390/604 391/391/604
f 382/382/605 392/392/605 383/383/605
f 382/382/606 391/391/606 392/392/606
f 383/383/607 393/393/607 384/384/607
f 383/383/608 392/392/608 393/393/608
f 384/384/609 394/394/609 385/385/609
f 384/384/610 393/393/610 394/394/610
f 385/385/611 386/386/611 377/377/611
f 385/385/612 394/394/612 386/386/612
f 386/386/613 396/396/613 387/387/613
f 386/386/614 395/395/614 396/396/614
f 387/387/615 397/397/615 388/388/615
f 387/387/616 396/396/616 397/397/616
f 388/388/617 398/398/617 389/389/617
f 388/388/618 397/397/618 398/398/618
f 389/389/619 399/399/619 390/390/619
f 389/389/620 398/398/620 399/399/620
f 390/390/621 400/400/621 391/391/621
f 390/390/622 399/399/622 400/400/622
f 391/391/623 401/401/623 392/392/623
f 391/391/624 400/400/624 401/401/624
f 392/392/625 402/402/625 393/393/625
f 392/392/626 401/401/626 402/402/626
f 393/393/627 403/403/627 394/394/627
f 393/393/628 402/402/628 403/403/628
f 394/394/629 395/395/629 386/386/629
f 394/394/630 403/403/630 395/395/630
f 395/395/631 405/405/631 396/396/631
f 395/395/632 404/404/632 405/405/632
f 396/396/633 406/406/633 397/397/633
f 396/396/634 405/405/634 406/406/634
f 397/397/635 407/407/635 398/398/635
f 397/397/636 406/406/636 407/407/636
f 398/398/637 408/408/637 399/399/637
f 398/398/638 407/407/638 408/408/638
f 399/399/639 409/409/639 400/400/639
f 399/399/640 408/408/640 409/409/640
f 400/400/641 410/410/641 401/401/641
f 400/400/642 409/409/642 410/410/642
f 401/401/643 411/411/643 402/402/643
f 401/401/644 410/410/644 411/411/644
f 402/402/645 412/412/645 403/403/645
f 402/402/646 411/411/646 412/412/646
f 403/403/647 404/404/647 395/395/647
f 403/403/648 412/412/648 404/404/648
f 404/404/649 406/406/649 405/405/649
f 404/404/649 407/407/649 406/406/649
f 404/404/649 408/408/649 407/407/649
f 404/404/649 409/409/649 408/408/649
f 404/404/649 410/410/649 409/409/649
f 404/404/649 411/411/649 410/410/649
f 404/404/649 412/412/649 411/411/649
f 385/385/650 383/383/650 384/384/650
f 385/385/650 382/382/650 383/383/650
f 385/385/650 381/381/650 382/382/650
f 385/385/650 380/380/650 381/381/650
f 385/385/650 379/379/650 380/380/650
f 385/385/650 378/378/650 379/379/650
f 385/385/650 377/377/650 378/378/650
f 413/413/651 424/424/651 414/414/651
f 413/413/652 423/423/652 424/424/652
f 414/414/653 425/425/653 415/415/653
f 414/414/654 424/424/654 425/425/654
f 415/415/655 426/426/655 416/416/655
f 415/415/656 425/425/656 426/426/656
f 416/416/657 427/427/657 417/417/657
f 416/416/658 426/426/658 427/427/658
f 417/417/659 428/428/659 418/418/659
f 417/417/660 427/427/660 428/428/660
f 418/418/661 429/429/661 419/419/661
f 418/418/662 428/428/662 429/429/662
f 419/419/663 430/430/663 420/420/663
f 419/419/664 429/429/664 430/430/664
f 420/420/665 431/431/665 421/421/665
f 420/420/666 430/430/666 431/431/666
f 421/421/667 432/432/667 422/422/667
f 421/421/668 431/431/668 432/432/668
f 422/422/669 423/423/669 413/413/669
f 422/422/670 432/432/670 423/423/670
f 423/423/671 434/434/671 424/424/671
f 423/423/672 433/433/672 434/434/672
f 424/424/673 435/435/673 425/425/673
f 424/424/674 434/434/674 435/435/674
f 425/425/675 436/436/675 426/426/675
f 425/425/676 435/435/676 436/436/676
f 426/426/677 437/437/677 427/427/677
f 426/426/678 436/436/678 437/437/678
f 427/427/679 438/438/679 428/428/679
f 427/427/680 437/437/680 438/438/680
f 428/428/681 439/439/681 429/429/681
f 428/428/682 438/438/682 439/439/682
f 429/429/683 440/440/683 430/430/683
f 429/429/684 439/439/684 440/440/684
f 430/430/685 441/441/685 431/431/685
f 430/430/686 440/440/686 441/441/686
f 431/431/687 442/442/687 432/432/687
f 431/431/688 441/441/688 442/442/688
f 432/432/689 433/433/689 423/423/689
f 432/432/690 442/442/690 433/433/690
f 433/433/691 444/444/691 434/434/691
f 433/433/692 443/443/692 444/444/692
f 434/434/693 445/445/693 435/435/693
f 434/434/694 444/444/694 445/445/694
f 435/435/695 446/446/695 436/436/695
f 435/435/696 445/445/696 446/446/696
f 436/436/697 447/447/697 437/437/697
f 436/436/698 446/446/698 447/447/698
f 437/437/699 448/448/699 438/438/699
f 437/437/700 447/447/700 448/448/700
f 438/438/701 449/449/701 439/439/701
f 438/438/702 448/448/702 449/449/702
f 439/439/703 450/450/703 440/440/703
f 439/439/704 449/449/704 450/450/704
f 440/440/705 451/451/705 441/441/705
f 440/440/706 450/450/706 451/451/706
f 441/441/707 452/452/707 442/442/707
f 441/441/708 451/451/708 452/452/708
f 442/442/709 443/443/709 433/433/709
f 442/442/710 452/452/710 443/443/710
f 443/443/711 445/445/711 444/444/711
f 443/443/711 446/446/711 445/445/711
f 443/443/711 447/447/711 446/446/711
f 443/443/711 448/448/711 447/447/711
f 443/443/711 449/449/711 448/448/711
f 443/443/711 450/450/711 449/449/711
f 443/443/711 451/451/711 450/450/711
f 443/443/711 452/452/711 451/451/711
f 422/422/712 420/420/712 421/421/712
f 422/422/712 419/419/712 420/420/712
f 422/422/712 418/418/712 419/419/712
f 422/422/712 417/417/712 418/418/712
f 422/422/712 416/416/712 417/417/712
f 422/422/712 415/415/712 416/416/712
f 422/422/712 414/414/712 415/415/712
f 422/422/712 413/413/712 414/414/712
f 453/453/713 463/463/713 454/454/713
f 453/453/714 462/462/714 463/463/714
f 454/454/715 464/464/715 455/455/715
f 454/454/716 463/463/716 464/464/716
f 455/455/717 465/465/717 456/456/717
f 455/455/718 464/464/718 465/465/718
f 456/456/719 466/466/719 457/457/719
f 456/456/720 465/465/720 466/466/720
f 457/457/721 467/467/721 458/458/721
f 457/457/722 466/466/722 467/467/722
f 458/458/723 468/468/723 459/459/723
f 458/458/724 467/467/724 468/468/724
f 459/459/725 469/469/725 460/460/725
f 459/459/726 468/468/726 469/469/726
f 460/460/727 470/470/727 461/461/727
f 460/460/728 469/469/728 470/470/728
f 461/461/729 462/462/729 453/453/729
f 461/461/730 470/470/730 462/462/730
f 462/462/731 472/472/731 463/463/731
f 462/462/732 471/471/732 472/472/732
f 463/463/733 473/473/733 464/464/733
f 463/463/734 472/472/734 473/473/734
f 464/464/735 474/474/735 465/465/735
f 464/464/736 473/473/736 474/474/736
f 465/465/737 475/475/737 466/466/737
f 465/465/738 474/474/738 475/475/738
f 466/466/739 476/476/739 467/467/739
f 466/466/740 475/475/740 476/476/740
f 467/467/741 477/477/741 468/468/741
f 467/467/742 476/476/742 477/477/742
f 468/468/743 478/478/743 469/469/743
f 468/468/744 477/477/744 478/478/744
f 469/469/745 479/479/745 470/470/745
f 469/469/746 478/478/746 479/479/746
f 470/470/747 471/471/747 462/462/747
f 470/470/748 479/479/748 471/471/748
f 471/471/749 481/481/749 472/472/749
f 471/471/750 480/480/750 481/481/750
f 472/472/751 482/482/751 473/473/751
f 472/472/752 481/481/752 482/482/752
f 473/473/753 483/483/753 474/474/753
f 473/473/754 482/482/754 483/483/754
f 474/474/755 484/484/755 475/475/755
f 474/474/756 483/483/756 484/484/756
f 475/475/757 485/485/757 476/476/757
f 475/475/758 484/484/758 485/485/758
f 476/476/759 486/486/759 477/477/759
f 476/476/760 485/485/760 486/486/760
f 477/477/761 487/487/761 478/478/761
f 477/477/762 486/486/762 487/487/762
f 478/478/763 488/488/763 479/479/763
f 478/478/764 487/487/764 488/488/764
f 479/479/765 480/480/765 471/471/765
f 479/479/766 488/488/766 480/480/766
f 480/480/767 482/482/767 481/481/767
f 480/480/767 483/483/767 482/482/767
f 480/480/767 484/484/767 483/483/767
f 480/480/767 485/485/767 484/484/767
f 480/480/767 486/486/767 485/485/767
f 480/480/767 487/487/767 486/486/767
f 480/480/767 488/488/767 487/487/767
f 461/461/768 459/459/768 460/460/768
f 461/461/768 458/458/768 459/459/768
f 461/461/768 457/457/768 458/458/768
f 461/461/768 456/456/768 457/457/768
f 461/461/768 455/455/768 456/456/768
f 461/461/768 454/454/768 455/455/768
f 461/461/768 453/453/768 454/454/768
f 489/489/769 499/499/769 490/490/769
f 489/489/770 498/498/770 499/499/770
f 490/490/771 500/500/771 491/491/771
f 490/490/772 499/499/772 500/500/772
f 491/491/773 501/501/773 492/492/773
f 491/491/774 500/500/774 501/501/774
f 492/492/775 502/502/775 493/493/775
f 492/492/776 501/501/776 502/502/776
f 493/493/777 503/503/777 494/494/777
f 493/493/778 502/502/778 503/503/778
f 494/494/779 504/504/779 495/495/779
f 494/494/780 503/503/780 504/504/780
f 495/495/781 505/505/781 496/496/781
f 495/495/782 504/504/782 505/505/782
f 496/496/783 506/506/783 497/497/783
f 496/496/784 505/505/784 506/506/784
f 497/497/785 498/498/785 489/489/785
f 497/497/786 506/506/786 498/498/786
f 498/498/787 508/508/787 499/499/787
f 498/498/788 507/507/788 508/508/788
f 499/499/789 509/509/789 500/500/789
f 499/499/790 508/508/790 509/509/790
f 500/500/791 510/510/791 501/501/791
f 500/500/792 509/509/792 510/510/792
f 501/501/793 511/511/793 502/502/793
f 501/501/794 510/510/794 511/511/794
f 502/502/795 512/512/795 503/503/795
f 502/502/796 511/511/796 512/512/796
f 503/503/797 513/513/797 504/504/797
f 503/503/798 512/512/798 513/513/798
f 504/504/799 514/514/799 505/505/799
f 504/504/800 513/513/800 514/514/800
f 505/505/801 515/515/801 506/506/801
f 505/505/802 514/514/802 515/515/802
f 506/506/803 507/507/803 498/498/803
f 506/506/804 515/515/804 507/507/804
f 507/507/805 517/517/805 508/508/805
f 507/507/806 516/516/806 517/517/806
f 508/508/807 518/518/807 509/509/807
f 508/508/808 517/517/808 518/518/808
f 509/509/809 519/519/809 510/510/809
f 509/509/810 518/518/810 519/519/810
f 510/510/811 520/520/811 511/511/811
f 510/510/812 519/519/812 520/520/812
f 511/511/813 521/521/813 512/512/813
f 511/511/814 520/520/814 521/521/814
f 512/512/815 522/522/815 513/513/815
f 512/512/816 521/521/816 522/522/816
f 513/513/817 523/523/817 514/514/817
f 513/513/818 522/522/818 523/523/818
f 514/514/819 524/524/819 515/515/819
f 514/514/820 523/523/820 524/524/820
f 515/515/821 516/516/821 507/507/821
f 515/515/822 524/524/822 516/516/822
f 516/516/823 518/518/823 517/517/823
f 516/516/823 519/519/823 518/518/823
f 516/516/823 520/520/823 519/519/823
f 516/516/823 521/521/823 520/520/823
f 516/516/823 522/522/823 521/521/823
f 516/516/823 523/523/823 522/522/823
f 516/516/823 524/524/823 523/523/823
f 497/497/824 495/495/824 496/496/824
f 497/497/824 494/494/824 495/495/824
f 497/497/824 493/493/824 494/494/824
f 497/497/824 492/492/824 493/493/824
f 497/497/824 491/491/824 492/492/824
f 497/497/824 490/490/824 491/491/824
f 497/497/824 489/489/824 490/490/824
f 525/525/825 535/535/825 526/526/825
f 525/525/826 534/534/826 535/535/826
f 526/526/827 536/536/827 527/527/827
f 526/526/828 535/535/828 536/536/828
f 527/527/829 537/537/829 528/528/829
f 527/527/830 536/536/830 537/537/830
f 528/528/831 538/538/831 529/529/831
f 528/528/832 537/537/832 538/538/832
f 529/529/833 539/539/833 530/530/833
f 529/529/834 538/538/834 539/539/834
f 530/530/835 540/540/835 531/531/835
f 530/530/836 539/539/836 540/540/836
f 531/531/837 541/541/837 532/532/837
f 531/531/838 540/540/838 541/541/838
f 532/532/839 542/542/839 533/533/839
f 532/532/840 541/541/840 542/542/840
f 533/533/841 534/534/841 525/525/841
f 533/533/842 542/542/842 534/534/842
f 534/534/843 544/544/843 535/535/843
f 534/534/844 543/543/844 544/544/844
f 535/535/845 545/545/845 536/536/845
f 535/535/846 544/544/846 545/545/846
f 536/536/847 546/546/847 537/537/847
f 536/536/848 545/545/848 546/546/848
f 537/537/849 547/547/849 538/538/849
f 537/537/850 546/546/850 547/547/850
f 538/538/851 548/548/851 539/539/851
f 538/538/852 547/547/852 548/548/852
f 539/539/853 549/549/853 540/540/853
f 539/539/854 548/548/854 549/549/854
f 540/540/855 550/550/855 541/541/855
f 540/540/856 549/549/856 550/550/856
f 541/541/857 551/551/857 542/542/857
f 541/541/858 550/550/858 551/551/858
f 542/542/859 543/543/859 534/534/859
f 542/542/860 551/551/860 543/543/860
f 543/543/861 553/553/861 544/544/861
f 543/543/862 552/552/862 553/553/862
f 544/544/863 554/554/863 545/545/863
f 544/544/864 553/553/864 554/554/864
f 545/545/865 555/555/865 546/546/865
f 545/545/866 554/554/866 555/555/866
f 546/546/867 556/556/867 547/547/867
f 546/546/868 555/555/868 556/556/868
f 547/547/869 557/557/869 548/548/869
f 547/547/870 556/556/870 557/557/870
f 548/548/871 558/558/871 549/549/871
f 548/548/872 557/557/872 558/558/872
f 549/549/873 559/559/873 550/550/873
f 549/549/874 558/558/874 559/559/874
f 550/550/875 560/560/875 551/551/875
f 550/550/876 559/559/876 560/560/876
f 551/551/877 552/552/877 543/543/877
f 551/551/878 560/560/878 552/552/878
f 552/552/879 554/554/879 553/553/879
f 552/552/879 555/555/879 554/554/879
f 552/552/879 556/556/879 555/555/879
f 552/552/879 557/557/879 556/556/879
f 552/552/879 558/558/879 557/557/879
f 552/552/879 559/559/879 558/558/879
f 552/552/879 560/560/879 559/559/879
f 533/533/880 531/531/880 532/532/880
f 533/533/880 530/530/880 531/531/880
f 533/533/880 529/529/880 530/530/880
f 533/533/880 528/528/880 529/529/880
f 533/533/880 527/527/880 528/528/880
f 533/533/880 526/526/880 527/527/880
f 533/533/880 525/525/880 526/526/880
f 561/561/881 573/573/881 562/562/881
f 561/561/882 572/572/882 573/573/882
f 562/562/883 574/574/883 563/563/883
f 562/562/884 573/573/884 574/574/884
f 563/563/885 575/575/885 564/564/885
f 563/563/886 574/574/886 575/575/886
f 564/564/887 576/576/887 565/565/887
f 564/564/888 575/575/888 576/576/888
f 565/565/889 577/577/889 566/566/889
f 565/565/890 576/576/890 577/577/890
f 566/566/891 578/578/891 567/567/891
f 566/566/892 577/577/892 578/578/892
f 567/567/893 579/579/893 568/568/893
f 567/567/894 578/578/894 579/579/894
f 568/568/895 580/580/895 569/569/895
f 568/568/896 579/579/896 580/580/896
f 569/569/897 581/581/897 570/570/897
f 569/569/898 580/580/898 581/581/898
f 570/570/899 582/582/899 571/571/899
f 570/570/900 581/581/900 582/582/900
f 571/571/901 572/572/901 561/561/901
f 571/571/902 582/582/902 572/572/902
f 572/572/903 584/584/903 573/573/903
f 572/572/904 583/583/904 584/584/904
f 573/573/905 585/585/905 574/574/905
f 573/573/906 584/584/906 585/585/906
f 574/574/907 586/586/907 575/575/907
f 574/574/908 585/585/908 586/586/908
f 575/575/909 587/587/909 576/576/909
f 575/575/910 586/586/910 587/587/910
f 576/576/911 588/588/911 577/577/911
f 576/576/912 587/587/912 588/588/912
f 577/577/913 589/589/913 578/578/913
f 577/577/914 588/588/914 589/589/914
f 578/578/915 590/590/915 579/579/915
f 578/578/916 589/589/916 590/590/916
f 579/579/917 591/591/917 580/580/917
f 579/579/918 590/590/918 591/591/918
f 580/580/919 592/592/919 581/581/919
f 580/580/920 591/591/920 592/592/920
f 581/581/921 593/593/921 582/582/921
f 581/581/922 592/592/922 593/593/922
f 582/582/923 583/583/923 572/572/923
f 582/582/924 593/593/924 583/583/924
f 583/583/925 595/595/925 584/584/925
f 583/583/926 594/594/926 595/595/926
f 584/584/927 596/596/927 585/585/927
f 584/584/928 595/595/928 596/596/928
f 585/585/929 597/597/929 586/586/929
f 585/585/930 596/596/930 597/597/930
f 586/586/931 598/598/931 587/587/931
f 586/586/932 597/597/932 598/598/932
f 587/587/933 599/599/933 588/588/933
f 587/587/934 598/598/934 599/599/934
f 588/588/935 600/600/935 589/589/935
f 588/588/936 599/599/936 600/600/936
f 589/589/937 601/601/937 590/590/937
f 589/589/938 600/600/938 601/601/938
f 590/590/939 602/602/939 591/591/939
f 590/590/940 601/601/940 602/602/940
f 591/591/941 603/603/941 592/592/941
f 591/591/942 602/602/942 603/603/942
f 592/592/943 604/604/943 593/593/943
f 592/592/944 603/603/944 604/604/944
f 593/593/945 594/594/945 583/583/945
f 593/593/946 604/604/946 594/594/946
f 594/594/947 596/596/947 595/595/947
f 594/594/947 597/597/947 596/596/947
f 594/594/947 598/598/947 597/597/947
f 594/594/947 599/599/947 598/598/947
f 594/594/947 600/600/947 599/599/947
f 594/594/947 601/601/947 600/600/947
f 594/594/947 602/602/947 601/601/947
f 594/594/947 603/603/947 602/602/947
f 594/594/947 604/604/947 603/603/947
f 571/571/948 569/569/948 570/570/948
f 571/571/948 568/568/948 569/569/948
f 571/571/948 567/567/948 568/568/948
f 571/571/948 566/566/948 567/567/948
f 571/571/948 565/565/948 566/566/948
f 571/571/948 564/564/948 565/565/948
f 571/571/948 563/563/948 564/564/948
f 571/571/948 562/562/948 563/563/948
f 571/571/948 561/561/948 562/562/948
f 605/605/949 616/616/949 606/606/949
f 605/605/950 615/615/950 616/616/950
f 606/606/951 617/617/951 607/607/951
f 606/606/952 616/616/952 617/617/952
f 607/607/953 618/618/953 608/608/953
f 607/607/954 617/617/954 618/618/954
f 608/608/955 619/619/955 609/609/955
f 608/608/956 618/618/956 619/619/956
f 609/609/957 620/620/957 610/610/957
f 609/609/958 619/619/958 620/620/958
f 610/610/959 621/621/959 611/611/959
f 610/610/960 620/620/960 621/621/960
f 611/611/961 622/622/961 612/612/961
f 611/611/962 621/621/962 622/622/962
f 612/612/963 623/623/963 613/613/963
f 612/612/964 622/622/964 623/623/964
f 613/613/965 624/624/965 614/614/965
f 613/613/966 623/623/966 624/624/966
f 614/614/967 615/615/967 605/605/967
f 614/614/968 624/624/968 615/615/968
f 615/615/969 626/626/969 616/616/969
f 615/615/970 625/625/970 626/626/970
f 616/616/971 627/627/971 617/617/971
f 616/616/972 626/626/972 627/627/972
f 617/617/973 628/628/973 618/618/973
f 617/617/974 627/627/974 628/628/974
f 618/618/975 629/629/975 619/619/975
f 618/618/976 628/628/976 629/629/976
f 619/619/977 630/630/977 620/620/977
f 619/619/978 629/629/978 630/630/978
f 620/620/979 631/631/979 621/621/979
f 620/620/980 630/630/980 631/631/980
f 621/621/981 632/632/981 622/622/981
f 621/621/982 631/631/982 632/632/982
f 622/622/983 633/633/983 623/623/983
f 622/622/984 632/632/984 633/633/984
f 623/623/985 634/634/985 624/624/985
f 623/623/986 633/633/986 634/634/986
f 624/624/987 625/625/987 615/615/987
f 624/624/988 634/634/988 625/625/988
f 625/625/989 636/636/989 626/626/989
f 625/625/990 635/635/990 636/636/990
f 626/626/991 637/637/991 627/627/991
f 626/626/992 636/636/992 637/637/992
f 627/627/993 638/638/993 628/628/993
f 627/627/994 637/637/994 638/638/994
f 628/628/995 639/639/995 629/629/995
f 628/628/996 638/638/996 639/639/996
f 629/629/997 640/640/997 630/630/997
f 629/629/998 639/639/998 640/640/998
f 630/630/999 641/641/999 631/631/999
f 630/630/1000 640/640/1000 641/641/1000
f 631/631/1001 642/642/1001 632/632/1001
f 631/631/1002 641/641/1002 642/642/1002
f 632/632/1003 643/643/1003 633/633/1003
f 632/632/1004 642/642/1004 643/643/1004
f 633/633/1005 644/644/1005 634/634/1005
f 633/633/1006 643/643/1006 644/644/1006
f 634/634/1007 635/635/1007 625/625/1007
f 634/634/1008 644/644/1008 635/635/1008
f 635/635/1009 637/637/1009 636/636/1009
f 635/635/1009 638/638/1009 637/637/1009
f 635/635/1009 639/639/1009 638/638/1009
f 635/635/1009 640/640/1009 639/639/1009
f 635/635/1009 641/641/1009 640/640/1009
f 635/635/1009 642/642/1009 641/641/1009
f 635/635/1009 643/643/1009 642/642/1009
f 635/635/1009 644/644/1009 643/643/1009
f 614/614/1010 612/612/1010 613/613/1010
f 614/614/1010 611/611/1010 612/612/1010
f 614/614/1010 610/610/1010 611/611/1010
f 614/614/1010 609/609/1010 610/610/1010
f 614/614/1010 608/608/1010 609/609/1010
f 614/614/1010 607/607/1010 608/608/1010
f 614/614/1010 606/606/1010 607/607/1010
f 614/614/1010 605/605/1010 606/606/1010
f 645/645/1011 655/655/1011 646/646/1011
f 645/645/1012 654/654/1012 655/655/1012
f 646/646/1013 656/656/1013 647/647/1013
f 646/646/1014 655/655/1014 656/656/1014
f 647/647/1015 657/657/1015 648/648/1015
f 647/647/1016 656/656/1016 657/657/1016
f 648/648/1017 658/658/1017 649/649/1017
f 648/648/1018 657/657/1018 658/658/1018
f 649/649/1019 659/659/1019 650/650/1019
f 649/649/1020 658/658/1020 659/659/1020
f 650/650/1021 660/660/1021 651/651/1021
f 650/650/1022 659/659/1022 660/660/1022
f 651/651/1023 661/661/1023 652/652/1023
f 651/651/1024 660/660/1024 661/661/1024
f 652/652/1025 662/662/1025 653/653/1025
f 652/652/1026 661/661/1026 662/662/1026
f 653/653/1027 654/654/1027 645/645/1027
f 653/653/1028 662/662/1028 654/654/1028
f 654/654/1029 664/664/1029 655/655/1029
f 654/654/1030 663/663/1030 664/664/1030
f 655/655/1031 665/665/1031 656/656/1031
f 655/655/1032 664/664/1032 665/665/1032
f 656/656/1033 666/666/1033 657/657/1033
f 656/656/1034 665/665/1034 666/666/1034
f 657/657/1035 667/667/1035 658/658/1035
f 657/657/1036 666/666/1036 667/667/1036
f 658/658/1037 668/668/1037 659/659/1037
f 658/658/1038 667/667/1038 668/668/1038
f 659/659/1039 669/669/1039 660/660/1039
f 659/659/1040 668/668/1040 669/669/1040
f 660/660/1041 670/670/1041 661/661/1041
f 660/660/1042 669/669/1042 670/670/1042
f 661/661/1043 671/671/1043 662/662/1043
f 661/661/1044 670/670/1044 671/671/1044
f 662/662/1045 663/663/1045 654/654/1045
f 662/662/1046 671/671/1046 663/663/1046
f 663/663/1047 673/673/1047 664/664/1047
f 663/663/1048 672/672/1048 673/673/1048
f 664/664/1049 674/674/1049 665/665/1049
f 664/664/1050 673/673/1050 674/674/1050
f 665/665/1051 675/675/1051 666/666/1051
f 665/665/1052 674/674/1052 675/675/1052
f 666/666/1053 676/676/1053 667/667/1053
f 666/666/1054 675/675/1054 676/676/1054
f 667/667/1055 677/677/1055 668/668/1055
f 667/667/1056 676/676/1056 677/677/1056
f 668/668/1057 678/678/1057 669/669/1057
f 668/668/1058 677/677/1058 678/678/1058
f 669/669/1059 679/679/1059 670/670/1059
f 669/669/1060 678/678/1060 679/679/1060
f 670/670/1061 680/680/1061 671/671/1061
f 670/670/1062 679/679/1062 680/680/1062
f 671/671/1063 672/672/1063 663/663/1063
f 671/671/1064 680/680/1064 672/672/1064
f 672/672/1065 674/674/1065 673/673/1065
f 672/672/1065 675/675/1065 674/674/1065
f 672/672/1065 676/676/1065 675/675/1065
f 672/672/1065 677/677/1065 676/676/1065
f 672/672/1065 678/678/1065 677/677/1065
f 672/672/1065 679/679/1065 678/678/1065
f 672/672/1065 680/680/1065 679/679/1065
f 653/653/1066 651/651/1066 652/652/1066
f 653/653/1066 650/650/1066 651/651/1066
f 653/653/1066 649/649/1066 650/650/1066
f 653/653/1066 648/648/1066 649/649/1066
f 653/653/1066 647/647/1066 648/648/1066
f 653/653/1066 646/646/1066 647/647/1066
f 653/653/1066 645/645/1066 646/646/1066
f 681/681/1067 691/691/1067 682/682/1067
f 681/681/1068 690/690/1068 691/691/1068
f 682/682/1069 692/692/1069 683/683/1069
f 682/682/1070 691/691/1070 692/692/1070
f 683/683/1071 693/693/1071 684/684/1071
f 683/683/1072 692/692/1072 693/693/1072
f 684/684/1073 694/694/1073 685/685/1073
f 684/684/1074 693/693/1074 694/694/1074
f 685/685/1075 695/695/1075 686/686/1075
f 685/685/1076 694/694/1076 695/695/1076
f 686/686/1077 696/696/1077 687/687/1077
f 686/686/1078 695/695/1078 696/696/1078
f 687/687/1079 697/697/1079 688/688/1079
f 687/687/1080 696/696/1080 697/697/1080
f 688/688/1081 698/698/1081 689/689/1081
f 688/688/1082 697/697/1082 698/698/1082
f 689/689/1083 690/690/1083 681/681/1083
f 689/689/1084 698/698/1084 690/690/1084
f 690/690/1085 700/700/1085 691/691/1085
f 690/690/1086 699/699/1086 700/700/1086
f 691/691/1087 701/701/1087 692/692/1087
f 691/691/1088 700/700/1088 701/701/1088
f 692/692/1089 702/702/1089 693/693/1089
f 692/692/1090 701/701/1090 702/702/1090
f 693/693/1091 703/703/1091 694/694/1091
f 693/693/1092 702/702/1092 703/703/1092
f 694/694/1093 704/704/1093 695/695/1093
f 694/694/1094 703/703/1094 704/704/1094
f 695/695/1095 705/705/1095 696/696/1095
f 695/695/1096 704/704/1096 705/705/1096
f 696/696/1097 706/706/1097 697/697/1097
f 696/696/1098 705/705/1098 706/706/1098
f 697/697/1099 707/707/1099 698/698/1099
f 697/697/1100 706/706/1100 707/707/1100
f 698/698/1101 699/699/1101 690/690/1101
f 698/698/1102 707/707/1102 699/699/1102
f 699/699/1103 709/709/1103 700/700/1103
f 699/699/1104 708/708/1104 709/709/1104
f 700/700/1105 710/710/1105 701/701/1105
f 700/700/1106 709/709/1106 710/710/1106
f 701/701/1107 711/711/1107 702/702/1107
f 701/701/1108 710/710/1108 711/711/1108
f 702/702/1109 712/712/1109 703/703/1109
f 702/702/1110 711/711/1110 712/712/1110
f 703/703/1111 713/713/1111 704/704/1111
f 703/703/1112 712/712/1112 713/713/1112
f 704/704/1113 714/714/1113 705/705/1113
f 704/704/1114 713/713/1114 714/714/1114
f 705/705/1115 715/715/1115 706/706/1115
f 705/705/1116 714/714/1116 715/715/1116
f 706/706/1117 716/716/1117 707/707/1117
f 706/706/1118 715/715/1118 716/716/1118
f 707/707/1119 708/708/1119 699/699/1119
f 707/707/1120 716/716/1120 708/708/1120
f 708/708/1121 710/710/1121 709/709/1121
f 708/708/1121 711/711/1121 710/710/1121
f 708/708/1121 712/712/1121 711/711/1121
f 708/708/1121 713/713/1121 712/712/1121
f 708/708/1121 714/714/1121 713/713/1121
f 708/708/1121 715/715/1121 714/714/1121
f 708/708/1121 716/716/1121 715/715/1121
f 689/689/1122 687/687/1122 688/688/1122
f 689/689/1122 686/686/1122 687/687/1122
f 689/689/1122 685/685/1122 686/686/1122
f 689/689/1122 684/684/1122 685/685/1122
f 689/689/1122 683/683/1122 684/684/1122
f 689/689/1122 682/682/1122 683/683/1122
f 689/689/1122 681/681/1122 682/682/1122
f 717/717/1123 727/727/1123 718/718/1123
f 717/717/1124 726/726/1124 727/727/1124
f 718/718/1125 728/728/1125 719/719/1125
f 718/718/1126 727/727/1126 728/728/1126
f 719/719/1127 729/729/1127 720/720/1127
f 719/719/1128 728/728/1128 729/729/1128
f 720/720/1129 730/730/1129 721/721/1129
f 720/720/1130 729/729/1130 730/730/1130
f 721/721/1131 731/731/1131 722/722/1131
f 721/721/1132 730/730/1132 731/731/1132
f 722/722/1133 732/732/1133 723/723/1133
f 722/722/1134 731/731/1134 732/732/1134
f 723/723/1135 733/733/1135 724/724/1135
f 723/723/1136 732/732/1136 733/733/1136
f 724/724/1137 734/734/1137 725/725/1137
f 724/724/1138 733/733/1138 734/734/1138
f 725/725/1139 726/726/1139 717/717/1139
f 725/725/1140 734/734/1140 726/726/1140
f 726/726/1141 736/736/1141 727/727/1141
f 726/726/1142 735/735/1142 736/736/1142
f 727/727/1143 737/737/1143 728/728/1143
f 727/727/1144 736/736/1144 737/737/1144
f 728/728/1145 738/738/1145 729/729/1145
f 728/728/1146 737/737/1146 738/738/1146
f 729/729/1147 739/739/1147 730/730/1147
f 729/729/1148 738/738/1148 739/739/1148
f 730/730/1149 740/740/1149 731/731/1149
f 730/730/1150 739/739/1150 740/740/1150
f 731/731/1151 741/741/1151 732/732/1151
f 731/731/1152 740/740/1152 741/741/1152
f 732/732/1153 742/742/1153 733/733/1153
f 732/732/1154 741/741/1154 742/742/1154
f 733/733/1155 743/743/1155 734/734/1155
f 733/733/1156 742/742/1156 743/743/1156
f 734/734/1157 735/735/1157 726/726/1157
f 734/734/1158 743/743/1158 735/735/1158
f 735/735/1159 745/745/1159 736/736/1159
f 735/735/1160 744/744/1160 745/745/1160
f 736/736/1161 746/746/1161 737/737/1161
f 736/736/1162 745/745/1162 746/746/1162
f 737/737/1163 747/747/1163 738/738/1163
f 737/737/1164 746/746/1164 747/747/1164
f 738/738/1165 748/748/1165 739/739/1165
f 738/738/1166 747/747/1166 748/748/1166
f 739/739/1167 749/749/1167 740/740/1167
f 739/739/1168 748/748/1168 749/749/1168
f 740/740/1169 750/750/1169 741/741/1169
f 740/740/1170 749/749/1170 750/750/1170
f 741/741/1171 751/751/1171 742/742/1171
f 741/741/1172 750/750/1172 751/751/1172
f 742/742/1173 752/752/1173 743/743/1173
f 742/742/1174 751/751/1174 752/752/1174
f 743/743/1175 744/744/1175 735/735/1175
f 743/743/1176 752/752/1176 744/744/1176
f 744/744/1177 746/746/1177 745/745/1177
f 744/744/1177 747/747/1177 746/746/1177
f 744/744/1177 748/748/1177 747/747/1177
f 744/744/1177 749/749/1177 748/748/1177
f 744/744/1177 750/750/1177 749/749/1177
f 744/744/1177 751/751/1177 750/750/1177
f 744/744/1177 752/752/1177 751/751/1177
f 725/725/1178 723/723/1178 724/724/1178
f 725/725/1178 722/722/1178 723/723/1178
f 725/725/1178 721/721/1178 722/722/1178
f 725/725/1178 720/720/1178 721/721/1178
f 725/725/1178 719/719/1178 720/720/1178
f 725/725/1178 718/718/1178 719/719/1178
f 725/725/1178 717/717/1178 718/718/1178
f 753/753/1179 764/764/1179 754/754/1179
f 753/753/1180 763/763/1180 764/764/1180
f 754/754/1181 765/765/1181 755/755/1181
f 754/754/1182 764/764/1182 765/765/1182
f 755/755/1183 766/766/1183 756/756/1183
f 755/755/1184 765/765/1184 766/766/1184
f 756/756/1185 767/767/1185 757/757/1185
f 756/756/1186 766/766/1186 767/767/1186
f 757/757/1187 768/768/1187 758/758/1187
f 757/757/1188 767/767/1188 768/768/1188
f 758/758/1189 769/769/1189 759/759/1189
f 758/758/1190 768/768/1190 769/769/1190
f 759/759/1191 770/770/1191 760/760/1191
f 759/759/1192 769/769/1192 770/770/1192
f 760/760/1193 771/771/1193 761/761/1193
f 760/760/1194 770/770/1194 771/771/1194
f 761/761/1195 772/772/1195 762/762/1195
f 761/761/1196 771/771/1196 772/772/1196
f 762/762/1197 763/763/1197 753/753/1197
f 762/762/1198 772/772/1198 763/763/1198
f 763/763/1199 774/774/1199 764/764/1199
f 763/763/1200 773/773/1200 774/774/1200
f 764/764/1201 775/775/1201 765/765/1201
f 764/764/1202 774/774/1202 775/775/1202
f 765/765/1203 776/776/1203 766/766/1203
f 765/765/1204 775/775/1204 776/776/1204
f 766/766/1205 777/777/1205 767/767/1205
f 766/766/1206 776/776/1206 777/777/1206
f 767/767/1207 778/778/1207 768/768/1207
f 767/767/1208 777/777/1208 778/778/1208
f 768/768/1209 779/779/1209 769/769/1209
f 768/768/1210 778/778/1210 779/779/1210
f 769/769/1211 780/780/1211 770/770/1211
f 769/769/1212 779/779/1212 780/780/1212
f 770/770/1213 781/781/1213 771/771/1213
f 770/770/1214 780/780/1214 781/781/1214
f 771/771/1215 782/782/1215 772/772/1215
f 771/771/1216 781/781/1216 782/782/1216
f 772/772/1217 773/773/1217 763/763/1217
f 772/772/1218 782/782/1218 773/773/1218
f 773/773/1219 784/784/1219 774/774/1219
f 773/773/1220 783/783/1220 784/784/1220
f 774/774/1221 785/785/1221 775/775/1221
f 774/774/1222 784/784/1222 785/785/1222
f 775/775/1223 786/786/1223 776/776/1223
f 775/775/1224 785/785/1224 786/786/1224
f 776/776/1225 787/787/1225 777/777/1225
f 776/776/1226 786/786/1226 787/787/1226
f 777/777/1227 788/788/1227 778/778/1227
f 777/777/1228 787/787/1228 788/788/1228
f 778/778/1229 789/789/1229 779/779/1229
f 778/778/1230 788/788/1230 789/789/1230
f 779/779/1231 790/790/1231 780/780/1231
f 779/779/1232 789/789/1232 790/790/1232
f 780/780/1233 791/791/1233 781/781/1233
f 780/780/1234 790/790/1234 791/791/1234
f 781/781/1235 792/792/1235 782/782/1235
f 781/781/1236 791/791/1236 792/792/1236
f 782/782/1237 783/783/1237 773/773/1237
f 782/782/1238 792/792/1238 783/783/1238
f 783/783/1239 785/785/1239 784/784/1239
f 783/783/1239 786/786/1239 785/785/1239
f 783/783/1239 787/787/1239 786/786/1239
f 783/783/1239 788/788/1239 787/787/1239
f 783/783/1239 789/789/1239 788/788/1239
f 783/783/1239 790/790/1239 789/789/1239
f 783/783/1239 791/791/1239 790/790/1239
f 783/783/1239 792/792/1239 791/791/1239
f 762/762/1240 760/760/1240 761/761/1240
f 762/762/1240 759/759/1240 760/760/1240
f 762/762/1240 758/758/1240 759/759/1240
f 762/762/1240 757/757/1240 758/758/1240
f 762/762/1240 756/756/1240 757/757/1240
f 762/762/1240 755/755/1240 756/756/1240
f 762/762/1240 754/754/1240 755/755/1240
f 762/762/1240 753/753/1240 754/754/1240
f 793/793/1241 803/803/1241 794/794/1241
f 793/793/1242 802/802/1242 803/803/1242
f 794/794/1243 804/804/1243 795/795/1243
f 794/794/1244 803/803/1244 804/804/1244
f 795/795/1245 805/805/1245 796/796/1245
f 795/795/1246 804/804/1246 805/805/1246
f 796/796/1247 806/806/1247 797/797/1247
f 796/796/1248 805/805/1248 806/806/1248
f 797/797/1249 807/807/1249 798/798/1249
f 797/797/1250 806/806/1250 807/807/1250
f 798/798/1251 808/808/1251 799/799/1251
f 798/798/1252 807/807/1252 808/808/1252
f 799/799/1253 809/809/1253 800/800/1253
f 799/799/1254 808/808/1254 809/809/1254
f 800/800/1255 810/810/1255 801/801/1255
f 800/800/1256 809/809/1256 810/810/1256
f 801/801/1257 802/802/1257 793/793/1257
f 801/801/1258 810/810/1258 802/802/1258
f 802/802/1259 812/812/1259 803/803/1259
f 802/802/1260 811/811/1260 812/812/1260
f 803/803/1261 813/813/1261 804/804/1261
f 803/803/1262 812/812/1262 813/813/1262
f 804/804/1263 814/814/1263 805/805/1263
f 804/804/1264 813/813/1264 814/814/1264
f 805/805/1265 815/815/1265 806/806/1265
f 805/805/1266 814/814/1266 815/815/1266
f 806/806/1267 816/816/1267 807/807/1267
f 806/806/1268 815/815/1268 816/816/1268
f 807/807/1269 817/817/1269 808/808/1269
f 807/807/1270 816/816/1270 817/817/1270
f 808/808/1271 818/818/1271 809/809/1271
f 808/808/1272 817/817/1272 818/818/1272
f 809/809/1273 819/819/1273 810/810/1273
f 809/809/1274 818/818/1274 819/819/1274
f 810/810/1275 811/811/1275 802/802/1275
f 810/810/1276 819/819/1276 811/811/1276
f 811/811/1277 821/821/1277 812/812/1277
f 811/811/1278 820/820/1278 821/821/1278
f 812/812/1279 822/822/1279 813/813/1279
f 812/812/1280 821/821/1280 822/822/1280
f 813/813/1281 823/823/1281 814/814/1281
f 813/813/1282 822/822/1282 823/823/1282
f 814/814/1283 824/824/1283 815/815/1283
f 814/814/1284 823/823/1284 824/824/1284
f 815/815/1285 825/825/1285 816/816/1285
f 815/815/1286 824/824/1286 825/825/1286
f 816/816/1287 826/826/1287 817/817/1287
f 816/816/1288 825/825/1288 826/826/1288
f 817/817/1289 827/827/1289 818/818/1289
f 817/817/1290 826/826/1290 827/827/1290
f 818/818/1291 828/828/1291 819/819/1291
f 818/818/1292 827/827/1292 828/828/1292
f 819/819/1293 820/820/1293 811/811/1293
f 819/819/1294 828/828/1294 820/820/1294
f 820/820/1295 822/822/1295 821/821/1295
f 820/820/1295 823/823/1295 822/822/1295
f 820/820/1295 824/824/1295 823/823/1295
f 820/820/1295 825/825/1295 824/824/1295
f 820/820/1295 826/826/1295 825/825/1295
f 820/820/1295 827/827/1295 826/826/1295
f 820/820/1295 828/828/1295 827/827/1295
f 801/801/1296 799/799/1296 800/800/1296
f 801/801/1296 798/798/1296 799/799/1296
f 801/801/1296 797/797/1296 798/798/1296
f 801/801/1296 796/796/1296 797/797/1296
f 801/801/1296 795/795/1296 796/796/1296
f 801/801/1296 794/794/1296 795/795/1296
f 801/801/1296 793/793/1296 794/794/1296
f 829/829/1297 839/839/1297 830/830/1297
f 829/829/1298 838/838/1298 839/839/1298
f 830/830/1299 840/840/1299 831/831/1299
f 830/830/1300 839/839/1300 840/840/1300
f 831/831/1301 841/841/1301 832/832/1301
f 831/831/1302 840/840/1302 841/841/1302
f 832/832/1303 842/842/1303 833/833/1303
f 832/832/1304 841/841/1304 842/842/1304
f 833/833/1305 843/843/1305 834/834/1305
f 833/833/1306 842/842/1306 843/843/1306
f 834/834/1307 844/844/1307 835/835/1307
f 834/834/1308 843/843/1308 844/844/1308
f 835/835/1309 845/845/1309 836/836/1309
f 835/835/1310 844/844/1310 845/845/1310
f 836/836/1311 846/846/1311 837/837/1311
f 836/836/1312 845/845/1312 846/846/1312
f 837/837/1313 838/838/1313 829/829/1313
f 837/837/1314 846/846/1314 838/838/1314
f 838/838/1315 848/848/1315 839/839/1315
f 838/838/1316 847/847/1316 848/848/1316
f 839/839/1317 849/849/1317 840/840/1317
f 839/839/1318 848/848/1318 849/849/1318
f 840/840/1319 850/850/1319 841/841/1319
f 840/840/1320 849/849/1320 850/850/1320
f 841/841/1321 851/851/1321 842/842/1321
f 841/841/1322 850/850/1322 851/851/1322
f 842/842/1323 852/852/1323 843/843/1323
f 842/842/1324 851/851/1324 852/852/1324
f 843/843/1325 853/853/1325 844/844/1325
f 843/843/1326 852/852/1326 853/853/1326
f 844/844/1327 854/854/1327 845/845/1327
f 844/844/1328 853/853/1328 854/854/1328
f 845/845/1329 855/855/1329 846/846/1329
f 845/845/1330 854/854/1330 855/855/1330
f 846/846/1331 847/847/1331 838/838/1331
f 846/846/1332 855/855/1332 847/847/1332
f 847/847/1333 857/857/1333 848/848/1333
f 847/847/1334 856/856/1334 857/857/1334
f 848/848/1335 858/858/1335 849/849/1335
f 848/848/1336 857/857/1336 858/858/1336
f 849/849/1337 859/859/1337 850/850/1337
f 849/849/1338 858/858/1338 859/859/1338
f 850/850/1339 860/860/1339 851/851/1339
f 850/850/1340 859/859/1340 860/860/1340
f 851/851/1341 861/861/1341 852/852/1341
f 851/851/1342 860/860/1342 861/861/1342
f 852/852/1343 862/862/1343 853/853/1343
f 852/852/1344 861/861/1344 862/862/1344
f 853/853/1345 863/863/1345 854/854/1345
f 853/853/1346 862/862/1346 863/863/1346
f 854/854/1347 864/864/1347 855/855/1347
f 854/854/1348 863/863/1348 864/864/1348
f 855/855/1349 856/856/1349 847/847/1349
f 855/855/1350 864/864/1350 856/856/1350
f 856/856/1351 858/858/1351 857/857/1351
f 856/856/1351 859/859/1351 858/858/1351
f 856/856/1351 860/860/1351 859/859/1351
f 856/856/1351 861/861/1351 860/860/1351
f 856/856/1351 862/862/1351 861/861/1351
f 856/856/1351 863/863/1351 862/862/1351
f 856/856/1351 864/864/1351 863/863/1351
f 837/837/1352 835/835/1352 836/836/1352
f 837/837/1352 834/834/1352 835/835/1352
f 837/837/1352 833/833/1352 834/834/1352
f 837/837/1352 832/832/1352 833/833/1352
f 837/837/1352 831/831/1352 832/832/1352
f 837/837/1352 830/830/1352 831/831/1352
f 837/837/1352 829/829/1352 830/830/1352
f 865/865/1353 875/875/1353 866/866/1353
f 865/865/1354 874/874/1354 875/875/1354
f 866/866/1355 876/876/1355 867/867/1355
f 866/866/1356 875/875/1356 876/876/1356
f 867/867/1357 877/877/1357 868/868/1357
f 867/867/1358 876/876/1358 877/877/1358
f 868/868/1359 878/878/1359 869/869/1359
f 868/868/1360 877/877/1360 878/878/1360
f 869/869/1361 879/879/1361 870/870/1361
f 869/869/1362 878/878/1362 879/879/1362
f 870/870/1363 880/880/1363 871/871/1363
f 870/870/1364 879/879/1364 880/880/1364
f 871/871/1365 881/881/1365 872/872/1365
f 871/871/1366 880/880/1366 881/881/1366
f 872/872/1367 882/882/1367 873/873/1367
f 872/872/1368 881/881/1368 882/882/1368
f 873/873/1369 874/874/1369 865/865/1369
f 873/873/1370 882/882/1370 874/874/1370
f 874/874/1371 884/884/1371 875/875/1371
f 874/874/1372 883/883/1372 884/884/1372
f 875/875/1373 885/885/1373 876/876/1373
f 875/875/1374 884/884/1374 885/885/1374
f 876/876/1375 886/886/1375 877/877/1375
f 876/876/1376 885/885/1376 886/886/1376
f 877/877/1377 887/887/1377 878/878/1377
f 877/877/1378 886/886/1378 887/887/1378
f 878/878/1379 888/888/1379 879/879/1379
f 878/878/1380 887/887/1380 888/888/1380
f 879/879/1381 889/889/1381 880/880/1381
f 879/879/1382 888/888/1382 889/889/1382
f 880/880/1383 890/890/1383 881/881/1383
f 880/880/1384 889/889/1384 890/890/1384
f 881/881/1385 891/891/1385 882/882/1385
f 881/881/1386 890/890/1386 891/891/1386
f 882/882/1387 883/883/1387 874/874/1387
f 882/882/1388 891/891/1388 883/883/1388
f 883/883/1389 893/893/1389 884/884/1389
f 883/883/1390 892/892/1390 893/893/1390
f 884/884/1391 894/894/1391 885/885/1391
f 884/884/1392 893/893/1392 894/894/1392
f 885/885/1393 895/895/1393 886/886/1393
f 885/885/1394 894/894/1394 895/895/1394
f 886/886/1395 896/896/1395 887/887/1395
f 886/886/1396 895/895/1396 896/896/1396
f 887/887/1397 897/897/1397 888/888/1397
f 887/887/1398 896/896/1398 897/897/1398
f 888/888/1399 898/898/1399 889/889/1399
f 888/888/1400 897/897/1400 898/898/1400
f 889/889/1401 899/899/1401 890/890/1401
f 889/889/1402 898/898/1402 899/899/1402
f 890/890/1403 900/900/1403 891/891/1403
f 890/890/1404 899/899/1404 900/900/1404
f 891/891/1405 892/892/1405 883/883/1405
f 891/891/1406 900/900/1406 892/892/1406
f 892/892/1407 894/894/1407 893/893/1407
f 892/892/1407 895/895/1407 894/894/1407
f 892/892/1407 896/896/1407 895/895/1407
f 892/892/1407 897/897/1407 896/896/1407
f 892/892/1407 898/898/1407 897/897/1407
f 892/892/1407 899/899/1407 898/898/1407
f 892/892/1407 900/900/1407 899/899/1407
f 873/873/1408 871/871/1408 872/872/1408
f 873/873/1408 870/870/1408 871/871/1408
f 873/873/1408 869/869/1408 870/870/1408
f 873/873/1408 868/868/1408 869/869/1408
f 873/873/1408 867/867/1408 868/868/1408
f 873/873/1408 866/866/1408 867/867/1408
f 873/873/1408 865/865/1408 866/866/1408
f 901/901/1409 912/912/1409 902/902/1409
f 901/901/1410 911/911/1410 912/912/1410
f 902/902/1411 913/913/1411 903/903/1411
f 902/902/1412 912/912/1412 913/913/1412
f 903/903/1413 914/914/1413 904/904/1413
f 903/903/1414 913/913/1414 914/914/1414
f 904/904/1415 915/915/1415 905/905/1415
f 904/904/1416 914/914/1416 915/915/1416
f 905/905/1417 916/916/1417 906/906/1417
f 905/905/1418 915/915/1418 916/916/1418
f 906/906/1419 917/917/1419 907/907/1419
f 906/906/1420 916/916/1420 917/917/1420
f 907/907/1421 918/918/1421 908/908/1421
f 907/907/1422 917/917/1422 918/918/1422
f 908/908/1423 919/919/1423 909/909/1423
f 908/908/1424 918/918/1424 919/919/1424
f 909/909/1425 920/920/1425 910/910/1425
f 909/909/1426 919/919/1426 920/920/1426
f 910/910/1427 911/911/1427 901/901/1427
f 910/910/1428 920/920/1428 911/911/1428
f 911/911/1429 922/922/1429 912/912/1429
f 911/911/1430 921/921/1430 922/922/1430
f 912/912/1431 923/923/1431 913/913/1431
f 912/912/1432 922/922/1432 923/923/1432
f 913/913/1433 924/924/1433 914/914/1433
f 913/913/1434 923/923/1434 924/924/1434
f 914/914/1435 925/925/1435 915/915/1435
f 914/914/1436 924/924/1436 925/925/1436
f 915/915/1437 926/926/1437 916/916/1437
f 915/915/1438 925/925/1438 926/926/1438
f 916/916/1439 927/927/1439 917/917/1439
f 916/916/1440 926/926/1440 927/927/1440
f 917/917/1441 928/928/1441 918/918/1441
f 917/917/1442 927/927/1442 928/928/1442
f 918/918/1443 929/929/1443 919/919/1443
f 918/918/1444 928/928/1444 929/929/1444
f 919/919/1445 930/930/1445 920/920/1445
f 919/919/1446 929/929/1446 930/930/1446
f 920/920/1447 921/921/1447 911/911/1447
f 920/920/1448 930/930/1448 921/921/1448
f 921/921/1449 932/932/1449 922/922/1449
f 921/921/1450 931/931/1450 932/932/1450
f 922/922/1451 933/933/1451 923/923/1451
f 922/922/1452 932/932/1452 933/933/1452
f 923/923/1453 934/934/1453 924/924/1453
f 923/923/1454 933/933/1454 934/934/1454
f 924/924/1455 935/935/1455 925/925/1455
f 924/924/1456 934/934/1456 935/935/1456
f 925/925/1457 936/936/1457 926/926/1457
f 925/925/1458 935/935/1458 936/936/1458
f 926/926/1459 937/937/1459 927/927/1459
f 926/926/1460 936/936/1460 937/937/1460
f 927/927/1461 938/938/1461 928/928/1461
f 927/927/1462 937/937/1462 938/938/1462
f 928/928/1463 939/939/1463 929/929/1463
f 928/928/1464 938/938/1464 939/939/1464
f 929/929/1465 940/940/1465 930/930/1465
f 929/929/1466 939/939/1466 940/940/1466
f 930/930/1467 931/931/1467 921/921/1467
f 930/930/1468 940/940/1468 931/931/1468
f 931/931/1469 933/933/1469 932/932/1469
f 931/931/1469 934/934/1469 933/933/1469
f 931/931/1469 935/935/1469 934/934/1469
f 931/931/1469 936/936/1469 935/935/1469
f 931/931/1469 937/937/1469 936/936/1469
f 931/931/1469 938/938/1469 937/937/1469
f 931/931/1469 939/939/1469 938/938/1469
f 931/931/1469 940/940/1469 939/939/1469
f 910/910/1470 908/908/1470 909/909/1470
f 910/910/1470 907/907/1470 908/908/1470
f 910/910/1470 906/906/1470 907/907/1470
f 910/910/1470 905/905/1470 906/906/1470
f 910/910/1470 904/904/1470 905/905/1470
f 910/910/1470 903/903/1470 904/904/1470
f 910/910/1470 902/902/1470 903/903/1470
f 910/910/1470 901/901/1470 902/902/1470
f 941/941/1471 951/951/1471 942/942/1471
f 941/941/1472 950/950/1472 951/951/1472
f 942/942/1473 952/952/1473 943/943/1473
f 942/942/1474 951/951/1474 952/952/1474
f 943/943/1475 953/953/1475 944/944/1475
f 943/943/1476 952/952/1476 953/953/1476
f 944/944/1477 954/954/1477 945/945/1477
f 944/944/1478 953/953/1478 954/954/1478
f 945/945/1479 955/955/1479 946/946/1479
f 945/945/1480 954/954/1480 955/955/1480
f 946/946/1481 956/956/1481 947/947/1481
f 946/946/1482 955/955/1482 956/956/1482
f 947/947/1483 957/957/1483 948/948/1483
f 947/947/1484 956/956/1484 957/957/1484
f 948/948/1485 958/958/1485 949/949/1485
f 948/948/1486 957/957/1486 958/958/1486
f 949/949/1487 950/950/1487 941/941/1487
f 949/949/1488 958/958/1488 950/950/1488
f 950/950/1489 960/960/1489 951/951/1489
f 950/950/1490 959/959/1490 960/960/1490
f 951/951/1491 961/961/1491 952/952/1491
f 951/951/1492 960/960/1492 961/961/1492
f 952/952/1493 962/962/1493 953/953/1493
f 952/952/1494 961/961/1494 962/962/1494
f 953/953/1495 963/963/1495 954/954/1495
f 953/953/1496 962/962/1496 963/963/1496
f 954/954/1497 964/964/1497 955/955/1497
f 954/954/1498 963/963/1498 964/964/1498
f 955/955/1499 965/965/1499 956/956/1499
f 955/955/1500 964/964/1500 965/965/1500
f 956/956/1501 966/966/1501 957/957/1501
f 956/956/1502 965/965/1502 966/966/1502
f 957/957/1503 967/967/1503 958/958/1503
f 957/957/1504 966/966/1504 967/967/1504
f 958/958/1505 959/959/1505 950/950/1505
f 958/958/1506 967/967/1506 959/959/1506
f 959/959/1507 969/969/1507 960/960/1507
f 959/959/1508 968/968/1508 969/969/1508
f 960/960/1509 970/970/1509 961/961/1509
f 960/960/1510 969/969/1510 970/970/1510
f 961/961/1511 971/971/1511 962/962/1511
f 961/961/1512 970/970/1512 971/971/1512
f 962/962/1513 972/972/1513 963/963/1513
f 962/962/1514 971/971/1514 972/972/1514
f 963/963/1515 973/973/1515 964/964/1515
f 963/963/1516 972/972/1516 973/973/1516
f 964/964/1517 974/974/1517 965/965/1517
f 964/964/1518 973/973/1518 974/974/1518
f 965/965/1519 975/975/1519 966/966/1519
f 965/965/1520 974/974/1520 975/975/1520
f 966/966/1521 976/976/1521 967/967/1521
f 966/966/1522 975/975/1522 976/976/1522
f 967/967/1523 968/968/1523 959/959/1523
f 967/967/1524 976/976/1524 968/968/1524
f 968/968/1525 970/970/1525 969/969/1525
f 968/968/1525 971/971/1525 970/970/1525
f 968/968/1525 972/972/1525 971/971/1525
f 968/968/1525 973/973/1525 972/972/1525
f 968/968/1525 974/974/1525 973/973/1525
f 968/968/1525 975/975/1525 974/974/1525
f 968/968/1525 976/976/1525 975/975/1525
f 949/949/1526 947/947/1526 948/948/1526
f 949/949/1526 946/946/1526 947/947/1526
f 949/949/1526 945/945/1526 946/946/1526
f 949/949/1526 944/944/1526 945/945/1526
f 949/949/1526 943/943/1526 944/944/1526
f 949/949/1526 942/942/1526 943/943/1526
f 949/949/1526 941/941/1526 942/942/1526
f 977/977/1527 987/987/1527 978/978/1527
f 977/977/1528 986/986/1528 987/987/1528
f 978/978/1529 988/988/1529 979/979/1529
f 978/978/1530 987/987/1530 988/988/1530
f 979/979/1531 989/989/1531 980/980/1531
f 979/979/1532 988/988/1532 989/989/1532
f 980/980/1533 990/990/1533 981/981/1533
f 980/980/1534 989/989/1534 990/990/1534
f 981/981/1535 991/991/1535 982/982/1535
f 981/981/1536 990/990/1536 991/991/1536
f 982/982/1537 992/992/1537 983/983/1537
f 982/982/1538 991/991/1538 992/992/1538
f 983/983/1539 993/993/1539 984/984/1539
f 983/983/1540 992/992/1540 993/993/1540
f 984/984/1541 994/994/1541 985/985/1541
f 984/984/1542 993/993/1542 994/994/1542
f 985/985/1543 986/986/1543 977/977/1543
f 985/985/1544 994/994/1544 986/986/1544
f 986/986/1545 996/996/1545 987/987/1545
f 986/986/1546 995/995/1546 996/996/1546
f 987/987/1547 997/997/1547 988/988/1547
f 987/987/1548 996/996/1548 997/997/1548
f 988/988/1549 998/998/1549 989/989/1549
f 988/988/1550 997/997/1550 998/998/1550
f 989/989/1551 999/999/1551 990/990/1551
f 989/989/1552 998/998/1552 999/999/1552
f 990/990/1553 1000/1000/1553 991/991/1553
f 990/990/1554 999/999/1554 1000/1000/1554
f 991/991/1555 1001/1001/1555 992/992/1555
f 991/991/1556 1000/1000/1556 1001/1001/1556
f 992/992/1557 1002/1002/1557 993/993/1557
f 992/992/1558 1001/1001/1558 1002/1002/1558
f 993/993/1559 1003/1003/1559 994/994/1559
f 993/993/1560 1002/1002/1560 1003/1003/1560
f 994/994/1561 995/995/1561 986/986/1561
f 994/994/1562 1003/1003/1562 995/995/1562
f 995/995/1563 1005/1005/1563 996/996/1563
f 995/995/1564 1004/1004/1564 1005/1005/1564
f 996/996/1565 1006/1006/1565 997/997/1565
f 996/996/1566 1005/1005/1566 1006/1006/1566
f 997/997/1567 1007/1007/1567 998/998/1567
f 997/997/1568 1006/1006/1568 1007/1007/1568
f 998/998/1569 1008/1008/1569 999/999/1569
f 998/998/1570 1007/1007/1570 1008/1008/1570
f 999/999/1571 1009/1009/1571 1000/1000/1571
f 999/999/1572 1008/1008/1572 1009/1009/1572
f 1000/1000/1573 1010/1010/1573 1001/1001/1573
f 1000/1000/1574 1009/1009/1574 1010/1010/1574
f 1001/1001/1575 1011/1011/1575 1002/1002/1575
f 1001/1001/1576 1010/1010/1576 1011/1011/1576
f 1002/1002/1577 1012/1012/1577 1003/1003/1577
f 1002/1002/1578 1011/1011/1578 1012/1012/1578
f 1003/1003/1579 1004/1004/1579 995/995/1579
f 1003/1003/1580 1012/1012/1580 1004/1004/1580
f 1004/1004/1581 1006/1006/1581 1005/1005/1581
f 1004/1004/1581 1007/1007/1581 1006/1006/1581
f 1004/1004/1581 1008/1008/1581 1007/1007/1581
f 1004/1004/1581 1009/1009/1581 1008/1008/1581
f 1004/1004/1581 1010/1010/1581 1009/1009/1581
f 1004/1004/1581 1011/1011/1581 1010/1010/1581
f 1004/1004/1581 1012/1012/1581 1011/1011/1581
f 985/985/1582 983/983/1582 984/984/1582
f 985/985/1582 982/982/1582 983/983/1582
f 985/985/1582 981/981/1582 982/982/1582
f 985/985/1582 980/980/1582 981/981/1582
f 985/985/1582 979/979/1582 980/980/1582
f 985/985/1582 978/978/1582 979/979/1582
f 985/985/1582 977/977/1582 978/978/1582
f 1013/1013/1583 1023/1023/1583 1014/1014/1583
f 1013/1013/1584 1022/1022/1584 1023/1023/1584
f 1014/1014/1585 1024/1024/1585 1015/1015/1585
f 1014/1014/1586 1023/1023/1586 1024/1024/1586
f 1015/1015/1587 1025/1025/1587 1016/1016/1587
f 1015/1015/1588 1024/1024/1588 1025/1025/1588
f 1016/1016/1589 1026/1026/1589 1017/1017/1589
f 1016/1016/1590 1025/1025/1590 1026/1026/1590
f 1017/1017/1591 1027/1027/1591 1018/1018/1591
f 1017/1017/1592 1026/1026/1592 1027/1027/1592
f 1018/1018/1593 1028/1028/1593 1019/1019/1593
f 1018/1018/1594 1027/1027/1594 1028/1028/1594
f 1019/1019/1595 1029/1029/1595 1020/1020/1595
f 1019/1019/1596 1028/1028/1596 1029/1029/1596
f 1020/1020/1597 1030/1030/1597 1021/1021/1597
f 1020/1020/1598 1029/1029/1598 1030/1030/1598
f 1021/1021/1599 1022/1022/1599 1013/1013/1599
f 1021/1021/1600 1030/1030/1600 1022/1022/1600
f 1022/1022/1601 1032/1032/1601 1023/1023/1601
f 1022/1022/1602 1031/1031/1602 1032/1032/1602
f 1023/1023/1603 1033/1033/1603 1024/1024/1603
f 1023/1023/1604 1032/1032/1604 1033/1033/1604
f 1024/1024/1605 1034/1034/1605 1025/1025/1605
f 1024/1024/1606 1033/1033/1606 1034/1034/1606
f 1025/1025/1607 1035/1035/1607 1026/1026/1607
f 1025/1025/1608 1034/1034/1608 1035/1035/1608
f 1026/1026/1609 1036/1036/1609 1027/1027/1609
f 1026/1026/1610 1035/1035/1610 1036/1036/1610
f 1027/1027/1611 1037/1037/1611 1028/1028/1611
f 1027/1027/1612 1036/1036/1612 1037/1037/1612
f 1028/1028/1613 1038/1038/1613 1029/1029/1613
f 1028/1028/1614 1037/1037/1614 1038/1038/1614
f 1029/1029/1615 1039/1039/1615 1030/1030/1615
f 1029/1029/1616 1038/1038/1616 1039/1039/1616
f 1030/1030/1617 1031/1031/1617 1022/1022/1617
f 1030/1030/1618 1039/1039/1618 1031/1031/1618
f 1031/1031/1619 1041/1041/1619 1032/1032/1619
f 1031/1031/1620 1040/1040/1620 1041/1041/1620
f 1032/1032/1621 1042/1042/1621 1033/1033/1621
f 1032/1032/1622 1041/1041/1622 1042/1042/1622
f 1033/1033/1623 1043/1043/1623 1034/1034/1623
f 1033/1033/1624 1042/1042/1624 1043/1043/1624
f 1034/1034/1625 1044/1044/1625 1035/1035/1625
f 1034/1034/1626 1043/1043/1626 1044/1044/1626
f 1035/1035/1627 1045/1045/1627 1036/1036/1627
f 1035/1035/1628 1044/1044/1628 1045/1045/1628
f 1036/1036/1629 1046/1046/1629 1037/1037/1629
f 1036/1036/1630 1045/1045/1630 1046/1046/1630
f 1037/1037/1631 1047/1047/1631 1038/1038/1631
f 1037/1037/1632 1046/1046/1632 1047/1047/1632
f 1038/1038/1633 1048/1048/1633 1039/1039/1633
f 1038/1038/1634 1047/1047/1634 1048/1048/1634
f 1039/1039/1635 1040/1040/1635 1031/1031/1635
f 1039/1039/1636 1048/1048/1636 1040/1040/1636
f 1040/1040/1637 1042/1042/1637 1041/1041/1637
f 1040/1040/1637 1043/1043/1637 1042/1042/1637
f 1040/1040/1637 1044/1044/1637 1043/1043/1637
f 1040/1040/1637 1045/1045/1637 1044/1044/1637
f 1040/1040/1637 1046/1046/1637 1045/1045/1637
f 1040/1040/1637 1047/1047/1637 1046/1046/1637
f 1040/1040/1637 1048/1048/1637 1047/1047/1637
f 1021/1021/1638 1019/1019/1638 1020/1020/1638
f 1021/1021/1638 1018/1018/1638 1019/1019/1638
f 1021/1021/1638 1017/1017/1638 1018/1018/1638
f 1021/1021/1638 1016/1016/1638 1017/1017/1638
f 1021/1021/1638 1015/1015/1638 1016/1016/1638
f 1021/1021/1638 1014/1014/1638 1015/1015/1638
f 1021/1021/1638 1013/1013/1638 1014/1014/1638
f 1049/1049/1639 1061/1061/1639 1050/1050/1639
f 1049/1049/1640 1060/1060/1640 1061/1061/1640
f 1050/1050/1641 1062/1062/1641 1051/1051/1641
f 1050/1050/1642 1061/1061/1642 1062/1062/1642
f 1051/1051/1643 1063/1063/1643 1052/1052/1643
f 1051/1051/1644 1062/1062/1644 1063/1063/1644
f 1052/1052/1645 1064/1064/1645 1053/1053/1645
f 1052/1052/1646 1063/1063/1646 1064/1064/1646
f 1053/1053/1647 1065/1065/1647 1054/1054/1647
f 1053/1053/1648 1064/1064/1648 1065/1065/1648
f 1054/1054/1649 1066/1066/1649 1055/1055/1649
f 1054/1054/1650 1065/1065/1650 1066/1066/1650
f 1055/1055/1651 1067/1067/1651 1056/1056/1651
f 1055/1055/1652 1066/1066/1652 1067/1067/1652
f 1056/1056/1653 1068/1068/1653 1057/1057/1653
f 1056/1056/1654 1067/1067/1654 1068/1068/1654
f 1057/1057/1655 1069/1069/1655 1058/1058/1655
f 1057/1057/1656 1068/1068/1656 1069/1069/1656
f 1058/1058/1657 1070/1070/1657 1059/1059/1657
f 1058/1058/1658 1069/1069/1658 1070/1070/1658
f 1059/1059/1659 1060/1060/1659 1049/1049/1659
f 1059/1059/1660 1070/1070/1660 1060/1060/1660
f 1060/1060/1661 1072/1072/1661 1061/1061/1661
f 1060/1060/1662 1071/1071/1662 1072/1072/1662
f 1061/1061/1663 1073/1073/1663 1062/1062/1663
f 1061/1061/1664 1072/1072/1664 1073/1073/1664
f 1062/1062/1665 1074/1074/1665 1063/1063/1665
f 1062/1062/1666 1073/1073/1666 1074/1074/1666
f 1063/1063/1667 1075/1075/1667 1064/1064/1667
f 1063/1063/1668 1074/1074/1668 1075/1075/1668
f 1064/1064/1669 1076/1076/1669 1065/1065/1669
f 1064/1064/1670 1075/1075/1670 1076/1076/1670
f 1065/1065/1671 1077/1077/1671 1066/1066/1671
f 1065/1065/1672 1076/1076/1672 1077/1077/1672
f 1066/1066/1673 1078/1078/1673 1067/1067/1673
f 1066/1066/1674 1077/1077/1674 1078/1078/1674
f 1067/1067/1675 1079/1079/1675 1068/1068/1675
f 1067/1067/1676 1078/1078/1676 1079/1079/1676
f 1068/1068/1677 1080/1080/1677 1069/1069/1677
f 1068/1068/1678 1079/1079/1678 1080/1080/1678
f 1069/1069/1679 1081/1081/1679 1070/1070/1679
f 1069/1069/1680 1080/1080/1680 1081/1081/1680
f 1070/1070/1681 1071/1071/1681 1060/1060/1681
f 1070/1070/1682 1081/1081/1682 1071/1071/1682
f 1071/1071/1683 1083/1083/1683 1072/1072/1683
f 1071/1071/1684 1082/1082/1684 1083/1083/1684
f 1072/1072/1685 1084/1084/1685 1073/1073/1685
f 1072/1072/1686 1083/1083/1686 1084/1084/1686
f 1073/1073/1687 1085/1085/1687 1074/1074/1687
f 1073/1073/1688 1084/1084/1688 1085/1085/1688
f 1074/1074/1689 1086/1086/1689 1075/1075/1689
f 1074/1074/1690 1085/1085/1690 1086/1086/1690
f 1075/1075/1691 1087/1087/1691 1076/1076/1691
f 1075/1075/1692 1086/1086/1692 1087/1087/1692
f 1076/1076/1693 1088/1088/1693 1077/1077/1693
f 1076/1076/1694 1087/1087/1694 1088/1088/1694
f 1077/1077/1695 1089/1089/1695 1078/1078/1695
f 1077/1077/1696 1088/1088/1696 1089/1089/1696
f 1078/1078/1697 1090/1090/1697 1079/1079/1697
f 1078/1078/1698 1089/1089/1698 1090/1090/1698
f 1079/1079/1699 1091/1091/1699 1080/1080/1699
f 1079/1079/1700 1090/1090/1700 1091/1091/1700
f 1080/1080/1701 1092/1092/1701 1081/1081/1701
f 1080/1080/1702 1091/1091/1702 1092/1092/1702
f 1081/1081/1703 1082/1082/1703 1071/1071/1703
f 1081/1081/1704 1092/1092/1704 1082/1082/1704
f 1082/1082/1705 1084/1084/1705 1083/1083/1705
f 1082/1082/1705 1085/1085/1705 1084/1084/1705
f 1082/1082/1705 1086/1086/1705 1085/1085/1705
f 1082/1082/1705 1087/1087/1705 1086/1086/1705
f 1082/1082/1705 1088/1088/1705 1087/1087/1705
f 1082/1082/1705 1089/1089/1705 1088/1088/1705
f 1082/1082/1705 1090/1090/1705 1089/1089/1705
f 1082/1082/1705 1091/1091/1705 1090/1090/1705
f 1082/1082/1705 1092/1092/1705 1091/1091/1705
f 1059/1059/1706 1057/1057/1706 1058/1058/1706
f 1059/1059/1706 1056/1056/1706 1057/1057/1706
f 1059/1059/1706 1055/1055/1706 1056/1056/1706
f 1059/1059/1706 1054/1054/1706 1055/1055/1706
f 1059/1059/1706 1053/1053/1706 1054/1054/1706
f 1059/1059/1706 1052/1052/1706 1053/1053/1706
f 1059/1059/1706 1051/1051/1706 1052/1052/1706
f 1059/1059/1706 1050/1050/1706 1051/1051/1706
f 1059/1059/1706 1049/1049/1706 1050/1050/1706
f 1093/1093/1707 1104/1104/1707 1094/1094/1707
f 1093/1093/1708 1103/1103/1708 1104/1104/1708
f 1094/1094/1709 1105/1105/1709 1095/1095/1709
f 1094/1094/1710 1104/1104/1710 1105/1105/1710
f 1095/1095/1711 1106/1106/1711 1096/1096/1711
f 1095/1095/1712 1105/1105/1712 1106/1106/1712
f 1096/1096/1713 1107/1107/1713 1097/1097/1713
f 1096/1096/1714 1106/1106/1714 1107/1107/1714
f 1097/1097/1715 1108/1108/1715 1098/1098/1715
f 1097/1097/1716 1107/1107/1716 1108/1108/1716
f 1098/1098/1717 1109/1109/1717 1099/1099/1717
f 1098/1098/1718 1108/1108/1718 1109/1109/1718
f 1099/1099/1719 1110/1110/1719 1100/1100/1719
f 1099/1099/1720 1109/1109/1720 1110/1110/1720
f 1100/1100/1721 1111/1111/1721 1101/1101/1721
f 1100/1100/1722 1110/1110/1722 1111/1111/1722
f 1101/1101/1723 1112/1112/1723 1102/1102/1723
f 1101/1101/1724 1111/1111/1724 1112/1112/1724
f 1102/1102/1725 1103/1103/1725 1093/1093/1725
f 1102/1102/1726 1112/1112/1726 1103/1103/1726
f 1103/1103/1727 1114/1114/1727 1104/1104/1727
f 1103/1103/1728 1113/1113/1728 1114/1114/1728
f 1104/1104/1729 1115/1115/1729 1105/1105/1729
f 1104/1104/1730 1114/1114/1730 1115/1115/1730
f 1105/1105/1731 1116/1116/1731 1106/1106/1731
f 1105/1105/1732 1115/1115/1732 1116/1116/1732
f 1106/1106/1733 1117/1117/1733 1107/1107/1733
f 1106/1106/1734 1116/1116/1734 1117/1117/1734
f 1107/1107/1735 1118/1118/1735 1108/1108/1735
f 1107/1107/1736 1117/1117/1736 1118/1118/1736
f 1108/1108/1737 1119/1119/1737 1109/1109/1737
f 1108/1108/1738 1118/1118/1738 1119/1119/1738
f 1109/1109/1739 1120/1120/1739 1110/1110/1739
f 1109/1109/1740 1119/1119/1740 1120/1120/1740
f 1110/1110/1741 1121/1121/1741 1111/1111/1741
f 1110/1110/1742 1120/1120/1742 1121/1121/1742
f 1111/1111/1743 1122/1122/1743 1112/1112/1743
f 1111/1111/1744 1121/1121/1744 1122/1122/1744
f 1112/1112/1745 1113/1113/1745 1103/1103/1745
f 1112/1112/1746 1122/1122/1746 1113/1113/1746
f 1113/1113/1747 1124/1124/1747 1114/1114/1747
f 1113/1113/1748 1123/1123/1748 1124/1124/1748
f 1114/1114/1749 1125/1125/1749 1115/1115/1749
f 1114/1114/1750 1124/1124/1750 1125/1125/1750
f 1115/1115/1751 1126/1126/1751 1116/1116/1751
f 1115/1115/1752 1125/1125/1752 1126/1126/1752
f 1116/1116/1753 1127/1127/1753 1117/1117/1753
f 1116/1116/1754 1126/1126/1754 1127/1127/1754
f 1117/1117/1755 1128/1128/1755 1118/1118/1755
f 1117/1117/1756 1127/1127/1756 1128/1128/1756
f 1118/1118/1757 1129/1129/1757 1119/1119/1757
f 1118/1118/1758 1128/1128/1758 1129/1129/1758
f 1119/1119/1759 1130/1130/1759 1120/1120/1759
f 1119/1119/1760 1129/1129/1760 1130/1130/1760
f 1120/1120/1761 1131/1131/1761 1121/1121/1761
f 1120/1120/1762 1130/1130/1762 1131/1131/1762
f 1121/1121/1763 1132/1132/1763 1122/1122/1763
f 1121/1121/1764 1131/1131/1764 1132/1132/1764
f 1122/1122/1765 1123/1123/1765 1113/1113/1765
f 1122/1122/1766 1132/1132/1766 1123/1123/1766
f 1123/1123/1767 1125/1125/1767 1124/1124/1767
f 1123/1123/1767 1126/1126/1767 1125/1125/1767
f 1123/1123/1767 1127/1127/1767 1126/1126/1767
f 1123/1123/1767 1128/1128/1767 1127/1127/1767
f 1123/1123/1767 1129/1129/1767 1128/1128/1767
f 1123/1123/1767 1130/1130/1767 1129/1129/1767
f 1123/1123/1767 1131/1131/1767 1130/1130/1767
f 1123/1123/1767 1132/1132/1767 1131/1131/1767
f 1102/1102/1768 1100/1100/1768 1101/1101/1768
f 1102/1102/1768 1099/1099/1768 1100/1100/1768
f 1102/1102/1768 1098/1098/1768 1099/1099/1768
f 1102/1102/1768 1097/1097/1768 1098/1098/1768
f 1102/1102/1768 1096/1096/1768 1097/1097/1768
f 1102/1102/1768 1095/1095/1768 1096/1096/1768
f 1102/1102/1768 1094/1094/1768 1095/1095/1768
f 1102/1102/1768 1093/1093/1768 1094/1094/1768
f 1133/1133/1769 1143/1143/1769 1134/1134/1769
f 1133/1133/1770 1142/1142/1770 1143/1143/1770
f 1134/1134/1771 1144/1144/1771 1135/1135/1771
f 1134/1134/1772 1143/1143/1772 1144/1144/1772
f 1135/1135/1773 1145/1145/1773 1136/1136/1773
f 1135/1135/1774 1144/1144/1774 1145/1145/1774
f 1136/1136/1775 1146/1146/1775 1137/1137/1775
f 1136/1136/1776 1145/1145/1776 1146/1146/1776
f 1137/1137/1777 1147/1147/1777 1138/1138/1777
f 1137/1137/1778 1146/1146/1778 1147/1147/1778
f 1138/1138/1779 1148/1148/1779 1139/1139/1779
f 1138/1138/1780 1147/1147/1780 1148/1148/1780
f 1139/1139/1781 1149/1149/1781 1140/1140/1781
f 1139/1139/1782 1148/1148/1782 1149/1149/1782
f 1140/1140/1783 1150/1150/1783 1141/1141/1783
f 1140/1140/1784 1149/1149/1784 1150/1150/1784
f 1141/1141/1785 1142/1142/1785 1133/1133/1785
f 1141/1141/1786 1150/1150/1786 1142/1142/1786
f 1142/1142/1787 1152/1152/1787 1143/1143/1787
f 1142/1142/1788 1151/1151/1788 1152/1152/1788
f 1143/1143/1789 1153/1153/1789 1144/1144/1789
f 1143/1143/1790 1152/1152/1790 1153/1153/1790
f 1144/1144/1791 1154/1154/1791 1145/1145/1791
f 1144/1144/1792 1153/1153/1792 1154/1154/1792
f 1145/1145/1793 1155/1155/1793 1146/1146/1793
f 1145/1145/1794 1154/1154/1794 1155/1155/1794
f 1146/1146/1795 1156/1156/1795 1147/1147/1795
f 1146/1146/1796 1155/1155/1796 1156/1156/1796
f 1147/1147/1797 1157/1157/1797 1148/1148/1797
f 1147/1147/1798 1156/1156/1798 1157/1157/1798
f 1148/1148/1799 1158/1158/1799 1149/1149/1799
f 1148/1148/1800 1157/1157/1800 1158/1158/1800
f 1149/1149/1801 1159/1159/1801 1150/1150/1801
f 1149/1149/1802 1158/1158/1802 1159/1159/1802
f 1150/1150/1803 1151/1151/1803 1142/1142/1803
f 1150/1150/1804 1159/1159/1804 1151/1151/1804
f 1151/1151/1805 1161/1161/1805 1152/1152/1805
f 1151/1151/1806 1160/1160/1806 1161/1161/1806
f 1152/1152/1807 1162/1162/1807 1153/1153/1807
f 1152/1152/1808 1161/1161/1808 1162/1162/1808
f 1153/1153/1809 1163/1163/1809 1154/1154/1809
f 1153/1153/1810 1162/1162/1810 1163/1163/1810
f 1154/1154/1811 1164/1164/1811 1155/1155/1811
f 1154/1154/1812 1163/1163/1812 1164/1164/1812
f 1155/1155/1813 1165/1165/1813 1156/1156/1813
f 1155/1155/1814 1164/1164/1814 1165/1165/1814
f 1156/1156/1815 1166/1166/1815 1157/1157/1815
f 1156/1156/1816 1165/1165/1816 1166/1166/1816
f 1157/1157/1817 1167/1167/1817 1158/1158/1817
f 1157/1157/1818 1166/1166/1818 1167/1167/1818
f 1158/1158/1819 1168/1168/1819 1159/1159/1819
f 1158/1158/1820 1167/1167/1820 1168/1168/1820
f 1159/1159/1821 1160/1160/1821 1151/1151/1821
f 1159/1159/1822 1168/1168/1822 1160/1160/1822
f 1160/1160/1823 1162/1162/1823 1161/1161/1823
f 1160/1160/1823 1163/1163/1823 1162/1162/1823
f 1160/1160/1823 1164/1164/1823 1163/1163/1823
f 1160/1160/1823 1165/1165/1823 1164/1164/1823
f 1160/1160/1823 1166/1166/1823 1165/1165/1823
f 1160/1160/1823 1167/1167/1823 1166/1166/1823
f 1160/1160/1823 1168/1168/1823 1167/1167/1823
f 1141/1141/1824 1139/1139/1824 1140/1140/1824
f 1141/1141/1824 1138/1138/1824 1139/1139/1824
f 1141/1141/1824 1137/1137/1824 1138/1138/1824
f 1141/1141/1824 1136/1136/1824 1137/1137/1824
f 1141/1141/1824 1135/1135/1824 1136/1136/1824
f 1141/1141/1824 1134/1134/1824 1135/1135/1824
f 1141/1141/1824 1133/1133/1824 1134/1134/1824
f 1169/1169/1825 1179/1179/1825 1170/1170/1825
f 1169/1169/1826 1178/1178/1826 1179/1179/1826
f 1170/1170/1827 1180/1180/1827 1171/1171/1827
f 1170/1170/1828 1179/1179/1828 1180/1180/1828
f 1171/1171/1829 1181/1181/1829 1172/1172/1829
f 1171/1171/1830 1180/1180/1830 1181/1181/1830
f 1172/1172/1831 1182/1182/1831 1173/1173/1831
f 1172/1172/1832 1181/1181/1832 1182/1182/1832
f 1173/1173/1833 1183/1183/1833 1174/1174/1833
f 1173/1173/1834 1182/1182/1834 1183/1183/1834
f 1174/1174/1835 1184/1184/1835 1175/1175/1835
f 1174/1174/1836 1183/1183/1836 1184/1184/1836
f 1175/1175/1837 1185/1185/1837 1176/1176/1837
f 1175/1175/1838 1184/1184/1838 1185/1185/1838
f 1176/1176/1839 1186/1186/1839 1177/1177/1839
f 1176/1176/1840 1185/1185/1840 1186/1186/1840
f 1177/1177/1841 1178/1178/1841 1169/1169/1841
f 1177/1177/1842 1186/1186/1842 1178/1178/1842
f 1178/1178/1843 1188/1188/1843 1179/1179/1843
f 1178/1178/1844 1187/1187/1844 1188/1188/1844
f 1179/1179/1845 1189/1189/1845 1180/1180/1845
f 1179/1179/1846 1188/1188/1846 1189/1189/1846
f 1180/1180/1847 1190/1190/1847 1181/1181/1847
f 1180/1180/1848 1189/1189/1848 1190/1190/1848
f 1181/1181/1849 1191/1191/1849 1182/1182/1849
f 1181/1181/1850 1190/1190/1850 1191/1191/1850
f 1182/1182/1851 1192/1192/1851 1183/1183/1851
f 1182/1182/1852 1191/1191/1852 1192/1192/1852
f 1183/1183/1853 1193/1193/1853 1184/1184/1853
f 1183/1183/1854 1192/1192/1854 1193/1193/1854
f 1184/1184/1855 1194/1194/1855 1185/1185/1855
f 1184/1184/1856 1193/1193/1856 1194/1194/1856
f 1185/1185/1857 1195/1195/1857 1186/1186/1857
f 1185/1185/1858 1194/1194/1858 1195/1195/1858
f 1186/1186/1859 1187/1187/1859 1178/1178/1859
f 1186/1186/1860 1195/1195/1860 1187/1187/1860
f 1187/1187/1861 1197/1197/1861 1188/1188/1861
f 1187/1187/1862 1196/1196/1862 1197/1197/1862
f 1188/1188/1863 1198/1198/1863 1189/1189/1863
f 1188/1188/1864 1197/1197/1864 1198/1198/1864
f 1189/1189/1865 1199/1199/1865 1190/1190/1865
f 1189/1189/1866 1198/1198/1866 1199/1199/1866
f 1190/1190/1867 1200/1200/1867 1191/1191/1867
f 1190/1190/1868 1199/1199/1868 1200/1200/1868
f 1191/1191/1869 1201/1201/1869 1192/1192/1869
f 1191/1191/1870 1200/1200/1870 1201/1201/1870
f 1192/1192/1871 1202/1202/1871 1193/1193/1871
f 1192/1192/1872 1201/1201/1872 1202/1202/1872
f 1193/1193/1873 1203/1203/1873 1194/1194/1873
f 1193/1193/1874 1202/1202/1874 1203/1203/1874
f 1194/1194/1875 1204/1204/1875 1195/1195/1875
f 1194/1194/1876 1203/1203/1876 1204/1204/1876
f 1195/1195/1877 1196/1196/1877 1187/1187/1877
f 1195/1195/1878 1204/1204/1878 1196/1196/1878
f 1196/1196/1879 1198/1198/1879 1197/1197/1879
f 1196/1196/1879 1199/1199/1879 1198/1198/1879
f 1196/1196/1879 1200/1200/1879 1199/1199/1879
f 1196/1196/1879 1201/1201/1879 1200/1200/1879
f 1196/1196/1879 1202/1202/1879 1201/1201/1879
f 1196/1196/1879 1203/1203/1879 1202/1202/1879
f 1196/1196/1879 1204/1204/1879 1203/1203/1879
f 1177/1177/1880 1175/1175/1880 1176/1176/1880
f 1177/1177/1880 1174/1174/1880 1175/1175/1880
f 1177/1177/1880 1173/1173/1880 1174/1174/1880
f 1177/1177/1880 1172/1172/1880 1173/1173/1880
f 1177/1177/1880 1171/1171/1880 1172/1172/1880
f 1177/1177/1880 1170/1170/1880 1171/1171/1880
f 1177/1177/1880 1169/1169/1880 1170/1170/1880
f 1205/1205/1881 1215/1215/1881 1206/1206/1881
f 1205/1205/1882 1214/1214/1882 1215/1215/1882
f 1206/1206/1883 1216/1216/1883 1207/1207/1883
f 1206/1206/1884 1215/1215/1884 1216/1216/1884
f 1207/1207/1885 1217/1217/1885 1208/1208/1885
f 1207/1207/1886 1216/1216/1886 1217/1217/1886
f 1208/1208/1887 1218/1218/1887 1209/1209/1887
f 1208/1208/1888 1217/1217/1888 1218/1218/1888
f 1209/1209/1889 1219/1219/1889 1210/1210/1889
f 1209/1209/1890 1218/1218/1890 1219/1219/1890
f 1210/1210/1891 1220/1220/1891 1211/1211/1891
f 1210/1210/1892 1219/1219/1892 1220/1220/1892
f 1211/1211/1893 1221/1221/1893 1212/1212/1893
f 1211/1211/1894 1220/1220/1894 1221/1221/1894
f 1212/1212/1895 1222/1222/1895 1213/1213/1895
f 1212/1212/1896 1221/1221/1896 1222/1222/1896
f 1213/1213/1897 1214/1214/1897 1205/1205/1897
f 1213/1213/1898 1222/1222/1898 1214/1214/1898
f 1214/1214/1899 1224/1224/1899 1215/1215/1899
f 1214/1214/1900 1223/1223/1900 1224/1224/1900
f 1215/1215/1901 1225/1225/1901 1216/1216/1901
f 1215/1215/1902 1224/1224/1902 1225/1225/1902
f 1216/1216/1903 1226/1226/1903 1217/1217/1903
f 1216/1216/1904 1225/1225/1904 1226/1226/1904
f 1217/1217/1905 1227/1227/1905 1218/1218/1905
f 1217/1217/1906 1226/1226/1906 1227/1227/1906
f 1218/1218/1907 1228/1228/1907 1219/1219/1907
f 1218/1218/1908 1227/1227/1908 1228/1228/1908
f 1219/1219/1909 1229/1229/1909 1220/1220/1909
f 1219/1219/1910 1228/1228/1910 1229/1229/1910
f 1220/1220/1911 1230/1230/1911 1221/1221/1911
f 1220/1220/1912 1229/1229/1912 1230/1230/1912
f 1221/1221/1913 1231/1231/1913 1222/1222/1913
f 1221/1221/1914 1230/1230/1914 1231/1231/1914
f 1222/1222/1915 1223/1223/1915 1214/1214/1915
f 1222/1222/1916 1231/1231/1916 1223/1223/1916
f 1223/1223/1917 1233/1233/1917 1224/1224/1917
f 1223/1223/1918 1232/1232/1918 1233/1233/1918
f 1224/1224/1919 1234/1234/1919 1225/1225/1919
f 1224/1224/1920 1233/1233/1920 1234/1234/1920
f 1225/1225/1921 1235/1235/1921 1226/1226/1921
f 1225/1225/1922 1234/1234/1922 1235/1235/1922
f 1226/1226/1923 1236/1236/1923 1227/1227/1923
f 1226/1226/1924 1235/1235/1924 1236/1236/1924
f 1227/1227/1925 1237/1237/1925 1228/1228/1925
f 1227/1227/1926 1236/1236/1926 1237/1237/1926
f 1228/1228/1927 1238/1238/1927 1229/1229/1927
f 1228/1228/1928 1237/1237/1928 1238/1238/1928
f 1229/1229/1929 1239/1239/1929 1230/1230/1929
f 1229/1229/1930 1238/1238/1930 1239/1239/1930
f 1230/1230/1931 1240/1240/1931 1231/1231/1931
f 1230/1230/1932 1239/1239/1932 1240/1240/1932
f 1231/1231/1933 1232/1232/1933 1223/1223/1933
f 1231/1231/1934 1240/1240/1934 1232/1232/1934
f 1232/1232/1935 1234/1234/1935 1233/1233/1935
f 1232/1232/1935 1235/1235/1935 1234/1234/1935
f 1232/1232/1935 1236/1236/1935 1235/1235/1935
f 1232/1232/1935 1237/1237/1935 1236/1236/1935
f 1232/1232/1935 1238/1238/1935 1237/1237/1935
f 1232/1232/1935 1239/1239/1935 1238/1238/1935
f 1232/1232/1935 1240/1240/1935 1239/1239/1935
f 1213/1213/1936 1211/1211/1936 1212/1212/1936
f 1213/1213/1936 1210/1210/1936 1211/1211/1936
f 1213/1213/1936 1209/1209/1936 1210/1210/1936
f 1213/1213/1936 1208/1208/1936 1209/1209/1936
f 1213/1213/1936 1207/1207/1936 1208/1208/1936
f 1213/1213/1936 1206/1206/1936 1207/1207/1936
f 1213/1213/1936 1205/1205/1936 1206/1206/1936
f 1241/1241/1937 1252/1252/1937 1242/1242/1937
f 1241/1241/1938 1251/1251/1938 1252/1252/1938
f 1242/1242/1939 1253/1253/1939 1243/1243/1939
f 1242/1242/1940 1252/1252/1940 1253/1253/1940
f 1243/1243/1941 1254/1254/1941 1244/1244/1941
f 1243/1243/1942 1253/1253/1942 1254/1254/1942
f 1244/1244/1943 1255/1255/1943 1245/1245/1943
f 1244/1244/1944 1254/1254/1944 1255/1255/1944
f 1245/1245/1945 1256/1256/1945 1246/1246/1945
f 1245/1245/1946 1255/1255/1946 1256/1256/1946
f 1246/1246/1947 1257/1257/1947 1247/1247/1947
f 1246/1246/1948 1256/1256/1948 1257/1257/1948
f 1247/1247/1949 1258/1258/1949 1248/1248/1949
f 1247/1247/1950 1257/1257/1950 1258/1258/1950
f 1248/1248/1951 1259/1259/1951 1249/1249/1951
f 1248/1248/1952 1258/1258/1952 1259/1259/1952
f 1249/1249/1953 1260/1260/1953 1250/1250/1953
f 1249/1249/1954 1259/1259/1954 1260/1260/1954
f 1250/1250/1955 1251/1251/1955 1241/1241/1955
f 1250/1250/1956 1260/1260/1956 1251/1251/1956
f 1251/1251/1957 1262/1262/1957 1252/1252/1957
f 1251/1251/1958 1261/1261/1958 1262/1262/1958
f 1252/1252/1959 1263/1263/1959 1253/1253/1959
f 1252/1252/1960 1262/1262/1960 1263/1263/1960
f 1253/1253/1961 1264/1264/1961 1254/1254/1961
f 1253/1253/1962 1263/1263/1962 1264/1264/1962
f 1254/1254/1963 1265/1265/1963 1255/1255/1963
f 1254/1254/1964 1264/1264/1964 1265/1265/1964
f 1255/1255/1965 1266/1266/1965 1256/1256/1965
f 1255/1255/1966 1265/1265/1966 1266/1266/1966
f 1256/1256/1967 1267/1267/1967 1257/1257/1967
f 1256/1256/1968 1266/1266/1968 1267/1267/1968
f 1257/1257/1969 1268/1268/1969 1258/1258/1969
f 1257/1257/1970 1267/1267/1970 1268/1268/1970
f 1258/1258/1971 1269/1269/1971 1259/1259/1971
f 1258/1258/1972 1268/1268/1972 1269/1269/1972
f 1259/1259/1973 1270/1270/1973 1260/1260/1973
f 1259/1259/1974 1269/1269/1974 1270/1270/1974
f 1260/1260/1975 1261/1261/1975 1251/1251/1975
f 1260/1260/1976 1270/1270/1976 1261/1261/1976
f 1261/1261/1977 1272/1272/1977 1262/1262/1977
f 1261/1261/1978 1271/1271/1978 1272/1272/1978
f 1262/1262/1979 1273/1273/1979 1263/1263/1979
f 1262/1262/1980 1272/1272/1980 1273/1273/1980
f 1263/1263/1981 1274/1274/1981 1264/1264/1981
f 1263/1263/1982 1273/1273/1982 1274/1274/1982
f 1264/1264/1983 1275/1275/1983 1265/1265/1983
f 1264/1264/1984 1274/1274/1984 1275/1275/1984
f 1265/1265/1985 1276/1276/1985 1266/1266/1985
f 1265/1265/1986 1275/1275/1986 1276/1276/1986
f 1266/1266/1987 1277/1277/1987 1267/1267/1987
f 1266/1266/1988 1276/1276/1988 1277/1277/1988
f 1267/1267/1989 1278/1278/1989 1268/1268/1989
f 1267/1267/1990 1277/1277/1990 1278/1278/1990
f 1268/1268/1991 1279/1279/1991 1269/1269/1991
f 1268/1268/1992 1278/1278/1992 1279/1279/1992
f 1269/1269/1993 1280/1280/1993 1270/1270/1993
f 1269/1269/1994 1279/1279/1994 1280/1280/1994
f 1270/1270/1995 1271/1271/1995 1261/1261/1995
f 1270/1270/1996 1280/1280/1996 1271/1271/1996
f 1271/1271/1997 1273/1273/1997 1272/1272/1997
f 1271/1271/1997 1274/1274/1997 1273/1273/1997
f 1271/1271/1997 1275/1275/1997 1274/1274/1997
f 1271/1271/1997 1276/1276/1997 1275/1275/1997
f 1271/1271/1997 1277/1277/1997 1276/1276/1997
f 1271/1271/1997 1278/1278/1997 1277/1277/1997
f 1271/1271/1997 1279/1279/1997 1278/1278/1997
f 1271/1271/1997 1280/1280/1997 1279/1279/1997
f 1250/1250/1998 1248/1248/1998 1249/1249/1998
f 1250/1250/1998 1247/1247/1998 1248/1248/1998
f 1250/1250/1998 1246/1246/1998 1247/1247/1998
f 1250/1250/1998 1245/1245/1998 1246/1246/1998
f 1250/1250/1998 1244/1244/1998 1245/1245/1998
f 1250/1250/1998 1243/1243/1998 1244/1244/1998
f 1250/1250/1998 1242/1242/1998 1243/1243/1998
f 1250/1250/1998 1241/1241/1998 1242/1242/1998
f 1281/1281/1999 1291/1291/1999 1282/1282/1999
f 1281/1281/2000 1290/1290/2000 1291/1291/2000
f 1282/1282/2001 1292/1292/2001 1283/1283/2001
f 1282/1282/2002 1291/1291/2002 1292/1292/2002
f 1283/1283/2003 1293/1293/2003 1284/1284/2003
f 1283/1283/2004 1292/1292/2004 1293/1293/2004
f 1284/1284/2005 1294/1294/2005 1285/1285/2005
f 1284/1284/2006 1293/1293/2006 1294/1294/2006
f 1285/1285/2007 1295/1295/2007 1286/1286/2007
f 1285/1285/2008 1294/1294/2008 1295/1295/2008
f 1286/1286/2009 1296/1296/2009 1287/1287/2009
f 1286/1286/2010 1295/1295/2010 1296/1296/2010
f 1287/1287/2011 1297/1297/2011 1288/1288/2011
f 1287/1287/2012 1296/1296/2012 1297/1297/2012
f 1288/1288/2013 1298/1298/2013 1289/1289/2013
f 1288/1288/2014 1297/1297/2014 1298/1298/2014
f 1289/1289/2015 1290/1290/2015 1281/1281/2015
f 1289/1289/2016 1298/1298/2016 1290/1290/2016
f 1290/1290/2017 1300/1300/2017 1291/1291/2017
f 1290/1290/2018 1299/1299/2018 1300/1300/2018
f 1291/1291/2019 1301/1301/2019 1292/1292/2019
f 1291/1291/2020 1300/1300/2020 1301/1301/2020
f 1292/1292/2021 1302/1302/2021 1293/1293/2021
f 1292/1292/2022 1301/1301/2022 1302/1302/2022
f 1293/1293/2023 1303/1303/2023 1294/1294/2023
f 1293/1293/2024 1302/1302/2024 1303/1303/2024
f 1294/1294/2025 1304/1304/2025 1295/1295/2025
f 1294/1294/2026 1303/1303/2026 1304/1304/2026
f 1295/1295/2027 1305/1305/2027 1296/1296/2027
f 1295/1295/2028 1304/1304/2028 1305/1305/2028
f 1296/1296/2029 1306/1306/2029 1297/1297/2029
f 1296/1296/2030 1305/1305/2030 1306/1306/2030
f 1297/1297/2031 1307/1307/2031 1298/1298/2031
f 1297/1297/2032 1306/1306/2032 1307/1307/2032
f 1298/1298/2033 1299/1299/2033 1290/1290/2033
f 1298/1298/2034 1307/1307/2034 1299/1299/2034
f 1299/1299/2035 1309/1309/2035 1300/1300/2035
f 1299/1299/2036 1308/1308/2036 1309/1309/2036
f 1300/1300/2037 1310/1310/2037 1301/1301/2037
f 1300/1300/2038 1309/1309/2038 1310/1310/2038
f 1301/1301/2039 1311/1311/2039 1302/1302/2039
f 1301/1301/2040 1310/1310/2040 1311/1311/2040
f 1302/1302/2041 1312/1312/2041 1303/1303/2041
f 1302/1302/2042 1311/1311/2042 1312/1312/2042
f 1303/1303/2043 1313/1313/2043 1304/1304/2043
f 1303/1303/2044 1312/1312/2044 1313/1313/2044
f 1304/1304/2045 1314/1314/2045 1305/1305/2045
f 1304/1304/2046 1313/1313/2046 1314/1314/2046
f 1305/1305/2047 1315/1315/2047 1306/1306/2047
f 1305/1305/2048 1314/1314/2048 1315/1315/2048
f 1306/1306/2049 1316/1316/2049 1307/1307/2049
f 1306/1306/2050 1315/1315/2050 1316/1316/2050
f 1307/1307/2051 1308/1308/2051 1299/1299/2051
f 1307/1307/2052 1316/1316/2052 1308/1308/2052
f 1308/1308/2053 1310/1310/2053 1309/1309/2053
f 1308/1308/2053 1311/1311/2053 1310/1310/2053
f 1308/1308/2053 1312/1312/2053 1311/1311/2053
f 1308/1308/2053 1313/1313/2053 1312/1312/2053
f 1308/1308/2053 1314/1314/2053 1313/1313/2053
f 1308/1308/2053 1315/1315/2053 1314/1314/2053
f 1308/1308/2053 1316/1316/2053 1315/1315/2053
f 1289/1289/2054 1287/1287/2054 1288/1288/2054
f 1289/1289/2054 1286/1286/2054 1287/1287/2054
f 1289/1289/2054 1285/1285/2054 1286/1286/2054
f 1289/1289/2054 1284/1284/2054 1285/1285/2054
f 1289/1289/2054 1283/1283/2054 1284/1284/2054
f 1289/1289/2054 1282/1282/2054 1283/1283/2054
f 1289/1289/2054 1281/1281/2054 1282/1282/2054
f 1317/1317/2055 1327/1327/2055 1318/1318/2055
f 1317/1317/2056 1326/1326/2056 1327/1327/2056
f 1318/1318/2057 1328/1328/2057 1319/1319/2057
f 1318/1318/2058 1327/1327/2058 1328/1328/2058
f 1319/1319/2059 1329/1329/2059 1320/1320/2059
f 1319/1319/2060 1328/1328/2060 1329/1329/2060
f 1320/1320/2061 1330/1330/2061 1321/1321/2061
f 1320/1320/2062 1329/1329/2062 1330/1330/2062
f 1321/1321/2063 1331/1331/2063 1322/1322/2063
f 1321/1321/2064 1330/1330/2064 1331/1331/2064
f 1322/1322/2065 1332/1332/2065 1323/1323/2065
f 1322/1322/2066 1331/1331/2066 1332/1332/2066
f 1323/1323/2067 1333/1333/2067 1324/1324/2067
f 1323/1323/2068 1332/1332/2068 1333/1333/2068
f 1324/1324/2069 1334/1334/2069 1325/1325/2069
f 1324/1324/2070 1333/1333/2070 1334/1334/2070
f 1325/1325/2071 1326/1326/2071 1317/1317/2071
f 1325/1325/2072 1334/1334/2072 1326/1326/2072
f 1326/1326/2073 1336/1336/2073 1327/1327/2073
f 1326/1326/2074 1335/1335/2074 1336/1336/2074
f 1327/1327/2075 1337/1337/2075 1328/1328/2075
f 1327/1327/2076 1336/1336/2076 1337/1337/2076
f 1328/1328/2077 1338/1338/2077 1329/1329/2077
f 1328/1328/2078 1337/1337/2078 1338/1338/2078
f 1329/1329/2079 1339/1339/2079 1330/1330/2079
f 1329/1329/2080 1338/1338/2080 1339/1339/2080
f 1330/1330/2081 1340/1340/2081 1331/1331/2081
f 1330/1330/2082 1339/1339/2082 1340/1340/2082
f 1331/1331/2083 1341/1341/2083 1332/1332/2083
f 1331/1331/2084 1340/1340/2084 1341/1341/2084
f 1332/1332/2085 1342/1342/2085 1333/1333/2085
f 1332/1332/2086 1341/1341/2086 1342/1342/2086
f 1333/1333/2087 1343/1343/2087 1334/1334/2087
f 1333/1333/2088 1342/1342/2088 1343/1343/2088
f 1334/1334/2089 1335/1335/2089 1326/1326/2089
f 1334/1334/2090 1343/1343/2090 1335/1335/2090
f 1335/1335/2091 1345/1345/2091 1336/1336/2091
f 1335/1335/2092 1344/1344/2092 1345/1345/2092
f 1336/1336/2093 1346/1346/2093 1337/1337/2093
f 1336/1336/2094 1345/1345/2094 1346/1346/2094
f 1337/1337/2095 1347/1347/2095 1338/1338/2095
f 1337/1337/2096 1346/1346/2096 1347/1347/2096
f 1338/1338/2097 1348/1348/2097 1339/1339/2097
f 1338/1338/2098 1347/1347/2098 1348/1348/2098
f 1339/1339/2099 1349/1349/2099 1340/1340/2099
f 1339/1339/2100 1348/1348/2100 1349/1349/2100
f 1340/1340/2101 1350/1350/2101 1341/1341/2101
f 1340/1340/2102 1349/1349/2102 1350/1350/2102
f 1341/1341/2103 1351/1351/2103 1342/1342/2103
f 1341/1341/2104 1350/1350/2104 1351/1351/2104
f 1342/1342/2105 1352/1352/2105 1343/1343/2105
f 1342/1342/2106 1351/1351/2106 1352/1352/2106
f 1343/1343/2107 1344/1344/2107 1335/1335/2107
f 1343/1343/2108 1352/1352/2108 1344/1344/2108
f 1344/1344/2109 1346/1346/2109 1345/1345/2109
f 1344/1344/2109 1347/1347/2109 1346/1346/2109
f 1344/1344/2109 1348/1348/2109 1347/1347/2109
f 1344/1344/2109 1349/1349/2109 1348/1348/2109
f 1344/1344/2109 1350/1350/2109 1349/1349/2109
f 1344/1344/2109 1351/1351/2109 1350/1350/2109
f 1344/1344/2109 1352/1352/2109 1351/1351/2109
f 1325/1325/2110 1323/1323/2110 1324/1324/2110
f 1325/1325/2110 1322/1322/2110 1323/1323/2110
f 1325/1325/2110 1321/1321/2110 1322/1322/2110
f 1325/1325/2110 1320/1320/2110 1321/1321/2110
f 1325/1325/2110 1319/1319/2110 1320/1320/2110
f 1325/1325/2110 1318/1318/2110 1319/1319/2110
f 1325/1325/2110 1317/1317/2110 1318/1318/2110
f 1353/1353/2111 1363/1363/2111 1354/1354/2111
f 1353/1353/2112 1362/1362/2112 1363/1363/2112
f 1354/1354/2113 1364/1364/2113 1355/1355/2113
f 1354/1354/2114 1363/1363/2114 1364/1364/2114
f 1355/1355/2115 1365/1365/2115 1356/1356/2115
f 1355/1355/2116 1364/1364/2116 1365/1365/2116
f 1356/1356/2117 1366/1366/2117 1357/1357/2117
f 1356/1356/2118 1365/1365/2118 1366/1366/2118
f 1357/1357/2119 1367/1367/2119 1358/1358/2119
f 1357/1357/2120 1366/1366/2120 1367/1367/2120
f 1358/1358/2121 1368/1368/2121 1359/1359/2121
f 1358/1358/2122 1367/1367/2122 1368/1368/2122
f 1359/1359/2123 1369/1369/2123 1360/1360/2123
f 1359/1359/2124 1368/1368/2124 1369/1369/2124
f 1360/1360/2125 1370/1370/2125 1361/1361/2125
f 1360/1360/2126 1369/1369/2126 1370/1370/2126
f 1361/1361/2127 1362/1362/2127 1353/1353/2127
f 1361/1361/2128 1370/1370/2128 1362/1362/2128
f 1362/1362/2129 1372/1372/2129 1363/1363/2129
f 1362/1362/2130 1371/1371/2130 1372/1372/2130
f 1363/1363/2131 1373/1373/2131 1364/1364/2131
f 1363/1363/2132 1372/1372/2132 1373/1373/2132
f 1364/1364/2133 1374/1374/2133 1365/1365/2133
f 1364/1364/2134 1373/1373/2134 1374/1374/2134
f 1365/1365/2135 1375/1375/2135 1366/1366/2135
f 1365/1365/2136 1374/1374/2136 1375/1375/2136
f 1366/1366/2137 1376/1376/2137 1367/1367/2137
f 1366/1366/2138 1375/1375/2138 1376/1376/2138
f 1367/1367/2139 1377/1377/2139 1368/1368/2139
f 1367/1367/2140 1376/1376/2140 1377/1377/2140
f 1368/1368/2141 1378/1378/2141 1369/1369/2141
f 1368/1368/2142 1377/1377/2142 1378/1378/2142
f 1369/1369/2143 1379/1379/2143 1370/1370/2143
f 1369/1369/2144 1378/1378/2144 1379/1379/2144
f 1370/1370/2145 1371/1371/2145 1362/1362/2145
f 1370/1370/2146 1379/1379/2146 1371/1371/2146
f 1371/1371/2147 1381/1381/2147 1372/1372/2147
f 1371/1371/2148 1380/1380/2148 1381/1381/2148
f 1372/1372/2149 1382/1382/2149 1373/1373/2149
f 1372/1372/2150 1381/1381/2150 1382/1382/2150
f 1373/1373/2151 1383/1383/2151 1374/1374/2151
f 1373/1373/2152 1382/1382/2152 1383/1383/2152
f 1374/1374/2153 1384/1384/2153 1375/1375/2153
f 1374/1374/2154 1383/1383/2154 1384/1384/2154
f 1375/1375/2155 1385/1385/2155 1376/1376/2155
f 1375/1375/2156 1384/1384/2156 1385/1385/2156
f 1376/1376/2157 1386/1386/2157 1377/1377/2157
f 1376/1376/2158 1385/1385/2158 1386/1386/2158
f 1377/1377/2159 1387/1387/2159 1378/1378/2159
f 1377/1377/2160 1386/1386/2160 1387/1387/2160
f 1378/1378/2161 1388/1388/2161 1379/1379/2161
f 1378/1378/2162 1387/1387/2162 1388/1388/2162
f 1379/1379/2163 1380/1380/2163 1371/1371/2163
f 1379/1379/2164 1388/1388/2164 1380/1380/2164
f 1380/1380/2165 1382/1382/2165 1381/1381/2165
f 1380/1380/2165 1383/1383/2165 1382/1382/2165
f 1380/1380/2165 1384/1384/2165 1383/1383/2165
f 1380/1380/2165 1385/1385/2165 1384/1384/2165
f 1380/1380/2165 1386/1386/2165 1385/1385/2165
f 1380/1380/2165 1387/1387/2165 1386/1386/2165
f 1380/1380/2165 1388/1388/2165 1387/1387/2165
f 1361/1361/2166 1359/1359/2166 1360/1360/2166
f 1361/1361/2166 1358/1358/2166 1359/1359/2166
f 1361/1361/2166 1357/1357/2166 1358/1358/2166
f 1361/1361/2166 1356/1356/2166 1357/1357/2166
f 1361/1361/2166 1355/1355/2166 1356/1356/2166
f 1361/1361/2166 1354/1354/2166 1355/1355/2166
f 1361/1361/2166 1353/1353/2166 1354/1354/2166
f 1389/1389/2167 1400/1400/2167 1390/1390/2167
f 1389/1389/2168 1399/1399/2168 1400/1400/2168
f 1390/1390/2169 1401/1401/2169 1391/1391/2169
f 1390/1390/2170 1400/1400/2170 1401/1401/2170
f 1391/1391/2171 1402/1402/2171 1392/1392/2171
f 1391/1391/2172 1401/1401/2172 1402/1402/2172
f 1392/1392/2173 1403/1403/2173 1393/1393/2173
f 1392/1392/2174 1402/1402/2174 1403/1403/2174
f 1393/1393/2175 1404/1404/2175 1394/1394/2175
f 1393/1393/2176 1403/1403/2176 1404/1404/2176
f 1394/1394/2177 1405/1405/2177 1395/1395/2177
f 1394/1394/2178 1404/1404/2178 1405/1405/2178
f 1395/1395/2179 1406/1406/2179 1396/1396/2179
f 1395/1395/2180 1405/1405/2180 1406/1406/2180
f 1396/1396/2181 1407/1407/2181 1397/1397/2181
f 1396/1396/2182 1406/1406/2182 1407/1407/2182
f 1397/1397/2183 1408/1408/2183 1398/1398/2183
f 1397/1397/2184 1407/1407/2184 1408/1408/2184
f 1398/1398/2185 1399/1399/2185 1389/1389/2185
f 1398/1398/2186 1408/1408/2186 1399/1399/2186
f 1399/1399/2187 1410/1410/2187 1400/1400/2187
f 1399/1399/2188 1409/1409/2188 1410/1410/2188
f 1400/1400/2189 1411/1411/2189 1401/1401/2189
f 1400/1400/2190 1410/1410/2190 1411/1411/2190
f 1401/1401/2191 1412/1412/2191 1402/1402/2191
f 1401/1401/2192 1411/1411/2192 1412/1412/2192
f 1402/1402/2193 1413/1413/2193 1403/1403/2193
f 1402/1402/2194 1412/1412/2194 1413/1413/2194
f 1403/1403/2195 1414/1414/2195 1404/1404/2195
f 1403/1403/2196 1413/1413/2196 1414/1414/2196
f 1404/1404/2197 1415/1415/2197 1405/1405/2197
f 1404/1404/2198 1414/1414/2198 1415/1415/2198
f 1405/1405/2199 1416/1416/2199 1406/1406/2199
f 1405/1405/2200 1415/1415/2200 1416/1416/2200
f 1406/1406/2201 1417/1417/2201 1407/1407/2201
f 1406/1406/2202 1416/1416/2202 1417/1417/2202
f 1407/1407/2203 1418/1418/2203 1408/1408/2203
f 1407/1407/2204 1417/1417/2204 1418/1418/2204
f 1408/1408/2205 1409/1409/2205 1399/1399/2205
f 1408/1408/2206 1418/1418/2206 1409/1409/2206
f 1409/1409/2207 1420/1420/2207 1410/1410/2207
f 1409/1409/2208 1419/1419/2208 1420/1420/2208
f 1410/1410/2209 1421/1421/2209 1411/1411/2209
f 1410/1410/2210 1420/1420/2210 1421/1421/2210
f 1411/1411/2211 1422/1422/2211 1412/1412/2211
f 1411/1411/2212 1421/1421/2212 1422/1422/2212
f 1412/1412/2213 1423/1423/2213 1413/1413/2213
f 1412/1412/2214 1422/1422/2214 1423/1423/2214
f 1413/1413/2215 1424/1424/2215 1414/1414/2215
f 1413/1413/2216 1423/1423/2216 1424/1424/2216
f 1414/1414/2217 1425/1425/2217 1415/1415/2217
f 1414/1414/2218 1424/1424/2218 1425/1425/2218
f 1415/1415/2219 1426/1426/2219 1416/1416/2219
f 1415/1415/2220 1425/1425/2220 1426/1426/2220
f 1416/1416/2221 1427/1427/2221 1417/1417/2221
f 1416/1416/2222 1426/1426/2222 1427/1427/2222
f 1417/1417/2223 1428/1428/2223 1418/1418/2223
f 1417/1417/2224 1427/1427/2224 1428/1428/2224
f 1418/1418/2225 1419/1419/2225 1409/1409/2225
f 1418/1418/2226 1428/1428/2226 1419/1419/2226
f 1419/1419/2227 1421/1421/2227 1420/1420/2227
f 1419/1419/2227 1422/1422/2227 1421/1421/2227
f 1419/1419/2227 1423/1423/2227 1422/1422/2227
f 1419/1419/2227 1424/1424/2227 1423/1423/2227
f 1419/1419/2227 1425/1425/2227 1424/1424/2227
f 1419/1419/2227 1426/1426/2227 1425/1425/2227
f 1419/1419/2227 1427/1427/2227 1426/1426/2227
f 1419/1419/2227 1428/1428/2227 1427/1427/2227
f 1398/1398/2228 1396/1396/2228 1397/1397/2228
f 1398/1398/2228 1395/1395/2228 1396/1396/2228
f 1398/1398/2228 1394/1394/2228 1395/1395/2228
f 1398/1398/2228 1393/1393/2228 1394/1394/2228
f 1398/1398/2228 1392/1392/2228 1393/1393/2228
f 1398/1398/2228 1391/1391/2228 1392/1392/2228
f 1398/1398/2228 1390/1390/2228 1391/1391/2228
f 1398/1398/2228 1389/1389/2228 1390/1390/2228
f 1429/1429/2229 1439/1439/2229 1430/1430/2229
f 1429/1429/2230 1438/1438/2230 1439/1439/2230
f 1430/1430/2231 1440/1440/2231 1431/1431/2231
f 1430/1430/2232 1439/1439/2232 1440/1440/2232
f 1431/1431/2233 1441/1441/2233 1432/1432/2233
f 1431/1431/2234 1440/1440/2234 1441/1441/2234
f 1432/1432/2235 1442/1442/2235 1433/1433/2235
f 1432/1432/2236 1441/1441/2236 1442/1442/2236
f 1433/1433/2237 1443/1443/2237 1434/1434/2237
f 1433/1433/2238 1442/1442/2238 1443/1443/2238
f 1434/1434/2239 1444/1444/2239 1435/1435/2239
f 1434/1434/2240 1443/1443/2240 1444/1444/2240
f 1435/1435/2241 1445/1445/2241 1436/1436/2241
f 1435/1435/2242 1444/1444/2242 1445/1445/2242
f 1436/1436/2243 1446/1446/2243 1437/1437/2243
f 1436/1436/2244 1445/1445/2244 1446/1446/2244
f 1437/1437/2245 1438/1438/2245 1429/1429/2245
f 1437/1437/2246 1446/1446/2246 1438/1438/2246
f 1438/1438/2247 1448/1448/2247 1439/1439/2247
f 1438/1438/2248 1447/1447/2248 1448/1448/2248
f 1439/1439/2249 1449/1449/2249 1440/1440/2249
f 1439/1439/2250 1448/1448/2250 1449/1449/2250
f 1440/1440/2251 1450/1450/2251 1441/1441/2251
f 1440/1440/2252 1449/1449/2252 1450/1450/2252
f 1441/1441/2253 1451/1451/2253 1442/1442/2253
f 1441/1441/2254 1450/1450/2254 1451/1451/2254
f 1442/1442/2255 1452/1452/2255 1443/1443/2255
f 1442/1442/2256 1451/1451/2256 1452/1452/2256
f 1443/1443/2257 1453/1453/2257 1444/1444/2257
f 1443/1443/2258 1452/1452/2258 1453/1453/2258
f 1444/1444/2259 1454/1454/2259 1445/1445/2259
f 1444/1444/2260 1453/1453/2260 1454/1454/2260
f 1445/1445/2261 1455/1455/2261 1446/1446/2261
f 1445/1445/2262 1454/1454/2262 1455/1455/2262
f 1446/1446/2263 1447/1447/2263 1438/1438/2263
f 1446/1446/2264 1455/1455/2264 1447/1447/2264
f 1447/1447/2265 1457/1457/2265 1448/1448/2265
f 1447/1447/2266 1456/1456/2266 1457/1457/2266
f 1448/1448/2267 1458/1458/2267 1449/1449/2267
f 1448/1448/2268 1457/1457/2268 1458/1458/2268
f 1449/1449/2269 1459/1459/2269 1450/1450/2269
f 1449/1449/2270 1458/1458/2270 1459/1459/2270
f 1450/1450/2271 1460/1460/2271 1451/1451/2271
f 1450/1450/2272 1459/1459/2272 1460/1460/2272
f 1451/1451/2273 1461/1461/2273 1452/1452/2273
f 1451/1451/2274 1460/1460/2274 1461/1461/2274
f 1452/1452/2275 1462/1462/2275 1453/1453/2275
f 1452/1452/2276 1461/1461/2276 1462/1462/2276
f 1453/1453/2277 1463/1463/2277 1454/1454/2277
f 1453/1453/2278 1462/1462/2278 1463/1463/2278
f 1454/1454/2279 1464/1464/2279 1455/1455/2279
f 1454/1454/2280 1463/1463/2280 1464/1464/2280
f 1455/1455/2281 1456/1456/2281 1447/1447/2281
f 1455/1455/2282 1464/1464/2282 1456/1456/2282
f 1456/1456/2283 1458/1458/2283 1457/1457/2283
f 1456/1456/2283 1459/1459/2283 1458/1458/2283
f 1456/1456/2283 1460/1460/2283 1459/1459/2283
f 1456/1456/2283 1461/1461/2283 1460/1460/2283
f 1456/1456/2283 1462/1462/2283 1461/1461/2283
f 1456/1456/2283 1463/1463/2283 1462/1462/2283
f 1456/1456/2283 1464/1464/2283 1463/1463/2283
f 1437/1437/2284 1435/1435/2284 1436/1436/2284
f 1437/1437/2284 1434/1434/2284 1435/1435/2284
f 1437/1437/2284 1433/1433/2284 1434/1434/2284
f 1437/1437/2284 1432/1432/2284 1433/1433/2284
f 1437/1437/2284 1431/1431/2284 1432/1432/2284
f 1437/1437/2284 1430/1430/2284 1431/1431/2284
f 1437/1437/2284 1429/1429/2284 1430/1430/2284
f 1465/1465/2285 1475/1475/2285 1466/1466/2285
f 1465/1465/2286 1474/1474/2286 1475/1475/2286
f 1466/1466/2287 1476/1476/2287 1467/1467/2287
f 1466/1466/2288 1475/1475/2288 1476/1476/2288
f 1467/1467/2289 1477/1477/2289 1468/1468/2289
f 1467/1467/2290 1476/1476/2290 1477/1477/2290
f 1468/1468/2291 1478/1478/2291 1469/1469/2291
f 1468/1468/2292 1477/1477/2292 1478/1478/2292
f 1469/1469/2293 1479/1479/2293 1470/1470/2293
f 1469/1469/2294 1478/1478/2294 1479/1479/2294
f 1470/1470/2295 1480/1480/2295 1471/1471/2295
f 1470/1470/2296 1479/1479/2296 1480/1480/2296
f 1471/1471/2297 1481/1481/2297 1472/1472/2297
f 1471/1471/2298 1480/1480/2298 1481/1481/2298
f 1472/1472/2299 1482/1482/2299 1473/1473/2299
f 1472/1472/2300 1481/1481/2300 1482/1482/2300
f 1473/1473/2301 1474/1474/2301 1465/1465/2301
f 1473/1473/2302 1482/1482/2302 1474/1474/2302
f 1474/1474/2303 1484/1484/2303 1475/1475/2303
f 1474/1474/2304 1483/1483/2304 1484/1484/2304
f 1475/1475/2305 1485/1485/2305 1476/1476/2305
f 1475/1475/2306 1484/1484/2306 1485/1485/2306
f 1476/1476/2307 1486/1486/2307 1477/1477/2307
f 1476/1476/2308 1485/1485/2308 1486/1486/2308
f 1477/1477/2309 1487/1487/2309 1478/1478/2309
f 1477/1477/2310 1486/1486/2310 1487/1487/2310
f 1478/1478/2311 1488/1488/2311 1479/1479/2311
f 1478/1478/2312 1487/1487/2312 1488/1488/2312
f 1479/1479/2313 1489/1489/2313 1480/1480/2313
f 1479/1479/2314 1488/1488/2314 1489/1489/2314
f 1480/1480/2315 1490/1490/2315 1481/1481/2315
f 1480/1480/2316 1489/1489/2316 1490/1490/2316
f 1481/1481/2317 1491/1491/2317 1482/1482/2317
f 1481/1481/2318 1490/1490/2318 1491/1491/2318
f 1482/1482/2319 1483/1483/2319 1474/1474/2319
f 1482/1482/2320 1491/1491/2320 1483/1483/2320
f 1483/1483/2321 1493/1493/2321 1484/1484/2321
f 1483/1483/2322 1492/1492/2322 1493/1493/2322
f 1484/1484/2323 1494/1494/2323 1485/1485/2323
f 1484/1484/2324 1493/1493/2324 1494/1494/2324
f 1485/1485/2325 1495/1495/2325 1486/1486/2325
f 1485/1485/2326 1494/1494/2326 1495/1495/2326
f 1486/1486/2327 1496/1496/2327 1487/1487/2327
f 1486/1486/2328 1495/1495/2328 1496/1496/2328
f 1487/1487/2329 1497/1497/2329 1488/1488/2329
f 1487/1487/2330 1496/1496/2330 1497/1497/2330
f 1488/1488/2331 1498/1498/2331 1489/1489/2331
f 1488/1488/2332 1497/1497/2332 1498/1498/2332
f 1489/1489/2333 1499/1499/2333 1490/1490/2333
f 1489/1489/2334 1498/1498/2334 1499/1499/2334
f 1490/1490/2335 1500/1500/2335 1491/1491/2335
f 1490/1490/2336 1499/1499/2336 1500/1500/2336
f 1491/1491/2337 1492/1492/2337 1483/1483/2337
f 1491/1491/2338 1500/1500/2338 1492/1492/2338
f 1492/1492/2339 1494/1494/2339 1493/1493/2339
f 1492/1492/2339 1495/1495/2339 1494/1494/2339
f 1492/1492/2339 1496/1496/2339 1495/1495/2339
f 1492/1492/2339 1497/1497/2339 1496/1496/2339
f 1492/1492/2339 1498/1498/2339 1497/1497/2339
f 1492/1492/2339 1499/1499/2339 1498/1498/2339
f 1492/1492/2339 1500/1500/2339 1499/1499/2339
f 1473/1473/2340 1471/1471/2340 1472/1472/2340
f 1473/1473/2340 1470/1470/2340 1471/1471/2340
f 1473/1473/2340 1469/1469/2340 1470/1470/2340
f 1473/1473/2340 1468/1468/2340 1469/1469/2340
f 1473/1473/2340 1467/1467/2340 1468/1468/2340
f 1473/1473/2340 1466/1466/2340 1467/1467/2340
f 1473/1473/2340 1465/1465/2340 1466/1466/2340
f 1501/1501/2341 1511/1511/2341 1502/1502/2341
f 1501/1501/2342 1510/1510/2342 1511/1511/2342
f 1502/1502/2343 1512/1512/2343 1503/1503/2343
f 1502/1502/2344 1511/1511/2344 1512/1512/2344
f 1503/1503/2345 1513/1513/2345 1504/1504/2345
f 1503/1503/2346 1512/1512/2346 1513/1513/2346
f 1504/1504/2347 1514/1514/2347 1505/1505/2347
f 1504/1504/2348 1513/1513/2348 1514/1514/2348
f 1505/1505/2349 1515/1515/2349 1506/1506/2349
f 1505/1505/2350 1514/1514/2350 1515/1515/2350
f 1506/1506/2351 1516/1516/2351 1507/1507/2351
f 1506/1506/2352 1515/1515/2352 1516/1516/2352
f 1507/1507/2353 1517/1517/2353 1508/1508/2353
f 1507/1507/2354 1516/1516/2354 1517/1517/2354
f 1508/1508/2355 1518/1518/2355 1509/1509/2355
f 1508/1508/2356 1517/1517/2356 1518/1518/2356
f 1509/1509/2357 1510/1510/2357 1501/1501/2357
f 1509/1509/2358 1518/1518/2358 1510/1510/2358
f 1510/1510/2359 1520/1520/2359 1511/1511/2359
f 1510/1510/2360 1519/1519/2360 1520/1520/2360
f 1511/1511/2361 1521/1521/2361 1512/1512/2361
f 1511/1511/2362 1520/1520/2362 1521/1521/2362
f 1512/1512/2363 1522/1522/2363 1513/1513/2363
f 1512/1512/2364 1521/1521/2364 1522/1522/2364
f 1513/1513/2365 1523/1523/2365 1514/1514/2365
f 1513/1513/2366 1522/1522/2366 1523/1523/2366
f 1514/1514/2367 1524/1524/2367 1515/1515/2367
f 1514/1514/2368 1523/1523/2368 1524/1524/2368
f 1515/1515/2369 1525/1525/2369 1516/1516/2369
f 1515/1515/2370 1524/1524/2370 1525/1525/2370
f 1516/1516/2371 1526/1526/2371 1517/1517/2371
f 1516/1516/2372 1525/1525/2372 1526/1526/2372
f 1517/1517/2373 1527/1527/2373 1518/1518/2373
f 1517/1517/2374 1526/1526/2374 1527/1527/2374
f 1518/1518/2375 1519/1519/2375 1510/1510/2375
f 1518/1518/2376 1527/1527/2376 1519/1519/2376
f 1519/1519/2377 1529/1529/2377 1520/1520/2377
f 1519/1519/2378 1528/1528/2378 1529/1529/2378
f 1520/1520/2379 1530/1530/2379 1521/1521/2379
f 1520/1520/2380 1529/1529/2380 1530/1530/2380
f 1521/1521/2381 1531/1531/2381 1522/1522/2381
f 1521/1521/2382 1530/1530/2382 1531/1531/2382
f 1522/1522/2383 1532/1532/2383 1523/1523/2383
f 1522/1522/2384 1531/1531/2384 1532/1532/2384
f 1523/1523/2385 1533/1533/2385 1524/1524/2385
f 1523/1523/2386 1532/1532/2386 1533/1533/2386
f 1524/1524/2387 1534/1534/2387 1525/1525/2387
f 1524/1524/2388 1533/1533/2388 1534/1534/2388
f 1525/1525/2389 1535/1535/2389 1526/1526/2389
f 1525/1525/2390 1534/1534/2390 1535/1535/2390
f 1526/1526/2391 1536/1536/2391 1527/1527/2391
f 1526/1526/2392 1535/1535/2392 1536/1536/2392
f 1527/1527/2393 1528/1528/2393 1519/1519/2393
f 1527/1527/2394 1536/1536/2394 1528/1528/2394
f 1528/1528/2395 1530/1530/2395 1529/1529/2395
f 1528/1528/2395 1531/1531/2395 1530/1530/2395
f 1528/1528/2395 1532/1532/2395 1531/1531/2395
f 1528/1528/2395 1533/1533/2395 1532/1532/2395
f 1528/1528/2395 1534/1534/2395 1533/1533/2395
f 1528/1528/2395 1535/1535/2395 1534/1534/2395
f 1528/1528/2395 1536/1536/2395 1535/1535/2395
f 1509/1509/2396 1507/1507/2396 1508/1508/2396
f 1509/1509/2396 1506/1506/2396 1507/1507/2396
f 1509/1509/2396 1505/1505/2396 1506/1506/2396
f 1509/1509/2396 1504/1504/2396 1505/1505/2396
f 1509/1509/2396 1503/1503/2396 1504/1504/2396
f 1509/1509/2396 1502/1502/2396 1503/1503/2396
f 1509/1509/2396 1501/1501/2396 1502/1502/2396
