# JudeanFloraV1; canonical UE cm (X east, +Y south, Z up), written with Y reflected and triangle winding reversed for the legacy OBJ importer adapter. One o object, no g groups, so the importer creates exactly one material slot.
# olive (Olea europaea), StreetTreesV1 seed 2, LOD0 leaf
# height 4.5-9.0 m, crown 4.0-7.5 m; source: Zohary, M., Plants of the Bible (Cambridge University Press, 1982), species entry Olea europaea; street and garden specimens run 4.5-9 m
# branching is recursive with da Vinci child radii; leaf sprays are anchored to branch tips. Stylised habit, not a survey of any tree.
o SM_StreetTreesV1_Olive_S2_L0_Leaf
s off
v -61.88013 -99.69270 581.43515
v -77.60885 -64.46405 581.43515
v -80.96414 -65.96530 619.84009
v -65.23542 -101.19396 619.84009
v -61.88013 -99.69270 581.43515
v -77.60885 -64.46405 581.43515
v -80.96414 -65.96530 619.84009
v -65.23542 -101.19396 619.84009
v -89.43574 -60.22044 570.99505
v -53.21336 -52.35255 570.99505
v -54.15926 -48.01445 607.79519
v -90.38164 -55.88234 607.79519
v -89.43574 -60.22044 570.99505
v -53.21336 -52.35255 570.99505
v -54.15926 -48.01445 607.79519
v -90.38164 -55.88234 607.79519
v -41.93302 -61.96309 575.67492
v -31.15353 -101.45701 575.67492
v -29.98398 -101.13679 616.59553
v -40.76347 -61.64287 616.59553
v -41.93302 -61.96309 575.67492
v -31.15353 -101.45701 575.67492
v -29.98398 -101.13679 616.59553
v -40.76347 -61.64287 616.59553
v -48.24211 -78.21359 589.92345
v -39.68710 -28.82869 589.92345
v -44.16541 -28.05658 639.83743
v -52.72042 -77.44148 639.83743
v -48.24211 -78.21359 589.92345
v -39.68710 -28.82869 589.92345
v -44.16541 -28.05658 639.83743
v -52.72042 -77.44148 639.83743
v -60.00350 -64.32732 620.89157
v -40.62210 -38.89700 620.89157
v -41.77249 -38.02169 652.83292
v -61.15389 -63.45202 652.83292
v -60.00350 -64.32732 620.89157
v -40.62210 -38.89700 620.89157
v -41.77249 -38.02169 652.83292
v -61.15389 -63.45202 652.83292
v -68.75803 -90.03846 615.42369
v -64.71245 -40.20085 615.42369
v -55.59106 -40.93397 664.58076
v -59.63664 -90.77158 664.58076
v -68.75803 -90.03846 615.42369
v -64.71245 -40.20085 615.42369
v -55.59106 -40.93397 664.58076
v -59.63664 -90.77158 664.58076
v -41.75991 -44.63587 626.06959
v -91.54230 -50.54058 626.06959
v -90.64494 -58.05501 675.62642
v -40.86256 -52.15030 675.62642
v -41.75991 -44.63587 626.06959
v -91.54230 -50.54058 626.06959
v -90.64494 -58.05501 675.62642
v -40.86256 -52.15030 675.62642
v -75.89019 -78.95560 657.26816
v -60.51650 -37.93474 657.26816
v -58.76631 -38.58908 701.03538
v -74.13999 -79.60994 701.03538
v -75.89019 -78.95560 657.26816
v -60.51650 -37.93474 657.26816
v -58.76631 -38.58908 701.03538
v -74.13999 -79.60994 701.03538
v -42.41190 -55.69343 644.01621
v -25.11447 -100.02521 644.01621
v -32.06830 -102.74485 691.01361
v -49.36573 -58.41306 691.01361
v -42.41190 -55.69343 644.01621
v -25.11447 -100.02521 644.01621
v -32.06830 -102.74485 691.01361
v -49.36573 -58.41306 691.01361
v -68.60054 -81.05109 577.41646
v -76.81804 -38.80194 577.41646
v -72.88340 -38.03340 620.27023
v -64.66591 -80.28255 620.27023
v -68.60054 -81.05109 577.41646
v -76.81804 -38.80194 577.41646
v -72.88340 -38.03340 620.27023
v -64.66591 -80.28255 620.27023
v -80.69994 -41.60194 553.62374
v -88.90215 -76.94626 553.62374
v -86.10765 -77.59242 589.79375
v -77.90543 -42.24811 589.79375
v -80.69994 -41.60194 553.62374
v -88.90215 -76.94626 553.62374
v -86.10765 -77.59242 589.79375
v -77.90543 -42.24811 589.79375
v -69.82317 -52.77021 554.85020
v -89.90044 -19.43507 554.85020
v -85.55028 -16.81030 593.43148
v -65.47301 -50.14545 593.43148
v -69.82317 -52.77021 554.85020
v -89.90044 -19.43507 554.85020
v -85.55028 -16.81030 593.43148
v -65.47301 -50.14545 593.43148
v -45.87918 -36.62550 583.18026
v -90.07095 -49.17942 583.18026
v -90.35365 -48.18729 629.10901
v -46.16187 -35.63337 629.10901
v -45.87918 -36.62550 583.18026
v -90.07095 -49.17942 583.18026
v -90.35365 -48.18729 629.10901
v -46.16187 -35.63337 629.10901
v -64.42894 -68.54126 588.94635
v -101.67454 -53.94229 588.94635
v -99.55524 -48.52275 628.52540
v -62.30965 -63.12171 628.52540
v -64.42894 -68.54126 588.94635
v -101.67454 -53.94229 588.94635
v -99.55524 -48.52275 628.52540
v -62.30965 -63.12171 628.52540
v -39.25230 -33.83856 592.29627
v -66.89218 -50.72254 592.29627
v -67.64214 -49.49702 624.65316
v -40.00225 -32.61304 624.65316
v -39.25230 -33.83856 592.29627
v -66.89218 -50.72254 592.29627
v -67.64214 -49.49702 624.65316
v -40.00225 -32.61304 624.65316
v -57.47919 -14.69272 613.89129
v -102.51107 8.12554 613.89129
v -105.01081 3.18254 664.06959
v -59.97893 -19.63572 664.06959
v -57.47919 -14.69272 613.89129
v -102.51107 8.12554 613.89129
v -105.01081 3.18254 664.06959
v -59.97893 -19.63572 664.06959
v -91.69114 -27.26253 602.66666
v -85.63911 7.75434 602.66666
v -79.11534 6.63217 637.58068
v -85.16737 -28.38469 637.58068
v -91.69114 -27.26253 602.66666
v -85.63911 7.75434 602.66666
v -79.11534 6.63217 637.58068
v -85.16737 -28.38469 637.58068
v -82.16815 8.02958 586.64524
v -59.45557 -30.63313 586.64524
v -52.47288 -26.52364 630.74763
v -75.18546 12.13907 630.74763
v -82.16815 8.02958 586.64524
v -59.45557 -30.63313 586.64524
v -52.47288 -26.52364 630.74763
v -75.18546 12.13907 630.74763
v -80.10333 -75.33671 578.35665
v -33.26572 -61.89197 578.35665
v -33.42347 -61.34409 627.08238
v -80.26107 -74.78883 627.08238
v -80.10333 -75.33671 578.35665
v -33.26572 -61.89197 578.35665
v -33.42347 -61.34409 627.08238
v -80.26107 -74.78883 627.08238
v -17.29838 -33.53570 575.83676
v -49.34573 -54.51949 575.83676
v -48.89154 -55.21195 614.13384
v -16.84419 -34.22816 614.13384
v -17.29838 -33.53570 575.83676
v -49.34573 -54.51949 575.83676
v -48.89154 -55.21195 614.13384
v -16.84419 -34.22816 614.13384
v -17.28040 -65.83522 588.41321
v -36.04348 -22.84871 588.41321
v -30.66005 -20.49380 634.94670
v -11.89697 -63.48031 634.94670
v -17.28040 -65.83522 588.41321
v -36.04348 -22.84871 588.41321
v -30.66005 -20.49380 634.94670
v -11.89697 -63.48031 634.94670
v -22.68921 -82.42812 569.85193
v 15.78091 -74.05873 569.85193
v 15.07252 -70.81501 609.08168
v -23.39760 -79.18440 609.08168
v -22.68921 -82.42812 569.85193
v 15.78091 -74.05873 569.85193
v 15.07252 -70.81501 609.08168
v -23.39760 -79.18440 609.08168
v 32.36280 -68.08485 576.20666
v -17.58228 -74.14889 576.20666
v -18.27343 -68.49405 626.19495
v 31.67165 -62.43001 626.19495
v 32.36280 -68.08485 576.20666
v -17.58228 -74.14889 576.20666
v -18.27343 -68.49405 626.19495
v 31.67165 -62.43001 626.19495
v -38.95809 -57.02504 579.81803
v 8.07121 -46.89513 579.81803
v 9.46901 -53.35958 627.46913
v -37.56029 -63.48949 627.46913
v -38.95809 -57.02504 579.81803
v 8.07121 -46.89513 579.81803
v 9.46901 -53.35958 627.46913
v -37.56029 -63.48949 627.46913
v 28.01328 -57.20040 611.82586
v -1.02844 -91.61816 611.82586
v 4.69941 -96.44352 656.23206
v 33.74114 -62.02576 656.23206
v 28.01328 -57.20040 611.82586
v -1.02844 -91.61816 611.82586
v 4.69941 -96.44352 656.23206
v 33.74114 -62.02576 656.23206
v 25.21108 -17.12392 612.24933
v 22.99361 -64.39346 612.24933
v 27.21553 -64.58814 659.38174
v 29.43300 -17.31861 659.38174
v 25.21108 -17.12392 612.24933
v 22.99361 -64.39346 612.24933
v 27.21553 -64.58814 659.38174
v 29.43300 -17.31861 659.38174
v -1.83122 -47.35054 627.90587
v -9.04756 -78.89025 627.90587
v -5.02778 -79.80662 659.99685
v 2.18857 -48.26690 659.99685
v -1.83122 -47.35054 627.90587
v -9.04756 -78.89025 627.90587
v -5.02778 -79.80662 659.99685
v 2.18857 -48.26690 659.99685
v 22.45418 -93.54600 563.26424
v 55.75137 -101.05060 563.26424
v 55.41991 -102.52676 597.36311
v 22.12271 -95.02216 597.36311
v 22.45418 -93.54600 563.26424
v 55.75137 -101.05060 563.26424
v 55.41991 -102.52676 597.36311
v 22.12271 -95.02216 597.36311
v 47.12369 -135.44617 537.40566
v 19.74109 -98.63975 537.40566
v 16.16274 -101.30634 583.06312
v 43.54533 -138.11276 583.06312
v 47.12369 -135.44617 537.40566
v 19.74109 -98.63975 537.40566
v 16.16274 -101.30634 583.06312
v 43.54533 -138.11276 583.06312
v 8.14579 -113.91269 559.00280
v 32.60961 -92.80374 559.00280
v 31.19058 -91.16183 591.24186
v 6.72676 -112.27078 591.24186
v 8.14579 -113.91269 559.00280
v 32.60961 -92.80374 559.00280
v 31.19058 -91.16183 591.24186
v 6.72676 -112.27078 591.24186
v 60.18702 -146.26273 585.60515
v 25.82722 -116.51947 585.60515
v 29.25921 -112.54841 630.74615
v 63.61901 -142.29167 630.74615
v 60.18702 -146.26273 585.60515
v 25.82722 -116.51947 585.60515
v 29.25921 -112.54841 630.74615
v 63.61901 -142.29167 630.74615
v 50.00084 -165.76405 577.72930
v 52.35458 -117.13148 577.72930
v 48.49669 -116.94784 626.26537
v 46.14295 -165.58042 626.26537
v 50.00084 -165.76405 577.72930
v 52.35458 -117.13148 577.72930
v 48.49669 -116.94784 626.26537
v 46.14295 -165.58042 626.26537
v 50.11291 -108.89313 576.56064
v 19.67114 -98.01530 576.56064
v 19.65788 -98.05250 608.88752
v 50.09966 -108.93032 608.88752
v 50.11291 -108.89313 576.56064
v 19.67114 -98.01530 576.56064
v 19.65788 -98.05250 608.88752
v 50.09966 -108.93032 608.88752
v 55.89551 -155.80631 581.80178
v 53.61048 -110.15908 581.80178
v 61.99654 -109.73259 626.72819
v 64.28157 -155.37982 626.72819
v 55.89551 -155.80631 581.80178
v 53.61048 -110.15908 581.80178
v 61.99654 -109.73259 626.72819
v 64.28157 -155.37982 626.72819
v 92.51347 -119.07757 579.97802
v 45.72370 -126.48213 579.97802
v 46.92873 -134.05766 626.72489
v 93.71850 -126.65311 626.72489
v 92.51347 -119.07757 579.97802
v 45.72370 -126.48213 579.97802
v 46.92873 -134.05766 626.72489
v 93.71850 -126.65311 626.72489
v 50.90117 -117.90468 613.85101
v 31.41149 -155.21320 613.85101
v 29.81854 -154.38267 655.90510
v 49.30822 -117.07415 655.90510
v 50.90117 -117.90468 613.85101
v 31.41149 -155.21320 613.85101
v 29.81854 -154.38267 655.90510
v 49.30822 -117.07415 655.90510
v 44.04846 -123.12925 553.78275
v 19.36850 -152.58594 553.78275
v 23.75816 -156.25782 591.78335
v 48.43811 -126.80113 591.78335
v 44.04846 -123.12925 553.78275
v 19.36850 -152.58594 553.78275
v 23.75816 -156.25782 591.78335
v 48.43811 -126.80113 591.78335
v 46.53506 -136.63656 530.16908
v 10.67486 -132.63525 530.16908
v 10.82824 -131.25062 566.22493
v 46.68844 -135.25192 566.22493
v 46.53506 -136.63656 530.16908
v 10.67486 -132.63525 530.16908
v 10.82824 -131.25062 566.22493
v 46.68844 -135.25192 566.22493
v -11.67574 -118.66102 539.59569
v 35.04715 -110.66771 539.59569
v 34.32375 -106.45942 586.80468
v -12.39914 -114.45273 586.80468
v -11.67574 -118.66102 539.59569
v 35.04715 -110.66771 539.59569
v 34.32375 -106.45942 586.80468
v -12.39914 -114.45273 586.80468
v 53.79043 -185.46310 562.90632
v 28.05790 -157.59189 562.90632
v 26.73828 -158.81220 600.79744
v 52.47081 -186.68341 600.79744
v 53.79043 -185.46310 562.90632
v 28.05790 -157.59189 562.90632
v 26.73828 -158.81220 600.79744
v 52.47081 -186.68341 600.79744
v 28.65204 -194.99581 536.87562
v -2.12660 -165.64368 536.87562
v 2.38145 -160.90898 578.90100
v 33.16010 -190.26111 578.90100
v 28.65204 -194.99581 536.87562
v -2.12660 -165.64368 536.87562
v 2.38145 -160.90898 578.90100
v 33.16010 -190.26111 578.90100
v 41.72146 -157.38995 557.37394
v -0.43996 -137.03401 557.37394
v -3.76596 -143.93688 603.56092
v 38.39546 -164.29282 603.56092
v 41.72146 -157.38995 557.37394
v -0.43996 -137.03401 557.37394
v -3.76596 -143.93688 603.56092
v 38.39546 -164.29282 603.56092
v 22.83920 -193.37070 575.52786
v 59.60022 -174.32057 575.52786
v 59.64717 -174.41098 616.93160
v 22.88615 -193.46111 616.93160
v 22.83920 -193.37070 575.52786
v 59.60022 -174.32057 575.52786
v 59.64717 -174.41098 616.93160
v 22.88615 -193.46111 616.93160
v 20.93549 -150.29418 590.31007
v 51.57433 -174.63910 590.31007
v 54.03571 -171.53631 629.24243
v 23.39687 -147.19139 629.24243
v 20.93549 -150.29418 590.31007
v 51.57433 -174.63910 590.31007
v 54.03571 -171.53631 629.24243
v 23.39687 -147.19139 629.24243
v 63.89435 -219.05306 560.78317
v 30.92231 -180.68849 560.78317
v 36.13746 -176.19916 610.89948
v 69.10950 -214.56373 610.89948
v 63.89435 -219.05306 560.78317
v 30.92231 -180.68849 560.78317
v 36.13746 -176.19916 610.89948
v 69.10950 -214.56373 610.89948
v -20.84073 -126.18499 543.64566
v 13.02350 -147.89004 543.64566
v 16.57880 -142.33332 583.32409
v -17.28542 -120.62827 583.32409
v -20.84073 -126.18499 543.64566
v 13.02350 -147.89004 543.64566
v 16.57880 -142.33332 583.32409
v -17.28542 -120.62827 583.32409
v 3.10465 -120.02180 531.01721
v 18.69020 -159.75563 531.01721
v 22.53056 -158.24572 573.49848
v 6.94501 -118.51189 573.49848
v 3.10465 -120.02180 531.01721
v 18.69020 -159.75563 531.01721
v 22.53056 -158.24572 573.49848
v 6.94501 -118.51189 573.49848
v 18.56097 -122.67307 554.24608
v 10.13121 -90.99683 554.24608
v 5.26657 -92.29557 586.63579
v 13.69632 -123.97181 586.63579
v 18.56097 -122.67307 554.24608
v 10.13121 -90.99683 554.24608
v 5.26657 -92.29557 586.63579
v 13.69632 -123.97181 586.63579
v -22.09448 -123.57098 562.90799
v 20.45193 -112.75875 562.90799
v 22.27971 -119.92717 606.17892
v -20.26670 -130.73940 606.17892
v -22.09448 -123.57098 562.90799
v 20.45193 -112.75875 562.90799
v 22.27971 -119.92717 606.17892
v -20.26670 -130.73940 606.17892
v 3.23575 -102.61815 558.77904
v -22.81907 -133.26471 558.77904
v -17.68640 -137.62132 598.43684
v 8.36842 -106.97476 598.43684
v 3.23575 -102.61815 558.77904
v -22.81907 -133.26471 558.77904
v -17.68640 -137.62132 598.43684
v 8.36842 -106.97476 598.43684
v 28.87508 -97.22426 558.30768
v -3.52202 -124.51526 558.30768
v -7.76561 -119.48583 600.15344
v 24.63148 -92.19483 600.15344
v 28.87508 -97.22426 558.30768
v -3.52202 -124.51526 558.30768
v -7.76561 -119.48583 600.15344
v 24.63148 -92.19483 600.15344
v -38.78820 -90.94558 586.21136
v -29.69648 -139.57109 586.21136
v -26.85098 -139.03671 635.59473
v -35.94269 -90.41120 635.59473
v -38.78820 -90.94558 586.21136
v -29.69648 -139.57109 586.21136
v -26.85098 -139.03671 635.59473
v -35.94269 -90.41120 635.59473
v -11.24853 -137.16817 607.26463
v -42.82067 -97.13693 607.26463
v -36.36428 -92.03652 657.57965
v -4.79215 -132.06776 657.57965
v -11.24853 -137.16817 607.26463
v -42.82067 -97.13693 607.26463
v -36.36428 -92.03652 657.57965
v -4.79215 -132.06776 657.57965
v -46.73861 -103.63504 585.31200
v -6.42122 -111.82670 585.31200
v -6.46927 -112.06415 626.45245
v -46.78666 -103.87249 626.45245
v -46.73861 -103.63504 585.31200
v -6.42122 -111.82670 585.31200
v -6.46927 -112.06415 626.45245
v -46.78666 -103.87249 626.45245
v -98.66524 -178.39314 503.61590
v -103.13506 -127.40193 503.61590
v -94.54944 -126.64244 554.07175
v -90.07962 -177.63364 554.07175
v -98.66524 -178.39314 503.61590
v -103.13506 -127.40193 503.61590
v -94.54944 -126.64244 554.07175
v -90.07962 -177.63364 554.07175
v -91.04197 -162.32666 531.82399
v -99.94428 -123.21341 531.82399
v -104.38172 -124.22711 571.67846
v -95.47941 -163.34035 571.67846
v -91.04197 -162.32666 531.82399
v -99.94428 -123.21341 531.82399
v -104.38172 -124.22711 571.67846
v -95.47941 -163.34035 571.67846
v -52.76630 -144.10951 513.23133
v -95.54226 -150.54417 513.23133
v -96.01319 -147.43041 556.37377
v -53.23723 -140.99574 556.37377
v -52.76630 -144.10951 513.23133
v -95.54226 -150.54417 513.23133
v -96.01319 -147.43041 556.37377
v -53.23723 -140.99574 556.37377
v -107.57145 -187.40952 566.70001
v -125.90478 -157.09020 566.70001
v -125.29476 -156.72067 602.12405
v -106.96143 -187.03999 602.12405
v -107.57145 -187.40952 566.70001
v -125.90478 -157.09020 566.70001
v -125.29476 -156.72067 602.12405
v -106.96143 -187.03999 602.12405
v -110.00058 -198.86307 546.78321
v -117.63496 -167.27712 546.78321
v -119.10036 -167.63254 579.24369
v -111.46598 -199.21850 579.24369
v -110.00058 -198.86307 546.78321
v -117.63496 -167.27712 546.78321
v -119.10036 -167.63254 579.24369
v -111.46598 -199.21850 579.24369
v -139.72275 -153.61812 552.52611
v -99.79567 -163.00319 552.52611
v -99.41320 -161.37019 593.50706
v -139.34028 -151.98512 593.50706
v -139.72275 -153.61812 552.52611
v -99.79567 -163.00319 552.52611
v -99.41320 -161.37019 593.50706
v -139.34028 -151.98512 593.50706
v -123.15761 -146.21064 577.51501
v -92.33259 -165.54076 577.51501
v -89.94028 -161.71908 613.61912
v -120.76530 -142.38896 613.61912
v -123.15761 -146.21064 577.51501
v -92.33259 -165.54076 577.51501
v -89.94028 -161.71908 613.61912
v -120.76530 -142.38896 613.61912
v -148.49506 -141.87958 565.81791
v -129.58813 -172.17642 565.81791
v -134.64376 -175.33702 601.02902
v -153.55070 -145.04018 601.02902
v -148.49506 -141.87958 565.81791
v -129.58813 -172.17642 565.81791
v -134.64376 -175.33702 601.02902
v -153.55070 -145.04018 601.02902
v -98.52247 -179.49212 566.41574
v -144.23299 -193.86086 566.41574
v -145.05456 -191.25451 614.25343
v -99.34404 -176.88576 614.25343
v -98.52247 -179.49212 566.41574
v -144.23299 -193.86086 566.41574
v -145.05456 -191.25451 614.25343
v -99.34404 -176.88576 614.25343
v -84.64529 -146.63418 532.56599
v -123.80293 -166.60891 532.56599
v -121.91632 -170.30008 576.32816
v -82.75868 -150.32536 576.32816
v -84.64529 -146.63418 532.56599
v -123.80293 -166.60891 532.56599
v -121.91632 -170.30008 576.32816
v -82.75868 -150.32536 576.32816
v -70.68686 -150.34031 539.91125
v -96.82336 -114.31068 539.91125
v -93.47101 -111.87475 584.22918
v -67.33451 -147.90438 584.22918
v -70.68686 -150.34031 539.91125
v -96.82336 -114.31068 539.91125
v -93.47101 -111.87475 584.22918
v -67.33451 -147.90438 584.22918
v -102.82765 -123.48905 530.16847
v -66.24708 -155.59487 530.16847
v -69.78463 -159.63194 578.54315
v -106.36519 -127.52612 578.54315
v -102.82765 -123.48905 530.16847
v -66.24708 -155.59487 530.16847
v -69.78463 -159.63194 578.54315
v -106.36519 -127.52612 578.54315
v -116.66829 -116.20871 577.09321
v -83.05833 -128.67045 577.09321
v -81.49483 -124.44328 612.65459
v -115.10479 -111.98154 612.65459
v -116.66829 -116.20871 577.09321
v -83.05833 -128.67045 577.09321
v -81.49483 -124.44328 612.65459
v -115.10479 -111.98154 612.65459
v -115.83406 -154.08726 582.03838
v -86.99538 -127.84413 582.03838
v -88.36562 -126.34078 620.97722
v -117.20429 -152.58391 620.97722
v -115.83406 -154.08726 582.03838
v -86.99538 -127.84413 582.03838
v -88.36562 -126.34078 620.97722
v -117.20429 -152.58391 620.97722
v -101.48081 -103.72912 555.64272
v -136.03880 -138.70982 555.64272
v -130.22692 -144.44233 604.13255
v -95.66893 -109.46163 604.13255
v -101.48081 -103.72912 555.64272
v -136.03880 -138.70982 555.64272
v -130.22692 -144.44233 604.13255
v -95.66893 -109.46163 604.13255
v -118.50955 -111.67337 607.04442
v -113.09234 -159.52475 607.04442
v -115.88474 -159.84312 655.11938
v -121.30195 -111.99175 655.11938
v -118.50955 -111.67337 607.04442
v -113.09234 -159.52475 607.04442
v -115.88474 -159.84312 655.11938
v -121.30195 -111.99175 655.11938
v -70.79259 -127.28373 581.85900
v -102.02398 -137.00958 581.85900
v -101.17700 -139.72180 614.44609
v -69.94560 -129.99594 614.44609
v -70.79259 -127.28373 581.85900
v -102.02398 -137.00958 581.85900
v -101.17700 -139.72180 614.44609
v -69.94560 -129.99594 614.44609
v -73.65409 -136.01542 602.90183
v -86.44061 -173.02769 602.90183
v -86.81392 -172.89905 642.05852
v -74.02741 -135.88678 642.05852
v -73.65409 -136.01542 602.90183
v -86.44061 -173.02769 602.90183
v -86.81392 -172.89905 642.05852
v -74.02741 -135.88678 642.05852
v -60.71139 -123.25612 502.28932
v -63.03909 -158.11942 502.28932
v -62.13426 -158.17911 537.21847
v -59.80656 -123.31581 537.21847
v -60.71139 -123.25612 502.28932
v -63.03909 -158.11942 502.28932
v -62.13426 -158.17911 537.21847
v -59.80656 -123.31581 537.21847
v -93.69752 -168.36036 523.43444
v -68.81714 -147.51449 523.43444
v -68.31433 -148.11365 555.88397
v -93.19471 -168.95952 555.88397
v -93.69752 -168.36036 523.43444
v -68.81714 -147.51449 523.43444
v -68.31433 -148.11365 555.88397
v -93.19471 -168.95952 555.88397
v -66.93676 -177.44755 507.37607
v -105.77954 -170.17426 507.37607
v -104.95591 -165.75624 546.63757
v -66.11313 -173.02952 546.63757
v -66.93676 -177.44755 507.37607
v -105.77954 -170.17426 507.37607
v -104.95591 -165.75624 546.63757
v -66.11313 -173.02952 546.63757
v -95.39094 -151.87232 517.64521
v -114.72423 -187.03033 517.64521
v -115.44851 -186.63280 557.75978
v -96.11523 -151.47480 557.75978
v -95.39094 -151.87232 517.64521
v -114.72423 -187.03033 517.64521
v -115.44851 -186.63280 557.75978
v -96.11523 -151.47480 557.75978
v -62.09668 -171.28790 508.34817
v -88.54068 -212.01389 508.34817
v -83.63202 -215.19561 556.55267
v -57.18801 -174.46962 556.55267
v -62.09668 -171.28790 508.34817
v -88.54068 -212.01389 508.34817
v -83.63202 -215.19561 556.55267
v -57.18801 -174.46962 556.55267
v -82.39077 -186.49396 529.89750
v -107.87883 -155.69216 529.89750
v -111.30747 -158.53392 569.62861
v -85.81942 -189.33572 569.62861
v -82.39077 -186.49396 529.89750
v -107.87883 -155.69216 529.89750
v -111.30747 -158.53392 569.62861
v -85.81942 -189.33572 569.62861
v -66.44912 -212.50131 536.49329
v -98.22881 -215.90748 536.49329
v -98.48273 -213.55603 568.36737
v -66.70304 -210.14986 568.36737
v -66.44912 -212.50131 536.49329
v -98.22881 -215.90748 536.49329
v -98.48273 -213.55603 568.36737
v -66.70304 -210.14986 568.36737
v -88.56914 -218.30938 539.08367
v -50.28382 -225.45220 539.08367
v -51.41259 -231.52923 577.53600
v -89.69791 -224.38641 577.53600
v -88.56914 -218.30938 539.08367
v -50.28382 -225.45220 539.08367
v -51.41259 -231.52923 577.53600
v -89.69791 -224.38641 577.53600
v -88.79828 -193.66089 536.57744
v -45.96660 -190.10361 536.57744
v -45.78981 -192.21200 579.50447
v -88.62148 -195.76928 579.50447
v -88.79828 -193.66089 536.57744
v -45.96660 -190.10361 536.57744
v -45.78981 -192.21200 579.50447
v -88.62148 -195.76928 579.50447
v -247.83750 65.85367 478.95048
v -200.32056 78.18837 478.95048
v -198.90444 72.75084 527.71964
v -246.42137 60.41614 527.71964
v -247.83750 65.85367 478.95048
v -200.32056 78.18837 478.95048
v -198.90444 72.75084 527.71964
v -246.42137 60.41614 527.71964
v -232.04231 47.91058 476.08567
v -200.29796 58.01545 476.08567
v -202.06091 63.53850 508.89115
v -233.80525 53.43363 508.89115
v -232.04231 47.91058 476.08567
v -200.29796 58.01545 476.08567
v -202.06091 63.53850 508.89115
v -233.80525 53.43363 508.89115
v -231.25117 60.65285 476.15701
v -228.20466 99.21795 476.15701
v -227.44020 99.15817 514.83465
v -230.48671 60.59307 514.83465
v -231.25117 60.65285 476.15701
v -228.20466 99.21795 476.15701
v -227.44020 99.15817 514.83465
v -230.48671 60.59307 514.83465
v -255.31572 72.19318 504.18401
v -227.23108 87.76389 504.18401
v -227.96907 89.09250 536.26024
v -256.05372 73.52179 536.26024
v -255.31572 72.19318 504.18401
v -227.23108 87.76389 504.18401
v -227.96907 89.09250 536.26024
v -256.05372 73.52179 536.26024
v -225.92896 127.14280 514.22497
v -229.36822 90.92360 514.22497
v -226.38224 90.64246 550.48325
v -222.94298 126.86166 550.48325
v -225.92896 127.14280 514.22497
v -229.36822 90.92360 514.22497
v -226.38224 90.64246 550.48325
v -222.94298 126.86166 550.48325
v -232.40749 56.03073 528.92622
v -237.54970 103.02554 528.92622
v -236.04979 103.19087 576.17744
v -230.90759 56.19606 576.17744
v -232.40749 56.03073 528.92622
v -237.54970 103.02554 528.92622
v -236.04979 103.19087 576.17744
v -230.90759 56.19606 576.17744
v -282.84578 95.32397 530.95208
v -248.64447 87.76892 530.95208
v -247.99251 90.73152 565.84630
v -282.19382 98.28657 565.84630
v -282.84578 95.32397 530.95208
v -248.64447 87.76892 530.95208
v -247.99251 90.73152 565.84630
v -282.19382 98.28657 565.84630
v -230.16182 91.69391 521.96670
v -248.76009 132.26006 521.96670
v -249.14336 132.08398 566.59102
v -230.54509 91.51783 566.59102
v -230.16182 91.69391 521.96670
v -248.76009 132.26006 521.96670
v -249.14336 132.08398 566.59102
v -230.54509 91.51783 566.59102
v -222.02545 96.01954 523.27209
v -250.76557 134.14413 523.27209
v -244.80951 138.64153 570.42903
v -216.06939 100.51695 570.42903
v -222.02545 96.01954 523.27209
v -250.76557 134.14413 523.27209
v -244.80951 138.64153 570.42903
v -216.06939 100.51695 570.42903
v -192.37936 82.65311 507.40275
v -231.59022 71.32288 507.40275
v -232.42053 74.18780 548.10862
v -193.20967 85.51803 548.10862
v -192.37936 82.65311 507.40275
v -231.59022 71.32288 507.40275
v -232.42053 74.18780 548.10862
v -193.20967 85.51803 548.10862
v -222.97316 60.28870 490.03363
v -199.05958 85.32212 490.03363
v -195.23864 81.67792 524.24841
v -219.15222 56.64450 524.24841
v -222.97316 60.28870 490.03363
v -199.05958 85.32212 490.03363
v -195.23864 81.67792 524.24841
v -219.15222 56.64450 524.24841
v -222.97651 66.95460 484.93128
v -194.19227 45.42056 484.93128
v -192.61522 47.53208 520.78238
v -221.39945 69.06613 520.78238
v -222.97651 66.95460 484.93128
v -194.19227 45.42056 484.93128
v -192.61522 47.53208 520.78238
v -221.39945 69.06613 520.78238
v -203.17202 68.26272 529.77633
v -227.25619 43.86824 529.77633
v -226.63885 43.25972 564.04565
v -202.55468 67.65420 564.04565
v -203.17202 68.26272 529.77633
v -227.25619 43.86824 529.77633
v -226.63885 43.25972 564.04565
v -202.55468 67.65420 564.04565
v -213.43620 41.58576 547.34751
v -189.84653 74.09677 547.34751
v -185.98265 71.29787 587.23078
v -209.57232 38.78686 587.23078
v -213.43620 41.58576 547.34751
v -189.84653 74.09677 547.34751
v -185.98265 71.29787 587.23078
v -209.57232 38.78686 587.23078
v -201.66470 50.35908 524.93167
v -193.39655 96.29588 524.93167
v -197.79338 97.08364 571.39239
v -206.06152 51.14685 571.39239
v -201.66470 50.35908 524.93167
v -193.39655 96.29588 524.93167
v -197.79338 97.08364 571.39239
v -206.06152 51.14685 571.39239
v -199.23716 79.89157 556.16123
v -203.53569 111.83213 556.16123
v -203.42115 111.84763 588.38954
v -199.12263 79.90707 588.38954
v -199.23716 79.89157 556.16123
v -203.53569 111.83213 556.16123
v -203.42115 111.84763 588.38954
v -199.12263 79.90707 588.38954
v -198.29402 54.82028 569.45839
v -205.97994 91.66784 569.45839
v -210.47837 90.72579 606.81736
v -202.79245 53.87822 606.81736
v -198.29402 54.82028 569.45839
v -205.97994 91.66784 569.45839
v -210.47837 90.72579 606.81736
v -202.79245 53.87822 606.81736
v -216.85947 70.03588 559.80197
v -190.22812 86.65702 559.80197
v -189.41918 85.36319 591.15740
v -216.05053 68.74205 591.15740
v -216.85947 70.03588 559.80197
v -190.22812 86.65702 559.80197
v -189.41918 85.36319 591.15740
v -216.05053 68.74205 591.15740
v -204.44639 65.88038 505.01373
v -176.80126 46.44563 505.01373
v -173.90463 50.57295 538.42835
v -201.54975 70.00770 538.42835
v -204.44639 65.88038 505.01373
v -176.80126 46.44563 505.01373
v -173.90463 50.57295 538.42835
v -201.54975 70.00770 538.42835
v -221.07845 68.12786 488.06322
v -185.57346 50.18518 488.06322
v -184.23596 52.83709 527.73339
v -219.74094 70.77977 527.73339
v -221.07845 68.12786 488.06322
v -185.57346 50.18518 488.06322
v -184.23596 52.83709 527.73339
v -219.74094 70.77977 527.73339
v -203.14722 25.32054 467.40467
v -164.35886 51.89458 467.40467
v -168.94688 58.57999 513.71851
v -207.73524 32.00595 513.71851
v -203.14722 25.32054 467.40467
v -164.35886 51.89458 467.40467
v -168.94688 58.57999 513.71851
v -207.73524 32.00595 513.71851
v -262.99800 78.55448 493.34333
v -222.43695 58.24075 493.34333
v -224.62236 53.86839 538.44269
v -265.18341 74.18212 538.44269
v -262.99800 78.55448 493.34333
v -222.43695 58.24075 493.34333
v -224.62236 53.86839 538.44269
v -265.18341 74.18212 538.44269
v -219.37052 50.35139 515.87596
v -241.26871 86.09391 515.87596
v -245.38271 83.56890 557.51438
v -223.48452 47.82638 557.51438
v -219.37052 50.35139 515.87596
v -241.26871 86.09391 515.87596
v -245.38271 83.56890 557.51438
v -223.48452 47.82638 557.51438
v -222.83877 35.17920 517.79894
v -216.06728 78.33935 517.79894
v -215.13054 78.19315 561.47677
v -221.90203 35.03300 561.47677
v -222.83877 35.17920 517.79894
v -216.06728 78.33935 517.79894
v -215.13054 78.19315 561.47677
v -221.90203 35.03300 561.47677
v -227.88032 53.88995 513.53472
v -227.07663 13.76232 513.53472
v -226.43838 13.77561 553.66532
v -227.24207 53.90324 553.66532
v -227.88032 53.88995 513.53472
v -227.07663 13.76232 513.53472
v -226.43838 13.77561 553.66532
v -227.24207 53.90324 553.66532
v -222.97795 37.28012 512.02987
v -213.96578 79.29079 512.02987
v -214.82456 79.47430 554.98734
v -223.83673 37.46364 554.98734
v -222.97795 37.28012 512.02987
v -213.96578 79.29079 512.02987
v -214.82456 79.47430 554.98734
v -223.83673 37.46364 554.98734
v -226.32128 61.64061 520.27643
v -269.83011 38.81796 520.27643
v -265.80809 31.16526 568.64121
v -222.29926 53.98792 568.64121
v -226.32128 61.64061 520.27643
v -269.83011 38.81796 520.27643
v -265.80809 31.16526 568.64121
v -222.29926 53.98792 568.64121
v -145.29355 32.32611 503.75652
v -123.02422 78.04888 503.75652
v -118.28483 75.74523 554.34038
v -140.55416 30.02245 554.34038
v -145.29355 32.32611 503.75652
v -123.02422 78.04888 503.75652
v -118.28483 75.74523 554.34038
v -140.55416 30.02245 554.34038
v -122.77381 57.34352 543.83003
v -104.56365 83.18852 543.83003
v -108.44599 85.91935 575.08773
v -126.65615 60.07436 575.08773
v -122.77381 57.34352 543.83003
v -104.56365 83.18852 543.83003
v -108.44599 85.91935 575.08773
v -126.65615 60.07436 575.08773
v -149.51209 72.12274 538.03300
v -123.59134 90.56968 538.03300
v -122.82941 89.50085 569.82060
v -148.75015 71.05391 569.82060
v -149.51209 72.12274 538.03300
v -123.59134 90.56968 538.03300
v -122.82941 89.50085 569.82060
v -148.75015 71.05391 569.82060
v -88.52356 76.12860 557.50183
v -117.18175 95.90331 557.50183
v -117.32102 95.70113 592.31951
v -88.66283 75.92642 592.31951
v -88.52356 76.12860 557.50183
v -117.18175 95.90331 557.50183
v -117.32102 95.70113 592.31951
v -88.66283 75.92642 592.31951
v -115.93545 62.75302 551.85692
v -147.23455 47.27639 551.85692
v -147.26214 47.33208 586.77334
v -115.96304 62.80871 586.77334
v -115.93545 62.75302 551.85692
v -147.23455 47.27639 551.85692
v -147.26214 47.33208 586.77334
v -115.96304 62.80871 586.77334
v -108.70124 54.95637 545.97141
v -151.15214 61.21134 545.97141
v -151.67121 57.66899 588.73104
v -109.22031 51.41402 588.73104
v -108.70124 54.95637 545.97141
v -151.15214 61.21134 545.97141
v -151.67121 57.66899 588.73104
v -109.22031 51.41402 588.73104
v -113.84994 50.41849 563.66845
v -121.68968 80.85081 563.66845
v -123.02750 80.50503 595.06396
v -115.18776 50.07272 595.06396
v -113.84994 50.41849 563.66845
v -121.68968 80.85081 563.66845
v -123.02750 80.50503 595.06396
v -115.18776 50.07272 595.06396
v -90.71409 55.83206 582.16317
v -134.17035 75.10921 582.16317
v -133.52206 76.57379 629.67622
v -90.06579 57.29665 629.67622
v -90.71409 55.83206 582.16317
v -134.17035 75.10921 582.16317
v -133.52206 76.57379 629.67622
v -90.06579 57.29665 629.67622
v -79.51074 67.03095 558.31297
v -113.39293 100.44986 558.31297
v -113.42843 100.41382 605.90314
v -79.54624 66.99490 605.90314
v -79.51074 67.03095 558.31297
v -113.39293 100.44986 558.31297
v -113.42843 100.41382 605.90314
v -79.54624 66.99490 605.90314
v -115.36996 103.38709 537.29847
v -90.47844 67.79159 537.29847
v -86.92506 70.28064 580.51658
v -111.81658 105.87615 580.51658
v -115.36996 103.38709 537.29847
v -90.47844 67.79159 537.29847
v -86.92506 70.28064 580.51658
v -111.81658 105.87615 580.51658
v -115.91630 71.75174 526.29564
v -91.79972 37.40557 526.29564
v -95.97008 34.47234 567.95225
v -120.08665 68.81851 567.95225
v -115.91630 71.75174 526.29564
v -91.79972 37.40557 526.29564
v -95.97008 34.47234 567.95225
v -120.08665 68.81851 567.95225
v -80.78025 75.33494 530.00157
v -119.09717 80.67241 530.00157
v -118.42905 85.49686 568.38064
v -80.11213 80.15938 568.38064
v -80.78025 75.33494 530.00157
v -119.09717 80.67241 530.00157
v -118.42905 85.49686 568.38064
v -80.11213 80.15938 568.38064
v -105.89810 83.18558 551.80595
v -87.06328 52.51286 551.80595
v -89.76611 50.85020 587.65977
v -108.60093 81.52292 587.65977
v -105.89810 83.18558 551.80595
v -87.06328 52.51286 551.80595
v -89.76611 50.85020 587.65977
v -108.60093 81.52292 587.65977
v -109.72277 43.85055 559.73677
v -85.77777 70.33342 559.73677
v -90.38182 74.48960 594.89690
v -114.32682 48.00673 594.89690
v -109.72277 43.85055 559.73677
v -85.77777 70.33342 559.73677
v -90.38182 74.48960 594.89690
v -114.32682 48.00673 594.89690
v -136.52209 60.95661 517.50597
v -87.70182 68.67118 517.50597
v -88.21465 71.89981 566.82377
v -137.03491 64.18524 566.82377
v -136.52209 60.95661 517.50597
v -87.70182 68.67118 517.50597
v -88.21465 71.89981 566.82377
v -137.03491 64.18524 566.82377
v -75.75547 59.51226 568.84991
v -51.16310 40.41353 568.84991
v -54.60840 35.96991 599.47556
v -79.20077 55.06865 599.47556
v -75.75547 59.51226 568.84991
v -51.16310 40.41353 568.84991
v -54.60840 35.96991 599.47556
v -79.20077 55.06865 599.47556
v -56.86850 34.93844 554.91118
v -50.62218 68.51495 554.91118
v -48.20589 68.06743 588.97523
v -54.45221 34.49092 588.97523
v -56.86850 34.93844 554.91118
v -50.62218 68.51495 554.91118
v -48.20589 68.06743 588.97523
v -54.45221 34.49092 588.97523
v -93.43104 62.30256 582.33992
v -51.06503 82.68147 582.33992
v -47.86149 76.03513 628.76989
v -90.22749 55.65622 628.76989
v -93.43104 62.30256 582.33992
v -51.06503 82.68147 582.33992
v -47.86149 76.03513 628.76989
v -90.22749 55.65622 628.76989
v -121.56489 29.35668 530.09887
v -113.41529 79.75657 530.09887
v -115.25091 80.05188 581.11953
v -123.40050 29.65199 581.11953
v -121.56489 29.35668 530.09887
v -113.41529 79.75657 530.09887
v -115.25091 80.05188 581.11953
v -123.40050 29.65199 581.11953
v -120.54839 73.94802 512.55083
v -110.30462 40.63511 512.55083
v -106.95231 41.66888 547.22615
v -117.19607 74.98179 547.22615
v -120.54839 73.94802 512.55083
v -110.30462 40.63511 512.55083
v -106.95231 41.66888 547.22615
v -117.19607 74.98179 547.22615
v -149.18887 29.77798 528.83018
v -138.31437 75.54704 528.83018
v -144.26707 76.95637 575.47394
v -155.14158 31.18731 575.47394
v -149.18887 29.77798 528.83018
v -138.31437 75.54704 528.83018
v -144.26707 76.95637 575.47394
v -155.14158 31.18731 575.47394
v -171.12671 69.81028 534.51832
v -132.26032 38.34434 534.51832
v -127.99836 43.61725 584.06358
v -166.86475 75.08319 584.06358
v -171.12671 69.81028 534.51832
v -132.26032 38.34434 534.51832
v -127.99836 43.61725 584.06358
v -166.86475 75.08319 584.06358
v -134.80595 31.09000 542.59853
v -179.73041 37.04134 542.59853
v -179.84771 36.15045 587.90657
v -134.92325 30.19911 587.90657
v -134.80595 31.09000 542.59853
v -179.73041 37.04134 542.59853
v -179.84771 36.15045 587.90657
v -134.92325 30.19911 587.90657
v -144.24300 44.52774 541.87780
v -175.76953 60.99690 541.87780
v -178.05647 56.61057 577.10117
v -146.52994 40.14140 577.10117
v -144.24300 44.52774 541.87780
v -175.76953 60.99690 541.87780
v -178.05647 56.61057 577.10117
v -146.52994 40.14140 577.10117
v -146.85655 35.58291 573.73020
v -177.78827 44.81793 573.73020
v -178.00594 44.08674 606.00209
v -147.07422 34.85172 606.00209
v -146.85655 35.58291 573.73020
v -177.78827 44.81793 573.73020
v -178.00594 44.08674 606.00209
v -147.07422 34.85172 606.00209
v -150.82395 46.92982 583.05420
v -164.33334 13.62471 583.05420
v -158.82738 11.39645 618.50069
v -145.31799 44.70157 618.50069
v -150.82395 46.92982 583.05420
v -164.33334 13.62471 583.05420
v -158.82738 11.39645 618.50069
v -145.31799 44.70157 618.50069
v -171.15088 42.34143 562.90802
v -162.39323 2.94043 562.90802
v -162.33670 2.95304 603.27052
v -171.09434 42.35404 603.27052
v -171.15088 42.34143 562.90802
v -162.39323 2.94043 562.90802
v -162.33670 2.95304 603.27052
v -171.09434 42.35404 603.27052
v -268.75161 -22.93116 493.60306
v -251.05677 16.40839 493.60306
v -255.66965 18.47884 536.44161
v -273.36449 -20.86071 536.44161
v -268.75161 -22.93116 493.60306
v -251.05677 16.40839 493.60306
v -255.66965 18.47884 536.44161
v -273.36449 -20.86071 536.44161
v -219.27367 9.37116 470.86114
v -256.87227 -7.22011 470.86114
v -257.14451 -6.60449 511.95216
v -219.54591 9.98678 511.95216
v -219.27367 9.37116 470.86114
v -256.87227 -7.22011 470.86114
v -257.14451 -6.60449 511.95216
v -219.54591 9.98678 511.95216
v -216.42688 -28.63884 484.36310
v -255.09078 -24.58653 484.36310
v -254.55226 -19.40862 522.88865
v -215.88835 -23.46093 522.88865
v -216.42688 -28.63884 484.36310
v -255.09078 -24.58653 484.36310
v -254.55226 -19.40862 522.88865
v -215.88835 -23.46093 522.88865
v -222.57941 -4.22252 504.79941
v -255.27363 -28.87388 504.79941
v -252.14644 -33.01449 545.41564
v -219.45222 -8.36313 545.41564
v -222.57941 -4.22252 504.79941
v -255.27363 -28.87388 504.79941
v -252.14644 -33.01449 545.41564
v -219.45222 -8.36313 545.41564
v -282.21270 9.05654 496.05103
v -256.95593 -21.81184 496.05103
v -255.39867 -20.53561 535.88453
v -280.65544 10.33278 535.88453
v -282.21270 9.05654 496.05103
v -256.95593 -21.81184 496.05103
v -255.39867 -20.53561 535.88453
v -280.65544 10.33278 535.88453
v -227.38270 9.84980 516.37915
v -261.60720 -27.97299 516.37915
v -255.40399 -33.57708 566.69807
v -221.17948 4.24571 566.69807
v -227.38270 9.84980 516.37915
v -261.60720 -27.97299 516.37915
v -255.40399 -33.57708 566.69807
v -221.17948 4.24571 566.69807
v -256.77139 -2.84722 518.45084
v -289.37084 -13.75251 518.45084
v -290.24338 -11.15111 552.71629
v -257.64392 -0.24581 552.71629
v -256.77139 -2.84722 518.45084
v -289.37084 -13.75251 518.45084
v -290.24338 -11.15111 552.71629
v -257.64392 -0.24581 552.71629
v -277.23926 18.43305 537.76999
v -269.23758 -20.77612 537.76999
v -274.67178 -21.88963 577.40098
v -282.67346 17.31954 577.40098
v -277.23926 18.43305 537.76999
v -269.23758 -20.77612 537.76999
v -274.67178 -21.88963 577.40098
v -282.67346 17.31954 577.40098
v -258.78300 11.07235 537.65198
v -271.32384 -18.14593 537.65198
v -274.57904 -16.75183 569.25009
v -262.03820 12.46645 569.25009
v -258.78300 11.07235 537.65198
v -271.32384 -18.14593 537.65198
v -274.57904 -16.75183 569.25009
v -262.03820 12.46645 569.25009
v -266.76079 19.88685 479.71900
v -225.48255 20.06698 479.71900
v -225.49612 22.69594 520.91383
v -266.77435 22.51581 520.91383
v -266.76079 19.88685 479.71900
v -225.48255 20.06698 479.71900
v -225.49612 22.69594 520.91383
v -266.77435 22.51581 520.91383
v -270.73281 -4.18049 502.17862
v -243.71347 12.03486 502.17862
v -242.11856 9.38208 533.53785
v -269.13789 -6.83327 533.53785
v -270.73281 -4.18049 502.17862
v -243.71347 12.03486 502.17862
v -242.11856 9.38208 533.53785
v -269.13789 -6.83327 533.53785
v -249.72796 17.87221 495.01372
v -265.59981 -23.61135 495.01372
v -268.52341 -22.49543 539.31958
v -252.65156 18.98813 539.31958
v -249.72796 17.87221 495.01372
v -265.59981 -23.61135 495.01372
v -268.52341 -22.49543 539.31958
v -252.65156 18.98813 539.31958
v -277.52066 46.07863 535.08369
v -247.92531 25.35983 535.08369
v -250.19285 22.11531 570.99309
v -279.78820 42.83411 570.99309
v -277.52066 46.07863 535.08369
v -247.92531 25.35983 535.08369
v -250.19285 22.11531 570.99309
v -279.78820 42.83411 570.99309
v -235.60600 23.72690 514.36838
v -267.97517 2.13585 514.36838
v -268.76680 3.32061 553.25162
v -236.39762 24.91166 553.25162
v -235.60600 23.72690 514.36838
v -267.97517 2.13585 514.36838
v -268.76680 3.32061 553.25162
v -236.39762 24.91166 553.25162
v -224.46526 -2.09285 533.44358
v -243.51684 35.39516 533.44358
v -249.90074 32.14443 574.88018
v -230.84916 -5.34358 574.88018
v -224.46526 -2.09285 533.44358
v -243.51684 35.39516 533.44358
v -249.90074 32.14443 574.88018
v -230.84916 -5.34358 574.88018
v -236.74650 30.42024 534.41044
v -279.85681 41.85501 534.41044
v -279.65312 42.62541 579.00435
v -236.54281 31.19065 579.00435
v -236.74650 30.42024 534.41044
v -279.85681 41.85501 534.41044
v -279.65312 42.62541 579.00435
v -236.54281 31.19065 579.00435
v -270.19605 45.68601 544.28468
v -267.44858 14.37886 544.28468
v -268.39170 14.29534 575.69789
v -271.13916 45.60249 575.69789
v -270.19605 45.68601 544.28468
v -267.44858 14.37886 544.28468
v -268.39170 14.29534 575.69789
v -271.13916 45.60249 575.69789
v -267.28071 25.01234 533.96836
v -244.28590 -14.19489 533.96836
v -238.87554 -11.01596 578.98603
v -261.87035 28.19127 578.98603
v -267.28071 25.01234 533.96836
v -244.28590 -14.19489 533.96836
v -238.87554 -11.01596 578.98603
v -261.87035 28.19127 578.98603
v -242.54917 -36.55754 466.88281
v -210.23022 -2.72916 466.88281
v -207.52256 -5.31188 513.51833
v -239.84150 -39.14027 513.51833
v -242.54917 -36.55754 466.88281
v -210.23022 -2.72916 466.88281
v -207.52256 -5.31188 513.51833
v -239.84150 -39.14027 513.51833
v -213.39954 -40.67762 481.84363
v -212.74449 -8.06484 481.84363
v -214.84178 -8.02439 514.39547
v -215.49682 -40.63717 514.39547
v -213.39954 -40.67762 481.84363
v -212.74449 -8.06484 481.84363
v -214.84178 -8.02439 514.39547
v -215.49682 -40.63717 514.39547
v -209.44314 -36.76473 484.08422
v -248.62004 -16.49153 484.08422
v -249.44760 -18.09388 528.15893
v -210.27070 -38.36707 528.15893
v -209.44314 -36.76473 484.08422
v -248.62004 -16.49153 484.08422
v -249.44760 -18.09388 528.15893
v -210.27070 -38.36707 528.15893
v -213.03735 -50.58050 519.36078
v -196.40760 -21.37947 519.36078
v -197.26994 -20.88928 552.95044
v -213.89968 -50.09032 552.95044
v -213.03735 -50.58050 519.36078
v -196.40760 -21.37947 519.36078
v -197.26994 -20.88928 552.95044
v -213.89968 -50.09032 552.95044
v -199.52045 -43.04263 500.01158
v -229.63908 -28.34265 500.01158
v -230.17455 -29.44200 533.50376
v -200.05593 -44.14197 533.50376
v -199.52045 -43.04263 500.01158
v -229.63908 -28.34265 500.01158
v -230.17455 -29.44200 533.50376
v -200.05593 -44.14197 533.50376
v -185.00045 -0.51271 483.78647
v -230.57609 -18.78909 483.78647
v -229.05610 -22.57074 532.72065
v -183.48046 -4.29437 532.72065
v -185.00045 -0.51271 483.78647
v -230.57609 -18.78909 483.78647
v -229.05610 -22.57074 532.72065
v -183.48046 -4.29437 532.72065
v -209.45988 -42.07373 511.54745
v -251.54541 -38.27223 511.54745
v -250.88786 -30.92725 553.15589
v -208.80232 -34.72875 553.15589
v -209.45988 -42.07373 511.54745
v -251.54541 -38.27223 511.54745
v -250.88786 -30.92725 553.15589
v -208.80232 -34.72875 553.15589
v -259.65618 -88.04193 520.25371
v -233.33010 -53.12613 520.25371
v -233.16470 -53.25063 563.98165
v -259.49079 -88.16643 563.98165
v -259.65618 -88.04193 520.25371
v -233.33010 -53.12613 520.25371
v -233.16470 -53.25063 563.98165
v -259.49079 -88.16643 563.98165
v -230.24016 -76.33332 529.91730
v -276.00879 -60.90553 529.91730
v -277.80198 -66.23932 577.88728
v -232.03336 -81.66711 577.88728
v -230.24016 -76.33332 529.91730
v -276.00879 -60.90553 529.91730
v -277.80198 -66.23932 577.88728
v -232.03336 -81.66711 577.88728
v 81.51381 29.83296 524.72457
v 52.56836 56.30467 524.72457
v 49.53676 52.98446 563.69091
v 78.48220 26.51275 563.69091
v 81.51381 29.83296 524.72457
v 52.56836 56.30467 524.72457
v 49.53676 52.98446 563.69091
v 78.48220 26.51275 563.69091
v 67.76026 69.95042 528.79896
v 79.31171 31.02204 528.79896
v 76.39133 30.15293 569.29058
v 64.83989 69.08131 569.29058
v 67.76026 69.95042 528.79896
v 79.31171 31.02204 528.79896
v 76.39133 30.15293 569.29058
v 64.83989 69.08131 569.29058
v 74.69877 23.04143 525.55487
v 63.49953 60.53261 525.55487
v 64.97136 60.97355 564.65284
v 76.17060 23.48237 564.65284
v 74.69877 23.04143 525.55487
v 63.49953 60.53261 525.55487
v 64.97136 60.97355 564.65284
v 76.17060 23.48237 564.65284
v 80.01679 62.43468 529.87150
v 41.82971 37.83792 529.87150
v 38.61688 42.81720 574.90636
v 76.80397 67.41396 574.90636
v 80.01679 62.43468 529.87150
v 41.82971 37.83792 529.87150
v 38.61688 42.81720 574.90636
v 76.80397 67.41396 574.90636
v 58.06109 73.20074 552.27039
v 53.00171 38.53443 552.27039
v 58.20121 37.77982 586.90774
v 63.26059 72.44613 586.90774
v 58.06109 73.20074 552.27039
v 53.00171 38.53443 552.27039
v 58.20121 37.77982 586.90774
v 63.26059 72.44613 586.90774
v 65.11418 21.39277 528.96210
v 53.44025 59.81016 528.96210
v 58.05933 61.21778 568.82259
v 69.73326 22.80040 568.82259
v 65.11418 21.39277 528.96210
v 53.44025 59.81016 528.96210
v 58.05933 61.21778 568.82259
v 69.73326 22.80040 568.82259
v 86.95520 57.71548 560.84437
v 58.99625 20.78920 560.84437
v 52.59870 25.62514 606.46166
v 80.55766 62.55141 606.46166
v 86.95520 57.71548 560.84437
v 58.99625 20.78920 560.84437
v 52.59870 25.62514 606.46166
v 80.55766 62.55141 606.46166
v 60.34687 86.23932 534.02845
v 88.66881 47.48006 534.02845
v 89.38974 48.00773 582.02443
v 61.06780 86.76699 582.02443
v 60.34687 86.23932 534.02845
v 88.66881 47.48006 534.02845
v 89.38974 48.00773 582.02443
v 61.06780 86.76699 582.02443
v 64.66965 68.19758 543.46546
v 100.56445 53.31400 543.46546
v 101.02307 54.42256 582.30511
v 65.12827 69.30614 582.30511
v 64.66965 68.19758 543.46546
v 100.56445 53.31400 543.46546
v 101.02307 54.42256 582.30511
v 65.12827 69.30614 582.30511
v 52.55739 66.14567 507.22201
v 44.32689 21.07535 507.22201
v 46.44802 20.68975 552.98692
v 54.67852 65.76007 552.98692
v 52.55739 66.14567 507.22201
v 44.32689 21.07535 507.22201
v 46.44802 20.68975 552.98692
v 54.67852 65.76007 552.98692
v 22.70346 22.15489 502.26553
v 67.95458 43.40355 502.26553
v 70.73094 37.50324 551.83012
v 25.47981 16.25458 551.83012
v 22.70346 22.15489 502.26553
v 67.95458 43.40355 502.26553
v 70.73094 37.50324 551.83012
v 25.47981 16.25458 551.83012
v 61.40889 35.03807 510.11370
v 94.58331 25.68593 510.11370
v 93.60478 22.20422 544.39088
v 60.43036 31.55635 544.39088
v 61.40889 35.03807 510.11370
v 94.58331 25.68593 510.11370
v 93.60478 22.20422 544.39088
v 60.43036 31.55635 544.39088
v 72.35720 75.43403 552.62606
v 32.74456 64.58871 552.62606
v 34.08337 59.71395 593.38420
v 73.69600 70.55927 593.38420
v 72.35720 75.43403 552.62606
v 32.74456 64.58871 552.62606
v 34.08337 59.71395 593.38420
v 73.69600 70.55927 593.38420
v 78.67559 66.69596 558.56797
v 52.16629 35.34013 558.56797
v 50.78391 36.50696 599.58818
v 77.29321 67.86278 599.58818
v 78.67559 66.69596 558.56797
v 52.16629 35.34013 558.56797
v 50.78391 36.50696 599.58818
v 77.29321 67.86278 599.58818
v 26.18366 38.16448 541.17560
v 62.59143 64.16680 541.17560
v 59.33580 68.71758 585.56409
v 22.92803 42.71526 585.56409
v 26.18366 38.16448 541.17560
v 62.59143 64.16680 541.17560
v 59.33580 68.71758 585.56409
v 22.92803 42.71526 585.56409
v 46.76108 32.18210 571.30866
v 26.36546 72.48474 571.30866
v 25.92896 72.26341 616.47551
v 46.32458 31.96077 616.47551
v 46.76108 32.18210 571.30866
v 26.36546 72.48474 571.30866
v 25.92896 72.26341 616.47551
v 46.32458 31.96077 616.47551
v 65.58349 59.40531 590.99490
v 35.15477 74.43279 590.99490
v 35.96880 76.08440 624.88209
v 66.39751 61.05692 624.88209
v 65.58349 59.40531 590.99490
v 35.15477 74.43279 590.99490
v 35.96880 76.08440 624.88209
v 66.39751 61.05692 624.88209
v 37.72349 74.79714 558.28343
v 72.99771 37.90760 558.28343
v 69.90545 34.94603 609.14379
v 34.63123 71.83557 609.14379
v 37.72349 74.79714 558.28343
v 72.99771 37.90760 558.28343
v 69.90545 34.94603 609.14379
v 34.63123 71.83557 609.14379
v 32.17594 61.15363 523.96996
v 64.70398 65.41727 523.96996
v 65.02150 63.00971 556.68623
v 32.49347 58.74606 556.68623
v 32.17594 61.15363 523.96996
v 64.70398 65.41727 523.96996
v 65.02150 63.00971 556.68623
v 32.49347 58.74606 556.68623
v 84.82963 92.59921 494.81829
v 44.95654 82.38630 494.81829
v 44.91195 82.55979 535.97816
v 84.78505 92.77270 535.97816
v 84.82963 92.59921 494.81829
v 44.95654 82.38630 494.81829
v 44.91195 82.55979 535.97816
v 84.78505 92.77270 535.97816
v 29.16324 68.51289 497.89875
v 70.49967 68.09736 497.89875
v 70.53849 72.29097 539.02399
v 29.20206 72.70650 539.02399
v 29.16324 68.51289 497.89875
v 70.49967 68.09736 497.89875
v 70.53849 72.29097 539.02399
v 29.20206 72.70650 539.02399
v 56.29297 66.71377 505.44419
v 19.35931 98.51718 505.44419
v 18.62286 97.66056 554.17073
v 55.55652 65.85714 554.17073
v 56.29297 66.71377 505.44419
v 19.35931 98.51718 505.44419
v 18.62286 97.66056 554.17073
v 55.55652 65.85714 554.17073
v 35.89533 63.70382 531.88278
v 49.06564 105.18154 531.88278
v 42.93438 107.12301 574.92342
v 29.76407 65.64529 574.92342
v 35.89533 63.70382 531.88278
v 49.06564 105.18154 531.88278
v 42.93438 107.12301 574.92342
v 29.76407 65.64529 574.92342
v 35.66020 71.11693 518.71700
v 47.82506 106.27771 518.71700
v 49.30379 105.76742 555.88981
v 37.13894 70.60663 555.88981
v 35.66020 71.11693 518.71700
v 47.82506 106.27771 518.71700
v 49.30379 105.76742 555.88981
v 37.13894 70.60663 555.88981
v 62.07129 126.16822 548.55673
v 35.74148 103.21877 548.55673
v 35.24296 103.78981 583.47608
v 61.57276 126.73925 583.47608
v 62.07129 126.16822 548.55673
v 35.74148 103.21877 548.55673
v 35.24296 103.78981 583.47608
v 61.57276 126.73925 583.47608
v 47.85154 114.74783 524.63286
v 81.13249 130.08652 524.63286
v 78.64485 135.47276 560.79495
v 45.36390 120.13407 560.79495
v 47.85154 114.74783 524.63286
v 81.13249 130.08652 524.63286
v 78.64485 135.47276 560.79495
v 45.36390 120.13407 560.79495
v 75.49924 130.24867 546.92884
v 52.58029 96.83565 546.92884
v 51.69808 97.43976 587.43273
v 74.61703 130.85278 587.43273
v 75.49924 130.24867 546.92884
v 52.58029 96.83565 546.92884
v 51.69808 97.43976 587.43273
v 74.61703 130.85278 587.43273
v -35.88617 18.90177 528.23770
v 4.72747 48.14645 528.23770
v 1.16098 53.09111 577.91213
v -39.45265 23.84643 577.91213
v -35.88617 18.90177 528.23770
v 4.72747 48.14645 528.23770
v 1.16098 53.09111 577.91213
v -39.45265 23.84643 577.91213
v -13.91037 48.71993 570.08883
v 0.29733 20.46913 570.08883
v 1.28752 20.96810 601.69163
v -12.92019 49.21890 601.69163
v -13.91037 48.71993 570.08883
v 0.29733 20.46913 570.08883
v 1.28752 20.96810 601.69163
v -12.92019 49.21890 601.69163
v -9.27337 13.47024 529.72237
v -31.09173 54.27178 529.72237
v -26.93011 56.50144 575.74971
v -5.11175 15.69990 575.74971
v -9.27337 13.47024 529.72237
v -31.09173 54.27178 529.72237
v -26.93011 56.50144 575.74971
v -5.11175 15.69990 575.74971
v -42.38210 -1.90247 576.35888
v -50.18391 40.54042 576.35888
v -43.84740 41.71041 619.02908
v -36.04559 -0.73248 619.02908
v -42.38210 -1.90247 576.35888
v -50.18391 40.54042 576.35888
v -43.84740 41.71041 619.02908
v -36.04559 -0.73248 619.02908
v -38.76504 -12.79487 555.10771
v -25.59395 24.98371 555.10771
v -32.29797 27.31501 594.48182
v -45.46906 -10.46357 594.48182
v -38.76504 -12.79487 555.10771
v -25.59395 24.98371 555.10771
v -32.29797 27.31501 594.48182
v -45.46906 -10.46357 594.48182
v -23.00994 47.51750 564.13618
v -43.69523 12.35332 564.13618
v -41.40437 11.00818 604.84666
v -20.71908 46.17236 604.84666
v -23.00994 47.51750 564.13618
v -43.69523 12.35332 564.13618
v -41.40437 11.00818 604.84666
v -20.71908 46.17236 604.84666
v -47.79366 7.61536 608.42861
v -12.86952 -16.23520 608.42861
v -14.65558 -18.85499 650.60078
v -49.57972 4.99558 650.60078
v -47.79366 7.61536 608.42861
v -12.86952 -16.23520 608.42861
v -14.65558 -18.85499 650.60078
v -49.57972 4.99558 650.60078
v -49.92752 34.89124 598.24278
v -35.97861 -8.39864 598.24278
v -28.99836 -6.14332 643.12902
v -42.94727 37.14656 643.12902
v -49.92752 34.89124 598.24278
v -35.97861 -8.39864 598.24278
v -28.99836 -6.14332 643.12902
v -42.94727 37.14656 643.12902
v -5.02129 10.20311 586.37227
v -36.55645 34.45019 586.37227
v -41.02910 28.62356 625.46744
v -9.49395 4.37648 625.46744
v -5.02129 10.20311 586.37227
v -36.55645 34.45019 586.37227
v -41.02910 28.62356 625.46744
v -9.49395 4.37648 625.46744
v -0.61001 23.40058 540.24287
v -14.53133 61.88148 540.24287
v -8.16915 64.18887 580.60103
v 5.75217 25.70797 580.60103
v -0.61001 23.40058 540.24287
v -14.53133 61.88148 540.24287
v -8.16915 64.18887 580.60103
v 5.75217 25.70797 580.60103
v -11.96032 35.34173 545.11182
v 4.47098 75.51028 545.11182
v 11.71021 72.55574 587.80097
v -4.72109 32.38719 587.80097
v -11.96032 35.34173 545.11182
v 4.47098 75.51028 545.11182
v 11.71021 72.55574 587.80097
v -4.72109 32.38719 587.80097
v -3.46331 3.02848 519.57020
v 4.39649 53.07515 519.57020
v -3.18275 54.25928 569.64614
v -11.04255 4.21261 569.64614
v -3.46331 3.02848 519.57020
v 4.39649 53.07515 519.57020
v -3.18275 54.25928 569.64614
v -11.04255 4.21261 569.64614
v 23.96555 49.60969 541.78273
v 12.36461 12.71759 541.78273
v 8.94164 13.79097 580.28909
v 20.54259 50.68306 580.28909
v 23.96555 49.60969 541.78273
v 12.36461 12.71759 541.78273
v 8.94164 13.79097 580.28909
v 20.54259 50.68306 580.28909
v 10.23176 -3.48736 556.34394
v 21.18419 45.89794 556.34394
v 16.24023 46.99025 606.67513
v 5.28780 -2.39505 606.67513
v 10.23176 -3.48736 556.34394
v 21.18419 45.89794 556.34394
v 16.24023 46.99025 606.67513
v 5.28780 -2.39505 606.67513
v 21.65230 50.12047 556.51057
v -5.15186 33.06568 556.51057
v -2.67628 29.18176 587.94487
v 24.12789 46.23655 587.94487
v 21.65230 50.12047 556.51057
v -5.15186 33.06568 556.51057
v -2.67628 29.18176 587.94487
v 24.12789 46.23655 587.94487
v -4.57132 61.29940 573.87981
v 32.69907 67.85564 573.87981
v 33.47109 63.48732 611.46155
v -3.79930 56.93108 611.46155
v -4.57132 61.29940 573.87981
v 32.69907 67.85564 573.87981
v 33.47109 63.48732 611.46155
v -3.79930 56.93108 611.46155
v 2.92648 57.91780 578.39954
v 34.66033 33.63464 578.39954
v 34.97374 34.04490 618.35504
v 3.23990 58.32806 618.35504
v 2.92648 57.91780 578.39954
v 34.66033 33.63464 578.39954
v 34.97374 34.04490 618.35504
v 3.23990 58.32806 618.35504
v 22.20063 70.21739 558.44752
v 31.55752 26.15904 558.44752
v 39.42909 27.83732 602.76355
v 30.07221 71.89566 602.76355
v 22.20063 70.21739 558.44752
v 31.55752 26.15904 558.44752
v 39.42909 27.83732 602.76355
v 30.07221 71.89566 602.76355
v 13.88545 10.78743 546.36461
v 19.06481 -24.37945 546.36461
v 16.41861 -24.77134 581.81006
v 11.23924 10.39554 581.81006
v 13.88545 10.78743 546.36461
v 19.06481 -24.37945 546.36461
v 16.41861 -24.77134 581.81006
v 11.23924 10.39554 581.81006
v -7.84644 -34.83936 523.37775
v 23.25743 -10.83584 523.37775
v 18.88495 -5.17928 562.01069
v -12.21892 -29.18280 562.01069
v -7.84644 -34.83936 523.37775
v 23.25743 -10.83584 523.37775
v 18.88495 -5.17928 562.01069
v -12.21892 -29.18280 562.01069
v -9.28222 3.04218 529.87153
v -23.44717 -29.19093 529.87153
v -24.87204 -28.56612 565.04536
v -10.70709 3.66699 565.04536
v -9.28222 3.04218 529.87153
v -23.44717 -29.19093 529.87153
v -24.87204 -28.56612 565.04536
v -10.70709 3.66699 565.04536
v 19.71414 -13.17336 541.28920
v -23.54511 -24.35869 541.28920
v -25.08707 -18.41469 585.54714
v 18.17218 -7.22936 585.54714
v 19.71414 -13.17336 541.28920
v -23.54511 -24.35869 541.28920
v -25.08707 -18.41469 585.54714
v 18.17218 -7.22936 585.54714
v -12.31084 -40.87123 563.90477
v 14.13555 0.40117 563.90477
v 7.62027 4.56869 612.30937
v -18.82612 -36.70371 612.30937
v -12.31084 -40.87123 563.90477
v 14.13555 0.40117 563.90477
v 7.62027 4.56869 612.30937
v -18.82612 -36.70371 612.30937
v -21.70685 -19.74680 581.77607
v 9.34655 -8.65660 581.77607
v 9.79274 -9.90283 614.72382
v -21.26067 -20.99302 614.72382
v -21.70685 -19.74680 581.77607
v 9.34655 -8.65660 581.77607
v 9.79274 -9.90283 614.72382
v -21.26067 -20.99302 614.72382
v -8.94509 -9.10175 589.01260
v 25.42786 -31.01416 589.01260
v 28.11597 -26.79003 629.46731
v -6.25698 -4.87763 629.46731
v -8.94509 -9.10175 589.01260
v 25.42786 -31.01416 589.01260
v 28.11597 -26.79003 629.46731
v -6.25698 -4.87763 629.46731
v 33.50592 1.51498 576.85534
v 39.51854 -41.35845 576.85534
v 32.34176 -42.37076 619.53732
v 26.32914 0.50267 619.53732
v 33.50592 1.51498 576.85534
v 39.51854 -41.35845 576.85534
v 32.34176 -42.37076 619.53732
v 26.32914 0.50267 619.53732
v 21.88601 -43.91976 568.97581
v 1.21160 -12.11969 568.97581
v 0.20667 -12.77418 606.88672
v 20.88108 -44.57424 606.88672
v 21.88601 -43.91976 568.97581
v 1.21160 -12.11969 568.97581
v 0.20667 -12.77418 606.88672
v 20.88108 -44.57424 606.88672
v 56.49004 94.35790 489.69330
v 10.23631 102.33848 489.69330
v 11.52701 109.85483 536.00675
v 57.78074 101.87425 536.00675
v 56.49004 94.35790 489.69330
v 10.23631 102.33848 489.69330
v 11.52701 109.85483 536.00675
v 57.78074 101.87425 536.00675
v 36.63282 113.29227 487.41882
v 9.91868 74.43421 487.41882
v 8.57068 75.35935 534.54547
v 35.28482 114.21742 534.54547
v 36.63282 113.29227 487.41882
v 9.91868 74.43421 487.41882
v 8.57068 75.35935 534.54547
v 35.28482 114.21742 534.54547
v 53.52459 136.88303 489.70504
v 17.74628 101.88464 489.70504
v 15.33663 104.34406 539.63620
v 51.11494 139.34245 539.63620
v 53.52459 136.88303 489.70504
v 17.74628 101.88464 489.70504
v 15.33663 104.34406 539.63620
v 51.11494 139.34245 539.63620
v 93.37733 112.65076 511.42955
v 50.05733 110.66256 511.42955
v 50.00155 111.85735 554.77865
v 93.32154 113.84554 554.77865
v 93.37733 112.65076 511.42955
v 50.05733 110.66256 511.42955
v 50.00155 111.85735 554.77865
v 93.32154 113.84554 554.77865
v 29.76386 124.17722 518.47784
v 56.31966 147.29612 518.47784
v 57.80126 145.59700 553.61489
v 31.24545 122.47810 553.61489
v 29.76386 124.17722 518.47784
v 56.31966 147.29612 518.47784
v 57.80126 145.59700 553.61489
v 31.24545 122.47810 553.61489
v 72.53796 126.56109 512.78513
v 31.33911 103.32540 512.78513
v 33.18488 100.05878 559.93558
v 74.38373 123.29446 559.93558
v 72.53796 126.56109 512.78513
v 31.33911 103.32540 512.78513
v 33.18488 100.05878 559.93558
v 74.38373 123.29446 559.93558
v 67.40151 126.93725 549.33730
v 51.70991 156.93245 549.33730
v 48.36882 155.18121 582.97818
v 64.06042 125.18601 582.97818
v 67.40151 126.93725 549.33730
v 51.70991 156.93245 549.33730
v 48.36882 155.18121 582.97818
v 64.06042 125.18601 582.97818
v 40.09416 109.35137 526.27696
v 52.37509 141.37163 526.27696
v 56.16151 139.92286 560.33108
v 43.88058 107.90260 560.33108
v 40.09416 109.35137 526.27696
v 52.37509 141.37163 526.27696
v 56.16151 139.92286 560.33108
v 43.88058 107.90260 560.33108
v 58.18867 161.45530 524.78113
v 39.01286 123.70186 524.78113
v 38.28560 124.07052 567.11751
v 57.46141 161.82397 567.11751
v 58.18867 161.45530 524.78113
v 39.01286 123.70186 524.78113
v 38.28560 124.07052 567.11751
v 57.46141 161.82397 567.11751
v 35.78487 65.23433 518.60658
v 12.93974 110.66286 518.60658
v 18.12733 113.27678 569.12300
v 40.97246 67.84824 569.12300
v 35.78487 65.23433 518.60658
v 12.93974 110.66286 518.60658
v 18.12733 113.27678 569.12300
v 40.97246 67.84824 569.12300
v 11.19410 70.67911 521.82831
v 37.13262 104.06643 521.82831
v 41.35085 100.79468 563.76900
v 15.41232 67.40737 563.76900
v 11.19410 70.67911 521.82831
v 37.13262 104.06643 521.82831
v 41.35085 100.79468 563.76900
v 15.41232 67.40737 563.76900
v 26.24144 115.84234 516.24909
v 73.08729 103.70209 516.24909
v 71.78784 98.67140 564.36272
v 24.94200 110.81164 564.36272
v 26.24144 115.84234 516.24909
v 73.08729 103.70209 516.24909
v 71.78784 98.67140 564.36272
v 24.94200 110.81164 564.36272
v 80.58838 118.70049 520.95781
v 70.41392 81.12899 520.95781
v 76.64862 79.44594 559.34313
v 86.82309 117.01744 559.34313
v 80.58838 118.70049 520.95781
v 70.41392 81.12899 520.95781
v 76.64862 79.44594 559.34313
v 86.82309 117.01744 559.34313
v 64.93989 85.36774 513.83735
v 94.61502 105.06433 513.83735
v 96.86532 101.67985 549.22168
v 67.19019 81.98326 549.22168
v 64.93989 85.36774 513.83735
v 94.61502 105.06433 513.83735
v 96.86532 101.67985 549.22168
v 67.19019 81.98326 549.22168
v 86.48347 79.99691 522.37691
v 78.73311 129.30601 522.37691
v 74.53025 128.64198 572.10970
v 82.28061 79.33288 572.10970
v 86.48347 79.99691 522.37691
v 78.73311 129.30601 522.37691
v 74.53025 128.64198 572.10970
v 82.28061 79.33288 572.10970
v 62.94490 136.39480 547.31570
v 109.42502 119.62312 547.31570
v 108.71596 117.65316 596.68479
v 62.23584 134.42484 596.68479
v 62.94490 136.39480 547.31570
v 109.42502 119.62312 547.31570
v 108.71596 117.65316 596.68479
v 62.23584 134.42484 596.68479
v 63.12381 107.20424 528.11506
v 106.89230 116.17102 528.11506
v 107.52909 113.07524 572.68067
v 63.76061 104.10846 572.68067
v 63.12381 107.20424 528.11506
v 106.89230 116.17102 528.11506
v 107.52909 113.07524 572.68067
v 63.76061 104.10846 572.68067
v 95.69185 123.07814 531.73356
v 51.94347 125.43129 531.73356
v 51.94680 125.49403 575.54513
v 95.69517 123.14089 575.54513
v 95.69185 123.07814 531.73356
v 51.94347 125.43129 531.73356
v 51.94680 125.49403 575.54513
v 95.69517 123.14089 575.54513
v -20.77590 87.91083 490.92981
v 24.27737 91.78519 490.92981
v 24.23717 92.24832 536.14697
v -20.81610 88.37396 536.14697
v -20.77590 87.91083 490.92981
v 24.27737 91.78519 490.92981
v 24.23717 92.24832 536.14697
v -20.81610 88.37396 536.14697
v 40.87714 128.10714 490.45997
v 15.24558 106.43682 490.45997
v 17.82545 103.39029 523.78627
v 43.45701 125.06060 523.78627
v 40.87714 128.10714 490.45997
v 15.24558 106.43682 490.45997
v 17.82545 103.39029 523.78627
v 43.45701 125.06060 523.78627
v 4.08038 84.20701 480.63238
v 11.79466 125.82000 480.63238
v 4.46104 127.17348 522.29216
v -3.25324 85.56049 522.29216
v 4.08038 84.20701 480.63238
v 11.79466 125.82000 480.63238
v 4.46104 127.17348 522.29216
v -3.25324 85.56049 522.29216
v -19.68290 157.10721 513.03454
v 8.84526 127.53017 513.03454
v 7.34589 126.08167 554.07489
v -21.18227 155.65870 554.07489
v -19.68290 157.10721 513.03454
v 8.84526 127.53017 513.03454
v 7.34589 126.08167 554.07489
v -21.18227 155.65870 554.07489
v -4.71051 117.35655 529.54050
v 21.16837 136.71164 529.54050
v 18.05637 140.86565 561.43714
v -7.82250 121.51056 561.43714
v -4.71051 117.35655 529.54050
v 21.16837 136.71164 529.54050
v 18.05637 140.86565 561.43714
v -7.82250 121.51056 561.43714
v 17.37053 144.18766 512.95004
v 31.05176 96.34192 512.95004
v 36.74393 97.97447 562.35980
v 23.06269 145.82021 562.35980
v 17.37053 144.18766 512.95004
v 31.05176 96.34192 512.95004
v 36.74393 97.97447 562.35980
v 23.06269 145.82021 562.35980
v -27.19522 170.17356 538.65927
v 12.44885 142.45624 538.65927
v 13.18260 143.50751 587.01481
v -26.46147 171.22483 587.01481
v -27.19522 170.17356 538.65927
v 12.44885 142.45624 538.65927
v 13.18260 143.50751 587.01481
v -26.46147 171.22483 587.01481
v -0.66853 136.49078 550.05387
v 25.09739 156.12322 550.05387
v 28.54457 151.60656 581.94480
v 2.77865 131.97411 581.94480
v -0.66853 136.49078 550.05387
v 25.09739 156.12322 550.05387
v 28.54457 151.60656 581.94480
v 2.77865 131.97411 581.94480
v 21.82359 152.12940 522.78664
v -19.16232 170.28554 522.78664
v -22.25149 163.29699 566.95798
v 18.73442 145.14085 566.95798
v 21.82359 152.12940 522.78664
v -19.16232 170.28554 522.78664
v -22.25149 163.29699 566.95798
v 18.73442 145.14085 566.95798
v -1.45213 -56.50867 623.99419
v -21.28746 -31.57916 623.99419
v -20.66397 -31.08226 655.84204
v -0.82864 -56.01177 655.84204
v -1.45213 -56.50867 623.99419
v -21.28746 -31.57916 623.99419
v -20.66397 -31.08226 655.84204
v -0.82864 -56.01177 655.84204
v -7.96530 -73.93622 619.48969
v -6.96666 -32.99837 619.48969
v -7.84657 -32.97760 660.43026
v -8.84521 -73.91546 660.43026
v -7.96530 -73.93622 619.48969
v -6.96666 -32.99837 619.48969
v -7.84657 -32.97760 660.43026
v -8.84521 -73.91546 660.43026
v 10.53523 -30.96237 621.24457
v -36.61045 -37.22138 621.24457
v -37.65471 -29.40328 668.14530
v 9.49098 -23.14427 668.14530
v 10.53523 -30.96237 621.24457
v -36.61045 -37.22138 621.24457
v -37.65471 -29.40328 668.14530
v 9.49098 -23.14427 668.14530
v 61.53321 100.85467 544.36402
v 47.58646 66.74078 544.36402
v 53.31688 64.40334 580.69538
v 67.26363 98.51722 580.69538
v 61.53321 100.85467 544.36402
v 47.58646 66.74078 544.36402
v 53.31688 64.40334 580.69538
v 67.26363 98.51722 580.69538
v 50.54854 95.88872 513.77557
v 86.06353 108.81250 513.77557
v 85.15541 111.30190 551.47593
v 49.64041 98.37811 551.47593
v 50.54854 95.88872 513.77557
v 86.06353 108.81250 513.77557
v 85.15541 111.30190 551.47593
v 49.64041 98.37811 551.47593
v 88.00914 108.54497 509.74496
v 71.55276 60.41031 509.74496
v 66.50854 62.13035 560.33503
v 82.96493 110.26502 560.33503
v 88.00914 108.54497 509.74496
v 71.55276 60.41031 509.74496
v 66.50854 62.13035 560.33503
v 82.96493 110.26502 560.33503
v -65.57184 15.78374 552.11157
v -54.28358 52.35411 552.11157
v -50.02909 51.04458 590.12475
v -61.31734 14.47420 590.12475
v -65.57184 15.78374 552.11157
v -54.28358 52.35411 552.11157
v -50.02909 51.04458 590.12475
v -61.31734 14.47420 590.12475
v -63.30732 41.39503 567.70128
v -58.22829 77.49178 567.70128
v -56.94728 77.31257 604.13064
v -62.02630 41.21583 604.13064
v -63.30732 41.39503 567.70128
v -58.22829 77.49178 567.70128
v -56.94728 77.31257 604.13064
v -62.02630 41.21583 604.13064
v -46.98539 26.45677 564.45386
v -92.59275 35.24730 564.45386
v -93.58564 30.07375 610.60094
v -47.97829 21.28322 610.60094
v -46.98539 26.45677 564.45386
v -92.59275 35.24730 564.45386
v -93.58564 30.07375 610.60094
v -47.97829 21.28322 610.60094
v 20.94504 -81.46710 531.86876
v 3.24341 -53.10449 531.86876
v 5.51258 -51.68575 565.19477
v 23.21421 -80.04836 565.19477
v 20.94504 -81.46710 531.86876
v 3.24341 -53.10449 531.86876
v 5.51258 -51.68575 565.19477
v 23.21421 -80.04836 565.19477
v 33.19885 -95.09590 553.75011
v -0.75058 -57.93481 553.75011
v 2.72036 -54.75877 603.86374
v 36.66980 -91.91986 603.86374
v 33.19885 -95.09590 553.75011
v -0.75058 -57.93481 553.75011
v 2.72036 -54.75877 603.86374
v 36.66980 -91.91986 603.86374
v 37.15449 -73.97596 546.61678
v -1.20887 -70.87872 546.61678
v -0.70353 -64.55675 584.57883
v 37.65982 -67.65399 584.57883
v 37.15449 -73.97596 546.61678
v -1.20887 -70.87872 546.61678
v -0.70353 -64.55675 584.57883
v 37.65982 -67.65399 584.57883
v 33.39642 105.01427 527.09791
v 60.35198 80.82952 527.09791
v 63.29865 84.11906 563.04231
v 36.34309 108.30380 563.04231
v 33.39642 105.01427 527.09791
v 60.35198 80.82952 527.09791
v 63.29865 84.11906 563.04231
v 36.34309 108.30380 563.04231
v 33.79348 78.69370 525.89521
v 70.99782 111.72958 525.89521
v 66.15397 117.17588 575.11317
v 28.94963 84.14000 575.11317
v 33.79348 78.69370 525.89521
v 70.99782 111.72958 525.89521
v 66.15397 117.17588 575.11317
v 28.94963 84.14000 575.11317
v 24.03981 100.87481 549.98376
v 54.17967 86.03358 549.98376
v 53.98053 85.62835 583.57646
v 23.84067 100.46958 583.57646
v 24.03981 100.87481 549.98376
v 54.17967 86.03358 549.98376
v 53.98053 85.62835 583.57646
v 23.84067 100.46958 583.57646
v -28.60023 82.48386 527.49456
v -63.21460 68.27021 527.49456
v -60.71532 62.19751 564.33283
v -26.10095 76.41116 564.33283
v -28.60023 82.48386 527.49456
v -63.21460 68.27021 527.49456
v -60.71532 62.19751 564.33283
v -26.10095 76.41116 564.33283
v 13.20936 82.47902 529.33551
v -32.88897 70.55201 529.33551
v -32.12815 67.62102 576.85540
v 13.97018 79.54802 576.85540
v 13.20936 82.47902 529.33551
v -32.88897 70.55201 529.33551
v -32.12815 67.62102 576.85540
v 13.97018 79.54802 576.85540
v 4.32142 83.59703 531.93339
v -25.94253 61.64334 531.93339
v -24.94933 60.27646 569.28331
v 5.31463 82.23015 569.28331
v 4.32142 83.59703 531.93339
v -25.94253 61.64334 531.93339
v -24.94933 60.27646 569.28331
v 5.31463 82.23015 569.28331
v 28.28621 -54.86745 573.86391
v 57.49176 -20.32609 573.86391
v 51.96607 -15.66152 618.51565
v 22.76051 -50.20288 618.51565
v 28.28621 -54.86745 573.86391
v 57.49176 -20.32609 573.86391
v 51.96607 -15.66152 618.51565
v 22.76051 -50.20288 618.51565
v 6.79394 -8.17109 585.68925
v 51.72848 -11.65960 585.68925
v 51.08411 -20.04606 629.96718
v 6.14958 -16.55755 629.96718
v 6.79394 -8.17109 585.68925
v 51.72848 -11.65960 585.68925
v 51.08411 -20.04606 629.96718
v 6.14958 -16.55755 629.96718
v 54.43031 -6.35674 574.63048
v 29.42262 -30.83381 574.63048
v 26.84587 -28.20538 609.42938
v 51.85356 -3.72831 609.42938
v 54.43031 -6.35674 574.63048
v 29.42262 -30.83381 574.63048
v 26.84587 -28.20538 609.42938
v 51.85356 -3.72831 609.42938
v -151.91275 10.52196 534.97382
v -141.11657 42.42286 534.97382
v -135.65795 40.58035 568.15565
v -146.45414 8.67945 568.15565
v -151.91275 10.52196 534.97382
v -141.11657 42.42286 534.97382
v -135.65795 40.58035 568.15565
v -146.45414 8.67945 568.15565
v -151.69917 0.80768 519.39568
v -114.67203 19.90883 519.39568
v -115.49888 21.50852 561.02043
v -152.52601 2.40737 561.02043
v -151.69917 0.80768 519.39568
v -114.67203 19.90883 519.39568
v -115.49888 21.50852 561.02043
v -152.52601 2.40737 561.02043
v -134.24179 9.12991 519.79747
v -135.14808 55.31607 519.79747
v -141.99794 55.17621 565.48163
v -141.09165 8.99004 565.48163
v -134.24179 9.12991 519.79747
v -135.14808 55.31607 519.79747
v -141.99794 55.17621 565.48163
v -141.09165 8.99004 565.48163
v 87.80023 3.95160 532.48339
v 56.02949 43.17469 532.48339
v 58.78394 45.40943 582.83466
v 90.55468 6.18634 582.83466
v 87.80023 3.95160 532.48339
v 56.02949 43.17469 532.48339
v 58.78394 45.40943 582.83466
v 90.55468 6.18634 582.83466
v 68.75637 16.21040 560.37916
v 90.10200 39.40945 560.37916
v 88.92146 40.49393 591.86347
v 67.57584 17.29489 591.86347
v 68.75637 16.21040 560.37916
v 90.10200 39.40945 560.37916
v 88.92146 40.49393 591.86347
v 67.57584 17.29489 591.86347
v 74.82676 54.99865 538.31331
v 74.28521 18.75854 538.31331
v 73.00987 18.77658 574.53502
v 73.55143 55.01669 574.53502
v 74.82676 54.99865 538.31331
v 74.28521 18.75854 538.31331
v 73.00987 18.77658 574.53502
v 73.55143 55.01669 574.53502
v -54.12118 58.14676 530.69711
v -91.76443 37.72745 530.69711
v -88.20368 31.17562 572.86768
v -50.56043 51.59493 572.86768
v -54.12118 58.14676 530.69711
v -91.76443 37.72745 530.69711
v -88.20368 31.17562 572.86768
v -50.56043 51.59493 572.86768
v -78.96955 59.42567 545.09701
v -39.69839 51.60832 545.09701
v -40.60414 47.03919 584.86682
v -79.87530 54.85654 584.86682
v -78.96955 59.42567 545.09701
v -39.69839 51.60832 545.09701
v -40.60414 47.03919 584.86682
v -79.87530 54.85654 584.86682
v -77.38387 38.42109 558.17094
v -40.88310 55.78009 558.17094
v -39.11970 52.07979 598.38088
v -75.62047 34.72078 598.38088
v -77.38387 38.42109 558.17094
v -40.88310 55.78009 558.17094
v -39.11970 52.07979 598.38088
v -75.62047 34.72078 598.38088
v -182.91963 136.67495 517.80304
v -188.74899 93.15324 517.80304
v -182.79703 92.36085 561.30094
v -176.96767 135.88256 561.30094
v -182.91963 136.67495 517.80304
v -188.74899 93.15324 517.80304
v -182.79703 92.36085 561.30094
v -176.96767 135.88256 561.30094
v -193.11395 95.94428 514.11826
v -151.56660 125.55507 514.11826
v -152.78726 127.26491 565.09441
v -194.33461 97.65412 565.09441
v -193.11395 95.94428 514.11826
v -151.56660 125.55507 514.11826
v -152.78726 127.26491 565.09441
v -194.33461 97.65412 565.09441
v -214.87223 106.70206 506.36731
v -165.10801 118.41036 506.36731
v -166.97985 126.33799 556.83721
v -216.74407 114.62969 556.83721
v -214.87223 106.70206 506.36731
v -165.10801 118.41036 506.36731
v -166.97985 126.33799 556.83721
v -216.74407 114.62969 556.83721
v -159.43149 -51.30217 476.09603
v -118.23269 -30.57777 476.09603
v -116.29176 -34.42858 522.01167
v -157.49056 -55.15298 522.01167
v -159.43149 -51.30217 476.09603
v -118.23269 -30.57777 476.09603
v -116.29176 -34.42858 522.01167
v -157.49056 -55.15298 522.01167
v -155.25900 -26.16405 473.69648
v -117.35590 -4.38334 473.69648
v -115.30055 -7.95351 517.21744
v -153.20364 -29.73422 517.21744
v -155.25900 -26.16405 473.69648
v -117.35590 -4.38334 473.69648
v -115.30055 -7.95351 517.21744
v -153.20364 -29.73422 517.21744
v -132.53745 -30.47643 470.31227
v -168.69845 -31.08661 470.31227
v -168.59754 -36.79688 506.02464
v -132.43654 -36.18669 506.02464
v -132.53745 -30.47643 470.31227
v -168.69845 -31.08661 470.31227
v -168.59754 -36.79688 506.02464
v -132.43654 -36.18669 506.02464
v -60.21048 47.50977 554.43716
v -47.60223 17.48495 554.43716
v -52.10873 15.58832 586.63269
v -64.71698 45.61315 586.63269
v -60.21048 47.50977 554.43716
v -47.60223 17.48495 554.43716
v -52.10873 15.58832 586.63269
v -64.71698 45.61315 586.63269
v -47.24906 11.16988 550.21182
v -9.90549 1.91630 550.21182
v -9.12737 5.06719 588.54766
v -46.47094 14.32078 588.54766
v -47.24906 11.16988 550.21182
v -9.90549 1.91630 550.21182
v -9.12737 5.06719 588.54766
v -46.47094 14.32078 588.54766
v -49.01499 16.10421 529.14733
v -7.50696 20.58036 529.14733
v -7.58793 21.32563 570.88929
v -49.09596 16.84948 570.88929
v -49.01499 16.10421 529.14733
v -7.50696 20.58036 529.14733
v -7.58793 21.32563 570.88929
v -49.09596 16.84948 570.88929
v 54.86209 102.30620 494.64548
v 99.49020 88.43824 494.64548
v 98.54369 85.38372 541.26911
v 53.91557 99.25167 541.26911
v 54.86209 102.30620 494.64548
v 99.49020 88.43824 494.64548
v 98.54369 85.38372 541.26911
v 53.91557 99.25167 541.26911
v 21.28851 98.60353 519.38213
v 70.89563 108.70610 519.38213
v 72.32499 101.71593 569.50221
v 22.71787 91.61336 569.50221
v 21.28851 98.60353 519.38213
v 70.89563 108.70610 519.38213
v 72.32499 101.71593 569.50221
v 22.71787 91.61336 569.50221
v 77.69171 96.75850 507.09418
v 42.85342 120.41127 507.09418
v 44.27213 122.50448 549.12708
v 79.11041 98.85171 549.12708
v 77.69171 96.75850 507.09418
v 42.85342 120.41127 507.09418
v 44.27213 122.50448 549.12708
v 79.11041 98.85171 549.12708
v 19.21042 97.62567 507.09483
v -8.94322 79.59265 507.09483
v -11.95161 84.28121 540.06123
v 16.20202 102.31422 540.06123
v 19.21042 97.62567 507.09483
v -8.94322 79.59265 507.09483
v -11.95161 84.28121 540.06123
v 16.20202 102.31422 540.06123
v 25.68607 108.65376 510.36766
v 16.17154 65.57572 510.36766
v 17.24264 65.34004 554.47029
v 26.75717 108.41808 554.47029
v 25.68607 108.65376 510.36766
v 16.17154 65.57572 510.36766
v 17.24264 65.34004 554.47029
v 26.75717 108.41808 554.47029
v -14.29629 62.47717 515.98887
v 2.39391 98.57922 515.98887
v 2.16166 98.68636 555.76141
v -14.52854 62.58432 555.76141
v -14.29629 62.47717 515.98887
v 2.39391 98.57922 515.98887
v 2.16166 98.68636 555.76141
v -14.52854 62.58432 555.76141
v -74.76857 -86.94730 568.90089
v -41.43398 -82.66271 568.90089
v -40.75133 -87.94052 602.08570
v -74.08592 -92.22511 602.08570
v -74.76857 -86.94730 568.90089
v -41.43398 -82.66271 568.90089
v -40.75133 -87.94052 602.08570
v -74.08592 -92.22511 602.08570
v -34.94061 -58.33211 575.02169
v -64.80319 -92.61952 575.02169
v -59.57269 -97.16770 619.95894
v -29.71011 -62.88029 619.95894
v -34.94061 -58.33211 575.02169
v -64.80319 -92.61952 575.02169
v -59.57269 -97.16770 619.95894
v -29.71011 -62.88029 619.95894
v -78.69407 -77.13444 560.85108
v -48.38944 -117.30881 560.85108
v -50.90458 -119.20920 611.07472
v -81.20922 -79.03482 611.07472
v -78.69407 -77.13444 560.85108
v -48.38944 -117.30881 560.85108
v -50.90458 -119.20920 611.07472
v -81.20922 -79.03482 611.07472
v -4.66843 -61.89834 569.29989
v 7.94194 -13.51799 569.29989
v 11.00231 -14.31308 619.19659
v -1.60806 -62.69342 619.19659
v -4.66843 -61.89834 569.29989
v 7.94194 -13.51799 569.29989
v 11.00231 -14.31308 619.19659
v -1.60806 -62.69342 619.19659
v 24.51281 -33.97140 588.38329
v -11.66333 -15.60339 588.38329
v -9.41999 -11.17638 628.65072
v 26.75615 -29.54438 628.65072
v 24.51281 -33.97140 588.38329
v -11.66333 -15.60339 588.38329
v -9.41999 -11.17638 628.65072
v 26.75615 -29.54438 628.65072
v 0.42717 -2.07354 582.84639
v 44.60889 -13.63240 582.84639
v 43.25322 -18.83111 628.19798
v -0.92849 -7.27225 628.19798
v 0.42717 -2.07354 582.84639
v 44.60889 -13.63240 582.84639
v 43.25322 -18.83111 628.19798
v -0.92849 -7.27225 628.19798
v -209.12301 46.31323 547.77743
v -240.64033 12.25065 547.77743
v -242.39262 13.86941 594.12298
v -210.87529 47.93199 594.12298
v -209.12301 46.31323 547.77743
v -240.64033 12.25065 547.77743
v -242.39262 13.86941 594.12298
v -210.87529 47.93199 594.12298
v -208.79023 48.45760 533.90500
v -228.53884 11.74715 533.90500
v -224.49724 9.57709 575.33713
v -204.74863 46.28754 575.33713
v -208.79023 48.45760 533.90500
v -228.53884 11.74715 533.90500
v -224.49724 9.57709 575.33713
v -204.74863 46.28754 575.33713
v -209.54097 21.34385 523.82319
v -254.68748 18.75555 523.82319
v -254.37487 13.37772 568.72184
v -209.22835 15.96602 568.72184
v -209.54097 21.34385 523.82319
v -254.68748 18.75555 523.82319
v -254.37487 13.37772 568.72184
v -209.22835 15.96602 568.72184
v -2.55280 -114.36377 523.82636
v 8.92900 -144.73465 523.82636
v 3.85619 -146.65706 555.83875
v -7.62560 -116.28618 555.83875
v -2.55280 -114.36377 523.82636
v 8.92900 -144.73465 523.82636
v 3.85619 -146.65706 555.83875
v -7.62560 -116.28618 555.83875
v -30.93811 -166.37482 542.02586
v -40.22461 -135.31510 542.02586
v -36.13505 -134.08882 574.16177
v -26.84854 -165.14854 574.16177
v -30.93811 -166.37482 542.02586
v -40.22461 -135.31510 542.02586
v -36.13505 -134.08882 574.16177
v -26.84854 -165.14854 574.16177
v -1.22917 -136.17212 525.37694
v -42.20076 -109.20772 525.37694
v -41.46538 -108.08840 574.40710
v -0.49379 -135.05279 574.40710
v -1.22917 -136.17212 525.37694
v -42.20076 -109.20772 525.37694
v -41.46538 -108.08840 574.40710
v -0.49379 -135.05279 574.40710
v 4.28433 -114.38045 613.83229
v 5.23612 -163.86234 613.83229
v 11.18338 -163.74320 662.96455
v 10.23159 -114.26131 662.96455
v 4.28433 -114.38045 613.83229
v 5.23612 -163.86234 613.83229
v 11.18338 -163.74320 662.96455
v 10.23159 -114.26131 662.96455
v 12.72106 -93.46130 601.38527
v 6.58773 -124.46976 601.38527
v 6.15493 -124.38452 632.99141
v 12.28826 -93.37605 632.99141
v 12.72106 -93.46130 601.38527
v 6.58773 -124.46976 601.38527
v 6.15493 -124.38452 632.99141
v 12.28826 -93.37605 632.99141
v 8.09376 -125.16704 600.07937
v 11.76468 -90.15976 600.07937
v 15.39551 -90.53757 635.08879
v 11.72459 -125.54485 635.08879
v 8.09376 -125.16704 600.07937
v 11.76468 -90.15976 600.07937
v 15.39551 -90.53757 635.08879
v 11.72459 -125.54485 635.08879
v -13.58337 -35.64662 604.23451
v 20.86497 -35.73095 604.23451
v 20.87254 -31.14744 638.37667
v -13.57580 -31.06311 638.37667
v -13.58337 -35.64662 604.23451
v 20.86497 -35.73095 604.23451
v 20.87254 -31.14744 638.37667
v -13.57580 -31.06311 638.37667
v 8.34443 0.78923 598.00316
v 0.15089 -29.54192 598.00316
v 5.38136 -30.95039 628.95104
v 13.57490 -0.61924 628.95104
v 8.34443 0.78923 598.00316
v 0.15089 -29.54192 598.00316
v 5.38136 -30.95039 628.95104
v 13.57490 -0.61924 628.95104
v -19.40818 -30.60022 596.69885
v 16.27120 -54.27251 596.69885
v 18.36376 -51.11309 639.34899
v -17.31561 -27.44081 639.34899
v -19.40818 -30.60022 596.69885
v 16.27120 -54.27251 596.69885
v 18.36376 -51.11309 639.34899
v -17.31561 -27.44081 639.34899
v -97.06085 23.32956 538.29963
v -66.19218 -11.50357 538.29963
v -70.94963 -15.72633 584.40556
v -101.81829 19.10681 584.40556
v -97.06085 23.32956 538.29963
v -66.19218 -11.50357 538.29963
v -70.94963 -15.72633 584.40556
v -101.81829 19.10681 584.40556
v -64.54731 -27.75046 513.65176
v -94.91840 -1.81650 513.65176
v -91.50227 2.19057 553.24023
v -61.13118 -23.74339 553.24023
v -64.54731 -27.75046 513.65176
v -94.91840 -1.81650 513.65176
v -91.50227 2.19057 553.24023
v -61.13118 -23.74339 553.24023
v -83.72218 -11.14399 519.95056
v -45.98594 14.75154 519.95056
v -49.76688 20.25191 565.22807
v -87.50312 -5.64362 565.22807
v -83.72218 -11.14399 519.95056
v -45.98594 14.75154 519.95056
v -49.76688 20.25191 565.22807
v -87.50312 -5.64362 565.22807
v 92.83458 -6.93998 512.19095
v 55.32105 19.49265 512.19095
v 56.01202 20.47495 558.06586
v 93.52555 -5.95769 558.06586
v 92.83458 -6.93998 512.19095
v 55.32105 19.49265 512.19095
v 56.01202 20.47495 558.06586
v 93.52555 -5.95769 558.06586
v 85.64820 -9.41547 512.69213
v 48.05449 19.32705 512.69213
v 46.96063 17.89398 559.98029
v 84.55434 -10.84855 559.98029
v 85.64820 -9.41547 512.69213
v 48.05449 19.32705 512.69213
v 46.96063 17.89398 559.98029
v 84.55434 -10.84855 559.98029
v 96.45979 -26.85635 516.54020
v 94.16391 13.59289 516.54020
v 95.87748 13.69152 557.01816
v 98.17335 -26.75772 557.01816
v 96.45979 -26.85635 516.54020
v 94.16391 13.59289 516.54020
v 95.87748 13.69152 557.01816
v 98.17335 -26.75772 557.01816
v 27.91415 137.86822 513.33382
v 15.41912 95.08375 513.33382
v 21.68988 93.25782 557.42441
v 34.18490 136.04229 557.42441
v 27.91415 137.86822 513.33382
v 15.41912 95.08375 513.33382
v 21.68988 93.25782 557.42441
v 34.18490 136.04229 557.42441
v 49.86093 122.49070 535.51309
v 15.89626 120.53746 535.51309
v 15.88896 120.66270 569.53364
v 49.85363 122.61594 569.53364
v 49.86093 122.49070 535.51309
v 15.89626 120.53746 535.51309
v 15.88896 120.66270 569.53364
v 49.85363 122.61594 569.53364
v 9.33979 105.53942 520.59438
v 58.61721 95.78287 520.59438
v 58.62907 95.84304 570.82834
v 9.35165 105.59958 570.82834
v 9.33979 105.53942 520.59438
v 58.61721 95.78287 520.59438
v 58.62907 95.84304 570.82834
v 9.35165 105.59958 570.82834
v -11.90853 69.94177 551.88705
v 22.96366 70.63574 551.88705
v 22.94467 71.55284 586.75407
v -11.92751 70.85887 586.75407
v -11.90853 69.94177 551.88705
v 22.96366 70.63574 551.88705
v 22.94467 71.55284 586.75407
v -11.92751 70.85887 586.75407
v 39.24771 66.83841 546.73176
v 6.00145 41.67774 546.73176
v 5.14539 42.80703 588.40147
v 38.39165 67.96770 588.40147
v 39.24771 66.83841 546.73176
v 6.00145 41.67774 546.73176
v 5.14539 42.80703 588.40147
v 38.39165 67.96770 588.40147
v 39.51829 72.82860 566.63026
v -5.43866 68.72438 566.63026
v -6.08227 75.71289 611.22531
v 38.87468 79.81712 611.22531
v 39.51829 72.82860 566.63026
v -5.43866 68.72438 566.63026
v -6.08227 75.71289 611.22531
v 38.87468 79.81712 611.22531
v -189.64613 75.30558 481.44401
v -160.53909 115.88093 481.44401
v -153.69154 110.97704 530.66435
v -182.79859 70.40169 530.66435
v -189.64613 75.30558 481.44401
v -160.53909 115.88093 481.44401
v -153.69154 110.97704 530.66435
v -182.79859 70.40169 530.66435
v -170.10245 69.49625 510.19331
v -186.40172 111.67248 510.19331
v -187.51797 111.24008 555.39362
v -171.21870 69.06384 555.39362
v -170.10245 69.49625 510.19331
v -186.40172 111.67248 510.19331
v -187.51797 111.24008 555.39362
v -171.21870 69.06384 555.39362
v -166.64448 56.65396 503.07854
v -185.83055 81.42062 503.07854
v -187.14753 80.39871 534.36294
v -167.96146 55.63205 534.36294
v -166.64448 56.65396 503.07854
v -185.83055 81.42062 503.07854
v -187.14753 80.39871 534.36294
v -167.96146 55.63205 534.36294
v -206.43853 96.60990 501.04868
v -170.99351 62.05228 501.04868
v -176.58670 56.30631 549.89823
v -212.03173 90.86393 549.89823
v -206.43853 96.60990 501.04868
v -170.99351 62.05228 501.04868
v -176.58670 56.30631 549.89823
v -212.03173 90.86393 549.89823
v -179.43616 85.23529 536.26196
v -193.58706 114.21692 536.26196
v -198.50754 111.80953 568.04522
v -184.35664 82.82790 568.04522
v -179.43616 85.23529 536.26196
v -193.58706 114.21692 536.26196
v -198.50754 111.80953 568.04522
v -184.35664 82.82790 568.04522
v -199.81426 67.28773 526.03971
v -161.62471 86.72283 526.03971
v -163.29972 90.00771 568.73126
v -201.48926 70.57261 568.73126
v -199.81426 67.28773 526.03971
v -161.62471 86.72283 526.03971
v -163.29972 90.00771 568.73126
v -201.48926 70.57261 568.73126
v 72.05127 122.59531 520.28368
v 103.38777 92.24781 520.28368
v 102.13615 90.95334 563.86929
v 70.79965 121.30084 563.86929
v 72.05127 122.59531 520.28368
v 103.38777 92.24781 520.28368
v 102.13615 90.95334 563.86929
v 70.79965 121.30084 563.86929
v 108.16092 106.20267 544.18812
v 67.04539 112.76721 544.18812
v 66.41703 108.81137 585.63129
v 107.53256 102.24683 585.63129
v 108.16092 106.20267 544.18812
v 67.04539 112.76721 544.18812
v 66.41703 108.81137 585.63129
v 107.53256 102.24683 585.63129
v 86.43730 109.52602 540.32330
v 89.41215 69.36528 540.32330
v 93.54510 69.67474 580.38023
v 90.57025 109.83547 580.38023
v 86.43730 109.52602 540.32330
v 89.41215 69.36528 540.32330
v 93.54510 69.67474 580.38023
v 90.57025 109.83547 580.38023
v -125.55215 107.50115 479.75346
v -154.43985 83.35930 479.75346
v -155.29765 84.38407 517.37715
v -126.40995 108.52591 517.37715
v -125.55215 107.50115 479.75346
v -154.43985 83.35930 479.75346
v -155.29765 84.38407 517.37715
v -126.40995 108.52591 517.37715
v -167.06422 91.07903 503.23439
v -134.60655 96.20374 503.23439
v -135.24535 100.22882 535.84043
v -167.70302 95.10411 535.84043
v -167.06422 91.07903 503.23439
v -134.60655 96.20374 503.23439
v -135.24535 100.22882 535.84043
v -167.70302 95.10411 535.84043
v -136.42589 102.77137 511.10385
v -164.87893 122.75721 511.10385
v -166.87886 119.90516 545.69973
v -138.42583 99.91932 545.69973
v -136.42589 102.77137 511.10385
v -164.87893 122.75721 511.10385
v -166.87886 119.90516 545.69973
v -138.42583 99.91932 545.69973
v 12.44778 -94.04144 573.83951
v 6.87305 -133.93837 573.83951
v 1.05565 -133.13023 613.69358
v 6.63038 -93.23331 613.69358
v 12.44778 -94.04144 573.83951
v 6.87305 -133.93837 573.83951
v 1.05565 -133.13023 613.69358
v 6.63038 -93.23331 613.69358
v -12.28212 -112.93817 580.69875
v 15.25317 -151.60834 580.69875
v 22.00875 -146.78988 627.43973
v -5.52655 -108.11971 627.43973
v -12.28212 -112.93817 580.69875
v 15.25317 -151.60834 580.69875
v 22.00875 -146.78988 627.43973
v -5.52655 -108.11971 627.43973
v -46.08807 -141.21426 589.02445
v -5.18139 -127.55775 589.02445
v -4.13534 -130.68280 632.02442
v -45.04202 -144.33931 632.02442
v -46.08807 -141.21426 589.02445
v -5.18139 -127.55775 589.02445
v -4.13534 -130.68280 632.02442
v -45.04202 -144.33931 632.02442
v 33.25968 73.58191 516.37101
v -13.22422 70.61300 516.37101
v -13.34465 72.47525 562.91223
v 33.13925 75.44416 562.91223
v 33.25968 73.58191 516.37101
v -13.22422 70.61300 516.37101
v -13.34465 72.47525 562.91223
v 33.13925 75.44416 562.91223
v -14.31211 90.35956 484.48837
v 36.20950 91.30384 484.48837
v 36.20871 91.34451 535.01879
v -14.31290 90.40024 535.01879
v -14.31211 90.35956 484.48837
v 36.20950 91.30384 484.48837
v 36.20871 91.34451 535.01879
v -14.31290 90.40024 535.01879
v 4.25043 81.21512 514.95902
v 46.83544 57.67103 514.95902
v 47.70519 59.24715 563.58583
v 5.12019 82.79123 563.58583
v 4.25043 81.21512 514.95902
v 46.83544 57.67103 514.95902
v 47.70519 59.24715 563.58583
v 5.12019 82.79123 563.58583
v -55.76277 67.95543 410.27510
v -91.25312 83.35736 410.27510
v -92.44903 80.59563 448.84616
v -56.95868 65.19370 448.84616
v -55.76277 67.95543 410.27510
v -91.25312 83.35736 410.27510
v -92.44903 80.59563 448.84616
v -56.95868 65.19370 448.84616
v -70.51478 61.84767 407.88150
v -41.45132 98.36726 407.88150
v -39.21872 96.59339 454.46727
v -68.28218 60.07380 454.46727
v -70.51478 61.84767 407.88150
v -41.45132 98.36726 407.88150
v -39.21872 96.59339 454.46727
v -68.28218 60.07380 454.46727
v -69.45689 69.67313 422.61460
v -105.07842 86.76424 422.61460
v -105.31816 86.26356 462.12018
v -69.69662 69.17245 462.12018
v -69.45689 69.67313 422.61460
v -105.07842 86.76424 422.61460
v -105.31816 86.26356 462.12018
v -69.69662 69.17245 462.12018
v 17.42497 53.02171 503.04152
v 34.07873 16.61362 503.04152
v 28.39064 14.00629 542.58573
v 11.73687 50.41438 542.58573
v 17.42497 53.02171 503.04152
v 34.07873 16.61362 503.04152
v 28.39064 14.00629 542.58573
v 11.73687 50.41438 542.58573
v 10.46901 29.48970 525.75671
v -10.93176 58.77199 525.75671
v -9.00673 60.18124 561.94724
v 12.39404 30.89895 561.94724
v 10.46901 29.48970 525.75671
v -10.93176 58.77199 525.75671
v -9.00673 60.18124 561.94724
v 12.39404 30.89895 561.94724
v 16.63787 64.58948 499.47137
v 7.74394 15.47309 499.47137
v 1.16049 16.65979 548.93622
v 10.05443 65.77618 548.93622
v 16.63787 64.58948 499.47137
v 7.74394 15.47309 499.47137
v 1.16049 16.65979 548.93622
v 10.05443 65.77618 548.93622
v -219.39148 19.91350 541.01410
v -182.68771 51.51636 541.01410
v -179.39675 47.70037 589.18583
v -216.10052 16.09751 589.18583
v -219.39148 19.91350 541.01410
v -182.68771 51.51636 541.01410
v -179.39675 47.70037 589.18583
v -216.10052 16.09751 589.18583
v -210.23733 3.50064 547.74327
v -181.06177 29.42247 547.74327
v -184.20641 32.95617 586.48317
v -213.38198 7.03433 586.48317
v -210.23733 3.50064 547.74327
v -181.06177 29.42247 547.74327
v -184.20641 32.95617 586.48317
v -213.38198 7.03433 586.48317
v -173.66475 20.12842 543.52972
v -220.68467 39.83613 543.52972
v -219.37863 42.95912 594.40022
v -172.35872 23.25141 594.40022
v -173.66475 20.12842 543.52972
v -220.68467 39.83613 543.52972
v -219.37863 42.95912 594.40022
v -172.35872 23.25141 594.40022
v -276.55322 -33.17131 535.12010
v -244.93373 -6.76835 535.12010
v -247.61998 -3.55657 576.10031
v -279.23947 -29.95953 576.10031
v -276.55322 -33.17131 535.12010
v -244.93373 -6.76835 535.12010
v -247.61998 -3.55657 576.10031
v -279.23947 -29.95953 576.10031
v -269.00724 5.93421 543.98933
v -230.53593 -4.17346 543.98933
v -232.39158 -11.25932 583.08606
v -270.86289 -1.15165 583.08606
v -269.00724 5.93421 543.98933
v -230.53593 -4.17346 543.98933
v -232.39158 -11.25932 583.08606
v -270.86289 -1.15165 583.08606
v -238.23803 -0.16574 526.57227
v -263.27123 -27.57315 526.57227
v -262.32985 -28.43161 563.66950
v -237.29665 -1.02420 563.66950
v -238.23803 -0.16574 526.57227
v -263.27123 -27.57315 526.57227
v -262.32985 -28.43161 563.66950
v -237.29665 -1.02420 563.66950
v -16.58944 -99.41462 552.34780
v 16.40115 -87.30255 552.34780
v 18.53255 -93.09374 586.94550
v -14.45804 -105.20582 586.94550
v -16.58944 -99.41462 552.34780
v 16.40115 -87.30255 552.34780
v 18.53255 -93.09374 586.94550
v -14.45804 -105.20582 586.94550
v 20.89253 -51.58982 533.07664
v 12.91437 -93.48111 533.07664
v 7.77592 -92.50673 575.39895
v 15.75408 -50.61544 575.39895
v 20.89253 -51.58982 533.07664
v 12.91437 -93.48111 533.07664
v 7.77592 -92.50673 575.39895
v 15.75408 -50.61544 575.39895
v 12.42666 -80.02959 563.88226
v -22.55291 -104.51636 563.88226
v -22.38056 -104.76215 606.57984
v 12.59902 -80.27538 606.57984
v 12.42666 -80.02959 563.88226
v -22.55291 -104.51636 563.88226
v -22.38056 -104.76215 606.57984
v 12.59902 -80.27538 606.57984
v 28.33835 -164.71739 575.80156
v 72.61939 -140.63952 575.80156
v 73.03890 -141.40956 626.19785
v 28.75785 -165.48743 626.19785
v 28.33835 -164.71739 575.80156
v 72.61939 -140.63952 575.80156
v 73.03890 -141.40956 626.19785
v 28.75785 -165.48743 626.19785
v 19.77191 -171.35418 563.16144
v 58.91958 -168.40785 563.16144
v 59.15429 -171.49366 602.29765
v 20.00663 -174.43999 602.29765
v 19.77191 -171.35418 563.16144
v 58.91958 -168.40785 563.16144
v 59.15429 -171.49366 602.29765
v 20.00663 -174.43999 602.29765
v 65.10676 -148.85188 559.38752
v 26.45103 -150.65967 559.38752
v 26.76710 -157.30481 597.50937
v 65.42283 -155.49702 597.50937
v 65.10676 -148.85188 559.38752
v 26.45103 -150.65967 559.38752
v 26.76710 -157.30481 597.50937
v 65.42283 -155.49702 597.50937
v -173.22224 -28.48941 531.60401
v -216.97845 -5.79856 531.60401
v -213.67004 0.59371 580.36540
v -169.91383 -22.09714 580.36540
v -173.22224 -28.48941 531.60401
v -216.97845 -5.79856 531.60401
v -213.67004 0.59371 580.36540
v -169.91383 -22.09714 580.36540
v -206.71013 -35.21791 516.58500
v -216.49881 8.20815 516.58500
v -220.36228 7.33405 560.92404
v -210.57361 -36.09201 560.92404
v -206.71013 -35.21791 516.58500
v -216.49881 8.20815 516.58500
v -220.36228 7.33405 560.92404
v -210.57361 -36.09201 560.92404
v -189.71806 -37.64700 531.96362
v -183.69154 12.96305 531.96362
v -192.00170 13.94590 582.23958
v -198.02822 -36.66416 582.23958
v -189.71806 -37.64700 531.96362
v -183.69154 12.96305 531.96362
v -192.00170 13.94590 582.23958
v -198.02822 -36.66416 582.23958
v 72.90674 73.43939 521.23323
v 61.15756 23.73495 521.23323
v 54.19070 25.37593 571.80343
v 65.93988 75.08037 571.80343
v 72.90674 73.43939 521.23323
v 61.15756 23.73495 521.23323
v 54.19070 25.37593 571.80343
v 65.93988 75.08037 571.80343
v 50.79220 85.97543 513.40315
v 66.56971 46.95115 513.40315
v 59.99247 44.28587 554.89364
v 44.21495 83.31016 554.89364
v 50.79220 85.97543 513.40315
v 66.56971 46.95115 513.40315
v 59.99247 44.28587 554.89364
v 44.21495 83.31016 554.89364
v 36.76622 34.61061 503.14874
v 37.52685 84.00700 503.14874
v 37.55044 84.00666 552.55098
v 36.78981 34.61026 552.55098
v 36.76622 34.61061 503.14874
v 37.52685 84.00700 503.14874
v 37.55044 84.00666 552.55098
v 36.78981 34.61026 552.55098
v 72.47916 7.46594 449.82248
v 52.33907 46.28993 449.82248
v 53.19521 46.73493 493.54884
v 73.33531 7.91093 493.54884
v 72.47916 7.46594 449.82248
v 52.33907 46.28993 449.82248
v 53.19521 46.73493 493.54884
v 73.33531 7.91093 493.54884
v 39.10812 37.72455 464.75105
v 79.04197 38.26591 464.75105
v 78.95181 44.54713 504.19143
v 39.01797 44.00577 504.19143
v 39.10812 37.72455 464.75105
v 79.04197 38.26591 464.75105
v 78.95181 44.54713 504.19143
v 39.01797 44.00577 504.19143
v 12.71613 57.36340 463.13440
v 46.62177 56.60024 463.13440
v 46.66503 58.59239 496.99004
v 12.75939 59.35555 496.99004
v 12.71613 57.36340 463.13440
v 46.62177 56.60024 463.13440
v 46.66503 58.59239 496.99004
v 12.75939 59.35555 496.99004
v 38.59945 40.39223 450.98398
v 33.02581 82.58159 450.98398
v 33.84873 82.69097 493.53181
v 39.42237 40.50162 493.53181
v 38.59945 40.39223 450.98398
v 33.02581 82.58159 450.98398
v 33.84873 82.69097 493.53181
v 39.42237 40.50162 493.53181
v 32.99828 35.08962 455.41796
v 41.59916 79.02746 455.41796
v 34.03251 80.50239 499.52102
v 25.43163 36.56454 499.52102
v 32.99828 35.08962 455.41796
v 41.59916 79.02746 455.41796
v 34.03251 80.50239 499.52102
v 25.43163 36.56454 499.52102
v 45.43157 66.80866 443.95125
v 5.76112 66.89211 443.95125
v 5.76411 69.18078 483.55572
v 45.43456 69.09734 483.55572
v 45.43157 66.80866 443.95125
v 5.76112 66.89211 443.95125
v 5.76411 69.18078 483.55572
v 45.43456 69.09734 483.55572
v -131.29756 82.47261 483.98859
v -122.50064 50.41754 483.98859
v -126.67834 49.26747 516.94518
v -135.47526 81.32254 516.94518
v -131.29756 82.47261 483.98859
v -122.50064 50.41754 483.98859
v -126.67834 49.26747 516.94518
v -135.47526 81.32254 516.94518
v -133.61524 88.52029 503.24564
v -158.49486 55.66496 503.24564
v -160.05211 56.84223 544.41186
v -135.17248 89.69756 544.41186
v -133.61524 88.52029 503.24564
v -158.49486 55.66496 503.24564
v -160.05211 56.84223 544.41186
v -135.17248 89.69756 544.41186
v -151.54532 69.27841 487.49591
v -122.66788 89.30276 487.49591
v -119.59930 84.88503 522.22268
v -148.47674 64.86068 522.22268
v -151.54532 69.27841 487.49591
v -122.66788 89.30276 487.49591
v -119.59930 84.88503 522.22268
v -148.47674 64.86068 522.22268
v -17.93624 -60.73734 566.54842
v -24.89919 -22.04788 566.54842
v -31.48995 -23.23944 605.28469
v -24.52700 -61.92890 605.28469
v -17.93624 -60.73734 566.54842
v -24.89919 -22.04788 566.54842
v -31.48995 -23.23944 605.28469
v -24.52700 -61.92890 605.28469
v -32.70572 -6.34126 546.79455
v -34.34579 -51.11513 546.79455
v -37.30386 -51.00913 591.50056
v -35.66379 -6.23526 591.50056
v -32.70572 -6.34126 546.79455
v -34.34579 -51.11513 546.79455
v -37.30386 -51.00913 591.50056
v -35.66379 -6.23526 591.50056
v 5.95633 -22.28893 576.28410
v -12.83923 -59.08688 576.28410
v -19.66014 -55.60976 616.88887
v -0.86458 -18.81181 616.88887
v 5.95633 -22.28893 576.28410
v -12.83923 -59.08688 576.28410
v -19.66014 -55.60976 616.88887
v -0.86458 -18.81181 616.88887
v 58.52777 -51.82201 536.80829
v 9.49385 -50.14317 536.80829
v 9.48027 -50.54912 585.86925
v 58.51419 -52.22795 585.86925
v 58.52777 -51.82201 536.80829
v 9.49385 -50.14317 536.80829
v 9.48027 -50.54912 585.86925
v 58.51419 -52.22795 585.86925
v 64.51005 -57.63782 531.56364
v 17.71643 -40.80544 531.56364
v 15.52255 -46.91967 580.86653
v 62.31617 -63.75205 580.86653
v 64.51005 -57.63782 531.56364
v 17.71643 -40.80544 531.56364
v 15.52255 -46.91967 580.86653
v 62.31617 -63.75205 580.86653
v 43.84197 -53.34429 549.77690
v 9.29672 -27.16140 549.77690
v 8.65160 -28.01396 593.11020
v 43.19685 -54.19686 593.11020
v 43.84197 -53.34429 549.77690
v 9.29672 -27.16140 549.77690
v 8.65160 -28.01396 593.11020
v 43.19685 -54.19686 593.11020
v 84.33047 126.93983 536.58990
v 83.00931 77.64281 536.58990
v 87.52964 77.52527 585.69686
v 88.85081 126.82228 585.69686
v 84.33047 126.93983 536.58990
v 83.00931 77.64281 536.58990
v 87.52964 77.52527 585.69686
v 88.85081 126.82228 585.69686
v 90.02620 118.67590 535.67612
v 60.79833 147.09689 535.67612
v 58.52795 144.75832 576.31351
v 87.75582 116.33733 576.31351
v 90.02620 118.67590 535.67612
v 60.79833 147.09689 535.67612
v 58.52795 144.75832 576.31351
v 87.75582 116.33733 576.31351
v 51.85181 152.30636 521.63911
v 81.88118 117.58311 521.63911
v 75.60859 112.14971 566.78997
v 45.57923 146.87297 566.78997
v 51.85181 152.30636 521.63911
v 81.88118 117.58311 521.63911
v 75.60859 112.14971 566.78997
v 45.57923 146.87297 566.78997
v 73.98384 45.42437 559.90421
v 35.87280 32.52902 559.90421
v 36.80530 29.78031 600.03296
v 74.91635 42.67566 600.03296
v 73.98384 45.42437 559.90421
v 35.87280 32.52902 559.90421
v 36.80530 29.78031 600.03296
v 74.91635 42.67566 600.03296
v 67.99286 59.28299 567.67721
v 63.63935 25.70588 567.67721
v 62.56151 25.84476 601.51792
v 66.91501 59.42186 601.51792
v 67.99286 59.28299 567.67721
v 63.63935 25.70588 567.67721
v 62.56151 25.84476 601.51792
v 66.91501 59.42186 601.51792
v 78.79908 24.42519 556.27160
v 36.28246 5.92424 556.27160
v 34.56817 9.85525 602.44038
v 77.08479 28.35621 602.44038
v 78.79908 24.42519 556.27160
v 36.28246 5.92424 556.27160
v 34.56817 9.85525 602.44038
v 77.08479 28.35621 602.44038
v 39.70076 113.05186 535.97217
v 10.25972 151.21895 535.97217
v 9.06465 150.29559 584.15122
v 38.50569 112.12850 584.15122
v 39.70076 113.05186 535.97217
v 10.25972 151.21895 535.97217
v 9.06465 150.29559 584.15122
v 38.50569 112.12850 584.15122
v 73.69639 127.83324 536.77439
v 32.84694 133.66061 536.77439
v 32.21848 129.22989 577.79401
v 73.06793 123.40252 577.79401
v 73.69639 127.83324 536.77439
v 32.84694 133.66061 536.77439
v 32.21848 129.22989 577.79401
v 73.06793 123.40252 577.79401
v 50.63628 113.76089 556.16218
v 29.12779 146.32833 556.16218
v 26.41369 144.53275 595.05514
v 47.92218 111.96531 595.05514
v 50.63628 113.76089 556.16218
v 29.12779 146.32833 556.16218
v 26.41369 144.53275 595.05514
v 47.92218 111.96531 595.05514
v -66.42272 -47.31939 545.79645
v -52.29162 -7.49277 545.79645
v -52.93981 -7.26336 588.05015
v -67.07091 -47.08998 588.05015
v -66.42272 -47.31939 545.79645
v -52.29162 -7.49277 545.79645
v -52.93981 -7.26336 588.05015
v -67.07091 -47.08998 588.05015
v -50.77624 -13.25423 540.09962
v -70.38478 -56.75978 540.09962
v -66.54788 -58.48545 587.63411
v -46.93934 -14.97990 587.63411
v -50.77624 -13.25423 540.09962
v -70.38478 -56.75978 540.09962
v -66.54788 -58.48545 587.63411
v -46.93934 -14.97990 587.63411
v -81.08056 -44.26097 550.02152
v -39.77591 -57.57861 550.02152
v -41.29143 -62.29186 593.13674
v -82.59609 -48.97422 593.13674
v -81.08056 -44.26097 550.02152
v -39.77591 -57.57861 550.02152
v -41.29143 -62.29186 593.13674
v -82.59609 -48.97422 593.13674
v 39.10193 46.28911 569.43538
v 9.67800 61.08375 569.43538
v 7.87381 57.48840 602.12280
v 37.29774 42.69377 602.12280
v 39.10193 46.28911 569.43538
v 9.67800 61.08375 569.43538
v 7.87381 57.48840 602.12280
v 37.29774 42.69377 602.12280
v 57.70331 90.48399 584.22987
v 15.01545 83.98497 584.22987
v 16.10553 76.86308 626.80429
v 58.79339 83.36210 626.80429
v 57.70331 90.48399 584.22987
v 15.01545 83.98497 584.22987
v 16.10553 76.86308 626.80429
v 58.79339 83.36210 626.80429
v -6.67263 63.32337 569.86401
v 15.47967 41.15968 569.86401
v 15.31943 40.99926 601.19932
v -6.83287 63.16295 601.19932
v -6.67263 63.32337 569.86401
v 15.47967 41.15968 569.86401
v 15.31943 40.99926 601.19932
v -6.83287 63.16295 601.19932
v 61.30306 98.74277 569.66903
v 52.65349 54.31156 569.66903
v 50.18480 54.79011 614.86442
v 58.83437 99.22131 614.86442
v 61.30306 98.74277 569.66903
v 52.65349 54.31156 569.66903
v 50.18480 54.79011 614.86442
v 58.83437 99.22131 614.86442
v 38.20127 73.44192 581.99442
v 78.33124 47.33057 581.99442
v 76.31477 44.22610 629.72820
v 36.18480 70.33745 629.72820
v 38.20127 73.44192 581.99442
v 78.33124 47.33057 581.99442
v 76.31477 44.22610 629.72820
v 36.18480 70.33745 629.72820
v 39.97568 76.79916 567.79562
v 19.43794 43.77773 567.79562
v 13.85844 47.24175 606.12424
v 34.39619 80.26318 606.12424
v 39.97568 76.79916 567.79562
v 19.43794 43.77773 567.79562
v 13.85844 47.24175 606.12424
v 34.39619 80.26318 606.12424
v 39.65138 115.01844 551.60559
v 51.29215 71.32461 551.60559
v 48.58181 70.60022 596.73638
v 36.94104 114.29405 596.73638
v 39.65138 115.01844 551.60559
v 51.29215 71.32461 551.60559
v 48.58181 70.60022 596.73638
v 36.94104 114.29405 596.73638
v 44.05858 82.44574 551.76526
v 10.83132 83.26811 551.76526
v 10.72023 78.63007 584.67731
v 43.94749 77.80770 584.67731
v 44.05858 82.44574 551.76526
v 10.83132 83.26811 551.76526
v 10.72023 78.63007 584.67731
v 43.94749 77.80770 584.67731
v 49.67550 93.54874 551.73438
v 28.22331 63.74494 551.73438
v 33.02886 60.29181 587.97587
v 54.48104 90.09560 587.97587
v 49.67550 93.54874 551.73438
v 28.22331 63.74494 551.73438
v 33.02886 60.29181 587.97587
v 54.48104 90.09560 587.97587
v -5.90760 -168.97238 592.65877
v 15.13186 -138.15474 592.65877
v 10.33075 -134.88258 629.51834
v -10.70871 -165.70022 629.51834
v -5.90760 -168.97238 592.65877
v 15.13186 -138.15474 592.65877
v 10.33075 -134.88258 629.51834
v -10.70871 -165.70022 629.51834
v 23.02658 -138.06983 563.11003
v 2.06546 -105.71895 563.11003
v -1.88032 -108.28000 601.36994
v 19.08080 -140.63089 601.36994
v 23.02658 -138.06983 563.11003
v 2.06546 -105.71895 563.11003
v -1.88032 -108.28000 601.36994
v 19.08080 -140.63089 601.36994
v -17.28901 -156.66800 582.20342
v 20.74934 -141.46693 582.20342
v 18.01083 -134.63003 622.49915
v -20.02753 -149.83110 622.49915
v -17.28901 -156.66800 582.20342
v 20.74934 -141.46693 582.20342
v 18.01083 -134.63003 622.49915
v -20.02753 -149.83110 622.49915
v -0.21112 -29.54248 568.47426
v 26.46900 2.87250 568.47426
v 25.46537 3.69722 610.43700
v -1.21474 -28.71776 610.43700
v -0.21112 -29.54248 568.47426
v 26.46900 2.87250 568.47426
v 25.46537 3.69722 610.43700
v -1.21474 -28.71776 610.43700
v -0.71507 0.92631 579.48069
v 27.89632 14.59098 579.48069
v 28.53621 13.25390 611.15304
v -0.07518 -0.41077 611.15304
v -0.71507 0.92631 579.48069
v 27.89632 14.59098 579.48069
v 28.53621 13.25390 611.15304
v -0.07518 -0.41077 611.15304
v -28.11145 14.71891 553.24810
v 10.94607 6.71518 553.24810
v 9.58284 0.03571 592.53010
v -29.47468 8.03944 592.53010
v -28.11145 14.71891 553.24810
v 10.94607 6.71518 553.24810
v 9.58284 0.03571 592.53010
v -29.47468 8.03944 592.53010
v -179.25847 19.54413 533.48186
v -142.06231 -9.02862 533.48186
v -141.75108 -8.62279 580.38276
v -178.94724 19.94996 580.38276
v -179.25847 19.54413 533.48186
v -142.06231 -9.02862 533.48186
v -141.75108 -8.62279 580.38276
v -178.94724 19.94996 580.38276
v -172.05197 0.73054 541.75755
v -218.07137 -9.25091 541.75755
v -218.42003 -7.64958 588.81846
v -172.40063 2.33188 588.81846
v -172.05197 0.73054 541.75755
v -218.07137 -9.25091 541.75755
v -218.42003 -7.64958 588.81846
v -172.40063 2.33188 588.81846
v -195.65283 6.46992 523.21298
v -192.26338 46.58157 523.21298
v -189.17738 46.32328 563.34829
v -192.56683 6.21163 563.34829
v -195.65283 6.46992 523.21298
v -192.26338 46.58157 523.21298
v -189.17738 46.32328 563.34829
v -192.56683 6.21163 563.34829
v 4.15250 59.29483 573.79478
v -44.04534 56.15438 573.79478
v -43.77685 52.08379 621.92223
v 4.42098 55.22423 621.92223
v 4.15250 59.29483 573.79478
v -44.04534 56.15438 573.79478
v -43.77685 52.08379 621.92223
v 4.42098 55.22423 621.92223
v -50.26362 67.39023 570.09130
v -4.67350 71.16035 570.09130
v -4.91533 74.05659 615.74463
v -50.50545 70.28647 615.74463
v -50.26362 67.39023 570.09130
v -4.67350 71.16035 570.09130
v -4.91533 74.05659 615.74463
v -50.50545 70.28647 615.74463
v 3.28373 105.12267 569.93180
v -16.00697 67.16604 569.93180
v -10.71605 64.48234 612.09388
v 8.57464 102.43897 612.09388
v 3.28373 105.12267 569.93180
v -16.00697 67.16604 569.93180
v -10.71605 64.48234 612.09388
v 8.57464 102.43897 612.09388
v -139.04679 37.50490 541.02584
v -172.49967 47.42665 541.02584
v -170.93310 52.72406 575.47899
v -137.48022 42.80232 575.47899
v -139.04679 37.50490 541.02584
v -172.49967 47.42665 541.02584
v -170.93310 52.72406 575.47899
v -137.48022 42.80232 575.47899
v -183.60822 51.20808 534.39297
v -173.27722 19.28161 534.39297
v -175.76221 18.47531 567.84747
v -186.09321 50.40179 567.84747
v -183.60822 51.20808 534.39297
v -173.27722 19.28161 534.39297
v -175.76221 18.47531 567.84747
v -186.09321 50.40179 567.84747
v -179.81238 17.23086 535.02367
v -159.05658 40.45559 535.02367
v -159.66996 41.00289 566.16072
v -180.42575 17.77815 566.16072
v -179.81238 17.23086 535.02367
v -159.05658 40.45559 535.02367
v -159.66996 41.00289 566.16072
v -180.42575 17.77815 566.16072
v -6.67908 -38.53482 583.92501
v -7.20627 -78.81515 583.92501
v -3.50079 -78.86069 624.03798
v -2.97360 -38.58037 624.03798
v -6.67908 -38.53482 583.92501
v -7.20627 -78.81515 583.92501
v -3.50079 -78.86069 624.03798
v -2.97360 -38.58037 624.03798
v -42.58475 -33.15576 560.60299
v -0.39011 -37.28346 560.60299
v -0.97221 -43.28315 602.56833
v -43.16684 -39.15546 602.56833
v -42.58475 -33.15576 560.60299
v -0.39011 -37.28346 560.60299
v -0.97221 -43.28315 602.56833
v -43.16684 -39.15546 602.56833
v 8.07638 -75.78711 589.01204
v -20.92605 -41.83559 589.01204
v -18.19071 -39.49521 633.51920
v 10.81171 -73.44674 633.51920
v 8.07638 -75.78711 589.01204
v -20.92605 -41.83559 589.01204
v -18.19071 -39.49521 633.51920
v 10.81171 -73.44674 633.51920
v 90.73486 84.75883 531.38014
v 68.05978 45.63429 531.38014
v 67.63927 45.87755 576.59798
v 90.31435 85.00209 576.59798
v 90.73486 84.75883 531.38014
v 68.05978 45.63429 531.38014
v 67.63927 45.87755 576.59798
v 90.31435 85.00209 576.59798
v 129.58613 116.83437 527.20152
v 93.30706 82.03825 527.20152
v 89.97730 85.50439 577.23990
v 126.25637 120.30051 577.23990
v 129.58613 116.83437 527.20152
v 93.30706 82.03825 527.20152
v 89.97730 85.50439 577.23990
v 126.25637 120.30051 577.23990
v 82.62126 87.92836 509.89412
v 91.69954 49.92023 509.89412
v 93.90358 50.44853 548.90561
v 84.82530 88.45666 548.90561
v 82.62126 87.92836 509.89412
v 91.69954 49.92023 509.89412
v 93.90358 50.44853 548.90561
v 84.82530 88.45666 548.90561
v 55.26096 -73.93824 587.78652
v 37.65632 -113.68607 587.78652
v 39.16310 -114.35201 631.22728
v 56.76775 -74.60417 631.22728
v 55.26096 -73.93824 587.78652
v 37.65632 -113.68607 587.78652
v 39.16310 -114.35201 631.22728
v 56.76775 -74.60417 631.22728
v 48.36536 -54.25459 595.96189
v 26.36613 -84.58613 595.96189
v 28.61224 -86.21249 633.32870
v 50.61147 -55.88095 633.32870
v 48.36536 -54.25459 595.96189
v 26.36613 -84.58613 595.96189
v 28.61224 -86.21249 633.32870
v 50.61147 -55.88095 633.32870
v -1.34613 -83.96123 596.69700
v 28.94396 -64.52882 596.69700
v 30.20912 -66.49741 632.60845
v -0.08098 -85.92982 632.60845
v -1.34613 -83.96123 596.69700
v 28.94396 -64.52882 596.69700
v 30.20912 -66.49741 632.60845
v -0.08098 -85.92982 632.60845
v 2.26537 127.95757 495.05795
v 1.90358 82.74223 495.05795
v 6.12786 82.71179 540.07698
v 6.48965 127.92713 540.07698
v 2.26537 127.95757 495.05795
v 1.90358 82.74223 495.05795
v 6.12786 82.71179 540.07698
v 6.48965 127.92713 540.07698
v 3.40348 110.57335 519.79748
v 43.04736 112.98142 519.79748
v 43.45871 106.29732 558.94578
v 3.81484 103.88925 558.94578
v 3.40348 110.57335 519.79748
v 43.04736 112.98142 519.79748
v 43.45871 106.29732 558.94578
v 3.81484 103.88925 558.94578
v -0.81364 91.58262 519.67540
v -11.92399 54.61606 519.67540
v -17.28002 56.22117 557.86836
v -6.16967 93.18773 557.86836
v -0.81364 91.58262 519.67540
v -11.92399 54.61606 519.67540
v -17.28002 56.22117 557.86836
v -6.16967 93.18773 557.86836
v -137.38674 65.44530 530.69905
v -169.77818 77.23563 530.69905
v -170.11138 76.31797 565.15576
v -137.71993 64.52764 565.15576
v -137.38674 65.44530 530.69905
v -169.77818 77.23563 530.69905
v -170.11138 76.31797 565.15576
v -137.71993 64.52764 565.15576
v -123.24891 70.11111 534.17816
v -114.99995 39.40196 534.17816
v -113.23656 39.87713 565.92344
v -121.48552 70.58629 565.92344
v -123.24891 70.11111 534.17816
v -114.99995 39.40196 534.17816
v -113.23656 39.87713 565.92344
v -121.48552 70.58629 565.92344
v -147.93935 41.75536 534.57226
v -151.70413 74.46902 534.57226
v -157.55946 73.79044 566.96997
v -153.79468 41.07679 566.96997
v -147.93935 41.75536 534.57226
v -151.70413 74.46902 534.57226
v -157.55946 73.79044 566.96997
v -153.79468 41.07679 566.96997
v 80.05811 5.23057 542.30505
v 46.24380 -7.43090 542.30505
v 47.22734 -10.05123 578.30348
v 81.04165 2.61023 578.30348
v 80.05811 5.23057 542.30505
v 46.24380 -7.43090 542.30505
v 47.22734 -10.05123 578.30348
v 81.04165 2.61023 578.30348
v 88.73577 38.44511 540.11296
v 77.94380 -7.53029 540.11296
v 75.73811 -7.01440 587.28364
v 86.53008 38.96100 587.28364
v 88.73577 38.44511 540.11296
v 77.94380 -7.53029 540.11296
v 75.73811 -7.01440 587.28364
v 86.53008 38.96100 587.28364
v 65.62255 -17.33029 526.26548
v 78.35062 19.97540 526.26548
v 81.03432 19.06215 565.58064
v 68.30625 -18.24354 565.58064
v 65.62255 -17.33029 526.26548
v 78.35062 19.97540 526.26548
v 81.03432 19.06215 565.58064
v 68.30625 -18.24354 565.58064
v -36.92634 -70.78317 620.32525
v -20.66658 -108.31688 620.32525
v -16.33064 -106.43443 660.95548
v -32.59040 -68.90072 660.95548
v -36.92634 -70.78317 620.32525
v -20.66658 -108.31688 620.32525
v -16.33064 -106.43443 660.95548
v -32.59040 -68.90072 660.95548
v -19.97770 -72.10213 624.80323
v -58.42182 -46.86174 624.80323
v -62.06671 -52.42300 670.30943
v -23.62259 -77.66339 670.30943
v -19.97770 -72.10213 624.80323
v -58.42182 -46.86174 624.80323
v -62.06671 -52.42300 670.30943
v -23.62259 -77.66339 670.30943
v -41.31945 -56.11595 589.83590
v -23.51038 -96.93811 589.83590
v -30.23224 -99.87696 633.76529
v -48.04131 -59.05480 633.76529
v -41.31945 -56.11595 589.83590
v -23.51038 -96.93811 589.83590
v -30.23224 -99.87696 633.76529
v -48.04131 -59.05480 633.76529
v -128.02800 100.00317 381.00882
v -133.22034 69.13192 381.00882
v -137.64291 69.87214 411.99088
v -132.45056 100.74340 411.99088
v -128.02800 100.00317 381.00882
v -133.22034 69.13192 381.00882
v -137.64291 69.87214 411.99088
v -132.45056 100.74340 411.99088
v -95.35297 96.16095 402.18512
v -138.33015 96.17895 402.18512
v -138.32801 90.48733 444.78375
v -95.35083 90.46932 444.78375
v -95.35297 96.16095 402.18512
v -138.33015 96.17895 402.18512
v -138.32801 90.48733 444.78375
v -95.35083 90.46932 444.78375
v -94.45805 83.86502 393.94732
v -141.28166 70.74250 393.94732
v -142.86897 76.38902 442.21996
v -96.04537 89.51155 442.21996
v -94.45805 83.86502 393.94732
v -141.28166 70.74250 393.94732
v -142.86897 76.38902 442.21996
v -96.04537 89.51155 442.21996
v -88.53808 38.36175 456.77221
v -91.64346 76.85192 456.77221
v -97.63543 76.36369 494.91661
v -94.53005 37.87351 494.91661
v -88.53808 38.36175 456.77221
v -91.64346 76.85192 456.77221
v -97.63543 76.36369 494.91661
v -94.53005 37.87351 494.91661
v -122.11734 64.04427 451.14721
v -97.26959 105.20016 451.14721
v -89.67938 100.62584 498.39847
v -114.52713 59.46995 498.39847
v -122.11734 64.04427 451.14721
v -97.26959 105.20016 451.14721
v -89.67938 100.62584 498.39847
v -114.52713 59.46995 498.39847
v -126.87030 49.29276 482.98656
v -121.82405 91.71481 482.98656
v -122.79399 91.82940 525.69652
v -127.84023 49.40735 525.69652
v -126.87030 49.29276 482.98656
v -121.82405 91.71481 482.98656
v -122.79399 91.82940 525.69652
v -127.84023 49.40735 525.69652
v -123.01618 -134.71866 525.38493
v -131.20730 -85.02763 525.38493
v -131.01208 -84.99530 575.74616
v -122.82097 -134.68632 575.74616
v -123.01618 -134.71866 525.38493
v -131.20730 -85.02763 525.38493
v -131.01208 -84.99530 575.74616
v -122.82097 -134.68632 575.74616
v -127.12890 -136.68100 529.31550
v -86.18325 -119.39961 529.31550
v -83.63522 -125.42338 573.27474
v -124.58087 -142.70477 573.27474
v -127.12890 -136.68100 529.31550
v -86.18325 -119.39961 529.31550
v -83.63522 -125.42338 573.27474
v -124.58087 -142.70477 573.27474
v -88.39972 -112.61841 509.65147
v -131.03345 -117.58121 509.65147
v -130.45355 -122.52858 552.28305
v -87.81983 -117.56578 552.28305
v -88.39972 -112.61841 509.65147
v -131.03345 -117.58121 509.65147
v -130.45355 -122.52858 552.28305
v -87.81983 -117.56578 552.28305
v -70.67456 -144.89658 577.18910
v -62.04406 -181.97616 577.18910
v -61.96611 -181.95795 615.25975
v -70.59662 -144.87837 615.25975
v -70.67456 -144.89658 577.18910
v -62.04406 -181.97616 577.18910
v -61.96611 -181.95795 615.25975
v -70.59662 -144.87837 615.25975
v -61.34834 -141.31044 580.04170
v -57.22193 -175.65563 580.04170
v -63.07870 -176.36403 614.12712
v -67.20511 -142.01884 614.12712
v -61.34834 -141.31044 580.04170
v -57.22193 -175.65563 580.04170
v -63.07870 -176.36403 614.12712
v -67.20511 -142.01884 614.12712
v -77.81017 -168.95779 572.02408
v -34.26402 -145.03214 572.02408
v -36.66171 -140.67641 621.46073
v -80.20786 -164.60206 621.46073
v -77.81017 -168.95779 572.02408
v -34.26402 -145.03214 572.02408
v -36.66171 -140.67641 621.46073
v -80.20786 -164.60206 621.46073
v 29.04719 -10.07322 565.93008
v 43.35498 -39.81653 565.93008
v 38.40745 -42.20135 598.47562
v 24.09967 -12.45804 598.47562
v 29.04719 -10.07322 565.93008
v 43.35498 -39.81653 565.93008
v 38.40745 -42.20135 598.47562
v 24.09967 -12.45804 598.47562
v 38.65878 -35.22478 555.03842
v 54.61739 2.29863 555.03842
v 56.21684 1.61989 595.77740
v 40.25823 -35.90352 595.77740
v 38.65878 -35.22478 555.03842
v 54.61739 2.29863 555.03842
v 56.21684 1.61989 595.77740
v 40.25823 -35.90352 595.77740
v 5.66013 -23.29936 572.08692
v 43.69355 -3.50987 572.08692
v 44.58209 -5.21425 614.91764
v 6.54867 -25.00374 614.91764
v 5.66013 -23.29936 572.08692
v 43.69355 -3.50987 572.08692
v 44.58209 -5.21425 614.91764
v 6.54867 -25.00374 614.91764
v -48.83095 -26.57703 480.67273
v -9.96666 -52.84895 480.67273
v -9.09027 -51.55027 527.55761
v -47.95456 -25.27835 527.55761
v -48.83095 -26.57703 480.67273
v -9.96666 -52.84895 480.67273
v -9.09027 -51.55027 527.55761
v -47.95456 -25.27835 527.55761
v -32.60806 -84.39472 470.86721
v -20.69511 -35.27949 470.86721
v -29.78179 -33.08317 520.53443
v -41.69474 -82.19840 520.53443
v -32.60806 -84.39472 470.86721
v -20.69511 -35.27949 470.86721
v -29.78179 -33.08317 520.53443
v -41.69474 -82.19840 520.53443
v -70.54303 -41.44876 472.06136
v -28.15978 -67.32946 472.06136
v -32.36054 -74.22112 521.06145
v -74.74379 -48.34042 521.06145
v -70.54303 -41.44876 472.06136
v -28.15978 -67.32946 472.06136
v -32.36054 -74.22112 521.06145
v -74.74379 -48.34042 521.06145
v -35.24197 24.94803 592.24353
v -12.53851 51.68253 592.24353
v -9.73216 49.30317 627.12395
v -32.43563 22.56867 627.12395
v -35.24197 24.94803 592.24353
v -12.53851 51.68253 592.24353
v -9.73216 49.30317 627.12395
v -32.43563 22.56867 627.12395
v -24.83603 54.35608 565.49151
v 18.46577 34.81656 565.49151
v 15.75037 28.78612 612.53509
v -27.55143 48.32563 612.53509
v -24.83603 54.35608 565.49151
v 18.46577 34.81656 565.49151
v 15.75037 28.78612 612.53509
v -27.55143 48.32563 612.53509
v -20.14572 48.02231 554.67993
v 6.37044 16.29999 554.67993
v 1.11597 11.90076 595.45308
v -25.40019 43.62308 595.45308
v -20.14572 48.02231 554.67993
v 6.37044 16.29999 554.67993
v 1.11597 11.90076 595.45308
v -25.40019 43.62308 595.45308
v -56.54799 -68.35551 489.00371
v -13.14974 -81.98473 489.00371
v -11.84710 -77.82525 534.28245
v -55.24534 -64.19603 534.28245
v -56.54799 -68.35551 489.00371
v -13.14974 -81.98473 489.00371
v -11.84710 -77.82525 534.28245
v -55.24534 -64.19603 534.28245
v -34.30991 -24.92352 475.17313
v -14.46996 -68.36174 475.17313
v -20.14863 -70.96087 522.51760
v -39.98857 -27.52266 522.51760
v -34.30991 -24.92352 475.17313
v -14.46996 -68.36174 475.17313
v -20.14863 -70.96087 522.51760
v -39.98857 -27.52266 522.51760
v -46.23759 -49.88328 470.98764
v -9.40516 -29.00402 470.98764
v -7.77902 -31.86732 513.19817
v -44.61145 -52.74658 513.19817
v -46.23759 -49.88328 470.98764
v -9.40516 -29.00402 470.98764
v -7.77902 -31.86732 513.19817
v -44.61145 -52.74658 513.19817
v -216.45836 -34.68453 449.71717
v -223.53828 12.48545 449.71717
v -222.51647 12.63965 497.40431
v -215.43655 -34.53033 497.40431
v -216.45836 -34.68453 449.71717
v -223.53828 12.48545 449.71717
v -222.51647 12.63965 497.40431
v -215.43655 -34.53033 497.40431
v -212.28169 2.93159 441.64941
v -205.43048 -47.06503 441.64941
v -203.21287 -46.75935 492.06360
v -210.06409 3.23728 492.06360
v -212.28169 2.93159 441.64941
v -205.43048 -47.06503 441.64941
v -203.21287 -46.75935 492.06360
v -210.06409 3.23728 492.06360
v -223.47129 -43.01000 450.43382
v -234.23083 2.59717 450.43382
v -236.18220 2.13517 497.25007
v -225.42265 -43.47200 497.25007
v -223.47129 -43.01000 450.43382
v -234.23083 2.59717 450.43382
v -236.18220 2.13517 497.25007
v -225.42265 -43.47200 497.25007
v -131.45906 -23.81279 486.74273
v -103.51209 -40.18101 486.74273
v -102.06848 -37.71170 519.00370
v -130.01545 -21.34348 519.00370
v -131.45906 -23.81279 486.74273
v -103.51209 -40.18101 486.74273
v -102.06848 -37.71170 519.00370
v -130.01545 -21.34348 519.00370
v -103.43834 -63.34376 490.94973
v -144.51479 -33.10651 490.94973
v -145.31326 -34.19301 541.93746
v -104.23680 -64.43026 541.93746
v -103.43834 -63.34376 490.94973
v -144.51479 -33.10651 490.94973
v -145.31326 -34.19301 541.93746
v -104.23680 -64.43026 541.93746
v -138.20710 -32.81754 497.31495
v -106.82952 -35.82792 497.31495
v -107.19020 -39.61906 528.60571
v -138.56778 -36.60869 528.60571
v -138.20710 -32.81754 497.31495
v -106.82952 -35.82792 497.31495
v -107.19020 -39.61906 528.60571
v -138.56778 -36.60869 528.60571
v 68.03761 -57.69010 504.48093
v 38.53836 -22.04599 504.48093
v 40.88209 -20.10317 550.64845
v 70.38134 -55.74727 550.64845
v 68.03761 -57.69010 504.48093
v 38.53836 -22.04599 504.48093
v 40.88209 -20.10317 550.64845
v 70.38134 -55.74727 550.64845
v 64.48502 3.22768 519.21227
v 51.84128 -36.60482 519.21227
v 45.15872 -34.48948 560.41132
v 57.80246 5.34302 560.41132
v 64.48502 3.22768 519.21227
v 51.84128 -36.60482 519.21227
v 45.15872 -34.48948 560.41132
v 57.80246 5.34302 560.41132
v 65.36073 -35.86721 502.45475
v 61.07682 7.65404 502.45475
v 53.63961 6.91600 545.54297
v 57.92352 -36.60525 545.54297
v 65.36073 -35.86721 502.45475
v 61.07682 7.65404 502.45475
v 53.63961 6.91600 545.54297
v 57.92352 -36.60525 545.54297
v 43.06800 56.03986 525.19690
v 90.26251 65.73400 525.19690
v 92.02936 57.16701 572.57604
v 44.83484 47.47286 572.57604
v 43.06800 56.03986 525.19690
v 90.26251 65.73400 525.19690
v 92.02936 57.16701 572.57604
v 44.83484 47.47286 572.57604
v 78.36693 69.32344 551.92871
v 61.04138 39.90524 551.92871
v 58.91982 41.15244 585.98085
v 76.24537 70.57063 585.98085
v 78.36693 69.32344 551.92871
v 61.04138 39.90524 551.92871
v 58.91982 41.15244 585.98085
v 76.24537 70.57063 585.98085
v 75.32461 33.86609 530.78591
v 35.36343 27.29614 530.78591
v 34.17065 34.51524 570.61708
v 74.13183 41.08518 570.61708
v 75.32461 33.86609 530.78591
v 35.36343 27.29614 530.78591
v 34.17065 34.51524 570.61708
v 74.13183 41.08518 570.61708
v -45.59892 -164.99444 578.98232
v -87.83045 -139.59274 578.98232
v -88.50646 -140.71867 628.24716
v -46.27493 -166.12037 628.24716
v -45.59892 -164.99444 578.98232
v -87.83045 -139.59274 578.98232
v -88.50646 -140.71867 628.24716
v -46.27493 -166.12037 628.24716
v -88.32452 -141.26584 578.40885
v -39.01415 -143.67718 578.40885
v -38.63217 -135.73633 627.13383
v -87.94254 -133.32499 627.13383
v -88.32452 -141.26584 578.40885
v -39.01415 -143.67718 578.40885
v -38.63217 -135.73633 627.13383
v -87.94254 -133.32499 627.13383
v -62.89926 -127.73654 575.09495
v -70.12345 -159.56423 575.09495
v -70.32271 -159.51917 607.73158
v -63.09852 -127.69148 607.73158
v -62.89926 -127.73654 575.09495
v -70.12345 -159.56423 575.09495
v -70.32271 -159.51917 607.73158
v -63.09852 -127.69148 607.73158
v 11.30404 50.07513 436.45530
v 41.19977 25.31190 436.45530
v 39.10808 22.78258 475.13603
v 9.21235 47.54581 475.13603
v 11.30404 50.07513 436.45530
v 41.19977 25.31190 436.45530
v 39.10808 22.78258 475.13603
v 9.21235 47.54581 475.13603
v 51.51934 45.12226 450.44496
v 49.45811 8.94075 450.44496
v 53.12302 8.73489 486.49877
v 55.18424 44.91641 486.49877
v 51.51934 45.12226 450.44496
v 49.45811 8.94075 450.44496
v 53.12302 8.73489 486.49877
v 55.18424 44.91641 486.49877
v 15.98993 -6.45346 458.32995
v 40.56135 35.54070 458.32995
v 47.54875 31.45973 506.30688
v 22.97733 -10.53443 506.30688
v 15.98993 -6.45346 458.32995
v 40.56135 35.54070 458.32995
v 47.54875 31.45973 506.30688
v 22.97733 -10.53443 506.30688
v -144.76537 56.20970 422.66195
v -153.69104 101.89080 422.66195
v -155.55887 101.52430 469.16794
v -146.63319 55.84320 469.16794
v -144.76537 56.20970 422.66195
v -153.69104 101.89080 422.66195
v -155.55887 101.52430 469.16794
v -146.63319 55.84320 469.16794
v -157.23130 60.42000 439.82136
v -198.44201 49.56996 439.82136
v -199.74288 54.49499 482.13090
v -158.53217 65.34502 482.13090
v -157.23130 60.42000 439.82136
v -198.44201 49.56996 439.82136
v -199.74288 54.49499 482.13090
v -158.53217 65.34502 482.13090
v -177.93672 75.61275 449.45844
v -134.83231 74.36003 449.45844
v -134.91334 71.49337 492.48559
v -178.01775 72.74609 492.48559
v -177.93672 75.61275 449.45844
v -134.83231 74.36003 449.45844
v -134.91334 71.49337 492.48559
v -178.01775 72.74609 492.48559
v 25.54469 -3.06218 519.13277
v -5.18049 36.79155 519.13277
v -9.09346 33.76988 569.21185
v 21.63172 -6.08385 569.21185
v 25.54469 -3.06218 519.13277
v -5.18049 36.79155 519.13277
v -9.09346 33.76988 569.21185
v 21.63172 -6.08385 569.21185
v -13.08044 32.16455 535.71134
v 24.38732 32.54842 535.71134
v 24.39748 31.62847 573.16978
v -13.07028 31.24459 573.16978
v -13.08044 32.16455 535.71134
v 24.38732 32.54842 535.71134
v 24.39748 31.62847 573.16978
v -13.07028 31.24459 573.16978
v -14.85388 36.34835 519.32441
v 18.75843 41.59318 519.32441
v 18.72241 41.82285 553.34267
v -14.88991 36.57802 553.34267
v -14.85388 36.34835 519.32441
v 18.75843 41.59318 519.32441
v 18.72241 41.82285 553.34267
v -14.88991 36.57802 553.34267
v 72.68296 43.30145 502.48198
v 35.50511 58.32246 502.48198
v 36.83534 61.62243 542.42148
v 74.01319 46.60142 542.42148
v 72.68296 43.30145 502.48198
v 35.50511 58.32246 502.48198
v 36.83534 61.62243 542.42148
v 74.01319 46.60142 542.42148
v 68.45562 29.12838 529.60529
v 93.62720 48.19174 529.60529
v 92.70512 49.40726 561.14403
v 67.53354 30.34389 561.14403
v 68.45562 29.12838 529.60529
v 93.62720 48.19174 529.60529
v 92.70512 49.40726 561.14403
v 67.53354 30.34389 561.14403
v 33.03081 49.97511 501.92913
v 81.36540 34.00151 501.92913
v 80.25323 30.62719 552.71068
v 31.91864 46.60078 552.71068
v 33.03081 49.97511 501.92913
v 81.36540 34.00151 501.92913
v 80.25323 30.62719 552.71068
v 31.91864 46.60078 552.71068
v 7.49741 81.12691 541.41883
v 51.73485 63.85289 541.41883
v 51.99568 64.52243 588.90385
v 7.75824 81.79645 588.90385
v 7.49741 81.12691 541.41883
v 51.73485 63.85289 541.41883
v 51.99568 64.52243 588.90385
v 7.75824 81.79645 588.90385
v 50.94877 90.48213 552.45093
v 31.38299 116.56793 552.45093
v 32.03012 117.05412 585.04900
v 51.59590 90.96831 585.04900
v 50.94877 90.48213 552.45093
v 31.38299 116.56793 552.45093
v 32.03012 117.05412 585.04900
v 51.59590 90.96831 585.04900
v 58.52998 81.96069 551.14743
v 25.14139 91.70459 551.14743
v 24.03856 87.91441 585.70405
v 57.42716 78.17051 585.70405
v 58.52998 81.96069 551.14743
v 25.14139 91.70459 551.14743
v 24.03856 87.91441 585.70405
v 57.42716 78.17051 585.70405
v -47.52044 -123.46973 485.69894
v -66.48160 -152.01335 485.69894
v -67.70590 -151.20146 519.93498
v -48.74474 -122.65784 519.93498
v -47.52044 -123.46973 485.69894
v -66.48160 -152.01335 485.69894
v -67.70590 -151.20146 519.93498
v -48.74474 -122.65784 519.93498
v -70.70386 -133.83766 458.91109
v -36.92340 -163.57239 458.91109
v -35.71605 -162.19856 503.87695
v -69.49651 -132.46383 503.87695
v -70.70386 -133.83766 458.91109
v -36.92340 -163.57239 458.91109
v -35.71605 -162.19856 503.87695
v -69.49651 -132.46383 503.87695
v -74.27766 -104.10204 489.31659
v -80.96464 -136.47138 489.31659
v -79.02351 -136.87077 522.30996
v -72.33653 -104.50144 522.30996
v -74.27766 -104.10204 489.31659
v -80.96464 -136.47138 489.31659
v -79.02351 -136.87077 522.30996
v -72.33653 -104.50144 522.30996
v -15.53967 -27.55120 436.52115
v -26.76341 -68.74424 436.52115
v -21.28948 -70.23103 478.83741
v -10.06573 -29.03798 478.83741
v -15.53967 -27.55120 436.52115
v -26.76341 -68.74424 436.52115
v -21.28948 -70.23103 478.83741
v -10.06573 -29.03798 478.83741
v -3.01376 -71.33979 437.11685
v -9.33684 -22.39377 437.11685
v -9.61263 -22.42962 486.46882
v -3.28955 -71.37564 486.46882
v -3.01376 -71.33979 437.11685
v -9.33684 -22.39377 437.11685
v -9.61263 -22.42962 486.46882
v -3.28955 -71.37564 486.46882
v 14.26541 -4.56084 442.48485
v -28.61508 -28.57322 442.48485
v -24.89930 -35.19635 491.04057
v 17.98119 -11.18397 491.04057
v 14.26541 -4.56084 442.48485
v -28.61508 -28.57322 442.48485
v -24.89930 -35.19635 491.04057
v 17.98119 -11.18397 491.04057
v -220.63681 -90.17959 517.79508
v -184.28425 -63.23671 517.79508
v -184.62644 -62.77577 563.03995
v -220.97901 -89.71865 563.03995
v -220.63681 -90.17959 517.79508
v -184.28425 -63.23671 517.79508
v -184.62644 -62.77577 563.03995
v -220.97901 -89.71865 563.03995
v -184.47206 -36.92571 505.82948
v -226.52953 -49.01765 505.82948
v -225.52915 -52.48672 549.44153
v -183.47168 -40.39478 549.44153
v -184.47206 -36.92571 505.82948
v -226.52953 -49.01765 505.82948
v -225.52915 -52.48672 549.44153
v -183.47168 -40.39478 549.44153
v -192.89960 -91.29073 517.08954
v -176.87511 -53.75303 517.08954
v -176.76384 -53.80043 557.90435
v -192.78832 -91.33813 557.90435
v -192.89960 -91.29073 517.08954
v -176.87511 -53.75303 517.08954
v -176.76384 -53.80043 557.90435
v -192.78832 -91.33813 557.90435
v -135.76595 -15.03216 478.54537
v -144.82213 27.66401 478.54537
v -144.17355 27.80212 522.18638
v -135.11736 -14.89405 522.18638
v -135.76595 -15.03216 478.54537
v -144.82213 27.66401 478.54537
v -144.17355 27.80212 522.18638
v -135.11736 -14.89405 522.18638
v -130.52804 -8.49489 493.65072
v -156.73624 15.72697 493.65072
v -161.13946 10.95504 528.74215
v -134.93126 -13.26682 528.74215
v -130.52804 -8.49489 493.65072
v -156.73624 15.72697 493.65072
v -161.13946 10.95504 528.74215
v -134.93126 -13.26682 528.74215
v -114.46110 -13.68379 469.33502
v -150.75312 -0.28061 469.33502
v -148.67088 5.37135 507.55119
v -112.37886 -8.03183 507.55119
v -114.46110 -13.68379 469.33502
v -150.75312 -0.28061 469.33502
v -148.67088 5.37135 507.55119
v -112.37886 -8.03183 507.55119
v 26.34054 95.20357 535.75768
v 48.67478 50.81261 535.75768
v 45.58770 49.25634 585.33009
v 23.25346 93.64730 585.33009
v 26.34054 95.20357 535.75768
v 48.67478 50.81261 535.75768
v 45.58770 49.25634 585.33009
v 23.25346 93.64730 585.33009
v 24.85727 25.63648 555.43904
v 19.49516 69.96252 555.43904
v 16.05631 69.54374 599.95362
v 21.41842 25.21771 599.95362
v 24.85727 25.63648 555.43904
v 19.49516 69.96252 555.43904
v 16.05631 69.54374 599.95362
v 21.41842 25.21771 599.95362
v 22.25079 57.40435 552.46933
v 16.74931 24.74468 552.46933
v 17.56326 24.60824 585.57883
v 23.06475 57.26790 585.57883
v 22.25079 57.40435 552.46933
v 16.74931 24.74468 552.46933
v 17.56326 24.60824 585.57883
v 23.06475 57.26790 585.57883
v 48.96713 -81.30459 556.76346
v 1.30898 -89.11842 556.76346
v 2.46084 -96.10896 604.53542
v 50.11898 -88.29514 604.53542
v 48.96713 -81.30459 556.76346
v 1.30898 -89.11842 556.76346
v 2.46084 -96.10896 604.53542
v 50.11898 -88.29514 604.53542
v -10.40203 -112.33310 572.00832
v 35.42963 -117.37798 572.00832
v 35.34960 -118.11042 618.11091
v -10.48206 -113.06554 618.11091
v -10.40203 -112.33310 572.00832
v 35.42963 -117.37798 572.00832
v 35.34960 -118.11042 618.11091
v -10.48206 -113.06554 618.11091
v 42.78665 -72.17735 593.54706
v 10.97242 -97.32516 593.54706
v 13.42717 -100.42557 633.90693
v 45.24140 -75.27776 633.90693
v 42.78665 -72.17735 593.54706
v 10.97242 -97.32516 593.54706
v 13.42717 -100.42557 633.90693
v 45.24140 -75.27776 633.90693
v -133.98864 75.19144 534.96663
v -132.81399 26.65469 534.96663
v -133.91648 26.62713 583.50506
v -135.09113 75.16388 583.50506
v -133.98864 75.19144 534.96663
v -132.81399 26.65469 534.96663
v -133.91648 26.62713 583.50506
v -135.09113 75.16388 583.50506
v -137.30544 66.07593 569.37154
v -128.55055 32.06666 569.37154
v -128.85028 31.98924 604.48824
v -137.60517 65.99852 604.48824
v -137.30544 66.07593 569.37154
v -128.55055 32.06666 569.37154
v -128.85028 31.98924 604.48824
v -137.60517 65.99852 604.48824
v -130.82005 64.60265 531.56765
v -160.45191 34.96877 531.56765
v -161.99688 36.51116 573.41796
v -132.36501 66.14505 573.41796
v -130.82005 64.60265 531.56765
v -160.45191 34.96877 531.56765
v -161.99688 36.51116 573.41796
v -132.36501 66.14505 573.41796
v 43.45361 81.42418 540.03969
v 7.90115 54.77133 540.03969
v 12.38740 48.79700 583.84075
v 47.93987 75.44984 583.84075
v 43.45361 81.42418 540.03969
v 7.90115 54.77133 540.03969
v 12.38740 48.79700 583.84075
v 47.93987 75.44984 583.84075
v 9.41936 69.58560 541.94897
v 19.73574 26.41024 541.94897
v 19.95662 26.46320 586.33915
v 9.64023 69.63856 586.33915
v 9.41936 69.58560 541.94897
v 19.73574 26.41024 541.94897
v 19.95662 26.46320 586.33915
v 9.64023 69.63856 586.33915
v 56.30190 11.55851 541.88543
v 36.34004 57.74922 541.88543
v 37.85909 58.40713 592.17775
v 57.82095 12.21642 592.17775
v 56.30190 11.55851 541.88543
v 36.34004 57.74922 541.88543
v 37.85909 58.40713 592.17775
v 57.82095 12.21642 592.17775
v 13.78303 -54.17987 506.22592
v 38.19339 -89.59032 506.22592
v 44.20578 -85.43859 548.60964
v 19.79542 -50.02814 548.60964
v 13.78303 -54.17987 506.22592
v 38.19339 -89.59032 506.22592
v 44.20578 -85.43859 548.60964
v 19.79542 -50.02814 548.60964
v 6.65722 -55.01432 532.95728
v -17.03691 -86.27395 532.95728
v -14.10101 -88.49563 572.00879
v 9.59313 -57.23600 572.00879
v 6.65722 -55.01432 532.95728
v -17.03691 -86.27395 532.95728
v -14.10101 -88.49563 572.00879
v 9.59313 -57.23600 572.00879
v 8.91482 -68.49873 534.66570
v 43.54594 -73.37284 534.66570
v 44.13838 -69.13902 569.37585
v 9.50727 -64.26491 569.37585
v 8.91482 -68.49873 534.66570
v 43.54594 -73.37284 534.66570
v 44.13838 -69.13902 569.37585
v 9.50727 -64.26491 569.37585
v -15.78466 67.08709 608.84949
v -6.60709 33.98361 608.84949
v -4.19356 34.65480 643.11015
v -13.37113 67.75828 643.11015
v -15.78466 67.08709 608.84949
v -6.60709 33.98361 608.84949
v -4.19356 34.65480 643.11015
v -13.37113 67.75828 643.11015
v -25.24949 40.77215 611.95358
v 0.32985 9.41467 611.95358
v 4.73489 13.01385 652.01898
v -20.84445 44.37133 652.01898
v -25.24949 40.77215 611.95358
v 0.32985 9.41467 611.95358
v 4.73489 13.01385 652.01898
v -20.84445 44.37133 652.01898
v 17.76484 46.06456 603.74223
v -1.87697 20.27554 603.74223
v -0.78700 19.44675 636.13049
v 18.85482 45.23577 636.13049
v 17.76484 46.06456 603.74223
v -1.87697 20.27554 603.74223
v -0.78700 19.44675 636.13049
v 18.85482 45.23577 636.13049
v -17.34026 48.88220 461.61888
v -37.93057 5.66046 461.61888
v -36.74885 5.09866 509.47666
v -16.15854 48.32039 509.47666
v -17.34026 48.88220 461.61888
v -37.93057 5.66046 461.61888
v -36.74885 5.09866 509.47666
v -16.15854 48.32039 509.47666
v -28.87153 22.37310 478.10209
v -3.18517 -1.34735 478.10209
v -4.75549 -3.05054 512.98880
v -30.44185 20.66991 512.98880
v -28.87153 22.37310 478.10209
v -3.18517 -1.34735 478.10209
v -4.75549 -3.05054 512.98880
v -30.44185 20.66991 512.98880
v -45.39126 4.15912 481.48547
v -3.51805 33.38491 481.48547
v -2.55456 32.00681 532.52159
v -44.42777 2.78102 532.52159
v -45.39126 4.15912 481.48547
v -3.51805 33.38491 481.48547
v -2.55456 32.00681 532.52159
v -44.42777 2.78102 532.52159
v -187.66216 18.53826 556.30198
v -188.99536 56.93890 556.30198
v -189.71811 56.91323 594.71895
v -188.38492 18.51259 594.71895
v -187.66216 18.53826 556.30198
v -188.99536 56.93890 556.30198
v -189.71811 56.91323 594.71895
v -188.38492 18.51259 594.71895
v -200.78953 71.57280 573.68967
v -170.36492 60.01596 573.68967
v -168.48902 64.96632 605.80186
v -198.91364 76.52316 605.80186
v -200.78953 71.57280 573.68967
v -170.36492 60.01596 573.68967
v -168.48902 64.96632 605.80186
v -198.91364 76.52316 605.80186
v -175.80413 49.64103 566.29987
v -143.31062 34.05777 566.29987
v -144.56426 31.43841 602.21969
v -177.05776 47.02166 602.21969
v -175.80413 49.64103 566.29987
v -143.31062 34.05777 566.29987
v -144.56426 31.43841 602.21969
v -177.05776 47.02166 602.21969
v -189.58034 73.32687 510.78275
v -153.76686 36.71358 510.78275
v -155.45314 35.06151 561.94489
v -191.26662 71.67480 561.94489
v -189.58034 73.32687 510.78275
v -153.76686 36.71358 510.78275
v -155.45314 35.06151 561.94489
v -191.26662 71.67480 561.94489
v -169.62798 77.29373 500.71968
v -160.86927 33.09871 500.71968
v -155.05894 34.25503 545.38306
v -163.81765 78.45005 545.38306
v -169.62798 77.29373 500.71968
v -160.86927 33.09871 500.71968
v -155.05894 34.25503 545.38306
v -163.81765 78.45005 545.38306
v -208.96757 50.13010 525.70272
v -160.34940 41.97315 525.70272
v -159.67936 45.98640 574.83221
v -208.29753 54.14335 574.83221
v -208.96757 50.13010 525.70272
v -160.34940 41.97315 525.70272
v -159.67936 45.98640 574.83221
v -208.29753 54.14335 574.83221
v -100.53458 -89.94741 516.88074
v -101.76379 -140.97849 516.88074
v -103.60512 -140.93561 567.89339
v -102.37591 -89.90452 567.89339
v -100.53458 -89.94741 516.88074
v -101.76379 -140.97849 516.88074
v -103.60512 -140.93561 567.89339
v -102.37591 -89.90452 567.89339
v -109.98458 -107.34733 518.84823
v -110.34374 -56.85053 518.84823
v -119.07411 -56.91958 568.58586
v -118.71495 -107.41638 568.58586
v -109.98458 -107.34733 518.84823
v -110.34374 -56.85053 518.84823
v -119.07411 -56.91958 568.58586
v -118.71495 -107.41638 568.58586
v -101.02577 -81.25021 502.53971
v -91.41982 -130.97231 502.53971
v -86.80083 -130.07614 552.96216
v -96.40678 -80.35404 552.96216
v -101.02577 -81.25021 502.53971
v -91.41982 -130.97231 502.53971
v -86.80083 -130.07614 552.96216
v -96.40678 -80.35404 552.96216
v 80.51203 107.36963 518.26932
v 32.53633 122.45961 518.26932
v 30.21800 115.06837 567.96208
v 78.19370 99.97839 567.96208
v 80.51203 107.36963 518.26932
v 32.53633 122.45961 518.26932
v 30.21800 115.06837 567.96208
v 78.19370 99.97839 567.96208
v 70.89676 114.70282 511.74708
v 40.85422 127.51371 511.74708
v 39.18596 123.59287 544.12789
v 69.22851 110.78199 544.12789
v 70.89676 114.70282 511.74708
v 40.85422 127.51371 511.74708
v 39.18596 123.59287 544.12789
v 69.22851 110.78199 544.12789
v 81.67923 149.89830 538.98191
v 66.37489 115.72879 538.98191
v 60.97016 118.14437 575.95125
v 76.27450 152.31388 575.95125
v 81.67923 149.89830 538.98191
v 66.37489 115.72879 538.98191
v 60.97016 118.14437 575.95125
v 76.27450 152.31388 575.95125
v 4.82679 -29.65363 374.56415
v -23.97734 -7.17715 374.56415
v -24.50779 -7.85805 411.08982
v 4.29634 -30.33453 411.08982
v 4.82679 -29.65363 374.56415
v -23.97734 -7.17715 374.56415
v -24.50779 -7.85805 411.08982
v 4.29634 -30.33453 411.08982
v 36.81365 -13.49527 377.92000
v 8.10138 -34.87927 377.92000
v 5.24355 -31.04844 413.39996
v 33.95582 -9.66444 413.39996
v 36.81365 -13.49527 377.92000
v 8.10138 -34.87927 377.92000
v 5.24355 -31.04844 413.39996
v 33.95582 -9.66444 413.39996
v -5.44810 0.56746 363.02283
v 31.77168 -17.48537 363.02283
v 30.35534 -20.41139 404.26176
v -6.86444 -2.35857 404.26176
v -5.44810 0.56746 363.02283
v 31.77168 -17.48537 363.02283
v 30.35534 -20.41139 404.26176
v -6.86444 -2.35857 404.26176
v -224.24167 22.27792 512.20374
v -235.92131 -12.85819 512.20374
v -231.06428 -14.46843 548.87494
v -219.38464 20.66768 548.87494
v -224.24167 22.27792 512.20374
v -235.92131 -12.85819 512.20374
v -231.06428 -14.46843 548.87494
v -219.38464 20.66768 548.87494
v -193.31667 59.74544 518.61302
v -212.59440 13.49674 518.61302
v -214.98634 14.49153 568.65162
v -195.70861 60.74023 568.65162
v -193.31667 59.74544 518.61302
v -212.59440 13.49674 518.61302
v -214.98634 14.49153 568.65162
v -195.70861 60.74023 568.65162
v -243.85114 23.53478 499.85765
v -205.65703 39.04781 499.85765
v -203.49352 33.73326 540.68067
v -241.68764 18.22024 540.68067
v -243.85114 23.53478 499.85765
v -205.65703 39.04781 499.85765
v -203.49352 33.73326 540.68067
v -241.68764 18.22024 540.68067
v -74.13584 20.76785 566.24615
v -111.12540 7.95306 566.24615
v -110.12909 5.08463 605.27468
v -73.13953 17.89942 605.27468
v -74.13584 20.76785 566.24615
v -111.12540 7.95306 566.24615
v -110.12909 5.08463 605.27468
v -73.13953 17.89942 605.27468
v -71.66830 20.34051 549.27669
v -90.38025 -11.01130 549.27669
v -95.23375 -8.11979 585.34823
v -76.52180 23.23202 585.34823
v -71.66830 20.34051 549.27669
v -90.38025 -11.01130 549.27669
v -95.23375 -8.11979 585.34823
v -76.52180 23.23202 585.34823
v -68.38710 -0.66493 550.76409
v -69.11118 37.27182 550.76409
v -72.34845 37.20745 588.56935
v -71.62437 -0.72930 588.56935
v -68.38710 -0.66493 550.76409
v -69.11118 37.27182 550.76409
v -72.34845 37.20745 588.56935
v -71.62437 -0.72930 588.56935
v -63.29986 -18.85971 614.63846
v -30.74864 -16.09008 614.63846
v -30.68613 -16.81784 647.29913
v -63.23736 -19.58748 647.29913
v -63.29986 -18.85971 614.63846
v -30.74864 -16.09008 614.63846
v -30.68613 -16.81784 647.29913
v -63.23736 -19.58748 647.29913
v -42.95313 5.66087 586.16960
v -75.97073 5.71132 586.16960
v -75.97021 6.41912 619.17965
v -42.95261 6.36867 619.17965
v -42.95313 5.66087 586.16960
v -75.97073 5.71132 586.16960
v -75.97021 6.41912 619.17965
v -42.95261 6.36867 619.17965
v -53.90909 -15.19067 582.96741
v -30.17039 22.99866 582.96741
v -29.66054 22.68229 627.92952
v -53.39924 -15.50704 627.92952
v -53.90909 -15.19067 582.96741
v -30.17039 22.99866 582.96741
v -29.66054 22.68229 627.92952
v -53.39924 -15.50704 627.92952
v -26.46009 -154.19171 536.33422
v 8.87385 -126.40922 536.33422
v 11.30646 -129.49797 581.11028
v -24.02748 -157.28045 581.11028
v -26.46009 -154.19171 536.33422
v 8.87385 -126.40922 536.33422
v 11.30646 -129.49797 581.11028
v -24.02748 -157.28045 581.11028
v -1.82988 -147.37455 563.82406
v 3.33718 -114.82671 563.82406
v -0.62448 -114.20102 596.53452
v -5.79154 -146.74886 596.53452
v -1.82988 -147.37455 563.82406
v 3.33718 -114.82671 563.82406
v -0.62448 -114.20102 596.53452
v -5.79154 -146.74886 596.53452
v -29.10500 -130.11606 549.26441
v 14.01290 -141.48741 549.26441
v 15.46951 -135.94636 593.48699
v -27.64840 -124.57501 593.48699
v -29.10500 -130.11606 549.26441
v 14.01290 -141.48741 549.26441
v 15.46951 -135.94636 593.48699
v -27.64840 -124.57501 593.48699
v -177.13201 71.97718 496.55357
v -135.57099 100.02377 496.55357
v -133.66141 97.19891 546.57659
v -175.22243 69.15232 546.57659
v -177.13201 71.97718 496.55357
v -135.57099 100.02377 496.55357
v -133.66141 97.19891 546.57659
v -175.22243 69.15232 546.57659
v -146.40458 98.07602 519.94191
v -138.92293 54.59956 519.94191
v -141.26888 54.19393 563.99312
v -148.75054 97.67039 563.99312
v -146.40458 98.07602 519.94191
v -138.92293 54.59956 519.94191
v -141.26888 54.19393 563.99312
v -148.75054 97.67039 563.99312
v -166.55449 56.55593 519.08257
v -124.06001 53.64086 519.08257
v -123.98251 54.78387 561.66151
v -166.47699 57.69894 561.66151
v -166.55449 56.55593 519.08257
v -124.06001 53.64086 519.08257
v -123.98251 54.78387 561.66151
v -166.47699 57.69894 561.66151
v -148.45429 37.16123 487.24143
v -124.23474 70.38822 487.24143
v -119.74377 67.12016 527.98171
v -143.96331 33.89318 527.98171
v -148.45429 37.16123 487.24143
v -124.23474 70.38822 487.24143
v -119.74377 67.12016 527.98171
v -143.96331 33.89318 527.98171
v -134.26941 42.20426 485.98967
v -155.10800 79.03897 485.98967
v -158.92953 76.87299 528.08179
v -138.09093 40.03828 528.08179
v -134.26941 42.20426 485.98967
v -155.10800 79.03897 485.98967
v -158.92953 76.87299 528.08179
v -138.09093 40.03828 528.08179
v -136.90205 8.36107 512.21884
v -136.20931 46.66539 512.21884
v -142.40436 46.77250 550.02506
v -143.09709 8.46818 550.02506
v -136.90205 8.36107 512.21884
v -136.20931 46.66539 512.21884
v -142.40436 46.77250 550.02506
v -143.09709 8.46818 550.02506
v -119.07761 -162.03493 536.75431
v -106.06162 -130.02354 536.75431
v -102.22164 -131.58133 571.06135
v -115.23763 -163.59272 571.06135
v -119.07761 -162.03493 536.75431
v -106.06162 -130.02354 536.75431
v -102.22164 -131.58133 571.06135
v -115.23763 -163.59272 571.06135
v -87.43158 -143.65434 521.02837
v -121.13248 -158.78352 521.02837
v -121.82831 -157.23682 557.93048
v -88.12741 -142.10764 557.93048
v -87.43158 -143.65434 521.02837
v -121.13248 -158.78352 521.02837
v -121.82831 -157.23682 557.93048
v -88.12741 -142.10764 557.93048
v -101.40335 -172.22791 526.81938
v -86.47994 -126.21738 526.81938
v -82.25334 -127.58455 574.98517
v -97.17675 -173.59508 574.98517
v -101.40335 -172.22791 526.81938
v -86.47994 -126.21738 526.81938
v -82.25334 -127.58455 574.98517
v -97.17675 -173.59508 574.98517
v -22.83852 -13.67470 306.93048
v 11.33933 -0.95597 306.93048
v 11.01816 -0.09503 343.38658
v -23.15969 -12.81376 343.38658
v -22.83852 -13.67470 306.93048
v 11.33933 -0.95597 306.93048
v 11.01816 -0.09503 343.38658
v -23.15969 -12.81376 343.38658
v -7.48378 -14.51975 315.40382
v -28.50003 -45.54480 315.40382
v -29.87234 -44.61679 352.84032
v -8.85609 -13.59174 352.84032
v -7.48378 -14.51975 315.40382
v -28.50003 -45.54480 315.40382
v -29.87234 -44.61679 352.84032
v -8.85609 -13.59174 352.84032
v -22.51545 -29.52131 305.31205
v -47.56066 13.16351 305.31205
v -47.51434 13.19073 354.80197
v -22.46914 -29.49408 354.80197
v -22.51545 -29.52131 305.31205
v -47.56066 13.16351 305.31205
v -47.51434 13.19073 354.80197
v -22.46914 -29.49408 354.80197
v 30.52061 -65.11031 570.82455
v -8.05087 -32.07690 570.82455
v -12.15977 -36.88239 621.21294
v 26.41172 -69.91580 621.21294
v 30.52061 -65.11031 570.82455
v -8.05087 -32.07690 570.82455
v -12.15977 -36.88239 621.21294
v 26.41172 -69.91580 621.21294
v 46.96868 -85.25564 570.68996
v 2.78617 -71.59636 570.68996
v 5.24115 -63.63297 616.17872
v 49.42366 -77.29225 616.17872
v 46.96868 -85.25564 570.68996
v 2.78617 -71.59636 570.68996
v 5.24115 -63.63297 616.17872
v 49.42366 -77.29225 616.17872
v 47.65264 -73.05586 568.58493
v 2.25545 -58.62434 568.58493
v 4.37736 -51.93099 615.70043
v 49.77455 -66.36251 615.70043
v 47.65264 -73.05586 568.58493
v 2.25545 -58.62434 568.58493
v 4.37736 -51.93099 615.70043
v 49.77455 -66.36251 615.70043
v -60.98986 -139.72318 560.49312
v -104.32479 -133.18396 560.49312
v -104.16373 -132.11084 604.30522
v -60.82880 -138.65006 604.30522
v -60.98986 -139.72318 560.49312
v -104.32479 -133.18396 560.49312
v -104.16373 -132.11084 604.30522
v -60.82880 -138.65006 604.30522
v -100.83887 -128.04750 590.71885
v -71.57390 -106.61058 590.71885
v -74.80673 -102.20459 626.58131
v -104.07170 -123.64151 626.58131
v -100.83887 -128.04750 590.71885
v -71.57390 -106.61058 590.71885
v -74.80673 -102.20459 626.58131
v -104.07170 -123.64151 626.58131
v -95.40073 -158.87538 555.29555
v -58.47609 -138.56937 555.29555
v -57.98201 -139.46611 597.42292
v -94.90665 -159.77212 597.42292
v -95.40073 -158.87538 555.29555
v -58.47609 -138.56937 555.29555
v -57.98201 -139.46611 597.42292
v -94.90665 -159.77212 597.42292
v -123.05634 41.64834 529.49907
v -92.52135 30.15277 529.49907
v -91.59155 32.62853 562.01890
v -122.12653 44.12411 562.01890
v -123.05634 41.64834 529.49907
v -92.52135 30.15277 529.49907
v -91.59155 32.62853 562.01890
v -122.12653 44.12411 562.01890
v -107.94968 57.14280 520.95675
v -107.90094 13.86760 520.95675
v -113.28919 13.85724 563.89522
v -113.33793 57.13244 563.89522
v -107.94968 57.14280 520.95675
v -107.90094 13.86760 520.95675
v -113.28919 13.85724 563.89522
v -113.33793 57.13244 563.89522
v -124.51684 18.05215 514.93888
v -84.52856 21.30894 514.93888
v -85.11389 28.42584 554.41896
v -125.10217 25.16904 554.41896
v -124.51684 18.05215 514.93888
v -84.52856 21.30894 514.93888
v -85.11389 28.42584 554.41896
v -125.10217 25.16904 554.41896
v -174.37683 -33.03001 429.40547
v -207.58320 -7.39983 429.40547
v -212.36048 -13.59946 470.61604
v -179.15411 -39.22964 470.61604
v -174.37683 -33.03001 429.40547
v -207.58320 -7.39983 429.40547
v -212.36048 -13.59946 470.61604
v -179.15411 -39.22964 470.61604
v -204.54918 -26.25276 440.05881
v -189.68958 19.02300 440.05881
v -183.05848 16.85251 487.19711
v -197.91808 -28.42325 487.19711
v -204.54918 -26.25276 440.05881
v -189.68958 19.02300 440.05881
v -183.05848 16.85251 487.19711
v -197.91808 -28.42325 487.19711
v -236.01968 -33.14857 434.47819
v -198.58227 -32.74015 434.47819
v -198.62711 -28.90933 471.72130
v -236.06453 -29.31776 471.72130
v -236.01968 -33.14857 434.47819
v -198.58227 -32.74015 434.47819
v -198.62711 -28.90933 471.72130
v -236.06453 -29.31776 471.72130
v -69.49702 -67.66305 520.87135
v -77.76536 -112.46171 520.87135
v -75.71494 -112.83846 566.37893
v -67.44660 -68.03980 566.37893
v -69.49702 -67.66305 520.87135
v -77.76536 -112.46171 520.87135
v -75.71494 -112.83846 566.37893
v -67.44660 -68.03980 566.37893
v -41.46724 -79.52746 505.01367
v -77.56264 -80.28409 505.01367
v -77.44307 -85.77940 540.69613
v -41.34767 -85.02277 540.69613
v -41.46724 -79.52746 505.01367
v -77.56264 -80.28409 505.01367
v -77.44307 -85.77940 540.69613
v -41.34767 -85.02277 540.69613
v -45.83521 -71.27973 513.14326
v -89.73015 -88.64896 513.14326
v -91.06122 -85.29295 560.21152
v -47.16628 -67.92372 560.21152
v -45.83521 -71.27973 513.14326
v -89.73015 -88.64896 513.14326
v -91.06122 -85.29295 560.21152
v -47.16628 -67.92372 560.21152
v -159.17790 -21.84269 499.34641
v -164.06645 20.79444 499.34641
v -166.60696 20.50111 542.18660
v -161.71841 -22.13602 542.18660
v -159.17790 -21.84269 499.34641
v -164.06645 20.79444 499.34641
v -166.60696 20.50111 542.18660
v -161.71841 -22.13602 542.18660
v -133.01973 -25.50423 515.53724
v -155.15147 4.72221 515.53724
v -154.71098 5.04527 552.99592
v -132.57924 -25.18116 552.99592
v -133.01973 -25.50423 515.53724
v -155.15147 4.72221 515.53724
v -154.71098 5.04527 552.99592
v -132.57924 -25.18116 552.99592
v -136.48503 23.15100 516.56591
v -170.89330 7.95518 516.56591
v -168.15355 1.76484 553.56612
v -133.74528 16.96066 553.56612
v -136.48503 23.15100 516.56591
v -170.89330 7.95518 516.56591
v -168.15355 1.76484 553.56612
v -133.74528 16.96066 553.56612
v -71.73746 -128.30692 558.34495
v -45.76575 -154.12426 558.34495
v -42.55353 -150.88767 594.68048
v -68.52524 -125.07034 594.68048
v -71.73746 -128.30692 558.34495
v -45.76575 -154.12426 558.34495
v -42.55353 -150.88767 594.68048
v -68.52524 -125.07034 594.68048
v -33.69505 -130.24877 577.55773
v -82.25648 -122.52415 577.55773
v -82.89199 -126.53989 626.56133
v -34.33055 -134.26451 626.56133
v -33.69505 -130.24877 577.55773
v -82.25648 -122.52415 577.55773
v -82.89199 -126.53989 626.56133
v -34.33055 -134.26451 626.56133
v -35.87589 -144.28124 559.51133
v -38.73581 -113.22528 559.51133
v -37.68933 -113.12807 590.68099
v -34.82941 -144.18404 590.68099
v -35.87589 -144.28124 559.51133
v -38.73581 -113.22528 559.51133
v -37.68933 -113.12807 590.68099
v -34.82941 -144.18404 590.68099
v -138.23233 6.20745 532.79377
v -169.01928 -6.10077 532.79377
v -168.89649 -6.40720 565.94825
v -138.10954 5.90102 565.94825
v -138.23233 6.20745 532.79377
v -169.01928 -6.10077 532.79377
v -168.89649 -6.40720 565.94825
v -138.10954 5.90102 565.94825
v -144.80990 15.06583 507.39015
v -104.51205 6.63356 507.39015
v -104.65232 5.96056 548.55502
v -144.95016 14.39283 548.55502
v -144.80990 15.06583 507.39015
v -104.51205 6.63356 507.39015
v -104.65232 5.96056 548.55502
v -144.95016 14.39283 548.55502
v -159.64153 12.72314 524.01018
v -125.88046 -15.10742 524.01018
v -130.27513 -20.44721 567.21345
v -164.03619 7.38335 567.21345
v -159.64153 12.72314 524.01018
v -125.88046 -15.10742 524.01018
v -130.27513 -20.44721 567.21345
v -164.03619 7.38335 567.21345
v -168.14158 32.81222 585.42268
v -138.35472 3.66042 585.42268
v -140.00953 1.96686 627.03371
v -169.79638 31.11867 627.03371
v -168.14158 32.81222 585.42268
v -138.35472 3.66042 585.42268
v -140.00953 1.96686 627.03371
v -169.79638 31.11867 627.03371
v -119.99961 21.40075 565.15394
v -159.21983 37.83286 565.15394
v -159.24577 37.77080 607.67729
v -120.02555 21.33869 607.67729
v -119.99961 21.40075 565.15394
v -159.21983 37.83286 565.15394
v -159.24577 37.77080 607.67729
v -120.02555 21.33869 607.67729
v -172.50701 40.86614 573.54629
v -123.74286 26.20411 573.54629
v -124.18405 24.73249 624.44381
v -172.94821 39.39452 624.44381
v -172.50701 40.86614 573.54629
v -123.74286 26.20411 573.54629
v -124.18405 24.73249 624.44381
v -172.94821 39.39452 624.44381
v -149.80467 96.54694 505.22942
v -173.06215 54.77944 505.22942
v -179.11552 58.14383 552.53135
v -155.85804 99.91133 552.53135
v -149.80467 96.54694 505.22942
v -173.06215 54.77944 505.22942
v -179.11552 58.14383 552.53135
v -155.85804 99.91133 552.53135
v -183.06703 61.37319 489.16368
v -139.31930 44.01341 489.16368
v -138.21631 46.79948 536.13438
v -181.96404 64.15927 536.13438
v -183.06703 61.37319 489.16368
v -139.31930 44.01341 489.16368
v -138.21631 46.79948 536.13438
v -181.96404 64.15927 536.13438
v -198.80593 47.97465 499.13436
v -170.78574 71.40777 499.13436
v -169.15273 69.45826 535.57301
v -197.17293 46.02513 535.57301
v -198.80593 47.97465 499.13436
v -170.78574 71.40777 499.13436
v -169.15273 69.45826 535.57301
v -197.17293 46.02513 535.57301
v 29.21532 60.86229 576.61092
v 35.71441 15.05510 576.61092
v 42.23686 15.98580 622.40533
v 35.73778 61.79299 622.40533
v 29.21532 60.86229 576.61092
v 35.71441 15.05510 576.61092
v 42.23686 15.98580 622.40533
v 35.73778 61.79299 622.40533
v 70.17903 56.95002 551.13209
v 50.29578 15.94169 551.13209
v 42.78576 19.57561 595.93633
v 62.66900 60.58394 595.93633
v 70.17903 56.95002 551.13209
v 50.29578 15.94169 551.13209
v 42.78576 19.57561 595.93633
v 62.66900 60.58394 595.93633
v 78.62354 28.27944 574.67044
v 35.84480 41.41737 574.67044
v 37.51404 46.86809 619.05658
v 80.29278 33.73015 619.05658
v 78.62354 28.27944 574.67044
v 35.84480 41.41737 574.67044
v 37.51404 46.86809 619.05658
v 80.29278 33.73015 619.05658
v -243.93466 59.21583 499.92768
v -232.90915 89.17730 499.92768
v -228.52788 87.56900 531.51042
v -239.55339 57.60753 531.51042
v -243.93466 59.21583 499.92768
v -232.90915 89.17730 499.92768
v -228.52788 87.56900 531.51042
v -239.55339 57.60753 531.51042
v -228.27125 61.28680 504.03773
v -198.05036 85.51135 504.03773
v -194.94188 81.63974 542.44969
v -225.16276 57.41519 542.44969
v -228.27125 61.28680 504.03773
v -198.05036 85.51135 504.03773
v -194.94188 81.63974 542.44969
v -225.16276 57.41519 542.44969
v -226.35607 90.95377 503.60962
v -231.35085 52.95338 503.60962
v -225.75093 52.22186 541.51850
v -220.75616 90.22225 541.51850
v -226.35607 90.95377 503.60962
v -231.35085 52.95338 503.60962
v -225.75093 52.22186 541.51850
v -220.75616 90.22225 541.51850
v -17.35156 -77.44677 622.30481
v -58.53750 -64.14629 622.30481
v -58.04341 -62.61211 665.55510
v -16.85746 -75.91259 665.55510
v -17.35156 -77.44677 622.30481
v -58.53750 -64.14629 622.30481
v -58.04341 -62.61211 665.55510
v -16.85746 -75.91259 665.55510
v -78.97024 -39.93164 648.47040
v -35.44935 -47.54073 648.47040
v -34.88101 -44.27475 692.52692
v -78.40190 -36.66566 692.52692
v -78.97024 -39.93164 648.47040
v -35.44935 -47.54073 648.47040
v -34.88101 -44.27475 692.52692
v -78.40190 -36.66566 692.52692
v -66.13816 -58.24830 639.54938
v -34.42431 -25.95218 639.54938
v -28.77949 -31.48642 684.11748
v -60.49333 -63.78253 684.11748
v -66.13816 -58.24830 639.54938
v -34.42431 -25.95218 639.54938
v -28.77949 -31.48642 684.11748
v -60.49333 -63.78253 684.11748
v -203.17569 65.96227 487.26743
v -198.02479 16.89985 487.26743
v -194.65495 17.25635 536.48299
v -199.80584 66.31878 536.48299
v -203.17569 65.96227 487.26743
v -198.02479 16.89985 487.26743
v -194.65495 17.25635 536.48299
v -199.80584 66.31878 536.48299
v -161.84238 48.88497 493.12682
v -199.81407 37.28998 493.12682
v -197.85737 30.90033 532.26295
v -159.88568 42.49532 532.26295
v -161.84238 48.88497 493.12682
v -199.81407 37.28998 493.12682
v -197.85737 30.90033 532.26295
v -159.88568 42.49532 532.26295
v -208.91857 43.10709 486.66640
v -175.84513 42.22561 486.66640
v -175.68862 48.27867 519.19278
v -208.76206 49.16015 519.19278
v -208.91857 43.10709 486.66640
v -175.84513 42.22561 486.66640
v -175.68862 48.27867 519.19278
v -208.76206 49.16015 519.19278
v -180.32713 7.53287 477.92526
v -148.66528 -14.55803 477.92526
v -144.62824 -8.76210 515.88037
v -176.29009 13.32880 515.88037
v -180.32713 7.53287 477.92526
v -148.66528 -14.55803 477.92526
v -144.62824 -8.76210 515.88037
v -176.29009 13.32880 515.88037
v -143.87788 -4.70317 483.09020
v -184.50645 -35.51240 483.09020
v -180.41261 -40.90208 533.62811
v -139.78405 -10.09285 533.62811
v -143.87788 -4.70317 483.09020
v -184.50645 -35.51240 483.09020
v -180.41261 -40.90208 533.62811
v -139.78405 -10.09285 533.62811
v -157.06195 10.97550 472.89168
v -187.16866 -25.93748 472.89168
v -187.93677 -25.31202 520.51521
v -157.83006 11.60096 520.51521
v -157.06195 10.97550 472.89168
v -187.16866 -25.93748 472.89168
v -187.93677 -25.31202 520.51521
v -157.83006 11.60096 520.51521
v -34.69254 57.28996 536.66861
v 15.04056 52.47273 536.66861
v 14.46036 46.43261 586.26466
v -35.27274 51.24985 586.26466
v -34.69254 57.28996 536.66861
v 15.04056 52.47273 536.66861
v 14.46036 46.43261 586.26466
v -35.27274 51.24985 586.26466
v 17.35585 66.40792 558.08675
v -30.62736 53.27440 558.08675
v -30.54126 52.96080 607.83382
v 17.44195 66.09432 607.83382
v 17.35585 66.40792 558.08675
v -30.62736 53.27440 558.08675
v -30.54126 52.96080 607.83382
v 17.44195 66.09432 607.83382
v 4.70118 74.64043 545.98377
v 26.88541 38.68644 545.98377
v 23.20011 36.40850 588.00827
v 1.01588 72.36248 588.00827
v 4.70118 74.64043 545.98377
v 26.88541 38.68644 545.98377
v 23.20011 36.40850 588.00827
v 1.01588 72.36248 588.00827
v 53.52619 107.85430 521.73624
v 9.38685 91.23447 521.73624
v 6.96092 97.66180 568.39783
v 51.10025 114.28163 568.39783
v 53.52619 107.85430 521.73624
v 9.38685 91.23447 521.73624
v 6.96092 97.66180 568.39783
v 51.10025 114.28163 568.39783
v 57.47371 93.72915 533.91932
v 22.46529 128.13195 533.91932
v 18.52763 124.11858 582.67924
v 53.53605 89.71578 582.67924
v 57.47371 93.72915 533.91932
v 22.46529 128.13195 533.91932
v 18.52763 124.11858 582.67924
v 53.53605 89.71578 582.67924
v 54.24429 113.15553 527.46499
v 23.90609 83.76172 527.46499
v 24.83192 82.80766 569.68624
v 55.17012 112.20146 569.68624
v 54.24429 113.15553 527.46499
v 23.90609 83.76172 527.46499
v 24.83192 82.80766 569.68624
v 55.17012 112.20146 569.68624
v -39.39063 -11.78064 548.63733
v -76.81525 -37.52609 548.63733
v -74.96830 -40.20632 593.94556
v -37.54367 -14.46088 593.94556
v -39.39063 -11.78064 548.63733
v -76.81525 -37.52609 548.63733
v -74.96830 -40.20632 593.94556
v -37.54367 -14.46088 593.94556
v -48.79670 -42.75839 538.76427
v -49.06058 -7.56629 538.76427
v -45.98641 -7.54079 573.82282
v -45.72254 -42.73289 573.82282
v -48.79670 -42.75839 538.76427
v -49.06058 -7.56629 538.76427
v -45.98641 -7.54079 573.82282
v -45.72254 -42.73289 573.82282
v -49.38560 -13.34566 563.47400
v -7.35232 10.52100 563.47400
v -9.48480 14.26972 611.61768
v -51.51809 -9.59694 611.61768
v -49.38560 -13.34566 563.47400
v -7.35232 10.52100 563.47400
v -9.48480 14.26972 611.61768
v -51.51809 -9.59694 611.61768
v -203.90662 46.44166 477.60935
v -182.20535 20.42067 477.60935
v -183.66405 19.20215 511.43869
v -205.36533 45.22315 511.43869
v -203.90662 46.44166 477.60935
v -182.20535 20.42067 477.60935
v -183.66405 19.20215 511.43869
v -205.36533 45.22315 511.43869
v -222.38967 2.56602 498.94894
v -201.23680 47.96080 498.94894
v -208.70477 51.43346 548.34833
v -229.85764 6.03868 548.34833
v -222.38967 2.56602 498.94894
v -201.23680 47.96080 498.94894
v -208.70477 51.43346 548.34833
v -229.85764 6.03868 548.34833
v -203.45473 18.66703 502.08221
v -189.03673 57.39243 502.08221
v -195.42843 59.76635 542.83814
v -209.84643 21.04095 542.83814
v -203.45473 18.66703 502.08221
v -189.03673 57.39243 502.08221
v -195.42843 59.76635 542.83814
v -209.84643 21.04095 542.83814
v 62.87986 81.20692 504.19476
v 109.48379 93.86347 504.19476
v 107.38418 101.57040 551.82153
v 60.78025 88.91386 551.82153
v 62.87986 81.20692 504.19476
v 109.48379 93.86347 504.19476
v 107.38418 101.57040 551.82153
v 60.78025 88.91386 551.82153
v 84.80026 122.17236 542.17317
v 64.21856 81.80300 542.17317
v 62.94447 82.45130 587.46388
v 83.52617 122.82066 587.46388
v 84.80026 122.17236 542.17317
v 64.21856 81.80300 542.17317
v 62.94447 82.45130 587.46388
v 83.52617 122.82066 587.46388
v 101.22059 106.49721 508.78639
v 60.59965 114.68415 508.78639
v 61.04864 116.92109 550.16128
v 101.66958 108.73415 550.16128
v 101.22059 106.49721 508.78639
v 60.59965 114.68415 508.78639
v 61.04864 116.92109 550.16128
v 101.66958 108.73415 550.16128
v -84.43169 84.65721 554.20481
v -86.63681 38.37865 554.20481
v -80.47603 38.09002 600.12353
v -78.27092 84.36857 600.12353
v -84.43169 84.65721 554.20481
v -86.63681 38.37865 554.20481
v -80.47603 38.09002 600.12353
v -78.27092 84.36857 600.12353
v -111.22965 74.01449 551.27638
v -91.69445 47.10016 551.27638
v -89.73373 48.52569 584.44457
v -109.26893 75.44002 584.44457
v -111.22965 74.01449 551.27638
v -91.69445 47.10016 551.27638
v -89.73373 48.52569 584.44457
v -109.26893 75.44002 584.44457
v -84.06213 67.90850 561.55778
v -116.58597 80.89130 561.55778
v -118.85416 75.19598 596.03635
v -86.33032 62.21317 596.03635
v -84.06213 67.90850 561.55778
v -116.58597 80.89130 561.55778
v -118.85416 75.19598 596.03635
v -86.33032 62.21317 596.03635
v 42.09678 41.47091 527.48828
v 18.34225 1.42841 527.48828
v 16.20584 2.69350 573.98037
v 39.96036 42.73600 573.98037
v 42.09678 41.47091 527.48828
v 18.34225 1.42841 527.48828
v 16.20584 2.69350 573.98037
v 39.96036 42.73600 573.98037
v 54.86930 8.64063 550.31262
v 7.59635 15.20907 550.31262
v 8.28114 20.16642 597.77663
v 55.55409 13.59798 597.77663
v 54.86930 8.64063 550.31262
v 7.59635 15.20907 550.31262
v 8.28114 20.16642 597.77663
v 55.55409 13.59798 597.77663
v -2.08021 6.32155 539.75593
v 31.07948 -6.56580 539.75593
v 32.58512 -2.68256 575.08725
v -0.57457 10.20479 575.08725
v -2.08021 6.32155 539.75593
v 31.07948 -6.56580 539.75593
v 32.58512 -2.68256 575.08725
v -0.57457 10.20479 575.08725
v -93.95611 -3.62845 627.59006
v -120.70584 -32.94299 627.59006
v -123.54021 -30.36073 667.08928
v -96.79048 -1.04620 667.08928
v -93.95611 -3.62845 627.59006
v -120.70584 -32.94299 627.59006
v -123.54021 -30.36073 667.08928
v -96.79048 -1.04620 667.08928
v -103.93176 11.89160 594.03496
v -92.05296 -27.92192 594.03496
v -92.87450 -28.16775 635.57394
v -104.75330 11.64577 635.57394
v -103.93176 11.89160 594.03496
v -92.05296 -27.92192 594.03496
v -92.87450 -28.16775 635.57394
v -104.75330 11.64577 635.57394
v -87.67218 -56.20160 587.90023
v -104.81553 -14.08900 587.90023
v -109.53495 -16.01458 633.08192
v -92.39160 -58.12718 633.08192
v -87.67218 -56.20160 587.90023
v -104.81553 -14.08900 587.90023
v -109.53495 -16.01458 633.08192
v -92.39160 -58.12718 633.08192
v 8.23489 -65.62781 559.56485
v 56.65332 -72.53219 559.56485
v 55.87915 -77.99230 608.16117
v 7.46072 -71.08791 608.16117
v 8.23489 -65.62781 559.56485
v 56.65332 -72.53219 559.56485
v 55.87915 -77.99230 608.16117
v 7.46072 -71.08791 608.16117
v 29.99351 -85.30588 555.30203
v 47.24244 -44.36350 555.30203
v 49.49252 -45.30934 599.66244
v 32.24358 -86.25172 599.66244
v 29.99351 -85.30588 555.30203
v 47.24244 -44.36350 555.30203
v 49.49252 -45.30934 599.66244
v 32.24358 -86.25172 599.66244
v 64.13952 -72.21789 553.45486
v 31.59759 -101.82495 553.45486
v 29.33376 -99.34069 597.32123
v 61.87569 -69.73363 597.32123
v 64.13952 -72.21789 553.45486
v 31.59759 -101.82495 553.45486
v 29.33376 -99.34069 597.32123
v 61.87569 -69.73363 597.32123
v -216.05508 -86.36739 513.08521
v -243.68055 -56.82058 513.08521
v -243.83845 -56.96844 553.53436
v -216.21297 -86.51525 553.53436
v -216.05508 -86.36739 513.08521
v -243.68055 -56.82058 513.08521
v -243.83845 -56.96844 553.53436
v -216.21297 -86.51525 553.53436
v -238.07905 -68.17994 525.12736
v -194.91477 -71.50929 525.12736
v -194.46771 -65.65236 568.01950
v -237.63198 -62.32301 568.01950
v -238.07905 -68.17994 525.12736
v -194.91477 -71.50929 525.12736
v -194.46771 -65.65236 568.01950
v -237.63198 -62.32301 568.01950
v -196.84999 -72.91712 525.52350
v -227.37712 -60.53984 525.52350
v -229.62026 -66.08495 557.91675
v -199.09313 -78.46224 557.91675
v -196.84999 -72.91712 525.52350
v -227.37712 -60.53984 525.52350
v -229.62026 -66.08495 557.91675
v -199.09313 -78.46224 557.91675
v -258.44885 6.70520 485.97072
v -231.91130 36.17074 485.97072
v -233.22770 37.35442 525.58543
v -259.76525 7.88889 525.58543
v -258.44885 6.70520 485.97072
v -231.91130 36.17074 485.97072
v -233.22770 37.35442 525.58543
v -259.76525 7.88889 525.58543
v -198.79326 13.11748 477.26502
v -240.27819 29.50839 477.26502
v -243.11555 22.31034 521.19449
v -201.63062 5.91943 521.19449
v -198.79326 13.11748 477.26502
v -240.27819 29.50839 477.26502
v -243.11555 22.31034 521.19449
v -201.63062 5.91943 521.19449
v -253.90972 10.27925 479.39548
v -221.45338 -2.59434 479.39548
v -220.79967 -0.94241 514.26648
v -253.25601 11.93118 514.26648
v -253.90972 10.27925 479.39548
v -221.45338 -2.59434 479.39548
v -220.79967 -0.94241 514.26648
v -253.25601 11.93118 514.26648
v -261.98970 -16.57599 532.21046
v -251.74401 16.68018 532.21046
v -250.84803 16.40493 566.99650
v -261.09372 -16.85124 566.99650
v -261.98970 -16.57599 532.21046
v -251.74401 16.68018 532.21046
v -250.84803 16.40493 566.99650
v -261.09372 -16.85124 566.99650
v -256.73080 29.38732 514.91710
v -243.32292 -6.02013 514.91710
v -248.21006 -7.87521 552.41555
v -261.61793 27.53224 552.41555
v -256.73080 29.38732 514.91710
v -243.32292 -6.02013 514.91710
v -248.21006 -7.87521 552.41555
v -261.61793 27.53224 552.41555
v -242.59584 62.44910 541.88374
v -252.99180 13.05242 541.88374
v -247.34375 11.86843 592.03158
v -236.94779 61.26511 592.03158
v -242.59584 62.44910 541.88374
v -252.99180 13.05242 541.88374
v -247.34375 11.86843 592.03158
v -236.94779 61.26511 592.03158
v -54.37691 -21.80563 603.26582
v -29.87582 -41.86724 603.26582
v -32.51171 -45.09168 634.65733
v -57.01281 -25.03007 634.65733
v -54.37691 -21.80563 603.26582
v -29.87582 -41.86724 603.26582
v -32.51171 -45.09168 634.65733
v -57.01281 -25.03007 634.65733
v -40.91317 -40.81595 616.53932
v -75.14473 -47.78446 616.53932
v -74.73097 -49.80877 651.41182
v -40.49940 -42.84026 651.41182
v -40.91317 -40.81595 616.53932
v -75.14473 -47.78446 616.53932
v -74.73097 -49.80877 651.41182
v -40.49940 -42.84026 651.41182
v -50.34615 -6.29996 608.12322
v -54.31993 -48.36824 608.12322
v -48.43014 -48.91986 649.96264
v -44.45635 -6.85158 649.96264
v -50.34615 -6.29996 608.12322
v -54.31993 -48.36824 608.12322
v -48.43014 -48.91986 649.96264
v -44.45635 -6.85158 649.96264
v -15.00694 10.10065 422.97170
v -10.10640 59.66524 422.97170
v -3.29948 58.99771 472.30611
v -8.20002 9.43312 472.30611
v -15.00694 10.10065 422.97170
v -10.10640 59.66524 422.97170
v -3.29948 58.99771 472.30611
v -8.20002 9.43312 472.30611
v -11.24599 27.94341 456.58659
v -41.62888 36.74374 456.58659
v -40.30369 41.33260 487.85562
v -9.92079 32.53227 487.85562
v -11.24599 27.94341 456.58659
v -41.62888 36.74374 456.58659
v -40.30369 41.33260 487.85562
v -9.92079 32.53227 487.85562
v -15.36865 54.03068 428.91653
v 20.12373 34.88592 428.91653
v 21.69689 37.80796 469.10631
v -13.79550 56.95272 469.10631
v -15.36865 54.03068 428.91653
v 20.12373 34.88592 428.91653
v 21.69689 37.80796 469.10631
v -13.79550 56.95272 469.10631
v 75.60203 -61.39407 554.50675
v 37.96936 -71.56922 554.50675
v 36.49752 -66.14277 593.08315
v 74.13019 -55.96762 593.08315
v 75.60203 -61.39407 554.50675
v 37.96936 -71.56922 554.50675
v 36.49752 -66.14277 593.08315
v 74.13019 -55.96762 593.08315
v 27.54075 -7.39146 528.51869
v 22.73807 -58.32177 528.51869
v 22.55600 -58.30474 579.67461
v 27.35868 -7.37444 579.67461
v 27.54075 -7.39146 528.51869
v 22.73807 -58.32177 528.51869
v 22.55600 -58.30474 579.67461
v 27.35868 -7.37444 579.67461
v 73.18775 -32.79177 532.28905
v 40.38344 -63.30348 532.28905
v 40.33217 -63.24844 577.08951
v 73.13647 -32.73673 577.08951
v 73.18775 -32.79177 532.28905
v 40.38344 -63.30348 532.28905
v 40.33217 -63.24844 577.08951
v 73.13647 -32.73673 577.08951
v -63.23410 -193.34864 531.61277
v -33.71165 -231.94434 531.61277
v -29.52729 -228.73838 579.91822
v -59.04975 -190.14268 579.91822
v -63.23410 -193.34864 531.61277
v -33.71165 -231.94434 531.61277
v -29.52729 -228.73838 579.91822
v -59.04975 -190.14268 579.91822
v -44.20374 -209.14059 536.22059
v -53.57036 -170.87899 536.22059
v -56.28671 -171.54626 575.51257
v -46.92010 -209.80786 575.51257
v -44.20374 -209.14059 536.22059
v -53.57036 -170.87899 536.22059
v -56.28671 -171.54626 575.51257
v -46.92010 -209.80786 575.51257
v -12.93735 -196.20531 509.32376
v -55.38589 -202.19578 509.32376
v -56.32538 -195.57662 551.66840
v -13.87684 -189.58615 551.66840
v -12.93735 -196.20531 509.32376
v -55.38589 -202.19578 509.32376
v -56.32538 -195.57662 551.66840
v -13.87684 -189.58615 551.66840
v 60.62551 146.84734 546.83052
v 25.57338 153.25547 546.83052
v 24.61139 147.96965 582.05623
v 59.66352 141.56152 582.05623
v 60.62551 146.84734 546.83052
v 25.57338 153.25547 546.83052
v 24.61139 147.96965 582.05623
v 59.66352 141.56152 582.05623
v 52.36080 142.60873 554.90655
v 48.61815 103.64840 554.90655
v 49.63854 103.55120 594.03281
v 53.38118 142.51153 594.03281
v 52.36080 142.60873 554.90655
v 48.61815 103.64840 554.90655
v 49.63854 103.55120 594.03281
v 53.38118 142.51153 594.03281
v 65.79690 141.15499 540.16130
v 31.08119 151.52971 540.16130
v 31.13985 151.72656 576.39351
v 65.85556 141.35184 576.39351
v 65.79690 141.15499 540.16130
v 31.08119 151.52971 540.16130
v 31.13985 151.72656 576.39351
v 65.85556 141.35184 576.39351
v -13.18217 -21.31513 584.72038
v -53.56721 -30.87087 584.72038
v -53.76159 -30.05228 626.21201
v -13.37655 -20.49653 626.21201
v -13.18217 -21.31513 584.72038
v -53.56721 -30.87087 584.72038
v -53.76159 -30.05228 626.21201
v -13.37655 -20.49653 626.21201
v -37.61620 -12.91845 556.98366
v -11.70251 9.35907 556.98366
v -10.74310 8.24486 591.12521
v -36.65679 -14.03266 591.12521
v -37.61620 -12.91845 556.98366
v -11.70251 9.35907 556.98366
v -10.74310 8.24486 591.12521
v -36.65679 -14.03266 591.12521
v -40.56687 -26.28766 589.16041
v -13.16521 -7.42244 589.16041
v -13.12805 -7.47633 622.42816
v -40.52971 -26.34155 622.42816
v -40.56687 -26.28766 589.16041
v -13.16521 -7.42244 589.16041
v -13.12805 -7.47633 622.42816
v -40.52971 -26.34155 622.42816
v -222.65975 -25.39889 523.08399
v -193.75777 -1.26036 523.08399
v -192.77002 -2.44112 560.70876
v -221.67200 -26.57964 560.70876
v -222.65975 -25.39889 523.08399
v -193.75777 -1.26036 523.08399
v -192.77002 -2.44112 560.70876
v -221.67200 -26.57964 560.70876
v -221.73513 3.01421 491.81315
v -183.66245 -4.93566 491.81315
v -182.30474 1.59251 530.13114
v -220.37742 9.54238 530.13114
v -221.73513 3.01421 491.81315
v -183.66245 -4.93566 491.81315
v -182.30474 1.59251 530.13114
v -220.37742 9.54238 530.13114
v -192.76451 -36.92707 518.19252
v -214.23156 -14.36683 518.19252
v -212.96577 -13.16045 549.28497
v -191.49872 -35.72069 549.28497
v -192.76451 -36.92707 518.19252
v -214.23156 -14.36683 518.19252
v -212.96577 -13.16045 549.28497
v -191.49872 -35.72069 549.28497
v 61.31987 44.25904 526.51008
v 76.34271 0.08103 526.51008
v 68.70294 -2.52368 572.46910
v 53.68009 41.65432 572.46910
v 61.31987 44.25904 526.51008
v 76.34271 0.08103 526.51008
v 68.70294 -2.52368 572.46910
v 53.68009 41.65432 572.46910
v 9.18046 27.75599 500.03613
v 59.72650 20.33300 500.03613
v 59.00130 15.36731 550.87725
v 8.45526 22.79031 550.87725
v 9.18046 27.75599 500.03613
v 59.72650 20.33300 500.03613
v 59.00130 15.36731 550.87725
v 8.45526 22.79031 550.87725
v 35.12523 44.19377 527.83402
v 84.16166 47.78989 527.83402
v 83.95323 50.60126 576.92125
v 34.91681 47.00515 576.92125
v 35.12523 44.19377 527.83402
v 84.16166 47.78989 527.83402
v 83.95323 50.60126 576.92125
v 34.91681 47.00515 576.92125
v 24.12204 -137.63742 544.51308
v -13.08273 -137.90106 544.51308
v -13.07886 -138.39291 581.71554
v 24.12592 -138.12927 581.71554
v 24.12204 -137.63742 544.51308
v -13.08273 -137.90106 544.51308
v -13.07886 -138.39291 581.71554
v 24.12592 -138.12927 581.71554
v -15.18826 -105.75732 528.06218
v -3.42033 -154.30103 528.06218
v -4.00189 -154.44250 578.00833
v -15.76982 -105.89879 578.00833
v -15.18826 -105.75732 528.06218
v -3.42033 -154.30103 528.06218
v -4.00189 -154.44250 578.00833
v -15.76982 -105.89879 578.00833
v 27.25512 -88.40775 564.92573
v 3.20460 -132.22608 564.92573
v -0.42989 -130.23499 614.73837
v 23.62062 -86.41666 614.73837
v 27.25512 -88.40775 564.92573
v 3.20460 -132.22608 564.92573
v -0.42989 -130.23499 614.73837
v 23.62062 -86.41666 614.73837
v -20.51280 -99.45194 467.75227
v -12.42873 -138.05565 467.75227
v -17.13758 -139.04565 506.89873
v -25.22165 -100.44194 506.89873
v -20.51280 -99.45194 467.75227
v -12.42873 -138.05565 467.75227
v -17.13758 -139.04565 506.89873
v -25.22165 -100.44194 506.89873
v 16.59986 -131.94180 479.32457
v -9.18574 -88.91364 479.32457
v -9.26519 -88.96135 529.48741
v 16.52040 -131.98950 529.48741
v 16.59986 -131.94180 479.32457
v -9.18574 -88.91364 479.32457
v -9.26519 -88.96135 529.48741
v 16.52040 -131.98950 529.48741
v -23.52063 -97.34294 460.93768
v -17.12520 -146.35969 460.93768
v -20.38843 -146.78810 510.26021
v -26.78387 -97.77135 510.26021
v -23.52063 -97.34294 460.93768
v -17.12520 -146.35969 460.93768
v -20.38843 -146.78810 510.26021
v -26.78387 -97.77135 510.26021
v -25.41994 -157.56999 516.96452
v -11.98186 -116.80512 516.96452
v -4.43918 -119.28489 559.14646
v -17.87727 -160.04977 559.14646
v -25.41994 -157.56999 516.96452
v -11.98186 -116.80512 516.96452
v -4.43918 -119.28489 559.14646
v -17.87727 -160.04977 559.14646
v 17.44485 -159.39681 532.70814
v 9.07561 -109.51986 532.70814
v 2.38858 -110.64741 582.82567
v 10.75782 -160.52436 582.82567
v 17.44485 -159.39681 532.70814
v 9.07561 -109.51986 532.70814
v 2.38858 -110.64741 582.82567
v 10.75782 -160.52436 582.82567
v -6.45196 -128.86949 534.72997
v 29.54478 -142.47536 534.72997
v 27.97512 -146.63819 572.95420
v -8.02162 -133.03232 572.95420
v -6.45196 -128.86949 534.72997
v 29.54478 -142.47536 534.72997
v 27.97512 -146.63819 572.95420
v -8.02162 -133.03232 572.95420
v 31.13958 -40.81859 557.59895
v 46.68085 0.54255 557.59895
v 42.80317 1.99605 601.58902
v 27.26191 -39.36509 601.58902
v 31.13958 -40.81859 557.59895
v 46.68085 0.54255 557.59895
v 42.80317 1.99605 601.58902
v 27.26191 -39.36509 601.58902
v 2.37581 3.89803 528.20216
v 44.19008 15.65510 528.20216
v 42.93797 20.09470 571.39225
v 1.12370 8.33763 571.39225
v 2.37581 3.89803 528.20216
v 44.19008 15.65510 528.20216
v 42.93797 20.09470 571.39225
v 1.12370 8.33763 571.39225
v 65.22115 2.29701 561.66233
v 50.58778 -32.61659 561.66233
v 48.50141 -31.74408 599.45097
v 63.13478 3.16952 599.45097
v 65.22115 2.29701 561.66233
v 50.58778 -32.61659 561.66233
v 48.50141 -31.74408 599.45097
v 63.13478 3.16952 599.45097
v -179.83690 58.68622 517.19057
v -216.79046 79.22194 517.19057
v -217.02318 78.80239 559.46410
v -180.06961 58.26667 559.46410
v -179.83690 58.68622 517.19057
v -216.79046 79.22194 517.19057
v -217.02318 78.80239 559.46410
v -180.06961 58.26667 559.46410
v -188.91784 76.30699 539.38763
v -223.95375 59.61052 539.38763
v -223.01082 57.63592 578.13681
v -187.97491 74.33239 578.13681
v -188.91784 76.30699 539.38763
v -223.95375 59.61052 539.38763
v -223.01082 57.63592 578.13681
v -187.97491 74.33239 578.13681
v -221.39697 59.19166 523.80402
v -209.24495 100.02475 523.80402
v -208.68745 99.85932 566.40302
v -220.83947 59.02623 566.40302
v -221.39697 59.19166 523.80402
v -209.24495 100.02475 523.80402
v -208.68745 99.85932 566.40302
v -220.83947 59.02623 566.40302
v -10.70868 77.15146 557.59972
v 13.85761 106.23889 557.59972
v 10.19460 109.32755 595.37039
v -14.37169 80.24012 595.37039
v -10.70868 77.15146 557.59972
v 13.85761 106.23889 557.59972
v 10.19460 109.32755 595.37039
v -14.37169 80.24012 595.37039
v -0.41816 83.02329 548.63492
v 24.88396 107.14164 548.63492
v 22.45331 109.68753 583.41281
v -2.84881 85.56918 583.41281
v -0.41816 83.02329 548.63492
v 24.88396 107.14164 548.63492
v 22.45331 109.68753 583.41281
v -2.84881 85.56918 583.41281
v 13.10859 100.02824 553.42309
v -21.06309 88.45228 553.42309
v -22.90163 93.86539 589.04646
v 11.27005 105.44134 589.04646
v 13.10859 100.02824 553.42309
v -21.06309 88.45228 553.42309
v -22.90163 93.86539 589.04646
v 11.27005 105.44134 589.04646
v 16.76923 -23.06844 550.64167
v 1.91067 18.21914 550.64167
v 0.94466 17.87062 594.50950
v 15.80322 -23.41696 594.50950
v 16.76923 -23.06844 550.64167
v 1.91067 18.21914 550.64167
v 0.94466 17.87062 594.50950
v 15.80322 -23.41696 594.50950
v 29.60986 -12.95701 560.10431
v -0.33468 23.90160 560.10431
v -6.18475 19.14117 606.99085
v 23.75979 -17.71744 606.99085
v 29.60986 -12.95701 560.10431
v -0.33468 23.90160 560.10431
v -6.18475 19.14117 606.99085
v 23.75979 -17.71744 606.99085
v -19.93036 21.45841 587.89614
v -2.58148 -7.80770 587.89614
v -4.83012 -9.14311 621.81736
v -22.17901 20.12300 621.81736
v -19.93036 21.45841 587.89614
v -2.58148 -7.80770 587.89614
v -4.83012 -9.14311 621.81736
v -22.17901 20.12300 621.81736
v 9.48777 53.14457 493.00261
v -27.15518 48.20272 493.00261
v -26.99902 47.05171 529.95905
v 9.64394 51.99356 529.95905
v 9.48777 53.14457 493.00261
v -27.15518 48.20272 493.00261
v -26.99902 47.05171 529.95905
v 9.64394 51.99356 529.95905
v -19.28247 12.17476 501.38993
v 12.59794 42.17344 501.38993
v 7.13066 47.97441 544.43338
v -24.74976 17.97573 544.43338
v -19.28247 12.17476 501.38993
v 12.59794 42.17344 501.38993
v 7.13066 47.97441 544.43338
v -24.74976 17.97573 544.43338
v 11.70826 64.62889 490.37082
v -9.24199 34.49538 490.37082
v -9.87390 34.93397 527.06345
v 11.07635 65.06748 527.06345
v 11.70826 64.62889 490.37082
v -9.24199 34.49538 490.37082
v -9.87390 34.93397 527.06345
v 11.07635 65.06748 527.06345
v -30.12229 -51.77688 653.26895
v -53.03483 -79.35865 653.26895
v -53.19971 -79.22190 689.12550
v -30.28717 -51.64013 689.12550
v -30.12229 -51.77688 653.26895
v -53.03483 -79.35865 653.26895
v -53.19971 -79.22190 689.12550
v -30.28717 -51.64013 689.12550
v -5.91025 -48.53527 627.74921
v -52.37892 -49.99030 627.74921
v -52.62352 -42.37251 673.61165
v -6.15485 -40.91749 673.61165
v -5.91025 -48.53527 627.74921
v -52.37892 -49.99030 627.74921
v -52.62352 -42.37251 673.61165
v -6.15485 -40.91749 673.61165
v -13.72147 -41.86880 644.01656
v -50.31182 -60.42997 644.01656
v -51.34555 -58.39616 684.98199
v -14.75520 -39.83499 684.98199
v -13.72147 -41.86880 644.01656
v -50.31182 -60.42997 644.01656
v -51.34555 -58.39616 684.98199
v -14.75520 -39.83499 684.98199
v -47.55312 -120.14772 536.20468
v -50.60086 -154.35340 536.20468
v -54.91286 -153.97266 570.27195
v -51.86512 -119.76698 570.27195
v -47.55312 -120.14772 536.20468
v -50.60086 -154.35340 536.20468
v -54.91286 -153.97266 570.27195
v -51.86512 -119.76698 570.27195
v -38.85969 -146.56538 519.28055
v -70.57192 -171.89411 519.28055
v -74.30074 -167.23314 559.42505
v -42.58851 -141.90442 559.42505
v -38.85969 -146.56538 519.28055
v -70.57192 -171.89411 519.28055
v -74.30074 -167.23314 559.42505
v -42.58851 -141.90442 559.42505
v -54.13662 -156.34813 540.00284
v -70.67232 -129.78582 540.00284
v -70.61881 -129.75245 571.29152
v -54.08311 -156.31476 571.29152
v -54.13662 -156.34813 540.00284
v -70.67232 -129.78582 540.00284
v -70.61881 -129.75245 571.29152
v -54.08311 -156.31476 571.29152
v -136.83489 -54.89765 509.28555
v -141.71762 -21.26138 509.28555
v -141.91715 -21.29051 543.27376
v -137.03442 -54.92678 543.27376
v -136.83489 -54.89765 509.28555
v -141.71762 -21.26138 509.28555
v -141.91715 -21.29051 543.27376
v -137.03442 -54.92678 543.27376
v -132.93570 -59.40914 480.06092
v -157.45854 -33.75484 480.06092
v -155.13607 -31.53126 515.40457
v -130.61323 -57.18555 515.40457
v -132.93570 -59.40914 480.06092
v -157.45854 -33.75484 480.06092
v -155.13607 -31.53126 515.40457
v -130.61323 -57.18555 515.40457
v -110.91336 -19.81421 484.89826
v -155.04999 -2.27832 484.89826
v -158.30384 -10.48709 531.56279
v -114.16721 -28.02297 531.56279
v -110.91336 -19.81421 484.89826
v -155.04999 -2.27832 484.89826
v -158.30384 -10.48709 531.56279
v -114.16721 -28.02297 531.56279
v -78.73713 41.85408 574.97156
v -44.99857 22.96896 574.97156
v -46.19799 20.82217 613.55770
v -79.93654 39.70729 613.55770
v -78.73713 41.85408 574.97156
v -44.99857 22.96896 574.97156
v -46.19799 20.82217 613.55770
v -79.93654 39.70729 613.55770
v -83.00010 43.94060 565.01350
v -103.87261 84.60185 565.01350
v -106.63106 83.18308 610.61369
v -85.75856 42.52183 610.61369
v -83.00010 43.94060 565.01350
v -103.87261 84.60185 565.01350
v -106.63106 83.18308 610.61369
v -85.75856 42.52183 610.61369
v -75.56693 73.27125 552.26282
v -59.94369 27.00882 552.26282
v -65.93407 24.98050 600.68078
v -81.55731 71.24293 600.68078
v -75.56693 73.27125 552.26282
v -59.94369 27.00882 552.26282
v -65.93407 24.98050 600.68078
v -81.55731 71.24293 600.68078
v -124.12206 121.82359 485.27972
v -133.02778 91.98795 485.27972
v -127.77549 90.42473 515.93012
v -118.86978 120.26037 515.93012
v -124.12206 121.82359 485.27972
v -133.02778 91.98795 485.27972
v -127.77549 90.42473 515.93012
v -118.86978 120.26037 515.93012
v -129.16985 119.56802 471.42215
v -127.03474 70.81811 471.42215
v -131.06122 70.63854 520.05205
v -133.19633 119.38846 520.05205
v -129.16985 119.56802 471.42215
v -127.03474 70.81811 471.42215
v -131.06122 70.63854 520.05205
v -133.19633 119.38846 520.05205
v -109.43305 107.34222 453.22351
v -110.43885 64.55268 453.22351
v -115.92562 64.67728 495.67155
v -114.91982 107.46682 495.67155
v -109.43305 107.34222 453.22351
v -110.43885 64.55268 453.22351
v -115.92562 64.67728 495.67155
v -114.91982 107.46682 495.67155
v 21.12723 50.87501 551.85632
v -27.79368 45.89856 551.85632
v -27.78595 45.82313 601.02963
v 21.13496 50.79958 601.02963
v 21.12723 50.87501 551.85632
v -27.79368 45.89856 551.85632
v -27.78595 45.82313 601.02963
v 21.13496 50.79958 601.02963
v -9.98154 40.21507 571.45303
v -42.65894 31.67223 571.45303
v -44.09325 37.14087 604.75211
v -11.41586 45.68371 604.75211
v -9.98154 40.21507 571.45303
v -42.65894 31.67223 571.45303
v -44.09325 37.14087 604.75211
v -11.41586 45.68371 604.75211
v -14.71781 7.05878 556.99312
v 2.75621 44.24636 556.99312
v -1.26883 46.13377 597.84032
v -18.74285 8.94619 597.84032
v -14.71781 7.05878 556.99312
v 2.75621 44.24636 556.99312
v -1.26883 46.13377 597.84032
v -18.74285 8.94619 597.84032
v 6.37494 -37.68008 540.90230
v -37.23357 -47.29882 540.90230
v -36.55490 -50.36413 585.44851
v 7.05361 -40.74539 585.44851
v 6.37494 -37.68008 540.90230
v -37.23357 -47.29882 540.90230
v -36.55490 -50.36413 585.44851
v 7.05361 -40.74539 585.44851
v -27.34130 -18.42145 563.78729
v -32.50779 -57.30299 563.78729
v -37.58663 -56.63224 602.67459
v -32.42013 -17.75070 602.67459
v -27.34130 -18.42145 563.78729
v -32.50779 -57.30299 563.78729
v -37.58663 -56.63224 602.67459
v -32.42013 -17.75070 602.67459
v 3.95802 -48.50730 560.90939
v -25.06352 -68.80418 560.90939
v -27.43364 -65.42100 596.08253
v 1.58790 -45.12412 596.08253
v 3.95802 -48.50730 560.90939
v -25.06352 -68.80418 560.90939
v -27.43364 -65.42100 596.08253
v 1.58790 -45.12412 596.08253
v -174.46226 89.32612 540.46451
v -143.93286 57.59733 540.46451
v -147.40852 54.24772 584.23048
v -177.93793 85.97651 584.23048
v -174.46226 89.32612 540.46451
v -143.93286 57.59733 540.46451
v -147.40852 54.24772 584.23048
v -177.93793 85.97651 584.23048
v -175.75937 55.25669 554.55476
v -162.68217 85.79332 554.55476
v -158.50177 84.00702 587.46118
v -171.57898 53.47039 587.46118
v -175.75937 55.25669 554.55476
v -162.68217 85.79332 554.55476
v -158.50177 84.00702 587.46118
v -171.57898 53.47039 587.46118
v -174.75886 86.39671 514.95643
v -136.47143 57.15950 514.95643
v -131.12319 64.17483 562.31594
v -169.41062 93.41203 562.31594
v -174.75886 86.39671 514.95643
v -136.47143 57.15950 514.95643
v -131.12319 64.17483 562.31594
v -169.41062 93.41203 562.31594
v 28.89506 -25.91543 352.61334
v 59.08780 -1.75934 352.61334
v 59.80016 -2.64826 391.26332
v 29.60742 -26.80435 391.26332
v 28.89506 -25.91543 352.61334
v 59.08780 -1.75934 352.61334
v 59.80016 -2.64826 391.26332
v 29.60742 -26.80435 391.26332
v 25.39751 -31.16652 346.58659
v 61.65253 -60.25789 346.58659
v 66.46222 -54.25404 392.42930
v 30.20721 -25.16267 392.42930
v 25.39751 -31.16652 346.58659
v 61.65253 -60.25789 346.58659
v 66.46222 -54.25404 392.42930
v 30.20721 -25.16267 392.42930
v 57.90855 -27.50138 355.45832
v 37.96869 0.68899 355.45832
v 35.36515 -1.15568 389.84020
v 55.30500 -29.34606 389.84020
v 57.90855 -27.50138 355.45832
v 37.96869 0.68899 355.45832
v 35.36515 -1.15568 389.84020
v 55.30500 -29.34606 389.84020
v -175.54937 44.21245 436.60683
v -223.88500 30.31812 436.60683
v -225.50679 35.94313 486.55796
v -177.17116 49.83746 486.55796
v -175.54937 44.21245 436.60683
v -223.88500 30.31812 436.60683
v -225.50679 35.94313 486.55796
v -177.17116 49.83746 486.55796
v -177.77206 19.91765 434.03770
v -203.41964 39.77230 434.03770
v -200.91925 43.00754 466.21357
v -175.27167 23.15289 466.21357
v -177.77206 19.91765 434.03770
v -203.41964 39.77230 434.03770
v -200.91925 43.00754 466.21357
v -175.27167 23.15289 466.21357
v -167.95460 33.08755 463.37857
v -206.84070 27.47594 463.37857
v -206.28376 23.63820 502.47564
v -167.39766 29.24981 502.47564
v -167.95460 33.08755 463.37857
v -206.84070 27.47594 463.37857
v -206.28376 23.63820 502.47564
v -167.39766 29.24981 502.47564
v -96.77663 -30.77254 539.05721
v -84.41934 -70.71821 539.05721
v -86.57631 -71.38736 580.80957
v -98.93360 -31.44169 580.80957
v -96.77663 -30.77254 539.05721
v -84.41934 -70.71821 539.05721
v -86.57631 -71.38736 580.80957
v -98.93360 -31.44169 580.80957
v -97.12850 -67.34839 516.10110
v -57.89505 -34.54363 516.10110
v -59.00253 -33.22126 567.21314
v -98.23598 -66.02602 567.21314
v -97.12850 -67.34839 516.10110
v -57.89505 -34.54363 516.10110
v -59.00253 -33.22126 567.21314
v -98.23598 -66.02602 567.21314
v -105.47830 -67.83298 543.69645
v -81.81691 -46.20997 543.69645
v -81.35458 -46.71508 575.74246
v -105.01597 -68.33809 575.74246
v -105.47830 -67.83298 543.69645
v -81.81691 -46.20997 543.69645
v -81.35458 -46.71508 575.74246
v -105.01597 -68.33809 575.74246
v -25.59470 -156.00062 528.18672
v 15.54702 -143.93619 528.18672
v 17.20542 -149.57497 570.65607
v -23.93630 -161.63940 570.65607
v -25.59470 -156.00062 528.18672
v 15.54702 -143.93619 528.18672
v 17.20542 -149.57497 570.65607
v -23.93630 -161.63940 570.65607
v -10.26601 -129.90678 539.69577
v -18.25813 -161.78500 539.69577
v -22.39454 -160.75147 572.28284
v -14.40242 -128.87325 572.28284
v -10.26601 -129.90678 539.69577
v -18.25813 -161.78500 539.69577
v -22.39454 -160.75147 572.28284
v -14.40242 -128.87325 572.28284
v -34.75168 -174.21320 527.25086
v 6.75589 -168.90970 527.25086
v 6.52732 -167.13205 569.05748
v -34.98026 -172.43556 569.05748
v -34.75168 -174.21320 527.25086
v 6.75589 -168.90970 527.25086
v 6.52732 -167.13205 569.05748
v -34.98026 -172.43556 569.05748
v -206.02142 -43.74233 446.63214
v -247.23677 -20.67633 446.63214
v -249.51795 -24.76006 493.63070
v -208.30260 -47.82606 493.63070
v -206.02142 -43.74233 446.63214
v -247.23677 -20.67633 446.63214
v -249.51795 -24.76006 493.63070
v -208.30260 -47.82606 493.63070
v -203.84169 -55.17796 488.17475
v -215.46469 -22.81980 488.17475
v -219.37892 -24.22931 522.30444
v -207.75593 -56.58746 522.30444
v -203.84169 -55.17796 488.17475
v -215.46469 -22.81980 488.17475
v -219.37892 -24.22931 522.30444
v -207.75593 -56.58746 522.30444
v -215.77328 -40.36063 478.80470
v -189.17625 -21.23234 478.80470
v -189.08977 -21.35239 511.56552
v -215.68679 -40.48068 511.56552
v -215.77328 -40.36063 478.80470
v -189.17625 -21.23234 478.80470
v -189.08977 -21.35239 511.56552
v -215.68679 -40.48068 511.56552
v -35.18796 11.72084 553.60653
v -56.74048 -21.41692 553.60653
v -52.66044 -24.06592 592.83609
v -31.10792 9.07184 592.83609
v -35.18796 11.72084 553.60653
v -56.74048 -21.41692 553.60653
v -52.66044 -24.06592 592.83609
v -31.10792 9.07184 592.83609
v -37.53020 -7.17623 531.29149
v -17.42985 18.48618 531.29149
v -21.80625 21.90842 563.41186
v -41.90661 -3.75398 563.41186
v -37.53020 -7.17623 531.29149
v -17.42985 18.48618 531.29149
v -21.80625 21.90842 563.41186
v -41.90661 -3.75398 563.41186
v -18.84921 4.07729 553.76088
v -51.74024 -32.53856 553.76088
v -51.11864 -33.09603 602.97310
v -18.22762 3.51982 602.97310
v -18.84921 4.07729 553.76088
v -51.74024 -32.53856 553.76088
v -51.11864 -33.09603 602.97310
v -18.22762 3.51982 602.97310
v -14.11671 -49.71354 622.06836
v -9.41126 -6.94123 622.06836
v -9.32001 -6.95120 665.09862
v -14.02545 -49.72351 665.09862
v -14.11671 -49.71354 622.06836
v -9.41126 -6.94123 622.06836
v -9.32001 -6.95120 665.09862
v -14.02545 -49.72351 665.09862
v -26.75688 -23.68328 616.11532
v -50.41953 -65.90510 616.11532
v -44.99708 -68.93837 664.11532
v -21.33443 -26.71654 664.11532
v -26.75688 -23.68328 616.11532
v -50.41953 -65.90510 616.11532
v -44.99708 -68.93837 664.11532
v -21.33443 -26.71654 664.11532
v -7.86165 -34.80052 610.93743
v -40.89778 -30.37090 610.93743
v -41.07850 -31.72689 644.24113
v -8.04236 -36.15651 644.24113
v -7.86165 -34.80052 610.93743
v -40.89778 -30.37090 610.93743
v -41.07850 -31.72689 644.24113
v -8.04236 -36.15651 644.24113
v -40.01133 -68.17245 353.02259
v -6.92774 -71.18836 353.02259
v -6.92624 -71.17178 386.24336
v -40.00983 -68.15587 386.24336
v -40.01133 -68.17245 353.02259
v -6.92774 -71.18836 353.02259
v -6.92624 -71.17178 386.24336
v -40.00983 -68.15587 386.24336
v -10.84399 -60.81018 362.16261
v -48.61391 -48.96214 362.16261
v -49.02535 -50.27742 401.72324
v -11.25543 -62.12546 401.72324
v -10.84399 -60.81018 362.16261
v -48.61391 -48.96214 362.16261
v -49.02535 -50.27742 401.72324
v -11.25543 -62.12546 401.72324
v 7.40410 -65.05327 350.33307
v -38.49386 -76.69899 350.33307
v -38.81674 -75.43070 397.66733
v 7.08122 -63.78498 397.66733
v 7.40410 -65.05327 350.33307
v -38.49386 -76.69899 350.33307
v -38.81674 -75.43070 397.66733
v 7.08122 -63.78498 397.66733
v 36.03683 -81.39284 558.21255
v 7.40997 -43.08099 558.21255
v 6.94060 -43.43229 606.03462
v 35.56746 -81.74414 606.03462
v 36.03683 -81.39284 558.21255
v 7.40997 -43.08099 558.21255
v 6.94060 -43.43229 606.03462
v 35.56746 -81.74414 606.03462
v -23.59913 -65.73627 583.76239
v 24.43894 -81.79056 583.76239
v 26.43605 -75.79891 634.01683
v -21.60203 -59.74462 634.01683
v -23.59913 -65.73627 583.76239
v 24.43894 -81.79056 583.76239
v 26.43605 -75.79891 634.01683
v -21.60203 -59.74462 634.01683
v -10.09796 -61.80248 595.95266
v 27.82169 -50.66938 595.95266
v 28.41203 -52.67418 635.41754
v -9.50762 -63.80728 635.41754
v -10.09796 -61.80248 595.95266
v 27.82169 -50.66938 595.95266
v 28.41203 -52.67418 635.41754
v -9.50762 -63.80728 635.41754
vt 0.00200 0.49800
vt 0.49800 0.49800
vt 0.49800 0.00200
vt 0.00200 0.00200
vt 0.00200 0.49800
vt 0.49800 0.49800
vt 0.49800 0.00200
vt 0.00200 0.00200
vt 0.00200 0.49800
vt 0.49800 0.49800
vt 0.49800 0.00200
vt 0.00200 0.00200
vt 0.00200 0.49800
vt 0.49800 0.49800
vt 0.49800 0.00200
vt 0.00200 0.00200
vt 0.00200 0.49800
vt 0.49800 0.49800
vt 0.49800 0.00200
vt 0.00200 0.00200
vt 0.00200 0.49800
vt 0.49800 0.49800
vt 0.49800 0.00200
vt 0.00200 0.00200
vt 0.50200 0.49800
vt 0.99800 0.49800
vt 0.99800 0.00200
vt 0.50200 0.00200
vt 0.50200 0.49800
vt 0.99800 0.49800
vt 0.99800 0.00200
vt 0.50200 0.00200
vt 0.50200 0.49800
vt 0.99800 0.49800
vt 0.99800 0.00200
vt 0.50200 0.00200
vt 0.50200 0.49800
vt 0.99800 0.49800
vt 0.99800 0.00200
vt 0.50200 0.00200
vt 0.50200 0.49800
vt 0.99800 0.49800
vt 0.99800 0.00200
vt 0.50200 0.00200
vt 0.50200 0.49800
vt 0.99800 0.49800
vt 0.99800 0.00200
vt 0.50200 0.00200
vt 0.00200 0.99800
vt 0.49800 0.99800
vt 0.49800 0.50200
vt 0.00200 0.50200
vt 0.00200 0.99800
vt 0.49800 0.99800
vt 0.49800 0.50200
vt 0.00200 0.50200
vt 0.00200 0.99800
vt 0.49800 0.99800
vt 0.49800 0.50200
vt 0.00200 0.50200
vt 0.00200 0.99800
vt 0.49800 0.99800
vt 0.49800 0.50200
vt 0.00200 0.50200
vt 0.00200 0.99800
vt 0.49800 0.99800
vt 0.49800 0.50200
vt 0.00200 0.50200
vt 0.00200 0.99800
vt 0.49800 0.99800
vt 0.49800 0.50200
vt 0.00200 0.50200
vt 0.50200 0.99800
vt 0.99800 0.99800
vt 0.99800 0.50200
vt 0.50200 0.50200
vt 0.50200 0.99800
vt 0.99800 0.99800
vt 0.99800 0.50200
vt 0.50200 0.50200
vt 0.50200 0.99800
vt 0.99800 0.99800
vt 0.99800 0.50200
vt 0.50200 0.50200
vt 0.50200 0.99800
vt 0.99800 0.99800
vt 0.99800 0.50200
vt 0.50200 0.50200
vt 0.50200 0.99800
vt 0.99800 0.99800
vt 0.99800 0.50200
vt 0.50200 0.50200
vt 0.50200 0.99800
vt 0.99800 0.99800
vt 0.99800 0.50200
vt 0.50200 0.50200
vt 0.00200 0.49800
vt 0.49800 0.49800
vt 0.49800 0.00200
vt 0.00200 0.00200
vt 0.00200 0.49800
vt 0.49800 0.49800
vt 0.49800 0.00200
vt 0.00200 0.00200
vt 0.00200 0.49800
vt 0.49800 0.49800
vt 0.49800 0.00200
vt 0.00200 0.00200
vt 0.00200 0.49800
vt 0.49800 0.49800
vt 0.49800 0.00200
vt 0.00200 0.00200
vt 0.00200 0.49800
vt 0.49800 0.49800
vt 0.49800 0.00200
vt 0.00200 0.00200
vt 0.00200 0.49800
vt 0.49800 0.49800
vt 0.49800 0.00200
vt 0.00200 0.00200
vt 0.50200 0.49800
vt 0.99800 0.49800
vt 0.99800 0.00200
vt 0.50200 0.00200
vt 0.50200 0.49800
vt 0.99800 0.49800
vt 0.99800 0.00200
vt 0.50200 0.00200
vt 0.50200 0.49800
vt 0.99800 0.49800
vt 0.99800 0.00200
vt 0.50200 0.00200
vt 0.50200 0.49800
vt 0.99800 0.49800
vt 0.99800 0.00200
vt 0.50200 0.00200
vt 0.50200 0.49800
vt 0.99800 0.49800
vt 0.99800 0.00200
vt 0.50200 0.00200
vt 0.50200 0.49800
vt 0.99800 0.49800
vt 0.99800 0.00200
vt 0.50200 0.00200
vt 0.00200 0.99800
vt 0.49800 0.99800
vt 0.49800 0.50200
vt 0.00200 0.50200
vt 0.00200 0.99800
vt 0.49800 0.99800
vt 0.49800 0.50200
vt 0.00200 0.50200
vt 0.00200 0.99800
vt 0.49800 0.99800
vt 0.49800 0.50200
vt 0.00200 0.50200
vt 0.00200 0.99800
vt 0.49800 0.99800
vt 0.49800 0.50200
vt 0.00200 0.50200
vt 0.00200 0.99800
vt 0.49800 0.99800
vt 0.49800 0.50200
vt 0.00200 0.50200
vt 0.00200 0.99800
vt 0.49800 0.99800
vt 0.49800 0.50200
vt 0.00200 0.50200
vt 0.50200 0.99800
vt 0.99800 0.99800
vt 0.99800 0.50200
vt 0.50200 0.50200
vt 0.50200 0.99800
vt 0.99800 0.99800
vt 0.99800 0.50200
vt 0.50200 0.50200
vt 0.50200 0.99800
vt 0.99800 0.99800
vt 0.99800 0.50200
vt 0.50200 0.50200
vt 0.50200 0.99800
vt 0.99800 0.99800
vt 0.99800 0.50200
vt 0.50200 0.50200
vt 0.50200 0.99800
vt 0.99800 0.99800
vt 0.99800 0.50200
vt 0.50200 0.50200
vt 0.50200 0.99800
vt 0.99800 0.99800
vt 0.99800 0.50200
vt 0.50200 0.50200
vt 0.00200 0.49800
vt 0.49800 0.49800
vt 0.49800 0.00200
vt 0.00200 0.00200
vt 0.00200 0.49800
vt 0.49800 0.49800
vt 0.49800 0.00200
vt 0.00200 0.00200
vt 0.00200 0.49800
vt 0.49800 0.49800
vt 0.49800 0.00200
vt 0.00200 0.00200
vt 0.00200 0.49800
vt 0.49800 0.49800
vt 0.49800 0.00200
vt 0.00200 0.00200
vt 0.00200 0.49800
vt 0.49800 0.49800
vt 0.49800 0.00200
vt 0.00200 0.00200
vt 0.00200 0.49800
vt 0.49800 0.49800
vt 0.49800 0.00200
vt 0.00200 0.00200
vt 0.50200 0.49800
vt 0.99800 0.49800
vt 0.99800 0.00200
vt 0.50200 0.00200
vt 0.50200 0.49800
vt 0.99800 0.49800
vt 0.99800 0.00200
vt 0.50200 0.00200
vt 0.50200 0.49800
vt 0.99800 0.49800
vt 0.99800 0.00200
vt 0.50200 0.00200
vt 0.50200 0.49800
vt 0.99800 0.49800
vt 0.99800 0.00200
vt 0.50200 0.00200
vt 0.50200 0.49800
vt 0.99800 0.49800
vt 0.99800 0.00200
vt 0.50200 0.00200
vt 0.50200 0.49800
vt 0.99800 0.49800
vt 0.99800 0.00200
vt 0.50200 0.00200
vt 0.00200 0.99800
vt 0.49800 0.99800
vt 0.49800 0.50200
vt 0.00200 0.50200
vt 0.00200 0.99800
vt 0.49800 0.99800
vt 0.49800 0.50200
vt 0.00200 0.50200
vt 0.00200 0.99800
vt 0.49800 0.99800
vt 0.49800 0.50200
vt 0.00200 0.50200
vt 0.00200 0.99800
vt 0.49800 0.99800
vt 0.49800 0.50200
vt 0.00200 0.50200
vt 0.00200 0.99800
vt 0.49800 0.99800
vt 0.49800 0.50200
vt 0.00200 0.50200
vt 0.00200 0.99800
vt 0.49800 0.99800
vt 0.49800 0.50200
vt 0.00200 0.50200
vt 0.50200 0.99800
vt 0.99800 0.99800
vt 0.99800 0.50200
vt 0.50200 0.50200
vt 0.50200 0.99800
vt 0.99800 0.99800
vt 0.99800 0.50200
vt 0.50200 0.50200
vt 0.50200 0.99800
vt 0.99800 0.99800
vt 0.99800 0.50200
vt 0.50200 0.50200
vt 0.50200 0.99800
vt 0.99800 0.99800
vt 0.99800 0.50200
vt 0.50200 0.50200
vt 0.50200 0.99800
vt 0.99800 0.99800
vt 0.99800 0.50200
vt 0.50200 0.50200
vt 0.50200 0.99800
vt 0.99800 0.99800
vt 0.99800 0.50200
vt 0.50200 0.50200
vt 0.00200 0.49800
vt 0.49800 0.49800
vt 0.49800 0.00200
vt 0.00200 0.00200
vt 0.00200 0.49800
vt 0.49800 0.49800
vt 0.49800 0.00200
vt 0.00200 0.00200
vt 0.00200 0.49800
vt 0.49800 0.49800
vt 0.49800 0.00200
vt 0.00200 0.00200
vt 0.00200 0.49800
vt 0.49800 0.49800
vt 0.49800 0.00200
vt 0.00200 0.00200
vt 0.00200 0.49800
vt 0.49800 0.49800
vt 0.49800 0.00200
vt 0.00200 0.00200
vt 0.00200 0.49800
vt 0.49800 0.49800
vt 0.49800 0.00200
vt 0.00200 0.00200
vt 0.50200 0.49800
vt 0.99800 0.49800
vt 0.99800 0.00200
vt 0.50200 0.00200
vt 0.50200 0.49800
vt 0.99800 0.49800
vt 0.99800 0.00200
vt 0.50200 0.00200
vt 0.50200 0.49800
vt 0.99800 0.49800
vt 0.99800 0.00200
vt 0.50200 0.00200
vt 0.50200 0.49800
vt 0.99800 0.49800
vt 0.99800 0.00200
vt 0.50200 0.00200
vt 0.50200 0.49800
vt 0.99800 0.49800
vt 0.99800 0.00200
vt 0.50200 0.00200
vt 0.50200 0.49800
vt 0.99800 0.49800
vt 0.99800 0.00200
vt 0.50200 0.00200
vt 0.00200 0.99800
vt 0.49800 0.99800
vt 0.49800 0.50200
vt 0.00200 0.50200
vt 0.00200 0.99800
vt 0.49800 0.99800
vt 0.49800 0.50200
vt 0.00200 0.50200
vt 0.00200 0.99800
vt 0.49800 0.99800
vt 0.49800 0.50200
vt 0.00200 0.50200
vt 0.00200 0.99800
vt 0.49800 0.99800
vt 0.49800 0.50200
vt 0.00200 0.50200
vt 0.00200 0.99800
vt 0.49800 0.99800
vt 0.49800 0.50200
vt 0.00200 0.50200
vt 0.00200 0.99800
vt 0.49800 0.99800
vt 0.49800 0.50200
vt 0.00200 0.50200
vt 0.50200 0.99800
vt 0.99800 0.99800
vt 0.99800 0.50200
vt 0.50200 0.50200
vt 0.50200 0.99800
vt 0.99800 0.99800
vt 0.99800 0.50200
vt 0.50200 0.50200
vt 0.50200 0.99800
vt 0.99800 0.99800
vt 0.99800 0.50200
vt 0.50200 0.50200
vt 0.50200 0.99800
vt 0.99800 0.99800
vt 0.99800 0.50200
vt 0.50200 0.50200
vt 0.50200 0.99800
vt 0.99800 0.99800
vt 0.99800 0.50200
vt 0.50200 0.50200
vt 0.50200 0.99800
vt 0.99800 0.99800
vt 0.99800 0.50200
vt 0.50200 0.50200
vt 0.00200 0.49800
vt 0.49800 0.49800
vt 0.49800 0.00200
vt 0.00200 0.00200
vt 0.00200 0.49800
vt 0.49800 0.49800
vt 0.49800 0.00200
vt 0.00200 0.00200
vt 0.00200 0.49800
vt 0.49800 0.49800
vt 0.49800 0.00200
vt 0.00200 0.00200
vt 0.00200 0.49800
vt 0.49800 0.49800
vt 0.49800 0.00200
vt 0.00200 0.00200
vt 0.00200 0.49800
vt 0.49800 0.49800
vt 0.49800 0.00200
vt 0.00200 0.00200
vt 0.00200 0.49800
vt 0.49800 0.49800
vt 0.49800 0.00200
vt 0.00200 0.00200
vt 0.50200 0.49800
vt 0.99800 0.49800
vt 0.99800 0.00200
vt 0.50200 0.00200
vt 0.50200 0.49800
vt 0.99800 0.49800
vt 0.99800 0.00200
vt 0.50200 0.00200
vt 0.50200 0.49800
vt 0.99800 0.49800
vt 0.99800 0.00200
vt 0.50200 0.00200
vt 0.50200 0.49800
vt 0.99800 0.49800
vt 0.99800 0.00200
vt 0.50200 0.00200
vt 0.50200 0.49800
vt 0.99800 0.49800
vt 0.99800 0.00200
vt 0.50200 0.00200
vt 0.50200 0.49800
vt 0.99800 0.49800
vt 0.99800 0.00200
vt 0.50200 0.00200
vt 0.00200 0.99800
vt 0.49800 0.99800
vt 0.49800 0.50200
vt 0.00200 0.50200
vt 0.00200 0.99800
vt 0.49800 0.99800
vt 0.49800 0.50200
vt 0.00200 0.50200
vt 0.00200 0.99800
vt 0.49800 0.99800
vt 0.49800 0.50200
vt 0.00200 0.50200
vt 0.00200 0.99800
vt 0.49800 0.99800
vt 0.49800 0.50200
vt 0.00200 0.50200
vt 0.00200 0.99800
vt 0.49800 0.99800
vt 0.49800 0.50200
vt 0.00200 0.50200
vt 0.00200 0.99800
vt 0.49800 0.99800
vt 0.49800 0.50200
vt 0.00200 0.50200
vt 0.50200 0.99800
vt 0.99800 0.99800
vt 0.99800 0.50200
vt 0.50200 0.50200
vt 0.50200 0.99800
vt 0.99800 0.99800
vt 0.99800 0.50200
vt 0.50200 0.50200
vt 0.50200 0.99800
vt 0.99800 0.99800
vt 0.99800 0.50200
vt 0.50200 0.50200
vt 0.50200 0.99800
vt 0.99800 0.99800
vt 0.99800 0.50200
vt 0.50200 0.50200
vt 0.50200 0.99800
vt 0.99800 0.99800
vt 0.99800 0.50200
vt 0.50200 0.50200
vt 0.50200 0.99800
vt 0.99800 0.99800
vt 0.99800 0.50200
vt 0.50200 0.50200
vt 0.00200 0.49800
vt 0.49800 0.49800
vt 0.49800 0.00200
vt 0.00200 0.00200
vt 0.00200 0.49800
vt 0.49800 0.49800
vt 0.49800 0.00200
vt 0.00200 0.00200
vt 0.00200 0.49800
vt 0.49800 0.49800
vt 0.49800 0.00200
vt 0.00200 0.00200
vt 0.00200 0.49800
vt 0.49800 0.49800
vt 0.49800 0.00200
vt 0.00200 0.00200
vt 0.00200 0.49800
vt 0.49800 0.49800
vt 0.49800 0.00200
vt 0.00200 0.00200
vt 0.00200 0.49800
vt 0.49800 0.49800
vt 0.49800 0.00200
vt 0.00200 0.00200
vt 0.50200 0.49800
vt 0.99800 0.49800
vt 0.99800 0.00200
vt 0.50200 0.00200
vt 0.50200 0.49800
vt 0.99800 0.49800
vt 0.99800 0.00200
vt 0.50200 0.00200
vt 0.50200 0.49800
vt 0.99800 0.49800
vt 0.99800 0.00200
vt 0.50200 0.00200
vt 0.50200 0.49800
vt 0.99800 0.49800
vt 0.99800 0.00200
vt 0.50200 0.00200
vt 0.50200 0.49800
vt 0.99800 0.49800
vt 0.99800 0.00200
vt 0.50200 0.00200
vt 0.50200 0.49800
vt 0.99800 0.49800
vt 0.99800 0.00200
vt 0.50200 0.00200
vt 0.00200 0.99800
vt 0.49800 0.99800
vt 0.49800 0.50200
vt 0.00200 0.50200
vt 0.00200 0.99800
vt 0.49800 0.99800
vt 0.49800 0.50200
vt 0.00200 0.50200
vt 0.00200 0.99800
vt 0.49800 0.99800
vt 0.49800 0.50200
vt 0.00200 0.50200
vt 0.00200 0.99800
vt 0.49800 0.99800
vt 0.49800 0.50200
vt 0.00200 0.50200
vt 0.00200 0.99800
vt 0.49800 0.99800
vt 0.49800 0.50200
vt 0.00200 0.50200
vt 0.00200 0.99800
vt 0.49800 0.99800
vt 0.49800 0.50200
vt 0.00200 0.50200
vt 0.50200 0.99800
vt 0.99800 0.99800
vt 0.99800 0.50200
vt 0.50200 0.50200
vt 0.50200 0.99800
vt 0.99800 0.99800
vt 0.99800 0.50200
vt 0.50200 0.50200
vt 0.50200 0.99800
vt 0.99800 0.99800
vt 0.99800 0.50200
vt 0.50200 0.50200
vt 0.50200 0.99800
vt 0.99800 0.99800
vt 0.99800 0.50200
vt 0.50200 0.50200
vt 0.50200 0.99800
vt 0.99800 0.99800
vt 0.99800 0.50200
vt 0.50200 0.50200
vt 0.50200 0.99800
vt 0.99800 0.99800
vt 0.99800 0.50200
vt 0.50200 0.50200
vt 0.00200 0.49800
vt 0.49800 0.49800
vt 0.49800 0.00200
vt 0.00200 0.00200
vt 0.00200 0.49800
vt 0.49800 0.49800
vt 0.49800 0.00200
vt 0.00200 0.00200
vt 0.00200 0.49800
vt 0.49800 0.49800
vt 0.49800 0.00200
vt 0.00200 0.00200
vt 0.00200 0.49800
vt 0.49800 0.49800
vt 0.49800 0.00200
vt 0.00200 0.00200
vt 0.00200 0.49800
vt 0.49800 0.49800
vt 0.49800 0.00200
vt 0.00200 0.00200
vt 0.00200 0.49800
vt 0.49800 0.49800
vt 0.49800 0.00200
vt 0.00200 0.00200
vt 0.50200 0.49800
vt 0.99800 0.49800
vt 0.99800 0.00200
vt 0.50200 0.00200
vt 0.50200 0.49800
vt 0.99800 0.49800
vt 0.99800 0.00200
vt 0.50200 0.00200
vt 0.50200 0.49800
vt 0.99800 0.49800
vt 0.99800 0.00200
vt 0.50200 0.00200
vt 0.50200 0.49800
vt 0.99800 0.49800
vt 0.99800 0.00200
vt 0.50200 0.00200
vt 0.50200 0.49800
vt 0.99800 0.49800
vt 0.99800 0.00200
vt 0.50200 0.00200
vt 0.50200 0.49800
vt 0.99800 0.49800
vt 0.99800 0.00200
vt 0.50200 0.00200
vt 0.00200 0.99800
vt 0.49800 0.99800
vt 0.49800 0.50200
vt 0.00200 0.50200
vt 0.00200 0.99800
vt 0.49800 0.99800
vt 0.49800 0.50200
vt 0.00200 0.50200
vt 0.00200 0.99800
vt 0.49800 0.99800
vt 0.49800 0.50200
vt 0.00200 0.50200
vt 0.00200 0.99800
vt 0.49800 0.99800
vt 0.49800 0.50200
vt 0.00200 0.50200
vt 0.00200 0.99800
vt 0.49800 0.99800
vt 0.49800 0.50200
vt 0.00200 0.50200
vt 0.00200 0.99800
vt 0.49800 0.99800
vt 0.49800 0.50200
vt 0.00200 0.50200
vt 0.50200 0.99800
vt 0.99800 0.99800
vt 0.99800 0.50200
vt 0.50200 0.50200
vt 0.50200 0.99800
vt 0.99800 0.99800
vt 0.99800 0.50200
vt 0.50200 0.50200
vt 0.50200 0.99800
vt 0.99800 0.99800
vt 0.99800 0.50200
vt 0.50200 0.50200
vt 0.50200 0.99800
vt 0.99800 0.99800
vt 0.99800 0.50200
vt 0.50200 0.50200
vt 0.50200 0.99800
vt 0.99800 0.99800
vt 0.99800 0.50200
vt 0.50200 0.50200
vt 0.50200 0.99800
vt 0.99800 0.99800
vt 0.99800 0.50200
vt 0.50200 0.50200
vt 0.00200 0.49800
vt 0.49800 0.49800
vt 0.49800 0.00200
vt 0.00200 0.00200
vt 0.00200 0.49800
vt 0.49800 0.49800
vt 0.49800 0.00200
vt 0.00200 0.00200
vt 0.00200 0.49800
vt 0.49800 0.49800
vt 0.49800 0.00200
vt 0.00200 0.00200
vt 0.00200 0.49800
vt 0.49800 0.49800
vt 0.49800 0.00200
vt 0.00200 0.00200
vt 0.00200 0.49800
vt 0.49800 0.49800
vt 0.49800 0.00200
vt 0.00200 0.00200
vt 0.00200 0.49800
vt 0.49800 0.49800
vt 0.49800 0.00200
vt 0.00200 0.00200
vt 0.50200 0.49800
vt 0.99800 0.49800
vt 0.99800 0.00200
vt 0.50200 0.00200
vt 0.50200 0.49800
vt 0.99800 0.49800
vt 0.99800 0.00200
vt 0.50200 0.00200
vt 0.50200 0.49800
vt 0.99800 0.49800
vt 0.99800 0.00200
vt 0.50200 0.00200
vt 0.50200 0.49800
vt 0.99800 0.49800
vt 0.99800 0.00200
vt 0.50200 0.00200
vt 0.50200 0.49800
vt 0.99800 0.49800
vt 0.99800 0.00200
vt 0.50200 0.00200
vt 0.50200 0.49800
vt 0.99800 0.49800
vt 0.99800 0.00200
vt 0.50200 0.00200
vt 0.00200 0.99800
vt 0.49800 0.99800
vt 0.49800 0.50200
vt 0.00200 0.50200
vt 0.00200 0.99800
vt 0.49800 0.99800
vt 0.49800 0.50200
vt 0.00200 0.50200
vt 0.00200 0.99800
vt 0.49800 0.99800
vt 0.49800 0.50200
vt 0.00200 0.50200
vt 0.00200 0.99800
vt 0.49800 0.99800
vt 0.49800 0.50200
vt 0.00200 0.50200
vt 0.00200 0.99800
vt 0.49800 0.99800
vt 0.49800 0.50200
vt 0.00200 0.50200
vt 0.00200 0.99800
vt 0.49800 0.99800
vt 0.49800 0.50200
vt 0.00200 0.50200
vt 0.50200 0.99800
vt 0.99800 0.99800
vt 0.99800 0.50200
vt 0.50200 0.50200
vt 0.50200 0.99800
vt 0.99800 0.99800
vt 0.99800 0.50200
vt 0.50200 0.50200
vt 0.50200 0.99800
vt 0.99800 0.99800
vt 0.99800 0.50200
vt 0.50200 0.50200
vt 0.50200 0.99800
vt 0.99800 0.99800
vt 0.99800 0.50200
vt 0.50200 0.50200
vt 0.50200 0.99800
vt 0.99800 0.99800
vt 0.99800 0.50200
vt 0.50200 0.50200
vt 0.50200 0.99800
vt 0.99800 0.99800
vt 0.99800 0.50200
vt 0.50200 0.50200
vt 0.00200 0.49800
vt 0.49800 0.49800
vt 0.49800 0.00200
vt 0.00200 0.00200
vt 0.00200 0.49800
vt 0.49800 0.49800
vt 0.49800 0.00200
vt 0.00200 0.00200
vt 0.00200 0.49800
vt 0.49800 0.49800
vt 0.49800 0.00200
vt 0.00200 0.00200
vt 0.00200 0.49800
vt 0.49800 0.49800
vt 0.49800 0.00200
vt 0.00200 0.00200
vt 0.00200 0.49800
vt 0.49800 0.49800
vt 0.49800 0.00200
vt 0.00200 0.00200
vt 0.00200 0.49800
vt 0.49800 0.49800
vt 0.49800 0.00200
vt 0.00200 0.00200
vt 0.50200 0.49800
vt 0.99800 0.49800
vt 0.99800 0.00200
vt 0.50200 0.00200
vt 0.50200 0.49800
vt 0.99800 0.49800
vt 0.99800 0.00200
vt 0.50200 0.00200
vt 0.50200 0.49800
vt 0.99800 0.49800
vt 0.99800 0.00200
vt 0.50200 0.00200
vt 0.50200 0.49800
vt 0.99800 0.49800
vt 0.99800 0.00200
vt 0.50200 0.00200
vt 0.50200 0.49800
vt 0.99800 0.49800
vt 0.99800 0.00200
vt 0.50200 0.00200
vt 0.50200 0.49800
vt 0.99800 0.49800
vt 0.99800 0.00200
vt 0.50200 0.00200
vt 0.00200 0.99800
vt 0.49800 0.99800
vt 0.49800 0.50200
vt 0.00200 0.50200
vt 0.00200 0.99800
vt 0.49800 0.99800
vt 0.49800 0.50200
vt 0.00200 0.50200
vt 0.00200 0.99800
vt 0.49800 0.99800
vt 0.49800 0.50200
vt 0.00200 0.50200
vt 0.00200 0.99800
vt 0.49800 0.99800
vt 0.49800 0.50200
vt 0.00200 0.50200
vt 0.00200 0.99800
vt 0.49800 0.99800
vt 0.49800 0.50200
vt 0.00200 0.50200
vt 0.00200 0.99800
vt 0.49800 0.99800
vt 0.49800 0.50200
vt 0.00200 0.50200
vt 0.50200 0.99800
vt 0.99800 0.99800
vt 0.99800 0.50200
vt 0.50200 0.50200
vt 0.50200 0.99800
vt 0.99800 0.99800
vt 0.99800 0.50200
vt 0.50200 0.50200
vt 0.50200 0.99800
vt 0.99800 0.99800
vt 0.99800 0.50200
vt 0.50200 0.50200
vt 0.50200 0.99800
vt 0.99800 0.99800
vt 0.99800 0.50200
vt 0.50200 0.50200
vt 0.50200 0.99800
vt 0.99800 0.99800
vt 0.99800 0.50200
vt 0.50200 0.50200
vt 0.50200 0.99800
vt 0.99800 0.99800
vt 0.99800 0.50200
vt 0.50200 0.50200
vt 0.00200 0.49800
vt 0.49800 0.49800
vt 0.49800 0.00200
vt 0.00200 0.00200
vt 0.00200 0.49800
vt 0.49800 0.49800
vt 0.49800 0.00200
vt 0.00200 0.00200
vt 0.00200 0.49800
vt 0.49800 0.49800
vt 0.49800 0.00200
vt 0.00200 0.00200
vt 0.00200 0.49800
vt 0.49800 0.49800
vt 0.49800 0.00200
vt 0.00200 0.00200
vt 0.00200 0.49800
vt 0.49800 0.49800
vt 0.49800 0.00200
vt 0.00200 0.00200
vt 0.00200 0.49800
vt 0.49800 0.49800
vt 0.49800 0.00200
vt 0.00200 0.00200
vt 0.50200 0.49800
vt 0.99800 0.49800
vt 0.99800 0.00200
vt 0.50200 0.00200
vt 0.50200 0.49800
vt 0.99800 0.49800
vt 0.99800 0.00200
vt 0.50200 0.00200
vt 0.50200 0.49800
vt 0.99800 0.49800
vt 0.99800 0.00200
vt 0.50200 0.00200
vt 0.50200 0.49800
vt 0.99800 0.49800
vt 0.99800 0.00200
vt 0.50200 0.00200
vt 0.50200 0.49800
vt 0.99800 0.49800
vt 0.99800 0.00200
vt 0.50200 0.00200
vt 0.50200 0.49800
vt 0.99800 0.49800
vt 0.99800 0.00200
vt 0.50200 0.00200
vt 0.00200 0.99800
vt 0.49800 0.99800
vt 0.49800 0.50200
vt 0.00200 0.50200
vt 0.00200 0.99800
vt 0.49800 0.99800
vt 0.49800 0.50200
vt 0.00200 0.50200
vt 0.00200 0.99800
vt 0.49800 0.99800
vt 0.49800 0.50200
vt 0.00200 0.50200
vt 0.00200 0.99800
vt 0.49800 0.99800
vt 0.49800 0.50200
vt 0.00200 0.50200
vt 0.00200 0.99800
vt 0.49800 0.99800
vt 0.49800 0.50200
vt 0.00200 0.50200
vt 0.00200 0.99800
vt 0.49800 0.99800
vt 0.49800 0.50200
vt 0.00200 0.50200
vt 0.50200 0.99800
vt 0.99800 0.99800
vt 0.99800 0.50200
vt 0.50200 0.50200
vt 0.50200 0.99800
vt 0.99800 0.99800
vt 0.99800 0.50200
vt 0.50200 0.50200
vt 0.50200 0.99800
vt 0.99800 0.99800
vt 0.99800 0.50200
vt 0.50200 0.50200
vt 0.50200 0.99800
vt 0.99800 0.99800
vt 0.99800 0.50200
vt 0.50200 0.50200
vt 0.50200 0.99800
vt 0.99800 0.99800
vt 0.99800 0.50200
vt 0.50200 0.50200
vt 0.50200 0.99800
vt 0.99800 0.99800
vt 0.99800 0.50200
vt 0.50200 0.50200
vt 0.00200 0.49800
vt 0.49800 0.49800
vt 0.49800 0.00200
vt 0.00200 0.00200
vt 0.00200 0.49800
vt 0.49800 0.49800
vt 0.49800 0.00200
vt 0.00200 0.00200
vt 0.00200 0.49800
vt 0.49800 0.49800
vt 0.49800 0.00200
vt 0.00200 0.00200
vt 0.00200 0.49800
vt 0.49800 0.49800
vt 0.49800 0.00200
vt 0.00200 0.00200
vt 0.00200 0.49800
vt 0.49800 0.49800
vt 0.49800 0.00200
vt 0.00200 0.00200
vt 0.00200 0.49800
vt 0.49800 0.49800
vt 0.49800 0.00200
vt 0.00200 0.00200
vt 0.50200 0.49800
vt 0.99800 0.49800
vt 0.99800 0.00200
vt 0.50200 0.00200
vt 0.50200 0.49800
vt 0.99800 0.49800
vt 0.99800 0.00200
vt 0.50200 0.00200
vt 0.50200 0.49800
vt 0.99800 0.49800
vt 0.99800 0.00200
vt 0.50200 0.00200
vt 0.50200 0.49800
vt 0.99800 0.49800
vt 0.99800 0.00200
vt 0.50200 0.00200
vt 0.50200 0.49800
vt 0.99800 0.49800
vt 0.99800 0.00200
vt 0.50200 0.00200
vt 0.50200 0.49800
vt 0.99800 0.49800
vt 0.99800 0.00200
vt 0.50200 0.00200
vt 0.00200 0.99800
vt 0.49800 0.99800
vt 0.49800 0.50200
vt 0.00200 0.50200
vt 0.00200 0.99800
vt 0.49800 0.99800
vt 0.49800 0.50200
vt 0.00200 0.50200
vt 0.00200 0.99800
vt 0.49800 0.99800
vt 0.49800 0.50200
vt 0.00200 0.50200
vt 0.00200 0.99800
vt 0.49800 0.99800
vt 0.49800 0.50200
vt 0.00200 0.50200
vt 0.00200 0.99800
vt 0.49800 0.99800
vt 0.49800 0.50200
vt 0.00200 0.50200
vt 0.00200 0.99800
vt 0.49800 0.99800
vt 0.49800 0.50200
vt 0.00200 0.50200
vt 0.50200 0.99800
vt 0.99800 0.99800
vt 0.99800 0.50200
vt 0.50200 0.50200
vt 0.50200 0.99800
vt 0.99800 0.99800
vt 0.99800 0.50200
vt 0.50200 0.50200
vt 0.50200 0.99800
vt 0.99800 0.99800
vt 0.99800 0.50200
vt 0.50200 0.50200
vt 0.50200 0.99800
vt 0.99800 0.99800
vt 0.99800 0.50200
vt 0.50200 0.50200
vt 0.50200 0.99800
vt 0.99800 0.99800
vt 0.99800 0.50200
vt 0.50200 0.50200
vt 0.50200 0.99800
vt 0.99800 0.99800
vt 0.99800 0.50200
vt 0.50200 0.50200
vt 0.00200 0.49800
vt 0.49800 0.49800
vt 0.49800 0.00200
vt 0.00200 0.00200
vt 0.00200 0.49800
vt 0.49800 0.49800
vt 0.49800 0.00200
vt 0.00200 0.00200
vt 0.00200 0.49800
vt 0.49800 0.49800
vt 0.49800 0.00200
vt 0.00200 0.00200
vt 0.00200 0.49800
vt 0.49800 0.49800
vt 0.49800 0.00200
vt 0.00200 0.00200
vt 0.00200 0.49800
vt 0.49800 0.49800
vt 0.49800 0.00200
vt 0.00200 0.00200
vt 0.00200 0.49800
vt 0.49800 0.49800
vt 0.49800 0.00200
vt 0.00200 0.00200
vt 0.50200 0.49800
vt 0.99800 0.49800
vt 0.99800 0.00200
vt 0.50200 0.00200
vt 0.50200 0.49800
vt 0.99800 0.49800
vt 0.99800 0.00200
vt 0.50200 0.00200
vt 0.50200 0.49800
vt 0.99800 0.49800
vt 0.99800 0.00200
vt 0.50200 0.00200
vt 0.50200 0.49800
vt 0.99800 0.49800
vt 0.99800 0.00200
vt 0.50200 0.00200
vt 0.50200 0.49800
vt 0.99800 0.49800
vt 0.99800 0.00200
vt 0.50200 0.00200
vt 0.50200 0.49800
vt 0.99800 0.49800
vt 0.99800 0.00200
vt 0.50200 0.00200
vt 0.00200 0.99800
vt 0.49800 0.99800
vt 0.49800 0.50200
vt 0.00200 0.50200
vt 0.00200 0.99800
vt 0.49800 0.99800
vt 0.49800 0.50200
vt 0.00200 0.50200
vt 0.00200 0.99800
vt 0.49800 0.99800
vt 0.49800 0.50200
vt 0.00200 0.50200
vt 0.00200 0.99800
vt 0.49800 0.99800
vt 0.49800 0.50200
vt 0.00200 0.50200
vt 0.00200 0.99800
vt 0.49800 0.99800
vt 0.49800 0.50200
vt 0.00200 0.50200
vt 0.00200 0.99800
vt 0.49800 0.99800
vt 0.49800 0.50200
vt 0.00200 0.50200
vt 0.50200 0.99800
vt 0.99800 0.99800
vt 0.99800 0.50200
vt 0.50200 0.50200
vt 0.50200 0.99800
vt 0.99800 0.99800
vt 0.99800 0.50200
vt 0.50200 0.50200
vt 0.50200 0.99800
vt 0.99800 0.99800
vt 0.99800 0.50200
vt 0.50200 0.50200
vt 0.50200 0.99800
vt 0.99800 0.99800
vt 0.99800 0.50200
vt 0.50200 0.50200
vt 0.50200 0.99800
vt 0.99800 0.99800
vt 0.99800 0.50200
vt 0.50200 0.50200
vt 0.50200 0.99800
vt 0.99800 0.99800
vt 0.99800 0.50200
vt 0.50200 0.50200
vt 0.00200 0.49800
vt 0.49800 0.49800
vt 0.49800 0.00200
vt 0.00200 0.00200
vt 0.00200 0.49800
vt 0.49800 0.49800
vt 0.49800 0.00200
vt 0.00200 0.00200
vt 0.00200 0.49800
vt 0.49800 0.49800
vt 0.49800 0.00200
vt 0.00200 0.00200
vt 0.00200 0.49800
vt 0.49800 0.49800
vt 0.49800 0.00200
vt 0.00200 0.00200
vt 0.00200 0.49800
vt 0.49800 0.49800
vt 0.49800 0.00200
vt 0.00200 0.00200
vt 0.00200 0.49800
vt 0.49800 0.49800
vt 0.49800 0.00200
vt 0.00200 0.00200
vt 0.50200 0.49800
vt 0.99800 0.49800
vt 0.99800 0.00200
vt 0.50200 0.00200
vt 0.50200 0.49800
vt 0.99800 0.49800
vt 0.99800 0.00200
vt 0.50200 0.00200
vt 0.50200 0.49800
vt 0.99800 0.49800
vt 0.99800 0.00200
vt 0.50200 0.00200
vt 0.50200 0.49800
vt 0.99800 0.49800
vt 0.99800 0.00200
vt 0.50200 0.00200
vt 0.50200 0.49800
vt 0.99800 0.49800
vt 0.99800 0.00200
vt 0.50200 0.00200
vt 0.50200 0.49800
vt 0.99800 0.49800
vt 0.99800 0.00200
vt 0.50200 0.00200
vt 0.00200 0.99800
vt 0.49800 0.99800
vt 0.49800 0.50200
vt 0.00200 0.50200
vt 0.00200 0.99800
vt 0.49800 0.99800
vt 0.49800 0.50200
vt 0.00200 0.50200
vt 0.00200 0.99800
vt 0.49800 0.99800
vt 0.49800 0.50200
vt 0.00200 0.50200
vt 0.00200 0.99800
vt 0.49800 0.99800
vt 0.49800 0.50200
vt 0.00200 0.50200
vt 0.00200 0.99800
vt 0.49800 0.99800
vt 0.49800 0.50200
vt 0.00200 0.50200
vt 0.00200 0.99800
vt 0.49800 0.99800
vt 0.49800 0.50200
vt 0.00200 0.50200
vt 0.50200 0.99800
vt 0.99800 0.99800
vt 0.99800 0.50200
vt 0.50200 0.50200
vt 0.50200 0.99800
vt 0.99800 0.99800
vt 0.99800 0.50200
vt 0.50200 0.50200
vt 0.50200 0.99800
vt 0.99800 0.99800
vt 0.99800 0.50200
vt 0.50200 0.50200
vt 0.50200 0.99800
vt 0.99800 0.99800
vt 0.99800 0.50200
vt 0.50200 0.50200
vt 0.50200 0.99800
vt 0.99800 0.99800
vt 0.99800 0.50200
vt 0.50200 0.50200
vt 0.50200 0.99800
vt 0.99800 0.99800
vt 0.99800 0.50200
vt 0.50200 0.50200
vt 0.00200 0.49800
vt 0.49800 0.49800
vt 0.49800 0.00200
vt 0.00200 0.00200
vt 0.00200 0.49800
vt 0.49800 0.49800
vt 0.49800 0.00200
vt 0.00200 0.00200
vt 0.00200 0.49800
vt 0.49800 0.49800
vt 0.49800 0.00200
vt 0.00200 0.00200
vt 0.00200 0.49800
vt 0.49800 0.49800
vt 0.49800 0.00200
vt 0.00200 0.00200
vt 0.00200 0.49800
vt 0.49800 0.49800
vt 0.49800 0.00200
vt 0.00200 0.00200
vt 0.00200 0.49800
vt 0.49800 0.49800
vt 0.49800 0.00200
vt 0.00200 0.00200
vt 0.50200 0.49800
vt 0.99800 0.49800
vt 0.99800 0.00200
vt 0.50200 0.00200
vt 0.50200 0.49800
vt 0.99800 0.49800
vt 0.99800 0.00200
vt 0.50200 0.00200
vt 0.50200 0.49800
vt 0.99800 0.49800
vt 0.99800 0.00200
vt 0.50200 0.00200
vt 0.50200 0.49800
vt 0.99800 0.49800
vt 0.99800 0.00200
vt 0.50200 0.00200
vt 0.50200 0.49800
vt 0.99800 0.49800
vt 0.99800 0.00200
vt 0.50200 0.00200
vt 0.50200 0.49800
vt 0.99800 0.49800
vt 0.99800 0.00200
vt 0.50200 0.00200
vt 0.00200 0.99800
vt 0.49800 0.99800
vt 0.49800 0.50200
vt 0.00200 0.50200
vt 0.00200 0.99800
vt 0.49800 0.99800
vt 0.49800 0.50200
vt 0.00200 0.50200
vt 0.00200 0.99800
vt 0.49800 0.99800
vt 0.49800 0.50200
vt 0.00200 0.50200
vt 0.00200 0.99800
vt 0.49800 0.99800
vt 0.49800 0.50200
vt 0.00200 0.50200
vt 0.00200 0.99800
vt 0.49800 0.99800
vt 0.49800 0.50200
vt 0.00200 0.50200
vt 0.00200 0.99800
vt 0.49800 0.99800
vt 0.49800 0.50200
vt 0.00200 0.50200
vt 0.50200 0.99800
vt 0.99800 0.99800
vt 0.99800 0.50200
vt 0.50200 0.50200
vt 0.50200 0.99800
vt 0.99800 0.99800
vt 0.99800 0.50200
vt 0.50200 0.50200
vt 0.50200 0.99800
vt 0.99800 0.99800
vt 0.99800 0.50200
vt 0.50200 0.50200
vt 0.50200 0.99800
vt 0.99800 0.99800
vt 0.99800 0.50200
vt 0.50200 0.50200
vt 0.50200 0.99800
vt 0.99800 0.99800
vt 0.99800 0.50200
vt 0.50200 0.50200
vt 0.50200 0.99800
vt 0.99800 0.99800
vt 0.99800 0.50200
vt 0.50200 0.50200
vt 0.00200 0.49800
vt 0.49800 0.49800
vt 0.49800 0.00200
vt 0.00200 0.00200
vt 0.00200 0.49800
vt 0.49800 0.49800
vt 0.49800 0.00200
vt 0.00200 0.00200
vt 0.00200 0.49800
vt 0.49800 0.49800
vt 0.49800 0.00200
vt 0.00200 0.00200
vt 0.00200 0.49800
vt 0.49800 0.49800
vt 0.49800 0.00200
vt 0.00200 0.00200
vt 0.00200 0.49800
vt 0.49800 0.49800
vt 0.49800 0.00200
vt 0.00200 0.00200
vt 0.00200 0.49800
vt 0.49800 0.49800
vt 0.49800 0.00200
vt 0.00200 0.00200
vt 0.50200 0.49800
vt 0.99800 0.49800
vt 0.99800 0.00200
vt 0.50200 0.00200
vt 0.50200 0.49800
vt 0.99800 0.49800
vt 0.99800 0.00200
vt 0.50200 0.00200
vt 0.50200 0.49800
vt 0.99800 0.49800
vt 0.99800 0.00200
vt 0.50200 0.00200
vt 0.50200 0.49800
vt 0.99800 0.49800
vt 0.99800 0.00200
vt 0.50200 0.00200
vt 0.50200 0.49800
vt 0.99800 0.49800
vt 0.99800 0.00200
vt 0.50200 0.00200
vt 0.50200 0.49800
vt 0.99800 0.49800
vt 0.99800 0.00200
vt 0.50200 0.00200
vt 0.00200 0.99800
vt 0.49800 0.99800
vt 0.49800 0.50200
vt 0.00200 0.50200
vt 0.00200 0.99800
vt 0.49800 0.99800
vt 0.49800 0.50200
vt 0.00200 0.50200
vt 0.00200 0.99800
vt 0.49800 0.99800
vt 0.49800 0.50200
vt 0.00200 0.50200
vt 0.00200 0.99800
vt 0.49800 0.99800
vt 0.49800 0.50200
vt 0.00200 0.50200
vt 0.00200 0.99800
vt 0.49800 0.99800
vt 0.49800 0.50200
vt 0.00200 0.50200
vt 0.00200 0.99800
vt 0.49800 0.99800
vt 0.49800 0.50200
vt 0.00200 0.50200
vt 0.50200 0.99800
vt 0.99800 0.99800
vt 0.99800 0.50200
vt 0.50200 0.50200
vt 0.50200 0.99800
vt 0.99800 0.99800
vt 0.99800 0.50200
vt 0.50200 0.50200
vt 0.50200 0.99800
vt 0.99800 0.99800
vt 0.99800 0.50200
vt 0.50200 0.50200
vt 0.50200 0.99800
vt 0.99800 0.99800
vt 0.99800 0.50200
vt 0.50200 0.50200
vt 0.50200 0.99800
vt 0.99800 0.99800
vt 0.99800 0.50200
vt 0.50200 0.50200
vt 0.50200 0.99800
vt 0.99800 0.99800
vt 0.99800 0.50200
vt 0.50200 0.50200
vt 0.00200 0.49800
vt 0.49800 0.49800
vt 0.49800 0.00200
vt 0.00200 0.00200
vt 0.00200 0.49800
vt 0.49800 0.49800
vt 0.49800 0.00200
vt 0.00200 0.00200
vt 0.00200 0.49800
vt 0.49800 0.49800
vt 0.49800 0.00200
vt 0.00200 0.00200
vt 0.00200 0.49800
vt 0.49800 0.49800
vt 0.49800 0.00200
vt 0.00200 0.00200
vt 0.00200 0.49800
vt 0.49800 0.49800
vt 0.49800 0.00200
vt 0.00200 0.00200
vt 0.00200 0.49800
vt 0.49800 0.49800
vt 0.49800 0.00200
vt 0.00200 0.00200
vt 0.50200 0.49800
vt 0.99800 0.49800
vt 0.99800 0.00200
vt 0.50200 0.00200
vt 0.50200 0.49800
vt 0.99800 0.49800
vt 0.99800 0.00200
vt 0.50200 0.00200
vt 0.50200 0.49800
vt 0.99800 0.49800
vt 0.99800 0.00200
vt 0.50200 0.00200
vt 0.50200 0.49800
vt 0.99800 0.49800
vt 0.99800 0.00200
vt 0.50200 0.00200
vt 0.50200 0.49800
vt 0.99800 0.49800
vt 0.99800 0.00200
vt 0.50200 0.00200
vt 0.50200 0.49800
vt 0.99800 0.49800
vt 0.99800 0.00200
vt 0.50200 0.00200
vt 0.00200 0.99800
vt 0.49800 0.99800
vt 0.49800 0.50200
vt 0.00200 0.50200
vt 0.00200 0.99800
vt 0.49800 0.99800
vt 0.49800 0.50200
vt 0.00200 0.50200
vt 0.00200 0.99800
vt 0.49800 0.99800
vt 0.49800 0.50200
vt 0.00200 0.50200
vt 0.00200 0.99800
vt 0.49800 0.99800
vt 0.49800 0.50200
vt 0.00200 0.50200
vt 0.00200 0.99800
vt 0.49800 0.99800
vt 0.49800 0.50200
vt 0.00200 0.50200
vt 0.00200 0.99800
vt 0.49800 0.99800
vt 0.49800 0.50200
vt 0.00200 0.50200
vt 0.50200 0.99800
vt 0.99800 0.99800
vt 0.99800 0.50200
vt 0.50200 0.50200
vt 0.50200 0.99800
vt 0.99800 0.99800
vt 0.99800 0.50200
vt 0.50200 0.50200
vt 0.50200 0.99800
vt 0.99800 0.99800
vt 0.99800 0.50200
vt 0.50200 0.50200
vt 0.50200 0.99800
vt 0.99800 0.99800
vt 0.99800 0.50200
vt 0.50200 0.50200
vt 0.50200 0.99800
vt 0.99800 0.99800
vt 0.99800 0.50200
vt 0.50200 0.50200
vt 0.50200 0.99800
vt 0.99800 0.99800
vt 0.99800 0.50200
vt 0.50200 0.50200
vt 0.00200 0.49800
vt 0.49800 0.49800
vt 0.49800 0.00200
vt 0.00200 0.00200
vt 0.00200 0.49800
vt 0.49800 0.49800
vt 0.49800 0.00200
vt 0.00200 0.00200
vt 0.00200 0.49800
vt 0.49800 0.49800
vt 0.49800 0.00200
vt 0.00200 0.00200
vt 0.00200 0.49800
vt 0.49800 0.49800
vt 0.49800 0.00200
vt 0.00200 0.00200
vt 0.00200 0.49800
vt 0.49800 0.49800
vt 0.49800 0.00200
vt 0.00200 0.00200
vt 0.00200 0.49800
vt 0.49800 0.49800
vt 0.49800 0.00200
vt 0.00200 0.00200
vt 0.50200 0.49800
vt 0.99800 0.49800
vt 0.99800 0.00200
vt 0.50200 0.00200
vt 0.50200 0.49800
vt 0.99800 0.49800
vt 0.99800 0.00200
vt 0.50200 0.00200
vt 0.50200 0.49800
vt 0.99800 0.49800
vt 0.99800 0.00200
vt 0.50200 0.00200
vt 0.50200 0.49800
vt 0.99800 0.49800
vt 0.99800 0.00200
vt 0.50200 0.00200
vt 0.50200 0.49800
vt 0.99800 0.49800
vt 0.99800 0.00200
vt 0.50200 0.00200
vt 0.50200 0.49800
vt 0.99800 0.49800
vt 0.99800 0.00200
vt 0.50200 0.00200
vt 0.00200 0.99800
vt 0.49800 0.99800
vt 0.49800 0.50200
vt 0.00200 0.50200
vt 0.00200 0.99800
vt 0.49800 0.99800
vt 0.49800 0.50200
vt 0.00200 0.50200
vt 0.00200 0.99800
vt 0.49800 0.99800
vt 0.49800 0.50200
vt 0.00200 0.50200
vt 0.00200 0.99800
vt 0.49800 0.99800
vt 0.49800 0.50200
vt 0.00200 0.50200
vt 0.00200 0.99800
vt 0.49800 0.99800
vt 0.49800 0.50200
vt 0.00200 0.50200
vt 0.00200 0.99800
vt 0.49800 0.99800
vt 0.49800 0.50200
vt 0.00200 0.50200
vt 0.50200 0.99800
vt 0.99800 0.99800
vt 0.99800 0.50200
vt 0.50200 0.50200
vt 0.50200 0.99800
vt 0.99800 0.99800
vt 0.99800 0.50200
vt 0.50200 0.50200
vt 0.50200 0.99800
vt 0.99800 0.99800
vt 0.99800 0.50200
vt 0.50200 0.50200
vt 0.50200 0.99800
vt 0.99800 0.99800
vt 0.99800 0.50200
vt 0.50200 0.50200
vt 0.50200 0.99800
vt 0.99800 0.99800
vt 0.99800 0.50200
vt 0.50200 0.50200
vt 0.50200 0.99800
vt 0.99800 0.99800
vt 0.99800 0.50200
vt 0.50200 0.50200
vt 0.00200 0.49800
vt 0.49800 0.49800
vt 0.49800 0.00200
vt 0.00200 0.00200
vt 0.00200 0.49800
vt 0.49800 0.49800
vt 0.49800 0.00200
vt 0.00200 0.00200
vt 0.00200 0.49800
vt 0.49800 0.49800
vt 0.49800 0.00200
vt 0.00200 0.00200
vt 0.00200 0.49800
vt 0.49800 0.49800
vt 0.49800 0.00200
vt 0.00200 0.00200
vt 0.00200 0.49800
vt 0.49800 0.49800
vt 0.49800 0.00200
vt 0.00200 0.00200
vt 0.00200 0.49800
vt 0.49800 0.49800
vt 0.49800 0.00200
vt 0.00200 0.00200
vt 0.50200 0.49800
vt 0.99800 0.49800
vt 0.99800 0.00200
vt 0.50200 0.00200
vt 0.50200 0.49800
vt 0.99800 0.49800
vt 0.99800 0.00200
vt 0.50200 0.00200
vt 0.50200 0.49800
vt 0.99800 0.49800
vt 0.99800 0.00200
vt 0.50200 0.00200
vt 0.50200 0.49800
vt 0.99800 0.49800
vt 0.99800 0.00200
vt 0.50200 0.00200
vt 0.50200 0.49800
vt 0.99800 0.49800
vt 0.99800 0.00200
vt 0.50200 0.00200
vt 0.50200 0.49800
vt 0.99800 0.49800
vt 0.99800 0.00200
vt 0.50200 0.00200
vt 0.00200 0.99800
vt 0.49800 0.99800
vt 0.49800 0.50200
vt 0.00200 0.50200
vt 0.00200 0.99800
vt 0.49800 0.99800
vt 0.49800 0.50200
vt 0.00200 0.50200
vt 0.00200 0.99800
vt 0.49800 0.99800
vt 0.49800 0.50200
vt 0.00200 0.50200
vt 0.00200 0.99800
vt 0.49800 0.99800
vt 0.49800 0.50200
vt 0.00200 0.50200
vt 0.00200 0.99800
vt 0.49800 0.99800
vt 0.49800 0.50200
vt 0.00200 0.50200
vt 0.00200 0.99800
vt 0.49800 0.99800
vt 0.49800 0.50200
vt 0.00200 0.50200
vt 0.50200 0.99800
vt 0.99800 0.99800
vt 0.99800 0.50200
vt 0.50200 0.50200
vt 0.50200 0.99800
vt 0.99800 0.99800
vt 0.99800 0.50200
vt 0.50200 0.50200
vt 0.50200 0.99800
vt 0.99800 0.99800
vt 0.99800 0.50200
vt 0.50200 0.50200
vt 0.50200 0.99800
vt 0.99800 0.99800
vt 0.99800 0.50200
vt 0.50200 0.50200
vt 0.50200 0.99800
vt 0.99800 0.99800
vt 0.99800 0.50200
vt 0.50200 0.50200
vt 0.50200 0.99800
vt 0.99800 0.99800
vt 0.99800 0.50200
vt 0.50200 0.50200
vt 0.00200 0.49800
vt 0.49800 0.49800
vt 0.49800 0.00200
vt 0.00200 0.00200
vt 0.00200 0.49800
vt 0.49800 0.49800
vt 0.49800 0.00200
vt 0.00200 0.00200
vt 0.00200 0.49800
vt 0.49800 0.49800
vt 0.49800 0.00200
vt 0.00200 0.00200
vt 0.00200 0.49800
vt 0.49800 0.49800
vt 0.49800 0.00200
vt 0.00200 0.00200
vt 0.00200 0.49800
vt 0.49800 0.49800
vt 0.49800 0.00200
vt 0.00200 0.00200
vt 0.00200 0.49800
vt 0.49800 0.49800
vt 0.49800 0.00200
vt 0.00200 0.00200
vt 0.50200 0.49800
vt 0.99800 0.49800
vt 0.99800 0.00200
vt 0.50200 0.00200
vt 0.50200 0.49800
vt 0.99800 0.49800
vt 0.99800 0.00200
vt 0.50200 0.00200
vt 0.50200 0.49800
vt 0.99800 0.49800
vt 0.99800 0.00200
vt 0.50200 0.00200
vt 0.50200 0.49800
vt 0.99800 0.49800
vt 0.99800 0.00200
vt 0.50200 0.00200
vt 0.50200 0.49800
vt 0.99800 0.49800
vt 0.99800 0.00200
vt 0.50200 0.00200
vt 0.50200 0.49800
vt 0.99800 0.49800
vt 0.99800 0.00200
vt 0.50200 0.00200
vt 0.00200 0.99800
vt 0.49800 0.99800
vt 0.49800 0.50200
vt 0.00200 0.50200
vt 0.00200 0.99800
vt 0.49800 0.99800
vt 0.49800 0.50200
vt 0.00200 0.50200
vt 0.00200 0.99800
vt 0.49800 0.99800
vt 0.49800 0.50200
vt 0.00200 0.50200
vt 0.00200 0.99800
vt 0.49800 0.99800
vt 0.49800 0.50200
vt 0.00200 0.50200
vt 0.00200 0.99800
vt 0.49800 0.99800
vt 0.49800 0.50200
vt 0.00200 0.50200
vt 0.00200 0.99800
vt 0.49800 0.99800
vt 0.49800 0.50200
vt 0.00200 0.50200
vt 0.50200 0.99800
vt 0.99800 0.99800
vt 0.99800 0.50200
vt 0.50200 0.50200
vt 0.50200 0.99800
vt 0.99800 0.99800
vt 0.99800 0.50200
vt 0.50200 0.50200
vt 0.50200 0.99800
vt 0.99800 0.99800
vt 0.99800 0.50200
vt 0.50200 0.50200
vt 0.50200 0.99800
vt 0.99800 0.99800
vt 0.99800 0.50200
vt 0.50200 0.50200
vt 0.50200 0.99800
vt 0.99800 0.99800
vt 0.99800 0.50200
vt 0.50200 0.50200
vt 0.50200 0.99800
vt 0.99800 0.99800
vt 0.99800 0.50200
vt 0.50200 0.50200
vt 0.00200 0.49800
vt 0.49800 0.49800
vt 0.49800 0.00200
vt 0.00200 0.00200
vt 0.00200 0.49800
vt 0.49800 0.49800
vt 0.49800 0.00200
vt 0.00200 0.00200
vt 0.00200 0.49800
vt 0.49800 0.49800
vt 0.49800 0.00200
vt 0.00200 0.00200
vt 0.00200 0.49800
vt 0.49800 0.49800
vt 0.49800 0.00200
vt 0.00200 0.00200
vt 0.00200 0.49800
vt 0.49800 0.49800
vt 0.49800 0.00200
vt 0.00200 0.00200
vt 0.00200 0.49800
vt 0.49800 0.49800
vt 0.49800 0.00200
vt 0.00200 0.00200
vt 0.50200 0.49800
vt 0.99800 0.49800
vt 0.99800 0.00200
vt 0.50200 0.00200
vt 0.50200 0.49800
vt 0.99800 0.49800
vt 0.99800 0.00200
vt 0.50200 0.00200
vt 0.50200 0.49800
vt 0.99800 0.49800
vt 0.99800 0.00200
vt 0.50200 0.00200
vt 0.50200 0.49800
vt 0.99800 0.49800
vt 0.99800 0.00200
vt 0.50200 0.00200
vt 0.50200 0.49800
vt 0.99800 0.49800
vt 0.99800 0.00200
vt 0.50200 0.00200
vt 0.50200 0.49800
vt 0.99800 0.49800
vt 0.99800 0.00200
vt 0.50200 0.00200
vt 0.00200 0.99800
vt 0.49800 0.99800
vt 0.49800 0.50200
vt 0.00200 0.50200
vt 0.00200 0.99800
vt 0.49800 0.99800
vt 0.49800 0.50200
vt 0.00200 0.50200
vt 0.00200 0.99800
vt 0.49800 0.99800
vt 0.49800 0.50200
vt 0.00200 0.50200
vt 0.00200 0.99800
vt 0.49800 0.99800
vt 0.49800 0.50200
vt 0.00200 0.50200
vt 0.00200 0.99800
vt 0.49800 0.99800
vt 0.49800 0.50200
vt 0.00200 0.50200
vt 0.00200 0.99800
vt 0.49800 0.99800
vt 0.49800 0.50200
vt 0.00200 0.50200
vt 0.50200 0.99800
vt 0.99800 0.99800
vt 0.99800 0.50200
vt 0.50200 0.50200
vt 0.50200 0.99800
vt 0.99800 0.99800
vt 0.99800 0.50200
vt 0.50200 0.50200
vt 0.50200 0.99800
vt 0.99800 0.99800
vt 0.99800 0.50200
vt 0.50200 0.50200
vt 0.50200 0.99800
vt 0.99800 0.99800
vt 0.99800 0.50200
vt 0.50200 0.50200
vt 0.50200 0.99800
vt 0.99800 0.99800
vt 0.99800 0.50200
vt 0.50200 0.50200
vt 0.50200 0.99800
vt 0.99800 0.99800
vt 0.99800 0.50200
vt 0.50200 0.50200
vt 0.00200 0.49800
vt 0.49800 0.49800
vt 0.49800 0.00200
vt 0.00200 0.00200
vt 0.00200 0.49800
vt 0.49800 0.49800
vt 0.49800 0.00200
vt 0.00200 0.00200
vt 0.00200 0.49800
vt 0.49800 0.49800
vt 0.49800 0.00200
vt 0.00200 0.00200
vt 0.00200 0.49800
vt 0.49800 0.49800
vt 0.49800 0.00200
vt 0.00200 0.00200
vt 0.00200 0.49800
vt 0.49800 0.49800
vt 0.49800 0.00200
vt 0.00200 0.00200
vt 0.00200 0.49800
vt 0.49800 0.49800
vt 0.49800 0.00200
vt 0.00200 0.00200
vt 0.50200 0.49800
vt 0.99800 0.49800
vt 0.99800 0.00200
vt 0.50200 0.00200
vt 0.50200 0.49800
vt 0.99800 0.49800
vt 0.99800 0.00200
vt 0.50200 0.00200
vt 0.50200 0.49800
vt 0.99800 0.49800
vt 0.99800 0.00200
vt 0.50200 0.00200
vt 0.50200 0.49800
vt 0.99800 0.49800
vt 0.99800 0.00200
vt 0.50200 0.00200
vt 0.50200 0.49800
vt 0.99800 0.49800
vt 0.99800 0.00200
vt 0.50200 0.00200
vt 0.50200 0.49800
vt 0.99800 0.49800
vt 0.99800 0.00200
vt 0.50200 0.00200
vt 0.00200 0.99800
vt 0.49800 0.99800
vt 0.49800 0.50200
vt 0.00200 0.50200
vt 0.00200 0.99800
vt 0.49800 0.99800
vt 0.49800 0.50200
vt 0.00200 0.50200
vt 0.00200 0.99800
vt 0.49800 0.99800
vt 0.49800 0.50200
vt 0.00200 0.50200
vt 0.00200 0.99800
vt 0.49800 0.99800
vt 0.49800 0.50200
vt 0.00200 0.50200
vt 0.00200 0.99800
vt 0.49800 0.99800
vt 0.49800 0.50200
vt 0.00200 0.50200
vt 0.00200 0.99800
vt 0.49800 0.99800
vt 0.49800 0.50200
vt 0.00200 0.50200
vt 0.50200 0.99800
vt 0.99800 0.99800
vt 0.99800 0.50200
vt 0.50200 0.50200
vt 0.50200 0.99800
vt 0.99800 0.99800
vt 0.99800 0.50200
vt 0.50200 0.50200
vt 0.50200 0.99800
vt 0.99800 0.99800
vt 0.99800 0.50200
vt 0.50200 0.50200
vt 0.50200 0.99800
vt 0.99800 0.99800
vt 0.99800 0.50200
vt 0.50200 0.50200
vt 0.50200 0.99800
vt 0.99800 0.99800
vt 0.99800 0.50200
vt 0.50200 0.50200
vt 0.50200 0.99800
vt 0.99800 0.99800
vt 0.99800 0.50200
vt 0.50200 0.50200
vt 0.00200 0.49800
vt 0.49800 0.49800
vt 0.49800 0.00200
vt 0.00200 0.00200
vt 0.00200 0.49800
vt 0.49800 0.49800
vt 0.49800 0.00200
vt 0.00200 0.00200
vt 0.00200 0.49800
vt 0.49800 0.49800
vt 0.49800 0.00200
vt 0.00200 0.00200
vt 0.00200 0.49800
vt 0.49800 0.49800
vt 0.49800 0.00200
vt 0.00200 0.00200
vt 0.00200 0.49800
vt 0.49800 0.49800
vt 0.49800 0.00200
vt 0.00200 0.00200
vt 0.00200 0.49800
vt 0.49800 0.49800
vt 0.49800 0.00200
vt 0.00200 0.00200
vt 0.50200 0.49800
vt 0.99800 0.49800
vt 0.99800 0.00200
vt 0.50200 0.00200
vt 0.50200 0.49800
vt 0.99800 0.49800
vt 0.99800 0.00200
vt 0.50200 0.00200
vt 0.50200 0.49800
vt 0.99800 0.49800
vt 0.99800 0.00200
vt 0.50200 0.00200
vt 0.50200 0.49800
vt 0.99800 0.49800
vt 0.99800 0.00200
vt 0.50200 0.00200
vt 0.50200 0.49800
vt 0.99800 0.49800
vt 0.99800 0.00200
vt 0.50200 0.00200
vt 0.50200 0.49800
vt 0.99800 0.49800
vt 0.99800 0.00200
vt 0.50200 0.00200
vt 0.00200 0.99800
vt 0.49800 0.99800
vt 0.49800 0.50200
vt 0.00200 0.50200
vt 0.00200 0.99800
vt 0.49800 0.99800
vt 0.49800 0.50200
vt 0.00200 0.50200
vt 0.00200 0.99800
vt 0.49800 0.99800
vt 0.49800 0.50200
vt 0.00200 0.50200
vt 0.00200 0.99800
vt 0.49800 0.99800
vt 0.49800 0.50200
vt 0.00200 0.50200
vt 0.00200 0.99800
vt 0.49800 0.99800
vt 0.49800 0.50200
vt 0.00200 0.50200
vt 0.00200 0.99800
vt 0.49800 0.99800
vt 0.49800 0.50200
vt 0.00200 0.50200
vt 0.50200 0.99800
vt 0.99800 0.99800
vt 0.99800 0.50200
vt 0.50200 0.50200
vt 0.50200 0.99800
vt 0.99800 0.99800
vt 0.99800 0.50200
vt 0.50200 0.50200
vt 0.50200 0.99800
vt 0.99800 0.99800
vt 0.99800 0.50200
vt 0.50200 0.50200
vt 0.50200 0.99800
vt 0.99800 0.99800
vt 0.99800 0.50200
vt 0.50200 0.50200
vt 0.50200 0.99800
vt 0.99800 0.99800
vt 0.99800 0.50200
vt 0.50200 0.50200
vt 0.50200 0.99800
vt 0.99800 0.99800
vt 0.99800 0.50200
vt 0.50200 0.50200
vt 0.00200 0.49800
vt 0.49800 0.49800
vt 0.49800 0.00200
vt 0.00200 0.00200
vt 0.00200 0.49800
vt 0.49800 0.49800
vt 0.49800 0.00200
vt 0.00200 0.00200
vt 0.00200 0.49800
vt 0.49800 0.49800
vt 0.49800 0.00200
vt 0.00200 0.00200
vt 0.00200 0.49800
vt 0.49800 0.49800
vt 0.49800 0.00200
vt 0.00200 0.00200
vt 0.00200 0.49800
vt 0.49800 0.49800
vt 0.49800 0.00200
vt 0.00200 0.00200
vt 0.00200 0.49800
vt 0.49800 0.49800
vt 0.49800 0.00200
vt 0.00200 0.00200
vt 0.50200 0.49800
vt 0.99800 0.49800
vt 0.99800 0.00200
vt 0.50200 0.00200
vt 0.50200 0.49800
vt 0.99800 0.49800
vt 0.99800 0.00200
vt 0.50200 0.00200
vt 0.50200 0.49800
vt 0.99800 0.49800
vt 0.99800 0.00200
vt 0.50200 0.00200
vt 0.50200 0.49800
vt 0.99800 0.49800
vt 0.99800 0.00200
vt 0.50200 0.00200
vt 0.50200 0.49800
vt 0.99800 0.49800
vt 0.99800 0.00200
vt 0.50200 0.00200
vt 0.50200 0.49800
vt 0.99800 0.49800
vt 0.99800 0.00200
vt 0.50200 0.00200
vt 0.00200 0.99800
vt 0.49800 0.99800
vt 0.49800 0.50200
vt 0.00200 0.50200
vt 0.00200 0.99800
vt 0.49800 0.99800
vt 0.49800 0.50200
vt 0.00200 0.50200
vt 0.00200 0.99800
vt 0.49800 0.99800
vt 0.49800 0.50200
vt 0.00200 0.50200
vt 0.00200 0.99800
vt 0.49800 0.99800
vt 0.49800 0.50200
vt 0.00200 0.50200
vt 0.00200 0.99800
vt 0.49800 0.99800
vt 0.49800 0.50200
vt 0.00200 0.50200
vt 0.00200 0.99800
vt 0.49800 0.99800
vt 0.49800 0.50200
vt 0.00200 0.50200
vt 0.50200 0.99800
vt 0.99800 0.99800
vt 0.99800 0.50200
vt 0.50200 0.50200
vt 0.50200 0.99800
vt 0.99800 0.99800
vt 0.99800 0.50200
vt 0.50200 0.50200
vt 0.50200 0.99800
vt 0.99800 0.99800
vt 0.99800 0.50200
vt 0.50200 0.50200
vt 0.50200 0.99800
vt 0.99800 0.99800
vt 0.99800 0.50200
vt 0.50200 0.50200
vt 0.50200 0.99800
vt 0.99800 0.99800
vt 0.99800 0.50200
vt 0.50200 0.50200
vt 0.50200 0.99800
vt 0.99800 0.99800
vt 0.99800 0.50200
vt 0.50200 0.50200
vt 0.00200 0.49800
vt 0.49800 0.49800
vt 0.49800 0.00200
vt 0.00200 0.00200
vt 0.00200 0.49800
vt 0.49800 0.49800
vt 0.49800 0.00200
vt 0.00200 0.00200
vt 0.00200 0.49800
vt 0.49800 0.49800
vt 0.49800 0.00200
vt 0.00200 0.00200
vt 0.00200 0.49800
vt 0.49800 0.49800
vt 0.49800 0.00200
vt 0.00200 0.00200
vt 0.00200 0.49800
vt 0.49800 0.49800
vt 0.49800 0.00200
vt 0.00200 0.00200
vt 0.00200 0.49800
vt 0.49800 0.49800
vt 0.49800 0.00200
vt 0.00200 0.00200
vt 0.50200 0.49800
vt 0.99800 0.49800
vt 0.99800 0.00200
vt 0.50200 0.00200
vt 0.50200 0.49800
vt 0.99800 0.49800
vt 0.99800 0.00200
vt 0.50200 0.00200
vt 0.50200 0.49800
vt 0.99800 0.49800
vt 0.99800 0.00200
vt 0.50200 0.00200
vt 0.50200 0.49800
vt 0.99800 0.49800
vt 0.99800 0.00200
vt 0.50200 0.00200
vt 0.50200 0.49800
vt 0.99800 0.49800
vt 0.99800 0.00200
vt 0.50200 0.00200
vt 0.50200 0.49800
vt 0.99800 0.49800
vt 0.99800 0.00200
vt 0.50200 0.00200
vt 0.00200 0.99800
vt 0.49800 0.99800
vt 0.49800 0.50200
vt 0.00200 0.50200
vt 0.00200 0.99800
vt 0.49800 0.99800
vt 0.49800 0.50200
vt 0.00200 0.50200
vt 0.00200 0.99800
vt 0.49800 0.99800
vt 0.49800 0.50200
vt 0.00200 0.50200
vt 0.00200 0.99800
vt 0.49800 0.99800
vt 0.49800 0.50200
vt 0.00200 0.50200
vt 0.00200 0.99800
vt 0.49800 0.99800
vt 0.49800 0.50200
vt 0.00200 0.50200
vt 0.00200 0.99800
vt 0.49800 0.99800
vt 0.49800 0.50200
vt 0.00200 0.50200
vt 0.50200 0.99800
vt 0.99800 0.99800
vt 0.99800 0.50200
vt 0.50200 0.50200
vt 0.50200 0.99800
vt 0.99800 0.99800
vt 0.99800 0.50200
vt 0.50200 0.50200
vt 0.50200 0.99800
vt 0.99800 0.99800
vt 0.99800 0.50200
vt 0.50200 0.50200
vt 0.50200 0.99800
vt 0.99800 0.99800
vt 0.99800 0.50200
vt 0.50200 0.50200
vt 0.50200 0.99800
vt 0.99800 0.99800
vt 0.99800 0.50200
vt 0.50200 0.50200
vt 0.50200 0.99800
vt 0.99800 0.99800
vt 0.99800 0.50200
vt 0.50200 0.50200
vt 0.00200 0.49800
vt 0.49800 0.49800
vt 0.49800 0.00200
vt 0.00200 0.00200
vt 0.00200 0.49800
vt 0.49800 0.49800
vt 0.49800 0.00200
vt 0.00200 0.00200
vt 0.00200 0.49800
vt 0.49800 0.49800
vt 0.49800 0.00200
vt 0.00200 0.00200
vt 0.00200 0.49800
vt 0.49800 0.49800
vt 0.49800 0.00200
vt 0.00200 0.00200
vt 0.00200 0.49800
vt 0.49800 0.49800
vt 0.49800 0.00200
vt 0.00200 0.00200
vt 0.00200 0.49800
vt 0.49800 0.49800
vt 0.49800 0.00200
vt 0.00200 0.00200
vt 0.50200 0.49800
vt 0.99800 0.49800
vt 0.99800 0.00200
vt 0.50200 0.00200
vt 0.50200 0.49800
vt 0.99800 0.49800
vt 0.99800 0.00200
vt 0.50200 0.00200
vt 0.50200 0.49800
vt 0.99800 0.49800
vt 0.99800 0.00200
vt 0.50200 0.00200
vt 0.50200 0.49800
vt 0.99800 0.49800
vt 0.99800 0.00200
vt 0.50200 0.00200
vt 0.50200 0.49800
vt 0.99800 0.49800
vt 0.99800 0.00200
vt 0.50200 0.00200
vt 0.50200 0.49800
vt 0.99800 0.49800
vt 0.99800 0.00200
vt 0.50200 0.00200
vt 0.00200 0.99800
vt 0.49800 0.99800
vt 0.49800 0.50200
vt 0.00200 0.50200
vt 0.00200 0.99800
vt 0.49800 0.99800
vt 0.49800 0.50200
vt 0.00200 0.50200
vt 0.00200 0.99800
vt 0.49800 0.99800
vt 0.49800 0.50200
vt 0.00200 0.50200
vt 0.00200 0.99800
vt 0.49800 0.99800
vt 0.49800 0.50200
vt 0.00200 0.50200
vt 0.00200 0.99800
vt 0.49800 0.99800
vt 0.49800 0.50200
vt 0.00200 0.50200
vt 0.00200 0.99800
vt 0.49800 0.99800
vt 0.49800 0.50200
vt 0.00200 0.50200
vt 0.50200 0.99800
vt 0.99800 0.99800
vt 0.99800 0.50200
vt 0.50200 0.50200
vt 0.50200 0.99800
vt 0.99800 0.99800
vt 0.99800 0.50200
vt 0.50200 0.50200
vt 0.50200 0.99800
vt 0.99800 0.99800
vt 0.99800 0.50200
vt 0.50200 0.50200
vt 0.50200 0.99800
vt 0.99800 0.99800
vt 0.99800 0.50200
vt 0.50200 0.50200
vt 0.50200 0.99800
vt 0.99800 0.99800
vt 0.99800 0.50200
vt 0.50200 0.50200
vt 0.50200 0.99800
vt 0.99800 0.99800
vt 0.99800 0.50200
vt 0.50200 0.50200
vt 0.00200 0.49800
vt 0.49800 0.49800
vt 0.49800 0.00200
vt 0.00200 0.00200
vt 0.00200 0.49800
vt 0.49800 0.49800
vt 0.49800 0.00200
vt 0.00200 0.00200
vt 0.00200 0.49800
vt 0.49800 0.49800
vt 0.49800 0.00200
vt 0.00200 0.00200
vt 0.00200 0.49800
vt 0.49800 0.49800
vt 0.49800 0.00200
vt 0.00200 0.00200
vt 0.00200 0.49800
vt 0.49800 0.49800
vt 0.49800 0.00200
vt 0.00200 0.00200
vt 0.00200 0.49800
vt 0.49800 0.49800
vt 0.49800 0.00200
vt 0.00200 0.00200
vt 0.50200 0.49800
vt 0.99800 0.49800
vt 0.99800 0.00200
vt 0.50200 0.00200
vt 0.50200 0.49800
vt 0.99800 0.49800
vt 0.99800 0.00200
vt 0.50200 0.00200
vt 0.50200 0.49800
vt 0.99800 0.49800
vt 0.99800 0.00200
vt 0.50200 0.00200
vt 0.50200 0.49800
vt 0.99800 0.49800
vt 0.99800 0.00200
vt 0.50200 0.00200
vt 0.50200 0.49800
vt 0.99800 0.49800
vt 0.99800 0.00200
vt 0.50200 0.00200
vt 0.50200 0.49800
vt 0.99800 0.49800
vt 0.99800 0.00200
vt 0.50200 0.00200
vt 0.00200 0.99800
vt 0.49800 0.99800
vt 0.49800 0.50200
vt 0.00200 0.50200
vt 0.00200 0.99800
vt 0.49800 0.99800
vt 0.49800 0.50200
vt 0.00200 0.50200
vt 0.00200 0.99800
vt 0.49800 0.99800
vt 0.49800 0.50200
vt 0.00200 0.50200
vt 0.00200 0.99800
vt 0.49800 0.99800
vt 0.49800 0.50200
vt 0.00200 0.50200
vt 0.00200 0.99800
vt 0.49800 0.99800
vt 0.49800 0.50200
vt 0.00200 0.50200
vt 0.00200 0.99800
vt 0.49800 0.99800
vt 0.49800 0.50200
vt 0.00200 0.50200
vt 0.50200 0.99800
vt 0.99800 0.99800
vt 0.99800 0.50200
vt 0.50200 0.50200
vt 0.50200 0.99800
vt 0.99800 0.99800
vt 0.99800 0.50200
vt 0.50200 0.50200
vt 0.50200 0.99800
vt 0.99800 0.99800
vt 0.99800 0.50200
vt 0.50200 0.50200
vt 0.50200 0.99800
vt 0.99800 0.99800
vt 0.99800 0.50200
vt 0.50200 0.50200
vt 0.50200 0.99800
vt 0.99800 0.99800
vt 0.99800 0.50200
vt 0.50200 0.50200
vt 0.50200 0.99800
vt 0.99800 0.99800
vt 0.99800 0.50200
vt 0.50200 0.50200
vt 0.00200 0.49800
vt 0.49800 0.49800
vt 0.49800 0.00200
vt 0.00200 0.00200
vt 0.00200 0.49800
vt 0.49800 0.49800
vt 0.49800 0.00200
vt 0.00200 0.00200
vt 0.00200 0.49800
vt 0.49800 0.49800
vt 0.49800 0.00200
vt 0.00200 0.00200
vt 0.00200 0.49800
vt 0.49800 0.49800
vt 0.49800 0.00200
vt 0.00200 0.00200
vt 0.00200 0.49800
vt 0.49800 0.49800
vt 0.49800 0.00200
vt 0.00200 0.00200
vt 0.00200 0.49800
vt 0.49800 0.49800
vt 0.49800 0.00200
vt 0.00200 0.00200
vt 0.50200 0.49800
vt 0.99800 0.49800
vt 0.99800 0.00200
vt 0.50200 0.00200
vt 0.50200 0.49800
vt 0.99800 0.49800
vt 0.99800 0.00200
vt 0.50200 0.00200
vt 0.50200 0.49800
vt 0.99800 0.49800
vt 0.99800 0.00200
vt 0.50200 0.00200
vt 0.50200 0.49800
vt 0.99800 0.49800
vt 0.99800 0.00200
vt 0.50200 0.00200
vt 0.50200 0.49800
vt 0.99800 0.49800
vt 0.99800 0.00200
vt 0.50200 0.00200
vt 0.50200 0.49800
vt 0.99800 0.49800
vt 0.99800 0.00200
vt 0.50200 0.00200
vt 0.00200 0.99800
vt 0.49800 0.99800
vt 0.49800 0.50200
vt 0.00200 0.50200
vt 0.00200 0.99800
vt 0.49800 0.99800
vt 0.49800 0.50200
vt 0.00200 0.50200
vt 0.00200 0.99800
vt 0.49800 0.99800
vt 0.49800 0.50200
vt 0.00200 0.50200
vt 0.00200 0.99800
vt 0.49800 0.99800
vt 0.49800 0.50200
vt 0.00200 0.50200
vt 0.00200 0.99800
vt 0.49800 0.99800
vt 0.49800 0.50200
vt 0.00200 0.50200
vt 0.00200 0.99800
vt 0.49800 0.99800
vt 0.49800 0.50200
vt 0.00200 0.50200
vt 0.50200 0.99800
vt 0.99800 0.99800
vt 0.99800 0.50200
vt 0.50200 0.50200
vt 0.50200 0.99800
vt 0.99800 0.99800
vt 0.99800 0.50200
vt 0.50200 0.50200
vt 0.50200 0.99800
vt 0.99800 0.99800
vt 0.99800 0.50200
vt 0.50200 0.50200
vt 0.50200 0.99800
vt 0.99800 0.99800
vt 0.99800 0.50200
vt 0.50200 0.50200
vt 0.50200 0.99800
vt 0.99800 0.99800
vt 0.99800 0.50200
vt 0.50200 0.50200
vt 0.50200 0.99800
vt 0.99800 0.99800
vt 0.99800 0.50200
vt 0.50200 0.50200
vt 0.00200 0.49800
vt 0.49800 0.49800
vt 0.49800 0.00200
vt 0.00200 0.00200
vt 0.00200 0.49800
vt 0.49800 0.49800
vt 0.49800 0.00200
vt 0.00200 0.00200
vt 0.00200 0.49800
vt 0.49800 0.49800
vt 0.49800 0.00200
vt 0.00200 0.00200
vt 0.00200 0.49800
vt 0.49800 0.49800
vt 0.49800 0.00200
vt 0.00200 0.00200
vt 0.00200 0.49800
vt 0.49800 0.49800
vt 0.49800 0.00200
vt 0.00200 0.00200
vt 0.00200 0.49800
vt 0.49800 0.49800
vt 0.49800 0.00200
vt 0.00200 0.00200
vt 0.50200 0.49800
vt 0.99800 0.49800
vt 0.99800 0.00200
vt 0.50200 0.00200
vt 0.50200 0.49800
vt 0.99800 0.49800
vt 0.99800 0.00200
vt 0.50200 0.00200
vt 0.50200 0.49800
vt 0.99800 0.49800
vt 0.99800 0.00200
vt 0.50200 0.00200
vt 0.50200 0.49800
vt 0.99800 0.49800
vt 0.99800 0.00200
vt 0.50200 0.00200
vt 0.50200 0.49800
vt 0.99800 0.49800
vt 0.99800 0.00200
vt 0.50200 0.00200
vt 0.50200 0.49800
vt 0.99800 0.49800
vt 0.99800 0.00200
vt 0.50200 0.00200
vt 0.00200 0.99800
vt 0.49800 0.99800
vt 0.49800 0.50200
vt 0.00200 0.50200
vt 0.00200 0.99800
vt 0.49800 0.99800
vt 0.49800 0.50200
vt 0.00200 0.50200
vt 0.00200 0.99800
vt 0.49800 0.99800
vt 0.49800 0.50200
vt 0.00200 0.50200
vt 0.00200 0.99800
vt 0.49800 0.99800
vt 0.49800 0.50200
vt 0.00200 0.50200
vt 0.00200 0.99800
vt 0.49800 0.99800
vt 0.49800 0.50200
vt 0.00200 0.50200
vt 0.00200 0.99800
vt 0.49800 0.99800
vt 0.49800 0.50200
vt 0.00200 0.50200
vt 0.50200 0.99800
vt 0.99800 0.99800
vt 0.99800 0.50200
vt 0.50200 0.50200
vt 0.50200 0.99800
vt 0.99800 0.99800
vt 0.99800 0.50200
vt 0.50200 0.50200
vt 0.50200 0.99800
vt 0.99800 0.99800
vt 0.99800 0.50200
vt 0.50200 0.50200
vt 0.50200 0.99800
vt 0.99800 0.99800
vt 0.99800 0.50200
vt 0.50200 0.50200
vt 0.50200 0.99800
vt 0.99800 0.99800
vt 0.99800 0.50200
vt 0.50200 0.50200
vt 0.50200 0.99800
vt 0.99800 0.99800
vt 0.99800 0.50200
vt 0.50200 0.50200
vt 0.00200 0.49800
vt 0.49800 0.49800
vt 0.49800 0.00200
vt 0.00200 0.00200
vt 0.00200 0.49800
vt 0.49800 0.49800
vt 0.49800 0.00200
vt 0.00200 0.00200
vt 0.00200 0.49800
vt 0.49800 0.49800
vt 0.49800 0.00200
vt 0.00200 0.00200
vt 0.00200 0.49800
vt 0.49800 0.49800
vt 0.49800 0.00200
vt 0.00200 0.00200
vt 0.00200 0.49800
vt 0.49800 0.49800
vt 0.49800 0.00200
vt 0.00200 0.00200
vt 0.00200 0.49800
vt 0.49800 0.49800
vt 0.49800 0.00200
vt 0.00200 0.00200
vt 0.50200 0.49800
vt 0.99800 0.49800
vt 0.99800 0.00200
vt 0.50200 0.00200
vt 0.50200 0.49800
vt 0.99800 0.49800
vt 0.99800 0.00200
vt 0.50200 0.00200
vt 0.50200 0.49800
vt 0.99800 0.49800
vt 0.99800 0.00200
vt 0.50200 0.00200
vt 0.50200 0.49800
vt 0.99800 0.49800
vt 0.99800 0.00200
vt 0.50200 0.00200
vt 0.50200 0.49800
vt 0.99800 0.49800
vt 0.99800 0.00200
vt 0.50200 0.00200
vt 0.50200 0.49800
vt 0.99800 0.49800
vt 0.99800 0.00200
vt 0.50200 0.00200
vt 0.00200 0.99800
vt 0.49800 0.99800
vt 0.49800 0.50200
vt 0.00200 0.50200
vt 0.00200 0.99800
vt 0.49800 0.99800
vt 0.49800 0.50200
vt 0.00200 0.50200
vt 0.00200 0.99800
vt 0.49800 0.99800
vt 0.49800 0.50200
vt 0.00200 0.50200
vt 0.00200 0.99800
vt 0.49800 0.99800
vt 0.49800 0.50200
vt 0.00200 0.50200
vt 0.00200 0.99800
vt 0.49800 0.99800
vt 0.49800 0.50200
vt 0.00200 0.50200
vt 0.00200 0.99800
vt 0.49800 0.99800
vt 0.49800 0.50200
vt 0.00200 0.50200
vt 0.50200 0.99800
vt 0.99800 0.99800
vt 0.99800 0.50200
vt 0.50200 0.50200
vt 0.50200 0.99800
vt 0.99800 0.99800
vt 0.99800 0.50200
vt 0.50200 0.50200
vt 0.50200 0.99800
vt 0.99800 0.99800
vt 0.99800 0.50200
vt 0.50200 0.50200
vt 0.50200 0.99800
vt 0.99800 0.99800
vt 0.99800 0.50200
vt 0.50200 0.50200
vt 0.50200 0.99800
vt 0.99800 0.99800
vt 0.99800 0.50200
vt 0.50200 0.50200
vt 0.50200 0.99800
vt 0.99800 0.99800
vt 0.99800 0.50200
vt 0.50200 0.50200
vt 0.00200 0.49800
vt 0.49800 0.49800
vt 0.49800 0.00200
vt 0.00200 0.00200
vt 0.00200 0.49800
vt 0.49800 0.49800
vt 0.49800 0.00200
vt 0.00200 0.00200
vt 0.00200 0.49800
vt 0.49800 0.49800
vt 0.49800 0.00200
vt 0.00200 0.00200
vt 0.00200 0.49800
vt 0.49800 0.49800
vt 0.49800 0.00200
vt 0.00200 0.00200
vt 0.00200 0.49800
vt 0.49800 0.49800
vt 0.49800 0.00200
vt 0.00200 0.00200
vt 0.00200 0.49800
vt 0.49800 0.49800
vt 0.49800 0.00200
vt 0.00200 0.00200
vt 0.50200 0.49800
vt 0.99800 0.49800
vt 0.99800 0.00200
vt 0.50200 0.00200
vt 0.50200 0.49800
vt 0.99800 0.49800
vt 0.99800 0.00200
vt 0.50200 0.00200
vt 0.50200 0.49800
vt 0.99800 0.49800
vt 0.99800 0.00200
vt 0.50200 0.00200
vt 0.50200 0.49800
vt 0.99800 0.49800
vt 0.99800 0.00200
vt 0.50200 0.00200
vt 0.50200 0.49800
vt 0.99800 0.49800
vt 0.99800 0.00200
vt 0.50200 0.00200
vt 0.50200 0.49800
vt 0.99800 0.49800
vt 0.99800 0.00200
vt 0.50200 0.00200
vt 0.00200 0.99800
vt 0.49800 0.99800
vt 0.49800 0.50200
vt 0.00200 0.50200
vt 0.00200 0.99800
vt 0.49800 0.99800
vt 0.49800 0.50200
vt 0.00200 0.50200
vt 0.00200 0.99800
vt 0.49800 0.99800
vt 0.49800 0.50200
vt 0.00200 0.50200
vt 0.00200 0.99800
vt 0.49800 0.99800
vt 0.49800 0.50200
vt 0.00200 0.50200
vt 0.00200 0.99800
vt 0.49800 0.99800
vt 0.49800 0.50200
vt 0.00200 0.50200
vt 0.00200 0.99800
vt 0.49800 0.99800
vt 0.49800 0.50200
vt 0.00200 0.50200
vt 0.50200 0.99800
vt 0.99800 0.99800
vt 0.99800 0.50200
vt 0.50200 0.50200
vt 0.50200 0.99800
vt 0.99800 0.99800
vt 0.99800 0.50200
vt 0.50200 0.50200
vt 0.50200 0.99800
vt 0.99800 0.99800
vt 0.99800 0.50200
vt 0.50200 0.50200
vt 0.50200 0.99800
vt 0.99800 0.99800
vt 0.99800 0.50200
vt 0.50200 0.50200
vt 0.50200 0.99800
vt 0.99800 0.99800
vt 0.99800 0.50200
vt 0.50200 0.50200
vt 0.50200 0.99800
vt 0.99800 0.99800
vt 0.99800 0.50200
vt 0.50200 0.50200
vt 0.00200 0.49800
vt 0.49800 0.49800
vt 0.49800 0.00200
vt 0.00200 0.00200
vt 0.00200 0.49800
vt 0.49800 0.49800
vt 0.49800 0.00200
vt 0.00200 0.00200
vt 0.00200 0.49800
vt 0.49800 0.49800
vt 0.49800 0.00200
vt 0.00200 0.00200
vt 0.00200 0.49800
vt 0.49800 0.49800
vt 0.49800 0.00200
vt 0.00200 0.00200
vt 0.00200 0.49800
vt 0.49800 0.49800
vt 0.49800 0.00200
vt 0.00200 0.00200
vt 0.00200 0.49800
vt 0.49800 0.49800
vt 0.49800 0.00200
vt 0.00200 0.00200
vt 0.50200 0.49800
vt 0.99800 0.49800
vt 0.99800 0.00200
vt 0.50200 0.00200
vt 0.50200 0.49800
vt 0.99800 0.49800
vt 0.99800 0.00200
vt 0.50200 0.00200
vt 0.50200 0.49800
vt 0.99800 0.49800
vt 0.99800 0.00200
vt 0.50200 0.00200
vt 0.50200 0.49800
vt 0.99800 0.49800
vt 0.99800 0.00200
vt 0.50200 0.00200
vt 0.50200 0.49800
vt 0.99800 0.49800
vt 0.99800 0.00200
vt 0.50200 0.00200
vt 0.50200 0.49800
vt 0.99800 0.49800
vt 0.99800 0.00200
vt 0.50200 0.00200
vt 0.00200 0.99800
vt 0.49800 0.99800
vt 0.49800 0.50200
vt 0.00200 0.50200
vt 0.00200 0.99800
vt 0.49800 0.99800
vt 0.49800 0.50200
vt 0.00200 0.50200
vt 0.00200 0.99800
vt 0.49800 0.99800
vt 0.49800 0.50200
vt 0.00200 0.50200
vt 0.00200 0.99800
vt 0.49800 0.99800
vt 0.49800 0.50200
vt 0.00200 0.50200
vt 0.00200 0.99800
vt 0.49800 0.99800
vt 0.49800 0.50200
vt 0.00200 0.50200
vt 0.00200 0.99800
vt 0.49800 0.99800
vt 0.49800 0.50200
vt 0.00200 0.50200
vt 0.50200 0.99800
vt 0.99800 0.99800
vt 0.99800 0.50200
vt 0.50200 0.50200
vt 0.50200 0.99800
vt 0.99800 0.99800
vt 0.99800 0.50200
vt 0.50200 0.50200
vt 0.50200 0.99800
vt 0.99800 0.99800
vt 0.99800 0.50200
vt 0.50200 0.50200
vt 0.50200 0.99800
vt 0.99800 0.99800
vt 0.99800 0.50200
vt 0.50200 0.50200
vt 0.50200 0.99800
vt 0.99800 0.99800
vt 0.99800 0.50200
vt 0.50200 0.50200
vt 0.50200 0.99800
vt 0.99800 0.99800
vt 0.99800 0.50200
vt 0.50200 0.50200
vt 0.00200 0.49800
vt 0.49800 0.49800
vt 0.49800 0.00200
vt 0.00200 0.00200
vt 0.00200 0.49800
vt 0.49800 0.49800
vt 0.49800 0.00200
vt 0.00200 0.00200
vt 0.00200 0.49800
vt 0.49800 0.49800
vt 0.49800 0.00200
vt 0.00200 0.00200
vt 0.00200 0.49800
vt 0.49800 0.49800
vt 0.49800 0.00200
vt 0.00200 0.00200
vt 0.00200 0.49800
vt 0.49800 0.49800
vt 0.49800 0.00200
vt 0.00200 0.00200
vt 0.00200 0.49800
vt 0.49800 0.49800
vt 0.49800 0.00200
vt 0.00200 0.00200
vt 0.50200 0.49800
vt 0.99800 0.49800
vt 0.99800 0.00200
vt 0.50200 0.00200
vt 0.50200 0.49800
vt 0.99800 0.49800
vt 0.99800 0.00200
vt 0.50200 0.00200
vt 0.50200 0.49800
vt 0.99800 0.49800
vt 0.99800 0.00200
vt 0.50200 0.00200
vt 0.50200 0.49800
vt 0.99800 0.49800
vt 0.99800 0.00200
vt 0.50200 0.00200
vt 0.50200 0.49800
vt 0.99800 0.49800
vt 0.99800 0.00200
vt 0.50200 0.00200
vt 0.50200 0.49800
vt 0.99800 0.49800
vt 0.99800 0.00200
vt 0.50200 0.00200
vt 0.00200 0.99800
vt 0.49800 0.99800
vt 0.49800 0.50200
vt 0.00200 0.50200
vt 0.00200 0.99800
vt 0.49800 0.99800
vt 0.49800 0.50200
vt 0.00200 0.50200
vt 0.00200 0.99800
vt 0.49800 0.99800
vt 0.49800 0.50200
vt 0.00200 0.50200
vt 0.00200 0.99800
vt 0.49800 0.99800
vt 0.49800 0.50200
vt 0.00200 0.50200
vt 0.00200 0.99800
vt 0.49800 0.99800
vt 0.49800 0.50200
vt 0.00200 0.50200
vt 0.00200 0.99800
vt 0.49800 0.99800
vt 0.49800 0.50200
vt 0.00200 0.50200
vt 0.50200 0.99800
vt 0.99800 0.99800
vt 0.99800 0.50200
vt 0.50200 0.50200
vt 0.50200 0.99800
vt 0.99800 0.99800
vt 0.99800 0.50200
vt 0.50200 0.50200
vt 0.50200 0.99800
vt 0.99800 0.99800
vt 0.99800 0.50200
vt 0.50200 0.50200
vt 0.50200 0.99800
vt 0.99800 0.99800
vt 0.99800 0.50200
vt 0.50200 0.50200
vt 0.50200 0.99800
vt 0.99800 0.99800
vt 0.99800 0.50200
vt 0.50200 0.50200
vt 0.50200 0.99800
vt 0.99800 0.99800
vt 0.99800 0.50200
vt 0.50200 0.50200
vt 0.00200 0.49800
vt 0.49800 0.49800
vt 0.49800 0.00200
vt 0.00200 0.00200
vt 0.00200 0.49800
vt 0.49800 0.49800
vt 0.49800 0.00200
vt 0.00200 0.00200
vt 0.00200 0.49800
vt 0.49800 0.49800
vt 0.49800 0.00200
vt 0.00200 0.00200
vt 0.00200 0.49800
vt 0.49800 0.49800
vt 0.49800 0.00200
vt 0.00200 0.00200
vt 0.00200 0.49800
vt 0.49800 0.49800
vt 0.49800 0.00200
vt 0.00200 0.00200
vt 0.00200 0.49800
vt 0.49800 0.49800
vt 0.49800 0.00200
vt 0.00200 0.00200
vt 0.50200 0.49800
vt 0.99800 0.49800
vt 0.99800 0.00200
vt 0.50200 0.00200
vt 0.50200 0.49800
vt 0.99800 0.49800
vt 0.99800 0.00200
vt 0.50200 0.00200
vt 0.50200 0.49800
vt 0.99800 0.49800
vt 0.99800 0.00200
vt 0.50200 0.00200
vt 0.50200 0.49800
vt 0.99800 0.49800
vt 0.99800 0.00200
vt 0.50200 0.00200
vt 0.50200 0.49800
vt 0.99800 0.49800
vt 0.99800 0.00200
vt 0.50200 0.00200
vt 0.50200 0.49800
vt 0.99800 0.49800
vt 0.99800 0.00200
vt 0.50200 0.00200
vt 0.00200 0.99800
vt 0.49800 0.99800
vt 0.49800 0.50200
vt 0.00200 0.50200
vt 0.00200 0.99800
vt 0.49800 0.99800
vt 0.49800 0.50200
vt 0.00200 0.50200
vt 0.00200 0.99800
vt 0.49800 0.99800
vt 0.49800 0.50200
vt 0.00200 0.50200
vt 0.00200 0.99800
vt 0.49800 0.99800
vt 0.49800 0.50200
vt 0.00200 0.50200
vt 0.00200 0.99800
vt 0.49800 0.99800
vt 0.49800 0.50200
vt 0.00200 0.50200
vt 0.00200 0.99800
vt 0.49800 0.99800
vt 0.49800 0.50200
vt 0.00200 0.50200
vt 0.50200 0.99800
vt 0.99800 0.99800
vt 0.99800 0.50200
vt 0.50200 0.50200
vt 0.50200 0.99800
vt 0.99800 0.99800
vt 0.99800 0.50200
vt 0.50200 0.50200
vt 0.50200 0.99800
vt 0.99800 0.99800
vt 0.99800 0.50200
vt 0.50200 0.50200
vt 0.50200 0.99800
vt 0.99800 0.99800
vt 0.99800 0.50200
vt 0.50200 0.50200
vt 0.50200 0.99800
vt 0.99800 0.99800
vt 0.99800 0.50200
vt 0.50200 0.50200
vt 0.50200 0.99800
vt 0.99800 0.99800
vt 0.99800 0.50200
vt 0.50200 0.50200
vt 0.00200 0.49800
vt 0.49800 0.49800
vt 0.49800 0.00200
vt 0.00200 0.00200
vt 0.00200 0.49800
vt 0.49800 0.49800
vt 0.49800 0.00200
vt 0.00200 0.00200
vt 0.00200 0.49800
vt 0.49800 0.49800
vt 0.49800 0.00200
vt 0.00200 0.00200
vt 0.00200 0.49800
vt 0.49800 0.49800
vt 0.49800 0.00200
vt 0.00200 0.00200
vt 0.00200 0.49800
vt 0.49800 0.49800
vt 0.49800 0.00200
vt 0.00200 0.00200
vt 0.00200 0.49800
vt 0.49800 0.49800
vt 0.49800 0.00200
vt 0.00200 0.00200
vt 0.50200 0.49800
vt 0.99800 0.49800
vt 0.99800 0.00200
vt 0.50200 0.00200
vt 0.50200 0.49800
vt 0.99800 0.49800
vt 0.99800 0.00200
vt 0.50200 0.00200
vt 0.50200 0.49800
vt 0.99800 0.49800
vt 0.99800 0.00200
vt 0.50200 0.00200
vt 0.50200 0.49800
vt 0.99800 0.49800
vt 0.99800 0.00200
vt 0.50200 0.00200
vt 0.50200 0.49800
vt 0.99800 0.49800
vt 0.99800 0.00200
vt 0.50200 0.00200
vt 0.50200 0.49800
vt 0.99800 0.49800
vt 0.99800 0.00200
vt 0.50200 0.00200
vt 0.00200 0.99800
vt 0.49800 0.99800
vt 0.49800 0.50200
vt 0.00200 0.50200
vt 0.00200 0.99800
vt 0.49800 0.99800
vt 0.49800 0.50200
vt 0.00200 0.50200
vt 0.00200 0.99800
vt 0.49800 0.99800
vt 0.49800 0.50200
vt 0.00200 0.50200
vt 0.00200 0.99800
vt 0.49800 0.99800
vt 0.49800 0.50200
vt 0.00200 0.50200
vt 0.00200 0.99800
vt 0.49800 0.99800
vt 0.49800 0.50200
vt 0.00200 0.50200
vt 0.00200 0.99800
vt 0.49800 0.99800
vt 0.49800 0.50200
vt 0.00200 0.50200
vt 0.50200 0.99800
vt 0.99800 0.99800
vt 0.99800 0.50200
vt 0.50200 0.50200
vt 0.50200 0.99800
vt 0.99800 0.99800
vt 0.99800 0.50200
vt 0.50200 0.50200
vt 0.50200 0.99800
vt 0.99800 0.99800
vt 0.99800 0.50200
vt 0.50200 0.50200
vt 0.50200 0.99800
vt 0.99800 0.99800
vt 0.99800 0.50200
vt 0.50200 0.50200
vt 0.50200 0.99800
vt 0.99800 0.99800
vt 0.99800 0.50200
vt 0.50200 0.50200
vt 0.50200 0.99800
vt 0.99800 0.99800
vt 0.99800 0.50200
vt 0.50200 0.50200
vt 0.00200 0.49800
vt 0.49800 0.49800
vt 0.49800 0.00200
vt 0.00200 0.00200
vt 0.00200 0.49800
vt 0.49800 0.49800
vt 0.49800 0.00200
vt 0.00200 0.00200
vt 0.00200 0.49800
vt 0.49800 0.49800
vt 0.49800 0.00200
vt 0.00200 0.00200
vt 0.00200 0.49800
vt 0.49800 0.49800
vt 0.49800 0.00200
vt 0.00200 0.00200
vt 0.00200 0.49800
vt 0.49800 0.49800
vt 0.49800 0.00200
vt 0.00200 0.00200
vt 0.00200 0.49800
vt 0.49800 0.49800
vt 0.49800 0.00200
vt 0.00200 0.00200
vt 0.50200 0.49800
vt 0.99800 0.49800
vt 0.99800 0.00200
vt 0.50200 0.00200
vt 0.50200 0.49800
vt 0.99800 0.49800
vt 0.99800 0.00200
vt 0.50200 0.00200
vt 0.50200 0.49800
vt 0.99800 0.49800
vt 0.99800 0.00200
vt 0.50200 0.00200
vt 0.50200 0.49800
vt 0.99800 0.49800
vt 0.99800 0.00200
vt 0.50200 0.00200
vt 0.50200 0.49800
vt 0.99800 0.49800
vt 0.99800 0.00200
vt 0.50200 0.00200
vt 0.50200 0.49800
vt 0.99800 0.49800
vt 0.99800 0.00200
vt 0.50200 0.00200
vt 0.00200 0.99800
vt 0.49800 0.99800
vt 0.49800 0.50200
vt 0.00200 0.50200
vt 0.00200 0.99800
vt 0.49800 0.99800
vt 0.49800 0.50200
vt 0.00200 0.50200
vt 0.00200 0.99800
vt 0.49800 0.99800
vt 0.49800 0.50200
vt 0.00200 0.50200
vt 0.00200 0.99800
vt 0.49800 0.99800
vt 0.49800 0.50200
vt 0.00200 0.50200
vt 0.00200 0.99800
vt 0.49800 0.99800
vt 0.49800 0.50200
vt 0.00200 0.50200
vt 0.00200 0.99800
vt 0.49800 0.99800
vt 0.49800 0.50200
vt 0.00200 0.50200
vt 0.50200 0.99800
vt 0.99800 0.99800
vt 0.99800 0.50200
vt 0.50200 0.50200
vt 0.50200 0.99800
vt 0.99800 0.99800
vt 0.99800 0.50200
vt 0.50200 0.50200
vt 0.50200 0.99800
vt 0.99800 0.99800
vt 0.99800 0.50200
vt 0.50200 0.50200
vt 0.50200 0.99800
vt 0.99800 0.99800
vt 0.99800 0.50200
vt 0.50200 0.50200
vt 0.50200 0.99800
vt 0.99800 0.99800
vt 0.99800 0.50200
vt 0.50200 0.50200
vt 0.50200 0.99800
vt 0.99800 0.99800
vt 0.99800 0.50200
vt 0.50200 0.50200
vt 0.00200 0.49800
vt 0.49800 0.49800
vt 0.49800 0.00200
vt 0.00200 0.00200
vt 0.00200 0.49800
vt 0.49800 0.49800
vt 0.49800 0.00200
vt 0.00200 0.00200
vt 0.00200 0.49800
vt 0.49800 0.49800
vt 0.49800 0.00200
vt 0.00200 0.00200
vt 0.00200 0.49800
vt 0.49800 0.49800
vt 0.49800 0.00200
vt 0.00200 0.00200
vt 0.00200 0.49800
vt 0.49800 0.49800
vt 0.49800 0.00200
vt 0.00200 0.00200
vt 0.00200 0.49800
vt 0.49800 0.49800
vt 0.49800 0.00200
vt 0.00200 0.00200
vt 0.50200 0.49800
vt 0.99800 0.49800
vt 0.99800 0.00200
vt 0.50200 0.00200
vt 0.50200 0.49800
vt 0.99800 0.49800
vt 0.99800 0.00200
vt 0.50200 0.00200
vt 0.50200 0.49800
vt 0.99800 0.49800
vt 0.99800 0.00200
vt 0.50200 0.00200
vt 0.50200 0.49800
vt 0.99800 0.49800
vt 0.99800 0.00200
vt 0.50200 0.00200
vt 0.50200 0.49800
vt 0.99800 0.49800
vt 0.99800 0.00200
vt 0.50200 0.00200
vt 0.50200 0.49800
vt 0.99800 0.49800
vt 0.99800 0.00200
vt 0.50200 0.00200
vt 0.00200 0.99800
vt 0.49800 0.99800
vt 0.49800 0.50200
vt 0.00200 0.50200
vt 0.00200 0.99800
vt 0.49800 0.99800
vt 0.49800 0.50200
vt 0.00200 0.50200
vt 0.00200 0.99800
vt 0.49800 0.99800
vt 0.49800 0.50200
vt 0.00200 0.50200
vt 0.00200 0.99800
vt 0.49800 0.99800
vt 0.49800 0.50200
vt 0.00200 0.50200
vt 0.00200 0.99800
vt 0.49800 0.99800
vt 0.49800 0.50200
vt 0.00200 0.50200
vt 0.00200 0.99800
vt 0.49800 0.99800
vt 0.49800 0.50200
vt 0.00200 0.50200
vt 0.50200 0.99800
vt 0.99800 0.99800
vt 0.99800 0.50200
vt 0.50200 0.50200
vt 0.50200 0.99800
vt 0.99800 0.99800
vt 0.99800 0.50200
vt 0.50200 0.50200
vt 0.50200 0.99800
vt 0.99800 0.99800
vt 0.99800 0.50200
vt 0.50200 0.50200
vt 0.50200 0.99800
vt 0.99800 0.99800
vt 0.99800 0.50200
vt 0.50200 0.50200
vt 0.50200 0.99800
vt 0.99800 0.99800
vt 0.99800 0.50200
vt 0.50200 0.50200
vt 0.50200 0.99800
vt 0.99800 0.99800
vt 0.99800 0.50200
vt 0.50200 0.50200
vt 0.00200 0.49800
vt 0.49800 0.49800
vt 0.49800 0.00200
vt 0.00200 0.00200
vt 0.00200 0.49800
vt 0.49800 0.49800
vt 0.49800 0.00200
vt 0.00200 0.00200
vt 0.00200 0.49800
vt 0.49800 0.49800
vt 0.49800 0.00200
vt 0.00200 0.00200
vt 0.00200 0.49800
vt 0.49800 0.49800
vt 0.49800 0.00200
vt 0.00200 0.00200
vt 0.00200 0.49800
vt 0.49800 0.49800
vt 0.49800 0.00200
vt 0.00200 0.00200
vt 0.00200 0.49800
vt 0.49800 0.49800
vt 0.49800 0.00200
vt 0.00200 0.00200
vt 0.50200 0.49800
vt 0.99800 0.49800
vt 0.99800 0.00200
vt 0.50200 0.00200
vt 0.50200 0.49800
vt 0.99800 0.49800
vt 0.99800 0.00200
vt 0.50200 0.00200
vt 0.50200 0.49800
vt 0.99800 0.49800
vt 0.99800 0.00200
vt 0.50200 0.00200
vt 0.50200 0.49800
vt 0.99800 0.49800
vt 0.99800 0.00200
vt 0.50200 0.00200
vt 0.50200 0.49800
vt 0.99800 0.49800
vt 0.99800 0.00200
vt 0.50200 0.00200
vt 0.50200 0.49800
vt 0.99800 0.49800
vt 0.99800 0.00200
vt 0.50200 0.00200
vt 0.00200 0.99800
vt 0.49800 0.99800
vt 0.49800 0.50200
vt 0.00200 0.50200
vt 0.00200 0.99800
vt 0.49800 0.99800
vt 0.49800 0.50200
vt 0.00200 0.50200
vt 0.00200 0.99800
vt 0.49800 0.99800
vt 0.49800 0.50200
vt 0.00200 0.50200
vt 0.00200 0.99800
vt 0.49800 0.99800
vt 0.49800 0.50200
vt 0.00200 0.50200
vt 0.00200 0.99800
vt 0.49800 0.99800
vt 0.49800 0.50200
vt 0.00200 0.50200
vt 0.00200 0.99800
vt 0.49800 0.99800
vt 0.49800 0.50200
vt 0.00200 0.50200
vt 0.50200 0.99800
vt 0.99800 0.99800
vt 0.99800 0.50200
vt 0.50200 0.50200
vt 0.50200 0.99800
vt 0.99800 0.99800
vt 0.99800 0.50200
vt 0.50200 0.50200
vt 0.50200 0.99800
vt 0.99800 0.99800
vt 0.99800 0.50200
vt 0.50200 0.50200
vt 0.50200 0.99800
vt 0.99800 0.99800
vt 0.99800 0.50200
vt 0.50200 0.50200
vt 0.50200 0.99800
vt 0.99800 0.99800
vt 0.99800 0.50200
vt 0.50200 0.50200
vt 0.50200 0.99800
vt 0.99800 0.99800
vt 0.99800 0.50200
vt 0.50200 0.50200
vt 0.00200 0.49800
vt 0.49800 0.49800
vt 0.49800 0.00200
vt 0.00200 0.00200
vt 0.00200 0.49800
vt 0.49800 0.49800
vt 0.49800 0.00200
vt 0.00200 0.00200
vt 0.00200 0.49800
vt 0.49800 0.49800
vt 0.49800 0.00200
vt 0.00200 0.00200
vt 0.00200 0.49800
vt 0.49800 0.49800
vt 0.49800 0.00200
vt 0.00200 0.00200
vt 0.00200 0.49800
vt 0.49800 0.49800
vt 0.49800 0.00200
vt 0.00200 0.00200
vt 0.00200 0.49800
vt 0.49800 0.49800
vt 0.49800 0.00200
vt 0.00200 0.00200
vt 0.50200 0.49800
vt 0.99800 0.49800
vt 0.99800 0.00200
vt 0.50200 0.00200
vt 0.50200 0.49800
vt 0.99800 0.49800
vt 0.99800 0.00200
vt 0.50200 0.00200
vt 0.50200 0.49800
vt 0.99800 0.49800
vt 0.99800 0.00200
vt 0.50200 0.00200
vt 0.50200 0.49800
vt 0.99800 0.49800
vt 0.99800 0.00200
vt 0.50200 0.00200
vt 0.50200 0.49800
vt 0.99800 0.49800
vt 0.99800 0.00200
vt 0.50200 0.00200
vt 0.50200 0.49800
vt 0.99800 0.49800
vt 0.99800 0.00200
vt 0.50200 0.00200
vt 0.00200 0.99800
vt 0.49800 0.99800
vt 0.49800 0.50200
vt 0.00200 0.50200
vt 0.00200 0.99800
vt 0.49800 0.99800
vt 0.49800 0.50200
vt 0.00200 0.50200
vt 0.00200 0.99800
vt 0.49800 0.99800
vt 0.49800 0.50200
vt 0.00200 0.50200
vt 0.00200 0.99800
vt 0.49800 0.99800
vt 0.49800 0.50200
vt 0.00200 0.50200
vt 0.00200 0.99800
vt 0.49800 0.99800
vt 0.49800 0.50200
vt 0.00200 0.50200
vt 0.00200 0.99800
vt 0.49800 0.99800
vt 0.49800 0.50200
vt 0.00200 0.50200
vt 0.50200 0.99800
vt 0.99800 0.99800
vt 0.99800 0.50200
vt 0.50200 0.50200
vt 0.50200 0.99800
vt 0.99800 0.99800
vt 0.99800 0.50200
vt 0.50200 0.50200
vt 0.50200 0.99800
vt 0.99800 0.99800
vt 0.99800 0.50200
vt 0.50200 0.50200
vt 0.50200 0.99800
vt 0.99800 0.99800
vt 0.99800 0.50200
vt 0.50200 0.50200
vt 0.50200 0.99800
vt 0.99800 0.99800
vt 0.99800 0.50200
vt 0.50200 0.50200
vt 0.50200 0.99800
vt 0.99800 0.99800
vt 0.99800 0.50200
vt 0.50200 0.50200
vt 0.00200 0.49800
vt 0.49800 0.49800
vt 0.49800 0.00200
vt 0.00200 0.00200
vt 0.00200 0.49800
vt 0.49800 0.49800
vt 0.49800 0.00200
vt 0.00200 0.00200
vt 0.00200 0.49800
vt 0.49800 0.49800
vt 0.49800 0.00200
vt 0.00200 0.00200
vt 0.00200 0.49800
vt 0.49800 0.49800
vt 0.49800 0.00200
vt 0.00200 0.00200
vt 0.00200 0.49800
vt 0.49800 0.49800
vt 0.49800 0.00200
vt 0.00200 0.00200
vt 0.00200 0.49800
vt 0.49800 0.49800
vt 0.49800 0.00200
vt 0.00200 0.00200
vt 0.50200 0.49800
vt 0.99800 0.49800
vt 0.99800 0.00200
vt 0.50200 0.00200
vt 0.50200 0.49800
vt 0.99800 0.49800
vt 0.99800 0.00200
vt 0.50200 0.00200
vt 0.50200 0.49800
vt 0.99800 0.49800
vt 0.99800 0.00200
vt 0.50200 0.00200
vt 0.50200 0.49800
vt 0.99800 0.49800
vt 0.99800 0.00200
vt 0.50200 0.00200
vt 0.50200 0.49800
vt 0.99800 0.49800
vt 0.99800 0.00200
vt 0.50200 0.00200
vt 0.50200 0.49800
vt 0.99800 0.49800
vt 0.99800 0.00200
vt 0.50200 0.00200
vt 0.00200 0.99800
vt 0.49800 0.99800
vt 0.49800 0.50200
vt 0.00200 0.50200
vt 0.00200 0.99800
vt 0.49800 0.99800
vt 0.49800 0.50200
vt 0.00200 0.50200
vt 0.00200 0.99800
vt 0.49800 0.99800
vt 0.49800 0.50200
vt 0.00200 0.50200
vt 0.00200 0.99800
vt 0.49800 0.99800
vt 0.49800 0.50200
vt 0.00200 0.50200
vt 0.00200 0.99800
vt 0.49800 0.99800
vt 0.49800 0.50200
vt 0.00200 0.50200
vt 0.00200 0.99800
vt 0.49800 0.99800
vt 0.49800 0.50200
vt 0.00200 0.50200
vt 0.50200 0.99800
vt 0.99800 0.99800
vt 0.99800 0.50200
vt 0.50200 0.50200
vt 0.50200 0.99800
vt 0.99800 0.99800
vt 0.99800 0.50200
vt 0.50200 0.50200
vt 0.50200 0.99800
vt 0.99800 0.99800
vt 0.99800 0.50200
vt 0.50200 0.50200
vt 0.50200 0.99800
vt 0.99800 0.99800
vt 0.99800 0.50200
vt 0.50200 0.50200
vt 0.50200 0.99800
vt 0.99800 0.99800
vt 0.99800 0.50200
vt 0.50200 0.50200
vt 0.50200 0.99800
vt 0.99800 0.99800
vt 0.99800 0.50200
vt 0.50200 0.50200
vt 0.00200 0.49800
vt 0.49800 0.49800
vt 0.49800 0.00200
vt 0.00200 0.00200
vt 0.00200 0.49800
vt 0.49800 0.49800
vt 0.49800 0.00200
vt 0.00200 0.00200
vt 0.00200 0.49800
vt 0.49800 0.49800
vt 0.49800 0.00200
vt 0.00200 0.00200
vt 0.00200 0.49800
vt 0.49800 0.49800
vt 0.49800 0.00200
vt 0.00200 0.00200
vt 0.00200 0.49800
vt 0.49800 0.49800
vt 0.49800 0.00200
vt 0.00200 0.00200
vt 0.00200 0.49800
vt 0.49800 0.49800
vt 0.49800 0.00200
vt 0.00200 0.00200
vt 0.50200 0.49800
vt 0.99800 0.49800
vt 0.99800 0.00200
vt 0.50200 0.00200
vt 0.50200 0.49800
vt 0.99800 0.49800
vt 0.99800 0.00200
vt 0.50200 0.00200
vt 0.50200 0.49800
vt 0.99800 0.49800
vt 0.99800 0.00200
vt 0.50200 0.00200
vt 0.50200 0.49800
vt 0.99800 0.49800
vt 0.99800 0.00200
vt 0.50200 0.00200
vt 0.50200 0.49800
vt 0.99800 0.49800
vt 0.99800 0.00200
vt 0.50200 0.00200
vt 0.50200 0.49800
vt 0.99800 0.49800
vt 0.99800 0.00200
vt 0.50200 0.00200
vt 0.00200 0.99800
vt 0.49800 0.99800
vt 0.49800 0.50200
vt 0.00200 0.50200
vt 0.00200 0.99800
vt 0.49800 0.99800
vt 0.49800 0.50200
vt 0.00200 0.50200
vt 0.00200 0.99800
vt 0.49800 0.99800
vt 0.49800 0.50200
vt 0.00200 0.50200
vt 0.00200 0.99800
vt 0.49800 0.99800
vt 0.49800 0.50200
vt 0.00200 0.50200
vt 0.00200 0.99800
vt 0.49800 0.99800
vt 0.49800 0.50200
vt 0.00200 0.50200
vt 0.00200 0.99800
vt 0.49800 0.99800
vt 0.49800 0.50200
vt 0.00200 0.50200
vt 0.50200 0.99800
vt 0.99800 0.99800
vt 0.99800 0.50200
vt 0.50200 0.50200
vt 0.50200 0.99800
vt 0.99800 0.99800
vt 0.99800 0.50200
vt 0.50200 0.50200
vt 0.50200 0.99800
vt 0.99800 0.99800
vt 0.99800 0.50200
vt 0.50200 0.50200
vt 0.50200 0.99800
vt 0.99800 0.99800
vt 0.99800 0.50200
vt 0.50200 0.50200
vt 0.50200 0.99800
vt 0.99800 0.99800
vt 0.99800 0.50200
vt 0.50200 0.50200
vt 0.50200 0.99800
vt 0.99800 0.99800
vt 0.99800 0.50200
vt 0.50200 0.50200
vt 0.00200 0.49800
vt 0.49800 0.49800
vt 0.49800 0.00200
vt 0.00200 0.00200
vt 0.00200 0.49800
vt 0.49800 0.49800
vt 0.49800 0.00200
vt 0.00200 0.00200
vt 0.00200 0.49800
vt 0.49800 0.49800
vt 0.49800 0.00200
vt 0.00200 0.00200
vt 0.00200 0.49800
vt 0.49800 0.49800
vt 0.49800 0.00200
vt 0.00200 0.00200
vt 0.00200 0.49800
vt 0.49800 0.49800
vt 0.49800 0.00200
vt 0.00200 0.00200
vt 0.00200 0.49800
vt 0.49800 0.49800
vt 0.49800 0.00200
vt 0.00200 0.00200
vt 0.50200 0.49800
vt 0.99800 0.49800
vt 0.99800 0.00200
vt 0.50200 0.00200
vt 0.50200 0.49800
vt 0.99800 0.49800
vt 0.99800 0.00200
vt 0.50200 0.00200
vt 0.50200 0.49800
vt 0.99800 0.49800
vt 0.99800 0.00200
vt 0.50200 0.00200
vt 0.50200 0.49800
vt 0.99800 0.49800
vt 0.99800 0.00200
vt 0.50200 0.00200
vt 0.50200 0.49800
vt 0.99800 0.49800
vt 0.99800 0.00200
vt 0.50200 0.00200
vt 0.50200 0.49800
vt 0.99800 0.49800
vt 0.99800 0.00200
vt 0.50200 0.00200
vt 0.00200 0.99800
vt 0.49800 0.99800
vt 0.49800 0.50200
vt 0.00200 0.50200
vt 0.00200 0.99800
vt 0.49800 0.99800
vt 0.49800 0.50200
vt 0.00200 0.50200
vt 0.00200 0.99800
vt 0.49800 0.99800
vt 0.49800 0.50200
vt 0.00200 0.50200
vt 0.00200 0.99800
vt 0.49800 0.99800
vt 0.49800 0.50200
vt 0.00200 0.50200
vt 0.00200 0.99800
vt 0.49800 0.99800
vt 0.49800 0.50200
vt 0.00200 0.50200
vt 0.00200 0.99800
vt 0.49800 0.99800
vt 0.49800 0.50200
vt 0.00200 0.50200
vt 0.50200 0.99800
vt 0.99800 0.99800
vt 0.99800 0.50200
vt 0.50200 0.50200
vt 0.50200 0.99800
vt 0.99800 0.99800
vt 0.99800 0.50200
vt 0.50200 0.50200
vt 0.50200 0.99800
vt 0.99800 0.99800
vt 0.99800 0.50200
vt 0.50200 0.50200
vt 0.50200 0.99800
vt 0.99800 0.99800
vt 0.99800 0.50200
vt 0.50200 0.50200
vt 0.50200 0.99800
vt 0.99800 0.99800
vt 0.99800 0.50200
vt 0.50200 0.50200
vt 0.50200 0.99800
vt 0.99800 0.99800
vt 0.99800 0.50200
vt 0.50200 0.50200
vt 0.00200 0.49800
vt 0.49800 0.49800
vt 0.49800 0.00200
vt 0.00200 0.00200
vt 0.00200 0.49800
vt 0.49800 0.49800
vt 0.49800 0.00200
vt 0.00200 0.00200
vt 0.00200 0.49800
vt 0.49800 0.49800
vt 0.49800 0.00200
vt 0.00200 0.00200
vt 0.00200 0.49800
vt 0.49800 0.49800
vt 0.49800 0.00200
vt 0.00200 0.00200
vt 0.00200 0.49800
vt 0.49800 0.49800
vt 0.49800 0.00200
vt 0.00200 0.00200
vt 0.00200 0.49800
vt 0.49800 0.49800
vt 0.49800 0.00200
vt 0.00200 0.00200
vt 0.50200 0.49800
vt 0.99800 0.49800
vt 0.99800 0.00200
vt 0.50200 0.00200
vt 0.50200 0.49800
vt 0.99800 0.49800
vt 0.99800 0.00200
vt 0.50200 0.00200
vt 0.50200 0.49800
vt 0.99800 0.49800
vt 0.99800 0.00200
vt 0.50200 0.00200
vt 0.50200 0.49800
vt 0.99800 0.49800
vt 0.99800 0.00200
vt 0.50200 0.00200
vt 0.50200 0.49800
vt 0.99800 0.49800
vt 0.99800 0.00200
vt 0.50200 0.00200
vt 0.50200 0.49800
vt 0.99800 0.49800
vt 0.99800 0.00200
vt 0.50200 0.00200
vt 0.00200 0.99800
vt 0.49800 0.99800
vt 0.49800 0.50200
vt 0.00200 0.50200
vt 0.00200 0.99800
vt 0.49800 0.99800
vt 0.49800 0.50200
vt 0.00200 0.50200
vt 0.00200 0.99800
vt 0.49800 0.99800
vt 0.49800 0.50200
vt 0.00200 0.50200
vt 0.00200 0.99800
vt 0.49800 0.99800
vt 0.49800 0.50200
vt 0.00200 0.50200
vt 0.00200 0.99800
vt 0.49800 0.99800
vt 0.49800 0.50200
vt 0.00200 0.50200
vt 0.00200 0.99800
vt 0.49800 0.99800
vt 0.49800 0.50200
vt 0.00200 0.50200
vt 0.50200 0.99800
vt 0.99800 0.99800
vt 0.99800 0.50200
vt 0.50200 0.50200
vt 0.50200 0.99800
vt 0.99800 0.99800
vt 0.99800 0.50200
vt 0.50200 0.50200
vt 0.50200 0.99800
vt 0.99800 0.99800
vt 0.99800 0.50200
vt 0.50200 0.50200
vt 0.50200 0.99800
vt 0.99800 0.99800
vt 0.99800 0.50200
vt 0.50200 0.50200
vt 0.50200 0.99800
vt 0.99800 0.99800
vt 0.99800 0.50200
vt 0.50200 0.50200
vt 0.50200 0.99800
vt 0.99800 0.99800
vt 0.99800 0.50200
vt 0.50200 0.50200
vt 0.00200 0.49800
vt 0.49800 0.49800
vt 0.49800 0.00200
vt 0.00200 0.00200
vt 0.00200 0.49800
vt 0.49800 0.49800
vt 0.49800 0.00200
vt 0.00200 0.00200
vt 0.00200 0.49800
vt 0.49800 0.49800
vt 0.49800 0.00200
vt 0.00200 0.00200
vt 0.00200 0.49800
vt 0.49800 0.49800
vt 0.49800 0.00200
vt 0.00200 0.00200
vt 0.00200 0.49800
vt 0.49800 0.49800
vt 0.49800 0.00200
vt 0.00200 0.00200
vt 0.00200 0.49800
vt 0.49800 0.49800
vt 0.49800 0.00200
vt 0.00200 0.00200
vt 0.50200 0.49800
vt 0.99800 0.49800
vt 0.99800 0.00200
vt 0.50200 0.00200
vt 0.50200 0.49800
vt 0.99800 0.49800
vt 0.99800 0.00200
vt 0.50200 0.00200
vt 0.50200 0.49800
vt 0.99800 0.49800
vt 0.99800 0.00200
vt 0.50200 0.00200
vt 0.50200 0.49800
vt 0.99800 0.49800
vt 0.99800 0.00200
vt 0.50200 0.00200
vt 0.50200 0.49800
vt 0.99800 0.49800
vt 0.99800 0.00200
vt 0.50200 0.00200
vt 0.50200 0.49800
vt 0.99800 0.49800
vt 0.99800 0.00200
vt 0.50200 0.00200
vt 0.00200 0.99800
vt 0.49800 0.99800
vt 0.49800 0.50200
vt 0.00200 0.50200
vt 0.00200 0.99800
vt 0.49800 0.99800
vt 0.49800 0.50200
vt 0.00200 0.50200
vt 0.00200 0.99800
vt 0.49800 0.99800
vt 0.49800 0.50200
vt 0.00200 0.50200
vt 0.00200 0.99800
vt 0.49800 0.99800
vt 0.49800 0.50200
vt 0.00200 0.50200
vt 0.00200 0.99800
vt 0.49800 0.99800
vt 0.49800 0.50200
vt 0.00200 0.50200
vt 0.00200 0.99800
vt 0.49800 0.99800
vt 0.49800 0.50200
vt 0.00200 0.50200
vt 0.50200 0.99800
vt 0.99800 0.99800
vt 0.99800 0.50200
vt 0.50200 0.50200
vt 0.50200 0.99800
vt 0.99800 0.99800
vt 0.99800 0.50200
vt 0.50200 0.50200
vt 0.50200 0.99800
vt 0.99800 0.99800
vt 0.99800 0.50200
vt 0.50200 0.50200
vt 0.50200 0.99800
vt 0.99800 0.99800
vt 0.99800 0.50200
vt 0.50200 0.50200
vt 0.50200 0.99800
vt 0.99800 0.99800
vt 0.99800 0.50200
vt 0.50200 0.50200
vt 0.50200 0.99800
vt 0.99800 0.99800
vt 0.99800 0.50200
vt 0.50200 0.50200
vt 0.00200 0.49800
vt 0.49800 0.49800
vt 0.49800 0.00200
vt 0.00200 0.00200
vt 0.00200 0.49800
vt 0.49800 0.49800
vt 0.49800 0.00200
vt 0.00200 0.00200
vt 0.00200 0.49800
vt 0.49800 0.49800
vt 0.49800 0.00200
vt 0.00200 0.00200
vt 0.00200 0.49800
vt 0.49800 0.49800
vt 0.49800 0.00200
vt 0.00200 0.00200
vt 0.00200 0.49800
vt 0.49800 0.49800
vt 0.49800 0.00200
vt 0.00200 0.00200
vt 0.00200 0.49800
vt 0.49800 0.49800
vt 0.49800 0.00200
vt 0.00200 0.00200
vt 0.50200 0.49800
vt 0.99800 0.49800
vt 0.99800 0.00200
vt 0.50200 0.00200
vt 0.50200 0.49800
vt 0.99800 0.49800
vt 0.99800 0.00200
vt 0.50200 0.00200
vt 0.50200 0.49800
vt 0.99800 0.49800
vt 0.99800 0.00200
vt 0.50200 0.00200
vt 0.50200 0.49800
vt 0.99800 0.49800
vt 0.99800 0.00200
vt 0.50200 0.00200
vt 0.50200 0.49800
vt 0.99800 0.49800
vt 0.99800 0.00200
vt 0.50200 0.00200
vt 0.50200 0.49800
vt 0.99800 0.49800
vt 0.99800 0.00200
vt 0.50200 0.00200
vt 0.00200 0.99800
vt 0.49800 0.99800
vt 0.49800 0.50200
vt 0.00200 0.50200
vt 0.00200 0.99800
vt 0.49800 0.99800
vt 0.49800 0.50200
vt 0.00200 0.50200
vt 0.00200 0.99800
vt 0.49800 0.99800
vt 0.49800 0.50200
vt 0.00200 0.50200
vt 0.00200 0.99800
vt 0.49800 0.99800
vt 0.49800 0.50200
vt 0.00200 0.50200
vt 0.00200 0.99800
vt 0.49800 0.99800
vt 0.49800 0.50200
vt 0.00200 0.50200
vt 0.00200 0.99800
vt 0.49800 0.99800
vt 0.49800 0.50200
vt 0.00200 0.50200
vt 0.50200 0.99800
vt 0.99800 0.99800
vt 0.99800 0.50200
vt 0.50200 0.50200
vt 0.50200 0.99800
vt 0.99800 0.99800
vt 0.99800 0.50200
vt 0.50200 0.50200
vt 0.50200 0.99800
vt 0.99800 0.99800
vt 0.99800 0.50200
vt 0.50200 0.50200
vt 0.50200 0.99800
vt 0.99800 0.99800
vt 0.99800 0.50200
vt 0.50200 0.50200
vt 0.50200 0.99800
vt 0.99800 0.99800
vt 0.99800 0.50200
vt 0.50200 0.50200
vt 0.50200 0.99800
vt 0.99800 0.99800
vt 0.99800 0.50200
vt 0.50200 0.50200
vt 0.00200 0.49800
vt 0.49800 0.49800
vt 0.49800 0.00200
vt 0.00200 0.00200
vt 0.00200 0.49800
vt 0.49800 0.49800
vt 0.49800 0.00200
vt 0.00200 0.00200
vt 0.00200 0.49800
vt 0.49800 0.49800
vt 0.49800 0.00200
vt 0.00200 0.00200
vt 0.00200 0.49800
vt 0.49800 0.49800
vt 0.49800 0.00200
vt 0.00200 0.00200
vt 0.00200 0.49800
vt 0.49800 0.49800
vt 0.49800 0.00200
vt 0.00200 0.00200
vt 0.00200 0.49800
vt 0.49800 0.49800
vt 0.49800 0.00200
vt 0.00200 0.00200
vt 0.50200 0.49800
vt 0.99800 0.49800
vt 0.99800 0.00200
vt 0.50200 0.00200
vt 0.50200 0.49800
vt 0.99800 0.49800
vt 0.99800 0.00200
vt 0.50200 0.00200
vt 0.50200 0.49800
vt 0.99800 0.49800
vt 0.99800 0.00200
vt 0.50200 0.00200
vt 0.50200 0.49800
vt 0.99800 0.49800
vt 0.99800 0.00200
vt 0.50200 0.00200
vt 0.50200 0.49800
vt 0.99800 0.49800
vt 0.99800 0.00200
vt 0.50200 0.00200
vt 0.50200 0.49800
vt 0.99800 0.49800
vt 0.99800 0.00200
vt 0.50200 0.00200
vt 0.00200 0.99800
vt 0.49800 0.99800
vt 0.49800 0.50200
vt 0.00200 0.50200
vt 0.00200 0.99800
vt 0.49800 0.99800
vt 0.49800 0.50200
vt 0.00200 0.50200
vt 0.00200 0.99800
vt 0.49800 0.99800
vt 0.49800 0.50200
vt 0.00200 0.50200
vt 0.00200 0.99800
vt 0.49800 0.99800
vt 0.49800 0.50200
vt 0.00200 0.50200
vt 0.00200 0.99800
vt 0.49800 0.99800
vt 0.49800 0.50200
vt 0.00200 0.50200
vt 0.00200 0.99800
vt 0.49800 0.99800
vt 0.49800 0.50200
vt 0.00200 0.50200
vt 0.50200 0.99800
vt 0.99800 0.99800
vt 0.99800 0.50200
vt 0.50200 0.50200
vt 0.50200 0.99800
vt 0.99800 0.99800
vt 0.99800 0.50200
vt 0.50200 0.50200
vt 0.50200 0.99800
vt 0.99800 0.99800
vt 0.99800 0.50200
vt 0.50200 0.50200
vt 0.50200 0.99800
vt 0.99800 0.99800
vt 0.99800 0.50200
vt 0.50200 0.50200
vt 0.50200 0.99800
vt 0.99800 0.99800
vt 0.99800 0.50200
vt 0.50200 0.50200
vt 0.50200 0.99800
vt 0.99800 0.99800
vt 0.99800 0.50200
vt 0.50200 0.50200
vt 0.00200 0.49800
vt 0.49800 0.49800
vt 0.49800 0.00200
vt 0.00200 0.00200
vt 0.00200 0.49800
vt 0.49800 0.49800
vt 0.49800 0.00200
vt 0.00200 0.00200
vt 0.00200 0.49800
vt 0.49800 0.49800
vt 0.49800 0.00200
vt 0.00200 0.00200
vt 0.00200 0.49800
vt 0.49800 0.49800
vt 0.49800 0.00200
vt 0.00200 0.00200
vt 0.00200 0.49800
vt 0.49800 0.49800
vt 0.49800 0.00200
vt 0.00200 0.00200
vt 0.00200 0.49800
vt 0.49800 0.49800
vt 0.49800 0.00200
vt 0.00200 0.00200
vt 0.50200 0.49800
vt 0.99800 0.49800
vt 0.99800 0.00200
vt 0.50200 0.00200
vt 0.50200 0.49800
vt 0.99800 0.49800
vt 0.99800 0.00200
vt 0.50200 0.00200
vt 0.50200 0.49800
vt 0.99800 0.49800
vt 0.99800 0.00200
vt 0.50200 0.00200
vt 0.50200 0.49800
vt 0.99800 0.49800
vt 0.99800 0.00200
vt 0.50200 0.00200
vt 0.50200 0.49800
vt 0.99800 0.49800
vt 0.99800 0.00200
vt 0.50200 0.00200
vt 0.50200 0.49800
vt 0.99800 0.49800
vt 0.99800 0.00200
vt 0.50200 0.00200
vt 0.00200 0.99800
vt 0.49800 0.99800
vt 0.49800 0.50200
vt 0.00200 0.50200
vt 0.00200 0.99800
vt 0.49800 0.99800
vt 0.49800 0.50200
vt 0.00200 0.50200
vt 0.00200 0.99800
vt 0.49800 0.99800
vt 0.49800 0.50200
vt 0.00200 0.50200
vt 0.00200 0.99800
vt 0.49800 0.99800
vt 0.49800 0.50200
vt 0.00200 0.50200
vt 0.00200 0.99800
vt 0.49800 0.99800
vt 0.49800 0.50200
vt 0.00200 0.50200
vt 0.00200 0.99800
vt 0.49800 0.99800
vt 0.49800 0.50200
vt 0.00200 0.50200
vt 0.50200 0.99800
vt 0.99800 0.99800
vt 0.99800 0.50200
vt 0.50200 0.50200
vt 0.50200 0.99800
vt 0.99800 0.99800
vt 0.99800 0.50200
vt 0.50200 0.50200
vt 0.50200 0.99800
vt 0.99800 0.99800
vt 0.99800 0.50200
vt 0.50200 0.50200
vt 0.50200 0.99800
vt 0.99800 0.99800
vt 0.99800 0.50200
vt 0.50200 0.50200
vt 0.50200 0.99800
vt 0.99800 0.99800
vt 0.99800 0.50200
vt 0.50200 0.50200
vt 0.50200 0.99800
vt 0.99800 0.99800
vt 0.99800 0.50200
vt 0.50200 0.50200
vt 0.00200 0.49800
vt 0.49800 0.49800
vt 0.49800 0.00200
vt 0.00200 0.00200
vt 0.00200 0.49800
vt 0.49800 0.49800
vt 0.49800 0.00200
vt 0.00200 0.00200
vt 0.00200 0.49800
vt 0.49800 0.49800
vt 0.49800 0.00200
vt 0.00200 0.00200
vt 0.00200 0.49800
vt 0.49800 0.49800
vt 0.49800 0.00200
vt 0.00200 0.00200
vt 0.00200 0.49800
vt 0.49800 0.49800
vt 0.49800 0.00200
vt 0.00200 0.00200
vt 0.00200 0.49800
vt 0.49800 0.49800
vt 0.49800 0.00200
vt 0.00200 0.00200
vt 0.50200 0.49800
vt 0.99800 0.49800
vt 0.99800 0.00200
vt 0.50200 0.00200
vt 0.50200 0.49800
vt 0.99800 0.49800
vt 0.99800 0.00200
vt 0.50200 0.00200
vt 0.50200 0.49800
vt 0.99800 0.49800
vt 0.99800 0.00200
vt 0.50200 0.00200
vt 0.50200 0.49800
vt 0.99800 0.49800
vt 0.99800 0.00200
vt 0.50200 0.00200
vt 0.50200 0.49800
vt 0.99800 0.49800
vt 0.99800 0.00200
vt 0.50200 0.00200
vt 0.50200 0.49800
vt 0.99800 0.49800
vt 0.99800 0.00200
vt 0.50200 0.00200
vt 0.00200 0.99800
vt 0.49800 0.99800
vt 0.49800 0.50200
vt 0.00200 0.50200
vt 0.00200 0.99800
vt 0.49800 0.99800
vt 0.49800 0.50200
vt 0.00200 0.50200
vt 0.00200 0.99800
vt 0.49800 0.99800
vt 0.49800 0.50200
vt 0.00200 0.50200
vt 0.00200 0.99800
vt 0.49800 0.99800
vt 0.49800 0.50200
vt 0.00200 0.50200
vt 0.00200 0.99800
vt 0.49800 0.99800
vt 0.49800 0.50200
vt 0.00200 0.50200
vt 0.00200 0.99800
vt 0.49800 0.99800
vt 0.49800 0.50200
vt 0.00200 0.50200
vt 0.50200 0.99800
vt 0.99800 0.99800
vt 0.99800 0.50200
vt 0.50200 0.50200
vt 0.50200 0.99800
vt 0.99800 0.99800
vt 0.99800 0.50200
vt 0.50200 0.50200
vt 0.50200 0.99800
vt 0.99800 0.99800
vt 0.99800 0.50200
vt 0.50200 0.50200
vt 0.50200 0.99800
vt 0.99800 0.99800
vt 0.99800 0.50200
vt 0.50200 0.50200
vt 0.50200 0.99800
vt 0.99800 0.99800
vt 0.99800 0.50200
vt 0.50200 0.50200
vt 0.50200 0.99800
vt 0.99800 0.99800
vt 0.99800 0.50200
vt 0.50200 0.50200
vt 0.00200 0.49800
vt 0.49800 0.49800
vt 0.49800 0.00200
vt 0.00200 0.00200
vt 0.00200 0.49800
vt 0.49800 0.49800
vt 0.49800 0.00200
vt 0.00200 0.00200
vt 0.00200 0.49800
vt 0.49800 0.49800
vt 0.49800 0.00200
vt 0.00200 0.00200
vt 0.00200 0.49800
vt 0.49800 0.49800
vt 0.49800 0.00200
vt 0.00200 0.00200
vt 0.00200 0.49800
vt 0.49800 0.49800
vt 0.49800 0.00200
vt 0.00200 0.00200
vt 0.00200 0.49800
vt 0.49800 0.49800
vt 0.49800 0.00200
vt 0.00200 0.00200
vt 0.50200 0.49800
vt 0.99800 0.49800
vt 0.99800 0.00200
vt 0.50200 0.00200
vt 0.50200 0.49800
vt 0.99800 0.49800
vt 0.99800 0.00200
vt 0.50200 0.00200
vt 0.50200 0.49800
vt 0.99800 0.49800
vt 0.99800 0.00200
vt 0.50200 0.00200
vt 0.50200 0.49800
vt 0.99800 0.49800
vt 0.99800 0.00200
vt 0.50200 0.00200
vt 0.50200 0.49800
vt 0.99800 0.49800
vt 0.99800 0.00200
vt 0.50200 0.00200
vt 0.50200 0.49800
vt 0.99800 0.49800
vt 0.99800 0.00200
vt 0.50200 0.00200
vt 0.00200 0.99800
vt 0.49800 0.99800
vt 0.49800 0.50200
vt 0.00200 0.50200
vt 0.00200 0.99800
vt 0.49800 0.99800
vt 0.49800 0.50200
vt 0.00200 0.50200
vt 0.00200 0.99800
vt 0.49800 0.99800
vt 0.49800 0.50200
vt 0.00200 0.50200
vt 0.00200 0.99800
vt 0.49800 0.99800
vt 0.49800 0.50200
vt 0.00200 0.50200
vt 0.00200 0.99800
vt 0.49800 0.99800
vt 0.49800 0.50200
vt 0.00200 0.50200
vt 0.00200 0.99800
vt 0.49800 0.99800
vt 0.49800 0.50200
vt 0.00200 0.50200
vt 0.50200 0.99800
vt 0.99800 0.99800
vt 0.99800 0.50200
vt 0.50200 0.50200
vt 0.50200 0.99800
vt 0.99800 0.99800
vt 0.99800 0.50200
vt 0.50200 0.50200
vt 0.50200 0.99800
vt 0.99800 0.99800
vt 0.99800 0.50200
vt 0.50200 0.50200
vt 0.50200 0.99800
vt 0.99800 0.99800
vt 0.99800 0.50200
vt 0.50200 0.50200
vt 0.50200 0.99800
vt 0.99800 0.99800
vt 0.99800 0.50200
vt 0.50200 0.50200
vt 0.50200 0.99800
vt 0.99800 0.99800
vt 0.99800 0.50200
vt 0.50200 0.50200
vt 0.00200 0.49800
vt 0.49800 0.49800
vt 0.49800 0.00200
vt 0.00200 0.00200
vt 0.00200 0.49800
vt 0.49800 0.49800
vt 0.49800 0.00200
vt 0.00200 0.00200
vt 0.00200 0.49800
vt 0.49800 0.49800
vt 0.49800 0.00200
vt 0.00200 0.00200
vt 0.00200 0.49800
vt 0.49800 0.49800
vt 0.49800 0.00200
vt 0.00200 0.00200
vt 0.00200 0.49800
vt 0.49800 0.49800
vt 0.49800 0.00200
vt 0.00200 0.00200
vt 0.00200 0.49800
vt 0.49800 0.49800
vt 0.49800 0.00200
vt 0.00200 0.00200
vt 0.50200 0.49800
vt 0.99800 0.49800
vt 0.99800 0.00200
vt 0.50200 0.00200
vt 0.50200 0.49800
vt 0.99800 0.49800
vt 0.99800 0.00200
vt 0.50200 0.00200
vt 0.50200 0.49800
vt 0.99800 0.49800
vt 0.99800 0.00200
vt 0.50200 0.00200
vt 0.50200 0.49800
vt 0.99800 0.49800
vt 0.99800 0.00200
vt 0.50200 0.00200
vt 0.50200 0.49800
vt 0.99800 0.49800
vt 0.99800 0.00200
vt 0.50200 0.00200
vt 0.50200 0.49800
vt 0.99800 0.49800
vt 0.99800 0.00200
vt 0.50200 0.00200
vt 0.00200 0.99800
vt 0.49800 0.99800
vt 0.49800 0.50200
vt 0.00200 0.50200
vt 0.00200 0.99800
vt 0.49800 0.99800
vt 0.49800 0.50200
vt 0.00200 0.50200
vt 0.00200 0.99800
vt 0.49800 0.99800
vt 0.49800 0.50200
vt 0.00200 0.50200
vt 0.00200 0.99800
vt 0.49800 0.99800
vt 0.49800 0.50200
vt 0.00200 0.50200
vt 0.00200 0.99800
vt 0.49800 0.99800
vt 0.49800 0.50200
vt 0.00200 0.50200
vt 0.00200 0.99800
vt 0.49800 0.99800
vt 0.49800 0.50200
vt 0.00200 0.50200
vt 0.50200 0.99800
vt 0.99800 0.99800
vt 0.99800 0.50200
vt 0.50200 0.50200
vt 0.50200 0.99800
vt 0.99800 0.99800
vt 0.99800 0.50200
vt 0.50200 0.50200
vt 0.50200 0.99800
vt 0.99800 0.99800
vt 0.99800 0.50200
vt 0.50200 0.50200
vt 0.50200 0.99800
vt 0.99800 0.99800
vt 0.99800 0.50200
vt 0.50200 0.50200
vt 0.50200 0.99800
vt 0.99800 0.99800
vt 0.99800 0.50200
vt 0.50200 0.50200
vt 0.50200 0.99800
vt 0.99800 0.99800
vt 0.99800 0.50200
vt 0.50200 0.50200
vt 0.00200 0.49800
vt 0.49800 0.49800
vt 0.49800 0.00200
vt 0.00200 0.00200
vt 0.00200 0.49800
vt 0.49800 0.49800
vt 0.49800 0.00200
vt 0.00200 0.00200
vt 0.00200 0.49800
vt 0.49800 0.49800
vt 0.49800 0.00200
vt 0.00200 0.00200
vt 0.00200 0.49800
vt 0.49800 0.49800
vt 0.49800 0.00200
vt 0.00200 0.00200
vt 0.00200 0.49800
vt 0.49800 0.49800
vt 0.49800 0.00200
vt 0.00200 0.00200
vt 0.00200 0.49800
vt 0.49800 0.49800
vt 0.49800 0.00200
vt 0.00200 0.00200
vt 0.50200 0.49800
vt 0.99800 0.49800
vt 0.99800 0.00200
vt 0.50200 0.00200
vt 0.50200 0.49800
vt 0.99800 0.49800
vt 0.99800 0.00200
vt 0.50200 0.00200
vt 0.50200 0.49800
vt 0.99800 0.49800
vt 0.99800 0.00200
vt 0.50200 0.00200
vt 0.50200 0.49800
vt 0.99800 0.49800
vt 0.99800 0.00200
vt 0.50200 0.00200
vt 0.50200 0.49800
vt 0.99800 0.49800
vt 0.99800 0.00200
vt 0.50200 0.00200
vt 0.50200 0.49800
vt 0.99800 0.49800
vt 0.99800 0.00200
vt 0.50200 0.00200
vt 0.00200 0.99800
vt 0.49800 0.99800
vt 0.49800 0.50200
vt 0.00200 0.50200
vt 0.00200 0.99800
vt 0.49800 0.99800
vt 0.49800 0.50200
vt 0.00200 0.50200
vt 0.00200 0.99800
vt 0.49800 0.99800
vt 0.49800 0.50200
vt 0.00200 0.50200
vt 0.00200 0.99800
vt 0.49800 0.99800
vt 0.49800 0.50200
vt 0.00200 0.50200
vt 0.00200 0.99800
vt 0.49800 0.99800
vt 0.49800 0.50200
vt 0.00200 0.50200
vt 0.00200 0.99800
vt 0.49800 0.99800
vt 0.49800 0.50200
vt 0.00200 0.50200
vt 0.50200 0.99800
vt 0.99800 0.99800
vt 0.99800 0.50200
vt 0.50200 0.50200
vt 0.50200 0.99800
vt 0.99800 0.99800
vt 0.99800 0.50200
vt 0.50200 0.50200
vt 0.50200 0.99800
vt 0.99800 0.99800
vt 0.99800 0.50200
vt 0.50200 0.50200
vt 0.50200 0.99800
vt 0.99800 0.99800
vt 0.99800 0.50200
vt 0.50200 0.50200
vt 0.50200 0.99800
vt 0.99800 0.99800
vt 0.99800 0.50200
vt 0.50200 0.50200
vt 0.50200 0.99800
vt 0.99800 0.99800
vt 0.99800 0.50200
vt 0.50200 0.50200
vt 0.00200 0.49800
vt 0.49800 0.49800
vt 0.49800 0.00200
vt 0.00200 0.00200
vt 0.00200 0.49800
vt 0.49800 0.49800
vt 0.49800 0.00200
vt 0.00200 0.00200
vt 0.00200 0.49800
vt 0.49800 0.49800
vt 0.49800 0.00200
vt 0.00200 0.00200
vt 0.00200 0.49800
vt 0.49800 0.49800
vt 0.49800 0.00200
vt 0.00200 0.00200
vt 0.00200 0.49800
vt 0.49800 0.49800
vt 0.49800 0.00200
vt 0.00200 0.00200
vt 0.00200 0.49800
vt 0.49800 0.49800
vt 0.49800 0.00200
vt 0.00200 0.00200
vt 0.50200 0.49800
vt 0.99800 0.49800
vt 0.99800 0.00200
vt 0.50200 0.00200
vt 0.50200 0.49800
vt 0.99800 0.49800
vt 0.99800 0.00200
vt 0.50200 0.00200
vt 0.50200 0.49800
vt 0.99800 0.49800
vt 0.99800 0.00200
vt 0.50200 0.00200
vt 0.50200 0.49800
vt 0.99800 0.49800
vt 0.99800 0.00200
vt 0.50200 0.00200
vt 0.50200 0.49800
vt 0.99800 0.49800
vt 0.99800 0.00200
vt 0.50200 0.00200
vt 0.50200 0.49800
vt 0.99800 0.49800
vt 0.99800 0.00200
vt 0.50200 0.00200
vt 0.00200 0.99800
vt 0.49800 0.99800
vt 0.49800 0.50200
vt 0.00200 0.50200
vt 0.00200 0.99800
vt 0.49800 0.99800
vt 0.49800 0.50200
vt 0.00200 0.50200
vt 0.00200 0.99800
vt 0.49800 0.99800
vt 0.49800 0.50200
vt 0.00200 0.50200
vt 0.00200 0.99800
vt 0.49800 0.99800
vt 0.49800 0.50200
vt 0.00200 0.50200
vt 0.00200 0.99800
vt 0.49800 0.99800
vt 0.49800 0.50200
vt 0.00200 0.50200
vt 0.00200 0.99800
vt 0.49800 0.99800
vt 0.49800 0.50200
vt 0.00200 0.50200
vt 0.50200 0.99800
vt 0.99800 0.99800
vt 0.99800 0.50200
vt 0.50200 0.50200
vt 0.50200 0.99800
vt 0.99800 0.99800
vt 0.99800 0.50200
vt 0.50200 0.50200
vt 0.50200 0.99800
vt 0.99800 0.99800
vt 0.99800 0.50200
vt 0.50200 0.50200
vt 0.50200 0.99800
vt 0.99800 0.99800
vt 0.99800 0.50200
vt 0.50200 0.50200
vt 0.50200 0.99800
vt 0.99800 0.99800
vt 0.99800 0.50200
vt 0.50200 0.50200
vt 0.50200 0.99800
vt 0.99800 0.99800
vt 0.99800 0.50200
vt 0.50200 0.50200
vt 0.00200 0.49800
vt 0.49800 0.49800
vt 0.49800 0.00200
vt 0.00200 0.00200
vt 0.00200 0.49800
vt 0.49800 0.49800
vt 0.49800 0.00200
vt 0.00200 0.00200
vt 0.00200 0.49800
vt 0.49800 0.49800
vt 0.49800 0.00200
vt 0.00200 0.00200
vt 0.00200 0.49800
vt 0.49800 0.49800
vt 0.49800 0.00200
vt 0.00200 0.00200
vt 0.00200 0.49800
vt 0.49800 0.49800
vt 0.49800 0.00200
vt 0.00200 0.00200
vt 0.00200 0.49800
vt 0.49800 0.49800
vt 0.49800 0.00200
vt 0.00200 0.00200
vt 0.50200 0.49800
vt 0.99800 0.49800
vt 0.99800 0.00200
vt 0.50200 0.00200
vt 0.50200 0.49800
vt 0.99800 0.49800
vt 0.99800 0.00200
vt 0.50200 0.00200
vt 0.50200 0.49800
vt 0.99800 0.49800
vt 0.99800 0.00200
vt 0.50200 0.00200
vt 0.50200 0.49800
vt 0.99800 0.49800
vt 0.99800 0.00200
vt 0.50200 0.00200
vt 0.50200 0.49800
vt 0.99800 0.49800
vt 0.99800 0.00200
vt 0.50200 0.00200
vt 0.50200 0.49800
vt 0.99800 0.49800
vt 0.99800 0.00200
vt 0.50200 0.00200
vt 0.00200 0.99800
vt 0.49800 0.99800
vt 0.49800 0.50200
vt 0.00200 0.50200
vt 0.00200 0.99800
vt 0.49800 0.99800
vt 0.49800 0.50200
vt 0.00200 0.50200
vt 0.00200 0.99800
vt 0.49800 0.99800
vt 0.49800 0.50200
vt 0.00200 0.50200
vt 0.00200 0.99800
vt 0.49800 0.99800
vt 0.49800 0.50200
vt 0.00200 0.50200
vt 0.00200 0.99800
vt 0.49800 0.99800
vt 0.49800 0.50200
vt 0.00200 0.50200
vt 0.00200 0.99800
vt 0.49800 0.99800
vt 0.49800 0.50200
vt 0.00200 0.50200
vt 0.50200 0.99800
vt 0.99800 0.99800
vt 0.99800 0.50200
vt 0.50200 0.50200
vt 0.50200 0.99800
vt 0.99800 0.99800
vt 0.99800 0.50200
vt 0.50200 0.50200
vt 0.50200 0.99800
vt 0.99800 0.99800
vt 0.99800 0.50200
vt 0.50200 0.50200
vt 0.50200 0.99800
vt 0.99800 0.99800
vt 0.99800 0.50200
vt 0.50200 0.50200
vt 0.50200 0.99800
vt 0.99800 0.99800
vt 0.99800 0.50200
vt 0.50200 0.50200
vt 0.50200 0.99800
vt 0.99800 0.99800
vt 0.99800 0.50200
vt 0.50200 0.50200
vt 0.00200 0.49800
vt 0.49800 0.49800
vt 0.49800 0.00200
vt 0.00200 0.00200
vt 0.00200 0.49800
vt 0.49800 0.49800
vt 0.49800 0.00200
vt 0.00200 0.00200
vt 0.00200 0.49800
vt 0.49800 0.49800
vt 0.49800 0.00200
vt 0.00200 0.00200
vt 0.00200 0.49800
vt 0.49800 0.49800
vt 0.49800 0.00200
vt 0.00200 0.00200
vt 0.00200 0.49800
vt 0.49800 0.49800
vt 0.49800 0.00200
vt 0.00200 0.00200
vt 0.00200 0.49800
vt 0.49800 0.49800
vt 0.49800 0.00200
vt 0.00200 0.00200
vt 0.50200 0.49800
vt 0.99800 0.49800
vt 0.99800 0.00200
vt 0.50200 0.00200
vt 0.50200 0.49800
vt 0.99800 0.49800
vt 0.99800 0.00200
vt 0.50200 0.00200
vt 0.50200 0.49800
vt 0.99800 0.49800
vt 0.99800 0.00200
vt 0.50200 0.00200
vt 0.50200 0.49800
vt 0.99800 0.49800
vt 0.99800 0.00200
vt 0.50200 0.00200
vt 0.50200 0.49800
vt 0.99800 0.49800
vt 0.99800 0.00200
vt 0.50200 0.00200
vt 0.50200 0.49800
vt 0.99800 0.49800
vt 0.99800 0.00200
vt 0.50200 0.00200
vt 0.00200 0.99800
vt 0.49800 0.99800
vt 0.49800 0.50200
vt 0.00200 0.50200
vt 0.00200 0.99800
vt 0.49800 0.99800
vt 0.49800 0.50200
vt 0.00200 0.50200
vt 0.00200 0.99800
vt 0.49800 0.99800
vt 0.49800 0.50200
vt 0.00200 0.50200
vt 0.00200 0.99800
vt 0.49800 0.99800
vt 0.49800 0.50200
vt 0.00200 0.50200
vt 0.00200 0.99800
vt 0.49800 0.99800
vt 0.49800 0.50200
vt 0.00200 0.50200
vt 0.00200 0.99800
vt 0.49800 0.99800
vt 0.49800 0.50200
vt 0.00200 0.50200
vt 0.50200 0.99800
vt 0.99800 0.99800
vt 0.99800 0.50200
vt 0.50200 0.50200
vt 0.50200 0.99800
vt 0.99800 0.99800
vt 0.99800 0.50200
vt 0.50200 0.50200
vt 0.50200 0.99800
vt 0.99800 0.99800
vt 0.99800 0.50200
vt 0.50200 0.50200
vt 0.50200 0.99800
vt 0.99800 0.99800
vt 0.99800 0.50200
vt 0.50200 0.50200
vt 0.50200 0.99800
vt 0.99800 0.99800
vt 0.99800 0.50200
vt 0.50200 0.50200
vt 0.50200 0.99800
vt 0.99800 0.99800
vt 0.99800 0.50200
vt 0.50200 0.50200
vt 0.00200 0.49800
vt 0.49800 0.49800
vt 0.49800 0.00200
vt 0.00200 0.00200
vt 0.00200 0.49800
vt 0.49800 0.49800
vt 0.49800 0.00200
vt 0.00200 0.00200
vt 0.00200 0.49800
vt 0.49800 0.49800
vt 0.49800 0.00200
vt 0.00200 0.00200
vt 0.00200 0.49800
vt 0.49800 0.49800
vt 0.49800 0.00200
vt 0.00200 0.00200
vt 0.00200 0.49800
vt 0.49800 0.49800
vt 0.49800 0.00200
vt 0.00200 0.00200
vt 0.00200 0.49800
vt 0.49800 0.49800
vt 0.49800 0.00200
vt 0.00200 0.00200
vt 0.50200 0.49800
vt 0.99800 0.49800
vt 0.99800 0.00200
vt 0.50200 0.00200
vt 0.50200 0.49800
vt 0.99800 0.49800
vt 0.99800 0.00200
vt 0.50200 0.00200
vt 0.50200 0.49800
vt 0.99800 0.49800
vt 0.99800 0.00200
vt 0.50200 0.00200
vt 0.50200 0.49800
vt 0.99800 0.49800
vt 0.99800 0.00200
vt 0.50200 0.00200
vt 0.50200 0.49800
vt 0.99800 0.49800
vt 0.99800 0.00200
vt 0.50200 0.00200
vt 0.50200 0.49800
vt 0.99800 0.49800
vt 0.99800 0.00200
vt 0.50200 0.00200
vt 0.00200 0.99800
vt 0.49800 0.99800
vt 0.49800 0.50200
vt 0.00200 0.50200
vt 0.00200 0.99800
vt 0.49800 0.99800
vt 0.49800 0.50200
vt 0.00200 0.50200
vt 0.00200 0.99800
vt 0.49800 0.99800
vt 0.49800 0.50200
vt 0.00200 0.50200
vt 0.00200 0.99800
vt 0.49800 0.99800
vt 0.49800 0.50200
vt 0.00200 0.50200
vt 0.00200 0.99800
vt 0.49800 0.99800
vt 0.49800 0.50200
vt 0.00200 0.50200
vt 0.00200 0.99800
vt 0.49800 0.99800
vt 0.49800 0.50200
vt 0.00200 0.50200
vt 0.50200 0.99800
vt 0.99800 0.99800
vt 0.99800 0.50200
vt 0.50200 0.50200
vt 0.50200 0.99800
vt 0.99800 0.99800
vt 0.99800 0.50200
vt 0.50200 0.50200
vt 0.50200 0.99800
vt 0.99800 0.99800
vt 0.99800 0.50200
vt 0.50200 0.50200
vt 0.50200 0.99800
vt 0.99800 0.99800
vt 0.99800 0.50200
vt 0.50200 0.50200
vt 0.50200 0.99800
vt 0.99800 0.99800
vt 0.99800 0.50200
vt 0.50200 0.50200
vt 0.50200 0.99800
vt 0.99800 0.99800
vt 0.99800 0.50200
vt 0.50200 0.50200
vt 0.00200 0.49800
vt 0.49800 0.49800
vt 0.49800 0.00200
vt 0.00200 0.00200
vt 0.00200 0.49800
vt 0.49800 0.49800
vt 0.49800 0.00200
vt 0.00200 0.00200
vt 0.00200 0.49800
vt 0.49800 0.49800
vt 0.49800 0.00200
vt 0.00200 0.00200
vt 0.00200 0.49800
vt 0.49800 0.49800
vt 0.49800 0.00200
vt 0.00200 0.00200
vt 0.00200 0.49800
vt 0.49800 0.49800
vt 0.49800 0.00200
vt 0.00200 0.00200
vt 0.00200 0.49800
vt 0.49800 0.49800
vt 0.49800 0.00200
vt 0.00200 0.00200
vt 0.50200 0.49800
vt 0.99800 0.49800
vt 0.99800 0.00200
vt 0.50200 0.00200
vt 0.50200 0.49800
vt 0.99800 0.49800
vt 0.99800 0.00200
vt 0.50200 0.00200
vt 0.50200 0.49800
vt 0.99800 0.49800
vt 0.99800 0.00200
vt 0.50200 0.00200
vt 0.50200 0.49800
vt 0.99800 0.49800
vt 0.99800 0.00200
vt 0.50200 0.00200
vt 0.50200 0.49800
vt 0.99800 0.49800
vt 0.99800 0.00200
vt 0.50200 0.00200
vt 0.50200 0.49800
vt 0.99800 0.49800
vt 0.99800 0.00200
vt 0.50200 0.00200
vt 0.00200 0.99800
vt 0.49800 0.99800
vt 0.49800 0.50200
vt 0.00200 0.50200
vt 0.00200 0.99800
vt 0.49800 0.99800
vt 0.49800 0.50200
vt 0.00200 0.50200
vt 0.00200 0.99800
vt 0.49800 0.99800
vt 0.49800 0.50200
vt 0.00200 0.50200
vt 0.00200 0.99800
vt 0.49800 0.99800
vt 0.49800 0.50200
vt 0.00200 0.50200
vt 0.00200 0.99800
vt 0.49800 0.99800
vt 0.49800 0.50200
vt 0.00200 0.50200
vt 0.00200 0.99800
vt 0.49800 0.99800
vt 0.49800 0.50200
vt 0.00200 0.50200
vt 0.50200 0.99800
vt 0.99800 0.99800
vt 0.99800 0.50200
vt 0.50200 0.50200
vt 0.50200 0.99800
vt 0.99800 0.99800
vt 0.99800 0.50200
vt 0.50200 0.50200
vt 0.50200 0.99800
vt 0.99800 0.99800
vt 0.99800 0.50200
vt 0.50200 0.50200
vt 0.50200 0.99800
vt 0.99800 0.99800
vt 0.99800 0.50200
vt 0.50200 0.50200
vt 0.50200 0.99800
vt 0.99800 0.99800
vt 0.99800 0.50200
vt 0.50200 0.50200
vt 0.50200 0.99800
vt 0.99800 0.99800
vt 0.99800 0.50200
vt 0.50200 0.50200
vt 0.00200 0.49800
vt 0.49800 0.49800
vt 0.49800 0.00200
vt 0.00200 0.00200
vt 0.00200 0.49800
vt 0.49800 0.49800
vt 0.49800 0.00200
vt 0.00200 0.00200
vt 0.00200 0.49800
vt 0.49800 0.49800
vt 0.49800 0.00200
vt 0.00200 0.00200
vt 0.00200 0.49800
vt 0.49800 0.49800
vt 0.49800 0.00200
vt 0.00200 0.00200
vt 0.00200 0.49800
vt 0.49800 0.49800
vt 0.49800 0.00200
vt 0.00200 0.00200
vt 0.00200 0.49800
vt 0.49800 0.49800
vt 0.49800 0.00200
vt 0.00200 0.00200
vt 0.50200 0.49800
vt 0.99800 0.49800
vt 0.99800 0.00200
vt 0.50200 0.00200
vt 0.50200 0.49800
vt 0.99800 0.49800
vt 0.99800 0.00200
vt 0.50200 0.00200
vt 0.50200 0.49800
vt 0.99800 0.49800
vt 0.99800 0.00200
vt 0.50200 0.00200
vt 0.50200 0.49800
vt 0.99800 0.49800
vt 0.99800 0.00200
vt 0.50200 0.00200
vt 0.50200 0.49800
vt 0.99800 0.49800
vt 0.99800 0.00200
vt 0.50200 0.00200
vt 0.50200 0.49800
vt 0.99800 0.49800
vt 0.99800 0.00200
vt 0.50200 0.00200
vt 0.00200 0.99800
vt 0.49800 0.99800
vt 0.49800 0.50200
vt 0.00200 0.50200
vt 0.00200 0.99800
vt 0.49800 0.99800
vt 0.49800 0.50200
vt 0.00200 0.50200
vt 0.00200 0.99800
vt 0.49800 0.99800
vt 0.49800 0.50200
vt 0.00200 0.50200
vt 0.00200 0.99800
vt 0.49800 0.99800
vt 0.49800 0.50200
vt 0.00200 0.50200
vt 0.00200 0.99800
vt 0.49800 0.99800
vt 0.49800 0.50200
vt 0.00200 0.50200
vt 0.00200 0.99800
vt 0.49800 0.99800
vt 0.49800 0.50200
vt 0.00200 0.50200
vt 0.50200 0.99800
vt 0.99800 0.99800
vt 0.99800 0.50200
vt 0.50200 0.50200
vt 0.50200 0.99800
vt 0.99800 0.99800
vt 0.99800 0.50200
vt 0.50200 0.50200
vt 0.50200 0.99800
vt 0.99800 0.99800
vt 0.99800 0.50200
vt 0.50200 0.50200
vt 0.50200 0.99800
vt 0.99800 0.99800
vt 0.99800 0.50200
vt 0.50200 0.50200
vt 0.50200 0.99800
vt 0.99800 0.99800
vt 0.99800 0.50200
vt 0.50200 0.50200
vt 0.50200 0.99800
vt 0.99800 0.99800
vt 0.99800 0.50200
vt 0.50200 0.50200
vt 0.00200 0.49800
vt 0.49800 0.49800
vt 0.49800 0.00200
vt 0.00200 0.00200
vt 0.00200 0.49800
vt 0.49800 0.49800
vt 0.49800 0.00200
vt 0.00200 0.00200
vt 0.00200 0.49800
vt 0.49800 0.49800
vt 0.49800 0.00200
vt 0.00200 0.00200
vt 0.00200 0.49800
vt 0.49800 0.49800
vt 0.49800 0.00200
vt 0.00200 0.00200
vt 0.00200 0.49800
vt 0.49800 0.49800
vt 0.49800 0.00200
vt 0.00200 0.00200
vt 0.00200 0.49800
vt 0.49800 0.49800
vt 0.49800 0.00200
vt 0.00200 0.00200
vt 0.50200 0.49800
vt 0.99800 0.49800
vt 0.99800 0.00200
vt 0.50200 0.00200
vt 0.50200 0.49800
vt 0.99800 0.49800
vt 0.99800 0.00200
vt 0.50200 0.00200
vt 0.50200 0.49800
vt 0.99800 0.49800
vt 0.99800 0.00200
vt 0.50200 0.00200
vt 0.50200 0.49800
vt 0.99800 0.49800
vt 0.99800 0.00200
vt 0.50200 0.00200
vt 0.50200 0.49800
vt 0.99800 0.49800
vt 0.99800 0.00200
vt 0.50200 0.00200
vt 0.50200 0.49800
vt 0.99800 0.49800
vt 0.99800 0.00200
vt 0.50200 0.00200
vt 0.00200 0.99800
vt 0.49800 0.99800
vt 0.49800 0.50200
vt 0.00200 0.50200
vt 0.00200 0.99800
vt 0.49800 0.99800
vt 0.49800 0.50200
vt 0.00200 0.50200
vt 0.00200 0.99800
vt 0.49800 0.99800
vt 0.49800 0.50200
vt 0.00200 0.50200
vt 0.00200 0.99800
vt 0.49800 0.99800
vt 0.49800 0.50200
vt 0.00200 0.50200
vt 0.00200 0.99800
vt 0.49800 0.99800
vt 0.49800 0.50200
vt 0.00200 0.50200
vt 0.00200 0.99800
vt 0.49800 0.99800
vt 0.49800 0.50200
vt 0.00200 0.50200
vt 0.50200 0.99800
vt 0.99800 0.99800
vt 0.99800 0.50200
vt 0.50200 0.50200
vt 0.50200 0.99800
vt 0.99800 0.99800
vt 0.99800 0.50200
vt 0.50200 0.50200
vt 0.50200 0.99800
vt 0.99800 0.99800
vt 0.99800 0.50200
vt 0.50200 0.50200
vt 0.50200 0.99800
vt 0.99800 0.99800
vt 0.99800 0.50200
vt 0.50200 0.50200
vt 0.50200 0.99800
vt 0.99800 0.99800
vt 0.99800 0.50200
vt 0.50200 0.50200
vt 0.50200 0.99800
vt 0.99800 0.99800
vt 0.99800 0.50200
vt 0.50200 0.50200
vt 0.00200 0.49800
vt 0.49800 0.49800
vt 0.49800 0.00200
vt 0.00200 0.00200
vt 0.00200 0.49800
vt 0.49800 0.49800
vt 0.49800 0.00200
vt 0.00200 0.00200
vt 0.00200 0.49800
vt 0.49800 0.49800
vt 0.49800 0.00200
vt 0.00200 0.00200
vt 0.00200 0.49800
vt 0.49800 0.49800
vt 0.49800 0.00200
vt 0.00200 0.00200
vt 0.00200 0.49800
vt 0.49800 0.49800
vt 0.49800 0.00200
vt 0.00200 0.00200
vt 0.00200 0.49800
vt 0.49800 0.49800
vt 0.49800 0.00200
vt 0.00200 0.00200
vt 0.50200 0.49800
vt 0.99800 0.49800
vt 0.99800 0.00200
vt 0.50200 0.00200
vt 0.50200 0.49800
vt 0.99800 0.49800
vt 0.99800 0.00200
vt 0.50200 0.00200
vt 0.50200 0.49800
vt 0.99800 0.49800
vt 0.99800 0.00200
vt 0.50200 0.00200
vt 0.50200 0.49800
vt 0.99800 0.49800
vt 0.99800 0.00200
vt 0.50200 0.00200
vt 0.50200 0.49800
vt 0.99800 0.49800
vt 0.99800 0.00200
vt 0.50200 0.00200
vt 0.50200 0.49800
vt 0.99800 0.49800
vt 0.99800 0.00200
vt 0.50200 0.00200
vt 0.00200 0.99800
vt 0.49800 0.99800
vt 0.49800 0.50200
vt 0.00200 0.50200
vt 0.00200 0.99800
vt 0.49800 0.99800
vt 0.49800 0.50200
vt 0.00200 0.50200
vt 0.00200 0.99800
vt 0.49800 0.99800
vt 0.49800 0.50200
vt 0.00200 0.50200
vt 0.00200 0.99800
vt 0.49800 0.99800
vt 0.49800 0.50200
vt 0.00200 0.50200
vt 0.00200 0.99800
vt 0.49800 0.99800
vt 0.49800 0.50200
vt 0.00200 0.50200
vt 0.00200 0.99800
vt 0.49800 0.99800
vt 0.49800 0.50200
vt 0.00200 0.50200
vt 0.50200 0.99800
vt 0.99800 0.99800
vt 0.99800 0.50200
vt 0.50200 0.50200
vt 0.50200 0.99800
vt 0.99800 0.99800
vt 0.99800 0.50200
vt 0.50200 0.50200
vt 0.50200 0.99800
vt 0.99800 0.99800
vt 0.99800 0.50200
vt 0.50200 0.50200
vt 0.50200 0.99800
vt 0.99800 0.99800
vt 0.99800 0.50200
vt 0.50200 0.50200
vt 0.50200 0.99800
vt 0.99800 0.99800
vt 0.99800 0.50200
vt 0.50200 0.50200
vt 0.50200 0.99800
vt 0.99800 0.99800
vt 0.99800 0.50200
vt 0.50200 0.50200
vt 0.00200 0.49800
vt 0.49800 0.49800
vt 0.49800 0.00200
vt 0.00200 0.00200
vt 0.00200 0.49800
vt 0.49800 0.49800
vt 0.49800 0.00200
vt 0.00200 0.00200
vt 0.00200 0.49800
vt 0.49800 0.49800
vt 0.49800 0.00200
vt 0.00200 0.00200
vt 0.00200 0.49800
vt 0.49800 0.49800
vt 0.49800 0.00200
vt 0.00200 0.00200
vt 0.00200 0.49800
vt 0.49800 0.49800
vt 0.49800 0.00200
vt 0.00200 0.00200
vt 0.00200 0.49800
vt 0.49800 0.49800
vt 0.49800 0.00200
vt 0.00200 0.00200
vt 0.50200 0.49800
vt 0.99800 0.49800
vt 0.99800 0.00200
vt 0.50200 0.00200
vt 0.50200 0.49800
vt 0.99800 0.49800
vt 0.99800 0.00200
vt 0.50200 0.00200
vt 0.50200 0.49800
vt 0.99800 0.49800
vt 0.99800 0.00200
vt 0.50200 0.00200
vt 0.50200 0.49800
vt 0.99800 0.49800
vt 0.99800 0.00200
vt 0.50200 0.00200
vt 0.50200 0.49800
vt 0.99800 0.49800
vt 0.99800 0.00200
vt 0.50200 0.00200
vt 0.50200 0.49800
vt 0.99800 0.49800
vt 0.99800 0.00200
vt 0.50200 0.00200
vt 0.00200 0.99800
vt 0.49800 0.99800
vt 0.49800 0.50200
vt 0.00200 0.50200
vt 0.00200 0.99800
vt 0.49800 0.99800
vt 0.49800 0.50200
vt 0.00200 0.50200
vt 0.00200 0.99800
vt 0.49800 0.99800
vt 0.49800 0.50200
vt 0.00200 0.50200
vt 0.00200 0.99800
vt 0.49800 0.99800
vt 0.49800 0.50200
vt 0.00200 0.50200
vt 0.00200 0.99800
vt 0.49800 0.99800
vt 0.49800 0.50200
vt 0.00200 0.50200
vt 0.00200 0.99800
vt 0.49800 0.99800
vt 0.49800 0.50200
vt 0.00200 0.50200
vt 0.50200 0.99800
vt 0.99800 0.99800
vt 0.99800 0.50200
vt 0.50200 0.50200
vt 0.50200 0.99800
vt 0.99800 0.99800
vt 0.99800 0.50200
vt 0.50200 0.50200
vt 0.50200 0.99800
vt 0.99800 0.99800
vt 0.99800 0.50200
vt 0.50200 0.50200
vt 0.50200 0.99800
vt 0.99800 0.99800
vt 0.99800 0.50200
vt 0.50200 0.50200
vt 0.50200 0.99800
vt 0.99800 0.99800
vt 0.99800 0.50200
vt 0.50200 0.50200
vt 0.50200 0.99800
vt 0.99800 0.99800
vt 0.99800 0.50200
vt 0.50200 0.50200
vt 0.00200 0.49800
vt 0.49800 0.49800
vt 0.49800 0.00200
vt 0.00200 0.00200
vt 0.00200 0.49800
vt 0.49800 0.49800
vt 0.49800 0.00200
vt 0.00200 0.00200
vt 0.00200 0.49800
vt 0.49800 0.49800
vt 0.49800 0.00200
vt 0.00200 0.00200
vt 0.00200 0.49800
vt 0.49800 0.49800
vt 0.49800 0.00200
vt 0.00200 0.00200
vt 0.00200 0.49800
vt 0.49800 0.49800
vt 0.49800 0.00200
vt 0.00200 0.00200
vt 0.00200 0.49800
vt 0.49800 0.49800
vt 0.49800 0.00200
vt 0.00200 0.00200
vt 0.50200 0.49800
vt 0.99800 0.49800
vt 0.99800 0.00200
vt 0.50200 0.00200
vt 0.50200 0.49800
vt 0.99800 0.49800
vt 0.99800 0.00200
vt 0.50200 0.00200
vt 0.50200 0.49800
vt 0.99800 0.49800
vt 0.99800 0.00200
vt 0.50200 0.00200
vt 0.50200 0.49800
vt 0.99800 0.49800
vt 0.99800 0.00200
vt 0.50200 0.00200
vt 0.50200 0.49800
vt 0.99800 0.49800
vt 0.99800 0.00200
vt 0.50200 0.00200
vt 0.50200 0.49800
vt 0.99800 0.49800
vt 0.99800 0.00200
vt 0.50200 0.00200
vt 0.00200 0.99800
vt 0.49800 0.99800
vt 0.49800 0.50200
vt 0.00200 0.50200
vt 0.00200 0.99800
vt 0.49800 0.99800
vt 0.49800 0.50200
vt 0.00200 0.50200
vt 0.00200 0.99800
vt 0.49800 0.99800
vt 0.49800 0.50200
vt 0.00200 0.50200
vt 0.00200 0.99800
vt 0.49800 0.99800
vt 0.49800 0.50200
vt 0.00200 0.50200
vt 0.00200 0.99800
vt 0.49800 0.99800
vt 0.49800 0.50200
vt 0.00200 0.50200
vt 0.00200 0.99800
vt 0.49800 0.99800
vt 0.49800 0.50200
vt 0.00200 0.50200
vt 0.50200 0.99800
vt 0.99800 0.99800
vt 0.99800 0.50200
vt 0.50200 0.50200
vt 0.50200 0.99800
vt 0.99800 0.99800
vt 0.99800 0.50200
vt 0.50200 0.50200
vt 0.50200 0.99800
vt 0.99800 0.99800
vt 0.99800 0.50200
vt 0.50200 0.50200
vt 0.50200 0.99800
vt 0.99800 0.99800
vt 0.99800 0.50200
vt 0.50200 0.50200
vt 0.50200 0.99800
vt 0.99800 0.99800
vt 0.99800 0.50200
vt 0.50200 0.50200
vt 0.50200 0.99800
vt 0.99800 0.99800
vt 0.99800 0.50200
vt 0.50200 0.50200
vt 0.00200 0.49800
vt 0.49800 0.49800
vt 0.49800 0.00200
vt 0.00200 0.00200
vt 0.00200 0.49800
vt 0.49800 0.49800
vt 0.49800 0.00200
vt 0.00200 0.00200
vt 0.00200 0.49800
vt 0.49800 0.49800
vt 0.49800 0.00200
vt 0.00200 0.00200
vt 0.00200 0.49800
vt 0.49800 0.49800
vt 0.49800 0.00200
vt 0.00200 0.00200
vt 0.00200 0.49800
vt 0.49800 0.49800
vt 0.49800 0.00200
vt 0.00200 0.00200
vt 0.00200 0.49800
vt 0.49800 0.49800
vt 0.49800 0.00200
vt 0.00200 0.00200
vt 0.50200 0.49800
vt 0.99800 0.49800
vt 0.99800 0.00200
vt 0.50200 0.00200
vt 0.50200 0.49800
vt 0.99800 0.49800
vt 0.99800 0.00200
vt 0.50200 0.00200
vt 0.50200 0.49800
vt 0.99800 0.49800
vt 0.99800 0.00200
vt 0.50200 0.00200
vt 0.50200 0.49800
vt 0.99800 0.49800
vt 0.99800 0.00200
vt 0.50200 0.00200
vt 0.50200 0.49800
vt 0.99800 0.49800
vt 0.99800 0.00200
vt 0.50200 0.00200
vt 0.50200 0.49800
vt 0.99800 0.49800
vt 0.99800 0.00200
vt 0.50200 0.00200
vt 0.00200 0.99800
vt 0.49800 0.99800
vt 0.49800 0.50200
vt 0.00200 0.50200
vt 0.00200 0.99800
vt 0.49800 0.99800
vt 0.49800 0.50200
vt 0.00200 0.50200
vt 0.00200 0.99800
vt 0.49800 0.99800
vt 0.49800 0.50200
vt 0.00200 0.50200
vt 0.00200 0.99800
vt 0.49800 0.99800
vt 0.49800 0.50200
vt 0.00200 0.50200
vt 0.00200 0.99800
vt 0.49800 0.99800
vt 0.49800 0.50200
vt 0.00200 0.50200
vt 0.00200 0.99800
vt 0.49800 0.99800
vt 0.49800 0.50200
vt 0.00200 0.50200
vt 0.50200 0.99800
vt 0.99800 0.99800
vt 0.99800 0.50200
vt 0.50200 0.50200
vt 0.50200 0.99800
vt 0.99800 0.99800
vt 0.99800 0.50200
vt 0.50200 0.50200
vt 0.50200 0.99800
vt 0.99800 0.99800
vt 0.99800 0.50200
vt 0.50200 0.50200
vt 0.50200 0.99800
vt 0.99800 0.99800
vt 0.99800 0.50200
vt 0.50200 0.50200
vt 0.50200 0.99800
vt 0.99800 0.99800
vt 0.99800 0.50200
vt 0.50200 0.50200
vt 0.50200 0.99800
vt 0.99800 0.99800
vt 0.99800 0.50200
vt 0.50200 0.50200
vt 0.00200 0.49800
vt 0.49800 0.49800
vt 0.49800 0.00200
vt 0.00200 0.00200
vt 0.00200 0.49800
vt 0.49800 0.49800
vt 0.49800 0.00200
vt 0.00200 0.00200
vt 0.00200 0.49800
vt 0.49800 0.49800
vt 0.49800 0.00200
vt 0.00200 0.00200
vt 0.00200 0.49800
vt 0.49800 0.49800
vt 0.49800 0.00200
vt 0.00200 0.00200
vt 0.00200 0.49800
vt 0.49800 0.49800
vt 0.49800 0.00200
vt 0.00200 0.00200
vt 0.00200 0.49800
vt 0.49800 0.49800
vt 0.49800 0.00200
vt 0.00200 0.00200
vt 0.50200 0.49800
vt 0.99800 0.49800
vt 0.99800 0.00200
vt 0.50200 0.00200
vt 0.50200 0.49800
vt 0.99800 0.49800
vt 0.99800 0.00200
vt 0.50200 0.00200
vt 0.50200 0.49800
vt 0.99800 0.49800
vt 0.99800 0.00200
vt 0.50200 0.00200
vt 0.50200 0.49800
vt 0.99800 0.49800
vt 0.99800 0.00200
vt 0.50200 0.00200
vt 0.50200 0.49800
vt 0.99800 0.49800
vt 0.99800 0.00200
vt 0.50200 0.00200
vt 0.50200 0.49800
vt 0.99800 0.49800
vt 0.99800 0.00200
vt 0.50200 0.00200
vn -0.9090 -0.4058 -0.0953
vn 0.9090 0.4058 0.0953
vn -0.2107 0.9702 -0.1198
vn 0.2107 -0.9702 0.1198
vn 0.9643 0.2632 -0.0296
vn -0.9643 -0.2632 0.0296
vn -0.9813 0.1700 -0.0907
vn 0.9813 -0.1700 0.0907
vn -0.7945 0.6055 -0.0452
vn 0.7945 -0.6055 0.0452
vn -0.9799 0.0795 0.1830
vn 0.9799 -0.0795 -0.1830
vn 0.1164 -0.9817 -0.1510
vn -0.1164 0.9817 0.1510
vn -0.9355 0.3506 0.0427
vn 0.9355 -0.3506 -0.0427
vn 0.9201 0.3590 0.1569
vn -0.9201 -0.3590 -0.1569
vn -0.9773 -0.1901 0.0931
vn 0.9773 0.1901 -0.0931
vn 0.9711 -0.2254 -0.0791
vn -0.9711 0.2254 0.0791
vn -0.8493 -0.5115 0.1306
vn 0.8493 0.5115 -0.1306
vn 0.2732 -0.9617 0.0225
vn -0.2732 0.9617 -0.0225
vn -0.3611 -0.9211 0.1455
vn 0.3611 0.9211 -0.1455
vn 0.5208 -0.8525 0.0444
vn -0.5208 0.8525 -0.0444
vn -0.4493 -0.8866 -0.1097
vn 0.4493 0.8866 0.1097
vn -0.9681 0.1673 0.1863
vn 0.9681 -0.1673 -0.1863
vn 0.8480 0.4982 -0.1807
vn -0.8480 -0.4982 0.1807
vn -0.2759 0.9611 -0.0117
vn 0.2759 -0.9611 0.0117
vn 0.5477 -0.8364 -0.0216
vn -0.5477 0.8364 0.0216
vn -0.9093 -0.3969 0.1253
vn 0.9093 0.3969 -0.1253
vn -0.2118 0.9737 -0.0843
vn 0.2118 -0.9737 0.0843
vn 0.1198 -0.9863 0.1132
vn -0.1198 0.9863 -0.1132
vn -0.2086 0.9683 0.1375
vn 0.2086 -0.9683 -0.1375
vn 0.7536 -0.6359 -0.1663
vn -0.7536 0.6359 0.1663
vn 0.9949 -0.0467 -0.0893
vn -0.9949 0.0467 0.0893
vn 0.9669 -0.2212 -0.1274
vn -0.9669 0.2212 0.1274
vn 0.2197 0.9746 0.0443
vn -0.2197 -0.9746 -0.0443
vn -0.7985 -0.5941 -0.0973
vn 0.7985 0.5941 0.0973
vn -0.6518 0.7554 -0.0672
vn 0.6518 -0.7554 0.0672
vn -0.6501 -0.7510 0.1155
vn 0.6501 0.7510 -0.1155
vn -0.9957 0.0482 -0.0793
vn 0.9957 -0.0482 0.0793
vn -0.3365 -0.9417 -0.0012
vn 0.3365 0.9417 0.0012
vn -0.9817 -0.0491 0.1837
vn 0.9817 0.0491 -0.1837
vn 0.1542 -0.9747 -0.1619
vn -0.1542 0.9747 0.1619
vn 0.8855 -0.4626 0.0427
vn -0.8855 0.4626 -0.0427
vn 0.7580 -0.6351 -0.1489
vn -0.7580 0.6351 0.1489
vn -0.1108 -0.9931 0.0386
vn 0.1108 0.9931 -0.0386
vn -0.1679 0.9817 -0.0901
vn 0.1679 -0.9817 0.0901
vn -0.7339 -0.6776 -0.0474
vn 0.7339 0.6776 0.0474
vn -0.6819 -0.7151 0.1537
vn 0.6819 0.7151 -0.1537
vn -0.4289 -0.8884 -0.1637
vn 0.4289 0.8884 0.1637
vn -0.4601 0.8879 0.0025
vn 0.4601 -0.8879 -0.0025
vn 0.6189 0.7789 -0.1012
vn -0.6189 -0.7789 0.1012
vn -0.7513 -0.6457 0.1360
vn 0.7513 0.6457 -0.1360
vn 0.5323 0.8305 -0.1640
vn -0.5323 -0.8305 0.1640
vn 0.9266 0.3635 -0.0967
vn -0.9266 -0.3635 0.0967
vn -0.9549 -0.2541 -0.1536
vn 0.9549 0.2541 0.1536
vn -0.2428 0.9553 0.1685
vn 0.2428 -0.9553 -0.1685
vn 0.7511 -0.6386 -0.1674
vn -0.7511 0.6386 0.1674
vn 0.6364 -0.7555 0.1553
vn -0.6364 0.7555 -0.1553
vn 0.9813 0.1835 -0.0585
vn -0.9813 -0.1835 0.0585
vn -0.7749 -0.6111 0.1614
vn 0.7749 0.6111 -0.1614
vn 0.1991 0.9800 0.0059
vn -0.1991 -0.9800 -0.0059
vn -0.9820 -0.0861 0.1684
vn 0.9820 0.0861 -0.1684
vn -0.9688 -0.2205 -0.1135
vn 0.9688 0.2205 0.1135
vn 0.1484 -0.9863 0.0728
vn -0.1484 0.9863 -0.0728
vn -0.8555 -0.5173 0.0201
vn 0.8555 0.5173 -0.0201
vn -0.9710 -0.2347 -0.0464
vn 0.9710 0.2347 0.0464
vn 0.2286 0.9727 -0.0409
vn -0.2286 -0.9727 0.0409
vn 0.5272 0.8407 -0.1239
vn -0.5272 -0.8407 0.1239
vn 0.8365 0.5220 0.1670
vn -0.8365 -0.5220 -0.1670
vn 0.2994 -0.9524 0.0570
vn -0.2994 0.9524 -0.0570
vn 0.4524 -0.8868 -0.0943
vn -0.4524 0.8868 0.0943
vn -0.8059 -0.5846 0.0931
vn 0.8059 0.5846 -0.0931
vn 0.6556 0.7470 0.1103
vn -0.6556 -0.7470 -0.1103
vn 0.3449 0.9302 -0.1257
vn -0.3449 -0.9302 0.1257
vn -0.6721 0.7386 -0.0522
vn 0.6721 -0.7386 0.0522
vn 0.7015 -0.6930 -0.1660
vn -0.7015 0.6930 0.1660
vn 0.9920 0.1123 0.0584
vn -0.9920 -0.1123 -0.0584
vn 0.2962 -0.9512 -0.0869
vn -0.2962 0.9512 0.0869
vn 0.9451 -0.3265 0.0101
vn -0.9451 0.3265 -0.0101
vn 0.9974 -0.0666 -0.0260
vn -0.9974 0.0666 0.0260
vn -0.6420 0.7663 0.0241
vn 0.6420 -0.7663 -0.0241
vn -0.1829 -0.9765 0.1137
vn 0.1829 0.9765 -0.1137
vn 0.8761 -0.4817 0.0206
vn -0.8761 0.4817 -0.0206
vn 0.8326 -0.5406 -0.1205
vn -0.8326 0.5406 0.1205
vn -0.7656 -0.6336 -0.1114
vn 0.7656 0.6336 0.1114
vn 0.1063 -0.9916 0.0740
vn -0.1063 0.9916 -0.0740
vn 0.1811 0.9706 0.1587
vn -0.1811 -0.9706 -0.1587
vn -0.0827 0.9954 0.0492
vn 0.0827 -0.9954 -0.0492
vn -0.2496 0.9616 0.1145
vn 0.2496 -0.9616 -0.1145
vn -0.2987 0.9383 -0.1740
vn 0.2987 -0.9383 0.1740
vn -0.9967 0.0787 0.0198
vn 0.9967 -0.0787 -0.0198
vn -0.4843 0.8736 -0.0473
vn 0.4843 -0.8736 0.0473
vn 0.9921 -0.0942 -0.0824
vn -0.9921 0.0942 0.0824
vn -0.9936 -0.1087 0.0319
vn 0.9936 0.1087 -0.0319
vn 0.2149 0.9728 -0.0866
vn -0.2149 -0.9728 0.0866
vn -0.9090 -0.4167 -0.0095
vn 0.9090 0.4167 0.0095
vn -0.7887 -0.5946 0.1563
vn 0.7887 0.5946 -0.1563
vn 0.2769 -0.9581 0.0731
vn -0.2769 0.9581 -0.0731
vn -0.7146 0.6827 0.1525
vn 0.7146 -0.6827 -0.1525
vn 0.5974 0.7986 -0.0733
vn -0.5974 -0.7986 0.0733
vn 0.7114 -0.7023 -0.0253
vn -0.7114 0.7023 0.0253
vn -0.8037 0.5831 0.1188
vn 0.8037 -0.5831 -0.1188
vn -0.9797 0.1763 -0.0957
vn 0.9797 -0.1763 0.0957
vn -0.9911 -0.1334 0.0036
vn 0.9911 0.1334 -0.0036
vn -0.9716 -0.2027 -0.1221
vn 0.9716 0.2027 0.1221
vn -0.5288 0.8473 0.0486
vn 0.5288 -0.8473 -0.0486
vn 0.5687 0.8089 -0.1492
vn -0.5687 -0.8089 0.1492
vn 0.4498 0.8900 -0.0747
vn -0.4498 -0.8900 0.0747
vn -0.5567 0.8126 -0.1725
vn 0.5567 -0.8126 0.1725
vn 0.4452 0.8889 0.1078
vn -0.4452 -0.8889 -0.1078
vn -0.8470 -0.5189 -0.1152
vn 0.8470 0.5189 0.1152
vn -0.9877 0.1550 0.0217
vn 0.9877 -0.1550 -0.0217
vn 0.9997 0.0200 -0.0159
vn -0.9997 -0.0200 0.0159
vn -0.9776 0.2097 -0.0204
vn 0.9776 -0.2097 0.0204
vn 0.4573 -0.8717 -0.1760
vn -0.4573 0.8717 0.1760
vn -0.8942 0.4355 0.1036
vn 0.8942 -0.4355 -0.1036
vn -0.8082 0.5695 -0.1501
vn 0.8082 -0.5695 0.1501
vn -0.5793 0.8140 0.0413
vn 0.5793 -0.8140 -0.0413
vn -0.5679 -0.8231 -0.0071
vn 0.5679 0.8231 0.0071
vn 0.4432 -0.8964 0.0018
vn -0.4432 0.8964 -0.0018
vn -0.1453 -0.9859 -0.0834
vn 0.1453 0.9859 0.0834
vn -0.9674 -0.2492 -0.0440
vn 0.9674 0.2492 0.0440
vn -0.4053 -0.9136 0.0337
vn 0.4053 0.9136 -0.0337
vn -0.7022 -0.7120 -0.0011
vn 0.7022 0.7120 0.0011
vn 0.8154 0.5702 -0.0999
vn -0.8154 -0.5702 0.0999
vn 0.8123 0.5704 0.1215
vn -0.8123 -0.5704 -0.1215
vn -0.1369 -0.9826 0.1259
vn 0.1369 0.9826 -0.1259
vn 0.8488 0.5212 0.0882
vn -0.8488 -0.5212 -0.0882
vn -0.7305 0.6605 -0.1737
vn 0.7305 -0.6605 0.1737
vn -0.1557 0.9856 -0.0661
vn 0.1557 -0.9856 0.0661
vn 0.6033 0.7768 0.1806
vn -0.6033 -0.7768 -0.1806
vn -0.9806 0.1824 0.0720
vn 0.9806 -0.1824 -0.0720
vn -0.4281 0.8900 0.1569
vn 0.4281 -0.8900 -0.1569
vn -0.9865 0.1595 -0.0364
vn 0.9865 -0.1595 0.0364
vn 0.9510 0.2924 -0.1007
vn -0.9510 -0.2924 0.1007
vn -0.9647 0.2292 -0.1300
vn 0.9647 -0.2292 0.1300
vn 0.6234 0.7700 -0.1356
vn -0.6234 -0.7700 0.1356
vn -0.1313 -0.9911 -0.0198
vn 0.1313 0.9911 0.0198
vn -0.4585 -0.8777 -0.1391
vn 0.4585 0.8777 0.1391
vn -0.2860 -0.9579 -0.0236
vn 0.2860 0.9579 0.0236
vn 0.9139 -0.3707 -0.1653
vn -0.9139 0.3707 0.1653
vn 0.9762 0.2170 -0.0014
vn -0.9762 -0.2170 0.0014
vn -0.9057 0.4074 -0.1172
vn 0.9057 -0.4074 0.1172
vn 0.4037 -0.9148 0.0164
vn -0.4037 0.9148 -0.0164
vn -0.1033 -0.9856 0.1339
vn 0.1033 0.9856 -0.1339
vn 0.5972 -0.7920 -0.1267
vn -0.5972 0.7920 0.1267
vn 0.7730 0.6324 -0.0505
vn -0.7730 -0.6324 0.0505
vn 0.7315 -0.6619 -0.1639
vn -0.7315 0.6619 0.1639
vn 0.3162 -0.9453 0.0798
vn -0.3162 0.9453 -0.0798
vn 0.9703 0.1980 0.1386
vn -0.9703 -0.1980 -0.1386
vn 0.9132 -0.3920 0.1114
vn -0.9132 0.3920 -0.1114
vn -0.0044 0.9980 -0.0637
vn 0.0044 -0.9980 0.0637
vn -0.5121 0.8533 0.0982
vn 0.5121 -0.8533 -0.0982
vn 0.9317 -0.3565 0.0705
vn -0.9317 0.3565 -0.0705
vn 0.5700 0.8143 0.1096
vn -0.5700 -0.8143 -0.1096
vn 0.5545 -0.8314 0.0366
vn -0.5545 0.8314 -0.0366
vn -0.8785 -0.4464 -0.1704
vn 0.8785 0.4464 0.1704
vn -0.2563 -0.9664 0.0179
vn 0.2563 0.9664 -0.0179
vn 0.9957 0.0874 0.0301
vn -0.9957 -0.0874 -0.0301
vn 0.8543 0.5011 -0.1381
vn -0.8543 -0.5011 0.1381
vn -0.7207 0.6886 0.0800
vn 0.7207 -0.6886 -0.0800
vn -0.9977 0.0200 -0.0643
vn 0.9977 -0.0200 0.0643
vn -0.4592 -0.8874 -0.0409
vn 0.4592 0.8874 0.0409
vn -0.8686 0.4947 -0.0295
vn 0.8686 -0.4947 0.0295
vn -0.4383 -0.8981 -0.0365
vn 0.4383 0.8981 0.0365
vn 0.3709 -0.9249 -0.0830
vn -0.3709 0.9249 0.0830
vn -0.0886 -0.9807 0.1745
vn 0.0886 0.9807 -0.1745
vn -0.7985 0.6020 0.0047
vn 0.7985 -0.6020 -0.0047
vn -0.3172 -0.9412 -0.1165
vn 0.3172 0.9412 0.1165
vn -0.6704 -0.7331 -0.1146
vn 0.6704 0.7331 0.1146
vn 0.9560 0.2837 0.0750
vn -0.9560 -0.2837 -0.0750
vn -0.9574 -0.2860 0.0393
vn 0.9574 0.2860 -0.0393
vn 0.5369 -0.8335 0.1305
vn -0.5369 0.8335 -0.1305
vn 0.9783 -0.1428 -0.1500
vn -0.9783 0.1428 0.1500
vn -0.9499 -0.2886 0.1203
vn 0.9499 0.2886 -0.1203
vn 0.7852 -0.5945 0.1731
vn -0.7852 0.5945 -0.1731
vn 0.8073 0.5899 -0.0186
vn -0.8073 -0.5899 0.0186
vn 0.3828 0.9233 -0.0309
vn -0.3828 -0.9233 0.0309
vn 0.9826 -0.1794 -0.0471
vn -0.9826 0.1794 0.0471
vn -0.4214 0.8974 0.1304
vn 0.4214 -0.8974 -0.1304
vn 0.2698 0.9572 0.1049
vn -0.2698 -0.9572 -0.1049
vn 0.2621 -0.9572 -0.1231
vn -0.2621 0.9572 0.1231
vn 0.7629 -0.6450 0.0441
vn -0.7629 0.6450 -0.0441
vn -0.5766 0.8074 -0.1251
vn 0.5766 -0.8074 0.1251
vn -0.8922 -0.4515 -0.0108
vn 0.8922 0.4515 0.0108
vn -0.4422 -0.8953 0.0543
vn 0.4422 0.8953 -0.0543
vn 0.7202 0.6887 0.0839
vn -0.7202 -0.6887 -0.0839
vn -0.1296 0.9888 0.0740
vn 0.1296 -0.9888 -0.0740
vn 0.2481 -0.9687 0.0044
vn -0.2481 0.9687 -0.0044
vn 0.0100 0.9948 -0.1014
vn -0.0100 -0.9948 0.1014
vn -0.6523 -0.7576 -0.0232
vn 0.6523 0.7576 0.0232
vn -0.9426 0.2993 -0.1478
vn 0.9426 -0.2993 0.1478
vn -0.9442 0.3267 0.0420
vn 0.9442 -0.3267 -0.0420
vn 0.6569 -0.7537 0.0217
vn -0.6569 0.7537 -0.0217
vn -0.4130 0.8962 -0.1619
vn 0.4130 -0.8962 0.1619
vn 0.8244 -0.5655 0.0264
vn -0.8244 0.5655 -0.0264
vn -0.5800 0.8055 -0.1218
vn 0.5800 -0.8055 0.1218
vn 0.8928 0.4490 -0.0351
vn -0.8928 -0.4490 0.0351
vn -0.8772 -0.4691 0.1020
vn 0.8772 0.4691 -0.1020
vn -0.9725 -0.1788 0.1493
vn 0.9725 0.1788 -0.1493
vn -0.9293 0.3240 -0.1774
vn 0.9293 -0.3240 0.1774
vn 0.8601 -0.5060 -0.0651
vn -0.8601 0.5060 0.0651
vn 0.5624 0.8235 0.0750
vn -0.5624 -0.8235 -0.0750
vn 0.9393 0.3027 -0.1613
vn -0.9393 -0.3027 0.1613
vn -0.5991 -0.7791 -0.1847
vn 0.5991 0.7791 0.1847
vn -0.9274 -0.3355 0.1654
vn 0.9274 0.3355 -0.1654
vn -0.9104 0.3724 0.1802
vn 0.9104 -0.3724 -0.1802
vn -0.9765 0.1534 -0.1514
vn 0.9765 -0.1534 0.1514
vn 0.9498 -0.2987 0.0928
vn -0.9498 0.2987 -0.0928
vn -0.9714 0.2154 -0.1001
vn 0.9714 -0.2154 0.1001
vn 0.5312 -0.8348 -0.1450
vn -0.5312 0.8348 0.1450
vn -0.1721 0.9781 0.1172
vn 0.1721 -0.9781 -0.1172
vn 0.6077 0.7941 -0.0129
vn -0.6077 -0.7941 0.0129
vn 0.9624 0.2044 -0.1787
vn -0.9624 -0.2044 0.1787
vn 0.9865 0.1453 0.0753
vn -0.9865 -0.1453 -0.0753
vn -0.6007 0.7785 -0.1820
vn 0.6007 -0.7785 0.1820
vn 0.9146 -0.4019 0.0442
vn -0.9146 0.4019 -0.0442
vn 0.2480 -0.9590 0.1374
vn -0.2480 0.9590 -0.1374
vn -0.8314 0.5328 -0.1578
vn 0.8314 -0.5328 0.1578
vn -0.3361 0.9410 0.0401
vn 0.3361 -0.9410 -0.0401
vn 0.5335 0.8368 -0.1228
vn -0.5335 -0.8368 0.1228
vn 0.9763 0.1369 0.1674
vn -0.9763 -0.1369 -0.1674
vn -0.8380 -0.5448 -0.0316
vn 0.8380 0.5448 0.0316
vn -0.1678 -0.9723 0.1625
vn 0.1678 0.9723 -0.1625
vn 0.8236 -0.5662 0.0347
vn -0.8236 0.5662 -0.0347
vn 0.6976 -0.7132 0.0688
vn -0.6976 0.7132 -0.0688
vn 0.0458 -0.9986 0.0276
vn -0.0458 0.9986 -0.0276
vn -0.6553 0.7527 0.0640
vn 0.6553 -0.7527 -0.0640
vn 0.4897 -0.8683 -0.0793
vn -0.4897 0.8683 0.0793
vn -0.8806 -0.4607 -0.1114
vn 0.8806 0.4607 0.1114
vn -0.9271 0.3556 0.1182
vn 0.9271 -0.3556 -0.1182
vn 0.8914 -0.4528 0.0193
vn -0.8914 0.4528 -0.0193
vn -0.8875 -0.4463 0.1142
vn 0.8875 0.4463 -0.1142
vn -0.7834 0.6086 0.1263
vn 0.7834 -0.6086 -0.1263
vn 0.2494 0.9624 0.1074
vn -0.2494 -0.9624 -0.1074
vn 0.9519 -0.2578 -0.1659
vn -0.9519 0.2578 0.1659
vn -0.5494 0.8277 0.1141
vn 0.5494 -0.8277 -0.1141
vn -0.9843 -0.1547 -0.0852
vn 0.9843 0.1547 0.0852
vn 0.3391 0.9398 0.0424
vn -0.3391 -0.9398 -0.0424
vn -0.2002 0.9772 0.0707
vn 0.2002 -0.9772 -0.0707
vn -0.0537 -0.9986 0.0014
vn 0.0537 0.9986 -0.0014
vn -0.0857 0.9963 -0.0103
vn 0.0857 -0.9963 0.0103
vn 0.6410 -0.7582 -0.1189
vn -0.6410 0.7582 0.1189
vn -0.9679 0.1794 -0.1762
vn 0.9679 -0.1794 0.1762
vn 0.7188 0.6933 0.0507
vn -0.7188 -0.6933 -0.0507
vn -0.5912 0.7904 -0.1606
vn 0.5912 -0.7904 0.1606
vn 0.9546 0.2730 -0.1190
vn -0.9546 -0.2730 0.1190
vn 0.5728 0.8193 -0.0265
vn -0.5728 -0.8193 0.0265
vn -0.5967 0.7831 0.1754
vn 0.5967 -0.7831 -0.1754
vn -0.3991 -0.9009 -0.1705
vn 0.3991 0.9009 0.1705
vn -0.7823 -0.6224 0.0250
vn 0.7823 0.6224 -0.0250
vn -0.9995 0.0244 -0.0215
vn 0.9995 -0.0244 0.0215
vn 0.1298 -0.9776 0.1658
vn -0.1298 0.9776 -0.1658
vn 0.9125 -0.3731 -0.1679
vn -0.9125 0.3731 0.1679
vn -0.3411 0.9374 -0.0701
vn 0.3411 -0.9374 0.0701
vn 0.9410 -0.3217 0.1048
vn -0.9410 0.3217 -0.1048
vn -0.9490 0.2929 0.1163
vn 0.9490 -0.2929 -0.1163
vn -0.9896 0.1392 0.0355
vn 0.9896 -0.1392 -0.0355
vn -0.1880 -0.9756 -0.1134
vn 0.1880 0.9756 0.1134
vn -0.8456 -0.5278 0.0800
vn 0.8456 0.5278 -0.0800
vn -0.7351 -0.6715 0.0935
vn 0.7351 0.6715 -0.0935
vn -0.0794 -0.9831 0.1648
vn 0.0794 0.9831 -0.1648
vn 0.6628 0.7388 -0.1219
vn -0.6628 -0.7388 0.1219
vn -0.6568 0.7397 -0.1465
vn 0.6568 -0.7397 0.1465
vn 0.4417 0.8971 0.0134
vn -0.4417 -0.8971 -0.0134
vn 0.3740 -0.9107 -0.1755
vn -0.3740 0.9107 0.1755
vn 0.2500 -0.9662 -0.0636
vn -0.2500 0.9662 0.0636
vn 0.5866 -0.8086 -0.0452
vn -0.5866 0.8086 0.0452
vn -0.7538 0.6374 -0.1599
vn 0.7538 -0.6374 0.1599
vn 0.0760 0.9795 0.1866
vn -0.0760 -0.9795 -0.1866
vn 0.6956 -0.7107 0.1052
vn -0.6956 0.7107 -0.1052
vn -0.9333 0.3158 0.1711
vn 0.9333 -0.3158 -0.1711
vn -0.4580 0.8879 -0.0432
vn 0.4580 -0.8879 0.0432
vn -0.9888 -0.0194 -0.1483
vn 0.9888 0.0194 0.1483
vn -0.7751 -0.6279 0.0703
vn 0.7751 0.6279 -0.0703
vn -0.7349 0.6762 -0.0509
vn 0.7349 -0.6762 0.0509
vn 0.9993 -0.0149 0.0352
vn -0.9993 0.0149 -0.0352
vn 0.4695 -0.8656 -0.1741
vn -0.4695 0.8656 0.1741
vn 0.1939 0.9741 0.1163
vn -0.1939 -0.9741 -0.1163
vn -0.4273 0.8984 0.1014
vn 0.4273 -0.8984 -0.1014
vn 0.9818 -0.1315 -0.1367
vn -0.9818 0.1315 0.1367
vn -0.5799 0.8137 -0.0412
vn 0.5799 -0.8137 0.0412
vn -0.2261 0.9610 -0.1593
vn 0.2261 -0.9610 0.1593
vn -0.4474 0.8894 0.0935
vn 0.4474 -0.8894 -0.0935
vn -0.4960 0.8632 0.0942
vn 0.4960 -0.8632 -0.0942
vn 0.0167 -0.9873 -0.1579
vn -0.0167 0.9873 0.1579
vn 0.9116 0.3828 0.1501
vn -0.9116 -0.3828 -0.1501
vn 0.2397 0.9672 -0.0844
vn -0.2397 -0.9672 0.0844
vn -0.1072 0.9941 -0.0180
vn 0.1072 -0.9941 0.0180
vn 0.2961 0.9527 0.0684
vn -0.2961 -0.9527 -0.0684
vn -0.1976 0.9701 0.1409
vn 0.1976 -0.9701 -0.1409
vn -0.5607 -0.8258 0.0601
vn 0.5607 0.8258 -0.0601
vn 0.5318 -0.8303 0.1666
vn -0.5318 0.8303 -0.1666
vn 0.9762 -0.2156 -0.0249
vn -0.9762 0.2156 0.0249
vn -0.9077 0.4196 -0.0064
vn 0.9077 -0.4196 0.0064
vn -0.1259 0.9793 0.1583
vn 0.1259 -0.9793 -0.1583
vn 0.7453 -0.6491 -0.1524
vn -0.7453 0.6491 0.1524
vn 0.7968 0.6010 0.0626
vn -0.7968 -0.6010 -0.0626
vn -0.9657 0.2517 0.0632
vn 0.9657 -0.2517 -0.0632
vn -0.4493 -0.8850 0.1223
vn 0.4493 0.8850 -0.1223
vn 0.2513 0.9607 0.1176
vn -0.2513 -0.9607 -0.1176
vn 0.7330 -0.6783 0.0514
vn -0.7330 0.6783 -0.0514
vn 0.8753 -0.4709 -0.1100
vn -0.8753 0.4709 0.1100
vn 0.0568 -0.9913 -0.1191
vn -0.0568 0.9913 0.1191
vn 0.9222 0.3487 0.1671
vn -0.9222 -0.3487 -0.1671
vn -0.9497 -0.2840 0.1317
vn 0.9497 0.2840 -0.1317
vn -0.5495 -0.8350 0.0273
vn 0.5495 0.8350 -0.0273
vn 0.9926 0.0191 -0.1202
vn -0.9926 -0.0191 0.1202
vn 0.9809 -0.1940 0.0140
vn -0.9809 0.1940 -0.0140
vn -0.9892 0.1037 0.1037
vn 0.9892 -0.1037 -0.1037
vn 0.0024 0.9911 -0.1331
vn -0.0024 -0.9911 0.1331
vn 0.9509 -0.2569 -0.1724
vn -0.9509 0.2569 0.1724
vn 0.5507 0.8300 -0.0885
vn -0.5507 -0.8300 0.0885
vn 0.7414 0.6570 0.1367
vn -0.7414 -0.6570 -0.1367
vn -0.6437 -0.7538 0.1318
vn 0.6437 0.7538 -0.1318
vn -0.5598 0.8157 -0.1458
vn 0.5598 -0.8157 0.1458
vn -0.5758 -0.8172 0.0262
vn 0.5758 0.8172 -0.0262
vn -0.6069 -0.7938 -0.0381
vn 0.6069 0.7938 0.0381
vn -0.9975 -0.0566 0.0424
vn 0.9975 0.0566 -0.0424
vn 0.9495 -0.2773 -0.1465
vn -0.9495 0.2773 0.1465
vn 0.0574 -0.9983 0.0037
vn -0.0574 0.9983 -0.0037
vn 0.1942 0.9810 -0.0012
vn -0.1942 -0.9810 0.0012
vn -0.0199 0.9995 -0.0263
vn 0.0199 -0.9995 0.0263
vn 0.6031 -0.7969 0.0340
vn -0.6031 0.7969 -0.0340
vn 0.0898 -0.9838 0.1555
vn -0.0898 0.9838 -0.1555
vn -0.8009 0.5745 0.1687
vn 0.8009 -0.5745 -0.1687
vn -0.9324 -0.3603 -0.0265
vn 0.9324 0.3603 0.0265
vn -0.7894 -0.6115 -0.0532
vn 0.7894 0.6115 0.0532
vn 0.6889 0.7066 0.1620
vn -0.6889 -0.7066 -0.1620
vn -0.8855 -0.4324 -0.1698
vn 0.8855 0.4324 0.1698
vn -0.4519 0.8879 -0.0860
vn 0.4519 -0.8879 0.0860
vn 0.6951 0.7177 0.0413
vn -0.6951 -0.7177 -0.0413
vn -0.1569 -0.9829 -0.0962
vn 0.1569 0.9829 0.0962
vn 0.9920 0.0735 -0.1029
vn -0.9920 -0.0735 0.1029
vn 0.6409 -0.7668 0.0355
vn -0.6409 0.7668 -0.0355
vn -0.1548 0.9801 -0.1240
vn 0.1548 -0.9801 0.1240
vn -0.5719 -0.8142 -0.1002
vn 0.5719 0.8142 0.1002
vn 0.9798 -0.1369 0.1458
vn -0.9798 0.1369 -0.1458
vn 0.8021 0.5711 -0.1748
vn -0.8021 -0.5711 0.1748
vn -0.3157 0.9458 0.0764
vn 0.3157 -0.9458 -0.0764
vn 0.0637 -0.9972 0.0401
vn -0.0637 0.9972 -0.0401
vn -0.0187 0.9998 -0.0008
vn 0.0187 -0.9998 0.0008
vn 0.4835 0.8746 -0.0370
vn -0.4835 -0.8746 0.0370
vn -0.3969 -0.9146 -0.0778
vn 0.3969 0.9146 0.0778
vn -0.7810 0.6215 0.0611
vn 0.7810 -0.6215 -0.0611
vn -0.4325 -0.9015 -0.0141
vn 0.4325 0.9015 0.0141
vn 0.8982 0.4109 0.1563
vn -0.8982 -0.4109 -0.1563
vn -0.8056 -0.5888 0.0658
vn 0.8056 0.5888 -0.0658
vn 0.9751 -0.1766 0.1340
vn -0.9751 0.1766 -0.1340
vn -0.6489 0.7537 0.1040
vn 0.6489 -0.7537 -0.1040
vn -0.6593 0.7421 -0.1212
vn 0.6593 -0.7421 0.1212
vn -0.3857 -0.9202 0.0664
vn 0.3857 0.9202 -0.0664
vn -0.6376 0.7636 -0.1016
vn 0.6376 -0.7636 0.1016
vn 0.2498 0.9506 0.1841
vn -0.2498 -0.9506 -0.1841
vn 0.7379 -0.6740 -0.0343
vn -0.7379 0.6740 0.0343
vn -0.3393 0.9241 0.1756
vn 0.3393 -0.9241 -0.1756
vn 0.9749 -0.1857 0.1226
vn -0.9749 0.1857 -0.1226
vn 0.5735 -0.8192 -0.0070
vn -0.5735 0.8192 0.0070
vn -0.4776 0.8784 0.0174
vn 0.4776 -0.8784 -0.0174
vn -0.0748 0.9941 0.0788
vn 0.0748 -0.9941 -0.0788
vn 0.0460 -0.9840 -0.1719
vn -0.0460 0.9840 0.1719
vn -0.4554 -0.8782 0.1460
vn 0.4554 0.8782 -0.1460
vn -0.9717 -0.2190 -0.0890
vn 0.9717 0.2190 0.0890
vn -0.9795 0.1166 -0.1642
vn 0.9795 -0.1166 0.1642
vn 0.9636 -0.2278 0.1401
vn -0.9636 0.2278 -0.1401
vn 0.9138 0.3695 0.1686
vn -0.9138 -0.3695 -0.1686
vn -0.9999 0.0154 0.0005
vn 0.9999 -0.0154 -0.0005
vn -0.8875 -0.4604 0.0221
vn 0.8875 0.4604 -0.0221
vn -0.0134 0.9875 -0.1573
vn 0.0134 -0.9875 0.1573
vn 0.0225 0.9980 -0.0588
vn -0.0225 -0.9980 0.0588
vn -0.9912 -0.1309 0.0195
vn 0.9912 0.1309 -0.0195
vn -0.9667 0.1892 -0.1722
vn 0.9667 -0.1892 0.1722
vn -0.0021 -0.9983 0.0577
vn 0.0021 0.9983 -0.0577
vn 0.9561 0.2624 0.1304
vn -0.9561 -0.2624 -0.1304
vn 0.7963 -0.6030 0.0474
vn -0.7963 0.6030 -0.0474
vn -0.5631 0.8121 0.1531
vn 0.5631 -0.8121 -0.1531
vn -0.9698 -0.1745 -0.1704
vn 0.9698 0.1745 0.1704
vn 0.9971 -0.0365 0.0661
vn -0.9971 0.0365 -0.0661
vn 0.8751 -0.4470 0.1853
vn -0.8751 0.4470 -0.1853
vn -0.0342 -0.9994 -0.0083
vn 0.0342 0.9994 0.0083
vn -0.3356 -0.9329 -0.1306
vn 0.3356 0.9329 0.1306
vn -0.6039 -0.7967 -0.0247
vn 0.6039 0.7967 0.0247
vn 0.9954 -0.0267 -0.0917
vn -0.9954 0.0267 0.0917
vn -0.6949 -0.7146 -0.0799
vn 0.6949 0.7146 0.0799
vn 0.7439 0.6434 0.1808
vn -0.7439 -0.6434 -0.1808
vn 0.3197 -0.9448 -0.0721
vn -0.3197 0.9448 0.0721
vn 0.9912 -0.1285 0.0321
vn -0.9912 0.1285 -0.0321
vn 0.3973 -0.9130 0.0925
vn -0.3973 0.9130 -0.0925
vn -0.7914 -0.6105 -0.0313
vn 0.7914 0.6105 0.0313
vn -0.1404 -0.9841 -0.1085
vn 0.1404 0.9841 0.1085
vn -0.8315 -0.5492 -0.0834
vn 0.8315 0.5492 0.0834
vn -0.9423 0.3343 -0.0163
vn 0.9423 -0.3343 0.0163
vn 0.9081 -0.4093 -0.0882
vn -0.9081 0.4093 0.0882
vn 0.3049 0.9455 0.1141
vn -0.3049 -0.9455 -0.1141
vn -0.4459 -0.8867 -0.1221
vn 0.4459 0.8867 0.1221
vn 0.1484 -0.9747 -0.1669
vn -0.1484 0.9747 0.1669
vn 0.7073 0.7069 0.0072
vn -0.7073 -0.7069 -0.0072
vn 0.9801 -0.1908 0.0556
vn -0.9801 0.1908 -0.0556
vn 0.5438 0.8357 0.0773
vn -0.5438 -0.8357 -0.0773
vn 0.8370 -0.5206 0.1689
vn -0.8370 0.5206 -0.1689
vn 0.9644 0.2569 0.0620
vn -0.9644 -0.2569 -0.0620
vn -0.0245 -0.9899 -0.1396
vn 0.0245 0.9899 0.1396
vn 0.8010 -0.5766 -0.1611
vn -0.8010 0.5766 0.1611
vn -0.8158 0.5570 -0.1557
vn 0.8158 -0.5570 0.1557
vn -0.8330 -0.5397 -0.1220
vn 0.8330 0.5397 0.1220
vn -0.3650 0.9135 -0.1798
vn 0.3650 -0.9135 0.1798
vn -0.7717 0.6352 -0.0309
vn 0.7717 -0.6352 0.0309
vn -0.4305 0.9014 0.0468
vn 0.4305 -0.9014 -0.0468
vn 0.1978 0.9652 0.1710
vn -0.1978 -0.9652 -0.1710
vn 0.6091 0.7930 -0.0109
vn -0.6091 -0.7930 0.0109
vn 0.2118 -0.9767 0.0348
vn -0.2118 0.9767 -0.0348
vn -0.9935 0.0840 0.0769
vn 0.9935 -0.0840 -0.0769
vn 0.0648 -0.9943 -0.0845
vn -0.0648 0.9943 0.0845
vn -0.0822 0.9946 -0.0635
vn 0.0822 -0.9946 0.0635
vn 0.8828 -0.4487 -0.1393
vn -0.8828 0.4487 0.1393
vn -0.2808 -0.9466 0.1583
vn 0.2808 0.9466 -0.1583
vn 0.9485 0.3069 0.0779
vn -0.9485 -0.3069 -0.0779
vn -0.7454 0.6661 -0.0264
vn 0.7454 -0.6661 0.0264
vn 0.9957 -0.0130 -0.0920
vn -0.9957 0.0130 0.0920
vn 0.0964 0.9851 0.1422
vn -0.0964 -0.9851 -0.1422
vn -0.7579 -0.6474 0.0806
vn 0.7579 0.6474 -0.0806
vn 0.8651 -0.5014 0.0107
vn -0.8651 0.5014 -0.0107
vn 0.6890 -0.7184 0.0956
vn -0.6890 0.7184 -0.0956
vn 0.9710 0.2319 -0.0580
vn -0.9710 -0.2319 0.0580
vn 0.9137 -0.4047 -0.0379
vn -0.9137 0.4047 0.0379
vn 0.8073 -0.5855 -0.0740
vn -0.8073 0.5855 0.0740
vn -0.5388 0.8399 0.0650
vn 0.5388 -0.8399 -0.0650
vn 0.9956 -0.0080 -0.0934
vn -0.9956 0.0080 0.0934
vn -0.0598 0.9839 0.1686
vn 0.0598 -0.9839 -0.1686
vn 0.9476 -0.2848 0.1449
vn -0.9476 0.2848 -0.1449
vn -0.3419 -0.9393 -0.0283
vn 0.3419 0.9393 0.0283
vn 0.9642 0.2590 -0.0574
vn -0.9642 -0.2590 0.0574
vn -0.9774 -0.1125 -0.1790
vn 0.9774 0.1125 0.1790
vn 0.3496 -0.9337 -0.0775
vn -0.3496 0.9337 0.0775
vn 0.9724 -0.2283 0.0480
vn -0.9724 0.2283 -0.0480
vn -0.9440 0.3221 0.0719
vn 0.9440 -0.3221 -0.0719
vn 0.9115 0.3948 -0.1156
vn -0.9115 -0.3948 0.1156
vn -0.5431 -0.8272 -0.1446
vn 0.5431 0.8272 0.1446
vn 0.9041 0.3944 0.1647
vn -0.9041 -0.3944 -0.1647
vn 0.9760 -0.1642 0.1432
vn -0.9760 0.1642 -0.1432
vn -0.0004 -0.9912 -0.1324
vn 0.0004 0.9912 0.1324
vn 0.2679 -0.9559 0.1206
vn -0.2679 0.9559 -0.1206
vn -0.9846 -0.0794 -0.1557
vn 0.9846 0.0794 0.1557
vn -0.8414 0.5080 0.1843
vn 0.8414 -0.5080 -0.1843
vn -0.9927 0.1181 -0.0229
vn 0.9927 -0.1181 0.0229
vn -0.9867 -0.1626 0.0039
vn 0.9867 0.1626 -0.0039
vn -0.3846 0.9113 0.1472
vn 0.3846 -0.9113 -0.1472
vn 0.1148 -0.9866 -0.1161
vn -0.1148 0.9866 0.1161
vn 0.9740 0.2267 -0.0021
vn -0.9740 -0.2267 0.0021
vn 0.9783 0.1175 0.1705
vn -0.9783 -0.1175 -0.1705
vn -0.4791 0.8720 -0.1001
vn 0.4791 -0.8720 0.1001
vn 0.8886 0.4275 0.1664
vn -0.8886 -0.4275 -0.1664
vn -0.9194 0.3910 0.0426
vn 0.9194 -0.3910 -0.0426
vn -0.4611 0.8862 0.0448
vn 0.4611 -0.8862 -0.0448
vn 0.5597 0.8280 -0.0334
vn -0.5597 -0.8280 0.0334
vn -0.9551 0.2316 -0.1850
vn 0.9551 -0.2316 0.1850
vn 0.5142 0.8421 0.1625
vn -0.5142 -0.8421 -0.1625
vn -0.7580 0.6437 0.1049
vn 0.7580 -0.6437 -0.1049
vn 0.4073 0.9026 0.1392
vn -0.4073 -0.9026 -0.1392
vn 0.7566 0.6325 0.1657
vn -0.7566 -0.6325 -0.1657
vn 0.2982 0.9497 -0.0958
vn -0.2982 -0.9497 0.0958
vn 0.9018 0.4119 0.1308
vn -0.9018 -0.4119 -0.1308
vn -0.4917 0.8673 0.0778
vn 0.4917 -0.8673 -0.0778
vn -0.9887 -0.1484 0.0217
vn 0.9887 0.1484 -0.0217
vn 0.9898 0.1356 -0.0444
vn -0.9898 -0.1356 0.0444
vn -0.9724 -0.2294 -0.0428
vn 0.9724 0.2294 0.0428
vn 0.5034 0.8595 -0.0883
vn -0.5034 -0.8595 0.0883
vn -0.5926 -0.8051 -0.0264
vn 0.5926 0.8051 0.0264
vn 0.0948 0.9881 0.1208
vn -0.0948 -0.9881 -0.1208
vn -0.7687 -0.6362 0.0658
vn 0.7687 0.6362 -0.0658
vn 0.9396 -0.2983 0.1677
vn -0.9396 0.2983 -0.1677
vn -0.9805 -0.0965 -0.1709
vn 0.9805 0.0965 0.1709
vn -0.1979 0.9633 0.1816
vn 0.1979 -0.9633 -0.1816
vn 0.8594 -0.5062 0.0721
vn -0.8594 0.5062 -0.0721
vn 0.1596 -0.9705 0.1807
vn -0.1596 0.9705 -0.1807
vn -0.5152 -0.8566 -0.0266
vn 0.5152 0.8566 0.0266
vn 0.0482 0.9858 -0.1610
vn -0.0482 -0.9858 0.1610
vn 0.9752 -0.2213 0.0063
vn -0.9752 0.2213 -0.0063
vn 0.6356 0.7674 0.0845
vn -0.6356 -0.7674 -0.0845
vn 0.9932 -0.0566 -0.1013
vn -0.9932 0.0566 0.1013
vn -0.8511 0.4980 0.1663
vn 0.8511 -0.4980 -0.1663
vn -0.9806 -0.1916 -0.0409
vn 0.9806 0.1916 0.0409
vn 0.2528 -0.9601 0.1195
vn -0.2528 0.9601 -0.1195
vn 0.0290 0.9974 0.0665
vn -0.0290 -0.9974 -0.0665
vn -0.7881 -0.6076 -0.0982
vn 0.7881 0.6076 0.0982
vn -0.0102 0.9996 0.0246
vn 0.0102 -0.9996 -0.0246
vn -0.1542 0.9880 -0.0068
vn 0.1542 -0.9880 0.0068
vn -0.3731 -0.9235 0.0887
vn 0.3731 0.9235 -0.0887
vn -0.6030 0.7963 -0.0483
vn 0.6030 -0.7963 0.0483
vn 0.3130 0.9472 0.0698
vn -0.3130 -0.9472 -0.0698
vn 0.3637 0.9314 -0.0151
vn -0.3637 -0.9314 0.0151
vn -0.7997 -0.5998 0.0248
vn 0.7997 0.5998 -0.0248
vn -0.2783 -0.9538 -0.1135
vn 0.2783 0.9538 0.1135
vn 0.8322 -0.5528 0.0429
vn -0.8322 0.5528 -0.0429
vn 0.6602 0.7500 -0.0406
vn -0.6602 -0.7500 0.0406
vn 0.9776 -0.2019 -0.0600
vn -0.9776 0.2019 0.0600
vn 0.9563 -0.2606 -0.1329
vn -0.9563 0.2606 0.1329
vn -0.9917 -0.1281 -0.0056
vn 0.9917 0.1281 0.0056
vn 0.4827 -0.8620 -0.1545
vn -0.4827 0.8620 0.1545
vn -0.5954 0.8033 -0.0127
vn 0.5954 -0.8033 0.0127
vn 0.2754 -0.9578 -0.0825
vn -0.2754 0.9578 0.0825
vn -0.9197 0.3926 0.0030
vn 0.9197 -0.3926 -0.0030
vn -0.9781 -0.2075 0.0152
vn 0.9781 0.2075 -0.0152
vn -0.6674 -0.7221 -0.1819
vn 0.6674 0.7221 0.1819
vn -0.3422 -0.9266 0.1557
vn 0.3422 0.9266 -0.1557
vn 0.8911 0.4484 0.0696
vn -0.8911 -0.4484 -0.0696
vn -0.9898 -0.1197 -0.0776
vn 0.9898 0.1197 0.0776
vn 0.9858 -0.1661 -0.0249
vn -0.9858 0.1661 0.0249
vn 0.1600 -0.9761 -0.1467
vn -0.1600 0.9761 0.1467
vn 0.1094 0.9939 0.0160
vn -0.1094 -0.9939 -0.0160
vn 0.6172 -0.7808 -0.0975
vn -0.6172 0.7808 0.0975
vn 0.9994 0.0242 0.0227
vn -0.9994 -0.0242 -0.0227
vn 0.9684 0.2493 0.0088
vn -0.9684 -0.2493 -0.0088
vn 0.7062 -0.7061 0.0521
vn -0.7062 0.7061 -0.0521
vn 0.5913 -0.7887 -0.1681
vn -0.5913 0.7887 0.1681
vn 0.9726 0.2324 -0.0051
vn -0.9726 -0.2324 0.0051
vn -0.9175 -0.3965 0.0329
vn 0.9175 0.3965 -0.0329
vn 0.8114 0.5593 -0.1699
vn -0.8114 -0.5593 0.1699
vn 0.7934 -0.6014 -0.0939
vn -0.7934 0.6014 0.0939
vn 0.1383 0.9828 -0.1222
vn -0.1383 -0.9828 0.1222
vn 0.9611 0.2665 -0.0729
vn -0.9611 -0.2665 0.0729
vn 0.7672 0.6258 -0.1406
vn -0.7672 -0.6258 0.1406
vn 0.7948 -0.6054 -0.0422
vn -0.7948 0.6054 0.0422
vn 0.9025 -0.4299 -0.0273
vn -0.9025 0.4299 0.0273
vn 0.6769 0.7330 0.0663
vn -0.6769 -0.7330 -0.0663
vn -0.5720 0.8196 0.0329
vn 0.5720 -0.8196 -0.0329
vn -0.9992 -0.0347 -0.0188
vn 0.9992 0.0347 0.0188
vn 0.3504 0.9224 -0.1627
vn -0.3504 -0.9224 0.1627
vn 0.4310 0.8987 0.0806
vn -0.4310 -0.8987 -0.0806
vn 0.7141 0.6985 0.0461
vn -0.7141 -0.6985 -0.0461
vn 0.9724 0.1927 -0.1315
vn -0.9724 -0.1927 0.1315
vn 0.1649 0.9829 -0.0825
vn -0.1649 -0.9829 0.0825
vn 0.9991 -0.0241 0.0361
vn -0.9991 0.0241 -0.0361
vn -0.9849 -0.0070 -0.1729
vn 0.9849 0.0070 0.1729
vn 0.9776 0.1889 -0.0929
vn -0.9776 -0.1889 0.0929
vn -0.2965 -0.9425 -0.1540
vn 0.2965 0.9425 0.1540
vn -0.3889 -0.9120 -0.1305
vn 0.3889 0.9120 0.1305
vn 0.9012 -0.4036 0.1581
vn -0.9012 0.4036 -0.1581
vn -0.6150 -0.7882 -0.0236
vn 0.6150 0.7882 0.0236
vn 0.5920 -0.7948 0.1335
vn -0.5920 0.7948 -0.1335
vn 0.4351 0.8970 0.0786
vn -0.4351 -0.8970 -0.0786
vn 0.9398 -0.3124 -0.1382
vn -0.9398 0.3124 0.1382
vn 0.9218 -0.3842 0.0517
vn -0.9218 0.3842 -0.0517
vn -0.3726 0.9175 0.1392
vn 0.3726 -0.9175 -0.1392
vn 0.3264 -0.9421 -0.0776
vn -0.3264 0.9421 0.0776
vn 0.8483 -0.5063 0.1547
vn -0.8483 0.5063 -0.1547
vn -0.9962 -0.0190 -0.0853
vn 0.9962 0.0190 0.0853
vn -0.0848 0.9962 0.0224
vn 0.0848 -0.9962 -0.0224
vn -0.0015 -0.9998 0.0214
vn 0.0015 0.9998 -0.0214
vn -0.8492 0.5279 0.0133
vn 0.8492 -0.5279 -0.0133
vn -0.6157 0.7831 0.0875
vn 0.6157 -0.7831 -0.0875
vn -0.9803 0.1556 -0.1217
vn 0.9803 -0.1556 0.1217
vn 0.2529 0.9589 -0.1285
vn -0.2529 -0.9589 0.1285
vn -0.5581 0.8270 0.0680
vn 0.5581 -0.8270 -0.0680
vn 0.9841 0.1693 0.0540
vn -0.9841 -0.1693 -0.0540
vn 0.0684 0.9973 -0.0269
vn -0.0684 -0.9973 0.0269
vn -0.8007 0.5836 0.1351
vn 0.8007 -0.5836 -0.1351
vn -0.8657 -0.4897 -0.1038
vn 0.8657 0.4897 0.1038
vn -0.9867 0.0178 -0.1617
vn 0.9867 -0.0178 0.1617
vn -0.9197 0.3739 0.1199
vn 0.9197 -0.3739 -0.1199
vn 0.4091 -0.9113 0.0459
vn -0.4091 0.9113 -0.0459
vn -0.9472 0.3072 0.0918
vn 0.9472 -0.3072 -0.0918
vn -0.3487 0.9369 -0.0252
vn 0.3487 -0.9369 0.0252
vn 0.8271 -0.5603 0.0442
vn -0.8271 0.5603 -0.0442
vn -0.8625 -0.5061 0.0011
vn 0.8625 0.5061 -0.0011
vn -0.6454 -0.7536 -0.1245
vn 0.6454 0.7536 0.1245
vn -0.2905 -0.9397 0.1802
vn 0.2905 0.9397 -0.1802
vn -0.2996 -0.9426 0.1474
vn 0.2996 0.9426 -0.1474
vn -0.1492 -0.9885 0.0248
vn 0.1492 0.9885 -0.0248
vn -0.5842 0.7975 -0.1506
vn 0.5842 -0.7975 0.1506
vn -0.4817 0.8760 0.0243
vn 0.4817 -0.8760 -0.0243
vn 0.3512 0.9328 -0.0811
vn -0.3512 -0.9328 0.0811
vn 0.9922 0.0011 0.1245
vn -0.9922 -0.0011 -0.1245
vn -0.0799 0.9808 -0.1780
vn 0.0799 -0.9808 0.1780
vn -0.6003 -0.7777 -0.1866
vn 0.6003 0.7777 0.1866
vn -0.9399 0.3085 0.1464
vn 0.9399 -0.3085 -0.1464
vn -0.0109 0.9947 -0.1023
vn 0.0109 -0.9947 0.1023
vn 0.9824 -0.1813 -0.0458
vn -0.9824 0.1813 0.0458
vn 0.0207 -0.9881 -0.1522
vn -0.0207 0.9881 0.1522
vn 0.3669 -0.9271 0.0765
vn -0.3669 0.9271 -0.0765
vn -0.9917 -0.1137 -0.0596
vn 0.9917 0.1137 0.0596
vn -0.8068 -0.5907 0.0146
vn 0.8068 0.5907 -0.0146
vn 0.3974 -0.8998 -0.1800
vn -0.3974 0.8998 0.1800
vn 0.6995 0.7037 -0.1245
vn -0.6995 -0.7037 0.1245
vn -0.1566 -0.9842 -0.0827
vn 0.1566 0.9842 0.0827
vn -0.9952 -0.0916 0.0337
vn 0.9952 0.0916 -0.0337
vn 0.3712 -0.9285 -0.0100
vn -0.3712 0.9285 0.0100
vn 0.2048 0.9787 0.0167
vn -0.2048 -0.9787 -0.0167
vn 0.6281 0.7619 0.1581
vn -0.6281 -0.7619 -0.1581
vn 0.6983 0.7135 0.0568
vn -0.6983 -0.7135 -0.0568
vn -0.3864 -0.9223 -0.0016
vn 0.3864 0.9223 0.0016
vn 0.2878 0.9572 0.0302
vn -0.2878 -0.9572 -0.0302
vn 0.8645 -0.4814 0.1449
vn -0.8645 0.4814 -0.1449
vn 0.3681 0.9276 -0.0637
vn -0.3681 -0.9276 0.0637
vn -0.6400 0.7652 0.0696
vn 0.6400 -0.7652 -0.0696
vn 0.9800 0.1390 -0.1424
vn -0.9800 -0.1390 0.1424
vn 0.8846 -0.4289 0.1831
vn -0.8846 0.4289 -0.1831
vn -0.2912 -0.9481 0.1274
vn 0.2912 0.9481 -0.1274
vn -0.9284 0.3416 0.1462
vn 0.9284 -0.3416 -0.1462
vn -0.6203 0.7738 0.1282
vn 0.6203 -0.7738 -0.1282
vn 0.9806 -0.1289 -0.1473
vn -0.9806 0.1289 0.1473
vn -0.3071 -0.9509 0.0372
vn 0.3071 0.9509 -0.0372
vn 0.1717 0.9823 -0.0750
vn -0.1717 -0.9823 0.0750
vn -0.7025 0.6899 0.1746
vn 0.7025 -0.6899 -0.1746
vn 0.9922 0.1042 -0.0687
vn -0.9922 -0.1042 0.0687
vn 0.2879 -0.9428 -0.1683
vn -0.2879 0.9428 0.1683
vn 0.0262 0.9828 -0.1830
vn -0.0262 -0.9828 0.1830
vn 0.5625 0.8063 -0.1830
vn -0.5625 -0.8063 0.1830
vn 0.5989 -0.7898 -0.1327
vn -0.5989 0.7898 0.1327
vn 0.7748 -0.6319 0.0208
vn -0.7748 0.6319 -0.0208
vn 0.0957 0.9880 0.1214
vn -0.0957 -0.9880 -0.1214
vn 0.2640 -0.9645 -0.0065
vn -0.2640 0.9645 0.0065
vn 0.8466 0.5223 0.1026
vn -0.8466 -0.5223 -0.1026
vn 0.3486 -0.9259 0.1457
vn -0.3486 0.9259 -0.1457
vn -0.6963 -0.7086 -0.1146
vn 0.6963 0.7086 0.1146
vn 0.6955 -0.7178 -0.0315
vn -0.6955 0.7178 0.0315
vn 0.5653 -0.8218 -0.0717
vn -0.5653 0.8218 0.0717
vn -0.9961 -0.0075 0.0874
vn 0.9961 0.0075 -0.0874
vn -0.4918 0.8661 -0.0892
vn 0.4918 -0.8661 0.0892
vn 0.7668 0.6395 0.0561
vn -0.7668 -0.6395 -0.0561
vn -0.8941 0.4166 -0.1645
vn 0.8941 -0.4166 0.1645
vn -0.9243 0.3441 -0.1650
vn 0.9243 -0.3441 0.1650
vn -0.2585 0.9518 -0.1654
vn 0.2585 -0.9518 0.1654
vn 0.8905 -0.4540 0.0315
vn -0.8905 0.4540 -0.0315
vn -0.1973 -0.9788 0.0551
vn 0.1973 0.9788 -0.0551
vn 0.9900 -0.0472 -0.1331
vn -0.9900 0.0472 0.1331
vn 0.8071 0.5858 -0.0729
vn -0.8071 -0.5858 0.0729
vn -0.3650 -0.9144 -0.1751
vn 0.3650 0.9144 0.1751
vn 0.8588 -0.5095 0.0533
vn -0.8588 0.5095 -0.0533
vn -0.1369 -0.9850 0.1049
vn 0.1369 0.9850 -0.1049
vn 0.3598 0.9257 -0.1171
vn -0.3598 -0.9257 0.1171
vn 0.7352 -0.6709 0.0966
vn -0.7352 0.6709 -0.0966
vn 0.9581 0.2858 0.0206
vn -0.9581 -0.2858 -0.0206
vn -0.9204 -0.3747 -0.1121
vn 0.9204 0.3747 0.1121
vn 0.1403 0.9837 0.1128
vn -0.1403 -0.9837 -0.1128
vn -0.9202 0.3877 0.0549
vn 0.9202 -0.3877 -0.0549
vn 0.6710 -0.7375 0.0764
vn -0.6710 0.7375 -0.0764
vn -0.7304 -0.6829 -0.0053
vn 0.7304 0.6829 0.0053
vn 0.0762 0.9878 -0.1357
vn -0.0762 -0.9878 0.1357
vn -0.3695 -0.9113 -0.1816
vn 0.3695 0.9113 0.1816
vn -0.7423 0.6686 -0.0446
vn 0.7423 -0.6686 0.0446
vn -0.3619 -0.9159 -0.1735
vn 0.3619 0.9159 0.1735
vn 0.3682 0.9283 -0.0509
vn -0.3682 -0.9283 0.0509
vn -0.9553 0.2943 0.0269
vn 0.9553 -0.2943 -0.0269
vn 0.9262 0.3507 0.1381
vn -0.9262 -0.3507 -0.1381
vn 0.9721 -0.2046 -0.1143
vn -0.9721 0.2046 0.1143
vn 0.6280 0.7670 0.1315
vn -0.6280 -0.7670 -0.1315
vn 0.1991 -0.9782 -0.0591
vn -0.1991 0.9782 0.0591
vn 0.9858 -0.0931 -0.1400
vn -0.9858 0.0931 0.1400
vn -0.9857 0.0975 0.1373
vn 0.9857 -0.0975 -0.1373
vn -0.2750 -0.9495 0.1510
vn 0.2750 0.9495 -0.1510
vn 0.4731 0.8771 -0.0823
vn -0.4731 -0.8771 0.0823
vn 0.2583 -0.9552 0.1442
vn -0.2583 0.9552 -0.1442
vn 0.9956 -0.0939 0.0036
vn -0.9956 0.0939 -0.0036
vn 0.6811 -0.7322 0.0017
vn -0.6811 0.7322 -0.0017
vn 0.7896 0.6040 -0.1085
vn -0.7896 -0.6040 0.1085
vn -0.9689 -0.2372 -0.0710
vn 0.9689 0.2372 0.0710
vn 0.1380 -0.9781 0.1560
vn -0.1380 0.9781 -0.1560
vn -0.1778 -0.9725 -0.1508
vn 0.1778 0.9725 0.1508
vn 0.9951 -0.0956 -0.0262
vn -0.9951 0.0956 0.0262
vn -0.2863 -0.9581 0.0057
vn 0.2863 0.9581 -0.0057
vn 0.2302 -0.9729 0.0203
vn -0.2302 0.9729 -0.0203
vn -0.6513 0.7576 0.0430
vn 0.6513 -0.7576 -0.0430
vn -0.5671 0.8237 0.0020
vn 0.5671 -0.8237 -0.0020
vn -0.6405 0.7669 0.0409
vn 0.6405 -0.7669 -0.0409
vn 0.2014 0.9644 -0.1714
vn -0.2014 -0.9644 0.1714
vn -0.7233 -0.6882 0.0561
vn 0.7233 0.6882 -0.0561
vn 0.9325 0.3171 0.1730
vn -0.9325 -0.3171 -0.1730
vn 0.1446 0.9846 0.0982
vn -0.1446 -0.9846 -0.0982
vn -0.0730 0.9957 -0.0573
vn 0.0730 -0.9957 0.0573
vn 0.0071 -0.9999 -0.0132
vn -0.0071 0.9999 0.0132
vn 0.9718 0.2356 0.0120
vn -0.9718 -0.2356 -0.0120
vn 0.8736 -0.4795 0.0829
vn -0.8736 0.4795 -0.0829
vn 0.9715 0.2034 0.1220
vn -0.9715 -0.2034 -0.1220
vn -0.8578 -0.5140 -0.0018
vn 0.8578 0.5140 0.0018
vn 0.9894 0.1291 0.0666
vn -0.9894 -0.1291 -0.0666
vn -0.9333 0.3077 0.1850
vn 0.9333 -0.3077 -0.1850
vn -0.9773 -0.1640 -0.1341
vn 0.9773 0.1640 0.1341
vn 0.3512 0.9291 0.1156
vn -0.3512 -0.9291 -0.1156
vn -0.9320 0.3502 -0.0937
vn 0.9320 -0.3502 0.0937
vn -0.2691 0.9572 -0.1062
vn 0.2691 -0.9572 0.1062
vn 0.9206 -0.3859 0.0597
vn -0.9206 0.3859 -0.0597
vn -0.4857 -0.8740 -0.0113
vn 0.4857 0.8740 0.0113
vn 0.4295 -0.9013 -0.0564
vn -0.4295 0.9013 0.0564
vn -0.9584 0.2852 0.0136
vn 0.9584 -0.2852 -0.0136
vn -0.7579 0.6401 -0.1258
vn 0.7579 -0.6401 0.1258
vn -0.6865 0.7202 -0.1007
vn 0.6865 -0.7202 0.1007
vn 0.3168 -0.9352 0.1585
vn -0.3168 0.9352 -0.1585
vn -0.9407 -0.3385 -0.0234
vn 0.9407 0.3385 0.0234
vn -0.7663 -0.6226 -0.1588
vn 0.7663 0.6226 0.1588
vn 0.8577 0.5084 0.0769
vn -0.8577 -0.5084 -0.0769
vn 0.1336 -0.9905 -0.0314
vn -0.1336 0.9905 0.0314
vn -0.6738 0.7161 -0.1821
vn 0.6738 -0.7161 0.1821
vn 0.8209 -0.5707 0.0210
vn -0.8209 0.5707 -0.0210
vn 0.7692 -0.6390 0.0060
vn -0.7692 0.6390 -0.0060
vn 0.0309 -0.9860 0.1639
vn -0.0309 0.9860 -0.1639
vn 0.4517 -0.8904 0.0556
vn -0.4517 0.8904 -0.0556
vn 0.9881 -0.0880 0.1261
vn -0.9881 0.0880 -0.1261
vn 0.6173 -0.7729 0.1471
vn -0.6173 0.7729 -0.1471
vn -0.8489 -0.5285 0.0020
vn 0.8489 0.5285 -0.0020
vn -0.9896 -0.1437 -0.0059
vn 0.9896 0.1437 0.0059
vn -0.7199 -0.6881 0.0906
vn 0.7199 0.6881 -0.0906
vn -0.3628 -0.9131 -0.1859
vn 0.3628 0.9131 0.1859
vn 0.4874 0.8708 0.0636
vn -0.4874 -0.8708 -0.0636
vn -0.8876 -0.4556 -0.0679
vn 0.8876 0.4556 0.0679
vn 0.9395 0.3173 0.1295
vn -0.9395 -0.3173 -0.1295
vn 0.9433 -0.2816 -0.1760
vn -0.9433 0.2816 0.1760
vn 0.9956 0.0436 0.0826
vn -0.9956 -0.0436 -0.0826
vn 0.9915 -0.0233 0.1282
vn -0.9915 0.0233 -0.1282
vn 0.1012 -0.9949 -0.0015
vn -0.1012 0.9949 0.0015
vn 0.2494 -0.9538 0.1674
vn -0.2494 0.9538 -0.1674
vn -0.8997 0.4228 -0.1082
vn 0.8997 -0.4228 0.1082
vn 0.2149 -0.9741 -0.0703
vn -0.2149 0.9741 0.0703
vn 0.9828 -0.1306 0.1306
vn -0.9828 0.1306 -0.1306
vn 0.5692 -0.8139 0.1166
vn -0.5692 0.8139 -0.1166
vn 0.7163 0.6892 0.1096
vn -0.7163 -0.6892 -0.1096
vn -0.9106 0.3900 0.1369
vn 0.9106 -0.3900 -0.1369
vn 0.5966 0.7813 -0.1831
vn -0.5966 -0.7813 0.1831
vn -0.6245 0.7805 0.0295
vn 0.6245 -0.7805 -0.0295
vn 0.6172 0.7692 -0.1655
vn -0.6172 -0.7692 0.1655
vn -0.8129 -0.5750 -0.0924
vn 0.8129 0.5750 0.0924
vn 0.2744 -0.9545 0.1164
vn -0.2744 0.9545 -0.1164
vn -0.6073 -0.7844 0.1261
vn 0.6073 0.7844 -0.1261
vn 0.1421 -0.9849 -0.0987
vn -0.1421 0.9849 0.0987
vn 0.9539 0.2951 0.0540
vn -0.9539 -0.2951 -0.0540
vn -0.6411 0.7667 -0.0337
vn 0.6411 -0.7667 0.0337
vn -0.6744 0.7380 0.0214
vn 0.6744 -0.7380 -0.0214
vn -0.2787 0.9505 0.1371
vn 0.2787 -0.9505 -0.1371
vn 0.9618 -0.2411 0.1297
vn -0.9618 0.2411 -0.1297
vn -0.1266 0.9910 -0.0428
vn 0.1266 -0.9910 0.0428
vn -0.4860 -0.8683 -0.0990
vn 0.4860 0.8683 0.0990
vn -0.9342 -0.3356 -0.1210
vn 0.9342 0.3356 0.1210
vn -0.5839 0.8118 0.0045
vn 0.5839 -0.8118 -0.0045
vn 0.8319 -0.5411 -0.1231
vn -0.8319 0.5411 0.1231
vn -0.7757 0.6076 -0.1704
vn 0.7757 -0.6076 0.1704
vn 0.7438 -0.6682 -0.0170
vn -0.7438 0.6682 0.0170
vn -0.9940 0.1094 0.0021
vn 0.9940 -0.1094 -0.0021
vn 0.8651 -0.4848 -0.1284
vn -0.8651 0.4848 0.1284
vn -0.1328 -0.9903 -0.0410
vn 0.1328 0.9903 0.0410
vn 0.0908 0.9959 -0.0005
vn -0.0908 -0.9959 0.0005
vn -0.2991 -0.9536 -0.0348
vn 0.2991 0.9536 0.0348
vn 0.2458 -0.9689 0.0276
vn -0.2458 0.9689 -0.0276
vn -0.8010 -0.5985 -0.0123
vn 0.8010 0.5985 0.0123
vn 0.3145 0.9410 -0.1247
vn -0.3145 -0.9410 0.1247
vn -0.2813 0.9582 0.0529
vn 0.2813 -0.9582 -0.0529
f 1/1/1 3/3/1 2/2/1
f 1/1/1 4/4/1 3/3/1
f 5/5/2 7/7/2 8/8/2
f 5/5/2 6/6/2 7/7/2
f 9/9/3 11/11/3 10/10/3
f 9/9/3 12/12/3 11/11/3
f 13/13/4 15/15/4 16/16/4
f 13/13/4 14/14/4 15/15/4
f 17/17/5 19/19/5 18/18/5
f 17/17/5 20/20/5 19/19/5
f 21/21/6 23/23/6 24/24/6
f 21/21/6 22/22/6 23/23/6
f 25/25/7 27/27/7 26/26/7
f 25/25/7 28/28/7 27/27/7
f 29/29/8 31/31/8 32/32/8
f 29/29/8 30/30/8 31/31/8
f 33/33/9 35/35/9 34/34/9
f 33/33/9 36/36/9 35/35/9
f 37/37/10 39/39/10 40/40/10
f 37/37/10 38/38/10 39/39/10
f 41/41/11 43/43/11 42/42/11
f 41/41/11 44/44/11 43/43/11
f 45/45/12 47/47/12 48/48/12
f 45/45/12 46/46/12 47/47/12
f 49/49/13 51/51/13 50/50/13
f 49/49/13 52/52/13 51/51/13
f 53/53/14 55/55/14 56/56/14
f 53/53/14 54/54/14 55/55/14
f 57/57/15 59/59/15 58/58/15
f 57/57/15 60/60/15 59/59/15
f 61/61/16 63/63/16 64/64/16
f 61/61/16 62/62/16 63/63/16
f 65/65/17 67/67/17 66/66/17
f 65/65/17 68/68/17 67/67/17
f 69/69/18 71/71/18 72/72/18
f 69/69/18 70/70/18 71/71/18
f 73/73/19 75/75/19 74/74/19
f 73/73/19 76/76/19 75/75/19
f 77/77/20 79/79/20 80/80/20
f 77/77/20 78/78/20 79/79/20
f 81/81/21 83/83/21 82/82/21
f 81/81/21 84/84/21 83/83/21
f 85/85/22 87/87/22 88/88/22
f 85/85/22 86/86/22 87/87/22
f 89/89/23 91/91/23 90/90/23
f 89/89/23 92/92/23 91/91/23
f 93/93/24 95/95/24 96/96/24
f 93/93/24 94/94/24 95/95/24
f 97/97/25 99/99/25 98/98/25
f 97/97/25 100/100/25 99/99/25
f 101/101/26 103/103/26 104/104/26
f 101/101/26 102/102/26 103/103/26
f 105/105/27 107/107/27 106/106/27
f 105/105/27 108/108/27 107/107/27
f 109/109/28 111/111/28 112/112/28
f 109/109/28 110/110/28 111/111/28
f 113/113/29 115/115/29 114/114/29
f 113/113/29 116/116/29 115/115/29
f 117/117/30 119/119/30 120/120/30
f 117/117/30 118/118/30 119/119/30
f 121/121/31 123/123/31 122/122/31
f 121/121/31 124/124/31 123/123/31
f 125/125/32 127/127/32 128/128/32
f 125/125/32 126/126/32 127/127/32
f 129/129/33 131/131/33 130/130/33
f 129/129/33 132/132/33 131/131/33
f 133/133/34 135/135/34 136/136/34
f 133/133/34 134/134/34 135/135/34
f 137/137/35 139/139/35 138/138/35
f 137/137/35 140/140/35 139/139/35
f 141/141/36 143/143/36 144/144/36
f 141/141/36 142/142/36 143/143/36
f 145/145/37 147/147/37 146/146/37
f 145/145/37 148/148/37 147/147/37
f 149/149/38 151/151/38 152/152/38
f 149/149/38 150/150/38 151/151/38
f 153/153/39 155/155/39 154/154/39
f 153/153/39 156/156/39 155/155/39
f 157/157/40 159/159/40 160/160/40
f 157/157/40 158/158/40 159/159/40
f 161/161/41 163/163/41 162/162/41
f 161/161/41 164/164/41 163/163/41
f 165/165/42 167/167/42 168/168/42
f 165/165/42 166/166/42 167/167/42
f 169/169/43 171/171/43 170/170/43
f 169/169/43 172/172/43 171/171/43
f 173/173/44 175/175/44 176/176/44
f 173/173/44 174/174/44 175/175/44
f 177/177/45 179/179/45 178/178/45
f 177/177/45 180/180/45 179/179/45
f 181/181/46 183/183/46 184/184/46
f 181/181/46 182/182/46 183/183/46
f 185/185/47 187/187/47 186/186/47
f 185/185/47 188/188/47 187/187/47
f 189/189/48 191/191/48 192/192/48
f 189/189/48 190/190/48 191/191/48
f 193/193/49 195/195/49 194/194/49
f 193/193/49 196/196/49 195/195/49
f 197/197/50 199/199/50 200/200/50
f 197/197/50 198/198/50 199/199/50
f 201/201/51 203/203/51 202/202/51
f 201/201/51 204/204/51 203/203/51
f 205/205/52 207/207/52 208/208/52
f 205/205/52 206/206/52 207/207/52
f 209/209/53 211/211/53 210/210/53
f 209/209/53 212/212/53 211/211/53
f 213/213/54 215/215/54 216/216/54
f 213/213/54 214/214/54 215/215/54
f 217/217/55 219/219/55 218/218/55
f 217/217/55 220/220/55 219/219/55
f 221/221/56 223/223/56 224/224/56
f 221/221/56 222/222/56 223/223/56
f 225/225/57 227/227/57 226/226/57
f 225/225/57 228/228/57 227/227/57
f 229/229/58 231/231/58 232/232/58
f 229/229/58 230/230/58 231/231/58
f 233/233/59 235/235/59 234/234/59
f 233/233/59 236/236/59 235/235/59
f 237/237/60 239/239/60 240/240/60
f 237/237/60 238/238/60 239/239/60
f 241/241/61 243/243/61 242/242/61
f 241/241/61 244/244/61 243/243/61
f 245/245/62 247/247/62 248/248/62
f 245/245/62 246/246/62 247/247/62
f 249/249/63 251/251/63 250/250/63
f 249/249/63 252/252/63 251/251/63
f 253/253/64 255/255/64 256/256/64
f 253/253/64 254/254/64 255/255/64
f 257/257/65 259/259/65 258/258/65
f 257/257/65 260/260/65 259/259/65
f 261/261/66 263/263/66 264/264/66
f 261/261/66 262/262/66 263/263/66
f 265/265/67 267/267/67 266/266/67
f 265/265/67 268/268/67 267/267/67
f 269/269/68 271/271/68 272/272/68
f 269/269/68 270/270/68 271/271/68
f 273/273/69 275/275/69 274/274/69
f 273/273/69 276/276/69 275/275/69
f 277/277/70 279/279/70 280/280/70
f 277/277/70 278/278/70 279/279/70
f 281/281/71 283/283/71 282/282/71
f 281/281/71 284/284/71 283/283/71
f 285/285/72 287/287/72 288/288/72
f 285/285/72 286/286/72 287/287/72
f 289/289/73 291/291/73 290/290/73
f 289/289/73 292/292/73 291/291/73
f 293/293/74 295/295/74 296/296/74
f 293/293/74 294/294/74 295/295/74
f 297/297/75 299/299/75 298/298/75
f 297/297/75 300/300/75 299/299/75
f 301/301/76 303/303/76 304/304/76
f 301/301/76 302/302/76 303/303/76
f 305/305/77 307/307/77 306/306/77
f 305/305/77 308/308/77 307/307/77
f 309/309/78 311/311/78 312/312/78
f 309/309/78 310/310/78 311/311/78
f 313/313/79 315/315/79 314/314/79
f 313/313/79 316/316/79 315/315/79
f 317/317/80 319/319/80 320/320/80
f 317/317/80 318/318/80 319/319/80
f 321/321/81 323/323/81 322/322/81
f 321/321/81 324/324/81 323/323/81
f 325/325/82 327/327/82 328/328/82
f 325/325/82 326/326/82 327/327/82
f 329/329/83 331/331/83 330/330/83
f 329/329/83 332/332/83 331/331/83
f 333/333/84 335/335/84 336/336/84
f 333/333/84 334/334/84 335/335/84
f 337/337/85 339/339/85 338/338/85
f 337/337/85 340/340/85 339/339/85
f 341/341/86 343/343/86 344/344/86
f 341/341/86 342/342/86 343/343/86
f 345/345/87 347/347/87 346/346/87
f 345/345/87 348/348/87 347/347/87
f 349/349/88 351/351/88 352/352/88
f 349/349/88 350/350/88 351/351/88
f 353/353/89 355/355/89 354/354/89
f 353/353/89 356/356/89 355/355/89
f 357/357/90 359/359/90 360/360/90
f 357/357/90 358/358/90 359/359/90
f 361/361/91 363/363/91 362/362/91
f 361/361/91 364/364/91 363/363/91
f 365/365/92 367/367/92 368/368/92
f 365/365/92 366/366/92 367/367/92
f 369/369/93 371/371/93 370/370/93
f 369/369/93 372/372/93 371/371/93
f 373/373/94 375/375/94 376/376/94
f 373/373/94 374/374/94 375/375/94
f 377/377/95 379/379/95 378/378/95
f 377/377/95 380/380/95 379/379/95
f 381/381/96 383/383/96 384/384/96
f 381/381/96 382/382/96 383/383/96
f 385/385/97 387/387/97 386/386/97
f 385/385/97 388/388/97 387/387/97
f 389/389/98 391/391/98 392/392/98
f 389/389/98 390/390/98 391/391/98
f 393/393/99 395/395/99 394/394/99
f 393/393/99 396/396/99 395/395/99
f 397/397/100 399/399/100 400/400/100
f 397/397/100 398/398/100 399/399/100
f 401/401/101 403/403/101 402/402/101
f 401/401/101 404/404/101 403/403/101
f 405/405/102 407/407/102 408/408/102
f 405/405/102 406/406/102 407/407/102
f 409/409/103 411/411/103 410/410/103
f 409/409/103 412/412/103 411/411/103
f 413/413/104 415/415/104 416/416/104
f 413/413/104 414/414/104 415/415/104
f 417/417/105 419/419/105 418/418/105
f 417/417/105 420/420/105 419/419/105
f 421/421/106 423/423/106 424/424/106
f 421/421/106 422/422/106 423/423/106
f 425/425/107 427/427/107 426/426/107
f 425/425/107 428/428/107 427/427/107
f 429/429/108 431/431/108 432/432/108
f 429/429/108 430/430/108 431/431/108
f 433/433/109 435/435/109 434/434/109
f 433/433/109 436/436/109 435/435/109
f 437/437/110 439/439/110 440/440/110
f 437/437/110 438/438/110 439/439/110
f 441/441/111 443/443/111 442/442/111
f 441/441/111 444/444/111 443/443/111
f 445/445/112 447/447/112 448/448/112
f 445/445/112 446/446/112 447/447/112
f 449/449/113 451/451/113 450/450/113
f 449/449/113 452/452/113 451/451/113
f 453/453/114 455/455/114 456/456/114
f 453/453/114 454/454/114 455/455/114
f 457/457/115 459/459/115 458/458/115
f 457/457/115 460/460/115 459/459/115
f 461/461/116 463/463/116 464/464/116
f 461/461/116 462/462/116 463/463/116
f 465/465/117 467/467/117 466/466/117
f 465/465/117 468/468/117 467/467/117
f 469/469/118 471/471/118 472/472/118
f 469/469/118 470/470/118 471/471/118
f 473/473/119 475/475/119 474/474/119
f 473/473/119 476/476/119 475/475/119
f 477/477/120 479/479/120 480/480/120
f 477/477/120 478/478/120 479/479/120
f 481/481/121 483/483/121 482/482/121
f 481/481/121 484/484/121 483/483/121
f 485/485/122 487/487/122 488/488/122
f 485/485/122 486/486/122 487/487/122
f 489/489/123 491/491/123 490/490/123
f 489/489/123 492/492/123 491/491/123
f 493/493/124 495/495/124 496/496/124
f 493/493/124 494/494/124 495/495/124
f 497/497/125 499/499/125 498/498/125
f 497/497/125 500/500/125 499/499/125
f 501/501/126 503/503/126 504/504/126
f 501/501/126 502/502/126 503/503/126
f 505/505/127 507/507/127 506/506/127
f 505/505/127 508/508/127 507/507/127
f 509/509/128 511/511/128 512/512/128
f 509/509/128 510/510/128 511/511/128
f 513/513/129 515/515/129 514/514/129
f 513/513/129 516/516/129 515/515/129
f 517/517/130 519/519/130 520/520/130
f 517/517/130 518/518/130 519/519/130
f 521/521/131 523/523/131 522/522/131
f 521/521/131 524/524/131 523/523/131
f 525/525/132 527/527/132 528/528/132
f 525/525/132 526/526/132 527/527/132
f 529/529/133 531/531/133 530/530/133
f 529/529/133 532/532/133 531/531/133
f 533/533/134 535/535/134 536/536/134
f 533/533/134 534/534/134 535/535/134
f 537/537/135 539/539/135 538/538/135
f 537/537/135 540/540/135 539/539/135
f 541/541/136 543/543/136 544/544/136
f 541/541/136 542/542/136 543/543/136
f 545/545/137 547/547/137 546/546/137
f 545/545/137 548/548/137 547/547/137
f 549/549/138 551/551/138 552/552/138
f 549/549/138 550/550/138 551/551/138
f 553/553/139 555/555/139 554/554/139
f 553/553/139 556/556/139 555/555/139
f 557/557/140 559/559/140 560/560/140
f 557/557/140 558/558/140 559/559/140
f 561/561/141 563/563/141 562/562/141
f 561/561/141 564/564/141 563/563/141
f 565/565/142 567/567/142 568/568/142
f 565/565/142 566/566/142 567/567/142
f 569/569/143 571/571/143 570/570/143
f 569/569/143 572/572/143 571/571/143
f 573/573/144 575/575/144 576/576/144
f 573/573/144 574/574/144 575/575/144
f 577/577/145 579/579/145 578/578/145
f 577/577/145 580/580/145 579/579/145
f 581/581/146 583/583/146 584/584/146
f 581/581/146 582/582/146 583/583/146
f 585/585/147 587/587/147 586/586/147
f 585/585/147 588/588/147 587/587/147
f 589/589/148 591/591/148 592/592/148
f 589/589/148 590/590/148 591/591/148
f 593/593/149 595/595/149 594/594/149
f 593/593/149 596/596/149 595/595/149
f 597/597/150 599/599/150 600/600/150
f 597/597/150 598/598/150 599/599/150
f 601/601/151 603/603/151 602/602/151
f 601/601/151 604/604/151 603/603/151
f 605/605/152 607/607/152 608/608/152
f 605/605/152 606/606/152 607/607/152
f 609/609/153 611/611/153 610/610/153
f 609/609/153 612/612/153 611/611/153
f 613/613/154 615/615/154 616/616/154
f 613/613/154 614/614/154 615/615/154
f 617/617/155 619/619/155 618/618/155
f 617/617/155 620/620/155 619/619/155
f 621/621/156 623/623/156 624/624/156
f 621/621/156 622/622/156 623/623/156
f 625/625/157 627/627/157 626/626/157
f 625/625/157 628/628/157 627/627/157
f 629/629/158 631/631/158 632/632/158
f 629/629/158 630/630/158 631/631/158
f 633/633/159 635/635/159 634/634/159
f 633/633/159 636/636/159 635/635/159
f 637/637/160 639/639/160 640/640/160
f 637/637/160 638/638/160 639/639/160
f 641/641/161 643/643/161 642/642/161
f 641/641/161 644/644/161 643/643/161
f 645/645/162 647/647/162 648/648/162
f 645/645/162 646/646/162 647/647/162
f 649/649/163 651/651/163 650/650/163
f 649/649/163 652/652/163 651/651/163
f 653/653/164 655/655/164 656/656/164
f 653/653/164 654/654/164 655/655/164
f 657/657/165 659/659/165 658/658/165
f 657/657/165 660/660/165 659/659/165
f 661/661/166 663/663/166 664/664/166
f 661/661/166 662/662/166 663/663/166
f 665/665/167 667/667/167 666/666/167
f 665/665/167 668/668/167 667/667/167
f 669/669/168 671/671/168 672/672/168
f 669/669/168 670/670/168 671/671/168
f 673/673/169 675/675/169 674/674/169
f 673/673/169 676/676/169 675/675/169
f 677/677/170 679/679/170 680/680/170
f 677/677/170 678/678/170 679/679/170
f 681/681/171 683/683/171 682/682/171
f 681/681/171 684/684/171 683/683/171
f 685/685/172 687/687/172 688/688/172
f 685/685/172 686/686/172 687/687/172
f 689/689/173 691/691/173 690/690/173
f 689/689/173 692/692/173 691/691/173
f 693/693/174 695/695/174 696/696/174
f 693/693/174 694/694/174 695/695/174
f 697/697/175 699/699/175 698/698/175
f 697/697/175 700/700/175 699/699/175
f 701/701/176 703/703/176 704/704/176
f 701/701/176 702/702/176 703/703/176
f 705/705/177 707/707/177 706/706/177
f 705/705/177 708/708/177 707/707/177
f 709/709/178 711/711/178 712/712/178
f 709/709/178 710/710/178 711/711/178
f 713/713/179 715/715/179 714/714/179
f 713/713/179 716/716/179 715/715/179
f 717/717/180 719/719/180 720/720/180
f 717/717/180 718/718/180 719/719/180
f 721/721/181 723/723/181 722/722/181
f 721/721/181 724/724/181 723/723/181
f 725/725/182 727/727/182 728/728/182
f 725/725/182 726/726/182 727/727/182
f 729/729/183 731/731/183 730/730/183
f 729/729/183 732/732/183 731/731/183
f 733/733/184 735/735/184 736/736/184
f 733/733/184 734/734/184 735/735/184
f 737/737/185 739/739/185 738/738/185
f 737/737/185 740/740/185 739/739/185
f 741/741/186 743/743/186 744/744/186
f 741/741/186 742/742/186 743/743/186
f 745/745/187 747/747/187 746/746/187
f 745/745/187 748/748/187 747/747/187
f 749/749/188 751/751/188 752/752/188
f 749/749/188 750/750/188 751/751/188
f 753/753/189 755/755/189 754/754/189
f 753/753/189 756/756/189 755/755/189
f 757/757/190 759/759/190 760/760/190
f 757/757/190 758/758/190 759/759/190
f 761/761/191 763/763/191 762/762/191
f 761/761/191 764/764/191 763/763/191
f 765/765/192 767/767/192 768/768/192
f 765/765/192 766/766/192 767/767/192
f 769/769/193 771/771/193 770/770/193
f 769/769/193 772/772/193 771/771/193
f 773/773/194 775/775/194 776/776/194
f 773/773/194 774/774/194 775/775/194
f 777/777/195 779/779/195 778/778/195
f 777/777/195 780/780/195 779/779/195
f 781/781/196 783/783/196 784/784/196
f 781/781/196 782/782/196 783/783/196
f 785/785/197 787/787/197 786/786/197
f 785/785/197 788/788/197 787/787/197
f 789/789/198 791/791/198 792/792/198
f 789/789/198 790/790/198 791/791/198
f 793/793/199 795/795/199 794/794/199
f 793/793/199 796/796/199 795/795/199
f 797/797/200 799/799/200 800/800/200
f 797/797/200 798/798/200 799/799/200
f 801/801/201 803/803/201 802/802/201
f 801/801/201 804/804/201 803/803/201
f 805/805/202 807/807/202 808/808/202
f 805/805/202 806/806/202 807/807/202
f 809/809/203 811/811/203 810/810/203
f 809/809/203 812/812/203 811/811/203
f 813/813/204 815/815/204 816/816/204
f 813/813/204 814/814/204 815/815/204
f 817/817/205 819/819/205 818/818/205
f 817/817/205 820/820/205 819/819/205
f 821/821/206 823/823/206 824/824/206
f 821/821/206 822/822/206 823/823/206
f 825/825/207 827/827/207 826/826/207
f 825/825/207 828/828/207 827/827/207
f 829/829/208 831/831/208 832/832/208
f 829/829/208 830/830/208 831/831/208
f 833/833/209 835/835/209 834/834/209
f 833/833/209 836/836/209 835/835/209
f 837/837/210 839/839/210 840/840/210
f 837/837/210 838/838/210 839/839/210
f 841/841/211 843/843/211 842/842/211
f 841/841/211 844/844/211 843/843/211
f 845/845/212 847/847/212 848/848/212
f 845/845/212 846/846/212 847/847/212
f 849/849/213 851/851/213 850/850/213
f 849/849/213 852/852/213 851/851/213
f 853/853/214 855/855/214 856/856/214
f 853/853/214 854/854/214 855/855/214
f 857/857/215 859/859/215 858/858/215
f 857/857/215 860/860/215 859/859/215
f 861/861/216 863/863/216 864/864/216
f 861/861/216 862/862/216 863/863/216
f 865/865/217 867/867/217 866/866/217
f 865/865/217 868/868/217 867/867/217
f 869/869/218 871/871/218 872/872/218
f 869/869/218 870/870/218 871/871/218
f 873/873/219 875/875/219 874/874/219
f 873/873/219 876/876/219 875/875/219
f 877/877/220 879/879/220 880/880/220
f 877/877/220 878/878/220 879/879/220
f 881/881/221 883/883/221 882/882/221
f 881/881/221 884/884/221 883/883/221
f 885/885/222 887/887/222 888/888/222
f 885/885/222 886/886/222 887/887/222
f 889/889/223 891/891/223 890/890/223
f 889/889/223 892/892/223 891/891/223
f 893/893/224 895/895/224 896/896/224
f 893/893/224 894/894/224 895/895/224
f 897/897/225 899/899/225 898/898/225
f 897/897/225 900/900/225 899/899/225
f 901/901/226 903/903/226 904/904/226
f 901/901/226 902/902/226 903/903/226
f 905/905/227 907/907/227 906/906/227
f 905/905/227 908/908/227 907/907/227
f 909/909/228 911/911/228 912/912/228
f 909/909/228 910/910/228 911/911/228
f 913/913/229 915/915/229 914/914/229
f 913/913/229 916/916/229 915/915/229
f 917/917/230 919/919/230 920/920/230
f 917/917/230 918/918/230 919/919/230
f 921/921/231 923/923/231 922/922/231
f 921/921/231 924/924/231 923/923/231
f 925/925/232 927/927/232 928/928/232
f 925/925/232 926/926/232 927/927/232
f 929/929/233 931/931/233 930/930/233
f 929/929/233 932/932/233 931/931/233
f 933/933/234 935/935/234 936/936/234
f 933/933/234 934/934/234 935/935/234
f 937/937/235 939/939/235 938/938/235
f 937/937/235 940/940/235 939/939/235
f 941/941/236 943/943/236 944/944/236
f 941/941/236 942/942/236 943/943/236
f 945/945/237 947/947/237 946/946/237
f 945/945/237 948/948/237 947/947/237
f 949/949/238 951/951/238 952/952/238
f 949/949/238 950/950/238 951/951/238
f 953/953/239 955/955/239 954/954/239
f 953/953/239 956/956/239 955/955/239
f 957/957/240 959/959/240 960/960/240
f 957/957/240 958/958/240 959/959/240
f 961/961/241 963/963/241 962/962/241
f 961/961/241 964/964/241 963/963/241
f 965/965/242 967/967/242 968/968/242
f 965/965/242 966/966/242 967/967/242
f 969/969/243 971/971/243 970/970/243
f 969/969/243 972/972/243 971/971/243
f 973/973/244 975/975/244 976/976/244
f 973/973/244 974/974/244 975/975/244
f 977/977/245 979/979/245 978/978/245
f 977/977/245 980/980/245 979/979/245
f 981/981/246 983/983/246 984/984/246
f 981/981/246 982/982/246 983/983/246
f 985/985/247 987/987/247 986/986/247
f 985/985/247 988/988/247 987/987/247
f 989/989/248 991/991/248 992/992/248
f 989/989/248 990/990/248 991/991/248
f 993/993/249 995/995/249 994/994/249
f 993/993/249 996/996/249 995/995/249
f 997/997/250 999/999/250 1000/1000/250
f 997/997/250 998/998/250 999/999/250
f 1001/1001/251 1003/1003/251 1002/1002/251
f 1001/1001/251 1004/1004/251 1003/1003/251
f 1005/1005/252 1007/1007/252 1008/1008/252
f 1005/1005/252 1006/1006/252 1007/1007/252
f 1009/1009/253 1011/1011/253 1010/1010/253
f 1009/1009/253 1012/1012/253 1011/1011/253
f 1013/1013/254 1015/1015/254 1016/1016/254
f 1013/1013/254 1014/1014/254 1015/1015/254
f 1017/1017/255 1019/1019/255 1018/1018/255
f 1017/1017/255 1020/1020/255 1019/1019/255
f 1021/1021/256 1023/1023/256 1024/1024/256
f 1021/1021/256 1022/1022/256 1023/1023/256
f 1025/1025/257 1027/1027/257 1026/1026/257
f 1025/1025/257 1028/1028/257 1027/1027/257
f 1029/1029/258 1031/1031/258 1032/1032/258
f 1029/1029/258 1030/1030/258 1031/1031/258
f 1033/1033/259 1035/1035/259 1034/1034/259
f 1033/1033/259 1036/1036/259 1035/1035/259
f 1037/1037/260 1039/1039/260 1040/1040/260
f 1037/1037/260 1038/1038/260 1039/1039/260
f 1041/1041/261 1043/1043/261 1042/1042/261
f 1041/1041/261 1044/1044/261 1043/1043/261
f 1045/1045/262 1047/1047/262 1048/1048/262
f 1045/1045/262 1046/1046/262 1047/1047/262
f 1049/1049/263 1051/1051/263 1050/1050/263
f 1049/1049/263 1052/1052/263 1051/1051/263
f 1053/1053/264 1055/1055/264 1056/1056/264
f 1053/1053/264 1054/1054/264 1055/1055/264
f 1057/1057/265 1059/1059/265 1058/1058/265
f 1057/1057/265 1060/1060/265 1059/1059/265
f 1061/1061/266 1063/1063/266 1064/1064/266
f 1061/1061/266 1062/1062/266 1063/1063/266
f 1065/1065/267 1067/1067/267 1066/1066/267
f 1065/1065/267 1068/1068/267 1067/1067/267
f 1069/1069/268 1071/1071/268 1072/1072/268
f 1069/1069/268 1070/1070/268 1071/1071/268
f 1073/1073/269 1075/1075/269 1074/1074/269
f 1073/1073/269 1076/1076/269 1075/1075/269
f 1077/1077/270 1079/1079/270 1080/1080/270
f 1077/1077/270 1078/1078/270 1079/1079/270
f 1081/1081/271 1083/1083/271 1082/1082/271
f 1081/1081/271 1084/1084/271 1083/1083/271
f 1085/1085/272 1087/1087/272 1088/1088/272
f 1085/1085/272 1086/1086/272 1087/1087/272
f 1089/1089/273 1091/1091/273 1090/1090/273
f 1089/1089/273 1092/1092/273 1091/1091/273
f 1093/1093/274 1095/1095/274 1096/1096/274
f 1093/1093/274 1094/1094/274 1095/1095/274
f 1097/1097/275 1099/1099/275 1098/1098/275
f 1097/1097/275 1100/1100/275 1099/1099/275
f 1101/1101/276 1103/1103/276 1104/1104/276
f 1101/1101/276 1102/1102/276 1103/1103/276
f 1105/1105/277 1107/1107/277 1106/1106/277
f 1105/1105/277 1108/1108/277 1107/1107/277
f 1109/1109/278 1111/1111/278 1112/1112/278
f 1109/1109/278 1110/1110/278 1111/1111/278
f 1113/1113/279 1115/1115/279 1114/1114/279
f 1113/1113/279 1116/1116/279 1115/1115/279
f 1117/1117/280 1119/1119/280 1120/1120/280
f 1117/1117/280 1118/1118/280 1119/1119/280
f 1121/1121/281 1123/1123/281 1122/1122/281
f 1121/1121/281 1124/1124/281 1123/1123/281
f 1125/1125/282 1127/1127/282 1128/1128/282
f 1125/1125/282 1126/1126/282 1127/1127/282
f 1129/1129/283 1131/1131/283 1130/1130/283
f 1129/1129/283 1132/1132/283 1131/1131/283
f 1133/1133/284 1135/1135/284 1136/1136/284
f 1133/1133/284 1134/1134/284 1135/1135/284
f 1137/1137/285 1139/1139/285 1138/1138/285
f 1137/1137/285 1140/1140/285 1139/1139/285
f 1141/1141/286 1143/1143/286 1144/1144/286
f 1141/1141/286 1142/1142/286 1143/1143/286
f 1145/1145/287 1147/1147/287 1146/1146/287
f 1145/1145/287 1148/1148/287 1147/1147/287
f 1149/1149/288 1151/1151/288 1152/1152/288
f 1149/1149/288 1150/1150/288 1151/1151/288
f 1153/1153/289 1155/1155/289 1154/1154/289
f 1153/1153/289 1156/1156/289 1155/1155/289
f 1157/1157/290 1159/1159/290 1160/1160/290
f 1157/1157/290 1158/1158/290 1159/1159/290
f 1161/1161/291 1163/1163/291 1162/1162/291
f 1161/1161/291 1164/1164/291 1163/1163/291
f 1165/1165/292 1167/1167/292 1168/1168/292
f 1165/1165/292 1166/1166/292 1167/1167/292
f 1169/1169/293 1171/1171/293 1170/1170/293
f 1169/1169/293 1172/1172/293 1171/1171/293
f 1173/1173/294 1175/1175/294 1176/1176/294
f 1173/1173/294 1174/1174/294 1175/1175/294
f 1177/1177/295 1179/1179/295 1178/1178/295
f 1177/1177/295 1180/1180/295 1179/1179/295
f 1181/1181/296 1183/1183/296 1184/1184/296
f 1181/1181/296 1182/1182/296 1183/1183/296
f 1185/1185/297 1187/1187/297 1186/1186/297
f 1185/1185/297 1188/1188/297 1187/1187/297
f 1189/1189/298 1191/1191/298 1192/1192/298
f 1189/1189/298 1190/1190/298 1191/1191/298
f 1193/1193/299 1195/1195/299 1194/1194/299
f 1193/1193/299 1196/1196/299 1195/1195/299
f 1197/1197/300 1199/1199/300 1200/1200/300
f 1197/1197/300 1198/1198/300 1199/1199/300
f 1201/1201/301 1203/1203/301 1202/1202/301
f 1201/1201/301 1204/1204/301 1203/1203/301
f 1205/1205/302 1207/1207/302 1208/1208/302
f 1205/1205/302 1206/1206/302 1207/1207/302
f 1209/1209/303 1211/1211/303 1210/1210/303
f 1209/1209/303 1212/1212/303 1211/1211/303
f 1213/1213/304 1215/1215/304 1216/1216/304
f 1213/1213/304 1214/1214/304 1215/1215/304
f 1217/1217/305 1219/1219/305 1218/1218/305
f 1217/1217/305 1220/1220/305 1219/1219/305
f 1221/1221/306 1223/1223/306 1224/1224/306
f 1221/1221/306 1222/1222/306 1223/1223/306
f 1225/1225/307 1227/1227/307 1226/1226/307
f 1225/1225/307 1228/1228/307 1227/1227/307
f 1229/1229/308 1231/1231/308 1232/1232/308
f 1229/1229/308 1230/1230/308 1231/1231/308
f 1233/1233/309 1235/1235/309 1234/1234/309
f 1233/1233/309 1236/1236/309 1235/1235/309
f 1237/1237/310 1239/1239/310 1240/1240/310
f 1237/1237/310 1238/1238/310 1239/1239/310
f 1241/1241/311 1243/1243/311 1242/1242/311
f 1241/1241/311 1244/1244/311 1243/1243/311
f 1245/1245/312 1247/1247/312 1248/1248/312
f 1245/1245/312 1246/1246/312 1247/1247/312
f 1249/1249/313 1251/1251/313 1250/1250/313
f 1249/1249/313 1252/1252/313 1251/1251/313
f 1253/1253/314 1255/1255/314 1256/1256/314
f 1253/1253/314 1254/1254/314 1255/1255/314
f 1257/1257/315 1259/1259/315 1258/1258/315
f 1257/1257/315 1260/1260/315 1259/1259/315
f 1261/1261/316 1263/1263/316 1264/1264/316
f 1261/1261/316 1262/1262/316 1263/1263/316
f 1265/1265/317 1267/1267/317 1266/1266/317
f 1265/1265/317 1268/1268/317 1267/1267/317
f 1269/1269/318 1271/1271/318 1272/1272/318
f 1269/1269/318 1270/1270/318 1271/1271/318
f 1273/1273/319 1275/1275/319 1274/1274/319
f 1273/1273/319 1276/1276/319 1275/1275/319
f 1277/1277/320 1279/1279/320 1280/1280/320
f 1277/1277/320 1278/1278/320 1279/1279/320
f 1281/1281/321 1283/1283/321 1282/1282/321
f 1281/1281/321 1284/1284/321 1283/1283/321
f 1285/1285/322 1287/1287/322 1288/1288/322
f 1285/1285/322 1286/1286/322 1287/1287/322
f 1289/1289/323 1291/1291/323 1290/1290/323
f 1289/1289/323 1292/1292/323 1291/1291/323
f 1293/1293/324 1295/1295/324 1296/1296/324
f 1293/1293/324 1294/1294/324 1295/1295/324
f 1297/1297/325 1299/1299/325 1298/1298/325
f 1297/1297/325 1300/1300/325 1299/1299/325
f 1301/1301/326 1303/1303/326 1304/1304/326
f 1301/1301/326 1302/1302/326 1303/1303/326
f 1305/1305/327 1307/1307/327 1306/1306/327
f 1305/1305/327 1308/1308/327 1307/1307/327
f 1309/1309/328 1311/1311/328 1312/1312/328
f 1309/1309/328 1310/1310/328 1311/1311/328
f 1313/1313/329 1315/1315/329 1314/1314/329
f 1313/1313/329 1316/1316/329 1315/1315/329
f 1317/1317/330 1319/1319/330 1320/1320/330
f 1317/1317/330 1318/1318/330 1319/1319/330
f 1321/1321/331 1323/1323/331 1322/1322/331
f 1321/1321/331 1324/1324/331 1323/1323/331
f 1325/1325/332 1327/1327/332 1328/1328/332
f 1325/1325/332 1326/1326/332 1327/1327/332
f 1329/1329/333 1331/1331/333 1330/1330/333
f 1329/1329/333 1332/1332/333 1331/1331/333
f 1333/1333/334 1335/1335/334 1336/1336/334
f 1333/1333/334 1334/1334/334 1335/1335/334
f 1337/1337/335 1339/1339/335 1338/1338/335
f 1337/1337/335 1340/1340/335 1339/1339/335
f 1341/1341/336 1343/1343/336 1344/1344/336
f 1341/1341/336 1342/1342/336 1343/1343/336
f 1345/1345/337 1347/1347/337 1346/1346/337
f 1345/1345/337 1348/1348/337 1347/1347/337
f 1349/1349/338 1351/1351/338 1352/1352/338
f 1349/1349/338 1350/1350/338 1351/1351/338
f 1353/1353/339 1355/1355/339 1354/1354/339
f 1353/1353/339 1356/1356/339 1355/1355/339
f 1357/1357/340 1359/1359/340 1360/1360/340
f 1357/1357/340 1358/1358/340 1359/1359/340
f 1361/1361/341 1363/1363/341 1362/1362/341
f 1361/1361/341 1364/1364/341 1363/1363/341
f 1365/1365/342 1367/1367/342 1368/1368/342
f 1365/1365/342 1366/1366/342 1367/1367/342
f 1369/1369/343 1371/1371/343 1370/1370/343
f 1369/1369/343 1372/1372/343 1371/1371/343
f 1373/1373/344 1375/1375/344 1376/1376/344
f 1373/1373/344 1374/1374/344 1375/1375/344
f 1377/1377/345 1379/1379/345 1378/1378/345
f 1377/1377/345 1380/1380/345 1379/1379/345
f 1381/1381/346 1383/1383/346 1384/1384/346
f 1381/1381/346 1382/1382/346 1383/1383/346
f 1385/1385/347 1387/1387/347 1386/1386/347
f 1385/1385/347 1388/1388/347 1387/1387/347
f 1389/1389/348 1391/1391/348 1392/1392/348
f 1389/1389/348 1390/1390/348 1391/1391/348
f 1393/1393/349 1395/1395/349 1394/1394/349
f 1393/1393/349 1396/1396/349 1395/1395/349
f 1397/1397/350 1399/1399/350 1400/1400/350
f 1397/1397/350 1398/1398/350 1399/1399/350
f 1401/1401/351 1403/1403/351 1402/1402/351
f 1401/1401/351 1404/1404/351 1403/1403/351
f 1405/1405/352 1407/1407/352 1408/1408/352
f 1405/1405/352 1406/1406/352 1407/1407/352
f 1409/1409/353 1411/1411/353 1410/1410/353
f 1409/1409/353 1412/1412/353 1411/1411/353
f 1413/1413/354 1415/1415/354 1416/1416/354
f 1413/1413/354 1414/1414/354 1415/1415/354
f 1417/1417/355 1419/1419/355 1418/1418/355
f 1417/1417/355 1420/1420/355 1419/1419/355
f 1421/1421/356 1423/1423/356 1424/1424/356
f 1421/1421/356 1422/1422/356 1423/1423/356
f 1425/1425/357 1427/1427/357 1426/1426/357
f 1425/1425/357 1428/1428/357 1427/1427/357
f 1429/1429/358 1431/1431/358 1432/1432/358
f 1429/1429/358 1430/1430/358 1431/1431/358
f 1433/1433/359 1435/1435/359 1434/1434/359
f 1433/1433/359 1436/1436/359 1435/1435/359
f 1437/1437/360 1439/1439/360 1440/1440/360
f 1437/1437/360 1438/1438/360 1439/1439/360
f 1441/1441/361 1443/1443/361 1442/1442/361
f 1441/1441/361 1444/1444/361 1443/1443/361
f 1445/1445/362 1447/1447/362 1448/1448/362
f 1445/1445/362 1446/1446/362 1447/1447/362
f 1449/1449/363 1451/1451/363 1450/1450/363
f 1449/1449/363 1452/1452/363 1451/1451/363
f 1453/1453/364 1455/1455/364 1456/1456/364
f 1453/1453/364 1454/1454/364 1455/1455/364
f 1457/1457/365 1459/1459/365 1458/1458/365
f 1457/1457/365 1460/1460/365 1459/1459/365
f 1461/1461/366 1463/1463/366 1464/1464/366
f 1461/1461/366 1462/1462/366 1463/1463/366
f 1465/1465/367 1467/1467/367 1466/1466/367
f 1465/1465/367 1468/1468/367 1467/1467/367
f 1469/1469/368 1471/1471/368 1472/1472/368
f 1469/1469/368 1470/1470/368 1471/1471/368
f 1473/1473/369 1475/1475/369 1474/1474/369
f 1473/1473/369 1476/1476/369 1475/1475/369
f 1477/1477/370 1479/1479/370 1480/1480/370
f 1477/1477/370 1478/1478/370 1479/1479/370
f 1481/1481/371 1483/1483/371 1482/1482/371
f 1481/1481/371 1484/1484/371 1483/1483/371
f 1485/1485/372 1487/1487/372 1488/1488/372
f 1485/1485/372 1486/1486/372 1487/1487/372
f 1489/1489/373 1491/1491/373 1490/1490/373
f 1489/1489/373 1492/1492/373 1491/1491/373
f 1493/1493/374 1495/1495/374 1496/1496/374
f 1493/1493/374 1494/1494/374 1495/1495/374
f 1497/1497/375 1499/1499/375 1498/1498/375
f 1497/1497/375 1500/1500/375 1499/1499/375
f 1501/1501/376 1503/1503/376 1504/1504/376
f 1501/1501/376 1502/1502/376 1503/1503/376
f 1505/1505/377 1507/1507/377 1506/1506/377
f 1505/1505/377 1508/1508/377 1507/1507/377
f 1509/1509/378 1511/1511/378 1512/1512/378
f 1509/1509/378 1510/1510/378 1511/1511/378
f 1513/1513/379 1515/1515/379 1514/1514/379
f 1513/1513/379 1516/1516/379 1515/1515/379
f 1517/1517/380 1519/1519/380 1520/1520/380
f 1517/1517/380 1518/1518/380 1519/1519/380
f 1521/1521/381 1523/1523/381 1522/1522/381
f 1521/1521/381 1524/1524/381 1523/1523/381
f 1525/1525/382 1527/1527/382 1528/1528/382
f 1525/1525/382 1526/1526/382 1527/1527/382
f 1529/1529/383 1531/1531/383 1530/1530/383
f 1529/1529/383 1532/1532/383 1531/1531/383
f 1533/1533/384 1535/1535/384 1536/1536/384
f 1533/1533/384 1534/1534/384 1535/1535/384
f 1537/1537/385 1539/1539/385 1538/1538/385
f 1537/1537/385 1540/1540/385 1539/1539/385
f 1541/1541/386 1543/1543/386 1544/1544/386
f 1541/1541/386 1542/1542/386 1543/1543/386
f 1545/1545/387 1547/1547/387 1546/1546/387
f 1545/1545/387 1548/1548/387 1547/1547/387
f 1549/1549/388 1551/1551/388 1552/1552/388
f 1549/1549/388 1550/1550/388 1551/1551/388
f 1553/1553/389 1555/1555/389 1554/1554/389
f 1553/1553/389 1556/1556/389 1555/1555/389
f 1557/1557/390 1559/1559/390 1560/1560/390
f 1557/1557/390 1558/1558/390 1559/1559/390
f 1561/1561/391 1563/1563/391 1562/1562/391
f 1561/1561/391 1564/1564/391 1563/1563/391
f 1565/1565/392 1567/1567/392 1568/1568/392
f 1565/1565/392 1566/1566/392 1567/1567/392
f 1569/1569/393 1571/1571/393 1570/1570/393
f 1569/1569/393 1572/1572/393 1571/1571/393
f 1573/1573/394 1575/1575/394 1576/1576/394
f 1573/1573/394 1574/1574/394 1575/1575/394
f 1577/1577/395 1579/1579/395 1578/1578/395
f 1577/1577/395 1580/1580/395 1579/1579/395
f 1581/1581/396 1583/1583/396 1584/1584/396
f 1581/1581/396 1582/1582/396 1583/1583/396
f 1585/1585/397 1587/1587/397 1586/1586/397
f 1585/1585/397 1588/1588/397 1587/1587/397
f 1589/1589/398 1591/1591/398 1592/1592/398
f 1589/1589/398 1590/1590/398 1591/1591/398
f 1593/1593/399 1595/1595/399 1594/1594/399
f 1593/1593/399 1596/1596/399 1595/1595/399
f 1597/1597/400 1599/1599/400 1600/1600/400
f 1597/1597/400 1598/1598/400 1599/1599/400
f 1601/1601/401 1603/1603/401 1602/1602/401
f 1601/1601/401 1604/1604/401 1603/1603/401
f 1605/1605/402 1607/1607/402 1608/1608/402
f 1605/1605/402 1606/1606/402 1607/1607/402
f 1609/1609/403 1611/1611/403 1610/1610/403
f 1609/1609/403 1612/1612/403 1611/1611/403
f 1613/1613/404 1615/1615/404 1616/1616/404
f 1613/1613/404 1614/1614/404 1615/1615/404
f 1617/1617/405 1619/1619/405 1618/1618/405
f 1617/1617/405 1620/1620/405 1619/1619/405
f 1621/1621/406 1623/1623/406 1624/1624/406
f 1621/1621/406 1622/1622/406 1623/1623/406
f 1625/1625/407 1627/1627/407 1626/1626/407
f 1625/1625/407 1628/1628/407 1627/1627/407
f 1629/1629/408 1631/1631/408 1632/1632/408
f 1629/1629/408 1630/1630/408 1631/1631/408
f 1633/1633/409 1635/1635/409 1634/1634/409
f 1633/1633/409 1636/1636/409 1635/1635/409
f 1637/1637/410 1639/1639/410 1640/1640/410
f 1637/1637/410 1638/1638/410 1639/1639/410
f 1641/1641/411 1643/1643/411 1642/1642/411
f 1641/1641/411 1644/1644/411 1643/1643/411
f 1645/1645/412 1647/1647/412 1648/1648/412
f 1645/1645/412 1646/1646/412 1647/1647/412
f 1649/1649/413 1651/1651/413 1650/1650/413
f 1649/1649/413 1652/1652/413 1651/1651/413
f 1653/1653/414 1655/1655/414 1656/1656/414
f 1653/1653/414 1654/1654/414 1655/1655/414
f 1657/1657/415 1659/1659/415 1658/1658/415
f 1657/1657/415 1660/1660/415 1659/1659/415
f 1661/1661/416 1663/1663/416 1664/1664/416
f 1661/1661/416 1662/1662/416 1663/1663/416
f 1665/1665/417 1667/1667/417 1666/1666/417
f 1665/1665/417 1668/1668/417 1667/1667/417
f 1669/1669/418 1671/1671/418 1672/1672/418
f 1669/1669/418 1670/1670/418 1671/1671/418
f 1673/1673/419 1675/1675/419 1674/1674/419
f 1673/1673/419 1676/1676/419 1675/1675/419
f 1677/1677/420 1679/1679/420 1680/1680/420
f 1677/1677/420 1678/1678/420 1679/1679/420
f 1681/1681/421 1683/1683/421 1682/1682/421
f 1681/1681/421 1684/1684/421 1683/1683/421
f 1685/1685/422 1687/1687/422 1688/1688/422
f 1685/1685/422 1686/1686/422 1687/1687/422
f 1689/1689/423 1691/1691/423 1690/1690/423
f 1689/1689/423 1692/1692/423 1691/1691/423
f 1693/1693/424 1695/1695/424 1696/1696/424
f 1693/1693/424 1694/1694/424 1695/1695/424
f 1697/1697/425 1699/1699/425 1698/1698/425
f 1697/1697/425 1700/1700/425 1699/1699/425
f 1701/1701/426 1703/1703/426 1704/1704/426
f 1701/1701/426 1702/1702/426 1703/1703/426
f 1705/1705/427 1707/1707/427 1706/1706/427
f 1705/1705/427 1708/1708/427 1707/1707/427
f 1709/1709/428 1711/1711/428 1712/1712/428
f 1709/1709/428 1710/1710/428 1711/1711/428
f 1713/1713/429 1715/1715/429 1714/1714/429
f 1713/1713/429 1716/1716/429 1715/1715/429
f 1717/1717/430 1719/1719/430 1720/1720/430
f 1717/1717/430 1718/1718/430 1719/1719/430
f 1721/1721/431 1723/1723/431 1722/1722/431
f 1721/1721/431 1724/1724/431 1723/1723/431
f 1725/1725/432 1727/1727/432 1728/1728/432
f 1725/1725/432 1726/1726/432 1727/1727/432
f 1729/1729/433 1731/1731/433 1730/1730/433
f 1729/1729/433 1732/1732/433 1731/1731/433
f 1733/1733/434 1735/1735/434 1736/1736/434
f 1733/1733/434 1734/1734/434 1735/1735/434
f 1737/1737/435 1739/1739/435 1738/1738/435
f 1737/1737/435 1740/1740/435 1739/1739/435
f 1741/1741/436 1743/1743/436 1744/1744/436
f 1741/1741/436 1742/1742/436 1743/1743/436
f 1745/1745/437 1747/1747/437 1746/1746/437
f 1745/1745/437 1748/1748/437 1747/1747/437
f 1749/1749/438 1751/1751/438 1752/1752/438
f 1749/1749/438 1750/1750/438 1751/1751/438
f 1753/1753/439 1755/1755/439 1754/1754/439
f 1753/1753/439 1756/1756/439 1755/1755/439
f 1757/1757/440 1759/1759/440 1760/1760/440
f 1757/1757/440 1758/1758/440 1759/1759/440
f 1761/1761/441 1763/1763/441 1762/1762/441
f 1761/1761/441 1764/1764/441 1763/1763/441
f 1765/1765/442 1767/1767/442 1768/1768/442
f 1765/1765/442 1766/1766/442 1767/1767/442
f 1769/1769/443 1771/1771/443 1770/1770/443
f 1769/1769/443 1772/1772/443 1771/1771/443
f 1773/1773/444 1775/1775/444 1776/1776/444
f 1773/1773/444 1774/1774/444 1775/1775/444
f 1777/1777/445 1779/1779/445 1778/1778/445
f 1777/1777/445 1780/1780/445 1779/1779/445
f 1781/1781/446 1783/1783/446 1784/1784/446
f 1781/1781/446 1782/1782/446 1783/1783/446
f 1785/1785/447 1787/1787/447 1786/1786/447
f 1785/1785/447 1788/1788/447 1787/1787/447
f 1789/1789/448 1791/1791/448 1792/1792/448
f 1789/1789/448 1790/1790/448 1791/1791/448
f 1793/1793/449 1795/1795/449 1794/1794/449
f 1793/1793/449 1796/1796/449 1795/1795/449
f 1797/1797/450 1799/1799/450 1800/1800/450
f 1797/1797/450 1798/1798/450 1799/1799/450
f 1801/1801/451 1803/1803/451 1802/1802/451
f 1801/1801/451 1804/1804/451 1803/1803/451
f 1805/1805/452 1807/1807/452 1808/1808/452
f 1805/1805/452 1806/1806/452 1807/1807/452
f 1809/1809/453 1811/1811/453 1810/1810/453
f 1809/1809/453 1812/1812/453 1811/1811/453
f 1813/1813/454 1815/1815/454 1816/1816/454
f 1813/1813/454 1814/1814/454 1815/1815/454
f 1817/1817/455 1819/1819/455 1818/1818/455
f 1817/1817/455 1820/1820/455 1819/1819/455
f 1821/1821/456 1823/1823/456 1824/1824/456
f 1821/1821/456 1822/1822/456 1823/1823/456
f 1825/1825/457 1827/1827/457 1826/1826/457
f 1825/1825/457 1828/1828/457 1827/1827/457
f 1829/1829/458 1831/1831/458 1832/1832/458
f 1829/1829/458 1830/1830/458 1831/1831/458
f 1833/1833/459 1835/1835/459 1834/1834/459
f 1833/1833/459 1836/1836/459 1835/1835/459
f 1837/1837/460 1839/1839/460 1840/1840/460
f 1837/1837/460 1838/1838/460 1839/1839/460
f 1841/1841/461 1843/1843/461 1842/1842/461
f 1841/1841/461 1844/1844/461 1843/1843/461
f 1845/1845/462 1847/1847/462 1848/1848/462
f 1845/1845/462 1846/1846/462 1847/1847/462
f 1849/1849/463 1851/1851/463 1850/1850/463
f 1849/1849/463 1852/1852/463 1851/1851/463
f 1853/1853/464 1855/1855/464 1856/1856/464
f 1853/1853/464 1854/1854/464 1855/1855/464
f 1857/1857/465 1859/1859/465 1858/1858/465
f 1857/1857/465 1860/1860/465 1859/1859/465
f 1861/1861/466 1863/1863/466 1864/1864/466
f 1861/1861/466 1862/1862/466 1863/1863/466
f 1865/1865/467 1867/1867/467 1866/1866/467
f 1865/1865/467 1868/1868/467 1867/1867/467
f 1869/1869/468 1871/1871/468 1872/1872/468
f 1869/1869/468 1870/1870/468 1871/1871/468
f 1873/1873/469 1875/1875/469 1874/1874/469
f 1873/1873/469 1876/1876/469 1875/1875/469
f 1877/1877/470 1879/1879/470 1880/1880/470
f 1877/1877/470 1878/1878/470 1879/1879/470
f 1881/1881/471 1883/1883/471 1882/1882/471
f 1881/1881/471 1884/1884/471 1883/1883/471
f 1885/1885/472 1887/1887/472 1888/1888/472
f 1885/1885/472 1886/1886/472 1887/1887/472
f 1889/1889/473 1891/1891/473 1890/1890/473
f 1889/1889/473 1892/1892/473 1891/1891/473
f 1893/1893/474 1895/1895/474 1896/1896/474
f 1893/1893/474 1894/1894/474 1895/1895/474
f 1897/1897/475 1899/1899/475 1898/1898/475
f 1897/1897/475 1900/1900/475 1899/1899/475
f 1901/1901/476 1903/1903/476 1904/1904/476
f 1901/1901/476 1902/1902/476 1903/1903/476
f 1905/1905/477 1907/1907/477 1906/1906/477
f 1905/1905/477 1908/1908/477 1907/1907/477
f 1909/1909/478 1911/1911/478 1912/1912/478
f 1909/1909/478 1910/1910/478 1911/1911/478
f 1913/1913/479 1915/1915/479 1914/1914/479
f 1913/1913/479 1916/1916/479 1915/1915/479
f 1917/1917/480 1919/1919/480 1920/1920/480
f 1917/1917/480 1918/1918/480 1919/1919/480
f 1921/1921/481 1923/1923/481 1922/1922/481
f 1921/1921/481 1924/1924/481 1923/1923/481
f 1925/1925/482 1927/1927/482 1928/1928/482
f 1925/1925/482 1926/1926/482 1927/1927/482
f 1929/1929/483 1931/1931/483 1930/1930/483
f 1929/1929/483 1932/1932/483 1931/1931/483
f 1933/1933/484 1935/1935/484 1936/1936/484
f 1933/1933/484 1934/1934/484 1935/1935/484
f 1937/1937/485 1939/1939/485 1938/1938/485
f 1937/1937/485 1940/1940/485 1939/1939/485
f 1941/1941/486 1943/1943/486 1944/1944/486
f 1941/1941/486 1942/1942/486 1943/1943/486
f 1945/1945/487 1947/1947/487 1946/1946/487
f 1945/1945/487 1948/1948/487 1947/1947/487
f 1949/1949/488 1951/1951/488 1952/1952/488
f 1949/1949/488 1950/1950/488 1951/1951/488
f 1953/1953/489 1955/1955/489 1954/1954/489
f 1953/1953/489 1956/1956/489 1955/1955/489
f 1957/1957/490 1959/1959/490 1960/1960/490
f 1957/1957/490 1958/1958/490 1959/1959/490
f 1961/1961/491 1963/1963/491 1962/1962/491
f 1961/1961/491 1964/1964/491 1963/1963/491
f 1965/1965/492 1967/1967/492 1968/1968/492
f 1965/1965/492 1966/1966/492 1967/1967/492
f 1969/1969/493 1971/1971/493 1970/1970/493
f 1969/1969/493 1972/1972/493 1971/1971/493
f 1973/1973/494 1975/1975/494 1976/1976/494
f 1973/1973/494 1974/1974/494 1975/1975/494
f 1977/1977/495 1979/1979/495 1978/1978/495
f 1977/1977/495 1980/1980/495 1979/1979/495
f 1981/1981/496 1983/1983/496 1984/1984/496
f 1981/1981/496 1982/1982/496 1983/1983/496
f 1985/1985/497 1987/1987/497 1986/1986/497
f 1985/1985/497 1988/1988/497 1987/1987/497
f 1989/1989/498 1991/1991/498 1992/1992/498
f 1989/1989/498 1990/1990/498 1991/1991/498
f 1993/1993/499 1995/1995/499 1994/1994/499
f 1993/1993/499 1996/1996/499 1995/1995/499
f 1997/1997/500 1999/1999/500 2000/2000/500
f 1997/1997/500 1998/1998/500 1999/1999/500
f 2001/2001/501 2003/2003/501 2002/2002/501
f 2001/2001/501 2004/2004/501 2003/2003/501
f 2005/2005/502 2007/2007/502 2008/2008/502
f 2005/2005/502 2006/2006/502 2007/2007/502
f 2009/2009/503 2011/2011/503 2010/2010/503
f 2009/2009/503 2012/2012/503 2011/2011/503
f 2013/2013/504 2015/2015/504 2016/2016/504
f 2013/2013/504 2014/2014/504 2015/2015/504
f 2017/2017/505 2019/2019/505 2018/2018/505
f 2017/2017/505 2020/2020/505 2019/2019/505
f 2021/2021/506 2023/2023/506 2024/2024/506
f 2021/2021/506 2022/2022/506 2023/2023/506
f 2025/2025/507 2027/2027/507 2026/2026/507
f 2025/2025/507 2028/2028/507 2027/2027/507
f 2029/2029/508 2031/2031/508 2032/2032/508
f 2029/2029/508 2030/2030/508 2031/2031/508
f 2033/2033/509 2035/2035/509 2034/2034/509
f 2033/2033/509 2036/2036/509 2035/2035/509
f 2037/2037/510 2039/2039/510 2040/2040/510
f 2037/2037/510 2038/2038/510 2039/2039/510
f 2041/2041/511 2043/2043/511 2042/2042/511
f 2041/2041/511 2044/2044/511 2043/2043/511
f 2045/2045/512 2047/2047/512 2048/2048/512
f 2045/2045/512 2046/2046/512 2047/2047/512
f 2049/2049/513 2051/2051/513 2050/2050/513
f 2049/2049/513 2052/2052/513 2051/2051/513
f 2053/2053/514 2055/2055/514 2056/2056/514
f 2053/2053/514 2054/2054/514 2055/2055/514
f 2057/2057/515 2059/2059/515 2058/2058/515
f 2057/2057/515 2060/2060/515 2059/2059/515
f 2061/2061/516 2063/2063/516 2064/2064/516
f 2061/2061/516 2062/2062/516 2063/2063/516
f 2065/2065/517 2067/2067/517 2066/2066/517
f 2065/2065/517 2068/2068/517 2067/2067/517
f 2069/2069/518 2071/2071/518 2072/2072/518
f 2069/2069/518 2070/2070/518 2071/2071/518
f 2073/2073/519 2075/2075/519 2074/2074/519
f 2073/2073/519 2076/2076/519 2075/2075/519
f 2077/2077/520 2079/2079/520 2080/2080/520
f 2077/2077/520 2078/2078/520 2079/2079/520
f 2081/2081/521 2083/2083/521 2082/2082/521
f 2081/2081/521 2084/2084/521 2083/2083/521
f 2085/2085/522 2087/2087/522 2088/2088/522
f 2085/2085/522 2086/2086/522 2087/2087/522
f 2089/2089/523 2091/2091/523 2090/2090/523
f 2089/2089/523 2092/2092/523 2091/2091/523
f 2093/2093/524 2095/2095/524 2096/2096/524
f 2093/2093/524 2094/2094/524 2095/2095/524
f 2097/2097/525 2099/2099/525 2098/2098/525
f 2097/2097/525 2100/2100/525 2099/2099/525
f 2101/2101/526 2103/2103/526 2104/2104/526
f 2101/2101/526 2102/2102/526 2103/2103/526
f 2105/2105/527 2107/2107/527 2106/2106/527
f 2105/2105/527 2108/2108/527 2107/2107/527
f 2109/2109/528 2111/2111/528 2112/2112/528
f 2109/2109/528 2110/2110/528 2111/2111/528
f 2113/2113/529 2115/2115/529 2114/2114/529
f 2113/2113/529 2116/2116/529 2115/2115/529
f 2117/2117/530 2119/2119/530 2120/2120/530
f 2117/2117/530 2118/2118/530 2119/2119/530
f 2121/2121/531 2123/2123/531 2122/2122/531
f 2121/2121/531 2124/2124/531 2123/2123/531
f 2125/2125/532 2127/2127/532 2128/2128/532
f 2125/2125/532 2126/2126/532 2127/2127/532
f 2129/2129/533 2131/2131/533 2130/2130/533
f 2129/2129/533 2132/2132/533 2131/2131/533
f 2133/2133/534 2135/2135/534 2136/2136/534
f 2133/2133/534 2134/2134/534 2135/2135/534
f 2137/2137/535 2139/2139/535 2138/2138/535
f 2137/2137/535 2140/2140/535 2139/2139/535
f 2141/2141/536 2143/2143/536 2144/2144/536
f 2141/2141/536 2142/2142/536 2143/2143/536
f 2145/2145/537 2147/2147/537 2146/2146/537
f 2145/2145/537 2148/2148/537 2147/2147/537
f 2149/2149/538 2151/2151/538 2152/2152/538
f 2149/2149/538 2150/2150/538 2151/2151/538
f 2153/2153/539 2155/2155/539 2154/2154/539
f 2153/2153/539 2156/2156/539 2155/2155/539
f 2157/2157/540 2159/2159/540 2160/2160/540
f 2157/2157/540 2158/2158/540 2159/2159/540
f 2161/2161/541 2163/2163/541 2162/2162/541
f 2161/2161/541 2164/2164/541 2163/2163/541
f 2165/2165/542 2167/2167/542 2168/2168/542
f 2165/2165/542 2166/2166/542 2167/2167/542
f 2169/2169/543 2171/2171/543 2170/2170/543
f 2169/2169/543 2172/2172/543 2171/2171/543
f 2173/2173/544 2175/2175/544 2176/2176/544
f 2173/2173/544 2174/2174/544 2175/2175/544
f 2177/2177/545 2179/2179/545 2178/2178/545
f 2177/2177/545 2180/2180/545 2179/2179/545
f 2181/2181/546 2183/2183/546 2184/2184/546
f 2181/2181/546 2182/2182/546 2183/2183/546
f 2185/2185/547 2187/2187/547 2186/2186/547
f 2185/2185/547 2188/2188/547 2187/2187/547
f 2189/2189/548 2191/2191/548 2192/2192/548
f 2189/2189/548 2190/2190/548 2191/2191/548
f 2193/2193/549 2195/2195/549 2194/2194/549
f 2193/2193/549 2196/2196/549 2195/2195/549
f 2197/2197/550 2199/2199/550 2200/2200/550
f 2197/2197/550 2198/2198/550 2199/2199/550
f 2201/2201/551 2203/2203/551 2202/2202/551
f 2201/2201/551 2204/2204/551 2203/2203/551
f 2205/2205/552 2207/2207/552 2208/2208/552
f 2205/2205/552 2206/2206/552 2207/2207/552
f 2209/2209/553 2211/2211/553 2210/2210/553
f 2209/2209/553 2212/2212/553 2211/2211/553
f 2213/2213/554 2215/2215/554 2216/2216/554
f 2213/2213/554 2214/2214/554 2215/2215/554
f 2217/2217/555 2219/2219/555 2218/2218/555
f 2217/2217/555 2220/2220/555 2219/2219/555
f 2221/2221/556 2223/2223/556 2224/2224/556
f 2221/2221/556 2222/2222/556 2223/2223/556
f 2225/2225/557 2227/2227/557 2226/2226/557
f 2225/2225/557 2228/2228/557 2227/2227/557
f 2229/2229/558 2231/2231/558 2232/2232/558
f 2229/2229/558 2230/2230/558 2231/2231/558
f 2233/2233/559 2235/2235/559 2234/2234/559
f 2233/2233/559 2236/2236/559 2235/2235/559
f 2237/2237/560 2239/2239/560 2240/2240/560
f 2237/2237/560 2238/2238/560 2239/2239/560
f 2241/2241/561 2243/2243/561 2242/2242/561
f 2241/2241/561 2244/2244/561 2243/2243/561
f 2245/2245/562 2247/2247/562 2248/2248/562
f 2245/2245/562 2246/2246/562 2247/2247/562
f 2249/2249/563 2251/2251/563 2250/2250/563
f 2249/2249/563 2252/2252/563 2251/2251/563
f 2253/2253/564 2255/2255/564 2256/2256/564
f 2253/2253/564 2254/2254/564 2255/2255/564
f 2257/2257/565 2259/2259/565 2258/2258/565
f 2257/2257/565 2260/2260/565 2259/2259/565
f 2261/2261/566 2263/2263/566 2264/2264/566
f 2261/2261/566 2262/2262/566 2263/2263/566
f 2265/2265/567 2267/2267/567 2266/2266/567
f 2265/2265/567 2268/2268/567 2267/2267/567
f 2269/2269/568 2271/2271/568 2272/2272/568
f 2269/2269/568 2270/2270/568 2271/2271/568
f 2273/2273/569 2275/2275/569 2274/2274/569
f 2273/2273/569 2276/2276/569 2275/2275/569
f 2277/2277/570 2279/2279/570 2280/2280/570
f 2277/2277/570 2278/2278/570 2279/2279/570
f 2281/2281/571 2283/2283/571 2282/2282/571
f 2281/2281/571 2284/2284/571 2283/2283/571
f 2285/2285/572 2287/2287/572 2288/2288/572
f 2285/2285/572 2286/2286/572 2287/2287/572
f 2289/2289/573 2291/2291/573 2290/2290/573
f 2289/2289/573 2292/2292/573 2291/2291/573
f 2293/2293/574 2295/2295/574 2296/2296/574
f 2293/2293/574 2294/2294/574 2295/2295/574
f 2297/2297/575 2299/2299/575 2298/2298/575
f 2297/2297/575 2300/2300/575 2299/2299/575
f 2301/2301/576 2303/2303/576 2304/2304/576
f 2301/2301/576 2302/2302/576 2303/2303/576
f 2305/2305/577 2307/2307/577 2306/2306/577
f 2305/2305/577 2308/2308/577 2307/2307/577
f 2309/2309/578 2311/2311/578 2312/2312/578
f 2309/2309/578 2310/2310/578 2311/2311/578
f 2313/2313/579 2315/2315/579 2314/2314/579
f 2313/2313/579 2316/2316/579 2315/2315/579
f 2317/2317/580 2319/2319/580 2320/2320/580
f 2317/2317/580 2318/2318/580 2319/2319/580
f 2321/2321/581 2323/2323/581 2322/2322/581
f 2321/2321/581 2324/2324/581 2323/2323/581
f 2325/2325/582 2327/2327/582 2328/2328/582
f 2325/2325/582 2326/2326/582 2327/2327/582
f 2329/2329/583 2331/2331/583 2330/2330/583
f 2329/2329/583 2332/2332/583 2331/2331/583
f 2333/2333/584 2335/2335/584 2336/2336/584
f 2333/2333/584 2334/2334/584 2335/2335/584
f 2337/2337/585 2339/2339/585 2338/2338/585
f 2337/2337/585 2340/2340/585 2339/2339/585
f 2341/2341/586 2343/2343/586 2344/2344/586
f 2341/2341/586 2342/2342/586 2343/2343/586
f 2345/2345/587 2347/2347/587 2346/2346/587
f 2345/2345/587 2348/2348/587 2347/2347/587
f 2349/2349/588 2351/2351/588 2352/2352/588
f 2349/2349/588 2350/2350/588 2351/2351/588
f 2353/2353/589 2355/2355/589 2354/2354/589
f 2353/2353/589 2356/2356/589 2355/2355/589
f 2357/2357/590 2359/2359/590 2360/2360/590
f 2357/2357/590 2358/2358/590 2359/2359/590
f 2361/2361/591 2363/2363/591 2362/2362/591
f 2361/2361/591 2364/2364/591 2363/2363/591
f 2365/2365/592 2367/2367/592 2368/2368/592
f 2365/2365/592 2366/2366/592 2367/2367/592
f 2369/2369/593 2371/2371/593 2370/2370/593
f 2369/2369/593 2372/2372/593 2371/2371/593
f 2373/2373/594 2375/2375/594 2376/2376/594
f 2373/2373/594 2374/2374/594 2375/2375/594
f 2377/2377/595 2379/2379/595 2378/2378/595
f 2377/2377/595 2380/2380/595 2379/2379/595
f 2381/2381/596 2383/2383/596 2384/2384/596
f 2381/2381/596 2382/2382/596 2383/2383/596
f 2385/2385/597 2387/2387/597 2386/2386/597
f 2385/2385/597 2388/2388/597 2387/2387/597
f 2389/2389/598 2391/2391/598 2392/2392/598
f 2389/2389/598 2390/2390/598 2391/2391/598
f 2393/2393/599 2395/2395/599 2394/2394/599
f 2393/2393/599 2396/2396/599 2395/2395/599
f 2397/2397/600 2399/2399/600 2400/2400/600
f 2397/2397/600 2398/2398/600 2399/2399/600
f 2401/2401/601 2403/2403/601 2402/2402/601
f 2401/2401/601 2404/2404/601 2403/2403/601
f 2405/2405/602 2407/2407/602 2408/2408/602
f 2405/2405/602 2406/2406/602 2407/2407/602
f 2409/2409/603 2411/2411/603 2410/2410/603
f 2409/2409/603 2412/2412/603 2411/2411/603
f 2413/2413/604 2415/2415/604 2416/2416/604
f 2413/2413/604 2414/2414/604 2415/2415/604
f 2417/2417/605 2419/2419/605 2418/2418/605
f 2417/2417/605 2420/2420/605 2419/2419/605
f 2421/2421/606 2423/2423/606 2424/2424/606
f 2421/2421/606 2422/2422/606 2423/2423/606
f 2425/2425/607 2427/2427/607 2426/2426/607
f 2425/2425/607 2428/2428/607 2427/2427/607
f 2429/2429/608 2431/2431/608 2432/2432/608
f 2429/2429/608 2430/2430/608 2431/2431/608
f 2433/2433/609 2435/2435/609 2434/2434/609
f 2433/2433/609 2436/2436/609 2435/2435/609
f 2437/2437/610 2439/2439/610 2440/2440/610
f 2437/2437/610 2438/2438/610 2439/2439/610
f 2441/2441/611 2443/2443/611 2442/2442/611
f 2441/2441/611 2444/2444/611 2443/2443/611
f 2445/2445/612 2447/2447/612 2448/2448/612
f 2445/2445/612 2446/2446/612 2447/2447/612
f 2449/2449/613 2451/2451/613 2450/2450/613
f 2449/2449/613 2452/2452/613 2451/2451/613
f 2453/2453/614 2455/2455/614 2456/2456/614
f 2453/2453/614 2454/2454/614 2455/2455/614
f 2457/2457/615 2459/2459/615 2458/2458/615
f 2457/2457/615 2460/2460/615 2459/2459/615
f 2461/2461/616 2463/2463/616 2464/2464/616
f 2461/2461/616 2462/2462/616 2463/2463/616
f 2465/2465/617 2467/2467/617 2466/2466/617
f 2465/2465/617 2468/2468/617 2467/2467/617
f 2469/2469/618 2471/2471/618 2472/2472/618
f 2469/2469/618 2470/2470/618 2471/2471/618
f 2473/2473/619 2475/2475/619 2474/2474/619
f 2473/2473/619 2476/2476/619 2475/2475/619
f 2477/2477/620 2479/2479/620 2480/2480/620
f 2477/2477/620 2478/2478/620 2479/2479/620
f 2481/2481/621 2483/2483/621 2482/2482/621
f 2481/2481/621 2484/2484/621 2483/2483/621
f 2485/2485/622 2487/2487/622 2488/2488/622
f 2485/2485/622 2486/2486/622 2487/2487/622
f 2489/2489/623 2491/2491/623 2490/2490/623
f 2489/2489/623 2492/2492/623 2491/2491/623
f 2493/2493/624 2495/2495/624 2496/2496/624
f 2493/2493/624 2494/2494/624 2495/2495/624
f 2497/2497/625 2499/2499/625 2498/2498/625
f 2497/2497/625 2500/2500/625 2499/2499/625
f 2501/2501/626 2503/2503/626 2504/2504/626
f 2501/2501/626 2502/2502/626 2503/2503/626
f 2505/2505/627 2507/2507/627 2506/2506/627
f 2505/2505/627 2508/2508/627 2507/2507/627
f 2509/2509/628 2511/2511/628 2512/2512/628
f 2509/2509/628 2510/2510/628 2511/2511/628
f 2513/2513/629 2515/2515/629 2514/2514/629
f 2513/2513/629 2516/2516/629 2515/2515/629
f 2517/2517/630 2519/2519/630 2520/2520/630
f 2517/2517/630 2518/2518/630 2519/2519/630
f 2521/2521/631 2523/2523/631 2522/2522/631
f 2521/2521/631 2524/2524/631 2523/2523/631
f 2525/2525/632 2527/2527/632 2528/2528/632
f 2525/2525/632 2526/2526/632 2527/2527/632
f 2529/2529/633 2531/2531/633 2530/2530/633
f 2529/2529/633 2532/2532/633 2531/2531/633
f 2533/2533/634 2535/2535/634 2536/2536/634
f 2533/2533/634 2534/2534/634 2535/2535/634
f 2537/2537/635 2539/2539/635 2538/2538/635
f 2537/2537/635 2540/2540/635 2539/2539/635
f 2541/2541/636 2543/2543/636 2544/2544/636
f 2541/2541/636 2542/2542/636 2543/2543/636
f 2545/2545/637 2547/2547/637 2546/2546/637
f 2545/2545/637 2548/2548/637 2547/2547/637
f 2549/2549/638 2551/2551/638 2552/2552/638
f 2549/2549/638 2550/2550/638 2551/2551/638
f 2553/2553/639 2555/2555/639 2554/2554/639
f 2553/2553/639 2556/2556/639 2555/2555/639
f 2557/2557/640 2559/2559/640 2560/2560/640
f 2557/2557/640 2558/2558/640 2559/2559/640
f 2561/2561/641 2563/2563/641 2562/2562/641
f 2561/2561/641 2564/2564/641 2563/2563/641
f 2565/2565/642 2567/2567/642 2568/2568/642
f 2565/2565/642 2566/2566/642 2567/2567/642
f 2569/2569/643 2571/2571/643 2570/2570/643
f 2569/2569/643 2572/2572/643 2571/2571/643
f 2573/2573/644 2575/2575/644 2576/2576/644
f 2573/2573/644 2574/2574/644 2575/2575/644
f 2577/2577/645 2579/2579/645 2578/2578/645
f 2577/2577/645 2580/2580/645 2579/2579/645
f 2581/2581/646 2583/2583/646 2584/2584/646
f 2581/2581/646 2582/2582/646 2583/2583/646
f 2585/2585/647 2587/2587/647 2586/2586/647
f 2585/2585/647 2588/2588/647 2587/2587/647
f 2589/2589/648 2591/2591/648 2592/2592/648
f 2589/2589/648 2590/2590/648 2591/2591/648
f 2593/2593/649 2595/2595/649 2594/2594/649
f 2593/2593/649 2596/2596/649 2595/2595/649
f 2597/2597/650 2599/2599/650 2600/2600/650
f 2597/2597/650 2598/2598/650 2599/2599/650
f 2601/2601/651 2603/2603/651 2602/2602/651
f 2601/2601/651 2604/2604/651 2603/2603/651
f 2605/2605/652 2607/2607/652 2608/2608/652
f 2605/2605/652 2606/2606/652 2607/2607/652
f 2609/2609/653 2611/2611/653 2610/2610/653
f 2609/2609/653 2612/2612/653 2611/2611/653
f 2613/2613/654 2615/2615/654 2616/2616/654
f 2613/2613/654 2614/2614/654 2615/2615/654
f 2617/2617/655 2619/2619/655 2618/2618/655
f 2617/2617/655 2620/2620/655 2619/2619/655
f 2621/2621/656 2623/2623/656 2624/2624/656
f 2621/2621/656 2622/2622/656 2623/2623/656
f 2625/2625/657 2627/2627/657 2626/2626/657
f 2625/2625/657 2628/2628/657 2627/2627/657
f 2629/2629/658 2631/2631/658 2632/2632/658
f 2629/2629/658 2630/2630/658 2631/2631/658
f 2633/2633/659 2635/2635/659 2634/2634/659
f 2633/2633/659 2636/2636/659 2635/2635/659
f 2637/2637/660 2639/2639/660 2640/2640/660
f 2637/2637/660 2638/2638/660 2639/2639/660
f 2641/2641/661 2643/2643/661 2642/2642/661
f 2641/2641/661 2644/2644/661 2643/2643/661
f 2645/2645/662 2647/2647/662 2648/2648/662
f 2645/2645/662 2646/2646/662 2647/2647/662
f 2649/2649/663 2651/2651/663 2650/2650/663
f 2649/2649/663 2652/2652/663 2651/2651/663
f 2653/2653/664 2655/2655/664 2656/2656/664
f 2653/2653/664 2654/2654/664 2655/2655/664
f 2657/2657/665 2659/2659/665 2658/2658/665
f 2657/2657/665 2660/2660/665 2659/2659/665
f 2661/2661/666 2663/2663/666 2664/2664/666
f 2661/2661/666 2662/2662/666 2663/2663/666
f 2665/2665/667 2667/2667/667 2666/2666/667
f 2665/2665/667 2668/2668/667 2667/2667/667
f 2669/2669/668 2671/2671/668 2672/2672/668
f 2669/2669/668 2670/2670/668 2671/2671/668
f 2673/2673/669 2675/2675/669 2674/2674/669
f 2673/2673/669 2676/2676/669 2675/2675/669
f 2677/2677/670 2679/2679/670 2680/2680/670
f 2677/2677/670 2678/2678/670 2679/2679/670
f 2681/2681/671 2683/2683/671 2682/2682/671
f 2681/2681/671 2684/2684/671 2683/2683/671
f 2685/2685/672 2687/2687/672 2688/2688/672
f 2685/2685/672 2686/2686/672 2687/2687/672
f 2689/2689/673 2691/2691/673 2690/2690/673
f 2689/2689/673 2692/2692/673 2691/2691/673
f 2693/2693/674 2695/2695/674 2696/2696/674
f 2693/2693/674 2694/2694/674 2695/2695/674
f 2697/2697/675 2699/2699/675 2698/2698/675
f 2697/2697/675 2700/2700/675 2699/2699/675
f 2701/2701/676 2703/2703/676 2704/2704/676
f 2701/2701/676 2702/2702/676 2703/2703/676
f 2705/2705/677 2707/2707/677 2706/2706/677
f 2705/2705/677 2708/2708/677 2707/2707/677
f 2709/2709/678 2711/2711/678 2712/2712/678
f 2709/2709/678 2710/2710/678 2711/2711/678
f 2713/2713/679 2715/2715/679 2714/2714/679
f 2713/2713/679 2716/2716/679 2715/2715/679
f 2717/2717/680 2719/2719/680 2720/2720/680
f 2717/2717/680 2718/2718/680 2719/2719/680
f 2721/2721/681 2723/2723/681 2722/2722/681
f 2721/2721/681 2724/2724/681 2723/2723/681
f 2725/2725/682 2727/2727/682 2728/2728/682
f 2725/2725/682 2726/2726/682 2727/2727/682
f 2729/2729/683 2731/2731/683 2730/2730/683
f 2729/2729/683 2732/2732/683 2731/2731/683
f 2733/2733/684 2735/2735/684 2736/2736/684
f 2733/2733/684 2734/2734/684 2735/2735/684
f 2737/2737/685 2739/2739/685 2738/2738/685
f 2737/2737/685 2740/2740/685 2739/2739/685
f 2741/2741/686 2743/2743/686 2744/2744/686
f 2741/2741/686 2742/2742/686 2743/2743/686
f 2745/2745/687 2747/2747/687 2746/2746/687
f 2745/2745/687 2748/2748/687 2747/2747/687
f 2749/2749/688 2751/2751/688 2752/2752/688
f 2749/2749/688 2750/2750/688 2751/2751/688
f 2753/2753/689 2755/2755/689 2754/2754/689
f 2753/2753/689 2756/2756/689 2755/2755/689
f 2757/2757/690 2759/2759/690 2760/2760/690
f 2757/2757/690 2758/2758/690 2759/2759/690
f 2761/2761/691 2763/2763/691 2762/2762/691
f 2761/2761/691 2764/2764/691 2763/2763/691
f 2765/2765/692 2767/2767/692 2768/2768/692
f 2765/2765/692 2766/2766/692 2767/2767/692
f 2769/2769/693 2771/2771/693 2770/2770/693
f 2769/2769/693 2772/2772/693 2771/2771/693
f 2773/2773/694 2775/2775/694 2776/2776/694
f 2773/2773/694 2774/2774/694 2775/2775/694
f 2777/2777/695 2779/2779/695 2778/2778/695
f 2777/2777/695 2780/2780/695 2779/2779/695
f 2781/2781/696 2783/2783/696 2784/2784/696
f 2781/2781/696 2782/2782/696 2783/2783/696
f 2785/2785/697 2787/2787/697 2786/2786/697
f 2785/2785/697 2788/2788/697 2787/2787/697
f 2789/2789/698 2791/2791/698 2792/2792/698
f 2789/2789/698 2790/2790/698 2791/2791/698
f 2793/2793/699 2795/2795/699 2794/2794/699
f 2793/2793/699 2796/2796/699 2795/2795/699
f 2797/2797/700 2799/2799/700 2800/2800/700
f 2797/2797/700 2798/2798/700 2799/2799/700
f 2801/2801/701 2803/2803/701 2802/2802/701
f 2801/2801/701 2804/2804/701 2803/2803/701
f 2805/2805/702 2807/2807/702 2808/2808/702
f 2805/2805/702 2806/2806/702 2807/2807/702
f 2809/2809/703 2811/2811/703 2810/2810/703
f 2809/2809/703 2812/2812/703 2811/2811/703
f 2813/2813/704 2815/2815/704 2816/2816/704
f 2813/2813/704 2814/2814/704 2815/2815/704
f 2817/2817/705 2819/2819/705 2818/2818/705
f 2817/2817/705 2820/2820/705 2819/2819/705
f 2821/2821/706 2823/2823/706 2824/2824/706
f 2821/2821/706 2822/2822/706 2823/2823/706
f 2825/2825/707 2827/2827/707 2826/2826/707
f 2825/2825/707 2828/2828/707 2827/2827/707
f 2829/2829/708 2831/2831/708 2832/2832/708
f 2829/2829/708 2830/2830/708 2831/2831/708
f 2833/2833/709 2835/2835/709 2834/2834/709
f 2833/2833/709 2836/2836/709 2835/2835/709
f 2837/2837/710 2839/2839/710 2840/2840/710
f 2837/2837/710 2838/2838/710 2839/2839/710
f 2841/2841/711 2843/2843/711 2842/2842/711
f 2841/2841/711 2844/2844/711 2843/2843/711
f 2845/2845/712 2847/2847/712 2848/2848/712
f 2845/2845/712 2846/2846/712 2847/2847/712
f 2849/2849/713 2851/2851/713 2850/2850/713
f 2849/2849/713 2852/2852/713 2851/2851/713
f 2853/2853/714 2855/2855/714 2856/2856/714
f 2853/2853/714 2854/2854/714 2855/2855/714
f 2857/2857/715 2859/2859/715 2858/2858/715
f 2857/2857/715 2860/2860/715 2859/2859/715
f 2861/2861/716 2863/2863/716 2864/2864/716
f 2861/2861/716 2862/2862/716 2863/2863/716
f 2865/2865/717 2867/2867/717 2866/2866/717
f 2865/2865/717 2868/2868/717 2867/2867/717
f 2869/2869/718 2871/2871/718 2872/2872/718
f 2869/2869/718 2870/2870/718 2871/2871/718
f 2873/2873/719 2875/2875/719 2874/2874/719
f 2873/2873/719 2876/2876/719 2875/2875/719
f 2877/2877/720 2879/2879/720 2880/2880/720
f 2877/2877/720 2878/2878/720 2879/2879/720
f 2881/2881/721 2883/2883/721 2882/2882/721
f 2881/2881/721 2884/2884/721 2883/2883/721
f 2885/2885/722 2887/2887/722 2888/2888/722
f 2885/2885/722 2886/2886/722 2887/2887/722
f 2889/2889/723 2891/2891/723 2890/2890/723
f 2889/2889/723 2892/2892/723 2891/2891/723
f 2893/2893/724 2895/2895/724 2896/2896/724
f 2893/2893/724 2894/2894/724 2895/2895/724
f 2897/2897/725 2899/2899/725 2898/2898/725
f 2897/2897/725 2900/2900/725 2899/2899/725
f 2901/2901/726 2903/2903/726 2904/2904/726
f 2901/2901/726 2902/2902/726 2903/2903/726
f 2905/2905/727 2907/2907/727 2906/2906/727
f 2905/2905/727 2908/2908/727 2907/2907/727
f 2909/2909/728 2911/2911/728 2912/2912/728
f 2909/2909/728 2910/2910/728 2911/2911/728
f 2913/2913/729 2915/2915/729 2914/2914/729
f 2913/2913/729 2916/2916/729 2915/2915/729
f 2917/2917/730 2919/2919/730 2920/2920/730
f 2917/2917/730 2918/2918/730 2919/2919/730
f 2921/2921/731 2923/2923/731 2922/2922/731
f 2921/2921/731 2924/2924/731 2923/2923/731
f 2925/2925/732 2927/2927/732 2928/2928/732
f 2925/2925/732 2926/2926/732 2927/2927/732
f 2929/2929/733 2931/2931/733 2930/2930/733
f 2929/2929/733 2932/2932/733 2931/2931/733
f 2933/2933/734 2935/2935/734 2936/2936/734
f 2933/2933/734 2934/2934/734 2935/2935/734
f 2937/2937/735 2939/2939/735 2938/2938/735
f 2937/2937/735 2940/2940/735 2939/2939/735
f 2941/2941/736 2943/2943/736 2944/2944/736
f 2941/2941/736 2942/2942/736 2943/2943/736
f 2945/2945/737 2947/2947/737 2946/2946/737
f 2945/2945/737 2948/2948/737 2947/2947/737
f 2949/2949/738 2951/2951/738 2952/2952/738
f 2949/2949/738 2950/2950/738 2951/2951/738
f 2953/2953/739 2955/2955/739 2954/2954/739
f 2953/2953/739 2956/2956/739 2955/2955/739
f 2957/2957/740 2959/2959/740 2960/2960/740
f 2957/2957/740 2958/2958/740 2959/2959/740
f 2961/2961/741 2963/2963/741 2962/2962/741
f 2961/2961/741 2964/2964/741 2963/2963/741
f 2965/2965/742 2967/2967/742 2968/2968/742
f 2965/2965/742 2966/2966/742 2967/2967/742
f 2969/2969/743 2971/2971/743 2970/2970/743
f 2969/2969/743 2972/2972/743 2971/2971/743
f 2973/2973/744 2975/2975/744 2976/2976/744
f 2973/2973/744 2974/2974/744 2975/2975/744
f 2977/2977/745 2979/2979/745 2978/2978/745
f 2977/2977/745 2980/2980/745 2979/2979/745
f 2981/2981/746 2983/2983/746 2984/2984/746
f 2981/2981/746 2982/2982/746 2983/2983/746
f 2985/2985/747 2987/2987/747 2986/2986/747
f 2985/2985/747 2988/2988/747 2987/2987/747
f 2989/2989/748 2991/2991/748 2992/2992/748
f 2989/2989/748 2990/2990/748 2991/2991/748
f 2993/2993/749 2995/2995/749 2994/2994/749
f 2993/2993/749 2996/2996/749 2995/2995/749
f 2997/2997/750 2999/2999/750 3000/3000/750
f 2997/2997/750 2998/2998/750 2999/2999/750
f 3001/3001/751 3003/3003/751 3002/3002/751
f 3001/3001/751 3004/3004/751 3003/3003/751
f 3005/3005/752 3007/3007/752 3008/3008/752
f 3005/3005/752 3006/3006/752 3007/3007/752
f 3009/3009/753 3011/3011/753 3010/3010/753
f 3009/3009/753 3012/3012/753 3011/3011/753
f 3013/3013/754 3015/3015/754 3016/3016/754
f 3013/3013/754 3014/3014/754 3015/3015/754
f 3017/3017/755 3019/3019/755 3018/3018/755
f 3017/3017/755 3020/3020/755 3019/3019/755
f 3021/3021/756 3023/3023/756 3024/3024/756
f 3021/3021/756 3022/3022/756 3023/3023/756
f 3025/3025/757 3027/3027/757 3026/3026/757
f 3025/3025/757 3028/3028/757 3027/3027/757
f 3029/3029/758 3031/3031/758 3032/3032/758
f 3029/3029/758 3030/3030/758 3031/3031/758
f 3033/3033/759 3035/3035/759 3034/3034/759
f 3033/3033/759 3036/3036/759 3035/3035/759
f 3037/3037/760 3039/3039/760 3040/3040/760
f 3037/3037/760 3038/3038/760 3039/3039/760
f 3041/3041/761 3043/3043/761 3042/3042/761
f 3041/3041/761 3044/3044/761 3043/3043/761
f 3045/3045/762 3047/3047/762 3048/3048/762
f 3045/3045/762 3046/3046/762 3047/3047/762
f 3049/3049/763 3051/3051/763 3050/3050/763
f 3049/3049/763 3052/3052/763 3051/3051/763
f 3053/3053/764 3055/3055/764 3056/3056/764
f 3053/3053/764 3054/3054/764 3055/3055/764
f 3057/3057/765 3059/3059/765 3058/3058/765
f 3057/3057/765 3060/3060/765 3059/3059/765
f 3061/3061/766 3063/3063/766 3064/3064/766
f 3061/3061/766 3062/3062/766 3063/3063/766
f 3065/3065/767 3067/3067/767 3066/3066/767
f 3065/3065/767 3068/3068/767 3067/3067/767
f 3069/3069/768 3071/3071/768 3072/3072/768
f 3069/3069/768 3070/3070/768 3071/3071/768
f 3073/3073/769 3075/3075/769 3074/3074/769
f 3073/3073/769 3076/3076/769 3075/3075/769
f 3077/3077/770 3079/3079/770 3080/3080/770
f 3077/3077/770 3078/3078/770 3079/3079/770
f 3081/3081/771 3083/3083/771 3082/3082/771
f 3081/3081/771 3084/3084/771 3083/3083/771
f 3085/3085/772 3087/3087/772 3088/3088/772
f 3085/3085/772 3086/3086/772 3087/3087/772
f 3089/3089/773 3091/3091/773 3090/3090/773
f 3089/3089/773 3092/3092/773 3091/3091/773
f 3093/3093/774 3095/3095/774 3096/3096/774
f 3093/3093/774 3094/3094/774 3095/3095/774
f 3097/3097/775 3099/3099/775 3098/3098/775
f 3097/3097/775 3100/3100/775 3099/3099/775
f 3101/3101/776 3103/3103/776 3104/3104/776
f 3101/3101/776 3102/3102/776 3103/3103/776
f 3105/3105/777 3107/3107/777 3106/3106/777
f 3105/3105/777 3108/3108/777 3107/3107/777
f 3109/3109/778 3111/3111/778 3112/3112/778
f 3109/3109/778 3110/3110/778 3111/3111/778
f 3113/3113/779 3115/3115/779 3114/3114/779
f 3113/3113/779 3116/3116/779 3115/3115/779
f 3117/3117/780 3119/3119/780 3120/3120/780
f 3117/3117/780 3118/3118/780 3119/3119/780
f 3121/3121/781 3123/3123/781 3122/3122/781
f 3121/3121/781 3124/3124/781 3123/3123/781
f 3125/3125/782 3127/3127/782 3128/3128/782
f 3125/3125/782 3126/3126/782 3127/3127/782
f 3129/3129/783 3131/3131/783 3130/3130/783
f 3129/3129/783 3132/3132/783 3131/3131/783
f 3133/3133/784 3135/3135/784 3136/3136/784
f 3133/3133/784 3134/3134/784 3135/3135/784
f 3137/3137/785 3139/3139/785 3138/3138/785
f 3137/3137/785 3140/3140/785 3139/3139/785
f 3141/3141/786 3143/3143/786 3144/3144/786
f 3141/3141/786 3142/3142/786 3143/3143/786
f 3145/3145/787 3147/3147/787 3146/3146/787
f 3145/3145/787 3148/3148/787 3147/3147/787
f 3149/3149/788 3151/3151/788 3152/3152/788
f 3149/3149/788 3150/3150/788 3151/3151/788
f 3153/3153/789 3155/3155/789 3154/3154/789
f 3153/3153/789 3156/3156/789 3155/3155/789
f 3157/3157/790 3159/3159/790 3160/3160/790
f 3157/3157/790 3158/3158/790 3159/3159/790
f 3161/3161/791 3163/3163/791 3162/3162/791
f 3161/3161/791 3164/3164/791 3163/3163/791
f 3165/3165/792 3167/3167/792 3168/3168/792
f 3165/3165/792 3166/3166/792 3167/3167/792
f 3169/3169/793 3171/3171/793 3170/3170/793
f 3169/3169/793 3172/3172/793 3171/3171/793
f 3173/3173/794 3175/3175/794 3176/3176/794
f 3173/3173/794 3174/3174/794 3175/3175/794
f 3177/3177/795 3179/3179/795 3178/3178/795
f 3177/3177/795 3180/3180/795 3179/3179/795
f 3181/3181/796 3183/3183/796 3184/3184/796
f 3181/3181/796 3182/3182/796 3183/3183/796
f 3185/3185/797 3187/3187/797 3186/3186/797
f 3185/3185/797 3188/3188/797 3187/3187/797
f 3189/3189/798 3191/3191/798 3192/3192/798
f 3189/3189/798 3190/3190/798 3191/3191/798
f 3193/3193/799 3195/3195/799 3194/3194/799
f 3193/3193/799 3196/3196/799 3195/3195/799
f 3197/3197/800 3199/3199/800 3200/3200/800
f 3197/3197/800 3198/3198/800 3199/3199/800
f 3201/3201/801 3203/3203/801 3202/3202/801
f 3201/3201/801 3204/3204/801 3203/3203/801
f 3205/3205/802 3207/3207/802 3208/3208/802
f 3205/3205/802 3206/3206/802 3207/3207/802
f 3209/3209/803 3211/3211/803 3210/3210/803
f 3209/3209/803 3212/3212/803 3211/3211/803
f 3213/3213/804 3215/3215/804 3216/3216/804
f 3213/3213/804 3214/3214/804 3215/3215/804
f 3217/3217/805 3219/3219/805 3218/3218/805
f 3217/3217/805 3220/3220/805 3219/3219/805
f 3221/3221/806 3223/3223/806 3224/3224/806
f 3221/3221/806 3222/3222/806 3223/3223/806
f 3225/3225/807 3227/3227/807 3226/3226/807
f 3225/3225/807 3228/3228/807 3227/3227/807
f 3229/3229/808 3231/3231/808 3232/3232/808
f 3229/3229/808 3230/3230/808 3231/3231/808
f 3233/3233/809 3235/3235/809 3234/3234/809
f 3233/3233/809 3236/3236/809 3235/3235/809
f 3237/3237/810 3239/3239/810 3240/3240/810
f 3237/3237/810 3238/3238/810 3239/3239/810
f 3241/3241/811 3243/3243/811 3242/3242/811
f 3241/3241/811 3244/3244/811 3243/3243/811
f 3245/3245/812 3247/3247/812 3248/3248/812
f 3245/3245/812 3246/3246/812 3247/3247/812
f 3249/3249/813 3251/3251/813 3250/3250/813
f 3249/3249/813 3252/3252/813 3251/3251/813
f 3253/3253/814 3255/3255/814 3256/3256/814
f 3253/3253/814 3254/3254/814 3255/3255/814
f 3257/3257/815 3259/3259/815 3258/3258/815
f 3257/3257/815 3260/3260/815 3259/3259/815
f 3261/3261/816 3263/3263/816 3264/3264/816
f 3261/3261/816 3262/3262/816 3263/3263/816
f 3265/3265/817 3267/3267/817 3266/3266/817
f 3265/3265/817 3268/3268/817 3267/3267/817
f 3269/3269/818 3271/3271/818 3272/3272/818
f 3269/3269/818 3270/3270/818 3271/3271/818
f 3273/3273/819 3275/3275/819 3274/3274/819
f 3273/3273/819 3276/3276/819 3275/3275/819
f 3277/3277/820 3279/3279/820 3280/3280/820
f 3277/3277/820 3278/3278/820 3279/3279/820
f 3281/3281/821 3283/3283/821 3282/3282/821
f 3281/3281/821 3284/3284/821 3283/3283/821
f 3285/3285/822 3287/3287/822 3288/3288/822
f 3285/3285/822 3286/3286/822 3287/3287/822
f 3289/3289/823 3291/3291/823 3290/3290/823
f 3289/3289/823 3292/3292/823 3291/3291/823
f 3293/3293/824 3295/3295/824 3296/3296/824
f 3293/3293/824 3294/3294/824 3295/3295/824
f 3297/3297/825 3299/3299/825 3298/3298/825
f 3297/3297/825 3300/3300/825 3299/3299/825
f 3301/3301/826 3303/3303/826 3304/3304/826
f 3301/3301/826 3302/3302/826 3303/3303/826
f 3305/3305/827 3307/3307/827 3306/3306/827
f 3305/3305/827 3308/3308/827 3307/3307/827
f 3309/3309/828 3311/3311/828 3312/3312/828
f 3309/3309/828 3310/3310/828 3311/3311/828
f 3313/3313/829 3315/3315/829 3314/3314/829
f 3313/3313/829 3316/3316/829 3315/3315/829
f 3317/3317/830 3319/3319/830 3320/3320/830
f 3317/3317/830 3318/3318/830 3319/3319/830
f 3321/3321/831 3323/3323/831 3322/3322/831
f 3321/3321/831 3324/3324/831 3323/3323/831
f 3325/3325/832 3327/3327/832 3328/3328/832
f 3325/3325/832 3326/3326/832 3327/3327/832
f 3329/3329/833 3331/3331/833 3330/3330/833
f 3329/3329/833 3332/3332/833 3331/3331/833
f 3333/3333/834 3335/3335/834 3336/3336/834
f 3333/3333/834 3334/3334/834 3335/3335/834
f 3337/3337/835 3339/3339/835 3338/3338/835
f 3337/3337/835 3340/3340/835 3339/3339/835
f 3341/3341/836 3343/3343/836 3344/3344/836
f 3341/3341/836 3342/3342/836 3343/3343/836
f 3345/3345/837 3347/3347/837 3346/3346/837
f 3345/3345/837 3348/3348/837 3347/3347/837
f 3349/3349/838 3351/3351/838 3352/3352/838
f 3349/3349/838 3350/3350/838 3351/3351/838
f 3353/3353/839 3355/3355/839 3354/3354/839
f 3353/3353/839 3356/3356/839 3355/3355/839
f 3357/3357/840 3359/3359/840 3360/3360/840
f 3357/3357/840 3358/3358/840 3359/3359/840
f 3361/3361/841 3363/3363/841 3362/3362/841
f 3361/3361/841 3364/3364/841 3363/3363/841
f 3365/3365/842 3367/3367/842 3368/3368/842
f 3365/3365/842 3366/3366/842 3367/3367/842
f 3369/3369/843 3371/3371/843 3370/3370/843
f 3369/3369/843 3372/3372/843 3371/3371/843
f 3373/3373/844 3375/3375/844 3376/3376/844
f 3373/3373/844 3374/3374/844 3375/3375/844
f 3377/3377/845 3379/3379/845 3378/3378/845
f 3377/3377/845 3380/3380/845 3379/3379/845
f 3381/3381/846 3383/3383/846 3384/3384/846
f 3381/3381/846 3382/3382/846 3383/3383/846
f 3385/3385/847 3387/3387/847 3386/3386/847
f 3385/3385/847 3388/3388/847 3387/3387/847
f 3389/3389/848 3391/3391/848 3392/3392/848
f 3389/3389/848 3390/3390/848 3391/3391/848
f 3393/3393/849 3395/3395/849 3394/3394/849
f 3393/3393/849 3396/3396/849 3395/3395/849
f 3397/3397/850 3399/3399/850 3400/3400/850
f 3397/3397/850 3398/3398/850 3399/3399/850
f 3401/3401/851 3403/3403/851 3402/3402/851
f 3401/3401/851 3404/3404/851 3403/3403/851
f 3405/3405/852 3407/3407/852 3408/3408/852
f 3405/3405/852 3406/3406/852 3407/3407/852
f 3409/3409/853 3411/3411/853 3410/3410/853
f 3409/3409/853 3412/3412/853 3411/3411/853
f 3413/3413/854 3415/3415/854 3416/3416/854
f 3413/3413/854 3414/3414/854 3415/3415/854
f 3417/3417/855 3419/3419/855 3418/3418/855
f 3417/3417/855 3420/3420/855 3419/3419/855
f 3421/3421/856 3423/3423/856 3424/3424/856
f 3421/3421/856 3422/3422/856 3423/3423/856
f 3425/3425/857 3427/3427/857 3426/3426/857
f 3425/3425/857 3428/3428/857 3427/3427/857
f 3429/3429/858 3431/3431/858 3432/3432/858
f 3429/3429/858 3430/3430/858 3431/3431/858
f 3433/3433/859 3435/3435/859 3434/3434/859
f 3433/3433/859 3436/3436/859 3435/3435/859
f 3437/3437/860 3439/3439/860 3440/3440/860
f 3437/3437/860 3438/3438/860 3439/3439/860
f 3441/3441/861 3443/3443/861 3442/3442/861
f 3441/3441/861 3444/3444/861 3443/3443/861
f 3445/3445/862 3447/3447/862 3448/3448/862
f 3445/3445/862 3446/3446/862 3447/3447/862
f 3449/3449/863 3451/3451/863 3450/3450/863
f 3449/3449/863 3452/3452/863 3451/3451/863
f 3453/3453/864 3455/3455/864 3456/3456/864
f 3453/3453/864 3454/3454/864 3455/3455/864
f 3457/3457/865 3459/3459/865 3458/3458/865
f 3457/3457/865 3460/3460/865 3459/3459/865
f 3461/3461/866 3463/3463/866 3464/3464/866
f 3461/3461/866 3462/3462/866 3463/3463/866
f 3465/3465/867 3467/3467/867 3466/3466/867
f 3465/3465/867 3468/3468/867 3467/3467/867
f 3469/3469/868 3471/3471/868 3472/3472/868
f 3469/3469/868 3470/3470/868 3471/3471/868
f 3473/3473/869 3475/3475/869 3474/3474/869
f 3473/3473/869 3476/3476/869 3475/3475/869
f 3477/3477/870 3479/3479/870 3480/3480/870
f 3477/3477/870 3478/3478/870 3479/3479/870
f 3481/3481/871 3483/3483/871 3482/3482/871
f 3481/3481/871 3484/3484/871 3483/3483/871
f 3485/3485/872 3487/3487/872 3488/3488/872
f 3485/3485/872 3486/3486/872 3487/3487/872
f 3489/3489/873 3491/3491/873 3490/3490/873
f 3489/3489/873 3492/3492/873 3491/3491/873
f 3493/3493/874 3495/3495/874 3496/3496/874
f 3493/3493/874 3494/3494/874 3495/3495/874
f 3497/3497/875 3499/3499/875 3498/3498/875
f 3497/3497/875 3500/3500/875 3499/3499/875
f 3501/3501/876 3503/3503/876 3504/3504/876
f 3501/3501/876 3502/3502/876 3503/3503/876
f 3505/3505/877 3507/3507/877 3506/3506/877
f 3505/3505/877 3508/3508/877 3507/3507/877
f 3509/3509/878 3511/3511/878 3512/3512/878
f 3509/3509/878 3510/3510/878 3511/3511/878
f 3513/3513/879 3515/3515/879 3514/3514/879
f 3513/3513/879 3516/3516/879 3515/3515/879
f 3517/3517/880 3519/3519/880 3520/3520/880
f 3517/3517/880 3518/3518/880 3519/3519/880
f 3521/3521/881 3523/3523/881 3522/3522/881
f 3521/3521/881 3524/3524/881 3523/3523/881
f 3525/3525/882 3527/3527/882 3528/3528/882
f 3525/3525/882 3526/3526/882 3527/3527/882
f 3529/3529/883 3531/3531/883 3530/3530/883
f 3529/3529/883 3532/3532/883 3531/3531/883
f 3533/3533/884 3535/3535/884 3536/3536/884
f 3533/3533/884 3534/3534/884 3535/3535/884
f 3537/3537/885 3539/3539/885 3538/3538/885
f 3537/3537/885 3540/3540/885 3539/3539/885
f 3541/3541/886 3543/3543/886 3544/3544/886
f 3541/3541/886 3542/3542/886 3543/3543/886
f 3545/3545/887 3547/3547/887 3546/3546/887
f 3545/3545/887 3548/3548/887 3547/3547/887
f 3549/3549/888 3551/3551/888 3552/3552/888
f 3549/3549/888 3550/3550/888 3551/3551/888
f 3553/3553/889 3555/3555/889 3554/3554/889
f 3553/3553/889 3556/3556/889 3555/3555/889
f 3557/3557/890 3559/3559/890 3560/3560/890
f 3557/3557/890 3558/3558/890 3559/3559/890
f 3561/3561/891 3563/3563/891 3562/3562/891
f 3561/3561/891 3564/3564/891 3563/3563/891
f 3565/3565/892 3567/3567/892 3568/3568/892
f 3565/3565/892 3566/3566/892 3567/3567/892
f 3569/3569/893 3571/3571/893 3570/3570/893
f 3569/3569/893 3572/3572/893 3571/3571/893
f 3573/3573/894 3575/3575/894 3576/3576/894
f 3573/3573/894 3574/3574/894 3575/3575/894
f 3577/3577/895 3579/3579/895 3578/3578/895
f 3577/3577/895 3580/3580/895 3579/3579/895
f 3581/3581/896 3583/3583/896 3584/3584/896
f 3581/3581/896 3582/3582/896 3583/3583/896
f 3585/3585/897 3587/3587/897 3586/3586/897
f 3585/3585/897 3588/3588/897 3587/3587/897
f 3589/3589/898 3591/3591/898 3592/3592/898
f 3589/3589/898 3590/3590/898 3591/3591/898
f 3593/3593/899 3595/3595/899 3594/3594/899
f 3593/3593/899 3596/3596/899 3595/3595/899
f 3597/3597/900 3599/3599/900 3600/3600/900
f 3597/3597/900 3598/3598/900 3599/3599/900
f 3601/3601/901 3603/3603/901 3602/3602/901
f 3601/3601/901 3604/3604/901 3603/3603/901
f 3605/3605/902 3607/3607/902 3608/3608/902
f 3605/3605/902 3606/3606/902 3607/3607/902
f 3609/3609/903 3611/3611/903 3610/3610/903
f 3609/3609/903 3612/3612/903 3611/3611/903
f 3613/3613/904 3615/3615/904 3616/3616/904
f 3613/3613/904 3614/3614/904 3615/3615/904
f 3617/3617/905 3619/3619/905 3618/3618/905
f 3617/3617/905 3620/3620/905 3619/3619/905
f 3621/3621/906 3623/3623/906 3624/3624/906
f 3621/3621/906 3622/3622/906 3623/3623/906
f 3625/3625/907 3627/3627/907 3626/3626/907
f 3625/3625/907 3628/3628/907 3627/3627/907
f 3629/3629/908 3631/3631/908 3632/3632/908
f 3629/3629/908 3630/3630/908 3631/3631/908
f 3633/3633/909 3635/3635/909 3634/3634/909
f 3633/3633/909 3636/3636/909 3635/3635/909
f 3637/3637/910 3639/3639/910 3640/3640/910
f 3637/3637/910 3638/3638/910 3639/3639/910
f 3641/3641/911 3643/3643/911 3642/3642/911
f 3641/3641/911 3644/3644/911 3643/3643/911
f 3645/3645/912 3647/3647/912 3648/3648/912
f 3645/3645/912 3646/3646/912 3647/3647/912
f 3649/3649/913 3651/3651/913 3650/3650/913
f 3649/3649/913 3652/3652/913 3651/3651/913
f 3653/3653/914 3655/3655/914 3656/3656/914
f 3653/3653/914 3654/3654/914 3655/3655/914
f 3657/3657/915 3659/3659/915 3658/3658/915
f 3657/3657/915 3660/3660/915 3659/3659/915
f 3661/3661/916 3663/3663/916 3664/3664/916
f 3661/3661/916 3662/3662/916 3663/3663/916
f 3665/3665/917 3667/3667/917 3666/3666/917
f 3665/3665/917 3668/3668/917 3667/3667/917
f 3669/3669/918 3671/3671/918 3672/3672/918
f 3669/3669/918 3670/3670/918 3671/3671/918
f 3673/3673/919 3675/3675/919 3674/3674/919
f 3673/3673/919 3676/3676/919 3675/3675/919
f 3677/3677/920 3679/3679/920 3680/3680/920
f 3677/3677/920 3678/3678/920 3679/3679/920
f 3681/3681/921 3683/3683/921 3682/3682/921
f 3681/3681/921 3684/3684/921 3683/3683/921
f 3685/3685/922 3687/3687/922 3688/3688/922
f 3685/3685/922 3686/3686/922 3687/3687/922
f 3689/3689/923 3691/3691/923 3690/3690/923
f 3689/3689/923 3692/3692/923 3691/3691/923
f 3693/3693/924 3695/3695/924 3696/3696/924
f 3693/3693/924 3694/3694/924 3695/3695/924
f 3697/3697/925 3699/3699/925 3698/3698/925
f 3697/3697/925 3700/3700/925 3699/3699/925
f 3701/3701/926 3703/3703/926 3704/3704/926
f 3701/3701/926 3702/3702/926 3703/3703/926
f 3705/3705/927 3707/3707/927 3706/3706/927
f 3705/3705/927 3708/3708/927 3707/3707/927
f 3709/3709/928 3711/3711/928 3712/3712/928
f 3709/3709/928 3710/3710/928 3711/3711/928
f 3713/3713/929 3715/3715/929 3714/3714/929
f 3713/3713/929 3716/3716/929 3715/3715/929
f 3717/3717/930 3719/3719/930 3720/3720/930
f 3717/3717/930 3718/3718/930 3719/3719/930
f 3721/3721/931 3723/3723/931 3722/3722/931
f 3721/3721/931 3724/3724/931 3723/3723/931
f 3725/3725/932 3727/3727/932 3728/3728/932
f 3725/3725/932 3726/3726/932 3727/3727/932
f 3729/3729/933 3731/3731/933 3730/3730/933
f 3729/3729/933 3732/3732/933 3731/3731/933
f 3733/3733/934 3735/3735/934 3736/3736/934
f 3733/3733/934 3734/3734/934 3735/3735/934
f 3737/3737/935 3739/3739/935 3738/3738/935
f 3737/3737/935 3740/3740/935 3739/3739/935
f 3741/3741/936 3743/3743/936 3744/3744/936
f 3741/3741/936 3742/3742/936 3743/3743/936
f 3745/3745/937 3747/3747/937 3746/3746/937
f 3745/3745/937 3748/3748/937 3747/3747/937
f 3749/3749/938 3751/3751/938 3752/3752/938
f 3749/3749/938 3750/3750/938 3751/3751/938
f 3753/3753/939 3755/3755/939 3754/3754/939
f 3753/3753/939 3756/3756/939 3755/3755/939
f 3757/3757/940 3759/3759/940 3760/3760/940
f 3757/3757/940 3758/3758/940 3759/3759/940
f 3761/3761/941 3763/3763/941 3762/3762/941
f 3761/3761/941 3764/3764/941 3763/3763/941
f 3765/3765/942 3767/3767/942 3768/3768/942
f 3765/3765/942 3766/3766/942 3767/3767/942
f 3769/3769/943 3771/3771/943 3770/3770/943
f 3769/3769/943 3772/3772/943 3771/3771/943
f 3773/3773/944 3775/3775/944 3776/3776/944
f 3773/3773/944 3774/3774/944 3775/3775/944
f 3777/3777/945 3779/3779/945 3778/3778/945
f 3777/3777/945 3780/3780/945 3779/3779/945
f 3781/3781/946 3783/3783/946 3784/3784/946
f 3781/3781/946 3782/3782/946 3783/3783/946
f 3785/3785/947 3787/3787/947 3786/3786/947
f 3785/3785/947 3788/3788/947 3787/3787/947
f 3789/3789/948 3791/3791/948 3792/3792/948
f 3789/3789/948 3790/3790/948 3791/3791/948
f 3793/3793/949 3795/3795/949 3794/3794/949
f 3793/3793/949 3796/3796/949 3795/3795/949
f 3797/3797/950 3799/3799/950 3800/3800/950
f 3797/3797/950 3798/3798/950 3799/3799/950
f 3801/3801/951 3803/3803/951 3802/3802/951
f 3801/3801/951 3804/3804/951 3803/3803/951
f 3805/3805/952 3807/3807/952 3808/3808/952
f 3805/3805/952 3806/3806/952 3807/3807/952
f 3809/3809/953 3811/3811/953 3810/3810/953
f 3809/3809/953 3812/3812/953 3811/3811/953
f 3813/3813/954 3815/3815/954 3816/3816/954
f 3813/3813/954 3814/3814/954 3815/3815/954
f 3817/3817/955 3819/3819/955 3818/3818/955
f 3817/3817/955 3820/3820/955 3819/3819/955
f 3821/3821/956 3823/3823/956 3824/3824/956
f 3821/3821/956 3822/3822/956 3823/3823/956
f 3825/3825/957 3827/3827/957 3826/3826/957
f 3825/3825/957 3828/3828/957 3827/3827/957
f 3829/3829/958 3831/3831/958 3832/3832/958
f 3829/3829/958 3830/3830/958 3831/3831/958
f 3833/3833/959 3835/3835/959 3834/3834/959
f 3833/3833/959 3836/3836/959 3835/3835/959
f 3837/3837/960 3839/3839/960 3840/3840/960
f 3837/3837/960 3838/3838/960 3839/3839/960
f 3841/3841/961 3843/3843/961 3842/3842/961
f 3841/3841/961 3844/3844/961 3843/3843/961
f 3845/3845/962 3847/3847/962 3848/3848/962
f 3845/3845/962 3846/3846/962 3847/3847/962
f 3849/3849/963 3851/3851/963 3850/3850/963
f 3849/3849/963 3852/3852/963 3851/3851/963
f 3853/3853/964 3855/3855/964 3856/3856/964
f 3853/3853/964 3854/3854/964 3855/3855/964
f 3857/3857/965 3859/3859/965 3858/3858/965
f 3857/3857/965 3860/3860/965 3859/3859/965
f 3861/3861/966 3863/3863/966 3864/3864/966
f 3861/3861/966 3862/3862/966 3863/3863/966
f 3865/3865/967 3867/3867/967 3866/3866/967
f 3865/3865/967 3868/3868/967 3867/3867/967
f 3869/3869/968 3871/3871/968 3872/3872/968
f 3869/3869/968 3870/3870/968 3871/3871/968
f 3873/3873/969 3875/3875/969 3874/3874/969
f 3873/3873/969 3876/3876/969 3875/3875/969
f 3877/3877/970 3879/3879/970 3880/3880/970
f 3877/3877/970 3878/3878/970 3879/3879/970
f 3881/3881/971 3883/3883/971 3882/3882/971
f 3881/3881/971 3884/3884/971 3883/3883/971
f 3885/3885/972 3887/3887/972 3888/3888/972
f 3885/3885/972 3886/3886/972 3887/3887/972
f 3889/3889/973 3891/3891/973 3890/3890/973
f 3889/3889/973 3892/3892/973 3891/3891/973
f 3893/3893/974 3895/3895/974 3896/3896/974
f 3893/3893/974 3894/3894/974 3895/3895/974
f 3897/3897/975 3899/3899/975 3898/3898/975
f 3897/3897/975 3900/3900/975 3899/3899/975
f 3901/3901/976 3903/3903/976 3904/3904/976
f 3901/3901/976 3902/3902/976 3903/3903/976
f 3905/3905/977 3907/3907/977 3906/3906/977
f 3905/3905/977 3908/3908/977 3907/3907/977
f 3909/3909/978 3911/3911/978 3912/3912/978
f 3909/3909/978 3910/3910/978 3911/3911/978
f 3913/3913/979 3915/3915/979 3914/3914/979
f 3913/3913/979 3916/3916/979 3915/3915/979
f 3917/3917/980 3919/3919/980 3920/3920/980
f 3917/3917/980 3918/3918/980 3919/3919/980
f 3921/3921/981 3923/3923/981 3922/3922/981
f 3921/3921/981 3924/3924/981 3923/3923/981
f 3925/3925/982 3927/3927/982 3928/3928/982
f 3925/3925/982 3926/3926/982 3927/3927/982
f 3929/3929/983 3931/3931/983 3930/3930/983
f 3929/3929/983 3932/3932/983 3931/3931/983
f 3933/3933/984 3935/3935/984 3936/3936/984
f 3933/3933/984 3934/3934/984 3935/3935/984
f 3937/3937/985 3939/3939/985 3938/3938/985
f 3937/3937/985 3940/3940/985 3939/3939/985
f 3941/3941/986 3943/3943/986 3944/3944/986
f 3941/3941/986 3942/3942/986 3943/3943/986
f 3945/3945/987 3947/3947/987 3946/3946/987
f 3945/3945/987 3948/3948/987 3947/3947/987
f 3949/3949/988 3951/3951/988 3952/3952/988
f 3949/3949/988 3950/3950/988 3951/3951/988
f 3953/3953/989 3955/3955/989 3954/3954/989
f 3953/3953/989 3956/3956/989 3955/3955/989
f 3957/3957/990 3959/3959/990 3960/3960/990
f 3957/3957/990 3958/3958/990 3959/3959/990
f 3961/3961/991 3963/3963/991 3962/3962/991
f 3961/3961/991 3964/3964/991 3963/3963/991
f 3965/3965/992 3967/3967/992 3968/3968/992
f 3965/3965/992 3966/3966/992 3967/3967/992
f 3969/3969/993 3971/3971/993 3970/3970/993
f 3969/3969/993 3972/3972/993 3971/3971/993
f 3973/3973/994 3975/3975/994 3976/3976/994
f 3973/3973/994 3974/3974/994 3975/3975/994
f 3977/3977/995 3979/3979/995 3978/3978/995
f 3977/3977/995 3980/3980/995 3979/3979/995
f 3981/3981/996 3983/3983/996 3984/3984/996
f 3981/3981/996 3982/3982/996 3983/3983/996
f 3985/3985/997 3987/3987/997 3986/3986/997
f 3985/3985/997 3988/3988/997 3987/3987/997
f 3989/3989/998 3991/3991/998 3992/3992/998
f 3989/3989/998 3990/3990/998 3991/3991/998
f 3993/3993/999 3995/3995/999 3994/3994/999
f 3993/3993/999 3996/3996/999 3995/3995/999
f 3997/3997/1000 3999/3999/1000 4000/4000/1000
f 3997/3997/1000 3998/3998/1000 3999/3999/1000
f 4001/4001/1001 4003/4003/1001 4002/4002/1001
f 4001/4001/1001 4004/4004/1001 4003/4003/1001
f 4005/4005/1002 4007/4007/1002 4008/4008/1002
f 4005/4005/1002 4006/4006/1002 4007/4007/1002
f 4009/4009/1003 4011/4011/1003 4010/4010/1003
f 4009/4009/1003 4012/4012/1003 4011/4011/1003
f 4013/4013/1004 4015/4015/1004 4016/4016/1004
f 4013/4013/1004 4014/4014/1004 4015/4015/1004
f 4017/4017/1005 4019/4019/1005 4018/4018/1005
f 4017/4017/1005 4020/4020/1005 4019/4019/1005
f 4021/4021/1006 4023/4023/1006 4024/4024/1006
f 4021/4021/1006 4022/4022/1006 4023/4023/1006
f 4025/4025/1007 4027/4027/1007 4026/4026/1007
f 4025/4025/1007 4028/4028/1007 4027/4027/1007
f 4029/4029/1008 4031/4031/1008 4032/4032/1008
f 4029/4029/1008 4030/4030/1008 4031/4031/1008
f 4033/4033/1009 4035/4035/1009 4034/4034/1009
f 4033/4033/1009 4036/4036/1009 4035/4035/1009
f 4037/4037/1010 4039/4039/1010 4040/4040/1010
f 4037/4037/1010 4038/4038/1010 4039/4039/1010
f 4041/4041/1011 4043/4043/1011 4042/4042/1011
f 4041/4041/1011 4044/4044/1011 4043/4043/1011
f 4045/4045/1012 4047/4047/1012 4048/4048/1012
f 4045/4045/1012 4046/4046/1012 4047/4047/1012
f 4049/4049/1013 4051/4051/1013 4050/4050/1013
f 4049/4049/1013 4052/4052/1013 4051/4051/1013
f 4053/4053/1014 4055/4055/1014 4056/4056/1014
f 4053/4053/1014 4054/4054/1014 4055/4055/1014
f 4057/4057/1015 4059/4059/1015 4058/4058/1015
f 4057/4057/1015 4060/4060/1015 4059/4059/1015
f 4061/4061/1016 4063/4063/1016 4064/4064/1016
f 4061/4061/1016 4062/4062/1016 4063/4063/1016
f 4065/4065/1017 4067/4067/1017 4066/4066/1017
f 4065/4065/1017 4068/4068/1017 4067/4067/1017
f 4069/4069/1018 4071/4071/1018 4072/4072/1018
f 4069/4069/1018 4070/4070/1018 4071/4071/1018
f 4073/4073/1019 4075/4075/1019 4074/4074/1019
f 4073/4073/1019 4076/4076/1019 4075/4075/1019
f 4077/4077/1020 4079/4079/1020 4080/4080/1020
f 4077/4077/1020 4078/4078/1020 4079/4079/1020
f 4081/4081/1021 4083/4083/1021 4082/4082/1021
f 4081/4081/1021 4084/4084/1021 4083/4083/1021
f 4085/4085/1022 4087/4087/1022 4088/4088/1022
f 4085/4085/1022 4086/4086/1022 4087/4087/1022
f 4089/4089/1023 4091/4091/1023 4090/4090/1023
f 4089/4089/1023 4092/4092/1023 4091/4091/1023
f 4093/4093/1024 4095/4095/1024 4096/4096/1024
f 4093/4093/1024 4094/4094/1024 4095/4095/1024
f 4097/4097/1025 4099/4099/1025 4098/4098/1025
f 4097/4097/1025 4100/4100/1025 4099/4099/1025
f 4101/4101/1026 4103/4103/1026 4104/4104/1026
f 4101/4101/1026 4102/4102/1026 4103/4103/1026
f 4105/4105/1027 4107/4107/1027 4106/4106/1027
f 4105/4105/1027 4108/4108/1027 4107/4107/1027
f 4109/4109/1028 4111/4111/1028 4112/4112/1028
f 4109/4109/1028 4110/4110/1028 4111/4111/1028
f 4113/4113/1029 4115/4115/1029 4114/4114/1029
f 4113/4113/1029 4116/4116/1029 4115/4115/1029
f 4117/4117/1030 4119/4119/1030 4120/4120/1030
f 4117/4117/1030 4118/4118/1030 4119/4119/1030
f 4121/4121/1031 4123/4123/1031 4122/4122/1031
f 4121/4121/1031 4124/4124/1031 4123/4123/1031
f 4125/4125/1032 4127/4127/1032 4128/4128/1032
f 4125/4125/1032 4126/4126/1032 4127/4127/1032
f 4129/4129/1033 4131/4131/1033 4130/4130/1033
f 4129/4129/1033 4132/4132/1033 4131/4131/1033
f 4133/4133/1034 4135/4135/1034 4136/4136/1034
f 4133/4133/1034 4134/4134/1034 4135/4135/1034
f 4137/4137/1035 4139/4139/1035 4138/4138/1035
f 4137/4137/1035 4140/4140/1035 4139/4139/1035
f 4141/4141/1036 4143/4143/1036 4144/4144/1036
f 4141/4141/1036 4142/4142/1036 4143/4143/1036
f 4145/4145/1037 4147/4147/1037 4146/4146/1037
f 4145/4145/1037 4148/4148/1037 4147/4147/1037
f 4149/4149/1038 4151/4151/1038 4152/4152/1038
f 4149/4149/1038 4150/4150/1038 4151/4151/1038
f 4153/4153/1039 4155/4155/1039 4154/4154/1039
f 4153/4153/1039 4156/4156/1039 4155/4155/1039
f 4157/4157/1040 4159/4159/1040 4160/4160/1040
f 4157/4157/1040 4158/4158/1040 4159/4159/1040
f 4161/4161/1041 4163/4163/1041 4162/4162/1041
f 4161/4161/1041 4164/4164/1041 4163/4163/1041
f 4165/4165/1042 4167/4167/1042 4168/4168/1042
f 4165/4165/1042 4166/4166/1042 4167/4167/1042
f 4169/4169/1043 4171/4171/1043 4170/4170/1043
f 4169/4169/1043 4172/4172/1043 4171/4171/1043
f 4173/4173/1044 4175/4175/1044 4176/4176/1044
f 4173/4173/1044 4174/4174/1044 4175/4175/1044
f 4177/4177/1045 4179/4179/1045 4178/4178/1045
f 4177/4177/1045 4180/4180/1045 4179/4179/1045
f 4181/4181/1046 4183/4183/1046 4184/4184/1046
f 4181/4181/1046 4182/4182/1046 4183/4183/1046
f 4185/4185/1047 4187/4187/1047 4186/4186/1047
f 4185/4185/1047 4188/4188/1047 4187/4187/1047
f 4189/4189/1048 4191/4191/1048 4192/4192/1048
f 4189/4189/1048 4190/4190/1048 4191/4191/1048
f 4193/4193/1049 4195/4195/1049 4194/4194/1049
f 4193/4193/1049 4196/4196/1049 4195/4195/1049
f 4197/4197/1050 4199/4199/1050 4200/4200/1050
f 4197/4197/1050 4198/4198/1050 4199/4199/1050
f 4201/4201/1051 4203/4203/1051 4202/4202/1051
f 4201/4201/1051 4204/4204/1051 4203/4203/1051
f 4205/4205/1052 4207/4207/1052 4208/4208/1052
f 4205/4205/1052 4206/4206/1052 4207/4207/1052
f 4209/4209/1053 4211/4211/1053 4210/4210/1053
f 4209/4209/1053 4212/4212/1053 4211/4211/1053
f 4213/4213/1054 4215/4215/1054 4216/4216/1054
f 4213/4213/1054 4214/4214/1054 4215/4215/1054
f 4217/4217/1055 4219/4219/1055 4218/4218/1055
f 4217/4217/1055 4220/4220/1055 4219/4219/1055
f 4221/4221/1056 4223/4223/1056 4224/4224/1056
f 4221/4221/1056 4222/4222/1056 4223/4223/1056
f 4225/4225/1057 4227/4227/1057 4226/4226/1057
f 4225/4225/1057 4228/4228/1057 4227/4227/1057
f 4229/4229/1058 4231/4231/1058 4232/4232/1058
f 4229/4229/1058 4230/4230/1058 4231/4231/1058
f 4233/4233/1059 4235/4235/1059 4234/4234/1059
f 4233/4233/1059 4236/4236/1059 4235/4235/1059
f 4237/4237/1060 4239/4239/1060 4240/4240/1060
f 4237/4237/1060 4238/4238/1060 4239/4239/1060
f 4241/4241/1061 4243/4243/1061 4242/4242/1061
f 4241/4241/1061 4244/4244/1061 4243/4243/1061
f 4245/4245/1062 4247/4247/1062 4248/4248/1062
f 4245/4245/1062 4246/4246/1062 4247/4247/1062
f 4249/4249/1063 4251/4251/1063 4250/4250/1063
f 4249/4249/1063 4252/4252/1063 4251/4251/1063
f 4253/4253/1064 4255/4255/1064 4256/4256/1064
f 4253/4253/1064 4254/4254/1064 4255/4255/1064
f 4257/4257/1065 4259/4259/1065 4258/4258/1065
f 4257/4257/1065 4260/4260/1065 4259/4259/1065
f 4261/4261/1066 4263/4263/1066 4264/4264/1066
f 4261/4261/1066 4262/4262/1066 4263/4263/1066
f 4265/4265/1067 4267/4267/1067 4266/4266/1067
f 4265/4265/1067 4268/4268/1067 4267/4267/1067
f 4269/4269/1068 4271/4271/1068 4272/4272/1068
f 4269/4269/1068 4270/4270/1068 4271/4271/1068
f 4273/4273/1069 4275/4275/1069 4274/4274/1069
f 4273/4273/1069 4276/4276/1069 4275/4275/1069
f 4277/4277/1070 4279/4279/1070 4280/4280/1070
f 4277/4277/1070 4278/4278/1070 4279/4279/1070
f 4281/4281/1071 4283/4283/1071 4282/4282/1071
f 4281/4281/1071 4284/4284/1071 4283/4283/1071
f 4285/4285/1072 4287/4287/1072 4288/4288/1072
f 4285/4285/1072 4286/4286/1072 4287/4287/1072
f 4289/4289/1073 4291/4291/1073 4290/4290/1073
f 4289/4289/1073 4292/4292/1073 4291/4291/1073
f 4293/4293/1074 4295/4295/1074 4296/4296/1074
f 4293/4293/1074 4294/4294/1074 4295/4295/1074
f 4297/4297/1075 4299/4299/1075 4298/4298/1075
f 4297/4297/1075 4300/4300/1075 4299/4299/1075
f 4301/4301/1076 4303/4303/1076 4304/4304/1076
f 4301/4301/1076 4302/4302/1076 4303/4303/1076
f 4305/4305/1077 4307/4307/1077 4306/4306/1077
f 4305/4305/1077 4308/4308/1077 4307/4307/1077
f 4309/4309/1078 4311/4311/1078 4312/4312/1078
f 4309/4309/1078 4310/4310/1078 4311/4311/1078
f 4313/4313/1079 4315/4315/1079 4314/4314/1079
f 4313/4313/1079 4316/4316/1079 4315/4315/1079
f 4317/4317/1080 4319/4319/1080 4320/4320/1080
f 4317/4317/1080 4318/4318/1080 4319/4319/1080
f 4321/4321/1081 4323/4323/1081 4322/4322/1081
f 4321/4321/1081 4324/4324/1081 4323/4323/1081
f 4325/4325/1082 4327/4327/1082 4328/4328/1082
f 4325/4325/1082 4326/4326/1082 4327/4327/1082
f 4329/4329/1083 4331/4331/1083 4330/4330/1083
f 4329/4329/1083 4332/4332/1083 4331/4331/1083
f 4333/4333/1084 4335/4335/1084 4336/4336/1084
f 4333/4333/1084 4334/4334/1084 4335/4335/1084
f 4337/4337/1085 4339/4339/1085 4338/4338/1085
f 4337/4337/1085 4340/4340/1085 4339/4339/1085
f 4341/4341/1086 4343/4343/1086 4344/4344/1086
f 4341/4341/1086 4342/4342/1086 4343/4343/1086
f 4345/4345/1087 4347/4347/1087 4346/4346/1087
f 4345/4345/1087 4348/4348/1087 4347/4347/1087
f 4349/4349/1088 4351/4351/1088 4352/4352/1088
f 4349/4349/1088 4350/4350/1088 4351/4351/1088
f 4353/4353/1089 4355/4355/1089 4354/4354/1089
f 4353/4353/1089 4356/4356/1089 4355/4355/1089
f 4357/4357/1090 4359/4359/1090 4360/4360/1090
f 4357/4357/1090 4358/4358/1090 4359/4359/1090
f 4361/4361/1091 4363/4363/1091 4362/4362/1091
f 4361/4361/1091 4364/4364/1091 4363/4363/1091
f 4365/4365/1092 4367/4367/1092 4368/4368/1092
f 4365/4365/1092 4366/4366/1092 4367/4367/1092
f 4369/4369/1093 4371/4371/1093 4370/4370/1093
f 4369/4369/1093 4372/4372/1093 4371/4371/1093
f 4373/4373/1094 4375/4375/1094 4376/4376/1094
f 4373/4373/1094 4374/4374/1094 4375/4375/1094
f 4377/4377/1095 4379/4379/1095 4378/4378/1095
f 4377/4377/1095 4380/4380/1095 4379/4379/1095
f 4381/4381/1096 4383/4383/1096 4384/4384/1096
f 4381/4381/1096 4382/4382/1096 4383/4383/1096
f 4385/4385/1097 4387/4387/1097 4386/4386/1097
f 4385/4385/1097 4388/4388/1097 4387/4387/1097
f 4389/4389/1098 4391/4391/1098 4392/4392/1098
f 4389/4389/1098 4390/4390/1098 4391/4391/1098
f 4393/4393/1099 4395/4395/1099 4394/4394/1099
f 4393/4393/1099 4396/4396/1099 4395/4395/1099
f 4397/4397/1100 4399/4399/1100 4400/4400/1100
f 4397/4397/1100 4398/4398/1100 4399/4399/1100
f 4401/4401/1101 4403/4403/1101 4402/4402/1101
f 4401/4401/1101 4404/4404/1101 4403/4403/1101
f 4405/4405/1102 4407/4407/1102 4408/4408/1102
f 4405/4405/1102 4406/4406/1102 4407/4407/1102
f 4409/4409/1103 4411/4411/1103 4410/4410/1103
f 4409/4409/1103 4412/4412/1103 4411/4411/1103
f 4413/4413/1104 4415/4415/1104 4416/4416/1104
f 4413/4413/1104 4414/4414/1104 4415/4415/1104
f 4417/4417/1105 4419/4419/1105 4418/4418/1105
f 4417/4417/1105 4420/4420/1105 4419/4419/1105
f 4421/4421/1106 4423/4423/1106 4424/4424/1106
f 4421/4421/1106 4422/4422/1106 4423/4423/1106
f 4425/4425/1107 4427/4427/1107 4426/4426/1107
f 4425/4425/1107 4428/4428/1107 4427/4427/1107
f 4429/4429/1108 4431/4431/1108 4432/4432/1108
f 4429/4429/1108 4430/4430/1108 4431/4431/1108
f 4433/4433/1109 4435/4435/1109 4434/4434/1109
f 4433/4433/1109 4436/4436/1109 4435/4435/1109
f 4437/4437/1110 4439/4439/1110 4440/4440/1110
f 4437/4437/1110 4438/4438/1110 4439/4439/1110
f 4441/4441/1111 4443/4443/1111 4442/4442/1111
f 4441/4441/1111 4444/4444/1111 4443/4443/1111
f 4445/4445/1112 4447/4447/1112 4448/4448/1112
f 4445/4445/1112 4446/4446/1112 4447/4447/1112
f 4449/4449/1113 4451/4451/1113 4450/4450/1113
f 4449/4449/1113 4452/4452/1113 4451/4451/1113
f 4453/4453/1114 4455/4455/1114 4456/4456/1114
f 4453/4453/1114 4454/4454/1114 4455/4455/1114
f 4457/4457/1115 4459/4459/1115 4458/4458/1115
f 4457/4457/1115 4460/4460/1115 4459/4459/1115
f 4461/4461/1116 4463/4463/1116 4464/4464/1116
f 4461/4461/1116 4462/4462/1116 4463/4463/1116
f 4465/4465/1117 4467/4467/1117 4466/4466/1117
f 4465/4465/1117 4468/4468/1117 4467/4467/1117
f 4469/4469/1118 4471/4471/1118 4472/4472/1118
f 4469/4469/1118 4470/4470/1118 4471/4471/1118
f 4473/4473/1119 4475/4475/1119 4474/4474/1119
f 4473/4473/1119 4476/4476/1119 4475/4475/1119
f 4477/4477/1120 4479/4479/1120 4480/4480/1120
f 4477/4477/1120 4478/4478/1120 4479/4479/1120
f 4481/4481/1121 4483/4483/1121 4482/4482/1121
f 4481/4481/1121 4484/4484/1121 4483/4483/1121
f 4485/4485/1122 4487/4487/1122 4488/4488/1122
f 4485/4485/1122 4486/4486/1122 4487/4487/1122
f 4489/4489/1123 4491/4491/1123 4490/4490/1123
f 4489/4489/1123 4492/4492/1123 4491/4491/1123
f 4493/4493/1124 4495/4495/1124 4496/4496/1124
f 4493/4493/1124 4494/4494/1124 4495/4495/1124
f 4497/4497/1125 4499/4499/1125 4498/4498/1125
f 4497/4497/1125 4500/4500/1125 4499/4499/1125
f 4501/4501/1126 4503/4503/1126 4504/4504/1126
f 4501/4501/1126 4502/4502/1126 4503/4503/1126
f 4505/4505/1127 4507/4507/1127 4506/4506/1127
f 4505/4505/1127 4508/4508/1127 4507/4507/1127
f 4509/4509/1128 4511/4511/1128 4512/4512/1128
f 4509/4509/1128 4510/4510/1128 4511/4511/1128
f 4513/4513/1129 4515/4515/1129 4514/4514/1129
f 4513/4513/1129 4516/4516/1129 4515/4515/1129
f 4517/4517/1130 4519/4519/1130 4520/4520/1130
f 4517/4517/1130 4518/4518/1130 4519/4519/1130
f 4521/4521/1131 4523/4523/1131 4522/4522/1131
f 4521/4521/1131 4524/4524/1131 4523/4523/1131
f 4525/4525/1132 4527/4527/1132 4528/4528/1132
f 4525/4525/1132 4526/4526/1132 4527/4527/1132
f 4529/4529/1133 4531/4531/1133 4530/4530/1133
f 4529/4529/1133 4532/4532/1133 4531/4531/1133
f 4533/4533/1134 4535/4535/1134 4536/4536/1134
f 4533/4533/1134 4534/4534/1134 4535/4535/1134
f 4537/4537/1135 4539/4539/1135 4538/4538/1135
f 4537/4537/1135 4540/4540/1135 4539/4539/1135
f 4541/4541/1136 4543/4543/1136 4544/4544/1136
f 4541/4541/1136 4542/4542/1136 4543/4543/1136
f 4545/4545/1137 4547/4547/1137 4546/4546/1137
f 4545/4545/1137 4548/4548/1137 4547/4547/1137
f 4549/4549/1138 4551/4551/1138 4552/4552/1138
f 4549/4549/1138 4550/4550/1138 4551/4551/1138
f 4553/4553/1139 4555/4555/1139 4554/4554/1139
f 4553/4553/1139 4556/4556/1139 4555/4555/1139
f 4557/4557/1140 4559/4559/1140 4560/4560/1140
f 4557/4557/1140 4558/4558/1140 4559/4559/1140
f 4561/4561/1141 4563/4563/1141 4562/4562/1141
f 4561/4561/1141 4564/4564/1141 4563/4563/1141
f 4565/4565/1142 4567/4567/1142 4568/4568/1142
f 4565/4565/1142 4566/4566/1142 4567/4567/1142
f 4569/4569/1143 4571/4571/1143 4570/4570/1143
f 4569/4569/1143 4572/4572/1143 4571/4571/1143
f 4573/4573/1144 4575/4575/1144 4576/4576/1144
f 4573/4573/1144 4574/4574/1144 4575/4575/1144
f 4577/4577/1145 4579/4579/1145 4578/4578/1145
f 4577/4577/1145 4580/4580/1145 4579/4579/1145
f 4581/4581/1146 4583/4583/1146 4584/4584/1146
f 4581/4581/1146 4582/4582/1146 4583/4583/1146
f 4585/4585/1147 4587/4587/1147 4586/4586/1147
f 4585/4585/1147 4588/4588/1147 4587/4587/1147
f 4589/4589/1148 4591/4591/1148 4592/4592/1148
f 4589/4589/1148 4590/4590/1148 4591/4591/1148
f 4593/4593/1149 4595/4595/1149 4594/4594/1149
f 4593/4593/1149 4596/4596/1149 4595/4595/1149
f 4597/4597/1150 4599/4599/1150 4600/4600/1150
f 4597/4597/1150 4598/4598/1150 4599/4599/1150
f 4601/4601/1151 4603/4603/1151 4602/4602/1151
f 4601/4601/1151 4604/4604/1151 4603/4603/1151
f 4605/4605/1152 4607/4607/1152 4608/4608/1152
f 4605/4605/1152 4606/4606/1152 4607/4607/1152
f 4609/4609/1153 4611/4611/1153 4610/4610/1153
f 4609/4609/1153 4612/4612/1153 4611/4611/1153
f 4613/4613/1154 4615/4615/1154 4616/4616/1154
f 4613/4613/1154 4614/4614/1154 4615/4615/1154
f 4617/4617/1155 4619/4619/1155 4618/4618/1155
f 4617/4617/1155 4620/4620/1155 4619/4619/1155
f 4621/4621/1156 4623/4623/1156 4624/4624/1156
f 4621/4621/1156 4622/4622/1156 4623/4623/1156
f 4625/4625/1157 4627/4627/1157 4626/4626/1157
f 4625/4625/1157 4628/4628/1157 4627/4627/1157
f 4629/4629/1158 4631/4631/1158 4632/4632/1158
f 4629/4629/1158 4630/4630/1158 4631/4631/1158
f 4633/4633/1159 4635/4635/1159 4634/4634/1159
f 4633/4633/1159 4636/4636/1159 4635/4635/1159
f 4637/4637/1160 4639/4639/1160 4640/4640/1160
f 4637/4637/1160 4638/4638/1160 4639/4639/1160
f 4641/4641/1161 4643/4643/1161 4642/4642/1161
f 4641/4641/1161 4644/4644/1161 4643/4643/1161
f 4645/4645/1162 4647/4647/1162 4648/4648/1162
f 4645/4645/1162 4646/4646/1162 4647/4647/1162
f 4649/4649/1163 4651/4651/1163 4650/4650/1163
f 4649/4649/1163 4652/4652/1163 4651/4651/1163
f 4653/4653/1164 4655/4655/1164 4656/4656/1164
f 4653/4653/1164 4654/4654/1164 4655/4655/1164
f 4657/4657/1165 4659/4659/1165 4658/4658/1165
f 4657/4657/1165 4660/4660/1165 4659/4659/1165
f 4661/4661/1166 4663/4663/1166 4664/4664/1166
f 4661/4661/1166 4662/4662/1166 4663/4663/1166
f 4665/4665/1167 4667/4667/1167 4666/4666/1167
f 4665/4665/1167 4668/4668/1167 4667/4667/1167
f 4669/4669/1168 4671/4671/1168 4672/4672/1168
f 4669/4669/1168 4670/4670/1168 4671/4671/1168
f 4673/4673/1169 4675/4675/1169 4674/4674/1169
f 4673/4673/1169 4676/4676/1169 4675/4675/1169
f 4677/4677/1170 4679/4679/1170 4680/4680/1170
f 4677/4677/1170 4678/4678/1170 4679/4679/1170
f 4681/4681/1171 4683/4683/1171 4682/4682/1171
f 4681/4681/1171 4684/4684/1171 4683/4683/1171
f 4685/4685/1172 4687/4687/1172 4688/4688/1172
f 4685/4685/1172 4686/4686/1172 4687/4687/1172
f 4689/4689/1173 4691/4691/1173 4690/4690/1173
f 4689/4689/1173 4692/4692/1173 4691/4691/1173
f 4693/4693/1174 4695/4695/1174 4696/4696/1174
f 4693/4693/1174 4694/4694/1174 4695/4695/1174
f 4697/4697/1175 4699/4699/1175 4698/4698/1175
f 4697/4697/1175 4700/4700/1175 4699/4699/1175
f 4701/4701/1176 4703/4703/1176 4704/4704/1176
f 4701/4701/1176 4702/4702/1176 4703/4703/1176
f 4705/4705/1177 4707/4707/1177 4706/4706/1177
f 4705/4705/1177 4708/4708/1177 4707/4707/1177
f 4709/4709/1178 4711/4711/1178 4712/4712/1178
f 4709/4709/1178 4710/4710/1178 4711/4711/1178
f 4713/4713/1179 4715/4715/1179 4714/4714/1179
f 4713/4713/1179 4716/4716/1179 4715/4715/1179
f 4717/4717/1180 4719/4719/1180 4720/4720/1180
f 4717/4717/1180 4718/4718/1180 4719/4719/1180
f 4721/4721/1181 4723/4723/1181 4722/4722/1181
f 4721/4721/1181 4724/4724/1181 4723/4723/1181
f 4725/4725/1182 4727/4727/1182 4728/4728/1182
f 4725/4725/1182 4726/4726/1182 4727/4727/1182
f 4729/4729/1183 4731/4731/1183 4730/4730/1183
f 4729/4729/1183 4732/4732/1183 4731/4731/1183
f 4733/4733/1184 4735/4735/1184 4736/4736/1184
f 4733/4733/1184 4734/4734/1184 4735/4735/1184
f 4737/4737/1185 4739/4739/1185 4738/4738/1185
f 4737/4737/1185 4740/4740/1185 4739/4739/1185
f 4741/4741/1186 4743/4743/1186 4744/4744/1186
f 4741/4741/1186 4742/4742/1186 4743/4743/1186
f 4745/4745/1187 4747/4747/1187 4746/4746/1187
f 4745/4745/1187 4748/4748/1187 4747/4747/1187
f 4749/4749/1188 4751/4751/1188 4752/4752/1188
f 4749/4749/1188 4750/4750/1188 4751/4751/1188
f 4753/4753/1189 4755/4755/1189 4754/4754/1189
f 4753/4753/1189 4756/4756/1189 4755/4755/1189
f 4757/4757/1190 4759/4759/1190 4760/4760/1190
f 4757/4757/1190 4758/4758/1190 4759/4759/1190
f 4761/4761/1191 4763/4763/1191 4762/4762/1191
f 4761/4761/1191 4764/4764/1191 4763/4763/1191
f 4765/4765/1192 4767/4767/1192 4768/4768/1192
f 4765/4765/1192 4766/4766/1192 4767/4767/1192
f 4769/4769/1193 4771/4771/1193 4770/4770/1193
f 4769/4769/1193 4772/4772/1193 4771/4771/1193
f 4773/4773/1194 4775/4775/1194 4776/4776/1194
f 4773/4773/1194 4774/4774/1194 4775/4775/1194
f 4777/4777/1195 4779/4779/1195 4778/4778/1195
f 4777/4777/1195 4780/4780/1195 4779/4779/1195
f 4781/4781/1196 4783/4783/1196 4784/4784/1196
f 4781/4781/1196 4782/4782/1196 4783/4783/1196
f 4785/4785/1197 4787/4787/1197 4786/4786/1197
f 4785/4785/1197 4788/4788/1197 4787/4787/1197
f 4789/4789/1198 4791/4791/1198 4792/4792/1198
f 4789/4789/1198 4790/4790/1198 4791/4791/1198
f 4793/4793/1199 4795/4795/1199 4794/4794/1199
f 4793/4793/1199 4796/4796/1199 4795/4795/1199
f 4797/4797/1200 4799/4799/1200 4800/4800/1200
f 4797/4797/1200 4798/4798/1200 4799/4799/1200
f 4801/4801/1201 4803/4803/1201 4802/4802/1201
f 4801/4801/1201 4804/4804/1201 4803/4803/1201
f 4805/4805/1202 4807/4807/1202 4808/4808/1202
f 4805/4805/1202 4806/4806/1202 4807/4807/1202
f 4809/4809/1203 4811/4811/1203 4810/4810/1203
f 4809/4809/1203 4812/4812/1203 4811/4811/1203
f 4813/4813/1204 4815/4815/1204 4816/4816/1204
f 4813/4813/1204 4814/4814/1204 4815/4815/1204
f 4817/4817/1205 4819/4819/1205 4818/4818/1205
f 4817/4817/1205 4820/4820/1205 4819/4819/1205
f 4821/4821/1206 4823/4823/1206 4824/4824/1206
f 4821/4821/1206 4822/4822/1206 4823/4823/1206
f 4825/4825/1207 4827/4827/1207 4826/4826/1207
f 4825/4825/1207 4828/4828/1207 4827/4827/1207
f 4829/4829/1208 4831/4831/1208 4832/4832/1208
f 4829/4829/1208 4830/4830/1208 4831/4831/1208
f 4833/4833/1209 4835/4835/1209 4834/4834/1209
f 4833/4833/1209 4836/4836/1209 4835/4835/1209
f 4837/4837/1210 4839/4839/1210 4840/4840/1210
f 4837/4837/1210 4838/4838/1210 4839/4839/1210
f 4841/4841/1211 4843/4843/1211 4842/4842/1211
f 4841/4841/1211 4844/4844/1211 4843/4843/1211
f 4845/4845/1212 4847/4847/1212 4848/4848/1212
f 4845/4845/1212 4846/4846/1212 4847/4847/1212
f 4849/4849/1213 4851/4851/1213 4850/4850/1213
f 4849/4849/1213 4852/4852/1213 4851/4851/1213
f 4853/4853/1214 4855/4855/1214 4856/4856/1214
f 4853/4853/1214 4854/4854/1214 4855/4855/1214
f 4857/4857/1215 4859/4859/1215 4858/4858/1215
f 4857/4857/1215 4860/4860/1215 4859/4859/1215
f 4861/4861/1216 4863/4863/1216 4864/4864/1216
f 4861/4861/1216 4862/4862/1216 4863/4863/1216
f 4865/4865/1217 4867/4867/1217 4866/4866/1217
f 4865/4865/1217 4868/4868/1217 4867/4867/1217
f 4869/4869/1218 4871/4871/1218 4872/4872/1218
f 4869/4869/1218 4870/4870/1218 4871/4871/1218
f 4873/4873/1219 4875/4875/1219 4874/4874/1219
f 4873/4873/1219 4876/4876/1219 4875/4875/1219
f 4877/4877/1220 4879/4879/1220 4880/4880/1220
f 4877/4877/1220 4878/4878/1220 4879/4879/1220
f 4881/4881/1221 4883/4883/1221 4882/4882/1221
f 4881/4881/1221 4884/4884/1221 4883/4883/1221
f 4885/4885/1222 4887/4887/1222 4888/4888/1222
f 4885/4885/1222 4886/4886/1222 4887/4887/1222
f 4889/4889/1223 4891/4891/1223 4890/4890/1223
f 4889/4889/1223 4892/4892/1223 4891/4891/1223
f 4893/4893/1224 4895/4895/1224 4896/4896/1224
f 4893/4893/1224 4894/4894/1224 4895/4895/1224
f 4897/4897/1225 4899/4899/1225 4898/4898/1225
f 4897/4897/1225 4900/4900/1225 4899/4899/1225
f 4901/4901/1226 4903/4903/1226 4904/4904/1226
f 4901/4901/1226 4902/4902/1226 4903/4903/1226
f 4905/4905/1227 4907/4907/1227 4906/4906/1227
f 4905/4905/1227 4908/4908/1227 4907/4907/1227
f 4909/4909/1228 4911/4911/1228 4912/4912/1228
f 4909/4909/1228 4910/4910/1228 4911/4911/1228
f 4913/4913/1229 4915/4915/1229 4914/4914/1229
f 4913/4913/1229 4916/4916/1229 4915/4915/1229
f 4917/4917/1230 4919/4919/1230 4920/4920/1230
f 4917/4917/1230 4918/4918/1230 4919/4919/1230
f 4921/4921/1231 4923/4923/1231 4922/4922/1231
f 4921/4921/1231 4924/4924/1231 4923/4923/1231
f 4925/4925/1232 4927/4927/1232 4928/4928/1232
f 4925/4925/1232 4926/4926/1232 4927/4927/1232
f 4929/4929/1233 4931/4931/1233 4930/4930/1233
f 4929/4929/1233 4932/4932/1233 4931/4931/1233
f 4933/4933/1234 4935/4935/1234 4936/4936/1234
f 4933/4933/1234 4934/4934/1234 4935/4935/1234
f 4937/4937/1235 4939/4939/1235 4938/4938/1235
f 4937/4937/1235 4940/4940/1235 4939/4939/1235
f 4941/4941/1236 4943/4943/1236 4944/4944/1236
f 4941/4941/1236 4942/4942/1236 4943/4943/1236
f 4945/4945/1237 4947/4947/1237 4946/4946/1237
f 4945/4945/1237 4948/4948/1237 4947/4947/1237
f 4949/4949/1238 4951/4951/1238 4952/4952/1238
f 4949/4949/1238 4950/4950/1238 4951/4951/1238
f 4953/4953/1239 4955/4955/1239 4954/4954/1239
f 4953/4953/1239 4956/4956/1239 4955/4955/1239
f 4957/4957/1240 4959/4959/1240 4960/4960/1240
f 4957/4957/1240 4958/4958/1240 4959/4959/1240
f 4961/4961/1241 4963/4963/1241 4962/4962/1241
f 4961/4961/1241 4964/4964/1241 4963/4963/1241
f 4965/4965/1242 4967/4967/1242 4968/4968/1242
f 4965/4965/1242 4966/4966/1242 4967/4967/1242
f 4969/4969/1243 4971/4971/1243 4970/4970/1243
f 4969/4969/1243 4972/4972/1243 4971/4971/1243
f 4973/4973/1244 4975/4975/1244 4976/4976/1244
f 4973/4973/1244 4974/4974/1244 4975/4975/1244
f 4977/4977/1245 4979/4979/1245 4978/4978/1245
f 4977/4977/1245 4980/4980/1245 4979/4979/1245
f 4981/4981/1246 4983/4983/1246 4984/4984/1246
f 4981/4981/1246 4982/4982/1246 4983/4983/1246
f 4985/4985/1247 4987/4987/1247 4986/4986/1247
f 4985/4985/1247 4988/4988/1247 4987/4987/1247
f 4989/4989/1248 4991/4991/1248 4992/4992/1248
f 4989/4989/1248 4990/4990/1248 4991/4991/1248
f 4993/4993/1249 4995/4995/1249 4994/4994/1249
f 4993/4993/1249 4996/4996/1249 4995/4995/1249
f 4997/4997/1250 4999/4999/1250 5000/5000/1250
f 4997/4997/1250 4998/4998/1250 4999/4999/1250
f 5001/5001/1251 5003/5003/1251 5002/5002/1251
f 5001/5001/1251 5004/5004/1251 5003/5003/1251
f 5005/5005/1252 5007/5007/1252 5008/5008/1252
f 5005/5005/1252 5006/5006/1252 5007/5007/1252
f 5009/5009/1253 5011/5011/1253 5010/5010/1253
f 5009/5009/1253 5012/5012/1253 5011/5011/1253
f 5013/5013/1254 5015/5015/1254 5016/5016/1254
f 5013/5013/1254 5014/5014/1254 5015/5015/1254
f 5017/5017/1255 5019/5019/1255 5018/5018/1255
f 5017/5017/1255 5020/5020/1255 5019/5019/1255
f 5021/5021/1256 5023/5023/1256 5024/5024/1256
f 5021/5021/1256 5022/5022/1256 5023/5023/1256
f 5025/5025/1257 5027/5027/1257 5026/5026/1257
f 5025/5025/1257 5028/5028/1257 5027/5027/1257
f 5029/5029/1258 5031/5031/1258 5032/5032/1258
f 5029/5029/1258 5030/5030/1258 5031/5031/1258
f 5033/5033/1259 5035/5035/1259 5034/5034/1259
f 5033/5033/1259 5036/5036/1259 5035/5035/1259
f 5037/5037/1260 5039/5039/1260 5040/5040/1260
f 5037/5037/1260 5038/5038/1260 5039/5039/1260
f 5041/5041/1261 5043/5043/1261 5042/5042/1261
f 5041/5041/1261 5044/5044/1261 5043/5043/1261
f 5045/5045/1262 5047/5047/1262 5048/5048/1262
f 5045/5045/1262 5046/5046/1262 5047/5047/1262
f 5049/5049/1263 5051/5051/1263 5050/5050/1263
f 5049/5049/1263 5052/5052/1263 5051/5051/1263
f 5053/5053/1264 5055/5055/1264 5056/5056/1264
f 5053/5053/1264 5054/5054/1264 5055/5055/1264
f 5057/5057/1265 5059/5059/1265 5058/5058/1265
f 5057/5057/1265 5060/5060/1265 5059/5059/1265
f 5061/5061/1266 5063/5063/1266 5064/5064/1266
f 5061/5061/1266 5062/5062/1266 5063/5063/1266
f 5065/5065/1267 5067/5067/1267 5066/5066/1267
f 5065/5065/1267 5068/5068/1267 5067/5067/1267
f 5069/5069/1268 5071/5071/1268 5072/5072/1268
f 5069/5069/1268 5070/5070/1268 5071/5071/1268
f 5073/5073/1269 5075/5075/1269 5074/5074/1269
f 5073/5073/1269 5076/5076/1269 5075/5075/1269
f 5077/5077/1270 5079/5079/1270 5080/5080/1270
f 5077/5077/1270 5078/5078/1270 5079/5079/1270
f 5081/5081/1271 5083/5083/1271 5082/5082/1271
f 5081/5081/1271 5084/5084/1271 5083/5083/1271
f 5085/5085/1272 5087/5087/1272 5088/5088/1272
f 5085/5085/1272 5086/5086/1272 5087/5087/1272
f 5089/5089/1273 5091/5091/1273 5090/5090/1273
f 5089/5089/1273 5092/5092/1273 5091/5091/1273
f 5093/5093/1274 5095/5095/1274 5096/5096/1274
f 5093/5093/1274 5094/5094/1274 5095/5095/1274
f 5097/5097/1275 5099/5099/1275 5098/5098/1275
f 5097/5097/1275 5100/5100/1275 5099/5099/1275
f 5101/5101/1276 5103/5103/1276 5104/5104/1276
f 5101/5101/1276 5102/5102/1276 5103/5103/1276
f 5105/5105/1277 5107/5107/1277 5106/5106/1277
f 5105/5105/1277 5108/5108/1277 5107/5107/1277
f 5109/5109/1278 5111/5111/1278 5112/5112/1278
f 5109/5109/1278 5110/5110/1278 5111/5111/1278
f 5113/5113/1279 5115/5115/1279 5114/5114/1279
f 5113/5113/1279 5116/5116/1279 5115/5115/1279
f 5117/5117/1280 5119/5119/1280 5120/5120/1280
f 5117/5117/1280 5118/5118/1280 5119/5119/1280
f 5121/5121/1281 5123/5123/1281 5122/5122/1281
f 5121/5121/1281 5124/5124/1281 5123/5123/1281
f 5125/5125/1282 5127/5127/1282 5128/5128/1282
f 5125/5125/1282 5126/5126/1282 5127/5127/1282
f 5129/5129/1283 5131/5131/1283 5130/5130/1283
f 5129/5129/1283 5132/5132/1283 5131/5131/1283
f 5133/5133/1284 5135/5135/1284 5136/5136/1284
f 5133/5133/1284 5134/5134/1284 5135/5135/1284
f 5137/5137/1285 5139/5139/1285 5138/5138/1285
f 5137/5137/1285 5140/5140/1285 5139/5139/1285
f 5141/5141/1286 5143/5143/1286 5144/5144/1286
f 5141/5141/1286 5142/5142/1286 5143/5143/1286
f 5145/5145/1287 5147/5147/1287 5146/5146/1287
f 5145/5145/1287 5148/5148/1287 5147/5147/1287
f 5149/5149/1288 5151/5151/1288 5152/5152/1288
f 5149/5149/1288 5150/5150/1288 5151/5151/1288
f 5153/5153/1289 5155/5155/1289 5154/5154/1289
f 5153/5153/1289 5156/5156/1289 5155/5155/1289
f 5157/5157/1290 5159/5159/1290 5160/5160/1290
f 5157/5157/1290 5158/5158/1290 5159/5159/1290
f 5161/5161/1291 5163/5163/1291 5162/5162/1291
f 5161/5161/1291 5164/5164/1291 5163/5163/1291
f 5165/5165/1292 5167/5167/1292 5168/5168/1292
f 5165/5165/1292 5166/5166/1292 5167/5167/1292
f 5169/5169/1293 5171/5171/1293 5170/5170/1293
f 5169/5169/1293 5172/5172/1293 5171/5171/1293
f 5173/5173/1294 5175/5175/1294 5176/5176/1294
f 5173/5173/1294 5174/5174/1294 5175/5175/1294
f 5177/5177/1295 5179/5179/1295 5178/5178/1295
f 5177/5177/1295 5180/5180/1295 5179/5179/1295
f 5181/5181/1296 5183/5183/1296 5184/5184/1296
f 5181/5181/1296 5182/5182/1296 5183/5183/1296
f 5185/5185/1297 5187/5187/1297 5186/5186/1297
f 5185/5185/1297 5188/5188/1297 5187/5187/1297
f 5189/5189/1298 5191/5191/1298 5192/5192/1298
f 5189/5189/1298 5190/5190/1298 5191/5191/1298
f 5193/5193/1299 5195/5195/1299 5194/5194/1299
f 5193/5193/1299 5196/5196/1299 5195/5195/1299
f 5197/5197/1300 5199/5199/1300 5200/5200/1300
f 5197/5197/1300 5198/5198/1300 5199/5199/1300
f 5201/5201/1301 5203/5203/1301 5202/5202/1301
f 5201/5201/1301 5204/5204/1301 5203/5203/1301
f 5205/5205/1302 5207/5207/1302 5208/5208/1302
f 5205/5205/1302 5206/5206/1302 5207/5207/1302
f 5209/5209/1303 5211/5211/1303 5210/5210/1303
f 5209/5209/1303 5212/5212/1303 5211/5211/1303
f 5213/5213/1304 5215/5215/1304 5216/5216/1304
f 5213/5213/1304 5214/5214/1304 5215/5215/1304
f 5217/5217/1305 5219/5219/1305 5218/5218/1305
f 5217/5217/1305 5220/5220/1305 5219/5219/1305
f 5221/5221/1306 5223/5223/1306 5224/5224/1306
f 5221/5221/1306 5222/5222/1306 5223/5223/1306
f 5225/5225/1307 5227/5227/1307 5226/5226/1307
f 5225/5225/1307 5228/5228/1307 5227/5227/1307
f 5229/5229/1308 5231/5231/1308 5232/5232/1308
f 5229/5229/1308 5230/5230/1308 5231/5231/1308
f 5233/5233/1309 5235/5235/1309 5234/5234/1309
f 5233/5233/1309 5236/5236/1309 5235/5235/1309
f 5237/5237/1310 5239/5239/1310 5240/5240/1310
f 5237/5237/1310 5238/5238/1310 5239/5239/1310
f 5241/5241/1311 5243/5243/1311 5242/5242/1311
f 5241/5241/1311 5244/5244/1311 5243/5243/1311
f 5245/5245/1312 5247/5247/1312 5248/5248/1312
f 5245/5245/1312 5246/5246/1312 5247/5247/1312
f 5249/5249/1313 5251/5251/1313 5250/5250/1313
f 5249/5249/1313 5252/5252/1313 5251/5251/1313
f 5253/5253/1314 5255/5255/1314 5256/5256/1314
f 5253/5253/1314 5254/5254/1314 5255/5255/1314
f 5257/5257/1315 5259/5259/1315 5258/5258/1315
f 5257/5257/1315 5260/5260/1315 5259/5259/1315
f 5261/5261/1316 5263/5263/1316 5264/5264/1316
f 5261/5261/1316 5262/5262/1316 5263/5263/1316
f 5265/5265/1317 5267/5267/1317 5266/5266/1317
f 5265/5265/1317 5268/5268/1317 5267/5267/1317
f 5269/5269/1318 5271/5271/1318 5272/5272/1318
f 5269/5269/1318 5270/5270/1318 5271/5271/1318
f 5273/5273/1319 5275/5275/1319 5274/5274/1319
f 5273/5273/1319 5276/5276/1319 5275/5275/1319
f 5277/5277/1320 5279/5279/1320 5280/5280/1320
f 5277/5277/1320 5278/5278/1320 5279/5279/1320
f 5281/5281/1321 5283/5283/1321 5282/5282/1321
f 5281/5281/1321 5284/5284/1321 5283/5283/1321
f 5285/5285/1322 5287/5287/1322 5288/5288/1322
f 5285/5285/1322 5286/5286/1322 5287/5287/1322
f 5289/5289/1323 5291/5291/1323 5290/5290/1323
f 5289/5289/1323 5292/5292/1323 5291/5291/1323
f 5293/5293/1324 5295/5295/1324 5296/5296/1324
f 5293/5293/1324 5294/5294/1324 5295/5295/1324
f 5297/5297/1325 5299/5299/1325 5298/5298/1325
f 5297/5297/1325 5300/5300/1325 5299/5299/1325
f 5301/5301/1326 5303/5303/1326 5304/5304/1326
f 5301/5301/1326 5302/5302/1326 5303/5303/1326
f 5305/5305/1327 5307/5307/1327 5306/5306/1327
f 5305/5305/1327 5308/5308/1327 5307/5307/1327
f 5309/5309/1328 5311/5311/1328 5312/5312/1328
f 5309/5309/1328 5310/5310/1328 5311/5311/1328
f 5313/5313/1329 5315/5315/1329 5314/5314/1329
f 5313/5313/1329 5316/5316/1329 5315/5315/1329
f 5317/5317/1330 5319/5319/1330 5320/5320/1330
f 5317/5317/1330 5318/5318/1330 5319/5319/1330
f 5321/5321/1331 5323/5323/1331 5322/5322/1331
f 5321/5321/1331 5324/5324/1331 5323/5323/1331
f 5325/5325/1332 5327/5327/1332 5328/5328/1332
f 5325/5325/1332 5326/5326/1332 5327/5327/1332
f 5329/5329/1333 5331/5331/1333 5330/5330/1333
f 5329/5329/1333 5332/5332/1333 5331/5331/1333
f 5333/5333/1334 5335/5335/1334 5336/5336/1334
f 5333/5333/1334 5334/5334/1334 5335/5335/1334
f 5337/5337/1335 5339/5339/1335 5338/5338/1335
f 5337/5337/1335 5340/5340/1335 5339/5339/1335
f 5341/5341/1336 5343/5343/1336 5344/5344/1336
f 5341/5341/1336 5342/5342/1336 5343/5343/1336
f 5345/5345/1337 5347/5347/1337 5346/5346/1337
f 5345/5345/1337 5348/5348/1337 5347/5347/1337
f 5349/5349/1338 5351/5351/1338 5352/5352/1338
f 5349/5349/1338 5350/5350/1338 5351/5351/1338
f 5353/5353/1339 5355/5355/1339 5354/5354/1339
f 5353/5353/1339 5356/5356/1339 5355/5355/1339
f 5357/5357/1340 5359/5359/1340 5360/5360/1340
f 5357/5357/1340 5358/5358/1340 5359/5359/1340
f 5361/5361/1341 5363/5363/1341 5362/5362/1341
f 5361/5361/1341 5364/5364/1341 5363/5363/1341
f 5365/5365/1342 5367/5367/1342 5368/5368/1342
f 5365/5365/1342 5366/5366/1342 5367/5367/1342
f 5369/5369/1343 5371/5371/1343 5370/5370/1343
f 5369/5369/1343 5372/5372/1343 5371/5371/1343
f 5373/5373/1344 5375/5375/1344 5376/5376/1344
f 5373/5373/1344 5374/5374/1344 5375/5375/1344
f 5377/5377/1345 5379/5379/1345 5378/5378/1345
f 5377/5377/1345 5380/5380/1345 5379/5379/1345
f 5381/5381/1346 5383/5383/1346 5384/5384/1346
f 5381/5381/1346 5382/5382/1346 5383/5383/1346
f 5385/5385/1347 5387/5387/1347 5386/5386/1347
f 5385/5385/1347 5388/5388/1347 5387/5387/1347
f 5389/5389/1348 5391/5391/1348 5392/5392/1348
f 5389/5389/1348 5390/5390/1348 5391/5391/1348
f 5393/5393/1349 5395/5395/1349 5394/5394/1349
f 5393/5393/1349 5396/5396/1349 5395/5395/1349
f 5397/5397/1350 5399/5399/1350 5400/5400/1350
f 5397/5397/1350 5398/5398/1350 5399/5399/1350
f 5401/5401/1351 5403/5403/1351 5402/5402/1351
f 5401/5401/1351 5404/5404/1351 5403/5403/1351
f 5405/5405/1352 5407/5407/1352 5408/5408/1352
f 5405/5405/1352 5406/5406/1352 5407/5407/1352
f 5409/5409/1353 5411/5411/1353 5410/5410/1353
f 5409/5409/1353 5412/5412/1353 5411/5411/1353
f 5413/5413/1354 5415/5415/1354 5416/5416/1354
f 5413/5413/1354 5414/5414/1354 5415/5415/1354
f 5417/5417/1355 5419/5419/1355 5418/5418/1355
f 5417/5417/1355 5420/5420/1355 5419/5419/1355
f 5421/5421/1356 5423/5423/1356 5424/5424/1356
f 5421/5421/1356 5422/5422/1356 5423/5423/1356
f 5425/5425/1357 5427/5427/1357 5426/5426/1357
f 5425/5425/1357 5428/5428/1357 5427/5427/1357
f 5429/5429/1358 5431/5431/1358 5432/5432/1358
f 5429/5429/1358 5430/5430/1358 5431/5431/1358
f 5433/5433/1359 5435/5435/1359 5434/5434/1359
f 5433/5433/1359 5436/5436/1359 5435/5435/1359
f 5437/5437/1360 5439/5439/1360 5440/5440/1360
f 5437/5437/1360 5438/5438/1360 5439/5439/1360
f 5441/5441/1361 5443/5443/1361 5442/5442/1361
f 5441/5441/1361 5444/5444/1361 5443/5443/1361
f 5445/5445/1362 5447/5447/1362 5448/5448/1362
f 5445/5445/1362 5446/5446/1362 5447/5447/1362
f 5449/5449/1363 5451/5451/1363 5450/5450/1363
f 5449/5449/1363 5452/5452/1363 5451/5451/1363
f 5453/5453/1364 5455/5455/1364 5456/5456/1364
f 5453/5453/1364 5454/5454/1364 5455/5455/1364
f 5457/5457/1365 5459/5459/1365 5458/5458/1365
f 5457/5457/1365 5460/5460/1365 5459/5459/1365
f 5461/5461/1366 5463/5463/1366 5464/5464/1366
f 5461/5461/1366 5462/5462/1366 5463/5463/1366
f 5465/5465/1367 5467/5467/1367 5466/5466/1367
f 5465/5465/1367 5468/5468/1367 5467/5467/1367
f 5469/5469/1368 5471/5471/1368 5472/5472/1368
f 5469/5469/1368 5470/5470/1368 5471/5471/1368
f 5473/5473/1369 5475/5475/1369 5474/5474/1369
f 5473/5473/1369 5476/5476/1369 5475/5475/1369
f 5477/5477/1370 5479/5479/1370 5480/5480/1370
f 5477/5477/1370 5478/5478/1370 5479/5479/1370
f 5481/5481/1371 5483/5483/1371 5482/5482/1371
f 5481/5481/1371 5484/5484/1371 5483/5483/1371
f 5485/5485/1372 5487/5487/1372 5488/5488/1372
f 5485/5485/1372 5486/5486/1372 5487/5487/1372
f 5489/5489/1373 5491/5491/1373 5490/5490/1373
f 5489/5489/1373 5492/5492/1373 5491/5491/1373
f 5493/5493/1374 5495/5495/1374 5496/5496/1374
f 5493/5493/1374 5494/5494/1374 5495/5495/1374
f 5497/5497/1375 5499/5499/1375 5498/5498/1375
f 5497/5497/1375 5500/5500/1375 5499/5499/1375
f 5501/5501/1376 5503/5503/1376 5504/5504/1376
f 5501/5501/1376 5502/5502/1376 5503/5503/1376
f 5505/5505/1377 5507/5507/1377 5506/5506/1377
f 5505/5505/1377 5508/5508/1377 5507/5507/1377
f 5509/5509/1378 5511/5511/1378 5512/5512/1378
f 5509/5509/1378 5510/5510/1378 5511/5511/1378
f 5513/5513/1379 5515/5515/1379 5514/5514/1379
f 5513/5513/1379 5516/5516/1379 5515/5515/1379
f 5517/5517/1380 5519/5519/1380 5520/5520/1380
f 5517/5517/1380 5518/5518/1380 5519/5519/1380
f 5521/5521/1381 5523/5523/1381 5522/5522/1381
f 5521/5521/1381 5524/5524/1381 5523/5523/1381
f 5525/5525/1382 5527/5527/1382 5528/5528/1382
f 5525/5525/1382 5526/5526/1382 5527/5527/1382
f 5529/5529/1383 5531/5531/1383 5530/5530/1383
f 5529/5529/1383 5532/5532/1383 5531/5531/1383
f 5533/5533/1384 5535/5535/1384 5536/5536/1384
f 5533/5533/1384 5534/5534/1384 5535/5535/1384
f 5537/5537/1385 5539/5539/1385 5538/5538/1385
f 5537/5537/1385 5540/5540/1385 5539/5539/1385
f 5541/5541/1386 5543/5543/1386 5544/5544/1386
f 5541/5541/1386 5542/5542/1386 5543/5543/1386
f 5545/5545/1387 5547/5547/1387 5546/5546/1387
f 5545/5545/1387 5548/5548/1387 5547/5547/1387
f 5549/5549/1388 5551/5551/1388 5552/5552/1388
f 5549/5549/1388 5550/5550/1388 5551/5551/1388
f 5553/5553/1389 5555/5555/1389 5554/5554/1389
f 5553/5553/1389 5556/5556/1389 5555/5555/1389
f 5557/5557/1390 5559/5559/1390 5560/5560/1390
f 5557/5557/1390 5558/5558/1390 5559/5559/1390
f 5561/5561/1391 5563/5563/1391 5562/5562/1391
f 5561/5561/1391 5564/5564/1391 5563/5563/1391
f 5565/5565/1392 5567/5567/1392 5568/5568/1392
f 5565/5565/1392 5566/5566/1392 5567/5567/1392
f 5569/5569/1393 5571/5571/1393 5570/5570/1393
f 5569/5569/1393 5572/5572/1393 5571/5571/1393
f 5573/5573/1394 5575/5575/1394 5576/5576/1394
f 5573/5573/1394 5574/5574/1394 5575/5575/1394
f 5577/5577/1395 5579/5579/1395 5578/5578/1395
f 5577/5577/1395 5580/5580/1395 5579/5579/1395
f 5581/5581/1396 5583/5583/1396 5584/5584/1396
f 5581/5581/1396 5582/5582/1396 5583/5583/1396
f 5585/5585/1397 5587/5587/1397 5586/5586/1397
f 5585/5585/1397 5588/5588/1397 5587/5587/1397
f 5589/5589/1398 5591/5591/1398 5592/5592/1398
f 5589/5589/1398 5590/5590/1398 5591/5591/1398
f 5593/5593/1399 5595/5595/1399 5594/5594/1399
f 5593/5593/1399 5596/5596/1399 5595/5595/1399
f 5597/5597/1400 5599/5599/1400 5600/5600/1400
f 5597/5597/1400 5598/5598/1400 5599/5599/1400
f 5601/5601/1401 5603/5603/1401 5602/5602/1401
f 5601/5601/1401 5604/5604/1401 5603/5603/1401
f 5605/5605/1402 5607/5607/1402 5608/5608/1402
f 5605/5605/1402 5606/5606/1402 5607/5607/1402
f 5609/5609/1403 5611/5611/1403 5610/5610/1403
f 5609/5609/1403 5612/5612/1403 5611/5611/1403
f 5613/5613/1404 5615/5615/1404 5616/5616/1404
f 5613/5613/1404 5614/5614/1404 5615/5615/1404
f 5617/5617/1405 5619/5619/1405 5618/5618/1405
f 5617/5617/1405 5620/5620/1405 5619/5619/1405
f 5621/5621/1406 5623/5623/1406 5624/5624/1406
f 5621/5621/1406 5622/5622/1406 5623/5623/1406
f 5625/5625/1407 5627/5627/1407 5626/5626/1407
f 5625/5625/1407 5628/5628/1407 5627/5627/1407
f 5629/5629/1408 5631/5631/1408 5632/5632/1408
f 5629/5629/1408 5630/5630/1408 5631/5631/1408
f 5633/5633/1409 5635/5635/1409 5634/5634/1409
f 5633/5633/1409 5636/5636/1409 5635/5635/1409
f 5637/5637/1410 5639/5639/1410 5640/5640/1410
f 5637/5637/1410 5638/5638/1410 5639/5639/1410
f 5641/5641/1411 5643/5643/1411 5642/5642/1411
f 5641/5641/1411 5644/5644/1411 5643/5643/1411
f 5645/5645/1412 5647/5647/1412 5648/5648/1412
f 5645/5645/1412 5646/5646/1412 5647/5647/1412
f 5649/5649/1413 5651/5651/1413 5650/5650/1413
f 5649/5649/1413 5652/5652/1413 5651/5651/1413
f 5653/5653/1414 5655/5655/1414 5656/5656/1414
f 5653/5653/1414 5654/5654/1414 5655/5655/1414
f 5657/5657/1415 5659/5659/1415 5658/5658/1415
f 5657/5657/1415 5660/5660/1415 5659/5659/1415
f 5661/5661/1416 5663/5663/1416 5664/5664/1416
f 5661/5661/1416 5662/5662/1416 5663/5663/1416
f 5665/5665/1417 5667/5667/1417 5666/5666/1417
f 5665/5665/1417 5668/5668/1417 5667/5667/1417
f 5669/5669/1418 5671/5671/1418 5672/5672/1418
f 5669/5669/1418 5670/5670/1418 5671/5671/1418
f 5673/5673/1419 5675/5675/1419 5674/5674/1419
f 5673/5673/1419 5676/5676/1419 5675/5675/1419
f 5677/5677/1420 5679/5679/1420 5680/5680/1420
f 5677/5677/1420 5678/5678/1420 5679/5679/1420
f 5681/5681/1421 5683/5683/1421 5682/5682/1421
f 5681/5681/1421 5684/5684/1421 5683/5683/1421
f 5685/5685/1422 5687/5687/1422 5688/5688/1422
f 5685/5685/1422 5686/5686/1422 5687/5687/1422
f 5689/5689/1423 5691/5691/1423 5690/5690/1423
f 5689/5689/1423 5692/5692/1423 5691/5691/1423
f 5693/5693/1424 5695/5695/1424 5696/5696/1424
f 5693/5693/1424 5694/5694/1424 5695/5695/1424
f 5697/5697/1425 5699/5699/1425 5698/5698/1425
f 5697/5697/1425 5700/5700/1425 5699/5699/1425
f 5701/5701/1426 5703/5703/1426 5704/5704/1426
f 5701/5701/1426 5702/5702/1426 5703/5703/1426
f 5705/5705/1427 5707/5707/1427 5706/5706/1427
f 5705/5705/1427 5708/5708/1427 5707/5707/1427
f 5709/5709/1428 5711/5711/1428 5712/5712/1428
f 5709/5709/1428 5710/5710/1428 5711/5711/1428
f 5713/5713/1429 5715/5715/1429 5714/5714/1429
f 5713/5713/1429 5716/5716/1429 5715/5715/1429
f 5717/5717/1430 5719/5719/1430 5720/5720/1430
f 5717/5717/1430 5718/5718/1430 5719/5719/1430
f 5721/5721/1431 5723/5723/1431 5722/5722/1431
f 5721/5721/1431 5724/5724/1431 5723/5723/1431
f 5725/5725/1432 5727/5727/1432 5728/5728/1432
f 5725/5725/1432 5726/5726/1432 5727/5727/1432
f 5729/5729/1433 5731/5731/1433 5730/5730/1433
f 5729/5729/1433 5732/5732/1433 5731/5731/1433
f 5733/5733/1434 5735/5735/1434 5736/5736/1434
f 5733/5733/1434 5734/5734/1434 5735/5735/1434
f 5737/5737/1435 5739/5739/1435 5738/5738/1435
f 5737/5737/1435 5740/5740/1435 5739/5739/1435
f 5741/5741/1436 5743/5743/1436 5744/5744/1436
f 5741/5741/1436 5742/5742/1436 5743/5743/1436
f 5745/5745/1437 5747/5747/1437 5746/5746/1437
f 5745/5745/1437 5748/5748/1437 5747/5747/1437
f 5749/5749/1438 5751/5751/1438 5752/5752/1438
f 5749/5749/1438 5750/5750/1438 5751/5751/1438
f 5753/5753/1439 5755/5755/1439 5754/5754/1439
f 5753/5753/1439 5756/5756/1439 5755/5755/1439
f 5757/5757/1440 5759/5759/1440 5760/5760/1440
f 5757/5757/1440 5758/5758/1440 5759/5759/1440
f 5761/5761/1441 5763/5763/1441 5762/5762/1441
f 5761/5761/1441 5764/5764/1441 5763/5763/1441
f 5765/5765/1442 5767/5767/1442 5768/5768/1442
f 5765/5765/1442 5766/5766/1442 5767/5767/1442
f 5769/5769/1443 5771/5771/1443 5770/5770/1443
f 5769/5769/1443 5772/5772/1443 5771/5771/1443
f 5773/5773/1444 5775/5775/1444 5776/5776/1444
f 5773/5773/1444 5774/5774/1444 5775/5775/1444
f 5777/5777/1445 5779/5779/1445 5778/5778/1445
f 5777/5777/1445 5780/5780/1445 5779/5779/1445
f 5781/5781/1446 5783/5783/1446 5784/5784/1446
f 5781/5781/1446 5782/5782/1446 5783/5783/1446
f 5785/5785/1447 5787/5787/1447 5786/5786/1447
f 5785/5785/1447 5788/5788/1447 5787/5787/1447
f 5789/5789/1448 5791/5791/1448 5792/5792/1448
f 5789/5789/1448 5790/5790/1448 5791/5791/1448
f 5793/5793/1449 5795/5795/1449 5794/5794/1449
f 5793/5793/1449 5796/5796/1449 5795/5795/1449
f 5797/5797/1450 5799/5799/1450 5800/5800/1450
f 5797/5797/1450 5798/5798/1450 5799/5799/1450
f 5801/5801/1451 5803/5803/1451 5802/5802/1451
f 5801/5801/1451 5804/5804/1451 5803/5803/1451
f 5805/5805/1452 5807/5807/1452 5808/5808/1452
f 5805/5805/1452 5806/5806/1452 5807/5807/1452
f 5809/5809/1453 5811/5811/1453 5810/5810/1453
f 5809/5809/1453 5812/5812/1453 5811/5811/1453
f 5813/5813/1454 5815/5815/1454 5816/5816/1454
f 5813/5813/1454 5814/5814/1454 5815/5815/1454
f 5817/5817/1455 5819/5819/1455 5818/5818/1455
f 5817/5817/1455 5820/5820/1455 5819/5819/1455
f 5821/5821/1456 5823/5823/1456 5824/5824/1456
f 5821/5821/1456 5822/5822/1456 5823/5823/1456
f 5825/5825/1457 5827/5827/1457 5826/5826/1457
f 5825/5825/1457 5828/5828/1457 5827/5827/1457
f 5829/5829/1458 5831/5831/1458 5832/5832/1458
f 5829/5829/1458 5830/5830/1458 5831/5831/1458
f 5833/5833/1459 5835/5835/1459 5834/5834/1459
f 5833/5833/1459 5836/5836/1459 5835/5835/1459
f 5837/5837/1460 5839/5839/1460 5840/5840/1460
f 5837/5837/1460 5838/5838/1460 5839/5839/1460
f 5841/5841/1461 5843/5843/1461 5842/5842/1461
f 5841/5841/1461 5844/5844/1461 5843/5843/1461
f 5845/5845/1462 5847/5847/1462 5848/5848/1462
f 5845/5845/1462 5846/5846/1462 5847/5847/1462
f 5849/5849/1463 5851/5851/1463 5850/5850/1463
f 5849/5849/1463 5852/5852/1463 5851/5851/1463
f 5853/5853/1464 5855/5855/1464 5856/5856/1464
f 5853/5853/1464 5854/5854/1464 5855/5855/1464
f 5857/5857/1465 5859/5859/1465 5858/5858/1465
f 5857/5857/1465 5860/5860/1465 5859/5859/1465
f 5861/5861/1466 5863/5863/1466 5864/5864/1466
f 5861/5861/1466 5862/5862/1466 5863/5863/1466
f 5865/5865/1467 5867/5867/1467 5866/5866/1467
f 5865/5865/1467 5868/5868/1467 5867/5867/1467
f 5869/5869/1468 5871/5871/1468 5872/5872/1468
f 5869/5869/1468 5870/5870/1468 5871/5871/1468
f 5873/5873/1469 5875/5875/1469 5874/5874/1469
f 5873/5873/1469 5876/5876/1469 5875/5875/1469
f 5877/5877/1470 5879/5879/1470 5880/5880/1470
f 5877/5877/1470 5878/5878/1470 5879/5879/1470
f 5881/5881/1471 5883/5883/1471 5882/5882/1471
f 5881/5881/1471 5884/5884/1471 5883/5883/1471
f 5885/5885/1472 5887/5887/1472 5888/5888/1472
f 5885/5885/1472 5886/5886/1472 5887/5887/1472
f 5889/5889/1473 5891/5891/1473 5890/5890/1473
f 5889/5889/1473 5892/5892/1473 5891/5891/1473
f 5893/5893/1474 5895/5895/1474 5896/5896/1474
f 5893/5893/1474 5894/5894/1474 5895/5895/1474
f 5897/5897/1475 5899/5899/1475 5898/5898/1475
f 5897/5897/1475 5900/5900/1475 5899/5899/1475
f 5901/5901/1476 5903/5903/1476 5904/5904/1476
f 5901/5901/1476 5902/5902/1476 5903/5903/1476
