# Original editable civilian study; centimeters, front -Y, Z up.
mtllib PilgrimStudyV1.mtl
o SandalSoleL
usemtl Leather
s 1
v -4.2000000 4.1000000 0.0000000
v -4.2467843 2.4574381 0.0000000
v -4.3859852 0.8553216 0.0000000
v -4.6141752 -0.6669002 0.0000000
v -4.9257354 -2.0717451 0.0000000
v -5.3129942 -3.3246212 0.0000000
v -5.7664160 -4.3946784 0.0000000
v -6.2748361 -5.2555685 0.0000000
v -6.8257354 -5.8860934 0.0000000
v -7.4055490 -6.2707276 0.0000000
v -8.0000000 -6.4000000 0.0000000
v -8.5944510 -6.2707276 0.0000000
v -9.1742646 -5.8860934 0.0000000
v -9.7251639 -5.2555685 0.0000000
v -10.2335840 -4.3946784 0.0000000
v -10.6870058 -3.3246212 0.0000000
v -11.0742646 -2.0717451 0.0000000
v -11.3858248 -0.6669002 0.0000000
v -11.6140148 0.8553216 0.0000000
v -11.7532157 2.4574381 0.0000000
v -11.8000000 4.1000000 0.0000000
v -11.7532157 5.7425619 0.0000000
v -11.6140148 7.3446784 0.0000000
v -11.3858248 8.8669002 0.0000000
v -11.0742646 10.2717451 0.0000000
v -10.6870058 11.5246212 0.0000000
v -10.2335840 12.5946784 0.0000000
v -9.7251639 13.4555685 0.0000000
v -9.1742646 14.0860934 0.0000000
v -8.5944510 14.4707276 0.0000000
v -8.0000000 14.6000000 0.0000000
v -7.4055490 14.4707276 0.0000000
v -6.8257354 14.0860934 0.0000000
v -6.2748361 13.4555685 0.0000000
v -5.7664160 12.5946784 0.0000000
v -5.3129942 11.5246212 0.0000000
v -4.9257354 10.2717451 0.0000000
v -4.6141752 8.8669002 0.0000000
v -4.3859852 7.3446784 0.0000000
v -4.2467843 5.7425619 0.0000000
v -3.6000000 4.1000000 0.6000000
v -3.6541713 2.3792209 0.6000000
v -3.8153513 0.7008131 0.6000000
v -4.0795713 -0.8938955 0.6000000
v -4.4403252 -2.3656378 0.6000000
v -4.8887302 -3.6781746 0.6000000
v -5.4137449 -4.7991869 0.6000000
v -6.0024418 -5.7010718 0.6000000
v -6.6403252 -6.3616217 0.6000000
v -7.3116884 -6.7645717 0.6000000
v -8.0000000 -6.9000000 0.6000000
v -8.6883116 -6.7645717 0.6000000
v -9.3596748 -6.3616217 0.6000000
v -9.9975582 -5.7010718 0.6000000
v -10.5862551 -4.7991869 0.6000000
v -11.1112698 -3.6781746 0.6000000
v -11.5596748 -2.3656378 0.6000000
v -11.9204287 -0.8938955 0.6000000
v -12.1846487 0.7008131 0.6000000
v -12.3458287 2.3792209 0.6000000
v -12.4000000 4.1000000 0.6000000
v -12.3458287 5.8207791 0.6000000
v -12.1846487 7.4991869 0.6000000
v -11.9204287 9.0938955 0.6000000
v -11.5596748 10.5656378 0.6000000
v -11.1112698 11.8781746 0.6000000
v -10.5862551 12.9991869 0.6000000
v -9.9975582 13.9010718 0.6000000
v -9.3596748 14.5616217 0.6000000
v -8.6883116 14.9645717 0.6000000
v -8.0000000 15.1000000 0.6000000
v -7.3116884 14.9645717 0.6000000
v -6.6403252 14.5616217 0.6000000
v -6.0024418 13.9010718 0.6000000
v -5.4137449 12.9991869 0.6000000
v -4.8887302 11.8781746 0.6000000
v -4.4403252 10.5656378 0.6000000
v -4.0795713 9.0938955 0.6000000
v -3.8153513 7.4991869 0.6000000
v -3.6541713 5.8207791 0.6000000
v -3.6000000 4.1000000 1.9000000
v -3.6541713 2.3792209 1.9000000
v -3.8153513 0.7008131 1.9000000
v -4.0795713 -0.8938955 1.9000000
v -4.4403252 -2.3656378 1.9000000
v -4.8887302 -3.6781746 1.9000000
v -5.4137449 -4.7991869 1.9000000
v -6.0024418 -5.7010718 1.9000000
v -6.6403252 -6.3616217 1.9000000
v -7.3116884 -6.7645717 1.9000000
v -8.0000000 -6.9000000 1.9000000
v -8.6883116 -6.7645717 1.9000000
v -9.3596748 -6.3616217 1.9000000
v -9.9975582 -5.7010718 1.9000000
v -10.5862551 -4.7991869 1.9000000
v -11.1112698 -3.6781746 1.9000000
v -11.5596748 -2.3656378 1.9000000
v -11.9204287 -0.8938955 1.9000000
v -12.1846487 0.7008131 1.9000000
v -12.3458287 2.3792209 1.9000000
v -12.4000000 4.1000000 1.9000000
v -12.3458287 5.8207791 1.9000000
v -12.1846487 7.4991869 1.9000000
v -11.9204287 9.0938955 1.9000000
v -11.5596748 10.5656378 1.9000000
v -11.1112698 11.8781746 1.9000000
v -10.5862551 12.9991869 1.9000000
v -9.9975582 13.9010718 1.9000000
v -9.3596748 14.5616217 1.9000000
v -8.6883116 14.9645717 1.9000000
v -8.0000000 15.1000000 1.9000000
v -7.3116884 14.9645717 1.9000000
v -6.6403252 14.5616217 1.9000000
v -6.0024418 13.9010718 1.9000000
v -5.4137449 12.9991869 1.9000000
v -4.8887302 11.8781746 1.9000000
v -4.4403252 10.5656378 1.9000000
v -4.0795713 9.0938955 1.9000000
v -3.8153513 7.4991869 1.9000000
v -3.6541713 5.8207791 1.9000000
v -3.9000000 4.1000000 2.3000000
v -3.9504778 2.4574381 2.3000000
v -4.1006683 0.8553216 2.3000000
v -4.3468733 -0.6669002 2.3000000
v -4.6830303 -2.0717451 2.3000000
v -5.1008622 -3.3246212 2.3000000
v -5.5900805 -4.3946784 2.3000000
v -6.1386390 -5.2555685 2.3000000
v -6.7330303 -5.8860934 2.3000000
v -7.3586187 -6.2707276 2.3000000
v -8.0000000 -6.4000000 2.3000000
v -8.6413813 -6.2707276 2.3000000
v -9.2669697 -5.8860934 2.3000000
v -9.8613610 -5.2555685 2.3000000
v -10.4099195 -4.3946784 2.3000000
v -10.8991378 -3.3246212 2.3000000
v -11.3169697 -2.0717451 2.3000000
v -11.6531267 -0.6669002 2.3000000
v -11.8993317 0.8553216 2.3000000
v -12.0495222 2.4574381 2.3000000
v -12.1000000 4.1000000 2.3000000
v -12.0495222 5.7425619 2.3000000
v -11.8993317 7.3446784 2.3000000
v -11.6531267 8.8669002 2.3000000
v -11.3169697 10.2717451 2.3000000
v -10.8991378 11.5246212 2.3000000
v -10.4099195 12.5946784 2.3000000
v -9.8613610 13.4555685 2.3000000
v -9.2669697 14.0860934 2.3000000
v -8.6413813 14.4707276 2.3000000
v -8.0000000 14.6000000 2.3000000
v -7.3586187 14.4707276 2.3000000
v -6.7330303 14.0860934 2.3000000
v -6.1386390 13.4555685 2.3000000
v -5.5900805 12.5946784 2.3000000
v -5.1008622 11.5246212 2.3000000
v -4.6830303 10.2717451 2.3000000
v -4.3468733 8.8669002 2.3000000
v -4.1006683 7.3446784 2.3000000
v -3.9504778 5.7425619 2.3000000
v -8.0000000 4.1000000 0.0000000
v -8.0000000 4.1000000 2.3000000
vn 0.19049194 -0.00206141 -0.98168660
vn 0.18831657 -0.01327967 -0.98201859
vn 0.18265979 -0.02444771 -0.98287217
vn 0.17327950 -0.03547299 -0.98423365
vn 0.15985390 -0.04619051 -0.98605941
vn 0.14206892 -0.05633738 -0.98825226
vn 0.11974484 -0.06554184 -0.99063891
vn 0.09298974 -0.07333877 -0.99296240
vn 0.06234234 -0.07922214 -0.99490567
vn 0.02884285 -0.08273389 -0.99615420
vn -0.00602888 -0.08356826 -0.99648382
vn -0.04056272 -0.08165255 -0.99583509
vn -0.07311437 -0.07716722 -0.99433370
vn -0.10237523 -0.07049516 -0.99224480
vn -0.12751956 -0.06212510 -0.98988850
vn -0.14820272 -0.05255056 -0.98755982
vn -0.16445110 -0.04219627 -0.98548227
vn -0.17650936 -0.03138331 -0.98379852
vn -0.18469677 -0.02032698 -0.98258532
vn -0.18929787 -0.00915547 -0.98187703
vn -0.19049194 0.00206141 -0.98168660
vn -0.18831657 0.01327967 -0.98201859
vn -0.18265979 0.02444771 -0.98287217
vn -0.17327950 0.03547299 -0.98423365
vn -0.15985390 0.04619051 -0.98605941
vn -0.14206892 0.05633738 -0.98825226
vn -0.11974484 0.06554184 -0.99063891
vn -0.09298974 0.07333877 -0.99296240
vn -0.06234234 0.07922214 -0.99490567
vn -0.02884285 0.08273389 -0.99615420
vn 0.00602888 0.08356826 -0.99648382
vn 0.04056272 0.08165255 -0.99583509
vn 0.07311437 0.07716722 -0.99433370
vn 0.10237523 0.07049516 -0.99224480
vn 0.12751956 0.06212510 -0.98988850
vn 0.14820272 0.05255056 -0.98755982
vn 0.16445110 0.04219627 -0.98548227
vn 0.17650936 0.03138331 -0.98379852
vn 0.18469677 0.02032698 -0.98258532
vn 0.18929787 0.00915547 -0.98187703
vn 0.95470745 -0.00414217 -0.29751727
vn 0.95227929 -0.06398428 -0.29844627
vn 0.94676351 -0.12638774 -0.29608276
vn 0.93689466 -0.19417579 -0.29073039
vn 0.92009988 -0.27080277 -0.28298776
vn 0.89157401 -0.36070826 -0.27383452
vn 0.84233109 -0.46946294 -0.26473170
vn 0.75538906 -0.60252066 -0.25759703
vn 0.60043659 -0.75822481 -0.25410833
vn 0.33863853 -0.90620813 -0.25320104
vn -0.02466040 -0.96822107 -0.24887713
vn -0.38059052 -0.89337527 -0.23881267
vn -0.62953114 -0.74178076 -0.23119656
vn -0.77518619 -0.58770257 -0.23171546
vn -0.85665681 -0.45703592 -0.23928493
vn -0.90251906 -0.35008827 -0.25079384
vn -0.92857707 -0.26132099 -0.26354499
vn -0.94322543 -0.18534526 -0.27563188
vn -0.95101072 -0.11789972 -0.28579409
vn -0.95441777 -0.05565471 -0.29323928
vn -0.95470745 0.00414217 -0.29751727
vn -0.95227929 0.06398428 -0.29844627
vn -0.94676351 0.12638774 -0.29608276
vn -0.93689466 0.19417579 -0.29073039
vn -0.92009988 0.27080277 -0.28298776
vn -0.89157401 0.36070826 -0.27383452
vn -0.84233109 0.46946294 -0.26473170
vn -0.75538906 0.60252066 -0.25759703
vn -0.60043659 0.75822481 -0.25410833
vn -0.33863853 0.90620813 -0.25320104
vn 0.02466040 0.96822107 -0.24887713
vn 0.38059052 0.89337527 -0.23881267
vn 0.62953114 0.74178076 -0.23119656
vn 0.77518619 0.58770257 -0.23171546
vn 0.85665681 0.45703592 -0.23928493
vn 0.90251906 0.35008827 -0.25079384
vn 0.92857707 0.26132099 -0.26354499
vn 0.94322543 0.18534526 -0.27563188
vn 0.95101072 0.11789972 -0.28579409
vn 0.95441777 0.05565471 -0.29323928
vn 0.98515216 0.00565895 0.17159019
vn 0.98366321 -0.05642981 0.17094548
vn 0.97782610 -0.12068417 0.17114746
vn 0.96655275 -0.18971423 0.17258127
vn 0.94758752 -0.26669395 0.17593248
vn 0.91666101 -0.35568518 0.18226530
vn 0.86572963 -0.46176659 0.19309021
vn 0.77958283 -0.58996922 0.21020686
vn 0.63102873 -0.73946617 0.23450484
vn 0.38368727 -0.88555919 0.26185682
vn 0.03418778 -0.95997413 0.27799435
vn -0.32633728 -0.90589694 0.26991612
vn -0.59348965 -0.76626638 0.24618260
vn -0.75688044 -0.61462220 0.22219710
vn -0.85181564 -0.48246633 0.20404988
vn -0.90781133 -0.37299352 0.19171442
vn -0.94180950 -0.28153483 0.18366548
vn -0.96280109 -0.20287811 0.17847838
vn -0.97555128 -0.13278080 0.17512558
vn -0.98258505 -0.06793632 0.17294878
vn -0.98515216 -0.00565895 0.17159019
vn -0.98366321 0.05642981 0.17094548
vn -0.97782610 0.12068417 0.17114746
vn -0.96655275 0.18971423 0.17258127
vn -0.94758752 0.26669395 0.17593248
vn -0.91666101 0.35568518 0.18226530
vn -0.86572963 0.46176659 0.19309021
vn -0.77958283 0.58996922 0.21020686
vn -0.63102873 0.73946617 0.23450484
vn -0.38368727 0.88555919 0.26185682
vn -0.03418778 0.95997413 0.27799435
vn 0.32633728 0.90589694 0.26991612
vn 0.59348965 0.76626638 0.24618260
vn 0.75688044 0.61462220 0.22219710
vn 0.85181564 0.48246633 0.20404988
vn 0.90781133 0.37299352 0.19171442
vn 0.94180950 0.28153483 0.18366548
vn 0.96280109 0.20287811 0.17847838
vn 0.97555128 0.13278080 0.17512558
vn 0.98258505 0.06793632 0.17294878
vn 0.13258905 0.00143481 0.99117006
vn 0.13158800 -0.00675342 0.99128149
vn 0.12759399 -0.01481304 0.99171586
vn 0.12063869 -0.02258638 0.99243950
vn 0.11078801 -0.02990707 0.99339397
vn 0.09816093 -0.03659849 0.99449735
vn 0.08295192 -0.04247650 0.99564789
vn 0.06545197 -0.04735708 0.99673133
vn 0.04606174 -0.05106878 0.99763234
vn 0.02529119 -0.05346828 0.99824922
vn 0.00374156 -0.05445615 0.99850915
vn -0.01792947 -0.05398933 0.99838053
vn -0.03905420 -0.05208688 0.99787861
vn -0.05900346 -0.04882762 0.99706291
vn -0.07722736 -0.04434017 0.99602705
vn -0.09328087 -0.03878815 0.99488399
vn -0.10683140 -0.03235393 0.99375061
vn -0.11765067 -0.02522461 0.99273463
vn -0.12559611 -0.01758209 0.99192565
vn -0.13058812 -0.00959827 0.99139024
vn -0.13258905 -0.00143481 0.99117006
vn -0.13158800 0.00675342 0.99128149
vn -0.12759399 0.01481304 0.99171586
vn -0.12063869 0.02258638 0.99243950
vn -0.11078801 0.02990707 0.99339397
vn -0.09816093 0.03659849 0.99449735
vn -0.08295192 0.04247650 0.99564789
vn -0.06545197 0.04735708 0.99673133
vn -0.04606174 0.05106878 0.99763234
vn -0.02529119 0.05346828 0.99824922
vn -0.00374156 0.05445615 0.99850915
vn 0.01792947 0.05398933 0.99838053
vn 0.03905420 0.05208688 0.99787861
vn 0.05900346 0.04882762 0.99706291
vn 0.07722736 0.04434017 0.99602705
vn 0.09328087 0.03878815 0.99488399
vn 0.10683140 0.03235393 0.99375061
vn 0.11765067 0.02522461 0.99273463
vn 0.12559611 0.01758209 0.99192565
vn 0.13058812 0.00959827 0.99139024
vn 0.00000000 -0.00000000 -1.00000000
vn 0.00000000 -0.00000000 1.00000000
vt 0 0
vt 0.16432280 0
vt 0.17045413 0.08447182
vt 0 0
vt 0.19023695 0
vt 0.03613899 0.07677222
vt 0 0
vt 0.16081525 0
vt 0.17126872 0.08358041
vt 0 0
vt 0.19057455 0
vt 0.03951583 0.07491048
vt 0 0
vt 0.15392303 0
vt 0.16844625 0.08223356
vt 0 0
vt 0.18744732 0
vt 0.04295175 0.07245762
vt 0 0
vt 0.14389784 0
vt 0.16208012 0.08055659
vt 0 0
vt 0.18099539 0
vt 0.04632970 0.06947547
vt 0 0
vt 0.13113610 0
vt 0.15238567 0.07873027
vt 0 0
vt 0.17152215 0
vt 0.04956097 0.06605807
vt 0 0
vt 0.11621591 0
vt 0.13970138 0.07699658
vt 0 0
vt 0.15951473 0
vt 0.05257150 0.06233969
vt 0 0
vt 0.09998113 0
vt 0.12448962 0.07567068
vt 0 0
vt 0.14568362 0
vt 0.05527099 0.05852486
vt 0 0
vt 0.08372883 0
vt 0.10733958 0.07515034
vt 0 0
vt 0.13103190 0
vt 0.05748166 0.05497797
vt 0 0
vt 0.06957925 0
vt 0.08905742 0.07581240
vt 0 0
vt 0.11695616 0
vt 0.05879473 0.05242347
vt 0 0
vt 0.06083447 0
vt 0.07145940 0.07737642
vt 0 0
vt 0.10532596 0
vt 0.05838703 0.05213323
vt 0 0
vt 0.06083447 0
vt 0.05951205 0.07826347
vt 0 0
vt 0.09832016 0
vt 0.05515510 0.05529842
vt 0 0
vt 0.06957925 0
vt 0.05874254 0.07802311
vt 0 0
vt 0.09766418 0
vt 0.04881134 0.06119127
vt 0 0
vt 0.08372883 0
vt 0.06810231 0.07799058
vt 0 0
vt 0.10353963 0
vt 0.04101464 0.06725207
vt 0 0
vt 0.09998113 0
vt 0.08308472 0.07870548
vt 0 0
vt 0.11444484 0
vt 0.03418563 0.07181964
vt 0 0
vt 0.11621591 0
vt 0.10021537 0.07996238
vt 0 0
vt 0.12820726 0
vt 0.02961631 0.07485262
vt 0 0
vt 0.13113610 0
vt 0.11739224 0.08143136
vt 0 0
vt 0.14287059 0
vt 0.02738074 0.07681338
vt 0 0
vt 0.14389784 0
vt 0.13331174 0.08283246
vt 0 0
vt 0.15694979 0
vt 0.02705167 0.07802670
vt 0 0
vt 0.15392303 0
vt 0.14710252 0.08395499
vt 0 0
vt 0.16937412 0
vt 0.02813830 0.07862263
vt 0 0
vt 0.16081525 0
vt 0.15815251 0.08465218
vt 0 0
vt 0.17938285 0
vt 0.03022265 0.07862284
vt 0 0
vt 0.16432280 0
vt 0.16603106 0.08483562
vt 0 0
vt 0.18644944 0
vt 0.03297495 0.07801111
vt 0 0
vt 0.16432280 0
vt 0.17045413 0.08447182
vt 0 0
vt 0.19023695 0
vt 0.03613899 0.07677222
vt 0 0
vt 0.16081525 0
vt 0.17126872 0.08358041
vt 0 0
vt 0.19057455 0
vt 0.03951583 0.07491048
vt 0 0
vt 0.15392303 0
vt 0.16844625 0.08223356
vt 0 0
vt 0.18744732 0
vt 0.04295175 0.07245762
vt 0 0
vt 0.14389784 0
vt 0.16208012 0.08055659
vt 0 0
vt 0.18099539 0
vt 0.04632970 0.06947547
vt 0 0
vt 0.13113610 0
vt 0.15238567 0.07873027
vt 0 0
vt 0.17152215 0
vt 0.04956097 0.06605807
vt 0 0
vt 0.11621591 0
vt 0.13970138 0.07699658
vt 0 0
vt 0.15951473 0
vt 0.05257150 0.06233969
vt 0 0
vt 0.09998113 0
vt 0.12448962 0.07567068
vt 0 0
vt 0.14568362 0
vt 0.05527099 0.05852486
vt 0 0
vt 0.08372883 0
vt 0.10733958 0.07515034
vt 0 0
vt 0.13103190 0
vt 0.05748166 0.05497797
vt 0 0
vt 0.06957925 0
vt 0.08905742 0.07581240
vt 0 0
vt 0.11695616 0
vt 0.05879473 0.05242347
vt 0 0
vt 0.06083447 0
vt 0.07145940 0.07737642
vt 0 0
vt 0.10532596 0
vt 0.05838703 0.05213323
vt 0 0
vt 0.06083447 0
vt 0.05951205 0.07826347
vt 0 0
vt 0.09832016 0
vt 0.05515510 0.05529842
vt 0 0
vt 0.06957925 0
vt 0.05874254 0.07802311
vt 0 0
vt 0.09766418 0
vt 0.04881134 0.06119127
vt 0 0
vt 0.08372883 0
vt 0.06810231 0.07799058
vt 0 0
vt 0.10353963 0
vt 0.04101464 0.06725207
vt 0 0
vt 0.09998113 0
vt 0.08308472 0.07870548
vt 0 0
vt 0.11444484 0
vt 0.03418563 0.07181964
vt 0 0
vt 0.11621591 0
vt 0.10021537 0.07996238
vt 0 0
vt 0.12820726 0
vt 0.02961631 0.07485262
vt 0 0
vt 0.13113610 0
vt 0.11739224 0.08143136
vt 0 0
vt 0.14287059 0
vt 0.02738074 0.07681338
vt 0 0
vt 0.14389784 0
vt 0.13331174 0.08283246
vt 0 0
vt 0.15694979 0
vt 0.02705167 0.07802670
vt 0 0
vt 0.15392303 0
vt 0.14710252 0.08395499
vt 0 0
vt 0.16937412 0
vt 0.02813830 0.07862263
vt 0 0
vt 0.16081525 0
vt 0.15815251 0.08465218
vt 0 0
vt 0.17938285 0
vt 0.03022265 0.07862284
vt 0 0
vt 0.16432280 0
vt 0.16603106 0.08483562
vt 0 0
vt 0.18644944 0
vt 0.03297495 0.07801111
vt 0 0
vt 0.17216316 0
vt 0.17216316 0.13000000
vt 0 0
vt 0.21573167 0
vt 0.07833806 0.10374560
vt 0 0
vt 0.16861292 0
vt 0.16861292 0.13000000
vt 0 0
vt 0.21290918 0
vt 0.07937657 0.10295319
vt 0 0
vt 0.16164491 0
vt 0.16164491 0.13000000
vt 0 0
vt 0.20743451 0
vt 0.08147150 0.10130348
vt 0 0
vt 0.15153114 0
vt 0.15153114 0.13000000
vt 0 0
vt 0.19965392 0
vt 0.08464647 0.09866598
vt 0 0
vt 0.13870183 0
vt 0.13870183 0.13000000
vt 0 0
vt 0.19010050 0
vt 0.08890035 0.09485109
vt 0 0
vt 0.12378648 0
vt 0.12378648 0.13000000
vt 0 0
vt 0.17950791 0
vt 0.09414627 0.08964642
vt 0 0
vt 0.10770145 0
vt 0.10770145 0.13000000
vt 0 0
vt 0.16881825 0
vt 0.10010766 0.08293646
vt 0 0
vt 0.09182709 0
vt 0.09182709 0.13000000
vt 0 0
vt 0.15916097 0
vt 0.10618181 0.07500282
vt 0 0
vt 0.07830052 0
vt 0.07830052 0.13000000
vt 0 0
vt 0.15175959 0
vt 0.11136035 0.06707364
vt 0 0
vt 0.07015082 0
vt 0.07015082 0.13000000
vt 0 0
vt 0.14771979 0
vt 0.11440579 0.06173585
vt 0 0
vt 0.07015082 0
vt 0.07015082 0.13000000
vt 0 0
vt 0.14771979 0
vt 0.11440579 0.06173585
vt 0 0
vt 0.07830052 0
vt 0.07830052 0.13000000
vt 0 0
vt 0.15175959 0
vt 0.11136035 0.06707364
vt 0 0
vt 0.09182709 0
vt 0.09182709 0.13000000
vt 0 0
vt 0.15916097 0
vt 0.10618181 0.07500282
vt 0 0
vt 0.10770145 0
vt 0.10770145 0.13000000
vt 0 0
vt 0.16881825 0
vt 0.10010766 0.08293646
vt 0 0
vt 0.12378648 0
vt 0.12378648 0.13000000
vt 0 0
vt 0.17950791 0
vt 0.09414627 0.08964642
vt 0 0
vt 0.13870183 0
vt 0.13870183 0.13000000
vt 0 0
vt 0.19010050 0
vt 0.08890035 0.09485109
vt 0 0
vt 0.15153114 0
vt 0.15153114 0.13000000
vt 0 0
vt 0.19965392 0
vt 0.08464647 0.09866598
vt 0 0
vt 0.16164491 0
vt 0.16164491 0.13000000
vt 0 0
vt 0.20743451 0
vt 0.08147150 0.10130348
vt 0 0
vt 0.16861292 0
vt 0.16861292 0.13000000
vt 0 0
vt 0.21290918 0
vt 0.07937657 0.10295319
vt 0 0
vt 0.17216316 0
vt 0.17216316 0.13000000
vt 0 0
vt 0.21573167 0
vt 0.07833806 0.10374560
vt 0 0
vt 0.17216316 0
vt 0.17216316 0.13000000
vt 0 0
vt 0.21573167 0
vt 0.07833806 0.10374560
vt 0 0
vt 0.16861292 0
vt 0.16861292 0.13000000
vt 0 0
vt 0.21290918 0
vt 0.07937657 0.10295319
vt 0 0
vt 0.16164491 0
vt 0.16164491 0.13000000
vt 0 0
vt 0.20743451 0
vt 0.08147150 0.10130348
vt 0 0
vt 0.15153114 0
vt 0.15153114 0.13000000
vt 0 0
vt 0.19965392 0
vt 0.08464647 0.09866598
vt 0 0
vt 0.13870183 0
vt 0.13870183 0.13000000
vt 0 0
vt 0.19010050 0
vt 0.08890035 0.09485109
vt 0 0
vt 0.12378648 0
vt 0.12378648 0.13000000
vt 0 0
vt 0.17950791 0
vt 0.09414627 0.08964642
vt 0 0
vt 0.10770145 0
vt 0.10770145 0.13000000
vt 0 0
vt 0.16881825 0
vt 0.10010766 0.08293646
vt 0 0
vt 0.09182709 0
vt 0.09182709 0.13000000
vt 0 0
vt 0.15916097 0
vt 0.10618181 0.07500282
vt 0 0
vt 0.07830052 0
vt 0.07830052 0.13000000
vt 0 0
vt 0.15175959 0
vt 0.11136035 0.06707364
vt 0 0
vt 0.07015082 0
vt 0.07015082 0.13000000
vt 0 0
vt 0.14771979 0
vt 0.11440579 0.06173585
vt 0 0
vt 0.07015082 0
vt 0.07015082 0.13000000
vt 0 0
vt 0.14771979 0
vt 0.11440579 0.06173585
vt 0 0
vt 0.07830052 0
vt 0.07830052 0.13000000
vt 0 0
vt 0.15175959 0
vt 0.11136035 0.06707364
vt 0 0
vt 0.09182709 0
vt 0.09182709 0.13000000
vt 0 0
vt 0.15916097 0
vt 0.10618181 0.07500282
vt 0 0
vt 0.10770145 0
vt 0.10770145 0.13000000
vt 0 0
vt 0.16881825 0
vt 0.10010766 0.08293646
vt 0 0
vt 0.12378648 0
vt 0.12378648 0.13000000
vt 0 0
vt 0.17950791 0
vt 0.09414627 0.08964642
vt 0 0
vt 0.13870183 0
vt 0.13870183 0.13000000
vt 0 0
vt 0.19010050 0
vt 0.08890035 0.09485109
vt 0 0
vt 0.15153114 0
vt 0.15153114 0.13000000
vt 0 0
vt 0.19965392 0
vt 0.08464647 0.09866598
vt 0 0
vt 0.16164491 0
vt 0.16164491 0.13000000
vt 0 0
vt 0.20743451 0
vt 0.08147150 0.10130348
vt 0 0
vt 0.16861292 0
vt 0.16861292 0.13000000
vt 0 0
vt 0.21290918 0
vt 0.07937657 0.10295319
vt 0 0
vt 0.17216316 0
vt 0.17216316 0.13000000
vt 0 0
vt 0.21573167 0
vt 0.07833806 0.10374560
vt 0 0
vt 0.17216316 0
vt 0.16527764 0.04991738
vt 0 0
vt 0.17265122 0
vt 0.01535717 0.04758316
vt 0 0
vt 0.16861292 0
vt 0.15596022 0.04992690
vt 0 0
vt 0.16375679 0
vt 0.01057085 0.04926877
vt 0 0
vt 0.16164491 0
vt 0.14361992 0.05004869
vt 0 0
vt 0.15209061 0
vt 0.00659665 0.05108102
vt 0 0
vt 0.15153114 0
vt 0.12876504 0.05034373
vt 0 0
vt 0.13825674 0
vt 0.00390140 0.05305234
vt 0 0
vt 0.13870183 0
vt 0.11210299 0.05091662
vt 0 0
vt 0.12312426 0
vt 0.00312510 0.05516358
vt 0 0
vt 0.12378648 0
vt 0.09463303 0.05193544
vt 0 0
vt 0.10794767 0
vt 0.00513735 0.05721545
vt 0 0
vt 0.10770145 0
vt 0.07783985 0.05365177
vt 0 0
vt 0.09453864 0
vt 0.01091769 0.05854927
vt 0 0
vt 0.09182709 0
vt 0.06406022 0.05635791
vt 0 0
vt 0.08532248 0
vt 0.02075377 0.05778849
vt 0 0
vt 0.07830052 0
vt 0.05691021 0.06002749
vt 0 0
vt 0.08271682 0
vt 0.03261878 0.05369571
vt 0 0
vt 0.07015082 0
vt 0.06049817 0.06329950
vt 0 0
vt 0.08756058 0
vt 0.04252420 0.04746091
vt 0 0
vt 0.07015082 0
vt 0.07507988 0.06353385
vt 0 0
vt 0.09835414 0
vt 0.04825788 0.04208536
vt 0 0
vt 0.07830052 0
vt 0.09482345 0.06061523
vt 0 0
vt 0.11254196 0
vt 0.05035231 0.03905752
vt 0 0
vt 0.09182709 0
vt 0.11441293 0.05709735
vt 0 0
vt 0.12786879 0
vt 0.05000835 0.03803129
vt 0 0
vt 0.10770145 0
vt 0.13193621 0.05440487
vt 0 0
vt 0.14271319 0
vt 0.04805723 0.03821951
vt 0 0
vt 0.12378648 0
vt 0.14680719 0.05263123
vt 0 0
vt 0.15595639 0
vt 0.04496783 0.03905263
vt 0 0
vt 0.13870183 0
vt 0.15866658 0.05151888
vt 0 0
vt 0.16682110 0
vt 0.04102137 0.04021501
vt 0 0
vt 0.15153114 0
vt 0.16721427 0.05083120
vt 0 0
vt 0.17476963 0
vt 0.03642310 0.04154689
vt 0 0
vt 0.16164491 0
vt 0.17222424 0.05040698
vt 0 0
vt 0.17944931 0
vt 0.03135722 0.04297088
vt 0 0
vt 0.16861292 0
vt 0.17356638 0.05014597
vt 0 0
vt 0.18066518 0
vt 0.02601317 0.04445336
vt 0 0
vt 0.17216316 0
vt 0.17121921 0.04999109
vt 0 0
vt 0.17836795 0
vt 0.02059985 0.04598697
vt 0 0
vt 0.17216316 0
vt 0.16527764 0.04991738
vt 0 0
vt 0.17265122 0
vt 0.01535717 0.04758316
vt 0 0
vt 0.16861292 0
vt 0.15596022 0.04992690
vt 0 0
vt 0.16375679 0
vt 0.01057085 0.04926877
vt 0 0
vt 0.16164491 0
vt 0.14361992 0.05004869
vt 0 0
vt 0.15209061 0
vt 0.00659665 0.05108102
vt 0 0
vt 0.15153114 0
vt 0.12876504 0.05034373
vt 0 0
vt 0.13825674 0
vt 0.00390140 0.05305234
vt 0 0
vt 0.13870183 0
vt 0.11210299 0.05091662
vt 0 0
vt 0.12312426 0
vt 0.00312510 0.05516358
vt 0 0
vt 0.12378648 0
vt 0.09463303 0.05193544
vt 0 0
vt 0.10794767 0
vt 0.00513735 0.05721545
vt 0 0
vt 0.10770145 0
vt 0.07783985 0.05365177
vt 0 0
vt 0.09453864 0
vt 0.01091769 0.05854927
vt 0 0
vt 0.09182709 0
vt 0.06406022 0.05635791
vt 0 0
vt 0.08532248 0
vt 0.02075377 0.05778849
vt 0 0
vt 0.07830052 0
vt 0.05691021 0.06002749
vt 0 0
vt 0.08271682 0
vt 0.03261878 0.05369571
vt 0 0
vt 0.07015082 0
vt 0.06049817 0.06329950
vt 0 0
vt 0.08756058 0
vt 0.04252420 0.04746091
vt 0 0
vt 0.07015082 0
vt 0.07507988 0.06353385
vt 0 0
vt 0.09835414 0
vt 0.04825788 0.04208536
vt 0 0
vt 0.07830052 0
vt 0.09482345 0.06061523
vt 0 0
vt 0.11254196 0
vt 0.05035231 0.03905752
vt 0 0
vt 0.09182709 0
vt 0.11441293 0.05709735
vt 0 0
vt 0.12786879 0
vt 0.05000835 0.03803129
vt 0 0
vt 0.10770145 0
vt 0.13193621 0.05440487
vt 0 0
vt 0.14271319 0
vt 0.04805723 0.03821951
vt 0 0
vt 0.12378648 0
vt 0.14680719 0.05263123
vt 0 0
vt 0.15595639 0
vt 0.04496783 0.03905263
vt 0 0
vt 0.13870183 0
vt 0.15866658 0.05151888
vt 0 0
vt 0.16682110 0
vt 0.04102137 0.04021501
vt 0 0
vt 0.15153114 0
vt 0.16721427 0.05083120
vt 0 0
vt 0.17476963 0
vt 0.03642310 0.04154689
vt 0 0
vt 0.16164491 0
vt 0.17222424 0.05040698
vt 0 0
vt 0.17944931 0
vt 0.03135722 0.04297088
vt 0 0
vt 0.16861292 0
vt 0.17356638 0.05014597
vt 0 0
vt 0.18066518 0
vt 0.02601317 0.04445336
vt 0 0
vt 0.17216316 0
vt 0.17121921 0.04999109
vt 0 0
vt 0.17836795 0
vt 0.02059985 0.04598697
vt 0 0
vt 0.16432280 0
vt 0.15350383 0.37984596
vt 0 0
vt 0.16081525 0
vt 0.29196727 0.38813081
vt 0 0
vt 0.15392303 0
vt 0.42122795 0.40551016
vt 0 0
vt 0.14389784 0
vt 0.53597232 0.43376155
vt 0 0
vt 0.13113610 0
vt 0.62999915 0.47597381
vt 0 0
vt 0.11621591 0
vt 0.69500263 0.53708094
vt 0 0
vt 0.09998113 0
vt 0.71783625 0.62429131
vt 0 0
vt 0.08372883 0
vt 0.67474716 0.74547023
vt 0 0
vt 0.06957925 0
vt 0.52375745 0.89706842
vt 0 0
vt 0.06083447 0
vt 0.22312356 1.02601943
vt 0 0
vt 0.06083447 0
vt -0.16228909 1.02601943
vt 0 0
vt 0.06957925 0
vt -0.45417820 0.89706842
vt 0 0
vt 0.08372883 0
vt -0.59101833 0.74547023
vt 0 0
vt 0.09998113 0
vt -0.61785512 0.62429131
vt 0 0
vt 0.11621591 0
vt -0.57878672 0.53708094
vt 0 0
vt 0.13113610 0
vt -0.49886305 0.47597381
vt 0 0
vt 0.14389784 0
vt -0.39207448 0.43376155
vt 0 0
vt 0.15392303 0
vt -0.26730492 0.40551016
vt 0 0
vt 0.16081525 0
vt -0.13115202 0.38813081
vt 0 0
vt 0.16432280 0
vt 0.01081897 0.37984596
vt 0 0
vt 0.16432280 0
vt 0.15350383 0.37984596
vt 0 0
vt 0.16081525 0
vt 0.29196727 0.38813081
vt 0 0
vt 0.15392303 0
vt 0.42122795 0.40551016
vt 0 0
vt 0.14389784 0
vt 0.53597232 0.43376155
vt 0 0
vt 0.13113610 0
vt 0.62999915 0.47597381
vt 0 0
vt 0.11621591 0
vt 0.69500263 0.53708094
vt 0 0
vt 0.09998113 0
vt 0.71783625 0.62429131
vt 0 0
vt 0.08372883 0
vt 0.67474716 0.74547023
vt 0 0
vt 0.06957925 0
vt 0.52375745 0.89706842
vt 0 0
vt 0.06083447 0
vt 0.22312356 1.02601943
vt 0 0
vt 0.06083447 0
vt -0.16228909 1.02601943
vt 0 0
vt 0.06957925 0
vt -0.45417820 0.89706842
vt 0 0
vt 0.08372883 0
vt -0.59101833 0.74547023
vt 0 0
vt 0.09998113 0
vt -0.61785512 0.62429131
vt 0 0
vt 0.11621591 0
vt -0.57878672 0.53708094
vt 0 0
vt 0.13113610 0
vt -0.49886305 0.47597381
vt 0 0
vt 0.14389784 0
vt -0.39207448 0.43376155
vt 0 0
vt 0.15392303 0
vt -0.26730492 0.40551016
vt 0 0
vt 0.16081525 0
vt -0.13115202 0.38813081
vt 0 0
vt 0.16432280 0
vt 0.01081897 0.37984596
vt 0 0
vt 0.41000000 0
vt 0.40495222 0.16425619
vt 0 0
vt 0.43699702 0
vt 0.48329884 0.15410869
vt 0 0
vt 0.50727434 0
vt 0.58571485 0.13275861
vt 0 0
vt 0.60057200 0
vt 0.69163071 0.11213483
vt 0 0
vt 0.70066202 0
vt 0.79124058 0.09611630
vt 0 0
vt 0.79705709 0
vt 0.87893903 0.08449211
vt 0 0
vt 0.88299079 0
vt 0.95083977 0.07626924
vt 0 0
vt 0.95389374 0
vt 1.00413563 0.07060015
vt 0 0
vt 1.00661449 0
vt 1.03689809 0.06690251
vt 0 0
vt 1.03905419 0
vt 1.04799770 0.06481379
vt 0 0
vt 1.05000000 0
vt 1.03707276 0.06413813
vt 0 0
vt 1.03905419 0
vt 1.00452572 0.06481379
vt 0 0
vt 1.00661449 0
vt 0.95154470 0.06690251
vt 0 0
vt 0.95389374 0
vt 0.88016383 0.07060015
vt 0 0
vt 0.88299079 0
vt 0.79339965 0.07626924
vt 0 0
vt 0.79705709 0
vt 0.69554895 0.08449211
vt 0 0
vt 0.70066202 0
vt 0.59283083 0.09611630
vt 0 0
vt 0.60057200 0
vt 0.49472522 0.11213483
vt 0 0
vt 0.50727434 0
vt 0.41634306 0.13275861
vt 0 0
vt 0.43699702 0
vt 0.37993488 0.15410869
vt 0 0
vt 0.41000000 0
vt 0.40495222 0.16425619
vt 0 0
vt 0.43699702 0
vt 0.48329884 0.15410869
vt 0 0
vt 0.50727434 0
vt 0.58571485 0.13275861
vt 0 0
vt 0.60057200 0
vt 0.69163071 0.11213483
vt 0 0
vt 0.70066202 0
vt 0.79124058 0.09611630
vt 0 0
vt 0.79705709 0
vt 0.87893903 0.08449211
vt 0 0
vt 0.88299079 0
vt 0.95083977 0.07626924
vt 0 0
vt 0.95389374 0
vt 1.00413563 0.07060015
vt 0 0
vt 1.00661449 0
vt 1.03689809 0.06690251
vt 0 0
vt 1.03905419 0
vt 1.04799770 0.06481379
vt 0 0
vt 1.05000000 0
vt 1.03707276 0.06413813
vt 0 0
vt 1.03905419 0
vt 1.00452572 0.06481379
vt 0 0
vt 1.00661449 0
vt 0.95154470 0.06690251
vt 0 0
vt 0.95389374 0
vt 0.88016383 0.07060015
vt 0 0
vt 0.88299079 0
vt 0.79339965 0.07626924
vt 0 0
vt 0.79705709 0
vt 0.69554895 0.08449211
vt 0 0
vt 0.70066202 0
vt 0.59283083 0.09611630
vt 0 0
vt 0.60057200 0
vt 0.49472522 0.11213483
vt 0 0
vt 0.50727434 0
vt 0.41634306 0.13275861
vt 0 0
vt 0.43699702 0
vt 0.37993488 0.15410869
f 1/1/1 42/3/42 2/2/2
f 1/4/1 41/6/41 42/5/42
f 2/7/2 43/9/43 3/8/3
f 2/10/2 42/12/42 43/11/43
f 3/13/3 44/15/44 4/14/4
f 3/16/3 43/18/43 44/17/44
f 4/19/4 45/21/45 5/20/5
f 4/22/4 44/24/44 45/23/45
f 5/25/5 46/27/46 6/26/6
f 5/28/5 45/30/45 46/29/46
f 6/31/6 47/33/47 7/32/7
f 6/34/6 46/36/46 47/35/47
f 7/37/7 48/39/48 8/38/8
f 7/40/7 47/42/47 48/41/48
f 8/43/8 49/45/49 9/44/9
f 8/46/8 48/48/48 49/47/49
f 9/49/9 50/51/50 10/50/10
f 9/52/9 49/54/49 50/53/50
f 10/55/10 51/57/51 11/56/11
f 10/58/10 50/60/50 51/59/51
f 11/61/11 52/63/52 12/62/12
f 11/64/11 51/66/51 52/65/52
f 12/67/12 53/69/53 13/68/13
f 12/70/12 52/72/52 53/71/53
f 13/73/13 54/75/54 14/74/14
f 13/76/13 53/78/53 54/77/54
f 14/79/14 55/81/55 15/80/15
f 14/82/14 54/84/54 55/83/55
f 15/85/15 56/87/56 16/86/16
f 15/88/15 55/90/55 56/89/56
f 16/91/16 57/93/57 17/92/17
f 16/94/16 56/96/56 57/95/57
f 17/97/17 58/99/58 18/98/18
f 17/100/17 57/102/57 58/101/58
f 18/103/18 59/105/59 19/104/19
f 18/106/18 58/108/58 59/107/59
f 19/109/19 60/111/60 20/110/20
f 19/112/19 59/114/59 60/113/60
f 20/115/20 61/117/61 21/116/21
f 20/118/20 60/120/60 61/119/61
f 21/121/21 62/123/62 22/122/22
f 21/124/21 61/126/61 62/125/62
f 22/127/22 63/129/63 23/128/23
f 22/130/22 62/132/62 63/131/63
f 23/133/23 64/135/64 24/134/24
f 23/136/23 63/138/63 64/137/64
f 24/139/24 65/141/65 25/140/25
f 24/142/24 64/144/64 65/143/65
f 25/145/25 66/147/66 26/146/26
f 25/148/25 65/150/65 66/149/66
f 26/151/26 67/153/67 27/152/27
f 26/154/26 66/156/66 67/155/67
f 27/157/27 68/159/68 28/158/28
f 27/160/27 67/162/67 68/161/68
f 28/163/28 69/165/69 29/164/29
f 28/166/28 68/168/68 69/167/69
f 29/169/29 70/171/70 30/170/30
f 29/172/29 69/174/69 70/173/70
f 30/175/30 71/177/71 31/176/31
f 30/178/30 70/180/70 71/179/71
f 31/181/31 72/183/72 32/182/32
f 31/184/31 71/186/71 72/185/72
f 32/187/32 73/189/73 33/188/33
f 32/190/32 72/192/72 73/191/73
f 33/193/33 74/195/74 34/194/34
f 33/196/33 73/198/73 74/197/74
f 34/199/34 75/201/75 35/200/35
f 34/202/34 74/204/74 75/203/75
f 35/205/35 76/207/76 36/206/36
f 35/208/35 75/210/75 76/209/76
f 36/211/36 77/213/77 37/212/37
f 36/214/36 76/216/76 77/215/77
f 37/217/37 78/219/78 38/218/38
f 37/220/37 77/222/77 78/221/78
f 38/223/38 79/225/79 39/224/39
f 38/226/38 78/228/78 79/227/79
f 39/229/39 80/231/80 40/230/40
f 39/232/39 79/234/79 80/233/80
f 40/235/40 41/237/41 1/236/1
f 40/238/40 80/240/80 41/239/41
f 41/241/41 82/243/82 42/242/42
f 41/244/41 81/246/81 82/245/82
f 42/247/42 83/249/83 43/248/43
f 42/250/42 82/252/82 83/251/83
f 43/253/43 84/255/84 44/254/44
f 43/256/43 83/258/83 84/257/84
f 44/259/44 85/261/85 45/260/45
f 44/262/44 84/264/84 85/263/85
f 45/265/45 86/267/86 46/266/46
f 45/268/45 85/270/85 86/269/86
f 46/271/46 87/273/87 47/272/47
f 46/274/46 86/276/86 87/275/87
f 47/277/47 88/279/88 48/278/48
f 47/280/47 87/282/87 88/281/88
f 48/283/48 89/285/89 49/284/49
f 48/286/48 88/288/88 89/287/89
f 49/289/49 90/291/90 50/290/50
f 49/292/49 89/294/89 90/293/90
f 50/295/50 91/297/91 51/296/51
f 50/298/50 90/300/90 91/299/91
f 51/301/51 92/303/92 52/302/52
f 51/304/51 91/306/91 92/305/92
f 52/307/52 93/309/93 53/308/53
f 52/310/52 92/312/92 93/311/93
f 53/313/53 94/315/94 54/314/54
f 53/316/53 93/318/93 94/317/94
f 54/319/54 95/321/95 55/320/55
f 54/322/54 94/324/94 95/323/95
f 55/325/55 96/327/96 56/326/56
f 55/328/55 95/330/95 96/329/96
f 56/331/56 97/333/97 57/332/57
f 56/334/56 96/336/96 97/335/97
f 57/337/57 98/339/98 58/338/58
f 57/340/57 97/342/97 98/341/98
f 58/343/58 99/345/99 59/344/59
f 58/346/58 98/348/98 99/347/99
f 59/349/59 100/351/100 60/350/60
f 59/352/59 99/354/99 100/353/100
f 60/355/60 101/357/101 61/356/61
f 60/358/60 100/360/100 101/359/101
f 61/361/61 102/363/102 62/362/62
f 61/364/61 101/366/101 102/365/102
f 62/367/62 103/369/103 63/368/63
f 62/370/62 102/372/102 103/371/103
f 63/373/63 104/375/104 64/374/64
f 63/376/63 103/378/103 104/377/104
f 64/379/64 105/381/105 65/380/65
f 64/382/64 104/384/104 105/383/105
f 65/385/65 106/387/106 66/386/66
f 65/388/65 105/390/105 106/389/106
f 66/391/66 107/393/107 67/392/67
f 66/394/66 106/396/106 107/395/107
f 67/397/67 108/399/108 68/398/68
f 67/400/67 107/402/107 108/401/108
f 68/403/68 109/405/109 69/404/69
f 68/406/68 108/408/108 109/407/109
f 69/409/69 110/411/110 70/410/70
f 69/412/69 109/414/109 110/413/110
f 70/415/70 111/417/111 71/416/71
f 70/418/70 110/420/110 111/419/111
f 71/421/71 112/423/112 72/422/72
f 71/424/71 111/426/111 112/425/112
f 72/427/72 113/429/113 73/428/73
f 72/430/72 112/432/112 113/431/113
f 73/433/73 114/435/114 74/434/74
f 73/436/73 113/438/113 114/437/114
f 74/439/74 115/441/115 75/440/75
f 74/442/74 114/444/114 115/443/115
f 75/445/75 116/447/116 76/446/76
f 75/448/75 115/450/115 116/449/116
f 76/451/76 117/453/117 77/452/77
f 76/454/76 116/456/116 117/455/117
f 77/457/77 118/459/118 78/458/78
f 77/460/77 117/462/117 118/461/118
f 78/463/78 119/465/119 79/464/79
f 78/466/78 118/468/118 119/467/119
f 79/469/79 120/471/120 80/470/80
f 79/472/79 119/474/119 120/473/120
f 80/475/80 81/477/81 41/476/41
f 80/478/80 120/480/120 81/479/81
f 81/481/81 122/483/122 82/482/82
f 81/484/81 121/486/121 122/485/122
f 82/487/82 123/489/123 83/488/83
f 82/490/82 122/492/122 123/491/123
f 83/493/83 124/495/124 84/494/84
f 83/496/83 123/498/123 124/497/124
f 84/499/84 125/501/125 85/500/85
f 84/502/84 124/504/124 125/503/125
f 85/505/85 126/507/126 86/506/86
f 85/508/85 125/510/125 126/509/126
f 86/511/86 127/513/127 87/512/87
f 86/514/86 126/516/126 127/515/127
f 87/517/87 128/519/128 88/518/88
f 87/520/87 127/522/127 128/521/128
f 88/523/88 129/525/129 89/524/89
f 88/526/88 128/528/128 129/527/129
f 89/529/89 130/531/130 90/530/90
f 89/532/89 129/534/129 130/533/130
f 90/535/90 131/537/131 91/536/91
f 90/538/90 130/540/130 131/539/131
f 91/541/91 132/543/132 92/542/92
f 91/544/91 131/546/131 132/545/132
f 92/547/92 133/549/133 93/548/93
f 92/550/92 132/552/132 133/551/133
f 93/553/93 134/555/134 94/554/94
f 93/556/93 133/558/133 134/557/134
f 94/559/94 135/561/135 95/560/95
f 94/562/94 134/564/134 135/563/135
f 95/565/95 136/567/136 96/566/96
f 95/568/95 135/570/135 136/569/136
f 96/571/96 137/573/137 97/572/97
f 96/574/96 136/576/136 137/575/137
f 97/577/97 138/579/138 98/578/98
f 97/580/97 137/582/137 138/581/138
f 98/583/98 139/585/139 99/584/99
f 98/586/98 138/588/138 139/587/139
f 99/589/99 140/591/140 100/590/100
f 99/592/99 139/594/139 140/593/140
f 100/595/100 141/597/141 101/596/101
f 100/598/100 140/600/140 141/599/141
f 101/601/101 142/603/142 102/602/102
f 101/604/101 141/606/141 142/605/142
f 102/607/102 143/609/143 103/608/103
f 102/610/102 142/612/142 143/611/143
f 103/613/103 144/615/144 104/614/104
f 103/616/103 143/618/143 144/617/144
f 104/619/104 145/621/145 105/620/105
f 104/622/104 144/624/144 145/623/145
f 105/625/105 146/627/146 106/626/106
f 105/628/105 145/630/145 146/629/146
f 106/631/106 147/633/147 107/632/107
f 106/634/106 146/636/146 147/635/147
f 107/637/107 148/639/148 108/638/108
f 107/640/107 147/642/147 148/641/148
f 108/643/108 149/645/149 109/644/109
f 108/646/108 148/648/148 149/647/149
f 109/649/109 150/651/150 110/650/110
f 109/652/109 149/654/149 150/653/150
f 110/655/110 151/657/151 111/656/111
f 110/658/110 150/660/150 151/659/151
f 111/661/111 152/663/152 112/662/112
f 111/664/111 151/666/151 152/665/152
f 112/667/112 153/669/153 113/668/113
f 112/670/112 152/672/152 153/671/153
f 113/673/113 154/675/154 114/674/114
f 113/676/113 153/678/153 154/677/154
f 114/679/114 155/681/155 115/680/115
f 114/682/114 154/684/154 155/683/155
f 115/685/115 156/687/156 116/686/116
f 115/688/115 155/690/155 156/689/156
f 116/691/116 157/693/157 117/692/117
f 116/694/116 156/696/156 157/695/157
f 117/697/117 158/699/158 118/698/118
f 117/700/117 157/702/157 158/701/158
f 118/703/118 159/705/159 119/704/119
f 118/706/118 158/708/158 159/707/159
f 119/709/119 160/711/160 120/710/120
f 119/712/119 159/714/159 160/713/160
f 120/715/120 121/717/121 81/716/81
f 120/718/120 160/720/160 121/719/121
f 2/721/2 161/723/161 1/722/1
f 3/724/3 161/726/161 2/725/2
f 4/727/4 161/729/161 3/728/3
f 5/730/5 161/732/161 4/731/4
f 6/733/6 161/735/161 5/734/5
f 7/736/7 161/738/161 6/737/6
f 8/739/8 161/741/161 7/740/7
f 9/742/9 161/744/161 8/743/8
f 10/745/10 161/747/161 9/746/9
f 11/748/11 161/750/161 10/749/10
f 12/751/12 161/753/161 11/752/11
f 13/754/13 161/756/161 12/755/12
f 14/757/14 161/759/161 13/758/13
f 15/760/15 161/762/161 14/761/14
f 16/763/16 161/765/161 15/764/15
f 17/766/17 161/768/161 16/767/16
f 18/769/18 161/771/161 17/770/17
f 19/772/19 161/774/161 18/773/18
f 20/775/20 161/777/161 19/776/19
f 21/778/21 161/780/161 20/779/20
f 22/781/22 161/783/161 21/782/21
f 23/784/23 161/786/161 22/785/22
f 24/787/24 161/789/161 23/788/23
f 25/790/25 161/792/161 24/791/24
f 26/793/26 161/795/161 25/794/25
f 27/796/27 161/798/161 26/797/26
f 28/799/28 161/801/161 27/800/27
f 29/802/29 161/804/161 28/803/28
f 30/805/30 161/807/161 29/806/29
f 31/808/31 161/810/161 30/809/30
f 32/811/32 161/813/161 31/812/31
f 33/814/33 161/816/161 32/815/32
f 34/817/34 161/819/161 33/818/33
f 35/820/35 161/822/161 34/821/34
f 36/823/36 161/825/161 35/824/35
f 37/826/37 161/828/161 36/827/36
f 38/829/38 161/831/161 37/830/37
f 39/832/39 161/834/161 38/833/38
f 40/835/40 161/837/161 39/836/39
f 1/838/1 161/840/161 40/839/40
f 162/841/162 122/843/122 121/842/121
f 162/844/162 123/846/123 122/845/122
f 162/847/162 124/849/124 123/848/123
f 162/850/162 125/852/125 124/851/124
f 162/853/162 126/855/126 125/854/125
f 162/856/162 127/858/127 126/857/126
f 162/859/162 128/861/128 127/860/127
f 162/862/162 129/864/129 128/863/128
f 162/865/162 130/867/130 129/866/129
f 162/868/162 131/870/131 130/869/130
f 162/871/162 132/873/132 131/872/131
f 162/874/162 133/876/133 132/875/132
f 162/877/162 134/879/134 133/878/133
f 162/880/162 135/882/135 134/881/134
f 162/883/162 136/885/136 135/884/135
f 162/886/162 137/888/137 136/887/136
f 162/889/162 138/891/138 137/890/137
f 162/892/162 139/894/139 138/893/138
f 162/895/162 140/897/140 139/896/139
f 162/898/162 141/900/141 140/899/140
f 162/901/162 142/903/142 141/902/141
f 162/904/162 143/906/143 142/905/142
f 162/907/162 144/909/144 143/908/143
f 162/910/162 145/912/145 144/911/144
f 162/913/162 146/915/146 145/914/145
f 162/916/162 147/918/147 146/917/146
f 162/919/162 148/921/148 147/920/147
f 162/922/162 149/924/149 148/923/148
f 162/925/162 150/927/150 149/926/149
f 162/928/162 151/930/151 150/929/150
f 162/931/162 152/933/152 151/932/151
f 162/934/162 153/936/153 152/935/152
f 162/937/162 154/939/154 153/938/153
f 162/940/162 155/942/155 154/941/154
f 162/943/162 156/945/156 155/944/155
f 162/946/162 157/948/157 156/947/156
f 162/949/162 158/951/158 157/950/157
f 162/952/162 159/954/159 158/953/158
f 162/955/162 160/957/160 159/956/159
f 162/958/162 121/960/121 160/959/160
o SandalStrapL0
usemtl Leather
s 1
v -10.9936192 8.5000000 2.9312064
v -11.1016537 8.3400000 2.9672179
v -11.3968096 8.2228719 3.0656032
v -11.8000000 8.1800000 3.2000000
v -12.2031904 8.2228719 3.3343968
v -12.4983463 8.3400000 3.4327821
v -12.6063808 8.5000000 3.4687936
v -12.4983463 8.6600000 3.4327821
v -12.2031904 8.7771281 3.3343968
v -11.8000000 8.8200000 3.2000000
v -11.3968096 8.7771281 3.0656032
v -11.1016537 8.6600000 2.9672179
v -10.0567004 8.5000000 5.9444231
v -10.1428862 8.3400000 6.0188563
v -10.3783502 8.2228719 6.2222116
v -10.7000000 8.1800000 6.5000000
v -11.0216498 8.2228719 6.7777884
v -11.2571138 8.3400000 6.9811437
v -11.3432996 8.5000000 7.0555769
v -11.2571138 8.6600000 6.9811437
v -11.0216498 8.7771281 6.7777884
v -10.7000000 8.8200000 6.5000000
v -10.3783502 8.7771281 6.2222116
v -10.1428862 8.6600000 6.0188563
v -8.0000000 8.5000000 6.7500000
v -8.0000000 8.3400000 6.8638784
v -8.0000000 8.2228719 7.1750000
v -8.0000000 8.1800000 7.6000000
v -8.0000000 8.2228719 8.0250000
v -8.0000000 8.3400000 8.3361216
v -8.0000000 8.5000000 8.4500000
v -8.0000000 8.6600000 8.3361216
v -8.0000000 8.7771281 8.0250000
v -8.0000000 8.8200000 7.6000000
v -8.0000000 8.7771281 7.1750000
v -8.0000000 8.6600000 6.8638784
v -5.9432996 8.5000000 5.9444231
v -5.8571138 8.3400000 6.0188563
v -5.6216498 8.2228719 6.2222116
v -5.3000000 8.1800000 6.5000000
v -4.9783502 8.2228719 6.7777884
v -4.7428862 8.3400000 6.9811437
v -4.6567004 8.5000000 7.0555769
v -4.7428862 8.6600000 6.9811437
v -4.9783502 8.7771281 6.7777884
v -5.3000000 8.8200000 6.5000000
v -5.6216498 8.7771281 6.2222116
v -5.8571138 8.6600000 6.0188563
v -5.0063808 8.5000000 2.9312064
v -4.8983463 8.3400000 2.9672179
v -4.6031904 8.2228719 3.0656032
v -4.2000000 8.1800000 3.2000000
v -3.7968096 8.2228719 3.3343968
v -3.5016537 8.3400000 3.4327821
v -3.3936192 8.5000000 3.4687936
v -3.5016537 8.6600000 3.4327821
v -3.7968096 8.7771281 3.3343968
v -4.2000000 8.8200000 3.2000000
v -4.6031904 8.7771281 3.0656032
v -4.8983463 8.6600000 2.9672179
v -11.8000000 8.5000000 3.2000000
v -4.2000000 8.5000000 3.2000000
vn 0.86684867 -0.21211467 -0.45119924
vn 0.42616412 -0.87149915 -0.24263836
vn 0.14454283 -0.98210644 -0.12072415
vn -0.05305616 -0.99748039 -0.04709478
vn -0.26901664 -0.96293763 0.01952328
vn -0.63081918 -0.76801121 0.11057102
vn -0.95981956 0.21215785 0.18367214
vn -0.48463610 0.87159506 0.07382345
vn -0.18889528 0.98198294 -0.00529881
vn 0.01156036 0.99742891 -0.07072424
vn 0.22282208 0.96277201 -0.15303714
vn 0.56401545 0.76698788 -0.30596758
vn 0.78442307 0.05108287 -0.61811891
vn 0.43516135 -0.83574473 -0.33491096
vn 0.17112053 -0.97737676 -0.12430779
vn 0.01071960 -0.99987930 0.01124617
vn -0.14416651 -0.97795017 0.15109430
vn -0.38591974 -0.84366715 0.37321802
vn -0.73496302 -0.01765298 0.67787738
vn -0.41403287 0.83646756 0.35902478
vn -0.17042599 0.97660389 0.13114809
vn -0.01423580 0.99987527 -0.00684073
vn 0.14501055 0.98005038 -0.13591616
vn 0.39921690 0.85510634 -0.33078545
vn 0.00000000 0.00000000 -1.00000000
vn 0.00526314 -0.83751669 -0.54638639
vn 0.00966670 -0.97756747 -0.21040057
vn 0.01387358 -0.99989553 0.00405676
vn 0.01665670 -0.97566380 0.21863829
vn 0.01584440 -0.83223275 0.55419996
vn 0.00000000 -0.00000000 1.00000000
vn -0.01584440 0.83223275 0.55419996
vn -0.01665670 0.97566380 0.21863829
vn -0.01387358 0.99989553 0.00405676
vn -0.00966670 0.97756747 -0.21040057
vn -0.00526314 0.83751669 -0.54638639
vn -0.78442307 -0.05108287 -0.61811891
vn -0.39921690 -0.85510634 -0.33078545
vn -0.14501055 -0.98005038 -0.13591616
vn 0.01423580 -0.99987527 -0.00684073
vn 0.17042599 -0.97660389 0.13114809
vn 0.41403287 -0.83646756 0.35902478
vn 0.73496302 0.01765298 0.67787738
vn 0.38591974 0.84366715 0.37321802
vn 0.14416651 0.97795017 0.15109430
vn -0.01071960 0.99987930 0.01124617
vn -0.17112053 0.97737676 -0.12430779
vn -0.43516135 0.83574473 -0.33491096
vn -0.86684867 0.21211467 -0.45119924
vn -0.56401545 -0.76698788 -0.30596758
vn -0.22282208 -0.96277201 -0.15303714
vn -0.01156036 -0.99742891 -0.07072424
vn 0.18889528 -0.98198294 -0.00529881
vn 0.48463610 -0.87159506 0.07382345
vn 0.95981956 -0.21215785 0.18367214
vn 0.63081918 0.76801121 0.11057102
vn 0.26901664 0.96293763 0.01952328
vn 0.05305616 0.99748039 -0.04709478
vn -0.14454283 0.98210644 -0.12072415
vn -0.42616412 0.87149915 -0.24263836
vn -0.31622777 0.00000000 -0.94868330
vn 0.31622777 0.00000000 -0.94868330
vt 0 0
vt 0.01963881 0
vt 0.02285393 0.31985463
vt 0 0
vt 0.32067006 0
vt 0.31499124 0.01879984
vt 0 0
vt 0.03324389 0
vt 0.03623980 0.33167059
vt 0 0
vt 0.33364458 0
vt 0.31849891 0.02959333
vt 0 0
vt 0.04271569 0
vt 0.04271569 0.34785054
vt 0 0
vt 0.35046345 0
vt 0.32958409 0.03726503
vt 0 0
vt 0.04271569 0
vt 0.03953067 0.36403255
vt 0 0
vt 0.36617260 0
vt 0.34581744 0.03755393
vt 0 0
vt 0.03324389 0
vt 0.02805483 0.37588343
vt 0 0
vt 0.37692895 0
vt 0.36280063 0.03009231
vt 0 0
vt 0.01963881 0
vt 0.01592631 0.38025005
vt 0 0
vt 0.38058343 0
vt 0.37544113 0.01895362
vt 0 0
vt 0.01963881 0
vt 0.02285393 0.37590550
vt 0 0
vt 0.37659959 0
vt 0.37977399 0.01938056
vt 0 0
vt 0.03324389 0
vt 0.03623980 0.36403416
vt 0 0
vt 0.36583356 0
vt 0.37454781 0.03208143
vt 0 0
vt 0.04271569 0
vt 0.04271569 0.34785054
vt 0 0
vt 0.35046345 0
vt 0.36170654 0.04120950
vt 0 0
vt 0.04271569 0
vt 0.03953067 0.33166883
vt 0 0
vt 0.33401630 0
vt 0.34540569 0.04116931
vt 0 0
vt 0.03324389 0
vt 0.02805483 0.31982869
vt 0 0
vt 0.32105680 0
vt 0.33013889 0.03197924
vt 0 0
vt 0.01963881 0
vt 0.01592631 0.31552993
vt 0 0
vt 0.31593161 0
vt 0.31928495 0.01935040
vt 0 0
vt 0.01963881 0
vt -0.04237547 0.22184334
vt 0 0
vt 0.22585426 0
vt 0.22008478 0.01877221
vt 0 0
vt 0.03324389 0
vt -0.07693011 0.23131201
vt 0 0
vt 0.24376933 0
vt 0.22845074 0.02950419
vt 0 0
vt 0.04271569 0
vt -0.08905958 0.26006784
vt 0 0
vt 0.27489432 0
vt 0.25352618 0.03698692
vt 0 0
vt 0.04271569 0
vt -0.10370640 0.29226634
vt 0 0
vt 0.31012035 0
vt 0.28916194 0.03722063
vt 0 0
vt 0.03324389 0
vt -0.11457005 0.32031015
vt 0 0
vt 0.34018361 0
vt 0.32552828 0.02983920
vt 0 0
vt 0.01963881 0
vt -0.07423326 0.34986956
vt 0 0
vt 0.35765806 0
vt 0.35226545 0.01888393
vt 0 0
vt 0.01963881 0
vt 0.11122359 0.34067547
vt 0 0
vt 0.35837197 0
vt 0.36172676 0.01935015
vt 0 0
vt 0.03324389 0
vt 0.17097224 0.29646238
vt 0 0
vt 0.34223011 0
vt 0.35131895 0.03197733
vt 0 0
vt 0.04271569 0
vt 0.17449095 0.26006784
vt 0 0
vt 0.31318105 0
vt 0.32428013 0.04124852
vt 0 0
vt 0.04271569 0
vt 0.15984413 0.22786944
vt 0 0
vt 0.27834265 0
vt 0.28858316 0.04147001
vt 0 0
vt 0.03324389 0
vt 0.13333230 0.20746698
vt 0 0
vt 0.24661722 0
vt 0.25415592 0.03237784
vt 0 0
vt 0.01963881 0
vt 0.07936580 0.21265558
vt 0 0
vt 0.22698310 0
vt 0.22952344 0.01947382
vt 0 0
vt 0.01963881 0
vt -0.02936098 0.22507612
vt 0 0
vt 0.22698310 0
vt 0.22011628 0.01839918
vt 0 0
vt 0.03324389 0
vt -0.05592528 0.24019245
vt 0 0
vt 0.24661722 0
vt 0.22864408 0.02796646
vt 0 0
vt 0.04271569 0
vt -0.06672888 0.27022562
vt 0 0
vt 0.27834265 0
vt 0.25381226 0.03496985
vt 0 0
vt 0.04271569 0
vt -0.08137570 0.30242415
vt 0 0
vt 0.31318105 0
vt 0.28938172 0.03547142
vt 0 0
vt 0.03324389 0
vt -0.09356523 0.32919143
vt 0 0
vt 0.34223011 0
vt 0.32562204 0.02879806
vt 0 0
vt 0.01963881 0
vt -0.06121877 0.35310442
vt 0 0
vt 0.35837197 0
vt 0.35227691 0.01866904
vt 0 0
vt 0.01963881 0
vt 0.09820911 0.34391025
vt 0 0
vt 0.35765806 0
vt 0.36173417 0.01921115
vt 0 0
vt 0.03324389 0
vt 0.14996742 0.30534351
vt 0 0
vt 0.34018361 0
vt 0.35137978 0.03130179
vt 0 0
vt 0.04271569 0
vt 0.15216026 0.27022562
vt 0 0
vt 0.31012035 0
vt 0.32440477 0.04025649
vt 0 0
vt 0.04271569 0
vt 0.13751343 0.23802719
vt 0 0
vt 0.27489432 0
vt 0.28873324 0.04041181
vt 0 0
vt 0.03324389 0
vt 0.11232748 0.21634700
vt 0 0
vt 0.24376933 0
vt 0.25426063 0.03154503
vt 0 0
vt 0.01963881 0
vt 0.06635132 0.21588805
vt 0 0
vt 0.22585426 0
vt 0.22953896 0.01929005
vt 0 0
vt 0.01963881 0
vt -0.05394560 0.31129191
vt 0 0
vt 0.31593161 0
vt 0.31494160 0.01961384
vt 0 0
vt 0.03324389 0
vt -0.08771137 0.30884330
vt 0 0
vt 0.32105680 0
vt 0.31815185 0.03311673
vt 0 0
vt 0.04271569 0
vt -0.08905958 0.32192434
vt 0 0
vt 0.33401630 0
vt 0.32896092 0.04241548
vt 0 0
vt 0.04271569 0
vt -0.09224460 0.33810585
vt 0 0
vt 0.35046345 0
vt 0.34525712 0.04239722
vt 0 0
vt 0.03324389 0
vt -0.09589635 0.35304119
vt 0 0
vt 0.36583356 0
vt 0.36254039 0.03308038
vt 0 0
vt 0.01963881 0
vt -0.06087322 0.37164728
vt 0 0
vt 0.37659959 0
vt 0.37540781 0.01960262
vt 0 0
vt 0.01963881 0
vt 0.09965346 0.36730497
vt 0 0
vt 0.38058343 0
vt 0.37976161 0.01962161
vt 0 0
vt 0.03324389 0
vt 0.16019098 0.34119537
vt 0 0
vt 0.37692895 0
vt 0.37445460 0.03315168
vt 0 0
vt 0.04271569 0
vt 0.17449095 0.32192434
vt 0 0
vt 0.36617260 0
vt 0.36156117 0.04246604
vt 0 0
vt 0.04271569 0
vt 0.17130594 0.30574320
vt 0 0
vt 0.35046345 0
vt 0.34525712 0.04239722
vt 0 0
vt 0.03324389 0
vt 0.15200600 0.29700653
vt 0 0
vt 0.33364458 0
vt 0.33003370 0.03304721
vt 0 0
vt 0.01963881 0
vt 0.09272584 0.30697101
vt 0 0
vt 0.32067006 0
vt 0.31927041 0.01958887
vt 0 0
vt 0.01963881 0
vt -0.02964963 0.06925063
vt 0 0
vt 0.03324389 0
vt -0.03001068 0.04090977
vt 0 0
vt 0.04271569 0
vt 0.00321170 0.03183842
vt 0 0
vt 0.04271569 0
vt 0.03950399 0.03183842
vt 0 0
vt 0.03324389 0
vt 0.06325457 0.04090977
vt 0 0
vt 0.01963881 0
vt 0.04928844 0.06925063
vt 0 0
vt 0.01963881 0
vt -0.02964963 0.06925063
vt 0 0
vt 0.03324389 0
vt -0.03001068 0.04090977
vt 0 0
vt 0.04271569 0
vt 0.00321170 0.03183842
vt 0 0
vt 0.04271569 0
vt 0.03950399 0.03183842
vt 0 0
vt 0.03324389 0
vt 0.06325457 0.04090977
vt 0 0
vt 0.01963881 0
vt 0.04928844 0.06925063
vt 0 0
vt 0.08500000 0
vt 0.07361216 0.01600000
vt 0 0
vt 0.07533094 0
vt 0.04741640 0.01805367
vt 0 0
vt 0.05073707 0
vt 0.01747854 0.02680486
vt 0 0
vt 0.03200000 0
vt 0.02771281 0.04250000
vt 0 0
vt 0.05073707 0
vt 0.07040064 0.02680486
vt 0 0
vt 0.07533094 0
vt 0.08306061 0.01805367
vt 0 0
vt 0.08500000 0
vt 0.07361216 0.01600000
vt 0 0
vt 0.07533094 0
vt 0.04741640 0.01805367
vt 0 0
vt 0.05073707 0
vt 0.01747854 0.02680486
vt 0 0
vt 0.03200000 0
vt 0.02771281 0.04250000
vt 0 0
vt 0.05073707 0
vt 0.07040064 0.02680486
vt 0 0
vt 0.07533094 0
vt 0.08306061 0.01805367
f 163/961/163 176/963/176 164/962/164
f 163/964/163 175/966/175 176/965/176
f 164/967/164 177/969/177 165/968/165
f 164/970/164 176/972/176 177/971/177
f 165/973/165 178/975/178 166/974/166
f 165/976/165 177/978/177 178/977/178
f 166/979/166 179/981/179 167/980/167
f 166/982/166 178/984/178 179/983/179
f 167/985/167 180/987/180 168/986/168
f 167/988/167 179/990/179 180/989/180
f 168/991/168 181/993/181 169/992/169
f 168/994/168 180/996/180 181/995/181
f 169/997/169 182/999/182 170/998/170
f 169/1000/169 181/1002/181 182/1001/182
f 170/1003/170 183/1005/183 171/1004/171
f 170/1006/170 182/1008/182 183/1007/183
f 171/1009/171 184/1011/184 172/1010/172
f 171/1012/171 183/1014/183 184/1013/184
f 172/1015/172 185/1017/185 173/1016/173
f 172/1018/172 184/1020/184 185/1019/185
f 173/1021/173 186/1023/186 174/1022/174
f 173/1024/173 185/1026/185 186/1025/186
f 174/1027/174 175/1029/175 163/1028/163
f 174/1030/174 186/1032/186 175/1031/175
f 175/1033/175 188/1035/188 176/1034/176
f 175/1036/175 187/1038/187 188/1037/188
f 176/1039/176 189/1041/189 177/1040/177
f 176/1042/176 188/1044/188 189/1043/189
f 177/1045/177 190/1047/190 178/1046/178
f 177/1048/177 189/1050/189 190/1049/190
f 178/1051/178 191/1053/191 179/1052/179
f 178/1054/178 190/1056/190 191/1055/191
f 179/1057/179 192/1059/192 180/1058/180
f 179/1060/179 191/1062/191 192/1061/192
f 180/1063/180 193/1065/193 181/1064/181
f 180/1066/180 192/1068/192 193/1067/193
f 181/1069/181 194/1071/194 182/1070/182
f 181/1072/181 193/1074/193 194/1073/194
f 182/1075/182 195/1077/195 183/1076/183
f 182/1078/182 194/1080/194 195/1079/195
f 183/1081/183 196/1083/196 184/1082/184
f 183/1084/183 195/1086/195 196/1085/196
f 184/1087/184 197/1089/197 185/1088/185
f 184/1090/184 196/1092/196 197/1091/197
f 185/1093/185 198/1095/198 186/1094/186
f 185/1096/185 197/1098/197 198/1097/198
f 186/1099/186 187/1101/187 175/1100/175
f 186/1102/186 198/1104/198 187/1103/187
f 187/1105/187 200/1107/200 188/1106/188
f 187/1108/187 199/1110/199 200/1109/200
f 188/1111/188 201/1113/201 189/1112/189
f 188/1114/188 200/1116/200 201/1115/201
f 189/1117/189 202/1119/202 190/1118/190
f 189/1120/189 201/1122/201 202/1121/202
f 190/1123/190 203/1125/203 191/1124/191
f 190/1126/190 202/1128/202 203/1127/203
f 191/1129/191 204/1131/204 192/1130/192
f 191/1132/191 203/1134/203 204/1133/204
f 192/1135/192 205/1137/205 193/1136/193
f 192/1138/192 204/1140/204 205/1139/205
f 193/1141/193 206/1143/206 194/1142/194
f 193/1144/193 205/1146/205 206/1145/206
f 194/1147/194 207/1149/207 195/1148/195
f 194/1150/194 206/1152/206 207/1151/207
f 195/1153/195 208/1155/208 196/1154/196
f 195/1156/195 207/1158/207 208/1157/208
f 196/1159/196 209/1161/209 197/1160/197
f 196/1162/196 208/1164/208 209/1163/209
f 197/1165/197 210/1167/210 198/1166/198
f 197/1168/197 209/1170/209 210/1169/210
f 198/1171/198 199/1173/199 187/1172/187
f 198/1174/198 210/1176/210 199/1175/199
f 199/1177/199 212/1179/212 200/1178/200
f 199/1180/199 211/1182/211 212/1181/212
f 200/1183/200 213/1185/213 201/1184/201
f 200/1186/200 212/1188/212 213/1187/213
f 201/1189/201 214/1191/214 202/1190/202
f 201/1192/201 213/1194/213 214/1193/214
f 202/1195/202 215/1197/215 203/1196/203
f 202/1198/202 214/1200/214 215/1199/215
f 203/1201/203 216/1203/216 204/1202/204
f 203/1204/203 215/1206/215 216/1205/216
f 204/1207/204 217/1209/217 205/1208/205
f 204/1210/204 216/1212/216 217/1211/217
f 205/1213/205 218/1215/218 206/1214/206
f 205/1216/205 217/1218/217 218/1217/218
f 206/1219/206 219/1221/219 207/1220/207
f 206/1222/206 218/1224/218 219/1223/219
f 207/1225/207 220/1227/220 208/1226/208
f 207/1228/207 219/1230/219 220/1229/220
f 208/1231/208 221/1233/221 209/1232/209
f 208/1234/208 220/1236/220 221/1235/221
f 209/1237/209 222/1239/222 210/1238/210
f 209/1240/209 221/1242/221 222/1241/222
f 210/1243/210 211/1245/211 199/1244/199
f 210/1246/210 222/1248/222 211/1247/211
f 164/1249/164 223/1251/223 163/1250/163
f 165/1252/165 223/1254/223 164/1253/164
f 166/1255/166 223/1257/223 165/1256/165
f 167/1258/167 223/1260/223 166/1259/166
f 168/1261/168 223/1263/223 167/1262/167
f 169/1264/169 223/1266/223 168/1265/168
f 170/1267/170 223/1269/223 169/1268/169
f 171/1270/171 223/1272/223 170/1271/170
f 172/1273/172 223/1275/223 171/1274/171
f 173/1276/173 223/1278/223 172/1277/172
f 174/1279/174 223/1281/223 173/1280/173
f 163/1282/163 223/1284/223 174/1283/174
f 224/1285/224 212/1287/212 211/1286/211
f 224/1288/224 213/1290/213 212/1289/212
f 224/1291/224 214/1293/214 213/1292/213
f 224/1294/224 215/1296/215 214/1295/214
f 224/1297/224 216/1299/216 215/1298/215
f 224/1300/224 217/1302/217 216/1301/216
f 224/1303/224 218/1305/218 217/1304/217
f 224/1306/224 219/1308/219 218/1307/218
f 224/1309/224 220/1311/220 219/1310/219
f 224/1312/224 221/1314/221 220/1313/220
f 224/1315/224 222/1317/222 221/1316/221
f 224/1318/224 211/1320/211 222/1319/222
o SandalStrapL1
usemtl Leather
s 1
v -10.9936192 3.8000000 2.9312064
v -11.1016537 3.6400000 2.9672179
v -11.3968096 3.5228719 3.0656032
v -11.8000000 3.4800000 3.2000000
v -12.2031904 3.5228719 3.3343968
v -12.4983463 3.6400000 3.4327821
v -12.6063808 3.8000000 3.4687936
v -12.4983463 3.9600000 3.4327821
v -12.2031904 4.0771281 3.3343968
v -11.8000000 4.1200000 3.2000000
v -11.3968096 4.0771281 3.0656032
v -11.1016537 3.9600000 2.9672179
v -10.0567004 3.8000000 5.9444231
v -10.1428862 3.6400000 6.0188563
v -10.3783502 3.5228719 6.2222116
v -10.7000000 3.4800000 6.5000000
v -11.0216498 3.5228719 6.7777884
v -11.2571138 3.6400000 6.9811437
v -11.3432996 3.8000000 7.0555769
v -11.2571138 3.9600000 6.9811437
v -11.0216498 4.0771281 6.7777884
v -10.7000000 4.1200000 6.5000000
v -10.3783502 4.0771281 6.2222116
v -10.1428862 3.9600000 6.0188563
v -8.0000000 3.8000000 6.7500000
v -8.0000000 3.6400000 6.8638784
v -8.0000000 3.5228719 7.1750000
v -8.0000000 3.4800000 7.6000000
v -8.0000000 3.5228719 8.0250000
v -8.0000000 3.6400000 8.3361216
v -8.0000000 3.8000000 8.4500000
v -8.0000000 3.9600000 8.3361216
v -8.0000000 4.0771281 8.0250000
v -8.0000000 4.1200000 7.6000000
v -8.0000000 4.0771281 7.1750000
v -8.0000000 3.9600000 6.8638784
v -5.9432996 3.8000000 5.9444231
v -5.8571138 3.6400000 6.0188563
v -5.6216498 3.5228719 6.2222116
v -5.3000000 3.4800000 6.5000000
v -4.9783502 3.5228719 6.7777884
v -4.7428862 3.6400000 6.9811437
v -4.6567004 3.8000000 7.0555769
v -4.7428862 3.9600000 6.9811437
v -4.9783502 4.0771281 6.7777884
v -5.3000000 4.1200000 6.5000000
v -5.6216498 4.0771281 6.2222116
v -5.8571138 3.9600000 6.0188563
v -5.0063808 3.8000000 2.9312064
v -4.8983463 3.6400000 2.9672179
v -4.6031904 3.5228719 3.0656032
v -4.2000000 3.4800000 3.2000000
v -3.7968096 3.5228719 3.3343968
v -3.5016537 3.6400000 3.4327821
v -3.3936192 3.8000000 3.4687936
v -3.5016537 3.9600000 3.4327821
v -3.7968096 4.0771281 3.3343968
v -4.2000000 4.1200000 3.2000000
v -4.6031904 4.0771281 3.0656032
v -4.8983463 3.9600000 2.9672179
v -11.8000000 3.8000000 3.2000000
v -4.2000000 3.8000000 3.2000000
vn 0.86684867 -0.21211467 -0.45119924
vn 0.42616412 -0.87149915 -0.24263836
vn 0.14454283 -0.98210644 -0.12072415
vn -0.05305616 -0.99748039 -0.04709478
vn -0.26901664 -0.96293763 0.01952328
vn -0.63081918 -0.76801121 0.11057102
vn -0.95981956 0.21215785 0.18367214
vn -0.48463610 0.87159506 0.07382345
vn -0.18889528 0.98198294 -0.00529881
vn 0.01156036 0.99742891 -0.07072424
vn 0.22282208 0.96277201 -0.15303714
vn 0.56401545 0.76698788 -0.30596758
vn 0.78442307 0.05108287 -0.61811891
vn 0.43516135 -0.83574473 -0.33491096
vn 0.17112053 -0.97737676 -0.12430779
vn 0.01071960 -0.99987930 0.01124617
vn -0.14416651 -0.97795017 0.15109430
vn -0.38591974 -0.84366715 0.37321802
vn -0.73496302 -0.01765298 0.67787738
vn -0.41403287 0.83646756 0.35902478
vn -0.17042599 0.97660389 0.13114809
vn -0.01423580 0.99987527 -0.00684073
vn 0.14501055 0.98005038 -0.13591616
vn 0.39921690 0.85510634 -0.33078545
vn 0.00000000 0.00000000 -1.00000000
vn 0.00526314 -0.83751669 -0.54638639
vn 0.00966670 -0.97756747 -0.21040057
vn 0.01387358 -0.99989553 0.00405676
vn 0.01665670 -0.97566380 0.21863829
vn 0.01584440 -0.83223275 0.55419996
vn 0.00000000 -0.00000000 1.00000000
vn -0.01584440 0.83223275 0.55419996
vn -0.01665670 0.97566380 0.21863829
vn -0.01387358 0.99989553 0.00405676
vn -0.00966670 0.97756747 -0.21040057
vn -0.00526314 0.83751669 -0.54638639
vn -0.78442307 -0.05108287 -0.61811891
vn -0.39921690 -0.85510634 -0.33078545
vn -0.14501055 -0.98005038 -0.13591616
vn 0.01423580 -0.99987527 -0.00684073
vn 0.17042599 -0.97660389 0.13114809
vn 0.41403287 -0.83646756 0.35902478
vn 0.73496302 0.01765298 0.67787738
vn 0.38591974 0.84366715 0.37321802
vn 0.14416651 0.97795017 0.15109430
vn -0.01071960 0.99987930 0.01124617
vn -0.17112053 0.97737676 -0.12430779
vn -0.43516135 0.83574473 -0.33491096
vn -0.86684867 0.21211467 -0.45119924
vn -0.56401545 -0.76698788 -0.30596758
vn -0.22282208 -0.96277201 -0.15303714
vn -0.01156036 -0.99742891 -0.07072424
vn 0.18889528 -0.98198294 -0.00529881
vn 0.48463610 -0.87159506 0.07382345
vn 0.95981956 -0.21215785 0.18367214
vn 0.63081918 0.76801121 0.11057102
vn 0.26901664 0.96293763 0.01952328
vn 0.05305616 0.99748039 -0.04709478
vn -0.14454283 0.98210644 -0.12072415
vn -0.42616412 0.87149915 -0.24263836
vn -0.31622777 0.00000000 -0.94868330
vn 0.31622777 0.00000000 -0.94868330
vt 0 0
vt 0.01963881 0
vt 0.02285393 0.31985463
vt 0 0
vt 0.32067006 0
vt 0.31499124 0.01879984
vt 0 0
vt 0.03324389 0
vt 0.03623980 0.33167059
vt 0 0
vt 0.33364458 0
vt 0.31849891 0.02959333
vt 0 0
vt 0.04271569 0
vt 0.04271569 0.34785054
vt 0 0
vt 0.35046345 0
vt 0.32958409 0.03726503
vt 0 0
vt 0.04271569 0
vt 0.03953067 0.36403255
vt 0 0
vt 0.36617260 0
vt 0.34581744 0.03755393
vt 0 0
vt 0.03324389 0
vt 0.02805483 0.37588343
vt 0 0
vt 0.37692895 0
vt 0.36280063 0.03009231
vt 0 0
vt 0.01963881 0
vt 0.01592631 0.38025005
vt 0 0
vt 0.38058343 0
vt 0.37544113 0.01895362
vt 0 0
vt 0.01963881 0
vt 0.02285393 0.37590550
vt 0 0
vt 0.37659959 0
vt 0.37977399 0.01938056
vt 0 0
vt 0.03324389 0
vt 0.03623980 0.36403416
vt 0 0
vt 0.36583356 0
vt 0.37454781 0.03208143
vt 0 0
vt 0.04271569 0
vt 0.04271569 0.34785054
vt 0 0
vt 0.35046345 0
vt 0.36170654 0.04120950
vt 0 0
vt 0.04271569 0
vt 0.03953067 0.33166883
vt 0 0
vt 0.33401630 0
vt 0.34540569 0.04116931
vt 0 0
vt 0.03324389 0
vt 0.02805483 0.31982869
vt 0 0
vt 0.32105680 0
vt 0.33013889 0.03197924
vt 0 0
vt 0.01963881 0
vt 0.01592631 0.31552993
vt 0 0
vt 0.31593161 0
vt 0.31928495 0.01935040
vt 0 0
vt 0.01963881 0
vt -0.04237547 0.22184334
vt 0 0
vt 0.22585426 0
vt 0.22008478 0.01877221
vt 0 0
vt 0.03324389 0
vt -0.07693011 0.23131201
vt 0 0
vt 0.24376933 0
vt 0.22845074 0.02950419
vt 0 0
vt 0.04271569 0
vt -0.08905958 0.26006784
vt 0 0
vt 0.27489432 0
vt 0.25352618 0.03698692
vt 0 0
vt 0.04271569 0
vt -0.10370640 0.29226634
vt 0 0
vt 0.31012035 0
vt 0.28916194 0.03722063
vt 0 0
vt 0.03324389 0
vt -0.11457005 0.32031015
vt 0 0
vt 0.34018361 0
vt 0.32552828 0.02983920
vt 0 0
vt 0.01963881 0
vt -0.07423326 0.34986956
vt 0 0
vt 0.35765806 0
vt 0.35226545 0.01888393
vt 0 0
vt 0.01963881 0
vt 0.11122359 0.34067547
vt 0 0
vt 0.35837197 0
vt 0.36172676 0.01935015
vt 0 0
vt 0.03324389 0
vt 0.17097224 0.29646238
vt 0 0
vt 0.34223011 0
vt 0.35131895 0.03197733
vt 0 0
vt 0.04271569 0
vt 0.17449095 0.26006784
vt 0 0
vt 0.31318105 0
vt 0.32428013 0.04124852
vt 0 0
vt 0.04271569 0
vt 0.15984413 0.22786944
vt 0 0
vt 0.27834265 0
vt 0.28858316 0.04147001
vt 0 0
vt 0.03324389 0
vt 0.13333230 0.20746698
vt 0 0
vt 0.24661722 0
vt 0.25415592 0.03237784
vt 0 0
vt 0.01963881 0
vt 0.07936580 0.21265558
vt 0 0
vt 0.22698310 0
vt 0.22952344 0.01947382
vt 0 0
vt 0.01963881 0
vt -0.02936098 0.22507612
vt 0 0
vt 0.22698310 0
vt 0.22011628 0.01839918
vt 0 0
vt 0.03324389 0
vt -0.05592528 0.24019245
vt 0 0
vt 0.24661722 0
vt 0.22864408 0.02796646
vt 0 0
vt 0.04271569 0
vt -0.06672888 0.27022562
vt 0 0
vt 0.27834265 0
vt 0.25381226 0.03496985
vt 0 0
vt 0.04271569 0
vt -0.08137570 0.30242415
vt 0 0
vt 0.31318105 0
vt 0.28938172 0.03547142
vt 0 0
vt 0.03324389 0
vt -0.09356523 0.32919143
vt 0 0
vt 0.34223011 0
vt 0.32562204 0.02879806
vt 0 0
vt 0.01963881 0
vt -0.06121877 0.35310442
vt 0 0
vt 0.35837197 0
vt 0.35227691 0.01866904
vt 0 0
vt 0.01963881 0
vt 0.09820911 0.34391025
vt 0 0
vt 0.35765806 0
vt 0.36173417 0.01921115
vt 0 0
vt 0.03324389 0
vt 0.14996742 0.30534351
vt 0 0
vt 0.34018361 0
vt 0.35137978 0.03130179
vt 0 0
vt 0.04271569 0
vt 0.15216026 0.27022562
vt 0 0
vt 0.31012035 0
vt 0.32440477 0.04025649
vt 0 0
vt 0.04271569 0
vt 0.13751343 0.23802719
vt 0 0
vt 0.27489432 0
vt 0.28873324 0.04041181
vt 0 0
vt 0.03324389 0
vt 0.11232748 0.21634700
vt 0 0
vt 0.24376933 0
vt 0.25426063 0.03154503
vt 0 0
vt 0.01963881 0
vt 0.06635132 0.21588805
vt 0 0
vt 0.22585426 0
vt 0.22953896 0.01929005
vt 0 0
vt 0.01963881 0
vt -0.05394560 0.31129191
vt 0 0
vt 0.31593161 0
vt 0.31494160 0.01961384
vt 0 0
vt 0.03324389 0
vt -0.08771137 0.30884330
vt 0 0
vt 0.32105680 0
vt 0.31815185 0.03311673
vt 0 0
vt 0.04271569 0
vt -0.08905958 0.32192434
vt 0 0
vt 0.33401630 0
vt 0.32896092 0.04241548
vt 0 0
vt 0.04271569 0
vt -0.09224460 0.33810585
vt 0 0
vt 0.35046345 0
vt 0.34525712 0.04239722
vt 0 0
vt 0.03324389 0
vt -0.09589635 0.35304119
vt 0 0
vt 0.36583356 0
vt 0.36254039 0.03308038
vt 0 0
vt 0.01963881 0
vt -0.06087322 0.37164728
vt 0 0
vt 0.37659959 0
vt 0.37540781 0.01960262
vt 0 0
vt 0.01963881 0
vt 0.09965346 0.36730497
vt 0 0
vt 0.38058343 0
vt 0.37976161 0.01962161
vt 0 0
vt 0.03324389 0
vt 0.16019098 0.34119537
vt 0 0
vt 0.37692895 0
vt 0.37445460 0.03315168
vt 0 0
vt 0.04271569 0
vt 0.17449095 0.32192434
vt 0 0
vt 0.36617260 0
vt 0.36156117 0.04246604
vt 0 0
vt 0.04271569 0
vt 0.17130594 0.30574320
vt 0 0
vt 0.35046345 0
vt 0.34525712 0.04239722
vt 0 0
vt 0.03324389 0
vt 0.15200600 0.29700653
vt 0 0
vt 0.33364458 0
vt 0.33003370 0.03304721
vt 0 0
vt 0.01963881 0
vt 0.09272584 0.30697101
vt 0 0
vt 0.32067006 0
vt 0.31927041 0.01958887
vt 0 0
vt 0.01963881 0
vt -0.02964963 0.06925063
vt 0 0
vt 0.03324389 0
vt -0.03001068 0.04090977
vt 0 0
vt 0.04271569 0
vt 0.00321170 0.03183842
vt 0 0
vt 0.04271569 0
vt 0.03950399 0.03183842
vt 0 0
vt 0.03324389 0
vt 0.06325457 0.04090977
vt 0 0
vt 0.01963881 0
vt 0.04928844 0.06925063
vt 0 0
vt 0.01963881 0
vt -0.02964963 0.06925063
vt 0 0
vt 0.03324389 0
vt -0.03001068 0.04090977
vt 0 0
vt 0.04271569 0
vt 0.00321170 0.03183842
vt 0 0
vt 0.04271569 0
vt 0.03950399 0.03183842
vt 0 0
vt 0.03324389 0
vt 0.06325457 0.04090977
vt 0 0
vt 0.01963881 0
vt 0.04928844 0.06925063
vt 0 0
vt 0.08500000 0
vt 0.07361216 0.01600000
vt 0 0
vt 0.07533094 0
vt 0.04741640 0.01805367
vt 0 0
vt 0.05073707 0
vt 0.01747854 0.02680486
vt 0 0
vt 0.03200000 0
vt 0.02771281 0.04250000
vt 0 0
vt 0.05073707 0
vt 0.07040064 0.02680486
vt 0 0
vt 0.07533094 0
vt 0.08306061 0.01805367
vt 0 0
vt 0.08500000 0
vt 0.07361216 0.01600000
vt 0 0
vt 0.07533094 0
vt 0.04741640 0.01805367
vt 0 0
vt 0.05073707 0
vt 0.01747854 0.02680486
vt 0 0
vt 0.03200000 0
vt 0.02771281 0.04250000
vt 0 0
vt 0.05073707 0
vt 0.07040064 0.02680486
vt 0 0
vt 0.07533094 0
vt 0.08306061 0.01805367
f 225/1321/225 238/1323/238 226/1322/226
f 225/1324/225 237/1326/237 238/1325/238
f 226/1327/226 239/1329/239 227/1328/227
f 226/1330/226 238/1332/238 239/1331/239
f 227/1333/227 240/1335/240 228/1334/228
f 227/1336/227 239/1338/239 240/1337/240
f 228/1339/228 241/1341/241 229/1340/229
f 228/1342/228 240/1344/240 241/1343/241
f 229/1345/229 242/1347/242 230/1346/230
f 229/1348/229 241/1350/241 242/1349/242
f 230/1351/230 243/1353/243 231/1352/231
f 230/1354/230 242/1356/242 243/1355/243
f 231/1357/231 244/1359/244 232/1358/232
f 231/1360/231 243/1362/243 244/1361/244
f 232/1363/232 245/1365/245 233/1364/233
f 232/1366/232 244/1368/244 245/1367/245
f 233/1369/233 246/1371/246 234/1370/234
f 233/1372/233 245/1374/245 246/1373/246
f 234/1375/234 247/1377/247 235/1376/235
f 234/1378/234 246/1380/246 247/1379/247
f 235/1381/235 248/1383/248 236/1382/236
f 235/1384/235 247/1386/247 248/1385/248
f 236/1387/236 237/1389/237 225/1388/225
f 236/1390/236 248/1392/248 237/1391/237
f 237/1393/237 250/1395/250 238/1394/238
f 237/1396/237 249/1398/249 250/1397/250
f 238/1399/238 251/1401/251 239/1400/239
f 238/1402/238 250/1404/250 251/1403/251
f 239/1405/239 252/1407/252 240/1406/240
f 239/1408/239 251/1410/251 252/1409/252
f 240/1411/240 253/1413/253 241/1412/241
f 240/1414/240 252/1416/252 253/1415/253
f 241/1417/241 254/1419/254 242/1418/242
f 241/1420/241 253/1422/253 254/1421/254
f 242/1423/242 255/1425/255 243/1424/243
f 242/1426/242 254/1428/254 255/1427/255
f 243/1429/243 256/1431/256 244/1430/244
f 243/1432/243 255/1434/255 256/1433/256
f 244/1435/244 257/1437/257 245/1436/245
f 244/1438/244 256/1440/256 257/1439/257
f 245/1441/245 258/1443/258 246/1442/246
f 245/1444/245 257/1446/257 258/1445/258
f 246/1447/246 259/1449/259 247/1448/247
f 246/1450/246 258/1452/258 259/1451/259
f 247/1453/247 260/1455/260 248/1454/248
f 247/1456/247 259/1458/259 260/1457/260
f 248/1459/248 249/1461/249 237/1460/237
f 248/1462/248 260/1464/260 249/1463/249
f 249/1465/249 262/1467/262 250/1466/250
f 249/1468/249 261/1470/261 262/1469/262
f 250/1471/250 263/1473/263 251/1472/251
f 250/1474/250 262/1476/262 263/1475/263
f 251/1477/251 264/1479/264 252/1478/252
f 251/1480/251 263/1482/263 264/1481/264
f 252/1483/252 265/1485/265 253/1484/253
f 252/1486/252 264/1488/264 265/1487/265
f 253/1489/253 266/1491/266 254/1490/254
f 253/1492/253 265/1494/265 266/1493/266
f 254/1495/254 267/1497/267 255/1496/255
f 254/1498/254 266/1500/266 267/1499/267
f 255/1501/255 268/1503/268 256/1502/256
f 255/1504/255 267/1506/267 268/1505/268
f 256/1507/256 269/1509/269 257/1508/257
f 256/1510/256 268/1512/268 269/1511/269
f 257/1513/257 270/1515/270 258/1514/258
f 257/1516/257 269/1518/269 270/1517/270
f 258/1519/258 271/1521/271 259/1520/259
f 258/1522/258 270/1524/270 271/1523/271
f 259/1525/259 272/1527/272 260/1526/260
f 259/1528/259 271/1530/271 272/1529/272
f 260/1531/260 261/1533/261 249/1532/249
f 260/1534/260 272/1536/272 261/1535/261
f 261/1537/261 274/1539/274 262/1538/262
f 261/1540/261 273/1542/273 274/1541/274
f 262/1543/262 275/1545/275 263/1544/263
f 262/1546/262 274/1548/274 275/1547/275
f 263/1549/263 276/1551/276 264/1550/264
f 263/1552/263 275/1554/275 276/1553/276
f 264/1555/264 277/1557/277 265/1556/265
f 264/1558/264 276/1560/276 277/1559/277
f 265/1561/265 278/1563/278 266/1562/266
f 265/1564/265 277/1566/277 278/1565/278
f 266/1567/266 279/1569/279 267/1568/267
f 266/1570/266 278/1572/278 279/1571/279
f 267/1573/267 280/1575/280 268/1574/268
f 267/1576/267 279/1578/279 280/1577/280
f 268/1579/268 281/1581/281 269/1580/269
f 268/1582/268 280/1584/280 281/1583/281
f 269/1585/269 282/1587/282 270/1586/270
f 269/1588/269 281/1590/281 282/1589/282
f 270/1591/270 283/1593/283 271/1592/271
f 270/1594/270 282/1596/282 283/1595/283
f 271/1597/271 284/1599/284 272/1598/272
f 271/1600/271 283/1602/283 284/1601/284
f 272/1603/272 273/1605/273 261/1604/261
f 272/1606/272 284/1608/284 273/1607/273
f 226/1609/226 285/1611/285 225/1610/225
f 227/1612/227 285/1614/285 226/1613/226
f 228/1615/228 285/1617/285 227/1616/227
f 229/1618/229 285/1620/285 228/1619/228
f 230/1621/230 285/1623/285 229/1622/229
f 231/1624/231 285/1626/285 230/1625/230
f 232/1627/232 285/1629/285 231/1628/231
f 233/1630/233 285/1632/285 232/1631/232
f 234/1633/234 285/1635/285 233/1634/233
f 235/1636/235 285/1638/285 234/1637/234
f 236/1639/236 285/1641/285 235/1640/235
f 225/1642/225 285/1644/285 236/1643/236
f 286/1645/286 274/1647/274 273/1646/273
f 286/1648/286 275/1650/275 274/1649/274
f 286/1651/286 276/1653/276 275/1652/275
f 286/1654/286 277/1656/277 276/1655/276
f 286/1657/286 278/1659/278 277/1658/277
f 286/1660/286 279/1662/279 278/1661/278
f 286/1663/286 280/1665/280 279/1664/279
f 286/1666/286 281/1668/281 280/1667/280
f 286/1669/286 282/1671/282 281/1670/281
f 286/1672/286 283/1674/283 282/1673/282
f 286/1675/286 284/1677/284 283/1676/283
f 286/1678/286 273/1680/273 284/1679/284
o SandalSoleR
usemtl Leather
s 1
v 11.8000000 4.1000000 0.0000000
v 11.7532157 2.4574381 0.0000000
v 11.6140148 0.8553216 0.0000000
v 11.3858248 -0.6669002 0.0000000
v 11.0742646 -2.0717451 0.0000000
v 10.6870058 -3.3246212 0.0000000
v 10.2335840 -4.3946784 0.0000000
v 9.7251639 -5.2555685 0.0000000
v 9.1742646 -5.8860934 0.0000000
v 8.5944510 -6.2707276 0.0000000
v 8.0000000 -6.4000000 0.0000000
v 7.4055490 -6.2707276 0.0000000
v 6.8257354 -5.8860934 0.0000000
v 6.2748361 -5.2555685 0.0000000
v 5.7664160 -4.3946784 0.0000000
v 5.3129942 -3.3246212 0.0000000
v 4.9257354 -2.0717451 0.0000000
v 4.6141752 -0.6669002 0.0000000
v 4.3859852 0.8553216 0.0000000
v 4.2467843 2.4574381 0.0000000
v 4.2000000 4.1000000 0.0000000
v 4.2467843 5.7425619 0.0000000
v 4.3859852 7.3446784 0.0000000
v 4.6141752 8.8669002 0.0000000
v 4.9257354 10.2717451 0.0000000
v 5.3129942 11.5246212 0.0000000
v 5.7664160 12.5946784 0.0000000
v 6.2748361 13.4555685 0.0000000
v 6.8257354 14.0860934 0.0000000
v 7.4055490 14.4707276 0.0000000
v 8.0000000 14.6000000 0.0000000
v 8.5944510 14.4707276 0.0000000
v 9.1742646 14.0860934 0.0000000
v 9.7251639 13.4555685 0.0000000
v 10.2335840 12.5946784 0.0000000
v 10.6870058 11.5246212 0.0000000
v 11.0742646 10.2717451 0.0000000
v 11.3858248 8.8669002 0.0000000
v 11.6140148 7.3446784 0.0000000
v 11.7532157 5.7425619 0.0000000
v 12.4000000 4.1000000 0.6000000
v 12.3458287 2.3792209 0.6000000
v 12.1846487 0.7008131 0.6000000
v 11.9204287 -0.8938955 0.6000000
v 11.5596748 -2.3656378 0.6000000
v 11.1112698 -3.6781746 0.6000000
v 10.5862551 -4.7991869 0.6000000
v 9.9975582 -5.7010718 0.6000000
v 9.3596748 -6.3616217 0.6000000
v 8.6883116 -6.7645717 0.6000000
v 8.0000000 -6.9000000 0.6000000
v 7.3116884 -6.7645717 0.6000000
v 6.6403252 -6.3616217 0.6000000
v 6.0024418 -5.7010718 0.6000000
v 5.4137449 -4.7991869 0.6000000
v 4.8887302 -3.6781746 0.6000000
v 4.4403252 -2.3656378 0.6000000
v 4.0795713 -0.8938955 0.6000000
v 3.8153513 0.7008131 0.6000000
v 3.6541713 2.3792209 0.6000000
v 3.6000000 4.1000000 0.6000000
v 3.6541713 5.8207791 0.6000000
v 3.8153513 7.4991869 0.6000000
v 4.0795713 9.0938955 0.6000000
v 4.4403252 10.5656378 0.6000000
v 4.8887302 11.8781746 0.6000000
v 5.4137449 12.9991869 0.6000000
v 6.0024418 13.9010718 0.6000000
v 6.6403252 14.5616217 0.6000000
v 7.3116884 14.9645717 0.6000000
v 8.0000000 15.1000000 0.6000000
v 8.6883116 14.9645717 0.6000000
v 9.3596748 14.5616217 0.6000000
v 9.9975582 13.9010718 0.6000000
v 10.5862551 12.9991869 0.6000000
v 11.1112698 11.8781746 0.6000000
v 11.5596748 10.5656378 0.6000000
v 11.9204287 9.0938955 0.6000000
v 12.1846487 7.4991869 0.6000000
v 12.3458287 5.8207791 0.6000000
v 12.4000000 4.1000000 1.9000000
v 12.3458287 2.3792209 1.9000000
v 12.1846487 0.7008131 1.9000000
v 11.9204287 -0.8938955 1.9000000
v 11.5596748 -2.3656378 1.9000000
v 11.1112698 -3.6781746 1.9000000
v 10.5862551 -4.7991869 1.9000000
v 9.9975582 -5.7010718 1.9000000
v 9.3596748 -6.3616217 1.9000000
v 8.6883116 -6.7645717 1.9000000
v 8.0000000 -6.9000000 1.9000000
v 7.3116884 -6.7645717 1.9000000
v 6.6403252 -6.3616217 1.9000000
v 6.0024418 -5.7010718 1.9000000
v 5.4137449 -4.7991869 1.9000000
v 4.8887302 -3.6781746 1.9000000
v 4.4403252 -2.3656378 1.9000000
v 4.0795713 -0.8938955 1.9000000
v 3.8153513 0.7008131 1.9000000
v 3.6541713 2.3792209 1.9000000
v 3.6000000 4.1000000 1.9000000
v 3.6541713 5.8207791 1.9000000
v 3.8153513 7.4991869 1.9000000
v 4.0795713 9.0938955 1.9000000
v 4.4403252 10.5656378 1.9000000
v 4.8887302 11.8781746 1.9000000
v 5.4137449 12.9991869 1.9000000
v 6.0024418 13.9010718 1.9000000
v 6.6403252 14.5616217 1.9000000
v 7.3116884 14.9645717 1.9000000
v 8.0000000 15.1000000 1.9000000
v 8.6883116 14.9645717 1.9000000
v 9.3596748 14.5616217 1.9000000
v 9.9975582 13.9010718 1.9000000
v 10.5862551 12.9991869 1.9000000
v 11.1112698 11.8781746 1.9000000
v 11.5596748 10.5656378 1.9000000
v 11.9204287 9.0938955 1.9000000
v 12.1846487 7.4991869 1.9000000
v 12.3458287 5.8207791 1.9000000
v 12.1000000 4.1000000 2.3000000
v 12.0495222 2.4574381 2.3000000
v 11.8993317 0.8553216 2.3000000
v 11.6531267 -0.6669002 2.3000000
v 11.3169697 -2.0717451 2.3000000
v 10.8991378 -3.3246212 2.3000000
v 10.4099195 -4.3946784 2.3000000
v 9.8613610 -5.2555685 2.3000000
v 9.2669697 -5.8860934 2.3000000
v 8.6413813 -6.2707276 2.3000000
v 8.0000000 -6.4000000 2.3000000
v 7.3586187 -6.2707276 2.3000000
v 6.7330303 -5.8860934 2.3000000
v 6.1386390 -5.2555685 2.3000000
v 5.5900805 -4.3946784 2.3000000
v 5.1008622 -3.3246212 2.3000000
v 4.6830303 -2.0717451 2.3000000
v 4.3468733 -0.6669002 2.3000000
v 4.1006683 0.8553216 2.3000000
v 3.9504778 2.4574381 2.3000000
v 3.9000000 4.1000000 2.3000000
v 3.9504778 5.7425619 2.3000000
v 4.1006683 7.3446784 2.3000000
v 4.3468733 8.8669002 2.3000000
v 4.6830303 10.2717451 2.3000000
v 5.1008622 11.5246212 2.3000000
v 5.5900805 12.5946784 2.3000000
v 6.1386390 13.4555685 2.3000000
v 6.7330303 14.0860934 2.3000000
v 7.3586187 14.4707276 2.3000000
v 8.0000000 14.6000000 2.3000000
v 8.6413813 14.4707276 2.3000000
v 9.2669697 14.0860934 2.3000000
v 9.8613610 13.4555685 2.3000000
v 10.4099195 12.5946784 2.3000000
v 10.8991378 11.5246212 2.3000000
v 11.3169697 10.2717451 2.3000000
v 11.6531267 8.8669002 2.3000000
v 11.8993317 7.3446784 2.3000000
v 12.0495222 5.7425619 2.3000000
v 8.0000000 4.1000000 0.0000000
v 8.0000000 4.1000000 2.3000000
vn 0.19049194 -0.00206141 -0.98168660
vn 0.18831657 -0.01327967 -0.98201859
vn 0.18265979 -0.02444771 -0.98287217
vn 0.17327950 -0.03547299 -0.98423365
vn 0.15985390 -0.04619051 -0.98605941
vn 0.14206892 -0.05633738 -0.98825226
vn 0.11974484 -0.06554184 -0.99063891
vn 0.09298974 -0.07333877 -0.99296240
vn 0.06234234 -0.07922214 -0.99490567
vn 0.02884285 -0.08273389 -0.99615420
vn -0.00602888 -0.08356826 -0.99648382
vn -0.04056272 -0.08165255 -0.99583509
vn -0.07311437 -0.07716722 -0.99433370
vn -0.10237523 -0.07049516 -0.99224480
vn -0.12751956 -0.06212510 -0.98988850
vn -0.14820272 -0.05255056 -0.98755982
vn -0.16445110 -0.04219627 -0.98548227
vn -0.17650936 -0.03138331 -0.98379852
vn -0.18469677 -0.02032698 -0.98258532
vn -0.18929787 -0.00915547 -0.98187703
vn -0.19049194 0.00206141 -0.98168660
vn -0.18831657 0.01327967 -0.98201859
vn -0.18265979 0.02444771 -0.98287217
vn -0.17327950 0.03547299 -0.98423365
vn -0.15985390 0.04619051 -0.98605941
vn -0.14206892 0.05633738 -0.98825226
vn -0.11974484 0.06554184 -0.99063891
vn -0.09298974 0.07333877 -0.99296240
vn -0.06234234 0.07922214 -0.99490567
vn -0.02884285 0.08273389 -0.99615420
vn 0.00602888 0.08356826 -0.99648382
vn 0.04056272 0.08165255 -0.99583509
vn 0.07311437 0.07716722 -0.99433370
vn 0.10237523 0.07049516 -0.99224480
vn 0.12751956 0.06212510 -0.98988850
vn 0.14820272 0.05255056 -0.98755982
vn 0.16445110 0.04219627 -0.98548227
vn 0.17650936 0.03138331 -0.98379852
vn 0.18469677 0.02032698 -0.98258532
vn 0.18929787 0.00915547 -0.98187703
vn 0.95470745 -0.00414217 -0.29751727
vn 0.95227929 -0.06398428 -0.29844627
vn 0.94676351 -0.12638774 -0.29608276
vn 0.93689466 -0.19417579 -0.29073039
vn 0.92009988 -0.27080277 -0.28298776
vn 0.89157401 -0.36070826 -0.27383452
vn 0.84233109 -0.46946294 -0.26473170
vn 0.75538906 -0.60252066 -0.25759703
vn 0.60043659 -0.75822481 -0.25410833
vn 0.33863853 -0.90620813 -0.25320104
vn -0.02466040 -0.96822107 -0.24887713
vn -0.38059052 -0.89337527 -0.23881267
vn -0.62953114 -0.74178076 -0.23119656
vn -0.77518619 -0.58770257 -0.23171546
vn -0.85665681 -0.45703592 -0.23928493
vn -0.90251906 -0.35008827 -0.25079384
vn -0.92857707 -0.26132099 -0.26354499
vn -0.94322543 -0.18534526 -0.27563188
vn -0.95101072 -0.11789972 -0.28579409
vn -0.95441777 -0.05565471 -0.29323928
vn -0.95470745 0.00414217 -0.29751727
vn -0.95227929 0.06398428 -0.29844627
vn -0.94676351 0.12638774 -0.29608276
vn -0.93689466 0.19417579 -0.29073039
vn -0.92009988 0.27080277 -0.28298776
vn -0.89157401 0.36070826 -0.27383452
vn -0.84233109 0.46946294 -0.26473170
vn -0.75538906 0.60252066 -0.25759703
vn -0.60043659 0.75822481 -0.25410833
vn -0.33863853 0.90620813 -0.25320104
vn 0.02466040 0.96822107 -0.24887713
vn 0.38059052 0.89337527 -0.23881267
vn 0.62953114 0.74178076 -0.23119656
vn 0.77518619 0.58770257 -0.23171546
vn 0.85665681 0.45703592 -0.23928493
vn 0.90251906 0.35008827 -0.25079384
vn 0.92857707 0.26132099 -0.26354499
vn 0.94322543 0.18534526 -0.27563188
vn 0.95101072 0.11789972 -0.28579409
vn 0.95441777 0.05565471 -0.29323928
vn 0.98515216 0.00565895 0.17159019
vn 0.98366321 -0.05642981 0.17094548
vn 0.97782610 -0.12068417 0.17114746
vn 0.96655275 -0.18971423 0.17258127
vn 0.94758752 -0.26669395 0.17593248
vn 0.91666101 -0.35568518 0.18226530
vn 0.86572963 -0.46176659 0.19309021
vn 0.77958283 -0.58996922 0.21020686
vn 0.63102873 -0.73946617 0.23450484
vn 0.38368727 -0.88555919 0.26185682
vn 0.03418778 -0.95997413 0.27799435
vn -0.32633728 -0.90589694 0.26991612
vn -0.59348965 -0.76626638 0.24618260
vn -0.75688044 -0.61462220 0.22219710
vn -0.85181564 -0.48246633 0.20404988
vn -0.90781133 -0.37299352 0.19171442
vn -0.94180950 -0.28153483 0.18366548
vn -0.96280109 -0.20287811 0.17847838
vn -0.97555128 -0.13278080 0.17512558
vn -0.98258505 -0.06793632 0.17294878
vn -0.98515216 -0.00565895 0.17159019
vn -0.98366321 0.05642981 0.17094548
vn -0.97782610 0.12068417 0.17114746
vn -0.96655275 0.18971423 0.17258127
vn -0.94758752 0.26669395 0.17593248
vn -0.91666101 0.35568518 0.18226530
vn -0.86572963 0.46176659 0.19309021
vn -0.77958283 0.58996922 0.21020686
vn -0.63102873 0.73946617 0.23450484
vn -0.38368727 0.88555919 0.26185682
vn -0.03418778 0.95997413 0.27799435
vn 0.32633728 0.90589694 0.26991612
vn 0.59348965 0.76626638 0.24618260
vn 0.75688044 0.61462220 0.22219710
vn 0.85181564 0.48246633 0.20404988
vn 0.90781133 0.37299352 0.19171442
vn 0.94180950 0.28153483 0.18366548
vn 0.96280109 0.20287811 0.17847838
vn 0.97555128 0.13278080 0.17512558
vn 0.98258505 0.06793632 0.17294878
vn 0.13258905 0.00143481 0.99117006
vn 0.13158800 -0.00675342 0.99128149
vn 0.12759399 -0.01481304 0.99171586
vn 0.12063869 -0.02258638 0.99243950
vn 0.11078801 -0.02990707 0.99339397
vn 0.09816093 -0.03659849 0.99449735
vn 0.08295192 -0.04247650 0.99564789
vn 0.06545197 -0.04735708 0.99673133
vn 0.04606174 -0.05106878 0.99763234
vn 0.02529119 -0.05346828 0.99824922
vn 0.00374156 -0.05445615 0.99850915
vn -0.01792947 -0.05398933 0.99838053
vn -0.03905420 -0.05208688 0.99787861
vn -0.05900346 -0.04882762 0.99706291
vn -0.07722736 -0.04434017 0.99602705
vn -0.09328087 -0.03878815 0.99488399
vn -0.10683140 -0.03235393 0.99375061
vn -0.11765067 -0.02522461 0.99273463
vn -0.12559611 -0.01758209 0.99192565
vn -0.13058812 -0.00959827 0.99139024
vn -0.13258905 -0.00143481 0.99117006
vn -0.13158800 0.00675342 0.99128149
vn -0.12759399 0.01481304 0.99171586
vn -0.12063869 0.02258638 0.99243950
vn -0.11078801 0.02990707 0.99339397
vn -0.09816093 0.03659849 0.99449735
vn -0.08295192 0.04247650 0.99564789
vn -0.06545197 0.04735708 0.99673133
vn -0.04606174 0.05106878 0.99763234
vn -0.02529119 0.05346828 0.99824922
vn -0.00374156 0.05445615 0.99850915
vn 0.01792947 0.05398933 0.99838053
vn 0.03905420 0.05208688 0.99787861
vn 0.05900346 0.04882762 0.99706291
vn 0.07722736 0.04434017 0.99602705
vn 0.09328087 0.03878815 0.99488399
vn 0.10683140 0.03235393 0.99375061
vn 0.11765067 0.02522461 0.99273463
vn 0.12559611 0.01758209 0.99192565
vn 0.13058812 0.00959827 0.99139024
vn 0.00000000 -0.00000000 -1.00000000
vn 0.00000000 -0.00000000 1.00000000
vt 0 0
vt 0.16432280 0
vt 0.17045413 0.08447182
vt 0 0
vt 0.19023695 0
vt 0.03613899 0.07677222
vt 0 0
vt 0.16081525 0
vt 0.17126872 0.08358041
vt 0 0
vt 0.19057455 0
vt 0.03951583 0.07491048
vt 0 0
vt 0.15392303 0
vt 0.16844625 0.08223356
vt 0 0
vt 0.18744732 0
vt 0.04295175 0.07245762
vt 0 0
vt 0.14389784 0
vt 0.16208012 0.08055659
vt 0 0
vt 0.18099539 0
vt 0.04632970 0.06947547
vt 0 0
vt 0.13113610 0
vt 0.15238567 0.07873027
vt 0 0
vt 0.17152215 0
vt 0.04956097 0.06605807
vt 0 0
vt 0.11621591 0
vt 0.13970138 0.07699658
vt 0 0
vt 0.15951473 0
vt 0.05257150 0.06233969
vt 0 0
vt 0.09998113 0
vt 0.12448962 0.07567068
vt 0 0
vt 0.14568362 0
vt 0.05527099 0.05852486
vt 0 0
vt 0.08372883 0
vt 0.10733958 0.07515034
vt 0 0
vt 0.13103190 0
vt 0.05748166 0.05497797
vt 0 0
vt 0.06957925 0
vt 0.08905742 0.07581240
vt 0 0
vt 0.11695616 0
vt 0.05879473 0.05242347
vt 0 0
vt 0.06083447 0
vt 0.07145940 0.07737642
vt 0 0
vt 0.10532596 0
vt 0.05838703 0.05213323
vt 0 0
vt 0.06083447 0
vt 0.05951205 0.07826347
vt 0 0
vt 0.09832016 0
vt 0.05515510 0.05529842
vt 0 0
vt 0.06957925 0
vt 0.05874254 0.07802311
vt 0 0
vt 0.09766418 0
vt 0.04881134 0.06119127
vt 0 0
vt 0.08372883 0
vt 0.06810231 0.07799058
vt 0 0
vt 0.10353963 0
vt 0.04101464 0.06725207
vt 0 0
vt 0.09998113 0
vt 0.08308472 0.07870548
vt 0 0
vt 0.11444484 0
vt 0.03418563 0.07181964
vt 0 0
vt 0.11621591 0
vt 0.10021537 0.07996238
vt 0 0
vt 0.12820726 0
vt 0.02961631 0.07485262
vt 0 0
vt 0.13113610 0
vt 0.11739224 0.08143136
vt 0 0
vt 0.14287059 0
vt 0.02738074 0.07681338
vt 0 0
vt 0.14389784 0
vt 0.13331174 0.08283246
vt 0 0
vt 0.15694979 0
vt 0.02705167 0.07802670
vt 0 0
vt 0.15392303 0
vt 0.14710252 0.08395499
vt 0 0
vt 0.16937412 0
vt 0.02813830 0.07862263
vt 0 0
vt 0.16081525 0
vt 0.15815251 0.08465218
vt 0 0
vt 0.17938285 0
vt 0.03022265 0.07862284
vt 0 0
vt 0.16432280 0
vt 0.16603106 0.08483562
vt 0 0
vt 0.18644944 0
vt 0.03297495 0.07801111
vt 0 0
vt 0.16432280 0
vt 0.17045413 0.08447182
vt 0 0
vt 0.19023695 0
vt 0.03613899 0.07677222
vt 0 0
vt 0.16081525 0
vt 0.17126872 0.08358041
vt 0 0
vt 0.19057455 0
vt 0.03951583 0.07491048
vt 0 0
vt 0.15392303 0
vt 0.16844625 0.08223356
vt 0 0
vt 0.18744732 0
vt 0.04295175 0.07245762
vt 0 0
vt 0.14389784 0
vt 0.16208012 0.08055659
vt 0 0
vt 0.18099539 0
vt 0.04632970 0.06947547
vt 0 0
vt 0.13113610 0
vt 0.15238567 0.07873027
vt 0 0
vt 0.17152215 0
vt 0.04956097 0.06605807
vt 0 0
vt 0.11621591 0
vt 0.13970138 0.07699658
vt 0 0
vt 0.15951473 0
vt 0.05257150 0.06233969
vt 0 0
vt 0.09998113 0
vt 0.12448962 0.07567068
vt 0 0
vt 0.14568362 0
vt 0.05527099 0.05852486
vt 0 0
vt 0.08372883 0
vt 0.10733958 0.07515034
vt 0 0
vt 0.13103190 0
vt 0.05748166 0.05497797
vt 0 0
vt 0.06957925 0
vt 0.08905742 0.07581240
vt 0 0
vt 0.11695616 0
vt 0.05879473 0.05242347
vt 0 0
vt 0.06083447 0
vt 0.07145940 0.07737642
vt 0 0
vt 0.10532596 0
vt 0.05838703 0.05213323
vt 0 0
vt 0.06083447 0
vt 0.05951205 0.07826347
vt 0 0
vt 0.09832016 0
vt 0.05515510 0.05529842
vt 0 0
vt 0.06957925 0
vt 0.05874254 0.07802311
vt 0 0
vt 0.09766418 0
vt 0.04881134 0.06119127
vt 0 0
vt 0.08372883 0
vt 0.06810231 0.07799058
vt 0 0
vt 0.10353963 0
vt 0.04101464 0.06725207
vt 0 0
vt 0.09998113 0
vt 0.08308472 0.07870548
vt 0 0
vt 0.11444484 0
vt 0.03418563 0.07181964
vt 0 0
vt 0.11621591 0
vt 0.10021537 0.07996238
vt 0 0
vt 0.12820726 0
vt 0.02961631 0.07485262
vt 0 0
vt 0.13113610 0
vt 0.11739224 0.08143136
vt 0 0
vt 0.14287059 0
vt 0.02738074 0.07681338
vt 0 0
vt 0.14389784 0
vt 0.13331174 0.08283246
vt 0 0
vt 0.15694979 0
vt 0.02705167 0.07802670
vt 0 0
vt 0.15392303 0
vt 0.14710252 0.08395499
vt 0 0
vt 0.16937412 0
vt 0.02813830 0.07862263
vt 0 0
vt 0.16081525 0
vt 0.15815251 0.08465218
vt 0 0
vt 0.17938285 0
vt 0.03022265 0.07862284
vt 0 0
vt 0.16432280 0
vt 0.16603106 0.08483562
vt 0 0
vt 0.18644944 0
vt 0.03297495 0.07801111
vt 0 0
vt 0.17216316 0
vt 0.17216316 0.13000000
vt 0 0
vt 0.21573167 0
vt 0.07833806 0.10374560
vt 0 0
vt 0.16861292 0
vt 0.16861292 0.13000000
vt 0 0
vt 0.21290918 0
vt 0.07937657 0.10295319
vt 0 0
vt 0.16164491 0
vt 0.16164491 0.13000000
vt 0 0
vt 0.20743451 0
vt 0.08147150 0.10130348
vt 0 0
vt 0.15153114 0
vt 0.15153114 0.13000000
vt 0 0
vt 0.19965392 0
vt 0.08464647 0.09866598
vt 0 0
vt 0.13870183 0
vt 0.13870183 0.13000000
vt 0 0
vt 0.19010050 0
vt 0.08890035 0.09485109
vt 0 0
vt 0.12378648 0
vt 0.12378648 0.13000000
vt 0 0
vt 0.17950791 0
vt 0.09414627 0.08964642
vt 0 0
vt 0.10770145 0
vt 0.10770145 0.13000000
vt 0 0
vt 0.16881825 0
vt 0.10010766 0.08293646
vt 0 0
vt 0.09182709 0
vt 0.09182709 0.13000000
vt 0 0
vt 0.15916097 0
vt 0.10618181 0.07500282
vt 0 0
vt 0.07830052 0
vt 0.07830052 0.13000000
vt 0 0
vt 0.15175959 0
vt 0.11136035 0.06707364
vt 0 0
vt 0.07015082 0
vt 0.07015082 0.13000000
vt 0 0
vt 0.14771979 0
vt 0.11440579 0.06173585
vt 0 0
vt 0.07015082 0
vt 0.07015082 0.13000000
vt 0 0
vt 0.14771979 0
vt 0.11440579 0.06173585
vt 0 0
vt 0.07830052 0
vt 0.07830052 0.13000000
vt 0 0
vt 0.15175959 0
vt 0.11136035 0.06707364
vt 0 0
vt 0.09182709 0
vt 0.09182709 0.13000000
vt 0 0
vt 0.15916097 0
vt 0.10618181 0.07500282
vt 0 0
vt 0.10770145 0
vt 0.10770145 0.13000000
vt 0 0
vt 0.16881825 0
vt 0.10010766 0.08293646
vt 0 0
vt 0.12378648 0
vt 0.12378648 0.13000000
vt 0 0
vt 0.17950791 0
vt 0.09414627 0.08964642
vt 0 0
vt 0.13870183 0
vt 0.13870183 0.13000000
vt 0 0
vt 0.19010050 0
vt 0.08890035 0.09485109
vt 0 0
vt 0.15153114 0
vt 0.15153114 0.13000000
vt 0 0
vt 0.19965392 0
vt 0.08464647 0.09866598
vt 0 0
vt 0.16164491 0
vt 0.16164491 0.13000000
vt 0 0
vt 0.20743451 0
vt 0.08147150 0.10130348
vt 0 0
vt 0.16861292 0
vt 0.16861292 0.13000000
vt 0 0
vt 0.21290918 0
vt 0.07937657 0.10295319
vt 0 0
vt 0.17216316 0
vt 0.17216316 0.13000000
vt 0 0
vt 0.21573167 0
vt 0.07833806 0.10374560
vt 0 0
vt 0.17216316 0
vt 0.17216316 0.13000000
vt 0 0
vt 0.21573167 0
vt 0.07833806 0.10374560
vt 0 0
vt 0.16861292 0
vt 0.16861292 0.13000000
vt 0 0
vt 0.21290918 0
vt 0.07937657 0.10295319
vt 0 0
vt 0.16164491 0
vt 0.16164491 0.13000000
vt 0 0
vt 0.20743451 0
vt 0.08147150 0.10130348
vt 0 0
vt 0.15153114 0
vt 0.15153114 0.13000000
vt 0 0
vt 0.19965392 0
vt 0.08464647 0.09866598
vt 0 0
vt 0.13870183 0
vt 0.13870183 0.13000000
vt 0 0
vt 0.19010050 0
vt 0.08890035 0.09485109
vt 0 0
vt 0.12378648 0
vt 0.12378648 0.13000000
vt 0 0
vt 0.17950791 0
vt 0.09414627 0.08964642
vt 0 0
vt 0.10770145 0
vt 0.10770145 0.13000000
vt 0 0
vt 0.16881825 0
vt 0.10010766 0.08293646
vt 0 0
vt 0.09182709 0
vt 0.09182709 0.13000000
vt 0 0
vt 0.15916097 0
vt 0.10618181 0.07500282
vt 0 0
vt 0.07830052 0
vt 0.07830052 0.13000000
vt 0 0
vt 0.15175959 0
vt 0.11136035 0.06707364
vt 0 0
vt 0.07015082 0
vt 0.07015082 0.13000000
vt 0 0
vt 0.14771979 0
vt 0.11440579 0.06173585
vt 0 0
vt 0.07015082 0
vt 0.07015082 0.13000000
vt 0 0
vt 0.14771979 0
vt 0.11440579 0.06173585
vt 0 0
vt 0.07830052 0
vt 0.07830052 0.13000000
vt 0 0
vt 0.15175959 0
vt 0.11136035 0.06707364
vt 0 0
vt 0.09182709 0
vt 0.09182709 0.13000000
vt 0 0
vt 0.15916097 0
vt 0.10618181 0.07500282
vt 0 0
vt 0.10770145 0
vt 0.10770145 0.13000000
vt 0 0
vt 0.16881825 0
vt 0.10010766 0.08293646
vt 0 0
vt 0.12378648 0
vt 0.12378648 0.13000000
vt 0 0
vt 0.17950791 0
vt 0.09414627 0.08964642
vt 0 0
vt 0.13870183 0
vt 0.13870183 0.13000000
vt 0 0
vt 0.19010050 0
vt 0.08890035 0.09485109
vt 0 0
vt 0.15153114 0
vt 0.15153114 0.13000000
vt 0 0
vt 0.19965392 0
vt 0.08464647 0.09866598
vt 0 0
vt 0.16164491 0
vt 0.16164491 0.13000000
vt 0 0
vt 0.20743451 0
vt 0.08147150 0.10130348
vt 0 0
vt 0.16861292 0
vt 0.16861292 0.13000000
vt 0 0
vt 0.21290918 0
vt 0.07937657 0.10295319
vt 0 0
vt 0.17216316 0
vt 0.17216316 0.13000000
vt 0 0
vt 0.21573167 0
vt 0.07833806 0.10374560
vt 0 0
vt 0.17216316 0
vt 0.16527764 0.04991738
vt 0 0
vt 0.17265122 0
vt 0.01535717 0.04758316
vt 0 0
vt 0.16861292 0
vt 0.15596022 0.04992690
vt 0 0
vt 0.16375679 0
vt 0.01057085 0.04926877
vt 0 0
vt 0.16164491 0
vt 0.14361992 0.05004869
vt 0 0
vt 0.15209061 0
vt 0.00659665 0.05108102
vt 0 0
vt 0.15153114 0
vt 0.12876504 0.05034373
vt 0 0
vt 0.13825674 0
vt 0.00390140 0.05305234
vt 0 0
vt 0.13870183 0
vt 0.11210299 0.05091662
vt 0 0
vt 0.12312426 0
vt 0.00312510 0.05516358
vt 0 0
vt 0.12378648 0
vt 0.09463303 0.05193544
vt 0 0
vt 0.10794767 0
vt 0.00513735 0.05721545
vt 0 0
vt 0.10770145 0
vt 0.07783985 0.05365177
vt 0 0
vt 0.09453864 0
vt 0.01091769 0.05854927
vt 0 0
vt 0.09182709 0
vt 0.06406022 0.05635791
vt 0 0
vt 0.08532248 0
vt 0.02075377 0.05778849
vt 0 0
vt 0.07830052 0
vt 0.05691021 0.06002749
vt 0 0
vt 0.08271682 0
vt 0.03261878 0.05369571
vt 0 0
vt 0.07015082 0
vt 0.06049817 0.06329950
vt 0 0
vt 0.08756058 0
vt 0.04252420 0.04746091
vt 0 0
vt 0.07015082 0
vt 0.07507988 0.06353385
vt 0 0
vt 0.09835414 0
vt 0.04825788 0.04208536
vt 0 0
vt 0.07830052 0
vt 0.09482345 0.06061523
vt 0 0
vt 0.11254196 0
vt 0.05035231 0.03905752
vt 0 0
vt 0.09182709 0
vt 0.11441293 0.05709735
vt 0 0
vt 0.12786879 0
vt 0.05000835 0.03803129
vt 0 0
vt 0.10770145 0
vt 0.13193621 0.05440487
vt 0 0
vt 0.14271319 0
vt 0.04805723 0.03821951
vt 0 0
vt 0.12378648 0
vt 0.14680719 0.05263123
vt 0 0
vt 0.15595639 0
vt 0.04496783 0.03905263
vt 0 0
vt 0.13870183 0
vt 0.15866658 0.05151888
vt 0 0
vt 0.16682110 0
vt 0.04102137 0.04021501
vt 0 0
vt 0.15153114 0
vt 0.16721427 0.05083120
vt 0 0
vt 0.17476963 0
vt 0.03642310 0.04154689
vt 0 0
vt 0.16164491 0
vt 0.17222424 0.05040698
vt 0 0
vt 0.17944931 0
vt 0.03135722 0.04297088
vt 0 0
vt 0.16861292 0
vt 0.17356638 0.05014597
vt 0 0
vt 0.18066518 0
vt 0.02601317 0.04445336
vt 0 0
vt 0.17216316 0
vt 0.17121921 0.04999109
vt 0 0
vt 0.17836795 0
vt 0.02059985 0.04598697
vt 0 0
vt 0.17216316 0
vt 0.16527764 0.04991738
vt 0 0
vt 0.17265122 0
vt 0.01535717 0.04758316
vt 0 0
vt 0.16861292 0
vt 0.15596022 0.04992690
vt 0 0
vt 0.16375679 0
vt 0.01057085 0.04926877
vt 0 0
vt 0.16164491 0
vt 0.14361992 0.05004869
vt 0 0
vt 0.15209061 0
vt 0.00659665 0.05108102
vt 0 0
vt 0.15153114 0
vt 0.12876504 0.05034373
vt 0 0
vt 0.13825674 0
vt 0.00390140 0.05305234
vt 0 0
vt 0.13870183 0
vt 0.11210299 0.05091662
vt 0 0
vt 0.12312426 0
vt 0.00312510 0.05516358
vt 0 0
vt 0.12378648 0
vt 0.09463303 0.05193544
vt 0 0
vt 0.10794767 0
vt 0.00513735 0.05721545
vt 0 0
vt 0.10770145 0
vt 0.07783985 0.05365177
vt 0 0
vt 0.09453864 0
vt 0.01091769 0.05854927
vt 0 0
vt 0.09182709 0
vt 0.06406022 0.05635791
vt 0 0
vt 0.08532248 0
vt 0.02075377 0.05778849
vt 0 0
vt 0.07830052 0
vt 0.05691021 0.06002749
vt 0 0
vt 0.08271682 0
vt 0.03261878 0.05369571
vt 0 0
vt 0.07015082 0
vt 0.06049817 0.06329950
vt 0 0
vt 0.08756058 0
vt 0.04252420 0.04746091
vt 0 0
vt 0.07015082 0
vt 0.07507988 0.06353385
vt 0 0
vt 0.09835414 0
vt 0.04825788 0.04208536
vt 0 0
vt 0.07830052 0
vt 0.09482345 0.06061523
vt 0 0
vt 0.11254196 0
vt 0.05035231 0.03905752
vt 0 0
vt 0.09182709 0
vt 0.11441293 0.05709735
vt 0 0
vt 0.12786879 0
vt 0.05000835 0.03803129
vt 0 0
vt 0.10770145 0
vt 0.13193621 0.05440487
vt 0 0
vt 0.14271319 0
vt 0.04805723 0.03821951
vt 0 0
vt 0.12378648 0
vt 0.14680719 0.05263123
vt 0 0
vt 0.15595639 0
vt 0.04496783 0.03905263
vt 0 0
vt 0.13870183 0
vt 0.15866658 0.05151888
vt 0 0
vt 0.16682110 0
vt 0.04102137 0.04021501
vt 0 0
vt 0.15153114 0
vt 0.16721427 0.05083120
vt 0 0
vt 0.17476963 0
vt 0.03642310 0.04154689
vt 0 0
vt 0.16164491 0
vt 0.17222424 0.05040698
vt 0 0
vt 0.17944931 0
vt 0.03135722 0.04297088
vt 0 0
vt 0.16861292 0
vt 0.17356638 0.05014597
vt 0 0
vt 0.18066518 0
vt 0.02601317 0.04445336
vt 0 0
vt 0.17216316 0
vt 0.17121921 0.04999109
vt 0 0
vt 0.17836795 0
vt 0.02059985 0.04598697
vt 0 0
vt 0.16432280 0
vt 0.15350383 0.37984596
vt 0 0
vt 0.16081525 0
vt 0.29196727 0.38813081
vt 0 0
vt 0.15392303 0
vt 0.42122795 0.40551016
vt 0 0
vt 0.14389784 0
vt 0.53597232 0.43376155
vt 0 0
vt 0.13113610 0
vt 0.62999915 0.47597381
vt 0 0
vt 0.11621591 0
vt 0.69500263 0.53708094
vt 0 0
vt 0.09998113 0
vt 0.71783625 0.62429131
vt 0 0
vt 0.08372883 0
vt 0.67474716 0.74547023
vt 0 0
vt 0.06957925 0
vt 0.52375745 0.89706842
vt 0 0
vt 0.06083447 0
vt 0.22312356 1.02601943
vt 0 0
vt 0.06083447 0
vt -0.16228909 1.02601943
vt 0 0
vt 0.06957925 0
vt -0.45417820 0.89706842
vt 0 0
vt 0.08372883 0
vt -0.59101833 0.74547023
vt 0 0
vt 0.09998113 0
vt -0.61785512 0.62429131
vt 0 0
vt 0.11621591 0
vt -0.57878672 0.53708094
vt 0 0
vt 0.13113610 0
vt -0.49886305 0.47597381
vt 0 0
vt 0.14389784 0
vt -0.39207448 0.43376155
vt 0 0
vt 0.15392303 0
vt -0.26730492 0.40551016
vt 0 0
vt 0.16081525 0
vt -0.13115202 0.38813081
vt 0 0
vt 0.16432280 0
vt 0.01081897 0.37984596
vt 0 0
vt 0.16432280 0
vt 0.15350383 0.37984596
vt 0 0
vt 0.16081525 0
vt 0.29196727 0.38813081
vt 0 0
vt 0.15392303 0
vt 0.42122795 0.40551016
vt 0 0
vt 0.14389784 0
vt 0.53597232 0.43376155
vt 0 0
vt 0.13113610 0
vt 0.62999915 0.47597381
vt 0 0
vt 0.11621591 0
vt 0.69500263 0.53708094
vt 0 0
vt 0.09998113 0
vt 0.71783625 0.62429131
vt 0 0
vt 0.08372883 0
vt 0.67474716 0.74547023
vt 0 0
vt 0.06957925 0
vt 0.52375745 0.89706842
vt 0 0
vt 0.06083447 0
vt 0.22312356 1.02601943
vt 0 0
vt 0.06083447 0
vt -0.16228909 1.02601943
vt 0 0
vt 0.06957925 0
vt -0.45417820 0.89706842
vt 0 0
vt 0.08372883 0
vt -0.59101833 0.74547023
vt 0 0
vt 0.09998113 0
vt -0.61785512 0.62429131
vt 0 0
vt 0.11621591 0
vt -0.57878672 0.53708094
vt 0 0
vt 0.13113610 0
vt -0.49886305 0.47597381
vt 0 0
vt 0.14389784 0
vt -0.39207448 0.43376155
vt 0 0
vt 0.15392303 0
vt -0.26730492 0.40551016
vt 0 0
vt 0.16081525 0
vt -0.13115202 0.38813081
vt 0 0
vt 0.16432280 0
vt 0.01081897 0.37984596
vt 0 0
vt 0.41000000 0
vt 0.40495222 0.16425619
vt 0 0
vt 0.43699702 0
vt 0.48329884 0.15410869
vt 0 0
vt 0.50727434 0
vt 0.58571485 0.13275861
vt 0 0
vt 0.60057200 0
vt 0.69163071 0.11213483
vt 0 0
vt 0.70066202 0
vt 0.79124058 0.09611630
vt 0 0
vt 0.79705709 0
vt 0.87893903 0.08449211
vt 0 0
vt 0.88299079 0
vt 0.95083977 0.07626924
vt 0 0
vt 0.95389374 0
vt 1.00413563 0.07060015
vt 0 0
vt 1.00661449 0
vt 1.03689809 0.06690251
vt 0 0
vt 1.03905419 0
vt 1.04799770 0.06481379
vt 0 0
vt 1.05000000 0
vt 1.03707276 0.06413813
vt 0 0
vt 1.03905419 0
vt 1.00452572 0.06481379
vt 0 0
vt 1.00661449 0
vt 0.95154470 0.06690251
vt 0 0
vt 0.95389374 0
vt 0.88016383 0.07060015
vt 0 0
vt 0.88299079 0
vt 0.79339965 0.07626924
vt 0 0
vt 0.79705709 0
vt 0.69554895 0.08449211
vt 0 0
vt 0.70066202 0
vt 0.59283083 0.09611630
vt 0 0
vt 0.60057200 0
vt 0.49472522 0.11213483
vt 0 0
vt 0.50727434 0
vt 0.41634306 0.13275861
vt 0 0
vt 0.43699702 0
vt 0.37993488 0.15410869
vt 0 0
vt 0.41000000 0
vt 0.40495222 0.16425619
vt 0 0
vt 0.43699702 0
vt 0.48329884 0.15410869
vt 0 0
vt 0.50727434 0
vt 0.58571485 0.13275861
vt 0 0
vt 0.60057200 0
vt 0.69163071 0.11213483
vt 0 0
vt 0.70066202 0
vt 0.79124058 0.09611630
vt 0 0
vt 0.79705709 0
vt 0.87893903 0.08449211
vt 0 0
vt 0.88299079 0
vt 0.95083977 0.07626924
vt 0 0
vt 0.95389374 0
vt 1.00413563 0.07060015
vt 0 0
vt 1.00661449 0
vt 1.03689809 0.06690251
vt 0 0
vt 1.03905419 0
vt 1.04799770 0.06481379
vt 0 0
vt 1.05000000 0
vt 1.03707276 0.06413813
vt 0 0
vt 1.03905419 0
vt 1.00452572 0.06481379
vt 0 0
vt 1.00661449 0
vt 0.95154470 0.06690251
vt 0 0
vt 0.95389374 0
vt 0.88016383 0.07060015
vt 0 0
vt 0.88299079 0
vt 0.79339965 0.07626924
vt 0 0
vt 0.79705709 0
vt 0.69554895 0.08449211
vt 0 0
vt 0.70066202 0
vt 0.59283083 0.09611630
vt 0 0
vt 0.60057200 0
vt 0.49472522 0.11213483
vt 0 0
vt 0.50727434 0
vt 0.41634306 0.13275861
vt 0 0
vt 0.43699702 0
vt 0.37993488 0.15410869
f 287/1681/287 328/1683/328 288/1682/288
f 287/1684/287 327/1686/327 328/1685/328
f 288/1687/288 329/1689/329 289/1688/289
f 288/1690/288 328/1692/328 329/1691/329
f 289/1693/289 330/1695/330 290/1694/290
f 289/1696/289 329/1698/329 330/1697/330
f 290/1699/290 331/1701/331 291/1700/291
f 290/1702/290 330/1704/330 331/1703/331
f 291/1705/291 332/1707/332 292/1706/292
f 291/1708/291 331/1710/331 332/1709/332
f 292/1711/292 333/1713/333 293/1712/293
f 292/1714/292 332/1716/332 333/1715/333
f 293/1717/293 334/1719/334 294/1718/294
f 293/1720/293 333/1722/333 334/1721/334
f 294/1723/294 335/1725/335 295/1724/295
f 294/1726/294 334/1728/334 335/1727/335
f 295/1729/295 336/1731/336 296/1730/296
f 295/1732/295 335/1734/335 336/1733/336
f 296/1735/296 337/1737/337 297/1736/297
f 296/1738/296 336/1740/336 337/1739/337
f 297/1741/297 338/1743/338 298/1742/298
f 297/1744/297 337/1746/337 338/1745/338
f 298/1747/298 339/1749/339 299/1748/299
f 298/1750/298 338/1752/338 339/1751/339
f 299/1753/299 340/1755/340 300/1754/300
f 299/1756/299 339/1758/339 340/1757/340
f 300/1759/300 341/1761/341 301/1760/301
f 300/1762/300 340/1764/340 341/1763/341
f 301/1765/301 342/1767/342 302/1766/302
f 301/1768/301 341/1770/341 342/1769/342
f 302/1771/302 343/1773/343 303/1772/303
f 302/1774/302 342/1776/342 343/1775/343
f 303/1777/303 344/1779/344 304/1778/304
f 303/1780/303 343/1782/343 344/1781/344
f 304/1783/304 345/1785/345 305/1784/305
f 304/1786/304 344/1788/344 345/1787/345
f 305/1789/305 346/1791/346 306/1790/306
f 305/1792/305 345/1794/345 346/1793/346
f 306/1795/306 347/1797/347 307/1796/307
f 306/1798/306 346/1800/346 347/1799/347
f 307/1801/307 348/1803/348 308/1802/308
f 307/1804/307 347/1806/347 348/1805/348
f 308/1807/308 349/1809/349 309/1808/309
f 308/1810/308 348/1812/348 349/1811/349
f 309/1813/309 350/1815/350 310/1814/310
f 309/1816/309 349/1818/349 350/1817/350
f 310/1819/310 351/1821/351 311/1820/311
f 310/1822/310 350/1824/350 351/1823/351
f 311/1825/311 352/1827/352 312/1826/312
f 311/1828/311 351/1830/351 352/1829/352
f 312/1831/312 353/1833/353 313/1832/313
f 312/1834/312 352/1836/352 353/1835/353
f 313/1837/313 354/1839/354 314/1838/314
f 313/1840/313 353/1842/353 354/1841/354
f 314/1843/314 355/1845/355 315/1844/315
f 314/1846/314 354/1848/354 355/1847/355
f 315/1849/315 356/1851/356 316/1850/316
f 315/1852/315 355/1854/355 356/1853/356
f 316/1855/316 357/1857/357 317/1856/317
f 316/1858/316 356/1860/356 357/1859/357
f 317/1861/317 358/1863/358 318/1862/318
f 317/1864/317 357/1866/357 358/1865/358
f 318/1867/318 359/1869/359 319/1868/319
f 318/1870/318 358/1872/358 359/1871/359
f 319/1873/319 360/1875/360 320/1874/320
f 319/1876/319 359/1878/359 360/1877/360
f 320/1879/320 361/1881/361 321/1880/321
f 320/1882/320 360/1884/360 361/1883/361
f 321/1885/321 362/1887/362 322/1886/322
f 321/1888/321 361/1890/361 362/1889/362
f 322/1891/322 363/1893/363 323/1892/323
f 322/1894/322 362/1896/362 363/1895/363
f 323/1897/323 364/1899/364 324/1898/324
f 323/1900/323 363/1902/363 364/1901/364
f 324/1903/324 365/1905/365 325/1904/325
f 324/1906/324 364/1908/364 365/1907/365
f 325/1909/325 366/1911/366 326/1910/326
f 325/1912/325 365/1914/365 366/1913/366
f 326/1915/326 327/1917/327 287/1916/287
f 326/1918/326 366/1920/366 327/1919/327
f 327/1921/327 368/1923/368 328/1922/328
f 327/1924/327 367/1926/367 368/1925/368
f 328/1927/328 369/1929/369 329/1928/329
f 328/1930/328 368/1932/368 369/1931/369
f 329/1933/329 370/1935/370 330/1934/330
f 329/1936/329 369/1938/369 370/1937/370
f 330/1939/330 371/1941/371 331/1940/331
f 330/1942/330 370/1944/370 371/1943/371
f 331/1945/331 372/1947/372 332/1946/332
f 331/1948/331 371/1950/371 372/1949/372
f 332/1951/332 373/1953/373 333/1952/333
f 332/1954/332 372/1956/372 373/1955/373
f 333/1957/333 374/1959/374 334/1958/334
f 333/1960/333 373/1962/373 374/1961/374
f 334/1963/334 375/1965/375 335/1964/335
f 334/1966/334 374/1968/374 375/1967/375
f 335/1969/335 376/1971/376 336/1970/336
f 335/1972/335 375/1974/375 376/1973/376
f 336/1975/336 377/1977/377 337/1976/337
f 336/1978/336 376/1980/376 377/1979/377
f 337/1981/337 378/1983/378 338/1982/338
f 337/1984/337 377/1986/377 378/1985/378
f 338/1987/338 379/1989/379 339/1988/339
f 338/1990/338 378/1992/378 379/1991/379
f 339/1993/339 380/1995/380 340/1994/340
f 339/1996/339 379/1998/379 380/1997/380
f 340/1999/340 381/2001/381 341/2000/341
f 340/2002/340 380/2004/380 381/2003/381
f 341/2005/341 382/2007/382 342/2006/342
f 341/2008/341 381/2010/381 382/2009/382
f 342/2011/342 383/2013/383 343/2012/343
f 342/2014/342 382/2016/382 383/2015/383
f 343/2017/343 384/2019/384 344/2018/344
f 343/2020/343 383/2022/383 384/2021/384
f 344/2023/344 385/2025/385 345/2024/345
f 344/2026/344 384/2028/384 385/2027/385
f 345/2029/345 386/2031/386 346/2030/346
f 345/2032/345 385/2034/385 386/2033/386
f 346/2035/346 387/2037/387 347/2036/347
f 346/2038/346 386/2040/386 387/2039/387
f 347/2041/347 388/2043/388 348/2042/348
f 347/2044/347 387/2046/387 388/2045/388
f 348/2047/348 389/2049/389 349/2048/349
f 348/2050/348 388/2052/388 389/2051/389
f 349/2053/349 390/2055/390 350/2054/350
f 349/2056/349 389/2058/389 390/2057/390
f 350/2059/350 391/2061/391 351/2060/351
f 350/2062/350 390/2064/390 391/2063/391
f 351/2065/351 392/2067/392 352/2066/352
f 351/2068/351 391/2070/391 392/2069/392
f 352/2071/352 393/2073/393 353/2072/353
f 352/2074/352 392/2076/392 393/2075/393
f 353/2077/353 394/2079/394 354/2078/354
f 353/2080/353 393/2082/393 394/2081/394
f 354/2083/354 395/2085/395 355/2084/355
f 354/2086/354 394/2088/394 395/2087/395
f 355/2089/355 396/2091/396 356/2090/356
f 355/2092/355 395/2094/395 396/2093/396
f 356/2095/356 397/2097/397 357/2096/357
f 356/2098/356 396/2100/396 397/2099/397
f 357/2101/357 398/2103/398 358/2102/358
f 357/2104/357 397/2106/397 398/2105/398
f 358/2107/358 399/2109/399 359/2108/359
f 358/2110/358 398/2112/398 399/2111/399
f 359/2113/359 400/2115/400 360/2114/360
f 359/2116/359 399/2118/399 400/2117/400
f 360/2119/360 401/2121/401 361/2120/361
f 360/2122/360 400/2124/400 401/2123/401
f 361/2125/361 402/2127/402 362/2126/362
f 361/2128/361 401/2130/401 402/2129/402
f 362/2131/362 403/2133/403 363/2132/363
f 362/2134/362 402/2136/402 403/2135/403
f 363/2137/363 404/2139/404 364/2138/364
f 363/2140/363 403/2142/403 404/2141/404
f 364/2143/364 405/2145/405 365/2144/365
f 364/2146/364 404/2148/404 405/2147/405
f 365/2149/365 406/2151/406 366/2150/366
f 365/2152/365 405/2154/405 406/2153/406
f 366/2155/366 367/2157/367 327/2156/327
f 366/2158/366 406/2160/406 367/2159/367
f 367/2161/367 408/2163/408 368/2162/368
f 367/2164/367 407/2166/407 408/2165/408
f 368/2167/368 409/2169/409 369/2168/369
f 368/2170/368 408/2172/408 409/2171/409
f 369/2173/369 410/2175/410 370/2174/370
f 369/2176/369 409/2178/409 410/2177/410
f 370/2179/370 411/2181/411 371/2180/371
f 370/2182/370 410/2184/410 411/2183/411
f 371/2185/371 412/2187/412 372/2186/372
f 371/2188/371 411/2190/411 412/2189/412
f 372/2191/372 413/2193/413 373/2192/373
f 372/2194/372 412/2196/412 413/2195/413
f 373/2197/373 414/2199/414 374/2198/374
f 373/2200/373 413/2202/413 414/2201/414
f 374/2203/374 415/2205/415 375/2204/375
f 374/2206/374 414/2208/414 415/2207/415
f 375/2209/375 416/2211/416 376/2210/376
f 375/2212/375 415/2214/415 416/2213/416
f 376/2215/376 417/2217/417 377/2216/377
f 376/2218/376 416/2220/416 417/2219/417
f 377/2221/377 418/2223/418 378/2222/378
f 377/2224/377 417/2226/417 418/2225/418
f 378/2227/378 419/2229/419 379/2228/379
f 378/2230/378 418/2232/418 419/2231/419
f 379/2233/379 420/2235/420 380/2234/380
f 379/2236/379 419/2238/419 420/2237/420
f 380/2239/380 421/2241/421 381/2240/381
f 380/2242/380 420/2244/420 421/2243/421
f 381/2245/381 422/2247/422 382/2246/382
f 381/2248/381 421/2250/421 422/2249/422
f 382/2251/382 423/2253/423 383/2252/383
f 382/2254/382 422/2256/422 423/2255/423
f 383/2257/383 424/2259/424 384/2258/384
f 383/2260/383 423/2262/423 424/2261/424
f 384/2263/384 425/2265/425 385/2264/385
f 384/2266/384 424/2268/424 425/2267/425
f 385/2269/385 426/2271/426 386/2270/386
f 385/2272/385 425/2274/425 426/2273/426
f 386/2275/386 427/2277/427 387/2276/387
f 386/2278/386 426/2280/426 427/2279/427
f 387/2281/387 428/2283/428 388/2282/388
f 387/2284/387 427/2286/427 428/2285/428
f 388/2287/388 429/2289/429 389/2288/389
f 388/2290/388 428/2292/428 429/2291/429
f 389/2293/389 430/2295/430 390/2294/390
f 389/2296/389 429/2298/429 430/2297/430
f 390/2299/390 431/2301/431 391/2300/391
f 390/2302/390 430/2304/430 431/2303/431
f 391/2305/391 432/2307/432 392/2306/392
f 391/2308/391 431/2310/431 432/2309/432
f 392/2311/392 433/2313/433 393/2312/393
f 392/2314/392 432/2316/432 433/2315/433
f 393/2317/393 434/2319/434 394/2318/394
f 393/2320/393 433/2322/433 434/2321/434
f 394/2323/394 435/2325/435 395/2324/395
f 394/2326/394 434/2328/434 435/2327/435
f 395/2329/395 436/2331/436 396/2330/396
f 395/2332/395 435/2334/435 436/2333/436
f 396/2335/396 437/2337/437 397/2336/397
f 396/2338/396 436/2340/436 437/2339/437
f 397/2341/397 438/2343/438 398/2342/398
f 397/2344/397 437/2346/437 438/2345/438
f 398/2347/398 439/2349/439 399/2348/399
f 398/2350/398 438/2352/438 439/2351/439
f 399/2353/399 440/2355/440 400/2354/400
f 399/2356/399 439/2358/439 440/2357/440
f 400/2359/400 441/2361/441 401/2360/401
f 400/2362/400 440/2364/440 441/2363/441
f 401/2365/401 442/2367/442 402/2366/402
f 401/2368/401 441/2370/441 442/2369/442
f 402/2371/402 443/2373/443 403/2372/403
f 402/2374/402 442/2376/442 443/2375/443
f 403/2377/403 444/2379/444 404/2378/404
f 403/2380/403 443/2382/443 444/2381/444
f 404/2383/404 445/2385/445 405/2384/405
f 404/2386/404 444/2388/444 445/2387/445
f 405/2389/405 446/2391/446 406/2390/406
f 405/2392/405 445/2394/445 446/2393/446
f 406/2395/406 407/2397/407 367/2396/367
f 406/2398/406 446/2400/446 407/2399/407
f 288/2401/288 447/2403/447 287/2402/287
f 289/2404/289 447/2406/447 288/2405/288
f 290/2407/290 447/2409/447 289/2408/289
f 291/2410/291 447/2412/447 290/2411/290
f 292/2413/292 447/2415/447 291/2414/291
f 293/2416/293 447/2418/447 292/2417/292
f 294/2419/294 447/2421/447 293/2420/293
f 295/2422/295 447/2424/447 294/2423/294
f 296/2425/296 447/2427/447 295/2426/295
f 297/2428/297 447/2430/447 296/2429/296
f 298/2431/298 447/2433/447 297/2432/297
f 299/2434/299 447/2436/447 298/2435/298
f 300/2437/300 447/2439/447 299/2438/299
f 301/2440/301 447/2442/447 300/2441/300
f 302/2443/302 447/2445/447 301/2444/301
f 303/2446/303 447/2448/447 302/2447/302
f 304/2449/304 447/2451/447 303/2450/303
f 305/2452/305 447/2454/447 304/2453/304
f 306/2455/306 447/2457/447 305/2456/305
f 307/2458/307 447/2460/447 306/2459/306
f 308/2461/308 447/2463/447 307/2462/307
f 309/2464/309 447/2466/447 308/2465/308
f 310/2467/310 447/2469/447 309/2468/309
f 311/2470/311 447/2472/447 310/2471/310
f 312/2473/312 447/2475/447 311/2474/311
f 313/2476/313 447/2478/447 312/2477/312
f 314/2479/314 447/2481/447 313/2480/313
f 315/2482/315 447/2484/447 314/2483/314
f 316/2485/316 447/2487/447 315/2486/315
f 317/2488/317 447/2490/447 316/2489/316
f 318/2491/318 447/2493/447 317/2492/317
f 319/2494/319 447/2496/447 318/2495/318
f 320/2497/320 447/2499/447 319/2498/319
f 321/2500/321 447/2502/447 320/2501/320
f 322/2503/322 447/2505/447 321/2504/321
f 323/2506/323 447/2508/447 322/2507/322
f 324/2509/324 447/2511/447 323/2510/323
f 325/2512/325 447/2514/447 324/2513/324
f 326/2515/326 447/2517/447 325/2516/325
f 287/2518/287 447/2520/447 326/2519/326
f 448/2521/448 408/2523/408 407/2522/407
f 448/2524/448 409/2526/409 408/2525/408
f 448/2527/448 410/2529/410 409/2528/409
f 448/2530/448 411/2532/411 410/2531/410
f 448/2533/448 412/2535/412 411/2534/411
f 448/2536/448 413/2538/413 412/2537/412
f 448/2539/448 414/2541/414 413/2540/413
f 448/2542/448 415/2544/415 414/2543/414
f 448/2545/448 416/2547/416 415/2546/415
f 448/2548/448 417/2550/417 416/2549/416
f 448/2551/448 418/2553/418 417/2552/417
f 448/2554/448 419/2556/419 418/2555/418
f 448/2557/448 420/2559/420 419/2558/419
f 448/2560/448 421/2562/421 420/2561/420
f 448/2563/448 422/2565/422 421/2564/421
f 448/2566/448 423/2568/423 422/2567/422
f 448/2569/448 424/2571/424 423/2570/423
f 448/2572/448 425/2574/425 424/2573/424
f 448/2575/448 426/2577/426 425/2576/425
f 448/2578/448 427/2580/427 426/2579/426
f 448/2581/448 428/2583/428 427/2582/427
f 448/2584/448 429/2586/429 428/2585/428
f 448/2587/448 430/2589/430 429/2588/429
f 448/2590/448 431/2592/431 430/2591/430
f 448/2593/448 432/2595/432 431/2594/431
f 448/2596/448 433/2598/433 432/2597/432
f 448/2599/448 434/2601/434 433/2600/433
f 448/2602/448 435/2604/435 434/2603/434
f 448/2605/448 436/2607/436 435/2606/435
f 448/2608/448 437/2610/437 436/2609/436
f 448/2611/448 438/2613/438 437/2612/437
f 448/2614/448 439/2616/439 438/2615/438
f 448/2617/448 440/2619/440 439/2618/439
f 448/2620/448 441/2622/441 440/2621/440
f 448/2623/448 442/2625/442 441/2624/441
f 448/2626/448 443/2628/443 442/2627/442
f 448/2629/448 444/2631/444 443/2630/443
f 448/2632/448 445/2634/445 444/2633/444
f 448/2635/448 446/2637/446 445/2636/445
f 448/2638/448 407/2640/407 446/2639/446
o SandalStrapR0
usemtl Leather
s 1
v 5.0063808 8.5000000 2.9312064
v 4.8983463 8.3400000 2.9672179
v 4.6031904 8.2228719 3.0656032
v 4.2000000 8.1800000 3.2000000
v 3.7968096 8.2228719 3.3343968
v 3.5016537 8.3400000 3.4327821
v 3.3936192 8.5000000 3.4687936
v 3.5016537 8.6600000 3.4327821
v 3.7968096 8.7771281 3.3343968
v 4.2000000 8.8200000 3.2000000
v 4.6031904 8.7771281 3.0656032
v 4.8983463 8.6600000 2.9672179
v 5.9432996 8.5000000 5.9444231
v 5.8571138 8.3400000 6.0188563
v 5.6216498 8.2228719 6.2222116
v 5.3000000 8.1800000 6.5000000
v 4.9783502 8.2228719 6.7777884
v 4.7428862 8.3400000 6.9811437
v 4.6567004 8.5000000 7.0555769
v 4.7428862 8.6600000 6.9811437
v 4.9783502 8.7771281 6.7777884
v 5.3000000 8.8200000 6.5000000
v 5.6216498 8.7771281 6.2222116
v 5.8571138 8.6600000 6.0188563
v 8.0000000 8.5000000 6.7500000
v 8.0000000 8.3400000 6.8638784
v 8.0000000 8.2228719 7.1750000
v 8.0000000 8.1800000 7.6000000
v 8.0000000 8.2228719 8.0250000
v 8.0000000 8.3400000 8.3361216
v 8.0000000 8.5000000 8.4500000
v 8.0000000 8.6600000 8.3361216
v 8.0000000 8.7771281 8.0250000
v 8.0000000 8.8200000 7.6000000
v 8.0000000 8.7771281 7.1750000
v 8.0000000 8.6600000 6.8638784
v 10.0567004 8.5000000 5.9444231
v 10.1428862 8.3400000 6.0188563
v 10.3783502 8.2228719 6.2222116
v 10.7000000 8.1800000 6.5000000
v 11.0216498 8.2228719 6.7777884
v 11.2571138 8.3400000 6.9811437
v 11.3432996 8.5000000 7.0555769
v 11.2571138 8.6600000 6.9811437
v 11.0216498 8.7771281 6.7777884
v 10.7000000 8.8200000 6.5000000
v 10.3783502 8.7771281 6.2222116
v 10.1428862 8.6600000 6.0188563
v 10.9936192 8.5000000 2.9312064
v 11.1016537 8.3400000 2.9672179
v 11.3968096 8.2228719 3.0656032
v 11.8000000 8.1800000 3.2000000
v 12.2031904 8.2228719 3.3343968
v 12.4983463 8.3400000 3.4327821
v 12.6063808 8.5000000 3.4687936
v 12.4983463 8.6600000 3.4327821
v 12.2031904 8.7771281 3.3343968
v 11.8000000 8.8200000 3.2000000
v 11.3968096 8.7771281 3.0656032
v 11.1016537 8.6600000 2.9672179
v 4.2000000 8.5000000 3.2000000
v 11.8000000 8.5000000 3.2000000
vn 0.86684867 -0.21211467 -0.45119924
vn 0.42616412 -0.87149915 -0.24263836
vn 0.14454283 -0.98210644 -0.12072415
vn -0.05305616 -0.99748039 -0.04709478
vn -0.26901664 -0.96293763 0.01952328
vn -0.63081918 -0.76801121 0.11057102
vn -0.95981956 0.21215785 0.18367214
vn -0.48463610 0.87159506 0.07382345
vn -0.18889528 0.98198294 -0.00529881
vn 0.01156036 0.99742891 -0.07072424
vn 0.22282208 0.96277201 -0.15303714
vn 0.56401545 0.76698788 -0.30596758
vn 0.78442307 0.05108287 -0.61811891
vn 0.43516135 -0.83574473 -0.33491096
vn 0.17112053 -0.97737676 -0.12430779
vn 0.01071960 -0.99987930 0.01124617
vn -0.14416651 -0.97795017 0.15109430
vn -0.38591974 -0.84366715 0.37321802
vn -0.73496302 -0.01765298 0.67787738
vn -0.41403287 0.83646756 0.35902478
vn -0.17042599 0.97660389 0.13114809
vn -0.01423580 0.99987527 -0.00684073
vn 0.14501055 0.98005038 -0.13591616
vn 0.39921690 0.85510634 -0.33078545
vn -0.00000000 -0.00000000 -1.00000000
vn 0.00526314 -0.83751669 -0.54638639
vn 0.00966670 -0.97756747 -0.21040057
vn 0.01387358 -0.99989553 0.00405676
vn 0.01665670 -0.97566380 0.21863829
vn 0.01584440 -0.83223275 0.55419996
vn -0.00000000 0.00000000 1.00000000
vn -0.01584440 0.83223275 0.55419996
vn -0.01665670 0.97566380 0.21863829
vn -0.01387358 0.99989553 0.00405676
vn -0.00966670 0.97756747 -0.21040057
vn -0.00526314 0.83751669 -0.54638639
vn -0.78442307 -0.05108287 -0.61811891
vn -0.39921690 -0.85510634 -0.33078545
vn -0.14501055 -0.98005038 -0.13591616
vn 0.01423580 -0.99987527 -0.00684073
vn 0.17042599 -0.97660389 0.13114809
vn 0.41403287 -0.83646756 0.35902478
vn 0.73496302 0.01765298 0.67787738
vn 0.38591974 0.84366715 0.37321802
vn 0.14416651 0.97795017 0.15109430
vn -0.01071960 0.99987930 0.01124617
vn -0.17112053 0.97737676 -0.12430779
vn -0.43516135 0.83574473 -0.33491096
vn -0.86684867 0.21211467 -0.45119924
vn -0.56401545 -0.76698788 -0.30596758
vn -0.22282208 -0.96277201 -0.15303714
vn -0.01156036 -0.99742891 -0.07072424
vn 0.18889528 -0.98198294 -0.00529881
vn 0.48463610 -0.87159506 0.07382345
vn 0.95981956 -0.21215785 0.18367214
vn 0.63081918 0.76801121 0.11057102
vn 0.26901664 0.96293763 0.01952328
vn 0.05305616 0.99748039 -0.04709478
vn -0.14454283 0.98210644 -0.12072415
vn -0.42616412 0.87149915 -0.24263836
vn -0.31622777 0.00000000 -0.94868330
vn 0.31622777 -0.00000000 -0.94868330
vt 0 0
vt 0.01963881 0
vt 0.02285393 0.31985463
vt 0 0
vt 0.32067006 0
vt 0.31499124 0.01879984
vt 0 0
vt 0.03324389 0
vt 0.03623980 0.33167059
vt 0 0
vt 0.33364458 0
vt 0.31849891 0.02959333
vt 0 0
vt 0.04271569 0
vt 0.04271569 0.34785054
vt 0 0
vt 0.35046345 0
vt 0.32958409 0.03726503
vt 0 0
vt 0.04271569 0
vt 0.03953067 0.36403255
vt 0 0
vt 0.36617260 0
vt 0.34581744 0.03755393
vt 0 0
vt 0.03324389 0
vt 0.02805483 0.37588343
vt 0 0
vt 0.37692895 0
vt 0.36280063 0.03009231
vt 0 0
vt 0.01963881 0
vt 0.01592631 0.38025005
vt 0 0
vt 0.38058343 0
vt 0.37544113 0.01895362
vt 0 0
vt 0.01963881 0
vt 0.02285393 0.37590550
vt 0 0
vt 0.37659959 0
vt 0.37977399 0.01938056
vt 0 0
vt 0.03324389 0
vt 0.03623980 0.36403416
vt 0 0
vt 0.36583356 0
vt 0.37454781 0.03208143
vt 0 0
vt 0.04271569 0
vt 0.04271569 0.34785054
vt 0 0
vt 0.35046345 0
vt 0.36170654 0.04120950
vt 0 0
vt 0.04271569 0
vt 0.03953067 0.33166883
vt 0 0
vt 0.33401630 0
vt 0.34540569 0.04116931
vt 0 0
vt 0.03324389 0
vt 0.02805483 0.31982869
vt 0 0
vt 0.32105680 0
vt 0.33013889 0.03197924
vt 0 0
vt 0.01963881 0
vt 0.01592631 0.31552993
vt 0 0
vt 0.31593161 0
vt 0.31928495 0.01935040
vt 0 0
vt 0.01963881 0
vt -0.04237547 0.22184334
vt 0 0
vt 0.22585426 0
vt 0.22008478 0.01877221
vt 0 0
vt 0.03324389 0
vt -0.07693011 0.23131201
vt 0 0
vt 0.24376933 0
vt 0.22845074 0.02950419
vt 0 0
vt 0.04271569 0
vt -0.08905958 0.26006784
vt 0 0
vt 0.27489432 0
vt 0.25352618 0.03698692
vt 0 0
vt 0.04271569 0
vt -0.10370640 0.29226634
vt 0 0
vt 0.31012035 0
vt 0.28916194 0.03722063
vt 0 0
vt 0.03324389 0
vt -0.11457005 0.32031015
vt 0 0
vt 0.34018361 0
vt 0.32552828 0.02983920
vt 0 0
vt 0.01963881 0
vt -0.07423326 0.34986956
vt 0 0
vt 0.35765806 0
vt 0.35226545 0.01888393
vt 0 0
vt 0.01963881 0
vt 0.11122359 0.34067547
vt 0 0
vt 0.35837197 0
vt 0.36172676 0.01935015
vt 0 0
vt 0.03324389 0
vt 0.17097224 0.29646238
vt 0 0
vt 0.34223011 0
vt 0.35131895 0.03197733
vt 0 0
vt 0.04271569 0
vt 0.17449095 0.26006784
vt 0 0
vt 0.31318105 0
vt 0.32428013 0.04124852
vt 0 0
vt 0.04271569 0
vt 0.15984413 0.22786944
vt 0 0
vt 0.27834265 0
vt 0.28858316 0.04147001
vt 0 0
vt 0.03324389 0
vt 0.13333230 0.20746698
vt 0 0
vt 0.24661722 0
vt 0.25415592 0.03237784
vt 0 0
vt 0.01963881 0
vt 0.07936580 0.21265558
vt 0 0
vt 0.22698310 0
vt 0.22952344 0.01947382
vt 0 0
vt 0.01963881 0
vt -0.02936098 0.22507612
vt 0 0
vt 0.22698310 0
vt 0.22011628 0.01839918
vt 0 0
vt 0.03324389 0
vt -0.05592528 0.24019245
vt 0 0
vt 0.24661722 0
vt 0.22864408 0.02796646
vt 0 0
vt 0.04271569 0
vt -0.06672888 0.27022562
vt 0 0
vt 0.27834265 0
vt 0.25381226 0.03496985
vt 0 0
vt 0.04271569 0
vt -0.08137570 0.30242415
vt 0 0
vt 0.31318105 0
vt 0.28938172 0.03547142
vt 0 0
vt 0.03324389 0
vt -0.09356523 0.32919143
vt 0 0
vt 0.34223011 0
vt 0.32562204 0.02879806
vt 0 0
vt 0.01963881 0
vt -0.06121877 0.35310442
vt 0 0
vt 0.35837197 0
vt 0.35227691 0.01866904
vt 0 0
vt 0.01963881 0
vt 0.09820911 0.34391025
vt 0 0
vt 0.35765806 0
vt 0.36173417 0.01921115
vt 0 0
vt 0.03324389 0
vt 0.14996742 0.30534351
vt 0 0
vt 0.34018361 0
vt 0.35137978 0.03130179
vt 0 0
vt 0.04271569 0
vt 0.15216026 0.27022562
vt 0 0
vt 0.31012035 0
vt 0.32440477 0.04025649
vt 0 0
vt 0.04271569 0
vt 0.13751343 0.23802719
vt 0 0
vt 0.27489432 0
vt 0.28873324 0.04041181
vt 0 0
vt 0.03324389 0
vt 0.11232748 0.21634700
vt 0 0
vt 0.24376933 0
vt 0.25426063 0.03154503
vt 0 0
vt 0.01963881 0
vt 0.06635132 0.21588805
vt 0 0
vt 0.22585426 0
vt 0.22953896 0.01929005
vt 0 0
vt 0.01963881 0
vt -0.05394560 0.31129191
vt 0 0
vt 0.31593161 0
vt 0.31494160 0.01961384
vt 0 0
vt 0.03324389 0
vt -0.08771137 0.30884330
vt 0 0
vt 0.32105680 0
vt 0.31815185 0.03311673
vt 0 0
vt 0.04271569 0
vt -0.08905958 0.32192434
vt 0 0
vt 0.33401630 0
vt 0.32896092 0.04241548
vt 0 0
vt 0.04271569 0
vt -0.09224460 0.33810585
vt 0 0
vt 0.35046345 0
vt 0.34525712 0.04239722
vt 0 0
vt 0.03324389 0
vt -0.09589635 0.35304119
vt 0 0
vt 0.36583356 0
vt 0.36254039 0.03308038
vt 0 0
vt 0.01963881 0
vt -0.06087322 0.37164728
vt 0 0
vt 0.37659959 0
vt 0.37540781 0.01960262
vt 0 0
vt 0.01963881 0
vt 0.09965346 0.36730497
vt 0 0
vt 0.38058343 0
vt 0.37976161 0.01962161
vt 0 0
vt 0.03324389 0
vt 0.16019098 0.34119537
vt 0 0
vt 0.37692895 0
vt 0.37445460 0.03315168
vt 0 0
vt 0.04271569 0
vt 0.17449095 0.32192434
vt 0 0
vt 0.36617260 0
vt 0.36156117 0.04246604
vt 0 0
vt 0.04271569 0
vt 0.17130594 0.30574320
vt 0 0
vt 0.35046345 0
vt 0.34525712 0.04239722
vt 0 0
vt 0.03324389 0
vt 0.15200600 0.29700653
vt 0 0
vt 0.33364458 0
vt 0.33003370 0.03304721
vt 0 0
vt 0.01963881 0
vt 0.09272584 0.30697101
vt 0 0
vt 0.32067006 0
vt 0.31927041 0.01958887
vt 0 0
vt 0.01963881 0
vt -0.02964963 0.06925063
vt 0 0
vt 0.03324389 0
vt -0.03001068 0.04090977
vt 0 0
vt 0.04271569 0
vt 0.00321170 0.03183842
vt 0 0
vt 0.04271569 0
vt 0.03950399 0.03183842
vt 0 0
vt 0.03324389 0
vt 0.06325457 0.04090977
vt 0 0
vt 0.01963881 0
vt 0.04928844 0.06925063
vt 0 0
vt 0.01963881 0
vt -0.02964963 0.06925063
vt 0 0
vt 0.03324389 0
vt -0.03001068 0.04090977
vt 0 0
vt 0.04271569 0
vt 0.00321170 0.03183842
vt 0 0
vt 0.04271569 0
vt 0.03950399 0.03183842
vt 0 0
vt 0.03324389 0
vt 0.06325457 0.04090977
vt 0 0
vt 0.01963881 0
vt 0.04928844 0.06925063
vt 0 0
vt 0.08500000 0
vt 0.07361216 0.01600000
vt 0 0
vt 0.07533094 0
vt 0.04741640 0.01805367
vt 0 0
vt 0.05073707 0
vt 0.01747854 0.02680486
vt 0 0
vt 0.03200000 0
vt 0.02771281 0.04250000
vt 0 0
vt 0.05073707 0
vt 0.07040064 0.02680486
vt 0 0
vt 0.07533094 0
vt 0.08306061 0.01805367
vt 0 0
vt 0.08500000 0
vt 0.07361216 0.01600000
vt 0 0
vt 0.07533094 0
vt 0.04741640 0.01805367
vt 0 0
vt 0.05073707 0
vt 0.01747854 0.02680486
vt 0 0
vt 0.03200000 0
vt 0.02771281 0.04250000
vt 0 0
vt 0.05073707 0
vt 0.07040064 0.02680486
vt 0 0
vt 0.07533094 0
vt 0.08306061 0.01805367
f 449/2641/449 462/2643/462 450/2642/450
f 449/2644/449 461/2646/461 462/2645/462
f 450/2647/450 463/2649/463 451/2648/451
f 450/2650/450 462/2652/462 463/2651/463
f 451/2653/451 464/2655/464 452/2654/452
f 451/2656/451 463/2658/463 464/2657/464
f 452/2659/452 465/2661/465 453/2660/453
f 452/2662/452 464/2664/464 465/2663/465
f 453/2665/453 466/2667/466 454/2666/454
f 453/2668/453 465/2670/465 466/2669/466
f 454/2671/454 467/2673/467 455/2672/455
f 454/2674/454 466/2676/466 467/2675/467
f 455/2677/455 468/2679/468 456/2678/456
f 455/2680/455 467/2682/467 468/2681/468
f 456/2683/456 469/2685/469 457/2684/457
f 456/2686/456 468/2688/468 469/2687/469
f 457/2689/457 470/2691/470 458/2690/458
f 457/2692/457 469/2694/469 470/2693/470
f 458/2695/458 471/2697/471 459/2696/459
f 458/2698/458 470/2700/470 471/2699/471
f 459/2701/459 472/2703/472 460/2702/460
f 459/2704/459 471/2706/471 472/2705/472
f 460/2707/460 461/2709/461 449/2708/449
f 460/2710/460 472/2712/472 461/2711/461
f 461/2713/461 474/2715/474 462/2714/462
f 461/2716/461 473/2718/473 474/2717/474
f 462/2719/462 475/2721/475 463/2720/463
f 462/2722/462 474/2724/474 475/2723/475
f 463/2725/463 476/2727/476 464/2726/464
f 463/2728/463 475/2730/475 476/2729/476
f 464/2731/464 477/2733/477 465/2732/465
f 464/2734/464 476/2736/476 477/2735/477
f 465/2737/465 478/2739/478 466/2738/466
f 465/2740/465 477/2742/477 478/2741/478
f 466/2743/466 479/2745/479 467/2744/467
f 466/2746/466 478/2748/478 479/2747/479
f 467/2749/467 480/2751/480 468/2750/468
f 467/2752/467 479/2754/479 480/2753/480
f 468/2755/468 481/2757/481 469/2756/469
f 468/2758/468 480/2760/480 481/2759/481
f 469/2761/469 482/2763/482 470/2762/470
f 469/2764/469 481/2766/481 482/2765/482
f 470/2767/470 483/2769/483 471/2768/471
f 470/2770/470 482/2772/482 483/2771/483
f 471/2773/471 484/2775/484 472/2774/472
f 471/2776/471 483/2778/483 484/2777/484
f 472/2779/472 473/2781/473 461/2780/461
f 472/2782/472 484/2784/484 473/2783/473
f 473/2785/473 486/2787/486 474/2786/474
f 473/2788/473 485/2790/485 486/2789/486
f 474/2791/474 487/2793/487 475/2792/475
f 474/2794/474 486/2796/486 487/2795/487
f 475/2797/475 488/2799/488 476/2798/476
f 475/2800/475 487/2802/487 488/2801/488
f 476/2803/476 489/2805/489 477/2804/477
f 476/2806/476 488/2808/488 489/2807/489
f 477/2809/477 490/2811/490 478/2810/478
f 477/2812/477 489/2814/489 490/2813/490
f 478/2815/478 491/2817/491 479/2816/479
f 478/2818/478 490/2820/490 491/2819/491
f 479/2821/479 492/2823/492 480/2822/480
f 479/2824/479 491/2826/491 492/2825/492
f 480/2827/480 493/2829/493 481/2828/481
f 480/2830/480 492/2832/492 493/2831/493
f 481/2833/481 494/2835/494 482/2834/482
f 481/2836/481 493/2838/493 494/2837/494
f 482/2839/482 495/2841/495 483/2840/483
f 482/2842/482 494/2844/494 495/2843/495
f 483/2845/483 496/2847/496 484/2846/484
f 483/2848/483 495/2850/495 496/2849/496
f 484/2851/484 485/2853/485 473/2852/473
f 484/2854/484 496/2856/496 485/2855/485
f 485/2857/485 498/2859/498 486/2858/486
f 485/2860/485 497/2862/497 498/2861/498
f 486/2863/486 499/2865/499 487/2864/487
f 486/2866/486 498/2868/498 499/2867/499
f 487/2869/487 500/2871/500 488/2870/488
f 487/2872/487 499/2874/499 500/2873/500
f 488/2875/488 501/2877/501 489/2876/489
f 488/2878/488 500/2880/500 501/2879/501
f 489/2881/489 502/2883/502 490/2882/490
f 489/2884/489 501/2886/501 502/2885/502
f 490/2887/490 503/2889/503 491/2888/491
f 490/2890/490 502/2892/502 503/2891/503
f 491/2893/491 504/2895/504 492/2894/492
f 491/2896/491 503/2898/503 504/2897/504
f 492/2899/492 505/2901/505 493/2900/493
f 492/2902/492 504/2904/504 505/2903/505
f 493/2905/493 506/2907/506 494/2906/494
f 493/2908/493 505/2910/505 506/2909/506
f 494/2911/494 507/2913/507 495/2912/495
f 494/2914/494 506/2916/506 507/2915/507
f 495/2917/495 508/2919/508 496/2918/496
f 495/2920/495 507/2922/507 508/2921/508
f 496/2923/496 497/2925/497 485/2924/485
f 496/2926/496 508/2928/508 497/2927/497
f 450/2929/450 509/2931/509 449/2930/449
f 451/2932/451 509/2934/509 450/2933/450
f 452/2935/452 509/2937/509 451/2936/451
f 453/2938/453 509/2940/509 452/2939/452
f 454/2941/454 509/2943/509 453/2942/453
f 455/2944/455 509/2946/509 454/2945/454
f 456/2947/456 509/2949/509 455/2948/455
f 457/2950/457 509/2952/509 456/2951/456
f 458/2953/458 509/2955/509 457/2954/457
f 459/2956/459 509/2958/509 458/2957/458
f 460/2959/460 509/2961/509 459/2960/459
f 449/2962/449 509/2964/509 460/2963/460
f 510/2965/510 498/2967/498 497/2966/497
f 510/2968/510 499/2970/499 498/2969/498
f 510/2971/510 500/2973/500 499/2972/499
f 510/2974/510 501/2976/501 500/2975/500
f 510/2977/510 502/2979/502 501/2978/501
f 510/2980/510 503/2982/503 502/2981/502
f 510/2983/510 504/2985/504 503/2984/503
f 510/2986/510 505/2988/505 504/2987/504
f 510/2989/510 506/2991/506 505/2990/505
f 510/2992/510 507/2994/507 506/2993/506
f 510/2995/510 508/2997/508 507/2996/507
f 510/2998/510 497/3000/497 508/2999/508
o SandalStrapR1
usemtl Leather
s 1
v 5.0063808 3.8000000 2.9312064
v 4.8983463 3.6400000 2.9672179
v 4.6031904 3.5228719 3.0656032
v 4.2000000 3.4800000 3.2000000
v 3.7968096 3.5228719 3.3343968
v 3.5016537 3.6400000 3.4327821
v 3.3936192 3.8000000 3.4687936
v 3.5016537 3.9600000 3.4327821
v 3.7968096 4.0771281 3.3343968
v 4.2000000 4.1200000 3.2000000
v 4.6031904 4.0771281 3.0656032
v 4.8983463 3.9600000 2.9672179
v 5.9432996 3.8000000 5.9444231
v 5.8571138 3.6400000 6.0188563
v 5.6216498 3.5228719 6.2222116
v 5.3000000 3.4800000 6.5000000
v 4.9783502 3.5228719 6.7777884
v 4.7428862 3.6400000 6.9811437
v 4.6567004 3.8000000 7.0555769
v 4.7428862 3.9600000 6.9811437
v 4.9783502 4.0771281 6.7777884
v 5.3000000 4.1200000 6.5000000
v 5.6216498 4.0771281 6.2222116
v 5.8571138 3.9600000 6.0188563
v 8.0000000 3.8000000 6.7500000
v 8.0000000 3.6400000 6.8638784
v 8.0000000 3.5228719 7.1750000
v 8.0000000 3.4800000 7.6000000
v 8.0000000 3.5228719 8.0250000
v 8.0000000 3.6400000 8.3361216
v 8.0000000 3.8000000 8.4500000
v 8.0000000 3.9600000 8.3361216
v 8.0000000 4.0771281 8.0250000
v 8.0000000 4.1200000 7.6000000
v 8.0000000 4.0771281 7.1750000
v 8.0000000 3.9600000 6.8638784
v 10.0567004 3.8000000 5.9444231
v 10.1428862 3.6400000 6.0188563
v 10.3783502 3.5228719 6.2222116
v 10.7000000 3.4800000 6.5000000
v 11.0216498 3.5228719 6.7777884
v 11.2571138 3.6400000 6.9811437
v 11.3432996 3.8000000 7.0555769
v 11.2571138 3.9600000 6.9811437
v 11.0216498 4.0771281 6.7777884
v 10.7000000 4.1200000 6.5000000
v 10.3783502 4.0771281 6.2222116
v 10.1428862 3.9600000 6.0188563
v 10.9936192 3.8000000 2.9312064
v 11.1016537 3.6400000 2.9672179
v 11.3968096 3.5228719 3.0656032
v 11.8000000 3.4800000 3.2000000
v 12.2031904 3.5228719 3.3343968
v 12.4983463 3.6400000 3.4327821
v 12.6063808 3.8000000 3.4687936
v 12.4983463 3.9600000 3.4327821
v 12.2031904 4.0771281 3.3343968
v 11.8000000 4.1200000 3.2000000
v 11.3968096 4.0771281 3.0656032
v 11.1016537 3.9600000 2.9672179
v 4.2000000 3.8000000 3.2000000
v 11.8000000 3.8000000 3.2000000
vn 0.86684867 -0.21211467 -0.45119924
vn 0.42616412 -0.87149915 -0.24263836
vn 0.14454283 -0.98210644 -0.12072415
vn -0.05305616 -0.99748039 -0.04709478
vn -0.26901664 -0.96293763 0.01952328
vn -0.63081918 -0.76801121 0.11057102
vn -0.95981956 0.21215785 0.18367214
vn -0.48463610 0.87159506 0.07382345
vn -0.18889528 0.98198294 -0.00529881
vn 0.01156036 0.99742891 -0.07072424
vn 0.22282208 0.96277201 -0.15303714
vn 0.56401545 0.76698788 -0.30596758
vn 0.78442307 0.05108287 -0.61811891
vn 0.43516135 -0.83574473 -0.33491096
vn 0.17112053 -0.97737676 -0.12430779
vn 0.01071960 -0.99987930 0.01124617
vn -0.14416651 -0.97795017 0.15109430
vn -0.38591974 -0.84366715 0.37321802
vn -0.73496302 -0.01765298 0.67787738
vn -0.41403287 0.83646756 0.35902478
vn -0.17042599 0.97660389 0.13114809
vn -0.01423580 0.99987527 -0.00684073
vn 0.14501055 0.98005038 -0.13591616
vn 0.39921690 0.85510634 -0.33078545
vn -0.00000000 -0.00000000 -1.00000000
vn 0.00526314 -0.83751669 -0.54638639
vn 0.00966670 -0.97756747 -0.21040057
vn 0.01387358 -0.99989553 0.00405676
vn 0.01665670 -0.97566380 0.21863829
vn 0.01584440 -0.83223275 0.55419996
vn -0.00000000 0.00000000 1.00000000
vn -0.01584440 0.83223275 0.55419996
vn -0.01665670 0.97566380 0.21863829
vn -0.01387358 0.99989553 0.00405676
vn -0.00966670 0.97756747 -0.21040057
vn -0.00526314 0.83751669 -0.54638639
vn -0.78442307 -0.05108287 -0.61811891
vn -0.39921690 -0.85510634 -0.33078545
vn -0.14501055 -0.98005038 -0.13591616
vn 0.01423580 -0.99987527 -0.00684073
vn 0.17042599 -0.97660389 0.13114809
vn 0.41403287 -0.83646756 0.35902478
vn 0.73496302 0.01765298 0.67787738
vn 0.38591974 0.84366715 0.37321802
vn 0.14416651 0.97795017 0.15109430
vn -0.01071960 0.99987930 0.01124617
vn -0.17112053 0.97737676 -0.12430779
vn -0.43516135 0.83574473 -0.33491096
vn -0.86684867 0.21211467 -0.45119924
vn -0.56401545 -0.76698788 -0.30596758
vn -0.22282208 -0.96277201 -0.15303714
vn -0.01156036 -0.99742891 -0.07072424
vn 0.18889528 -0.98198294 -0.00529881
vn 0.48463610 -0.87159506 0.07382345
vn 0.95981956 -0.21215785 0.18367214
vn 0.63081918 0.76801121 0.11057102
vn 0.26901664 0.96293763 0.01952328
vn 0.05305616 0.99748039 -0.04709478
vn -0.14454283 0.98210644 -0.12072415
vn -0.42616412 0.87149915 -0.24263836
vn -0.31622777 0.00000000 -0.94868330
vn 0.31622777 -0.00000000 -0.94868330
vt 0 0
vt 0.01963881 0
vt 0.02285393 0.31985463
vt 0 0
vt 0.32067006 0
vt 0.31499124 0.01879984
vt 0 0
vt 0.03324389 0
vt 0.03623980 0.33167059
vt 0 0
vt 0.33364458 0
vt 0.31849891 0.02959333
vt 0 0
vt 0.04271569 0
vt 0.04271569 0.34785054
vt 0 0
vt 0.35046345 0
vt 0.32958409 0.03726503
vt 0 0
vt 0.04271569 0
vt 0.03953067 0.36403255
vt 0 0
vt 0.36617260 0
vt 0.34581744 0.03755393
vt 0 0
vt 0.03324389 0
vt 0.02805483 0.37588343
vt 0 0
vt 0.37692895 0
vt 0.36280063 0.03009231
vt 0 0
vt 0.01963881 0
vt 0.01592631 0.38025005
vt 0 0
vt 0.38058343 0
vt 0.37544113 0.01895362
vt 0 0
vt 0.01963881 0
vt 0.02285393 0.37590550
vt 0 0
vt 0.37659959 0
vt 0.37977399 0.01938056
vt 0 0
vt 0.03324389 0
vt 0.03623980 0.36403416
vt 0 0
vt 0.36583356 0
vt 0.37454781 0.03208143
vt 0 0
vt 0.04271569 0
vt 0.04271569 0.34785054
vt 0 0
vt 0.35046345 0
vt 0.36170654 0.04120950
vt 0 0
vt 0.04271569 0
vt 0.03953067 0.33166883
vt 0 0
vt 0.33401630 0
vt 0.34540569 0.04116931
vt 0 0
vt 0.03324389 0
vt 0.02805483 0.31982869
vt 0 0
vt 0.32105680 0
vt 0.33013889 0.03197924
vt 0 0
vt 0.01963881 0
vt 0.01592631 0.31552993
vt 0 0
vt 0.31593161 0
vt 0.31928495 0.01935040
vt 0 0
vt 0.01963881 0
vt -0.04237547 0.22184334
vt 0 0
vt 0.22585426 0
vt 0.22008478 0.01877221
vt 0 0
vt 0.03324389 0
vt -0.07693011 0.23131201
vt 0 0
vt 0.24376933 0
vt 0.22845074 0.02950419
vt 0 0
vt 0.04271569 0
vt -0.08905958 0.26006784
vt 0 0
vt 0.27489432 0
vt 0.25352618 0.03698692
vt 0 0
vt 0.04271569 0
vt -0.10370640 0.29226634
vt 0 0
vt 0.31012035 0
vt 0.28916194 0.03722063
vt 0 0
vt 0.03324389 0
vt -0.11457005 0.32031015
vt 0 0
vt 0.34018361 0
vt 0.32552828 0.02983920
vt 0 0
vt 0.01963881 0
vt -0.07423326 0.34986956
vt 0 0
vt 0.35765806 0
vt 0.35226545 0.01888393
vt 0 0
vt 0.01963881 0
vt 0.11122359 0.34067547
vt 0 0
vt 0.35837197 0
vt 0.36172676 0.01935015
vt 0 0
vt 0.03324389 0
vt 0.17097224 0.29646238
vt 0 0
vt 0.34223011 0
vt 0.35131895 0.03197733
vt 0 0
vt 0.04271569 0
vt 0.17449095 0.26006784
vt 0 0
vt 0.31318105 0
vt 0.32428013 0.04124852
vt 0 0
vt 0.04271569 0
vt 0.15984413 0.22786944
vt 0 0
vt 0.27834265 0
vt 0.28858316 0.04147001
vt 0 0
vt 0.03324389 0
vt 0.13333230 0.20746698
vt 0 0
vt 0.24661722 0
vt 0.25415592 0.03237784
vt 0 0
vt 0.01963881 0
vt 0.07936580 0.21265558
vt 0 0
vt 0.22698310 0
vt 0.22952344 0.01947382
vt 0 0
vt 0.01963881 0
vt -0.02936098 0.22507612
vt 0 0
vt 0.22698310 0
vt 0.22011628 0.01839918
vt 0 0
vt 0.03324389 0
vt -0.05592528 0.24019245
vt 0 0
vt 0.24661722 0
vt 0.22864408 0.02796646
vt 0 0
vt 0.04271569 0
vt -0.06672888 0.27022562
vt 0 0
vt 0.27834265 0
vt 0.25381226 0.03496985
vt 0 0
vt 0.04271569 0
vt -0.08137570 0.30242415
vt 0 0
vt 0.31318105 0
vt 0.28938172 0.03547142
vt 0 0
vt 0.03324389 0
vt -0.09356523 0.32919143
vt 0 0
vt 0.34223011 0
vt 0.32562204 0.02879806
vt 0 0
vt 0.01963881 0
vt -0.06121877 0.35310442
vt 0 0
vt 0.35837197 0
vt 0.35227691 0.01866904
vt 0 0
vt 0.01963881 0
vt 0.09820911 0.34391025
vt 0 0
vt 0.35765806 0
vt 0.36173417 0.01921115
vt 0 0
vt 0.03324389 0
vt 0.14996742 0.30534351
vt 0 0
vt 0.34018361 0
vt 0.35137978 0.03130179
vt 0 0
vt 0.04271569 0
vt 0.15216026 0.27022562
vt 0 0
vt 0.31012035 0
vt 0.32440477 0.04025649
vt 0 0
vt 0.04271569 0
vt 0.13751343 0.23802719
vt 0 0
vt 0.27489432 0
vt 0.28873324 0.04041181
vt 0 0
vt 0.03324389 0
vt 0.11232748 0.21634700
vt 0 0
vt 0.24376933 0
vt 0.25426063 0.03154503
vt 0 0
vt 0.01963881 0
vt 0.06635132 0.21588805
vt 0 0
vt 0.22585426 0
vt 0.22953896 0.01929005
vt 0 0
vt 0.01963881 0
vt -0.05394560 0.31129191
vt 0 0
vt 0.31593161 0
vt 0.31494160 0.01961384
vt 0 0
vt 0.03324389 0
vt -0.08771137 0.30884330
vt 0 0
vt 0.32105680 0
vt 0.31815185 0.03311673
vt 0 0
vt 0.04271569 0
vt -0.08905958 0.32192434
vt 0 0
vt 0.33401630 0
vt 0.32896092 0.04241548
vt 0 0
vt 0.04271569 0
vt -0.09224460 0.33810585
vt 0 0
vt 0.35046345 0
vt 0.34525712 0.04239722
vt 0 0
vt 0.03324389 0
vt -0.09589635 0.35304119
vt 0 0
vt 0.36583356 0
vt 0.36254039 0.03308038
vt 0 0
vt 0.01963881 0
vt -0.06087322 0.37164728
vt 0 0
vt 0.37659959 0
vt 0.37540781 0.01960262
vt 0 0
vt 0.01963881 0
vt 0.09965346 0.36730497
vt 0 0
vt 0.38058343 0
vt 0.37976161 0.01962161
vt 0 0
vt 0.03324389 0
vt 0.16019098 0.34119537
vt 0 0
vt 0.37692895 0
vt 0.37445460 0.03315168
vt 0 0
vt 0.04271569 0
vt 0.17449095 0.32192434
vt 0 0
vt 0.36617260 0
vt 0.36156117 0.04246604
vt 0 0
vt 0.04271569 0
vt 0.17130594 0.30574320
vt 0 0
vt 0.35046345 0
vt 0.34525712 0.04239722
vt 0 0
vt 0.03324389 0
vt 0.15200600 0.29700653
vt 0 0
vt 0.33364458 0
vt 0.33003370 0.03304721
vt 0 0
vt 0.01963881 0
vt 0.09272584 0.30697101
vt 0 0
vt 0.32067006 0
vt 0.31927041 0.01958887
vt 0 0
vt 0.01963881 0
vt -0.02964963 0.06925063
vt 0 0
vt 0.03324389 0
vt -0.03001068 0.04090977
vt 0 0
vt 0.04271569 0
vt 0.00321170 0.03183842
vt 0 0
vt 0.04271569 0
vt 0.03950399 0.03183842
vt 0 0
vt 0.03324389 0
vt 0.06325457 0.04090977
vt 0 0
vt 0.01963881 0
vt 0.04928844 0.06925063
vt 0 0
vt 0.01963881 0
vt -0.02964963 0.06925063
vt 0 0
vt 0.03324389 0
vt -0.03001068 0.04090977
vt 0 0
vt 0.04271569 0
vt 0.00321170 0.03183842
vt 0 0
vt 0.04271569 0
vt 0.03950399 0.03183842
vt 0 0
vt 0.03324389 0
vt 0.06325457 0.04090977
vt 0 0
vt 0.01963881 0
vt 0.04928844 0.06925063
vt 0 0
vt 0.08500000 0
vt 0.07361216 0.01600000
vt 0 0
vt 0.07533094 0
vt 0.04741640 0.01805367
vt 0 0
vt 0.05073707 0
vt 0.01747854 0.02680486
vt 0 0
vt 0.03200000 0
vt 0.02771281 0.04250000
vt 0 0
vt 0.05073707 0
vt 0.07040064 0.02680486
vt 0 0
vt 0.07533094 0
vt 0.08306061 0.01805367
vt 0 0
vt 0.08500000 0
vt 0.07361216 0.01600000
vt 0 0
vt 0.07533094 0
vt 0.04741640 0.01805367
vt 0 0
vt 0.05073707 0
vt 0.01747854 0.02680486
vt 0 0
vt 0.03200000 0
vt 0.02771281 0.04250000
vt 0 0
vt 0.05073707 0
vt 0.07040064 0.02680486
vt 0 0
vt 0.07533094 0
vt 0.08306061 0.01805367
f 511/3001/511 524/3003/524 512/3002/512
f 511/3004/511 523/3006/523 524/3005/524
f 512/3007/512 525/3009/525 513/3008/513
f 512/3010/512 524/3012/524 525/3011/525
f 513/3013/513 526/3015/526 514/3014/514
f 513/3016/513 525/3018/525 526/3017/526
f 514/3019/514 527/3021/527 515/3020/515
f 514/3022/514 526/3024/526 527/3023/527
f 515/3025/515 528/3027/528 516/3026/516
f 515/3028/515 527/3030/527 528/3029/528
f 516/3031/516 529/3033/529 517/3032/517
f 516/3034/516 528/3036/528 529/3035/529
f 517/3037/517 530/3039/530 518/3038/518
f 517/3040/517 529/3042/529 530/3041/530
f 518/3043/518 531/3045/531 519/3044/519
f 518/3046/518 530/3048/530 531/3047/531
f 519/3049/519 532/3051/532 520/3050/520
f 519/3052/519 531/3054/531 532/3053/532
f 520/3055/520 533/3057/533 521/3056/521
f 520/3058/520 532/3060/532 533/3059/533
f 521/3061/521 534/3063/534 522/3062/522
f 521/3064/521 533/3066/533 534/3065/534
f 522/3067/522 523/3069/523 511/3068/511
f 522/3070/522 534/3072/534 523/3071/523
f 523/3073/523 536/3075/536 524/3074/524
f 523/3076/523 535/3078/535 536/3077/536
f 524/3079/524 537/3081/537 525/3080/525
f 524/3082/524 536/3084/536 537/3083/537
f 525/3085/525 538/3087/538 526/3086/526
f 525/3088/525 537/3090/537 538/3089/538
f 526/3091/526 539/3093/539 527/3092/527
f 526/3094/526 538/3096/538 539/3095/539
f 527/3097/527 540/3099/540 528/3098/528
f 527/3100/527 539/3102/539 540/3101/540
f 528/3103/528 541/3105/541 529/3104/529
f 528/3106/528 540/3108/540 541/3107/541
f 529/3109/529 542/3111/542 530/3110/530
f 529/3112/529 541/3114/541 542/3113/542
f 530/3115/530 543/3117/543 531/3116/531
f 530/3118/530 542/3120/542 543/3119/543
f 531/3121/531 544/3123/544 532/3122/532
f 531/3124/531 543/3126/543 544/3125/544
f 532/3127/532 545/3129/545 533/3128/533
f 532/3130/532 544/3132/544 545/3131/545
f 533/3133/533 546/3135/546 534/3134/534
f 533/3136/533 545/3138/545 546/3137/546
f 534/3139/534 535/3141/535 523/3140/523
f 534/3142/534 546/3144/546 535/3143/535
f 535/3145/535 548/3147/548 536/3146/536
f 535/3148/535 547/3150/547 548/3149/548
f 536/3151/536 549/3153/549 537/3152/537
f 536/3154/536 548/3156/548 549/3155/549
f 537/3157/537 550/3159/550 538/3158/538
f 537/3160/537 549/3162/549 550/3161/550
f 538/3163/538 551/3165/551 539/3164/539
f 538/3166/538 550/3168/550 551/3167/551
f 539/3169/539 552/3171/552 540/3170/540
f 539/3172/539 551/3174/551 552/3173/552
f 540/3175/540 553/3177/553 541/3176/541
f 540/3178/540 552/3180/552 553/3179/553
f 541/3181/541 554/3183/554 542/3182/542
f 541/3184/541 553/3186/553 554/3185/554
f 542/3187/542 555/3189/555 543/3188/543
f 542/3190/542 554/3192/554 555/3191/555
f 543/3193/543 556/3195/556 544/3194/544
f 543/3196/543 555/3198/555 556/3197/556
f 544/3199/544 557/3201/557 545/3200/545
f 544/3202/544 556/3204/556 557/3203/557
f 545/3205/545 558/3207/558 546/3206/546
f 545/3208/545 557/3210/557 558/3209/558
f 546/3211/546 547/3213/547 535/3212/535
f 546/3214/546 558/3216/558 547/3215/547
f 547/3217/547 560/3219/560 548/3218/548
f 547/3220/547 559/3222/559 560/3221/560
f 548/3223/548 561/3225/561 549/3224/549
f 548/3226/548 560/3228/560 561/3227/561
f 549/3229/549 562/3231/562 550/3230/550
f 549/3232/549 561/3234/561 562/3233/562
f 550/3235/550 563/3237/563 551/3236/551
f 550/3238/550 562/3240/562 563/3239/563
f 551/3241/551 564/3243/564 552/3242/552
f 551/3244/551 563/3246/563 564/3245/564
f 552/3247/552 565/3249/565 553/3248/553
f 552/3250/552 564/3252/564 565/3251/565
f 553/3253/553 566/3255/566 554/3254/554
f 553/3256/553 565/3258/565 566/3257/566
f 554/3259/554 567/3261/567 555/3260/555
f 554/3262/554 566/3264/566 567/3263/567
f 555/3265/555 568/3267/568 556/3266/556
f 555/3268/555 567/3270/567 568/3269/568
f 556/3271/556 569/3273/569 557/3272/557
f 556/3274/556 568/3276/568 569/3275/569
f 557/3277/557 570/3279/570 558/3278/558
f 557/3280/557 569/3282/569 570/3281/570
f 558/3283/558 559/3285/559 547/3284/547
f 558/3286/558 570/3288/570 559/3287/559
f 512/3289/512 571/3291/571 511/3290/511
f 513/3292/513 571/3294/571 512/3293/512
f 514/3295/514 571/3297/571 513/3296/513
f 515/3298/515 571/3300/571 514/3299/514
f 516/3301/516 571/3303/571 515/3302/515
f 517/3304/517 571/3306/571 516/3305/516
f 518/3307/518 571/3309/571 517/3308/517
f 519/3310/519 571/3312/571 518/3311/518
f 520/3313/520 571/3315/571 519/3314/519
f 521/3316/521 571/3318/571 520/3317/520
f 522/3319/522 571/3321/571 521/3320/521
f 511/3322/511 571/3324/571 522/3323/522
f 572/3325/572 560/3327/560 559/3326/559
f 572/3328/572 561/3330/561 560/3329/560
f 572/3331/572 562/3333/562 561/3332/561
f 572/3334/572 563/3336/563 562/3335/562
f 572/3337/572 564/3339/564 563/3338/563
f 572/3340/572 565/3342/565 564/3341/564
f 572/3343/572 566/3345/566 565/3344/565
f 572/3346/572 567/3348/567 566/3347/566
f 572/3349/572 568/3351/568 567/3350/567
f 572/3352/572 569/3354/569 568/3353/568
f 572/3355/572 570/3357/570 569/3356/569
f 572/3358/572 559/3360/559 570/3359/570
