{
  "V1": 68.96229016991752,
  "V2": 78.5347890637927,
  "V7": 67.74848668694882,
  "ORACLE": 84.74104211941354,
  "cvScores": [
    80.61310629274153,
    79.44318410896142,
    78.61705099101147,
    71.50078498937215,
    79.76453990019517
  ],
  "cvMean": 77.98773325645635,
  "cvStd": 3.305888722985023,
  "trainScore": 81.43741181808426,
  "featuresUsed": [
    "colorDensity",
    "meanSat",
    "edgeDensity",
    "bandCount",
    "maxBandH",
    "totalBandH",
    "firstBandTop",
    "lastBandBot",
    "colorSpanX",
    "centerMassY"
  ]
}